Discovered 4 cluster nodes from fcstor003.ib:19810
  node id=1 172.16.223.57:19810
  node id=4 172.16.223.60:19810
  node id=2 172.16.223.58:19810
  node id=3 172.16.223.59:19810
fetching metadata...
meta: raft host mounted export 'fs' (bits=12, no GET_META table)
export id=1 name=fs
meta ready staged_rows=1 staged_chunks=0 staged_bytes=169120 root_get=0 mode=40755
efs-fuse daemon pid=428485
fuse serving
efs: RDMA transport up on mlx5_1 port 1 (lid 1911, 36 x 72 KiB bufs/conn)
mtime-pin: table full (256), ino=276359 not pinned
inode-rpc: retry type=63 attempt=0 why=no-hint from=1
inode-rpc: retry type=63 attempt=0 why=no-hint from=1
inode-rpc: retry type=63 attempt=0 why=no-hint from=1
inode-rpc: retry type=63 attempt=0 why=no-hint from=1
inode-rpc: retry type=63 attempt=0 why=no-hint from=1
inode-rpc: retry type=63 attempt=0 why=no-hint from=1
inode-rpc: retry type=63 attempt=0 why=no-hint from=1
inode-rpc: retry type=63 attempt=0 why=no-hint from=1
inode-rpc: retry type=63 attempt=0 why=no-hint from=1
inode-rpc: retry type=63 attempt=0 why=no-hint from=1
inode-rpc: retry type=63 attempt=0 why=no-hint from=1
inode-rpc: retry type=63 attempt=0 why=no-hint from=1
inode-rpc: retry type=63 attempt=0 why=no-hint from=1
inode-rpc: retry type=63 attempt=0 why=no-hint from=1
inode-rpc: retry type=63 attempt=0 why=no-hint from=1
inode-rpc: retry type=63 attempt=0 why=no-hint from=1
inode-rpc: retry type=63 attempt=0 why=no-hint from=1
inode-rpc: retry type=63 attempt=0 why=no-hint from=1
inode-rpc: retry type=63 attempt=0 why=no-hint from=1
efs-fuse: staging table over EFS_CLIENT_META_MB (256 MB) with nothing evictable; growing (pinned data is real work, not cache)
inode-rpc: slow-ok type=67 attempts=1 saw_busy=0 status=0 us=1496912
inode-rpc: slow-ok type=67 attempts=1 saw_busy=0 status=0 us=2228221
inode-rpc: slow-ok type=67 attempts=1 saw_busy=0 status=0 us=2348566
inode-rpc: retry type=63 attempt=0 why=no-hint from=1
inode-rpc: retry type=63 attempt=0 why=no-hint from=1
inode-rpc: retry type=63 attempt=0 why=no-hint from=1
inode-rpc: retry type=63 attempt=0 why=no-hint from=1
inode-rpc: retry type=63 attempt=0 why=no-hint from=1
inode-rpc: retry type=63 attempt=0 why=no-hint from=1
inode-rpc: retry type=63 attempt=0 why=no-hint from=1
inode-rpc: retry type=63 attempt=0 why=no-hint from=1
inode-rpc: retry type=63 attempt=0 why=no-hint from=1
inode-rpc: retry type=63 attempt=0 why=no-hint from=1
inode-rpc: retry type=63 attempt=0 why=no-hint from=1
inode-rpc: slow-ok type=67 attempts=1 saw_busy=0 status=0 us=7721240
inode-rpc: slow-ok type=67 attempts=1 saw_busy=0 status=0 us=1004429
inode-rpc: slow-ok type=67 attempts=1 saw_busy=0 status=0 us=5841879
inode-rpc: retry type=63 attempt=0 why=no-hint from=1
inode-rpc: retry type=63 attempt=0 why=no-hint from=1
inode-rpc: retry type=63 attempt=0 why=no-hint from=1
inode-rpc: retry type=63 attempt=0 why=no-hint from=1
inode-rpc: slow-ok type=67 attempts=1 saw_busy=0 status=0 us=2294319
inode-rpc: slow-ok type=67 attempts=1 saw_busy=0 status=0 us=2243824
inode-rpc: retry type=63 attempt=0 why=no-hint from=1
inode-rpc: retry type=63 attempt=0 why=no-hint from=1
inode-rpc: slow-ok type=67 attempts=1 saw_busy=0 status=0 us=10086323
inode-rpc: retry type=63 attempt=0 why=no-hint from=1
inode-rpc: retry type=63 attempt=0 why=no-hint from=1
inode-rpc: retry type=63 attempt=0 why=no-hint from=1
inode-rpc: retry type=63 attempt=0 why=no-hint from=1
inode-rpc: retry type=63 attempt=0 why=no-hint from=1
inode-rpc: slow-ok type=67 attempts=1 saw_busy=0 status=0 us=1128727
inode-rpc: slow-ok type=67 attempts=1 saw_busy=0 status=0 us=1156294
inode-rpc: retry type=63 attempt=0 why=no-hint from=1
inode-rpc: retry type=63 attempt=0 why=no-hint from=1
inode-rpc: retry type=63 attempt=0 why=no-hint from=1
inode-rpc: retry type=63 attempt=0 why=no-hint from=1
inode-rpc: retry type=63 attempt=0 why=no-hint from=1
inode-rpc: retry type=63 attempt=0 why=no-hint from=1
inode-rpc: retry type=63 attempt=0 why=no-hint from=1
inode-rpc: retry type=63 attempt=0 why=no-hint from=1
inode-rpc: retry type=63 attempt=0 why=no-hint from=1
inode-rpc: retry type=63 attempt=0 why=no-hint from=1
inode-rpc: retry type=63 attempt=0 why=no-hint from=1
inode-rpc: slow-ok type=67 attempts=1 saw_busy=0 status=0 us=1813619
inode-rpc: slow-ok type=67 attempts=1 saw_busy=0 status=0 us=2654544
inode-rpc: slow-ok type=67 attempts=1 saw_busy=0 status=0 us=4428558
inode-rpc: retry type=63 attempt=0 why=no-hint from=1
inode-rpc: slow-ok type=67 attempts=1 saw_busy=0 status=0 us=1157515
inode-rpc: slow-ok type=67 attempts=1 saw_busy=0 status=0 us=1520353
inode-rpc: retry type=63 attempt=0 why=no-hint from=1
inode-rpc: retry type=63 attempt=0 why=no-hint from=1
inode-rpc: retry type=63 attempt=0 why=no-hint from=1
inode-rpc: retry type=63 attempt=0 why=no-hint from=1
inode-rpc: retry type=63 attempt=0 why=no-hint from=1
inode-rpc: retry type=63 attempt=0 why=no-hint from=1
inode-rpc: retry type=63 attempt=0 why=no-hint from=1
inode-rpc: slow-ok type=67 attempts=1 saw_busy=0 status=0 us=2276924
inode-rpc: retry type=63 attempt=0 why=no-hint from=1
inode-rpc: slow-ok type=67 attempts=1 saw_busy=0 status=0 us=2088679
inode-rpc: slow-ok type=67 attempts=1 saw_busy=0 status=0 us=2782849
inode-rpc: retry type=63 attempt=0 why=no-hint from=1
inode-rpc: retry type=63 attempt=0 why=no-hint from=1
inode-rpc: slow-ok type=67 attempts=1 saw_busy=0 status=0 us=1534737
inode-rpc: retry type=63 attempt=0 why=no-hint from=1
inode-rpc: retry type=63 attempt=0 why=no-hint from=1
inode-rpc: retry type=63 attempt=0 why=no-hint from=1
inode-rpc: retry type=63 attempt=0 why=no-hint from=1
inode-rpc: slow-ok type=67 attempts=1 saw_busy=0 status=0 us=1742397
inode-rpc: slow-ok type=67 attempts=1 saw_busy=0 status=0 us=1022202
inode-rpc: slow-ok type=67 attempts=1 saw_busy=0 status=0 us=1053773
inode-rpc: slow-ok type=67 attempts=1 saw_busy=0 status=0 us=1696129
inode-rpc: retry type=63 attempt=0 why=no-hint from=1
inode-rpc: retry type=63 attempt=0 why=no-hint from=1
inode-rpc: retry type=63 attempt=0 why=no-hint from=1
inode-rpc: retry type=63 attempt=0 why=no-hint from=1
inode-rpc: slow-ok type=67 attempts=1 saw_busy=0 status=0 us=1027939
inode-rpc: retry type=63 attempt=0 why=no-hint from=1
inode-rpc: retry type=63 attempt=0 why=no-hint from=1
inode-rpc: retry type=63 attempt=0 why=no-hint from=1
inode-rpc: retry type=63 attempt=0 why=no-hint from=1
inode-rpc: retry type=63 attempt=0 why=no-hint from=1
inode-rpc: retry type=63 attempt=0 why=no-hint from=1
inode-rpc: retry type=63 attempt=0 why=no-hint from=1
inode-rpc: retry type=63 attempt=0 why=no-hint from=1
inode-rpc: retry type=63 attempt=0 why=no-hint from=1
inode-rpc: retry type=63 attempt=0 why=no-hint from=1
inode-rpc: retry type=63 attempt=0 why=no-hint from=1
inode-rpc: retry type=63 attempt=0 why=no-hint from=1
inode-rpc: retry type=63 attempt=0 why=no-hint from=1
inode-rpc: retry type=63 attempt=0 why=no-hint from=1
inode-rpc: retry type=63 attempt=0 why=no-hint from=1
inode-rpc: retry type=63 attempt=0 why=no-hint from=1
inode-rpc: slow-ok type=67 attempts=1 saw_busy=0 status=0 us=2241296
inode-rpc: slow-ok type=67 attempts=1 saw_busy=0 status=0 us=2319900
inode-rpc: slow-ok type=67 attempts=1 saw_busy=0 status=0 us=2048789
inode-rpc: retry type=63 attempt=0 why=no-hint from=1
inode-rpc: retry type=63 attempt=0 why=no-hint from=1
inode-rpc: retry type=63 attempt=0 why=no-hint from=1
inode-rpc: retry type=63 attempt=0 why=no-hint from=1
inode-rpc: retry type=63 attempt=0 why=no-hint from=1
inode-rpc: retry type=63 attempt=0 why=no-hint from=1
inode-rpc: retry type=63 attempt=0 why=no-hint from=1
inode-rpc: retry type=63 attempt=0 why=no-hint from=1
inode-rpc: retry type=63 attempt=0 why=no-hint from=1
inode-rpc: retry type=63 attempt=0 why=no-hint from=1
inode-rpc: retry type=63 attempt=0 why=no-hint from=1
inode-rpc: retry type=63 attempt=0 why=no-hint from=1
inode-rpc: retry type=63 attempt=0 why=no-hint from=1
inode-rpc: retry type=63 attempt=0 why=no-hint from=1
inode-rpc: retry type=63 attempt=0 why=no-hint from=1
inode-rpc: retry type=63 attempt=0 why=no-hint from=1
inode-rpc: retry type=63 attempt=0 why=no-hint from=1
inode-rpc: retry type=63 attempt=0 why=no-hint from=1
inode-rpc: retry type=63 attempt=0 why=no-hint from=1
inode-rpc: retry type=63 attempt=0 why=no-hint from=1
inode-rpc: retry type=63 attempt=0 why=no-hint from=1
inode-rpc: retry type=43 attempt=0 why=recv rc=-6
inode-rpc: retry type=43 attempt=0 why=recv rc=-6
inode-rpc: retry type=87 attempt=0 why=recv rc=-6
inode-rpc: retry type=87 attempt=1 why=send
inode-rpc: retry type=43 attempt=1 why=send
inode-rpc: retry type=43 attempt=1 why=send
inode-rpc: retry type=47 attempt=0 why=recv rc=-6
inode-rpc: retry type=67 attempt=0 why=recv rc=-6
inode-rpc: retry type=87 attempt=0 why=recv rc=-6
inode-rpc: retry type=87 attempt=0 why=recv rc=-6
inode-rpc: retry type=87 attempt=0 why=recv rc=-6
inode-rpc: retry type=43 attempt=0 why=recv rc=-6
inode-rpc: retry type=43 attempt=0 why=recv rc=-6
inode-rpc: retry type=87 attempt=1 why=send
inode-rpc: retry type=47 attempt=1 why=send
efs-fuse read: decode error (efs_rc=-9) ino=218011 off=1351180288 len=4096
efs-fuse read: decode error (efs_rc=-9) ino=238361 off=1237004288 len=4096
efs-fuse read: decode error (efs_rc=-9) ino=193435 off=1065848832 len=4096
efs-fuse read: decode error (efs_rc=-9) ino=134967 off=1942343680 len=4096
efs-fuse read: decode error (efs_rc=-9) ino=92985 off=190197760 len=4096
efs-fuse read: decode error (efs_rc=-9) ino=201627 off=476999680 len=4096
efs-fuse read: decode error (efs_rc=-9) ino=101177 off=741826560 len=4096
efs-fuse read: decode error (efs_rc=-9) ino=189339 off=1501548544 len=4096
efs-fuse read: decode error (efs_rc=-9) ino=353257 off=879693824 len=4096
efs-fuse read: decode error (efs_rc=-9) ino=209819 off=1395646464 len=4096
efs-fuse read: decode error (efs_rc=-9) ino=201627 off=487702528 len=4096
efs-fuse read: decode error (efs_rc=-9) ino=101177 off=750866432 len=4096
efs-fuse read: decode error (efs_rc=-9) ino=189339 off=1508802560 len=4096
efs-fuse read: decode error (efs_rc=-9) ino=218011 off=1364717568 len=4096
efs-fuse read: decode error (efs_rc=-9) ino=209819 off=1399328768 len=4096
efs-fuse read: decode error (efs_rc=-9) ino=205723 off=394203136 len=4096
efs-fuse read: decode error (efs_rc=-9) ino=222107 off=1057988608 len=4096
efs-fuse read: decode error (efs_rc=-9) ino=185243 off=2468614144 len=4096
efs-fuse read: decode error (efs_rc=-9) ino=353257 off=898027520 len=4096
efs-fuse read: decode error (efs_rc=-9) ino=238361 off=1252134912 len=4096
efs-fuse read: decode error (efs_rc=-9) ino=92985 off=194977792 len=4096
efs-fuse read: decode error (efs_rc=-9) ino=139063 off=115830784 len=4096
efs-fuse read: decode error (efs_rc=-9) ino=193435 off=1103917056 len=4096
efs-fuse read: decode error (efs_rc=-9) ino=213915 off=1321304064 len=4096
efs-fuse read: decode error (efs_rc=-9) ino=197531 off=2614095872 len=4096
efs-fuse read: decode error (efs_rc=-9) ino=134967 off=1951395840 len=4096
efs-fuse read: decode error (efs_rc=-9) ino=201627 off=493842432 len=4096
efs-fuse read: decode error (efs_rc=-9) ino=189339 off=1516056576 len=4096
efs-fuse read: decode error (efs_rc=-9) ino=101177 off=769216512 len=4096
efs-fuse read: decode error (efs_rc=-9) ino=209819 off=1403011072 len=4096
efs-fuse read: decode error (efs_rc=-9) ino=218011 off=1378254848 len=4096
efs-fuse read: decode error (efs_rc=-9) ino=353257 off=955801600 len=4096
efs-fuse read: decode error (efs_rc=-9) ino=238361 off=1260232704 len=4096
efs-fuse read: decode error (efs_rc=-9) ino=134967 off=1955921920 len=4096
efs-fuse read: decode error (efs_rc=-9) ino=92985 off=212213760 len=4096
efs-fuse read: decode error (efs_rc=-9) ino=197531 off=2633535488 len=4096
efs-fuse read: decode error (efs_rc=-9) ino=205723 off=427364352 len=4096
efs-fuse read: decode error (efs_rc=-9) ino=193435 off=1107046400 len=4096
efs-fuse read: decode error (efs_rc=-9) ino=213915 off=1355788288 len=4096
efs-fuse read: decode error (efs_rc=-9) ino=185243 off=2499067904 len=4096
efs-fuse read: decode error (efs_rc=-9) ino=139063 off=124579840 len=4096
efs-fuse read: decode error (efs_rc=-9) ino=222107 off=1073770496 len=4096
efs-fuse read: decode error (efs_rc=-9) ino=201627 off=510685184 len=4096
efs-fuse read: decode error (efs_rc=-9) ino=209819 off=1406693376 len=4096
efs-fuse read: decode error (efs_rc=-9) ino=189339 off=1562341376 len=4096
efs-fuse read: decode error (efs_rc=-9) ino=353257 off=974135296 len=4096
efs-fuse read: decode error (efs_rc=-9) ino=101177 off=787431424 len=4096
efs-fuse read: decode error (efs_rc=-9) ino=238361 off=1275363328 len=4096
efs-fuse read: decode error (efs_rc=-9) ino=134967 off=1964974080 len=4096
efs-fuse read: decode error (efs_rc=-9) ino=218011 off=1432403968 len=4096
efs-fuse read: decode error (efs_rc=-9) ino=92985 off=220831744 len=4096
efs-fuse read: decode error (efs_rc=-9) ino=213915 off=1357836288 len=4096
efs-fuse read: decode error (efs_rc=-9) ino=205723 off=434106368 len=4096
efs-fuse read: decode error (efs_rc=-9) ino=193435 off=1122951168 len=4096
efs-fuse read: decode error (efs_rc=-9) ino=139063 off=127156224 len=4096
efs-fuse read: decode error (efs_rc=-9) ino=197531 off=2668093440 len=4096
efs-fuse read: decode error (efs_rc=-9) ino=222107 off=1085759488 len=4096
efs-fuse read: decode error (efs_rc=-9) ino=185243 off=2529521664 len=4096
efs-fuse read: decode error (efs_rc=-9) ino=201627 off=527527936 len=4096
efs-fuse read: decode error (efs_rc=-9) ino=209819 off=1410375680 len=4096
efs-fuse read: decode error (efs_rc=-9) ino=189339 off=1569595392 len=4096
efs-fuse read: decode error (efs_rc=-9) ino=353257 off=1031909376 len=4096
efs-fuse read: decode error (efs_rc=-9) ino=101177 off=805781504 len=4096
efs-fuse read: decode error (efs_rc=-9) ino=134967 off=1969500160 len=4096
efs-fuse read: decode error (efs_rc=-9) ino=238361 off=1290493952 len=4096
efs-fuse read: decode error (efs_rc=-9) ino=218011 off=1445941248 len=4096
efs-fuse read: decode error (efs_rc=-9) ino=213915 off=1359884288 len=4096
efs-fuse read: decode error (efs_rc=-9) ino=139063 off=131530752 len=4096
efs-fuse read: decode error (efs_rc=-9) ino=92985 off=238067712 len=4096
efs-fuse read: decode error (efs_rc=-9) ino=193435 off=1126080512 len=4096
efs-fuse read: decode error (efs_rc=-9) ino=222107 off=1104273408 len=4096
efs-fuse read: decode error (efs_rc=-9) ino=197531 off=2687533056 len=4096
efs-fuse read: decode error (efs_rc=-9) ino=205723 off=463896576 len=4096
efs-fuse read: decode error (efs_rc=-9) ino=201627 off=532090880 len=4096
efs-fuse read: decode error (efs_rc=-9) ino=185243 off=2545164288 len=4096
efs-fuse read: decode error (efs_rc=-9) ino=209819 off=1414057984 len=4096
efs-fuse read: decode error (efs_rc=-9) ino=189339 off=1576849408 len=4096
efs-fuse read: decode error (efs_rc=-9) ino=353257 off=1050243072 len=4096
efs-fuse read: decode error (efs_rc=-9) ino=101177 off=814821376 len=4096
efs-fuse read: decode error (efs_rc=-9) ino=134967 off=1978552320 len=4096
efs-fuse read: decode error (efs_rc=-9) ino=218011 off=1459187712 len=4096
efs-fuse read: decode error (efs_rc=-9) ino=238361 off=1305624576 len=4096
efs-fuse read: decode error (efs_rc=-9) ino=92985 off=242847744 len=4096
efs-fuse read: decode error (efs_rc=-9) ino=213915 off=1402560512 len=4096
efs-fuse read: decode error (efs_rc=-9) ino=205723 off=467267584 len=4096
efs-fuse read: decode error (efs_rc=-9) ino=185243 off=2559975424 len=4096
efs-fuse read: decode error (efs_rc=-9) ino=222107 off=1113530368 len=4096
efs-fuse read: decode error (efs_rc=-9) ino=201627 off=548933632 len=4096
efs-fuse read: decode error (efs_rc=-9) ino=209819 off=1417740288 len=4096
efs-fuse read: decode error (efs_rc=-9) ino=197531 off=2722091008 len=4096
efs-fuse read: decode error (efs_rc=-9) ino=139063 off=152383488 len=4096
efs-fuse read: decode error (efs_rc=-9) ino=193435 off=1186312192 len=4096
efs-fuse read: decode error (efs_rc=-9) ino=189339 off=1605865472 len=4096
efs-fuse read: decode error (efs_rc=-9) ino=353257 off=1117184000 len=4096
efs-fuse read: decode error (efs_rc=-9) ino=101177 off=833171456 len=4096
efs-fuse read: decode error (efs_rc=-9) ino=238361 off=1312657408 len=4096
efs-fuse read: decode error (efs_rc=-9) ino=134967 off=2044649472 len=4096
efs-fuse read: decode error (efs_rc=-9) ino=218011 off=1472724992 len=4096
efs-fuse read: decode error (efs_rc=-9) ino=92985 off=260083712 len=4096
efs-fuse read: decode error (efs_rc=-9) ino=213915 off=1404608512 len=4096
efs-fuse read: decode error (efs_rc=-9) ino=205723 off=474009600 len=4096
efs-fuse read: decode error (efs_rc=-9) ino=222107 off=1116262400 len=4096
efs-fuse read: decode error (efs_rc=-9) ino=185243 off=2606071808 len=4096
efs-fuse read: decode error (efs_rc=-9) ino=209819 off=1421422592 len=4096
efs-fuse read: decode error (efs_rc=-9) ino=201627 off=565776384 len=4096
efs-fuse read: decode error (efs_rc=-9) ino=139063 off=154959872 len=4096
efs-fuse read: decode error (efs_rc=-9) ino=197531 off=2741530624 len=4096
efs-fuse read: decode error (efs_rc=-9) ino=189339 off=1613119488 len=4096
efs-fuse read: decode error (efs_rc=-9) ino=193435 off=1208475648 len=4096
efs-fuse read: decode error (efs_rc=-9) ino=353257 off=1135517696 len=4096
efs-fuse read: decode error (efs_rc=-9) ino=101177 off=851386368 len=4096
efs-fuse read: decode error (efs_rc=-9) ino=218011 off=1486262272 len=4096
efs-fuse read: decode error (efs_rc=-9) ino=134967 off=2058227712 len=4096
efs-fuse read: decode error (efs_rc=-9) ino=238361 off=1342918656 len=4096
efs-fuse read: decode error (efs_rc=-9) ino=92985 off=277319680 len=4096
efs-fuse read: decode error (efs_rc=-9) ino=213915 off=1439092736 len=4096
efs-fuse read: decode error (efs_rc=-9) ino=205723 off=503799808 len=4096
efs-fuse read: decode error (efs_rc=-9) ino=222107 off=1125519360 len=4096
efs-fuse read: decode error (efs_rc=-9) ino=185243 off=2621714432 len=4096
efs-fuse read: decode error (efs_rc=-9) ino=209819 off=1425104896 len=4096
efs-fuse read: decode error (efs_rc=-9) ino=139063 off=156758016 len=4096
efs-fuse read: decode error (efs_rc=-9) ino=197531 off=2776088576 len=4096
efs-fuse read: decode error (efs_rc=-9) ino=189339 off=1620373504 len=4096
efs-fuse read: decode error (efs_rc=-9) ino=193435 off=1246543872 len=4096
efs-fuse read: decode error (efs_rc=-9) ino=101177 off=869736448 len=4096
efs-fuse read: decode error (efs_rc=-9) ino=134967 off=2071805952 len=4096
efs-fuse read: decode error (efs_rc=-9) ino=238361 off=1358049280 len=4096
efs-fuse read: decode error (efs_rc=-9) ino=213915 off=1441140736 len=4096
efs-fuse read: decode error (efs_rc=-9) ino=92985 off=294555648 len=4096
efs-fuse read: decode error (efs_rc=-9) ino=205723 off=510541824 len=4096
inode-rpc: retry type=45 attempt=1 why=recv rc=-6
inode-rpc: retry type=45 attempt=2 why=recv rc=-6
inode-rpc: retry type=67 attempt=3 why=recv rc=-6
inode-rpc: retry type=45 attempt=1 why=recv rc=-6
inode-rpc: retry type=87 attempt=2 why=recv rc=-6
efs-fuse read: decode error (efs_rc=-9) ino=222107 off=1144033280 len=4096
efs-fuse read: decode error (efs_rc=-9) ino=185243 off=2636525568 len=4096
efs-fuse read: decode error (efs_rc=-9) ino=139063 off=159334400 len=4096
efs-fuse read: decode error (efs_rc=-9) ino=238361 off=1365082112 len=4096
efs-fuse read: decode error (efs_rc=-9) ino=193435 off=1265577984 len=4096
efs-fuse read: decode error (efs_rc=-9) ino=92985 off=299335680 len=4096
efs-fuse read: decode error (efs_rc=-9) ino=101177 off=878776320 len=4096
efs-fuse read: decode error (efs_rc=-9) ino=134967 off=2076332032 len=4096
efs-fuse read: decode error (efs_rc=-9) ino=189339 off=1627627520 len=4096
efs-fuse read: decode error (efs_rc=-9) ino=213915 off=1443188736 len=4096
efs-fuse read: decode error (efs_rc=-9) ino=185243 off=2637357056 len=4096
efs-fuse read: decode error (efs_rc=-9) ino=197531 off=2785808384 len=4096
efs-fuse read: decode error (efs_rc=-9) ino=139063 off=161910784 len=4096
efs-fuse read: decode error (efs_rc=-9) ino=205723 off=513912832 len=4096
efs-fuse read: decode error (efs_rc=-9) ino=222107 off=1153290240 len=4096
efs-fuse read: decode error (efs_rc=-9) ino=353257 off=1193291776 len=4096
efs-fuse read: decode error (efs_rc=-9) ino=218011 off=1540411392 len=4096
efs-fuse read: decode error (efs_rc=-9) ino=201627 off=620867584 len=4096
inode-rpc: retry type=45 attempt=3 why=no-hint from=4
inode-rpc: retry type=87 attempt=3 why=no-hint from=4
efs-fuse read: decode error (efs_rc=-9) ino=92985 off=307953664 len=4096
efs-fuse read: decode error (efs_rc=-9) ino=101177 off=878911488 len=4096
efs-fuse read: decode error (efs_rc=-9) ino=238361 off=1373179904 len=4096
efs-fuse read: decode error (efs_rc=-9) ino=193435 off=1268707328 len=4096
efs-fuse read: decode error (efs_rc=-9) ino=213915 off=1445236736 len=4096
efs-fuse read: decode error (efs_rc=-9) ino=134967 off=2080858112 len=4096
efs-fuse read: decode error (efs_rc=-9) ino=139063 off=163708928 len=4096
efs-fuse read: decode error (efs_rc=-9) ino=222107 off=1156022272 len=4096
efs-fuse read: decode error (efs_rc=-9) ino=185243 off=2652168192 len=4096
efs-fuse read: decode error (efs_rc=-9) ino=197531 off=2795528192 len=4096
efs-fuse read: decode error (efs_rc=-9) ino=205723 off=536961024 len=4096
efs-fuse read: decode error (efs_rc=-9) ino=189339 off=1666658304 len=4096
efs-fuse read: decode error (efs_rc=-9) ino=353257 off=1202458624 len=4096
efs-fuse read: decode error (efs_rc=-9) ino=218011 off=1553948672 len=4096
efs-fuse read: decode error (efs_rc=-9) ino=201627 off=637710336 len=4096
efs-fuse read: decode error (efs_rc=-9) ino=209819 off=1479356416 len=4096
efs-fuse read: decode error (efs_rc=-9) ino=92985 off=316571648 len=4096
efs-fuse read: decode error (efs_rc=-9) ino=101177 off=887951360 len=4096
efs-fuse read: decode error (efs_rc=-9) ino=238361 off=1380212736 len=4096
efs-fuse read: decode error (efs_rc=-9) ino=134967 off=2085384192 len=4096
efs-fuse read: decode error (efs_rc=-9) ino=139063 off=166285312 len=4096
efs-fuse read: decode error (efs_rc=-9) ino=222107 off=1162547200 len=4096
efs-fuse read: decode error (efs_rc=-9) ino=213915 off=1479720960 len=4096
efs-fuse read: decode error (efs_rc=-9) ino=193435 off=1284612096 len=4096
efs-fuse read: decode error (efs_rc=-9) ino=185243 off=2682621952 len=4096
efs-fuse read: decode error (efs_rc=-9) ino=197531 off=2805248000 len=4096
efs-fuse read: decode error (efs_rc=-9) ino=205723 off=540332032 len=4096
efs-fuse read: decode error (efs_rc=-9) ino=189339 off=1673912320 len=4096
efs-fuse read: decode error (efs_rc=-9) ino=353257 off=1211625472 len=4096
efs-fuse read: decode error (efs_rc=-9) ino=218011 off=1567195136 len=4096
efs-fuse read: decode error (efs_rc=-9) ino=201627 off=643850240 len=4096
efs-fuse read: decode error (efs_rc=-9) ino=209819 off=1483038720 len=4096
inode-rpc: retry type=87 attempt=5 why=no-hint from=4
efs-fuse read: decode error (efs_rc=-9) ino=92985 off=325189632 len=4096
efs-fuse read: decode error (efs_rc=-9) ino=101177 off=897126400 len=4096
efs-fuse read: decode error (efs_rc=-9) ino=238361 off=1381277696 len=4096
efs-fuse read: decode error (efs_rc=-9) ino=134967 off=2089910272 len=4096
efs-fuse read: decode error (efs_rc=-9) ino=139063 off=170659840 len=4096
efs-fuse read: decode error (efs_rc=-9) ino=222107 off=1165279232 len=4096
efs-fuse read: decode error (efs_rc=-9) ino=213915 off=1481768960 len=4096
efs-fuse read: decode error (efs_rc=-9) ino=193435 off=1287741440 len=4096
efs-fuse read: decode error (efs_rc=-9) ino=205723 off=543703040 len=4096
efs-fuse read: decode error (efs_rc=-9) ino=197531 off=2820366336 len=4096
efs-fuse read: decode error (efs_rc=-9) ino=185243 off=2698264576 len=4096
efs-fuse read: decode error (efs_rc=-9) ino=189339 off=1681166336 len=4096
efs-fuse read: decode error (efs_rc=-9) ino=353257 off=1220792320 len=4096
efs-fuse read: decode error (efs_rc=-9) ino=218011 off=1567485952 len=4096
efs-fuse read: decode error (efs_rc=-9) ino=209819 off=1486721024 len=4096
efs-fuse read: decode error (efs_rc=-9) ino=201627 off=660692992 len=4096
efs-fuse read: decode error (efs_rc=-9) ino=92985 off=333807616 len=4096
efs-fuse read: decode error (efs_rc=-9) ino=238361 off=1388310528 len=4096
efs-fuse read: decode error (efs_rc=-9) ino=101177 off=906301440 len=4096
efs-fuse read: decode error (efs_rc=-9) ino=134967 off=2094436352 len=4096
efs-fuse read: decode error (efs_rc=-9) ino=222107 off=1171804160 len=4096
efs-fuse read: decode error (efs_rc=-9) ino=139063 off=173236224 len=4096
efs-fuse read: decode error (efs_rc=-9) ino=213915 off=1483816960 len=4096
efs-fuse read: decode error (efs_rc=-9) ino=193435 off=1306775552 len=4096
efs-fuse read: decode error (efs_rc=-9) ino=185243 off=2713075712 len=4096
efs-fuse read: decode error (efs_rc=-9) ino=205723 off=547074048 len=4096
efs-fuse read: decode error (efs_rc=-9) ino=197531 off=2830086144 len=4096
efs-fuse read: decode error (efs_rc=-9) ino=189339 off=1688420352 len=4096
efs-fuse read: decode error (efs_rc=-9) ino=353257 off=1278566400 len=4096
efs-fuse read: decode error (efs_rc=-9) ino=218011 off=1580732416 len=4096
efs-fuse read: decode error (efs_rc=-9) ino=209819 off=1490403328 len=4096
efs-fuse read: decode error (efs_rc=-9) ino=201627 off=665255936 len=4096
inode-rpc: retry type=45 attempt=4 why=no-hint from=4
inode-rpc: retry type=87 attempt=4 why=no-hint from=4
efs-fuse read: decode error (efs_rc=-9) ino=92985 off=342425600 len=4096
efs-fuse read: decode error (efs_rc=-9) ino=139063 off=177610752 len=4096
efs-fuse read: decode error (efs_rc=-9) ino=222107 off=1174536192 len=4096
efs-fuse read: decode error (efs_rc=-9) ino=238361 off=1395343360 len=4096
efs-fuse read: decode error (efs_rc=-9) ino=101177 off=915341312 len=4096
efs-fuse read: decode error (efs_rc=-9) ino=134967 off=56516608 len=4096
efs-fuse read: decode error (efs_rc=-9) ino=185243 off=2728718336 len=4096
efs-fuse read: decode error (efs_rc=-9) ino=213915 off=1485864960 len=4096
efs-fuse read: decode error (efs_rc=-9) ino=193435 off=1309904896 len=4096
efs-fuse read: decode error (efs_rc=-9) ino=205723 off=550445056 len=4096
efs-fuse read: decode error (efs_rc=-9) ino=197531 off=2839805952 len=4096
efs-fuse read: decode error (efs_rc=-9) ino=189339 off=1695674368 len=4096
put_fragments ino=57284 chunk=11956: only 1/3 peers live, clearing down-marks and re-probing
put_fragments ino=57284 chunk=11956 nodes=4,1,2 attempt 2/4 failed: no quorum (efs_rc=-8) — retrying
efs-fuse read: decode error (efs_rc=-9) ino=92985 off=347205632 len=4096
efs-fuse read: decode error (efs_rc=-9) ino=139063 off=180187136 len=4096
efs-fuse read: decode error (efs_rc=-9) ino=213915 off=1520349184 len=4096
efs-fuse read: decode error (efs_rc=-9) ino=185243 off=2744360960 len=4096
efs-fuse read: decode error (efs_rc=-9) ino=222107 off=1183793152 len=4096
efs-fuse read: decode error (efs_rc=-9) ino=238361 off=1396408320 len=4096
efs-fuse read: decode error (efs_rc=-9) ino=193435 off=1325809664 len=4096
efs-fuse read: decode error (efs_rc=-9) ino=101177 off=924516352 len=4096
efs-fuse read: decode error (efs_rc=-9) ino=134967 off=61042688 len=4096
efs-fuse read: decode error (efs_rc=-9) ino=205723 off=576864256 len=4096
efs-fuse read: decode error (efs_rc=-9) ino=189339 off=1702928384 len=4096
efs-fuse read: decode error (efs_rc=-9) ino=197531 off=2849525760 len=4096
efs-fuse read: decode error (efs_rc=-9) ino=353257 off=1287733248 len=4096
efs-fuse read: decode error (efs_rc=-9) ino=218011 off=1581023232 len=4096
efs-fuse read: decode error (efs_rc=-9) ino=209819 off=1494085632 len=4096
efs-fuse read: decode error (efs_rc=-9) ino=201627 off=671395840 len=4096
efs-fuse read: decode error (efs_rc=-9) ino=92985 off=351043584 len=4096
efs-fuse read: decode error (efs_rc=-9) ino=213915 off=1522397184 len=4096
efs-fuse read: decode error (efs_rc=-9) ino=139063 off=184561664 len=4096
efs-fuse read: decode error (efs_rc=-9) ino=193435 off=1328939008 len=4096
efs-fuse read: decode error (efs_rc=-9) ino=185243 off=2759172096 len=4096
efs-fuse read: decode error (efs_rc=-9) ino=222107 off=1193050112 len=4096
efs-fuse read: decode error (efs_rc=-9) ino=238361 off=1403441152 len=4096
efs-fuse read: decode error (efs_rc=-9) ino=101177 off=933691392 len=4096
efs-fuse read: decode error (efs_rc=-9) ino=189339 off=1710182400 len=4096
efs-fuse read: decode error (efs_rc=-9) ino=134967 off=65568768 len=4096
efs-fuse read: decode error (efs_rc=-9) ino=197531 off=2859245568 len=4096
efs-fuse read: decode error (efs_rc=-9) ino=205723 off=580235264 len=4096
put_fragments ino=57284 chunk=11956: only 1/3 peers live, cannot reach EC quorum — failing fast
put_fragments ino=57284 chunk=11956: only 1/3 peers live, clearing down-marks and re-probing
put_fragments ino=57284 chunk=11956 nodes=4,1,2 attempt 2/4 failed: no quorum (efs_rc=-8) — retrying
efs-fuse read: decode error (efs_rc=-9) ino=139063 off=187138048 len=4096
efs-fuse read: decode error (efs_rc=-9) ino=222107 off=1202307072 len=4096
efs-fuse read: decode error (efs_rc=-9) ino=238361 off=1410473984 len=4096
efs-fuse read: decode error (efs_rc=-9) ino=189339 off=1717436416 len=4096
efs-fuse read: decode error (efs_rc=-9) ino=197531 off=2874363904 len=4096
efs-fuse read: decode error (efs_rc=-9) ino=101177 off=942731264 len=4096
efs-fuse read: decode error (efs_rc=-9) ino=134967 off=70094848 len=4096
efs-fuse read: decode error (efs_rc=-9) ino=205723 off=583606272 len=4096
efs-fuse read: decode error (efs_rc=-9) ino=139063 off=191512576 len=4096
efs-fuse read: decode error (efs_rc=-9) ino=189339 off=1724690432 len=4096
efs-fuse read: decode error (efs_rc=-9) ino=222107 off=1205039104 len=4096
efs-fuse read: decode error (efs_rc=-9) ino=238361 off=1411538944 len=4096
efs-fuse read: decode error (efs_rc=-9) ino=197531 off=2884083712 len=4096
efs-fuse read: decode error (efs_rc=-9) ino=205723 off=586977280 len=4096
efs-fuse read: decode error (efs_rc=-9) ino=101177 off=942866432 len=4096
efs-fuse read: decode error (efs_rc=-9) ino=134967 off=74620928 len=4096
efs-fuse read: decode error (efs_rc=-9) ino=353257 off=1296900096 len=4096
efs-fuse read: decode error (efs_rc=-9) ino=218011 off=1594269696 len=4096
efs-fuse read: decode error (efs_rc=-9) ino=209819 off=1526243328 len=4096
efs-fuse read: decode error (efs_rc=-9) ino=201627 off=688238592 len=4096
efs-fuse read: decode error (efs_rc=-9) ino=213915 off=1524445184 len=4096
efs-fuse read: decode error (efs_rc=-9) ino=193435 off=1344843776 len=4096
efs-fuse read: decode error (efs_rc=-9) ino=92985 off=355823616 len=4096
efs-fuse read: decode error (efs_rc=-9) ino=185243 off=2773983232 len=4096
put_fragments ino=57284 chunk=11956: only 1/3 peers live, cannot reach EC quorum — failing fast
put_fragments ino=57284 chunk=11956: only 1/3 peers live, clearing down-marks and re-probing
put_fragments ino=57284 chunk=11956 nodes=4,1,2 attempt 2/4 failed: no quorum (efs_rc=-8) — retrying
efs-fuse read: decode error (efs_rc=-9) ino=134967 off=79147008 len=4096
efs-fuse read: decode error (efs_rc=-9) ino=353257 off=1306066944 len=4096
efs-fuse read: decode error (efs_rc=-9) ino=218011 off=1594560512 len=4096
efs-fuse read: decode error (efs_rc=-9) ino=209819 off=1529925632 len=4096
efs-fuse read: decode error (efs_rc=-9) ino=201627 off=698941440 len=4096
inode-rpc: retry type=87 attempt=6 why=no-hint from=4
efs-fuse read: decode error (efs_rc=-9) ino=213915 off=1526493184 len=4096
efs-fuse read: decode error (efs_rc=-9) ino=193435 off=1347973120 len=4096
efs-fuse read: decode error (efs_rc=-9) ino=185243 off=2774814720 len=4096
efs-fuse read: decode error (efs_rc=-9) ino=92985 off=364441600 len=4096
efs-fuse read: decode error (efs_rc=-9) ino=134967 off=83673088 len=4096
efs-fuse read: decode error (efs_rc=-9) ino=353257 off=1354674176 len=4096
efs-fuse read: decode error (efs_rc=-9) ino=218011 off=1607806976 len=4096
efs-fuse read: decode error (efs_rc=-9) ino=209819 off=1533607936 len=4096
efs-fuse read: decode error (efs_rc=-9) ino=201627 off=705081344 len=4096
efs-fuse read: decode error (efs_rc=-9) ino=213915 off=1528541184 len=4096
efs-fuse read: decode error (efs_rc=-9) ino=193435 off=1367007232 len=4096
efs-fuse read: decode error (efs_rc=-9) ino=185243 off=2789625856 len=4096
efs-fuse read: decode error (efs_rc=-9) ino=92985 off=373059584 len=4096
efs-fuse read: decode error (efs_rc=-9) ino=139063 off=194088960 len=4096
efs-fuse read: decode error (efs_rc=-9) ino=189339 off=1731944448 len=4096
efs-fuse read: decode error (efs_rc=-9) ino=205723 off=590348288 len=4096
efs-fuse read: decode error (efs_rc=-9) ino=197531 off=2893803520 len=4096
efs-fuse read: decode error (efs_rc=-9) ino=222107 off=1211564032 len=4096
efs-fuse read: decode error (efs_rc=-9) ino=101177 off=951906304 len=4096
efs-fuse read: decode error (efs_rc=-9) ino=238361 off=1418571776 len=4096
put_fragments ino=57284 chunk=11956: only 1/3 peers live, cannot reach EC quorum — failing fast
put_fragments ino=57284 chunk=11956: only 1/3 peers live, clearing down-marks and re-probing
put_fragments ino=57284 chunk=11956 nodes=4,1,2 attempt 2/4 failed: no quorum (efs_rc=-8) — retrying
efs-fuse read: decode error (efs_rc=-9) ino=193435 off=1370136576 len=4096
efs-fuse read: decode error (efs_rc=-9) ino=92985 off=381677568 len=4096
efs-fuse read: decode error (efs_rc=-9) ino=189339 off=1739198464 len=4096
efs-fuse read: decode error (efs_rc=-9) ino=139063 off=198463488 len=4096
efs-fuse read: decode error (efs_rc=-9) ino=197531 off=2903523328 len=4096
efs-fuse read: decode error (efs_rc=-9) ino=205723 off=616767488 len=4096
efs-fuse read: decode error (efs_rc=-9) ino=101177 off=961081344 len=4096
efs-fuse read: decode error (efs_rc=-9) ino=222107 off=1214296064 len=4096
inode-rpc: retry type=45 attempt=5 why=no-hint from=4
efs-fuse read: decode error (efs_rc=-9) ino=238361 off=1425604608 len=4096
inode-rpc: retry type=87 attempt=5 why=no-hint from=4
efs-fuse read: decode error (efs_rc=-9) ino=193435 off=1386041344 len=4096
efs-fuse read: decode error (efs_rc=-9) ino=92985 off=390295552 len=4096
efs-fuse read: decode error (efs_rc=-9) ino=189339 off=1746452480 len=4096
efs-fuse read: decode error (efs_rc=-9) ino=139063 off=201039872 len=4096
efs-fuse read: decode error (efs_rc=-9) ino=197531 off=2913243136 len=4096
efs-fuse read: decode error (efs_rc=-9) ino=205723 off=620138496 len=4096
efs-fuse read: decode error (efs_rc=-9) ino=101177 off=970256384 len=4096
efs-fuse read: decode error (efs_rc=-9) ino=222107 off=1220820992 len=4096
efs-fuse read: decode error (efs_rc=-9) ino=238361 off=1426669568 len=4096
efs-fuse read: decode error (efs_rc=-9) ino=134967 off=88199168 len=4096
efs-fuse read: decode error (efs_rc=-9) ino=353257 off=1363841024 len=4096
efs-fuse read: decode error (efs_rc=-9) ino=218011 off=1621344256 len=4096
efs-fuse read: decode error (efs_rc=-9) ino=201627 off=709644288 len=4096
efs-fuse read: decode error (efs_rc=-9) ino=209819 off=1537290240 len=4096
put_fragments ino=57284 chunk=11956: only 1/3 peers live, cannot reach EC quorum — failing fast
put_fragments ino=57284 chunk=11956: only 1/3 peers live, clearing down-marks and re-probing
put_fragments ino=57284 chunk=11956 nodes=4,1,2 attempt 2/4 failed: no quorum (efs_rc=-8) — retrying
efs-fuse read: decode error (efs_rc=-9) ino=189339 off=1785483264 len=4096
efs-fuse read: decode error (efs_rc=-9) ino=197531 off=2928361472 len=4096
efs-fuse read: decode error (efs_rc=-9) ino=139063 off=205414400 len=4096
efs-fuse read: decode error (efs_rc=-9) ino=205723 off=623509504 len=4096
efs-fuse read: decode error (efs_rc=-9) ino=101177 off=979296256 len=4096
efs-fuse read: decode error (efs_rc=-9) ino=222107 off=1223553024 len=4096
efs-fuse read: decode error (efs_rc=-9) ino=238361 off=1433702400 len=4096
efs-fuse read: decode error (efs_rc=-9) ino=134967 off=92725248 len=4096
efs-fuse read: decode error (efs_rc=-9) ino=353257 off=1373007872 len=4096
efs-fuse read: decode error (efs_rc=-9) ino=218011 off=1634881536 len=4096
efs-fuse read: decode error (efs_rc=-9) ino=201627 off=715784192 len=4096
efs-fuse read: decode error (efs_rc=-9) ino=209819 off=1540972544 len=4096
efs-fuse read: decode error (efs_rc=-9) ino=213915 off=1565073408 len=4096
efs-fuse read: decode error (efs_rc=-9) ino=185243 off=2805268480 len=4096
efs-fuse read: decode error (efs_rc=-9) ino=189339 off=1792737280 len=4096
efs-fuse read: decode error (efs_rc=-9) ino=197531 off=2938081280 len=4096
efs-fuse read: decode error (efs_rc=-9) ino=205723 off=630251520 len=4096
efs-fuse read: decode error (efs_rc=-9) ino=139063 off=207990784 len=4096
efs-fuse read: decode error (efs_rc=-9) ino=101177 off=979431424 len=4096
efs-fuse read: decode error (efs_rc=-9) ino=222107 off=1232809984 len=4096
efs-fuse read: decode error (efs_rc=-9) ino=238361 off=1440735232 len=4096
efs-fuse read: decode error (efs_rc=-9) ino=134967 off=97251328 len=4096
efs-fuse read: decode error (efs_rc=-9) ino=353257 off=1382174720 len=4096
efs-fuse read: decode error (efs_rc=-9) ino=201627 off=726487040 len=4096
efs-fuse read: decode error (efs_rc=-9) ino=209819 off=1544654848 len=4096
efs-fuse read: decode error (efs_rc=-9) ino=193435 off=1389170688 len=4096
efs-fuse read: decode error (efs_rc=-9) ino=92985 off=398913536 len=4096
put_fragments ino=57284 chunk=11956: only 1/3 peers live, cannot reach EC quorum — failing fast
put_fragments ino=57284 chunk=11956: only 1/3 peers live, clearing down-marks and re-probing
put_fragments ino=57284 chunk=11956 nodes=4,1,2 attempt 2/4 failed: no quorum (efs_rc=-8) — retrying
efs-fuse read: decode error (efs_rc=-9) ino=101177 off=988471296 len=4096
efs-fuse read: decode error (efs_rc=-9) ino=238361 off=1441800192 len=4096
efs-fuse read: decode error (efs_rc=-9) ino=353257 off=1439948800 len=4096
efs-fuse read: decode error (efs_rc=-9) ino=134967 off=101777408 len=4096
efs-fuse read: decode error (efs_rc=-9) ino=201627 off=732626944 len=4096
efs-fuse read: decode error (efs_rc=-9) ino=209819 off=1548337152 len=4096
efs-fuse read: decode error (efs_rc=-9) ino=193435 off=1408204800 len=4096
efs-fuse read: decode error (efs_rc=-9) ino=92985 off=403693568 len=4096
efs-fuse read: decode error (efs_rc=-9) ino=101177 off=997646336 len=4096
efs-fuse read: decode error (efs_rc=-9) ino=238361 off=1448833024 len=4096
efs-fuse read: decode error (efs_rc=-9) ino=353257 off=1449115648 len=4096
efs-fuse read: decode error (efs_rc=-9) ino=134967 off=106303488 len=4096
efs-fuse read: decode error (efs_rc=-9) ino=201627 off=743329792 len=4096
efs-fuse read: decode error (efs_rc=-9) ino=209819 off=1552019456 len=4096
efs-fuse read: decode error (efs_rc=-9) ino=185243 off=2820079616 len=4096
efs-fuse read: decode error (efs_rc=-9) ino=213915 off=1567121408 len=4096
efs-fuse read: decode error (efs_rc=-9) ino=193435 off=1411334144 len=4096
efs-fuse read: decode error (efs_rc=-9) ino=92985 off=412311552 len=4096
efs-fuse read: decode error (efs_rc=-9) ino=189339 off=1799991296 len=4096
efs-fuse read: decode error (efs_rc=-9) ino=197531 off=2947801088 len=4096
efs-fuse read: decode error (efs_rc=-9) ino=205723 off=656670720 len=4096
efs-fuse read: decode error (efs_rc=-9) ino=222107 off=1242066944 len=4096
efs-fuse read: decode error (efs_rc=-9) ino=139063 off=209788928 len=4096
inode-rpc: retry type=87 attempt=7 why=no-hint from=4
efs-fuse read: decode error (efs_rc=-9) ino=101177 off=1006821376 len=4096
efs-fuse read: decode error (efs_rc=-9) ino=238361 off=1455865856 len=4096
put_fragments ino=57284 chunk=11956: only 1/3 peers live, cannot reach EC quorum — failing fast
put_fragments ino=57284 chunk=11956: only 1/3 peers live, clearing down-marks and re-probing
put_fragments ino=57284 chunk=11956 nodes=4,1,2 attempt 2/4 failed: no quorum (efs_rc=-8) — retrying
efs-fuse read: decode error (efs_rc=-9) ino=353257 off=1458282496 len=4096
efs-fuse read: decode error (efs_rc=-9) ino=134967 off=110829568 len=4096
efs-fuse read: decode error (efs_rc=-9) ino=201627 off=749469696 len=4096
efs-fuse read: decode error (efs_rc=-9) ino=209819 off=1555701760 len=4096
efs-fuse read: decode error (efs_rc=-9) ino=213915 off=1569169408 len=4096
efs-fuse read: decode error (efs_rc=-9) ino=185243 off=2835722240 len=4096
efs-fuse read: decode error (efs_rc=-9) ino=193435 off=1427238912 len=4096
efs-fuse read: decode error (efs_rc=-9) ino=92985 off=420929536 len=4096
efs-fuse read: decode error (efs_rc=-9) ino=189339 off=1807245312 len=4096
efs-fuse read: decode error (efs_rc=-9) ino=197531 off=2957520896 len=4096
efs-fuse read: decode error (efs_rc=-9) ino=205723 off=660041728 len=4096
efs-fuse read: decode error (efs_rc=-9) ino=222107 off=1251323904 len=4096
efs-fuse read: decode error (efs_rc=-9) ino=139063 off=212365312 len=4096
efs-fuse read: decode error (efs_rc=-9) ino=101177 off=1015861248 len=4096
efs-fuse read: decode error (efs_rc=-9) ino=238361 off=1456930816 len=4096
efs-fuse read: decode error (efs_rc=-9) ino=353257 off=1467449344 len=4096
efs-fuse read: decode error (efs_rc=-9) ino=134967 off=115355648 len=4096
efs-fuse read: decode error (efs_rc=-9) ino=201627 off=760172544 len=4096
efs-fuse read: decode error (efs_rc=-9) ino=209819 off=1559384064 len=4096
efs-fuse read: decode error (efs_rc=-9) ino=185243 off=2850533376 len=4096
efs-fuse read: decode error (efs_rc=-9) ino=213915 off=1605701632 len=4096
efs-fuse read: decode error (efs_rc=-9) ino=193435 off=1430368256 len=4096
efs-fuse read: decode error (efs_rc=-9) ino=92985 off=429547520 len=4096
efs-fuse read: decode error (efs_rc=-9) ino=189339 off=1814499328 len=4096
efs-fuse read: decode error (efs_rc=-9) ino=197531 off=2967240704 len=4096
efs-fuse read: decode error (efs_rc=-9) ino=205723 off=663412736 len=4096
efs-fuse read: decode error (efs_rc=-9) ino=222107 off=1254055936 len=4096
efs-fuse read: decode error (efs_rc=-9) ino=139063 off=216739840 len=4096
inode-rpc: retry type=45 attempt=6 why=no-hint from=4
inode-rpc: retry type=87 attempt=6 why=no-hint from=4
efs-fuse read: decode error (efs_rc=-9) ino=101177 off=1015996416 len=4096
efs-fuse read: decode error (efs_rc=-9) ino=238361 off=1463963648 len=4096
efs-fuse read: decode error (efs_rc=-9) ino=201627 off=777015296 len=4096
efs-fuse read: decode error (efs_rc=-9) ino=139063 off=219316224 len=4096
efs-fuse read: decode error (efs_rc=-9) ino=101177 off=1025036288 len=4096
efs-fuse read: decode error (efs_rc=-9) ino=238361 off=1470996480 len=4096
efs-fuse read: decode error (efs_rc=-9) ino=201627 off=787718144 len=4096
efs-fuse read: decode error (efs_rc=-9) ino=139063 off=223690752 len=4096
efs-fuse read: decode error (efs_rc=-9) ino=101177 off=1034211328 len=4096
efs-fuse read: decode error (efs_rc=-9) ino=238361 off=1472061440 len=4096
efs-fuse read: decode error (efs_rc=-9) ino=222107 off=1260580864 len=4096
efs-fuse read: decode error (efs_rc=-9) ino=353257 off=1516056576 len=4096
efs-fuse read: decode error (efs_rc=-9) ino=205723 off=666783744 len=4096
efs-fuse read: decode error (efs_rc=-9) ino=197531 off=2982359040 len=4096
efs-fuse read: decode error (efs_rc=-9) ino=213915 off=1607749632 len=4096
efs-fuse read: decode error (efs_rc=-9) ino=209819 off=1591541760 len=4096
efs-fuse read: decode error (efs_rc=-9) ino=193435 off=1446273024 len=4096
efs-fuse read: decode error (efs_rc=-9) ino=189339 off=1821753344 len=4096
efs-fuse read: decode error (efs_rc=-9) ino=185243 off=2851364864 len=4096
efs-fuse read: decode error (efs_rc=-9) ino=92985 off=438165504 len=4096
efs-fuse read: decode error (efs_rc=-9) ino=134967 off=167874560 len=4096
efs-fuse read: decode error (efs_rc=-9) ino=201627 off=793858048 len=4096
efs-fuse read: decode error (efs_rc=-9) ino=139063 off=226267136 len=4096
efs-fuse read: decode error (efs_rc=-9) ino=101177 off=1043251200 len=4096
efs-fuse read: decode error (efs_rc=-9) ino=238361 off=1479094272 len=4096
efs-fuse read: decode error (efs_rc=-9) ino=222107 off=1263312896 len=4096
efs-fuse read: decode error (efs_rc=-9) ino=353257 off=1525223424 len=4096
efs-fuse read: decode error (efs_rc=-9) ino=205723 off=693202944 len=4096
efs-fuse read: decode error (efs_rc=-9) ino=197531 off=2992078848 len=4096
efs-fuse read: decode error (efs_rc=-9) ino=213915 off=1609797632 len=4096
efs-fuse read: decode error (efs_rc=-9) ino=209819 off=1595224064 len=4096
efs-fuse read: decode error (efs_rc=-9) ino=193435 off=1449402368 len=4096
efs-fuse read: decode error (efs_rc=-9) ino=189339 off=1829007360 len=4096
efs-fuse read: decode error (efs_rc=-9) ino=185243 off=2866176000 len=4096
efs-fuse read: decode error (efs_rc=-9) ino=92985 off=446783488 len=4096
efs-fuse read: decode error (efs_rc=-9) ino=134967 off=172400640 len=4096
efs-fuse read: decode error (efs_rc=-9) ino=201627 off=804560896 len=4096
efs-fuse read: decode error (efs_rc=-9) ino=139063 off=230641664 len=4096
efs-fuse read: decode error (efs_rc=-9) ino=101177 off=1043386368 len=4096
efs-fuse read: decode error (efs_rc=-9) ino=238361 off=1486127104 len=4096
efs-fuse read: decode error (efs_rc=-9) ino=222107 off=1269837824 len=4096
efs-fuse read: decode error (efs_rc=-9) ino=353257 off=1534390272 len=4096
efs-fuse read: decode error (efs_rc=-9) ino=205723 off=696573952 len=4096
efs-fuse read: decode error (efs_rc=-9) ino=197531 off=3001798656 len=4096
efs-fuse read: decode error (efs_rc=-9) ino=209819 off=1598906368 len=4096
efs-fuse read: decode error (efs_rc=-9) ino=193435 off=1468436480 len=4096
efs-fuse read: decode error (efs_rc=-9) ino=189339 off=1843515392 len=4096
efs-fuse read: decode error (efs_rc=-9) ino=185243 off=2880987136 len=4096
efs-fuse read: decode error (efs_rc=-9) ino=92985 off=451563520 len=4096
efs-fuse read: decode error (efs_rc=-9) ino=134967 off=176926720 len=4096
efs-fuse read: decode error (efs_rc=-9) ino=201627 off=815263744 len=4096
efs-fuse read: decode error (efs_rc=-9) ino=101177 off=1052426240 len=4096
efs-fuse read: decode error (efs_rc=-9) ino=139063 off=233218048 len=4096
efs-fuse read: decode error (efs_rc=-9) ino=238361 off=1487192064 len=4096
efs-fuse read: decode error (efs_rc=-9) ino=222107 off=1272569856 len=4096
efs-fuse read: decode error (efs_rc=-9) ino=353257 off=1543557120 len=4096
efs-fuse read: decode error (efs_rc=-9) ino=205723 off=699944960 len=4096
efs-fuse read: decode error (efs_rc=-9) ino=197531 off=3011518464 len=4096
efs-fuse read: decode error (efs_rc=-9) ino=209819 off=1602588672 len=4096
efs-fuse read: decode error (efs_rc=-9) ino=193435 off=1471565824 len=4096
efs-fuse read: decode error (efs_rc=-9) ino=189339 off=1850769408 len=4096
efs-fuse read: decode error (efs_rc=-9) ino=185243 off=2881818624 len=4096
efs-fuse read: decode error (efs_rc=-9) ino=92985 off=455401472 len=4096
efs-fuse read: decode error (efs_rc=-9) ino=134967 off=181452800 len=4096
inode-rpc: retry type=87 attempt=8 why=send
efs-fuse read: decode error (efs_rc=-9) ino=201627 off=821403648 len=4096
efs-fuse read: decode error (efs_rc=-9) ino=101177 off=1061601280 len=4096
efs-fuse read: decode error (efs_rc=-9) ino=139063 off=237592576 len=4096
efs-fuse read: decode error (efs_rc=-9) ino=238361 off=1501257728 len=4096
efs-fuse read: decode error (efs_rc=-9) ino=222107 off=1281826816 len=4096
efs-fuse read: decode error (efs_rc=-9) ino=353257 off=1552723968 len=4096
efs-fuse read: decode error (efs_rc=-9) ino=205723 off=703315968 len=4096
efs-fuse read: decode error (efs_rc=-9) ino=197531 off=3021238272 len=4096
efs-fuse read: decode error (efs_rc=-9) ino=209819 off=1606270976 len=4096
efs-fuse read: decode error (efs_rc=-9) ino=193435 off=1490599936 len=4096
efs-fuse read: decode error (efs_rc=-9) ino=189339 off=1858023424 len=4096
efs-fuse read: decode error (efs_rc=-9) ino=185243 off=2896629760 len=4096
efs-fuse read: decode error (efs_rc=-9) ino=92985 off=460181504 len=4096
efs-fuse read: decode error (efs_rc=-9) ino=134967 off=185978880 len=4096
efs-fuse read: decode error (efs_rc=-9) ino=201627 off=832106496 len=4096
efs-fuse read: decode error (efs_rc=-9) ino=101177 off=1070776320 len=4096
efs-fuse read: decode error (efs_rc=-9) ino=139063 off=240168960 len=4096
efs-fuse read: decode error (efs_rc=-9) ino=238361 off=1502322688 len=4096
efs-fuse read: decode error (efs_rc=-9) ino=222107 off=1291083776 len=4096
efs-fuse read: decode error (efs_rc=-9) ino=205723 off=706686976 len=4096
efs-fuse read: decode error (efs_rc=-9) ino=353257 off=1601331200 len=4096
efs-fuse read: decode error (efs_rc=-9) ino=197531 off=3036356608 len=4096
efs-fuse read: decode error (efs_rc=-9) ino=209819 off=1609953280 len=4096
efs-fuse read: decode error (efs_rc=-9) ino=193435 off=1509634048 len=4096
efs-fuse read: decode error (efs_rc=-9) ino=189339 off=1897054208 len=4096
efs-fuse read: decode error (efs_rc=-9) ino=185243 off=2912272384 len=4096
efs-fuse read: decode error (efs_rc=-9) ino=92985 off=477417472 len=4096
efs-fuse read: decode error (efs_rc=-9) ino=134967 off=195031040 len=4096
inode-rpc: retry type=45 attempt=7 why=send
inode-rpc: retry type=87 attempt=7 why=send
efs-fuse read: decode error (efs_rc=-9) ino=201627 off=838246400 len=4096
efs-fuse read: decode error (efs_rc=-9) ino=101177 off=1079816192 len=4096
efs-fuse read: decode error (efs_rc=-9) ino=139063 off=247119872 len=4096
efs-fuse read: decode error (efs_rc=-9) ino=238361 off=1509355520 len=4096
efs-fuse read: decode error (efs_rc=-9) ino=222107 off=1300340736 len=4096
efs-fuse read: decode error (efs_rc=-9) ino=205723 off=733106176 len=4096
efs-fuse read: decode error (efs_rc=-9) ino=353257 off=1610498048 len=4096
efs-fuse read: decode error (efs_rc=-9) ino=197531 off=3046076416 len=4096
efs-fuse read: decode error (efs_rc=-9) ino=209819 off=1613635584 len=4096
efs-fuse read: decode error (efs_rc=-9) ino=193435 off=1512763392 len=4096
efs-fuse read: decode error (efs_rc=-9) ino=189339 off=1904308224 len=4096
efs-fuse read: decode error (efs_rc=-9) ino=185243 off=2927083520 len=4096
efs-fuse read: decode error (efs_rc=-9) ino=92985 off=486035456 len=4096
efs-fuse read: decode error (efs_rc=-9) ino=134967 off=199557120 len=4096
efs-fuse read: decode error (efs_rc=-9) ino=201627 off=848949248 len=4096
efs-fuse read: decode error (efs_rc=-9) ino=101177 off=1079951360 len=4096
efs-fuse read: decode error (efs_rc=-9) ino=139063 off=251494400 len=4096
efs-fuse read: decode error (efs_rc=-9) ino=238361 off=1516388352 len=4096
efs-fuse read: decode error (efs_rc=-9) ino=222107 off=1303072768 len=4096
efs-fuse read: decode error (efs_rc=-9) ino=205723 off=736477184 len=4096
efs-fuse read: decode error (efs_rc=-9) ino=353257 off=1619664896 len=4096
efs-fuse read: decode error (efs_rc=-9) ino=197531 off=3055796224 len=4096
efs-fuse read: decode error (efs_rc=-9) ino=209819 off=1617317888 len=4096
efs-fuse read: decode error (efs_rc=-9) ino=193435 off=1528668160 len=4096
efs-fuse read: decode error (efs_rc=-9) ino=189339 off=1911562240 len=4096
efs-fuse read: decode error (efs_rc=-9) ino=185243 off=2942726144 len=4096
efs-fuse read: decode error (efs_rc=-9) ino=92985 off=494653440 len=4096
efs-fuse read: decode error (efs_rc=-9) ino=134967 off=204083200 len=4096
efs-fuse read: decode error (efs_rc=-9) ino=201627 off=859652096 len=4096
efs-fuse read: decode error (efs_rc=-9) ino=139063 off=254070784 len=4096
efs-fuse read: decode error (efs_rc=-9) ino=101177 off=1088991232 len=4096
efs-fuse read: decode error (efs_rc=-9) ino=238361 off=1517453312 len=4096
efs-fuse read: decode error (efs_rc=-9) ino=222107 off=1309597696 len=4096
efs-fuse read: decode error (efs_rc=-9) ino=205723 off=739848192 len=4096
efs-fuse read: decode error (efs_rc=-9) ino=353257 off=1628831744 len=4096
efs-fuse read: decode error (efs_rc=-9) ino=197531 off=3065516032 len=4096
efs-fuse read: decode error (efs_rc=-9) ino=209819 off=1621000192 len=4096
efs-fuse read: decode error (efs_rc=-9) ino=193435 off=1547702272 len=4096
efs-fuse read: decode error (efs_rc=-9) ino=189339 off=1918816256 len=4096
efs-fuse read: decode error (efs_rc=-9) ino=185243 off=2957537280 len=4096
efs-fuse read: decode error (efs_rc=-9) ino=92985 off=503271424 len=4096
efs-fuse read: decode error (efs_rc=-9) ino=134967 off=208609280 len=4096
efs-fuse read: decode error (efs_rc=-9) ino=201627 off=865792000 len=4096
efs-fuse read: decode error (efs_rc=-9) ino=139063 off=255868928 len=4096
efs-fuse read: decode error (efs_rc=-9) ino=101177 off=1098166272 len=4096
efs-fuse read: decode error (efs_rc=-9) ino=238361 off=1524486144 len=4096
efs-fuse read: decode error (efs_rc=-9) ino=222107 off=1312329728 len=4096
efs-fuse read: decode error (efs_rc=-9) ino=353257 off=1686605824 len=4096
efs-fuse read: decode error (efs_rc=-9) ino=205723 off=743219200 len=4096
efs-fuse read: decode error (efs_rc=-9) ino=197531 off=3075235840 len=4096
efs-fuse read: decode error (efs_rc=-9) ino=209819 off=1656840192 len=4096
efs-fuse read: decode error (efs_rc=-9) ino=193435 off=1550831616 len=4096
efs-fuse read: decode error (efs_rc=-9) ino=189339 off=1926070272 len=4096
efs-fuse read: decode error (efs_rc=-9) ino=185243 off=2958368768 len=4096
efs-fuse read: decode error (efs_rc=-9) ino=92985 off=508051456 len=4096
efs-fuse read: decode error (efs_rc=-9) ino=134967 off=213135360 len=4096
efs-fuse read: decode error (efs_rc=-9) ino=201627 off=876494848 len=4096
efs-fuse read: decode error (efs_rc=-9) ino=139063 off=258445312 len=4096
efs-fuse read: decode error (efs_rc=-9) ino=101177 off=1107341312 len=4096
efs-fuse read: decode error (efs_rc=-9) ino=238361 off=1531518976 len=4096
efs-fuse read: decode error (efs_rc=-9) ino=222107 off=1318854656 len=4096
efs-fuse read: decode error (efs_rc=-9) ino=353257 off=1695772672 len=4096
efs-fuse read: decode error (efs_rc=-9) ino=205723 off=746590208 len=4096
efs-fuse read: decode error (efs_rc=-9) ino=197531 off=3090354176 len=4096
efs-fuse read: decode error (efs_rc=-9) ino=209819 off=1660522496 len=4096
efs-fuse read: decode error (efs_rc=-9) ino=193435 off=1569865728 len=4096
efs-fuse read: decode error (efs_rc=-9) ino=189339 off=1933324288 len=4096
efs-fuse read: decode error (efs_rc=-9) ino=185243 off=2973179904 len=4096
efs-fuse read: decode error (efs_rc=-9) ino=92985 off=511889408 len=4096
efs-fuse read: decode error (efs_rc=-9) ino=134967 off=217661440 len=4096
efs-fuse read: decode error (efs_rc=-9) ino=201627 off=882634752 len=4096
efs-fuse read: decode error (efs_rc=-9) ino=139063 off=262819840 len=4096
efs-fuse read: decode error (efs_rc=-9) ino=101177 off=1116381184 len=4096
efs-fuse read: decode error (efs_rc=-9) ino=238361 off=1532583936 len=4096
efs-fuse read: decode error (efs_rc=-9) ino=205723 off=773009408 len=4096
efs-fuse read: decode error (efs_rc=-9) ino=353257 off=1704939520 len=4096
efs-fuse read: decode error (efs_rc=-9) ino=222107 off=1321586688 len=4096
efs-fuse read: decode error (efs_rc=-9) ino=197531 off=3100073984 len=4096
efs-fuse read: decode error (efs_rc=-9) ino=209819 off=1664204800 len=4096
efs-fuse read: decode error (efs_rc=-9) ino=193435 off=1572995072 len=4096
efs-fuse read: decode error (efs_rc=-9) ino=189339 off=1940578304 len=4096
efs-fuse read: decode error (efs_rc=-9) ino=185243 off=2987991040 len=4096
efs-fuse read: decode error (efs_rc=-9) ino=92985 off=516669440 len=4096
inode-rpc: retry type=87 attempt=9 why=send
efs-fuse read: decode error (efs_rc=-9) ino=134967 off=222187520 len=4096
efs-fuse read: decode error (efs_rc=-9) ino=201627 off=893337600 len=4096
efs-fuse read: decode error (efs_rc=-9) ino=101177 off=1116516352 len=4096
efs-fuse read: decode error (efs_rc=-9) ino=139063 off=265396224 len=4096
efs-fuse read: decode error (efs_rc=-9) ino=238361 off=1539616768 len=4096
efs-fuse read: decode error (efs_rc=-9) ino=353257 off=1714106368 len=4096
efs-fuse read: decode error (efs_rc=-9) ino=205723 off=776380416 len=4096
efs-fuse read: decode error (efs_rc=-9) ino=222107 off=1330843648 len=4096
efs-fuse read: decode error (efs_rc=-9) ino=197531 off=3109793792 len=4096
efs-fuse read: decode error (efs_rc=-9) ino=209819 off=1667887104 len=4096
efs-fuse read: decode error (efs_rc=-9) ino=193435 off=1588899840 len=4096
efs-fuse read: decode error (efs_rc=-9) ino=189339 off=1947832320 len=4096
efs-fuse read: decode error (efs_rc=-9) ino=185243 off=2988822528 len=4096
efs-fuse read: decode error (efs_rc=-9) ino=92985 off=533905408 len=4096
efs-fuse read: decode error (efs_rc=-9) ino=134967 off=226713600 len=4096
efs-fuse read: decode error (efs_rc=-9) ino=201627 off=904040448 len=4096
efs-fuse read: decode error (efs_rc=-9) ino=101177 off=1125556224 len=4096
efs-fuse read: decode error (efs_rc=-9) ino=139063 off=269770752 len=4096
efs-fuse read: decode error (efs_rc=-9) ino=238361 off=1546649600 len=4096
efs-fuse read: decode error (efs_rc=-9) ino=353257 off=1762713600 len=4096
efs-fuse read: decode error (efs_rc=-9) ino=205723 off=779751424 len=4096
efs-fuse read: decode error (efs_rc=-9) ino=222107 off=1340100608 len=4096
efs-fuse read: decode error (efs_rc=-9) ino=197531 off=3119513600 len=4096
efs-fuse read: decode error (efs_rc=-9) ino=209819 off=1671569408 len=4096
efs-fuse read: decode error (efs_rc=-9) ino=193435 off=1592029184 len=4096
efs-fuse read: decode error (efs_rc=-9) ino=189339 off=1955086336 len=4096
efs-fuse read: decode error (efs_rc=-9) ino=185243 off=3019276288 len=4096
efs-fuse read: decode error (efs_rc=-9) ino=92985 off=542523392 len=4096
efs-fuse read: decode error (efs_rc=-9) ino=134967 off=279232512 len=4096
inode-rpc: retry type=45 attempt=8 why=send
inode-rpc: retry type=87 attempt=8 why=send
efs-fuse read: decode error (efs_rc=-9) ino=201627 off=910180352 len=4096
efs-fuse read: decode error (efs_rc=-9) ino=101177 off=1134731264 len=4096
efs-fuse read: decode error (efs_rc=-9) ino=139063 off=272347136 len=4096
efs-fuse read: decode error (efs_rc=-9) ino=238361 off=1547714560 len=4096
efs-fuse read: decode error (efs_rc=-9) ino=353257 off=1771880448 len=4096
efs-fuse read: decode error (efs_rc=-9) ino=205723 off=783122432 len=4096
efs-fuse read: decode error (efs_rc=-9) ino=222107 off=1349357568 len=4096
efs-fuse read: decode error (efs_rc=-9) ino=197531 off=3129233408 len=4096
efs-fuse read: decode error (efs_rc=-9) ino=209819 off=1675251712 len=4096
efs-fuse read: decode error (efs_rc=-9) ino=193435 off=1611063296 len=4096
efs-fuse read: decode error (efs_rc=-9) ino=189339 off=1962340352 len=4096
efs-fuse read: decode error (efs_rc=-9) ino=185243 off=3034087424 len=4096
efs-fuse read: decode error (efs_rc=-9) ino=92985 off=551141376 len=4096
efs-fuse read: decode error (efs_rc=-9) ino=134967 off=283758592 len=4096
efs-fuse read: decode error (efs_rc=-9) ino=201627 off=920883200 len=4096
efs-fuse read: decode error (efs_rc=-9) ino=101177 off=1143771136 len=4096
efs-fuse read: decode error (efs_rc=-9) ino=139063 off=276721664 len=4096
efs-fuse read: decode error (efs_rc=-9) ino=238361 off=5455872 len=4096
efs-fuse read: decode error (efs_rc=-9) ino=353257 off=1781047296 len=4096
efs-fuse read: decode error (efs_rc=-9) ino=205723 off=786493440 len=4096
efs-fuse read: decode error (efs_rc=-9) ino=222107 off=1352089600 len=4096
efs-fuse read: decode error (efs_rc=-9) ino=197531 off=3144351744 len=4096
efs-fuse read: decode error (efs_rc=-9) ino=209819 off=1678934016 len=4096
efs-fuse read: decode error (efs_rc=-9) ino=193435 off=1614192640 len=4096
efs-fuse read: decode error (efs_rc=-9) ino=189339 off=1969594368 len=4096
efs-fuse read: decode error (efs_rc=-9) ino=185243 off=6692864 len=4096
efs-fuse read: decode error (efs_rc=-9) ino=92985 off=559759360 len=4096
efs-fuse read: decode error (efs_rc=-9) ino=134967 off=288284672 len=4096
efs-fuse read: decode error (efs_rc=-9) ino=201627 off=927023104 len=4096
efs-fuse read: decode error (efs_rc=-9) ino=101177 off=1143906304 len=4096
efs-fuse read: decode error (efs_rc=-9) ino=139063 off=279298048 len=4096
efs-fuse read: decode error (efs_rc=-9) ino=238361 off=6520832 len=4096
efs-fuse read: decode error (efs_rc=-9) ino=353257 off=1790214144 len=4096
efs-fuse read: decode error (efs_rc=-9) ino=205723 off=812912640 len=4096
efs-fuse read: decode error (efs_rc=-9) ino=222107 off=1358614528 len=4096
efs-fuse read: decode error (efs_rc=-9) ino=197531 off=3154071552 len=4096
efs-fuse read: decode error (efs_rc=-9) ino=209819 off=1682616320 len=4096
efs-fuse read: decode error (efs_rc=-9) ino=193435 off=1633226752 len=4096
efs-fuse read: decode error (efs_rc=-9) ino=189339 off=1976848384 len=4096
efs-fuse read: decode error (efs_rc=-9) ino=92985 off=564539392 len=4096
efs-fuse read: decode error (efs_rc=-9) ino=185243 off=22335488 len=4096
efs-fuse read: decode error (efs_rc=-9) ino=134967 off=292810752 len=4096
efs-fuse read: decode error (efs_rc=-9) ino=201627 off=937725952 len=4096
efs-fuse read: decode error (efs_rc=-9) ino=101177 off=1152946176 len=4096
efs-fuse read: decode error (efs_rc=-9) ino=139063 off=283672576 len=4096
efs-fuse read: decode error (efs_rc=-9) ino=238361 off=13553664 len=4096
efs-fuse read: decode error (efs_rc=-9) ino=353257 off=1847988224 len=4096
efs-fuse read: decode error (efs_rc=-9) ino=205723 off=816283648 len=4096
efs-fuse read: decode error (efs_rc=-9) ino=222107 off=1361346560 len=4096
efs-fuse read: decode error (efs_rc=-9) ino=209819 off=1686298624 len=4096
efs-fuse read: decode error (efs_rc=-9) ino=197531 off=7094272 len=4096
efs-fuse read: decode error (efs_rc=-9) ino=189339 off=2015879168 len=4096
efs-fuse read: decode error (efs_rc=-9) ino=193435 off=1652260864 len=4096
efs-fuse read: decode error (efs_rc=-9) ino=92985 off=573157376 len=4096
efs-fuse read: decode error (efs_rc=-9) ino=185243 off=37146624 len=4096
efs-fuse read: decode error (efs_rc=-9) ino=134967 off=297336832 len=4096
efs-fuse read: decode error (efs_rc=-9) ino=201627 off=948428800 len=4096
efs-fuse read: decode error (efs_rc=-9) ino=101177 off=1162121216 len=4096
efs-fuse read: decode error (efs_rc=-9) ino=139063 off=286248960 len=4096
efs-fuse read: decode error (efs_rc=-9) ino=238361 off=20586496 len=4096
efs-fuse read: decode error (efs_rc=-9) ino=353257 off=1866321920 len=4096
efs-fuse read: decode error (efs_rc=-9) ino=222107 off=1367871488 len=4096
efs-fuse read: decode error (efs_rc=-9) ino=205723 off=819654656 len=4096
efs-fuse read: decode error (efs_rc=-9) ino=209819 off=1722138624 len=4096
efs-fuse read: decode error (efs_rc=-9) ino=189339 off=2023133184 len=4096
efs-fuse read: decode error (efs_rc=-9) ino=193435 off=1671294976 len=4096
efs-fuse read: decode error (efs_rc=-9) ino=197531 off=16814080 len=4096
efs-fuse read: decode error (efs_rc=-9) ino=92985 off=581775360 len=4096
efs-fuse read: decode error (efs_rc=-9) ino=185243 off=37978112 len=4096
efs-fuse read: decode error (efs_rc=-9) ino=134967 off=301862912 len=4096
efs-fuse read: decode error (efs_rc=-9) ino=201627 off=954568704 len=4096
efs-fuse read: decode error (efs_rc=-9) ino=101177 off=1171296256 len=4096
efs-fuse read: decode error (efs_rc=-9) ino=139063 off=290623488 len=4096
efs-fuse read: decode error (efs_rc=-9) ino=238361 off=21651456 len=4096
efs-fuse read: decode error (efs_rc=-9) ino=353257 off=1875488768 len=4096
efs-fuse read: decode error (efs_rc=-9) ino=222107 off=1370603520 len=4096
efs-fuse read: decode error (efs_rc=-9) ino=205723 off=823025664 len=4096
efs-fuse read: decode error (efs_rc=-9) ino=209819 off=1725820928 len=4096
efs-fuse read: decode error (efs_rc=-9) ino=189339 off=2030387200 len=4096
efs-fuse read: decode error (efs_rc=-9) ino=193435 off=1674424320 len=4096
efs-fuse read: decode error (efs_rc=-9) ino=197531 off=41652224 len=4096
efs-fuse read: decode error (efs_rc=-9) ino=92985 off=590393344 len=4096
inode-rpc: retry type=87 attempt=10 why=send
efs-fuse read: decode error (efs_rc=-9) ino=185243 off=52789248 len=4096
efs-fuse read: decode error (efs_rc=-9) ino=134967 off=306388992 len=4096
efs-fuse read: decode error (efs_rc=-9) ino=201627 off=965271552 len=4096
efs-fuse read: decode error (efs_rc=-9) ino=101177 off=1180336128 len=4096
efs-fuse read: decode error (efs_rc=-9) ino=139063 off=293199872 len=4096
efs-fuse read: decode error (efs_rc=-9) ino=238361 off=28684288 len=4096
efs-fuse read: decode error (efs_rc=-9) ino=353257 off=1924096000 len=4096
efs-fuse read: decode error (efs_rc=-9) ino=222107 off=1379860480 len=4096
efs-fuse read: decode error (efs_rc=-9) ino=205723 off=826396672 len=4096
efs-fuse read: decode error (efs_rc=-9) ino=209819 off=1733185536 len=4096
efs-fuse read: decode error (efs_rc=-9) ino=189339 off=2037641216 len=4096
efs-fuse read: decode error (efs_rc=-9) ino=193435 off=1690329088 len=4096
efs-fuse read: decode error (efs_rc=-9) ino=92985 off=599011328 len=4096
efs-fuse read: decode error (efs_rc=-9) ino=197531 off=51372032 len=4096
efs-fuse read: decode error (efs_rc=-9) ino=185243 off=67600384 len=4096
efs-fuse read: decode error (efs_rc=-9) ino=134967 off=310915072 len=4096
efs-fuse read: decode error (efs_rc=-9) ino=201627 off=971411456 len=4096
efs-fuse read: decode error (efs_rc=-9) ino=139063 off=297574400 len=4096
efs-fuse read: decode error (efs_rc=-9) ino=101177 off=1180471296 len=4096
efs-fuse read: decode error (efs_rc=-9) ino=238361 off=35717120 len=4096
efs-fuse read: decode error (efs_rc=-9) ino=353257 off=1933262848 len=4096
efs-fuse read: decode error (efs_rc=-9) ino=205723 off=849444864 len=4096
efs-fuse read: decode error (efs_rc=-9) ino=222107 off=1389117440 len=4096
efs-fuse read: decode error (efs_rc=-9) ino=209819 off=1736867840 len=4096
efs-fuse read: decode error (efs_rc=-9) ino=189339 off=2044895232 len=4096
efs-fuse read: decode error (efs_rc=-9) ino=193435 off=1693458432 len=4096
efs-fuse read: decode error (efs_rc=-9) ino=92985 off=607629312 len=4096
efs-fuse read: decode error (efs_rc=-9) ino=197531 off=61091840 len=4096
efs-fuse read: decode error (efs_rc=-9) ino=185243 off=68431872 len=4096
inode-rpc: retry type=45 attempt=9 why=send
inode-rpc: retry type=87 attempt=9 why=send
efs-fuse read: decode error (efs_rc=-9) ino=134967 off=315441152 len=4096
efs-fuse read: decode error (efs_rc=-9) ino=201627 off=982114304 len=4096
efs-fuse read: decode error (efs_rc=-9) ino=139063 off=300150784 len=4096
efs-fuse read: decode error (efs_rc=-9) ino=101177 off=1189511168 len=4096
efs-fuse read: decode error (efs_rc=-9) ino=238361 off=36782080 len=4096
efs-fuse read: decode error (efs_rc=-9) ino=353257 off=1942429696 len=4096
efs-fuse read: decode error (efs_rc=-9) ino=205723 off=852815872 len=4096
efs-fuse read: decode error (efs_rc=-9) ino=222107 off=1398374400 len=4096
efs-fuse read: decode error (efs_rc=-9) ino=209819 off=1740550144 len=4096
efs-fuse read: decode error (efs_rc=-9) ino=193435 off=1712492544 len=4096
efs-fuse read: decode error (efs_rc=-9) ino=189339 off=2052149248 len=4096
efs-fuse read: decode error (efs_rc=-9) ino=92985 off=612409344 len=4096
efs-fuse read: decode error (efs_rc=-9) ino=197531 off=70811648 len=4096
efs-fuse read: decode error (efs_rc=-9) ino=185243 off=83243008 len=4096
efs-fuse read: decode error (efs_rc=-9) ino=134967 off=319967232 len=4096
efs-fuse read: decode error (efs_rc=-9) ino=201627 off=992817152 len=4096
efs-fuse read: decode error (efs_rc=-9) ino=139063 off=301948928 len=4096
efs-fuse read: decode error (efs_rc=-9) ino=101177 off=1198686208 len=4096
efs-fuse read: decode error (efs_rc=-9) ino=238361 off=43814912 len=4096
efs-fuse read: decode error (efs_rc=-9) ino=205723 off=856186880 len=4096
efs-fuse read: decode error (efs_rc=-9) ino=353257 off=1951596544 len=4096
efs-fuse read: decode error (efs_rc=-9) ino=222107 off=1407631360 len=4096
efs-fuse read: decode error (efs_rc=-9) ino=209819 off=1744232448 len=4096
efs-fuse read: decode error (efs_rc=-9) ino=193435 off=1731526656 len=4096
efs-fuse read: decode error (efs_rc=-9) ino=189339 off=2059403264 len=4096
efs-fuse read: decode error (efs_rc=-9) ino=92985 off=616247296 len=4096
efs-fuse read: decode error (efs_rc=-9) ino=197531 off=95649792 len=4096
efs-fuse read: decode error (efs_rc=-9) ino=185243 off=98885632 len=4096
efs-fuse read: decode error (efs_rc=-9) ino=134967 off=324493312 len=4096
efs-fuse read: decode error (efs_rc=-9) ino=201627 off=998957056 len=4096
efs-fuse read: decode error (efs_rc=-9) ino=139063 off=304525312 len=4096
efs-fuse read: decode error (efs_rc=-9) ino=101177 off=1207861248 len=4096
efs-fuse read: decode error (efs_rc=-9) ino=238361 off=50847744 len=4096
efs-fuse read: decode error (efs_rc=-9) ino=205723 off=859557888 len=4096
efs-fuse read: decode error (efs_rc=-9) ino=353257 off=2009370624 len=4096
efs-fuse read: decode error (efs_rc=-9) ino=222107 off=1410363392 len=4096
efs-fuse read: decode error (efs_rc=-9) ino=209819 off=1747914752 len=4096
efs-fuse read: decode error (efs_rc=-9) ino=189339 off=2066657280 len=4096
efs-fuse read: decode error (efs_rc=-9) ino=193435 off=1734656000 len=4096
efs-fuse read: decode error (efs_rc=-9) ino=92985 off=621027328 len=4096
efs-fuse read: decode error (efs_rc=-9) ino=197531 off=105369600 len=4096
efs-fuse read: decode error (efs_rc=-9) ino=185243 off=113696768 len=4096
efs-fuse read: decode error (efs_rc=-9) ino=134967 off=329019392 len=4096
efs-fuse read: decode error (efs_rc=-9) ino=201627 off=1009659904 len=4096
efs-fuse read: decode error (efs_rc=-9) ino=139063 off=307101696 len=4096
efs-fuse read: decode error (efs_rc=-9) ino=101177 off=1216901120 len=4096
efs-fuse read: decode error (efs_rc=-9) ino=238361 off=51912704 len=4096
efs-fuse read: decode error (efs_rc=-9) ino=205723 off=862928896 len=4096
efs-fuse read: decode error (efs_rc=-9) ino=353257 off=2018537472 len=4096
efs-fuse read: decode error (efs_rc=-9) ino=222107 off=1416888320 len=4096
efs-fuse read: decode error (efs_rc=-9) ino=209819 off=1751597056 len=4096
efs-fuse read: decode error (efs_rc=-9) ino=189339 off=2073911296 len=4096
efs-fuse read: decode error (efs_rc=-9) ino=193435 off=1750560768 len=4096
efs-fuse read: decode error (efs_rc=-9) ino=92985 off=638263296 len=4096
efs-fuse read: decode error (efs_rc=-9) ino=197531 off=115089408 len=4096
efs-fuse read: decode error (efs_rc=-9) ino=185243 off=129339392 len=4096
efs-fuse read: decode error (efs_rc=-9) ino=134967 off=333545472 len=4096
efs-fuse read: decode error (efs_rc=-9) ino=201627 off=1015799808 len=4096
efs-fuse read: decode error (efs_rc=-9) ino=101177 off=1217036288 len=4096
efs-fuse read: decode error (efs_rc=-9) ino=139063 off=308899840 len=4096
efs-fuse read: decode error (efs_rc=-9) ino=238361 off=58945536 len=4096
efs-fuse read: decode error (efs_rc=-9) ino=205723 off=889348096 len=4096
efs-fuse read: decode error (efs_rc=-9) ino=222107 off=1419620352 len=4096
efs-fuse read: decode error (efs_rc=-9) ino=353257 off=2027704320 len=4096
efs-fuse read: decode error (efs_rc=-9) ino=189339 off=2081165312 len=4096
efs-fuse read: decode error (efs_rc=-9) ino=193435 off=1753690112 len=4096
efs-fuse read: decode error (efs_rc=-9) ino=92985 off=646881280 len=4096
efs-fuse read: decode error (efs_rc=-9) ino=209819 off=3268608 len=4096
efs-fuse read: decode error (efs_rc=-9) ino=197531 off=124809216 len=4096
efs-fuse read: decode error (efs_rc=-9) ino=185243 off=144150528 len=4096
efs-fuse read: decode error (efs_rc=-9) ino=134967 off=338071552 len=4096
efs-fuse read: decode error (efs_rc=-9) ino=201627 off=1026502656 len=4096
efs-fuse read: decode error (efs_rc=-9) ino=101177 off=1226076160 len=4096
efs-fuse read: decode error (efs_rc=-9) ino=139063 off=311476224 len=4096
efs-fuse read: decode error (efs_rc=-9) ino=205723 off=892719104 len=4096
efs-fuse read: decode error (efs_rc=-9) ino=222107 off=1428877312 len=4096
efs-fuse read: decode error (efs_rc=-9) ino=238361 off=65978368 len=4096
efs-fuse read: decode error (efs_rc=-9) ino=353257 off=2036871168 len=4096
efs-fuse read: decode error (efs_rc=-9) ino=189339 off=2088419328 len=4096
efs-fuse read: decode error (efs_rc=-9) ino=193435 off=1775853568 len=4096
efs-fuse read: decode error (efs_rc=-9) ino=92985 off=655499264 len=4096
inode-rpc: retry type=87 attempt=11 why=send
efs-fuse read: decode error (efs_rc=-9) ino=209819 off=6950912 len=4096
efs-fuse read: decode error (efs_rc=-9) ino=197531 off=149647360 len=4096
efs-fuse read: decode error (efs_rc=-9) ino=185243 off=144982016 len=4096
efs-fuse read: decode error (efs_rc=-9) ino=201627 off=1037205504 len=4096
efs-fuse read: decode error (efs_rc=-9) ino=134967 off=342597632 len=4096
efs-fuse read: decode error (efs_rc=-9) ino=101177 off=1235251200 len=4096
efs-fuse read: decode error (efs_rc=-9) ino=139063 off=315850752 len=4096
efs-fuse read: decode error (efs_rc=-9) ino=222107 off=1438134272 len=4096
efs-fuse read: decode error (efs_rc=-9) ino=205723 off=896090112 len=4096
efs-fuse read: decode error (efs_rc=-9) ino=353257 off=2085478400 len=4096
efs-fuse read: decode error (efs_rc=-9) ino=238361 off=67043328 len=4096
efs-fuse read: decode error (efs_rc=-9) ino=189339 off=2095673344 len=4096
efs-fuse read: decode error (efs_rc=-9) ino=193435 off=1791758336 len=4096
efs-fuse read: decode error (efs_rc=-9) ino=92985 off=668897280 len=4096
efs-fuse read: decode error (efs_rc=-9) ino=209819 off=10633216 len=4096
efs-fuse read: decode error (efs_rc=-9) ino=197531 off=159367168 len=4096
efs-fuse read: decode error (efs_rc=-9) ino=185243 off=159793152 len=4096
efs-fuse read: decode error (efs_rc=-9) ino=201627 off=1043345408 len=4096
efs-fuse read: decode error (efs_rc=-9) ino=134967 off=395116544 len=4096
efs-fuse read: decode error (efs_rc=-9) ino=101177 off=1244291072 len=4096
efs-fuse read: decode error (efs_rc=-9) ino=139063 off=318427136 len=4096
efs-fuse read: decode error (efs_rc=-9) ino=205723 off=899461120 len=4096
efs-fuse read: decode error (efs_rc=-9) ino=222107 off=1447391232 len=4096
efs-fuse read: decode error (efs_rc=-9) ino=353257 off=2094645248 len=4096
efs-fuse read: decode error (efs_rc=-9) ino=238361 off=81108992 len=4096
efs-fuse read: decode error (efs_rc=-9) ino=189339 off=2134704128 len=4096
efs-fuse read: decode error (efs_rc=-9) ino=92985 off=672735232 len=4096
efs-fuse read: decode error (efs_rc=-9) ino=193435 off=1794887680 len=4096
efs-fuse read: decode error (efs_rc=-9) ino=209819 off=14315520 len=4096
efs-fuse read: decode error (efs_rc=-9) ino=197531 off=169086976 len=4096
inode-rpc: retry type=45 attempt=10 why=send
inode-rpc: retry type=87 attempt=10 why=send
efs-fuse read: decode error (efs_rc=-9) ino=185243 off=174604288 len=4096
efs-fuse read: decode error (efs_rc=-9) ino=201627 off=1054048256 len=4096
efs-fuse read: decode error (efs_rc=-9) ino=134967 off=399642624 len=4096
efs-fuse read: decode error (efs_rc=-9) ino=101177 off=1244426240 len=4096
efs-fuse read: decode error (efs_rc=-9) ino=139063 off=322801664 len=4096
efs-fuse read: decode error (efs_rc=-9) ino=205723 off=902832128 len=4096
efs-fuse read: decode error (efs_rc=-9) ino=222107 off=1450123264 len=4096
efs-fuse read: decode error (efs_rc=-9) ino=353257 off=2103812096 len=4096
efs-fuse read: decode error (efs_rc=-9) ino=189339 off=2141958144 len=4096
efs-fuse read: decode error (efs_rc=-9) ino=92985 off=677515264 len=4096
efs-fuse read: decode error (efs_rc=-9) ino=193435 off=1810792448 len=4096
efs-fuse read: decode error (efs_rc=-9) ino=238361 off=82173952 len=4096
efs-fuse read: decode error (efs_rc=-9) ino=209819 off=17997824 len=4096
efs-fuse read: decode error (efs_rc=-9) ino=197531 off=178806784 len=4096
efs-fuse read: decode error (efs_rc=-9) ino=185243 off=175435776 len=4096
efs-fuse read: decode error (efs_rc=-9) ino=201627 off=1060188160 len=4096
efs-fuse read: decode error (efs_rc=-9) ino=134967 off=404168704 len=4096
efs-fuse read: decode error (efs_rc=-9) ino=101177 off=1253466112 len=4096
efs-fuse read: decode error (efs_rc=-9) ino=139063 off=325378048 len=4096
efs-fuse read: decode error (efs_rc=-9) ino=205723 off=929251328 len=4096
efs-fuse read: decode error (efs_rc=-9) ino=222107 off=1456648192 len=4096
efs-fuse read: decode error (efs_rc=-9) ino=353257 off=2112978944 len=4096
efs-fuse read: decode error (efs_rc=-9) ino=189339 off=2149212160 len=4096
efs-fuse read: decode error (efs_rc=-9) ino=193435 off=1813921792 len=4096
efs-fuse read: decode error (efs_rc=-9) ino=92985 off=686133248 len=4096
efs-fuse read: decode error (efs_rc=-9) ino=238361 off=89206784 len=4096
efs-fuse read: decode error (efs_rc=-9) ino=209819 off=21680128 len=4096
efs-fuse read: decode error (efs_rc=-9) ino=197531 off=203644928 len=4096
efs-fuse read: decode error (efs_rc=-9) ino=185243 off=190246912 len=4096
efs-fuse read: decode error (efs_rc=-9) ino=201627 off=1070891008 len=4096
efs-fuse read: decode error (efs_rc=-9) ino=101177 off=1262641152 len=4096
efs-fuse read: decode error (efs_rc=-9) ino=134967 off=408694784 len=4096
efs-fuse read: decode error (efs_rc=-9) ino=139063 off=329752576 len=4096
efs-fuse read: decode error (efs_rc=-9) ino=205723 off=932622336 len=4096
efs-fuse read: decode error (efs_rc=-9) ino=222107 off=1459380224 len=4096
efs-fuse read: decode error (efs_rc=-9) ino=353257 off=2170753024 len=4096
efs-fuse read: decode error (efs_rc=-9) ino=189339 off=2156466176 len=4096
efs-fuse read: decode error (efs_rc=-9) ino=193435 off=1832955904 len=4096
efs-fuse read: decode error (efs_rc=-9) ino=92985 off=694751232 len=4096
efs-fuse read: decode error (efs_rc=-9) ino=238361 off=96239616 len=4096
efs-fuse read: decode error (efs_rc=-9) ino=209819 off=25362432 len=4096
efs-fuse read: decode error (efs_rc=-9) ino=197531 off=213364736 len=4096
efs-fuse read: decode error (efs_rc=-9) ino=185243 off=205889536 len=4096
efs-fuse read: decode error (efs_rc=-9) ino=201627 off=1081593856 len=4096
efs-fuse read: decode error (efs_rc=-9) ino=101177 off=1271816192 len=4096
efs-fuse read: decode error (efs_rc=-9) ino=139063 off=332328960 len=4096
efs-fuse read: decode error (efs_rc=-9) ino=134967 off=413220864 len=4096
efs-fuse read: decode error (efs_rc=-9) ino=205723 off=939364352 len=4096
efs-fuse read: decode error (efs_rc=-9) ino=353257 off=2179919872 len=4096
efs-fuse read: decode error (efs_rc=-9) ino=189339 off=2163720192 len=4096
efs-fuse read: decode error (efs_rc=-9) ino=193435 off=1836085248 len=4096
efs-fuse read: decode error (efs_rc=-9) ino=92985 off=703369216 len=4096
efs-fuse read: decode error (efs_rc=-9) ino=238361 off=97304576 len=4096
efs-fuse read: decode error (efs_rc=-9) ino=209819 off=29044736 len=4096
efs-fuse read: decode error (efs_rc=-9) ino=197531 off=223084544 len=4096
efs-fuse read: decode error (efs_rc=-9) ino=185243 off=220700672 len=4096
efs-fuse read: decode error (efs_rc=-9) ino=201627 off=1087733760 len=4096
efs-fuse read: decode error (efs_rc=-9) ino=101177 off=1280856064 len=4096
efs-fuse read: decode error (efs_rc=-9) ino=139063 off=336703488 len=4096
efs-fuse read: decode error (efs_rc=-9) ino=134967 off=417746944 len=4096
efs-fuse read: decode error (efs_rc=-9) ino=205723 off=942735360 len=4096
efs-fuse read: decode error (efs_rc=-9) ino=353257 off=2189086720 len=4096
efs-fuse read: decode error (efs_rc=-9) ino=189339 off=2170974208 len=4096
efs-fuse read: decode error (efs_rc=-9) ino=193435 off=1851990016 len=4096
efs-fuse read: decode error (efs_rc=-9) ino=92985 off=711987200 len=4096
efs-fuse read: decode error (efs_rc=-9) ino=238361 off=104337408 len=4096
efs-fuse read: decode error (efs_rc=-9) ino=209819 off=32727040 len=4096
efs-fuse read: decode error (efs_rc=-9) ino=197531 off=232804352 len=4096
efs-fuse read: decode error (efs_rc=-9) ino=185243 off=236343296 len=4096
efs-fuse read: decode error (efs_rc=-9) ino=201627 off=1098436608 len=4096
efs-fuse read: decode error (efs_rc=-9) ino=101177 off=1280991232 len=4096
efs-fuse read: decode error (efs_rc=-9) ino=139063 off=339279872 len=4096
efs-fuse read: decode error (efs_rc=-9) ino=134967 off=422273024 len=4096
inode-rpc: retry type=87 attempt=12 why=send
efs-fuse read: decode error (efs_rc=-9) ino=205723 off=969154560 len=4096
efs-fuse read: decode error (efs_rc=-9) ino=353257 off=2198253568 len=4096
efs-fuse read: decode error (efs_rc=-9) ino=189339 off=2178228224 len=4096
efs-fuse read: decode error (efs_rc=-9) ino=193435 off=1855119360 len=4096
efs-fuse read: decode error (efs_rc=-9) ino=92985 off=720605184 len=4096
efs-fuse read: decode error (efs_rc=-9) ino=238361 off=111370240 len=4096
efs-fuse read: decode error (efs_rc=-9) ino=209819 off=64884736 len=4096
efs-fuse read: decode error (efs_rc=-9) ino=197531 off=257642496 len=4096
efs-fuse read: decode error (efs_rc=-9) ino=185243 off=251154432 len=4096
efs-fuse read: decode error (efs_rc=-9) ino=201627 off=1104576512 len=4096
efs-fuse read: decode error (efs_rc=-9) ino=101177 off=1290031104 len=4096
efs-fuse read: decode error (efs_rc=-9) ino=139063 off=343654400 len=4096
efs-fuse read: decode error (efs_rc=-9) ino=134967 off=426799104 len=4096
efs-fuse read: decode error (efs_rc=-9) ino=205723 off=972525568 len=4096
efs-fuse read: decode error (efs_rc=-9) ino=353257 off=2246860800 len=4096
efs-fuse read: decode error (efs_rc=-9) ino=189339 off=2185482240 len=4096
efs-fuse read: decode error (efs_rc=-9) ino=193435 off=1874153472 len=4096
efs-fuse read: decode error (efs_rc=-9) ino=92985 off=734003200 len=4096
efs-fuse read: decode error (efs_rc=-9) ino=238361 off=112435200 len=4096
efs-fuse read: decode error (efs_rc=-9) ino=209819 off=68567040 len=4096
efs-fuse read: decode error (efs_rc=-9) ino=197531 off=267362304 len=4096
efs-fuse read: decode error (efs_rc=-9) ino=185243 off=251985920 len=4096
efs-fuse read: decode error (efs_rc=-9) ino=201627 off=1115279360 len=4096
efs-fuse read: decode error (efs_rc=-9) ino=139063 off=346230784 len=4096
efs-fuse read: decode error (efs_rc=-9) ino=101177 off=1299206144 len=4096
efs-fuse read: decode error (efs_rc=-9) ino=134967 off=431325184 len=4096
efs-fuse read: decode error (efs_rc=-9) ino=205723 off=975896576 len=4096
efs-fuse read: decode error (efs_rc=-9) ino=353257 off=2256027648 len=4096
efs-fuse read: decode error (efs_rc=-9) ino=189339 off=2192736256 len=4096
efs-fuse read: decode error (efs_rc=-9) ino=193435 off=1877282816 len=4096
efs-fuse read: decode error (efs_rc=-9) ino=92985 off=742621184 len=4096
efs-fuse read: decode error (efs_rc=-9) ino=238361 off=119468032 len=4096
inode-rpc: retry type=45 attempt=11 why=send
efs-fuse read: decode error (efs_rc=-9) ino=209819 off=72249344 len=4096
inode-rpc: retry type=87 attempt=11 why=send
efs-fuse read: decode error (efs_rc=-9) ino=197531 off=277082112 len=4096
efs-fuse read: decode error (efs_rc=-9) ino=185243 off=266797056 len=4096
efs-fuse read: decode error (efs_rc=-9) ino=201627 off=1125982208 len=4096
efs-fuse read: decode error (efs_rc=-9) ino=139063 off=348028928 len=4096
efs-fuse read: decode error (efs_rc=-9) ino=101177 off=1308381184 len=4096
efs-fuse read: decode error (efs_rc=-9) ino=134967 off=435851264 len=4096
efs-fuse read: decode error (efs_rc=-9) ino=205723 off=979267584 len=4096
efs-fuse read: decode error (efs_rc=-9) ino=353257 off=2265194496 len=4096
efs-fuse read: decode error (efs_rc=-9) ino=189339 off=2199990272 len=4096
efs-fuse read: decode error (efs_rc=-9) ino=193435 off=1893187584 len=4096
efs-fuse read: decode error (efs_rc=-9) ino=92985 off=751239168 len=4096
efs-fuse read: decode error (efs_rc=-9) ino=238361 off=126500864 len=4096
efs-fuse read: decode error (efs_rc=-9) ino=209819 off=75931648 len=4096
efs-fuse read: decode error (efs_rc=-9) ino=197531 off=286801920 len=4096
efs-fuse read: decode error (efs_rc=-9) ino=185243 off=281608192 len=4096
efs-fuse read: decode error (efs_rc=-9) ino=201627 off=1132122112 len=4096
efs-fuse read: decode error (efs_rc=-9) ino=139063 off=350605312 len=4096
efs-fuse read: decode error (efs_rc=-9) ino=101177 off=1317556224 len=4096
efs-fuse read: decode error (efs_rc=-9) ino=134967 off=440377344 len=4096
efs-fuse read: decode error (efs_rc=-9) ino=205723 off=982638592 len=4096
efs-fuse read: decode error (efs_rc=-9) ino=353257 off=2274361344 len=4096
efs-fuse read: decode error (efs_rc=-9) ino=189339 off=2207244288 len=4096
efs-fuse read: decode error (efs_rc=-9) ino=193435 off=1896316928 len=4096
efs-fuse read: decode error (efs_rc=-9) ino=92985 off=759857152 len=4096
efs-fuse read: decode error (efs_rc=-9) ino=238361 off=127565824 len=4096
efs-fuse read: decode error (efs_rc=-9) ino=209819 off=79613952 len=4096
efs-fuse read: decode error (efs_rc=-9) ino=197531 off=311640064 len=4096
efs-fuse read: decode error (efs_rc=-9) ino=185243 off=282439680 len=4096
efs-fuse read: decode error (efs_rc=-9) ino=201627 off=1142824960 len=4096
efs-fuse read: decode error (efs_rc=-9) ino=139063 off=353181696 len=4096
efs-fuse read: decode error (efs_rc=-9) ino=101177 off=1326596096 len=4096
efs-fuse read: decode error (efs_rc=-9) ino=134967 off=444903424 len=4096
efs-fuse read: decode error (efs_rc=-9) ino=205723 off=1005686784 len=4096
efs-fuse read: decode error (efs_rc=-9) ino=353257 off=2332135424 len=4096
efs-fuse read: decode error (efs_rc=-9) ino=189339 off=2246275072 len=4096
efs-fuse read: decode error (efs_rc=-9) ino=193435 off=1912221696 len=4096
efs-fuse read: decode error (efs_rc=-9) ino=92985 off=768475136 len=4096
efs-fuse read: decode error (efs_rc=-9) ino=238361 off=134598656 len=4096
efs-fuse read: decode error (efs_rc=-9) ino=209819 off=83296256 len=4096
efs-fuse read: decode error (efs_rc=-9) ino=197531 off=321359872 len=4096
efs-fuse read: decode error (efs_rc=-9) ino=185243 off=297250816 len=4096
efs-fuse read: decode error (efs_rc=-9) ino=201627 off=1148964864 len=4096
efs-fuse read: decode error (efs_rc=-9) ino=139063 off=354979840 len=4096
efs-fuse read: decode error (efs_rc=-9) ino=101177 off=1335771136 len=4096
efs-fuse read: decode error (efs_rc=-9) ino=134967 off=449429504 len=4096
efs-fuse read: decode error (efs_rc=-9) ino=205723 off=1009057792 len=4096
efs-fuse read: decode error (efs_rc=-9) ino=353257 off=2341302272 len=4096
efs-fuse read: decode error (efs_rc=-9) ino=189339 off=2253529088 len=4096
efs-fuse read: decode error (efs_rc=-9) ino=193435 off=1915351040 len=4096
efs-fuse read: decode error (efs_rc=-9) ino=92985 off=773255168 len=4096
efs-fuse read: decode error (efs_rc=-9) ino=238361 off=141631488 len=4096
efs-fuse read: decode error (efs_rc=-9) ino=209819 off=86978560 len=4096
efs-fuse read: decode error (efs_rc=-9) ino=197531 off=340799488 len=4096
efs-fuse read: decode error (efs_rc=-9) ino=185243 off=312893440 len=4096
efs-fuse read: decode error (efs_rc=-9) ino=201627 off=1159667712 len=4096
efs-fuse read: decode error (efs_rc=-9) ino=101177 off=1344811008 len=4096
efs-fuse read: decode error (efs_rc=-9) ino=139063 off=357556224 len=4096
efs-fuse read: decode error (efs_rc=-9) ino=134967 off=453955584 len=4096
efs-fuse read: decode error (efs_rc=-9) ino=353257 off=2350469120 len=4096
efs-fuse read: decode error (efs_rc=-9) ino=205723 off=1012428800 len=4096
efs-fuse read: decode error (efs_rc=-9) ino=189339 off=2260783104 len=4096
efs-fuse read: decode error (efs_rc=-9) ino=193435 off=1937514496 len=4096
efs-fuse read: decode error (efs_rc=-9) ino=92985 off=790491136 len=4096
efs-fuse read: decode error (efs_rc=-9) ino=238361 off=149729280 len=4096
efs-fuse read: decode error (efs_rc=-9) ino=209819 off=90660864 len=4096
efs-fuse read: decode error (efs_rc=-9) ino=197531 off=365637632 len=4096
efs-fuse read: decode error (efs_rc=-9) ino=201627 off=1170370560 len=4096
efs-fuse read: decode error (efs_rc=-9) ino=185243 off=327704576 len=4096
efs-fuse read: decode error (efs_rc=-9) ino=101177 off=1344946176 len=4096
efs-fuse read: decode error (efs_rc=-9) ino=139063 off=361930752 len=4096
inode-rpc: retry type=87 attempt=13 why=send
efs-fuse read: decode error (efs_rc=-9) ino=134967 off=506474496 len=4096
efs-fuse read: decode error (efs_rc=-9) ino=353257 off=2359635968 len=4096
efs-fuse read: decode error (efs_rc=-9) ino=205723 off=1015799808 len=4096
efs-fuse read: decode error (efs_rc=-9) ino=189339 off=2268037120 len=4096
efs-fuse read: decode error (efs_rc=-9) ino=193435 off=1953419264 len=4096
efs-fuse read: decode error (efs_rc=-9) ino=92985 off=799109120 len=4096
efs-fuse read: decode error (efs_rc=-9) ino=238361 off=156762112 len=4096
efs-fuse read: decode error (efs_rc=-9) ino=209819 off=94343168 len=4096
efs-fuse read: decode error (efs_rc=-9) ino=197531 off=375357440 len=4096
efs-fuse read: decode error (efs_rc=-9) ino=201627 off=1176510464 len=4096
efs-fuse read: decode error (efs_rc=-9) ino=185243 off=343347200 len=4096
efs-fuse read: decode error (efs_rc=-9) ino=101177 off=1353986048 len=4096
efs-fuse read: decode error (efs_rc=-9) ino=139063 off=364507136 len=4096
efs-fuse read: decode error (efs_rc=-9) ino=134967 off=511000576 len=4096
efs-fuse read: decode error (efs_rc=-9) ino=353257 off=2408243200 len=4096
efs-fuse read: decode error (efs_rc=-9) ino=205723 off=1019170816 len=4096
efs-fuse read: decode error (efs_rc=-9) ino=189339 off=2275291136 len=4096
efs-fuse read: decode error (efs_rc=-9) ino=193435 off=1956548608 len=4096
efs-fuse read: decode error (efs_rc=-9) ino=92985 off=807727104 len=4096
efs-fuse read: decode error (efs_rc=-9) ino=238361 off=157827072 len=4096
efs-fuse read: decode error (efs_rc=-9) ino=209819 off=130183168 len=4096
efs-fuse read: decode error (efs_rc=-9) ino=197531 off=385077248 len=4096
efs-fuse read: decode error (efs_rc=-9) ino=201627 off=1187213312 len=4096
efs-fuse read: decode error (efs_rc=-9) ino=101177 off=1363161088 len=4096
efs-fuse read: decode error (efs_rc=-9) ino=185243 off=358158336 len=4096
efs-fuse read: decode error (efs_rc=-9) ino=139063 off=368881664 len=4096
efs-fuse read: decode error (efs_rc=-9) ino=134967 off=515526656 len=4096
efs-fuse read: decode error (efs_rc=-9) ino=353257 off=2417410048 len=4096
efs-fuse read: decode error (efs_rc=-9) ino=205723 off=1045590016 len=4096
efs-fuse read: decode error (efs_rc=-9) ino=189339 off=2282545152 len=4096
efs-fuse read: decode error (efs_rc=-9) ino=193435 off=1975582720 len=4096
efs-fuse read: decode error (efs_rc=-9) ino=92985 off=816345088 len=4096
inode-rpc: retry type=45 attempt=12 why=send
inode-rpc: retry type=87 attempt=12 why=send
efs-fuse read: decode error (efs_rc=-9) ino=238361 off=164859904 len=4096
efs-fuse read: decode error (efs_rc=-9) ino=209819 off=133865472 len=4096
efs-fuse read: decode error (efs_rc=-9) ino=197531 off=394797056 len=4096
efs-fuse read: decode error (efs_rc=-9) ino=201627 off=1193353216 len=4096
efs-fuse read: decode error (efs_rc=-9) ino=101177 off=1372336128 len=4096
efs-fuse read: decode error (efs_rc=-9) ino=139063 off=371458048 len=4096
efs-fuse read: decode error (efs_rc=-9) ino=185243 off=358989824 len=4096
efs-fuse read: decode error (efs_rc=-9) ino=134967 off=520052736 len=4096
efs-fuse read: decode error (efs_rc=-9) ino=353257 off=2426576896 len=4096
efs-fuse read: decode error (efs_rc=-9) ino=205723 off=1048961024 len=4096
efs-fuse read: decode error (efs_rc=-9) ino=189339 off=2289799168 len=4096
efs-fuse read: decode error (efs_rc=-9) ino=92985 off=824963072 len=4096
efs-fuse read: decode error (efs_rc=-9) ino=193435 off=1978712064 len=4096
efs-fuse read: decode error (efs_rc=-9) ino=238361 off=171892736 len=4096
efs-fuse read: decode error (efs_rc=-9) ino=209819 off=137547776 len=4096
efs-fuse read: decode error (efs_rc=-9) ino=197531 off=419635200 len=4096
efs-fuse read: decode error (efs_rc=-9) ino=201627 off=1204056064 len=4096
efs-fuse read: decode error (efs_rc=-9) ino=101177 off=1381376000 len=4096
efs-fuse read: decode error (efs_rc=-9) ino=139063 off=375832576 len=4096
efs-fuse read: decode error (efs_rc=-9) ino=185243 off=373800960 len=4096
efs-fuse read: decode error (efs_rc=-9) ino=353257 off=2435743744 len=4096
efs-fuse read: decode error (efs_rc=-9) ino=205723 off=1052332032 len=4096
efs-fuse read: decode error (efs_rc=-9) ino=134967 off=524578816 len=4096
efs-fuse read: decode error (efs_rc=-9) ino=189339 off=2297053184 len=4096
efs-fuse read: decode error (efs_rc=-9) ino=92985 off=829743104 len=4096
efs-fuse read: decode error (efs_rc=-9) ino=193435 off=1994616832 len=4096
efs-fuse read: decode error (efs_rc=-9) ino=238361 off=172957696 len=4096
efs-fuse read: decode error (efs_rc=-9) ino=209819 off=141230080 len=4096
efs-fuse read: decode error (efs_rc=-9) ino=197531 off=429355008 len=4096
efs-fuse read: decode error (efs_rc=-9) ino=201627 off=1214758912 len=4096
efs-fuse read: decode error (efs_rc=-9) ino=139063 off=378408960 len=4096
efs-fuse read: decode error (efs_rc=-9) ino=101177 off=1390551040 len=4096
efs-fuse read: decode error (efs_rc=-9) ino=185243 off=388612096 len=4096
efs-fuse read: decode error (efs_rc=-9) ino=353257 off=2493517824 len=4096
efs-fuse read: decode error (efs_rc=-9) ino=205723 off=1055703040 len=4096
efs-fuse read: decode error (efs_rc=-9) ino=189339 off=2304307200 len=4096
efs-fuse read: decode error (efs_rc=-9) ino=92985 off=833581056 len=4096
efs-fuse read: decode error (efs_rc=-9) ino=193435 off=1997746176 len=4096
efs-fuse read: decode error (efs_rc=-9) ino=134967 off=529104896 len=4096
efs-fuse read: decode error (efs_rc=-9) ino=238361 off=179990528 len=4096
efs-fuse read: decode error (efs_rc=-9) ino=209819 off=144912384 len=4096
efs-fuse read: decode error (efs_rc=-9) ino=197531 off=439074816 len=4096
efs-fuse read: decode error (efs_rc=-9) ino=201627 off=1220898816 len=4096
efs-fuse read: decode error (efs_rc=-9) ino=139063 off=382783488 len=4096
efs-fuse read: decode error (efs_rc=-9) ino=101177 off=1399726080 len=4096
efs-fuse read: decode error (efs_rc=-9) ino=185243 off=389443584 len=4096
efs-fuse read: decode error (efs_rc=-9) ino=353257 off=2502684672 len=4096
efs-fuse read: decode error (efs_rc=-9) ino=205723 off=1059074048 len=4096
efs-fuse read: decode error (efs_rc=-9) ino=189339 off=2311561216 len=4096
efs-fuse read: decode error (efs_rc=-9) ino=193435 off=2013650944 len=4096
efs-fuse read: decode error (efs_rc=-9) ino=92985 off=838361088 len=4096
efs-fuse read: decode error (efs_rc=-9) ino=134967 off=533630976 len=4096
efs-fuse read: decode error (efs_rc=-9) ino=238361 off=187023360 len=4096
efs-fuse read: decode error (efs_rc=-9) ino=209819 off=148594688 len=4096
efs-fuse read: decode error (efs_rc=-9) ino=201627 off=1231601664 len=4096
efs-fuse read: decode error (efs_rc=-9) ino=197531 off=448794624 len=4096
efs-fuse read: decode error (efs_rc=-9) ino=101177 off=1408901120 len=4096
efs-fuse read: decode error (efs_rc=-9) ino=139063 off=385359872 len=4096
efs-fuse read: decode error (efs_rc=-9) ino=185243 off=404254720 len=4096
efs-fuse read: decode error (efs_rc=-9) ino=353257 off=2511851520 len=4096
efs-fuse read: decode error (efs_rc=-9) ino=205723 off=1085493248 len=4096
efs-fuse read: decode error (efs_rc=-9) ino=189339 off=2318815232 len=4096
efs-fuse read: decode error (efs_rc=-9) ino=193435 off=2016780288 len=4096
efs-fuse read: decode error (efs_rc=-9) ino=92985 off=846979072 len=4096
efs-fuse read: decode error (efs_rc=-9) ino=134967 off=538157056 len=4096
efs-fuse read: decode error (efs_rc=-9) ino=238361 off=188088320 len=4096
efs-fuse read: decode error (efs_rc=-9) ino=209819 off=152276992 len=4096
efs-fuse read: decode error (efs_rc=-9) ino=201627 off=1237741568 len=4096
efs-fuse read: decode error (efs_rc=-9) ino=197531 off=473632768 len=4096
efs-fuse read: decode error (efs_rc=-9) ino=101177 off=1417940992 len=4096
efs-fuse read: decode error (efs_rc=-9) ino=139063 off=389734400 len=4096
efs-fuse read: decode error (efs_rc=-9) ino=185243 off=419065856 len=4096
inode-rpc: retry type=87 attempt=14 why=send
efs-fuse read: decode error (efs_rc=-9) ino=353257 off=2521018368 len=4096
efs-fuse read: decode error (efs_rc=-9) ino=205723 off=1088864256 len=4096
efs-fuse read: decode error (efs_rc=-9) ino=189339 off=2326069248 len=4096
efs-fuse read: decode error (efs_rc=-9) ino=193435 off=2035814400 len=4096
efs-fuse read: decode error (efs_rc=-9) ino=92985 off=855597056 len=4096
efs-fuse read: decode error (efs_rc=-9) ino=134967 off=542683136 len=4096
efs-fuse read: decode error (efs_rc=-9) ino=238361 off=195121152 len=4096
efs-fuse read: decode error (efs_rc=-9) ino=209819 off=155959296 len=4096
efs-fuse read: decode error (efs_rc=-9) ino=201627 off=1248444416 len=4096
efs-fuse read: decode error (efs_rc=-9) ino=101177 off=1418076160 len=4096
efs-fuse read: decode error (efs_rc=-9) ino=139063 off=392310784 len=4096
efs-fuse read: decode error (efs_rc=-9) ino=197531 off=483352576 len=4096
efs-fuse read: decode error (efs_rc=-9) ino=185243 off=419897344 len=4096
efs-fuse read: decode error (efs_rc=-9) ino=353257 off=2569625600 len=4096
efs-fuse read: decode error (efs_rc=-9) ino=205723 off=1092235264 len=4096
efs-fuse read: decode error (efs_rc=-9) ino=189339 off=2365100032 len=4096
efs-fuse read: decode error (efs_rc=-9) ino=193435 off=2038943744 len=4096
efs-fuse read: decode error (efs_rc=-9) ino=92985 off=864215040 len=4096
efs-fuse read: decode error (efs_rc=-9) ino=134967 off=547209216 len=4096
efs-fuse read: decode error (efs_rc=-9) ino=238361 off=202153984 len=4096
efs-fuse read: decode error (efs_rc=-9) ino=209819 off=159641600 len=4096
efs-fuse read: decode error (efs_rc=-9) ino=201627 off=1259147264 len=4096
efs-fuse read: decode error (efs_rc=-9) ino=101177 off=1427116032 len=4096
efs-fuse read: decode error (efs_rc=-9) ino=139063 off=399261696 len=4096
efs-fuse read: decode error (efs_rc=-9) ino=197531 off=493072384 len=4096
efs-fuse read: decode error (efs_rc=-9) ino=185243 off=434708480 len=4096
efs-fuse read: decode error (efs_rc=-9) ino=353257 off=2578792448 len=4096
efs-fuse read: decode error (efs_rc=-9) ino=205723 off=1095606272 len=4096
efs-fuse read: decode error (efs_rc=-9) ino=189339 off=2372354048 len=4096
efs-fuse read: decode error (efs_rc=-9) ino=193435 off=2054848512 len=4096
efs-fuse read: decode error (efs_rc=-9) ino=92985 off=872833024 len=4096
inode-rpc: retry type=45 attempt=13 why=send
efs-fuse read: decode error (efs_rc=-9) ino=134967 off=551735296 len=4096
inode-rpc: retry type=87 attempt=13 why=send
efs-fuse read: decode error (efs_rc=-9) ino=238361 off=203218944 len=4096
efs-fuse read: decode error (efs_rc=-9) ino=209819 off=195481600 len=4096
efs-fuse read: decode error (efs_rc=-9) ino=201627 off=1265287168 len=4096
efs-fuse read: decode error (efs_rc=-9) ino=101177 off=1436291072 len=4096
efs-fuse read: decode error (efs_rc=-9) ino=139063 off=401059840 len=4096
efs-fuse read: decode error (efs_rc=-9) ino=197531 off=502792192 len=4096
efs-fuse read: decode error (efs_rc=-9) ino=185243 off=450351104 len=4096
efs-fuse read: decode error (efs_rc=-9) ino=353257 off=2587959296 len=4096
efs-fuse read: decode error (efs_rc=-9) ino=205723 off=1098977280 len=4096
efs-fuse read: decode error (efs_rc=-9) ino=193435 off=2057977856 len=4096
efs-fuse read: decode error (efs_rc=-9) ino=189339 off=2379608064 len=4096
efs-fuse read: decode error (efs_rc=-9) ino=92985 off=886231040 len=4096
efs-fuse read: decode error (efs_rc=-9) ino=134967 off=556261376 len=4096
efs-fuse read: decode error (efs_rc=-9) ino=238361 off=210251776 len=4096
efs-fuse read: decode error (efs_rc=-9) ino=209819 off=199163904 len=4096
efs-fuse read: decode error (efs_rc=-9) ino=201627 off=1275990016 len=4096
efs-fuse read: decode error (efs_rc=-9) ino=101177 off=1445330944 len=4096
efs-fuse read: decode error (efs_rc=-9) ino=139063 off=408010752 len=4096
efs-fuse read: decode error (efs_rc=-9) ino=197531 off=527630336 len=4096
efs-fuse read: decode error (efs_rc=-9) ino=185243 off=465162240 len=4096
efs-fuse read: decode error (efs_rc=-9) ino=353257 off=2597126144 len=4096
efs-fuse read: decode error (efs_rc=-9) ino=205723 off=1125396480 len=4096
efs-fuse read: decode error (efs_rc=-9) ino=193435 off=2077011968 len=4096
efs-fuse read: decode error (efs_rc=-9) ino=189339 off=2386862080 len=4096
efs-fuse read: decode error (efs_rc=-9) ino=92985 off=894849024 len=4096
efs-fuse read: decode error (efs_rc=-9) ino=134967 off=565313536 len=4096
efs-fuse read: decode error (efs_rc=-9) ino=238361 off=217284608 len=4096
efs-fuse read: decode error (efs_rc=-9) ino=201627 off=1282129920 len=4096
efs-fuse read: decode error (efs_rc=-9) ino=209819 off=202846208 len=4096
efs-fuse read: decode error (efs_rc=-9) ino=101177 off=1445466112 len=4096
efs-fuse read: decode error (efs_rc=-9) ino=139063 off=410587136 len=4096
efs-fuse read: decode error (efs_rc=-9) ino=197531 off=537350144 len=4096
efs-fuse read: decode error (efs_rc=-9) ino=185243 off=495616000 len=4096
efs-fuse read: decode error (efs_rc=-9) ino=353257 off=2606292992 len=4096
efs-fuse read: decode error (efs_rc=-9) ino=205723 off=1128767488 len=4096
efs-fuse read: decode error (efs_rc=-9) ino=193435 off=2080141312 len=4096
efs-fuse read: decode error (efs_rc=-9) ino=189339 off=2394116096 len=4096
efs-fuse read: decode error (efs_rc=-9) ino=92985 off=903467008 len=4096
efs-fuse read: decode error (efs_rc=-9) ino=134967 off=622358528 len=4096
efs-fuse read: decode error (efs_rc=-9) ino=238361 off=218349568 len=4096
efs-fuse read: decode error (efs_rc=-9) ino=201627 off=1292832768 len=4096
efs-fuse read: decode error (efs_rc=-9) ino=101177 off=1454505984 len=4096
efs-fuse read: decode error (efs_rc=-9) ino=209819 off=206528512 len=4096
efs-fuse read: decode error (efs_rc=-9) ino=139063 off=414961664 len=4096
efs-fuse read: decode error (efs_rc=-9) ino=197531 off=547069952 len=4096
efs-fuse read: decode error (efs_rc=-9) ino=185243 off=496447488 len=4096
efs-fuse read: decode error (efs_rc=-9) ino=353257 off=2654900224 len=4096
efs-fuse read: decode error (efs_rc=-9) ino=205723 off=1132138496 len=4096
efs-fuse read: decode error (efs_rc=-9) ino=189339 off=2401370112 len=4096
efs-fuse read: decode error (efs_rc=-9) ino=193435 off=2099175424 len=4096
efs-fuse read: decode error (efs_rc=-9) ino=92985 off=912084992 len=4096
efs-fuse read: decode error (efs_rc=-9) ino=134967 off=626884608 len=4096
efs-fuse read: decode error (efs_rc=-9) ino=238361 off=225382400 len=4096
efs-fuse read: decode error (efs_rc=-9) ino=201627 off=1303535616 len=4096
efs-fuse read: decode error (efs_rc=-9) ino=101177 off=1463681024 len=4096
efs-fuse read: decode error (efs_rc=-9) ino=209819 off=210210816 len=4096
efs-fuse read: decode error (efs_rc=-9) ino=139063 off=417538048 len=4096
efs-fuse read: decode error (efs_rc=-9) ino=197531 off=556789760 len=4096
efs-fuse read: decode error (efs_rc=-9) ino=185243 off=511258624 len=4096
efs-fuse read: decode error (efs_rc=-9) ino=353257 off=2664067072 len=4096
efs-fuse read: decode error (efs_rc=-9) ino=205723 off=1135509504 len=4096
efs-fuse read: decode error (efs_rc=-9) ino=193435 off=2115080192 len=4096
efs-fuse read: decode error (efs_rc=-9) ino=189339 off=2408624128 len=4096
efs-fuse read: decode error (efs_rc=-9) ino=92985 off=920702976 len=4096
efs-fuse read: decode error (efs_rc=-9) ino=134967 off=631410688 len=4096
efs-fuse read: decode error (efs_rc=-9) ino=238361 off=232415232 len=4096
efs-fuse read: decode error (efs_rc=-9) ino=201627 off=1309675520 len=4096
efs-fuse read: decode error (efs_rc=-9) ino=101177 off=1472856064 len=4096
efs-fuse read: decode error (efs_rc=-9) ino=209819 off=213893120 len=4096
efs-fuse read: decode error (efs_rc=-9) ino=139063 off=424488960 len=4096
inode-rpc: retry type=87 attempt=0 why=send
efs-fuse read: decode error (efs_rc=-9) ino=197531 off=581627904 len=4096
efs-fuse read: decode error (efs_rc=-9) ino=205723 off=1161928704 len=4096
efs-fuse read: decode error (efs_rc=-9) ino=353257 off=2673233920 len=4096
efs-fuse read: decode error (efs_rc=-9) ino=185243 off=526069760 len=4096
efs-fuse read: decode error (efs_rc=-9) ino=193435 off=2118209536 len=4096
efs-fuse read: decode error (efs_rc=-9) ino=189339 off=2415878144 len=4096
efs-fuse read: decode error (efs_rc=-9) ino=92985 off=929320960 len=4096
efs-fuse read: decode error (efs_rc=-9) ino=134967 off=635936768 len=4096
inode-rpc: retry type=87 attempt=1 why=send
efs-fuse read: decode error (efs_rc=-9) ino=238361 off=233480192 len=4096
efs-fuse read: decode error (efs_rc=-9) ino=201627 off=1320378368 len=4096
efs-fuse read: decode error (efs_rc=-9) ino=101177 off=1481895936 len=4096
efs-fuse read: decode error (efs_rc=-9) ino=139063 off=428863488 len=4096
efs-fuse read: decode error (efs_rc=-9) ino=209819 off=217575424 len=4096
efs-fuse read: decode error (efs_rc=-9) ino=197531 off=591347712 len=4096
efs-fuse read: decode error (efs_rc=-9) ino=205723 off=1165299712 len=4096
efs-fuse read: decode error (efs_rc=-9) ino=353257 off=2682400768 len=4096
efs-fuse read: decode error (efs_rc=-9) ino=193435 off=2137243648 len=4096
efs-fuse read: decode error (efs_rc=-9) ino=185243 off=526901248 len=4096
efs-fuse read: decode error (efs_rc=-9) ino=189339 off=2423132160 len=4096
efs-fuse read: decode error (efs_rc=-9) ino=92985 off=937938944 len=4096
efs-fuse read: decode error (efs_rc=-9) ino=134967 off=640462848 len=4096
inode-rpc: retry type=87 attempt=2 why=send
efs-fuse read: decode error (efs_rc=-9) ino=238361 off=240513024 len=4096
efs-fuse read: decode error (efs_rc=-9) ino=201627 off=1326518272 len=4096
efs-fuse read: decode error (efs_rc=-9) ino=101177 off=1482031104 len=4096
efs-fuse read: decode error (efs_rc=-9) ino=139063 off=431439872 len=4096
efs-fuse read: decode error (efs_rc=-9) ino=209819 off=221257728 len=4096
efs-fuse read: decode error (efs_rc=-9) ino=197531 off=601067520 len=4096
efs-fuse read: decode error (efs_rc=-9) ino=205723 off=1168670720 len=4096
efs-fuse read: decode error (efs_rc=-9) ino=353257 off=2740174848 len=4096
inode-rpc: retry type=45 attempt=14 why=send
efs-fuse read: decode error (efs_rc=-9) ino=193435 off=2140372992 len=4096
efs-fuse read: decode error (efs_rc=-9) ino=189339 off=2430386176 len=4096
efs-fuse read: decode error (efs_rc=-9) ino=92985 off=942718976 len=4096
efs-fuse read: decode error (efs_rc=-9) ino=185243 off=541712384 len=4096
inode-rpc: retry type=87 attempt=14 why=send
efs-fuse read: decode error (efs_rc=-9) ino=134967 off=644988928 len=4096
efs-fuse read: decode error (efs_rc=-9) ino=201627 off=1337221120 len=4096
efs-fuse read: decode error (efs_rc=-9) ino=238361 off=247545856 len=4096
efs-fuse read: decode error (efs_rc=-9) ino=101177 off=1491070976 len=4096
efs-fuse read: decode error (efs_rc=-9) ino=139063 off=435814400 len=4096
efs-fuse read: decode error (efs_rc=-9) ino=209819 off=224940032 len=4096
efs-fuse read: decode error (efs_rc=-9) ino=197531 off=610787328 len=4096
efs-fuse read: decode error (efs_rc=-9) ino=205723 off=1172041728 len=4096
efs-fuse read: decode error (efs_rc=-9) ino=353257 off=2749341696 len=4096
efs-fuse read: decode error (efs_rc=-9) ino=193435 off=2156277760 len=4096
efs-fuse read: decode error (efs_rc=-9) ino=92985 off=951336960 len=4096
efs-fuse read: decode error (efs_rc=-9) ino=189339 off=2437640192 len=4096
efs-fuse read: decode error (efs_rc=-9) ino=185243 off=557355008 len=4096
inode-rpc: retry type=87 attempt=3 why=send
efs-fuse read: decode error (efs_rc=-9) ino=134967 off=649515008 len=4096
efs-fuse read: decode error (efs_rc=-9) ino=201627 off=1347923968 len=4096
efs-fuse read: decode error (efs_rc=-9) ino=101177 off=1500246016 len=4096
efs-fuse read: decode error (efs_rc=-9) ino=238361 off=248610816 len=4096
efs-fuse read: decode error (efs_rc=-9) ino=139063 off=438390784 len=4096
efs-fuse read: decode error (efs_rc=-9) ino=209819 off=260780032 len=4096
efs-fuse read: decode error (efs_rc=-9) ino=197531 off=635625472 len=4096
efs-fuse read: decode error (efs_rc=-9) ino=205723 off=1175412736 len=4096
efs-fuse read: decode error (efs_rc=-9) ino=193435 off=2159407104 len=4096
efs-fuse read: decode error (efs_rc=-9) ino=353257 off=2758508544 len=4096
efs-fuse read: decode error (efs_rc=-9) ino=92985 off=959954944 len=4096
efs-fuse read: decode error (efs_rc=-9) ino=189339 off=2444894208 len=4096
efs-fuse read: decode error (efs_rc=-9) ino=185243 off=572166144 len=4096
efs-fuse read: decode error (efs_rc=-9) ino=134967 off=654041088 len=4096
efs-fuse read: decode error (efs_rc=-9) ino=201627 off=1354063872 len=4096
efs-fuse read: decode error (efs_rc=-9) ino=101177 off=1509421056 len=4096
efs-fuse read: decode error (efs_rc=-9) ino=238361 off=255643648 len=4096
efs-fuse read: decode error (efs_rc=-9) ino=139063 off=440188928 len=4096
efs-fuse read: decode error (efs_rc=-9) ino=209819 off=264462336 len=4096
efs-fuse read: decode error (efs_rc=-9) ino=197531 off=645345280 len=4096
efs-fuse read: decode error (efs_rc=-9) ino=205723 off=1201831936 len=4096
efs-fuse read: decode error (efs_rc=-9) ino=193435 off=2178441216 len=4096
efs-fuse read: decode error (efs_rc=-9) ino=353257 off=2767675392 len=4096
efs-fuse read: decode error (efs_rc=-9) ino=92985 off=968572928 len=4096
efs-fuse read: decode error (efs_rc=-9) ino=189339 off=2483924992 len=4096
efs-fuse read: decode error (efs_rc=-9) ino=185243 off=587808768 len=4096
efs-fuse read: decode error (efs_rc=-9) ino=134967 off=658567168 len=4096
efs-fuse read: decode error (efs_rc=-9) ino=201627 off=1364766720 len=4096
efs-fuse read: decode error (efs_rc=-9) ino=101177 off=1518460928 len=4096
efs-fuse read: decode error (efs_rc=-9) ino=139063 off=442765312 len=4096
efs-fuse read: decode error (efs_rc=-9) ino=238361 off=262676480 len=4096
efs-fuse read: decode error (efs_rc=-9) ino=209819 off=268144640 len=4096
efs-fuse read: decode error (efs_rc=-9) ino=197531 off=655065088 len=4096
efs-fuse read: decode error (efs_rc=-9) ino=205723 off=1205202944 len=4096
efs-fuse read: decode error (efs_rc=-9) ino=193435 off=2181570560 len=4096
efs-fuse read: decode error (efs_rc=-9) ino=353257 off=2816282624 len=4096
efs-fuse read: decode error (efs_rc=-9) ino=92985 off=977190912 len=4096
efs-fuse read: decode error (efs_rc=-9) ino=189339 off=2491179008 len=4096
efs-fuse read: decode error (efs_rc=-9) ino=185243 off=602619904 len=4096
efs-fuse read: decode error (efs_rc=-9) ino=134967 off=663093248 len=4096
efs-fuse read: decode error (efs_rc=-9) ino=201627 off=1370906624 len=4096
efs-fuse read: decode error (efs_rc=-9) ino=101177 off=1518596096 len=4096
efs-fuse read: decode error (efs_rc=-9) ino=139063 off=445341696 len=4096
efs-fuse read: decode error (efs_rc=-9) ino=238361 off=270774272 len=4096
efs-fuse read: decode error (efs_rc=-9) ino=209819 off=271826944 len=4096
efs-fuse read: decode error (efs_rc=-9) ino=205723 off=1208573952 len=4096
efs-fuse read: decode error (efs_rc=-9) ino=193435 off=2197475328 len=4096
efs-fuse read: decode error (efs_rc=-9) ino=353257 off=2825449472 len=4096
efs-fuse read: decode error (efs_rc=-9) ino=197531 off=664784896 len=4096
efs-fuse read: decode error (efs_rc=-9) ino=92985 off=985808896 len=4096
efs-fuse read: decode error (efs_rc=-9) ino=189339 off=2498433024 len=4096
efs-fuse read: decode error (efs_rc=-9) ino=185243 off=603451392 len=4096
inode-rpc: retry type=87 attempt=4 why=send
efs-fuse read: decode error (efs_rc=-9) ino=134967 off=667619328 len=4096
efs-fuse read: decode error (efs_rc=-9) ino=201627 off=1381609472 len=4096
efs-fuse read: decode error (efs_rc=-9) ino=101177 off=1527635968 len=4096
efs-fuse read: decode error (efs_rc=-9) ino=139063 off=447139840 len=4096
efs-fuse read: decode error (efs_rc=-9) ino=238361 off=277807104 len=4096
efs-fuse read: decode error (efs_rc=-9) ino=209819 off=275509248 len=4096
efs-fuse read: decode error (efs_rc=-9) ino=205723 off=1211944960 len=4096
efs-fuse read: decode error (efs_rc=-9) ino=193435 off=2200604672 len=4096
efs-fuse read: decode error (efs_rc=-9) ino=353257 off=2834616320 len=4096
efs-fuse read: decode error (efs_rc=-9) ino=92985 off=990588928 len=4096
efs-fuse read: decode error (efs_rc=-9) ino=189339 off=2505687040 len=4096
efs-fuse read: decode error (efs_rc=-9) ino=197531 off=689623040 len=4096
efs-fuse read: decode error (efs_rc=-9) ino=185243 off=618262528 len=4096
efs-fuse read: decode error (efs_rc=-9) ino=134967 off=672145408 len=4096
efs-fuse read: decode error (efs_rc=-9) ino=201627 off=1392312320 len=4096
efs-fuse read: decode error (efs_rc=-9) ino=101177 off=1536811008 len=4096
efs-fuse read: decode error (efs_rc=-9) ino=139063 off=449716224 len=4096
efs-fuse read: decode error (efs_rc=-9) ino=238361 off=285904896 len=4096
efs-fuse read: decode error (efs_rc=-9) ino=209819 off=279191552 len=4096
efs-fuse read: decode error (efs_rc=-9) ino=205723 off=1215315968 len=4096
efs-fuse read: decode error (efs_rc=-9) ino=193435 off=2216509440 len=4096
efs-fuse read: decode error (efs_rc=-9) ino=353257 off=2843783168 len=4096
efs-fuse read: decode error (efs_rc=-9) ino=92985 off=994426880 len=4096
efs-fuse read: decode error (efs_rc=-9) ino=189339 off=2512941056 len=4096
efs-fuse read: decode error (efs_rc=-9) ino=197531 off=699342848 len=4096
efs-fuse read: decode error (efs_rc=-9) ino=185243 off=633905152 len=4096
efs-fuse read: decode error (efs_rc=-9) ino=134967 off=676671488 len=4096
efs-fuse read: decode error (efs_rc=-9) ino=201627 off=1398452224 len=4096
efs-fuse read: decode error (efs_rc=-9) ino=101177 off=1545850880 len=4096
efs-fuse read: decode error (efs_rc=-9) ino=139063 off=456667136 len=4096
efs-fuse read: decode error (efs_rc=-9) ino=238361 off=292937728 len=4096
inode-rpc: retry type=43 attempt=0 why=send
efs-fuse read: decode error (efs_rc=-9) ino=209819 off=282873856 len=4096
efs-fuse read: decode error (efs_rc=-9) ino=205723 off=1241735168 len=4096
efs-fuse read: decode error (efs_rc=-9) ino=193435 off=2219638784 len=4096
efs-fuse read: decode error (efs_rc=-9) ino=92985 off=999206912 len=4096
efs-fuse read: decode error (efs_rc=-9) ino=353257 off=2901557248 len=4096
efs-fuse read: decode error (efs_rc=-9) ino=189339 off=2520195072 len=4096
inode-rpc: retry type=87 attempt=0 why=send
efs-fuse read: decode error (efs_rc=-9) ino=197531 off=709062656 len=4096
efs-fuse read: decode error (efs_rc=-9) ino=185243 off=648716288 len=4096
inode-rpc: retry type=43 attempt=1 why=send
efs-fuse read: decode error (efs_rc=-9) ino=134967 off=681197568 len=4096
inode-rpc: retry type=87 attempt=1 why=send
efs-fuse read: decode error (efs_rc=-9) ino=201627 off=1409155072 len=4096
efs-fuse read: decode error (efs_rc=-9) ino=101177 off=1545986048 len=4096
efs-fuse read: decode error (efs_rc=-9) ino=139063 off=461041664 len=4096
efs-fuse read: decode error (efs_rc=-9) ino=238361 off=301035520 len=4096
efs-fuse read: decode error (efs_rc=-9) ino=209819 off=286556160 len=4096
inode-rpc: retry type=43 attempt=0 why=send
efs-fuse read: decode error (efs_rc=-9) ino=205723 off=1245106176 len=4096
inode-rpc: retry type=43 attempt=0 why=send
efs-fuse read: decode error (efs_rc=-9) ino=92985 off=1007824896 len=4096
efs-fuse read: decode error (efs_rc=-9) ino=193435 off=2238672896 len=4096
efs-fuse read: decode error (efs_rc=-9) ino=189339 off=2527449088 len=4096
efs-fuse read: decode error (efs_rc=-9) ino=353257 off=2910724096 len=4096
efs-fuse read: decode error (efs_rc=-9) ino=197531 off=718782464 len=4096
efs-fuse read: decode error (efs_rc=-9) ino=185243 off=664358912 len=4096
inode-rpc: retry type=43 attempt=2 why=send
inode-rpc: retry type=43 attempt=1 why=send
efs-fuse read: decode error (efs_rc=-9) ino=134967 off=733716480 len=4096
inode-rpc: retry type=43 attempt=1 why=send
inode-rpc: retry type=87 attempt=2 why=send
efs-fuse read: decode error (efs_rc=-9) ino=101177 off=1555025920 len=4096
efs-fuse read: decode error (efs_rc=-9) ino=201627 off=1415294976 len=4096
efs-fuse read: decode error (efs_rc=-9) ino=139063 off=467992576 len=4096
efs-fuse read: decode error (efs_rc=-9) ino=238361 off=308068352 len=4096
efs-fuse read: decode error (efs_rc=-9) ino=205723 off=1248477184 len=4096
efs-fuse read: decode error (efs_rc=-9) ino=92985 off=1016442880 len=4096
efs-fuse read: decode error (efs_rc=-9) ino=209819 off=326078464 len=4096
efs-fuse read: decode error (efs_rc=-9) ino=193435 off=2241802240 len=4096
efs-fuse read: decode error (efs_rc=-9) ino=353257 off=2929057792 len=4096
efs-fuse read: decode error (efs_rc=-9) ino=189339 off=2556465152 len=4096
efs-fuse read: decode error (efs_rc=-9) ino=197531 off=743620608 len=4096
efs-fuse read: decode error (efs_rc=-9) ino=185243 off=679170048 len=4096
inode-rpc: retry type=43 attempt=2 why=send
inode-rpc: retry type=43 attempt=2 why=send
efs-fuse read: decode error (efs_rc=-9) ino=134967 off=738242560 len=4096
efs-fuse read: decode error (efs_rc=-9) ino=101177 off=1564200960 len=4096
efs-fuse read: decode error (efs_rc=-9) ino=201627 off=1425997824 len=4096
efs-fuse read: decode error (efs_rc=-9) ino=139063 off=470568960 len=4096
efs-fuse read: decode error (efs_rc=-9) ino=238361 off=316166144 len=4096
efs-fuse read: decode error (efs_rc=-9) ino=205723 off=1251848192 len=4096
efs-fuse read: decode error (efs_rc=-9) ino=92985 off=1033678848 len=4096
efs-fuse read: decode error (efs_rc=-9) ino=193435 off=2257707008 len=4096
efs-fuse read: decode error (efs_rc=-9) ino=353257 off=2977665024 len=4096
efs-fuse read: decode error (efs_rc=-9) ino=209819 off=329760768 len=4096
efs-fuse read: decode error (efs_rc=-9) ino=189339 off=3108864 len=4096
efs-fuse read: decode error (efs_rc=-9) ino=197531 off=753340416 len=4096
efs-fuse read: decode error (efs_rc=-9) ino=185243 off=694812672 len=4096
inode-rpc: retry type=43 attempt=3 why=send
inode-rpc: retry type=87 attempt=3 why=send
efs-fuse read: decode error (efs_rc=-9) ino=134967 off=742768640 len=4096
efs-fuse read: decode error (efs_rc=-9) ino=201627 off=1436700672 len=4096
efs-fuse read: decode error (efs_rc=-9) ino=101177 off=1573376000 len=4096
efs-fuse read: decode error (efs_rc=-9) ino=139063 off=474943488 len=4096
efs-fuse read: decode error (efs_rc=-9) ino=238361 off=323198976 len=4096
efs-fuse read: decode error (efs_rc=-9) ino=205723 off=1255219200 len=4096
efs-fuse read: decode error (efs_rc=-9) ino=92985 off=1042296832 len=4096
efs-fuse read: decode error (efs_rc=-9) ino=193435 off=2260836352 len=4096
efs-fuse read: decode error (efs_rc=-9) ino=353257 off=2986831872 len=4096
efs-fuse read: decode error (efs_rc=-9) ino=209819 off=333443072 len=4096
efs-fuse read: decode error (efs_rc=-9) ino=189339 off=10362880 len=4096
efs-fuse read: decode error (efs_rc=-9) ino=197531 off=763060224 len=4096
efs-fuse read: decode error (efs_rc=-9) ino=185243 off=709623808 len=4096
inode-rpc: retry type=43 attempt=3 why=send
inode-rpc: retry type=43 attempt=3 why=send
efs-fuse read: decode error (efs_rc=-9) ino=134967 off=747294720 len=4096
efs-fuse read: decode error (efs_rc=-9) ino=201627 off=1442840576 len=4096
efs-fuse read: decode error (efs_rc=-9) ino=101177 off=1582415872 len=4096
efs-fuse read: decode error (efs_rc=-9) ino=139063 off=477519872 len=4096
efs-fuse read: decode error (efs_rc=-9) ino=238361 off=331296768 len=4096
efs-fuse read: decode error (efs_rc=-9) ino=205723 off=1281638400 len=4096
efs-fuse read: decode error (efs_rc=-9) ino=193435 off=2279870464 len=4096
efs-fuse read: decode error (efs_rc=-9) ino=92985 off=1047076864 len=4096
efs-fuse read: decode error (efs_rc=-9) ino=353257 off=2995998720 len=4096
efs-fuse read: decode error (efs_rc=-9) ino=209819 off=337125376 len=4096
efs-fuse read: decode error (efs_rc=-9) ino=189339 off=17616896 len=4096
inode-rpc: retry type=87 attempt=5 why=send
efs-fuse read: decode error (efs_rc=-9) ino=197531 off=772780032 len=4096
efs-fuse read: decode error (efs_rc=-9) ino=185243 off=710455296 len=4096
efs-fuse read: decode error (efs_rc=-9) ino=134967 off=751820800 len=4096
efs-fuse read: decode error (efs_rc=-9) ino=201627 off=1453543424 len=4096
efs-fuse read: decode error (efs_rc=-9) ino=101177 off=1582551040 len=4096
efs-fuse read: decode error (efs_rc=-9) ino=139063 off=481894400 len=4096
efs-fuse read: decode error (efs_rc=-9) ino=238361 off=338329600 len=4096
efs-fuse read: decode error (efs_rc=-9) ino=205723 off=1285009408 len=4096
efs-fuse read: decode error (efs_rc=-9) ino=193435 off=2298904576 len=4096
efs-fuse read: decode error (efs_rc=-9) ino=353257 off=3005165568 len=4096
efs-fuse read: decode error (efs_rc=-9) ino=92985 off=1055694848 len=4096
efs-fuse read: decode error (efs_rc=-9) ino=209819 off=340807680 len=4096
efs-fuse read: decode error (efs_rc=-9) ino=189339 off=24870912 len=4096
efs-fuse read: decode error (efs_rc=-9) ino=197531 off=782499840 len=4096
efs-fuse read: decode error (efs_rc=-9) ino=185243 off=740077568 len=4096
efs-fuse read: decode error (efs_rc=-9) ino=134967 off=756346880 len=4096
efs-fuse read: decode error (efs_rc=-9) ino=201627 off=1459683328 len=4096
efs-fuse read: decode error (efs_rc=-9) ino=101177 off=1591590912 len=4096
efs-fuse read: decode error (efs_rc=-9) ino=139063 off=484470784 len=4096
efs-fuse read: decode error (efs_rc=-9) ino=238361 off=346427392 len=4096
efs-fuse read: decode error (efs_rc=-9) ino=193435 off=2302033920 len=4096
efs-fuse read: decode error (efs_rc=-9) ino=353257 off=3062939648 len=4096
efs-fuse read: decode error (efs_rc=-9) ino=205723 off=1288380416 len=4096
efs-fuse read: decode error (efs_rc=-9) ino=92985 off=1064312832 len=4096
efs-fuse read: decode error (efs_rc=-9) ino=209819 off=344489984 len=4096
efs-fuse read: decode error (efs_rc=-9) ino=189339 off=32124928 len=4096
efs-fuse read: decode error (efs_rc=-9) ino=197531 off=797618176 len=4096
efs-fuse read: decode error (efs_rc=-9) ino=185243 off=740909056 len=4096
inode-rpc: retry type=43 attempt=4 why=send
inode-rpc: retry type=87 attempt=4 why=send
efs-fuse read: decode error (efs_rc=-9) ino=134967 off=760872960 len=4096
efs-fuse read: decode error (efs_rc=-9) ino=201627 off=1470386176 len=4096
efs-fuse read: decode error (efs_rc=-9) ino=101177 off=1600765952 len=4096
efs-fuse read: decode error (efs_rc=-9) ino=139063 off=486268928 len=4096
efs-fuse read: decode error (efs_rc=-9) ino=238361 off=353460224 len=4096
efs-fuse read: decode error (efs_rc=-9) ino=353257 off=3072106496 len=4096
efs-fuse read: decode error (efs_rc=-9) ino=193435 off=2321068032 len=4096
efs-fuse read: decode error (efs_rc=-9) ino=205723 off=1291751424 len=4096
efs-fuse read: decode error (efs_rc=-9) ino=92985 off=1072930816 len=4096
efs-fuse read: decode error (efs_rc=-9) ino=209819 off=348172288 len=4096
efs-fuse read: decode error (efs_rc=-9) ino=189339 off=39378944 len=4096
efs-fuse read: decode error (efs_rc=-9) ino=197531 off=807337984 len=4096
efs-fuse read: decode error (efs_rc=-9) ino=185243 off=755720192 len=4096
inode-rpc: retry type=43 attempt=4 why=send
inode-rpc: retry type=43 attempt=4 why=send
efs-fuse read: decode error (efs_rc=-9) ino=134967 off=765399040 len=4096
efs-fuse read: decode error (efs_rc=-9) ino=201627 off=1481089024 len=4096
efs-fuse read: decode error (efs_rc=-9) ino=101177 off=1609940992 len=4096
efs-fuse read: decode error (efs_rc=-9) ino=139063 off=488845312 len=4096
efs-fuse read: decode error (efs_rc=-9) ino=353257 off=3081273344 len=4096
efs-fuse read: decode error (efs_rc=-9) ino=205723 off=1295122432 len=4096
efs-fuse read: decode error (efs_rc=-9) ino=238361 off=361558016 len=4096
efs-fuse read: decode error (efs_rc=-9) ino=193435 off=2340102144 len=4096
efs-fuse read: decode error (efs_rc=-9) ino=92985 off=1081548800 len=4096
efs-fuse read: decode error (efs_rc=-9) ino=209819 off=351854592 len=4096
efs-fuse read: decode error (efs_rc=-9) ino=189339 off=78409728 len=4096
efs-fuse read: decode error (efs_rc=-9) ino=197531 off=817057792 len=4096
efs-fuse read: decode error (efs_rc=-9) ino=185243 off=771362816 len=4096
efs-fuse read: decode error (efs_rc=-9) ino=134967 off=769925120 len=4096
efs-fuse read: decode error (efs_rc=-9) ino=201627 off=1487228928 len=4096
efs-fuse read: decode error (efs_rc=-9) ino=101177 off=1618980864 len=4096
efs-fuse read: decode error (efs_rc=-9) ino=139063 off=491421696 len=4096
efs-fuse read: decode error (efs_rc=-9) ino=353257 off=3090440192 len=4096
efs-fuse read: decode error (efs_rc=-9) ino=205723 off=1318170624 len=4096
efs-fuse read: decode error (efs_rc=-9) ino=193435 off=2343231488 len=4096
efs-fuse read: decode error (efs_rc=-9) ino=92985 off=1090166784 len=4096
efs-fuse read: decode error (efs_rc=-9) ino=238361 off=368590848 len=4096
efs-fuse read: decode error (efs_rc=-9) ino=209819 off=355536896 len=4096
efs-fuse read: decode error (efs_rc=-9) ino=189339 off=85663744 len=4096
efs-fuse read: decode error (efs_rc=-9) ino=197531 off=826777600 len=4096
efs-fuse read: decode error (efs_rc=-9) ino=185243 off=786173952 len=4096
efs-fuse read: decode error (efs_rc=-9) ino=201627 off=1497931776 len=4096
efs-fuse read: decode error (efs_rc=-9) ino=134967 off=774451200 len=4096
efs-fuse read: decode error (efs_rc=-9) ino=101177 off=1619116032 len=4096
efs-fuse read: decode error (efs_rc=-9) ino=139063 off=493219840 len=4096
efs-fuse read: decode error (efs_rc=-9) ino=353257 off=3139047424 len=4096
efs-fuse read: decode error (efs_rc=-9) ino=205723 off=1321541632 len=4096
efs-fuse read: decode error (efs_rc=-9) ino=193435 off=2359136256 len=4096
efs-fuse read: decode error (efs_rc=-9) ino=92985 off=1094946816 len=4096
efs-fuse read: decode error (efs_rc=-9) ino=238361 off=376688640 len=4096
efs-fuse read: decode error (efs_rc=-9) ino=209819 off=391376896 len=4096
efs-fuse read: decode error (efs_rc=-9) ino=189339 off=92917760 len=4096
efs-fuse read: decode error (efs_rc=-9) ino=197531 off=836497408 len=4096
efs-fuse read: decode error (efs_rc=-9) ino=185243 off=801816576 len=4096
efs-fuse read: decode error (efs_rc=-9) ino=201627 off=1504071680 len=4096
efs-fuse read: decode error (efs_rc=-9) ino=101177 off=1628155904 len=4096
efs-fuse read: decode error (efs_rc=-9) ino=134967 off=778977280 len=4096
efs-fuse read: decode error (efs_rc=-9) ino=139063 off=495796224 len=4096
efs-fuse read: decode error (efs_rc=-9) ino=353257 off=3148214272 len=4096
efs-fuse read: decode error (efs_rc=-9) ino=205723 off=1324912640 len=4096
efs-fuse read: decode error (efs_rc=-9) ino=193435 off=2362265600 len=4096
efs-fuse read: decode error (efs_rc=-9) ino=92985 off=1098784768 len=4096
efs-fuse read: decode error (efs_rc=-9) ino=238361 off=383721472 len=4096
efs-fuse read: decode error (efs_rc=-9) ino=209819 off=395059200 len=4096
efs-fuse read: decode error (efs_rc=-9) ino=189339 off=100171776 len=4096
efs-fuse read: decode error (efs_rc=-9) ino=197531 off=851615744 len=4096
efs-fuse read: decode error (efs_rc=-9) ino=185243 off=816627712 len=4096
efs-fuse read: decode error (efs_rc=-9) ino=201627 off=1514774528 len=4096
efs-fuse read: decode error (efs_rc=-9) ino=101177 off=1637330944 len=4096
efs-fuse read: decode error (efs_rc=-9) ino=134967 off=783503360 len=4096
efs-fuse read: decode error (efs_rc=-9) ino=139063 off=500170752 len=4096
efs-fuse read: decode error (efs_rc=-9) ino=353257 off=3157381120 len=4096
efs-fuse read: decode error (efs_rc=-9) ino=205723 off=1328283648 len=4096
efs-fuse read: decode error (efs_rc=-9) ino=193435 off=2378170368 len=4096
efs-fuse read: decode error (efs_rc=-9) ino=92985 off=1103564800 len=4096
efs-fuse read: decode error (efs_rc=-9) ino=238361 off=391819264 len=4096
inode-rpc: retry type=87 attempt=6 why=send
efs-fuse read: decode error (efs_rc=-9) ino=209819 off=398741504 len=4096
efs-fuse read: decode error (efs_rc=-9) ino=189339 off=107425792 len=4096
efs-fuse read: decode error (efs_rc=-9) ino=197531 off=861335552 len=4096
efs-fuse read: decode error (efs_rc=-9) ino=185243 off=817459200 len=4096
efs-fuse read: decode error (efs_rc=-9) ino=201627 off=1520914432 len=4096
efs-fuse read: decode error (efs_rc=-9) ino=101177 off=1646370816 len=4096
efs-fuse read: decode error (efs_rc=-9) ino=134967 off=788029440 len=4096
efs-fuse read: decode error (efs_rc=-9) ino=139063 off=502747136 len=4096
efs-fuse read: decode error (efs_rc=-9) ino=353257 off=3166547968 len=4096
efs-fuse read: decode error (efs_rc=-9) ino=205723 off=1331654656 len=4096
efs-fuse read: decode error (efs_rc=-9) ino=193435 off=2381299712 len=4096
efs-fuse read: decode error (efs_rc=-9) ino=92985 off=1112182784 len=4096
efs-fuse read: decode error (efs_rc=-9) ino=238361 off=398852096 len=4096
efs-fuse read: decode error (efs_rc=-9) ino=209819 off=402423808 len=4096
efs-fuse read: decode error (efs_rc=-9) ino=189339 off=114679808 len=4096
efs-fuse read: decode error (efs_rc=-9) ino=197531 off=871055360 len=4096
efs-fuse read: decode error (efs_rc=-9) ino=185243 off=832270336 len=4096
efs-fuse read: decode error (efs_rc=-9) ino=201627 off=1525477376 len=4096
efs-fuse read: decode error (efs_rc=-9) ino=101177 off=1646505984 len=4096
efs-fuse read: decode error (efs_rc=-9) ino=139063 off=507121664 len=4096
efs-fuse read: decode error (efs_rc=-9) ino=134967 off=792555520 len=4096
efs-fuse read: decode error (efs_rc=-9) ino=353257 off=3224322048 len=4096
efs-fuse read: decode error (efs_rc=-9) ino=193435 off=2400333824 len=4096
efs-fuse read: decode error (efs_rc=-9) ino=205723 off=1358073856 len=4096
efs-fuse read: decode error (efs_rc=-9) ino=92985 off=1120800768 len=4096
efs-fuse read: decode error (efs_rc=-9) ino=238361 off=406949888 len=4096
efs-fuse read: decode error (efs_rc=-9) ino=209819 off=406106112 len=4096
inode-rpc: retry type=43 attempt=5 why=send
efs-fuse read: decode error (efs_rc=-9) ino=189339 off=121933824 len=4096
efs-fuse read: decode error (efs_rc=-9) ino=197531 off=880775168 len=4096
inode-rpc: retry type=87 attempt=5 why=send
efs-fuse read: decode error (efs_rc=-9) ino=185243 off=847081472 len=4096
efs-fuse read: decode error (efs_rc=-9) ino=101177 off=1655545856 len=4096
efs-fuse read: decode error (efs_rc=-9) ino=201627 off=1531617280 len=4096
efs-fuse read: decode error (efs_rc=-9) ino=139063 off=509698048 len=4096
efs-fuse read: decode error (efs_rc=-9) ino=134967 off=845074432 len=4096
efs-fuse read: decode error (efs_rc=-9) ino=353257 off=3233488896 len=4096
efs-fuse read: decode error (efs_rc=-9) ino=193435 off=2403463168 len=4096
efs-fuse read: decode error (efs_rc=-9) ino=205723 off=1361444864 len=4096
efs-fuse read: decode error (efs_rc=-9) ino=92985 off=1129418752 len=4096
efs-fuse read: decode error (efs_rc=-9) ino=238361 off=413982720 len=4096
efs-fuse read: decode error (efs_rc=-9) ino=209819 off=409788416 len=4096
efs-fuse read: decode error (efs_rc=-9) ino=189339 off=129187840 len=4096
inode-rpc: retry type=43 attempt=5 why=send
inode-rpc: retry type=43 attempt=5 why=send
efs-fuse read: decode error (efs_rc=-9) ino=197531 off=890494976 len=4096
efs-fuse read: decode error (efs_rc=-9) ino=185243 off=847912960 len=4096
efs-fuse read: decode error (efs_rc=-9) ino=101177 off=1664720896 len=4096
efs-fuse read: decode error (efs_rc=-9) ino=201627 off=1542320128 len=4096
efs-fuse read: decode error (efs_rc=-9) ino=139063 off=514072576 len=4096
efs-fuse read: decode error (efs_rc=-9) ino=134967 off=849600512 len=4096
efs-fuse read: decode error (efs_rc=-9) ino=353257 off=3251822592 len=4096
efs-fuse read: decode error (efs_rc=-9) ino=193435 off=2419367936 len=4096
efs-fuse read: decode error (efs_rc=-9) ino=205723 off=1364815872 len=4096
efs-fuse read: decode error (efs_rc=-9) ino=92985 off=1138036736 len=4096
efs-fuse read: decode error (efs_rc=-9) ino=238361 off=422080512 len=4096
efs-fuse read: decode error (efs_rc=-9) ino=209819 off=413470720 len=4096
efs-fuse read: decode error (efs_rc=-9) ino=189339 off=136441856 len=4096
efs-fuse read: decode error (efs_rc=-9) ino=197531 off=905613312 len=4096
efs-fuse read: decode error (efs_rc=-9) ino=185243 off=862724096 len=4096
efs-fuse read: decode error (efs_rc=-9) ino=101177 off=1673895936 len=4096
efs-fuse read: decode error (efs_rc=-9) ino=201627 off=1559162880 len=4096
efs-fuse read: decode error (efs_rc=-9) ino=139063 off=516648960 len=4096
efs-fuse read: decode error (efs_rc=-9) ino=134967 off=854126592 len=4096
efs-fuse read: decode error (efs_rc=-9) ino=353257 off=3300429824 len=4096
efs-fuse read: decode error (efs_rc=-9) ino=193435 off=2422497280 len=4096
efs-fuse read: decode error (efs_rc=-9) ino=205723 off=1368186880 len=4096
efs-fuse read: decode error (efs_rc=-9) ino=92985 off=1146654720 len=4096
efs-fuse read: decode error (efs_rc=-9) ino=238361 off=429113344 len=4096
efs-fuse read: decode error (efs_rc=-9) ino=209819 off=417153024 len=4096
efs-fuse read: decode error (efs_rc=-9) ino=189339 off=143695872 len=4096
efs-fuse read: decode error (efs_rc=-9) ino=197531 off=915333120 len=4096
efs-fuse read: decode error (efs_rc=-9) ino=185243 off=878366720 len=4096
efs-fuse read: decode error (efs_rc=-9) ino=101177 off=1682935808 len=4096
efs-fuse read: decode error (efs_rc=-9) ino=201627 off=1565302784 len=4096
efs-fuse read: decode error (efs_rc=-9) ino=139063 off=521023488 len=4096
efs-fuse read: decode error (efs_rc=-9) ino=134967 off=858652672 len=4096
efs-fuse read: decode error (efs_rc=-9) ino=353257 off=3309596672 len=4096
efs-fuse read: decode error (efs_rc=-9) ino=193435 off=2441531392 len=4096
efs-fuse read: decode error (efs_rc=-9) ino=205723 off=1371557888 len=4096
efs-fuse read: decode error (efs_rc=-9) ino=92985 off=1151434752 len=4096
efs-fuse read: decode error (efs_rc=-9) ino=238361 off=437211136 len=4096
efs-fuse read: decode error (efs_rc=-9) ino=209819 off=420835328 len=4096
efs-fuse read: decode error (efs_rc=-9) ino=189339 off=150949888 len=4096
efs-fuse read: decode error (efs_rc=-9) ino=197531 off=925052928 len=4096
efs-fuse read: decode error (efs_rc=-9) ino=185243 off=893177856 len=4096
efs-fuse read: decode error (efs_rc=-9) ino=101177 off=1683070976 len=4096
efs-fuse read: decode error (efs_rc=-9) ino=201627 off=1569865728 len=4096
efs-fuse read: decode error (efs_rc=-9) ino=139063 off=523599872 len=4096
efs-fuse read: decode error (efs_rc=-9) ino=134967 off=863178752 len=4096
efs-fuse read: decode error (efs_rc=-9) ino=193435 off=2444660736 len=4096
efs-fuse read: decode error (efs_rc=-9) ino=353257 off=3318763520 len=4096
efs-fuse read: decode error (efs_rc=-9) ino=205723 off=1397977088 len=4096
efs-fuse read: decode error (efs_rc=-9) ino=92985 off=1155272704 len=4096
efs-fuse read: decode error (efs_rc=-9) ino=238361 off=444243968 len=4096
efs-fuse read: decode error (efs_rc=-9) ino=209819 off=456675328 len=4096
efs-fuse read: decode error (efs_rc=-9) ino=189339 off=189980672 len=4096
efs-fuse read: decode error (efs_rc=-9) ino=197531 off=934772736 len=4096
efs-fuse read: decode error (efs_rc=-9) ino=185243 off=908820480 len=4096
efs-fuse read: decode error (efs_rc=-9) ino=201627 off=1586708480 len=4096
efs-fuse read: decode error (efs_rc=-9) ino=101177 off=1692110848 len=4096
efs-fuse read: decode error (efs_rc=-9) ino=139063 off=527974400 len=4096
efs-fuse read: decode error (efs_rc=-9) ino=134967 off=867704832 len=4096
efs-fuse read: decode error (efs_rc=-9) ino=193435 off=2460565504 len=4096
efs-fuse read: decode error (efs_rc=-9) ino=353257 off=3327930368 len=4096
efs-fuse read: decode error (efs_rc=-9) ino=205723 off=1401348096 len=4096
inode-rpc: retry type=87 attempt=7 why=send
efs-fuse read: decode error (efs_rc=-9) ino=92985 off=1160052736 len=4096
efs-fuse read: decode error (efs_rc=-9) ino=238361 off=452341760 len=4096
efs-fuse read: decode error (efs_rc=-9) ino=209819 off=460357632 len=4096
efs-fuse read: decode error (efs_rc=-9) ino=189339 off=197234688 len=4096
efs-fuse read: decode error (efs_rc=-9) ino=197531 off=944492544 len=4096
efs-fuse read: decode error (efs_rc=-9) ino=185243 off=923631616 len=4096
efs-fuse read: decode error (efs_rc=-9) ino=201627 off=1592848384 len=4096
efs-fuse read: decode error (efs_rc=-9) ino=101177 off=1701285888 len=4096
efs-fuse read: decode error (efs_rc=-9) ino=139063 off=530550784 len=4096
efs-fuse read: decode error (efs_rc=-9) ino=134967 off=872230912 len=4096
efs-fuse read: decode error (efs_rc=-9) ino=193435 off=2463694848 len=4096
efs-fuse read: decode error (efs_rc=-9) ino=205723 off=1404719104 len=4096
efs-fuse read: decode error (efs_rc=-9) ino=353257 off=3385704448 len=4096
efs-fuse read: decode error (efs_rc=-9) ino=92985 off=1168670720 len=4096
efs-fuse read: decode error (efs_rc=-9) ino=238361 off=459374592 len=4096
efs-fuse read: decode error (efs_rc=-9) ino=209819 off=467722240 len=4096
efs-fuse read: decode error (efs_rc=-9) ino=189339 off=204488704 len=4096
efs-fuse read: decode error (efs_rc=-9) ino=197531 off=959610880 len=4096
efs-fuse read: decode error (efs_rc=-9) ino=185243 off=924463104 len=4096
efs-fuse read: decode error (efs_rc=-9) ino=201627 off=1603551232 len=4096
efs-fuse read: decode error (efs_rc=-9) ino=101177 off=1710460928 len=4096
efs-fuse read: decode error (efs_rc=-9) ino=139063 off=532348928 len=4096
efs-fuse read: decode error (efs_rc=-9) ino=134967 off=876756992 len=4096
efs-fuse read: decode error (efs_rc=-9) ino=193435 off=2479599616 len=4096
efs-fuse read: decode error (efs_rc=-9) ino=205723 off=1408090112 len=4096
efs-fuse read: decode error (efs_rc=-9) ino=353257 off=3394871296 len=4096
efs-fuse read: decode error (efs_rc=-9) ino=92985 off=1177288704 len=4096
inode-rpc: retry type=43 attempt=6 why=send
efs-fuse read: decode error (efs_rc=-9) ino=238361 off=467472384 len=4096
inode-rpc: retry type=87 attempt=6 why=send
efs-fuse read: decode error (efs_rc=-9) ino=209819 off=471404544 len=4096
efs-fuse read: decode error (efs_rc=-9) ino=189339 off=211742720 len=4096
efs-fuse read: decode error (efs_rc=-9) ino=197531 off=969330688 len=4096
efs-fuse read: decode error (efs_rc=-9) ino=201627 off=1609691136 len=4096
efs-fuse read: decode error (efs_rc=-9) ino=101177 off=1719500800 len=4096
efs-fuse read: decode error (efs_rc=-9) ino=185243 off=939274240 len=4096
efs-fuse read: decode error (efs_rc=-9) ino=139063 off=534925312 len=4096
efs-fuse read: decode error (efs_rc=-9) ino=134967 off=881283072 len=4096
efs-fuse read: decode error (efs_rc=-9) ino=193435 off=2482728960 len=4096
efs-fuse read: decode error (efs_rc=-9) ino=205723 off=1411461120 len=4096
efs-fuse read: decode error (efs_rc=-9) ino=353257 off=3404038144 len=4096
efs-fuse read: decode error (efs_rc=-9) ino=92985 off=1185906688 len=4096
inode-rpc: retry type=43 attempt=6 why=send
inode-rpc: retry type=43 attempt=6 why=send
efs-fuse read: decode error (efs_rc=-9) ino=238361 off=474505216 len=4096
efs-fuse read: decode error (efs_rc=-9) ino=209819 off=475086848 len=4096
efs-fuse read: decode error (efs_rc=-9) ino=189339 off=218996736 len=4096
efs-fuse read: decode error (efs_rc=-9) ino=197531 off=979050496 len=4096
efs-fuse read: decode error (efs_rc=-9) ino=201627 off=1614254080 len=4096
efs-fuse read: decode error (efs_rc=-9) ino=101177 off=1719635968 len=4096
efs-fuse read: decode error (efs_rc=-9) ino=185243 off=954085376 len=4096
efs-fuse read: decode error (efs_rc=-9) ino=139063 off=537501696 len=4096
efs-fuse read: decode error (efs_rc=-9) ino=134967 off=885809152 len=4096
efs-fuse read: decode error (efs_rc=-9) ino=193435 off=2501763072 len=4096
efs-fuse read: decode error (efs_rc=-9) ino=205723 off=1437880320 len=4096
efs-fuse read: decode error (efs_rc=-9) ino=353257 off=3413204992 len=4096
efs-fuse read: decode error (efs_rc=-9) ino=92985 off=1194524672 len=4096
efs-fuse read: decode error (efs_rc=-9) ino=238361 off=482603008 len=4096
efs-fuse read: decode error (efs_rc=-9) ino=209819 off=478769152 len=4096
efs-fuse read: decode error (efs_rc=-9) ino=189339 off=226250752 len=4096
efs-fuse read: decode error (efs_rc=-9) ino=197531 off=988770304 len=4096
efs-fuse read: decode error (efs_rc=-9) ino=201627 off=1620393984 len=4096
efs-fuse read: decode error (efs_rc=-9) ino=101177 off=1728675840 len=4096
efs-fuse read: decode error (efs_rc=-9) ino=139063 off=539299840 len=4096
efs-fuse read: decode error (efs_rc=-9) ino=185243 off=954916864 len=4096
efs-fuse read: decode error (efs_rc=-9) ino=193435 off=2504892416 len=4096
efs-fuse read: decode error (efs_rc=-9) ino=205723 off=1441251328 len=4096
efs-fuse read: decode error (efs_rc=-9) ino=134967 off=890335232 len=4096
efs-fuse read: decode error (efs_rc=-9) ino=353257 off=3461812224 len=4096
efs-fuse read: decode error (efs_rc=-9) ino=92985 off=1203142656 len=4096
efs-fuse read: decode error (efs_rc=-9) ino=238361 off=489635840 len=4096
efs-fuse read: decode error (efs_rc=-9) ino=209819 off=482451456 len=4096
efs-fuse read: decode error (efs_rc=-9) ino=189339 off=233504768 len=4096
efs-fuse read: decode error (efs_rc=-9) ino=197531 off=1013608448 len=4096
efs-fuse read: decode error (efs_rc=-9) ino=201627 off=1631096832 len=4096
efs-fuse read: decode error (efs_rc=-9) ino=101177 off=1737850880 len=4096
efs-fuse read: decode error (efs_rc=-9) ino=139063 off=541876224 len=4096
efs-fuse read: decode error (efs_rc=-9) ino=185243 off=969728000 len=4096
efs-fuse read: decode error (efs_rc=-9) ino=193435 off=2520797184 len=4096
efs-fuse read: decode error (efs_rc=-9) ino=205723 off=1444622336 len=4096
efs-fuse read: decode error (efs_rc=-9) ino=92985 off=1207922688 len=4096
efs-fuse read: decode error (efs_rc=-9) ino=353257 off=3470979072 len=4096
efs-fuse read: decode error (efs_rc=-9) ino=134967 off=894861312 len=4096
efs-fuse read: decode error (efs_rc=-9) ino=238361 off=497733632 len=4096
efs-fuse read: decode error (efs_rc=-9) ino=209819 off=486133760 len=4096
efs-fuse read: decode error (efs_rc=-9) ino=189339 off=240758784 len=4096
efs-fuse read: decode error (efs_rc=-9) ino=197531 off=1023328256 len=4096
efs-fuse read: decode error (efs_rc=-9) ino=201627 off=1637236736 len=4096
efs-fuse read: decode error (efs_rc=-9) ino=101177 off=1746890752 len=4096
efs-fuse read: decode error (efs_rc=-9) ino=139063 off=546250752 len=4096
efs-fuse read: decode error (efs_rc=-9) ino=185243 off=1000181760 len=4096
efs-fuse read: decode error (efs_rc=-9) ino=193435 off=2523926528 len=4096
efs-fuse read: decode error (efs_rc=-9) ino=205723 off=1447993344 len=4096
efs-fuse read: decode error (efs_rc=-9) ino=92985 off=1216540672 len=4096
efs-fuse read: decode error (efs_rc=-9) ino=353257 off=3480145920 len=4096
efs-fuse read: decode error (efs_rc=-9) ino=134967 off=899387392 len=4096
efs-fuse read: decode error (efs_rc=-9) ino=238361 off=504766464 len=4096
efs-fuse read: decode error (efs_rc=-9) ino=209819 off=518291456 len=4096
efs-fuse read: decode error (efs_rc=-9) ino=189339 off=248012800 len=4096
efs-fuse read: decode error (efs_rc=-9) ino=197531 off=1033048064 len=4096
efs-fuse read: decode error (efs_rc=-9) ino=201627 off=1647939584 len=4096
efs-fuse read: decode error (efs_rc=-9) ino=101177 off=1747025920 len=4096
efs-fuse read: decode error (efs_rc=-9) ino=139063 off=548827136 len=4096
efs-fuse read: decode error (efs_rc=-9) ino=185243 off=1015824384 len=4096
inode-rpc: retry type=87 attempt=8 why=send
efs-fuse read: decode error (efs_rc=-9) ino=205723 off=1451364352 len=4096
efs-fuse read: decode error (efs_rc=-9) ino=193435 off=2542960640 len=4096
efs-fuse read: decode error (efs_rc=-9) ino=92985 off=1225158656 len=4096
efs-fuse read: decode error (efs_rc=-9) ino=353257 off=3489312768 len=4096
efs-fuse read: decode error (efs_rc=-9) ino=134967 off=903913472 len=4096
efs-fuse read: decode error (efs_rc=-9) ino=238361 off=512864256 len=4096
efs-fuse read: decode error (efs_rc=-9) ino=209819 off=521973760 len=4096
efs-fuse read: decode error (efs_rc=-9) ino=189339 off=255266816 len=4096
efs-fuse read: decode error (efs_rc=-9) ino=197531 off=1042767872 len=4096
efs-fuse read: decode error (efs_rc=-9) ino=201627 off=1654079488 len=4096
efs-fuse read: decode error (efs_rc=-9) ino=101177 off=1756065792 len=4096
efs-fuse read: decode error (efs_rc=-9) ino=139063 off=553201664 len=4096
efs-fuse read: decode error (efs_rc=-9) ino=185243 off=1030635520 len=4096
efs-fuse read: decode error (efs_rc=-9) ino=205723 off=1477783552 len=4096
efs-fuse read: decode error (efs_rc=-9) ino=193435 off=2546089984 len=4096
efs-fuse read: decode error (efs_rc=-9) ino=92985 off=1233776640 len=4096
efs-fuse read: decode error (efs_rc=-9) ino=353257 off=3547086848 len=4096
efs-fuse read: decode error (efs_rc=-9) ino=134967 off=960958464 len=4096
efs-fuse read: decode error (efs_rc=-9) ino=238361 off=527994880 len=4096
efs-fuse read: decode error (efs_rc=-9) ino=209819 off=525656064 len=4096
efs-fuse read: decode error (efs_rc=-9) ino=189339 off=262520832 len=4096
efs-fuse read: decode error (efs_rc=-9) ino=197531 off=1052487680 len=4096
efs-fuse read: decode error (efs_rc=-9) ino=101177 off=1765240832 len=4096
efs-fuse read: decode error (efs_rc=-9) ino=201627 off=1658642432 len=4096
efs-fuse read: decode error (efs_rc=-9) ino=139063 off=555778048 len=4096
efs-fuse read: decode error (efs_rc=-9) ino=185243 off=1031467008 len=4096
efs-fuse read: decode error (efs_rc=-9) ino=92985 off=1242394624 len=4096
efs-fuse read: decode error (efs_rc=-9) ino=193435 off=2561994752 len=4096
efs-fuse read: decode error (efs_rc=-9) ino=205723 off=1481154560 len=4096
efs-fuse read: decode error (efs_rc=-9) ino=353257 off=3556253696 len=4096
efs-fuse read: decode error (efs_rc=-9) ino=134967 off=965484544 len=4096
inode-rpc: retry type=43 attempt=7 why=send
inode-rpc: retry type=87 attempt=7 why=send
efs-fuse read: decode error (efs_rc=-9) ino=238361 off=535027712 len=4096
efs-fuse read: decode error (efs_rc=-9) ino=209819 off=529338368 len=4096
efs-fuse read: decode error (efs_rc=-9) ino=189339 off=269774848 len=4096
efs-fuse read: decode error (efs_rc=-9) ino=201627 off=1681625088 len=4096
efs-fuse read: decode error (efs_rc=-9) ino=101177 off=1774415872 len=4096
efs-fuse read: decode error (efs_rc=-9) ino=197531 off=1067606016 len=4096
efs-fuse read: decode error (efs_rc=-9) ino=139063 off=560152576 len=4096
efs-fuse read: decode error (efs_rc=-9) ino=185243 off=1061089280 len=4096
efs-fuse read: decode error (efs_rc=-9) ino=92985 off=1251012608 len=4096
efs-fuse read: decode error (efs_rc=-9) ino=193435 off=2565124096 len=4096
efs-fuse read: decode error (efs_rc=-9) ino=205723 off=1484525568 len=4096
efs-fuse read: decode error (efs_rc=-9) ino=353257 off=3565420544 len=4096
efs-fuse read: decode error (efs_rc=-9) ino=134967 off=970010624 len=4096
inode-rpc: retry type=43 attempt=7 why=send
inode-rpc: retry type=43 attempt=7 why=send
efs-fuse read: decode error (efs_rc=-9) ino=238361 off=543125504 len=4096
efs-fuse read: decode error (efs_rc=-9) ino=209819 off=533020672 len=4096
efs-fuse read: decode error (efs_rc=-9) ino=189339 off=308805632 len=4096
efs-fuse read: decode error (efs_rc=-9) ino=201627 off=1692327936 len=4096
efs-fuse read: decode error (efs_rc=-9) ino=101177 off=1783455744 len=4096
efs-fuse read: decode error (efs_rc=-9) ino=197531 off=1077325824 len=4096
efs-fuse read: decode error (efs_rc=-9) ino=139063 off=562728960 len=4096
efs-fuse read: decode error (efs_rc=-9) ino=185243 off=1076731904 len=4096
efs-fuse read: decode error (efs_rc=-9) ino=92985 off=1255792640 len=4096
efs-fuse read: decode error (efs_rc=-9) ino=205723 off=1487896576 len=4096
efs-fuse read: decode error (efs_rc=-9) ino=193435 off=2581028864 len=4096
efs-fuse read: decode error (efs_rc=-9) ino=353257 off=3574587392 len=4096
efs-fuse read: decode error (efs_rc=-9) ino=134967 off=974536704 len=4096
efs-fuse read: decode error (efs_rc=-9) ino=238361 off=550158336 len=4096
efs-fuse read: decode error (efs_rc=-9) ino=209819 off=536702976 len=4096
efs-fuse read: decode error (efs_rc=-9) ino=201627 off=1698467840 len=4096
efs-fuse read: decode error (efs_rc=-9) ino=189339 off=316059648 len=4096
efs-fuse read: decode error (efs_rc=-9) ino=101177 off=1783590912 len=4096
efs-fuse read: decode error (efs_rc=-9) ino=139063 off=567103488 len=4096
efs-fuse read: decode error (efs_rc=-9) ino=197531 off=1096765440 len=4096
efs-fuse read: decode error (efs_rc=-9) ino=185243 off=1092374528 len=4096
efs-fuse read: decode error (efs_rc=-9) ino=92985 off=1259630592 len=4096
efs-fuse read: decode error (efs_rc=-9) ino=193435 off=2584158208 len=4096
efs-fuse read: decode error (efs_rc=-9) ino=205723 off=1514315776 len=4096
efs-fuse read: decode error (efs_rc=-9) ino=353257 off=3623194624 len=4096
efs-fuse read: decode error (efs_rc=-9) ino=134967 off=979062784 len=4096
efs-fuse read: decode error (efs_rc=-9) ino=238361 off=558256128 len=4096
efs-fuse read: decode error (efs_rc=-9) ino=201627 off=1703030784 len=4096
efs-fuse read: decode error (efs_rc=-9) ino=209819 off=540385280 len=4096
efs-fuse read: decode error (efs_rc=-9) ino=101177 off=1792630784 len=4096
efs-fuse read: decode error (efs_rc=-9) ino=189339 off=323313664 len=4096
efs-fuse read: decode error (efs_rc=-9) ino=139063 off=569679872 len=4096
efs-fuse read: decode error (efs_rc=-9) ino=197531 off=1106485248 len=4096
efs-fuse read: decode error (efs_rc=-9) ino=185243 off=1107185664 len=4096
efs-fuse read: decode error (efs_rc=-9) ino=92985 off=1264410624 len=4096
efs-fuse read: decode error (efs_rc=-9) ino=193435 off=2603192320 len=4096
efs-fuse read: decode error (efs_rc=-9) ino=205723 off=1517686784 len=4096
efs-fuse read: decode error (efs_rc=-9) ino=353257 off=3632361472 len=4096
efs-fuse read: decode error (efs_rc=-9) ino=134967 off=983588864 len=4096
efs-fuse read: decode error (efs_rc=-9) ino=238361 off=565288960 len=4096
efs-fuse read: decode error (efs_rc=-9) ino=201627 off=1709170688 len=4096
efs-fuse read: decode error (efs_rc=-9) ino=209819 off=544067584 len=4096
efs-fuse read: decode error (efs_rc=-9) ino=101177 off=1801805824 len=4096
efs-fuse read: decode error (efs_rc=-9) ino=139063 off=574054400 len=4096
efs-fuse read: decode error (efs_rc=-9) ino=189339 off=330567680 len=4096
efs-fuse read: decode error (efs_rc=-9) ino=197531 off=1121603584 len=4096
efs-fuse read: decode error (efs_rc=-9) ino=185243 off=1122828288 len=4096
efs-fuse read: decode error (efs_rc=-9) ino=92985 off=1273028608 len=4096
efs-fuse read: decode error (efs_rc=-9) ino=193435 off=2606321664 len=4096
efs-fuse read: decode error (efs_rc=-9) ino=205723 off=1527799808 len=4096
efs-fuse read: decode error (efs_rc=-9) ino=353257 off=3641528320 len=4096
efs-fuse read: decode error (efs_rc=-9) ino=134967 off=988114944 len=4096
efs-fuse read: decode error (efs_rc=-9) ino=238361 off=573386752 len=4096
efs-fuse read: decode error (efs_rc=-9) ino=201627 off=1719873536 len=4096
efs-fuse read: decode error (efs_rc=-9) ino=101177 off=1810980864 len=4096
efs-fuse read: decode error (efs_rc=-9) ino=209819 off=547749888 len=4096
efs-fuse read: decode error (efs_rc=-9) ino=139063 off=576630784 len=4096
efs-fuse read: decode error (efs_rc=-9) ino=189339 off=337821696 len=4096
efs-fuse read: decode error (efs_rc=-9) ino=197531 off=1131323392 len=4096
inode-rpc: retry type=87 attempt=9 why=send
efs-fuse read: decode error (efs_rc=-9) ino=185243 off=1137639424 len=4096
efs-fuse read: decode error (efs_rc=-9) ino=205723 off=1554219008 len=4096
efs-fuse read: decode error (efs_rc=-9) ino=92985 off=1281646592 len=4096
efs-fuse read: decode error (efs_rc=-9) ino=353257 off=3650695168 len=4096
efs-fuse read: decode error (efs_rc=-9) ino=193435 off=2625355776 len=4096
efs-fuse read: decode error (efs_rc=-9) ino=134967 off=992641024 len=4096
efs-fuse read: decode error (efs_rc=-9) ino=238361 off=580419584 len=4096
efs-fuse read: decode error (efs_rc=-9) ino=201627 off=1726013440 len=4096
efs-fuse read: decode error (efs_rc=-9) ino=101177 off=1820020736 len=4096
efs-fuse read: decode error (efs_rc=-9) ino=139063 off=578428928 len=4096
efs-fuse read: decode error (efs_rc=-9) ino=209819 off=551432192 len=4096
efs-fuse read: decode error (efs_rc=-9) ino=189339 off=345075712 len=4096
efs-fuse read: decode error (efs_rc=-9) ino=197531 off=1141043200 len=4096
efs-fuse read: decode error (efs_rc=-9) ino=353257 off=3717636096 len=4096
efs-fuse read: decode error (efs_rc=-9) ino=92985 off=1290264576 len=4096
efs-fuse read: decode error (efs_rc=-9) ino=193435 off=2644389888 len=4096
efs-fuse read: decode error (efs_rc=-9) ino=205723 off=1557590016 len=4096
efs-fuse read: decode error (efs_rc=-9) ino=185243 off=1138470912 len=4096
efs-fuse read: decode error (efs_rc=-9) ino=134967 off=997167104 len=4096
efs-fuse read: decode error (efs_rc=-9) ino=238361 off=588517376 len=4096
efs-fuse read: decode error (efs_rc=-9) ino=201627 off=1736716288 len=4096
efs-fuse read: decode error (efs_rc=-9) ino=101177 off=1820155904 len=4096
efs-fuse read: decode error (efs_rc=-9) ino=139063 off=581005312 len=4096
efs-fuse read: decode error (efs_rc=-9) ino=209819 off=583589888 len=4096
efs-fuse read: decode error (efs_rc=-9) ino=189339 off=352329728 len=4096
efs-fuse read: decode error (efs_rc=-9) ino=197531 off=1150763008 len=4096
efs-fuse read: decode error (efs_rc=-9) ino=353257 off=3726802944 len=4096
efs-fuse read: decode error (efs_rc=-9) ino=92985 off=1298882560 len=4096
efs-fuse read: decode error (efs_rc=-9) ino=205723 off=1560961024 len=4096
efs-fuse read: decode error (efs_rc=-9) ino=193435 off=16617472 len=4096
efs-fuse read: decode error (efs_rc=-9) ino=185243 off=1153282048 len=4096
inode-rpc: retry type=43 attempt=8 why=send
inode-rpc: retry type=87 attempt=8 why=send
efs-fuse read: decode error (efs_rc=-9) ino=134967 off=1001693184 len=4096
efs-fuse read: decode error (efs_rc=-9) ino=238361 off=595550208 len=4096
efs-fuse read: decode error (efs_rc=-9) ino=201627 off=1742856192 len=4096
efs-fuse read: decode error (efs_rc=-9) ino=101177 off=1838370816 len=4096
efs-fuse read: decode error (efs_rc=-9) ino=139063 off=583581696 len=4096
efs-fuse read: decode error (efs_rc=-9) ino=209819 off=587272192 len=4096
efs-fuse read: decode error (efs_rc=-9) ino=189339 off=359583744 len=4096
efs-fuse read: decode error (efs_rc=-9) ino=197531 off=1160482816 len=4096
efs-fuse read: decode error (efs_rc=-9) ino=353257 off=3735969792 len=4096
efs-fuse read: decode error (efs_rc=-9) ino=205723 off=1564332032 len=4096
efs-fuse read: decode error (efs_rc=-9) ino=92985 off=1307500544 len=4096
efs-fuse read: decode error (efs_rc=-9) ino=193435 off=19746816 len=4096
efs-fuse read: decode error (efs_rc=-9) ino=185243 off=1168093184 len=4096
inode-rpc: retry type=43 attempt=8 why=send
inode-rpc: retry type=43 attempt=8 why=send
efs-fuse read: decode error (efs_rc=-9) ino=134967 off=1006219264 len=4096
efs-fuse read: decode error (efs_rc=-9) ino=238361 off=603648000 len=4096
efs-fuse read: decode error (efs_rc=-9) ino=201627 off=1747419136 len=4096
efs-fuse read: decode error (efs_rc=-9) ino=101177 off=1847410688 len=4096
efs-fuse read: decode error (efs_rc=-9) ino=139063 off=585379840 len=4096
efs-fuse read: decode error (efs_rc=-9) ino=209819 off=594636800 len=4096
efs-fuse read: decode error (efs_rc=-9) ino=189339 off=366837760 len=4096
efs-fuse read: decode error (efs_rc=-9) ino=197531 off=1175601152 len=4096
efs-fuse read: decode error (efs_rc=-9) ino=353257 off=3793743872 len=4096
efs-fuse read: decode error (efs_rc=-9) ino=92985 off=1312280576 len=4096
efs-fuse read: decode error (efs_rc=-9) ino=205723 off=1567703040 len=4096
efs-fuse read: decode error (efs_rc=-9) ino=193435 off=35651584 len=4096
efs-fuse read: decode error (efs_rc=-9) ino=185243 off=1168924672 len=4096
efs-fuse read: decode error (efs_rc=-9) ino=134967 off=1010745344 len=4096
efs-fuse read: decode error (efs_rc=-9) ino=238361 off=610680832 len=4096
efs-fuse read: decode error (efs_rc=-9) ino=201627 off=1753559040 len=4096
efs-fuse read: decode error (efs_rc=-9) ino=101177 off=1847545856 len=4096
efs-fuse read: decode error (efs_rc=-9) ino=139063 off=587956224 len=4096
efs-fuse read: decode error (efs_rc=-9) ino=209819 off=605683712 len=4096
efs-fuse read: decode error (efs_rc=-9) ino=189339 off=374091776 len=4096
efs-fuse read: decode error (efs_rc=-9) ino=197531 off=1185320960 len=4096
efs-fuse read: decode error (efs_rc=-9) ino=353257 off=3802910720 len=4096
efs-fuse read: decode error (efs_rc=-9) ino=205723 off=1594122240 len=4096
efs-fuse read: decode error (efs_rc=-9) ino=92985 off=1316118528 len=4096
efs-fuse read: decode error (efs_rc=-9) ino=193435 off=38780928 len=4096
efs-fuse read: decode error (efs_rc=-9) ino=185243 off=1183735808 len=4096
efs-fuse read: decode error (efs_rc=-9) ino=134967 off=1015271424 len=4096
efs-fuse read: decode error (efs_rc=-9) ino=238361 off=618778624 len=4096
efs-fuse read: decode error (efs_rc=-9) ino=201627 off=1764261888 len=4096
efs-fuse read: decode error (efs_rc=-9) ino=101177 off=1856585728 len=4096
efs-fuse read: decode error (efs_rc=-9) ino=139063 off=592330752 len=4096
efs-fuse read: decode error (efs_rc=-9) ino=209819 off=609366016 len=4096
efs-fuse read: decode error (efs_rc=-9) ino=189339 off=420376576 len=4096
efs-fuse read: decode error (efs_rc=-9) ino=197531 off=1195040768 len=4096
efs-fuse read: decode error (efs_rc=-9) ino=353257 off=3812077568 len=4096
efs-fuse read: decode error (efs_rc=-9) ino=205723 off=1597493248 len=4096
efs-fuse read: decode error (efs_rc=-9) ino=92985 off=1320898560 len=4096
efs-fuse read: decode error (efs_rc=-9) ino=193435 off=54685696 len=4096
efs-fuse read: decode error (efs_rc=-9) ino=185243 off=1199378432 len=4096
efs-fuse read: decode error (efs_rc=-9) ino=134967 off=1019797504 len=4096
efs-fuse read: decode error (efs_rc=-9) ino=201627 off=1770401792 len=4096
efs-fuse read: decode error (efs_rc=-9) ino=238361 off=625811456 len=4096
efs-fuse read: decode error (efs_rc=-9) ino=101177 off=1865760768 len=4096
efs-fuse read: decode error (efs_rc=-9) ino=139063 off=594907136 len=4096
efs-fuse read: decode error (efs_rc=-9) ino=209819 off=613048320 len=4096
efs-fuse read: decode error (efs_rc=-9) ino=189339 off=427630592 len=4096
efs-fuse read: decode error (efs_rc=-9) ino=197531 off=1204760576 len=4096
efs-fuse read: decode error (efs_rc=-9) ino=353257 off=3821244416 len=4096
efs-fuse read: decode error (efs_rc=-9) ino=92985 off=1329516544 len=4096
efs-fuse read: decode error (efs_rc=-9) ino=205723 off=1600864256 len=4096
efs-fuse read: decode error (efs_rc=-9) ino=193435 off=57815040 len=4096
efs-fuse read: decode error (efs_rc=-9) ino=185243 off=1214189568 len=4096
efs-fuse read: decode error (efs_rc=-9) ino=134967 off=1072316416 len=4096
efs-fuse read: decode error (efs_rc=-9) ino=201627 off=1781104640 len=4096
efs-fuse read: decode error (efs_rc=-9) ino=101177 off=1874935808 len=4096
efs-fuse read: decode error (efs_rc=-9) ino=238361 off=633909248 len=4096
efs-fuse read: decode error (efs_rc=-9) ino=139063 off=599281664 len=4096
inode-rpc: retry type=87 attempt=10 why=send
efs-fuse read: decode error (efs_rc=-9) ino=209819 off=616730624 len=4096
efs-fuse read: decode error (efs_rc=-9) ino=189339 off=434884608 len=4096
efs-fuse read: decode error (efs_rc=-9) ino=353257 off=3879018496 len=4096
efs-fuse read: decode error (efs_rc=-9) ino=197531 off=1214480384 len=4096
efs-fuse read: decode error (efs_rc=-9) ino=205723 off=1604235264 len=4096
efs-fuse read: decode error (efs_rc=-9) ino=92985 off=1338134528 len=4096
efs-fuse read: decode error (efs_rc=-9) ino=193435 off=76849152 len=4096
efs-fuse read: decode error (efs_rc=-9) ino=185243 off=1229832192 len=4096
efs-fuse read: decode error (efs_rc=-9) ino=134967 off=1076842496 len=4096
efs-fuse read: decode error (efs_rc=-9) ino=201627 off=1787244544 len=4096
efs-fuse read: decode error (efs_rc=-9) ino=101177 off=1351680 len=4096
efs-fuse read: decode error (efs_rc=-9) ino=139063 off=601858048 len=4096
efs-fuse read: decode error (efs_rc=-9) ino=238361 off=640942080 len=4096
efs-fuse read: decode error (efs_rc=-9) ino=209819 off=648888320 len=4096
efs-fuse read: decode error (efs_rc=-9) ino=189339 off=442138624 len=4096
efs-fuse read: decode error (efs_rc=-9) ino=353257 off=3888185344 len=4096
efs-fuse read: decode error (efs_rc=-9) ino=205723 off=1607606272 len=4096
efs-fuse read: decode error (efs_rc=-9) ino=92985 off=1346752512 len=4096
efs-fuse read: decode error (efs_rc=-9) ino=197531 off=1229598720 len=4096
efs-fuse read: decode error (efs_rc=-9) ino=193435 off=79978496 len=4096
efs-fuse read: decode error (efs_rc=-9) ino=185243 off=1244643328 len=4096
efs-fuse read: decode error (efs_rc=-9) ino=134967 off=1081368576 len=4096
efs-fuse read: decode error (efs_rc=-9) ino=201627 off=1791807488 len=4096
efs-fuse read: decode error (efs_rc=-9) ino=139063 off=606232576 len=4096
efs-fuse read: decode error (efs_rc=-9) ino=101177 off=10526720 len=4096
efs-fuse read: decode error (efs_rc=-9) ino=238361 off=649039872 len=4096
efs-fuse read: decode error (efs_rc=-9) ino=209819 off=652570624 len=4096
efs-fuse read: decode error (efs_rc=-9) ino=353257 off=3955126272 len=4096
efs-fuse read: decode error (efs_rc=-9) ino=189339 off=449392640 len=4096
efs-fuse read: decode error (efs_rc=-9) ino=205723 off=1630654464 len=4096
efs-fuse read: decode error (efs_rc=-9) ino=92985 off=1355370496 len=4096
inode-rpc: retry type=43 attempt=9 why=send
efs-fuse read: decode error (efs_rc=-9) ino=197531 off=1239318528 len=4096
inode-rpc: retry type=87 attempt=9 why=send
efs-fuse read: decode error (efs_rc=-9) ino=193435 off=95883264 len=4096
efs-fuse read: decode error (efs_rc=-9) ino=185243 off=1245474816 len=4096
efs-fuse read: decode error (efs_rc=-9) ino=134967 off=1085894656 len=4096
efs-fuse read: decode error (efs_rc=-9) ino=201627 off=1797947392 len=4096
efs-fuse read: decode error (efs_rc=-9) ino=139063 off=608808960 len=4096
efs-fuse read: decode error (efs_rc=-9) ino=101177 off=19701760 len=4096
efs-fuse read: decode error (efs_rc=-9) ino=238361 off=656072704 len=4096
efs-fuse read: decode error (efs_rc=-9) ino=209819 off=656252928 len=4096
efs-fuse read: decode error (efs_rc=-9) ino=353257 off=3964293120 len=4096
efs-fuse read: decode error (efs_rc=-9) ino=205723 off=1634025472 len=4096
efs-fuse read: decode error (efs_rc=-9) ino=189339 off=456646656 len=4096
efs-fuse read: decode error (efs_rc=-9) ino=92985 off=1363988480 len=4096
efs-fuse read: decode error (efs_rc=-9) ino=197531 off=1249038336 len=4096
inode-rpc: retry type=43 attempt=9 why=send
inode-rpc: retry type=43 attempt=9 why=send
efs-fuse read: decode error (efs_rc=-9) ino=193435 off=99012608 len=4096
efs-fuse read: decode error (efs_rc=-9) ino=185243 off=1260285952 len=4096
efs-fuse read: decode error (efs_rc=-9) ino=134967 off=1090420736 len=4096
efs-fuse read: decode error (efs_rc=-9) ino=201627 off=1808650240 len=4096
efs-fuse read: decode error (efs_rc=-9) ino=139063 off=613183488 len=4096
efs-fuse read: decode error (efs_rc=-9) ino=101177 off=28741632 len=4096
efs-fuse read: decode error (efs_rc=-9) ino=238361 off=664170496 len=4096
efs-fuse read: decode error (efs_rc=-9) ino=209819 off=659935232 len=4096
efs-fuse read: decode error (efs_rc=-9) ino=353257 off=3973459968 len=4096
efs-fuse read: decode error (efs_rc=-9) ino=205723 off=1637396480 len=4096
efs-fuse read: decode error (efs_rc=-9) ino=92985 off=1377386496 len=4096
efs-fuse read: decode error (efs_rc=-9) ino=189339 off=463900672 len=4096
efs-fuse read: decode error (efs_rc=-9) ino=197531 off=1258758144 len=4096
efs-fuse read: decode error (efs_rc=-9) ino=193435 off=118046720 len=4096
efs-fuse read: decode error (efs_rc=-9) ino=185243 off=1275097088 len=4096
efs-fuse read: decode error (efs_rc=-9) ino=134967 off=1094946816 len=4096
efs-fuse read: decode error (efs_rc=-9) ino=201627 off=1814790144 len=4096
efs-fuse read: decode error (efs_rc=-9) ino=139063 off=615759872 len=4096
efs-fuse read: decode error (efs_rc=-9) ino=101177 off=28876800 len=4096
efs-fuse read: decode error (efs_rc=-9) ino=238361 off=671203328 len=4096
efs-fuse read: decode error (efs_rc=-9) ino=353257 off=3982626816 len=4096
efs-fuse read: decode error (efs_rc=-9) ino=205723 off=1640767488 len=4096
efs-fuse read: decode error (efs_rc=-9) ino=92985 off=1386004480 len=4096
efs-fuse read: decode error (efs_rc=-9) ino=209819 off=663617536 len=4096
efs-fuse read: decode error (efs_rc=-9) ino=189339 off=471154688 len=4096
efs-fuse read: decode error (efs_rc=-9) ino=197531 off=1268477952 len=4096
efs-fuse read: decode error (efs_rc=-9) ino=193435 off=121176064 len=4096
efs-fuse read: decode error (efs_rc=-9) ino=185243 off=1275928576 len=4096
efs-fuse read: decode error (efs_rc=-9) ino=134967 off=1099472896 len=4096
efs-fuse read: decode error (efs_rc=-9) ino=201627 off=1825492992 len=4096
efs-fuse read: decode error (efs_rc=-9) ino=139063 off=620134400 len=4096
efs-fuse read: decode error (efs_rc=-9) ino=101177 off=37916672 len=4096
efs-fuse read: decode error (efs_rc=-9) ino=238361 off=679301120 len=4096
efs-fuse read: decode error (efs_rc=-9) ino=92985 off=1394622464 len=4096
efs-fuse read: decode error (efs_rc=-9) ino=205723 off=1644138496 len=4096
efs-fuse read: decode error (efs_rc=-9) ino=353257 off=4040400896 len=4096
efs-fuse read: decode error (efs_rc=-9) ino=209819 off=667299840 len=4096
efs-fuse read: decode error (efs_rc=-9) ino=189339 off=478408704 len=4096
efs-fuse read: decode error (efs_rc=-9) ino=197531 off=1283596288 len=4096
efs-fuse read: decode error (efs_rc=-9) ino=193435 off=137080832 len=4096
efs-fuse read: decode error (efs_rc=-9) ino=185243 off=1290739712 len=4096
efs-fuse read: decode error (efs_rc=-9) ino=134967 off=1103998976 len=4096
efs-fuse read: decode error (efs_rc=-9) ino=201627 off=1831632896 len=4096
efs-fuse read: decode error (efs_rc=-9) ino=139063 off=622710784 len=4096
efs-fuse read: decode error (efs_rc=-9) ino=101177 off=47091712 len=4096
efs-fuse read: decode error (efs_rc=-9) ino=238361 off=686333952 len=4096
efs-fuse read: decode error (efs_rc=-9) ino=92985 off=1403240448 len=4096
efs-fuse read: decode error (efs_rc=-9) ino=205723 off=1670557696 len=4096
efs-fuse read: decode error (efs_rc=-9) ino=353257 off=4049567744 len=4096
efs-fuse read: decode error (efs_rc=-9) ino=209819 off=670982144 len=4096
efs-fuse read: decode error (efs_rc=-9) ino=189339 off=485662720 len=4096
efs-fuse read: decode error (efs_rc=-9) ino=197531 off=1293316096 len=4096
efs-fuse read: decode error (efs_rc=-9) ino=193435 off=140210176 len=4096
efs-fuse read: decode error (efs_rc=-9) ino=185243 off=1306382336 len=4096
efs-fuse read: decode error (efs_rc=-9) ino=134967 off=1113051136 len=4096
efs-fuse read: decode error (efs_rc=-9) ino=201627 off=1836195840 len=4096
inode-rpc: retry type=87 attempt=11 why=send
efs-fuse read: decode error (efs_rc=-9) ino=139063 off=624508928 len=4096
efs-fuse read: decode error (efs_rc=-9) ino=101177 off=56266752 len=4096
efs-fuse read: decode error (efs_rc=-9) ino=238361 off=694431744 len=4096
efs-fuse read: decode error (efs_rc=-9) ino=92985 off=1416638464 len=4096
efs-fuse read: decode error (efs_rc=-9) ino=205723 off=1673928704 len=4096
efs-fuse read: decode error (efs_rc=-9) ino=353257 off=4058734592 len=4096
efs-fuse read: decode error (efs_rc=-9) ino=209819 off=674664448 len=4096
efs-fuse read: decode error (efs_rc=-9) ino=189339 off=492916736 len=4096
efs-fuse read: decode error (efs_rc=-9) ino=197531 off=1303035904 len=4096
efs-fuse read: decode error (efs_rc=-9) ino=193435 off=156114944 len=4096
efs-fuse read: decode error (efs_rc=-9) ino=185243 off=1321193472 len=4096
efs-fuse read: decode error (efs_rc=-9) ino=134967 off=1117577216 len=4096
efs-fuse read: decode error (efs_rc=-9) ino=201627 off=1842335744 len=4096
efs-fuse read: decode error (efs_rc=-9) ino=139063 off=627085312 len=4096
efs-fuse read: decode error (efs_rc=-9) ino=101177 off=65306624 len=4096
efs-fuse read: decode error (efs_rc=-9) ino=238361 off=701464576 len=4096
efs-fuse read: decode error (efs_rc=-9) ino=92985 off=1420476416 len=4096
efs-fuse read: decode error (efs_rc=-9) ino=205723 off=1677299712 len=4096
efs-fuse read: decode error (efs_rc=-9) ino=353257 off=4116508672 len=4096
efs-fuse read: decode error (efs_rc=-9) ino=209819 off=714186752 len=4096
efs-fuse read: decode error (efs_rc=-9) ino=189339 off=500170752 len=4096
efs-fuse read: decode error (efs_rc=-9) ino=197531 off=1312755712 len=4096
efs-fuse read: decode error (efs_rc=-9) ino=193435 off=159244288 len=4096
efs-fuse read: decode error (efs_rc=-9) ino=185243 off=1336836096 len=4096
efs-fuse read: decode error (efs_rc=-9) ino=134967 off=1122103296 len=4096
efs-fuse read: decode error (efs_rc=-9) ino=201627 off=1853038592 len=4096
efs-fuse read: decode error (efs_rc=-9) ino=139063 off=629661696 len=4096
efs-fuse read: decode error (efs_rc=-9) ino=101177 off=65441792 len=4096
inode-rpc: retry type=43 attempt=10 why=send
efs-fuse read: decode error (efs_rc=-9) ino=238361 off=709562368 len=4096
efs-fuse read: decode error (efs_rc=-9) ino=92985 off=1425256448 len=4096
efs-fuse read: decode error (efs_rc=-9) ino=205723 off=1680670720 len=4096
efs-fuse read: decode error (efs_rc=-9) ino=353257 off=4125675520 len=4096
inode-rpc: retry type=87 attempt=10 why=send
efs-fuse read: decode error (efs_rc=-9) ino=209819 off=717869056 len=4096
efs-fuse read: decode error (efs_rc=-9) ino=189339 off=539201536 len=4096
efs-fuse read: decode error (efs_rc=-9) ino=197531 off=1322475520 len=4096
efs-fuse read: decode error (efs_rc=-9) ino=193435 off=178278400 len=4096
efs-fuse read: decode error (efs_rc=-9) ino=185243 off=1351647232 len=4096
efs-fuse read: decode error (efs_rc=-9) ino=134967 off=1126629376 len=4096
efs-fuse read: decode error (efs_rc=-9) ino=201627 off=1859178496 len=4096
efs-fuse read: decode error (efs_rc=-9) ino=139063 off=631459840 len=4096
efs-fuse read: decode error (efs_rc=-9) ino=101177 off=74481664 len=4096
inode-rpc: retry type=43 attempt=10 why=send
inode-rpc: retry type=43 attempt=10 why=send
efs-fuse read: decode error (efs_rc=-9) ino=238361 off=716595200 len=4096
efs-fuse read: decode error (efs_rc=-9) ino=92985 off=1433874432 len=4096
efs-fuse read: decode error (efs_rc=-9) ino=205723 off=1684041728 len=4096
efs-fuse read: decode error (efs_rc=-9) ino=353257 off=4134842368 len=4096
efs-fuse read: decode error (efs_rc=-9) ino=209819 off=721551360 len=4096
efs-fuse read: decode error (efs_rc=-9) ino=189339 off=546455552 len=4096
efs-fuse read: decode error (efs_rc=-9) ino=197531 off=1347313664 len=4096
efs-fuse read: decode error (efs_rc=-9) ino=193435 off=181407744 len=4096
efs-fuse read: decode error (efs_rc=-9) ino=185243 off=1352478720 len=4096
efs-fuse read: decode error (efs_rc=-9) ino=134967 off=1131155456 len=4096
efs-fuse read: decode error (efs_rc=-9) ino=201627 off=1869881344 len=4096
efs-fuse read: decode error (efs_rc=-9) ino=139063 off=634036224 len=4096
efs-fuse read: decode error (efs_rc=-9) ino=101177 off=83656704 len=4096
efs-fuse read: decode error (efs_rc=-9) ino=92985 off=1442492416 len=4096
efs-fuse read: decode error (efs_rc=-9) ino=205723 off=1710460928 len=4096
efs-fuse read: decode error (efs_rc=-9) ino=353257 off=4144009216 len=4096
efs-fuse read: decode error (efs_rc=-9) ino=238361 off=724692992 len=4096
efs-fuse read: decode error (efs_rc=-9) ino=209819 off=725233664 len=4096
efs-fuse read: decode error (efs_rc=-9) ino=189339 off=553709568 len=4096
efs-fuse read: decode error (efs_rc=-9) ino=197531 off=1357033472 len=4096
efs-fuse read: decode error (efs_rc=-9) ino=193435 off=197312512 len=4096
efs-fuse read: decode error (efs_rc=-9) ino=185243 off=1367289856 len=4096
efs-fuse read: decode error (efs_rc=-9) ino=134967 off=1183674368 len=4096
efs-fuse read: decode error (efs_rc=-9) ino=201627 off=1876021248 len=4096
efs-fuse read: decode error (efs_rc=-9) ino=139063 off=638410752 len=4096
efs-fuse read: decode error (efs_rc=-9) ino=101177 off=92831744 len=4096
efs-fuse read: decode error (efs_rc=-9) ino=92985 off=1451110400 len=4096
efs-fuse read: decode error (efs_rc=-9) ino=353257 off=4201783296 len=4096
efs-fuse read: decode error (efs_rc=-9) ino=205723 off=1717202944 len=4096
efs-fuse read: decode error (efs_rc=-9) ino=238361 off=731725824 len=4096
efs-fuse read: decode error (efs_rc=-9) ino=209819 off=732598272 len=4096
efs-fuse read: decode error (efs_rc=-9) ino=189339 off=560963584 len=4096
efs-fuse read: decode error (efs_rc=-9) ino=197531 off=1366753280 len=4096
efs-fuse read: decode error (efs_rc=-9) ino=193435 off=200441856 len=4096
efs-fuse read: decode error (efs_rc=-9) ino=185243 off=1382100992 len=4096
efs-fuse read: decode error (efs_rc=-9) ino=134967 off=1188200448 len=4096
efs-fuse read: decode error (efs_rc=-9) ino=201627 off=1880584192 len=4096
efs-fuse read: decode error (efs_rc=-9) ino=139063 off=640987136 len=4096
efs-fuse read: decode error (efs_rc=-9) ino=101177 off=101871616 len=4096
efs-fuse read: decode error (efs_rc=-9) ino=92985 off=1459728384 len=4096
efs-fuse read: decode error (efs_rc=-9) ino=205723 off=1720573952 len=4096
efs-fuse read: decode error (efs_rc=-9) ino=353257 off=4210950144 len=4096
efs-fuse read: decode error (efs_rc=-9) ino=238361 off=739823616 len=4096
efs-fuse read: decode error (efs_rc=-9) ino=209819 off=736280576 len=4096
efs-fuse read: decode error (efs_rc=-9) ino=189339 off=582725632 len=4096
efs-fuse read: decode error (efs_rc=-9) ino=197531 off=1376473088 len=4096
efs-fuse read: decode error (efs_rc=-9) ino=193435 off=219475968 len=4096
efs-fuse read: decode error (efs_rc=-9) ino=185243 off=1382932480 len=4096
efs-fuse read: decode error (efs_rc=-9) ino=134967 off=1192726528 len=4096
efs-fuse read: decode error (efs_rc=-9) ino=201627 off=1886724096 len=4096
efs-fuse read: decode error (efs_rc=-9) ino=139063 off=645361664 len=4096
efs-fuse read: decode error (efs_rc=-9) ino=92985 off=1468346368 len=4096
efs-fuse read: decode error (efs_rc=-9) ino=205723 off=1723944960 len=4096
efs-fuse read: decode error (efs_rc=-9) ino=101177 off=111046656 len=4096
efs-fuse read: decode error (efs_rc=-9) ino=353257 off=4220116992 len=4096
efs-fuse read: decode error (efs_rc=-9) ino=238361 off=746856448 len=4096
efs-fuse read: decode error (efs_rc=-9) ino=209819 off=739962880 len=4096
efs-fuse read: decode error (efs_rc=-9) ino=189339 off=589979648 len=4096
efs-fuse read: decode error (efs_rc=-9) ino=197531 off=1401311232 len=4096
efs-fuse read: decode error (efs_rc=-9) ino=193435 off=238510080 len=4096
efs-fuse read: decode error (efs_rc=-9) ino=185243 off=1397743616 len=4096
inode-rpc: retry type=87 attempt=12 why=send
efs-fuse read: decode error (efs_rc=-9) ino=134967 off=1197252608 len=4096
efs-fuse read: decode error (efs_rc=-9) ino=201627 off=1897426944 len=4096
efs-fuse read: decode error (efs_rc=-9) ino=139063 off=647938048 len=4096
efs-fuse read: decode error (efs_rc=-9) ino=92985 off=1473126400 len=4096
efs-fuse read: decode error (efs_rc=-9) ino=205723 off=1750364160 len=4096
efs-fuse read: decode error (efs_rc=-9) ino=353257 off=4277891072 len=4096
efs-fuse read: decode error (efs_rc=-9) ino=101177 off=120221696 len=4096
efs-fuse read: decode error (efs_rc=-9) ino=238361 off=754954240 len=4096
efs-fuse read: decode error (efs_rc=-9) ino=209819 off=743645184 len=4096
efs-fuse read: decode error (efs_rc=-9) ino=189339 off=597233664 len=4096
efs-fuse read: decode error (efs_rc=-9) ino=197531 off=1411031040 len=4096
efs-fuse read: decode error (efs_rc=-9) ino=193435 off=241639424 len=4096
efs-fuse read: decode error (efs_rc=-9) ino=185243 off=1413386240 len=4096
efs-fuse read: decode error (efs_rc=-9) ino=201627 off=1903566848 len=4096
efs-fuse read: decode error (efs_rc=-9) ino=134967 off=1201778688 len=4096
efs-fuse read: decode error (efs_rc=-9) ino=139063 off=652312576 len=4096
efs-fuse read: decode error (efs_rc=-9) ino=92985 off=1476964352 len=4096
efs-fuse read: decode error (efs_rc=-9) ino=205723 off=1753735168 len=4096
efs-fuse read: decode error (efs_rc=-9) ino=353257 off=4287057920 len=4096
efs-fuse read: decode error (efs_rc=-9) ino=101177 off=129261568 len=4096
efs-fuse read: decode error (efs_rc=-9) ino=238361 off=761987072 len=4096
efs-fuse read: decode error (efs_rc=-9) ino=209819 off=747327488 len=4096
efs-fuse read: decode error (efs_rc=-9) ino=189339 off=604487680 len=4096
efs-fuse read: decode error (efs_rc=-9) ino=197531 off=1420750848 len=4096
efs-fuse read: decode error (efs_rc=-9) ino=193435 off=257544192 len=4096
efs-fuse read: decode error (efs_rc=-9) ino=185243 off=1428197376 len=4096
efs-fuse read: decode error (efs_rc=-9) ino=201627 off=1914269696 len=4096
efs-fuse read: decode error (efs_rc=-9) ino=139063 off=654888960 len=4096
efs-fuse read: decode error (efs_rc=-9) ino=134967 off=1206304768 len=4096
inode-rpc: retry type=43 attempt=11 why=send
inode-rpc: retry type=87 attempt=11 why=send
efs-fuse read: decode error (efs_rc=-9) ino=92985 off=1481744384 len=4096
efs-fuse read: decode error (efs_rc=-9) ino=205723 off=1757106176 len=4096
efs-fuse read: decode error (efs_rc=-9) ino=353257 off=4296224768 len=4096
efs-fuse read: decode error (efs_rc=-9) ino=101177 off=129396736 len=4096
efs-fuse read: decode error (efs_rc=-9) ino=238361 off=770084864 len=4096
efs-fuse read: decode error (efs_rc=-9) ino=209819 off=779485184 len=4096
efs-fuse read: decode error (efs_rc=-9) ino=189339 off=611741696 len=4096
efs-fuse read: decode error (efs_rc=-9) ino=197531 off=1430470656 len=4096
efs-fuse read: decode error (efs_rc=-9) ino=193435 off=260673536 len=4096
efs-fuse read: decode error (efs_rc=-9) ino=185243 off=1443840000 len=4096
efs-fuse read: decode error (efs_rc=-9) ino=201627 off=1920409600 len=4096
efs-fuse read: decode error (efs_rc=-9) ino=139063 off=659263488 len=4096
efs-fuse read: decode error (efs_rc=-9) ino=134967 off=1210830848 len=4096
inode-rpc: retry type=43 attempt=11 why=send
inode-rpc: retry type=43 attempt=11 why=send
efs-fuse read: decode error (efs_rc=-9) ino=92985 off=1490362368 len=4096
efs-fuse read: decode error (efs_rc=-9) ino=353257 off=4305391616 len=4096
efs-fuse read: decode error (efs_rc=-9) ino=205723 off=1760477184 len=4096
efs-fuse read: decode error (efs_rc=-9) ino=101177 off=138436608 len=4096
efs-fuse read: decode error (efs_rc=-9) ino=238361 off=777117696 len=4096
efs-fuse read: decode error (efs_rc=-9) ino=209819 off=783167488 len=4096
efs-fuse read: decode error (efs_rc=-9) ino=189339 off=618995712 len=4096
efs-fuse read: decode error (efs_rc=-9) ino=197531 off=1455308800 len=4096
efs-fuse read: decode error (efs_rc=-9) ino=193435 off=279707648 len=4096
efs-fuse read: decode error (efs_rc=-9) ino=185243 off=1458651136 len=4096
efs-fuse read: decode error (efs_rc=-9) ino=201627 off=1924972544 len=4096
efs-fuse read: decode error (efs_rc=-9) ino=139063 off=661839872 len=4096
efs-fuse read: decode error (efs_rc=-9) ino=134967 off=1215356928 len=4096
efs-fuse read: decode error (efs_rc=-9) ino=353257 off=4353998848 len=4096
efs-fuse read: decode error (efs_rc=-9) ino=92985 off=1498980352 len=4096
efs-fuse read: decode error (efs_rc=-9) ino=205723 off=1763848192 len=4096
efs-fuse read: decode error (efs_rc=-9) ino=101177 off=147611648 len=4096
efs-fuse read: decode error (efs_rc=-9) ino=238361 off=785215488 len=4096
efs-fuse read: decode error (efs_rc=-9) ino=209819 off=786849792 len=4096
efs-fuse read: decode error (efs_rc=-9) ino=189339 off=658026496 len=4096
efs-fuse read: decode error (efs_rc=-9) ino=197531 off=1465028608 len=4096
efs-fuse read: decode error (efs_rc=-9) ino=193435 off=282836992 len=4096
efs-fuse read: decode error (efs_rc=-9) ino=185243 off=1474293760 len=4096
efs-fuse read: decode error (efs_rc=-9) ino=201627 off=1931112448 len=4096
efs-fuse read: decode error (efs_rc=-9) ino=139063 off=666214400 len=4096
efs-fuse read: decode error (efs_rc=-9) ino=134967 off=1219883008 len=4096
efs-fuse read: decode error (efs_rc=-9) ino=353257 off=4363165696 len=4096
efs-fuse read: decode error (efs_rc=-9) ino=205723 off=1786896384 len=4096
efs-fuse read: decode error (efs_rc=-9) ino=92985 off=1507598336 len=4096
efs-fuse read: decode error (efs_rc=-9) ino=101177 off=156786688 len=4096
efs-fuse read: decode error (efs_rc=-9) ino=238361 off=792248320 len=4096
efs-fuse read: decode error (efs_rc=-9) ino=209819 off=790532096 len=4096
efs-fuse read: decode error (efs_rc=-9) ino=189339 off=665280512 len=4096
efs-fuse read: decode error (efs_rc=-9) ino=197531 off=1474748416 len=4096
efs-fuse read: decode error (efs_rc=-9) ino=193435 off=298741760 len=4096
efs-fuse read: decode error (efs_rc=-9) ino=185243 off=1489104896 len=4096
efs-fuse read: decode error (efs_rc=-9) ino=201627 off=1941815296 len=4096
efs-fuse read: decode error (efs_rc=-9) ino=139063 off=668790784 len=4096
efs-fuse read: decode error (efs_rc=-9) ino=134967 off=1224409088 len=4096
efs-fuse read: decode error (efs_rc=-9) ino=205723 off=1790267392 len=4096
efs-fuse read: decode error (efs_rc=-9) ino=353257 off=4372332544 len=4096
efs-fuse read: decode error (efs_rc=-9) ino=92985 off=1516216320 len=4096
efs-fuse read: decode error (efs_rc=-9) ino=101177 off=165826560 len=4096
efs-fuse read: decode error (efs_rc=-9) ino=238361 off=800346112 len=4096
efs-fuse read: decode error (efs_rc=-9) ino=209819 off=794214400 len=4096
efs-fuse read: decode error (efs_rc=-9) ino=189339 off=672534528 len=4096
efs-fuse read: decode error (efs_rc=-9) ino=197531 off=1484468224 len=4096
efs-fuse read: decode error (efs_rc=-9) ino=193435 off=301871104 len=4096
efs-fuse read: decode error (efs_rc=-9) ino=185243 off=1489936384 len=4096
efs-fuse read: decode error (efs_rc=-9) ino=201627 off=1947955200 len=4096
efs-fuse read: decode error (efs_rc=-9) ino=139063 off=670588928 len=4096
efs-fuse read: decode error (efs_rc=-9) ino=134967 off=1228935168 len=4096
efs-fuse read: decode error (efs_rc=-9) ino=353257 off=4381499392 len=4096
efs-fuse read: decode error (efs_rc=-9) ino=205723 off=1793638400 len=4096
efs-fuse read: decode error (efs_rc=-9) ino=92985 off=1524834304 len=4096
efs-fuse read: decode error (efs_rc=-9) ino=101177 off=165961728 len=4096
efs-fuse read: decode error (efs_rc=-9) ino=238361 off=807378944 len=4096
efs-fuse read: decode error (efs_rc=-9) ino=209819 off=797896704 len=4096
efs-fuse read: decode error (efs_rc=-9) ino=189339 off=679788544 len=4096
efs-fuse read: decode error (efs_rc=-9) ino=197531 off=1509306368 len=4096
inode-rpc: retry type=87 attempt=13 why=send
efs-fuse read: decode error (efs_rc=-9) ino=201627 off=1958658048 len=4096
efs-fuse read: decode error (efs_rc=-9) ino=193435 off=317775872 len=4096
efs-fuse read: decode error (efs_rc=-9) ino=185243 off=1504747520 len=4096
efs-fuse read: decode error (efs_rc=-9) ino=139063 off=673165312 len=4096
efs-fuse read: decode error (efs_rc=-9) ino=134967 off=1233461248 len=4096
efs-fuse read: decode error (efs_rc=-9) ino=353257 off=4439273472 len=4096
efs-fuse read: decode error (efs_rc=-9) ino=205723 off=1797009408 len=4096
efs-fuse read: decode error (efs_rc=-9) ino=92985 off=1529614336 len=4096
efs-fuse read: decode error (efs_rc=-9) ino=101177 off=175001600 len=4096
efs-fuse read: decode error (efs_rc=-9) ino=238361 off=815476736 len=4096
efs-fuse read: decode error (efs_rc=-9) ino=209819 off=801579008 len=4096
efs-fuse read: decode error (efs_rc=-9) ino=189339 off=694296576 len=4096
efs-fuse read: decode error (efs_rc=-9) ino=197531 off=1519026176 len=4096
efs-fuse read: decode error (efs_rc=-9) ino=201627 off=1964797952 len=4096
efs-fuse read: decode error (efs_rc=-9) ino=193435 off=320905216 len=4096
efs-fuse read: decode error (efs_rc=-9) ino=139063 off=675741696 len=4096
efs-fuse read: decode error (efs_rc=-9) ino=185243 off=1519558656 len=4096
efs-fuse read: decode error (efs_rc=-9) ino=134967 off=1237987328 len=4096
efs-fuse read: decode error (efs_rc=-9) ino=353257 off=4448440320 len=4096
efs-fuse read: decode error (efs_rc=-9) ino=205723 off=1800380416 len=4096
efs-fuse read: decode error (efs_rc=-9) ino=92985 off=1538232320 len=4096
efs-fuse read: decode error (efs_rc=-9) ino=101177 off=184176640 len=4096
efs-fuse read: decode error (efs_rc=-9) ino=238361 off=822509568 len=4096
efs-fuse read: decode error (efs_rc=-9) ino=209819 off=805261312 len=4096
efs-fuse read: decode error (efs_rc=-9) ino=189339 off=701550592 len=4096
efs-fuse read: decode error (efs_rc=-9) ino=197531 off=1528745984 len=4096
efs-fuse read: decode error (efs_rc=-9) ino=201627 off=1969360896 len=4096
efs-fuse read: decode error (efs_rc=-9) ino=139063 off=677539840 len=4096
efs-fuse read: decode error (efs_rc=-9) ino=193435 off=339939328 len=4096
efs-fuse read: decode error (efs_rc=-9) ino=185243 off=1520390144 len=4096
inode-rpc: retry type=43 attempt=12 why=send
inode-rpc: retry type=87 attempt=12 why=send
efs-fuse read: decode error (efs_rc=-9) ino=134967 off=1242513408 len=4096
efs-fuse read: decode error (efs_rc=-9) ino=353257 off=4457607168 len=4096
efs-fuse read: decode error (efs_rc=-9) ino=92985 off=1546850304 len=4096
efs-fuse read: decode error (efs_rc=-9) ino=205723 off=1826799616 len=4096
efs-fuse read: decode error (efs_rc=-9) ino=101177 off=193351680 len=4096
efs-fuse read: decode error (efs_rc=-9) ino=238361 off=829542400 len=4096
efs-fuse read: decode error (efs_rc=-9) ino=209819 off=808943616 len=4096
efs-fuse read: decode error (efs_rc=-9) ino=189339 off=708804608 len=4096
efs-fuse read: decode error (efs_rc=-9) ino=197531 off=1538465792 len=4096
efs-fuse read: decode error (efs_rc=-9) ino=201627 off=1975500800 len=4096
efs-fuse read: decode error (efs_rc=-9) ino=139063 off=680116224 len=4096
efs-fuse read: decode error (efs_rc=-9) ino=193435 off=343068672 len=4096
efs-fuse read: decode error (efs_rc=-9) ino=185243 off=1535201280 len=4096
inode-rpc: retry type=43 attempt=12 why=send
inode-rpc: retry type=43 attempt=12 why=send
efs-fuse read: decode error (efs_rc=-9) ino=134967 off=1299558400 len=4096
efs-fuse read: decode error (efs_rc=-9) ino=353257 off=4466774016 len=4096
efs-fuse read: decode error (efs_rc=-9) ino=92985 off=1555468288 len=4096
efs-fuse read: decode error (efs_rc=-9) ino=205723 off=1830170624 len=4096
efs-fuse read: decode error (efs_rc=-9) ino=101177 off=202391552 len=4096
efs-fuse read: decode error (efs_rc=-9) ino=238361 off=830607360 len=4096
efs-fuse read: decode error (efs_rc=-9) ino=209819 off=844783616 len=4096
efs-fuse read: decode error (efs_rc=-9) ino=189339 off=716058624 len=4096
efs-fuse read: decode error (efs_rc=-9) ino=197531 off=1563303936 len=4096
efs-fuse read: decode error (efs_rc=-9) ino=201627 off=1986203648 len=4096
efs-fuse read: decode error (efs_rc=-9) ino=139063 off=684490752 len=4096
efs-fuse read: decode error (efs_rc=-9) ino=193435 off=358973440 len=4096
efs-fuse read: decode error (efs_rc=-9) ino=185243 off=1550843904 len=4096
efs-fuse read: decode error (efs_rc=-9) ino=134967 off=1304084480 len=4096
efs-fuse read: decode error (efs_rc=-9) ino=353257 off=4515381248 len=4096
efs-fuse read: decode error (efs_rc=-9) ino=92985 off=1564086272 len=4096
efs-fuse read: decode error (efs_rc=-9) ino=205723 off=1833541632 len=4096
efs-fuse read: decode error (efs_rc=-9) ino=101177 off=211566592 len=4096
efs-fuse read: decode error (efs_rc=-9) ino=238361 off=837640192 len=4096
efs-fuse read: decode error (efs_rc=-9) ino=209819 off=848465920 len=4096
efs-fuse read: decode error (efs_rc=-9) ino=189339 off=723312640 len=4096
efs-fuse read: decode error (efs_rc=-9) ino=197531 off=1573023744 len=4096
efs-fuse read: decode error (efs_rc=-9) ino=201627 off=1992343552 len=4096
efs-fuse read: decode error (efs_rc=-9) ino=139063 off=687067136 len=4096
efs-fuse read: decode error (efs_rc=-9) ino=193435 off=362102784 len=4096
efs-fuse read: decode error (efs_rc=-9) ino=185243 off=1565655040 len=4096
efs-fuse read: decode error (efs_rc=-9) ino=134967 off=1308610560 len=4096
efs-fuse read: decode error (efs_rc=-9) ino=353257 off=4524548096 len=4096
efs-fuse read: decode error (efs_rc=-9) ino=92985 off=1572704256 len=4096
efs-fuse read: decode error (efs_rc=-9) ino=205723 off=1836912640 len=4096
efs-fuse read: decode error (efs_rc=-9) ino=101177 off=220741632 len=4096
efs-fuse read: decode error (efs_rc=-9) ino=238361 off=844673024 len=4096
efs-fuse read: decode error (efs_rc=-9) ino=209819 off=852148224 len=4096
efs-fuse read: decode error (efs_rc=-9) ino=189339 off=730566656 len=4096
efs-fuse read: decode error (efs_rc=-9) ino=197531 off=1582743552 len=4096
efs-fuse read: decode error (efs_rc=-9) ino=201627 off=2003046400 len=4096
efs-fuse read: decode error (efs_rc=-9) ino=139063 off=691441664 len=4096
efs-fuse read: decode error (efs_rc=-9) ino=193435 off=381136896 len=4096
efs-fuse read: decode error (efs_rc=-9) ino=185243 off=1581297664 len=4096
efs-fuse read: decode error (efs_rc=-9) ino=134967 off=1313136640 len=4096
efs-fuse read: decode error (efs_rc=-9) ino=353257 off=4533714944 len=4096
efs-fuse read: decode error (efs_rc=-9) ino=92985 off=1581322240 len=4096
efs-fuse read: decode error (efs_rc=-9) ino=205723 off=1840283648 len=4096
efs-fuse read: decode error (efs_rc=-9) ino=101177 off=229781504 len=4096
efs-fuse read: decode error (efs_rc=-9) ino=238361 off=845737984 len=4096
efs-fuse read: decode error (efs_rc=-9) ino=209819 off=859512832 len=4096
efs-fuse read: decode error (efs_rc=-9) ino=189339 off=776851456 len=4096
efs-fuse read: decode error (efs_rc=-9) ino=197531 off=1592463360 len=4096
efs-fuse read: decode error (efs_rc=-9) ino=201627 off=2009186304 len=4096
efs-fuse read: decode error (efs_rc=-9) ino=139063 off=694018048 len=4096
efs-fuse read: decode error (efs_rc=-9) ino=193435 off=384266240 len=4096
efs-fuse read: decode error (efs_rc=-9) ino=185243 off=1596108800 len=4096
efs-fuse read: decode error (efs_rc=-9) ino=353257 off=4542881792 len=4096
efs-fuse read: decode error (efs_rc=-9) ino=92985 off=1586102272 len=4096
efs-fuse read: decode error (efs_rc=-9) ino=134967 off=1317662720 len=4096
efs-fuse read: decode error (efs_rc=-9) ino=205723 off=1866702848 len=4096
efs-fuse read: decode error (efs_rc=-9) ino=101177 off=229916672 len=4096
efs-fuse read: decode error (efs_rc=-9) ino=238361 off=852770816 len=4096
inode-rpc: retry type=87 attempt=14 why=send
efs-fuse read: decode error (efs_rc=-9) ino=209819 off=863195136 len=4096
efs-fuse read: decode error (efs_rc=-9) ino=189339 off=784105472 len=4096
efs-fuse read: decode error (efs_rc=-9) ino=197531 off=1617301504 len=4096
efs-fuse read: decode error (efs_rc=-9) ino=201627 off=2013749248 len=4096
efs-fuse read: decode error (efs_rc=-9) ino=139063 off=698392576 len=4096
efs-fuse read: decode error (efs_rc=-9) ino=193435 off=400171008 len=4096
efs-fuse read: decode error (efs_rc=-9) ino=185243 off=1596940288 len=4096
efs-fuse read: decode error (efs_rc=-9) ino=353257 off=4600655872 len=4096
efs-fuse read: decode error (efs_rc=-9) ino=92985 off=1594720256 len=4096
efs-fuse read: decode error (efs_rc=-9) ino=205723 off=1870073856 len=4096
efs-fuse read: decode error (efs_rc=-9) ino=134967 off=1322188800 len=4096
efs-fuse read: decode error (efs_rc=-9) ino=101177 off=238956544 len=4096
efs-fuse read: decode error (efs_rc=-9) ino=238361 off=859803648 len=4096
efs-fuse read: decode error (efs_rc=-9) ino=209819 off=866877440 len=4096
efs-fuse read: decode error (efs_rc=-9) ino=189339 off=791359488 len=4096
efs-fuse read: decode error (efs_rc=-9) ino=197531 off=1627021312 len=4096
efs-fuse read: decode error (efs_rc=-9) ino=201627 off=2019889152 len=4096
efs-fuse read: decode error (efs_rc=-9) ino=139063 off=700968960 len=4096
efs-fuse read: decode error (efs_rc=-9) ino=193435 off=403300352 len=4096
efs-fuse read: decode error (efs_rc=-9) ino=185243 off=1611751424 len=4096
efs-fuse read: decode error (efs_rc=-9) ino=92985 off=1603338240 len=4096
efs-fuse read: decode error (efs_rc=-9) ino=353257 off=4609822720 len=4096
efs-fuse read: decode error (efs_rc=-9) ino=205723 off=1873444864 len=4096
efs-fuse read: decode error (efs_rc=-9) ino=134967 off=1326714880 len=4096
efs-fuse read: decode error (efs_rc=-9) ino=101177 off=248131584 len=4096
efs-fuse read: decode error (efs_rc=-9) ino=238361 off=860868608 len=4096
efs-fuse read: decode error (efs_rc=-9) ino=209819 off=870559744 len=4096
efs-fuse read: decode error (efs_rc=-9) ino=189339 off=798613504 len=4096
efs-fuse read: decode error (efs_rc=-9) ino=197531 off=1636741120 len=4096
inode-rpc: retry type=43 attempt=13 why=send
efs-fuse read: decode error (efs_rc=-9) ino=139063 off=705343488 len=4096
efs-fuse read: decode error (efs_rc=-9) ino=201627 off=1007616 len=4096
inode-rpc: retry type=87 attempt=13 why=send
efs-fuse read: decode error (efs_rc=-9) ino=193435 off=419205120 len=4096
efs-fuse read: decode error (efs_rc=-9) ino=185243 off=1626562560 len=4096
efs-fuse read: decode error (efs_rc=-9) ino=92985 off=1611956224 len=4096
efs-fuse read: decode error (efs_rc=-9) ino=353257 off=4618989568 len=4096
efs-fuse read: decode error (efs_rc=-9) ino=205723 off=1876815872 len=4096
efs-fuse read: decode error (efs_rc=-9) ino=134967 off=1331240960 len=4096
efs-fuse read: decode error (efs_rc=-9) ino=101177 off=257306624 len=4096
efs-fuse read: decode error (efs_rc=-9) ino=238361 off=867901440 len=4096
efs-fuse read: decode error (efs_rc=-9) ino=209819 off=874242048 len=4096
efs-fuse read: decode error (efs_rc=-9) ino=189339 off=805867520 len=4096
efs-fuse read: decode error (efs_rc=-9) ino=197531 off=1646460928 len=4096
efs-fuse read: decode error (efs_rc=-9) ino=139063 off=707919872 len=4096
efs-fuse read: decode error (efs_rc=-9) ino=201627 off=11710464 len=4096
inode-rpc: retry type=43 attempt=13 why=send
inode-rpc: retry type=43 attempt=13 why=send
efs-fuse read: decode error (efs_rc=-9) ino=193435 off=422334464 len=4096
efs-fuse read: decode error (efs_rc=-9) ino=92985 off=1629192192 len=4096
efs-fuse read: decode error (efs_rc=-9) ino=353257 off=4628156416 len=4096
efs-fuse read: decode error (efs_rc=-9) ino=185243 off=1627394048 len=4096
efs-fuse read: decode error (efs_rc=-9) ino=205723 off=1880186880 len=4096
efs-fuse read: decode error (efs_rc=-9) ino=134967 off=1335767040 len=4096
efs-fuse read: decode error (efs_rc=-9) ino=101177 off=266346496 len=4096
efs-fuse read: decode error (efs_rc=-9) ino=238361 off=874934272 len=4096
efs-fuse read: decode error (efs_rc=-9) ino=209819 off=877924352 len=4096
efs-fuse read: decode error (efs_rc=-9) ino=189339 off=813121536 len=4096
efs-fuse read: decode error (efs_rc=-9) ino=139063 off=712294400 len=4096
efs-fuse read: decode error (efs_rc=-9) ino=197531 off=1671299072 len=4096
efs-fuse read: decode error (efs_rc=-9) ino=201627 off=17850368 len=4096
efs-fuse read: decode error (efs_rc=-9) ino=92985 off=1633972224 len=4096
efs-fuse read: decode error (efs_rc=-9) ino=353257 off=4676763648 len=4096
efs-fuse read: decode error (efs_rc=-9) ino=193435 off=441368576 len=4096
efs-fuse read: decode error (efs_rc=-9) ino=205723 off=1906606080 len=4096
efs-fuse read: decode error (efs_rc=-9) ino=185243 off=1642205184 len=4096
efs-fuse read: decode error (efs_rc=-9) ino=134967 off=1340293120 len=4096
efs-fuse read: decode error (efs_rc=-9) ino=101177 off=266481664 len=4096
efs-fuse read: decode error (efs_rc=-9) ino=238361 off=875999232 len=4096
efs-fuse read: decode error (efs_rc=-9) ino=209819 off=910082048 len=4096
efs-fuse read: decode error (efs_rc=-9) ino=189339 off=820375552 len=4096
efs-fuse read: decode error (efs_rc=-9) ino=139063 off=714870784 len=4096
efs-fuse read: decode error (efs_rc=-9) ino=197531 off=1681018880 len=4096
efs-fuse read: decode error (efs_rc=-9) ino=201627 off=28553216 len=4096
efs-fuse read: decode error (efs_rc=-9) ino=92985 off=1637810176 len=4096
efs-fuse read: decode error (efs_rc=-9) ino=353257 off=4685930496 len=4096
efs-fuse read: decode error (efs_rc=-9) ino=205723 off=1909977088 len=4096
efs-fuse read: decode error (efs_rc=-9) ino=193435 off=444497920 len=4096
efs-fuse read: decode error (efs_rc=-9) ino=185243 off=1657847808 len=4096
efs-fuse read: decode error (efs_rc=-9) ino=134967 off=1344819200 len=4096
efs-fuse read: decode error (efs_rc=-9) ino=101177 off=275521536 len=4096
efs-fuse read: decode error (efs_rc=-9) ino=238361 off=890064896 len=4096
efs-fuse read: decode error (efs_rc=-9) ino=209819 off=913764352 len=4096
efs-fuse read: decode error (efs_rc=-9) ino=139063 off=716668928 len=4096
efs-fuse read: decode error (efs_rc=-9) ino=189339 off=827629568 len=4096
efs-fuse read: decode error (efs_rc=-9) ino=197531 off=1690738688 len=4096
efs-fuse read: decode error (efs_rc=-9) ino=201627 off=34693120 len=4096
efs-fuse read: decode error (efs_rc=-9) ino=92985 off=1642590208 len=4096
efs-fuse read: decode error (efs_rc=-9) ino=353257 off=4695097344 len=4096
efs-fuse read: decode error (efs_rc=-9) ino=205723 off=1913348096 len=4096
efs-fuse read: decode error (efs_rc=-9) ino=193435 off=460402688 len=4096
efs-fuse read: decode error (efs_rc=-9) ino=185243 off=1672658944 len=4096
efs-fuse read: decode error (efs_rc=-9) ino=134967 off=1353871360 len=4096
efs-fuse read: decode error (efs_rc=-9) ino=101177 off=284696576 len=4096
efs-fuse read: decode error (efs_rc=-9) ino=238361 off=891129856 len=4096
efs-fuse read: decode error (efs_rc=-9) ino=209819 off=917446656 len=4096
efs-fuse read: decode error (efs_rc=-9) ino=139063 off=719245312 len=4096
efs-fuse read: decode error (efs_rc=-9) ino=189339 off=834883584 len=4096
efs-fuse read: decode error (efs_rc=-9) ino=197531 off=1700458496 len=4096
efs-fuse read: decode error (efs_rc=-9) ino=201627 off=45395968 len=4096
efs-fuse read: decode error (efs_rc=-9) ino=92985 off=1651208192 len=4096
efs-fuse read: decode error (efs_rc=-9) ino=353257 off=4704264192 len=4096
efs-fuse read: decode error (efs_rc=-9) ino=205723 off=1916719104 len=4096
efs-fuse read: decode error (efs_rc=-9) ino=193435 off=463532032 len=4096
efs-fuse read: decode error (efs_rc=-9) ino=185243 off=1688301568 len=4096
efs-fuse read: decode error (efs_rc=-9) ino=134967 off=1358397440 len=4096
inode-rpc: retry type=87 attempt=0 why=send
efs-fuse read: decode error (efs_rc=-9) ino=101177 off=293871616 len=4096
efs-fuse read: decode error (efs_rc=-9) ino=238361 off=898162688 len=4096
efs-fuse read: decode error (efs_rc=-9) ino=139063 off=721821696 len=4096
efs-fuse read: decode error (efs_rc=-9) ino=209819 off=921128960 len=4096
efs-fuse read: decode error (efs_rc=-9) ino=189339 off=842137600 len=4096
efs-fuse read: decode error (efs_rc=-9) ino=197531 off=1725296640 len=4096
efs-fuse read: decode error (efs_rc=-9) ino=201627 off=56098816 len=4096
inode-rpc: retry type=87 attempt=1 why=send
efs-fuse read: decode error (efs_rc=-9) ino=92985 off=1659826176 len=4096
efs-fuse read: decode error (efs_rc=-9) ino=353257 off=4762038272 len=4096
efs-fuse read: decode error (efs_rc=-9) ino=205723 off=1943138304 len=4096
efs-fuse read: decode error (efs_rc=-9) ino=193435 off=482566144 len=4096
efs-fuse read: decode error (efs_rc=-9) ino=185243 off=1703112704 len=4096
efs-fuse read: decode error (efs_rc=-9) ino=134967 off=1410916352 len=4096
efs-fuse read: decode error (efs_rc=-9) ino=101177 off=302911488 len=4096
efs-fuse read: decode error (efs_rc=-9) ino=238361 off=905195520 len=4096
efs-fuse read: decode error (efs_rc=-9) ino=139063 off=723619840 len=4096
efs-fuse read: decode error (efs_rc=-9) ino=209819 off=924811264 len=4096
efs-fuse read: decode error (efs_rc=-9) ino=189339 off=849391616 len=4096
efs-fuse read: decode error (efs_rc=-9) ino=197531 off=1735016448 len=4096
efs-fuse read: decode error (efs_rc=-9) ino=201627 off=62238720 len=4096
inode-rpc: retry type=87 attempt=2 why=send
efs-fuse read: decode error (efs_rc=-9) ino=205723 off=1946509312 len=4096
efs-fuse read: decode error (efs_rc=-9) ino=92985 off=1668444160 len=4096
efs-fuse read: decode error (efs_rc=-9) ino=353257 off=4771205120 len=4096
efs-fuse read: decode error (efs_rc=-9) ino=193435 off=485695488 len=4096
efs-fuse read: decode error (efs_rc=-9) ino=185243 off=1703944192 len=4096
efs-fuse read: decode error (efs_rc=-9) ino=134967 off=1415442432 len=4096
efs-fuse read: decode error (efs_rc=-9) ino=101177 off=312086528 len=4096
inode-rpc: retry type=43 attempt=14 why=send
efs-fuse read: decode error (efs_rc=-9) ino=238361 off=906260480 len=4096
efs-fuse read: decode error (efs_rc=-9) ino=139063 off=726196224 len=4096
inode-rpc: retry type=87 attempt=14 why=send
efs-fuse read: decode error (efs_rc=-9) ino=209819 off=928493568 len=4096
efs-fuse read: decode error (efs_rc=-9) ino=189339 off=888422400 len=4096
efs-fuse read: decode error (efs_rc=-9) ino=197531 off=1744736256 len=4096
efs-fuse read: decode error (efs_rc=-9) ino=201627 off=72941568 len=4096
efs-fuse read: decode error (efs_rc=-9) ino=92985 off=1677062144 len=4096
efs-fuse read: decode error (efs_rc=-9) ino=205723 off=1953251328 len=4096
efs-fuse read: decode error (efs_rc=-9) ino=353257 off=4780371968 len=4096
efs-fuse read: decode error (efs_rc=-9) ino=193435 off=501600256 len=4096
efs-fuse read: decode error (efs_rc=-9) ino=185243 off=1718755328 len=4096
efs-fuse read: decode error (efs_rc=-9) ino=134967 off=1419968512 len=4096
efs-fuse read: decode error (efs_rc=-9) ino=101177 off=321261568 len=4096
efs-fuse read: decode error (efs_rc=-9) ino=238361 off=913293312 len=4096
inode-rpc: retry type=43 attempt=14 why=send
inode-rpc: retry type=43 attempt=14 why=send
efs-fuse read: decode error (efs_rc=-9) ino=139063 off=730570752 len=4096
efs-fuse read: decode error (efs_rc=-9) ino=209819 off=932175872 len=4096
efs-fuse read: decode error (efs_rc=-9) ino=189339 off=895676416 len=4096
efs-fuse read: decode error (efs_rc=-9) ino=197531 off=1754456064 len=4096
efs-fuse read: decode error (efs_rc=-9) ino=201627 off=79081472 len=4096
inode-rpc: retry type=87 attempt=3 why=send
efs-fuse read: decode error (efs_rc=-9) ino=205723 off=1956622336 len=4096
efs-fuse read: decode error (efs_rc=-9) ino=353257 off=4789538816 len=4096
efs-fuse read: decode error (efs_rc=-9) ino=92985 off=1685680128 len=4096
efs-fuse read: decode error (efs_rc=-9) ino=193435 off=504729600 len=4096
efs-fuse read: decode error (efs_rc=-9) ino=185243 off=1733566464 len=4096
efs-fuse read: decode error (efs_rc=-9) ino=134967 off=1424494592 len=4096
efs-fuse read: decode error (efs_rc=-9) ino=101177 off=330301440 len=4096
efs-fuse read: decode error (efs_rc=-9) ino=238361 off=920326144 len=4096
efs-fuse read: decode error (efs_rc=-9) ino=139063 off=733147136 len=4096
efs-fuse read: decode error (efs_rc=-9) ino=209819 off=935858176 len=4096
efs-fuse read: decode error (efs_rc=-9) ino=189339 off=902930432 len=4096
efs-fuse read: decode error (efs_rc=-9) ino=197531 off=1779294208 len=4096
efs-fuse read: decode error (efs_rc=-9) ino=201627 off=89784320 len=4096
efs-fuse read: decode error (efs_rc=-9) ino=205723 off=1983041536 len=4096
efs-fuse read: decode error (efs_rc=-9) ino=92985 off=1690460160 len=4096
efs-fuse read: decode error (efs_rc=-9) ino=353257 off=4847312896 len=4096
efs-fuse read: decode error (efs_rc=-9) ino=193435 off=520634368 len=4096
efs-fuse read: decode error (efs_rc=-9) ino=185243 off=1734397952 len=4096
efs-fuse read: decode error (efs_rc=-9) ino=134967 off=1429020672 len=4096
efs-fuse read: decode error (efs_rc=-9) ino=101177 off=330436608 len=4096
efs-fuse read: decode error (efs_rc=-9) ino=238361 off=921391104 len=4096
efs-fuse read: decode error (efs_rc=-9) ino=139063 off=737521664 len=4096
efs-fuse read: decode error (efs_rc=-9) ino=209819 off=939540480 len=4096
efs-fuse read: decode error (efs_rc=-9) ino=189339 off=910184448 len=4096
efs-fuse read: decode error (efs_rc=-9) ino=197531 off=1789014016 len=4096
efs-fuse read: decode error (efs_rc=-9) ino=201627 off=100487168 len=4096
efs-fuse read: decode error (efs_rc=-9) ino=205723 off=1986412544 len=4096
efs-fuse read: decode error (efs_rc=-9) ino=353257 off=4856479744 len=4096
efs-fuse read: decode error (efs_rc=-9) ino=92985 off=1694298112 len=4096
efs-fuse read: decode error (efs_rc=-9) ino=193435 off=523763712 len=4096
efs-fuse read: decode error (efs_rc=-9) ino=185243 off=1749209088 len=4096
efs-fuse read: decode error (efs_rc=-9) ino=134967 off=1433546752 len=4096
efs-fuse read: decode error (efs_rc=-9) ino=101177 off=339476480 len=4096
efs-fuse read: decode error (efs_rc=-9) ino=139063 off=740098048 len=4096
efs-fuse read: decode error (efs_rc=-9) ino=238361 off=928423936 len=4096
efs-fuse read: decode error (efs_rc=-9) ino=209819 off=943222784 len=4096
efs-fuse read: decode error (efs_rc=-9) ino=189339 off=917438464 len=4096
efs-fuse read: decode error (efs_rc=-9) ino=197531 off=1798733824 len=4096
efs-fuse read: decode error (efs_rc=-9) ino=205723 off=1989783552 len=4096
efs-fuse read: decode error (efs_rc=-9) ino=201627 off=106627072 len=4096
efs-fuse read: decode error (efs_rc=-9) ino=353257 off=4865646592 len=4096
efs-fuse read: decode error (efs_rc=-9) ino=92985 off=1699078144 len=4096
efs-fuse read: decode error (efs_rc=-9) ino=193435 off=542797824 len=4096
efs-fuse read: decode error (efs_rc=-9) ino=185243 off=1764851712 len=4096
efs-fuse read: decode error (efs_rc=-9) ino=134967 off=1438072832 len=4096
efs-fuse read: decode error (efs_rc=-9) ino=101177 off=348651520 len=4096
efs-fuse read: decode error (efs_rc=-9) ino=139063 off=744472576 len=4096
efs-fuse read: decode error (efs_rc=-9) ino=238361 off=935456768 len=4096
efs-fuse read: decode error (efs_rc=-9) ino=209819 off=975380480 len=4096
inode-rpc: retry type=87 attempt=4 why=send
efs-fuse read: decode error (efs_rc=-9) ino=189339 off=924692480 len=4096
efs-fuse read: decode error (efs_rc=-9) ino=197531 off=1808453632 len=4096
efs-fuse read: decode error (efs_rc=-9) ino=205723 off=1993154560 len=4096
efs-fuse read: decode error (efs_rc=-9) ino=353257 off=4874813440 len=4096
efs-fuse read: decode error (efs_rc=-9) ino=201627 off=117329920 len=4096
efs-fuse read: decode error (efs_rc=-9) ino=92985 off=1707696128 len=4096
efs-fuse read: decode error (efs_rc=-9) ino=193435 off=545927168 len=4096
efs-fuse read: decode error (efs_rc=-9) ino=185243 off=1779662848 len=4096
efs-fuse read: decode error (efs_rc=-9) ino=134967 off=1442598912 len=4096
efs-fuse read: decode error (efs_rc=-9) ino=101177 off=357826560 len=4096
efs-fuse read: decode error (efs_rc=-9) ino=139063 off=747048960 len=4096
efs-fuse read: decode error (efs_rc=-9) ino=238361 off=936521728 len=4096
efs-fuse read: decode error (efs_rc=-9) ino=209819 off=979062784 len=4096
efs-fuse read: decode error (efs_rc=-9) ino=189339 off=931946496 len=4096
efs-fuse read: decode error (efs_rc=-9) ino=197531 off=1833291776 len=4096
efs-fuse read: decode error (efs_rc=-9) ino=205723 off=1996525568 len=4096
efs-fuse read: decode error (efs_rc=-9) ino=353257 off=4923420672 len=4096
efs-fuse read: decode error (efs_rc=-9) ino=92985 off=1716314112 len=4096
efs-fuse read: decode error (efs_rc=-9) ino=201627 off=123469824 len=4096
efs-fuse read: decode error (efs_rc=-9) ino=193435 off=561831936 len=4096
efs-fuse read: decode error (efs_rc=-9) ino=185243 off=1795305472 len=4096
efs-fuse read: decode error (efs_rc=-9) ino=134967 off=1447124992 len=4096
efs-fuse read: decode error (efs_rc=-9) ino=101177 off=366866432 len=4096
efs-fuse read: decode error (efs_rc=-9) ino=139063 off=751423488 len=4096
efs-fuse read: decode error (efs_rc=-9) ino=238361 off=943554560 len=4096
efs-fuse read: decode error (efs_rc=-9) ino=209819 off=982745088 len=4096
efs-fuse read: decode error (efs_rc=-9) ino=189339 off=939200512 len=4096
efs-fuse read: decode error (efs_rc=-9) ino=353257 off=4932587520 len=4096
efs-fuse read: decode error (efs_rc=-9) ino=197531 off=1843011584 len=4096
efs-fuse read: decode error (efs_rc=-9) ino=205723 off=8654848 len=4096
efs-fuse read: decode error (efs_rc=-9) ino=92985 off=1724932096 len=4096
efs-fuse read: decode error (efs_rc=-9) ino=201627 off=134172672 len=4096
efs-fuse read: decode error (efs_rc=-9) ino=193435 off=564961280 len=4096
efs-fuse read: decode error (efs_rc=-9) ino=185243 off=1810116608 len=4096
efs-fuse read: decode error (efs_rc=-9) ino=134967 off=1451651072 len=4096
create .ecopy.tmp.436103.1576 failed (EIO efs_rc=-6)
inode-rpc: retry type=47 attempt=0 why=send
inode-rpc: retry type=87 attempt=0 why=send
efs-fuse read: decode error (efs_rc=-9) ino=101177 off=367001600 len=4096
efs-fuse read: decode error (efs_rc=-9) ino=139063 off=753999872 len=4096
efs-fuse read: decode error (efs_rc=-9) ino=238361 off=950587392 len=4096
efs-fuse read: decode error (efs_rc=-9) ino=209819 off=986427392 len=4096
efs-fuse read: decode error (efs_rc=-9) ino=189339 off=946454528 len=4096
efs-fuse read: decode error (efs_rc=-9) ino=353257 off=4941754368 len=4096
efs-fuse read: decode error (efs_rc=-9) ino=92985 off=1733550080 len=4096
efs-fuse read: decode error (efs_rc=-9) ino=197531 off=1852731392 len=4096
efs-fuse read: decode error (efs_rc=-9) ino=205723 off=12025856 len=4096
efs-fuse read: decode error (efs_rc=-9) ino=201627 off=144875520 len=4096
inode-rpc: retry type=47 attempt=1 why=send
inode-rpc: retry type=87 attempt=1 why=send
efs-fuse read: decode error (efs_rc=-9) ino=193435 off=583995392 len=4096
efs-fuse read: decode error (efs_rc=-9) ino=185243 off=1810948096 len=4096
efs-fuse read: decode error (efs_rc=-9) ino=134967 off=1456177152 len=4096
inode-rpc: retry type=47 attempt=0 why=send
inode-rpc: retry type=47 attempt=0 why=send
efs-fuse read: decode error (efs_rc=-9) ino=139063 off=758374400 len=4096
efs-fuse read: decode error (efs_rc=-9) ino=101177 off=376041472 len=4096
efs-fuse read: decode error (efs_rc=-9) ino=238361 off=951652352 len=4096
efs-fuse read: decode error (efs_rc=-9) ino=209819 off=990109696 len=4096
efs-fuse read: decode error (efs_rc=-9) ino=353257 off=4950921216 len=4096
efs-fuse read: decode error (efs_rc=-9) ino=189339 off=953708544 len=4096
efs-fuse read: decode error (efs_rc=-9) ino=92985 off=1742168064 len=4096
efs-fuse read: decode error (efs_rc=-9) ino=197531 off=1887289344 len=4096
inode-rpc: retry type=47 attempt=2 why=send
efs-fuse read: decode error (efs_rc=-9) ino=205723 off=15396864 len=4096
efs-fuse read: decode error (efs_rc=-9) ino=201627 off=151015424 len=4096
inode-rpc: retry type=47 attempt=1 why=send
inode-rpc: retry type=47 attempt=1 why=send
inode-rpc: retry type=87 attempt=2 why=send
efs-fuse read: decode error (efs_rc=-9) ino=193435 off=587124736 len=4096
efs-fuse read: decode error (efs_rc=-9) ino=185243 off=1825759232 len=4096
efs-fuse read: decode error (efs_rc=-9) ino=134967 off=1460703232 len=4096
efs-fuse read: decode error (efs_rc=-9) ino=139063 off=765325312 len=4096
efs-fuse read: decode error (efs_rc=-9) ino=101177 off=394391552 len=4096
efs-fuse read: decode error (efs_rc=-9) ino=238361 off=958685184 len=4096
efs-fuse read: decode error (efs_rc=-9) ino=353257 off=5008695296 len=4096
efs-fuse read: decode error (efs_rc=-9) ino=209819 off=993792000 len=4096
efs-fuse read: decode error (efs_rc=-9) ino=189339 off=960962560 len=4096
efs-fuse read: decode error (efs_rc=-9) ino=92985 off=1746948096 len=4096
efs-fuse read: decode error (efs_rc=-9) ino=197531 off=1897009152 len=4096
efs-fuse read: decode error (efs_rc=-9) ino=205723 off=18767872 len=4096
inode-rpc: retry type=47 attempt=2 why=send
efs-fuse read: decode error (efs_rc=-9) ino=201627 off=161718272 len=4096
inode-rpc: retry type=47 attempt=2 why=send
efs-fuse read: decode error (efs_rc=-9) ino=193435 off=603029504 len=4096
efs-fuse read: decode error (efs_rc=-9) ino=185243 off=1840570368 len=4096
efs-fuse read: decode error (efs_rc=-9) ino=134967 off=1465229312 len=4096
efs-fuse read: decode error (efs_rc=-9) ino=139063 off=767901696 len=4096
efs-fuse read: decode error (efs_rc=-9) ino=101177 off=403431424 len=4096
efs-fuse read: decode error (efs_rc=-9) ino=238361 off=965718016 len=4096
efs-fuse read: decode error (efs_rc=-9) ino=353257 off=5017862144 len=4096
efs-fuse read: decode error (efs_rc=-9) ino=209819 off=997474304 len=4096
efs-fuse read: decode error (efs_rc=-9) ino=92985 off=1755566080 len=4096
efs-fuse read: decode error (efs_rc=-9) ino=189339 off=1007247360 len=4096
inode-rpc: retry type=47 attempt=3 why=send
efs-fuse read: decode error (efs_rc=-9) ino=197531 off=1916448768 len=4096
efs-fuse read: decode error (efs_rc=-9) ino=205723 off=22138880 len=4096
efs-fuse read: decode error (efs_rc=-9) ino=201627 off=167858176 len=4096
inode-rpc: retry type=87 attempt=3 why=send
efs-fuse read: decode error (efs_rc=-9) ino=193435 off=606158848 len=4096
efs-fuse read: decode error (efs_rc=-9) ino=185243 off=1841401856 len=4096
efs-fuse read: decode error (efs_rc=-9) ino=134967 off=1469755392 len=4096
efs-fuse read: decode error (efs_rc=-9) ino=139063 off=769699840 len=4096
efs-fuse read: decode error (efs_rc=-9) ino=101177 off=403566592 len=4096
efs-fuse read: decode error (efs_rc=-9) ino=238361 off=966782976 len=4096
efs-fuse read: decode error (efs_rc=-9) ino=353257 off=5027028992 len=4096
efs-fuse read: decode error (efs_rc=-9) ino=92985 off=1764184064 len=4096
efs-fuse read: decode error (efs_rc=-9) ino=209819 off=1001156608 len=4096
efs-fuse read: decode error (efs_rc=-9) ino=189339 off=1014501376 len=4096
inode-rpc: retry type=47 attempt=3 why=send
inode-rpc: retry type=47 attempt=3 why=send
efs-fuse read: decode error (efs_rc=-9) ino=197531 off=1941286912 len=4096
efs-fuse read: decode error (efs_rc=-9) ino=205723 off=48558080 len=4096
efs-fuse read: decode error (efs_rc=-9) ino=201627 off=178561024 len=4096
efs-fuse read: decode error (efs_rc=-9) ino=193435 off=622063616 len=4096
efs-fuse read: decode error (efs_rc=-9) ino=185243 off=1856212992 len=4096
efs-fuse read: decode error (efs_rc=-9) ino=134967 off=1526800384 len=4096
efs-fuse read: decode error (efs_rc=-9) ino=139063 off=772276224 len=4096
efs-fuse read: decode error (efs_rc=-9) ino=101177 off=412606464 len=4096
inode-rpc: retry type=87 attempt=5 why=send
efs-fuse read: decode error (efs_rc=-9) ino=238361 off=973815808 len=4096
efs-fuse read: decode error (efs_rc=-9) ino=353257 off=5084803072 len=4096
efs-fuse read: decode error (efs_rc=-9) ino=92985 off=1772802048 len=4096
efs-fuse read: decode error (efs_rc=-9) ino=209819 off=1004838912 len=4096
efs-fuse read: decode error (efs_rc=-9) ino=189339 off=1021755392 len=4096
efs-fuse read: decode error (efs_rc=-9) ino=197531 off=1951006720 len=4096
efs-fuse read: decode error (efs_rc=-9) ino=205723 off=51929088 len=4096
efs-fuse read: decode error (efs_rc=-9) ino=201627 off=189263872 len=4096
efs-fuse read: decode error (efs_rc=-9) ino=193435 off=625192960 len=4096
efs-fuse read: decode error (efs_rc=-9) ino=185243 off=1871855616 len=4096
efs-fuse read: decode error (efs_rc=-9) ino=134967 off=1531326464 len=4096
efs-fuse read: decode error (efs_rc=-9) ino=139063 off=776650752 len=4096
efs-fuse read: decode error (efs_rc=-9) ino=101177 off=421781504 len=4096
efs-fuse read: decode error (efs_rc=-9) ino=238361 off=980848640 len=4096
efs-fuse read: decode error (efs_rc=-9) ino=353257 off=5093969920 len=4096
efs-fuse read: decode error (efs_rc=-9) ino=353257 off=5094981632 len=855
efs-fuse read: decode error (efs_rc=-9) ino=92985 off=1781420032 len=4096
efs-fuse read: decode error (efs_rc=-9) ino=209819 off=1008521216 len=4096
efs-fuse read: decode error (efs_rc=-9) ino=189339 off=1029009408 len=4096
efs-fuse read: decode error (efs_rc=-9) ino=197531 off=1960726528 len=4096
efs-fuse read: decode error (efs_rc=-9) ino=205723 off=55300096 len=4096
efs-fuse read: decode error (efs_rc=-9) ino=201627 off=195403776 len=4096
efs-fuse read: decode error (efs_rc=-9) ino=193435 off=644227072 len=4096
efs-fuse read: decode error (efs_rc=-9) ino=185243 off=1886666752 len=4096
efs-fuse read: decode error (efs_rc=-9) ino=134967 off=1535852544 len=4096
efs-fuse read: decode error (efs_rc=-9) ino=139063 off=779227136 len=4096
efs-fuse read: decode error (efs_rc=-9) ino=101177 off=430821376 len=4096
efs-fuse read: decode error (efs_rc=-9) ino=238361 off=981913600 len=4096
efs-fuse read: decode error (efs_rc=-9) ino=353257 off=15007744 len=4096
efs-fuse read: decode error (efs_rc=-9) ino=92985 off=1790038016 len=4096
inode-rpc: retry type=47 attempt=4 why=send
efs-fuse read: decode error (efs_rc=-9) ino=209819 off=1040678912 len=4096
efs-fuse read: decode error (efs_rc=-9) ino=189339 off=1036263424 len=4096
inode-rpc: retry type=87 attempt=4 why=send
efs-fuse read: decode error (efs_rc=-9) ino=197531 off=1970446336 len=4096
efs-fuse read: decode error (efs_rc=-9) ino=205723 off=58671104 len=4096
efs-fuse read: decode error (efs_rc=-9) ino=201627 off=206106624 len=4096
efs-fuse read: decode error (efs_rc=-9) ino=193435 off=647356416 len=4096
efs-fuse read: decode error (efs_rc=-9) ino=185243 off=1902309376 len=4096
efs-fuse read: decode error (efs_rc=-9) ino=134967 off=1540378624 len=4096
efs-fuse read: decode error (efs_rc=-9) ino=139063 off=783601664 len=4096
efs-fuse read: decode error (efs_rc=-9) ino=101177 off=430956544 len=4096
efs-fuse read: decode error (efs_rc=-9) ino=353257 off=24174592 len=4096
efs-fuse read: decode error (efs_rc=-9) ino=238361 off=988946432 len=4096
efs-fuse read: decode error (efs_rc=-9) ino=92985 off=1794818048 len=4096
inode-rpc: retry type=47 attempt=4 why=send
inode-rpc: retry type=47 attempt=4 why=send
efs-fuse read: decode error (efs_rc=-9) ino=209819 off=1044361216 len=4096
efs-fuse read: decode error (efs_rc=-9) ino=189339 off=1043517440 len=4096
efs-fuse read: decode error (efs_rc=-9) ino=197531 off=1995284480 len=4096
efs-fuse read: decode error (efs_rc=-9) ino=205723 off=62042112 len=4096
efs-fuse read: decode error (efs_rc=-9) ino=201627 off=212246528 len=4096
efs-fuse read: decode error (efs_rc=-9) ino=193435 off=663261184 len=4096
efs-fuse read: decode error (efs_rc=-9) ino=185243 off=1917120512 len=4096
efs-fuse read: decode error (efs_rc=-9) ino=134967 off=1544904704 len=4096
efs-fuse read: decode error (efs_rc=-9) ino=139063 off=786178048 len=4096
efs-fuse read: decode error (efs_rc=-9) ino=101177 off=439996416 len=4096
efs-fuse read: decode error (efs_rc=-9) ino=353257 off=42508288 len=4096
efs-fuse read: decode error (efs_rc=-9) ino=92985 off=1798656000 len=4096
efs-fuse read: decode error (efs_rc=-9) ino=238361 off=995979264 len=4096
efs-fuse read: decode error (efs_rc=-9) ino=209819 off=1048043520 len=4096
efs-fuse read: decode error (efs_rc=-9) ino=189339 off=1050771456 len=4096
efs-fuse read: decode error (efs_rc=-9) ino=197531 off=2005004288 len=4096
efs-fuse read: decode error (efs_rc=-9) ino=205723 off=85090304 len=4096
efs-fuse read: decode error (efs_rc=-9) ino=201627 off=222949376 len=4096
efs-fuse read: decode error (efs_rc=-9) ino=193435 off=666390528 len=4096
efs-fuse read: decode error (efs_rc=-9) ino=185243 off=1917952000 len=4096
efs-fuse read: decode error (efs_rc=-9) ino=134967 off=1553956864 len=4096
efs-fuse read: decode error (efs_rc=-9) ino=139063 off=790552576 len=4096
efs-fuse read: decode error (efs_rc=-9) ino=101177 off=449171456 len=4096
efs-fuse read: decode error (efs_rc=-9) ino=353257 off=100282368 len=4096
efs-fuse read: decode error (efs_rc=-9) ino=92985 off=1803436032 len=4096
efs-fuse read: decode error (efs_rc=-9) ino=238361 off=997044224 len=4096
efs-fuse read: decode error (efs_rc=-9) ino=209819 off=1051725824 len=4096
efs-fuse read: decode error (efs_rc=-9) ino=189339 off=1058025472 len=4096
efs-fuse read: decode error (efs_rc=-9) ino=197531 off=2014724096 len=4096
efs-fuse read: decode error (efs_rc=-9) ino=205723 off=88461312 len=4096
efs-fuse read: decode error (efs_rc=-9) ino=201627 off=233652224 len=4096
efs-fuse read: decode error (efs_rc=-9) ino=193435 off=685424640 len=4096
efs-fuse read: decode error (efs_rc=-9) ino=185243 off=1932763136 len=4096
efs-fuse read: decode error (efs_rc=-9) ino=134967 off=1558482944 len=4096
efs-fuse read: decode error (efs_rc=-9) ino=139063 off=793128960 len=4096
efs-fuse read: decode error (efs_rc=-9) ino=101177 off=467386368 len=4096
efs-fuse read: decode error (efs_rc=-9) ino=353257 off=109449216 len=4096
efs-fuse read: decode error (efs_rc=-9) ino=92985 off=1812054016 len=4096
efs-fuse read: decode error (efs_rc=-9) ino=238361 off=1004077056 len=4096
efs-fuse read: decode error (efs_rc=-9) ino=209819 off=1055408128 len=4096
efs-fuse read: decode error (efs_rc=-9) ino=189339 off=1065279488 len=4096
efs-fuse read: decode error (efs_rc=-9) ino=197531 off=2024443904 len=4096
efs-fuse read: decode error (efs_rc=-9) ino=205723 off=91832320 len=4096
efs-fuse read: decode error (efs_rc=-9) ino=201627 off=239792128 len=4096
efs-fuse read: decode error (efs_rc=-9) ino=193435 off=704458752 len=4096
efs-fuse read: decode error (efs_rc=-9) ino=185243 off=1947574272 len=4096
efs-fuse read: decode error (efs_rc=-9) ino=134967 off=1563009024 len=4096
efs-fuse read: decode error (efs_rc=-9) ino=139063 off=5394432 len=4096
efs-fuse read: decode error (efs_rc=-9) ino=101177 off=467521536 len=4096
efs-fuse read: decode error (efs_rc=-9) ino=353257 off=118616064 len=4096
efs-fuse read: decode error (efs_rc=-9) ino=92985 off=1820672000 len=4096
efs-fuse read: decode error (efs_rc=-9) ino=238361 off=1011109888 len=4096
efs-fuse read: decode error (efs_rc=-9) ino=209819 off=1059090432 len=4096
efs-fuse read: decode error (efs_rc=-9) ino=189339 off=1072533504 len=4096
efs-fuse read: decode error (efs_rc=-9) ino=197531 off=2049282048 len=4096
efs-fuse read: decode error (efs_rc=-9) ino=205723 off=95203328 len=4096
efs-fuse read: decode error (efs_rc=-9) ino=201627 off=250494976 len=4096
efs-fuse read: decode error (efs_rc=-9) ino=193435 off=707588096 len=4096
efs-fuse read: decode error (efs_rc=-9) ino=185243 off=1948405760 len=4096
efs-fuse read: decode error (efs_rc=-9) ino=134967 off=1567535104 len=4096
inode-rpc: retry type=87 attempt=6 why=send
efs-fuse read: decode error (efs_rc=-9) ino=139063 off=7970816 len=4096
efs-fuse read: decode error (efs_rc=-9) ino=92985 off=1829289984 len=4096
efs-fuse read: decode error (efs_rc=-9) ino=353257 off=176390144 len=4096
efs-fuse read: decode error (efs_rc=-9) ino=101177 off=476561408 len=4096
efs-fuse read: decode error (efs_rc=-9) ino=238361 off=1012174848 len=4096
efs-fuse read: decode error (efs_rc=-9) ino=209819 off=1062772736 len=4096
efs-fuse read: decode error (efs_rc=-9) ino=189339 off=1079787520 len=4096
efs-fuse read: decode error (efs_rc=-9) ino=197531 off=2059001856 len=4096
efs-fuse read: decode error (efs_rc=-9) ino=205723 off=98574336 len=4096
efs-fuse read: decode error (efs_rc=-9) ino=201627 off=256634880 len=4096
efs-fuse read: decode error (efs_rc=-9) ino=193435 off=723492864 len=4096
efs-fuse read: decode error (efs_rc=-9) ino=185243 off=1963216896 len=4096
efs-fuse read: decode error (efs_rc=-9) ino=134967 off=1572061184 len=4096
efs-fuse read: decode error (efs_rc=-9) ino=139063 off=12345344 len=4096
efs-fuse read: decode error (efs_rc=-9) ino=92985 off=1837907968 len=4096
efs-fuse read: decode error (efs_rc=-9) ino=353257 off=185556992 len=4096
efs-fuse read: decode error (efs_rc=-9) ino=101177 off=485736448 len=4096
efs-fuse read: decode error (efs_rc=-9) ino=238361 off=1019207680 len=4096
efs-fuse read: decode error (efs_rc=-9) ino=209819 off=1066455040 len=4096
efs-fuse read: decode error (efs_rc=-9) ino=189339 off=1118818304 len=4096
efs-fuse read: decode error (efs_rc=-9) ino=197531 off=2068721664 len=4096
efs-fuse read: decode error (efs_rc=-9) ino=205723 off=124993536 len=4096
efs-fuse read: decode error (efs_rc=-9) ino=201627 off=267337728 len=4096
efs-fuse read: decode error (efs_rc=-9) ino=193435 off=726622208 len=4096
efs-fuse read: decode error (efs_rc=-9) ino=185243 off=1978859520 len=4096
efs-fuse read: decode error (efs_rc=-9) ino=134967 off=1576587264 len=4096
efs-fuse read: decode error (efs_rc=-9) ino=139063 off=14921728 len=4096
inode-rpc: retry type=47 attempt=5 why=send
efs-fuse read: decode error (efs_rc=-9) ino=92985 off=1846525952 len=4096
efs-fuse read: decode error (efs_rc=-9) ino=353257 off=194723840 len=4096
efs-fuse read: decode error (efs_rc=-9) ino=101177 off=494911488 len=4096
inode-rpc: retry type=87 attempt=5 why=send
efs-fuse read: decode error (efs_rc=-9) ino=238361 off=1026240512 len=4096
efs-fuse read: decode error (efs_rc=-9) ino=209819 off=1070137344 len=4096
efs-fuse read: decode error (efs_rc=-9) ino=189339 off=1126072320 len=4096
efs-fuse read: decode error (efs_rc=-9) ino=197531 off=2078441472 len=4096
efs-fuse read: decode error (efs_rc=-9) ino=205723 off=128364544 len=4096
efs-fuse read: decode error (efs_rc=-9) ino=201627 off=273477632 len=4096
efs-fuse read: decode error (efs_rc=-9) ino=193435 off=745656320 len=4096
efs-fuse read: decode error (efs_rc=-9) ino=185243 off=1993670656 len=4096
efs-fuse read: decode error (efs_rc=-9) ino=134967 off=1581113344 len=4096
efs-fuse read: decode error (efs_rc=-9) ino=139063 off=19296256 len=4096
inode-rpc: retry type=47 attempt=5 why=send
efs-fuse read: decode error (efs_rc=-9) ino=353257 off=203890688 len=4096
efs-fuse read: decode error (efs_rc=-9) ino=92985 off=1851305984 len=4096
inode-rpc: retry type=47 attempt=5 why=send
efs-fuse read: decode error (efs_rc=-9) ino=101177 off=504086528 len=4096
efs-fuse read: decode error (efs_rc=-9) ino=238361 off=1027305472 len=4096
efs-fuse read: decode error (efs_rc=-9) ino=209819 off=1073819648 len=4096
efs-fuse read: decode error (efs_rc=-9) ino=189339 off=1133326336 len=4096
efs-fuse read: decode error (efs_rc=-9) ino=197531 off=2103279616 len=4096
efs-fuse read: decode error (efs_rc=-9) ino=205723 off=131735552 len=4096
efs-fuse read: decode error (efs_rc=-9) ino=201627 off=278040576 len=4096
efs-fuse read: decode error (efs_rc=-9) ino=193435 off=748785664 len=4096
efs-fuse read: decode error (efs_rc=-9) ino=185243 off=2009313280 len=4096
efs-fuse read: decode error (efs_rc=-9) ino=134967 off=1585639424 len=4096
efs-fuse read: decode error (efs_rc=-9) ino=139063 off=21872640 len=4096
efs-fuse read: decode error (efs_rc=-9) ino=353257 off=261664768 len=4096
efs-fuse read: decode error (efs_rc=-9) ino=92985 off=1855143936 len=4096
efs-fuse read: decode error (efs_rc=-9) ino=101177 off=513126400 len=4096
efs-fuse read: decode error (efs_rc=-9) ino=238361 off=1034338304 len=4096
efs-fuse read: decode error (efs_rc=-9) ino=209819 off=1105977344 len=4096
efs-fuse read: decode error (efs_rc=-9) ino=189339 off=1140580352 len=4096
efs-fuse read: decode error (efs_rc=-9) ino=197531 off=2112999424 len=4096
efs-fuse read: decode error (efs_rc=-9) ino=205723 off=135106560 len=4096
efs-fuse read: decode error (efs_rc=-9) ino=201627 off=284180480 len=4096
efs-fuse read: decode error (efs_rc=-9) ino=193435 off=764690432 len=4096
efs-fuse read: decode error (efs_rc=-9) ino=185243 off=2024124416 len=4096
efs-fuse read: decode error (efs_rc=-9) ino=134967 off=1638158336 len=4096
efs-fuse read: decode error (efs_rc=-9) ino=139063 off=26247168 len=4096
efs-fuse read: decode error (efs_rc=-9) ino=353257 off=270831616 len=4096
efs-fuse read: decode error (efs_rc=-9) ino=92985 off=1868541952 len=4096
efs-fuse read: decode error (efs_rc=-9) ino=101177 off=522301440 len=4096
efs-fuse read: decode error (efs_rc=-9) ino=238361 off=1041371136 len=4096
efs-fuse read: decode error (efs_rc=-9) ino=209819 off=1109659648 len=4096
efs-fuse read: decode error (efs_rc=-9) ino=189339 off=1147834368 len=4096
efs-fuse read: decode error (efs_rc=-9) ino=197531 off=2122719232 len=4096
efs-fuse read: decode error (efs_rc=-9) ino=205723 off=138477568 len=4096
efs-fuse read: decode error (efs_rc=-9) ino=201627 off=294883328 len=4096
efs-fuse read: decode error (efs_rc=-9) ino=193435 off=767819776 len=4096
efs-fuse read: decode error (efs_rc=-9) ino=185243 off=2024955904 len=4096
efs-fuse read: decode error (efs_rc=-9) ino=134967 off=1642684416 len=4096
efs-fuse read: decode error (efs_rc=-9) ino=139063 off=30621696 len=4096
efs-fuse read: decode error (efs_rc=-9) ino=353257 off=279998464 len=4096
efs-fuse read: decode error (efs_rc=-9) ino=92985 off=7335936 len=4096
efs-fuse read: decode error (efs_rc=-9) ino=101177 off=531476480 len=4096
efs-fuse read: decode error (efs_rc=-9) ino=238361 off=1042436096 len=4096
efs-fuse read: decode error (efs_rc=-9) ino=209819 off=1117024256 len=4096
efs-fuse read: decode error (efs_rc=-9) ino=189339 off=1155088384 len=4096
efs-fuse read: decode error (efs_rc=-9) ino=197531 off=2132439040 len=4096
efs-fuse read: decode error (efs_rc=-9) ino=205723 off=164896768 len=4096
efs-fuse read: decode error (efs_rc=-9) ino=201627 off=301023232 len=4096
efs-fuse read: decode error (efs_rc=-9) ino=193435 off=783724544 len=4096
efs-fuse read: decode error (efs_rc=-9) ino=185243 off=2039767040 len=4096
efs-fuse read: decode error (efs_rc=-9) ino=134967 off=1647210496 len=4096
efs-fuse read: decode error (efs_rc=-9) ino=139063 off=33198080 len=4096
efs-fuse read: decode error (efs_rc=-9) ino=353257 off=289165312 len=4096
efs-fuse read: decode error (efs_rc=-9) ino=92985 off=15953920 len=4096
efs-fuse read: decode error (efs_rc=-9) ino=101177 off=540516352 len=4096
efs-fuse read: decode error (efs_rc=-9) ino=238361 off=1049468928 len=4096
efs-fuse read: decode error (efs_rc=-9) ino=209819 off=1120706560 len=4096
efs-fuse read: decode error (efs_rc=-9) ino=189339 off=1162342400 len=4096
efs-fuse read: decode error (efs_rc=-9) ino=197531 off=2157277184 len=4096
efs-fuse read: decode error (efs_rc=-9) ino=205723 off=168267776 len=4096
efs-fuse read: decode error (efs_rc=-9) ino=201627 off=311726080 len=4096
inode-rpc: retry type=87 attempt=7 why=send
efs-fuse read: decode error (efs_rc=-9) ino=193435 off=786853888 len=4096
efs-fuse read: decode error (efs_rc=-9) ino=185243 off=2054578176 len=4096
efs-fuse read: decode error (efs_rc=-9) ino=134967 off=1651736576 len=4096
efs-fuse read: decode error (efs_rc=-9) ino=139063 off=35774464 len=4096
efs-fuse read: decode error (efs_rc=-9) ino=353257 off=337772544 len=4096
efs-fuse read: decode error (efs_rc=-9) ino=92985 off=24571904 len=4096
efs-fuse read: decode error (efs_rc=-9) ino=101177 off=549691392 len=4096
efs-fuse read: decode error (efs_rc=-9) ino=238361 off=1056501760 len=4096
efs-fuse read: decode error (efs_rc=-9) ino=209819 off=1124388864 len=4096
efs-fuse read: decode error (efs_rc=-9) ino=189339 off=1169596416 len=4096
efs-fuse read: decode error (efs_rc=-9) ino=197531 off=2166996992 len=4096
efs-fuse read: decode error (efs_rc=-9) ino=205723 off=171638784 len=4096
efs-fuse read: decode error (efs_rc=-9) ino=201627 off=317865984 len=4096
efs-fuse read: decode error (efs_rc=-9) ino=193435 off=805888000 len=4096
efs-fuse read: decode error (efs_rc=-9) ino=185243 off=2055409664 len=4096
efs-fuse read: decode error (efs_rc=-9) ino=134967 off=1656262656 len=4096
efs-fuse read: decode error (efs_rc=-9) ino=353257 off=346939392 len=4096
efs-fuse read: decode error (efs_rc=-9) ino=139063 off=37572608 len=4096
efs-fuse read: decode error (efs_rc=-9) ino=92985 off=33189888 len=4096
efs-fuse read: decode error (efs_rc=-9) ino=101177 off=558866432 len=4096
efs-fuse read: decode error (efs_rc=-9) ino=238361 off=1057566720 len=4096
efs-fuse read: decode error (efs_rc=-9) ino=209819 off=1128071168 len=4096
efs-fuse read: decode error (efs_rc=-9) ino=189339 off=1176850432 len=4096
efs-fuse read: decode error (efs_rc=-9) ino=197531 off=2176716800 len=4096
efs-fuse read: decode error (efs_rc=-9) ino=205723 off=175009792 len=4096
efs-fuse read: decode error (efs_rc=-9) ino=201627 off=322428928 len=4096
efs-fuse read: decode error (efs_rc=-9) ino=193435 off=809017344 len=4096
efs-fuse read: decode error (efs_rc=-9) ino=185243 off=2070220800 len=4096
inode-rpc: retry type=47 attempt=6 why=send
efs-fuse read: decode error (efs_rc=-9) ino=134967 off=1660788736 len=4096
efs-fuse read: decode error (efs_rc=-9) ino=353257 off=356106240 len=4096
inode-rpc: retry type=87 attempt=6 why=send
efs-fuse read: decode error (efs_rc=-9) ino=139063 off=40148992 len=4096
efs-fuse read: decode error (efs_rc=-9) ino=92985 off=37969920 len=4096
efs-fuse read: decode error (efs_rc=-9) ino=101177 off=567906304 len=4096
efs-fuse read: decode error (efs_rc=-9) ino=238361 off=1064599552 len=4096
efs-fuse read: decode error (efs_rc=-9) ino=209819 off=1131753472 len=4096
efs-fuse read: decode error (efs_rc=-9) ino=189339 off=1184104448 len=4096
efs-fuse read: decode error (efs_rc=-9) ino=197531 off=2186436608 len=4096
efs-fuse read: decode error (efs_rc=-9) ino=205723 off=178380800 len=4096
efs-fuse read: decode error (efs_rc=-9) ino=201627 off=328568832 len=4096
efs-fuse read: decode error (efs_rc=-9) ino=193435 off=824922112 len=4096
efs-fuse read: decode error (efs_rc=-9) ino=185243 off=2085863424 len=4096
inode-rpc: retry type=47 attempt=6 why=send
inode-rpc: retry type=47 attempt=6 why=send
efs-fuse read: decode error (efs_rc=-9) ino=134967 off=1665314816 len=4096
efs-fuse read: decode error (efs_rc=-9) ino=353257 off=365273088 len=4096
efs-fuse read: decode error (efs_rc=-9) ino=139063 off=44523520 len=4096
efs-fuse read: decode error (efs_rc=-9) ino=92985 off=46587904 len=4096
efs-fuse read: decode error (efs_rc=-9) ino=101177 off=568041472 len=4096
efs-fuse read: decode error (efs_rc=-9) ino=238361 off=1071632384 len=4096
efs-fuse read: decode error (efs_rc=-9) ino=209819 off=1135435776 len=4096
efs-fuse read: decode error (efs_rc=-9) ino=189339 off=1191358464 len=4096
efs-fuse read: decode error (efs_rc=-9) ino=197531 off=2196156416 len=4096
efs-fuse read: decode error (efs_rc=-9) ino=205723 off=204800000 len=4096
efs-fuse read: decode error (efs_rc=-9) ino=201627 off=339271680 len=4096
efs-fuse read: decode error (efs_rc=-9) ino=193435 off=828051456 len=4096
efs-fuse read: decode error (efs_rc=-9) ino=185243 off=2100674560 len=4096
efs-fuse read: decode error (efs_rc=-9) ino=134967 off=1669840896 len=4096
efs-fuse read: decode error (efs_rc=-9) ino=353257 off=374439936 len=4096
efs-fuse read: decode error (efs_rc=-9) ino=139063 off=47099904 len=4096
efs-fuse read: decode error (efs_rc=-9) ino=92985 off=55205888 len=4096
efs-fuse read: decode error (efs_rc=-9) ino=101177 off=577081344 len=4096
efs-fuse read: decode error (efs_rc=-9) ino=238361 off=1072697344 len=4096
efs-fuse read: decode error (efs_rc=-9) ino=209819 off=1139118080 len=4096
efs-fuse read: decode error (efs_rc=-9) ino=189339 off=1198612480 len=4096
efs-fuse read: decode error (efs_rc=-9) ino=197531 off=2211274752 len=4096
efs-fuse read: decode error (efs_rc=-9) ino=205723 off=208171008 len=4096
efs-fuse read: decode error (efs_rc=-9) ino=201627 off=345411584 len=4096
efs-fuse read: decode error (efs_rc=-9) ino=193435 off=847085568 len=4096
efs-fuse read: decode error (efs_rc=-9) ino=185243 off=2116317184 len=4096
efs-fuse read: decode error (efs_rc=-9) ino=353257 off=423047168 len=4096
efs-fuse read: decode error (efs_rc=-9) ino=134967 off=1674366976 len=4096
efs-fuse read: decode error (efs_rc=-9) ino=139063 off=51474432 len=4096
efs-fuse read: decode error (efs_rc=-9) ino=92985 off=63823872 len=4096
efs-fuse read: decode error (efs_rc=-9) ino=101177 off=586256384 len=4096
efs-fuse read: decode error (efs_rc=-9) ino=238361 off=1079730176 len=4096
efs-fuse read: decode error (efs_rc=-9) ino=209819 off=1171275776 len=4096
efs-fuse read: decode error (efs_rc=-9) ino=189339 off=1237643264 len=4096
efs-fuse read: decode error (efs_rc=-9) ino=197531 off=2220994560 len=4096
efs-fuse read: decode error (efs_rc=-9) ino=205723 off=211542016 len=4096
efs-fuse read: decode error (efs_rc=-9) ino=201627 off=356114432 len=4096
efs-fuse read: decode error (efs_rc=-9) ino=193435 off=850214912 len=4096
efs-fuse read: decode error (efs_rc=-9) ino=185243 off=2131128320 len=4096
efs-fuse read: decode error (efs_rc=-9) ino=353257 off=432214016 len=4096
efs-fuse read: decode error (efs_rc=-9) ino=134967 off=1678893056 len=4096
efs-fuse read: decode error (efs_rc=-9) ino=139063 off=54050816 len=4096
efs-fuse read: decode error (efs_rc=-9) ino=92985 off=72441856 len=4096
efs-fuse read: decode error (efs_rc=-9) ino=101177 off=595431424 len=4096
efs-fuse read: decode error (efs_rc=-9) ino=238361 off=1086763008 len=4096
efs-fuse read: decode error (efs_rc=-9) ino=209819 off=1174958080 len=4096
efs-fuse read: decode error (efs_rc=-9) ino=189339 off=1244897280 len=4096
efs-fuse read: decode error (efs_rc=-9) ino=197531 off=2230714368 len=4096
efs-fuse read: decode error (efs_rc=-9) ino=205723 off=214913024 len=4096
efs-fuse read: decode error (efs_rc=-9) ino=201627 off=362254336 len=4096
efs-fuse read: decode error (efs_rc=-9) ino=193435 off=866119680 len=4096
efs-fuse read: decode error (efs_rc=-9) ino=185243 off=2131959808 len=4096
efs-fuse read: decode error (efs_rc=-9) ino=353257 off=441380864 len=4096
efs-fuse read: decode error (efs_rc=-9) ino=134967 off=1683419136 len=4096
efs-fuse read: decode error (efs_rc=-9) ino=139063 off=58425344 len=4096
efs-fuse read: decode error (efs_rc=-9) ino=92985 off=81059840 len=4096
efs-fuse read: decode error (efs_rc=-9) ino=101177 off=613646336 len=4096
efs-fuse read: decode error (efs_rc=-9) ino=238361 off=1087827968 len=4096
efs-fuse read: decode error (efs_rc=-9) ino=209819 off=1178640384 len=4096
inode-rpc: retry type=87 attempt=8 why=send
efs-fuse read: decode error (efs_rc=-9) ino=189339 off=1252151296 len=4096
efs-fuse read: decode error (efs_rc=-9) ino=197531 off=2240434176 len=4096
efs-fuse read: decode error (efs_rc=-9) ino=205723 off=218284032 len=4096
efs-fuse read: decode error (efs_rc=-9) ino=201627 off=366817280 len=4096
efs-fuse read: decode error (efs_rc=-9) ino=193435 off=869249024 len=4096
efs-fuse read: decode error (efs_rc=-9) ino=185243 off=2146770944 len=4096
efs-fuse read: decode error (efs_rc=-9) ino=353257 off=450547712 len=4096
efs-fuse read: decode error (efs_rc=-9) ino=134967 off=1687945216 len=4096
efs-fuse read: decode error (efs_rc=-9) ino=139063 off=61001728 len=4096
efs-fuse read: decode error (efs_rc=-9) ino=92985 off=85839872 len=4096
efs-fuse read: decode error (efs_rc=-9) ino=101177 off=622821376 len=4096
efs-fuse read: decode error (efs_rc=-9) ino=238361 off=1094860800 len=4096
efs-fuse read: decode error (efs_rc=-9) ino=209819 off=1182322688 len=4096
efs-fuse read: decode error (efs_rc=-9) ino=189339 off=1259405312 len=4096
efs-fuse read: decode error (efs_rc=-9) ino=197531 off=2250153984 len=4096
efs-fuse read: decode error (efs_rc=-9) ino=205723 off=241332224 len=4096
efs-fuse read: decode error (efs_rc=-9) ino=201627 off=372957184 len=4096
efs-fuse read: decode error (efs_rc=-9) ino=193435 off=885153792 len=4096
efs-fuse read: decode error (efs_rc=-9) ino=185243 off=2161582080 len=4096
efs-fuse read: decode error (efs_rc=-9) ino=353257 off=508321792 len=4096
efs-fuse read: decode error (efs_rc=-9) ino=134967 off=1692471296 len=4096
efs-fuse read: decode error (efs_rc=-9) ino=139063 off=65376256 len=4096
efs-fuse read: decode error (efs_rc=-9) ino=92985 off=89677824 len=4096
efs-fuse read: decode error (efs_rc=-9) ino=101177 off=631861248 len=4096
efs-fuse read: decode error (efs_rc=-9) ino=238361 off=1101893632 len=4096
efs-fuse read: decode error (efs_rc=-9) ino=209819 off=1186004992 len=4096
efs-fuse read: decode error (efs_rc=-9) ino=189339 off=1266659328 len=4096
efs-fuse read: decode error (efs_rc=-9) ino=197531 off=2265272320 len=4096
inode-rpc: retry type=47 attempt=7 why=send
efs-fuse read: decode error (efs_rc=-9) ino=205723 off=244703232 len=4096
efs-fuse read: decode error (efs_rc=-9) ino=201627 off=383660032 len=4096
efs-fuse read: decode error (efs_rc=-9) ino=193435 off=907317248 len=4096
inode-rpc: retry type=87 attempt=7 why=send
efs-fuse read: decode error (efs_rc=-9) ino=185243 off=2162413568 len=4096
efs-fuse read: decode error (efs_rc=-9) ino=353257 off=517488640 len=4096
efs-fuse read: decode error (efs_rc=-9) ino=134967 off=1696997376 len=4096
efs-fuse read: decode error (efs_rc=-9) ino=139063 off=67952640 len=4096
efs-fuse read: decode error (efs_rc=-9) ino=92985 off=94457856 len=4096
efs-fuse read: decode error (efs_rc=-9) ino=101177 off=631996416 len=4096
efs-fuse read: decode error (efs_rc=-9) ino=238361 off=1102958592 len=4096
efs-fuse read: decode error (efs_rc=-9) ino=209819 off=1189687296 len=4096
efs-fuse read: decode error (efs_rc=-9) ino=189339 off=1273913344 len=4096
efs-fuse read: decode error (efs_rc=-9) ino=197531 off=2274992128 len=4096
inode-rpc: retry type=47 attempt=7 why=send
inode-rpc: retry type=47 attempt=7 why=send
efs-fuse read: decode error (efs_rc=-9) ino=205723 off=248074240 len=4096
efs-fuse read: decode error (efs_rc=-9) ino=201627 off=389799936 len=4096
efs-fuse read: decode error (efs_rc=-9) ino=193435 off=910446592 len=4096
efs-fuse read: decode error (efs_rc=-9) ino=353257 off=526655488 len=4096
efs-fuse read: decode error (efs_rc=-9) ino=185243 off=2177224704 len=4096
efs-fuse read: decode error (efs_rc=-9) ino=134967 off=1749516288 len=4096
efs-fuse read: decode error (efs_rc=-9) ino=139063 off=72327168 len=4096
efs-fuse read: decode error (efs_rc=-9) ino=92985 off=103075840 len=4096
efs-fuse read: decode error (efs_rc=-9) ino=101177 off=641036288 len=4096
efs-fuse read: decode error (efs_rc=-9) ino=238361 off=1109991424 len=4096
efs-fuse read: decode error (efs_rc=-9) ino=209819 off=1193369600 len=4096
efs-fuse read: decode error (efs_rc=-9) ino=189339 off=1281167360 len=4096
efs-fuse read: decode error (efs_rc=-9) ino=197531 off=2284711936 len=4096
efs-fuse read: decode error (efs_rc=-9) ino=205723 off=251445248 len=4096
efs-fuse read: decode error (efs_rc=-9) ino=201627 off=400502784 len=4096
efs-fuse read: decode error (efs_rc=-9) ino=193435 off=926351360 len=4096
efs-fuse read: decode error (efs_rc=-9) ino=353257 off=535822336 len=4096
efs-fuse read: decode error (efs_rc=-9) ino=185243 off=2192867328 len=4096
efs-fuse read: decode error (efs_rc=-9) ino=134967 off=1754042368 len=4096
efs-fuse read: decode error (efs_rc=-9) ino=139063 off=74903552 len=4096
efs-fuse read: decode error (efs_rc=-9) ino=92985 off=111693824 len=4096
efs-fuse read: decode error (efs_rc=-9) ino=101177 off=650211328 len=4096
efs-fuse read: decode error (efs_rc=-9) ino=238361 off=1117024256 len=4096
efs-fuse read: decode error (efs_rc=-9) ino=209819 off=1197051904 len=4096
efs-fuse read: decode error (efs_rc=-9) ino=189339 off=1288421376 len=4096
efs-fuse read: decode error (efs_rc=-9) ino=197531 off=2294431744 len=4096
efs-fuse read: decode error (efs_rc=-9) ino=205723 off=254816256 len=4096
efs-fuse read: decode error (efs_rc=-9) ino=201627 off=406642688 len=4096
efs-fuse read: decode error (efs_rc=-9) ino=193435 off=929480704 len=4096
efs-fuse read: decode error (efs_rc=-9) ino=353257 off=584429568 len=4096
efs-fuse read: decode error (efs_rc=-9) ino=185243 off=2207678464 len=4096
efs-fuse read: decode error (efs_rc=-9) ino=134967 off=1758568448 len=4096
efs-fuse read: decode error (efs_rc=-9) ino=139063 off=76701696 len=4096
efs-fuse read: decode error (efs_rc=-9) ino=92985 off=120311808 len=4096
efs-fuse read: decode error (efs_rc=-9) ino=101177 off=659386368 len=4096
efs-fuse read: decode error (efs_rc=-9) ino=238361 off=1118089216 len=4096
efs-fuse read: decode error (efs_rc=-9) ino=209819 off=1200734208 len=4096
efs-fuse read: decode error (efs_rc=-9) ino=189339 off=1310183424 len=4096
efs-fuse read: decode error (efs_rc=-9) ino=197531 off=2304151552 len=4096
efs-fuse read: decode error (efs_rc=-9) ino=205723 off=281235456 len=4096
efs-fuse read: decode error (efs_rc=-9) ino=201627 off=411205632 len=4096
efs-fuse read: decode error (efs_rc=-9) ino=193435 off=948514816 len=4096
efs-fuse read: decode error (efs_rc=-9) ino=353257 off=593596416 len=4096
efs-fuse read: decode error (efs_rc=-9) ino=185243 off=2223321088 len=4096
efs-fuse read: decode error (efs_rc=-9) ino=134967 off=1763094528 len=4096
efs-fuse read: decode error (efs_rc=-9) ino=139063 off=79278080 len=4096
efs-fuse read: decode error (efs_rc=-9) ino=92985 off=128929792 len=4096
efs-fuse read: decode error (efs_rc=-9) ino=101177 off=668426240 len=4096
efs-fuse read: decode error (efs_rc=-9) ino=238361 off=1125122048 len=4096
efs-fuse read: decode error (efs_rc=-9) ino=209819 off=1236574208 len=4096
efs-fuse read: decode error (efs_rc=-9) ino=189339 off=1349214208 len=4096
efs-fuse read: decode error (efs_rc=-9) ino=197531 off=2319269888 len=4096
efs-fuse read: decode error (efs_rc=-9) ino=205723 off=284606464 len=4096
efs-fuse read: decode error (efs_rc=-9) ino=201627 off=417345536 len=4096
efs-fuse read: decode error (efs_rc=-9) ino=193435 off=951644160 len=4096
efs-fuse read: decode error (efs_rc=-9) ino=353257 off=602763264 len=4096
efs-fuse read: decode error (efs_rc=-9) ino=185243 off=2238132224 len=4096
efs-fuse read: decode error (efs_rc=-9) ino=134967 off=1767620608 len=4096
efs-fuse read: decode error (efs_rc=-9) ino=139063 off=81854464 len=4096
efs-fuse read: decode error (efs_rc=-9) ino=92985 off=137547776 len=4096
efs-fuse read: decode error (efs_rc=-9) ino=101177 off=668561408 len=4096
inode-rpc: retry type=87 attempt=9 why=send
efs-fuse read: decode error (efs_rc=-9) ino=238361 off=1132154880 len=4096
efs-fuse read: decode error (efs_rc=-9) ino=209819 off=1240256512 len=4096
efs-fuse read: decode error (efs_rc=-9) ino=189339 off=1356468224 len=4096
efs-fuse read: decode error (efs_rc=-9) ino=197531 off=2328989696 len=4096
efs-fuse read: decode error (efs_rc=-9) ino=205723 off=287977472 len=4096
efs-fuse read: decode error (efs_rc=-9) ino=201627 off=428048384 len=4096
efs-fuse read: decode error (efs_rc=-9) ino=353257 off=611930112 len=4096
efs-fuse read: decode error (efs_rc=-9) ino=193435 off=967548928 len=4096
efs-fuse read: decode error (efs_rc=-9) ino=185243 off=2238963712 len=4096
efs-fuse read: decode error (efs_rc=-9) ino=134967 off=1772146688 len=4096
efs-fuse read: decode error (efs_rc=-9) ino=139063 off=83652608 len=4096
efs-fuse read: decode error (efs_rc=-9) ino=92985 off=142327808 len=4096
efs-fuse read: decode error (efs_rc=-9) ino=101177 off=677601280 len=4096
efs-fuse read: decode error (efs_rc=-9) ino=238361 off=1133219840 len=4096
efs-fuse read: decode error (efs_rc=-9) ino=209819 off=1243938816 len=4096
efs-fuse read: decode error (efs_rc=-9) ino=189339 off=1363722240 len=4096
efs-fuse read: decode error (efs_rc=-9) ino=197531 off=2338709504 len=4096
efs-fuse read: decode error (efs_rc=-9) ino=205723 off=291348480 len=4096
efs-fuse read: decode error (efs_rc=-9) ino=353257 off=669704192 len=4096
efs-fuse read: decode error (efs_rc=-9) ino=201627 off=434188288 len=4096
efs-fuse read: decode error (efs_rc=-9) ino=193435 off=970678272 len=4096
efs-fuse read: decode error (efs_rc=-9) ino=185243 off=2253774848 len=4096
efs-fuse read: decode error (efs_rc=-9) ino=134967 off=1776672768 len=4096
efs-fuse read: decode error (efs_rc=-9) ino=139063 off=86228992 len=4096
efs-fuse read: decode error (efs_rc=-9) ino=92985 off=146165760 len=4096
efs-fuse read: decode error (efs_rc=-9) ino=101177 off=686776320 len=4096
efs-fuse read: decode error (efs_rc=-9) ino=238361 off=1140252672 len=4096
inode-rpc: retry type=47 attempt=8 why=send
efs-fuse read: decode error (efs_rc=-9) ino=209819 off=1247621120 len=4096
efs-fuse read: decode error (efs_rc=-9) ino=189339 off=1370976256 len=4096
inode-rpc: retry type=87 attempt=8 why=send
efs-fuse read: decode error (efs_rc=-9) ino=197531 off=2348429312 len=4096
efs-fuse read: decode error (efs_rc=-9) ino=205723 off=294719488 len=4096
efs-fuse read: decode error (efs_rc=-9) ino=353257 off=678871040 len=4096
efs-fuse read: decode error (efs_rc=-9) ino=201627 off=444891136 len=4096
efs-fuse read: decode error (efs_rc=-9) ino=193435 off=986583040 len=4096
efs-fuse read: decode error (efs_rc=-9) ino=185243 off=2268585984 len=4096
efs-fuse read: decode error (efs_rc=-9) ino=134967 off=1781198848 len=4096
efs-fuse read: decode error (efs_rc=-9) ino=139063 off=90603520 len=4096
efs-fuse read: decode error (efs_rc=-9) ino=92985 off=150945792 len=4096
efs-fuse read: decode error (efs_rc=-9) ino=101177 off=695951360 len=4096
efs-fuse read: decode error (efs_rc=-9) ino=238361 off=1147285504 len=4096
inode-rpc: retry type=47 attempt=8 why=send
inode-rpc: retry type=47 attempt=8 why=send
efs-fuse read: decode error (efs_rc=-9) ino=209819 off=1251303424 len=4096
efs-fuse read: decode error (efs_rc=-9) ino=189339 off=1378230272 len=4096
efs-fuse read: decode error (efs_rc=-9) ino=197531 off=2358149120 len=4096
efs-fuse read: decode error (efs_rc=-9) ino=353257 off=688037888 len=4096
efs-fuse read: decode error (efs_rc=-9) ino=205723 off=321138688 len=4096
efs-fuse read: decode error (efs_rc=-9) ino=201627 off=451031040 len=4096
efs-fuse read: decode error (efs_rc=-9) ino=193435 off=989712384 len=4096
efs-fuse read: decode error (efs_rc=-9) ino=185243 off=2269417472 len=4096
efs-fuse read: decode error (efs_rc=-9) ino=134967 off=1785724928 len=4096
efs-fuse read: decode error (efs_rc=-9) ino=139063 off=93179904 len=4096
efs-fuse read: decode error (efs_rc=-9) ino=92985 off=159563776 len=4096
efs-fuse read: decode error (efs_rc=-9) ino=101177 off=704991232 len=4096
efs-fuse read: decode error (efs_rc=-9) ino=238361 off=1148350464 len=4096
efs-fuse read: decode error (efs_rc=-9) ino=209819 off=1254985728 len=4096
efs-fuse read: decode error (efs_rc=-9) ino=189339 off=1407246336 len=4096
efs-fuse read: decode error (efs_rc=-9) ino=197531 off=2373267456 len=4096
efs-fuse read: decode error (efs_rc=-9) ino=353257 off=697204736 len=4096
efs-fuse read: decode error (efs_rc=-9) ino=205723 off=324509696 len=4096
efs-fuse read: decode error (efs_rc=-9) ino=201627 off=455593984 len=4096
efs-fuse read: decode error (efs_rc=-9) ino=193435 off=1008746496 len=4096
efs-fuse read: decode error (efs_rc=-9) ino=185243 off=2284228608 len=4096
efs-fuse read: decode error (efs_rc=-9) ino=134967 off=1790251008 len=4096
efs-fuse read: decode error (efs_rc=-9) ino=139063 off=97554432 len=4096
efs-fuse read: decode error (efs_rc=-9) ino=92985 off=176799744 len=4096
efs-fuse read: decode error (efs_rc=-9) ino=101177 off=705126400 len=4096
efs-fuse read: decode error (efs_rc=-9) ino=238361 off=1155383296 len=4096
efs-fuse read: decode error (efs_rc=-9) ino=209819 off=1262350336 len=4096
efs-fuse read: decode error (efs_rc=-9) ino=189339 off=1414500352 len=4096
efs-fuse read: decode error (efs_rc=-9) ino=197531 off=2382987264 len=4096
efs-fuse read: decode error (efs_rc=-9) ino=353257 off=745811968 len=4096
efs-fuse read: decode error (efs_rc=-9) ino=205723 off=327880704 len=4096
efs-fuse read: decode error (efs_rc=-9) ino=201627 off=461733888 len=4096
efs-fuse read: decode error (efs_rc=-9) ino=193435 off=1011875840 len=4096
efs-fuse read: decode error (efs_rc=-9) ino=185243 off=2299871232 len=4096
efs-fuse read: decode error (efs_rc=-9) ino=134967 off=1794777088 len=4096
efs-fuse read: decode error (efs_rc=-9) ino=139063 off=100130816 len=4096
efs-fuse read: decode error (efs_rc=-9) ino=92985 off=185417728 len=4096
efs-fuse read: decode error (efs_rc=-9) ino=101177 off=714166272 len=4096
efs-fuse read: decode error (efs_rc=-9) ino=238361 off=1163481088 len=4096
efs-fuse read: decode error (efs_rc=-9) ino=209819 off=1266032640 len=4096
efs-fuse read: decode error (efs_rc=-9) ino=189339 off=1421754368 len=4096
efs-fuse read: decode error (efs_rc=-9) ino=197531 off=2392707072 len=4096
efs-fuse read: decode error (efs_rc=-9) ino=353257 off=754978816 len=4096
efs-fuse read: decode error (efs_rc=-9) ino=205723 off=331251712 len=4096
efs-fuse read: decode error (efs_rc=-9) ino=201627 off=472436736 len=4096
efs-fuse read: decode error (efs_rc=-9) ino=193435 off=1027780608 len=4096
efs-fuse read: decode error (efs_rc=-9) ino=185243 off=2314682368 len=4096
efs-fuse read: decode error (efs_rc=-9) ino=134967 off=1799303168 len=4096
efs-fuse read: decode error (efs_rc=-9) ino=139063 off=104505344 len=4096
efs-fuse read: decode error (efs_rc=-9) ino=92985 off=194035712 len=4096
efs-fuse read: decode error (efs_rc=-9) ino=101177 off=723341312 len=4096
efs-fuse read: decode error (efs_rc=-9) ino=238361 off=1170513920 len=4096
efs-fuse read: decode error (efs_rc=-9) ino=209819 off=1301872640 len=4096
efs-fuse read: decode error (efs_rc=-9) ino=189339 off=1429008384 len=4096
efs-fuse read: decode error (efs_rc=-9) ino=353257 off=764145664 len=4096
efs-fuse read: decode error (efs_rc=-9) ino=197531 off=2402426880 len=4096
efs-fuse read: decode error (efs_rc=-9) ino=205723 off=334622720 len=4096
efs-fuse read: decode error (efs_rc=-9) ino=201627 off=478576640 len=4096
efs-fuse read: decode error (efs_rc=-9) ino=193435 off=1030909952 len=4096
efs-fuse read: decode error (efs_rc=-9) ino=185243 off=2330324992 len=4096
efs-fuse read: decode error (efs_rc=-9) ino=134967 off=1803829248 len=4096
inode-rpc: retry type=87 attempt=10 why=send
efs-fuse read: decode error (efs_rc=-9) ino=139063 off=107081728 len=4096
efs-fuse read: decode error (efs_rc=-9) ino=92985 off=198815744 len=4096
efs-fuse read: decode error (efs_rc=-9) ino=101177 off=732381184 len=4096
efs-fuse read: decode error (efs_rc=-9) ino=238361 off=1177546752 len=4096
efs-fuse read: decode error (efs_rc=-9) ino=209819 off=1305554944 len=4096
efs-fuse read: decode error (efs_rc=-9) ino=189339 off=1468039168 len=4096
efs-fuse read: decode error (efs_rc=-9) ino=353257 off=773312512 len=4096
efs-fuse read: decode error (efs_rc=-9) ino=197531 off=2412146688 len=4096
efs-fuse read: decode error (efs_rc=-9) ino=205723 off=361041920 len=4096
efs-fuse read: decode error (efs_rc=-9) ino=201627 off=495419392 len=4096
efs-fuse read: decode error (efs_rc=-9) ino=193435 off=1049944064 len=4096
efs-fuse read: decode error (efs_rc=-9) ino=185243 off=2345136128 len=4096
efs-fuse read: decode error (efs_rc=-9) ino=134967 off=1808355328 len=4096
efs-fuse read: decode error (efs_rc=-9) ino=139063 off=111456256 len=4096
efs-fuse read: decode error (efs_rc=-9) ino=92985 off=207433728 len=4096
efs-fuse read: decode error (efs_rc=-9) ino=101177 off=732516352 len=4096
efs-fuse read: decode error (efs_rc=-9) ino=238361 off=1178611712 len=4096
efs-fuse read: decode error (efs_rc=-9) ino=209819 off=1309237248 len=4096
efs-fuse read: decode error (efs_rc=-9) ino=189339 off=1475293184 len=4096
efs-fuse read: decode error (efs_rc=-9) ino=353257 off=831086592 len=4096
efs-fuse read: decode error (efs_rc=-9) ino=197531 off=2427265024 len=4096
efs-fuse read: decode error (efs_rc=-9) ino=205723 off=364412928 len=4096
efs-fuse read: decode error (efs_rc=-9) ino=201627 off=506122240 len=4096
efs-fuse read: decode error (efs_rc=-9) ino=193435 off=1053073408 len=4096
efs-fuse read: decode error (efs_rc=-9) ino=185243 off=2345967616 len=4096
efs-fuse read: decode error (efs_rc=-9) ino=134967 off=1865400320 len=4096
efs-fuse read: decode error (efs_rc=-9) ino=139063 off=114032640 len=4096
inode-rpc: retry type=47 attempt=9 why=send
efs-fuse read: decode error (efs_rc=-9) ino=92985 off=216051712 len=4096
efs-fuse read: decode error (efs_rc=-9) ino=101177 off=741556224 len=4096
inode-rpc: retry type=87 attempt=9 why=send
efs-fuse read: decode error (efs_rc=-9) ino=238361 off=1185644544 len=4096
efs-fuse read: decode error (efs_rc=-9) ino=209819 off=1312919552 len=4096
efs-fuse read: decode error (efs_rc=-9) ino=353257 off=840253440 len=4096
efs-fuse read: decode error (efs_rc=-9) ino=189339 off=1482547200 len=4096
efs-fuse read: decode error (efs_rc=-9) ino=197531 off=2436984832 len=4096
efs-fuse read: decode error (efs_rc=-9) ino=205723 off=367783936 len=4096
efs-fuse read: decode error (efs_rc=-9) ino=201627 off=516825088 len=4096
efs-fuse read: decode error (efs_rc=-9) ino=193435 off=1068978176 len=4096
efs-fuse read: decode error (efs_rc=-9) ino=185243 off=2360778752 len=4096
efs-fuse read: decode error (efs_rc=-9) ino=134967 off=1869926400 len=4096
efs-fuse read: decode error (efs_rc=-9) ino=139063 off=118407168 len=4096
efs-fuse read: decode error (efs_rc=-9) ino=92985 off=224669696 len=4096
inode-rpc: retry type=47 attempt=9 why=send
inode-rpc: retry type=47 attempt=9 why=send
efs-fuse read: decode error (efs_rc=-9) ino=101177 off=750731264 len=4096
efs-fuse read: decode error (efs_rc=-9) ino=238361 off=1192677376 len=4096
efs-fuse read: decode error (efs_rc=-9) ino=209819 off=1316601856 len=4096
efs-fuse read: decode error (efs_rc=-9) ino=353257 off=849420288 len=4096
efs-fuse read: decode error (efs_rc=-9) ino=189339 off=1497055232 len=4096
efs-fuse read: decode error (efs_rc=-9) ino=197531 off=2446704640 len=4096
efs-fuse read: decode error (efs_rc=-9) ino=205723 off=371154944 len=4096
efs-fuse read: decode error (efs_rc=-9) ino=201627 off=522964992 len=4096
efs-fuse read: decode error (efs_rc=-9) ino=193435 off=1072107520 len=4096
efs-fuse read: decode error (efs_rc=-9) ino=185243 off=2375589888 len=4096
efs-fuse read: decode error (efs_rc=-9) ino=134967 off=1874452480 len=4096
efs-fuse read: decode error (efs_rc=-9) ino=139063 off=120983552 len=4096
efs-fuse read: decode error (efs_rc=-9) ino=92985 off=233287680 len=4096
efs-fuse read: decode error (efs_rc=-9) ino=101177 off=759906304 len=4096
efs-fuse read: decode error (efs_rc=-9) ino=238361 off=1193742336 len=4096
efs-fuse read: decode error (efs_rc=-9) ino=353257 off=858587136 len=4096
efs-fuse read: decode error (efs_rc=-9) ino=209819 off=1320284160 len=4096
efs-fuse read: decode error (efs_rc=-9) ino=189339 off=1504309248 len=4096
efs-fuse read: decode error (efs_rc=-9) ino=197531 off=2456424448 len=4096
efs-fuse read: decode error (efs_rc=-9) ino=205723 off=374525952 len=4096
efs-fuse read: decode error (efs_rc=-9) ino=201627 off=533667840 len=4096
efs-fuse read: decode error (efs_rc=-9) ino=193435 off=1088012288 len=4096
efs-fuse read: decode error (efs_rc=-9) ino=185243 off=2376421376 len=4096
efs-fuse read: decode error (efs_rc=-9) ino=134967 off=1878978560 len=4096
efs-fuse read: decode error (efs_rc=-9) ino=139063 off=122781696 len=4096
efs-fuse read: decode error (efs_rc=-9) ino=92985 off=241905664 len=4096
efs-fuse read: decode error (efs_rc=-9) ino=101177 off=768946176 len=4096
efs-fuse read: decode error (efs_rc=-9) ino=238361 off=1200775168 len=4096
efs-fuse read: decode error (efs_rc=-9) ino=353257 off=907194368 len=4096
efs-fuse read: decode error (efs_rc=-9) ino=209819 off=1323966464 len=4096
efs-fuse read: decode error (efs_rc=-9) ino=189339 off=1511563264 len=4096
efs-fuse read: decode error (efs_rc=-9) ino=197531 off=2466144256 len=4096
efs-fuse read: decode error (efs_rc=-9) ino=205723 off=397574144 len=4096
efs-fuse read: decode error (efs_rc=-9) ino=201627 off=539807744 len=4096
efs-fuse read: decode error (efs_rc=-9) ino=193435 off=1091141632 len=4096
efs-fuse read: decode error (efs_rc=-9) ino=185243 off=2391232512 len=4096
efs-fuse read: decode error (efs_rc=-9) ino=134967 off=1883504640 len=4096
efs-fuse read: decode error (efs_rc=-9) ino=139063 off=125358080 len=4096
efs-fuse read: decode error (efs_rc=-9) ino=92985 off=246685696 len=4096
efs-fuse read: decode error (efs_rc=-9) ino=101177 off=769081344 len=4096
efs-fuse read: decode error (efs_rc=-9) ino=238361 off=1207808000 len=4096
efs-fuse read: decode error (efs_rc=-9) ino=353257 off=916361216 len=4096
efs-fuse read: decode error (efs_rc=-9) ino=209819 off=1327648768 len=4096
efs-fuse read: decode error (efs_rc=-9) ino=189339 off=1518817280 len=4096
efs-fuse read: decode error (efs_rc=-9) ino=197531 off=2481262592 len=4096
efs-fuse read: decode error (efs_rc=-9) ino=205723 off=400945152 len=4096
efs-fuse read: decode error (efs_rc=-9) ino=201627 off=544370688 len=4096
efs-fuse read: decode error (efs_rc=-9) ino=193435 off=1110175744 len=4096
efs-fuse read: decode error (efs_rc=-9) ino=185243 off=2406875136 len=4096
efs-fuse read: decode error (efs_rc=-9) ino=134967 off=1888030720 len=4096
efs-fuse read: decode error (efs_rc=-9) ino=139063 off=127934464 len=4096
efs-fuse read: decode error (efs_rc=-9) ino=92985 off=250523648 len=4096
efs-fuse read: decode error (efs_rc=-9) ino=101177 off=778121216 len=4096
efs-fuse read: decode error (efs_rc=-9) ino=238361 off=1208872960 len=4096
efs-fuse read: decode error (efs_rc=-9) ino=353257 off=925528064 len=4096
efs-fuse read: decode error (efs_rc=-9) ino=209819 off=1331331072 len=4096
efs-fuse read: decode error (efs_rc=-9) ino=189339 off=1526071296 len=4096
efs-fuse read: decode error (efs_rc=-9) ino=197531 off=2490982400 len=4096
efs-fuse read: decode error (efs_rc=-9) ino=205723 off=404316160 len=4096
inode-rpc: retry type=87 attempt=11 why=send
efs-fuse read: decode error (efs_rc=-9) ino=201627 off=550510592 len=4096
efs-fuse read: decode error (efs_rc=-9) ino=193435 off=1113305088 len=4096
efs-fuse read: decode error (efs_rc=-9) ino=185243 off=2421686272 len=4096
efs-fuse read: decode error (efs_rc=-9) ino=134967 off=1892556800 len=4096
efs-fuse read: decode error (efs_rc=-9) ino=139063 off=129732608 len=4096
efs-fuse read: decode error (efs_rc=-9) ino=92985 off=255303680 len=4096
efs-fuse read: decode error (efs_rc=-9) ino=101177 off=787296256 len=4096
efs-fuse read: decode error (efs_rc=-9) ino=353257 off=934694912 len=4096
efs-fuse read: decode error (efs_rc=-9) ino=238361 off=1215905792 len=4096
efs-fuse read: decode error (efs_rc=-9) ino=209819 off=1367171072 len=4096
efs-fuse read: decode error (efs_rc=-9) ino=189339 off=1533325312 len=4096
efs-fuse read: decode error (efs_rc=-9) ino=197531 off=2500702208 len=4096
efs-fuse read: decode error (efs_rc=-9) ino=205723 off=407687168 len=4096
efs-fuse read: decode error (efs_rc=-9) ino=201627 off=561213440 len=4096
efs-fuse read: decode error (efs_rc=-9) ino=193435 off=1129209856 len=4096
efs-fuse read: decode error (efs_rc=-9) ino=185243 off=2437328896 len=4096
efs-fuse read: decode error (efs_rc=-9) ino=134967 off=1897082880 len=4096
efs-fuse read: decode error (efs_rc=-9) ino=139063 off=132308992 len=4096
efs-fuse read: decode error (efs_rc=-9) ino=92985 off=263921664 len=4096
efs-fuse read: decode error (efs_rc=-9) ino=101177 off=796471296 len=4096
efs-fuse read: decode error (efs_rc=-9) ino=353257 off=992468992 len=4096
efs-fuse read: decode error (efs_rc=-9) ino=238361 off=1222938624 len=4096
efs-fuse read: decode error (efs_rc=-9) ino=209819 off=1370853376 len=4096
efs-fuse read: decode error (efs_rc=-9) ino=189339 off=1540579328 len=4096
efs-fuse read: decode error (efs_rc=-9) ino=197531 off=2510422016 len=4096
efs-fuse read: decode error (efs_rc=-9) ino=205723 off=411058176 len=4096
efs-fuse read: decode error (efs_rc=-9) ino=201627 off=567353344 len=4096
efs-fuse read: decode error (efs_rc=-9) ino=193435 off=1132339200 len=4096
efs-fuse read: decode error (efs_rc=-9) ino=185243 off=2452140032 len=4096
inode-rpc: retry type=47 attempt=10 why=send
efs-fuse read: decode error (efs_rc=-9) ino=134967 off=1901608960 len=4096
inode-rpc: retry type=87 attempt=10 why=send
efs-fuse read: decode error (efs_rc=-9) ino=139063 off=136683520 len=4096
efs-fuse read: decode error (efs_rc=-9) ino=92985 off=281157632 len=4096
efs-fuse read: decode error (efs_rc=-9) ino=101177 off=805511168 len=4096
efs-fuse read: decode error (efs_rc=-9) ino=353257 off=1001635840 len=4096
efs-fuse read: decode error (efs_rc=-9) ino=238361 off=1224003584 len=4096
efs-fuse read: decode error (efs_rc=-9) ino=209819 off=1374535680 len=4096
efs-fuse read: decode error (efs_rc=-9) ino=189339 off=1547833344 len=4096
efs-fuse read: decode error (efs_rc=-9) ino=197531 off=2520141824 len=4096
efs-fuse read: decode error (efs_rc=-9) ino=205723 off=437477376 len=4096
efs-fuse read: decode error (efs_rc=-9) ino=201627 off=578056192 len=4096
efs-fuse read: decode error (efs_rc=-9) ino=193435 off=1151373312 len=4096
efs-fuse read: decode error (efs_rc=-9) ino=185243 off=2452971520 len=4096
inode-rpc: retry type=47 attempt=10 why=send
efs-fuse read: decode error (efs_rc=-9) ino=134967 off=1906135040 len=4096
inode-rpc: retry type=47 attempt=10 why=send
efs-fuse read: decode error (efs_rc=-9) ino=139063 off=139259904 len=4096
efs-fuse read: decode error (efs_rc=-9) ino=92985 off=289775616 len=4096
efs-fuse read: decode error (efs_rc=-9) ino=101177 off=805646336 len=4096
efs-fuse read: decode error (efs_rc=-9) ino=353257 off=1010802688 len=4096
efs-fuse read: decode error (efs_rc=-9) ino=238361 off=1231036416 len=4096
efs-fuse read: decode error (efs_rc=-9) ino=209819 off=1378217984 len=4096
efs-fuse read: decode error (efs_rc=-9) ino=189339 off=1586864128 len=4096
efs-fuse read: decode error (efs_rc=-9) ino=197531 off=2535260160 len=4096
efs-fuse read: decode error (efs_rc=-9) ino=205723 off=440848384 len=4096
efs-fuse read: decode error (efs_rc=-9) ino=201627 off=584196096 len=4096
efs-fuse read: decode error (efs_rc=-9) ino=193435 off=1170407424 len=4096
efs-fuse read: decode error (efs_rc=-9) ino=185243 off=2467782656 len=4096
efs-fuse read: decode error (efs_rc=-9) ino=134967 off=1910661120 len=4096
efs-fuse read: decode error (efs_rc=-9) ino=139063 off=143634432 len=4096
efs-fuse read: decode error (efs_rc=-9) ino=92985 off=298393600 len=4096
efs-fuse read: decode error (efs_rc=-9) ino=101177 off=814686208 len=4096
efs-fuse read: decode error (efs_rc=-9) ino=353257 off=1019969536 len=4096
efs-fuse read: decode error (efs_rc=-9) ino=238361 off=1238069248 len=4096
efs-fuse read: decode error (efs_rc=-9) ino=209819 off=1381900288 len=4096
efs-fuse read: decode error (efs_rc=-9) ino=189339 off=1601372160 len=4096
efs-fuse read: decode error (efs_rc=-9) ino=197531 off=2544979968 len=4096
efs-fuse read: decode error (efs_rc=-9) ino=205723 off=444219392 len=4096
efs-fuse read: decode error (efs_rc=-9) ino=201627 off=588759040 len=4096
efs-fuse read: decode error (efs_rc=-9) ino=193435 off=1173536768 len=4096
efs-fuse read: decode error (efs_rc=-9) ino=185243 off=2482593792 len=4096
efs-fuse read: decode error (efs_rc=-9) ino=134967 off=1915187200 len=4096
efs-fuse read: decode error (efs_rc=-9) ino=139063 off=146210816 len=4096
efs-fuse read: decode error (efs_rc=-9) ino=92985 off=303173632 len=4096
efs-fuse read: decode error (efs_rc=-9) ino=101177 off=823861248 len=4096
efs-fuse read: decode error (efs_rc=-9) ino=353257 off=1068576768 len=4096
efs-fuse read: decode error (efs_rc=-9) ino=238361 off=1239134208 len=4096
efs-fuse read: decode error (efs_rc=-9) ino=209819 off=1385582592 len=4096
efs-fuse read: decode error (efs_rc=-9) ino=189339 off=1608626176 len=4096
efs-fuse read: decode error (efs_rc=-9) ino=197531 off=2554699776 len=4096
efs-fuse read: decode error (efs_rc=-9) ino=205723 off=447590400 len=4096
efs-fuse read: decode error (efs_rc=-9) ino=201627 off=594898944 len=4096
efs-fuse read: decode error (efs_rc=-9) ino=193435 off=1189441536 len=4096
efs-fuse read: decode error (efs_rc=-9) ino=185243 off=2483425280 len=4096
efs-fuse read: decode error (efs_rc=-9) ino=134967 off=1919713280 len=4096
efs-fuse read: decode error (efs_rc=-9) ino=139063 off=150585344 len=4096
efs-fuse read: decode error (efs_rc=-9) ino=92985 off=307011584 len=4096
efs-fuse read: decode error (efs_rc=-9) ino=353257 off=1077743616 len=4096
efs-fuse read: decode error (efs_rc=-9) ino=101177 off=832901120 len=4096
efs-fuse read: decode error (efs_rc=-9) ino=238361 off=1246167040 len=4096
efs-fuse read: decode error (efs_rc=-9) ino=209819 off=1389264896 len=4096
efs-fuse read: decode error (efs_rc=-9) ino=189339 off=1615880192 len=4096
efs-fuse read: decode error (efs_rc=-9) ino=197531 off=2564419584 len=4096
efs-fuse read: decode error (efs_rc=-9) ino=205723 off=477380608 len=4096
efs-fuse read: decode error (efs_rc=-9) ino=201627 off=605601792 len=4096
efs-fuse read: decode error (efs_rc=-9) ino=193435 off=1192570880 len=4096
efs-fuse read: decode error (efs_rc=-9) ino=185243 off=2498236416 len=4096
efs-fuse read: decode error (efs_rc=-9) ino=134967 off=1924239360 len=4096
efs-fuse read: decode error (efs_rc=-9) ino=139063 off=153161728 len=4096
efs-fuse read: decode error (efs_rc=-9) ino=92985 off=311791616 len=4096
efs-fuse read: decode error (efs_rc=-9) ino=353257 off=1086910464 len=4096
efs-fuse read: decode error (efs_rc=-9) ino=101177 off=833036288 len=4096
efs-fuse read: decode error (efs_rc=-9) ino=238361 off=1253199872 len=4096
efs-fuse read: decode error (efs_rc=-9) ino=209819 off=1392947200 len=4096
efs-fuse read: decode error (efs_rc=-9) ino=189339 off=1623134208 len=4096
inode-rpc: retry type=87 attempt=12 why=send
efs-fuse read: decode error (efs_rc=-9) ino=197531 off=2574139392 len=4096
efs-fuse read: decode error (efs_rc=-9) ino=205723 off=480751616 len=4096
efs-fuse read: decode error (efs_rc=-9) ino=201627 off=611741696 len=4096
efs-fuse read: decode error (efs_rc=-9) ino=193435 off=1211604992 len=4096
efs-fuse read: decode error (efs_rc=-9) ino=185243 off=2513047552 len=4096
efs-fuse read: decode error (efs_rc=-9) ino=134967 off=1976758272 len=4096
efs-fuse read: decode error (efs_rc=-9) ino=139063 off=157536256 len=4096
efs-fuse read: decode error (efs_rc=-9) ino=92985 off=320409600 len=4096
efs-fuse read: decode error (efs_rc=-9) ino=353257 off=1096077312 len=4096
efs-fuse read: decode error (efs_rc=-9) ino=101177 off=842076160 len=4096
efs-fuse read: decode error (efs_rc=-9) ino=238361 off=1254264832 len=4096
efs-fuse read: decode error (efs_rc=-9) ino=189339 off=1630388224 len=4096
efs-fuse read: decode error (efs_rc=-9) ino=209819 off=1396629504 len=4096
efs-fuse read: decode error (efs_rc=-9) ino=197531 off=2589257728 len=4096
efs-fuse read: decode error (efs_rc=-9) ino=205723 off=484122624 len=4096
efs-fuse read: decode error (efs_rc=-9) ino=201627 off=622444544 len=4096
efs-fuse read: decode error (efs_rc=-9) ino=193435 off=1214734336 len=4096
efs-fuse read: decode error (efs_rc=-9) ino=185243 off=2513879040 len=4096
efs-fuse read: decode error (efs_rc=-9) ino=134967 off=1981284352 len=4096
efs-fuse read: decode error (efs_rc=-9) ino=139063 off=160112640 len=4096
efs-fuse read: decode error (efs_rc=-9) ino=92985 off=329027584 len=4096
efs-fuse read: decode error (efs_rc=-9) ino=353257 off=1153851392 len=4096
efs-fuse read: decode error (efs_rc=-9) ino=101177 off=851251200 len=4096
efs-fuse read: decode error (efs_rc=-9) ino=238361 off=1261297664 len=4096
efs-fuse read: decode error (efs_rc=-9) ino=189339 off=1637642240 len=4096
efs-fuse read: decode error (efs_rc=-9) ino=209819 off=1436151808 len=4096
efs-fuse read: decode error (efs_rc=-9) ino=197531 off=2598977536 len=4096
inode-rpc: retry type=47 attempt=11 why=send
efs-fuse read: decode error (efs_rc=-9) ino=205723 off=487493632 len=4096
efs-fuse read: decode error (efs_rc=-9) ino=201627 off=628584448 len=4096
inode-rpc: retry type=87 attempt=11 why=send
efs-fuse read: decode error (efs_rc=-9) ino=193435 off=1230639104 len=4096
efs-fuse read: decode error (efs_rc=-9) ino=185243 off=2544332800 len=4096
efs-fuse read: decode error (efs_rc=-9) ino=134967 off=1985810432 len=4096
efs-fuse read: decode error (efs_rc=-9) ino=139063 off=164487168 len=4096
efs-fuse read: decode error (efs_rc=-9) ino=92985 off=337645568 len=4096
efs-fuse read: decode error (efs_rc=-9) ino=353257 off=1163018240 len=4096
efs-fuse read: decode error (efs_rc=-9) ino=101177 off=860426240 len=4096
efs-fuse read: decode error (efs_rc=-9) ino=238361 off=1268330496 len=4096
efs-fuse read: decode error (efs_rc=-9) ino=189339 off=1644896256 len=4096
efs-fuse read: decode error (efs_rc=-9) ino=209819 off=1439834112 len=4096
efs-fuse read: decode error (efs_rc=-9) ino=197531 off=2608697344 len=4096
inode-rpc: retry type=47 attempt=11 why=send
inode-rpc: retry type=47 attempt=11 why=send
efs-fuse read: decode error (efs_rc=-9) ino=205723 off=490864640 len=4096
efs-fuse read: decode error (efs_rc=-9) ino=201627 off=633147392 len=4096
efs-fuse read: decode error (efs_rc=-9) ino=193435 off=1233768448 len=4096
efs-fuse read: decode error (efs_rc=-9) ino=185243 off=2559143936 len=4096
efs-fuse read: decode error (efs_rc=-9) ino=134967 off=1990336512 len=4096
efs-fuse read: decode error (efs_rc=-9) ino=139063 off=167063552 len=4096
efs-fuse read: decode error (efs_rc=-9) ino=92985 off=346263552 len=4096
efs-fuse read: decode error (efs_rc=-9) ino=353257 off=1172185088 len=4096
efs-fuse read: decode error (efs_rc=-9) ino=101177 off=869466112 len=4096
efs-fuse read: decode error (efs_rc=-9) ino=238361 off=1269395456 len=4096
efs-fuse read: decode error (efs_rc=-9) ino=189339 off=1652150272 len=4096
efs-fuse read: decode error (efs_rc=-9) ino=209819 off=1443516416 len=4096
efs-fuse read: decode error (efs_rc=-9) ino=197531 off=2618417152 len=4096
efs-fuse read: decode error (efs_rc=-9) ino=205723 off=517283840 len=4096
efs-fuse read: decode error (efs_rc=-9) ino=201627 off=639287296 len=4096
efs-fuse read: decode error (efs_rc=-9) ino=193435 off=1249673216 len=4096
efs-fuse read: decode error (efs_rc=-9) ino=185243 off=2574786560 len=4096
efs-fuse read: decode error (efs_rc=-9) ino=134967 off=1994862592 len=4096
efs-fuse read: decode error (efs_rc=-9) ino=139063 off=168861696 len=4096
efs-fuse read: decode error (efs_rc=-9) ino=92985 off=354881536 len=4096
efs-fuse read: decode error (efs_rc=-9) ino=353257 off=1181351936 len=4096
efs-fuse read: decode error (efs_rc=-9) ino=101177 off=869601280 len=4096
efs-fuse read: decode error (efs_rc=-9) ino=238361 off=1276428288 len=4096
efs-fuse read: decode error (efs_rc=-9) ino=189339 off=1659404288 len=4096
efs-fuse read: decode error (efs_rc=-9) ino=209819 off=1447198720 len=4096
efs-fuse read: decode error (efs_rc=-9) ino=197531 off=2643255296 len=4096
efs-fuse read: decode error (efs_rc=-9) ino=205723 off=520654848 len=4096
efs-fuse read: decode error (efs_rc=-9) ino=201627 off=649990144 len=4096
efs-fuse read: decode error (efs_rc=-9) ino=193435 off=1252802560 len=4096
efs-fuse read: decode error (efs_rc=-9) ino=185243 off=2589597696 len=4096
efs-fuse read: decode error (efs_rc=-9) ino=134967 off=1999388672 len=4096
efs-fuse read: decode error (efs_rc=-9) ino=139063 off=171438080 len=4096
efs-fuse read: decode error (efs_rc=-9) ino=92985 off=359661568 len=4096
efs-fuse read: decode error (efs_rc=-9) ino=353257 off=1229959168 len=4096
efs-fuse read: decode error (efs_rc=-9) ino=101177 off=878641152 len=4096
efs-fuse read: decode error (efs_rc=-9) ino=238361 off=1283461120 len=4096
efs-fuse read: decode error (efs_rc=-9) ino=189339 off=1698435072 len=4096
efs-fuse read: decode error (efs_rc=-9) ino=209819 off=1450881024 len=4096
efs-fuse read: decode error (efs_rc=-9) ino=197531 off=2652975104 len=4096
efs-fuse read: decode error (efs_rc=-9) ino=205723 off=524025856 len=4096
efs-fuse read: decode error (efs_rc=-9) ino=201627 off=656130048 len=4096
efs-fuse read: decode error (efs_rc=-9) ino=193435 off=1271836672 len=4096
efs-fuse read: decode error (efs_rc=-9) ino=185243 off=2590429184 len=4096
efs-fuse read: decode error (efs_rc=-9) ino=134967 off=2003914752 len=4096
efs-fuse read: decode error (efs_rc=-9) ino=139063 off=174014464 len=4096
efs-fuse read: decode error (efs_rc=-9) ino=92985 off=368279552 len=4096
efs-fuse read: decode error (efs_rc=-9) ino=353257 off=1239126016 len=4096
efs-fuse read: decode error (efs_rc=-9) ino=101177 off=887816192 len=4096
efs-fuse read: decode error (efs_rc=-9) ino=238361 off=1291558912 len=4096
efs-fuse read: decode error (efs_rc=-9) ino=189339 off=1705689088 len=4096
efs-fuse read: decode error (efs_rc=-9) ino=209819 off=1454563328 len=4096
efs-fuse read: decode error (efs_rc=-9) ino=197531 off=2662694912 len=4096
efs-fuse read: decode error (efs_rc=-9) ino=205723 off=527396864 len=4096
efs-fuse read: decode error (efs_rc=-9) ino=201627 off=666832896 len=4096
efs-fuse read: decode error (efs_rc=-9) ino=193435 off=1274966016 len=4096
efs-fuse read: decode error (efs_rc=-9) ino=185243 off=2605240320 len=4096
efs-fuse read: decode error (efs_rc=-9) ino=134967 off=2008440832 len=4096
efs-fuse read: decode error (efs_rc=-9) ino=139063 off=175812608 len=4096
efs-fuse read: decode error (efs_rc=-9) ino=92985 off=376897536 len=4096
efs-fuse read: decode error (efs_rc=-9) ino=353257 off=1248292864 len=4096
efs-fuse read: decode error (efs_rc=-9) ino=101177 off=896991232 len=4096
inode-rpc: retry type=87 attempt=13 why=send
efs-fuse read: decode error (efs_rc=-9) ino=189339 off=1712943104 len=4096
efs-fuse read: decode error (efs_rc=-9) ino=238361 off=1298591744 len=4096
efs-fuse read: decode error (efs_rc=-9) ino=209819 off=1458245632 len=4096
efs-fuse read: decode error (efs_rc=-9) ino=197531 off=2672414720 len=4096
efs-fuse read: decode error (efs_rc=-9) ino=205723 off=530767872 len=4096
efs-fuse read: decode error (efs_rc=-9) ino=201627 off=672972800 len=4096
efs-fuse read: decode error (efs_rc=-9) ino=193435 off=1290870784 len=4096
efs-fuse read: decode error (efs_rc=-9) ino=185243 off=2620051456 len=4096
efs-fuse read: decode error (efs_rc=-9) ino=139063 off=178388992 len=4096
efs-fuse read: decode error (efs_rc=-9) ino=134967 off=2012966912 len=4096
efs-fuse read: decode error (efs_rc=-9) ino=92985 off=385515520 len=4096
efs-fuse read: decode error (efs_rc=-9) ino=353257 off=1257459712 len=4096
efs-fuse read: decode error (efs_rc=-9) ino=101177 off=906031104 len=4096
efs-fuse read: decode error (efs_rc=-9) ino=189339 off=1720197120 len=4096
efs-fuse read: decode error (efs_rc=-9) ino=238361 off=1299656704 len=4096
efs-fuse read: decode error (efs_rc=-9) ino=209819 off=1461927936 len=4096
efs-fuse read: decode error (efs_rc=-9) ino=197531 off=2682134528 len=4096
efs-fuse read: decode error (efs_rc=-9) ino=205723 off=553816064 len=4096
efs-fuse read: decode error (efs_rc=-9) ino=201627 off=677535744 len=4096
efs-fuse read: decode error (efs_rc=-9) ino=193435 off=1294000128 len=4096
efs-fuse read: decode error (efs_rc=-9) ino=185243 off=2620882944 len=4096
efs-fuse read: decode error (efs_rc=-9) ino=139063 off=182763520 len=4096
efs-fuse read: decode error (efs_rc=-9) ino=134967 off=2017492992 len=4096
efs-fuse read: decode error (efs_rc=-9) ino=92985 off=394133504 len=4096
efs-fuse read: decode error (efs_rc=-9) ino=353257 off=1315233792 len=4096
efs-fuse read: decode error (efs_rc=-9) ino=101177 off=906166272 len=4096
efs-fuse read: decode error (efs_rc=-9) ino=189339 off=1727451136 len=4096
efs-fuse read: decode error (efs_rc=-9) ino=238361 off=1306689536 len=4096
inode-rpc: retry type=47 attempt=12 why=send
efs-fuse read: decode error (efs_rc=-9) ino=209819 off=1497767936 len=4096
inode-rpc: retry type=87 attempt=12 why=send
efs-fuse read: decode error (efs_rc=-9) ino=197531 off=2697252864 len=4096
efs-fuse read: decode error (efs_rc=-9) ino=205723 off=557187072 len=4096
efs-fuse read: decode error (efs_rc=-9) ino=201627 off=683675648 len=4096
efs-fuse read: decode error (efs_rc=-9) ino=193435 off=1313034240 len=4096
efs-fuse read: decode error (efs_rc=-9) ino=185243 off=2635694080 len=4096
efs-fuse read: decode error (efs_rc=-9) ino=139063 off=185339904 len=4096
efs-fuse read: decode error (efs_rc=-9) ino=134967 off=2022019072 len=4096
efs-fuse read: decode error (efs_rc=-9) ino=92985 off=402751488 len=4096
efs-fuse read: decode error (efs_rc=-9) ino=353257 off=1324400640 len=4096
efs-fuse read: decode error (efs_rc=-9) ino=101177 off=915206144 len=4096
efs-fuse read: decode error (efs_rc=-9) ino=189339 off=1734705152 len=4096
efs-fuse read: decode error (efs_rc=-9) ino=238361 off=1313722368 len=4096
inode-rpc: retry type=47 attempt=12 why=send
inode-rpc: retry type=47 attempt=12 why=send
efs-fuse read: decode error (efs_rc=-9) ino=209819 off=1501450240 len=4096
efs-fuse read: decode error (efs_rc=-9) ino=197531 off=2706972672 len=4096
efs-fuse read: decode error (efs_rc=-9) ino=205723 off=560558080 len=4096
efs-fuse read: decode error (efs_rc=-9) ino=201627 off=694378496 len=4096
efs-fuse read: decode error (efs_rc=-9) ino=193435 off=1316163584 len=4096
efs-fuse read: decode error (efs_rc=-9) ino=185243 off=2651336704 len=4096
efs-fuse read: decode error (efs_rc=-9) ino=139063 off=189714432 len=4096
efs-fuse read: decode error (efs_rc=-9) ino=134967 off=2026545152 len=4096
efs-fuse read: decode error (efs_rc=-9) ino=92985 off=407531520 len=4096
efs-fuse read: decode error (efs_rc=-9) ino=353257 off=1333567488 len=4096
efs-fuse read: decode error (efs_rc=-9) ino=101177 off=933421056 len=4096
efs-fuse read: decode error (efs_rc=-9) ino=189339 off=1741959168 len=4096
efs-fuse read: decode error (efs_rc=-9) ino=238361 off=1314787328 len=4096
efs-fuse read: decode error (efs_rc=-9) ino=209819 off=1505132544 len=4096
efs-fuse read: decode error (efs_rc=-9) ino=197531 off=2716692480 len=4096
efs-fuse read: decode error (efs_rc=-9) ino=205723 off=563929088 len=4096
efs-fuse read: decode error (efs_rc=-9) ino=201627 off=700518400 len=4096
efs-fuse read: decode error (efs_rc=-9) ino=193435 off=1332068352 len=4096
efs-fuse read: decode error (efs_rc=-9) ino=185243 off=2666147840 len=4096
efs-fuse read: decode error (efs_rc=-9) ino=139063 off=192290816 len=4096
efs-fuse read: decode error (efs_rc=-9) ino=134967 off=2031071232 len=4096
efs-fuse read: decode error (efs_rc=-9) ino=92985 off=411369472 len=4096
efs-fuse read: decode error (efs_rc=-9) ino=353257 off=1342734336 len=4096
efs-fuse read: decode error (efs_rc=-9) ino=101177 off=933556224 len=4096
efs-fuse read: decode error (efs_rc=-9) ino=189339 off=1749213184 len=4096
efs-fuse read: decode error (efs_rc=-9) ino=238361 off=1321820160 len=4096
efs-fuse read: decode error (efs_rc=-9) ino=209819 off=1523544064 len=4096
efs-fuse read: decode error (efs_rc=-9) ino=197531 off=2726412288 len=4096
efs-fuse read: decode error (efs_rc=-9) ino=205723 off=567300096 len=4096
efs-fuse read: decode error (efs_rc=-9) ino=201627 off=711221248 len=4096
efs-fuse read: decode error (efs_rc=-9) ino=193435 off=1335197696 len=4096
efs-fuse read: decode error (efs_rc=-9) ino=185243 off=2681790464 len=4096
efs-fuse read: decode error (efs_rc=-9) ino=139063 off=196665344 len=4096
efs-fuse read: decode error (efs_rc=-9) ino=92985 off=416149504 len=4096
efs-fuse read: decode error (efs_rc=-9) ino=134967 off=2035597312 len=4096
efs-fuse read: decode error (efs_rc=-9) ino=353257 off=1391341568 len=4096
efs-fuse read: decode error (efs_rc=-9) ino=101177 off=942596096 len=4096
efs-fuse read: decode error (efs_rc=-9) ino=189339 off=1756467200 len=4096
efs-fuse read: decode error (efs_rc=-9) ino=238361 off=1328852992 len=4096
efs-fuse read: decode error (efs_rc=-9) ino=209819 off=1527226368 len=4096
efs-fuse read: decode error (efs_rc=-9) ino=197531 off=2736132096 len=4096
efs-fuse read: decode error (efs_rc=-9) ino=205723 off=593719296 len=4096
efs-fuse read: decode error (efs_rc=-9) ino=201627 off=717361152 len=4096
efs-fuse read: decode error (efs_rc=-9) ino=193435 off=1351102464 len=4096
efs-fuse read: decode error (efs_rc=-9) ino=185243 off=2697433088 len=4096
efs-fuse read: decode error (efs_rc=-9) ino=139063 off=199241728 len=4096
efs-fuse read: decode error (efs_rc=-9) ino=92985 off=433385472 len=4096
efs-fuse read: decode error (efs_rc=-9) ino=134967 off=2088116224 len=4096
efs-fuse read: decode error (efs_rc=-9) ino=353257 off=1400508416 len=4096
efs-fuse read: decode error (efs_rc=-9) ino=101177 off=951771136 len=4096
efs-fuse read: decode error (efs_rc=-9) ino=189339 off=1763721216 len=4096
efs-fuse read: decode error (efs_rc=-9) ino=238361 off=1329917952 len=4096
efs-fuse read: decode error (efs_rc=-9) ino=209819 off=1563066368 len=4096
efs-fuse read: decode error (efs_rc=-9) ino=205723 off=597090304 len=4096
efs-fuse read: decode error (efs_rc=-9) ino=197531 off=2751250432 len=4096
efs-fuse read: decode error (efs_rc=-9) ino=201627 off=721924096 len=4096
efs-fuse read: decode error (efs_rc=-9) ino=193435 off=1354231808 len=4096
efs-fuse read: decode error (efs_rc=-9) ino=185243 off=2727055360 len=4096
efs-fuse read: decode error (efs_rc=-9) ino=139063 off=203616256 len=4096
efs-fuse read: decode error (efs_rc=-9) ino=92985 off=442003456 len=4096
efs-fuse read: decode error (efs_rc=-9) ino=134967 off=2092642304 len=4096
efs-fuse read: decode error (efs_rc=-9) ino=353257 off=1409675264 len=4096
inode-rpc: retry type=87 attempt=14 why=send
efs-fuse read: decode error (efs_rc=-9) ino=101177 off=960946176 len=4096
efs-fuse read: decode error (efs_rc=-9) ino=189339 off=1770975232 len=4096
efs-fuse read: decode error (efs_rc=-9) ino=238361 off=1336950784 len=4096
efs-fuse read: decode error (efs_rc=-9) ino=209819 off=1566748672 len=4096
efs-fuse read: decode error (efs_rc=-9) ino=205723 off=600461312 len=4096
efs-fuse read: decode error (efs_rc=-9) ino=197531 off=2760970240 len=4096
efs-fuse read: decode error (efs_rc=-9) ino=201627 off=728064000 len=4096
efs-fuse read: decode error (efs_rc=-9) ino=193435 off=1373265920 len=4096
efs-fuse read: decode error (efs_rc=-9) ino=185243 off=2742697984 len=4096
efs-fuse read: decode error (efs_rc=-9) ino=92985 off=450621440 len=4096
efs-fuse read: decode error (efs_rc=-9) ino=139063 off=206192640 len=4096
efs-fuse read: decode error (efs_rc=-9) ino=134967 off=2097168384 len=4096
efs-fuse read: decode error (efs_rc=-9) ino=353257 off=1418842112 len=4096
efs-fuse read: decode error (efs_rc=-9) ino=101177 off=970121216 len=4096
efs-fuse read: decode error (efs_rc=-9) ino=189339 off=1778229248 len=4096
efs-fuse read: decode error (efs_rc=-9) ino=238361 off=1343983616 len=4096
efs-fuse read: decode error (efs_rc=-9) ino=209819 off=1570430976 len=4096
efs-fuse read: decode error (efs_rc=-9) ino=205723 off=603832320 len=4096
efs-fuse read: decode error (efs_rc=-9) ino=201627 off=738766848 len=4096
efs-fuse read: decode error (efs_rc=-9) ino=197531 off=2770690048 len=4096
efs-fuse read: decode error (efs_rc=-9) ino=193435 off=1376395264 len=4096
efs-fuse read: decode error (efs_rc=-9) ino=185243 off=2758340608 len=4096
efs-fuse read: decode error (efs_rc=-9) ino=92985 off=459239424 len=4096
efs-fuse read: decode error (efs_rc=-9) ino=134967 off=2203648 len=4096
efs-fuse read: decode error (efs_rc=-9) ino=353257 off=1428008960 len=4096
efs-fuse read: decode error (efs_rc=-9) ino=139063 off=210567168 len=4096
efs-fuse read: decode error (efs_rc=-9) ino=101177 off=979161088 len=4096
efs-fuse read: decode error (efs_rc=-9) ino=189339 off=1817260032 len=4096
inode-rpc: retry type=47 attempt=13 why=send
inode-rpc: retry type=87 attempt=13 why=send
efs-fuse read: decode error (efs_rc=-9) ino=238361 off=1352081408 len=4096
efs-fuse read: decode error (efs_rc=-9) ino=209819 off=1574113280 len=4096
efs-fuse read: decode error (efs_rc=-9) ino=205723 off=607203328 len=4096
efs-fuse read: decode error (efs_rc=-9) ino=201627 off=744906752 len=4096
efs-fuse read: decode error (efs_rc=-9) ino=197531 off=2780409856 len=4096
efs-fuse read: decode error (efs_rc=-9) ino=193435 off=1392300032 len=4096
efs-fuse read: decode error (efs_rc=-9) ino=185243 off=2773151744 len=4096
efs-fuse read: decode error (efs_rc=-9) ino=92985 off=464019456 len=4096
efs-fuse read: decode error (efs_rc=-9) ino=353257 off=1476616192 len=4096
efs-fuse read: decode error (efs_rc=-9) ino=134967 off=6729728 len=4096
efs-fuse read: decode error (efs_rc=-9) ino=139063 off=213143552 len=4096
efs-fuse read: decode error (efs_rc=-9) ino=101177 off=988336128 len=4096
efs-fuse read: decode error (efs_rc=-9) ino=189339 off=1824514048 len=4096
inode-rpc: retry type=47 attempt=13 why=send
inode-rpc: retry type=47 attempt=13 why=send
efs-fuse read: decode error (efs_rc=-9) ino=238361 off=1359114240 len=4096
efs-fuse read: decode error (efs_rc=-9) ino=209819 off=1577795584 len=4096
efs-fuse read: decode error (efs_rc=-9) ino=205723 off=633622528 len=4096
efs-fuse read: decode error (efs_rc=-9) ino=201627 off=755609600 len=4096
efs-fuse read: decode error (efs_rc=-9) ino=197531 off=2790129664 len=4096
efs-fuse read: decode error (efs_rc=-9) ino=193435 off=1395429376 len=4096
efs-fuse read: decode error (efs_rc=-9) ino=185243 off=2788794368 len=4096
efs-fuse read: decode error (efs_rc=-9) ino=92985 off=472637440 len=4096
efs-fuse read: decode error (efs_rc=-9) ino=353257 off=1485783040 len=4096
efs-fuse read: decode error (efs_rc=-9) ino=134967 off=11255808 len=4096
efs-fuse read: decode error (efs_rc=-9) ino=139063 off=214941696 len=4096
efs-fuse read: decode error (efs_rc=-9) ino=101177 off=997511168 len=4096
efs-fuse read: decode error (efs_rc=-9) ino=189339 off=1831768064 len=4096
efs-fuse read: decode error (efs_rc=-9) ino=238361 off=1367212032 len=4096
efs-fuse read: decode error (efs_rc=-9) ino=209819 off=1581477888 len=4096
efs-fuse read: decode error (efs_rc=-9) ino=205723 off=636993536 len=4096
efs-fuse read: decode error (efs_rc=-9) ino=201627 off=761749504 len=4096
efs-fuse read: decode error (efs_rc=-9) ino=197531 off=2814967808 len=4096
efs-fuse read: decode error (efs_rc=-9) ino=193435 off=1414463488 len=4096
efs-fuse read: decode error (efs_rc=-9) ino=185243 off=2803605504 len=4096
efs-fuse read: decode error (efs_rc=-9) ino=92985 off=481255424 len=4096
efs-fuse read: decode error (efs_rc=-9) ino=353257 off=1494949888 len=4096
efs-fuse read: decode error (efs_rc=-9) ino=134967 off=15781888 len=4096
efs-fuse read: decode error (efs_rc=-9) ino=139063 off=217518080 len=4096
efs-fuse read: decode error (efs_rc=-9) ino=101177 off=1006551040 len=4096
efs-fuse read: decode error (efs_rc=-9) ino=189339 off=1839022080 len=4096
efs-fuse read: decode error (efs_rc=-9) ino=209819 off=1585160192 len=4096
efs-fuse read: decode error (efs_rc=-9) ino=238361 off=1374244864 len=4096
efs-fuse read: decode error (efs_rc=-9) ino=205723 off=640364544 len=4096
efs-fuse read: decode error (efs_rc=-9) ino=201627 off=766312448 len=4096
efs-fuse read: decode error (efs_rc=-9) ino=193435 off=1417592832 len=4096
efs-fuse read: decode error (efs_rc=-9) ino=197531 off=2824687616 len=4096
efs-fuse read: decode error (efs_rc=-9) ino=185243 off=2804436992 len=4096
efs-fuse read: decode error (efs_rc=-9) ino=92985 off=489873408 len=4096
efs-fuse read: decode error (efs_rc=-9) ino=353257 off=1504116736 len=4096
efs-fuse read: decode error (efs_rc=-9) ino=134967 off=20307968 len=4096
efs-fuse read: decode error (efs_rc=-9) ino=139063 off=220094464 len=4096
efs-fuse read: decode error (efs_rc=-9) ino=101177 off=1006686208 len=4096
efs-fuse read: decode error (efs_rc=-9) ino=189339 off=1846276096 len=4096
efs-fuse read: decode error (efs_rc=-9) ino=209819 off=1588842496 len=4096
efs-fuse read: decode error (efs_rc=-9) ino=238361 off=1382342656 len=4096
efs-fuse read: decode error (efs_rc=-9) ino=205723 off=647106560 len=4096
efs-fuse read: decode error (efs_rc=-9) ino=201627 off=772452352 len=4096
efs-fuse read: decode error (efs_rc=-9) ino=193435 off=1436626944 len=4096
efs-fuse read: decode error (efs_rc=-9) ino=197531 off=2834407424 len=4096
efs-fuse read: decode error (efs_rc=-9) ino=185243 off=2819248128 len=4096
efs-fuse read: decode error (efs_rc=-9) ino=92985 off=498491392 len=4096
efs-fuse read: decode error (efs_rc=-9) ino=353257 off=1561890816 len=4096
efs-fuse read: decode error (efs_rc=-9) ino=134967 off=24834048 len=4096
efs-fuse read: decode error (efs_rc=-9) ino=139063 off=221892608 len=4096
efs-fuse read: decode error (efs_rc=-9) ino=101177 off=1015726080 len=4096
efs-fuse read: decode error (efs_rc=-9) ino=189339 off=1853530112 len=4096
efs-fuse read: decode error (efs_rc=-9) ino=209819 off=1592524800 len=4096
efs-fuse read: decode error (efs_rc=-9) ino=238361 off=1389375488 len=4096
efs-fuse read: decode error (efs_rc=-9) ino=205723 off=673525760 len=4096
efs-fuse read: decode error (efs_rc=-9) ino=201627 off=783155200 len=4096
efs-fuse read: decode error (efs_rc=-9) ino=193435 off=1452531712 len=4096
efs-fuse read: decode error (efs_rc=-9) ino=197531 off=2844127232 len=4096
efs-fuse read: decode error (efs_rc=-9) ino=185243 off=2834059264 len=4096
efs-fuse read: decode error (efs_rc=-9) ino=92985 off=507109376 len=4096
efs-fuse read: decode error (efs_rc=-9) ino=353257 off=1571057664 len=4096
efs-fuse read: decode error (efs_rc=-9) ino=134967 off=29360128 len=4096
efs-fuse read: decode error (efs_rc=-9) ino=139063 off=224468992 len=4096
inode-rpc: retry type=87 attempt=0 why=send
efs-fuse read: decode error (efs_rc=-9) ino=101177 off=1024901120 len=4096
efs-fuse read: decode error (efs_rc=-9) ino=189339 off=1860784128 len=4096
efs-fuse read: decode error (efs_rc=-9) ino=209819 off=1624682496 len=4096
efs-fuse read: decode error (efs_rc=-9) ino=238361 off=1397473280 len=4096
inode-rpc: retry type=87 attempt=1 why=send
efs-fuse read: decode error (efs_rc=-9) ino=205723 off=676896768 len=4096
efs-fuse read: decode error (efs_rc=-9) ino=201627 off=789295104 len=4096
efs-fuse read: decode error (efs_rc=-9) ino=193435 off=1455661056 len=4096
efs-fuse read: decode error (efs_rc=-9) ino=197531 off=2868965376 len=4096
efs-fuse read: decode error (efs_rc=-9) ino=185243 off=2834890752 len=4096
efs-fuse read: decode error (efs_rc=-9) ino=92985 off=515727360 len=4096
efs-fuse read: decode error (efs_rc=-9) ino=353257 off=1580224512 len=4096
efs-fuse read: decode error (efs_rc=-9) ino=134967 off=33886208 len=4096
efs-fuse read: decode error (efs_rc=-9) ino=139063 off=228843520 len=4096
efs-fuse read: decode error (efs_rc=-9) ino=101177 off=1033940992 len=4096
efs-fuse read: decode error (efs_rc=-9) ino=189339 off=1868038144 len=4096
efs-fuse read: decode error (efs_rc=-9) ino=209819 off=1628364800 len=4096
efs-fuse read: decode error (efs_rc=-9) ino=238361 off=1404506112 len=4096
inode-rpc: retry type=87 attempt=2 why=send
efs-fuse read: decode error (efs_rc=-9) ino=205723 off=680267776 len=4096
efs-fuse read: decode error (efs_rc=-9) ino=201627 off=799997952 len=4096
efs-fuse read: decode error (efs_rc=-9) ino=193435 off=1474695168 len=4096
efs-fuse read: decode error (efs_rc=-9) ino=197531 off=2878685184 len=4096
efs-fuse read: decode error (efs_rc=-9) ino=185243 off=2849701888 len=4096
efs-fuse read: decode error (efs_rc=-9) ino=92985 off=520507392 len=4096
efs-fuse read: decode error (efs_rc=-9) ino=353257 off=1589391360 len=4096
efs-fuse read: decode error (efs_rc=-9) ino=134967 off=38412288 len=4096
efs-fuse read: decode error (efs_rc=-9) ino=139063 off=231419904 len=4096
efs-fuse read: decode error (efs_rc=-9) ino=101177 off=1034076160 len=4096
inode-rpc: retry type=47 attempt=14 why=send
efs-fuse read: decode error (efs_rc=-9) ino=189339 off=1875292160 len=4096
inode-rpc: retry type=87 attempt=14 why=send
efs-fuse read: decode error (efs_rc=-9) ino=209819 off=1632047104 len=4096
efs-fuse read: decode error (efs_rc=-9) ino=238361 off=1412603904 len=4096
efs-fuse read: decode error (efs_rc=-9) ino=201627 off=806137856 len=4096
efs-fuse read: decode error (efs_rc=-9) ino=205723 off=683638784 len=4096
efs-fuse read: decode error (efs_rc=-9) ino=193435 off=1477824512 len=4096
efs-fuse read: decode error (efs_rc=-9) ino=197531 off=2888404992 len=4096
efs-fuse read: decode error (efs_rc=-9) ino=185243 off=2865344512 len=4096
efs-fuse read: decode error (efs_rc=-9) ino=92985 off=529125376 len=4096
efs-fuse read: decode error (efs_rc=-9) ino=353257 off=1637998592 len=4096
efs-fuse read: decode error (efs_rc=-9) ino=134967 off=42938368 len=4096
efs-fuse read: decode error (efs_rc=-9) ino=139063 off=235794432 len=4096
efs-fuse read: decode error (efs_rc=-9) ino=101177 off=1043116032 len=4096
efs-fuse read: decode error (efs_rc=-9) ino=189339 off=1882546176 len=4096
inode-rpc: retry type=47 attempt=14 why=send
inode-rpc: retry type=47 attempt=14 why=send
efs-fuse read: decode error (efs_rc=-9) ino=209819 off=1635729408 len=4096
efs-fuse read: decode error (efs_rc=-9) ino=238361 off=1419636736 len=4096
inode-rpc: retry type=87 attempt=3 why=send
efs-fuse read: decode error (efs_rc=-9) ino=201627 off=810700800 len=4096
efs-fuse read: decode error (efs_rc=-9) ino=205723 off=687009792 len=4096
efs-fuse read: decode error (efs_rc=-9) ino=193435 off=1493729280 len=4096
efs-fuse read: decode error (efs_rc=-9) ino=197531 off=2898124800 len=4096
efs-fuse read: decode error (efs_rc=-9) ino=185243 off=2880155648 len=4096
efs-fuse read: decode error (efs_rc=-9) ino=92985 off=537743360 len=4096
efs-fuse read: decode error (efs_rc=-9) ino=353257 off=1647165440 len=4096
efs-fuse read: decode error (efs_rc=-9) ino=139063 off=238370816 len=4096
efs-fuse read: decode error (efs_rc=-9) ino=101177 off=1052291072 len=4096
efs-fuse read: decode error (efs_rc=-9) ino=134967 off=47464448 len=4096
efs-fuse read: decode error (efs_rc=-9) ino=189339 off=1889800192 len=4096
efs-fuse read: decode error (efs_rc=-9) ino=209819 off=1639411712 len=4096
efs-fuse read: decode error (efs_rc=-9) ino=238361 off=1427734528 len=4096
efs-fuse read: decode error (efs_rc=-9) ino=201627 off=816840704 len=4096
efs-fuse read: decode error (efs_rc=-9) ino=205723 off=710057984 len=4096
efs-fuse read: decode error (efs_rc=-9) ino=193435 off=1496858624 len=4096
efs-fuse read: decode error (efs_rc=-9) ino=197531 off=2922962944 len=4096
efs-fuse read: decode error (efs_rc=-9) ino=185243 off=2895798272 len=4096
efs-fuse read: decode error (efs_rc=-9) ino=92985 off=546361344 len=4096
efs-fuse read: decode error (efs_rc=-9) ino=353257 off=1656332288 len=4096
efs-fuse read: decode error (efs_rc=-9) ino=101177 off=1061466112 len=4096
efs-fuse read: decode error (efs_rc=-9) ino=139063 off=242745344 len=4096
efs-fuse read: decode error (efs_rc=-9) ino=134967 off=51990528 len=4096
efs-fuse read: decode error (efs_rc=-9) ino=189339 off=1936084992 len=4096
efs-fuse read: decode error (efs_rc=-9) ino=209819 off=1643094016 len=4096
efs-fuse read: decode error (efs_rc=-9) ino=238361 off=1434767360 len=4096
efs-fuse read: decode error (efs_rc=-9) ino=205723 off=713428992 len=4096
efs-fuse read: decode error (efs_rc=-9) ino=201627 off=827543552 len=4096
efs-fuse read: decode error (efs_rc=-9) ino=193435 off=1515892736 len=4096
efs-fuse read: decode error (efs_rc=-9) ino=197531 off=2932682752 len=4096
efs-fuse read: decode error (efs_rc=-9) ino=185243 off=2910609408 len=4096
efs-fuse read: decode error (efs_rc=-9) ino=92985 off=554979328 len=4096
efs-fuse read: decode error (efs_rc=-9) ino=353257 off=1665499136 len=4096
efs-fuse read: decode error (efs_rc=-9) ino=139063 off=245321728 len=4096
efs-fuse read: decode error (efs_rc=-9) ino=101177 off=1070505984 len=4096
efs-fuse read: decode error (efs_rc=-9) ino=134967 off=109035520 len=4096
efs-fuse read: decode error (efs_rc=-9) ino=189339 off=1943339008 len=4096
efs-fuse read: decode error (efs_rc=-9) ino=209819 off=1646776320 len=4096
efs-fuse read: decode error (efs_rc=-9) ino=238361 off=1442865152 len=4096
efs-fuse read: decode error (efs_rc=-9) ino=205723 off=716800000 len=4096
efs-fuse read: decode error (efs_rc=-9) ino=201627 off=833683456 len=4096
efs-fuse read: decode error (efs_rc=-9) ino=193435 off=1519022080 len=4096
efs-fuse read: decode error (efs_rc=-9) ino=197531 off=2942402560 len=4096
efs-fuse read: decode error (efs_rc=-9) ino=185243 off=2911440896 len=4096
efs-fuse read: decode error (efs_rc=-9) ino=92985 off=563597312 len=4096
efs-fuse read: decode error (efs_rc=-9) ino=353257 off=1723273216 len=4096
efs-fuse read: decode error (efs_rc=-9) ino=139063 off=249696256 len=4096
efs-fuse read: decode error (efs_rc=-9) ino=101177 off=1070641152 len=4096
efs-fuse read: decode error (efs_rc=-9) ino=134967 off=113561600 len=4096
efs-fuse read: decode error (efs_rc=-9) ino=189339 off=1950593024 len=4096
efs-fuse read: decode error (efs_rc=-9) ino=209819 off=1650458624 len=4096
inode-rpc: retry type=87 attempt=4 why=send
efs-fuse read: decode error (efs_rc=-9) ino=238361 off=1449897984 len=4096
efs-fuse read: decode error (efs_rc=-9) ino=205723 off=720171008 len=4096
efs-fuse read: decode error (efs_rc=-9) ino=201627 off=844386304 len=4096
efs-fuse read: decode error (efs_rc=-9) ino=193435 off=1534926848 len=4096
efs-fuse read: decode error (efs_rc=-9) ino=197531 off=2952122368 len=4096
efs-fuse read: decode error (efs_rc=-9) ino=185243 off=2926252032 len=4096
efs-fuse read: decode error (efs_rc=-9) ino=92985 off=568377344 len=4096
efs-fuse read: decode error (efs_rc=-9) ino=353257 off=1732440064 len=4096
efs-fuse read: decode error (efs_rc=-9) ino=139063 off=252272640 len=4096
efs-fuse read: decode error (efs_rc=-9) ino=101177 off=1079681024 len=4096
efs-fuse read: decode error (efs_rc=-9) ino=134967 off=118087680 len=4096
efs-fuse read: decode error (efs_rc=-9) ino=189339 off=1957847040 len=4096
efs-fuse read: decode error (efs_rc=-9) ino=209819 off=1654140928 len=4096
efs-fuse read: decode error (efs_rc=-9) ino=238361 off=1457995776 len=4096
efs-fuse read: decode error (efs_rc=-9) ino=201627 off=850526208 len=4096
efs-fuse read: decode error (efs_rc=-9) ino=205723 off=723542016 len=4096
efs-fuse read: decode error (efs_rc=-9) ino=193435 off=1538056192 len=4096
efs-fuse read: decode error (efs_rc=-9) ino=197531 off=2976960512 len=4096
efs-fuse read: decode error (efs_rc=-9) ino=185243 off=2941063168 len=4096
efs-fuse read: decode error (efs_rc=-9) ino=92985 off=572215296 len=4096
efs-fuse read: decode error (efs_rc=-9) ino=353257 off=1741606912 len=4096
efs-fuse read: decode error (efs_rc=-9) ino=139063 off=256647168 len=4096
efs-fuse read: decode error (efs_rc=-9) ino=101177 off=1088856064 len=4096
efs-fuse read: decode error (efs_rc=-9) ino=189339 off=1965101056 len=4096
efs-fuse read: decode error (efs_rc=-9) ino=134967 off=122613760 len=4096
efs-fuse read: decode error (efs_rc=-9) ino=209819 off=1657823232 len=4096
efs-fuse read: decode error (efs_rc=-9) ino=238361 off=1465028608 len=4096
efs-fuse read: decode error (efs_rc=-9) ino=205723 off=749961216 len=4096
efs-fuse read: decode error (efs_rc=-9) ino=201627 off=855089152 len=4096
efs-fuse read: decode error (efs_rc=-9) ino=193435 off=1553960960 len=4096
efs-fuse read: decode error (efs_rc=-9) ino=197531 off=2986680320 len=4096
efs-fuse read: decode error (efs_rc=-9) ino=185243 off=2941894656 len=4096
efs-fuse read: decode error (efs_rc=-9) ino=92985 off=576995328 len=4096
efs-fuse read: decode error (efs_rc=-9) ino=353257 off=1750773760 len=4096
efs-fuse read: decode error (efs_rc=-9) ino=139063 off=259223552 len=4096
efs-fuse read: decode error (efs_rc=-9) ino=101177 off=1098031104 len=4096
inode-rpc: retry type=47 attempt=0 why=send
efs-fuse read: decode error (efs_rc=-9) ino=189339 off=1972355072 len=4096
efs-fuse read: decode error (efs_rc=-9) ino=134967 off=127139840 len=4096
inode-rpc: retry type=87 attempt=0 why=send
efs-fuse read: decode error (efs_rc=-9) ino=209819 off=1689980928 len=4096
efs-fuse read: decode error (efs_rc=-9) ino=238361 off=1473126400 len=4096
inode-rpc: retry type=47 attempt=1 why=send
efs-fuse read: decode error (efs_rc=-9) ino=205723 off=753332224 len=4096
efs-fuse read: decode error (efs_rc=-9) ino=201627 off=861229056 len=4096
efs-fuse read: decode error (efs_rc=-9) ino=193435 off=1557090304 len=4096
efs-fuse read: decode error (efs_rc=-9) ino=197531 off=2996400128 len=4096
efs-fuse read: decode error (efs_rc=-9) ino=185243 off=2956705792 len=4096
inode-rpc: retry type=87 attempt=1 why=send
efs-fuse read: decode error (efs_rc=-9) ino=92985 off=585613312 len=4096
efs-fuse read: decode error (efs_rc=-9) ino=353257 off=1799380992 len=4096
efs-fuse read: decode error (efs_rc=-9) ino=139063 off=261021696 len=4096
efs-fuse read: decode error (efs_rc=-9) ino=101177 off=1107070976 len=4096
inode-rpc: retry type=47 attempt=0 why=send
efs-fuse read: decode error (efs_rc=-9) ino=189339 off=1979609088 len=4096
efs-fuse read: decode error (efs_rc=-9) ino=134967 off=131665920 len=4096
efs-fuse read: decode error (efs_rc=-9) ino=209819 off=1697345536 len=4096
efs-fuse read: decode error (efs_rc=-9) ino=238361 off=1480159232 len=4096
inode-rpc: retry type=47 attempt=2 why=send
efs-fuse read: decode error (efs_rc=-9) ino=205723 off=756703232 len=4096
efs-fuse read: decode error (efs_rc=-9) ino=201627 off=871931904 len=4096
inode-rpc: retry type=47 attempt=1 why=send
efs-fuse read: decode error (efs_rc=-9) ino=193435 off=1576124416 len=4096
efs-fuse read: decode error (efs_rc=-9) ino=197531 off=3006119936 len=4096
efs-fuse read: decode error (efs_rc=-9) ino=185243 off=2972348416 len=4096
inode-rpc: retry type=87 attempt=2 why=send
efs-fuse read: decode error (efs_rc=-9) ino=92985 off=594231296 len=4096
efs-fuse read: decode error (efs_rc=-9) ino=353257 off=1808547840 len=4096
efs-fuse read: decode error (efs_rc=-9) ino=139063 off=263598080 len=4096
efs-fuse read: decode error (efs_rc=-9) ino=101177 off=1107206144 len=4096
efs-fuse read: decode error (efs_rc=-9) ino=189339 off=1986863104 len=4096
efs-fuse read: decode error (efs_rc=-9) ino=134967 off=136192000 len=4096
efs-fuse read: decode error (efs_rc=-9) ino=209819 off=1701027840 len=4096
efs-fuse read: decode error (efs_rc=-9) ino=238361 off=1495289856 len=4096
efs-fuse read: decode error (efs_rc=-9) ino=205723 off=763445248 len=4096
efs-fuse read: decode error (efs_rc=-9) ino=201627 off=878071808 len=4096
inode-rpc: retry type=47 attempt=2 why=send
efs-fuse read: decode error (efs_rc=-9) ino=193435 off=1579253760 len=4096
efs-fuse read: decode error (efs_rc=-9) ino=197531 off=3030958080 len=4096
efs-fuse read: decode error (efs_rc=-9) ino=185243 off=2987159552 len=4096
efs-fuse read: decode error (efs_rc=-9) ino=92985 off=602849280 len=4096
efs-fuse read: decode error (efs_rc=-9) ino=353257 off=1817714688 len=4096
efs-fuse read: decode error (efs_rc=-9) ino=139063 off=266174464 len=4096
efs-fuse read: decode error (efs_rc=-9) ino=101177 off=1116246016 len=4096
efs-fuse read: decode error (efs_rc=-9) ino=189339 off=1994117120 len=4096
efs-fuse read: decode error (efs_rc=-9) ino=134967 off=140718080 len=4096
efs-fuse read: decode error (efs_rc=-9) ino=209819 off=1704710144 len=4096
efs-fuse read: decode error (efs_rc=-9) ino=238361 off=1503387648 len=4096
inode-rpc: retry type=47 attempt=3 why=send
efs-fuse read: decode error (efs_rc=-9) ino=205723 off=789864448 len=4096
efs-fuse read: decode error (efs_rc=-9) ino=201627 off=888774656 len=4096
efs-fuse read: decode error (efs_rc=-9) ino=193435 off=1595158528 len=4096
efs-fuse read: decode error (efs_rc=-9) ino=197531 off=3040677888 len=4096
inode-rpc: retry type=87 attempt=3 why=send
efs-fuse read: decode error (efs_rc=-9) ino=185243 off=3002802176 len=4096
efs-fuse read: decode error (efs_rc=-9) ino=92985 off=611467264 len=4096
efs-fuse read: decode error (efs_rc=-9) ino=353257 off=1826881536 len=4096
efs-fuse read: decode error (efs_rc=-9) ino=101177 off=1125421056 len=4096
efs-fuse read: decode error (efs_rc=-9) ino=139063 off=267972608 len=4096
efs-fuse read: decode error (efs_rc=-9) ino=189339 off=2001371136 len=4096
efs-fuse read: decode error (efs_rc=-9) ino=134967 off=145244160 len=4096
efs-fuse read: decode error (efs_rc=-9) ino=209819 off=1708392448 len=4096
efs-fuse read: decode error (efs_rc=-9) ino=238361 off=1510420480 len=4096
efs-fuse read: decode error (efs_rc=-9) ino=205723 off=793235456 len=4096
efs-fuse read: decode error (efs_rc=-9) ino=201627 off=894914560 len=4096
inode-rpc: retry type=47 attempt=3 why=send
efs-fuse read: decode error (efs_rc=-9) ino=193435 off=1598287872 len=4096
efs-fuse read: decode error (efs_rc=-9) ino=197531 off=3050397696 len=4096
efs-fuse read: decode error (efs_rc=-9) ino=185243 off=3017613312 len=4096
efs-fuse read: decode error (efs_rc=-9) ino=92985 off=620085248 len=4096
efs-fuse read: decode error (efs_rc=-9) ino=353257 off=1884655616 len=4096
efs-fuse read: decode error (efs_rc=-9) ino=101177 off=1134460928 len=4096
efs-fuse read: decode error (efs_rc=-9) ino=139063 off=270548992 len=4096
efs-fuse read: decode error (efs_rc=-9) ino=189339 off=2008625152 len=4096
efs-fuse read: decode error (efs_rc=-9) ino=134967 off=149770240 len=4096
inode-rpc: retry type=87 attempt=5 why=send
efs-fuse read: decode error (efs_rc=-9) ino=209819 off=1712074752 len=4096
efs-fuse read: decode error (efs_rc=-9) ino=238361 off=1518518272 len=4096
efs-fuse read: decode error (efs_rc=-9) ino=205723 off=796606464 len=4096
efs-fuse read: decode error (efs_rc=-9) ino=201627 off=899477504 len=4096
efs-fuse read: decode error (efs_rc=-9) ino=193435 off=1617321984 len=4096
efs-fuse read: decode error (efs_rc=-9) ino=197531 off=3060117504 len=4096
efs-fuse read: decode error (efs_rc=-9) ino=185243 off=3018444800 len=4096
efs-fuse read: decode error (efs_rc=-9) ino=92985 off=624865280 len=4096
efs-fuse read: decode error (efs_rc=-9) ino=353257 off=1893822464 len=4096
efs-fuse read: decode error (efs_rc=-9) ino=101177 off=1134596096 len=4096
efs-fuse read: decode error (efs_rc=-9) ino=139063 off=274923520 len=4096
efs-fuse read: decode error (efs_rc=-9) ino=189339 off=2047655936 len=4096
efs-fuse read: decode error (efs_rc=-9) ino=134967 off=154296320 len=4096
efs-fuse read: decode error (efs_rc=-9) ino=209819 off=1715757056 len=4096
efs-fuse read: decode error (efs_rc=-9) ino=238361 off=1525551104 len=4096
efs-fuse read: decode error (efs_rc=-9) ino=205723 off=799977472 len=4096
efs-fuse read: decode error (efs_rc=-9) ino=201627 off=905617408 len=4096
efs-fuse read: decode error (efs_rc=-9) ino=193435 off=1620451328 len=4096
efs-fuse read: decode error (efs_rc=-9) ino=197531 off=3084955648 len=4096
efs-fuse read: decode error (efs_rc=-9) ino=185243 off=3033255936 len=4096
efs-fuse read: decode error (efs_rc=-9) ino=92985 off=628703232 len=4096
efs-fuse read: decode error (efs_rc=-9) ino=353257 off=1902989312 len=4096
efs-fuse read: decode error (efs_rc=-9) ino=101177 off=1143635968 len=4096
efs-fuse read: decode error (efs_rc=-9) ino=139063 off=277499904 len=4096
efs-fuse read: decode error (efs_rc=-9) ino=189339 off=2054909952 len=4096
efs-fuse read: decode error (efs_rc=-9) ino=134967 off=158822400 len=4096
efs-fuse read: decode error (efs_rc=-9) ino=209819 off=1719439360 len=4096
inode-rpc: retry type=47 attempt=4 why=send
efs-fuse read: decode error (efs_rc=-9) ino=238361 off=1533648896 len=4096
efs-fuse read: decode error (efs_rc=-9) ino=205723 off=803348480 len=4096
efs-fuse read: decode error (efs_rc=-9) ino=201627 off=916320256 len=4096
efs-fuse read: decode error (efs_rc=-9) ino=193435 off=1636356096 len=4096
efs-fuse read: decode error (efs_rc=-9) ino=197531 off=3094675456 len=4096
inode-rpc: retry type=87 attempt=4 why=send
efs-fuse read: decode error (efs_rc=-9) ino=185243 off=5861376 len=4096
efs-fuse read: decode error (efs_rc=-9) ino=92985 off=633483264 len=4096
efs-fuse read: decode error (efs_rc=-9) ino=353257 off=1912156160 len=4096
efs-fuse read: decode error (efs_rc=-9) ino=101177 off=1152811008 len=4096
efs-fuse read: decode error (efs_rc=-9) ino=139063 off=281874432 len=4096
efs-fuse read: decode error (efs_rc=-9) ino=189339 off=2062163968 len=4096
efs-fuse read: decode error (efs_rc=-9) ino=134967 off=163348480 len=4096
efs-fuse read: decode error (efs_rc=-9) ino=209819 off=1723121664 len=4096
efs-fuse read: decode error (efs_rc=-9) ino=238361 off=1540681728 len=4096
inode-rpc: retry type=47 attempt=4 why=send
efs-fuse read: decode error (efs_rc=-9) ino=205723 off=829767680 len=4096
efs-fuse read: decode error (efs_rc=-9) ino=201627 off=922460160 len=4096
efs-fuse read: decode error (efs_rc=-9) ino=193435 off=1639485440 len=4096
efs-fuse read: decode error (efs_rc=-9) ino=197531 off=3104395264 len=4096
efs-fuse read: decode error (efs_rc=-9) ino=185243 off=20672512 len=4096
efs-fuse read: decode error (efs_rc=-9) ino=92985 off=642101248 len=4096
efs-fuse read: decode error (efs_rc=-9) ino=353257 off=1960763392 len=4096
efs-fuse read: decode error (efs_rc=-9) ino=101177 off=1161986048 len=4096
efs-fuse read: decode error (efs_rc=-9) ino=139063 off=284450816 len=4096
efs-fuse read: decode error (efs_rc=-9) ino=189339 off=2069417984 len=4096
efs-fuse read: decode error (efs_rc=-9) ino=134967 off=220393472 len=4096
efs-fuse read: decode error (efs_rc=-9) ino=209819 off=1755279360 len=4096
efs-fuse read: decode error (efs_rc=-9) ino=238361 off=1548779520 len=4096
efs-fuse read: decode error (efs_rc=-9) ino=205723 off=836509696 len=4096
efs-fuse read: decode error (efs_rc=-9) ino=201627 off=933163008 len=4096
efs-fuse read: decode error (efs_rc=-9) ino=193435 off=1655390208 len=4096
efs-fuse read: decode error (efs_rc=-9) ino=197531 off=3114115072 len=4096
efs-fuse read: decode error (efs_rc=-9) ino=185243 off=21504000 len=4096
efs-fuse read: decode error (efs_rc=-9) ino=92985 off=650719232 len=4096
efs-fuse read: decode error (efs_rc=-9) ino=353257 off=1969930240 len=4096
efs-fuse read: decode error (efs_rc=-9) ino=101177 off=1171025920 len=4096
efs-fuse read: decode error (efs_rc=-9) ino=139063 off=288825344 len=4096
efs-fuse read: decode error (efs_rc=-9) ino=189339 off=2076672000 len=4096
efs-fuse read: decode error (efs_rc=-9) ino=134967 off=224919552 len=4096
efs-fuse read: decode error (efs_rc=-9) ino=209819 off=36409344 len=4096
efs-fuse read: decode error (efs_rc=-9) ino=238361 off=7585792 len=4096
efs-fuse read: decode error (efs_rc=-9) ino=205723 off=839880704 len=4096
efs-fuse read: decode error (efs_rc=-9) ino=201627 off=939302912 len=4096
efs-fuse read: decode error (efs_rc=-9) ino=193435 off=1658519552 len=4096
efs-fuse read: decode error (efs_rc=-9) ino=197531 off=3138953216 len=4096
efs-fuse read: decode error (efs_rc=-9) ino=185243 off=36315136 len=4096
efs-fuse read: decode error (efs_rc=-9) ino=92985 off=659337216 len=4096
efs-fuse read: decode error (efs_rc=-9) ino=353257 off=1979097088 len=4096
efs-fuse read: decode error (efs_rc=-9) ino=101177 off=1171161088 len=4096
efs-fuse read: decode error (efs_rc=-9) ino=139063 off=291401728 len=4096
efs-fuse read: decode error (efs_rc=-9) ino=189339 off=2083926016 len=4096
efs-fuse read: decode error (efs_rc=-9) ino=134967 off=229445632 len=4096
efs-fuse read: decode error (efs_rc=-9) ino=209819 off=40091648 len=4096
efs-fuse read: decode error (efs_rc=-9) ino=205723 off=843251712 len=4096
efs-fuse read: decode error (efs_rc=-9) ino=238361 off=14618624 len=4096
efs-fuse read: decode error (efs_rc=-9) ino=201627 off=943865856 len=4096
efs-fuse read: decode error (efs_rc=-9) ino=193435 off=1677553664 len=4096
efs-fuse read: decode error (efs_rc=-9) ino=197531 off=3148673024 len=4096
efs-fuse read: decode error (efs_rc=-9) ino=185243 off=51957760 len=4096
efs-fuse read: decode error (efs_rc=-9) ino=353257 off=1988263936 len=4096
efs-fuse read: decode error (efs_rc=-9) ino=92985 off=667955200 len=4096
efs-fuse read: decode error (efs_rc=-9) ino=101177 off=1180200960 len=4096
efs-fuse read: decode error (efs_rc=-9) ino=139063 off=295776256 len=4096
efs-fuse read: decode error (efs_rc=-9) ino=189339 off=2091180032 len=4096
efs-fuse read: decode error (efs_rc=-9) ino=134967 off=233971712 len=4096
efs-fuse read: decode error (efs_rc=-9) ino=209819 off=43773952 len=4096
efs-fuse read: decode error (efs_rc=-9) ino=205723 off=866299904 len=4096
efs-fuse read: decode error (efs_rc=-9) ino=201627 off=950005760 len=4096
efs-fuse read: decode error (efs_rc=-9) ino=238361 off=22716416 len=4096
efs-fuse read: decode error (efs_rc=-9) ino=193435 off=1680683008 len=4096
efs-fuse read: decode error (efs_rc=-9) ino=197531 off=3158392832 len=4096
efs-fuse read: decode error (efs_rc=-9) ino=353257 off=2046038016 len=4096
efs-fuse read: decode error (efs_rc=-9) ino=92985 off=676573184 len=4096
efs-fuse read: decode error (efs_rc=-9) ino=185243 off=66768896 len=4096
efs-fuse read: decode error (efs_rc=-9) ino=101177 off=1189376000 len=4096
efs-fuse read: decode error (efs_rc=-9) ino=139063 off=298352640 len=4096
efs-fuse read: decode error (efs_rc=-9) ino=189339 off=2098434048 len=4096
inode-rpc: retry type=87 attempt=6 why=send
efs-fuse read: decode error (efs_rc=-9) ino=134967 off=238497792 len=4096
efs-fuse read: decode error (efs_rc=-9) ino=209819 off=47456256 len=4096
efs-fuse read: decode error (efs_rc=-9) ino=205723 off=869670912 len=4096
efs-fuse read: decode error (efs_rc=-9) ino=201627 off=960708608 len=4096
efs-fuse read: decode error (efs_rc=-9) ino=193435 off=1696587776 len=4096
efs-fuse read: decode error (efs_rc=-9) ino=238361 off=29749248 len=4096
efs-fuse read: decode error (efs_rc=-9) ino=197531 off=1695744 len=4096
efs-fuse read: decode error (efs_rc=-9) ino=92985 off=681353216 len=4096
efs-fuse read: decode error (efs_rc=-9) ino=353257 off=2055204864 len=4096
efs-fuse read: decode error (efs_rc=-9) ino=185243 off=82411520 len=4096
efs-fuse read: decode error (efs_rc=-9) ino=139063 off=302727168 len=4096
efs-fuse read: decode error (efs_rc=-9) ino=101177 off=1198551040 len=4096
efs-fuse read: decode error (efs_rc=-9) ino=189339 off=2105688064 len=4096
efs-fuse read: decode error (efs_rc=-9) ino=134967 off=243023872 len=4096
efs-fuse read: decode error (efs_rc=-9) ino=209819 off=51138560 len=4096
efs-fuse read: decode error (efs_rc=-9) ino=205723 off=873041920 len=4096
efs-fuse read: decode error (efs_rc=-9) ino=201627 off=966848512 len=4096
efs-fuse read: decode error (efs_rc=-9) ino=193435 off=1699717120 len=4096
efs-fuse read: decode error (efs_rc=-9) ino=238361 off=37847040 len=4096
efs-fuse read: decode error (efs_rc=-9) ino=197531 off=26533888 len=4096
efs-fuse read: decode error (efs_rc=-9) ino=92985 off=689971200 len=4096
efs-fuse read: decode error (efs_rc=-9) ino=353257 off=2064371712 len=4096
efs-fuse read: decode error (efs_rc=-9) ino=185243 off=97222656 len=4096
efs-fuse read: decode error (efs_rc=-9) ino=139063 off=305303552 len=4096
efs-fuse read: decode error (efs_rc=-9) ino=101177 off=1207590912 len=4096
efs-fuse read: decode error (efs_rc=-9) ino=189339 off=2112942080 len=4096
inode-rpc: retry type=47 attempt=5 why=send
efs-fuse read: decode error (efs_rc=-9) ino=134967 off=247549952 len=4096
efs-fuse read: decode error (efs_rc=-9) ino=209819 off=54820864 len=4096
efs-fuse read: decode error (efs_rc=-9) ino=205723 off=876412928 len=4096
efs-fuse read: decode error (efs_rc=-9) ino=201627 off=977551360 len=4096
efs-fuse read: decode error (efs_rc=-9) ino=193435 off=1715621888 len=4096
inode-rpc: retry type=87 attempt=5 why=send
efs-fuse read: decode error (efs_rc=-9) ino=238361 off=44879872 len=4096
efs-fuse read: decode error (efs_rc=-9) ino=197531 off=36253696 len=4096
efs-fuse read: decode error (efs_rc=-9) ino=92985 off=698589184 len=4096
efs-fuse read: decode error (efs_rc=-9) ino=353257 off=2073538560 len=4096
efs-fuse read: decode error (efs_rc=-9) ino=185243 off=98054144 len=4096
efs-fuse read: decode error (efs_rc=-9) ino=139063 off=309678080 len=4096
efs-fuse read: decode error (efs_rc=-9) ino=101177 off=1207726080 len=4096
efs-fuse read: decode error (efs_rc=-9) ino=189339 off=2120196096 len=4096
inode-rpc: retry type=47 attempt=5 why=send
efs-fuse read: decode error (efs_rc=-9) ino=134967 off=252076032 len=4096
efs-fuse read: decode error (efs_rc=-9) ino=209819 off=58503168 len=4096
efs-fuse read: decode error (efs_rc=-9) ino=205723 off=879783936 len=4096
efs-fuse read: decode error (efs_rc=-9) ino=201627 off=983691264 len=4096
efs-fuse read: decode error (efs_rc=-9) ino=193435 off=1737785344 len=4096
efs-fuse read: decode error (efs_rc=-9) ino=238361 off=52977664 len=4096
efs-fuse read: decode error (efs_rc=-9) ino=197531 off=45973504 len=4096
efs-fuse read: decode error (efs_rc=-9) ino=92985 off=707207168 len=4096
efs-fuse read: decode error (efs_rc=-9) ino=353257 off=2122145792 len=4096
efs-fuse read: decode error (efs_rc=-9) ino=185243 off=112865280 len=4096
efs-fuse read: decode error (efs_rc=-9) ino=139063 off=312254464 len=4096
efs-fuse read: decode error (efs_rc=-9) ino=101177 off=1216765952 len=4096
efs-fuse read: decode error (efs_rc=-9) ino=189339 off=2127450112 len=4096
efs-fuse read: decode error (efs_rc=-9) ino=134967 off=256602112 len=4096
efs-fuse read: decode error (efs_rc=-9) ino=205723 off=906203136 len=4096
efs-fuse read: decode error (efs_rc=-9) ino=201627 off=988254208 len=4096
efs-fuse read: decode error (efs_rc=-9) ino=209819 off=98025472 len=4096
efs-fuse read: decode error (efs_rc=-9) ino=193435 off=1740914688 len=4096
efs-fuse read: decode error (efs_rc=-9) ino=238361 off=60010496 len=4096
efs-fuse read: decode error (efs_rc=-9) ino=197531 off=55693312 len=4096
efs-fuse read: decode error (efs_rc=-9) ino=92985 off=715825152 len=4096
efs-fuse read: decode error (efs_rc=-9) ino=353257 off=2131312640 len=4096
efs-fuse read: decode error (efs_rc=-9) ino=185243 off=127676416 len=4096
efs-fuse read: decode error (efs_rc=-9) ino=139063 off=314052608 len=4096
efs-fuse read: decode error (efs_rc=-9) ino=101177 off=1225940992 len=4096
efs-fuse read: decode error (efs_rc=-9) ino=189339 off=2166480896 len=4096
efs-fuse read: decode error (efs_rc=-9) ino=134967 off=261128192 len=4096
efs-fuse read: decode error (efs_rc=-9) ino=205723 off=909574144 len=4096
efs-fuse read: decode error (efs_rc=-9) ino=201627 off=994394112 len=4096
efs-fuse read: decode error (efs_rc=-9) ino=193435 off=1756819456 len=4096
efs-fuse read: decode error (efs_rc=-9) ino=209819 off=101707776 len=4096
efs-fuse read: decode error (efs_rc=-9) ino=238361 off=68108288 len=4096
efs-fuse read: decode error (efs_rc=-9) ino=197531 off=80531456 len=4096
efs-fuse read: decode error (efs_rc=-9) ino=92985 off=724443136 len=4096
efs-fuse read: decode error (efs_rc=-9) ino=353257 off=2140479488 len=4096
efs-fuse read: decode error (efs_rc=-9) ino=185243 off=128507904 len=4096
efs-fuse read: decode error (efs_rc=-9) ino=101177 off=1234980864 len=4096
efs-fuse read: decode error (efs_rc=-9) ino=139063 off=316628992 len=4096
efs-fuse read: decode error (efs_rc=-9) ino=189339 off=2173734912 len=4096
efs-fuse read: decode error (efs_rc=-9) ino=134967 off=265654272 len=4096
efs-fuse read: decode error (efs_rc=-9) ino=205723 off=912945152 len=4096
efs-fuse read: decode error (efs_rc=-9) ino=201627 off=1005096960 len=4096
efs-fuse read: decode error (efs_rc=-9) ino=193435 off=1759948800 len=4096
efs-fuse read: decode error (efs_rc=-9) ino=209819 off=105390080 len=4096
efs-fuse read: decode error (efs_rc=-9) ino=238361 off=75141120 len=4096
efs-fuse read: decode error (efs_rc=-9) ino=197531 off=90251264 len=4096
efs-fuse read: decode error (efs_rc=-9) ino=353257 off=2149646336 len=4096
efs-fuse read: decode error (efs_rc=-9) ino=92985 off=729223168 len=4096
efs-fuse read: decode error (efs_rc=-9) ino=185243 off=143319040 len=4096
efs-fuse read: decode error (efs_rc=-9) ino=101177 off=1235116032 len=4096
efs-fuse read: decode error (efs_rc=-9) ino=139063 off=321003520 len=4096
efs-fuse read: decode error (efs_rc=-9) ino=189339 off=2180988928 len=4096
efs-fuse read: decode error (efs_rc=-9) ino=205723 off=916316160 len=4096
efs-fuse read: decode error (efs_rc=-9) ino=134967 off=270180352 len=4096
efs-fuse read: decode error (efs_rc=-9) ino=201627 off=1011236864 len=4096
efs-fuse read: decode error (efs_rc=-9) ino=193435 off=1778982912 len=4096
efs-fuse read: decode error (efs_rc=-9) ino=209819 off=109072384 len=4096
efs-fuse read: decode error (efs_rc=-9) ino=238361 off=83238912 len=4096
efs-fuse read: decode error (efs_rc=-9) ino=197531 off=99971072 len=4096
efs-fuse read: decode error (efs_rc=-9) ino=353257 off=2207420416 len=4096
efs-fuse read: decode error (efs_rc=-9) ino=92985 off=733061120 len=4096
efs-fuse read: decode error (efs_rc=-9) ino=185243 off=158961664 len=4096
efs-fuse read: decode error (efs_rc=-9) ino=101177 off=1244155904 len=4096
efs-fuse read: decode error (efs_rc=-9) ino=139063 off=323579904 len=4096
efs-fuse read: decode error (efs_rc=-9) ino=189339 off=2188242944 len=4096
inode-rpc: retry type=87 attempt=7 why=send
efs-fuse read: decode error (efs_rc=-9) ino=205723 off=919687168 len=4096
efs-fuse read: decode error (efs_rc=-9) ino=193435 off=1782112256 len=4096
efs-fuse read: decode error (efs_rc=-9) ino=201627 off=1021939712 len=4096
efs-fuse read: decode error (efs_rc=-9) ino=134967 off=274706432 len=4096
efs-fuse read: decode error (efs_rc=-9) ino=209819 off=112754688 len=4096
efs-fuse read: decode error (efs_rc=-9) ino=238361 off=90271744 len=4096
efs-fuse read: decode error (efs_rc=-9) ino=197531 off=109690880 len=4096
efs-fuse read: decode error (efs_rc=-9) ino=353257 off=2216587264 len=4096
efs-fuse read: decode error (efs_rc=-9) ino=92985 off=737841152 len=4096
efs-fuse read: decode error (efs_rc=-9) ino=101177 off=1253330944 len=4096
efs-fuse read: decode error (efs_rc=-9) ino=139063 off=327954432 len=4096
efs-fuse read: decode error (efs_rc=-9) ino=185243 off=173772800 len=4096
efs-fuse read: decode error (efs_rc=-9) ino=189339 off=2202750976 len=4096
efs-fuse read: decode error (efs_rc=-9) ino=205723 off=946106368 len=4096
efs-fuse read: decode error (efs_rc=-9) ino=193435 off=1798017024 len=4096
efs-fuse read: decode error (efs_rc=-9) ino=201627 off=1028079616 len=4096
efs-fuse read: decode error (efs_rc=-9) ino=134967 off=331751424 len=4096
efs-fuse read: decode error (efs_rc=-9) ino=209819 off=116436992 len=4096
efs-fuse read: decode error (efs_rc=-9) ino=238361 off=98369536 len=4096
efs-fuse read: decode error (efs_rc=-9) ino=353257 off=2225754112 len=4096
efs-fuse read: decode error (efs_rc=-9) ino=92985 off=746459136 len=4096
efs-fuse read: decode error (efs_rc=-9) ino=197531 off=134529024 len=4096
efs-fuse read: decode error (efs_rc=-9) ino=101177 off=1262505984 len=4096
efs-fuse read: decode error (efs_rc=-9) ino=139063 off=330530816 len=4096
efs-fuse read: decode error (efs_rc=-9) ino=185243 off=189415424 len=4096
efs-fuse read: decode error (efs_rc=-9) ino=189339 off=2210004992 len=4096
inode-rpc: retry type=47 attempt=6 why=send
efs-fuse read: decode error (efs_rc=-9) ino=205723 off=949477376 len=4096
inode-rpc: retry type=87 attempt=6 why=send
efs-fuse read: decode error (efs_rc=-9) ino=193435 off=1801146368 len=4096
efs-fuse read: decode error (efs_rc=-9) ino=201627 off=1032642560 len=4096
efs-fuse read: decode error (efs_rc=-9) ino=134967 off=336277504 len=4096
efs-fuse read: decode error (efs_rc=-9) ino=209819 off=120119296 len=4096
efs-fuse read: decode error (efs_rc=-9) ino=238361 off=105402368 len=4096
efs-fuse read: decode error (efs_rc=-9) ino=353257 off=2234920960 len=4096
efs-fuse read: decode error (efs_rc=-9) ino=92985 off=755077120 len=4096
efs-fuse read: decode error (efs_rc=-9) ino=197531 off=144248832 len=4096
efs-fuse read: decode error (efs_rc=-9) ino=101177 off=1271545856 len=4096
efs-fuse read: decode error (efs_rc=-9) ino=139063 off=334905344 len=4096
efs-fuse read: decode error (efs_rc=-9) ino=185243 off=204226560 len=4096
efs-fuse read: decode error (efs_rc=-9) ino=189339 off=2217259008 len=4096
inode-rpc: retry type=47 attempt=6 why=send
efs-fuse read: decode error (efs_rc=-9) ino=205723 off=952848384 len=4096
efs-fuse read: decode error (efs_rc=-9) ino=193435 off=1817051136 len=4096
efs-fuse read: decode error (efs_rc=-9) ino=201627 off=1038782464 len=4096
efs-fuse read: decode error (efs_rc=-9) ino=134967 off=340803584 len=4096
efs-fuse read: decode error (efs_rc=-9) ino=209819 off=123801600 len=4096
efs-fuse read: decode error (efs_rc=-9) ino=353257 off=2283528192 len=4096
efs-fuse read: decode error (efs_rc=-9) ino=238361 off=113500160 len=4096
efs-fuse read: decode error (efs_rc=-9) ino=92985 off=763695104 len=4096
efs-fuse read: decode error (efs_rc=-9) ino=197531 off=153968640 len=4096
efs-fuse read: decode error (efs_rc=-9) ino=139063 off=337481728 len=4096
efs-fuse read: decode error (efs_rc=-9) ino=101177 off=1271681024 len=4096
efs-fuse read: decode error (efs_rc=-9) ino=185243 off=205058048 len=4096
efs-fuse read: decode error (efs_rc=-9) ino=189339 off=2224513024 len=4096
efs-fuse read: decode error (efs_rc=-9) ino=205723 off=956219392 len=4096
efs-fuse read: decode error (efs_rc=-9) ino=201627 off=1049485312 len=4096
efs-fuse read: decode error (efs_rc=-9) ino=193435 off=1820180480 len=4096
efs-fuse read: decode error (efs_rc=-9) ino=134967 off=345329664 len=4096
efs-fuse read: decode error (efs_rc=-9) ino=209819 off=163323904 len=4096
efs-fuse read: decode error (efs_rc=-9) ino=353257 off=2292695040 len=4096
efs-fuse read: decode error (efs_rc=-9) ino=92985 off=772313088 len=4096
efs-fuse read: decode error (efs_rc=-9) ino=238361 off=120532992 len=4096
efs-fuse read: decode error (efs_rc=-9) ino=197531 off=163688448 len=4096
efs-fuse read: decode error (efs_rc=-9) ino=139063 off=341856256 len=4096
efs-fuse read: decode error (efs_rc=-9) ino=101177 off=1280720896 len=4096
efs-fuse read: decode error (efs_rc=-9) ino=185243 off=219869184 len=4096
efs-fuse read: decode error (efs_rc=-9) ino=189339 off=2231767040 len=4096
efs-fuse read: decode error (efs_rc=-9) ino=205723 off=959590400 len=4096
efs-fuse read: decode error (efs_rc=-9) ino=193435 off=1839214592 len=4096
efs-fuse read: decode error (efs_rc=-9) ino=201627 off=1055625216 len=4096
efs-fuse read: decode error (efs_rc=-9) ino=134967 off=349855744 len=4096
efs-fuse read: decode error (efs_rc=-9) ino=209819 off=167006208 len=4096
efs-fuse read: decode error (efs_rc=-9) ino=353257 off=2301861888 len=4096
efs-fuse read: decode error (efs_rc=-9) ino=92985 off=780931072 len=4096
efs-fuse read: decode error (efs_rc=-9) ino=238361 off=128630784 len=4096
efs-fuse read: decode error (efs_rc=-9) ino=197531 off=188526592 len=4096
efs-fuse read: decode error (efs_rc=-9) ino=139063 off=344432640 len=4096
efs-fuse read: decode error (efs_rc=-9) ino=101177 off=1289895936 len=4096
efs-fuse read: decode error (efs_rc=-9) ino=185243 off=234680320 len=4096
efs-fuse read: decode error (efs_rc=-9) ino=189339 off=2239021056 len=4096
efs-fuse read: decode error (efs_rc=-9) ino=205723 off=986009600 len=4096
efs-fuse read: decode error (efs_rc=-9) ino=201627 off=1066328064 len=4096
efs-fuse read: decode error (efs_rc=-9) ino=193435 off=1842343936 len=4096
efs-fuse read: decode error (efs_rc=-9) ino=134967 off=354381824 len=4096
efs-fuse read: decode error (efs_rc=-9) ino=209819 off=170688512 len=4096
efs-fuse read: decode error (efs_rc=-9) ino=353257 off=2311028736 len=4096
efs-fuse read: decode error (efs_rc=-9) ino=92985 off=785711104 len=4096
efs-fuse read: decode error (efs_rc=-9) ino=238361 off=135663616 len=4096
efs-fuse read: decode error (efs_rc=-9) ino=197531 off=198246400 len=4096
efs-fuse read: decode error (efs_rc=-9) ino=139063 off=348807168 len=4096
efs-fuse read: decode error (efs_rc=-9) ino=101177 off=1299070976 len=4096
efs-fuse read: decode error (efs_rc=-9) ino=185243 off=235511808 len=4096
efs-fuse read: decode error (efs_rc=-9) ino=189339 off=2278051840 len=4096
efs-fuse read: decode error (efs_rc=-9) ino=205723 off=989380608 len=4096
efs-fuse read: decode error (efs_rc=-9) ino=201627 off=1072467968 len=4096
efs-fuse read: decode error (efs_rc=-9) ino=193435 off=1858248704 len=4096
efs-fuse read: decode error (efs_rc=-9) ino=134967 off=358907904 len=4096
efs-fuse read: decode error (efs_rc=-9) ino=209819 off=174370816 len=4096
efs-fuse read: decode error (efs_rc=-9) ino=353257 off=2368802816 len=4096
efs-fuse read: decode error (efs_rc=-9) ino=92985 off=789549056 len=4096
efs-fuse read: decode error (efs_rc=-9) ino=238361 off=150794240 len=4096
efs-fuse read: decode error (efs_rc=-9) ino=197531 off=207966208 len=4096
efs-fuse read: decode error (efs_rc=-9) ino=139063 off=351383552 len=4096
efs-fuse read: decode error (efs_rc=-9) ino=101177 off=1308110848 len=4096
efs-fuse read: decode error (efs_rc=-9) ino=189339 off=2285305856 len=4096
inode-rpc: retry type=87 attempt=8 why=send
efs-fuse read: decode error (efs_rc=-9) ino=185243 off=250322944 len=4096
efs-fuse read: decode error (efs_rc=-9) ino=205723 off=992751616 len=4096
efs-fuse read: decode error (efs_rc=-9) ino=201627 off=1077030912 len=4096
efs-fuse read: decode error (efs_rc=-9) ino=193435 off=1861378048 len=4096
efs-fuse read: decode error (efs_rc=-9) ino=134967 off=363433984 len=4096
efs-fuse read: decode error (efs_rc=-9) ino=353257 off=2377969664 len=4096
efs-fuse read: decode error (efs_rc=-9) ino=209819 off=178053120 len=4096
efs-fuse read: decode error (efs_rc=-9) ino=92985 off=794329088 len=4096
efs-fuse read: decode error (efs_rc=-9) ino=238361 off=158892032 len=4096
efs-fuse read: decode error (efs_rc=-9) ino=197531 off=217686016 len=4096
efs-fuse read: decode error (efs_rc=-9) ino=139063 off=358334464 len=4096
efs-fuse read: decode error (efs_rc=-9) ino=101177 off=1308246016 len=4096
efs-fuse read: decode error (efs_rc=-9) ino=189339 off=2292559872 len=4096
efs-fuse read: decode error (efs_rc=-9) ino=185243 off=265965568 len=4096
efs-fuse read: decode error (efs_rc=-9) ino=205723 off=996122624 len=4096
efs-fuse read: decode error (efs_rc=-9) ino=201627 off=1083170816 len=4096
efs-fuse read: decode error (efs_rc=-9) ino=193435 off=1880412160 len=4096
efs-fuse read: decode error (efs_rc=-9) ino=134967 off=367960064 len=4096
efs-fuse read: decode error (efs_rc=-9) ino=353257 off=2387136512 len=4096
efs-fuse read: decode error (efs_rc=-9) ino=92985 off=802947072 len=4096
efs-fuse read: decode error (efs_rc=-9) ino=209819 off=181735424 len=4096
efs-fuse read: decode error (efs_rc=-9) ino=238361 off=165924864 len=4096
efs-fuse read: decode error (efs_rc=-9) ino=197531 off=227405824 len=4096
efs-fuse read: decode error (efs_rc=-9) ino=101177 off=1317285888 len=4096
efs-fuse read: decode error (efs_rc=-9) ino=139063 off=360132608 len=4096
efs-fuse read: decode error (efs_rc=-9) ino=189339 off=2299813888 len=4096
efs-fuse read: decode error (efs_rc=-9) ino=185243 off=280776704 len=4096
inode-rpc: retry type=47 attempt=7 why=send
inode-rpc: retry type=87 attempt=7 why=send
efs-fuse read: decode error (efs_rc=-9) ino=205723 off=999493632 len=4096
efs-fuse read: decode error (efs_rc=-9) ino=201627 off=1093873664 len=4096
efs-fuse read: decode error (efs_rc=-9) ino=193435 off=1883541504 len=4096
efs-fuse read: decode error (efs_rc=-9) ino=134967 off=372486144 len=4096
efs-fuse read: decode error (efs_rc=-9) ino=353257 off=2396303360 len=4096
efs-fuse read: decode error (efs_rc=-9) ino=92985 off=811565056 len=4096
efs-fuse read: decode error (efs_rc=-9) ino=209819 off=185417728 len=4096
efs-fuse read: decode error (efs_rc=-9) ino=238361 off=174022656 len=4096
efs-fuse read: decode error (efs_rc=-9) ino=197531 off=242524160 len=4096
efs-fuse read: decode error (efs_rc=-9) ino=101177 off=1326460928 len=4096
efs-fuse read: decode error (efs_rc=-9) ino=139063 off=362708992 len=4096
efs-fuse read: decode error (efs_rc=-9) ino=189339 off=2307067904 len=4096
efs-fuse read: decode error (efs_rc=-9) ino=185243 off=296419328 len=4096
inode-rpc: retry type=47 attempt=7 why=send
efs-fuse read: decode error (efs_rc=-9) ino=201627 off=1100013568 len=4096
efs-fuse read: decode error (efs_rc=-9) ino=205723 off=1022541824 len=4096
efs-fuse read: decode error (efs_rc=-9) ino=193435 off=1899446272 len=4096
efs-fuse read: decode error (efs_rc=-9) ino=353257 off=2444910592 len=4096
efs-fuse read: decode error (efs_rc=-9) ino=134967 off=377012224 len=4096
efs-fuse read: decode error (efs_rc=-9) ino=92985 off=820183040 len=4096
efs-fuse read: decode error (efs_rc=-9) ino=209819 off=189100032 len=4096
efs-fuse read: decode error (efs_rc=-9) ino=238361 off=181055488 len=4096
efs-fuse read: decode error (efs_rc=-9) ino=101177 off=1335500800 len=4096
efs-fuse read: decode error (efs_rc=-9) ino=139063 off=367083520 len=4096
efs-fuse read: decode error (efs_rc=-9) ino=197531 off=252243968 len=4096
efs-fuse read: decode error (efs_rc=-9) ino=189339 off=2314321920 len=4096
efs-fuse read: decode error (efs_rc=-9) ino=185243 off=311230464 len=4096
efs-fuse read: decode error (efs_rc=-9) ino=201627 off=1110716416 len=4096
efs-fuse read: decode error (efs_rc=-9) ino=205723 off=1025912832 len=4096
efs-fuse read: decode error (efs_rc=-9) ino=193435 off=1902575616 len=4096
efs-fuse read: decode error (efs_rc=-9) ino=353257 off=2454077440 len=4096
efs-fuse read: decode error (efs_rc=-9) ino=134967 off=381538304 len=4096
efs-fuse read: decode error (efs_rc=-9) ino=92985 off=828801024 len=4096
efs-fuse read: decode error (efs_rc=-9) ino=209819 off=228622336 len=4096
efs-fuse read: decode error (efs_rc=-9) ino=238361 off=189153280 len=4096
efs-fuse read: decode error (efs_rc=-9) ino=101177 off=1335635968 len=4096
efs-fuse read: decode error (efs_rc=-9) ino=139063 off=369659904 len=4096
efs-fuse read: decode error (efs_rc=-9) ino=197531 off=261963776 len=4096
efs-fuse read: decode error (efs_rc=-9) ino=189339 off=2321575936 len=4096
efs-fuse read: decode error (efs_rc=-9) ino=185243 off=312061952 len=4096
efs-fuse read: decode error (efs_rc=-9) ino=201627 off=1116856320 len=4096
efs-fuse read: decode error (efs_rc=-9) ino=205723 off=1029283840 len=4096
efs-fuse read: decode error (efs_rc=-9) ino=193435 off=1918480384 len=4096
efs-fuse read: decode error (efs_rc=-9) ino=353257 off=2463244288 len=4096
put_fragments ino=57284 chunk=11956 nodes=4,1,2 attempt 3/4 failed: no quorum (efs_rc=-8) — retrying
inode-rpc: slow-ok type=47 attempts=9 saw_busy=0 status=0 us=3950870
inode-rpc: slow-ok type=87 attempts=10 saw_busy=0 status=0 us=5031539
inode-rpc: slow-ok type=47 attempts=9 saw_busy=0 status=0 us=3956672
inode-rpc: slow-ok type=87 attempts=9 saw_busy=0 status=0 us=4166484
inode-rpc: slow-ok type=67 attempts=9 saw_busy=0 status=0 us=4359503
inode-rpc: retry type=63 attempt=0 why=no-hint from=1
inode-rpc: slow-ok type=67 attempts=1 saw_busy=0 status=0 us=1081886
inode-rpc: slow-ok type=87 attempts=2 saw_busy=1 status=0 us=1009920
inode-rpc: retry type=63 attempt=0 why=no-hint from=1
inode-rpc: retry type=63 attempt=0 why=no-hint from=1
inode-rpc: retry type=63 attempt=0 why=no-hint from=1
