Discovered 4 cluster nodes from fcstor003.ib:19810
  node id=1 172.16.223.57:19810
  node id=2 172.16.223.58:19810
  node id=3 172.16.223.59:19810
  node id=4 172.16.223.60:19810
fetching metadata...
meta: raft host mounted export 'fs' (bits=12, no GET_META table)
export id=1 name=fs
meta ready staged_rows=1 staged_chunks=0 staged_bytes=169120 root_get=0 mode=40755
efs-fuse daemon pid=2099
fuse serving
efs: RDMA transport up on mlx5_1 port 1 (lid 1911, 6 x 72 KiB bufs/conn)
efs-fuse: staging table over EFS_CLIENT_META_MB (256 MB) with nothing evictable; growing (pinned data is real work, not cache)
inode-rpc: retry type=67 attempt=0 why=recv rc=-6
inode-rpc: retry type=67 attempt=0 why=recv rc=-6
Discovered 4 cluster nodes from fcstor003.ib:19810
  node id=1 172.16.223.57:19810
  node id=2 172.16.223.58:19810
  node id=3 172.16.223.59:19810
  node id=4 172.16.223.60:19810
fetching metadata...
meta: raft host mounted export 'fs' (bits=12, no GET_META table)
export id=1 name=fs
meta ready staged_rows=1 staged_chunks=0 staged_bytes=169120 root_get=0 mode=40755
fuse: invalid argument `fs'
Missing export name and mountpoint
Missing export name and mountpoint
Missing export name and mountpoint
Discovered 4 cluster nodes from fcstor003.ib:19810
  node id=1 172.16.223.57:19810
  node id=2 172.16.223.58:19810
  node id=3 172.16.223.59:19810
  node id=4 172.16.223.60:19810
fetching metadata...
meta: raft host mounted export 'fs' (bits=12, no GET_META table)
export id=1 name=fs
meta ready staged_rows=1 staged_chunks=0 staged_bytes=169120 root_get=0 mode=40755
fuse: invalid argument `fs'
Discovered 4 cluster nodes from fcstor003.ib:19810
  node id=1 172.16.223.57:19810
  node id=2 172.16.223.58:19810
  node id=3 172.16.223.59:19810
  node id=4 172.16.223.60:19810
fetching metadata...
meta: raft host mounted export 'fs' (bits=12, no GET_META table)
export id=1 name=fs
meta ready staged_rows=1 staged_chunks=0 staged_bytes=169120 root_get=0 mode=40755
efs-fuse daemon pid=14355
fuse serving
efs: RDMA transport up on mlx5_1 port 1 (lid 1911, 6 x 72 KiB bufs/conn)
inode-rpc: retry type=63 attempt=0 why=no-hint
inode-rpc: retry type=63 attempt=1 why=no-hint
inode-rpc: retry type=63 attempt=0 why=no-hint
inode-rpc: retry type=63 attempt=0 why=no-hint
inode-rpc: retry type=63 attempt=0 why=no-hint
inode-rpc: retry type=63 attempt=2 why=no-hint
inode-rpc: retry type=63 attempt=0 why=no-hint
inode-rpc: retry type=63 attempt=1 why=no-hint
inode-rpc: retry type=63 attempt=1 why=no-hint
inode-rpc: retry type=63 attempt=1 why=no-hint
inode-rpc: retry type=63 attempt=1 why=no-hint
inode-rpc: retry type=63 attempt=0 why=no-hint
inode-rpc: retry type=63 attempt=0 why=no-hint
inode-rpc: retry type=63 attempt=0 why=no-hint
inode-rpc: retry type=63 attempt=0 why=no-hint
inode-rpc: retry type=63 attempt=0 why=no-hint
inode-rpc: retry type=63 attempt=0 why=no-hint
inode-rpc: retry type=63 attempt=0 why=no-hint
inode-rpc: retry type=63 attempt=0 why=no-hint
inode-rpc: retry type=63 attempt=0 why=no-hint
inode-rpc: retry type=63 attempt=0 why=no-hint
inode-rpc: retry type=63 attempt=0 why=no-hint
inode-rpc: retry type=63 attempt=2 why=no-hint
inode-rpc: retry type=63 attempt=2 why=no-hint
inode-rpc: retry type=63 attempt=2 why=no-hint
inode-rpc: retry type=63 attempt=1 why=no-hint
inode-rpc: retry type=63 attempt=1 why=no-hint
inode-rpc: retry type=63 attempt=1 why=no-hint
inode-rpc: retry type=63 attempt=1 why=no-hint
inode-rpc: retry type=63 attempt=1 why=no-hint
inode-rpc: retry type=63 attempt=1 why=no-hint
inode-rpc: retry type=63 attempt=2 why=no-hint
inode-rpc: retry type=63 attempt=1 why=no-hint
inode-rpc: retry type=87 attempt=0 why=no-hint
inode-rpc: retry type=63 attempt=1 why=no-hint
inode-rpc: retry type=63 attempt=1 why=no-hint
inode-rpc: retry type=63 attempt=1 why=no-hint
inode-rpc: retry type=63 attempt=1 why=no-hint
inode-rpc: retry type=63 attempt=3 why=no-hint
inode-rpc: retry type=63 attempt=2 why=no-hint
inode-rpc: retry type=63 attempt=2 why=no-hint
inode-rpc: retry type=63 attempt=2 why=no-hint
inode-rpc: retry type=63 attempt=2 why=no-hint
inode-rpc: retry type=63 attempt=2 why=no-hint
inode-rpc: retry type=63 attempt=2 why=no-hint
inode-rpc: retry type=63 attempt=2 why=no-hint
inode-rpc: retry type=63 attempt=2 why=no-hint
inode-rpc: retry type=63 attempt=2 why=no-hint
inode-rpc: retry type=63 attempt=2 why=no-hint
inode-rpc: retry type=63 attempt=2 why=no-hint
inode-rpc: retry type=87 attempt=0 why=no-hint
inode-rpc: retry type=63 attempt=3 why=no-hint
inode-rpc: retry type=63 attempt=3 why=no-hint
inode-rpc: retry type=63 attempt=3 why=no-hint
inode-rpc: retry type=63 attempt=3 why=no-hint
inode-rpc: retry type=63 attempt=3 why=no-hint
inode-rpc: retry type=63 attempt=3 why=no-hint
inode-rpc: retry type=63 attempt=3 why=no-hint
inode-rpc: retry type=63 attempt=3 why=no-hint
inode-rpc: retry type=63 attempt=3 why=no-hint
inode-rpc: retry type=63 attempt=3 why=no-hint
inode-rpc: retry type=63 attempt=3 why=no-hint
inode-rpc: retry type=63 attempt=3 why=no-hint
inode-rpc: retry type=63 attempt=3 why=no-hint
inode-rpc: retry type=63 attempt=3 why=no-hint
inode-rpc: retry type=63 attempt=3 why=no-hint
inode-rpc: retry type=63 attempt=4 why=no-hint
inode-rpc: retry type=63 attempt=4 why=no-hint
inode-rpc: retry type=63 attempt=4 why=no-hint
inode-rpc: retry type=63 attempt=4 why=no-hint
inode-rpc: retry type=63 attempt=4 why=no-hint
inode-rpc: retry type=63 attempt=4 why=no-hint
inode-rpc: retry type=63 attempt=4 why=no-hint
inode-rpc: retry type=63 attempt=4 why=no-hint
inode-rpc: retry type=63 attempt=4 why=no-hint
inode-rpc: retry type=63 attempt=4 why=no-hint
inode-rpc: retry type=63 attempt=4 why=no-hint
inode-rpc: retry type=63 attempt=4 why=no-hint
inode-rpc: retry type=63 attempt=4 why=no-hint
inode-rpc: retry type=63 attempt=4 why=no-hint
inode-rpc: retry type=63 attempt=4 why=no-hint
inode-rpc: retry type=63 attempt=4 why=no-hint
inode-rpc: retry type=87 attempt=0 why=no-hint
inode-rpc: retry type=63 attempt=5 why=no-hint
inode-rpc: retry type=63 attempt=5 why=no-hint
inode-rpc: retry type=63 attempt=5 why=no-hint
inode-rpc: retry type=63 attempt=5 why=no-hint
inode-rpc: retry type=63 attempt=5 why=no-hint
inode-rpc: retry type=63 attempt=5 why=no-hint
inode-rpc: retry type=63 attempt=5 why=no-hint
inode-rpc: retry type=63 attempt=5 why=no-hint
inode-rpc: retry type=63 attempt=5 why=no-hint
inode-rpc: retry type=63 attempt=5 why=no-hint
inode-rpc: retry type=63 attempt=5 why=no-hint
inode-rpc: retry type=63 attempt=5 why=no-hint
inode-rpc: retry type=63 attempt=5 why=no-hint
inode-rpc: retry type=63 attempt=5 why=no-hint
inode-rpc: retry type=63 attempt=5 why=no-hint
inode-rpc: retry type=63 attempt=5 why=no-hint
inode-rpc: retry type=63 attempt=6 why=no-hint
inode-rpc: retry type=63 attempt=6 why=no-hint
inode-rpc: retry type=63 attempt=6 why=no-hint
inode-rpc: retry type=63 attempt=6 why=no-hint
inode-rpc: retry type=63 attempt=6 why=no-hint
inode-rpc: retry type=63 attempt=6 why=no-hint
inode-rpc: retry type=63 attempt=6 why=no-hint
inode-rpc: retry type=63 attempt=6 why=no-hint
inode-rpc: retry type=63 attempt=6 why=no-hint
inode-rpc: retry type=63 attempt=6 why=no-hint
inode-rpc: retry type=63 attempt=6 why=no-hint
inode-rpc: retry type=63 attempt=6 why=no-hint
inode-rpc: retry type=63 attempt=6 why=no-hint
inode-rpc: retry type=63 attempt=6 why=no-hint
inode-rpc: retry type=63 attempt=6 why=no-hint
inode-rpc: retry type=63 attempt=6 why=no-hint
inode-rpc: retry type=63 attempt=7 why=no-hint
inode-rpc: retry type=63 attempt=7 why=no-hint
inode-rpc: retry type=63 attempt=7 why=no-hint
inode-rpc: retry type=63 attempt=7 why=no-hint
inode-rpc: retry type=63 attempt=7 why=no-hint
inode-rpc: retry type=63 attempt=7 why=no-hint
inode-rpc: retry type=63 attempt=7 why=no-hint
inode-rpc: retry type=63 attempt=7 why=no-hint
inode-rpc: retry type=63 attempt=7 why=no-hint
inode-rpc: retry type=63 attempt=7 why=no-hint
inode-rpc: retry type=63 attempt=7 why=no-hint
inode-rpc: retry type=63 attempt=7 why=no-hint
inode-rpc: retry type=63 attempt=7 why=no-hint
inode-rpc: retry type=63 attempt=7 why=no-hint
inode-rpc: retry type=63 attempt=7 why=no-hint
inode-rpc: retry type=63 attempt=7 why=no-hint
inode-rpc: retry type=63 attempt=8 why=no-hint
inode-rpc: retry type=63 attempt=8 why=no-hint
inode-rpc: retry type=63 attempt=8 why=no-hint
inode-rpc: retry type=63 attempt=8 why=no-hint
inode-rpc: retry type=63 attempt=8 why=no-hint
inode-rpc: retry type=63 attempt=8 why=no-hint
inode-rpc: retry type=63 attempt=8 why=no-hint
inode-rpc: retry type=63 attempt=8 why=no-hint
inode-rpc: retry type=63 attempt=8 why=no-hint
inode-rpc: retry type=63 attempt=8 why=no-hint
inode-rpc: retry type=63 attempt=8 why=no-hint
inode-rpc: retry type=63 attempt=8 why=no-hint
inode-rpc: retry type=63 attempt=8 why=no-hint
inode-rpc: retry type=63 attempt=8 why=no-hint
inode-rpc: retry type=63 attempt=8 why=no-hint
inode-rpc: retry type=63 attempt=8 why=no-hint
inode-rpc: retry type=63 attempt=9 why=no-hint
inode-rpc: retry type=63 attempt=9 why=no-hint
inode-rpc: retry type=63 attempt=9 why=no-hint
inode-rpc: retry type=63 attempt=9 why=no-hint
inode-rpc: retry type=63 attempt=9 why=no-hint
inode-rpc: retry type=63 attempt=9 why=no-hint
inode-rpc: retry type=63 attempt=9 why=no-hint
inode-rpc: retry type=63 attempt=9 why=no-hint
inode-rpc: retry type=63 attempt=9 why=no-hint
inode-rpc: retry type=63 attempt=9 why=no-hint
inode-rpc: retry type=63 attempt=9 why=no-hint
inode-rpc: retry type=63 attempt=9 why=no-hint
inode-rpc: retry type=63 attempt=9 why=no-hint
inode-rpc: retry type=63 attempt=9 why=no-hint
inode-rpc: retry type=63 attempt=9 why=no-hint
inode-rpc: retry type=63 attempt=9 why=no-hint
inode-rpc: retry type=63 attempt=10 why=no-hint
inode-rpc: retry type=63 attempt=10 why=no-hint
inode-rpc: retry type=63 attempt=10 why=no-hint
inode-rpc: retry type=63 attempt=10 why=no-hint
inode-rpc: retry type=63 attempt=10 why=no-hint
inode-rpc: retry type=63 attempt=10 why=no-hint
inode-rpc: retry type=63 attempt=10 why=no-hint
inode-rpc: retry type=63 attempt=10 why=no-hint
inode-rpc: retry type=63 attempt=10 why=no-hint
inode-rpc: retry type=63 attempt=10 why=no-hint
inode-rpc: retry type=63 attempt=10 why=no-hint
inode-rpc: retry type=63 attempt=10 why=no-hint
inode-rpc: retry type=63 attempt=10 why=no-hint
inode-rpc: retry type=63 attempt=10 why=no-hint
inode-rpc: retry type=63 attempt=10 why=no-hint
inode-rpc: retry type=63 attempt=10 why=no-hint
inode-rpc: retry type=63 attempt=11 why=no-hint
inode-rpc: retry type=63 attempt=11 why=no-hint
inode-rpc: retry type=63 attempt=11 why=no-hint
inode-rpc: retry type=63 attempt=11 why=no-hint
inode-rpc: retry type=63 attempt=11 why=no-hint
inode-rpc: retry type=63 attempt=11 why=no-hint
inode-rpc: retry type=63 attempt=11 why=no-hint
inode-rpc: retry type=63 attempt=11 why=no-hint
inode-rpc: retry type=63 attempt=11 why=no-hint
inode-rpc: retry type=63 attempt=11 why=no-hint
inode-rpc: retry type=63 attempt=11 why=no-hint
inode-rpc: retry type=63 attempt=11 why=no-hint
inode-rpc: retry type=63 attempt=11 why=no-hint
inode-rpc: retry type=63 attempt=11 why=no-hint
inode-rpc: retry type=63 attempt=11 why=no-hint
inode-rpc: retry type=63 attempt=11 why=no-hint
inode-rpc: retry type=63 attempt=12 why=no-hint
inode-rpc: retry type=63 attempt=12 why=no-hint
inode-rpc: retry type=63 attempt=12 why=no-hint
inode-rpc: retry type=63 attempt=12 why=no-hint
inode-rpc: retry type=63 attempt=12 why=no-hint
inode-rpc: retry type=63 attempt=12 why=no-hint
inode-rpc: retry type=63 attempt=12 why=no-hint
inode-rpc: retry type=63 attempt=12 why=no-hint
inode-rpc: retry type=63 attempt=12 why=no-hint
inode-rpc: retry type=63 attempt=12 why=no-hint
inode-rpc: retry type=63 attempt=12 why=no-hint
inode-rpc: retry type=63 attempt=12 why=no-hint
inode-rpc: retry type=63 attempt=12 why=no-hint
inode-rpc: retry type=63 attempt=12 why=no-hint
inode-rpc: retry type=63 attempt=12 why=no-hint
inode-rpc: retry type=63 attempt=12 why=no-hint
inode-rpc: retry type=63 attempt=13 why=no-hint
efs-fuse: staging table over EFS_CLIENT_META_MB (256 MB) with nothing evictable; growing (pinned data is real work, not cache)
inode-rpc: retry type=63 attempt=13 why=no-hint
inode-rpc: retry type=63 attempt=13 why=no-hint
inode-rpc: retry type=63 attempt=13 why=no-hint
inode-rpc: retry type=63 attempt=13 why=no-hint
inode-rpc: retry type=63 attempt=13 why=no-hint
inode-rpc: retry type=63 attempt=13 why=no-hint
inode-rpc: retry type=63 attempt=13 why=no-hint
inode-rpc: retry type=63 attempt=13 why=no-hint
inode-rpc: retry type=63 attempt=13 why=no-hint
inode-rpc: retry type=63 attempt=13 why=no-hint
inode-rpc: retry type=63 attempt=13 why=no-hint
inode-rpc: retry type=63 attempt=13 why=no-hint
inode-rpc: retry type=63 attempt=13 why=no-hint
inode-rpc: retry type=63 attempt=13 why=no-hint
inode-rpc: retry type=63 attempt=13 why=no-hint
inode-rpc: retry type=63 attempt=14 why=no-hint
inode-rpc: retry type=63 attempt=14 why=no-hint
inode-rpc: retry type=63 attempt=14 why=no-hint
inode-rpc: retry type=63 attempt=14 why=no-hint
inode-rpc: retry type=63 attempt=14 why=no-hint
inode-rpc: retry type=63 attempt=14 why=no-hint
inode-rpc: retry type=63 attempt=14 why=no-hint
inode-rpc: retry type=63 attempt=14 why=no-hint
inode-rpc: retry type=63 attempt=14 why=no-hint
inode-rpc: retry type=63 attempt=14 why=no-hint
inode-rpc: retry type=63 attempt=14 why=no-hint
inode-rpc: retry type=63 attempt=14 why=no-hint
inode-rpc: retry type=63 attempt=14 why=no-hint
inode-rpc: retry type=63 attempt=14 why=no-hint
inode-rpc: retry type=63 attempt=14 why=no-hint
inode-rpc: retry type=63 attempt=14 why=no-hint
inode-rpc: retry type=63 attempt=15 why=no-hint
inode-rpc: retry type=63 attempt=15 why=no-hint
inode-rpc: retry type=63 attempt=15 why=no-hint
inode-rpc: retry type=63 attempt=15 why=no-hint
inode-rpc: retry type=63 attempt=15 why=no-hint
inode-rpc: retry type=63 attempt=15 why=no-hint
inode-rpc: retry type=63 attempt=15 why=no-hint
inode-rpc: retry type=63 attempt=15 why=no-hint
inode-rpc: retry type=63 attempt=15 why=no-hint
inode-rpc: retry type=63 attempt=15 why=no-hint
inode-rpc: retry type=63 attempt=15 why=no-hint
inode-rpc: retry type=63 attempt=15 why=no-hint
inode-rpc: retry type=63 attempt=15 why=no-hint
inode-rpc: retry type=63 attempt=15 why=no-hint
inode-rpc: retry type=63 attempt=15 why=no-hint
inode-rpc: retry type=63 attempt=15 why=no-hint
inode-rpc: shard=1697 type=63 exhausted 16 BUSY/STALE retries (10.3 s) -> EBUSY
inode-rpc: shard=3587 type=63 exhausted 16 BUSY/STALE retries (10.3 s) -> EBUSY
inode-rpc: shard=955 type=63 exhausted 16 BUSY/STALE retries (10.3 s) -> EBUSY
inode-rpc: shard=2299 type=63 exhausted 16 BUSY/STALE retries (10.3 s) -> EBUSY
inode-rpc: shard=2299 type=63 exhausted 16 BUSY/STALE retries (10.3 s) -> EBUSY
inode-rpc: shard=955 type=63 exhausted 16 BUSY/STALE retries (10.3 s) -> EBUSY
inode-rpc: shard=2299 type=63 exhausted 16 BUSY/STALE retries (10.3 s) -> EBUSY
inode-rpc: shard=2299 type=63 exhausted 16 BUSY/STALE retries (10.3 s) -> EBUSY
inode-rpc: shard=2299 type=63 exhausted 16 BUSY/STALE retries (10.3 s) -> EBUSY
inode-rpc: shard=2299 type=63 exhausted 16 BUSY/STALE retries (10.3 s) -> EBUSY
inode-rpc: shard=2299 type=63 exhausted 16 BUSY/STALE retries (10.3 s) -> EBUSY
inode-rpc: shard=2299 type=63 exhausted 16 BUSY/STALE retries (10.3 s) -> EBUSY
inode-rpc: shard=2299 type=63 exhausted 16 BUSY/STALE retries (10.3 s) -> EBUSY
inode-rpc: shard=2299 type=63 exhausted 16 BUSY/STALE retries (10.3 s) -> EBUSY
inode-rpc: shard=2299 type=63 exhausted 16 BUSY/STALE retries (10.3 s) -> EBUSY
inode-rpc: shard=2299 type=63 exhausted 16 BUSY/STALE retries (10.3 s) -> EBUSY
inode-rpc: shard=2368 type=47 exhausted 16 BUSY/STALE retries (10.3 s) -> EBUSY
inode-rpc: shard=1228 type=43 exhausted 16 BUSY/STALE retries (10.3 s) -> EBUSY
inode-rpc: shard=51 type=43 exhausted 16 BUSY/STALE retries (10.3 s) -> EBUSY
inode-rpc: shard=1062 type=43 exhausted 16 BUSY/STALE retries (10.3 s) -> EBUSY
inode-rpc: shard=3124 type=47 exhausted 16 BUSY/STALE retries (10.3 s) -> EBUSY
inode-rpc: shard=0 type=43 exhausted 16 BUSY/STALE retries (10.3 s) -> EBUSY
inode-rpc: shard=2952 type=43 exhausted 16 BUSY/STALE retries (10.3 s) -> EBUSY
inode-rpc: shard=3046 type=47 exhausted 16 BUSY/STALE retries (10.3 s) -> EBUSY
inode-rpc: shard=3908 type=87 exhausted 16 BUSY/STALE retries (10.3 s) -> EBUSY
inode-rpc: shard=3168 type=87 exhausted 16 BUSY/STALE retries (10.3 s) -> EBUSY
inode-rpc: shard=3046 type=47 exhausted 16 BUSY/STALE retries (10.3 s) -> EBUSY
inode-rpc: shard=3587 type=47 exhausted 16 BUSY/STALE retries (10.3 s) -> EBUSY
inode-rpc: shard=51 type=43 exhausted 16 BUSY/STALE retries (10.3 s) -> EBUSY
inode-rpc: shard=1228 type=43 exhausted 16 BUSY/STALE retries (10.3 s) -> EBUSY
inode-rpc: shard=1062 type=47 exhausted 16 BUSY/STALE retries (10.3 s) -> EBUSY
inode-rpc: shard=3124 type=47 exhausted 16 BUSY/STALE retries (10.3 s) -> EBUSY
inode-rpc: shard=2358 type=47 exhausted 16 BUSY/STALE retries (10.3 s) -> EBUSY
inode-rpc: shard=2368 type=47 exhausted 16 BUSY/STALE retries (10.3 s) -> EBUSY
fuse: mkdir parent=1523011 name=h3co-34on ok ino=1460544 but getattr rc=-2
inode-rpc: shard=453 type=43 exhausted 16 BUSY/STALE retries (10.3 s) -> EBUSY
inode-rpc: shard=3338 type=43 exhausted 16 BUSY/STALE retries (10.3 s) -> EBUSY
inode-rpc: shard=2142 type=47 exhausted 16 BUSY/STALE retries (10.3 s) -> EBUSY
inode-rpc: shard=3046 type=43 exhausted 16 BUSY/STALE retries (10.3 s) -> EBUSY
inode-rpc: shard=1110 type=47 exhausted 16 BUSY/STALE retries (10.3 s) -> EBUSY
inode-rpc: shard=2952 type=47 exhausted 16 BUSY/STALE retries (10.3 s) -> EBUSY
inode-rpc: shard=3762 type=43 exhausted 16 BUSY/STALE retries (10.3 s) -> EBUSY
inode-rpc: shard=4078 type=43 exhausted 16 BUSY/STALE retries (10.3 s) -> EBUSY
inode-rpc: shard=1262 type=47 exhausted 16 BUSY/STALE retries (10.3 s) -> EBUSY
inode-rpc: shard=3046 type=43 exhausted 16 BUSY/STALE retries (10.3 s) -> EBUSY
inode-rpc: shard=3046 type=43 exhausted 16 BUSY/STALE retries (10.3 s) -> EBUSY
inode-rpc: shard=3046 type=47 exhausted 16 BUSY/STALE retries (10.3 s) -> EBUSY
inode-rpc: shard=2358 type=87 exhausted 16 BUSY/STALE retries (10.3 s) -> EBUSY
inode-rpc: shard=96 type=87 exhausted 16 BUSY/STALE retries (10.3 s) -> EBUSY
inode-rpc: shard=3168 type=87 exhausted 16 BUSY/STALE retries (10.3 s) -> EBUSY
inode-rpc: shard=2952 type=87 exhausted 16 BUSY/STALE retries (10.3 s) -> EBUSY
inode-rpc: shard=3908 type=87 exhausted 16 BUSY/STALE retries (10.3 s) -> EBUSY
inode-rpc: shard=3861 type=43 exhausted 16 BUSY/STALE retries (10.3 s) -> EBUSY
inode-rpc: shard=1228 type=43 exhausted 16 BUSY/STALE retries (10.3 s) -> EBUSY
inode-rpc: shard=51 type=43 exhausted 16 BUSY/STALE retries (10.3 s) -> EBUSY
inode-rpc: shard=1062 type=47 exhausted 16 BUSY/STALE retries (10.3 s) -> EBUSY
inode-rpc: shard=3124 type=47 exhausted 16 BUSY/STALE retries (10.3 s) -> EBUSY
inode-rpc: shard=453 type=43 exhausted 16 BUSY/STALE retries (10.3 s) -> EBUSY
inode-rpc: shard=3338 type=47 exhausted 16 BUSY/STALE retries (10.3 s) -> EBUSY
inode-rpc: shard=3046 type=47 exhausted 16 BUSY/STALE retries (10.3 s) -> EBUSY
inode-rpc: shard=1110 type=47 exhausted 16 BUSY/STALE retries (10.3 s) -> EBUSY
inode-rpc: shard=3762 type=47 exhausted 16 BUSY/STALE retries (10.3 s) -> EBUSY
inode-rpc: shard=4078 type=47 exhausted 16 BUSY/STALE retries (10.3 s) -> EBUSY
inode-rpc: shard=3046 type=47 exhausted 16 BUSY/STALE retries (10.3 s) -> EBUSY
inode-rpc: shard=2358 type=87 exhausted 16 BUSY/STALE retries (10.3 s) -> EBUSY
inode-rpc: shard=96 type=87 exhausted 16 BUSY/STALE retries (10.3 s) -> EBUSY
inode-rpc: shard=2952 type=87 exhausted 16 BUSY/STALE retries (10.3 s) -> EBUSY
inode-rpc: shard=3168 type=87 exhausted 16 BUSY/STALE retries (10.3 s) -> EBUSY
inode-rpc: shard=3908 type=87 exhausted 16 BUSY/STALE retries (10.3 s) -> EBUSY
inode-rpc: shard=2952 type=43 exhausted 16 BUSY/STALE retries (10.3 s) -> EBUSY
inode-rpc: shard=1228 type=43 exhausted 16 BUSY/STALE retries (10.3 s) -> EBUSY
inode-rpc: shard=51 type=43 exhausted 16 BUSY/STALE retries (10.3 s) -> EBUSY
inode-rpc: shard=1062 type=47 exhausted 16 BUSY/STALE retries (10.3 s) -> EBUSY
inode-rpc: shard=3124 type=47 exhausted 16 BUSY/STALE retries (10.3 s) -> EBUSY
inode-rpc: retry type=67 attempt=0 why=recv rc=-6
Discovered 4 cluster nodes from fcstor003.ib:19810
  node id=1 172.16.223.57:19810
  node id=2 172.16.223.58:19810
  node id=3 172.16.223.59:19810
  node id=4 172.16.223.60:19810
fetching metadata...
meta: raft host mounted export 'fs' (bits=12, no GET_META table)
export id=1 name=fs
meta ready staged_rows=1 staged_chunks=0 staged_bytes=169120 root_get=0 mode=40755
efs-fuse daemon pid=22483
fuse serving
efs: RDMA transport up on mlx5_1 port 1 (lid 1911, 6 x 72 KiB bufs/conn)
inode-rpc: retry type=63 attempt=0 why=no-hint
inode-rpc: retry type=63 attempt=0 why=no-hint
inode-rpc: retry type=63 attempt=1 why=no-hint
inode-rpc: retry type=63 attempt=1 why=no-hint
inode-rpc: retry type=63 attempt=2 why=no-hint
inode-rpc: retry type=63 attempt=2 why=no-hint
inode-rpc: retry type=63 attempt=3 why=no-hint
inode-rpc: retry type=63 attempt=3 why=no-hint
inode-rpc: retry type=87 attempt=0 why=no-hint
inode-rpc: retry type=63 attempt=4 why=no-hint
inode-rpc: retry type=63 attempt=4 why=no-hint
inode-rpc: retry type=63 attempt=5 why=no-hint
inode-rpc: retry type=63 attempt=5 why=no-hint
inode-rpc: retry type=63 attempt=6 why=no-hint
inode-rpc: retry type=63 attempt=6 why=no-hint
inode-rpc: retry type=63 attempt=9 why=no-hint
inode-rpc: retry type=63 attempt=9 why=no-hint
inode-rpc: retry type=87 attempt=1 why=no-hint
inode-rpc: retry type=63 attempt=10 why=no-hint
inode-rpc: retry type=63 attempt=10 why=no-hint
inode-rpc: retry type=63 attempt=11 why=no-hint
inode-rpc: retry type=63 attempt=11 why=no-hint
inode-rpc: retry type=63 attempt=12 why=no-hint
inode-rpc: retry type=63 attempt=12 why=no-hint
efs-fuse: staging table over EFS_CLIENT_META_MB (256 MB) with nothing evictable; growing (pinned data is real work, not cache)
inode-rpc: shard=1697 type=63 exhausted 16 BUSY/STALE retries (10.3 s) -> EBUSY
inode-rpc: shard=2299 type=63 exhausted 16 BUSY/STALE retries (10.3 s) -> EBUSY
inode-rpc: dual type=45 exhausted 16 BUSY/STALE retries (10.3 s) -> EBUSY
inode-rpc: shard=1361 type=87 exhausted 16 BUSY/STALE retries (10.3 s) -> EBUSY
inode-rpc: shard=955 type=87 exhausted 16 BUSY/STALE retries (10.3 s) -> EBUSY
inode-rpc: shard=1361 type=87 exhausted 16 BUSY/STALE retries (10.3 s) -> EBUSY
fuse: mkdir parent=1140147 name=52pg-8yrd ok ino=1346378 getattr rc=-2, local reply
inode-rpc: retry type=63 attempt=0 why=no-hint
inode-rpc: retry type=63 attempt=1 why=no-hint
inode-rpc: retry type=63 attempt=2 why=no-hint
inode-rpc: retry type=63 attempt=3 why=no-hint
inode-rpc: retry type=63 attempt=4 why=no-hint
inode-rpc: retry type=63 attempt=5 why=no-hint
inode-rpc: retry type=63 attempt=6 why=no-hint
inode-rpc: retry type=63 attempt=7 why=no-hint
inode-rpc: retry type=63 attempt=11 why=no-hint
inode-rpc: retry type=63 attempt=12 why=no-hint
inode-rpc: retry type=63 attempt=13 why=no-hint
inode-rpc: shard=2095 type=63 exhausted 16 BUSY/STALE retries (10.3 s) -> EBUSY
fuse: reading device: Software caused connection abort
Discovered 4 cluster nodes from fcstor003.ib:19810
  node id=1 172.16.223.57:19810
  node id=2 172.16.223.58:19810
  node id=3 172.16.223.59:19810
  node id=4 172.16.223.60:19810
fetching metadata...
meta: raft host mounted export 'fs' (bits=12, no GET_META table)
export id=1 name=fs
meta ready staged_rows=1 staged_chunks=0 staged_bytes=169120 root_get=0 mode=40755
efs-fuse daemon pid=68691
fuse serving
efs: RDMA transport up on mlx5_1 port 1 (lid 1911, 6 x 72 KiB bufs/conn)
Discovered 4 cluster nodes from fcstor003.ib:19810
  node id=1 172.16.223.57:19810
  node id=2 172.16.223.58:19810
  node id=3 172.16.223.59:19810
  node id=4 172.16.223.60:19810
fetching metadata...
meta: raft host mounted export 'fs' (bits=12, no GET_META table)
export id=1 name=fs
meta ready staged_rows=1 staged_chunks=0 staged_bytes=169120 root_get=0 mode=40755
efs-fuse daemon pid=69120
fuse serving
efs: RDMA transport up on mlx5_1 port 1 (lid 1911, 6 x 72 KiB bufs/conn)
inode-rpc: shard=0 type=47 exhausted 16 BUSY/STALE retries (10.3 s) -> EBUSY
inode-rpc: shard=0 type=47 exhausted 16 BUSY/STALE retries (10.3 s) -> EBUSY
Discovered 4 cluster nodes from fcstor003.ib:19810
  node id=1 172.16.223.57:19810
  node id=2 172.16.223.58:19810
  node id=3 172.16.223.59:19810
  node id=4 172.16.223.60:19810
fetching metadata...
meta: raft host mounted export 'fs' (bits=12, no GET_META table)
export id=1 name=fs
meta ready staged_rows=1 staged_chunks=0 staged_bytes=169120 root_get=0 mode=40755
efs-fuse daemon pid=89366
fuse serving
efs: RDMA transport up on mlx5_1 port 1 (lid 1911, 6 x 72 KiB bufs/conn)
inode-rpc: retry type=63 attempt=0 why=no-hint
inode-rpc: retry type=63 attempt=0 why=no-hint
inode-rpc: retry type=63 attempt=0 why=no-hint
inode-rpc: retry type=63 attempt=1 why=no-hint
inode-rpc: retry type=63 attempt=0 why=no-hint
inode-rpc: retry type=63 attempt=1 why=no-hint
inode-rpc: retry type=63 attempt=1 why=no-hint
inode-rpc: retry type=63 attempt=0 why=no-hint
inode-rpc: retry type=63 attempt=1 why=no-hint
inode-rpc: retry type=63 attempt=2 why=no-hint
inode-rpc: retry type=63 attempt=1 why=no-hint
inode-rpc: retry type=63 attempt=2 why=no-hint
inode-rpc: retry type=63 attempt=2 why=no-hint
inode-rpc: retry type=63 attempt=2 why=no-hint
inode-rpc: retry type=63 attempt=2 why=no-hint
inode-rpc: retry type=63 attempt=3 why=no-hint
inode-rpc: retry type=63 attempt=3 why=no-hint
inode-rpc: retry type=63 attempt=3 why=no-hint
inode-rpc: retry type=63 attempt=3 why=no-hint
inode-rpc: retry type=87 attempt=0 why=no-hint
inode-rpc: retry type=63 attempt=3 why=no-hint
inode-rpc: retry type=63 attempt=4 why=no-hint
inode-rpc: retry type=63 attempt=4 why=no-hint
inode-rpc: retry type=63 attempt=4 why=no-hint
inode-rpc: retry type=63 attempt=4 why=no-hint
inode-rpc: retry type=63 attempt=4 why=no-hint
inode-rpc: retry type=87 attempt=0 why=no-hint
inode-rpc: retry type=63 attempt=5 why=no-hint
inode-rpc: retry type=63 attempt=5 why=no-hint
inode-rpc: retry type=63 attempt=5 why=no-hint
inode-rpc: retry type=63 attempt=5 why=no-hint
inode-rpc: retry type=63 attempt=5 why=no-hint
inode-rpc: retry type=63 attempt=6 why=no-hint
inode-rpc: retry type=63 attempt=6 why=no-hint
inode-rpc: retry type=63 attempt=6 why=no-hint
inode-rpc: retry type=63 attempt=6 why=no-hint
inode-rpc: retry type=63 attempt=6 why=no-hint
inode-rpc: retry type=63 attempt=7 why=no-hint
inode-rpc: retry type=63 attempt=7 why=no-hint
inode-rpc: retry type=63 attempt=7 why=no-hint
inode-rpc: retry type=63 attempt=7 why=no-hint
inode-rpc: retry type=63 attempt=7 why=no-hint
inode-rpc: retry type=63 attempt=8 why=no-hint
inode-rpc: retry type=63 attempt=8 why=no-hint
inode-rpc: retry type=63 attempt=8 why=no-hint
inode-rpc: retry type=63 attempt=8 why=no-hint
inode-rpc: retry type=63 attempt=8 why=no-hint
inode-rpc: retry type=63 attempt=9 why=no-hint
inode-rpc: retry type=63 attempt=9 why=no-hint
inode-rpc: retry type=63 attempt=9 why=no-hint
inode-rpc: retry type=63 attempt=9 why=no-hint
inode-rpc: retry type=63 attempt=9 why=no-hint
efs-fuse: staging table over EFS_CLIENT_META_MB (256 MB) with nothing evictable; growing (pinned data is real work, not cache)
inode-rpc: retry type=63 attempt=10 why=no-hint
inode-rpc: retry type=63 attempt=10 why=no-hint
inode-rpc: retry type=63 attempt=10 why=no-hint
inode-rpc: retry type=63 attempt=10 why=no-hint
inode-rpc: retry type=63 attempt=10 why=no-hint
inode-rpc: retry type=63 attempt=11 why=no-hint
inode-rpc: retry type=63 attempt=11 why=no-hint
inode-rpc: retry type=63 attempt=11 why=no-hint
inode-rpc: retry type=63 attempt=11 why=no-hint
inode-rpc: retry type=63 attempt=11 why=no-hint
inode-rpc: retry type=63 attempt=12 why=no-hint
inode-rpc: retry type=63 attempt=12 why=no-hint
inode-rpc: retry type=63 attempt=12 why=no-hint
inode-rpc: retry type=63 attempt=12 why=no-hint
inode-rpc: retry type=63 attempt=12 why=no-hint
inode-rpc: retry type=63 attempt=13 why=no-hint
inode-rpc: retry type=63 attempt=13 why=no-hint
inode-rpc: retry type=63 attempt=13 why=no-hint
inode-rpc: retry type=63 attempt=13 why=no-hint
inode-rpc: retry type=63 attempt=13 why=no-hint
inode-rpc: retry type=63 attempt=14 why=no-hint
inode-rpc: retry type=63 attempt=14 why=no-hint
inode-rpc: retry type=63 attempt=14 why=no-hint
inode-rpc: retry type=63 attempt=14 why=no-hint
inode-rpc: retry type=63 attempt=14 why=no-hint
inode-rpc: retry type=63 attempt=15 why=no-hint
inode-rpc: retry type=63 attempt=15 why=no-hint
inode-rpc: retry type=63 attempt=15 why=no-hint
inode-rpc: retry type=63 attempt=15 why=no-hint
inode-rpc: retry type=63 attempt=15 why=no-hint
inode-rpc: shard=955 type=63 exhausted 16 BUSY/STALE retries (10.3 s) -> EBUSY
inode-rpc: shard=2299 type=63 exhausted 16 BUSY/STALE retries (10.3 s) -> EBUSY
inode-rpc: shard=1697 type=63 exhausted 16 BUSY/STALE retries (10.3 s) -> EBUSY
inode-rpc: shard=955 type=63 exhausted 16 BUSY/STALE retries (10.3 s) -> EBUSY
inode-rpc: shard=3587 type=63 exhausted 16 BUSY/STALE retries (10.3 s) -> EBUSY
inode-rpc: retry type=87 attempt=0 why=no-hint
inode-rpc: retry type=87 attempt=0 why=no-hint
inode-rpc: retry type=63 attempt=0 why=no-hint
inode-rpc: retry type=63 attempt=0 why=no-hint
inode-rpc: retry type=63 attempt=1 why=no-hint
inode-rpc: retry type=63 attempt=1 why=no-hint
inode-rpc: retry type=63 attempt=2 why=no-hint
inode-rpc: retry type=63 attempt=2 why=no-hint
inode-rpc: retry type=87 attempt=0 why=no-hint
inode-rpc: retry type=63 attempt=3 why=no-hint
inode-rpc: retry type=63 attempt=3 why=no-hint
inode-rpc: retry type=63 attempt=4 why=no-hint
inode-rpc: retry type=63 attempt=4 why=no-hint
inode-rpc: retry type=63 attempt=10 why=no-hint
inode-rpc: retry type=63 attempt=10 why=no-hint
inode-rpc: retry type=63 attempt=11 why=no-hint
inode-rpc: retry type=63 attempt=11 why=no-hint
inode-rpc: retry type=63 attempt=13 why=no-hint
inode-rpc: retry type=63 attempt=13 why=no-hint
inode-rpc: retry type=63 attempt=14 why=no-hint
inode-rpc: retry type=63 attempt=14 why=no-hint
inode-rpc: retry type=87 attempt=0 why=no-hint
inode-rpc: retry type=63 attempt=15 why=no-hint
inode-rpc: retry type=63 attempt=15 why=no-hint
inode-rpc: retry type=63 attempt=0 why=no-hint
inode-rpc: retry type=87 attempt=0 why=no-hint
inode-rpc: retry type=63 attempt=1 why=no-hint
inode-rpc: retry type=63 attempt=2 why=no-hint
inode-rpc: shard=2095 type=63 exhausted 16 BUSY/STALE retries (10.3 s) -> EBUSY
inode-rpc: retry type=63 attempt=3 why=no-hint
inode-rpc: shard=2095 type=63 exhausted 16 BUSY/STALE retries (10.3 s) -> EBUSY
inode-rpc: retry type=87 attempt=0 why=no-hint
inode-rpc: retry type=87 attempt=0 why=no-hint
inode-rpc: retry type=63 attempt=4 why=no-hint
inode-rpc: retry type=87 attempt=0 why=no-hint
inode-rpc: retry type=87 attempt=0 why=no-hint
inode-rpc: retry type=63 attempt=0 why=no-hint
inode-rpc: retry type=63 attempt=1 why=no-hint
inode-rpc: retry type=87 attempt=0 why=no-hint
inode-rpc: retry type=63 attempt=2 why=no-hint
inode-rpc: retry type=63 attempt=5 why=no-hint
inode-rpc: retry type=63 attempt=3 why=no-hint
inode-rpc: retry type=63 attempt=4 why=no-hint
inode-rpc: retry type=63 attempt=12 why=no-hint
inode-rpc: retry type=63 attempt=11 why=no-hint
inode-rpc: retry type=63 attempt=0 why=no-hint
inode-rpc: retry type=63 attempt=1 why=no-hint
inode-rpc: retry type=63 attempt=2 why=no-hint
inode-rpc: retry type=63 attempt=13 why=no-hint
inode-rpc: retry type=63 attempt=3 why=no-hint
inode-rpc: retry type=63 attempt=12 why=no-hint
inode-rpc: retry type=63 attempt=4 why=no-hint
inode-rpc: retry type=63 attempt=14 why=no-hint
inode-rpc: retry type=63 attempt=13 why=no-hint
inode-rpc: retry type=63 attempt=5 why=no-hint
inode-rpc: retry type=63 attempt=15 why=no-hint
inode-rpc: retry type=63 attempt=14 why=no-hint
inode-rpc: retry type=63 attempt=6 why=no-hint
inode-rpc: shard=3307 type=63 exhausted 16 BUSY/STALE retries (10.3 s) -> EBUSY
inode-rpc: retry type=63 attempt=15 why=no-hint
inode-rpc: retry type=63 attempt=7 why=no-hint
inode-rpc: shard=1101 type=63 exhausted 16 BUSY/STALE retries (10.3 s) -> EBUSY
inode-rpc: retry type=63 attempt=8 why=no-hint
inode-rpc: retry type=63 attempt=9 why=no-hint
inode-rpc: retry type=63 attempt=10 why=no-hint
inode-rpc: retry type=63 attempt=11 why=no-hint
inode-rpc: retry type=63 attempt=0 why=no-hint
inode-rpc: retry type=63 attempt=1 why=no-hint
inode-rpc: retry type=87 attempt=0 why=no-hint
inode-rpc: retry type=63 attempt=0 why=no-hint
inode-rpc: retry type=63 attempt=1 why=no-hint
inode-rpc: retry type=63 attempt=2 why=no-hint
inode-rpc: retry type=63 attempt=2 why=no-hint
inode-rpc: retry type=63 attempt=3 why=no-hint
inode-rpc: retry type=63 attempt=12 why=no-hint
inode-rpc: retry type=63 attempt=0 why=no-hint
inode-rpc: retry type=63 attempt=3 why=no-hint
inode-rpc: retry type=63 attempt=1 why=no-hint
inode-rpc: retry type=63 attempt=2 why=no-hint
inode-rpc: retry type=63 attempt=4 why=no-hint
inode-rpc: retry type=63 attempt=3 why=no-hint
inode-rpc: retry type=63 attempt=4 why=no-hint
inode-rpc: shard=3307 type=63 exhausted 16 BUSY/STALE retries (10.3 s) -> EBUSY
inode-rpc: retry type=63 attempt=9 why=no-hint
inode-rpc: retry type=63 attempt=10 why=no-hint
inode-rpc: retry type=63 attempt=9 why=no-hint
inode-rpc: retry type=63 attempt=10 why=no-hint
inode-rpc: retry type=63 attempt=11 why=no-hint
inode-rpc: retry type=63 attempt=10 why=no-hint
inode-rpc: retry type=63 attempt=11 why=no-hint
inode-rpc: retry type=63 attempt=12 why=no-hint
inode-rpc: retry type=63 attempt=11 why=no-hint
inode-rpc: retry type=63 attempt=12 why=no-hint
inode-rpc: retry type=63 attempt=13 why=no-hint
inode-rpc: retry type=63 attempt=12 why=no-hint
inode-rpc: retry type=63 attempt=13 why=no-hint
inode-rpc: retry type=63 attempt=14 why=no-hint
inode-rpc: retry type=63 attempt=13 why=no-hint
inode-rpc: retry type=63 attempt=14 why=no-hint
inode-rpc: retry type=63 attempt=15 why=no-hint
inode-rpc: retry type=63 attempt=14 why=no-hint
inode-rpc: shard=781 type=63 exhausted 16 BUSY/STALE retries (10.3 s) -> EBUSY
inode-rpc: retry type=63 attempt=15 why=no-hint
inode-rpc: retry type=63 attempt=15 why=no-hint
inode-rpc: shard=3307 type=63 exhausted 16 BUSY/STALE retries (10.3 s) -> EBUSY
inode-rpc: shard=3307 type=63 exhausted 16 BUSY/STALE retries (10.3 s) -> EBUSY
Discovered 4 cluster nodes from fcstor003.ib:19810
  node id=1 172.16.223.57:19810
  node id=2 172.16.223.58:19810
  node id=3 172.16.223.59:19810
  node id=4 172.16.223.60:19810
fetching metadata...
meta: raft host mounted export 'fs' (bits=12, no GET_META table)
export id=1 name=fs
meta ready staged_rows=1 staged_chunks=0 staged_bytes=169120 root_get=0 mode=40755
efs-fuse daemon pid=105058
fuse serving
efs: RDMA transport up on mlx5_1 port 1 (lid 1911, 36 x 72 KiB bufs/conn)
inode-rpc: retry type=63 attempt=0 why=no-hint
inode-rpc: retry type=63 attempt=0 why=no-hint
inode-rpc: retry type=63 attempt=0 why=no-hint
inode-rpc: retry type=63 attempt=0 why=no-hint
inode-rpc: retry type=63 attempt=1 why=no-hint
inode-rpc: retry type=63 attempt=1 why=no-hint
inode-rpc: retry type=63 attempt=1 why=no-hint
inode-rpc: retry type=63 attempt=1 why=no-hint
inode-rpc: retry type=63 attempt=2 why=no-hint
inode-rpc: retry type=63 attempt=2 why=no-hint
inode-rpc: retry type=63 attempt=2 why=no-hint
inode-rpc: retry type=63 attempt=2 why=no-hint
inode-rpc: retry type=63 attempt=0 why=no-hint
inode-rpc: retry type=63 attempt=0 why=no-hint
inode-rpc: retry type=63 attempt=0 why=no-hint
inode-rpc: retry type=63 attempt=1 why=no-hint
inode-rpc: retry type=63 attempt=0 why=no-hint
inode-rpc: retry type=63 attempt=0 why=no-hint
inode-rpc: retry type=63 attempt=0 why=no-hint
inode-rpc: retry type=63 attempt=0 why=no-hint
inode-rpc: retry type=63 attempt=1 why=no-hint
inode-rpc: retry type=63 attempt=2 why=no-hint
inode-rpc: retry type=63 attempt=0 why=no-hint
inode-rpc: retry type=63 attempt=3 why=no-hint
inode-rpc: retry type=63 attempt=0 why=no-hint
inode-rpc: retry type=63 attempt=1 why=no-hint
inode-rpc: retry type=63 attempt=0 why=no-hint
inode-rpc: retry type=63 attempt=1 why=no-hint
inode-rpc: retry type=63 attempt=1 why=no-hint
inode-rpc: retry type=63 attempt=1 why=no-hint
inode-rpc: retry type=63 attempt=1 why=no-hint
inode-rpc: retry type=63 attempt=3 why=no-hint
inode-rpc: retry type=63 attempt=3 why=no-hint
inode-rpc: retry type=63 attempt=3 why=no-hint
inode-rpc: retry type=87 attempt=0 why=no-hint
inode-rpc: retry type=63 attempt=1 why=no-hint
inode-rpc: retry type=63 attempt=1 why=no-hint
inode-rpc: retry type=63 attempt=1 why=no-hint
inode-rpc: retry type=63 attempt=2 why=no-hint
inode-rpc: retry type=63 attempt=2 why=no-hint
inode-rpc: retry type=63 attempt=2 why=no-hint
inode-rpc: retry type=63 attempt=2 why=no-hint
inode-rpc: retry type=63 attempt=2 why=no-hint
inode-rpc: retry type=63 attempt=2 why=no-hint
inode-rpc: retry type=63 attempt=2 why=no-hint
inode-rpc: retry type=63 attempt=2 why=no-hint
inode-rpc: retry type=63 attempt=2 why=no-hint
inode-rpc: retry type=63 attempt=3 why=no-hint
inode-rpc: retry type=63 attempt=4 why=no-hint
inode-rpc: retry type=63 attempt=4 why=no-hint
inode-rpc: retry type=63 attempt=4 why=no-hint
inode-rpc: retry type=63 attempt=3 why=no-hint
inode-rpc: retry type=63 attempt=3 why=no-hint
inode-rpc: retry type=63 attempt=4 why=no-hint
inode-rpc: retry type=63 attempt=3 why=no-hint
inode-rpc: retry type=63 attempt=3 why=no-hint
inode-rpc: retry type=63 attempt=3 why=no-hint
inode-rpc: retry type=63 attempt=3 why=no-hint
inode-rpc: retry type=63 attempt=3 why=no-hint
inode-rpc: retry type=63 attempt=3 why=no-hint
inode-rpc: retry type=63 attempt=3 why=no-hint
inode-rpc: retry type=63 attempt=4 why=no-hint
inode-rpc: retry type=63 attempt=4 why=no-hint
inode-rpc: retry type=63 attempt=4 why=no-hint
inode-rpc: retry type=63 attempt=4 why=no-hint
inode-rpc: retry type=63 attempt=4 why=no-hint
inode-rpc: retry type=63 attempt=4 why=no-hint
inode-rpc: retry type=63 attempt=4 why=no-hint
inode-rpc: retry type=63 attempt=4 why=no-hint
inode-rpc: retry type=63 attempt=4 why=no-hint
inode-rpc: retry type=63 attempt=4 why=no-hint
inode-rpc: retry type=63 attempt=5 why=no-hint
inode-rpc: retry type=63 attempt=5 why=no-hint
inode-rpc: retry type=63 attempt=5 why=no-hint
inode-rpc: retry type=63 attempt=5 why=no-hint
inode-rpc: retry type=63 attempt=5 why=no-hint
inode-rpc: retry type=63 attempt=5 why=no-hint
inode-rpc: retry type=63 attempt=5 why=no-hint
inode-rpc: retry type=63 attempt=5 why=no-hint
inode-rpc: retry type=63 attempt=5 why=no-hint
inode-rpc: retry type=63 attempt=5 why=no-hint
inode-rpc: retry type=63 attempt=5 why=no-hint
inode-rpc: retry type=63 attempt=5 why=no-hint
inode-rpc: retry type=63 attempt=5 why=no-hint
inode-rpc: retry type=63 attempt=5 why=no-hint
inode-rpc: retry type=63 attempt=6 why=no-hint
inode-rpc: retry type=63 attempt=6 why=no-hint
inode-rpc: retry type=63 attempt=6 why=no-hint
inode-rpc: retry type=63 attempt=6 why=no-hint
inode-rpc: retry type=63 attempt=6 why=no-hint
inode-rpc: retry type=63 attempt=6 why=no-hint
inode-rpc: retry type=63 attempt=6 why=no-hint
inode-rpc: retry type=63 attempt=6 why=no-hint
inode-rpc: retry type=63 attempt=6 why=no-hint
inode-rpc: retry type=63 attempt=6 why=no-hint
inode-rpc: retry type=63 attempt=6 why=no-hint
inode-rpc: retry type=63 attempt=6 why=no-hint
inode-rpc: retry type=63 attempt=6 why=no-hint
inode-rpc: retry type=63 attempt=6 why=no-hint
inode-rpc: retry type=63 attempt=7 why=no-hint
inode-rpc: retry type=63 attempt=7 why=no-hint
inode-rpc: retry type=63 attempt=7 why=no-hint
inode-rpc: retry type=63 attempt=7 why=no-hint
inode-rpc: retry type=63 attempt=7 why=no-hint
inode-rpc: retry type=63 attempt=7 why=no-hint
inode-rpc: retry type=63 attempt=7 why=no-hint
inode-rpc: retry type=63 attempt=7 why=no-hint
inode-rpc: retry type=63 attempt=7 why=no-hint
inode-rpc: retry type=63 attempt=7 why=no-hint
inode-rpc: retry type=63 attempt=7 why=no-hint
inode-rpc: retry type=63 attempt=7 why=no-hint
inode-rpc: retry type=63 attempt=7 why=no-hint
inode-rpc: retry type=63 attempt=7 why=no-hint
inode-rpc: retry type=63 attempt=8 why=no-hint
inode-rpc: retry type=63 attempt=8 why=no-hint
inode-rpc: retry type=63 attempt=8 why=no-hint
inode-rpc: retry type=63 attempt=8 why=no-hint
inode-rpc: retry type=63 attempt=8 why=no-hint
inode-rpc: retry type=63 attempt=8 why=no-hint
inode-rpc: retry type=63 attempt=8 why=no-hint
inode-rpc: retry type=63 attempt=8 why=no-hint
inode-rpc: retry type=63 attempt=8 why=no-hint
inode-rpc: retry type=63 attempt=8 why=no-hint
inode-rpc: retry type=63 attempt=8 why=no-hint
inode-rpc: retry type=63 attempt=8 why=no-hint
inode-rpc: retry type=63 attempt=8 why=no-hint
inode-rpc: retry type=63 attempt=8 why=no-hint
inode-rpc: retry type=63 attempt=9 why=no-hint
inode-rpc: retry type=63 attempt=9 why=no-hint
inode-rpc: retry type=63 attempt=9 why=no-hint
inode-rpc: retry type=63 attempt=9 why=no-hint
inode-rpc: retry type=63 attempt=9 why=no-hint
inode-rpc: retry type=63 attempt=9 why=no-hint
inode-rpc: retry type=63 attempt=9 why=no-hint
inode-rpc: retry type=63 attempt=9 why=no-hint
inode-rpc: retry type=63 attempt=10 why=no-hint
inode-rpc: retry type=63 attempt=10 why=no-hint
inode-rpc: retry type=63 attempt=10 why=no-hint
inode-rpc: retry type=63 attempt=10 why=no-hint
inode-rpc: retry type=63 attempt=10 why=no-hint
inode-rpc: retry type=63 attempt=10 why=no-hint
inode-rpc: retry type=63 attempt=10 why=no-hint
inode-rpc: retry type=63 attempt=10 why=no-hint
inode-rpc: retry type=63 attempt=10 why=no-hint
inode-rpc: retry type=63 attempt=10 why=no-hint
inode-rpc: retry type=63 attempt=10 why=no-hint
inode-rpc: retry type=63 attempt=10 why=no-hint
inode-rpc: retry type=63 attempt=10 why=no-hint
inode-rpc: retry type=63 attempt=10 why=no-hint
inode-rpc: retry type=63 attempt=11 why=no-hint
inode-rpc: retry type=63 attempt=11 why=no-hint
inode-rpc: retry type=63 attempt=11 why=no-hint
inode-rpc: retry type=63 attempt=11 why=no-hint
inode-rpc: retry type=63 attempt=11 why=no-hint
inode-rpc: retry type=63 attempt=11 why=no-hint
inode-rpc: retry type=63 attempt=11 why=no-hint
inode-rpc: retry type=63 attempt=11 why=no-hint
inode-rpc: retry type=63 attempt=11 why=no-hint
inode-rpc: retry type=63 attempt=11 why=no-hint
inode-rpc: retry type=63 attempt=11 why=no-hint
inode-rpc: retry type=63 attempt=11 why=no-hint
inode-rpc: retry type=63 attempt=11 why=no-hint
inode-rpc: retry type=63 attempt=11 why=no-hint
inode-rpc: retry type=63 attempt=12 why=no-hint
inode-rpc: retry type=63 attempt=12 why=no-hint
inode-rpc: retry type=63 attempt=12 why=no-hint
inode-rpc: retry type=63 attempt=12 why=no-hint
inode-rpc: retry type=63 attempt=12 why=no-hint
inode-rpc: retry type=63 attempt=12 why=no-hint
inode-rpc: retry type=63 attempt=12 why=no-hint
inode-rpc: retry type=63 attempt=12 why=no-hint
inode-rpc: retry type=63 attempt=12 why=no-hint
inode-rpc: retry type=63 attempt=12 why=no-hint
inode-rpc: retry type=63 attempt=12 why=no-hint
inode-rpc: retry type=63 attempt=12 why=no-hint
inode-rpc: retry type=63 attempt=12 why=no-hint
inode-rpc: retry type=63 attempt=12 why=no-hint
inode-rpc: retry type=63 attempt=13 why=no-hint
inode-rpc: retry type=63 attempt=13 why=no-hint
inode-rpc: retry type=63 attempt=13 why=no-hint
inode-rpc: retry type=63 attempt=13 why=no-hint
inode-rpc: retry type=63 attempt=13 why=no-hint
inode-rpc: retry type=63 attempt=13 why=no-hint
inode-rpc: retry type=63 attempt=13 why=no-hint
inode-rpc: retry type=63 attempt=13 why=no-hint
inode-rpc: retry type=63 attempt=13 why=no-hint
inode-rpc: retry type=63 attempt=13 why=no-hint
inode-rpc: retry type=63 attempt=13 why=no-hint
inode-rpc: retry type=63 attempt=13 why=no-hint
inode-rpc: retry type=63 attempt=13 why=no-hint
inode-rpc: retry type=63 attempt=13 why=no-hint
inode-rpc: retry type=63 attempt=14 why=no-hint
inode-rpc: retry type=63 attempt=14 why=no-hint
inode-rpc: retry type=63 attempt=14 why=no-hint
inode-rpc: retry type=63 attempt=14 why=no-hint
inode-rpc: retry type=63 attempt=14 why=no-hint
inode-rpc: retry type=63 attempt=14 why=no-hint
inode-rpc: retry type=63 attempt=14 why=no-hint
inode-rpc: retry type=63 attempt=14 why=no-hint
inode-rpc: retry type=63 attempt=14 why=no-hint
inode-rpc: retry type=63 attempt=14 why=no-hint
inode-rpc: retry type=63 attempt=14 why=no-hint
inode-rpc: retry type=63 attempt=14 why=no-hint
inode-rpc: retry type=63 attempt=14 why=no-hint
inode-rpc: retry type=63 attempt=14 why=no-hint
inode-rpc: shard=2299 type=63 exhausted 16 BUSY/STALE retries (10.3 s) -> EBUSY
inode-rpc: shard=2299 type=63 exhausted 16 BUSY/STALE retries (10.3 s) -> EBUSY
inode-rpc: shard=2299 type=63 exhausted 16 BUSY/STALE retries (10.3 s) -> EBUSY
inode-rpc: shard=2299 type=63 exhausted 16 BUSY/STALE retries (10.3 s) -> EBUSY
inode-rpc: shard=2299 type=63 exhausted 16 BUSY/STALE retries (10.3 s) -> EBUSY
inode-rpc: shard=2299 type=63 exhausted 16 BUSY/STALE retries (10.3 s) -> EBUSY
inode-rpc: shard=2299 type=63 exhausted 16 BUSY/STALE retries (10.3 s) -> EBUSY
inode-rpc: shard=2299 type=63 exhausted 16 BUSY/STALE retries (10.3 s) -> EBUSY
inode-rpc: shard=2299 type=63 exhausted 16 BUSY/STALE retries (10.3 s) -> EBUSY
inode-rpc: shard=2299 type=63 exhausted 16 BUSY/STALE retries (10.3 s) -> EBUSY
inode-rpc: shard=1697 type=63 exhausted 16 BUSY/STALE retries (10.3 s) -> EBUSY
inode-rpc: shard=2299 type=63 exhausted 16 BUSY/STALE retries (10.3 s) -> EBUSY
inode-rpc: shard=3251 type=63 exhausted 16 BUSY/STALE retries (10.3 s) -> EBUSY
inode-rpc: shard=2299 type=63 exhausted 16 BUSY/STALE retries (10.3 s) -> EBUSY
efs: rename_at 1687364/.ecopy.tmp.105137.105 -> 1687364/ykpg-avs4 rc=-1 after 1 tries
inode-rpc: retry type=87 attempt=0 why=no-hint
efs: rename_at 2578935/.ecopy.tmp.105137.125 -> 2578935/7f97-pqzg rc=-3 after 1 tries
inode-rpc: shard=2358 type=87 exhausted 16 BUSY/STALE retries (10.3 s) -> EBUSY
inode-rpc: shard=2840 type=87 exhausted 16 BUSY/STALE retries (10.3 s) -> EBUSY
inode-rpc: shard=2358 type=87 exhausted 16 BUSY/STALE retries (10.3 s) -> EBUSY
inode-rpc: shard=2840 type=87 exhausted 16 BUSY/STALE retries (10.3 s) -> EBUSY
inode-rpc: dual type=45 exhausted 16 BUSY/STALE retries (10.3 s) -> EBUSY
inode-rpc: shard=2551 type=43 exhausted 16 BUSY/STALE retries (10.3 s) -> EBUSY
inode-rpc: shard=3223 type=43 exhausted 16 BUSY/STALE retries (10.3 s) -> EBUSY
inode-rpc: shard=3587 type=43 exhausted 16 BUSY/STALE retries (10.3 s) -> EBUSY
inode-rpc: shard=2941 type=47 exhausted 16 BUSY/STALE retries (10.3 s) -> EBUSY
inode-rpc: shard=1217 type=47 exhausted 16 BUSY/STALE retries (10.3 s) -> EBUSY
inode-rpc: shard=51 type=43 exhausted 16 BUSY/STALE retries (10.3 s) -> EBUSY
inode-rpc: shard=2739 type=47 exhausted 16 BUSY/STALE retries (10.3 s) -> EBUSY
inode-rpc: shard=4043 type=47 exhausted 16 BUSY/STALE retries (10.3 s) -> EBUSY
inode-rpc: shard=3251 type=43 exhausted 16 BUSY/STALE retries (10.3 s) -> EBUSY
inode-rpc: shard=2299 type=63 exhausted 16 BUSY/STALE retries (10.3 s) -> EBUSY
inode-rpc: shard=51 type=43 exhausted 16 BUSY/STALE retries (10.3 s) -> EBUSY
inode-rpc: shard=51 type=43 exhausted 16 BUSY/STALE retries (10.3 s) -> EBUSY
inode-rpc: shard=51 type=43 exhausted 16 BUSY/STALE retries (10.3 s) -> EBUSY
inode-rpc: shard=51 type=43 exhausted 16 BUSY/STALE retries (10.3 s) -> EBUSY
inode-rpc: shard=51 type=43 exhausted 16 BUSY/STALE retries (10.3 s) -> EBUSY
inode-rpc: shard=363 type=43 exhausted 16 BUSY/STALE retries (10.3 s) -> EBUSY
inode-rpc: shard=51 type=43 exhausted 16 BUSY/STALE retries (10.3 s) -> EBUSY
inode-rpc: shard=2883 type=47 exhausted 16 BUSY/STALE retries (10.3 s) -> EBUSY
inode-rpc: shard=51 type=43 exhausted 16 BUSY/STALE retries (10.3 s) -> EBUSY
inode-rpc: shard=51 type=43 exhausted 16 BUSY/STALE retries (10.3 s) -> EBUSY
inode-rpc: shard=51 type=43 exhausted 16 BUSY/STALE retries (10.3 s) -> EBUSY
inode-rpc: shard=51 type=43 exhausted 16 BUSY/STALE retries (10.3 s) -> EBUSY
inode-rpc: shard=51 type=43 exhausted 16 BUSY/STALE retries (10.3 s) -> EBUSY
inode-rpc: shard=51 type=43 exhausted 16 BUSY/STALE retries (10.3 s) -> EBUSY
inode-rpc: shard=51 type=43 exhausted 16 BUSY/STALE retries (10.3 s) -> EBUSY
inode-rpc: shard=51 type=43 exhausted 16 BUSY/STALE retries (10.3 s) -> EBUSY
inode-rpc: shard=987 type=47 exhausted 16 BUSY/STALE retries (10.3 s) -> EBUSY
inode-rpc: shard=51 type=43 exhausted 16 BUSY/STALE retries (10.3 s) -> EBUSY
inode-rpc: shard=51 type=43 exhausted 16 BUSY/STALE retries (10.3 s) -> EBUSY
inode-rpc: shard=3691 type=47 exhausted 16 BUSY/STALE retries (10.3 s) -> EBUSY
fuse: mkdir parent=1067100 name=g5u6-kwrv ok ino=9674347 getattr rc=-16, local reply
inode-rpc: retry type=43 attempt=15 why=no-hint
inode-rpc: retry type=63 attempt=13 why=no-hint
inode-rpc: retry type=45 attempt=15 why=no-hint
inode-rpc: shard=3587 type=43 exhausted 16 BUSY/STALE retries (10.3 s) -> EBUSY
inode-rpc: shard=3223 type=43 exhausted 16 BUSY/STALE retries (10.3 s) -> EBUSY
inode-rpc: shard=2551 type=43 exhausted 16 BUSY/STALE retries (10.3 s) -> EBUSY
inode-rpc: shard=2941 type=47 exhausted 16 BUSY/STALE retries (10.3 s) -> EBUSY
inode-rpc: shard=3303 type=47 exhausted 16 BUSY/STALE retries (10.3 s) -> EBUSY
inode-rpc: shard=3251 type=43 exhausted 16 BUSY/STALE retries (10.3 s) -> EBUSY
inode-rpc: shard=4043 type=47 exhausted 16 BUSY/STALE retries (10.3 s) -> EBUSY
inode-rpc: shard=2415 type=47 exhausted 16 BUSY/STALE retries (10.3 s) -> EBUSY
inode-rpc: shard=51 type=43 exhausted 16 BUSY/STALE retries (10.3 s) -> EBUSY
inode-rpc: shard=51 type=43 exhausted 16 BUSY/STALE retries (10.3 s) -> EBUSY
inode-rpc: shard=363 type=45 exhausted 16 BUSY/STALE retries (10.3 s) -> EBUSY
create .ecopy.tmp.105137.184 failed (err)
inode-rpc: shard=2358 type=87 exhausted 16 BUSY/STALE retries (10.3 s) -> EBUSY
inode-rpc: shard=2840 type=87 exhausted 16 BUSY/STALE retries (10.3 s) -> EBUSY
inode-rpc: shard=2883 type=47 exhausted 16 BUSY/STALE retries (10.3 s) -> EBUSY
inode-rpc: shard=987 type=47 exhausted 16 BUSY/STALE retries (10.3 s) -> EBUSY
inode-rpc: shard=2299 type=63 exhausted 16 BUSY/STALE retries (10.3 s) -> EBUSY
inode-rpc: shard=3861 type=43 exhausted 16 BUSY/STALE retries (10.3 s) -> EBUSY
inode-rpc: retry type=43 attempt=6 why=no-hint
inode-rpc: retry type=43 attempt=7 why=no-hint
inode-rpc: retry type=43 attempt=7 why=no-hint
inode-rpc: retry type=43 attempt=7 why=no-hint
inode-rpc: retry type=43 attempt=10 why=no-hint
inode-rpc: retry type=45 attempt=4 why=no-hint
inode-rpc: retry type=43 attempt=7 why=no-hint
inode-rpc: retry type=43 attempt=7 why=no-hint
inode-rpc: retry type=43 attempt=7 why=no-hint
inode-rpc: shard=51 type=43 exhausted 16 BUSY/STALE retries (10.3 s) -> EBUSY
inode-rpc: shard=3587 type=43 exhausted 16 BUSY/STALE retries (10.3 s) -> EBUSY
inode-rpc: shard=2551 type=43 exhausted 16 BUSY/STALE retries (10.3 s) -> EBUSY
inode-rpc: shard=3223 type=43 exhausted 16 BUSY/STALE retries (10.3 s) -> EBUSY
inode-rpc: shard=3251 type=43 exhausted 16 BUSY/STALE retries (10.3 s) -> EBUSY
inode-rpc: shard=51 type=43 exhausted 16 BUSY/STALE retries (10.3 s) -> EBUSY
inode-rpc: shard=51 type=43 exhausted 16 BUSY/STALE retries (10.3 s) -> EBUSY
inode-rpc: shard=363 type=43 exhausted 16 BUSY/STALE retries (10.3 s) -> EBUSY
inode-rpc: shard=3861 type=45 exhausted 16 BUSY/STALE retries (10.3 s) -> EBUSY
create dat03 failed (err)
inode-rpc: shard=987 type=43 exhausted 16 BUSY/STALE retries (10.3 s) -> EBUSY
inode-rpc: shard=3303 type=43 exhausted 16 BUSY/STALE retries (10.3 s) -> EBUSY
inode-rpc: shard=2197 type=43 exhausted 16 BUSY/STALE retries (10.3 s) -> EBUSY
inode-rpc: shard=3423 type=43 exhausted 16 BUSY/STALE retries (10.3 s) -> EBUSY
inode-rpc: shard=2883 type=43 exhausted 16 BUSY/STALE retries (10.3 s) -> EBUSY
inode-rpc: shard=3307 type=43 exhausted 16 BUSY/STALE retries (10.3 s) -> EBUSY
inode-rpc: shard=2415 type=43 exhausted 16 BUSY/STALE retries (10.3 s) -> EBUSY
inode-rpc: shard=2299 type=63 exhausted 16 BUSY/STALE retries (10.3 s) -> EBUSY
inode-rpc: shard=2840 type=87 exhausted 16 BUSY/STALE retries (10.3 s) -> EBUSY
inode-rpc: shard=51 type=43 exhausted 16 BUSY/STALE retries (10.3 s) -> EBUSY
inode-rpc: shard=3223 type=43 exhausted 16 BUSY/STALE retries (10.3 s) -> EBUSY
inode-rpc: shard=3587 type=43 exhausted 16 BUSY/STALE retries (10.3 s) -> EBUSY
inode-rpc: shard=2358 type=87 exhausted 16 BUSY/STALE retries (10.3 s) -> EBUSY
inode-rpc: shard=3251 type=43 exhausted 16 BUSY/STALE retries (10.3 s) -> EBUSY
inode-rpc: shard=51 type=43 exhausted 16 BUSY/STALE retries (10.3 s) -> EBUSY
inode-rpc: shard=4023 type=47 exhausted 16 BUSY/STALE retries (10.3 s) -> EBUSY
inode-rpc: shard=51 type=43 exhausted 16 BUSY/STALE retries (10.3 s) -> EBUSY
inode-rpc: shard=363 type=47 exhausted 16 BUSY/STALE retries (10.3 s) -> EBUSY
inode-rpc: shard=3861 type=43 exhausted 16 BUSY/STALE retries (10.3 s) -> EBUSY
inode-rpc: shard=2197 type=45 exhausted 16 BUSY/STALE retries (10.3 s) -> EBUSY
create .ecopy.tmp.105137.200 failed (err)
inode-rpc: shard=3423 type=45 exhausted 16 BUSY/STALE retries (10.3 s) -> EBUSY
create .ecopy.tmp.105137.198 failed (err)
inode-rpc: shard=987 type=45 exhausted 16 BUSY/STALE retries (10.3 s) -> EBUSY
create .ecopy.tmp.105137.204 failed (err)
inode-rpc: shard=2883 type=45 exhausted 16 BUSY/STALE retries (10.3 s) -> EBUSY
create .ecopy.tmp.105137.203 failed (err)
inode-rpc: shard=3303 type=45 exhausted 16 BUSY/STALE retries (10.3 s) -> EBUSY
create .ecopy.tmp.105137.199 failed (err)
inode-rpc: shard=3307 type=45 exhausted 16 BUSY/STALE retries (10.3 s) -> EBUSY
create .ecopy.tmp.105137.205 failed (err)
inode-rpc: shard=2415 type=45 exhausted 16 BUSY/STALE retries (10.3 s) -> EBUSY
create .ecopy.tmp.105137.201 failed (err)
inode-rpc: retry type=87 attempt=7 why=no-hint
inode-rpc: shard=51 type=43 exhausted 16 BUSY/STALE retries (10.3 s) -> EBUSY
inode-rpc: shard=2095 type=47 exhausted 16 BUSY/STALE retries (10.3 s) -> EBUSY
inode-rpc: shard=3587 type=45 exhausted 16 BUSY/STALE retries (10.3 s) -> EBUSY
create .ecopy.tmp.105137.206 failed (err)
inode-rpc: shard=3223 type=45 exhausted 16 BUSY/STALE retries (10.3 s) -> EBUSY
create .ecopy.tmp.105137.208 failed (err)
inode-rpc: retry type=43 attempt=15 why=no-hint
inode-rpc: retry type=45 attempt=15 why=no-hint
inode-rpc: retry type=43 attempt=15 why=no-hint
inode-rpc: retry type=43 attempt=0 why=no-hint
inode-rpc: retry type=43 attempt=10 why=no-hint
inode-rpc: retry type=43 attempt=10 why=no-hint
inode-rpc: retry type=43 attempt=10 why=no-hint
inode-rpc: retry type=43 attempt=10 why=no-hint
inode-rpc: retry type=43 attempt=10 why=no-hint
inode-rpc: retry type=43 attempt=10 why=no-hint
inode-rpc: retry type=43 attempt=5 why=no-hint
inode-rpc: retry type=45 attempt=13 why=no-hint
inode-rpc: retry type=43 attempt=10 why=no-hint
inode-rpc: retry type=43 attempt=1 why=no-hint
inode-rpc: shard=51 type=43 exhausted 16 BUSY/STALE retries (10.3 s) -> EBUSY
inode-rpc: shard=3251 type=45 exhausted 16 BUSY/STALE retries (10.3 s) -> EBUSY
create .ecopy.tmp.105137.209 failed (err)
inode-rpc: shard=51 type=43 exhausted 16 BUSY/STALE retries (10.3 s) -> EBUSY
inode-rpc: shard=363 type=47 exhausted 16 BUSY/STALE retries (10.3 s) -> EBUSY
inode-rpc: shard=4023 type=47 exhausted 16 BUSY/STALE retries (10.3 s) -> EBUSY
inode-rpc: shard=2358 type=87 exhausted 16 BUSY/STALE retries (10.3 s) -> EBUSY
inode-rpc: shard=2840 type=87 exhausted 16 BUSY/STALE retries (10.3 s) -> EBUSY
inode-rpc: shard=3861 type=45 exhausted 16 BUSY/STALE retries (10.3 s) -> EBUSY
create dat02 failed (err)
inode-rpc: shard=3423 type=43 exhausted 16 BUSY/STALE retries (10.3 s) -> EBUSY
inode-rpc: shard=2883 type=43 exhausted 16 BUSY/STALE retries (10.3 s) -> EBUSY
inode-rpc: shard=3307 type=43 exhausted 16 BUSY/STALE retries (10.3 s) -> EBUSY
inode-rpc: shard=987 type=43 exhausted 16 BUSY/STALE retries (10.3 s) -> EBUSY
inode-rpc: shard=3303 type=43 exhausted 16 BUSY/STALE retries (10.3 s) -> EBUSY
inode-rpc: shard=2197 type=43 exhausted 16 BUSY/STALE retries (10.3 s) -> EBUSY
inode-rpc: shard=2415 type=43 exhausted 16 BUSY/STALE retries (10.3 s) -> EBUSY
inode-rpc: shard=51 type=43 exhausted 16 BUSY/STALE retries (10.3 s) -> EBUSY
inode-rpc: retry type=63 attempt=8 why=no-hint
inode-rpc: retry type=45 attempt=9 why=no-hint
inode-rpc: retry type=45 attempt=9 why=no-hint
inode-rpc: retry type=45 attempt=9 why=no-hint
inode-rpc: retry type=45 attempt=9 why=no-hint
inode-rpc: retry type=45 attempt=9 why=no-hint
inode-rpc: retry type=43 attempt=14 why=no-hint
inode-rpc: retry type=43 attempt=15 why=no-hint
inode-rpc: shard=3223 type=43 exhausted 16 BUSY/STALE retries (10.3 s) -> EBUSY
inode-rpc: shard=51 type=43 exhausted 16 BUSY/STALE retries (10.3 s) -> EBUSY
inode-rpc: shard=2095 type=47 exhausted 16 BUSY/STALE retries (10.3 s) -> EBUSY
inode-rpc: shard=3797 type=47 exhausted 16 BUSY/STALE retries (10.3 s) -> EBUSY
inode-rpc: shard=4023 type=47 exhausted 16 BUSY/STALE retries (10.3 s) -> EBUSY
inode-rpc: shard=3861 type=43 exhausted 16 BUSY/STALE retries (10.3 s) -> EBUSY
inode-rpc: shard=2840 type=87 exhausted 16 BUSY/STALE retries (10.3 s) -> EBUSY
inode-rpc: shard=2358 type=87 exhausted 16 BUSY/STALE retries (10.3 s) -> EBUSY
inode-rpc: shard=2197 type=45 exhausted 16 BUSY/STALE retries (10.3 s) -> EBUSY
create .ecopy.tmp.105137.213 failed (err)
inode-rpc: shard=3303 type=45 exhausted 16 BUSY/STALE retries (10.3 s) -> EBUSY
create .ecopy.tmp.105137.217 failed (err)
inode-rpc: shard=3423 type=45 exhausted 16 BUSY/STALE retries (10.3 s) -> EBUSY
create .ecopy.tmp.105137.214 failed (err)
inode-rpc: shard=2883 type=45 exhausted 16 BUSY/STALE retries (10.3 s) -> EBUSY
create .ecopy.tmp.105137.216 failed (err)
inode-rpc: shard=987 type=45 exhausted 16 BUSY/STALE retries (10.3 s) -> EBUSY
create .ecopy.tmp.105137.215 failed (err)
inode-rpc: shard=2415 type=45 exhausted 16 BUSY/STALE retries (10.3 s) -> EBUSY
create .ecopy.tmp.105137.218 failed (err)
inode-rpc: shard=2299 type=63 exhausted 16 BUSY/STALE retries (10.3 s) -> EBUSY
inode-rpc: retry type=63 attempt=0 why=no-hint
inode-rpc: retry type=43 attempt=0 why=no-hint
inode-rpc: retry type=43 attempt=12 why=no-hint
inode-rpc: retry type=45 attempt=8 why=no-hint
inode-rpc: retry type=43 attempt=5 why=no-hint
inode-rpc: retry type=43 attempt=14 why=no-hint
inode-rpc: retry type=63 attempt=1 why=no-hint
inode-rpc: retry type=43 attempt=1 why=no-hint
inode-rpc: shard=51 type=43 exhausted 16 BUSY/STALE retries (10.3 s) -> EBUSY
inode-rpc: shard=2739 type=43 exhausted 16 BUSY/STALE retries (10.3 s) -> EBUSY
inode-rpc: shard=3223 type=45 exhausted 16 BUSY/STALE retries (10.3 s) -> EBUSY
create .ecopy.tmp.105137.220 failed (err)
inode-rpc: shard=51 type=43 exhausted 16 BUSY/STALE retries (10.3 s) -> EBUSY
inode-rpc: shard=3861 type=45 exhausted 16 BUSY/STALE retries (10.3 s) -> EBUSY
create dat01 failed (err)
inode-rpc: shard=2840 type=87 exhausted 16 BUSY/STALE retries (10.3 s) -> EBUSY
inode-rpc: shard=2358 type=87 exhausted 16 BUSY/STALE retries (10.3 s) -> EBUSY
inode-rpc: shard=2883 type=43 exhausted 16 BUSY/STALE retries (10.3 s) -> EBUSY
inode-rpc: shard=3423 type=43 exhausted 16 BUSY/STALE retries (10.3 s) -> EBUSY
inode-rpc: shard=2197 type=43 exhausted 16 BUSY/STALE retries (10.3 s) -> EBUSY
inode-rpc: shard=3303 type=43 exhausted 16 BUSY/STALE retries (10.3 s) -> EBUSY
inode-rpc: shard=987 type=43 exhausted 16 BUSY/STALE retries (10.3 s) -> EBUSY
inode-rpc: shard=2415 type=43 exhausted 16 BUSY/STALE retries (10.3 s) -> EBUSY
inode-rpc: retry type=87 attempt=9 why=no-hint
inode-rpc: shard=3797 type=43 exhausted 16 BUSY/STALE retries (10.3 s) -> EBUSY
inode-rpc: shard=2095 type=43 exhausted 16 BUSY/STALE retries (10.3 s) -> EBUSY
inode-rpc: shard=4023 type=43 exhausted 16 BUSY/STALE retries (10.3 s) -> EBUSY
inode-rpc: shard=2358 type=87 exhausted 16 BUSY/STALE retries (10.3 s) -> EBUSY
efs: rename_at 1227062/.ecopy.tmp.105137.100 -> 1227062/9j3l-2wld rc=-13 after 9 tries
inode-rpc: shard=2840 type=87 exhausted 16 BUSY/STALE retries (10.3 s) -> EBUSY
efs: rename_at 2698008/.ecopy.tmp.105137.102 -> 2698008/5yxh-asnq rc=-13 after 9 tries
Discovered 4 cluster nodes from fcstor003.ib:19810
  node id=1 172.16.223.57:19810
  node id=2 172.16.223.58:19810
  node id=3 172.16.223.59:19810
  node id=4 172.16.223.60:19810
fetching metadata...
meta: raft host mounted export 'fs' (bits=12, no GET_META table)
export id=1 name=fs
meta ready staged_rows=1 staged_chunks=0 staged_bytes=169120 root_get=0 mode=40755
efs-fuse daemon pid=112416
fuse serving
efs: RDMA transport up on mlx5_1 port 1 (lid 1911, 36 x 72 KiB bufs/conn)
inode-rpc: retry type=63 attempt=0 why=no-hint
inode-rpc: retry type=63 attempt=0 why=no-hint
inode-rpc: retry type=63 attempt=0 why=no-hint
inode-rpc: retry type=63 attempt=0 why=no-hint
inode-rpc: retry type=63 attempt=0 why=no-hint
inode-rpc: retry type=63 attempt=1 why=no-hint
inode-rpc: retry type=63 attempt=1 why=no-hint
inode-rpc: retry type=63 attempt=1 why=no-hint
inode-rpc: retry type=63 attempt=1 why=no-hint
inode-rpc: retry type=63 attempt=1 why=no-hint
inode-rpc: retry type=63 attempt=0 why=no-hint
inode-rpc: retry type=63 attempt=2 why=no-hint
inode-rpc: retry type=63 attempt=2 why=no-hint
inode-rpc: retry type=63 attempt=1 why=no-hint
inode-rpc: retry type=63 attempt=2 why=no-hint
inode-rpc: retry type=63 attempt=2 why=no-hint
inode-rpc: retry type=63 attempt=2 why=no-hint
inode-rpc: retry type=63 attempt=2 why=no-hint
inode-rpc: retry type=87 attempt=0 why=no-hint
inode-rpc: retry type=63 attempt=3 why=no-hint
inode-rpc: retry type=63 attempt=3 why=no-hint
inode-rpc: retry type=63 attempt=3 why=no-hint
inode-rpc: retry type=63 attempt=3 why=no-hint
inode-rpc: retry type=63 attempt=3 why=no-hint
inode-rpc: retry type=63 attempt=3 why=no-hint
inode-rpc: retry type=63 attempt=4 why=no-hint
inode-rpc: retry type=63 attempt=4 why=no-hint
inode-rpc: retry type=63 attempt=4 why=no-hint
inode-rpc: retry type=63 attempt=4 why=no-hint
inode-rpc: retry type=63 attempt=4 why=no-hint
inode-rpc: retry type=87 attempt=0 why=no-hint
inode-rpc: retry type=63 attempt=4 why=no-hint
inode-rpc: retry type=87 attempt=0 why=no-hint
inode-rpc: retry type=63 attempt=5 why=no-hint
inode-rpc: retry type=63 attempt=5 why=no-hint
inode-rpc: retry type=63 attempt=5 why=no-hint
inode-rpc: retry type=63 attempt=5 why=no-hint
inode-rpc: retry type=63 attempt=5 why=no-hint
inode-rpc: retry type=63 attempt=5 why=no-hint
inode-rpc: retry type=63 attempt=6 why=no-hint
inode-rpc: retry type=63 attempt=6 why=no-hint
inode-rpc: retry type=63 attempt=6 why=no-hint
inode-rpc: retry type=63 attempt=6 why=no-hint
inode-rpc: retry type=63 attempt=6 why=no-hint
inode-rpc: retry type=63 attempt=6 why=no-hint
inode-rpc: retry type=63 attempt=7 why=no-hint
inode-rpc: retry type=63 attempt=7 why=no-hint
inode-rpc: retry type=63 attempt=7 why=no-hint
inode-rpc: retry type=63 attempt=7 why=no-hint
inode-rpc: retry type=63 attempt=7 why=no-hint
inode-rpc: retry type=63 attempt=7 why=no-hint
inode-rpc: retry type=63 attempt=8 why=no-hint
inode-rpc: retry type=63 attempt=8 why=no-hint
inode-rpc: retry type=63 attempt=8 why=no-hint
inode-rpc: retry type=63 attempt=8 why=no-hint
inode-rpc: retry type=63 attempt=8 why=no-hint
inode-rpc: retry type=63 attempt=8 why=no-hint
inode-rpc: retry type=63 attempt=9 why=no-hint
inode-rpc: retry type=63 attempt=9 why=no-hint
inode-rpc: retry type=63 attempt=9 why=no-hint
inode-rpc: retry type=63 attempt=9 why=no-hint
inode-rpc: retry type=63 attempt=9 why=no-hint
inode-rpc: retry type=63 attempt=9 why=no-hint
inode-rpc: retry type=63 attempt=11 why=no-hint
inode-rpc: retry type=63 attempt=11 why=no-hint
inode-rpc: retry type=63 attempt=11 why=no-hint
inode-rpc: retry type=63 attempt=11 why=no-hint
inode-rpc: retry type=63 attempt=11 why=no-hint
inode-rpc: retry type=63 attempt=11 why=no-hint
inode-rpc: retry type=63 attempt=12 why=no-hint
inode-rpc: retry type=63 attempt=12 why=no-hint
inode-rpc: retry type=63 attempt=12 why=no-hint
inode-rpc: retry type=63 attempt=12 why=no-hint
inode-rpc: retry type=63 attempt=12 why=no-hint
inode-rpc: retry type=63 attempt=12 why=no-hint
inode-rpc: retry type=63 attempt=13 why=no-hint
inode-rpc: retry type=63 attempt=13 why=no-hint
inode-rpc: retry type=63 attempt=13 why=no-hint
inode-rpc: retry type=63 attempt=14 why=no-hint
inode-rpc: retry type=63 attempt=14 why=no-hint
inode-rpc: retry type=63 attempt=14 why=no-hint
efs: rename_at 2578935/.ecopy.tmp.112449.146 -> 2578935/7f97-pqzg rc=-3 after 1 tries
inode-rpc: retry type=63 attempt=14 why=no-hint
inode-rpc: retry type=63 attempt=14 why=no-hint
inode-rpc: retry type=63 attempt=14 why=no-hint
inode-rpc: retry type=63 attempt=15 why=no-hint
inode-rpc: retry type=63 attempt=15 why=no-hint
inode-rpc: retry type=63 attempt=15 why=no-hint
inode-rpc: retry type=63 attempt=15 why=no-hint
inode-rpc: retry type=63 attempt=15 why=no-hint
inode-rpc: retry type=63 attempt=15 why=no-hint
inode-rpc: shard=2299 type=63 exhausted 16 BUSY/STALE retries (10.3 s) -> EBUSY
inode-rpc: shard=955 type=63 exhausted 16 BUSY/STALE retries (10.3 s) -> EBUSY
inode-rpc: shard=3251 type=63 exhausted 16 BUSY/STALE retries (10.3 s) -> EBUSY
inode-rpc: shard=955 type=63 exhausted 16 BUSY/STALE retries (10.3 s) -> EBUSY
inode-rpc: shard=1697 type=63 exhausted 16 BUSY/STALE retries (10.3 s) -> EBUSY
inode-rpc: shard=3587 type=63 exhausted 16 BUSY/STALE retries (10.3 s) -> EBUSY
efs: rename_at 1732797/.ecopy.tmp.112449.160 -> 1732797/540t-9cr0 rc=-3 after 1 tries
efs-fuse: staging table over EFS_CLIENT_META_MB (256 MB) with nothing evictable; growing (pinned data is real work, not cache)
inode-rpc: dual type=45 exhausted 16 BUSY/STALE retries (10.3 s) -> EBUSY
inode-rpc: retry type=63 attempt=1 why=no-hint
inode-rpc: retry type=51 attempt=0 why=no-hint
inode-rpc: retry type=63 attempt=1 why=no-hint
inode-rpc: retry type=63 attempt=0 why=no-hint
inode-rpc: retry type=63 attempt=2 why=no-hint
inode-rpc: retry type=63 attempt=3 why=no-hint
inode-rpc: retry type=63 attempt=4 why=no-hint
inode-rpc: retry type=87 attempt=0 why=no-hint
inode-rpc: retry type=43 attempt=0 why=no-hint
inode-rpc: retry type=87 attempt=1 why=no-hint
inode-rpc: retry type=43 attempt=1 why=no-hint
inode-rpc: retry type=87 attempt=2 why=no-hint
inode-rpc: retry type=43 attempt=2 why=no-hint
inode-rpc: retry type=63 attempt=6 why=no-hint
inode-rpc: retry type=87 attempt=1 why=no-hint
inode-rpc: retry type=87 attempt=1 why=no-hint
inode-rpc: retry type=87 attempt=3 why=no-hint
inode-rpc: retry type=87 attempt=1 why=no-hint
inode-rpc: retry type=87 attempt=1 why=no-hint
inode-rpc: retry type=43 attempt=3 why=no-hint
inode-rpc: retry type=87 attempt=2 why=no-hint
inode-rpc: retry type=87 attempt=2 why=no-hint
inode-rpc: retry type=87 attempt=2 why=no-hint
inode-rpc: retry type=87 attempt=2 why=no-hint
inode-rpc: retry type=87 attempt=4 why=no-hint
inode-rpc: retry type=87 attempt=3 why=no-hint
inode-rpc: retry type=63 attempt=7 why=no-hint
inode-rpc: retry type=63 attempt=8 why=no-hint
inode-rpc: retry type=63 attempt=9 why=no-hint
inode-rpc: retry type=87 attempt=2 why=no-hint
inode-rpc: retry type=87 attempt=2 why=no-hint
inode-rpc: retry type=87 attempt=2 why=no-hint
inode-rpc: retry type=63 attempt=10 why=no-hint
inode-rpc: retry type=63 attempt=11 why=no-hint
inode-rpc: retry type=87 attempt=0 why=no-hint
inode-rpc: retry type=63 attempt=12 why=no-hint
inode-rpc: retry type=63 attempt=13 why=no-hint
inode-rpc: retry type=63 attempt=14 why=no-hint
inode-rpc: retry type=63 attempt=15 why=no-hint
inode-rpc: shard=2095 type=63 exhausted 16 BUSY/STALE retries (10.3 s) -> EBUSY
inode-rpc: shard=987 type=87 exhausted 16 BUSY/STALE retries (10.3 s) -> EBUSY
inode-rpc: retry type=45 attempt=1 why=no-hint
inode-rpc: shard=1609 type=87 exhausted 16 BUSY/STALE retries (10.3 s) -> EBUSY
inode-rpc: shard=3587 type=87 exhausted 16 BUSY/STALE retries (10.3 s) -> EBUSY
inode-rpc: shard=2551 type=87 exhausted 16 BUSY/STALE retries (10.3 s) -> EBUSY
inode-rpc: retry type=45 attempt=2 why=no-hint
inode-rpc: retry type=87 attempt=0 why=no-hint
inode-rpc: retry type=63 attempt=0 why=no-hint
inode-rpc: retry type=63 attempt=1 why=no-hint
inode-rpc: retry type=63 attempt=2 why=no-hint
inode-rpc: retry type=63 attempt=3 why=no-hint
inode-rpc: retry type=63 attempt=4 why=no-hint
efs: rename_at 1793076/.ecopy.tmp.112449.226 -> 1793076/av73-yh2u rc=-3 after 1 tries
inode-rpc: dual type=45 exhausted 16 BUSY/STALE retries (10.3 s) -> EBUSY
inode-rpc: retry type=63 attempt=5 why=no-hint
inode-rpc: retry type=63 attempt=6 why=no-hint
inode-rpc: dual type=45 exhausted 16 BUSY/STALE retries (10.3 s) -> EBUSY
inode-rpc: retry type=63 attempt=1 why=no-hint
inode-rpc: retry type=63 attempt=1 why=no-hint
inode-rpc: retry type=63 attempt=1 why=no-hint
inode-rpc: retry type=63 attempt=1 why=no-hint
inode-rpc: retry type=63 attempt=7 why=no-hint
inode-rpc: retry type=63 attempt=1 why=no-hint
inode-rpc: retry type=63 attempt=1 why=no-hint
inode-rpc: retry type=63 attempt=1 why=no-hint
inode-rpc: retry type=63 attempt=1 why=no-hint
inode-rpc: retry type=63 attempt=0 why=no-hint
inode-rpc: retry type=63 attempt=0 why=no-hint
inode-rpc: retry type=63 attempt=0 why=no-hint
inode-rpc: retry type=63 attempt=0 why=no-hint
inode-rpc: retry type=63 attempt=0 why=no-hint
inode-rpc: retry type=43 attempt=2 why=no-hint
inode-rpc: retry type=87 attempt=1 why=no-hint
inode-rpc: retry type=43 attempt=3 why=no-hint
inode-rpc: retry type=63 attempt=2 why=no-hint
inode-rpc: retry type=87 attempt=1 why=no-hint
inode-rpc: retry type=87 attempt=1 why=no-hint
inode-rpc: retry type=63 attempt=2 why=no-hint
inode-rpc: retry type=63 attempt=2 why=no-hint
inode-rpc: retry type=63 attempt=2 why=no-hint
inode-rpc: retry type=63 attempt=2 why=no-hint
inode-rpc: retry type=63 attempt=2 why=no-hint
inode-rpc: retry type=87 attempt=3 why=no-hint
inode-rpc: retry type=63 attempt=2 why=no-hint
inode-rpc: retry type=63 attempt=1 why=no-hint
inode-rpc: retry type=63 attempt=1 why=no-hint
inode-rpc: retry type=63 attempt=1 why=no-hint
inode-rpc: retry type=63 attempt=1 why=no-hint
inode-rpc: retry type=63 attempt=1 why=no-hint
inode-rpc: retry type=63 attempt=2 why=no-hint
inode-rpc: retry type=87 attempt=1 why=no-hint
inode-rpc: retry type=87 attempt=2 why=no-hint
inode-rpc: retry type=87 attempt=2 why=no-hint
inode-rpc: retry type=87 attempt=2 why=no-hint
inode-rpc: retry type=63 attempt=3 why=no-hint
inode-rpc: retry type=43 attempt=3 why=no-hint
inode-rpc: retry type=63 attempt=3 why=no-hint
inode-rpc: retry type=63 attempt=3 why=no-hint
inode-rpc: retry type=63 attempt=8 why=no-hint
inode-rpc: retry type=43 attempt=4 why=no-hint
inode-rpc: retry type=63 attempt=2 why=no-hint
inode-rpc: retry type=63 attempt=2 why=no-hint
inode-rpc: retry type=63 attempt=2 why=no-hint
inode-rpc: retry type=63 attempt=2 why=no-hint
inode-rpc: retry type=63 attempt=2 why=no-hint
inode-rpc: retry type=63 attempt=3 why=no-hint
inode-rpc: retry type=63 attempt=3 why=no-hint
inode-rpc: retry type=63 attempt=3 why=no-hint
inode-rpc: retry type=63 attempt=3 why=no-hint
inode-rpc: retry type=87 attempt=2 why=no-hint
inode-rpc: retry type=63 attempt=3 why=no-hint
inode-rpc: retry type=87 attempt=3 why=no-hint
inode-rpc: retry type=87 attempt=4 why=no-hint
inode-rpc: retry type=87 attempt=3 why=no-hint
inode-rpc: retry type=87 attempt=3 why=no-hint
inode-rpc: retry type=63 attempt=3 why=no-hint
inode-rpc: retry type=63 attempt=3 why=no-hint
inode-rpc: retry type=63 attempt=3 why=no-hint
inode-rpc: retry type=63 attempt=3 why=no-hint
inode-rpc: retry type=63 attempt=3 why=no-hint
inode-rpc: retry type=63 attempt=4 why=no-hint
inode-rpc: retry type=43 attempt=4 why=no-hint
inode-rpc: retry type=63 attempt=4 why=no-hint
inode-rpc: retry type=63 attempt=4 why=no-hint
inode-rpc: retry type=43 attempt=0 why=no-hint
inode-rpc: retry type=43 attempt=0 why=no-hint
inode-rpc: retry type=43 attempt=0 why=no-hint
inode-rpc: retry type=87 attempt=3 why=no-hint
inode-rpc: retry type=63 attempt=4 why=no-hint
inode-rpc: retry type=63 attempt=4 why=no-hint
inode-rpc: retry type=87 attempt=4 why=no-hint
inode-rpc: retry type=87 attempt=4 why=no-hint
inode-rpc: retry type=43 attempt=1 why=no-hint
inode-rpc: retry type=43 attempt=1 why=no-hint
inode-rpc: retry type=43 attempt=1 why=no-hint
inode-rpc: retry type=63 attempt=9 why=no-hint
inode-rpc: dual type=45 exhausted 16 BUSY/STALE retries (10.3 s) -> EBUSY
inode-rpc: retry type=43 attempt=5 why=no-hint
inode-rpc: retry type=63 attempt=11 why=no-hint
inode-rpc: retry type=63 attempt=12 why=no-hint
inode-rpc: retry type=63 attempt=13 why=no-hint
inode-rpc: retry type=87 attempt=0 why=no-hint
efs: rename_at 1183615/.ecopy.tmp.112449.284 -> 1183615/6quk-rubc rc=-3 after 1 tries
inode-rpc: retry type=63 attempt=14 why=no-hint
inode-rpc: shard=4008 type=87 exhausted 16 BUSY/STALE retries (10.3 s) -> EBUSY
inode-rpc: retry type=63 attempt=15 why=no-hint
inode-rpc: retry type=63 attempt=0 why=no-hint
inode-rpc: retry type=63 attempt=1 why=no-hint
inode-rpc: retry type=63 attempt=2 why=no-hint
inode-rpc: retry type=63 attempt=3 why=no-hint
inode-rpc: shard=2095 type=63 exhausted 16 BUSY/STALE retries (10.3 s) -> EBUSY
inode-rpc: retry type=63 attempt=4 why=no-hint
inode-rpc: retry type=63 attempt=7 why=no-hint
efs: rename_at 1109402/.ecopy.tmp.112449.272 -> 1109402/izms-29ic rc=-1 after 1 tries
inode-rpc: retry type=63 attempt=8 why=no-hint
inode-rpc: retry type=63 attempt=9 why=no-hint
inode-rpc: retry type=51 attempt=1 why=no-hint
efs: rename_at 5254495/.ecopy.tmp.112449.300 -> 5254495/twth-emlh rc=-3 after 1 tries
inode-rpc: retry type=87 attempt=1 why=no-hint
inode-rpc: retry type=87 attempt=7 why=no-hint
inode-rpc: retry type=87 attempt=14 why=no-hint
inode-rpc: retry type=51 attempt=2 why=no-hint
inode-rpc: retry type=87 attempt=2 why=no-hint
inode-rpc: retry type=63 attempt=10 why=no-hint
inode-rpc: retry type=63 attempt=11 why=no-hint
inode-rpc: retry type=87 attempt=0 why=no-hint
efs: rename_at 1185189/.ecopy.tmp.112449.311 -> 1185189/y6ss-w5wk rc=-3 after 1 tries
inode-rpc: retry type=63 attempt=0 why=no-hint
inode-rpc: retry type=87 attempt=0 why=no-hint
inode-rpc: shard=2832 type=87 exhausted 16 BUSY/STALE retries (10.3 s) -> EBUSY
inode-rpc: retry type=63 attempt=1 why=no-hint
efs: rename_at 1183615/.ecopy.tmp.112449.316 -> 1183615/avhk-62j5 rc=-3 after 1 tries
inode-rpc: retry type=63 attempt=2 why=no-hint
inode-rpc: retry type=63 attempt=12 why=no-hint
inode-rpc: retry type=63 attempt=3 why=no-hint
inode-rpc: retry type=63 attempt=4 why=no-hint
inode-rpc: retry type=63 attempt=13 why=no-hint
inode-rpc: retry type=63 attempt=5 why=no-hint
inode-rpc: retry type=63 attempt=14 why=no-hint
inode-rpc: retry type=63 attempt=6 why=no-hint
inode-rpc: retry type=63 attempt=15 why=no-hint
inode-rpc: retry type=63 attempt=7 why=no-hint
inode-rpc: shard=3307 type=63 exhausted 16 BUSY/STALE retries (10.3 s) -> EBUSY
inode-rpc: retry type=63 attempt=8 why=no-hint
inode-rpc: retry type=87 attempt=6 why=no-hint
inode-rpc: retry type=63 attempt=3 why=no-hint
inode-rpc: retry type=63 attempt=3 why=no-hint
inode-rpc: retry type=63 attempt=3 why=no-hint
inode-rpc: retry type=63 attempt=3 why=no-hint
inode-rpc: retry type=63 attempt=0 why=no-hint
inode-rpc: retry type=63 attempt=6 why=no-hint
inode-rpc: retry type=63 attempt=6 why=no-hint
inode-rpc: retry type=63 attempt=1 why=no-hint
inode-rpc: retry type=63 attempt=6 why=no-hint
inode-rpc: retry type=63 attempt=6 why=no-hint
inode-rpc: retry type=63 attempt=1 why=no-hint
inode-rpc: retry type=87 attempt=7 why=no-hint
inode-rpc: retry type=63 attempt=2 why=no-hint
inode-rpc: retry type=63 attempt=2 why=no-hint
inode-rpc: retry type=63 attempt=3 why=no-hint
inode-rpc: retry type=63 attempt=3 why=no-hint
inode-rpc: retry type=63 attempt=13 why=no-hint
inode-rpc: retry type=87 attempt=13 why=no-hint
inode-rpc: retry type=87 attempt=3 why=no-hint
inode-rpc: retry type=63 attempt=3 why=no-hint
inode-rpc: retry type=63 attempt=3 why=no-hint
inode-rpc: retry type=63 attempt=7 why=no-hint
inode-rpc: retry type=63 attempt=7 why=no-hint
inode-rpc: retry type=63 attempt=7 why=no-hint
inode-rpc: retry type=63 attempt=7 why=no-hint
inode-rpc: retry type=63 attempt=4 why=no-hint
inode-rpc: retry type=63 attempt=4 why=no-hint
inode-rpc: retry type=87 attempt=8 why=no-hint
inode-rpc: retry type=63 attempt=14 why=no-hint
inode-rpc: retry type=87 attempt=4 why=no-hint
inode-rpc: retry type=63 attempt=4 why=no-hint
inode-rpc: retry type=63 attempt=4 why=no-hint
inode-rpc: retry type=63 attempt=5 why=no-hint
inode-rpc: retry type=63 attempt=5 why=no-hint
inode-rpc: retry type=87 attempt=14 why=no-hint
inode-rpc: retry type=63 attempt=8 why=no-hint
inode-rpc: retry type=63 attempt=8 why=no-hint
inode-rpc: retry type=63 attempt=8 why=no-hint
inode-rpc: retry type=63 attempt=8 why=no-hint
inode-rpc: retry type=87 attempt=9 why=no-hint
inode-rpc: retry type=63 attempt=15 why=no-hint
inode-rpc: retry type=63 attempt=6 why=no-hint
inode-rpc: retry type=63 attempt=6 why=no-hint
inode-rpc: shard=1101 type=63 exhausted 16 BUSY/STALE retries (10.3 s) -> EBUSY
inode-rpc: retry type=63 attempt=7 why=no-hint
inode-rpc: retry type=63 attempt=7 why=no-hint
inode-rpc: shard=4008 type=87 exhausted 16 BUSY/STALE retries (10.3 s) -> EBUSY
inode-rpc: retry type=63 attempt=8 why=no-hint
inode-rpc: retry type=63 attempt=8 why=no-hint
inode-rpc: retry type=63 attempt=9 why=no-hint
inode-rpc: retry type=63 attempt=9 why=no-hint
inode-rpc: retry type=63 attempt=10 why=no-hint
inode-rpc: retry type=63 attempt=10 why=no-hint
inode-rpc: retry type=63 attempt=11 why=no-hint
inode-rpc: retry type=63 attempt=12 why=no-hint
inode-rpc: retry type=63 attempt=12 why=no-hint
report-loop ino=1253247 rounds=1 stale=0 busy=1 ms=9011 rc=-13
inode-rpc: retry type=63 attempt=13 why=no-hint
inode-rpc: retry type=63 attempt=13 why=no-hint
inode-rpc: retry type=63 attempt=13 why=no-hint
inode-rpc: retry type=63 attempt=13 why=no-hint
inode-rpc: retry type=63 attempt=13 why=no-hint
inode-rpc: retry type=63 attempt=13 why=no-hint
inode-rpc: dual type=45 exhausted 16 BUSY/STALE retries (10.3 s) -> EBUSY
inode-rpc: retry type=63 attempt=14 why=no-hint
inode-rpc: retry type=63 attempt=14 why=no-hint
inode-rpc: shard=2832 type=87 exhausted 16 BUSY/STALE retries (10.3 s) -> EBUSY
inode-rpc: shard=3762 type=63 exhausted 16 BUSY/STALE retries (10.3 s) -> EBUSY
inode-rpc: shard=3482 type=63 exhausted 16 BUSY/STALE retries (10.3 s) -> EBUSY
inode-rpc: shard=1228 type=63 exhausted 16 BUSY/STALE retries (10.3 s) -> EBUSY
inode-rpc: shard=1262 type=63 exhausted 16 BUSY/STALE retries (10.3 s) -> EBUSY
inode-rpc: retry type=63 attempt=15 why=no-hint
inode-rpc: retry type=63 attempt=15 why=no-hint
inode-rpc: shard=3307 type=63 exhausted 16 BUSY/STALE retries (10.3 s) -> EBUSY
inode-rpc: shard=781 type=63 exhausted 16 BUSY/STALE retries (10.3 s) -> EBUSY
inode-rpc: shard=1110 type=63 exhausted 16 BUSY/STALE retries (10.3 s) -> EBUSY
inode-rpc: retry type=87 attempt=0 why=no-hint
inode-rpc: retry type=51 attempt=1 why=no-hint
inode-rpc: retry type=51 attempt=2 why=no-hint
inode-rpc: retry type=63 attempt=9 why=no-hint
inode-rpc: shard=2952 type=87 exhausted 16 BUSY/STALE retries (10.3 s) -> EBUSY
inode-rpc: retry type=51 attempt=3 why=no-hint
inode-rpc: retry type=87 attempt=7 why=no-hint
inode-rpc: retry type=87 attempt=0 why=no-hint
inode-rpc: retry type=87 attempt=12 why=no-hint
inode-rpc: retry type=51 attempt=4 why=no-hint
inode-rpc: retry type=87 attempt=1 why=no-hint
inode-rpc: retry type=63 attempt=10 why=no-hint
inode-rpc: retry type=87 attempt=8 why=no-hint
inode-rpc: retry type=87 attempt=2 why=no-hint
inode-rpc: shard=4008 type=87 exhausted 16 BUSY/STALE retries (10.3 s) -> EBUSY
inode-rpc: shard=2832 type=87 exhausted 16 BUSY/STALE retries (10.3 s) -> EBUSY
inode-rpc: retry type=63 attempt=0 why=no-hint
inode-rpc: retry type=87 attempt=0 why=no-hint
inode-rpc: retry type=63 attempt=1 why=no-hint
inode-rpc: retry type=63 attempt=0 why=no-hint
inode-rpc: retry type=63 attempt=2 why=no-hint
inode-rpc: retry type=63 attempt=1 why=no-hint
inode-rpc: retry type=63 attempt=2 why=no-hint
inode-rpc: retry type=63 attempt=3 why=no-hint
inode-rpc: retry type=63 attempt=3 why=no-hint
inode-rpc: retry type=63 attempt=4 why=no-hint
inode-rpc: retry type=63 attempt=4 why=no-hint
inode-rpc: retry type=63 attempt=5 why=no-hint
inode-rpc: retry type=63 attempt=5 why=no-hint
inode-rpc: retry type=63 attempt=8 why=no-hint
inode-rpc: retry type=87 attempt=8 why=no-hint
inode-rpc: retry type=45 attempt=1 why=no-hint
inode-rpc: retry type=45 attempt=1 why=no-hint
inode-rpc: retry type=45 attempt=1 why=no-hint
inode-rpc: retry type=45 attempt=1 why=no-hint
inode-rpc: retry type=45 attempt=1 why=no-hint
inode-rpc: retry type=45 attempt=1 why=no-hint
inode-rpc: retry type=63 attempt=8 why=no-hint
inode-rpc: retry type=45 attempt=2 why=no-hint
inode-rpc: retry type=45 attempt=2 why=no-hint
inode-rpc: retry type=45 attempt=2 why=no-hint
inode-rpc: retry type=45 attempt=2 why=no-hint
inode-rpc: retry type=45 attempt=2 why=no-hint
inode-rpc: retry type=45 attempt=2 why=no-hint
inode-rpc: retry type=63 attempt=9 why=no-hint
inode-rpc: retry type=63 attempt=9 why=no-hint
inode-rpc: retry type=63 attempt=10 why=no-hint
inode-rpc: retry type=63 attempt=10 why=no-hint
inode-rpc: retry type=63 attempt=11 why=no-hint
inode-rpc: retry type=45 attempt=5 why=no-hint
inode-rpc: retry type=45 attempt=5 why=no-hint
inode-rpc: retry type=45 attempt=5 why=no-hint
inode-rpc: retry type=45 attempt=5 why=no-hint
inode-rpc: retry type=45 attempt=5 why=no-hint
inode-rpc: retry type=63 attempt=11 why=no-hint
inode-rpc: retry type=63 attempt=12 why=no-hint
inode-rpc: retry type=63 attempt=12 why=no-hint
inode-rpc: retry type=63 attempt=13 why=no-hint
inode-rpc: retry type=63 attempt=13 why=no-hint
inode-rpc: retry type=63 attempt=14 why=no-hint
inode-rpc: retry type=63 attempt=14 why=no-hint
inode-rpc: retry type=63 attempt=15 why=no-hint
inode-rpc: shard=3307 type=63 exhausted 16 BUSY/STALE retries (10.3 s) -> EBUSY
inode-rpc: shard=2952 type=87 exhausted 16 BUSY/STALE retries (10.3 s) -> EBUSY
inode-rpc: shard=3307 type=63 exhausted 16 BUSY/STALE retries (10.3 s) -> EBUSY
inode-rpc: retry type=63 attempt=0 why=no-hint
inode-rpc: retry type=63 attempt=0 why=no-hint
inode-rpc: retry type=63 attempt=1 why=no-hint
inode-rpc: retry type=63 attempt=1 why=no-hint
inode-rpc: retry type=63 attempt=2 why=no-hint
inode-rpc: retry type=63 attempt=2 why=no-hint
inode-rpc: retry type=87 attempt=0 why=no-hint
efs: rename_at 1183615/.ecopy.tmp.112449.336 -> 1183615/f04j-kaqy rc=-3 after 1 tries
inode-rpc: retry type=63 attempt=3 why=no-hint
inode-rpc: retry type=63 attempt=3 why=no-hint
inode-rpc: shard=4008 type=87 exhausted 16 BUSY/STALE retries (10.3 s) -> EBUSY
inode-rpc: retry type=87 attempt=0 why=no-hint
efs: rename_at 1185189/.ecopy.tmp.112449.344 -> 1185189/6g2r-omc6 rc=-3 after 1 tries
inode-rpc: retry type=63 attempt=4 why=no-hint
inode-rpc: retry type=63 attempt=4 why=no-hint
inode-rpc: dual type=45 exhausted 16 BUSY/STALE retries (10.3 s) -> EBUSY
inode-rpc: retry type=63 attempt=5 why=no-hint
inode-rpc: retry type=63 attempt=5 why=no-hint
inode-rpc: retry type=63 attempt=6 why=no-hint
inode-rpc: retry type=63 attempt=6 why=no-hint
inode-rpc: retry type=63 attempt=0 why=no-hint
inode-rpc: retry type=63 attempt=1 why=no-hint
inode-rpc: retry type=63 attempt=2 why=no-hint
inode-rpc: shard=2832 type=87 exhausted 16 BUSY/STALE retries (10.3 s) -> EBUSY
inode-rpc: retry type=63 attempt=3 why=no-hint
inode-rpc: retry type=63 attempt=7 why=no-hint
inode-rpc: retry type=63 attempt=7 why=no-hint
inode-rpc: retry type=63 attempt=4 why=no-hint
inode-rpc: retry type=87 attempt=0 why=no-hint
inode-rpc: retry type=63 attempt=8 why=no-hint
inode-rpc: retry type=63 attempt=8 why=no-hint
efs: rename_at 1185189/.ecopy.tmp.112449.377 -> 1185189/akpr-2ujz rc=-3 after 1 tries
inode-rpc: retry type=63 attempt=5 why=no-hint
inode-rpc: retry type=63 attempt=9 why=no-hint
inode-rpc: retry type=63 attempt=9 why=no-hint
inode-rpc: retry type=87 attempt=0 why=no-hint
efs: rename_at 1185189/.ecopy.tmp.112449.396 -> 1185189/epcq-h2rs rc=-3 after 1 tries
efs: rename_at 2262254/.ecopy.tmp.112449.383 -> 2262254/iyq1-rjv6 rc=-3 after 1 tries
efs: rename_at 1610102/.ecopy.tmp.112449.379 -> 1610102/evlv-tbge rc=-3 after 1 tries
inode-rpc: retry type=63 attempt=13 why=no-hint
inode-rpc: retry type=63 attempt=13 why=no-hint
inode-rpc: retry type=63 attempt=9 why=no-hint
inode-rpc: retry type=63 attempt=14 why=no-hint
inode-rpc: retry type=63 attempt=14 why=no-hint
inode-rpc: retry type=63 attempt=10 why=no-hint
inode-rpc: retry type=63 attempt=15 why=no-hint
inode-rpc: retry type=63 attempt=15 why=no-hint
inode-rpc: retry type=63 attempt=11 why=no-hint
inode-rpc: shard=3307 type=63 exhausted 16 BUSY/STALE retries (10.3 s) -> EBUSY
inode-rpc: shard=3307 type=63 exhausted 16 BUSY/STALE retries (10.3 s) -> EBUSY
inode-rpc: retry type=63 attempt=12 why=no-hint
inode-rpc: retry type=63 attempt=13 why=no-hint
inode-rpc: shard=2952 type=87 exhausted 16 BUSY/STALE retries (10.3 s) -> EBUSY
inode-rpc: retry type=87 attempt=1 why=no-hint
inode-rpc: retry type=87 attempt=1 why=no-hint
inode-rpc: retry type=87 attempt=1 why=no-hint
inode-rpc: retry type=87 attempt=0 why=no-hint
inode-rpc: retry type=63 attempt=14 why=no-hint
inode-rpc: retry type=63 attempt=15 why=no-hint
inode-rpc: shard=3307 type=63 exhausted 16 BUSY/STALE retries (10.3 s) -> EBUSY
inode-rpc: shard=4008 type=87 exhausted 16 BUSY/STALE retries (10.3 s) -> EBUSY
inode-rpc: shard=2832 type=87 exhausted 16 BUSY/STALE retries (10.3 s) -> EBUSY
inode-rpc: retry type=87 attempt=7 why=no-hint
inode-rpc: retry type=87 attempt=7 why=no-hint
inode-rpc: retry type=87 attempt=7 why=no-hint
inode-rpc: retry type=87 attempt=0 why=no-hint
inode-rpc: retry type=87 attempt=3 why=no-hint
inode-rpc: retry type=87 attempt=3 why=no-hint
inode-rpc: retry type=87 attempt=3 why=no-hint
inode-rpc: retry type=87 attempt=10 why=no-hint
inode-rpc: retry type=87 attempt=0 why=no-hint
inode-rpc: retry type=87 attempt=5 why=no-hint
inode-rpc: retry type=87 attempt=1 why=no-hint
inode-rpc: retry type=87 attempt=3 why=no-hint
inode-rpc: retry type=87 attempt=1 why=no-hint
inode-rpc: retry type=87 attempt=2 why=no-hint
inode-rpc: retry type=87 attempt=4 why=no-hint
inode-rpc: retry type=87 attempt=4 why=no-hint
inode-rpc: retry type=87 attempt=4 why=no-hint
inode-rpc: retry type=87 attempt=8 why=no-hint
inode-rpc: retry type=87 attempt=8 why=no-hint
inode-rpc: retry type=87 attempt=8 why=no-hint
inode-rpc: retry type=87 attempt=2 why=no-hint
inode-rpc: retry type=87 attempt=4 why=no-hint
inode-rpc: retry type=87 attempt=3 why=no-hint
inode-rpc: retry type=87 attempt=11 why=no-hint
inode-rpc: retry type=87 attempt=6 why=no-hint
inode-rpc: dual type=45 exhausted 16 BUSY/STALE retries (10.3 s) -> EBUSY
inode-rpc: retry type=63 attempt=0 why=no-hint
inode-rpc: retry type=63 attempt=1 why=no-hint
inode-rpc: retry type=63 attempt=2 why=no-hint
inode-rpc: retry type=63 attempt=3 why=no-hint
inode-rpc: retry type=63 attempt=4 why=no-hint
inode-rpc: shard=1228 type=87 exhausted 16 BUSY/STALE retries (10.3 s) -> EBUSY
inode-rpc: retry type=63 attempt=5 why=no-hint
inode-rpc: retry type=63 attempt=6 why=no-hint
inode-rpc: retry type=63 attempt=0 why=no-hint
inode-rpc: retry type=87 attempt=0 why=no-hint
inode-rpc: retry type=63 attempt=1 why=no-hint
inode-rpc: retry type=63 attempt=2 why=no-hint
inode-rpc: retry type=63 attempt=3 why=no-hint
inode-rpc: retry type=63 attempt=7 why=no-hint
inode-rpc: shard=1110 type=87 exhausted 16 BUSY/STALE retries (10.3 s) -> EBUSY
inode-rpc: retry type=63 attempt=4 why=no-hint
inode-rpc: shard=880 type=87 exhausted 16 BUSY/STALE retries (10.3 s) -> EBUSY
inode-rpc: retry type=63 attempt=8 why=no-hint
inode-rpc: retry type=63 attempt=5 why=no-hint
inode-rpc: retry type=63 attempt=9 why=no-hint
inode-rpc: retry type=63 attempt=6 why=no-hint
inode-rpc: retry type=63 attempt=10 why=no-hint
inode-rpc: retry type=63 attempt=7 why=no-hint
inode-rpc: retry type=63 attempt=11 why=no-hint
inode-rpc: retry type=63 attempt=8 why=no-hint
inode-rpc: retry type=63 attempt=12 why=no-hint
inode-rpc: retry type=63 attempt=9 why=no-hint
inode-rpc: retry type=63 attempt=10 why=no-hint
inode-rpc: shard=374 type=87 exhausted 16 BUSY/STALE retries (10.3 s) -> EBUSY
inode-rpc: shard=1262 type=87 exhausted 16 BUSY/STALE retries (10.3 s) -> EBUSY
inode-rpc: retry type=63 attempt=11 why=no-hint
inode-rpc: retry type=63 attempt=15 why=no-hint
inode-rpc: shard=2533 type=63 exhausted 16 BUSY/STALE retries (10.3 s) -> EBUSY
inode-rpc: retry type=63 attempt=12 why=no-hint
inode-rpc: shard=2832 type=87 exhausted 16 BUSY/STALE retries (10.3 s) -> EBUSY
inode-rpc: retry type=63 attempt=13 why=no-hint
inode-rpc: shard=4008 type=87 exhausted 16 BUSY/STALE retries (10.3 s) -> EBUSY
inode-rpc: retry type=63 attempt=14 why=no-hint
inode-rpc: retry type=63 attempt=15 why=no-hint
inode-rpc: shard=1883 type=63 exhausted 16 BUSY/STALE retries (10.3 s) -> EBUSY
inode-rpc: retry type=63 attempt=1 why=no-hint
inode-rpc: retry type=51 attempt=0 why=no-hint
inode-rpc: retry type=63 attempt=1 why=no-hint
inode-rpc: retry type=51 attempt=0 why=no-hint
inode-rpc: retry type=63 attempt=1 why=no-hint
inode-rpc: shard=880 type=87 exhausted 16 BUSY/STALE retries (10.3 s) -> EBUSY
inode-rpc: shard=1110 type=87 exhausted 16 BUSY/STALE retries (10.3 s) -> EBUSY
inode-rpc: shard=1228 type=87 exhausted 16 BUSY/STALE retries (10.3 s) -> EBUSY
inode-rpc: shard=2739 type=87 exhausted 16 BUSY/STALE retries (10.3 s) -> EBUSY
inode-rpc: retry type=87 attempt=2 why=no-hint
inode-rpc: retry type=87 attempt=11 why=no-hint
inode-rpc: retry type=87 attempt=11 why=no-hint
inode-rpc: retry type=87 attempt=2 why=no-hint
inode-rpc: retry type=87 attempt=9 why=no-hint
inode-rpc: retry type=87 attempt=2 why=no-hint
inode-rpc: shard=1507 type=87 exhausted 16 BUSY/STALE retries (10.3 s) -> EBUSY
inode-rpc: shard=955 type=87 exhausted 16 BUSY/STALE retries (10.3 s) -> EBUSY
inode-rpc: dual type=45 exhausted 16 BUSY/STALE retries (10.3 s) -> EBUSY
inode-rpc: shard=374 type=87 exhausted 16 BUSY/STALE retries (10.3 s) -> EBUSY
inode-rpc: retry type=87 attempt=0 why=no-hint
inode-rpc: retry type=87 attempt=7 why=no-hint
inode-rpc: retry type=87 attempt=7 why=no-hint
inode-rpc: retry type=87 attempt=15 why=no-hint
inode-rpc: retry type=87 attempt=15 why=no-hint
inode-rpc: retry type=87 attempt=1 why=no-hint
inode-rpc: retry type=87 attempt=2 why=no-hint
inode-rpc: shard=1262 type=87 exhausted 16 BUSY/STALE retries (10.3 s) -> EBUSY
inode-rpc: shard=2832 type=87 exhausted 16 BUSY/STALE retries (10.3 s) -> EBUSY
inode-rpc: retry type=63 attempt=0 why=no-hint
inode-rpc: retry type=63 attempt=0 why=no-hint
inode-rpc: retry type=63 attempt=1 why=no-hint
inode-rpc: retry type=63 attempt=1 why=no-hint
inode-rpc: retry type=63 attempt=2 why=no-hint
inode-rpc: retry type=63 attempt=2 why=no-hint
inode-rpc: retry type=63 attempt=3 why=no-hint
inode-rpc: retry type=63 attempt=3 why=no-hint
inode-rpc: retry type=63 attempt=4 why=no-hint
inode-rpc: retry type=63 attempt=4 why=no-hint
inode-rpc: dual type=45 exhausted 16 BUSY/STALE retries (10.3 s) -> EBUSY
inode-rpc: dual type=45 exhausted 16 BUSY/STALE retries (10.3 s) -> EBUSY
inode-rpc: shard=4008 type=87 exhausted 16 BUSY/STALE retries (10.3 s) -> EBUSY
inode-rpc: retry type=63 attempt=6 why=no-hint
inode-rpc: dual type=45 exhausted 16 BUSY/STALE retries (10.3 s) -> EBUSY
inode-rpc: retry type=63 attempt=6 why=no-hint
inode-rpc: retry type=43 attempt=0 why=no-hint
inode-rpc: retry type=43 attempt=1 why=no-hint
inode-rpc: retry type=43 attempt=2 why=no-hint
inode-rpc: retry type=63 attempt=8 why=no-hint
inode-rpc: retry type=63 attempt=8 why=no-hint
inode-rpc: retry type=43 attempt=3 why=no-hint
inode-rpc: shard=1110 type=87 exhausted 16 BUSY/STALE retries (10.3 s) -> EBUSY
inode-rpc: shard=880 type=87 exhausted 16 BUSY/STALE retries (10.3 s) -> EBUSY
inode-rpc: retry type=63 attempt=12 why=no-hint
inode-rpc: retry type=63 attempt=12 why=no-hint
inode-rpc: retry type=63 attempt=13 why=no-hint
inode-rpc: retry type=63 attempt=13 why=no-hint
inode-rpc: retry type=63 attempt=14 why=no-hint
inode-rpc: retry type=63 attempt=14 why=no-hint
inode-rpc: retry type=63 attempt=15 why=no-hint
inode-rpc: retry type=63 attempt=15 why=no-hint
inode-rpc: shard=1273 type=63 exhausted 16 BUSY/STALE retries (10.3 s) -> EBUSY
inode-rpc: shard=909 type=63 exhausted 16 BUSY/STALE retries (10.3 s) -> EBUSY
inode-rpc: shard=1228 type=87 exhausted 16 BUSY/STALE retries (10.3 s) -> EBUSY
inode-rpc: retry type=63 attempt=0 why=no-hint
inode-rpc: retry type=63 attempt=1 why=no-hint
inode-rpc: retry type=63 attempt=2 why=no-hint
inode-rpc: retry type=63 attempt=3 why=no-hint
inode-rpc: shard=374 type=87 exhausted 16 BUSY/STALE retries (10.3 s) -> EBUSY
inode-rpc: shard=1262 type=87 exhausted 16 BUSY/STALE retries (10.3 s) -> EBUSY
inode-rpc: shard=2832 type=87 exhausted 16 BUSY/STALE retries (10.3 s) -> EBUSY
efs: rename_at 1133328/.ecopy.tmp.112449.269 -> 1133328/3lyc-jaj2 rc=-13 after 9 tries
inode-rpc: retry type=63 attempt=4 why=no-hint
inode-rpc: retry type=63 attempt=5 why=no-hint
inode-rpc: retry type=63 attempt=6 why=no-hint
inode-rpc: retry type=63 attempt=8 why=no-hint
inode-rpc: retry type=63 attempt=9 why=no-hint
inode-rpc: retry type=63 attempt=10 why=no-hint
inode-rpc: retry type=63 attempt=0 why=no-hint
inode-rpc: retry type=63 attempt=1 why=no-hint
inode-rpc: retry type=63 attempt=11 why=no-hint
inode-rpc: retry type=63 attempt=2 why=no-hint
inode-rpc: retry type=63 attempt=12 why=no-hint
inode-rpc: retry type=63 attempt=4 why=no-hint
inode-rpc: retry type=63 attempt=14 why=no-hint
inode-rpc: retry type=63 attempt=6 why=no-hint
inode-rpc: shard=880 type=87 exhausted 16 BUSY/STALE retries (10.3 s) -> EBUSY
inode-rpc: shard=1110 type=87 exhausted 16 BUSY/STALE retries (10.3 s) -> EBUSY
inode-rpc: shard=4008 type=87 exhausted 16 BUSY/STALE retries (10.3 s) -> EBUSY
efs: rename_at 1949608/.ecopy.tmp.112449.246 -> 1949608/zwuh-0pmt rc=-13 after 9 tries
inode-rpc: retry type=63 attempt=15 why=no-hint
inode-rpc: retry type=63 attempt=7 why=no-hint
inode-rpc: shard=3785 type=63 exhausted 16 BUSY/STALE retries (10.3 s) -> EBUSY
inode-rpc: retry type=63 attempt=8 why=no-hint
inode-rpc: shard=1228 type=87 exhausted 16 BUSY/STALE retries (10.3 s) -> EBUSY
inode-rpc: retry type=63 attempt=9 why=no-hint
inode-rpc: shard=374 type=87 exhausted 16 BUSY/STALE retries (10.3 s) -> EBUSY
inode-rpc: shard=1262 type=87 exhausted 16 BUSY/STALE retries (10.3 s) -> EBUSY
inode-rpc: retry type=63 attempt=11 why=no-hint
inode-rpc: retry type=63 attempt=13 why=no-hint
inode-rpc: retry type=63 attempt=14 why=no-hint
inode-rpc: retry type=63 attempt=15 why=no-hint
inode-rpc: shard=3307 type=63 exhausted 16 BUSY/STALE retries (10.3 s) -> EBUSY
inode-rpc: shard=880 type=87 exhausted 16 BUSY/STALE retries (10.3 s) -> EBUSY
inode-rpc: shard=1110 type=87 exhausted 16 BUSY/STALE retries (10.3 s) -> EBUSY
inode-rpc: retry type=87 attempt=2 why=no-hint
inode-rpc: retry type=87 attempt=3 why=no-hint
inode-rpc: retry type=87 attempt=3 why=no-hint
inode-rpc: retry type=87 attempt=13 why=no-hint
inode-rpc: retry type=87 attempt=12 why=no-hint
inode-rpc: retry type=87 attempt=4 why=no-hint
inode-rpc: retry type=87 attempt=4 why=no-hint
inode-rpc: retry type=87 attempt=13 why=no-hint
inode-rpc: shard=374 type=87 exhausted 16 BUSY/STALE retries (10.3 s) -> EBUSY
inode-rpc: shard=1228 type=87 exhausted 16 BUSY/STALE retries (10.3 s) -> EBUSY
inode-rpc: shard=1262 type=87 exhausted 16 BUSY/STALE retries (10.3 s) -> EBUSY
inode-rpc: retry type=87 attempt=12 why=no-hint
inode-rpc: retry type=87 attempt=12 why=no-hint
inode-rpc: retry type=87 attempt=6 why=no-hint
inode-rpc: retry type=87 attempt=7 why=no-hint
inode-rpc: retry type=87 attempt=13 why=no-hint
inode-rpc: retry type=87 attempt=13 why=no-hint
inode-rpc: retry type=87 attempt=7 why=no-hint
inode-rpc: retry type=87 attempt=6 why=no-hint
inode-rpc: retry type=63 attempt=0 why=no-hint
inode-rpc: retry type=63 attempt=1 why=no-hint
inode-rpc: retry type=63 attempt=2 why=no-hint
inode-rpc: retry type=63 attempt=3 why=no-hint
inode-rpc: shard=1110 type=87 exhausted 16 BUSY/STALE retries (10.3 s) -> EBUSY
inode-rpc: shard=880 type=87 exhausted 16 BUSY/STALE retries (10.3 s) -> EBUSY
inode-rpc: retry type=63 attempt=4 why=no-hint
inode-rpc: dual type=45 exhausted 16 BUSY/STALE retries (10.3 s) -> EBUSY
inode-rpc: retry type=63 attempt=5 why=no-hint
inode-rpc: retry type=63 attempt=7 why=no-hint
inode-rpc: retry type=63 attempt=10 why=no-hint
inode-rpc: retry type=63 attempt=12 why=no-hint
inode-rpc: retry type=87 attempt=6 why=no-hint
inode-rpc: retry type=87 attempt=15 why=no-hint
inode-rpc: retry type=87 attempt=14 why=no-hint
inode-rpc: retry type=87 attempt=6 why=no-hint
inode-rpc: retry type=87 attempt=5 why=no-hint
inode-rpc: retry type=87 attempt=4 why=no-hint
inode-rpc: retry type=87 attempt=4 why=no-hint
inode-rpc: retry type=87 attempt=13 why=no-hint
inode-rpc: shard=374 type=87 exhausted 16 BUSY/STALE retries (10.3 s) -> EBUSY
inode-rpc: retry type=63 attempt=13 why=no-hint
inode-rpc: retry type=63 attempt=14 why=no-hint
inode-rpc: shard=1262 type=87 exhausted 16 BUSY/STALE retries (10.3 s) -> EBUSY
inode-rpc: retry type=63 attempt=15 why=no-hint
inode-rpc: shard=3307 type=63 exhausted 16 BUSY/STALE retries (10.3 s) -> EBUSY
inode-rpc: shard=1228 type=87 exhausted 16 BUSY/STALE retries (10.3 s) -> EBUSY
inode-rpc: shard=880 type=87 exhausted 16 BUSY/STALE retries (10.3 s) -> EBUSY
inode-rpc: shard=1110 type=87 exhausted 16 BUSY/STALE retries (10.3 s) -> EBUSY
inode-rpc: shard=3118 type=87 exhausted 16 BUSY/STALE retries (10.3 s) -> EBUSY
inode-rpc: shard=4008 type=87 exhausted 16 BUSY/STALE retries (10.3 s) -> EBUSY
inode-rpc: retry type=63 attempt=6 why=no-hint
inode-rpc: retry type=45 attempt=4 why=no-hint
inode-rpc: retry type=87 attempt=5 why=no-hint
inode-rpc: retry type=63 attempt=7 why=no-hint
inode-rpc: retry type=87 attempt=6 why=no-hint
inode-rpc: retry type=45 attempt=5 why=no-hint
inode-rpc: retry type=87 attempt=1 why=no-hint
inode-rpc: retry type=87 attempt=1 why=no-hint
inode-rpc: retry type=87 attempt=14 why=no-hint
inode-rpc: retry type=87 attempt=2 why=no-hint
inode-rpc: retry type=87 attempt=2 why=no-hint
inode-rpc: retry type=87 attempt=3 why=no-hint
inode-rpc: retry type=87 attempt=3 why=no-hint
inode-rpc: shard=374 type=87 exhausted 16 BUSY/STALE retries (10.3 s) -> EBUSY
inode-rpc: retry type=87 attempt=3 why=no-hint
inode-rpc: retry type=87 attempt=3 why=no-hint
inode-rpc: retry type=87 attempt=13 why=no-hint
inode-rpc: retry type=87 attempt=0 why=no-hint
inode-rpc: retry type=87 attempt=15 why=no-hint
inode-rpc: retry type=87 attempt=4 why=no-hint
inode-rpc: retry type=87 attempt=4 why=no-hint
inode-rpc: shard=1262 type=87 exhausted 16 BUSY/STALE retries (10.3 s) -> EBUSY
inode-rpc: shard=1228 type=87 exhausted 16 BUSY/STALE retries (10.3 s) -> EBUSY
inode-rpc: retry type=87 attempt=2 why=no-hint
inode-rpc: retry type=87 attempt=3 why=no-hint
inode-rpc: retry type=87 attempt=7 why=no-hint
inode-rpc: retry type=87 attempt=6 why=no-hint
inode-rpc: retry type=87 attempt=8 why=no-hint
inode-rpc: retry type=87 attempt=8 why=no-hint
inode-rpc: retry type=87 attempt=10 why=no-hint
inode-rpc: retry type=87 attempt=10 why=no-hint
inode-rpc: retry type=87 attempt=4 why=no-hint
inode-rpc: retry type=87 attempt=7 why=no-hint
inode-rpc: retry type=87 attempt=8 why=no-hint
inode-rpc: retry type=87 attempt=9 why=no-hint
inode-rpc: retry type=87 attempt=9 why=no-hint
inode-rpc: retry type=87 attempt=11 why=no-hint
inode-rpc: retry type=87 attempt=11 why=no-hint
inode-rpc: retry type=87 attempt=5 why=no-hint
inode-rpc: dual type=45 exhausted 16 BUSY/STALE retries (10.3 s) -> EBUSY
inode-rpc: shard=880 type=87 exhausted 16 BUSY/STALE retries (10.3 s) -> EBUSY
inode-rpc: shard=1110 type=87 exhausted 16 BUSY/STALE retries (10.3 s) -> EBUSY
efs: rename_at 6329200/.ecopy.tmp.112449.395 -> 6329200/picr-fh5d rc=-13 after 9 tries
efs: rename_at 1205334/.ecopy.tmp.112449.399 -> 1205334/hiia-50nz rc=-13 after 9 tries
inode-rpc: dual type=45 exhausted 16 BUSY/STALE retries (10.3 s) -> EBUSY
inode-rpc: shard=4008 type=87 exhausted 16 BUSY/STALE retries (10.3 s) -> EBUSY
inode-rpc: shard=3118 type=87 exhausted 16 BUSY/STALE retries (10.3 s) -> EBUSY
inode-rpc: shard=374 type=87 exhausted 16 BUSY/STALE retries (10.3 s) -> EBUSY
efs: rename_at 1610102/.ecopy.tmp.112449.408 -> 1610102/j08v-7jo7 rc=-13 after 9 tries
inode-rpc: shard=1262 type=87 exhausted 16 BUSY/STALE retries (10.3 s) -> EBUSY
efs: rename_at 2262254/.ecopy.tmp.112449.407 -> 2262254/n3d1-5s2z rc=-13 after 9 tries
inode-rpc: shard=1228 type=87 exhausted 16 BUSY/STALE retries (10.3 s) -> EBUSY
efs: rename_at 9385164/.ecopy.tmp.112449.382 -> 9385164/6szl-t7o7 rc=-13 after 9 tries
inode-rpc: shard=3118 type=87 exhausted 16 BUSY/STALE retries (10.3 s) -> EBUSY
inode-rpc: shard=4008 type=87 exhausted 16 BUSY/STALE retries (10.3 s) -> EBUSY
inode-rpc: shard=3118 type=87 exhausted 16 BUSY/STALE retries (10.3 s) -> EBUSY
inode-rpc: shard=4008 type=87 exhausted 16 BUSY/STALE retries (10.3 s) -> EBUSY
Discovered 4 cluster nodes from fcstor003.ib:19810
  node id=1 172.16.223.57:19810
  node id=2 172.16.223.58:19810
  node id=3 172.16.223.59:19810
  node id=4 172.16.223.60:19810
fetching metadata...
meta: raft host mounted export 'fs' (bits=12, no GET_META table)
export id=1 name=fs
meta ready staged_rows=1 staged_chunks=0 staged_bytes=169120 root_get=0 mode=40755
efs-fuse daemon pid=127552
fuse serving
efs: RDMA transport up on mlx5_1 port 1 (lid 1911, 36 x 72 KiB bufs/conn)
inode-rpc: retry type=63 attempt=0 why=no-hint
inode-rpc: retry type=63 attempt=1 why=no-hint
inode-rpc: retry type=63 attempt=0 why=no-hint
inode-rpc: retry type=63 attempt=1 why=no-hint
inode-rpc: retry type=63 attempt=2 why=no-hint
inode-rpc: retry type=63 attempt=0 why=no-hint
inode-rpc: retry type=63 attempt=2 why=no-hint
inode-rpc: retry type=63 attempt=1 why=no-hint
inode-rpc: retry type=63 attempt=3 why=no-hint
inode-rpc: retry type=63 attempt=3 why=no-hint
inode-rpc: retry type=63 attempt=2 why=no-hint
inode-rpc: retry type=63 attempt=0 why=no-hint
inode-rpc: retry type=63 attempt=1 why=no-hint
inode-rpc: retry type=63 attempt=3 why=no-hint
inode-rpc: retry type=63 attempt=4 why=no-hint
inode-rpc: retry type=63 attempt=4 why=no-hint
inode-rpc: retry type=63 attempt=2 why=no-hint
inode-rpc: retry type=63 attempt=3 why=no-hint
inode-rpc: retry type=63 attempt=4 why=no-hint
inode-rpc: retry type=63 attempt=5 why=no-hint
inode-rpc: retry type=63 attempt=5 why=no-hint
inode-rpc: retry type=63 attempt=4 why=no-hint
inode-rpc: retry type=63 attempt=5 why=no-hint
inode-rpc: retry type=63 attempt=5 why=no-hint
inode-rpc: retry type=63 attempt=6 why=no-hint
inode-rpc: retry type=63 attempt=6 why=no-hint
inode-rpc: retry type=63 attempt=6 why=no-hint
inode-rpc: retry type=63 attempt=6 why=no-hint
inode-rpc: retry type=63 attempt=7 why=no-hint
inode-rpc: retry type=63 attempt=7 why=no-hint
inode-rpc: retry type=63 attempt=7 why=no-hint
inode-rpc: retry type=63 attempt=7 why=no-hint
inode-rpc: retry type=63 attempt=8 why=no-hint
inode-rpc: retry type=63 attempt=8 why=no-hint
inode-rpc: retry type=63 attempt=8 why=no-hint
inode-rpc: retry type=63 attempt=9 why=no-hint
inode-rpc: retry type=63 attempt=9 why=no-hint
inode-rpc: retry type=63 attempt=8 why=no-hint
inode-rpc: retry type=63 attempt=9 why=no-hint
inode-rpc: retry type=63 attempt=10 why=no-hint
inode-rpc: retry type=63 attempt=9 why=no-hint
inode-rpc: retry type=63 attempt=10 why=no-hint
inode-rpc: retry type=63 attempt=10 why=no-hint
inode-rpc: retry type=63 attempt=10 why=no-hint
inode-rpc: retry type=63 attempt=11 why=no-hint
inode-rpc: retry type=63 attempt=11 why=no-hint
inode-rpc: retry type=63 attempt=11 why=no-hint
inode-rpc: retry type=63 attempt=11 why=no-hint
inode-rpc: retry type=63 attempt=12 why=no-hint
inode-rpc: retry type=63 attempt=12 why=no-hint
inode-rpc: retry type=63 attempt=12 why=no-hint
inode-rpc: retry type=63 attempt=12 why=no-hint
inode-rpc: retry type=63 attempt=13 why=no-hint
inode-rpc: retry type=63 attempt=13 why=no-hint
inode-rpc: retry type=63 attempt=13 why=no-hint
inode-rpc: retry type=63 attempt=13 why=no-hint
inode-rpc: retry type=63 attempt=14 why=no-hint
inode-rpc: retry type=63 attempt=14 why=no-hint
inode-rpc: retry type=63 attempt=14 why=no-hint
report-loop ino=1653640 rounds=1 stale=0 busy=1 ms=8435 rc=-13
efs-fuse flush-meta: resource busy (efs_rc=-13) ino=1653640 off=0 len=0
inode-rpc: retry type=63 attempt=14 why=no-hint
inode-rpc: retry type=63 attempt=15 why=no-hint
inode-rpc: retry type=63 attempt=15 why=no-hint
inode-rpc: retry type=63 attempt=15 why=no-hint
inode-rpc: shard=955 type=63 exhausted 16 BUSY/STALE retries (10.3 s) -> EBUSY
inode-rpc: shard=1697 type=63 exhausted 16 BUSY/STALE retries (10.3 s) -> EBUSY
inode-rpc: retry type=63 attempt=15 why=no-hint
inode-rpc: shard=3587 type=63 exhausted 16 BUSY/STALE retries (10.3 s) -> EBUSY
inode-rpc: retry type=87 attempt=0 why=no-hint
inode-rpc: shard=955 type=63 exhausted 16 BUSY/STALE retries (10.3 s) -> EBUSY
report-loop ino=2190310 rounds=1 stale=0 busy=1 ms=8429 rc=-13
efs-fuse flush-meta: resource busy (efs_rc=-13) ino=2190310 off=0 len=0
inode-rpc: retry type=43 attempt=0 why=no-hint
inode-rpc: retry type=43 attempt=1 why=no-hint
inode-rpc: retry type=43 attempt=1 why=no-hint
inode-rpc: retry type=43 attempt=2 why=no-hint
inode-rpc: shard=2952 type=63 exhausted 16 BUSY/STALE retries (10.3 s) -> EBUSY
inode-rpc: shard=2952 type=63 exhausted 16 BUSY/STALE retries (10.3 s) -> EBUSY
inode-rpc: shard=96 type=87 exhausted 16 BUSY/STALE retries (10.3 s) -> EBUSY
report-loop ino=2087988 rounds=1 stale=0 busy=1 ms=8431 rc=-13
efs-fuse flush-meta: resource busy (efs_rc=-13) ino=2087988 off=0 len=0
inode-rpc: shard=2840 type=63 exhausted 16 BUSY/STALE retries (10.3 s) -> EBUSY
inode-rpc: shard=2952 type=63 exhausted 16 BUSY/STALE retries (10.3 s) -> EBUSY
inode-rpc: shard=2324 type=63 exhausted 16 BUSY/STALE retries (10.3 s) -> EBUSY
inode-rpc: shard=2952 type=63 exhausted 16 BUSY/STALE retries (10.3 s) -> EBUSY
report-loop ino=1793539 rounds=1 stale=0 busy=1 ms=24182 rc=-13
efs-fuse flush-meta: resource busy (efs_rc=-13) ino=1793539 off=0 len=0
report-loop ino=3660457 rounds=1 stale=0 busy=1 ms=8248 rc=-13
efs-fuse flush-meta: resource busy (efs_rc=-13) ino=3660457 off=0 len=0
Discovered 4 cluster nodes from fcstor003.ib:19810
  node id=1 172.16.223.57:19810
  node id=2 172.16.223.58:19810
  node id=3 172.16.223.59:19810
  node id=4 172.16.223.60:19810
fetching metadata...
meta: raft host mounted export 'fs' (bits=12, no GET_META table)
export id=1 name=fs
meta ready staged_rows=1 staged_chunks=0 staged_bytes=169120 root_get=0 mode=40755
efs-fuse daemon pid=129487
fuse serving
efs: RDMA transport up on mlx5_1 port 1 (lid 1911, 36 x 72 KiB bufs/conn)
Discovered 4 cluster nodes from fcstor003.ib:19810
  node id=1 172.16.223.57:19810
  node id=2 172.16.223.58:19810
  node id=3 172.16.223.59:19810
  node id=4 172.16.223.60:19810
fetching metadata...
meta: raft host mounted export 'fs' (bits=12, no GET_META table)
export id=1 name=fs
meta ready staged_rows=1 staged_chunks=0 staged_bytes=169120 root_get=0 mode=40755
efs-fuse daemon pid=129696
fuse serving
efs: RDMA transport up on mlx5_1 port 1 (lid 1911, 36 x 72 KiB bufs/conn)
inode-rpc: retry type=63 attempt=0 why=no-hint
inode-rpc: retry type=63 attempt=1 why=no-hint
inode-rpc: retry type=63 attempt=0 why=no-hint
inode-rpc: retry type=63 attempt=2 why=no-hint
inode-rpc: retry type=63 attempt=1 why=no-hint
inode-rpc: retry type=63 attempt=2 why=no-hint
inode-rpc: retry type=63 attempt=3 why=no-hint
inode-rpc: retry type=63 attempt=0 why=no-hint
inode-rpc: retry type=63 attempt=0 why=no-hint
inode-rpc: retry type=63 attempt=1 why=no-hint
inode-rpc: retry type=63 attempt=3 why=no-hint
inode-rpc: retry type=63 attempt=1 why=no-hint
inode-rpc: retry type=63 attempt=0 why=no-hint
inode-rpc: retry type=63 attempt=2 why=no-hint
inode-rpc: retry type=63 attempt=0 why=no-hint
inode-rpc: retry type=63 attempt=1 why=no-hint
inode-rpc: retry type=63 attempt=4 why=no-hint
inode-rpc: retry type=63 attempt=2 why=no-hint
inode-rpc: retry type=63 attempt=1 why=no-hint
inode-rpc: retry type=63 attempt=2 why=no-hint
inode-rpc: retry type=63 attempt=3 why=no-hint
inode-rpc: retry type=63 attempt=2 why=no-hint
inode-rpc: retry type=63 attempt=0 why=no-hint
inode-rpc: retry type=63 attempt=4 why=no-hint
inode-rpc: retry type=63 attempt=3 why=no-hint
inode-rpc: retry type=63 attempt=1 why=no-hint
inode-rpc: retry type=63 attempt=0 why=no-hint
inode-rpc: retry type=63 attempt=3 why=no-hint
inode-rpc: retry type=63 attempt=3 why=no-hint
inode-rpc: retry type=63 attempt=2 why=no-hint
inode-rpc: retry type=63 attempt=1 why=no-hint
inode-rpc: retry type=63 attempt=0 why=no-hint
inode-rpc: retry type=63 attempt=4 why=no-hint
inode-rpc: retry type=63 attempt=2 why=no-hint
inode-rpc: retry type=63 attempt=1 why=no-hint
inode-rpc: retry type=63 attempt=3 why=no-hint
inode-rpc: retry type=63 attempt=0 why=no-hint
inode-rpc: retry type=63 attempt=4 why=no-hint
inode-rpc: retry type=63 attempt=0 why=no-hint
inode-rpc: retry type=63 attempt=2 why=no-hint
inode-rpc: retry type=63 attempt=0 why=no-hint
inode-rpc: retry type=63 attempt=1 why=no-hint
inode-rpc: retry type=63 attempt=4 why=no-hint
inode-rpc: retry type=63 attempt=1 why=no-hint
inode-rpc: retry type=63 attempt=1 why=no-hint
inode-rpc: retry type=63 attempt=3 why=no-hint
inode-rpc: retry type=63 attempt=4 why=no-hint
inode-rpc: retry type=63 attempt=5 why=no-hint
inode-rpc: retry type=63 attempt=2 why=no-hint
inode-rpc: retry type=63 attempt=2 why=no-hint
inode-rpc: retry type=63 attempt=2 why=no-hint
inode-rpc: retry type=63 attempt=3 why=no-hint
inode-rpc: retry type=63 attempt=0 why=no-hint
inode-rpc: retry type=63 attempt=1 why=no-hint
inode-rpc: retry type=63 attempt=4 why=no-hint
inode-rpc: retry type=63 attempt=5 why=no-hint
inode-rpc: retry type=63 attempt=3 why=no-hint
inode-rpc: retry type=63 attempt=3 why=no-hint
inode-rpc: retry type=63 attempt=3 why=no-hint
inode-rpc: retry type=63 attempt=2 why=no-hint
inode-rpc: retry type=63 attempt=4 why=no-hint
inode-rpc: retry type=63 attempt=5 why=no-hint
inode-rpc: retry type=63 attempt=4 why=no-hint
inode-rpc: retry type=63 attempt=3 why=no-hint
inode-rpc: retry type=63 attempt=4 why=no-hint
inode-rpc: retry type=63 attempt=5 why=no-hint
inode-rpc: retry type=63 attempt=4 why=no-hint
inode-rpc: retry type=63 attempt=4 why=no-hint
inode-rpc: retry type=63 attempt=5 why=no-hint
inode-rpc: retry type=63 attempt=5 why=no-hint
inode-rpc: retry type=63 attempt=6 why=no-hint
inode-rpc: retry type=63 attempt=4 why=no-hint
inode-rpc: retry type=63 attempt=6 why=no-hint
inode-rpc: retry type=63 attempt=5 why=no-hint
inode-rpc: retry type=63 attempt=5 why=no-hint
inode-rpc: retry type=63 attempt=6 why=no-hint
inode-rpc: retry type=63 attempt=5 why=no-hint
inode-rpc: retry type=63 attempt=6 why=no-hint
inode-rpc: retry type=63 attempt=5 why=no-hint
inode-rpc: retry type=63 attempt=5 why=no-hint
inode-rpc: retry type=63 attempt=5 why=no-hint
inode-rpc: retry type=63 attempt=6 why=no-hint
inode-rpc: retry type=63 attempt=6 why=no-hint
inode-rpc: retry type=63 attempt=7 why=no-hint
inode-rpc: retry type=63 attempt=5 why=no-hint
inode-rpc: retry type=63 attempt=6 why=no-hint
inode-rpc: retry type=63 attempt=7 why=no-hint
inode-rpc: retry type=63 attempt=6 why=no-hint
inode-rpc: retry type=63 attempt=7 why=no-hint
inode-rpc: retry type=63 attempt=6 why=no-hint
inode-rpc: retry type=63 attempt=7 why=no-hint
inode-rpc: retry type=63 attempt=6 why=no-hint
inode-rpc: retry type=63 attempt=6 why=no-hint
inode-rpc: retry type=63 attempt=6 why=no-hint
inode-rpc: retry type=87 attempt=0 why=no-hint
inode-rpc: retry type=63 attempt=7 why=no-hint
inode-rpc: retry type=63 attempt=7 why=no-hint
inode-rpc: retry type=63 attempt=8 why=no-hint
inode-rpc: retry type=63 attempt=6 why=no-hint
inode-rpc: retry type=63 attempt=7 why=no-hint
inode-rpc: retry type=63 attempt=8 why=no-hint
inode-rpc: retry type=63 attempt=7 why=no-hint
inode-rpc: retry type=63 attempt=8 why=no-hint
inode-rpc: retry type=63 attempt=7 why=no-hint
inode-rpc: retry type=63 attempt=8 why=no-hint
inode-rpc: retry type=63 attempt=7 why=no-hint
inode-rpc: retry type=63 attempt=7 why=no-hint
inode-rpc: retry type=63 attempt=7 why=no-hint
inode-rpc: retry type=63 attempt=8 why=no-hint
inode-rpc: retry type=63 attempt=8 why=no-hint
inode-rpc: retry type=63 attempt=9 why=no-hint
inode-rpc: retry type=63 attempt=7 why=no-hint
inode-rpc: retry type=63 attempt=8 why=no-hint
inode-rpc: retry type=63 attempt=9 why=no-hint
inode-rpc: retry type=63 attempt=8 why=no-hint
inode-rpc: retry type=63 attempt=9 why=no-hint
inode-rpc: retry type=63 attempt=8 why=no-hint
inode-rpc: retry type=63 attempt=9 why=no-hint
inode-rpc: retry type=63 attempt=8 why=no-hint
inode-rpc: retry type=63 attempt=8 why=no-hint
inode-rpc: retry type=63 attempt=8 why=no-hint
inode-rpc: retry type=63 attempt=9 why=no-hint
inode-rpc: retry type=63 attempt=9 why=no-hint
inode-rpc: retry type=63 attempt=10 why=no-hint
inode-rpc: retry type=63 attempt=8 why=no-hint
inode-rpc: retry type=63 attempt=9 why=no-hint
inode-rpc: retry type=63 attempt=10 why=no-hint
inode-rpc: retry type=63 attempt=9 why=no-hint
inode-rpc: retry type=63 attempt=10 why=no-hint
inode-rpc: retry type=63 attempt=9 why=no-hint
inode-rpc: retry type=63 attempt=10 why=no-hint
inode-rpc: retry type=63 attempt=9 why=no-hint
inode-rpc: retry type=63 attempt=9 why=no-hint
inode-rpc: retry type=63 attempt=9 why=no-hint
inode-rpc: retry type=63 attempt=10 why=no-hint
inode-rpc: retry type=63 attempt=10 why=no-hint
inode-rpc: retry type=63 attempt=11 why=no-hint
inode-rpc: retry type=63 attempt=9 why=no-hint
inode-rpc: retry type=63 attempt=10 why=no-hint
inode-rpc: retry type=63 attempt=11 why=no-hint
inode-rpc: retry type=63 attempt=10 why=no-hint
inode-rpc: retry type=63 attempt=11 why=no-hint
inode-rpc: retry type=63 attempt=10 why=no-hint
inode-rpc: retry type=63 attempt=11 why=no-hint
inode-rpc: retry type=63 attempt=10 why=no-hint
inode-rpc: retry type=63 attempt=10 why=no-hint
inode-rpc: retry type=63 attempt=10 why=no-hint
inode-rpc: retry type=63 attempt=11 why=no-hint
inode-rpc: retry type=63 attempt=11 why=no-hint
inode-rpc: retry type=63 attempt=12 why=no-hint
inode-rpc: retry type=63 attempt=10 why=no-hint
inode-rpc: retry type=63 attempt=11 why=no-hint
inode-rpc: retry type=63 attempt=12 why=no-hint
inode-rpc: retry type=63 attempt=11 why=no-hint
inode-rpc: retry type=63 attempt=12 why=no-hint
inode-rpc: retry type=63 attempt=11 why=no-hint
inode-rpc: retry type=63 attempt=12 why=no-hint
inode-rpc: retry type=63 attempt=11 why=no-hint
inode-rpc: retry type=63 attempt=11 why=no-hint
inode-rpc: retry type=63 attempt=11 why=no-hint
inode-rpc: retry type=63 attempt=12 why=no-hint
inode-rpc: retry type=63 attempt=12 why=no-hint
inode-rpc: retry type=63 attempt=13 why=no-hint
inode-rpc: retry type=63 attempt=11 why=no-hint
inode-rpc: retry type=63 attempt=12 why=no-hint
inode-rpc: retry type=63 attempt=13 why=no-hint
inode-rpc: retry type=63 attempt=12 why=no-hint
inode-rpc: retry type=63 attempt=13 why=no-hint
inode-rpc: retry type=63 attempt=12 why=no-hint
inode-rpc: retry type=63 attempt=13 why=no-hint
inode-rpc: retry type=63 attempt=12 why=no-hint
inode-rpc: retry type=63 attempt=12 why=no-hint
inode-rpc: retry type=63 attempt=12 why=no-hint
inode-rpc: retry type=63 attempt=13 why=no-hint
inode-rpc: retry type=63 attempt=13 why=no-hint
inode-rpc: retry type=63 attempt=14 why=no-hint
inode-rpc: retry type=63 attempt=12 why=no-hint
inode-rpc: retry type=63 attempt=13 why=no-hint
inode-rpc: retry type=63 attempt=14 why=no-hint
inode-rpc: retry type=63 attempt=13 why=no-hint
inode-rpc: retry type=63 attempt=14 why=no-hint
inode-rpc: retry type=63 attempt=13 why=no-hint
inode-rpc: retry type=63 attempt=14 why=no-hint
inode-rpc: retry type=63 attempt=13 why=no-hint
inode-rpc: retry type=63 attempt=13 why=no-hint
inode-rpc: retry type=63 attempt=13 why=no-hint
inode-rpc: retry type=63 attempt=14 why=no-hint
inode-rpc: retry type=63 attempt=14 why=no-hint
inode-rpc: retry type=63 attempt=15 why=no-hint
inode-rpc: retry type=63 attempt=13 why=no-hint
inode-rpc: retry type=63 attempt=14 why=no-hint
inode-rpc: retry type=63 attempt=15 why=no-hint
inode-rpc: retry type=63 attempt=14 why=no-hint
inode-rpc: retry type=63 attempt=15 why=no-hint
inode-rpc: retry type=63 attempt=14 why=no-hint
inode-rpc: retry type=63 attempt=15 why=no-hint
inode-rpc: retry type=63 attempt=14 why=no-hint
inode-rpc: retry type=63 attempt=14 why=no-hint
inode-rpc: retry type=63 attempt=14 why=no-hint
inode-rpc: retry type=63 attempt=15 why=no-hint
inode-rpc: retry type=63 attempt=15 why=no-hint
inode-rpc: shard=1697 type=63 exhausted 16 BUSY/STALE retries (10.3 s) -> EBUSY
inode-rpc: retry type=63 attempt=14 why=no-hint
inode-rpc: retry type=63 attempt=15 why=no-hint
inode-rpc: shard=2299 type=63 exhausted 16 BUSY/STALE retries (10.3 s) -> EBUSY
inode-rpc: retry type=63 attempt=15 why=no-hint
inode-rpc: shard=2299 type=63 exhausted 16 BUSY/STALE retries (10.3 s) -> EBUSY
inode-rpc: retry type=63 attempt=15 why=no-hint
inode-rpc: shard=2299 type=63 exhausted 16 BUSY/STALE retries (10.3 s) -> EBUSY
inode-rpc: retry type=63 attempt=15 why=no-hint
inode-rpc: retry type=63 attempt=15 why=no-hint
inode-rpc: retry type=63 attempt=15 why=no-hint
inode-rpc: shard=2299 type=63 exhausted 16 BUSY/STALE retries (10.3 s) -> EBUSY
inode-rpc: shard=2299 type=63 exhausted 16 BUSY/STALE retries (10.3 s) -> EBUSY
inode-rpc: retry type=63 attempt=15 why=no-hint
inode-rpc: shard=2299 type=63 exhausted 16 BUSY/STALE retries (10.3 s) -> EBUSY
inode-rpc: shard=2299 type=63 exhausted 16 BUSY/STALE retries (10.3 s) -> EBUSY
inode-rpc: shard=2299 type=63 exhausted 16 BUSY/STALE retries (10.3 s) -> EBUSY
inode-rpc: shard=2299 type=63 exhausted 16 BUSY/STALE retries (10.3 s) -> EBUSY
inode-rpc: shard=2299 type=63 exhausted 16 BUSY/STALE retries (10.3 s) -> EBUSY
inode-rpc: shard=2299 type=63 exhausted 16 BUSY/STALE retries (10.3 s) -> EBUSY
inode-rpc: shard=2299 type=63 exhausted 16 BUSY/STALE retries (10.3 s) -> EBUSY
inode-rpc: retry type=63 attempt=0 why=no-hint
inode-rpc: retry type=63 attempt=1 why=no-hint
inode-rpc: retry type=63 attempt=2 why=no-hint
inode-rpc: retry type=63 attempt=3 why=no-hint
inode-rpc: retry type=63 attempt=0 why=no-hint
inode-rpc: retry type=63 attempt=1 why=no-hint
inode-rpc: retry type=63 attempt=4 why=no-hint
inode-rpc: retry type=63 attempt=2 why=no-hint
inode-rpc: retry type=63 attempt=0 why=no-hint
inode-rpc: retry type=63 attempt=0 why=no-hint
inode-rpc: retry type=63 attempt=0 why=no-hint
inode-rpc: retry type=63 attempt=0 why=no-hint
inode-rpc: retry type=63 attempt=0 why=no-hint
inode-rpc: retry type=63 attempt=0 why=no-hint
inode-rpc: retry type=63 attempt=0 why=no-hint
inode-rpc: retry type=63 attempt=1 why=no-hint
inode-rpc: retry type=63 attempt=1 why=no-hint
inode-rpc: retry type=63 attempt=1 why=no-hint
inode-rpc: retry type=63 attempt=0 why=no-hint
inode-rpc: retry type=63 attempt=1 why=no-hint
inode-rpc: retry type=63 attempt=1 why=no-hint
inode-rpc: retry type=63 attempt=1 why=no-hint
inode-rpc: retry type=63 attempt=0 why=no-hint
inode-rpc: retry type=63 attempt=0 why=no-hint
inode-rpc: retry type=63 attempt=1 why=no-hint
inode-rpc: retry type=63 attempt=2 why=no-hint
inode-rpc: retry type=63 attempt=3 why=no-hint
inode-rpc: retry type=63 attempt=1 why=no-hint
inode-rpc: retry type=63 attempt=2 why=no-hint
inode-rpc: retry type=63 attempt=2 why=no-hint
inode-rpc: retry type=63 attempt=0 why=no-hint
inode-rpc: retry type=63 attempt=2 why=no-hint
inode-rpc: retry type=63 attempt=2 why=no-hint
inode-rpc: retry type=63 attempt=1 why=no-hint
inode-rpc: retry type=63 attempt=1 why=no-hint
inode-rpc: retry type=63 attempt=2 why=no-hint
inode-rpc: retry type=63 attempt=2 why=no-hint
inode-rpc: retry type=63 attempt=2 why=no-hint
inode-rpc: retry type=63 attempt=1 why=no-hint
inode-rpc: retry type=63 attempt=2 why=no-hint
inode-rpc: retry type=63 attempt=2 why=no-hint
inode-rpc: retry type=63 attempt=3 why=no-hint
inode-rpc: retry type=63 attempt=3 why=no-hint
inode-rpc: retry type=63 attempt=3 why=no-hint
inode-rpc: retry type=63 attempt=3 why=no-hint
inode-rpc: retry type=63 attempt=3 why=no-hint
inode-rpc: retry type=63 attempt=3 why=no-hint
inode-rpc: retry type=63 attempt=3 why=no-hint
inode-rpc: retry type=63 attempt=2 why=no-hint
inode-rpc: retry type=63 attempt=3 why=no-hint
inode-rpc: retry type=63 attempt=4 why=no-hint
inode-rpc: retry type=63 attempt=3 why=no-hint
inode-rpc: retry type=63 attempt=3 why=no-hint
inode-rpc: retry type=63 attempt=5 why=no-hint
inode-rpc: retry type=63 attempt=3 why=no-hint
inode-rpc: retry type=63 attempt=4 why=no-hint
inode-rpc: retry type=63 attempt=4 why=no-hint
inode-rpc: retry type=63 attempt=4 why=no-hint
inode-rpc: retry type=63 attempt=4 why=no-hint
inode-rpc: retry type=63 attempt=4 why=no-hint
inode-rpc: retry type=63 attempt=4 why=no-hint
inode-rpc: retry type=63 attempt=4 why=no-hint
inode-rpc: retry type=63 attempt=4 why=no-hint
inode-rpc: retry type=63 attempt=4 why=no-hint
inode-rpc: retry type=63 attempt=4 why=no-hint
inode-rpc: retry type=63 attempt=4 why=no-hint
inode-rpc: retry type=63 attempt=5 why=no-hint
inode-rpc: retry type=63 attempt=6 why=no-hint
inode-rpc: retry type=63 attempt=5 why=no-hint
inode-rpc: retry type=63 attempt=5 why=no-hint
inode-rpc: retry type=63 attempt=5 why=no-hint
inode-rpc: retry type=63 attempt=5 why=no-hint
inode-rpc: retry type=63 attempt=5 why=no-hint
inode-rpc: retry type=63 attempt=5 why=no-hint
inode-rpc: retry type=63 attempt=5 why=no-hint
inode-rpc: retry type=63 attempt=5 why=no-hint
inode-rpc: retry type=63 attempt=5 why=no-hint
inode-rpc: retry type=63 attempt=5 why=no-hint
inode-rpc: retry type=63 attempt=5 why=no-hint
inode-rpc: retry type=63 attempt=6 why=no-hint
inode-rpc: retry type=63 attempt=7 why=no-hint
inode-rpc: retry type=63 attempt=6 why=no-hint
inode-rpc: retry type=63 attempt=6 why=no-hint
inode-rpc: retry type=63 attempt=6 why=no-hint
inode-rpc: retry type=63 attempt=6 why=no-hint
inode-rpc: retry type=63 attempt=6 why=no-hint
inode-rpc: retry type=63 attempt=6 why=no-hint
inode-rpc: retry type=63 attempt=6 why=no-hint
inode-rpc: retry type=63 attempt=6 why=no-hint
inode-rpc: retry type=63 attempt=6 why=no-hint
inode-rpc: retry type=63 attempt=6 why=no-hint
inode-rpc: retry type=63 attempt=6 why=no-hint
inode-rpc: retry type=63 attempt=7 why=no-hint
inode-rpc: retry type=63 attempt=8 why=no-hint
inode-rpc: retry type=63 attempt=7 why=no-hint
inode-rpc: retry type=63 attempt=7 why=no-hint
inode-rpc: retry type=63 attempt=7 why=no-hint
inode-rpc: retry type=63 attempt=7 why=no-hint
inode-rpc: retry type=63 attempt=7 why=no-hint
inode-rpc: retry type=63 attempt=7 why=no-hint
inode-rpc: retry type=63 attempt=7 why=no-hint
inode-rpc: retry type=63 attempt=7 why=no-hint
inode-rpc: retry type=63 attempt=7 why=no-hint
inode-rpc: retry type=63 attempt=7 why=no-hint
inode-rpc: retry type=87 attempt=0 why=no-hint
inode-rpc: retry type=63 attempt=7 why=no-hint
inode-rpc: retry type=63 attempt=8 why=no-hint
inode-rpc: retry type=63 attempt=9 why=no-hint
inode-rpc: retry type=63 attempt=8 why=no-hint
inode-rpc: retry type=63 attempt=8 why=no-hint
inode-rpc: retry type=63 attempt=8 why=no-hint
inode-rpc: retry type=63 attempt=8 why=no-hint
inode-rpc: retry type=63 attempt=8 why=no-hint
inode-rpc: retry type=63 attempt=8 why=no-hint
inode-rpc: retry type=63 attempt=8 why=no-hint
inode-rpc: retry type=63 attempt=8 why=no-hint
inode-rpc: retry type=63 attempt=8 why=no-hint
inode-rpc: retry type=87 attempt=0 why=no-hint
inode-rpc: retry type=63 attempt=8 why=no-hint
inode-rpc: retry type=63 attempt=8 why=no-hint
inode-rpc: retry type=63 attempt=9 why=no-hint
inode-rpc: retry type=63 attempt=10 why=no-hint
inode-rpc: retry type=63 attempt=9 why=no-hint
inode-rpc: retry type=63 attempt=9 why=no-hint
inode-rpc: retry type=63 attempt=9 why=no-hint
inode-rpc: retry type=63 attempt=9 why=no-hint
inode-rpc: retry type=63 attempt=9 why=no-hint
inode-rpc: retry type=63 attempt=9 why=no-hint
inode-rpc: retry type=63 attempt=9 why=no-hint
inode-rpc: retry type=63 attempt=9 why=no-hint
inode-rpc: retry type=63 attempt=9 why=no-hint
inode-rpc: retry type=63 attempt=9 why=no-hint
inode-rpc: retry type=63 attempt=9 why=no-hint
inode-rpc: retry type=63 attempt=10 why=no-hint
inode-rpc: retry type=63 attempt=11 why=no-hint
inode-rpc: retry type=63 attempt=10 why=no-hint
inode-rpc: retry type=63 attempt=10 why=no-hint
inode-rpc: retry type=63 attempt=10 why=no-hint
inode-rpc: retry type=63 attempt=10 why=no-hint
inode-rpc: retry type=63 attempt=10 why=no-hint
inode-rpc: retry type=63 attempt=10 why=no-hint
inode-rpc: retry type=63 attempt=10 why=no-hint
inode-rpc: retry type=63 attempt=10 why=no-hint
inode-rpc: retry type=63 attempt=10 why=no-hint
inode-rpc: retry type=63 attempt=10 why=no-hint
inode-rpc: retry type=63 attempt=10 why=no-hint
inode-rpc: retry type=63 attempt=11 why=no-hint
inode-rpc: retry type=63 attempt=12 why=no-hint
inode-rpc: retry type=63 attempt=11 why=no-hint
inode-rpc: retry type=63 attempt=11 why=no-hint
inode-rpc: retry type=63 attempt=11 why=no-hint
inode-rpc: retry type=63 attempt=11 why=no-hint
inode-rpc: retry type=63 attempt=11 why=no-hint
inode-rpc: retry type=63 attempt=11 why=no-hint
inode-rpc: retry type=63 attempt=11 why=no-hint
inode-rpc: retry type=63 attempt=11 why=no-hint
inode-rpc: retry type=63 attempt=11 why=no-hint
inode-rpc: retry type=63 attempt=11 why=no-hint
inode-rpc: retry type=63 attempt=11 why=no-hint
inode-rpc: retry type=63 attempt=12 why=no-hint
inode-rpc: retry type=63 attempt=13 why=no-hint
inode-rpc: retry type=63 attempt=12 why=no-hint
inode-rpc: retry type=63 attempt=12 why=no-hint
inode-rpc: retry type=63 attempt=12 why=no-hint
inode-rpc: retry type=63 attempt=12 why=no-hint
inode-rpc: retry type=63 attempt=12 why=no-hint
inode-rpc: retry type=63 attempt=12 why=no-hint
inode-rpc: retry type=63 attempt=12 why=no-hint
inode-rpc: retry type=63 attempt=12 why=no-hint
inode-rpc: retry type=63 attempt=12 why=no-hint
inode-rpc: retry type=63 attempt=12 why=no-hint
inode-rpc: retry type=63 attempt=12 why=no-hint
inode-rpc: retry type=63 attempt=13 why=no-hint
inode-rpc: retry type=63 attempt=14 why=no-hint
inode-rpc: retry type=63 attempt=13 why=no-hint
inode-rpc: retry type=63 attempt=13 why=no-hint
inode-rpc: retry type=63 attempt=13 why=no-hint
inode-rpc: retry type=63 attempt=13 why=no-hint
inode-rpc: retry type=63 attempt=13 why=no-hint
inode-rpc: retry type=63 attempt=13 why=no-hint
inode-rpc: retry type=63 attempt=13 why=no-hint
inode-rpc: retry type=63 attempt=13 why=no-hint
inode-rpc: retry type=63 attempt=13 why=no-hint
inode-rpc: retry type=63 attempt=13 why=no-hint
inode-rpc: retry type=63 attempt=13 why=no-hint
inode-rpc: retry type=63 attempt=14 why=no-hint
inode-rpc: retry type=63 attempt=15 why=no-hint
inode-rpc: retry type=63 attempt=14 why=no-hint
inode-rpc: retry type=63 attempt=14 why=no-hint
inode-rpc: retry type=63 attempt=14 why=no-hint
inode-rpc: retry type=63 attempt=14 why=no-hint
inode-rpc: retry type=63 attempt=14 why=no-hint
inode-rpc: retry type=63 attempt=14 why=no-hint
inode-rpc: retry type=63 attempt=14 why=no-hint
inode-rpc: retry type=63 attempt=14 why=no-hint
inode-rpc: retry type=63 attempt=14 why=no-hint
inode-rpc: retry type=63 attempt=14 why=no-hint
inode-rpc: retry type=63 attempt=14 why=no-hint
inode-rpc: retry type=63 attempt=15 why=no-hint
inode-rpc: shard=1697 type=63 exhausted 16 BUSY/STALE retries (10.3 s) -> EBUSY
inode-rpc: retry type=63 attempt=15 why=no-hint
inode-rpc: retry type=63 attempt=15 why=no-hint
inode-rpc: retry type=63 attempt=15 why=no-hint
inode-rpc: retry type=63 attempt=15 why=no-hint
inode-rpc: retry type=63 attempt=15 why=no-hint
inode-rpc: retry type=63 attempt=15 why=no-hint
inode-rpc: retry type=63 attempt=15 why=no-hint
inode-rpc: retry type=63 attempt=15 why=no-hint
inode-rpc: retry type=63 attempt=15 why=no-hint
inode-rpc: retry type=63 attempt=15 why=no-hint
inode-rpc: retry type=63 attempt=15 why=no-hint
inode-rpc: shard=2299 type=63 exhausted 16 BUSY/STALE retries (10.3 s) -> EBUSY
inode-rpc: shard=2299 type=63 exhausted 16 BUSY/STALE retries (10.3 s) -> EBUSY
inode-rpc: shard=2299 type=63 exhausted 16 BUSY/STALE retries (10.3 s) -> EBUSY
inode-rpc: shard=2299 type=63 exhausted 16 BUSY/STALE retries (10.3 s) -> EBUSY
inode-rpc: shard=2299 type=63 exhausted 16 BUSY/STALE retries (10.3 s) -> EBUSY
inode-rpc: shard=2299 type=63 exhausted 16 BUSY/STALE retries (10.3 s) -> EBUSY
inode-rpc: shard=2299 type=63 exhausted 16 BUSY/STALE retries (10.3 s) -> EBUSY
inode-rpc: shard=2299 type=63 exhausted 16 BUSY/STALE retries (10.3 s) -> EBUSY
inode-rpc: shard=2299 type=63 exhausted 16 BUSY/STALE retries (10.3 s) -> EBUSY
inode-rpc: shard=2299 type=63 exhausted 16 BUSY/STALE retries (10.3 s) -> EBUSY
inode-rpc: shard=2299 type=63 exhausted 16 BUSY/STALE retries (10.3 s) -> EBUSY
inode-rpc: shard=2299 type=63 exhausted 16 BUSY/STALE retries (10.3 s) -> EBUSY
inode-rpc: retry type=87 attempt=0 why=no-hint
inode-rpc: retry type=87 attempt=0 why=no-hint
inode-rpc: retry type=87 attempt=0 why=no-hint
inode-rpc: retry type=87 attempt=0 why=no-hint
inode-rpc: retry type=87 attempt=0 why=no-hint
inode-rpc: retry type=87 attempt=0 why=no-hint
inode-rpc: retry type=87 attempt=0 why=no-hint
inode-rpc: retry type=87 attempt=0 why=no-hint
inode-rpc: retry type=87 attempt=0 why=no-hint
inode-rpc: retry type=87 attempt=0 why=no-hint
inode-rpc: retry type=87 attempt=0 why=no-hint
inode-rpc: retry type=87 attempt=0 why=no-hint
inode-rpc: retry type=87 attempt=0 why=no-hint
inode-rpc: retry type=87 attempt=0 why=no-hint
inode-rpc: retry type=87 attempt=0 why=no-hint
inode-rpc: retry type=87 attempt=0 why=no-hint
inode-rpc: retry type=87 attempt=0 why=no-hint
inode-rpc: retry type=87 attempt=0 why=no-hint
inode-rpc: retry type=87 attempt=0 why=no-hint
inode-rpc: retry type=87 attempt=0 why=no-hint
inode-rpc: retry type=87 attempt=0 why=no-hint
inode-rpc: retry type=87 attempt=0 why=no-hint
inode-rpc: retry type=87 attempt=0 why=no-hint
inode-rpc: retry type=87 attempt=0 why=no-hint
inode-rpc: retry type=87 attempt=0 why=no-hint
inode-rpc: retry type=87 attempt=0 why=no-hint
inode-rpc: retry type=87 attempt=0 why=no-hint
inode-rpc: retry type=87 attempt=0 why=no-hint
inode-rpc: retry type=87 attempt=0 why=no-hint
inode-rpc: retry type=63 attempt=0 why=no-hint
inode-rpc: retry type=63 attempt=1 why=no-hint
inode-rpc: retry type=63 attempt=2 why=no-hint
inode-rpc: retry type=63 attempt=3 why=no-hint
inode-rpc: retry type=63 attempt=4 why=no-hint
inode-rpc: retry type=63 attempt=5 why=no-hint
inode-rpc: retry type=63 attempt=6 why=no-hint
inode-rpc: retry type=63 attempt=7 why=no-hint
inode-rpc: retry type=63 attempt=8 why=no-hint
inode-rpc: retry type=63 attempt=9 why=no-hint
inode-rpc: retry type=63 attempt=10 why=no-hint
inode-rpc: retry type=63 attempt=0 why=no-hint
inode-rpc: retry type=63 attempt=1 why=no-hint
inode-rpc: retry type=63 attempt=2 why=no-hint
inode-rpc: retry type=63 attempt=3 why=no-hint
inode-rpc: retry type=63 attempt=11 why=no-hint
inode-rpc: retry type=63 attempt=4 why=no-hint
inode-rpc: retry type=63 attempt=12 why=no-hint
inode-rpc: retry type=63 attempt=5 why=no-hint
inode-rpc: retry type=63 attempt=13 why=no-hint
inode-rpc: retry type=63 attempt=6 why=no-hint
inode-rpc: retry type=63 attempt=14 why=no-hint
inode-rpc: retry type=63 attempt=7 why=no-hint
inode-rpc: retry type=63 attempt=15 why=no-hint
inode-rpc: retry type=63 attempt=8 why=no-hint
inode-rpc: shard=2095 type=63 exhausted 16 BUSY/STALE retries (10.3 s) -> EBUSY
inode-rpc: retry type=63 attempt=9 why=no-hint
inode-rpc: retry type=63 attempt=10 why=no-hint
inode-rpc: retry type=63 attempt=11 why=no-hint
inode-rpc: retry type=63 attempt=12 why=no-hint
inode-rpc: retry type=63 attempt=13 why=no-hint
inode-rpc: retry type=63 attempt=14 why=no-hint
inode-rpc: retry type=63 attempt=15 why=no-hint
inode-rpc: shard=2095 type=63 exhausted 16 BUSY/STALE retries (10.3 s) -> EBUSY
inode-rpc: retry type=63 attempt=0 why=no-hint
inode-rpc: retry type=63 attempt=1 why=no-hint
inode-rpc: retry type=63 attempt=0 why=no-hint
inode-rpc: retry type=63 attempt=1 why=no-hint
inode-rpc: retry type=63 attempt=2 why=no-hint
inode-rpc: retry type=63 attempt=0 why=no-hint
inode-rpc: retry type=63 attempt=2 why=no-hint
inode-rpc: retry type=63 attempt=1 why=no-hint
inode-rpc: retry type=63 attempt=0 why=no-hint
inode-rpc: retry type=63 attempt=1 why=no-hint
inode-rpc: retry type=63 attempt=3 why=no-hint
inode-rpc: retry type=63 attempt=2 why=no-hint
inode-rpc: retry type=63 attempt=0 why=no-hint
inode-rpc: retry type=63 attempt=0 why=no-hint
inode-rpc: retry type=63 attempt=3 why=no-hint
inode-rpc: retry type=63 attempt=2 why=no-hint
inode-rpc: retry type=63 attempt=0 why=no-hint
inode-rpc: retry type=63 attempt=1 why=no-hint
inode-rpc: retry type=63 attempt=1 why=no-hint
inode-rpc: retry type=63 attempt=0 why=no-hint
inode-rpc: retry type=63 attempt=1 why=no-hint
inode-rpc: retry type=63 attempt=1 why=no-hint
inode-rpc: retry type=63 attempt=2 why=no-hint
inode-rpc: retry type=63 attempt=3 why=no-hint
inode-rpc: retry type=63 attempt=2 why=no-hint
inode-rpc: retry type=63 attempt=2 why=no-hint
inode-rpc: retry type=63 attempt=3 why=no-hint
inode-rpc: retry type=63 attempt=2 why=no-hint
inode-rpc: retry type=63 attempt=4 why=no-hint
inode-rpc: retry type=63 attempt=3 why=no-hint
inode-rpc: retry type=63 attempt=4 why=no-hint
inode-rpc: retry type=63 attempt=3 why=no-hint
inode-rpc: retry type=63 attempt=3 why=no-hint
inode-rpc: retry type=63 attempt=3 why=no-hint
inode-rpc: retry type=63 attempt=4 why=no-hint
inode-rpc: retry type=63 attempt=4 why=no-hint
inode-rpc: retry type=63 attempt=4 why=no-hint
inode-rpc: retry type=63 attempt=4 why=no-hint
inode-rpc: retry type=63 attempt=4 why=no-hint
inode-rpc: retry type=63 attempt=4 why=no-hint
inode-rpc: retry type=63 attempt=5 why=no-hint
inode-rpc: retry type=63 attempt=5 why=no-hint
inode-rpc: retry type=63 attempt=5 why=no-hint
inode-rpc: retry type=63 attempt=5 why=no-hint
inode-rpc: retry type=63 attempt=5 why=no-hint
inode-rpc: retry type=63 attempt=5 why=no-hint
inode-rpc: retry type=63 attempt=5 why=no-hint
inode-rpc: retry type=63 attempt=5 why=no-hint
inode-rpc: retry type=63 attempt=6 why=no-hint
inode-rpc: retry type=63 attempt=6 why=no-hint
inode-rpc: retry type=63 attempt=6 why=no-hint
inode-rpc: retry type=63 attempt=6 why=no-hint
inode-rpc: retry type=63 attempt=6 why=no-hint
inode-rpc: retry type=63 attempt=6 why=no-hint
inode-rpc: retry type=63 attempt=6 why=no-hint
inode-rpc: retry type=63 attempt=6 why=no-hint
inode-rpc: retry type=63 attempt=7 why=no-hint
inode-rpc: retry type=63 attempt=7 why=no-hint
inode-rpc: retry type=63 attempt=7 why=no-hint
inode-rpc: retry type=63 attempt=7 why=no-hint
inode-rpc: retry type=63 attempt=7 why=no-hint
inode-rpc: retry type=63 attempt=7 why=no-hint
inode-rpc: retry type=63 attempt=7 why=no-hint
inode-rpc: retry type=63 attempt=7 why=no-hint
inode-rpc: retry type=63 attempt=8 why=no-hint
inode-rpc: retry type=63 attempt=8 why=no-hint
inode-rpc: retry type=63 attempt=8 why=no-hint
inode-rpc: retry type=63 attempt=8 why=no-hint
inode-rpc: retry type=63 attempt=8 why=no-hint
inode-rpc: retry type=63 attempt=8 why=no-hint
inode-rpc: retry type=63 attempt=8 why=no-hint
inode-rpc: retry type=63 attempt=8 why=no-hint
inode-rpc: retry type=63 attempt=9 why=no-hint
inode-rpc: retry type=63 attempt=9 why=no-hint
inode-rpc: retry type=63 attempt=9 why=no-hint
inode-rpc: retry type=63 attempt=9 why=no-hint
inode-rpc: retry type=63 attempt=9 why=no-hint
inode-rpc: retry type=63 attempt=9 why=no-hint
inode-rpc: retry type=63 attempt=9 why=no-hint
inode-rpc: retry type=63 attempt=9 why=no-hint
inode-rpc: retry type=63 attempt=10 why=no-hint
inode-rpc: retry type=63 attempt=10 why=no-hint
inode-rpc: retry type=63 attempt=10 why=no-hint
inode-rpc: retry type=63 attempt=10 why=no-hint
inode-rpc: retry type=63 attempt=10 why=no-hint
inode-rpc: retry type=63 attempt=10 why=no-hint
inode-rpc: retry type=63 attempt=10 why=no-hint
inode-rpc: retry type=63 attempt=10 why=no-hint
inode-rpc: retry type=63 attempt=11 why=no-hint
inode-rpc: retry type=63 attempt=11 why=no-hint
inode-rpc: retry type=63 attempt=11 why=no-hint
inode-rpc: retry type=63 attempt=11 why=no-hint
inode-rpc: retry type=63 attempt=11 why=no-hint
inode-rpc: retry type=63 attempt=11 why=no-hint
inode-rpc: retry type=63 attempt=11 why=no-hint
inode-rpc: retry type=63 attempt=11 why=no-hint
inode-rpc: retry type=63 attempt=12 why=no-hint
inode-rpc: retry type=63 attempt=12 why=no-hint
inode-rpc: retry type=63 attempt=12 why=no-hint
inode-rpc: retry type=63 attempt=12 why=no-hint
inode-rpc: retry type=63 attempt=12 why=no-hint
inode-rpc: retry type=63 attempt=12 why=no-hint
inode-rpc: retry type=63 attempt=12 why=no-hint
inode-rpc: retry type=63 attempt=12 why=no-hint
inode-rpc: retry type=63 attempt=13 why=no-hint
inode-rpc: retry type=63 attempt=13 why=no-hint
inode-rpc: retry type=63 attempt=13 why=no-hint
inode-rpc: retry type=63 attempt=13 why=no-hint
inode-rpc: retry type=63 attempt=13 why=no-hint
inode-rpc: retry type=63 attempt=13 why=no-hint
inode-rpc: retry type=63 attempt=13 why=no-hint
inode-rpc: retry type=63 attempt=13 why=no-hint
inode-rpc: retry type=63 attempt=14 why=no-hint
inode-rpc: retry type=63 attempt=14 why=no-hint
inode-rpc: retry type=63 attempt=14 why=no-hint
inode-rpc: retry type=63 attempt=14 why=no-hint
inode-rpc: retry type=63 attempt=14 why=no-hint
inode-rpc: retry type=63 attempt=14 why=no-hint
inode-rpc: retry type=63 attempt=14 why=no-hint
inode-rpc: retry type=63 attempt=14 why=no-hint
inode-rpc: retry type=63 attempt=15 why=no-hint
inode-rpc: retry type=63 attempt=15 why=no-hint
inode-rpc: retry type=63 attempt=15 why=no-hint
inode-rpc: retry type=63 attempt=15 why=no-hint
inode-rpc: retry type=63 attempt=15 why=no-hint
inode-rpc: retry type=63 attempt=15 why=no-hint
inode-rpc: retry type=63 attempt=15 why=no-hint
inode-rpc: retry type=63 attempt=15 why=no-hint
inode-rpc: shard=781 type=63 exhausted 16 BUSY/STALE retries (10.3 s) -> EBUSY
inode-rpc: shard=1101 type=63 exhausted 16 BUSY/STALE retries (10.3 s) -> EBUSY
inode-rpc: retry type=63 attempt=0 why=no-hint
inode-rpc: retry type=63 attempt=1 why=no-hint
inode-rpc: shard=3307 type=63 exhausted 16 BUSY/STALE retries (10.3 s) -> EBUSY
inode-rpc: shard=3307 type=63 exhausted 16 BUSY/STALE retries (10.3 s) -> EBUSY
inode-rpc: retry type=63 attempt=2 why=no-hint
inode-rpc: shard=3307 type=63 exhausted 16 BUSY/STALE retries (10.3 s) -> EBUSY
inode-rpc: shard=3307 type=63 exhausted 16 BUSY/STALE retries (10.3 s) -> EBUSY
inode-rpc: shard=3307 type=63 exhausted 16 BUSY/STALE retries (10.3 s) -> EBUSY
inode-rpc: retry type=63 attempt=3 why=no-hint
inode-rpc: shard=3307 type=63 exhausted 16 BUSY/STALE retries (10.3 s) -> EBUSY
inode-rpc: retry type=63 attempt=0 why=no-hint
inode-rpc: retry type=63 attempt=1 why=no-hint
inode-rpc: retry type=63 attempt=0 why=no-hint
inode-rpc: retry type=63 attempt=4 why=no-hint
inode-rpc: retry type=63 attempt=1 why=no-hint
inode-rpc: retry type=63 attempt=2 why=no-hint
inode-rpc: retry type=63 attempt=2 why=no-hint
inode-rpc: retry type=63 attempt=3 why=no-hint
inode-rpc: retry type=63 attempt=3 why=no-hint
inode-rpc: retry type=63 attempt=4 why=no-hint
inode-rpc: retry type=63 attempt=4 why=no-hint
inode-rpc: retry type=63 attempt=5 why=no-hint
inode-rpc: retry type=63 attempt=5 why=no-hint
inode-rpc: retry type=63 attempt=5 why=no-hint
inode-rpc: retry type=63 attempt=6 why=no-hint
inode-rpc: retry type=87 attempt=0 why=no-hint
inode-rpc: retry type=63 attempt=6 why=no-hint
inode-rpc: retry type=63 attempt=6 why=no-hint
inode-rpc: retry type=63 attempt=7 why=no-hint
inode-rpc: retry type=87 attempt=0 why=no-hint
inode-rpc: retry type=63 attempt=7 why=no-hint
inode-rpc: retry type=63 attempt=7 why=no-hint
inode-rpc: retry type=63 attempt=8 why=no-hint
inode-rpc: retry type=63 attempt=8 why=no-hint
inode-rpc: retry type=63 attempt=8 why=no-hint
inode-rpc: retry type=63 attempt=9 why=no-hint
inode-rpc: retry type=63 attempt=9 why=no-hint
inode-rpc: retry type=63 attempt=9 why=no-hint
inode-rpc: retry type=63 attempt=10 why=no-hint
inode-rpc: retry type=63 attempt=10 why=no-hint
inode-rpc: retry type=63 attempt=10 why=no-hint
inode-rpc: retry type=63 attempt=11 why=no-hint
inode-rpc: retry type=63 attempt=11 why=no-hint
inode-rpc: retry type=63 attempt=11 why=no-hint
inode-rpc: retry type=63 attempt=12 why=no-hint
inode-rpc: retry type=87 attempt=0 why=no-hint
inode-rpc: retry type=63 attempt=12 why=no-hint
inode-rpc: retry type=63 attempt=12 why=no-hint
inode-rpc: retry type=63 attempt=13 why=no-hint
inode-rpc: retry type=87 attempt=0 why=no-hint
inode-rpc: retry type=87 attempt=0 why=no-hint
inode-rpc: retry type=63 attempt=13 why=no-hint
inode-rpc: retry type=63 attempt=13 why=no-hint
inode-rpc: retry type=63 attempt=14 why=no-hint
inode-rpc: retry type=87 attempt=0 why=no-hint
inode-rpc: retry type=63 attempt=14 why=no-hint
inode-rpc: retry type=63 attempt=14 why=no-hint
inode-rpc: retry type=63 attempt=15 why=no-hint
inode-rpc: retry type=63 attempt=15 why=no-hint
inode-rpc: retry type=63 attempt=15 why=no-hint
inode-rpc: shard=3307 type=63 exhausted 16 BUSY/STALE retries (10.3 s) -> EBUSY
inode-rpc: retry type=63 attempt=0 why=no-hint
inode-rpc: retry type=63 attempt=1 why=no-hint
inode-rpc: retry type=63 attempt=2 why=no-hint
inode-rpc: retry type=63 attempt=3 why=no-hint
inode-rpc: shard=2533 type=63 exhausted 16 BUSY/STALE retries (10.3 s) -> EBUSY
inode-rpc: shard=1883 type=63 exhausted 16 BUSY/STALE retries (10.3 s) -> EBUSY
inode-rpc: retry type=63 attempt=4 why=no-hint
inode-rpc: retry type=63 attempt=0 why=no-hint
inode-rpc: retry type=63 attempt=1 why=no-hint
inode-rpc: retry type=63 attempt=0 why=no-hint
inode-rpc: retry type=63 attempt=1 why=no-hint
inode-rpc: retry type=63 attempt=2 why=no-hint
inode-rpc: retry type=63 attempt=2 why=no-hint
inode-rpc: retry type=63 attempt=3 why=no-hint
inode-rpc: retry type=63 attempt=3 why=no-hint
inode-rpc: retry type=63 attempt=5 why=no-hint
inode-rpc: retry type=63 attempt=4 why=no-hint
inode-rpc: retry type=63 attempt=4 why=no-hint
inode-rpc: retry type=63 attempt=6 why=no-hint
inode-rpc: retry type=63 attempt=5 why=no-hint
inode-rpc: retry type=63 attempt=5 why=no-hint
inode-rpc: retry type=63 attempt=7 why=no-hint
inode-rpc: retry type=63 attempt=6 why=no-hint
inode-rpc: retry type=63 attempt=6 why=no-hint
inode-rpc: retry type=63 attempt=8 why=no-hint
inode-rpc: retry type=63 attempt=7 why=no-hint
inode-rpc: retry type=63 attempt=7 why=no-hint
inode-rpc: retry type=63 attempt=9 why=no-hint
inode-rpc: retry type=63 attempt=8 why=no-hint
inode-rpc: retry type=63 attempt=8 why=no-hint
inode-rpc: retry type=63 attempt=10 why=no-hint
inode-rpc: retry type=63 attempt=9 why=no-hint
inode-rpc: retry type=63 attempt=9 why=no-hint
inode-rpc: retry type=63 attempt=11 why=no-hint
inode-rpc: retry type=63 attempt=10 why=no-hint
inode-rpc: retry type=63 attempt=10 why=no-hint
inode-rpc: retry type=63 attempt=0 why=no-hint
inode-rpc: retry type=63 attempt=1 why=no-hint
inode-rpc: retry type=63 attempt=2 why=no-hint
inode-rpc: retry type=63 attempt=12 why=no-hint
inode-rpc: retry type=63 attempt=11 why=no-hint
inode-rpc: retry type=63 attempt=3 why=no-hint
inode-rpc: retry type=63 attempt=11 why=no-hint
inode-rpc: retry type=63 attempt=4 why=no-hint
inode-rpc: retry type=63 attempt=13 why=no-hint
inode-rpc: retry type=63 attempt=12 why=no-hint
inode-rpc: retry type=63 attempt=12 why=no-hint
inode-rpc: retry type=63 attempt=5 why=no-hint
inode-rpc: retry type=63 attempt=14 why=no-hint
inode-rpc: retry type=63 attempt=13 why=no-hint
inode-rpc: retry type=63 attempt=13 why=no-hint
inode-rpc: retry type=63 attempt=6 why=no-hint
inode-rpc: retry type=63 attempt=15 why=no-hint
inode-rpc: retry type=63 attempt=14 why=no-hint
inode-rpc: retry type=63 attempt=14 why=no-hint
inode-rpc: retry type=63 attempt=7 why=no-hint
inode-rpc: shard=1273 type=63 exhausted 16 BUSY/STALE retries (10.3 s) -> EBUSY
inode-rpc: retry type=63 attempt=15 why=no-hint
inode-rpc: retry type=63 attempt=15 why=no-hint
inode-rpc: retry type=63 attempt=8 why=no-hint
inode-rpc: shard=909 type=63 exhausted 16 BUSY/STALE retries (10.3 s) -> EBUSY
inode-rpc: retry type=63 attempt=0 why=no-hint
inode-rpc: shard=3785 type=63 exhausted 16 BUSY/STALE retries (10.3 s) -> EBUSY
inode-rpc: retry type=63 attempt=1 why=no-hint
inode-rpc: retry type=63 attempt=0 why=no-hint
inode-rpc: retry type=63 attempt=2 why=no-hint
inode-rpc: retry type=63 attempt=1 why=no-hint
inode-rpc: retry type=63 attempt=2 why=no-hint
inode-rpc: retry type=63 attempt=9 why=no-hint
inode-rpc: retry type=63 attempt=3 why=no-hint
inode-rpc: retry type=63 attempt=3 why=no-hint
inode-rpc: retry type=63 attempt=4 why=no-hint
inode-rpc: retry type=63 attempt=4 why=no-hint
inode-rpc: retry type=63 attempt=10 why=no-hint
inode-rpc: retry type=63 attempt=5 why=no-hint
inode-rpc: retry type=63 attempt=5 why=no-hint
inode-rpc: retry type=63 attempt=11 why=no-hint
inode-rpc: retry type=63 attempt=6 why=no-hint
inode-rpc: retry type=63 attempt=6 why=no-hint
inode-rpc: retry type=63 attempt=12 why=no-hint
inode-rpc: retry type=63 attempt=7 why=no-hint
inode-rpc: retry type=63 attempt=7 why=no-hint
inode-rpc: retry type=63 attempt=13 why=no-hint
inode-rpc: retry type=63 attempt=8 why=no-hint
inode-rpc: retry type=63 attempt=8 why=no-hint
inode-rpc: retry type=63 attempt=14 why=no-hint
inode-rpc: retry type=63 attempt=9 why=no-hint
inode-rpc: retry type=63 attempt=9 why=no-hint
inode-rpc: retry type=63 attempt=15 why=no-hint
inode-rpc: retry type=63 attempt=10 why=no-hint
inode-rpc: retry type=63 attempt=10 why=no-hint
inode-rpc: shard=3307 type=63 exhausted 16 BUSY/STALE retries (10.3 s) -> EBUSY
inode-rpc: retry type=63 attempt=11 why=no-hint
inode-rpc: retry type=63 attempt=11 why=no-hint
inode-rpc: retry type=63 attempt=12 why=no-hint
inode-rpc: retry type=63 attempt=12 why=no-hint
inode-rpc: retry type=63 attempt=13 why=no-hint
inode-rpc: retry type=63 attempt=13 why=no-hint
inode-rpc: retry type=63 attempt=14 why=no-hint
inode-rpc: retry type=63 attempt=14 why=no-hint
inode-rpc: retry type=63 attempt=15 why=no-hint
inode-rpc: retry type=63 attempt=15 why=no-hint
inode-rpc: shard=3307 type=63 exhausted 16 BUSY/STALE retries (10.3 s) -> EBUSY
inode-rpc: shard=3307 type=63 exhausted 16 BUSY/STALE retries (10.3 s) -> EBUSY
inode-rpc: retry type=63 attempt=0 why=no-hint
inode-rpc: retry type=63 attempt=1 why=no-hint
inode-rpc: retry type=63 attempt=2 why=no-hint
inode-rpc: retry type=63 attempt=3 why=no-hint
inode-rpc: retry type=63 attempt=4 why=no-hint
inode-rpc: retry type=63 attempt=5 why=no-hint
inode-rpc: retry type=63 attempt=6 why=no-hint
inode-rpc: retry type=63 attempt=7 why=no-hint
inode-rpc: retry type=63 attempt=8 why=no-hint
inode-rpc: retry type=63 attempt=0 why=no-hint
inode-rpc: retry type=63 attempt=1 why=no-hint
inode-rpc: retry type=63 attempt=2 why=no-hint
inode-rpc: retry type=63 attempt=9 why=no-hint
inode-rpc: retry type=63 attempt=3 why=no-hint
inode-rpc: retry type=63 attempt=4 why=no-hint
inode-rpc: retry type=63 attempt=10 why=no-hint
inode-rpc: retry type=63 attempt=5 why=no-hint
inode-rpc: retry type=63 attempt=11 why=no-hint
inode-rpc: retry type=63 attempt=6 why=no-hint
inode-rpc: retry type=63 attempt=12 why=no-hint
inode-rpc: retry type=63 attempt=7 why=no-hint
inode-rpc: retry type=63 attempt=13 why=no-hint
inode-rpc: retry type=63 attempt=8 why=no-hint
inode-rpc: retry type=63 attempt=14 why=no-hint
inode-rpc: retry type=63 attempt=9 why=no-hint
inode-rpc: retry type=63 attempt=15 why=no-hint
inode-rpc: retry type=63 attempt=10 why=no-hint
inode-rpc: shard=3307 type=63 exhausted 16 BUSY/STALE retries (10.3 s) -> EBUSY
efs-fuse: staging table over EFS_CLIENT_META_MB (256 MB) with nothing evictable; growing (pinned data is real work, not cache)
inode-rpc: retry type=63 attempt=11 why=no-hint
inode-rpc: retry type=63 attempt=12 why=no-hint
inode-rpc: retry type=63 attempt=13 why=no-hint
inode-rpc: retry type=63 attempt=14 why=no-hint
inode-rpc: retry type=63 attempt=15 why=no-hint
inode-rpc: shard=3307 type=63 exhausted 16 BUSY/STALE retries (10.3 s) -> EBUSY
inode-rpc: retry type=87 attempt=0 why=no-hint
inode-rpc: retry type=87 attempt=0 why=no-hint
inode-rpc: retry type=87 attempt=0 why=no-hint
inode-rpc: retry type=87 attempt=0 why=no-hint
fuse: reading device: Software caused connection abort
fuse: reading device: Software caused connection abort
Discovered 4 cluster nodes from fcstor003.ib:19810
  node id=1 172.16.223.57:19810
  node id=2 172.16.223.58:19810
  node id=3 172.16.223.59:19810
  node id=4 172.16.223.60:19810
fetching metadata...
meta: raft host mounted export 'fs' (bits=12, no GET_META table)
export id=1 name=fs
meta ready staged_rows=1 staged_chunks=0 staged_bytes=169120 root_get=0 mode=40755
efs-fuse daemon pid=133024
fuse serving
efs: RDMA transport up on mlx5_1 port 1 (lid 1911, 36 x 72 KiB bufs/conn)
inode-rpc: retry type=63 attempt=0 why=no-hint
inode-rpc: retry type=63 attempt=1 why=no-hint
inode-rpc: retry type=63 attempt=2 why=no-hint
inode-rpc: retry type=63 attempt=0 why=no-hint
inode-rpc: retry type=63 attempt=0 why=no-hint
inode-rpc: retry type=63 attempt=0 why=no-hint
inode-rpc: retry type=63 attempt=0 why=no-hint
inode-rpc: retry type=63 attempt=1 why=no-hint
inode-rpc: retry type=63 attempt=1 why=no-hint
inode-rpc: retry type=63 attempt=1 why=no-hint
inode-rpc: retry type=63 attempt=0 why=no-hint
inode-rpc: retry type=63 attempt=0 why=no-hint
inode-rpc: retry type=63 attempt=0 why=no-hint
inode-rpc: retry type=63 attempt=0 why=no-hint
inode-rpc: retry type=63 attempt=0 why=no-hint
inode-rpc: retry type=87 attempt=0 why=no-hint
inode-rpc: retry type=63 attempt=0 why=no-hint
inode-rpc: retry type=63 attempt=0 why=no-hint
inode-rpc: retry type=63 attempt=0 why=no-hint
inode-rpc: retry type=63 attempt=0 why=no-hint
inode-rpc: retry type=63 attempt=0 why=no-hint
inode-rpc: retry type=63 attempt=1 why=no-hint
inode-rpc: retry type=63 attempt=1 why=no-hint
inode-rpc: retry type=63 attempt=1 why=no-hint
inode-rpc: retry type=63 attempt=1 why=no-hint
inode-rpc: retry type=63 attempt=1 why=no-hint
inode-rpc: retry type=63 attempt=1 why=no-hint
inode-rpc: retry type=63 attempt=1 why=no-hint
inode-rpc: retry type=63 attempt=1 why=no-hint
inode-rpc: retry type=63 attempt=1 why=no-hint
inode-rpc: retry type=63 attempt=1 why=no-hint
inode-rpc: retry type=63 attempt=1 why=no-hint
inode-rpc: retry type=63 attempt=2 why=no-hint
inode-rpc: retry type=63 attempt=0 why=no-hint
inode-rpc: retry type=63 attempt=2 why=no-hint
inode-rpc: retry type=63 attempt=2 why=no-hint
inode-rpc: retry type=63 attempt=3 why=no-hint
inode-rpc: retry type=63 attempt=2 why=no-hint
inode-rpc: retry type=63 attempt=1 why=no-hint
inode-rpc: retry type=63 attempt=2 why=no-hint
inode-rpc: retry type=63 attempt=2 why=no-hint
inode-rpc: retry type=63 attempt=2 why=no-hint
inode-rpc: retry type=63 attempt=2 why=no-hint
inode-rpc: retry type=63 attempt=2 why=no-hint
inode-rpc: retry type=63 attempt=2 why=no-hint
inode-rpc: retry type=63 attempt=2 why=no-hint
inode-rpc: retry type=63 attempt=2 why=no-hint
inode-rpc: retry type=63 attempt=2 why=no-hint
inode-rpc: retry type=63 attempt=2 why=no-hint
inode-rpc: retry type=63 attempt=2 why=no-hint
inode-rpc: retry type=63 attempt=3 why=no-hint
inode-rpc: retry type=63 attempt=3 why=no-hint
inode-rpc: retry type=63 attempt=3 why=no-hint
inode-rpc: retry type=87 attempt=0 why=no-hint
inode-rpc: retry type=63 attempt=3 why=no-hint
inode-rpc: retry type=63 attempt=3 why=no-hint
inode-rpc: retry type=63 attempt=3 why=no-hint
inode-rpc: retry type=63 attempt=3 why=no-hint
inode-rpc: retry type=63 attempt=3 why=no-hint
inode-rpc: retry type=63 attempt=3 why=no-hint
inode-rpc: retry type=63 attempt=3 why=no-hint
inode-rpc: retry type=63 attempt=3 why=no-hint
inode-rpc: retry type=63 attempt=3 why=no-hint
inode-rpc: retry type=63 attempt=3 why=no-hint
inode-rpc: retry type=63 attempt=3 why=no-hint
inode-rpc: retry type=63 attempt=3 why=no-hint
inode-rpc: retry type=87 attempt=0 why=no-hint
inode-rpc: retry type=63 attempt=4 why=no-hint
inode-rpc: retry type=87 attempt=0 why=no-hint
inode-rpc: retry type=63 attempt=4 why=no-hint
inode-rpc: retry type=63 attempt=4 why=no-hint
inode-rpc: retry type=63 attempt=4 why=no-hint
inode-rpc: retry type=63 attempt=4 why=no-hint
inode-rpc: retry type=63 attempt=4 why=no-hint
inode-rpc: retry type=63 attempt=4 why=no-hint
inode-rpc: retry type=63 attempt=4 why=no-hint
inode-rpc: retry type=63 attempt=4 why=no-hint
inode-rpc: retry type=63 attempt=4 why=no-hint
inode-rpc: retry type=63 attempt=4 why=no-hint
inode-rpc: retry type=63 attempt=4 why=no-hint
inode-rpc: retry type=63 attempt=4 why=no-hint
inode-rpc: retry type=63 attempt=4 why=no-hint
inode-rpc: retry type=63 attempt=4 why=no-hint
inode-rpc: retry type=63 attempt=4 why=no-hint
inode-rpc: retry type=63 attempt=5 why=no-hint
inode-rpc: retry type=63 attempt=5 why=no-hint
inode-rpc: retry type=63 attempt=5 why=no-hint
inode-rpc: retry type=63 attempt=5 why=no-hint
inode-rpc: retry type=63 attempt=5 why=no-hint
inode-rpc: retry type=63 attempt=5 why=no-hint
inode-rpc: retry type=63 attempt=5 why=no-hint
inode-rpc: retry type=63 attempt=5 why=no-hint
inode-rpc: retry type=63 attempt=5 why=no-hint
inode-rpc: retry type=63 attempt=5 why=no-hint
inode-rpc: retry type=63 attempt=5 why=no-hint
inode-rpc: retry type=63 attempt=5 why=no-hint
inode-rpc: retry type=63 attempt=5 why=no-hint
inode-rpc: retry type=63 attempt=5 why=no-hint
inode-rpc: retry type=63 attempt=5 why=no-hint
inode-rpc: retry type=63 attempt=5 why=no-hint
inode-rpc: retry type=63 attempt=6 why=no-hint
inode-rpc: retry type=63 attempt=6 why=no-hint
inode-rpc: retry type=63 attempt=6 why=no-hint
inode-rpc: retry type=63 attempt=6 why=no-hint
inode-rpc: retry type=63 attempt=6 why=no-hint
inode-rpc: retry type=63 attempt=6 why=no-hint
inode-rpc: retry type=63 attempt=6 why=no-hint
inode-rpc: retry type=63 attempt=6 why=no-hint
inode-rpc: retry type=63 attempt=6 why=no-hint
inode-rpc: retry type=63 attempt=6 why=no-hint
inode-rpc: retry type=63 attempt=6 why=no-hint
inode-rpc: retry type=63 attempt=6 why=no-hint
inode-rpc: retry type=63 attempt=6 why=no-hint
inode-rpc: retry type=63 attempt=6 why=no-hint
inode-rpc: retry type=63 attempt=6 why=no-hint
inode-rpc: retry type=63 attempt=6 why=no-hint
inode-rpc: retry type=63 attempt=7 why=no-hint
inode-rpc: retry type=63 attempt=7 why=no-hint
inode-rpc: retry type=63 attempt=7 why=no-hint
inode-rpc: retry type=63 attempt=7 why=no-hint
inode-rpc: retry type=63 attempt=7 why=no-hint
inode-rpc: retry type=63 attempt=7 why=no-hint
inode-rpc: retry type=63 attempt=7 why=no-hint
inode-rpc: retry type=63 attempt=7 why=no-hint
inode-rpc: retry type=63 attempt=7 why=no-hint
inode-rpc: retry type=63 attempt=7 why=no-hint
inode-rpc: retry type=63 attempt=7 why=no-hint
inode-rpc: retry type=63 attempt=7 why=no-hint
inode-rpc: retry type=63 attempt=7 why=no-hint
inode-rpc: retry type=63 attempt=7 why=no-hint
inode-rpc: retry type=63 attempt=7 why=no-hint
inode-rpc: retry type=63 attempt=7 why=no-hint
inode-rpc: retry type=63 attempt=8 why=no-hint
inode-rpc: retry type=63 attempt=8 why=no-hint
inode-rpc: retry type=63 attempt=8 why=no-hint
inode-rpc: retry type=63 attempt=8 why=no-hint
inode-rpc: retry type=63 attempt=8 why=no-hint
inode-rpc: retry type=63 attempt=8 why=no-hint
inode-rpc: retry type=63 attempt=8 why=no-hint
inode-rpc: retry type=63 attempt=8 why=no-hint
inode-rpc: retry type=63 attempt=8 why=no-hint
inode-rpc: retry type=63 attempt=8 why=no-hint
inode-rpc: retry type=63 attempt=8 why=no-hint
inode-rpc: retry type=63 attempt=8 why=no-hint
inode-rpc: retry type=63 attempt=8 why=no-hint
inode-rpc: retry type=63 attempt=8 why=no-hint
inode-rpc: retry type=63 attempt=8 why=no-hint
inode-rpc: retry type=63 attempt=8 why=no-hint
inode-rpc: retry type=63 attempt=9 why=no-hint
inode-rpc: retry type=63 attempt=9 why=no-hint
inode-rpc: retry type=63 attempt=9 why=no-hint
inode-rpc: retry type=63 attempt=9 why=no-hint
inode-rpc: retry type=63 attempt=9 why=no-hint
inode-rpc: retry type=63 attempt=9 why=no-hint
inode-rpc: retry type=63 attempt=9 why=no-hint
inode-rpc: retry type=63 attempt=9 why=no-hint
inode-rpc: retry type=63 attempt=9 why=no-hint
inode-rpc: retry type=63 attempt=9 why=no-hint
inode-rpc: retry type=63 attempt=9 why=no-hint
inode-rpc: retry type=63 attempt=9 why=no-hint
inode-rpc: retry type=63 attempt=9 why=no-hint
inode-rpc: retry type=63 attempt=9 why=no-hint
inode-rpc: retry type=63 attempt=9 why=no-hint
inode-rpc: retry type=63 attempt=9 why=no-hint
inode-rpc: retry type=63 attempt=10 why=no-hint
inode-rpc: retry type=63 attempt=10 why=no-hint
inode-rpc: retry type=63 attempt=10 why=no-hint
inode-rpc: retry type=63 attempt=10 why=no-hint
inode-rpc: retry type=63 attempt=10 why=no-hint
inode-rpc: retry type=63 attempt=10 why=no-hint
inode-rpc: retry type=63 attempt=10 why=no-hint
inode-rpc: retry type=63 attempt=10 why=no-hint
inode-rpc: retry type=63 attempt=10 why=no-hint
inode-rpc: retry type=63 attempt=10 why=no-hint
inode-rpc: retry type=63 attempt=10 why=no-hint
inode-rpc: retry type=63 attempt=10 why=no-hint
inode-rpc: retry type=63 attempt=10 why=no-hint
inode-rpc: retry type=63 attempt=10 why=no-hint
inode-rpc: retry type=63 attempt=10 why=no-hint
inode-rpc: retry type=63 attempt=10 why=no-hint
inode-rpc: retry type=63 attempt=11 why=no-hint
inode-rpc: retry type=87 attempt=0 why=no-hint
inode-rpc: retry type=63 attempt=11 why=no-hint
inode-rpc: retry type=63 attempt=11 why=no-hint
inode-rpc: retry type=63 attempt=11 why=no-hint
inode-rpc: retry type=63 attempt=11 why=no-hint
inode-rpc: retry type=63 attempt=11 why=no-hint
inode-rpc: retry type=63 attempt=11 why=no-hint
inode-rpc: retry type=63 attempt=11 why=no-hint
inode-rpc: retry type=63 attempt=11 why=no-hint
inode-rpc: retry type=63 attempt=11 why=no-hint
inode-rpc: retry type=63 attempt=11 why=no-hint
inode-rpc: retry type=63 attempt=11 why=no-hint
inode-rpc: retry type=63 attempt=11 why=no-hint
inode-rpc: retry type=63 attempt=11 why=no-hint
inode-rpc: retry type=63 attempt=11 why=no-hint
inode-rpc: retry type=63 attempt=11 why=no-hint
inode-rpc: retry type=63 attempt=12 why=no-hint
inode-rpc: retry type=63 attempt=12 why=no-hint
inode-rpc: retry type=63 attempt=12 why=no-hint
inode-rpc: retry type=63 attempt=12 why=no-hint
inode-rpc: retry type=63 attempt=12 why=no-hint
inode-rpc: retry type=63 attempt=12 why=no-hint
inode-rpc: retry type=63 attempt=12 why=no-hint
inode-rpc: retry type=63 attempt=12 why=no-hint
inode-rpc: retry type=63 attempt=12 why=no-hint
inode-rpc: retry type=63 attempt=12 why=no-hint
inode-rpc: retry type=63 attempt=12 why=no-hint
inode-rpc: retry type=63 attempt=12 why=no-hint
inode-rpc: retry type=63 attempt=12 why=no-hint
inode-rpc: retry type=63 attempt=12 why=no-hint
inode-rpc: retry type=63 attempt=12 why=no-hint
inode-rpc: retry type=63 attempt=12 why=no-hint
inode-rpc: retry type=63 attempt=13 why=no-hint
inode-rpc: retry type=63 attempt=13 why=no-hint
inode-rpc: retry type=63 attempt=13 why=no-hint
inode-rpc: retry type=63 attempt=13 why=no-hint
inode-rpc: retry type=63 attempt=13 why=no-hint
inode-rpc: retry type=63 attempt=13 why=no-hint
inode-rpc: retry type=63 attempt=13 why=no-hint
inode-rpc: retry type=63 attempt=13 why=no-hint
inode-rpc: retry type=63 attempt=13 why=no-hint
inode-rpc: retry type=63 attempt=13 why=no-hint
inode-rpc: retry type=63 attempt=13 why=no-hint
inode-rpc: retry type=63 attempt=13 why=no-hint
inode-rpc: retry type=63 attempt=13 why=no-hint
inode-rpc: retry type=63 attempt=13 why=no-hint
inode-rpc: retry type=63 attempt=13 why=no-hint
inode-rpc: retry type=63 attempt=13 why=no-hint
inode-rpc: retry type=63 attempt=15 why=no-hint
inode-rpc: retry type=63 attempt=15 why=no-hint
inode-rpc: retry type=63 attempt=15 why=no-hint
inode-rpc: retry type=63 attempt=15 why=no-hint
inode-rpc: retry type=87 attempt=2 why=no-hint
inode-rpc: shard=1697 type=63 exhausted 16 BUSY/STALE retries (10.3 s) -> EBUSY
inode-rpc: retry type=63 attempt=0 why=no-hint
inode-rpc: retry type=63 attempt=0 why=no-hint
inode-rpc: shard=2299 type=63 exhausted 16 BUSY/STALE retries (10.3 s) -> EBUSY
inode-rpc: shard=2299 type=63 exhausted 16 BUSY/STALE retries (10.3 s) -> EBUSY
inode-rpc: shard=2299 type=63 exhausted 16 BUSY/STALE retries (10.3 s) -> EBUSY
inode-rpc: shard=2299 type=63 exhausted 16 BUSY/STALE retries (10.3 s) -> EBUSY
inode-rpc: shard=2299 type=63 exhausted 16 BUSY/STALE retries (10.3 s) -> EBUSY
inode-rpc: shard=2299 type=63 exhausted 16 BUSY/STALE retries (10.3 s) -> EBUSY
inode-rpc: shard=955 type=63 exhausted 16 BUSY/STALE retries (10.3 s) -> EBUSY
inode-rpc: shard=2299 type=63 exhausted 16 BUSY/STALE retries (10.3 s) -> EBUSY
inode-rpc: shard=2299 type=63 exhausted 16 BUSY/STALE retries (10.3 s) -> EBUSY
inode-rpc: shard=2299 type=63 exhausted 16 BUSY/STALE retries (10.3 s) -> EBUSY
inode-rpc: shard=2299 type=63 exhausted 16 BUSY/STALE retries (10.3 s) -> EBUSY
inode-rpc: shard=3587 type=63 exhausted 16 BUSY/STALE retries (10.3 s) -> EBUSY
inode-rpc: shard=2299 type=63 exhausted 16 BUSY/STALE retries (10.3 s) -> EBUSY
inode-rpc: shard=2299 type=63 exhausted 16 BUSY/STALE retries (10.3 s) -> EBUSY
inode-rpc: shard=955 type=63 exhausted 16 BUSY/STALE retries (10.3 s) -> EBUSY
inode-rpc: retry type=63 attempt=1 why=no-hint
inode-rpc: retry type=63 attempt=1 why=no-hint
inode-rpc: retry type=63 attempt=2 why=no-hint
inode-rpc: retry type=63 attempt=2 why=no-hint
inode-rpc: retry type=63 attempt=3 why=no-hint
inode-rpc: retry type=63 attempt=3 why=no-hint
inode-rpc: retry type=63 attempt=4 why=no-hint
inode-rpc: retry type=63 attempt=4 why=no-hint
inode-rpc: retry type=87 attempt=0 why=no-hint
inode-rpc: retry type=63 attempt=5 why=no-hint
inode-rpc: retry type=63 attempt=5 why=no-hint
inode-rpc: retry type=63 attempt=6 why=no-hint
inode-rpc: retry type=63 attempt=6 why=no-hint
efs-fuse: staging table over EFS_CLIENT_META_MB (256 MB) with nothing evictable; growing (pinned data is real work, not cache)
inode-rpc: retry type=63 attempt=7 why=no-hint
inode-rpc: retry type=63 attempt=7 why=no-hint
inode-rpc: retry type=87 attempt=0 why=no-hint
inode-rpc: retry type=63 attempt=8 why=no-hint
inode-rpc: retry type=63 attempt=8 why=no-hint
inode-rpc: retry type=63 attempt=9 why=no-hint
inode-rpc: retry type=63 attempt=9 why=no-hint
inode-rpc: retry type=63 attempt=10 why=no-hint
inode-rpc: retry type=63 attempt=10 why=no-hint
inode-rpc: retry type=63 attempt=0 why=no-hint
inode-rpc: retry type=63 attempt=1 why=no-hint
inode-rpc: retry type=63 attempt=2 why=no-hint
inode-rpc: retry type=63 attempt=3 why=no-hint
inode-rpc: retry type=63 attempt=11 why=no-hint
inode-rpc: retry type=63 attempt=11 why=no-hint
inode-rpc: retry type=63 attempt=4 why=no-hint
inode-rpc: retry type=87 attempt=0 why=no-hint
inode-rpc: retry type=87 attempt=0 why=no-hint
inode-rpc: retry type=63 attempt=12 why=no-hint
inode-rpc: retry type=63 attempt=12 why=no-hint
inode-rpc: retry type=63 attempt=5 why=no-hint
inode-rpc: retry type=63 attempt=13 why=no-hint
inode-rpc: retry type=63 attempt=13 why=no-hint
inode-rpc: retry type=63 attempt=6 why=no-hint
inode-rpc: retry type=63 attempt=14 why=no-hint
inode-rpc: retry type=63 attempt=14 why=no-hint
inode-rpc: retry type=87 attempt=0 why=no-hint
inode-rpc: shard=2095 type=63 exhausted 16 BUSY/STALE retries (10.3 s) -> EBUSY
inode-rpc: shard=2095 type=63 exhausted 16 BUSY/STALE retries (10.3 s) -> EBUSY
inode-rpc: retry type=63 attempt=10 why=no-hint
inode-rpc: retry type=87 attempt=0 why=no-hint
inode-rpc: retry type=87 attempt=0 why=no-hint
inode-rpc: retry type=63 attempt=0 why=no-hint
inode-rpc: retry type=63 attempt=1 why=no-hint
inode-rpc: retry type=63 attempt=11 why=no-hint
inode-rpc: retry type=63 attempt=2 why=no-hint
inode-rpc: retry type=63 attempt=3 why=no-hint
inode-rpc: retry type=63 attempt=4 why=no-hint
inode-rpc: retry type=63 attempt=12 why=no-hint
inode-rpc: retry type=63 attempt=13 why=no-hint
inode-rpc: retry type=63 attempt=5 why=no-hint
inode-rpc: retry type=87 attempt=0 why=no-hint
inode-rpc: retry type=63 attempt=14 why=no-hint
inode-rpc: retry type=63 attempt=6 why=no-hint
inode-rpc: retry type=63 attempt=15 why=no-hint
inode-rpc: retry type=63 attempt=7 why=no-hint
inode-rpc: shard=3307 type=63 exhausted 16 BUSY/STALE retries (10.3 s) -> EBUSY
inode-rpc: retry type=63 attempt=8 why=no-hint
inode-rpc: retry type=87 attempt=0 why=no-hint
inode-rpc: retry type=63 attempt=9 why=no-hint
inode-rpc: retry type=63 attempt=10 why=no-hint
inode-rpc: retry type=63 attempt=0 why=no-hint
inode-rpc: retry type=63 attempt=1 why=no-hint
inode-rpc: retry type=63 attempt=2 why=no-hint
inode-rpc: retry type=63 attempt=3 why=no-hint
inode-rpc: retry type=63 attempt=11 why=no-hint
inode-rpc: retry type=63 attempt=4 why=no-hint
inode-rpc: retry type=63 attempt=0 why=no-hint
inode-rpc: retry type=63 attempt=0 why=no-hint
inode-rpc: retry type=63 attempt=12 why=no-hint
inode-rpc: retry type=87 attempt=0 why=no-hint
inode-rpc: retry type=63 attempt=1 why=no-hint
inode-rpc: retry type=63 attempt=1 why=no-hint
inode-rpc: retry type=63 attempt=2 why=no-hint
inode-rpc: retry type=63 attempt=2 why=no-hint
inode-rpc: retry type=63 attempt=5 why=no-hint
inode-rpc: retry type=63 attempt=3 why=no-hint
inode-rpc: retry type=63 attempt=3 why=no-hint
inode-rpc: retry type=63 attempt=4 why=no-hint
inode-rpc: retry type=63 attempt=13 why=no-hint
inode-rpc: retry type=63 attempt=4 why=no-hint
inode-rpc: retry type=63 attempt=6 why=no-hint
inode-rpc: retry type=63 attempt=0 why=no-hint
inode-rpc: retry type=63 attempt=1 why=no-hint
inode-rpc: retry type=63 attempt=5 why=no-hint
inode-rpc: retry type=63 attempt=2 why=no-hint
inode-rpc: retry type=63 attempt=14 why=no-hint
inode-rpc: retry type=63 attempt=5 why=no-hint
inode-rpc: retry type=63 attempt=7 why=no-hint
inode-rpc: retry type=63 attempt=3 why=no-hint
inode-rpc: retry type=63 attempt=4 why=no-hint
inode-rpc: retry type=63 attempt=6 why=no-hint
inode-rpc: retry type=63 attempt=15 why=no-hint
inode-rpc: retry type=63 attempt=6 why=no-hint
inode-rpc: retry type=63 attempt=8 why=no-hint
inode-rpc: retry type=63 attempt=5 why=no-hint
inode-rpc: shard=1101 type=63 exhausted 16 BUSY/STALE retries (10.3 s) -> EBUSY
inode-rpc: retry type=63 attempt=7 why=no-hint
inode-rpc: retry type=63 attempt=7 why=no-hint
inode-rpc: retry type=63 attempt=9 why=no-hint
inode-rpc: retry type=63 attempt=8 why=no-hint
inode-rpc: retry type=63 attempt=10 why=no-hint
inode-rpc: retry type=63 attempt=10 why=no-hint
inode-rpc: retry type=63 attempt=12 why=no-hint
inode-rpc: retry type=63 attempt=9 why=no-hint
inode-rpc: retry type=63 attempt=11 why=no-hint
inode-rpc: retry type=63 attempt=11 why=no-hint
inode-rpc: retry type=63 attempt=13 why=no-hint
inode-rpc: retry type=87 attempt=0 why=no-hint
inode-rpc: retry type=63 attempt=12 why=no-hint
inode-rpc: retry type=63 attempt=10 why=no-hint
inode-rpc: retry type=63 attempt=12 why=no-hint
inode-rpc: retry type=63 attempt=14 why=no-hint
inode-rpc: retry type=63 attempt=13 why=no-hint
inode-rpc: retry type=63 attempt=13 why=no-hint
inode-rpc: retry type=63 attempt=15 why=no-hint
inode-rpc: retry type=63 attempt=11 why=no-hint
inode-rpc: retry type=63 attempt=0 why=no-hint
inode-rpc: retry type=63 attempt=1 why=no-hint
inode-rpc: retry type=63 attempt=0 why=no-hint
inode-rpc: retry type=63 attempt=2 why=no-hint
inode-rpc: retry type=63 attempt=1 why=no-hint
inode-rpc: retry type=63 attempt=2 why=no-hint
inode-rpc: retry type=63 attempt=3 why=no-hint
inode-rpc: shard=3307 type=63 exhausted 16 BUSY/STALE retries (10.3 s) -> EBUSY
inode-rpc: retry type=63 attempt=14 why=no-hint
inode-rpc: retry type=63 attempt=12 why=no-hint
inode-rpc: retry type=63 attempt=14 why=no-hint
inode-rpc: retry type=63 attempt=3 why=no-hint
inode-rpc: retry type=63 attempt=4 why=no-hint
inode-rpc: retry type=63 attempt=4 why=no-hint
inode-rpc: retry type=63 attempt=15 why=no-hint
inode-rpc: retry type=63 attempt=15 why=no-hint
inode-rpc: retry type=63 attempt=13 why=no-hint
inode-rpc: retry type=63 attempt=5 why=no-hint
inode-rpc: retry type=63 attempt=5 why=no-hint
inode-rpc: shard=781 type=63 exhausted 16 BUSY/STALE retries (10.3 s) -> EBUSY
inode-rpc: shard=3307 type=63 exhausted 16 BUSY/STALE retries (10.3 s) -> EBUSY
inode-rpc: retry type=63 attempt=14 why=no-hint
inode-rpc: retry type=63 attempt=6 why=no-hint
inode-rpc: retry type=63 attempt=6 why=no-hint
inode-rpc: retry type=63 attempt=15 why=no-hint
inode-rpc: retry type=63 attempt=7 why=no-hint
inode-rpc: shard=3307 type=63 exhausted 16 BUSY/STALE retries (10.3 s) -> EBUSY
inode-rpc: retry type=63 attempt=7 why=no-hint
inode-rpc: retry type=63 attempt=0 why=no-hint
inode-rpc: retry type=87 attempt=0 why=no-hint
inode-rpc: retry type=63 attempt=1 why=no-hint
inode-rpc: retry type=63 attempt=8 why=no-hint
inode-rpc: retry type=63 attempt=2 why=no-hint
inode-rpc: retry type=63 attempt=8 why=no-hint
inode-rpc: retry type=63 attempt=3 why=no-hint
inode-rpc: retry type=63 attempt=4 why=no-hint
inode-rpc: retry type=63 attempt=9 why=no-hint
inode-rpc: retry type=63 attempt=9 why=no-hint
inode-rpc: retry type=63 attempt=5 why=no-hint
inode-rpc: retry type=63 attempt=10 why=no-hint
inode-rpc: retry type=63 attempt=10 why=no-hint
inode-rpc: retry type=63 attempt=6 why=no-hint
inode-rpc: retry type=63 attempt=10 why=no-hint
inode-rpc: retry type=63 attempt=0 why=no-hint
inode-rpc: retry type=63 attempt=0 why=no-hint
inode-rpc: retry type=63 attempt=1 why=no-hint
inode-rpc: retry type=63 attempt=1 why=no-hint
inode-rpc: retry type=63 attempt=15 why=no-hint
inode-rpc: retry type=63 attempt=2 why=no-hint
inode-rpc: retry type=63 attempt=15 why=no-hint
inode-rpc: retry type=63 attempt=2 why=no-hint
inode-rpc: retry type=63 attempt=11 why=no-hint
inode-rpc: retry type=63 attempt=3 why=no-hint
inode-rpc: retry type=63 attempt=3 why=no-hint
inode-rpc: retry type=63 attempt=4 why=no-hint
inode-rpc: retry type=63 attempt=4 why=no-hint
inode-rpc: shard=3307 type=63 exhausted 16 BUSY/STALE retries (10.3 s) -> EBUSY
inode-rpc: shard=3307 type=63 exhausted 16 BUSY/STALE retries (10.3 s) -> EBUSY
inode-rpc: retry type=63 attempt=12 why=no-hint
inode-rpc: retry type=63 attempt=5 why=no-hint
inode-rpc: retry type=63 attempt=5 why=no-hint
inode-rpc: retry type=63 attempt=13 why=no-hint
inode-rpc: retry type=63 attempt=6 why=no-hint
inode-rpc: retry type=63 attempt=6 why=no-hint
inode-rpc: retry type=63 attempt=14 why=no-hint
inode-rpc: retry type=63 attempt=7 why=no-hint
inode-rpc: retry type=63 attempt=7 why=no-hint
inode-rpc: retry type=63 attempt=15 why=no-hint
inode-rpc: retry type=63 attempt=8 why=no-hint
inode-rpc: retry type=63 attempt=8 why=no-hint
inode-rpc: shard=3307 type=63 exhausted 16 BUSY/STALE retries (10.3 s) -> EBUSY
inode-rpc: retry type=63 attempt=9 why=no-hint
inode-rpc: retry type=63 attempt=9 why=no-hint
inode-rpc: retry type=63 attempt=10 why=no-hint
inode-rpc: retry type=63 attempt=10 why=no-hint
inode-rpc: retry type=63 attempt=11 why=no-hint
inode-rpc: retry type=63 attempt=11 why=no-hint
inode-rpc: retry type=63 attempt=12 why=no-hint
inode-rpc: retry type=63 attempt=12 why=no-hint
inode-rpc: retry type=63 attempt=13 why=no-hint
inode-rpc: retry type=63 attempt=13 why=no-hint
inode-rpc: retry type=63 attempt=14 why=no-hint
inode-rpc: retry type=63 attempt=14 why=no-hint
inode-rpc: retry type=63 attempt=15 why=no-hint
inode-rpc: retry type=63 attempt=15 why=no-hint
inode-rpc: shard=2533 type=63 exhausted 16 BUSY/STALE retries (10.3 s) -> EBUSY
inode-rpc: shard=1883 type=63 exhausted 16 BUSY/STALE retries (10.3 s) -> EBUSY
inode-rpc: retry type=63 attempt=0 why=no-hint
inode-rpc: retry type=63 attempt=1 why=no-hint
inode-rpc: retry type=63 attempt=2 why=no-hint
inode-rpc: retry type=63 attempt=3 why=no-hint
inode-rpc: retry type=63 attempt=4 why=no-hint
inode-rpc: retry type=63 attempt=0 why=no-hint
inode-rpc: retry type=63 attempt=0 why=no-hint
inode-rpc: retry type=63 attempt=0 why=no-hint
inode-rpc: retry type=63 attempt=0 why=no-hint
inode-rpc: retry type=63 attempt=0 why=no-hint
inode-rpc: retry type=63 attempt=0 why=no-hint
inode-rpc: retry type=63 attempt=0 why=no-hint
inode-rpc: retry type=63 attempt=0 why=no-hint
inode-rpc: retry type=63 attempt=1 why=no-hint
inode-rpc: retry type=63 attempt=1 why=no-hint
inode-rpc: retry type=63 attempt=1 why=no-hint
inode-rpc: retry type=63 attempt=1 why=no-hint
inode-rpc: retry type=63 attempt=1 why=no-hint
inode-rpc: retry type=63 attempt=1 why=no-hint
inode-rpc: retry type=63 attempt=1 why=no-hint
inode-rpc: retry type=63 attempt=1 why=no-hint
inode-rpc: retry type=63 attempt=2 why=no-hint
inode-rpc: retry type=63 attempt=2 why=no-hint
inode-rpc: retry type=63 attempt=2 why=no-hint
inode-rpc: retry type=63 attempt=2 why=no-hint
inode-rpc: retry type=63 attempt=2 why=no-hint
inode-rpc: retry type=63 attempt=2 why=no-hint
inode-rpc: retry type=63 attempt=2 why=no-hint
inode-rpc: retry type=63 attempt=2 why=no-hint
inode-rpc: retry type=63 attempt=5 why=no-hint
inode-rpc: retry type=63 attempt=3 why=no-hint
inode-rpc: retry type=63 attempt=3 why=no-hint
inode-rpc: retry type=63 attempt=3 why=no-hint
inode-rpc: retry type=63 attempt=3 why=no-hint
inode-rpc: retry type=63 attempt=3 why=no-hint
inode-rpc: retry type=63 attempt=3 why=no-hint
inode-rpc: retry type=63 attempt=3 why=no-hint
inode-rpc: retry type=63 attempt=3 why=no-hint
inode-rpc: retry type=63 attempt=4 why=no-hint
inode-rpc: retry type=63 attempt=4 why=no-hint
inode-rpc: retry type=63 attempt=4 why=no-hint
inode-rpc: retry type=63 attempt=4 why=no-hint
inode-rpc: retry type=63 attempt=4 why=no-hint
inode-rpc: retry type=63 attempt=4 why=no-hint
inode-rpc: retry type=63 attempt=4 why=no-hint
inode-rpc: retry type=63 attempt=4 why=no-hint
inode-rpc: retry type=63 attempt=6 why=no-hint
inode-rpc: retry type=87 attempt=0 why=no-hint
inode-rpc: retry type=63 attempt=5 why=no-hint
inode-rpc: retry type=63 attempt=5 why=no-hint
inode-rpc: retry type=63 attempt=5 why=no-hint
inode-rpc: retry type=63 attempt=5 why=no-hint
inode-rpc: retry type=63 attempt=5 why=no-hint
inode-rpc: retry type=63 attempt=5 why=no-hint
inode-rpc: retry type=63 attempt=5 why=no-hint
inode-rpc: retry type=63 attempt=5 why=no-hint
inode-rpc: retry type=63 attempt=7 why=no-hint
inode-rpc: retry type=63 attempt=6 why=no-hint
inode-rpc: retry type=63 attempt=6 why=no-hint
inode-rpc: retry type=63 attempt=6 why=no-hint
inode-rpc: retry type=63 attempt=6 why=no-hint
inode-rpc: retry type=63 attempt=6 why=no-hint
inode-rpc: retry type=63 attempt=6 why=no-hint
inode-rpc: retry type=63 attempt=6 why=no-hint
inode-rpc: retry type=63 attempt=6 why=no-hint
inode-rpc: retry type=63 attempt=8 why=no-hint
inode-rpc: retry type=63 attempt=7 why=no-hint
inode-rpc: retry type=63 attempt=7 why=no-hint
inode-rpc: retry type=63 attempt=7 why=no-hint
inode-rpc: retry type=63 attempt=7 why=no-hint
inode-rpc: retry type=63 attempt=7 why=no-hint
inode-rpc: retry type=63 attempt=7 why=no-hint
inode-rpc: retry type=63 attempt=7 why=no-hint
inode-rpc: retry type=63 attempt=7 why=no-hint
inode-rpc: retry type=63 attempt=9 why=no-hint
inode-rpc: retry type=63 attempt=8 why=no-hint
inode-rpc: retry type=63 attempt=8 why=no-hint
inode-rpc: retry type=63 attempt=0 why=no-hint
inode-rpc: retry type=63 attempt=8 why=no-hint
inode-rpc: retry type=63 attempt=8 why=no-hint
inode-rpc: retry type=63 attempt=8 why=no-hint
inode-rpc: retry type=63 attempt=8 why=no-hint
inode-rpc: retry type=63 attempt=8 why=no-hint
inode-rpc: retry type=63 attempt=8 why=no-hint
inode-rpc: retry type=63 attempt=1 why=no-hint
inode-rpc: retry type=63 attempt=2 why=no-hint
inode-rpc: retry type=63 attempt=10 why=no-hint
inode-rpc: retry type=63 attempt=3 why=no-hint
inode-rpc: retry type=63 attempt=0 why=no-hint
inode-rpc: retry type=63 attempt=0 why=no-hint
inode-rpc: retry type=63 attempt=1 why=no-hint
inode-rpc: retry type=63 attempt=1 why=no-hint
inode-rpc: retry type=63 attempt=2 why=no-hint
inode-rpc: retry type=63 attempt=2 why=no-hint
inode-rpc: retry type=63 attempt=3 why=no-hint
inode-rpc: retry type=63 attempt=3 why=no-hint
inode-rpc: retry type=63 attempt=4 why=no-hint
inode-rpc: retry type=63 attempt=9 why=no-hint
inode-rpc: retry type=63 attempt=9 why=no-hint
inode-rpc: retry type=63 attempt=0 why=no-hint
inode-rpc: retry type=63 attempt=9 why=no-hint
inode-rpc: retry type=63 attempt=9 why=no-hint
inode-rpc: retry type=63 attempt=9 why=no-hint
inode-rpc: retry type=63 attempt=9 why=no-hint
inode-rpc: retry type=63 attempt=9 why=no-hint
inode-rpc: retry type=63 attempt=9 why=no-hint
inode-rpc: retry type=63 attempt=1 why=no-hint
inode-rpc: retry type=63 attempt=2 why=no-hint
inode-rpc: retry type=63 attempt=11 why=no-hint
inode-rpc: retry type=63 attempt=4 why=no-hint
inode-rpc: retry type=63 attempt=4 why=no-hint
inode-rpc: retry type=63 attempt=3 why=no-hint
inode-rpc: retry type=63 attempt=0 why=no-hint
inode-rpc: retry type=63 attempt=1 why=no-hint
inode-rpc: retry type=63 attempt=2 why=no-hint
inode-rpc: retry type=63 attempt=5 why=no-hint
inode-rpc: retry type=63 attempt=4 why=no-hint
inode-rpc: retry type=63 attempt=10 why=no-hint
inode-rpc: retry type=63 attempt=10 why=no-hint
inode-rpc: retry type=63 attempt=3 why=no-hint
inode-rpc: retry type=63 attempt=10 why=no-hint
inode-rpc: retry type=63 attempt=10 why=no-hint
inode-rpc: retry type=63 attempt=10 why=no-hint
inode-rpc: retry type=63 attempt=10 why=no-hint
inode-rpc: retry type=63 attempt=10 why=no-hint
inode-rpc: retry type=63 attempt=10 why=no-hint
inode-rpc: retry type=63 attempt=12 why=no-hint
inode-rpc: retry type=63 attempt=5 why=no-hint
inode-rpc: retry type=63 attempt=5 why=no-hint
inode-rpc: retry type=63 attempt=4 why=no-hint
inode-rpc: retry type=63 attempt=5 why=no-hint
inode-rpc: retry type=63 attempt=11 why=no-hint
inode-rpc: retry type=63 attempt=6 why=no-hint
inode-rpc: retry type=63 attempt=11 why=no-hint
inode-rpc: retry type=63 attempt=11 why=no-hint
inode-rpc: retry type=63 attempt=11 why=no-hint
inode-rpc: retry type=63 attempt=11 why=no-hint
inode-rpc: retry type=63 attempt=11 why=no-hint
inode-rpc: retry type=63 attempt=11 why=no-hint
inode-rpc: retry type=63 attempt=11 why=no-hint
inode-rpc: retry type=63 attempt=13 why=no-hint
inode-rpc: retry type=63 attempt=5 why=no-hint
inode-rpc: retry type=63 attempt=6 why=no-hint
inode-rpc: retry type=63 attempt=6 why=no-hint
inode-rpc: retry type=63 attempt=6 why=no-hint
inode-rpc: retry type=63 attempt=12 why=no-hint
inode-rpc: retry type=63 attempt=7 why=no-hint
inode-rpc: retry type=63 attempt=12 why=no-hint
inode-rpc: retry type=63 attempt=12 why=no-hint
inode-rpc: retry type=63 attempt=12 why=no-hint
inode-rpc: retry type=63 attempt=12 why=no-hint
inode-rpc: retry type=63 attempt=12 why=no-hint
inode-rpc: retry type=63 attempt=12 why=no-hint
inode-rpc: retry type=63 attempt=12 why=no-hint
inode-rpc: retry type=63 attempt=14 why=no-hint
inode-rpc: retry type=63 attempt=6 why=no-hint
inode-rpc: retry type=63 attempt=7 why=no-hint
inode-rpc: retry type=63 attempt=7 why=no-hint
inode-rpc: retry type=63 attempt=13 why=no-hint
inode-rpc: retry type=63 attempt=13 why=no-hint
inode-rpc: retry type=63 attempt=13 why=no-hint
inode-rpc: retry type=63 attempt=7 why=no-hint
inode-rpc: retry type=63 attempt=13 why=no-hint
inode-rpc: retry type=63 attempt=13 why=no-hint
inode-rpc: retry type=63 attempt=8 why=no-hint
inode-rpc: retry type=63 attempt=13 why=no-hint
inode-rpc: retry type=63 attempt=13 why=no-hint
inode-rpc: retry type=63 attempt=13 why=no-hint
inode-rpc: retry type=63 attempt=15 why=no-hint
inode-rpc: retry type=63 attempt=7 why=no-hint
inode-rpc: retry type=63 attempt=8 why=no-hint
inode-rpc: retry type=63 attempt=8 why=no-hint
inode-rpc: retry type=63 attempt=14 why=no-hint
inode-rpc: retry type=63 attempt=14 why=no-hint
inode-rpc: retry type=63 attempt=14 why=no-hint
inode-rpc: retry type=63 attempt=8 why=no-hint
inode-rpc: retry type=63 attempt=14 why=no-hint
inode-rpc: retry type=63 attempt=9 why=no-hint
inode-rpc: retry type=63 attempt=14 why=no-hint
inode-rpc: retry type=63 attempt=14 why=no-hint
inode-rpc: retry type=63 attempt=14 why=no-hint
inode-rpc: retry type=63 attempt=14 why=no-hint
inode-rpc: shard=253 type=63 exhausted 16 BUSY/STALE retries (10.3 s) -> EBUSY
inode-rpc: retry type=63 attempt=8 why=no-hint
inode-rpc: retry type=63 attempt=9 why=no-hint
inode-rpc: retry type=63 attempt=9 why=no-hint
inode-rpc: retry type=63 attempt=15 why=no-hint
inode-rpc: retry type=63 attempt=15 why=no-hint
inode-rpc: retry type=63 attempt=10 why=no-hint
inode-rpc: retry type=63 attempt=15 why=no-hint
inode-rpc: retry type=63 attempt=15 why=no-hint
inode-rpc: retry type=63 attempt=15 why=no-hint
inode-rpc: retry type=63 attempt=15 why=no-hint
inode-rpc: retry type=63 attempt=15 why=no-hint
inode-rpc: retry type=63 attempt=15 why=no-hint
inode-rpc: retry type=63 attempt=9 why=no-hint
inode-rpc: retry type=63 attempt=9 why=no-hint
inode-rpc: retry type=63 attempt=10 why=no-hint
inode-rpc: retry type=63 attempt=10 why=no-hint
inode-rpc: shard=2677 type=63 exhausted 16 BUSY/STALE retries (10.3 s) -> EBUSY
inode-rpc: shard=2677 type=63 exhausted 16 BUSY/STALE retries (10.3 s) -> EBUSY
inode-rpc: shard=2677 type=63 exhausted 16 BUSY/STALE retries (10.3 s) -> EBUSY
inode-rpc: shard=2677 type=63 exhausted 16 BUSY/STALE retries (10.3 s) -> EBUSY
inode-rpc: shard=2677 type=63 exhausted 16 BUSY/STALE retries (10.3 s) -> EBUSY
inode-rpc: shard=2677 type=63 exhausted 16 BUSY/STALE retries (10.3 s) -> EBUSY
inode-rpc: shard=2677 type=63 exhausted 16 BUSY/STALE retries (10.3 s) -> EBUSY
inode-rpc: shard=2677 type=63 exhausted 16 BUSY/STALE retries (10.3 s) -> EBUSY
inode-rpc: retry type=63 attempt=10 why=no-hint
inode-rpc: retry type=63 attempt=11 why=no-hint
inode-rpc: retry type=63 attempt=10 why=no-hint
inode-rpc: retry type=63 attempt=11 why=no-hint
inode-rpc: retry type=63 attempt=11 why=no-hint
inode-rpc: retry type=63 attempt=11 why=no-hint
inode-rpc: retry type=63 attempt=12 why=no-hint
inode-rpc: retry type=63 attempt=11 why=no-hint
inode-rpc: retry type=63 attempt=12 why=no-hint
inode-rpc: retry type=63 attempt=12 why=no-hint
inode-rpc: retry type=63 attempt=12 why=no-hint
inode-rpc: retry type=63 attempt=13 why=no-hint
inode-rpc: retry type=63 attempt=12 why=no-hint
inode-rpc: retry type=63 attempt=13 why=no-hint
inode-rpc: retry type=63 attempt=13 why=no-hint
inode-rpc: retry type=63 attempt=13 why=no-hint
inode-rpc: retry type=63 attempt=14 why=no-hint
inode-rpc: retry type=63 attempt=13 why=no-hint
inode-rpc: retry type=63 attempt=14 why=no-hint
inode-rpc: retry type=63 attempt=14 why=no-hint
inode-rpc: retry type=63 attempt=15 why=no-hint
inode-rpc: retry type=63 attempt=14 why=no-hint
inode-rpc: retry type=63 attempt=14 why=no-hint
inode-rpc: retry type=63 attempt=15 why=no-hint
inode-rpc: retry type=63 attempt=15 why=no-hint
inode-rpc: shard=2121 type=63 exhausted 16 BUSY/STALE retries (10.3 s) -> EBUSY
inode-rpc: retry type=63 attempt=15 why=no-hint
inode-rpc: retry type=63 attempt=15 why=no-hint
inode-rpc: shard=3717 type=63 exhausted 16 BUSY/STALE retries (10.3 s) -> EBUSY
inode-rpc: shard=43 type=63 exhausted 16 BUSY/STALE retries (10.3 s) -> EBUSY
inode-rpc: shard=179 type=63 exhausted 16 BUSY/STALE retries (10.3 s) -> EBUSY
inode-rpc: shard=929 type=63 exhausted 16 BUSY/STALE retries (10.3 s) -> EBUSY
inode-rpc: retry type=63 attempt=0 why=no-hint
inode-rpc: retry type=63 attempt=0 why=no-hint
inode-rpc: retry type=63 attempt=0 why=no-hint
inode-rpc: retry type=63 attempt=0 why=no-hint
inode-rpc: retry type=63 attempt=1 why=no-hint
inode-rpc: retry type=63 attempt=1 why=no-hint
inode-rpc: retry type=63 attempt=1 why=no-hint
inode-rpc: retry type=63 attempt=1 why=no-hint
inode-rpc: retry type=63 attempt=2 why=no-hint
inode-rpc: retry type=63 attempt=2 why=no-hint
inode-rpc: retry type=63 attempt=2 why=no-hint
inode-rpc: retry type=63 attempt=2 why=no-hint
inode-rpc: retry type=63 attempt=3 why=no-hint
inode-rpc: retry type=63 attempt=3 why=no-hint
inode-rpc: retry type=63 attempt=3 why=no-hint
inode-rpc: retry type=63 attempt=3 why=no-hint
inode-rpc: retry type=63 attempt=4 why=no-hint
inode-rpc: retry type=63 attempt=4 why=no-hint
inode-rpc: retry type=63 attempt=4 why=no-hint
inode-rpc: retry type=63 attempt=4 why=no-hint
inode-rpc: retry type=63 attempt=5 why=no-hint
inode-rpc: retry type=63 attempt=5 why=no-hint
inode-rpc: retry type=63 attempt=5 why=no-hint
inode-rpc: retry type=63 attempt=5 why=no-hint
inode-rpc: retry type=63 attempt=0 why=no-hint
inode-rpc: retry type=63 attempt=1 why=no-hint
inode-rpc: retry type=63 attempt=2 why=no-hint
inode-rpc: retry type=63 attempt=3 why=no-hint
inode-rpc: retry type=63 attempt=0 why=no-hint
inode-rpc: retry type=63 attempt=1 why=no-hint
inode-rpc: retry type=63 attempt=6 why=no-hint
inode-rpc: retry type=63 attempt=2 why=no-hint
inode-rpc: retry type=63 attempt=6 why=no-hint
inode-rpc: retry type=63 attempt=6 why=no-hint
inode-rpc: retry type=63 attempt=6 why=no-hint
inode-rpc: retry type=63 attempt=4 why=no-hint
inode-rpc: retry type=63 attempt=3 why=no-hint
inode-rpc: retry type=63 attempt=4 why=no-hint
inode-rpc: retry type=63 attempt=7 why=no-hint
inode-rpc: retry type=63 attempt=7 why=no-hint
inode-rpc: retry type=63 attempt=7 why=no-hint
inode-rpc: retry type=63 attempt=7 why=no-hint
inode-rpc: retry type=63 attempt=5 why=no-hint
inode-rpc: retry type=63 attempt=0 why=no-hint
inode-rpc: retry type=63 attempt=1 why=no-hint
inode-rpc: retry type=63 attempt=2 why=no-hint
inode-rpc: retry type=63 attempt=3 why=no-hint
inode-rpc: retry type=63 attempt=5 why=no-hint
inode-rpc: retry type=63 attempt=8 why=no-hint
inode-rpc: retry type=63 attempt=8 why=no-hint
inode-rpc: retry type=63 attempt=8 why=no-hint
inode-rpc: retry type=63 attempt=8 why=no-hint
inode-rpc: retry type=63 attempt=6 why=no-hint
inode-rpc: retry type=63 attempt=4 why=no-hint
inode-rpc: retry type=63 attempt=0 why=no-hint
inode-rpc: retry type=63 attempt=0 why=no-hint
inode-rpc: retry type=63 attempt=0 why=no-hint
inode-rpc: retry type=63 attempt=0 why=no-hint
inode-rpc: retry type=63 attempt=1 why=no-hint
inode-rpc: retry type=63 attempt=1 why=no-hint
inode-rpc: retry type=63 attempt=1 why=no-hint
inode-rpc: retry type=63 attempt=1 why=no-hint
inode-rpc: retry type=63 attempt=2 why=no-hint
inode-rpc: retry type=63 attempt=2 why=no-hint
inode-rpc: retry type=63 attempt=6 why=no-hint
inode-rpc: retry type=63 attempt=2 why=no-hint
inode-rpc: retry type=63 attempt=2 why=no-hint
inode-rpc: retry type=63 attempt=9 why=no-hint
inode-rpc: retry type=63 attempt=9 why=no-hint
inode-rpc: retry type=63 attempt=9 why=no-hint
inode-rpc: retry type=63 attempt=9 why=no-hint
inode-rpc: retry type=63 attempt=7 why=no-hint
inode-rpc: retry type=63 attempt=3 why=no-hint
inode-rpc: retry type=63 attempt=3 why=no-hint
inode-rpc: retry type=63 attempt=3 why=no-hint
inode-rpc: retry type=63 attempt=3 why=no-hint
inode-rpc: retry type=63 attempt=5 why=no-hint
inode-rpc: retry type=63 attempt=4 why=no-hint
inode-rpc: retry type=63 attempt=4 why=no-hint
inode-rpc: retry type=63 attempt=4 why=no-hint
inode-rpc: retry type=63 attempt=4 why=no-hint
inode-rpc: retry type=63 attempt=10 why=no-hint
inode-rpc: retry type=63 attempt=10 why=no-hint
inode-rpc: retry type=63 attempt=10 why=no-hint
inode-rpc: retry type=63 attempt=7 why=no-hint
inode-rpc: retry type=63 attempt=10 why=no-hint
inode-rpc: retry type=63 attempt=8 why=no-hint
inode-rpc: retry type=63 attempt=6 why=no-hint
inode-rpc: retry type=63 attempt=5 why=no-hint
inode-rpc: retry type=63 attempt=5 why=no-hint
inode-rpc: retry type=63 attempt=5 why=no-hint
inode-rpc: retry type=63 attempt=5 why=no-hint
inode-rpc: retry type=63 attempt=11 why=no-hint
inode-rpc: retry type=63 attempt=11 why=no-hint
inode-rpc: retry type=63 attempt=11 why=no-hint
inode-rpc: retry type=63 attempt=11 why=no-hint
inode-rpc: retry type=63 attempt=8 why=no-hint
inode-rpc: retry type=63 attempt=9 why=no-hint
inode-rpc: retry type=63 attempt=7 why=no-hint
inode-rpc: retry type=63 attempt=6 why=no-hint
inode-rpc: retry type=63 attempt=6 why=no-hint
inode-rpc: retry type=63 attempt=6 why=no-hint
inode-rpc: retry type=63 attempt=6 why=no-hint
inode-rpc: retry type=63 attempt=12 why=no-hint
inode-rpc: retry type=63 attempt=12 why=no-hint
inode-rpc: retry type=63 attempt=12 why=no-hint
inode-rpc: retry type=63 attempt=12 why=no-hint
inode-rpc: retry type=63 attempt=9 why=no-hint
inode-rpc: retry type=63 attempt=10 why=no-hint
inode-rpc: retry type=63 attempt=8 why=no-hint
inode-rpc: retry type=63 attempt=7 why=no-hint
inode-rpc: retry type=63 attempt=7 why=no-hint
inode-rpc: retry type=63 attempt=7 why=no-hint
inode-rpc: retry type=63 attempt=7 why=no-hint
inode-rpc: retry type=63 attempt=13 why=no-hint
inode-rpc: retry type=63 attempt=13 why=no-hint
inode-rpc: retry type=63 attempt=13 why=no-hint
inode-rpc: retry type=63 attempt=10 why=no-hint
inode-rpc: retry type=63 attempt=13 why=no-hint
inode-rpc: retry type=63 attempt=11 why=no-hint
inode-rpc: retry type=63 attempt=9 why=no-hint
inode-rpc: retry type=63 attempt=8 why=no-hint
inode-rpc: retry type=63 attempt=8 why=no-hint
inode-rpc: retry type=63 attempt=8 why=no-hint
inode-rpc: retry type=63 attempt=8 why=no-hint
inode-rpc: retry type=63 attempt=14 why=no-hint
inode-rpc: retry type=63 attempt=14 why=no-hint
inode-rpc: retry type=63 attempt=11 why=no-hint
inode-rpc: retry type=63 attempt=14 why=no-hint
inode-rpc: retry type=63 attempt=12 why=no-hint
inode-rpc: retry type=63 attempt=14 why=no-hint
inode-rpc: retry type=63 attempt=10 why=no-hint
inode-rpc: retry type=63 attempt=9 why=no-hint
inode-rpc: retry type=63 attempt=9 why=no-hint
inode-rpc: retry type=63 attempt=9 why=no-hint
inode-rpc: retry type=63 attempt=9 why=no-hint
inode-rpc: retry type=63 attempt=15 why=no-hint
inode-rpc: retry type=63 attempt=15 why=no-hint
inode-rpc: retry type=63 attempt=12 why=no-hint
inode-rpc: retry type=63 attempt=15 why=no-hint
inode-rpc: retry type=63 attempt=15 why=no-hint
inode-rpc: retry type=63 attempt=13 why=no-hint
inode-rpc: retry type=63 attempt=11 why=no-hint
inode-rpc: retry type=63 attempt=0 why=no-hint
inode-rpc: retry type=63 attempt=1 why=no-hint
inode-rpc: retry type=63 attempt=2 why=no-hint
inode-rpc: retry type=63 attempt=10 why=no-hint
inode-rpc: retry type=63 attempt=10 why=no-hint
inode-rpc: retry type=63 attempt=10 why=no-hint
inode-rpc: retry type=63 attempt=10 why=no-hint
inode-rpc: retry type=63 attempt=3 why=no-hint
inode-rpc: shard=2849 type=63 exhausted 16 BUSY/STALE retries (10.3 s) -> EBUSY
inode-rpc: shard=2849 type=63 exhausted 16 BUSY/STALE retries (10.3 s) -> EBUSY
inode-rpc: shard=2849 type=63 exhausted 16 BUSY/STALE retries (10.3 s) -> EBUSY
inode-rpc: shard=2849 type=63 exhausted 16 BUSY/STALE retries (10.3 s) -> EBUSY
inode-rpc: retry type=63 attempt=14 why=no-hint
inode-rpc: retry type=63 attempt=13 why=no-hint
inode-rpc: retry type=63 attempt=12 why=no-hint
inode-rpc: retry type=63 attempt=4 why=no-hint
inode-rpc: retry type=63 attempt=11 why=no-hint
inode-rpc: retry type=63 attempt=11 why=no-hint
inode-rpc: retry type=63 attempt=11 why=no-hint
inode-rpc: retry type=63 attempt=11 why=no-hint
inode-rpc: retry type=63 attempt=15 why=no-hint
inode-rpc: retry type=63 attempt=14 why=no-hint
inode-rpc: retry type=63 attempt=13 why=no-hint
inode-rpc: retry type=63 attempt=5 why=no-hint
inode-rpc: retry type=63 attempt=12 why=no-hint
inode-rpc: retry type=63 attempt=12 why=no-hint
inode-rpc: retry type=63 attempt=12 why=no-hint
inode-rpc: retry type=63 attempt=12 why=no-hint
inode-rpc: retry type=63 attempt=0 why=no-hint
inode-rpc: retry type=63 attempt=1 why=no-hint
inode-rpc: shard=2671 type=63 exhausted 16 BUSY/STALE retries (10.3 s) -> EBUSY
inode-rpc: retry type=63 attempt=15 why=no-hint
inode-rpc: retry type=63 attempt=2 why=no-hint
inode-rpc: retry type=63 attempt=14 why=no-hint
inode-rpc: retry type=63 attempt=6 why=no-hint
inode-rpc: retry type=63 attempt=3 why=no-hint
inode-rpc: retry type=63 attempt=13 why=no-hint
inode-rpc: retry type=63 attempt=0 why=no-hint
inode-rpc: retry type=63 attempt=13 why=no-hint
inode-rpc: retry type=63 attempt=13 why=no-hint
inode-rpc: retry type=63 attempt=13 why=no-hint
inode-rpc: retry type=63 attempt=1 why=no-hint
inode-rpc: retry type=63 attempt=4 why=no-hint
inode-rpc: shard=2657 type=63 exhausted 16 BUSY/STALE retries (10.3 s) -> EBUSY
inode-rpc: retry type=63 attempt=2 why=no-hint
inode-rpc: retry type=63 attempt=15 why=no-hint
inode-rpc: retry type=63 attempt=7 why=no-hint
inode-rpc: retry type=63 attempt=3 why=no-hint
inode-rpc: retry type=63 attempt=14 why=no-hint
inode-rpc: retry type=63 attempt=14 why=no-hint
inode-rpc: retry type=63 attempt=14 why=no-hint
inode-rpc: retry type=63 attempt=14 why=no-hint
inode-rpc: retry type=63 attempt=5 why=no-hint
inode-rpc: retry type=63 attempt=4 why=no-hint
inode-rpc: shard=1005 type=63 exhausted 16 BUSY/STALE retries (10.3 s) -> EBUSY
inode-rpc: retry type=63 attempt=8 why=no-hint
inode-rpc: retry type=63 attempt=0 why=no-hint
inode-rpc: retry type=63 attempt=1 why=no-hint
inode-rpc: retry type=63 attempt=2 why=no-hint
inode-rpc: retry type=63 attempt=15 why=no-hint
inode-rpc: retry type=63 attempt=15 why=no-hint
inode-rpc: retry type=63 attempt=15 why=no-hint
inode-rpc: retry type=63 attempt=15 why=no-hint
inode-rpc: retry type=63 attempt=6 why=no-hint
inode-rpc: retry type=63 attempt=3 why=no-hint
inode-rpc: retry type=63 attempt=5 why=no-hint
inode-rpc: retry type=63 attempt=9 why=no-hint
inode-rpc: shard=3383 type=63 exhausted 16 BUSY/STALE retries (10.3 s) -> EBUSY
inode-rpc: retry type=63 attempt=4 why=no-hint
inode-rpc: shard=3383 type=63 exhausted 16 BUSY/STALE retries (10.3 s) -> EBUSY
inode-rpc: shard=3383 type=63 exhausted 16 BUSY/STALE retries (10.3 s) -> EBUSY
inode-rpc: shard=3383 type=63 exhausted 16 BUSY/STALE retries (10.3 s) -> EBUSY
inode-rpc: retry type=63 attempt=7 why=no-hint
inode-rpc: retry type=63 attempt=6 why=no-hint
inode-rpc: retry type=63 attempt=10 why=no-hint
inode-rpc: retry type=63 attempt=5 why=no-hint
inode-rpc: retry type=63 attempt=8 why=no-hint
inode-rpc: retry type=63 attempt=11 why=no-hint
inode-rpc: retry type=63 attempt=7 why=no-hint
inode-rpc: retry type=63 attempt=6 why=no-hint
inode-rpc: retry type=63 attempt=9 why=no-hint
inode-rpc: retry type=63 attempt=8 why=no-hint
inode-rpc: retry type=63 attempt=12 why=no-hint
inode-rpc: retry type=63 attempt=7 why=no-hint
inode-rpc: retry type=63 attempt=10 why=no-hint
inode-rpc: retry type=63 attempt=8 why=no-hint
inode-rpc: retry type=63 attempt=9 why=no-hint
inode-rpc: retry type=63 attempt=13 why=no-hint
inode-rpc: retry type=63 attempt=0 why=no-hint
inode-rpc: retry type=63 attempt=1 why=no-hint
inode-rpc: retry type=63 attempt=2 why=no-hint
inode-rpc: retry type=63 attempt=11 why=no-hint
inode-rpc: retry type=63 attempt=3 why=no-hint
inode-rpc: retry type=63 attempt=0 why=no-hint
inode-rpc: retry type=63 attempt=1 why=no-hint
inode-rpc: retry type=63 attempt=10 why=no-hint
inode-rpc: retry type=63 attempt=9 why=no-hint
inode-rpc: retry type=63 attempt=14 why=no-hint
inode-rpc: retry type=63 attempt=2 why=no-hint
inode-rpc: retry type=63 attempt=4 why=no-hint
inode-rpc: retry type=63 attempt=3 why=no-hint
inode-rpc: retry type=63 attempt=12 why=no-hint
inode-rpc: retry type=63 attempt=4 why=no-hint
inode-rpc: retry type=63 attempt=11 why=no-hint
inode-rpc: retry type=63 attempt=15 why=no-hint
inode-rpc: retry type=63 attempt=10 why=no-hint
inode-rpc: retry type=63 attempt=5 why=no-hint
inode-rpc: retry type=63 attempt=13 why=no-hint
inode-rpc: retry type=63 attempt=5 why=no-hint
inode-rpc: shard=2423 type=63 exhausted 16 BUSY/STALE retries (10.3 s) -> EBUSY
inode-rpc: retry type=63 attempt=12 why=no-hint
inode-rpc: retry type=63 attempt=11 why=no-hint
inode-rpc: retry type=63 attempt=6 why=no-hint
inode-rpc: retry type=63 attempt=14 why=no-hint
inode-rpc: retry type=63 attempt=0 why=no-hint
inode-rpc: retry type=63 attempt=1 why=no-hint
inode-rpc: retry type=63 attempt=2 why=no-hint
inode-rpc: retry type=63 attempt=3 why=no-hint
inode-rpc: retry type=63 attempt=6 why=no-hint
inode-rpc: retry type=63 attempt=12 why=no-hint
inode-rpc: retry type=63 attempt=13 why=no-hint
inode-rpc: retry type=63 attempt=7 why=no-hint
inode-rpc: retry type=63 attempt=15 why=no-hint
inode-rpc: retry type=63 attempt=4 why=no-hint
inode-rpc: retry type=63 attempt=0 why=no-hint
inode-rpc: retry type=63 attempt=1 why=no-hint
inode-rpc: retry type=63 attempt=7 why=no-hint
inode-rpc: retry type=63 attempt=2 why=no-hint
inode-rpc: shard=3767 type=63 exhausted 16 BUSY/STALE retries (10.3 s) -> EBUSY
inode-rpc: retry type=63 attempt=14 why=no-hint
inode-rpc: retry type=63 attempt=13 why=no-hint
inode-rpc: retry type=63 attempt=8 why=no-hint
inode-rpc: retry type=63 attempt=3 why=no-hint
inode-rpc: retry type=63 attempt=5 why=no-hint
inode-rpc: retry type=63 attempt=4 why=no-hint
inode-rpc: retry type=63 attempt=8 why=no-hint
inode-rpc: retry type=63 attempt=15 why=no-hint
inode-rpc: retry type=63 attempt=14 why=no-hint
inode-rpc: retry type=63 attempt=9 why=no-hint
inode-rpc: retry type=63 attempt=6 why=no-hint
inode-rpc: retry type=63 attempt=5 why=no-hint
inode-rpc: retry type=63 attempt=9 why=no-hint
inode-rpc: shard=2423 type=63 exhausted 16 BUSY/STALE retries (10.3 s) -> EBUSY
inode-rpc: retry type=63 attempt=0 why=no-hint
inode-rpc: retry type=63 attempt=10 why=no-hint
inode-rpc: retry type=63 attempt=15 why=no-hint
inode-rpc: retry type=63 attempt=1 why=no-hint
inode-rpc: retry type=63 attempt=7 why=no-hint
inode-rpc: retry type=63 attempt=2 why=no-hint
inode-rpc: retry type=63 attempt=6 why=no-hint
inode-rpc: retry type=63 attempt=3 why=no-hint
inode-rpc: retry type=63 attempt=10 why=no-hint
inode-rpc: shard=2423 type=63 exhausted 16 BUSY/STALE retries (10.3 s) -> EBUSY
inode-rpc: retry type=63 attempt=11 why=no-hint
inode-rpc: retry type=63 attempt=8 why=no-hint
inode-rpc: retry type=63 attempt=4 why=no-hint
inode-rpc: retry type=63 attempt=7 why=no-hint
inode-rpc: retry type=63 attempt=11 why=no-hint
inode-rpc: retry type=63 attempt=12 why=no-hint
inode-rpc: retry type=63 attempt=9 why=no-hint
inode-rpc: retry type=63 attempt=5 why=no-hint
inode-rpc: retry type=63 attempt=8 why=no-hint
inode-rpc: retry type=63 attempt=12 why=no-hint
inode-rpc: retry type=63 attempt=13 why=no-hint
inode-rpc: retry type=63 attempt=6 why=no-hint
inode-rpc: retry type=63 attempt=10 why=no-hint
inode-rpc: retry type=63 attempt=9 why=no-hint
inode-rpc: retry type=63 attempt=13 why=no-hint
inode-rpc: retry type=63 attempt=14 why=no-hint
inode-rpc: retry type=63 attempt=11 why=no-hint
inode-rpc: retry type=63 attempt=7 why=no-hint
inode-rpc: retry type=63 attempt=10 why=no-hint
inode-rpc: retry type=63 attempt=14 why=no-hint
inode-rpc: shard=3535 type=63 exhausted 16 BUSY/STALE retries (10.3 s) -> EBUSY
inode-rpc: shard=3223 type=63 exhausted 16 BUSY/STALE retries (10.3 s) -> EBUSY
inode-rpc: retry type=63 attempt=12 why=no-hint
inode-rpc: retry type=63 attempt=14 why=no-hint
inode-rpc: retry type=63 attempt=10 why=no-hint
inode-rpc: retry type=63 attempt=13 why=no-hint
inode-rpc: retry type=63 attempt=15 why=no-hint
inode-rpc: retry type=63 attempt=11 why=no-hint
inode-rpc: retry type=63 attempt=14 why=no-hint
inode-rpc: shard=3223 type=63 exhausted 16 BUSY/STALE retries (10.3 s) -> EBUSY
inode-rpc: retry type=63 attempt=13 why=no-hint
inode-rpc: shard=3383 type=63 exhausted 16 BUSY/STALE retries (10.3 s) -> EBUSY
inode-rpc: retry type=63 attempt=14 why=no-hint
inode-rpc: retry type=63 attempt=15 why=no-hint
inode-rpc: shard=2795 type=63 exhausted 16 BUSY/STALE retries (10.3 s) -> EBUSY
report-loop ino=2975491 rounds=1 stale=0 busy=1 ms=8392 rc=-13
efs-fuse flush-meta: resource busy (efs_rc=-13) ino=2975491 off=0 len=0
fuse: mkdir parent=1359906 name=textstyle ok ino=5877141 getattr rc=-2, local reply
inode-rpc: retry type=63 attempt=0 why=no-hint
inode-rpc: retry type=63 attempt=0 why=no-hint
inode-rpc: retry type=63 attempt=0 why=no-hint
inode-rpc: retry type=63 attempt=0 why=no-hint
inode-rpc: retry type=63 attempt=0 why=no-hint
inode-rpc: retry type=63 attempt=0 why=no-hint
inode-rpc: retry type=63 attempt=1 why=no-hint
inode-rpc: retry type=63 attempt=1 why=no-hint
inode-rpc: retry type=63 attempt=1 why=no-hint
inode-rpc: retry type=63 attempt=1 why=no-hint
inode-rpc: retry type=63 attempt=1 why=no-hint
inode-rpc: retry type=63 attempt=1 why=no-hint
inode-rpc: retry type=63 attempt=2 why=no-hint
inode-rpc: retry type=63 attempt=2 why=no-hint
inode-rpc: retry type=63 attempt=2 why=no-hint
inode-rpc: retry type=63 attempt=2 why=no-hint
inode-rpc: retry type=63 attempt=2 why=no-hint
inode-rpc: retry type=63 attempt=2 why=no-hint
inode-rpc: retry type=63 attempt=3 why=no-hint
inode-rpc: retry type=63 attempt=3 why=no-hint
inode-rpc: retry type=63 attempt=3 why=no-hint
inode-rpc: retry type=63 attempt=3 why=no-hint
inode-rpc: retry type=63 attempt=3 why=no-hint
inode-rpc: retry type=63 attempt=3 why=no-hint
inode-rpc: retry type=63 attempt=0 why=no-hint
inode-rpc: retry type=63 attempt=0 why=no-hint
inode-rpc: retry type=63 attempt=4 why=no-hint
inode-rpc: retry type=63 attempt=4 why=no-hint
inode-rpc: retry type=63 attempt=4 why=no-hint
inode-rpc: retry type=63 attempt=4 why=no-hint
inode-rpc: retry type=63 attempt=4 why=no-hint
inode-rpc: retry type=63 attempt=4 why=no-hint
inode-rpc: retry type=63 attempt=1 why=no-hint
inode-rpc: retry type=63 attempt=1 why=no-hint
inode-rpc: retry type=63 attempt=2 why=no-hint
inode-rpc: retry type=63 attempt=2 why=no-hint
inode-rpc: retry type=63 attempt=3 why=no-hint
inode-rpc: retry type=63 attempt=3 why=no-hint
inode-rpc: retry type=63 attempt=5 why=no-hint
inode-rpc: retry type=63 attempt=5 why=no-hint
inode-rpc: retry type=63 attempt=4 why=no-hint
inode-rpc: retry type=63 attempt=5 why=no-hint
inode-rpc: retry type=63 attempt=5 why=no-hint
inode-rpc: retry type=63 attempt=5 why=no-hint
inode-rpc: retry type=63 attempt=5 why=no-hint
inode-rpc: retry type=63 attempt=4 why=no-hint
inode-rpc: retry type=63 attempt=6 why=no-hint
inode-rpc: retry type=63 attempt=6 why=no-hint
inode-rpc: retry type=63 attempt=5 why=no-hint
inode-rpc: retry type=63 attempt=5 why=no-hint
inode-rpc: retry type=63 attempt=6 why=no-hint
inode-rpc: retry type=63 attempt=6 why=no-hint
inode-rpc: retry type=63 attempt=6 why=no-hint
inode-rpc: retry type=63 attempt=6 why=no-hint
inode-rpc: retry type=63 attempt=7 why=no-hint
inode-rpc: retry type=63 attempt=7 why=no-hint
inode-rpc: retry type=63 attempt=7 why=no-hint
inode-rpc: retry type=63 attempt=7 why=no-hint
inode-rpc: retry type=63 attempt=7 why=no-hint
inode-rpc: retry type=63 attempt=7 why=no-hint
inode-rpc: retry type=63 attempt=6 why=no-hint
inode-rpc: retry type=63 attempt=6 why=no-hint
inode-rpc: retry type=63 attempt=8 why=no-hint
inode-rpc: retry type=63 attempt=8 why=no-hint
inode-rpc: retry type=63 attempt=8 why=no-hint
inode-rpc: retry type=63 attempt=8 why=no-hint
inode-rpc: retry type=63 attempt=7 why=no-hint
inode-rpc: retry type=63 attempt=8 why=no-hint
inode-rpc: retry type=63 attempt=8 why=no-hint
inode-rpc: retry type=63 attempt=7 why=no-hint
inode-rpc: retry type=63 attempt=10 why=no-hint
inode-rpc: retry type=63 attempt=10 why=no-hint
inode-rpc: retry type=63 attempt=10 why=no-hint
inode-rpc: retry type=63 attempt=10 why=no-hint
inode-rpc: retry type=63 attempt=10 why=no-hint
inode-rpc: retry type=63 attempt=10 why=no-hint
inode-rpc: retry type=63 attempt=9 why=no-hint
inode-rpc: retry type=63 attempt=9 why=no-hint
inode-rpc: retry type=63 attempt=11 why=no-hint
inode-rpc: retry type=63 attempt=11 why=no-hint
inode-rpc: retry type=63 attempt=11 why=no-hint
inode-rpc: retry type=63 attempt=11 why=no-hint
inode-rpc: retry type=63 attempt=11 why=no-hint
inode-rpc: retry type=63 attempt=11 why=no-hint
inode-rpc: retry type=63 attempt=10 why=no-hint
inode-rpc: retry type=63 attempt=10 why=no-hint
inode-rpc: retry type=63 attempt=12 why=no-hint
inode-rpc: retry type=63 attempt=12 why=no-hint
inode-rpc: retry type=63 attempt=12 why=no-hint
inode-rpc: retry type=63 attempt=12 why=no-hint
inode-rpc: retry type=63 attempt=12 why=no-hint
inode-rpc: retry type=63 attempt=12 why=no-hint
inode-rpc: retry type=63 attempt=11 why=no-hint
inode-rpc: retry type=63 attempt=11 why=no-hint
inode-rpc: retry type=63 attempt=13 why=no-hint
inode-rpc: retry type=63 attempt=12 why=no-hint
inode-rpc: retry type=63 attempt=13 why=no-hint
inode-rpc: retry type=63 attempt=13 why=no-hint
inode-rpc: retry type=63 attempt=13 why=no-hint
inode-rpc: retry type=63 attempt=13 why=no-hint
inode-rpc: retry type=63 attempt=13 why=no-hint
inode-rpc: retry type=63 attempt=12 why=no-hint
inode-rpc: retry type=63 attempt=0 why=no-hint
inode-rpc: retry type=63 attempt=0 why=no-hint
inode-rpc: retry type=63 attempt=0 why=no-hint
inode-rpc: retry type=63 attempt=0 why=no-hint
inode-rpc: retry type=63 attempt=1 why=no-hint
inode-rpc: retry type=63 attempt=1 why=no-hint
inode-rpc: retry type=63 attempt=1 why=no-hint
inode-rpc: retry type=63 attempt=1 why=no-hint
inode-rpc: retry type=63 attempt=2 why=no-hint
inode-rpc: retry type=63 attempt=2 why=no-hint
inode-rpc: retry type=63 attempt=2 why=no-hint
inode-rpc: retry type=63 attempt=2 why=no-hint
inode-rpc: retry type=63 attempt=14 why=no-hint
inode-rpc: retry type=63 attempt=14 why=no-hint
inode-rpc: retry type=63 attempt=14 why=no-hint
inode-rpc: retry type=63 attempt=13 why=no-hint
inode-rpc: retry type=63 attempt=14 why=no-hint
inode-rpc: retry type=63 attempt=3 why=no-hint
inode-rpc: retry type=63 attempt=14 why=no-hint
inode-rpc: retry type=63 attempt=3 why=no-hint
inode-rpc: retry type=63 attempt=3 why=no-hint
inode-rpc: retry type=63 attempt=14 why=no-hint
inode-rpc: retry type=63 attempt=3 why=no-hint
inode-rpc: retry type=63 attempt=13 why=no-hint
inode-rpc: retry type=63 attempt=4 why=no-hint
inode-rpc: retry type=63 attempt=4 why=no-hint
inode-rpc: retry type=63 attempt=4 why=no-hint
inode-rpc: retry type=63 attempt=4 why=no-hint
inode-rpc: retry type=63 attempt=15 why=no-hint
inode-rpc: retry type=63 attempt=15 why=no-hint
inode-rpc: retry type=63 attempt=14 why=no-hint
inode-rpc: retry type=63 attempt=15 why=no-hint
inode-rpc: retry type=63 attempt=15 why=no-hint
inode-rpc: retry type=63 attempt=15 why=no-hint
inode-rpc: retry type=63 attempt=15 why=no-hint
inode-rpc: retry type=63 attempt=14 why=no-hint
inode-rpc: retry type=63 attempt=5 why=no-hint
inode-rpc: retry type=63 attempt=5 why=no-hint
inode-rpc: retry type=63 attempt=5 why=no-hint
inode-rpc: retry type=63 attempt=5 why=no-hint
inode-rpc: shard=1471 type=63 exhausted 16 BUSY/STALE retries (10.3 s) -> EBUSY
inode-rpc: shard=1471 type=63 exhausted 16 BUSY/STALE retries (10.3 s) -> EBUSY
inode-rpc: shard=1471 type=63 exhausted 16 BUSY/STALE retries (10.3 s) -> EBUSY
inode-rpc: shard=1471 type=63 exhausted 16 BUSY/STALE retries (10.3 s) -> EBUSY
inode-rpc: shard=1471 type=63 exhausted 16 BUSY/STALE retries (10.3 s) -> EBUSY
inode-rpc: shard=1471 type=63 exhausted 16 BUSY/STALE retries (10.3 s) -> EBUSY
inode-rpc: retry type=63 attempt=15 why=no-hint
inode-rpc: retry type=63 attempt=15 why=no-hint
inode-rpc: retry type=63 attempt=6 why=no-hint
inode-rpc: retry type=63 attempt=6 why=no-hint
inode-rpc: retry type=63 attempt=6 why=no-hint
inode-rpc: retry type=63 attempt=6 why=no-hint
inode-rpc: shard=2129 type=63 exhausted 16 BUSY/STALE retries (10.3 s) -> EBUSY
inode-rpc: shard=4031 type=63 exhausted 16 BUSY/STALE retries (10.3 s) -> EBUSY
inode-rpc: retry type=63 attempt=7 why=no-hint
inode-rpc: retry type=63 attempt=7 why=no-hint
inode-rpc: retry type=63 attempt=7 why=no-hint
inode-rpc: retry type=63 attempt=7 why=no-hint
inode-rpc: retry type=63 attempt=8 why=no-hint
inode-rpc: retry type=63 attempt=8 why=no-hint
inode-rpc: retry type=63 attempt=8 why=no-hint
inode-rpc: retry type=63 attempt=8 why=no-hint
inode-rpc: retry type=63 attempt=0 why=no-hint
inode-rpc: retry type=63 attempt=1 why=no-hint
inode-rpc: retry type=63 attempt=2 why=no-hint
inode-rpc: retry type=63 attempt=9 why=no-hint
inode-rpc: retry type=63 attempt=9 why=no-hint
inode-rpc: retry type=63 attempt=9 why=no-hint
inode-rpc: retry type=63 attempt=9 why=no-hint
inode-rpc: retry type=63 attempt=3 why=no-hint
inode-rpc: retry type=63 attempt=4 why=no-hint
inode-rpc: retry type=63 attempt=10 why=no-hint
inode-rpc: retry type=63 attempt=10 why=no-hint
inode-rpc: retry type=63 attempt=10 why=no-hint
inode-rpc: retry type=63 attempt=10 why=no-hint
inode-rpc: retry type=63 attempt=11 why=no-hint
inode-rpc: retry type=63 attempt=5 why=no-hint
inode-rpc: retry type=63 attempt=11 why=no-hint
inode-rpc: retry type=63 attempt=11 why=no-hint
inode-rpc: retry type=63 attempt=11 why=no-hint
inode-rpc: retry type=63 attempt=0 why=no-hint
inode-rpc: retry type=63 attempt=1 why=no-hint
inode-rpc: retry type=63 attempt=2 why=no-hint
inode-rpc: retry type=63 attempt=3 why=no-hint
inode-rpc: retry type=63 attempt=12 why=no-hint
inode-rpc: retry type=63 attempt=6 why=no-hint
inode-rpc: retry type=63 attempt=12 why=no-hint
inode-rpc: retry type=63 attempt=12 why=no-hint
inode-rpc: retry type=63 attempt=12 why=no-hint
inode-rpc: retry type=63 attempt=4 why=no-hint
inode-rpc: retry type=63 attempt=13 why=no-hint
inode-rpc: retry type=63 attempt=13 why=no-hint
inode-rpc: retry type=63 attempt=13 why=no-hint
inode-rpc: retry type=63 attempt=7 why=no-hint
inode-rpc: retry type=63 attempt=13 why=no-hint
inode-rpc: retry type=63 attempt=5 why=no-hint
inode-rpc: retry type=63 attempt=8 why=no-hint
inode-rpc: retry type=63 attempt=14 why=no-hint
inode-rpc: retry type=63 attempt=14 why=no-hint
inode-rpc: retry type=63 attempt=14 why=no-hint
inode-rpc: retry type=63 attempt=14 why=no-hint
inode-rpc: retry type=63 attempt=6 why=no-hint
inode-rpc: retry type=63 attempt=0 why=no-hint
inode-rpc: retry type=63 attempt=1 why=no-hint
inode-rpc: retry type=63 attempt=9 why=no-hint
inode-rpc: retry type=63 attempt=15 why=no-hint
inode-rpc: retry type=63 attempt=15 why=no-hint
inode-rpc: retry type=63 attempt=15 why=no-hint
inode-rpc: retry type=63 attempt=15 why=no-hint
inode-rpc: retry type=63 attempt=2 why=no-hint
inode-rpc: retry type=63 attempt=7 why=no-hint
inode-rpc: retry type=63 attempt=3 why=no-hint
inode-rpc: shard=3643 type=63 exhausted 16 BUSY/STALE retries (10.3 s) -> EBUSY
inode-rpc: shard=2233 type=63 exhausted 16 BUSY/STALE retries (10.3 s) -> EBUSY
inode-rpc: shard=2233 type=63 exhausted 16 BUSY/STALE retries (10.3 s) -> EBUSY
inode-rpc: shard=2233 type=63 exhausted 16 BUSY/STALE retries (10.3 s) -> EBUSY
inode-rpc: retry type=63 attempt=10 why=no-hint
inode-rpc: retry type=63 attempt=4 why=no-hint
inode-rpc: retry type=63 attempt=8 why=no-hint
inode-rpc: retry type=63 attempt=12 why=no-hint
inode-rpc: retry type=63 attempt=6 why=no-hint
inode-rpc: retry type=63 attempt=10 why=no-hint
inode-rpc: retry type=63 attempt=0 why=no-hint
inode-rpc: retry type=63 attempt=1 why=no-hint
inode-rpc: retry type=63 attempt=2 why=no-hint
inode-rpc: retry type=63 attempt=13 why=no-hint
inode-rpc: retry type=63 attempt=3 why=no-hint
inode-rpc: retry type=63 attempt=7 why=no-hint
inode-rpc: retry type=63 attempt=11 why=no-hint
inode-rpc: retry type=63 attempt=4 why=no-hint
inode-rpc: retry type=63 attempt=0 why=no-hint
inode-rpc: retry type=63 attempt=1 why=no-hint
inode-rpc: retry type=63 attempt=2 why=no-hint
inode-rpc: retry type=63 attempt=14 why=no-hint
inode-rpc: retry type=63 attempt=3 why=no-hint
inode-rpc: retry type=63 attempt=8 why=no-hint
inode-rpc: retry type=63 attempt=12 why=no-hint
inode-rpc: retry type=63 attempt=5 why=no-hint
inode-rpc: retry type=63 attempt=4 why=no-hint
inode-rpc: retry type=63 attempt=15 why=no-hint
inode-rpc: retry type=63 attempt=9 why=no-hint
inode-rpc: retry type=63 attempt=13 why=no-hint
inode-rpc: retry type=63 attempt=6 why=no-hint
inode-rpc: retry type=63 attempt=5 why=no-hint
inode-rpc: shard=533 type=63 exhausted 16 BUSY/STALE retries (10.3 s) -> EBUSY
inode-rpc: retry type=63 attempt=14 why=no-hint
inode-rpc: retry type=63 attempt=10 why=no-hint
inode-rpc: retry type=63 attempt=7 why=no-hint
inode-rpc: retry type=63 attempt=6 why=no-hint
inode-rpc: retry type=63 attempt=11 why=no-hint
inode-rpc: retry type=63 attempt=15 why=no-hint
inode-rpc: retry type=63 attempt=8 why=no-hint
inode-rpc: retry type=63 attempt=7 why=no-hint
inode-rpc: shard=2419 type=63 exhausted 16 BUSY/STALE retries (10.3 s) -> EBUSY
inode-rpc: retry type=63 attempt=12 why=no-hint
inode-rpc: retry type=63 attempt=8 why=no-hint
inode-rpc: retry type=63 attempt=9 why=no-hint
inode-rpc: retry type=63 attempt=13 why=no-hint
inode-rpc: retry type=63 attempt=9 why=no-hint
inode-rpc: retry type=63 attempt=10 why=no-hint
inode-rpc: retry type=63 attempt=14 why=no-hint
inode-rpc: retry type=63 attempt=10 why=no-hint
inode-rpc: retry type=63 attempt=11 why=no-hint
inode-rpc: retry type=63 attempt=15 why=no-hint
inode-rpc: retry type=63 attempt=11 why=no-hint
inode-rpc: retry type=63 attempt=12 why=no-hint
inode-rpc: shard=3691 type=63 exhausted 16 BUSY/STALE retries (10.3 s) -> EBUSY
inode-rpc: retry type=63 attempt=12 why=no-hint
inode-rpc: retry type=63 attempt=13 why=no-hint
inode-rpc: retry type=63 attempt=13 why=no-hint
inode-rpc: retry type=63 attempt=14 why=no-hint
inode-rpc: retry type=63 attempt=14 why=no-hint
inode-rpc: retry type=63 attempt=15 why=no-hint
inode-rpc: retry type=63 attempt=15 why=no-hint
inode-rpc: shard=1883 type=63 exhausted 16 BUSY/STALE retries (10.3 s) -> EBUSY
inode-rpc: shard=387 type=63 exhausted 16 BUSY/STALE retries (10.3 s) -> EBUSY
inode-rpc: retry type=63 attempt=0 why=no-hint
inode-rpc: retry type=63 attempt=1 why=no-hint
inode-rpc: retry type=63 attempt=2 why=no-hint
inode-rpc: retry type=63 attempt=3 why=no-hint
inode-rpc: retry type=63 attempt=4 why=no-hint
inode-rpc: retry type=63 attempt=0 why=no-hint
inode-rpc: retry type=63 attempt=1 why=no-hint
inode-rpc: retry type=63 attempt=2 why=no-hint
inode-rpc: retry type=63 attempt=5 why=no-hint
inode-rpc: retry type=63 attempt=3 why=no-hint
inode-rpc: retry type=63 attempt=4 why=no-hint
inode-rpc: retry type=63 attempt=6 why=no-hint
inode-rpc: retry type=63 attempt=5 why=no-hint
inode-rpc: retry type=63 attempt=7 why=no-hint
inode-rpc: retry type=63 attempt=6 why=no-hint
inode-rpc: retry type=63 attempt=8 why=no-hint
inode-rpc: retry type=63 attempt=7 why=no-hint
inode-rpc: retry type=63 attempt=9 why=no-hint
inode-rpc: retry type=63 attempt=8 why=no-hint
inode-rpc: retry type=63 attempt=10 why=no-hint
inode-rpc: retry type=63 attempt=9 why=no-hint
inode-rpc: retry type=63 attempt=11 why=no-hint
inode-rpc: retry type=63 attempt=10 why=no-hint
inode-rpc: retry type=63 attempt=12 why=no-hint
inode-rpc: retry type=63 attempt=11 why=no-hint
inode-rpc: retry type=63 attempt=13 why=no-hint
inode-rpc: retry type=63 attempt=0 why=no-hint
inode-rpc: retry type=63 attempt=1 why=no-hint
inode-rpc: retry type=63 attempt=15 why=no-hint
inode-rpc: retry type=63 attempt=2 why=no-hint
inode-rpc: retry type=63 attempt=14 why=no-hint
inode-rpc: retry type=63 attempt=3 why=no-hint
inode-rpc: retry type=63 attempt=4 why=no-hint
inode-rpc: shard=1857 type=63 exhausted 16 BUSY/STALE retries (10.3 s) -> EBUSY
inode-rpc: retry type=63 attempt=0 why=no-hint
inode-rpc: retry type=63 attempt=0 why=no-hint
inode-rpc: retry type=63 attempt=1 why=no-hint
inode-rpc: retry type=63 attempt=1 why=no-hint
inode-rpc: retry type=63 attempt=15 why=no-hint
inode-rpc: retry type=63 attempt=2 why=no-hint
inode-rpc: retry type=63 attempt=2 why=no-hint
inode-rpc: retry type=63 attempt=3 why=no-hint
inode-rpc: retry type=63 attempt=3 why=no-hint
inode-rpc: retry type=63 attempt=5 why=no-hint
inode-rpc: retry type=63 attempt=4 why=no-hint
inode-rpc: shard=481 type=63 exhausted 16 BUSY/STALE retries (10.3 s) -> EBUSY
inode-rpc: retry type=63 attempt=4 why=no-hint
inode-rpc: retry type=63 attempt=6 why=no-hint
inode-rpc: retry type=63 attempt=5 why=no-hint
inode-rpc: retry type=63 attempt=5 why=no-hint
inode-rpc: retry type=63 attempt=7 why=no-hint
inode-rpc: retry type=63 attempt=6 why=no-hint
inode-rpc: retry type=63 attempt=6 why=no-hint
inode-rpc: retry type=63 attempt=8 why=no-hint
inode-rpc: retry type=63 attempt=7 why=no-hint
inode-rpc: retry type=63 attempt=7 why=no-hint
inode-rpc: retry type=63 attempt=9 why=no-hint
inode-rpc: retry type=63 attempt=8 why=no-hint
inode-rpc: retry type=63 attempt=8 why=no-hint
inode-rpc: retry type=63 attempt=10 why=no-hint
inode-rpc: retry type=63 attempt=0 why=no-hint
inode-rpc: retry type=63 attempt=1 why=no-hint
inode-rpc: retry type=63 attempt=9 why=no-hint
inode-rpc: retry type=63 attempt=9 why=no-hint
inode-rpc: retry type=63 attempt=2 why=no-hint
inode-rpc: retry type=63 attempt=11 why=no-hint
inode-rpc: retry type=63 attempt=3 why=no-hint
inode-rpc: retry type=63 attempt=10 why=no-hint
inode-rpc: retry type=63 attempt=4 why=no-hint
inode-rpc: retry type=63 attempt=10 why=no-hint
inode-rpc: retry type=63 attempt=12 why=no-hint
inode-rpc: retry type=63 attempt=11 why=no-hint
inode-rpc: retry type=63 attempt=5 why=no-hint
inode-rpc: retry type=63 attempt=11 why=no-hint
inode-rpc: retry type=63 attempt=13 why=no-hint
inode-rpc: retry type=63 attempt=6 why=no-hint
inode-rpc: retry type=63 attempt=12 why=no-hint
inode-rpc: retry type=63 attempt=12 why=no-hint
inode-rpc: retry type=63 attempt=14 why=no-hint
inode-rpc: retry type=63 attempt=7 why=no-hint
inode-rpc: retry type=63 attempt=13 why=no-hint
inode-rpc: retry type=63 attempt=13 why=no-hint
inode-rpc: retry type=63 attempt=15 why=no-hint
inode-rpc: retry type=63 attempt=14 why=no-hint
inode-rpc: retry type=63 attempt=8 why=no-hint
inode-rpc: retry type=63 attempt=14 why=no-hint
inode-rpc: shard=387 type=63 exhausted 16 BUSY/STALE retries (10.3 s) -> EBUSY
inode-rpc: shard=1213 type=63 exhausted 16 BUSY/STALE retries (10.3 s) -> EBUSY
inode-rpc: shard=1213 type=63 exhausted 16 BUSY/STALE retries (10.3 s) -> EBUSY
inode-rpc: retry type=63 attempt=10 why=no-hint
inode-rpc: retry type=63 attempt=11 why=no-hint
inode-rpc: retry type=63 attempt=12 why=no-hint
inode-rpc: retry type=63 attempt=13 why=no-hint
inode-rpc: retry type=63 attempt=14 why=no-hint
inode-rpc: retry type=63 attempt=15 why=no-hint
inode-rpc: shard=2853 type=63 exhausted 16 BUSY/STALE retries (10.3 s) -> EBUSY
chmod ino=1198885 failed: resource busy
inode-rpc: retry type=63 attempt=0 why=no-hint
inode-rpc: retry type=63 attempt=1 why=no-hint
inode-rpc: retry type=63 attempt=2 why=no-hint
inode-rpc: retry type=63 attempt=0 why=no-hint
inode-rpc: retry type=63 attempt=0 why=no-hint
inode-rpc: retry type=63 attempt=0 why=no-hint
inode-rpc: retry type=63 attempt=0 why=no-hint
inode-rpc: retry type=63 attempt=0 why=no-hint
inode-rpc: retry type=63 attempt=0 why=no-hint
inode-rpc: retry type=63 attempt=0 why=no-hint
inode-rpc: retry type=63 attempt=3 why=no-hint
inode-rpc: retry type=63 attempt=1 why=no-hint
inode-rpc: retry type=63 attempt=1 why=no-hint
inode-rpc: retry type=63 attempt=1 why=no-hint
inode-rpc: retry type=63 attempt=1 why=no-hint
inode-rpc: retry type=63 attempt=1 why=no-hint
inode-rpc: retry type=63 attempt=1 why=no-hint
inode-rpc: retry type=63 attempt=1 why=no-hint
inode-rpc: retry type=63 attempt=2 why=no-hint
inode-rpc: retry type=63 attempt=2 why=no-hint
inode-rpc: retry type=63 attempt=2 why=no-hint
inode-rpc: retry type=63 attempt=2 why=no-hint
inode-rpc: retry type=63 attempt=2 why=no-hint
inode-rpc: retry type=63 attempt=2 why=no-hint
inode-rpc: retry type=63 attempt=2 why=no-hint
inode-rpc: retry type=63 attempt=0 why=no-hint
inode-rpc: retry type=63 attempt=1 why=no-hint
inode-rpc: retry type=63 attempt=3 why=no-hint
inode-rpc: retry type=63 attempt=3 why=no-hint
inode-rpc: retry type=63 attempt=3 why=no-hint
inode-rpc: retry type=63 attempt=3 why=no-hint
inode-rpc: retry type=63 attempt=3 why=no-hint
inode-rpc: retry type=63 attempt=3 why=no-hint
inode-rpc: retry type=63 attempt=3 why=no-hint
inode-rpc: retry type=63 attempt=4 why=no-hint
inode-rpc: retry type=63 attempt=2 why=no-hint
inode-rpc: retry type=63 attempt=3 why=no-hint
inode-rpc: retry type=63 attempt=4 why=no-hint
inode-rpc: retry type=63 attempt=4 why=no-hint
inode-rpc: retry type=63 attempt=4 why=no-hint
inode-rpc: retry type=63 attempt=4 why=no-hint
inode-rpc: retry type=63 attempt=4 why=no-hint
inode-rpc: retry type=63 attempt=4 why=no-hint
inode-rpc: retry type=63 attempt=4 why=no-hint
inode-rpc: retry type=63 attempt=4 why=no-hint
inode-rpc: retry type=63 attempt=0 why=no-hint
inode-rpc: retry type=63 attempt=1 why=no-hint
inode-rpc: retry type=63 attempt=5 why=no-hint
inode-rpc: retry type=63 attempt=2 why=no-hint
inode-rpc: retry type=63 attempt=3 why=no-hint
inode-rpc: retry type=63 attempt=5 why=no-hint
inode-rpc: retry type=63 attempt=5 why=no-hint
inode-rpc: retry type=63 attempt=5 why=no-hint
inode-rpc: retry type=63 attempt=5 why=no-hint
inode-rpc: retry type=63 attempt=5 why=no-hint
inode-rpc: retry type=63 attempt=5 why=no-hint
inode-rpc: retry type=63 attempt=5 why=no-hint
inode-rpc: retry type=63 attempt=5 why=no-hint
inode-rpc: retry type=63 attempt=4 why=no-hint
inode-rpc: retry type=63 attempt=6 why=no-hint
inode-rpc: retry type=63 attempt=6 why=no-hint
inode-rpc: retry type=63 attempt=6 why=no-hint
inode-rpc: retry type=63 attempt=6 why=no-hint
inode-rpc: retry type=63 attempt=6 why=no-hint
inode-rpc: retry type=63 attempt=6 why=no-hint
inode-rpc: retry type=63 attempt=6 why=no-hint
inode-rpc: retry type=63 attempt=6 why=no-hint
inode-rpc: retry type=63 attempt=6 why=no-hint
inode-rpc: retry type=63 attempt=5 why=no-hint
inode-rpc: retry type=63 attempt=7 why=no-hint
inode-rpc: retry type=63 attempt=7 why=no-hint
inode-rpc: retry type=63 attempt=7 why=no-hint
inode-rpc: retry type=63 attempt=7 why=no-hint
inode-rpc: retry type=63 attempt=7 why=no-hint
inode-rpc: retry type=63 attempt=7 why=no-hint
inode-rpc: retry type=63 attempt=7 why=no-hint
inode-rpc: retry type=63 attempt=7 why=no-hint
inode-rpc: retry type=63 attempt=7 why=no-hint
inode-rpc: retry type=63 attempt=6 why=no-hint
inode-rpc: retry type=63 attempt=8 why=no-hint
inode-rpc: retry type=63 attempt=8 why=no-hint
inode-rpc: retry type=63 attempt=8 why=no-hint
inode-rpc: retry type=63 attempt=8 why=no-hint
inode-rpc: retry type=63 attempt=8 why=no-hint
inode-rpc: retry type=63 attempt=8 why=no-hint
inode-rpc: retry type=63 attempt=8 why=no-hint
inode-rpc: retry type=63 attempt=8 why=no-hint
inode-rpc: retry type=63 attempt=8 why=no-hint
inode-rpc: retry type=63 attempt=7 why=no-hint
inode-rpc: retry type=63 attempt=9 why=no-hint
inode-rpc: retry type=63 attempt=9 why=no-hint
inode-rpc: retry type=63 attempt=9 why=no-hint
inode-rpc: retry type=63 attempt=9 why=no-hint
inode-rpc: retry type=63 attempt=9 why=no-hint
inode-rpc: retry type=63 attempt=9 why=no-hint
inode-rpc: retry type=63 attempt=9 why=no-hint
inode-rpc: retry type=63 attempt=9 why=no-hint
inode-rpc: retry type=63 attempt=9 why=no-hint
inode-rpc: retry type=63 attempt=8 why=no-hint
inode-rpc: retry type=63 attempt=10 why=no-hint
inode-rpc: retry type=63 attempt=10 why=no-hint
inode-rpc: retry type=63 attempt=10 why=no-hint
inode-rpc: retry type=63 attempt=10 why=no-hint
inode-rpc: retry type=63 attempt=10 why=no-hint
inode-rpc: retry type=63 attempt=10 why=no-hint
inode-rpc: retry type=63 attempt=10 why=no-hint
inode-rpc: retry type=63 attempt=10 why=no-hint
inode-rpc: retry type=63 attempt=0 why=no-hint
inode-rpc: retry type=63 attempt=10 why=no-hint
inode-rpc: retry type=63 attempt=1 why=no-hint
inode-rpc: retry type=63 attempt=2 why=no-hint
inode-rpc: retry type=63 attempt=9 why=no-hint
inode-rpc: retry type=63 attempt=11 why=no-hint
inode-rpc: retry type=63 attempt=3 why=no-hint
inode-rpc: retry type=63 attempt=11 why=no-hint
inode-rpc: retry type=63 attempt=11 why=no-hint
inode-rpc: retry type=63 attempt=11 why=no-hint
inode-rpc: retry type=63 attempt=11 why=no-hint
inode-rpc: retry type=63 attempt=11 why=no-hint
inode-rpc: retry type=63 attempt=11 why=no-hint
inode-rpc: retry type=63 attempt=11 why=no-hint
inode-rpc: retry type=63 attempt=4 why=no-hint
inode-rpc: retry type=63 attempt=11 why=no-hint
inode-rpc: retry type=63 attempt=10 why=no-hint
inode-rpc: retry type=63 attempt=12 why=no-hint
inode-rpc: retry type=63 attempt=12 why=no-hint
inode-rpc: retry type=63 attempt=12 why=no-hint
inode-rpc: retry type=63 attempt=5 why=no-hint
inode-rpc: retry type=63 attempt=12 why=no-hint
inode-rpc: retry type=63 attempt=12 why=no-hint
inode-rpc: retry type=63 attempt=12 why=no-hint
inode-rpc: retry type=63 attempt=12 why=no-hint
inode-rpc: retry type=63 attempt=12 why=no-hint
inode-rpc: retry type=63 attempt=12 why=no-hint
inode-rpc: retry type=63 attempt=11 why=no-hint
inode-rpc: retry type=63 attempt=13 why=no-hint
inode-rpc: retry type=63 attempt=13 why=no-hint
inode-rpc: retry type=63 attempt=13 why=no-hint
inode-rpc: retry type=63 attempt=13 why=no-hint
inode-rpc: retry type=63 attempt=13 why=no-hint
inode-rpc: retry type=63 attempt=6 why=no-hint
inode-rpc: retry type=63 attempt=13 why=no-hint
inode-rpc: retry type=63 attempt=13 why=no-hint
inode-rpc: retry type=63 attempt=13 why=no-hint
inode-rpc: retry type=63 attempt=13 why=no-hint
inode-rpc: retry type=63 attempt=12 why=no-hint
inode-rpc: retry type=63 attempt=14 why=no-hint
inode-rpc: retry type=63 attempt=14 why=no-hint
inode-rpc: retry type=63 attempt=14 why=no-hint
inode-rpc: retry type=63 attempt=7 why=no-hint
inode-rpc: retry type=63 attempt=14 why=no-hint
inode-rpc: retry type=63 attempt=14 why=no-hint
inode-rpc: retry type=63 attempt=14 why=no-hint
inode-rpc: retry type=63 attempt=14 why=no-hint
inode-rpc: retry type=63 attempt=14 why=no-hint
inode-rpc: retry type=63 attempt=14 why=no-hint
inode-rpc: retry type=63 attempt=13 why=no-hint
inode-rpc: retry type=63 attempt=15 why=no-hint
inode-rpc: retry type=63 attempt=0 why=no-hint
inode-rpc: retry type=63 attempt=1 why=no-hint
inode-rpc: retry type=63 attempt=15 why=no-hint
inode-rpc: retry type=63 attempt=15 why=no-hint
inode-rpc: retry type=63 attempt=8 why=no-hint
inode-rpc: retry type=63 attempt=15 why=no-hint
inode-rpc: retry type=63 attempt=15 why=no-hint
inode-rpc: retry type=63 attempt=15 why=no-hint
inode-rpc: retry type=63 attempt=15 why=no-hint
inode-rpc: retry type=63 attempt=15 why=no-hint
inode-rpc: retry type=63 attempt=15 why=no-hint
inode-rpc: retry type=63 attempt=2 why=no-hint
inode-rpc: retry type=63 attempt=14 why=no-hint
inode-rpc: shard=335 type=63 exhausted 16 BUSY/STALE retries (10.3 s) -> EBUSY
inode-rpc: retry type=63 attempt=3 why=no-hint
inode-rpc: retry type=63 attempt=4 why=no-hint
inode-rpc: shard=2573 type=63 exhausted 16 BUSY/STALE retries (10.3 s) -> EBUSY
inode-rpc: shard=335 type=63 exhausted 16 BUSY/STALE retries (10.3 s) -> EBUSY
inode-rpc: shard=1809 type=63 exhausted 16 BUSY/STALE retries (10.3 s) -> EBUSY
inode-rpc: shard=335 type=63 exhausted 16 BUSY/STALE retries (10.3 s) -> EBUSY
inode-rpc: shard=335 type=63 exhausted 16 BUSY/STALE retries (10.3 s) -> EBUSY
inode-rpc: shard=335 type=63 exhausted 16 BUSY/STALE retries (10.3 s) -> EBUSY
inode-rpc: shard=335 type=63 exhausted 16 BUSY/STALE retries (10.3 s) -> EBUSY
inode-rpc: shard=2573 type=63 exhausted 16 BUSY/STALE retries (10.3 s) -> EBUSY
inode-rpc: retry type=63 attempt=9 why=no-hint
inode-rpc: retry type=63 attempt=15 why=no-hint
inode-rpc: retry type=63 attempt=5 why=no-hint
inode-rpc: retry type=63 attempt=10 why=no-hint
inode-rpc: shard=1859 type=63 exhausted 16 BUSY/STALE retries (10.3 s) -> EBUSY
inode-rpc: retry type=63 attempt=0 why=no-hint
inode-rpc: retry type=63 attempt=1 why=no-hint
inode-rpc: retry type=63 attempt=2 why=no-hint
inode-rpc: retry type=63 attempt=3 why=no-hint
inode-rpc: retry type=63 attempt=11 why=no-hint
inode-rpc: retry type=63 attempt=6 why=no-hint
inode-rpc: retry type=63 attempt=4 why=no-hint
inode-rpc: retry type=63 attempt=12 why=no-hint
inode-rpc: retry type=63 attempt=7 why=no-hint
inode-rpc: retry type=63 attempt=5 why=no-hint
inode-rpc: retry type=63 attempt=13 why=no-hint
inode-rpc: retry type=63 attempt=8 why=no-hint
inode-rpc: retry type=63 attempt=6 why=no-hint
inode-rpc: retry type=63 attempt=9 why=no-hint
inode-rpc: retry type=63 attempt=14 why=no-hint
inode-rpc: retry type=63 attempt=7 why=no-hint
inode-rpc: retry type=63 attempt=15 why=no-hint
inode-rpc: retry type=63 attempt=10 why=no-hint
inode-rpc: retry type=63 attempt=8 why=no-hint
inode-rpc: shard=2121 type=63 exhausted 16 BUSY/STALE retries (10.3 s) -> EBUSY
inode-rpc: retry type=63 attempt=11 why=no-hint
inode-rpc: retry type=63 attempt=9 why=no-hint
inode-rpc: retry type=63 attempt=12 why=no-hint
inode-rpc: retry type=63 attempt=10 why=no-hint
inode-rpc: retry type=63 attempt=13 why=no-hint
inode-rpc: retry type=63 attempt=11 why=no-hint
inode-rpc: retry type=63 attempt=14 why=no-hint
inode-rpc: retry type=63 attempt=12 why=no-hint
inode-rpc: retry type=63 attempt=15 why=no-hint
inode-rpc: retry type=63 attempt=13 why=no-hint
inode-rpc: shard=1951 type=63 exhausted 16 BUSY/STALE retries (10.3 s) -> EBUSY
inode-rpc: retry type=63 attempt=14 why=no-hint
inode-rpc: retry type=63 attempt=15 why=no-hint
inode-rpc: shard=1377 type=63 exhausted 16 BUSY/STALE retries (10.3 s) -> EBUSY
inode-rpc: retry type=63 attempt=0 why=no-hint
inode-rpc: retry type=63 attempt=1 why=no-hint
inode-rpc: retry type=63 attempt=2 why=no-hint
inode-rpc: retry type=63 attempt=3 why=no-hint
inode-rpc: retry type=63 attempt=4 why=no-hint
inode-rpc: retry type=63 attempt=5 why=no-hint
inode-rpc: retry type=63 attempt=6 why=no-hint
inode-rpc: retry type=63 attempt=7 why=no-hint
inode-rpc: retry type=63 attempt=8 why=no-hint
inode-rpc: retry type=63 attempt=9 why=no-hint
inode-rpc: retry type=63 attempt=10 why=no-hint
inode-rpc: retry type=63 attempt=11 why=no-hint
inode-rpc: retry type=63 attempt=12 why=no-hint
inode-rpc: retry type=63 attempt=13 why=no-hint
inode-rpc: retry type=63 attempt=14 why=no-hint
inode-rpc: retry type=63 attempt=15 why=no-hint
inode-rpc: shard=193 type=63 exhausted 16 BUSY/STALE retries (10.3 s) -> EBUSY
inode-rpc: retry type=63 attempt=0 why=no-hint
inode-rpc: retry type=63 attempt=1 why=no-hint
inode-rpc: retry type=63 attempt=2 why=no-hint
inode-rpc: retry type=87 attempt=0 why=no-hint
inode-rpc: retry type=63 attempt=3 why=no-hint
inode-rpc: retry type=63 attempt=4 why=no-hint
inode-rpc: retry type=63 attempt=0 why=no-hint
inode-rpc: retry type=87 attempt=0 why=no-hint
inode-rpc: retry type=63 attempt=1 why=no-hint
inode-rpc: retry type=87 attempt=0 why=no-hint
inode-rpc: retry type=87 attempt=0 why=no-hint
inode-rpc: retry type=63 attempt=2 why=no-hint
inode-rpc: retry type=87 attempt=0 why=no-hint
inode-rpc: retry type=63 attempt=3 why=no-hint
inode-rpc: retry type=87 attempt=0 why=no-hint
inode-rpc: retry type=63 attempt=0 why=no-hint
inode-rpc: retry type=63 attempt=1 why=no-hint
inode-rpc: retry type=63 attempt=5 why=no-hint
inode-rpc: retry type=87 attempt=0 why=no-hint
inode-rpc: retry type=87 attempt=0 why=no-hint
inode-rpc: retry type=63 attempt=2 why=no-hint
inode-rpc: retry type=63 attempt=4 why=no-hint
inode-rpc: retry type=63 attempt=0 why=no-hint
inode-rpc: retry type=63 attempt=1 why=no-hint
inode-rpc: retry type=87 attempt=0 why=no-hint
inode-rpc: retry type=63 attempt=2 why=no-hint
inode-rpc: retry type=63 attempt=3 why=no-hint
inode-rpc: retry type=87 attempt=0 why=no-hint
inode-rpc: retry type=87 attempt=0 why=no-hint
inode-rpc: retry type=63 attempt=3 why=no-hint
inode-rpc: retry type=63 attempt=4 why=no-hint
inode-rpc: retry type=87 attempt=0 why=no-hint
inode-rpc: retry type=63 attempt=6 why=no-hint
inode-rpc: retry type=63 attempt=5 why=no-hint
inode-rpc: retry type=63 attempt=4 why=no-hint
inode-rpc: retry type=87 attempt=0 why=no-hint
inode-rpc: retry type=87 attempt=0 why=no-hint
inode-rpc: retry type=63 attempt=5 why=no-hint
inode-rpc: retry type=63 attempt=0 why=no-hint
inode-rpc: retry type=63 attempt=0 why=no-hint
inode-rpc: retry type=63 attempt=0 why=no-hint
inode-rpc: retry type=63 attempt=0 why=no-hint
inode-rpc: retry type=63 attempt=0 why=no-hint
inode-rpc: retry type=63 attempt=0 why=no-hint
inode-rpc: retry type=63 attempt=0 why=no-hint
inode-rpc: retry type=63 attempt=0 why=no-hint
inode-rpc: retry type=63 attempt=0 why=no-hint
inode-rpc: retry type=63 attempt=7 why=no-hint
inode-rpc: retry type=63 attempt=1 why=no-hint
inode-rpc: retry type=63 attempt=1 why=no-hint
inode-rpc: retry type=63 attempt=1 why=no-hint
inode-rpc: retry type=63 attempt=1 why=no-hint
inode-rpc: retry type=63 attempt=1 why=no-hint
inode-rpc: retry type=63 attempt=1 why=no-hint
inode-rpc: retry type=63 attempt=1 why=no-hint
inode-rpc: retry type=63 attempt=1 why=no-hint
inode-rpc: retry type=63 attempt=1 why=no-hint
inode-rpc: retry type=63 attempt=6 why=no-hint
inode-rpc: retry type=63 attempt=5 why=no-hint
inode-rpc: retry type=63 attempt=2 why=no-hint
inode-rpc: retry type=63 attempt=2 why=no-hint
inode-rpc: retry type=63 attempt=2 why=no-hint
inode-rpc: retry type=63 attempt=2 why=no-hint
inode-rpc: retry type=63 attempt=2 why=no-hint
inode-rpc: retry type=63 attempt=2 why=no-hint
inode-rpc: retry type=63 attempt=2 why=no-hint
inode-rpc: retry type=63 attempt=2 why=no-hint
inode-rpc: retry type=63 attempt=2 why=no-hint
inode-rpc: retry type=63 attempt=3 why=no-hint
inode-rpc: retry type=63 attempt=3 why=no-hint
inode-rpc: retry type=63 attempt=3 why=no-hint
inode-rpc: retry type=63 attempt=3 why=no-hint
inode-rpc: retry type=63 attempt=3 why=no-hint
inode-rpc: retry type=63 attempt=3 why=no-hint
inode-rpc: retry type=63 attempt=3 why=no-hint
inode-rpc: retry type=63 attempt=3 why=no-hint
inode-rpc: retry type=63 attempt=3 why=no-hint
inode-rpc: retry type=63 attempt=6 why=no-hint
inode-rpc: retry type=63 attempt=4 why=no-hint
inode-rpc: retry type=63 attempt=4 why=no-hint
inode-rpc: retry type=63 attempt=4 why=no-hint
inode-rpc: retry type=63 attempt=4 why=no-hint
inode-rpc: retry type=63 attempt=4 why=no-hint
inode-rpc: retry type=63 attempt=4 why=no-hint
inode-rpc: retry type=63 attempt=4 why=no-hint
inode-rpc: retry type=63 attempt=8 why=no-hint
inode-rpc: retry type=63 attempt=4 why=no-hint
inode-rpc: retry type=63 attempt=4 why=no-hint
inode-rpc: retry type=63 attempt=7 why=no-hint
inode-rpc: retry type=63 attempt=6 why=no-hint
inode-rpc: retry type=63 attempt=7 why=no-hint
inode-rpc: retry type=63 attempt=0 why=no-hint
inode-rpc: retry type=63 attempt=0 why=no-hint
inode-rpc: retry type=63 attempt=0 why=no-hint
inode-rpc: retry type=63 attempt=1 why=no-hint
inode-rpc: retry type=63 attempt=1 why=no-hint
inode-rpc: retry type=63 attempt=1 why=no-hint
inode-rpc: retry type=87 attempt=0 why=no-hint
inode-rpc: retry type=63 attempt=5 why=no-hint
inode-rpc: retry type=63 attempt=5 why=no-hint
inode-rpc: retry type=63 attempt=5 why=no-hint
inode-rpc: retry type=63 attempt=5 why=no-hint
inode-rpc: retry type=63 attempt=8 why=no-hint
inode-rpc: retry type=63 attempt=5 why=no-hint
inode-rpc: retry type=63 attempt=5 why=no-hint
inode-rpc: retry type=63 attempt=5 why=no-hint
inode-rpc: retry type=63 attempt=7 why=no-hint
inode-rpc: retry type=63 attempt=9 why=no-hint
inode-rpc: retry type=63 attempt=5 why=no-hint
inode-rpc: retry type=63 attempt=5 why=no-hint
inode-rpc: retry type=63 attempt=2 why=no-hint
inode-rpc: retry type=63 attempt=2 why=no-hint
inode-rpc: retry type=63 attempt=2 why=no-hint
inode-rpc: retry type=63 attempt=3 why=no-hint
inode-rpc: retry type=63 attempt=3 why=no-hint
inode-rpc: retry type=63 attempt=3 why=no-hint
inode-rpc: retry type=63 attempt=8 why=no-hint
inode-rpc: retry type=63 attempt=4 why=no-hint
inode-rpc: retry type=63 attempt=4 why=no-hint
inode-rpc: retry type=63 attempt=4 why=no-hint
inode-rpc: retry type=63 attempt=6 why=no-hint
inode-rpc: retry type=63 attempt=6 why=no-hint
inode-rpc: retry type=63 attempt=9 why=no-hint
inode-rpc: retry type=63 attempt=6 why=no-hint
inode-rpc: retry type=63 attempt=6 why=no-hint
inode-rpc: retry type=63 attempt=6 why=no-hint
inode-rpc: retry type=63 attempt=10 why=no-hint
inode-rpc: retry type=63 attempt=6 why=no-hint
inode-rpc: retry type=63 attempt=6 why=no-hint
inode-rpc: retry type=63 attempt=6 why=no-hint
inode-rpc: retry type=63 attempt=8 why=no-hint
inode-rpc: retry type=63 attempt=6 why=no-hint
inode-rpc: retry type=63 attempt=0 why=no-hint
inode-rpc: retry type=63 attempt=1 why=no-hint
inode-rpc: retry type=63 attempt=9 why=no-hint
inode-rpc: retry type=63 attempt=2 why=no-hint
inode-rpc: retry type=63 attempt=5 why=no-hint
inode-rpc: retry type=63 attempt=5 why=no-hint
inode-rpc: retry type=63 attempt=5 why=no-hint
inode-rpc: retry type=63 attempt=3 why=no-hint
inode-rpc: retry type=63 attempt=7 why=no-hint
inode-rpc: retry type=63 attempt=7 why=no-hint
inode-rpc: retry type=63 attempt=10 why=no-hint
inode-rpc: retry type=63 attempt=7 why=no-hint
inode-rpc: retry type=63 attempt=7 why=no-hint
inode-rpc: retry type=63 attempt=7 why=no-hint
inode-rpc: retry type=63 attempt=7 why=no-hint
inode-rpc: retry type=63 attempt=7 why=no-hint
inode-rpc: retry type=63 attempt=11 why=no-hint
inode-rpc: retry type=63 attempt=9 why=no-hint
inode-rpc: retry type=63 attempt=7 why=no-hint
inode-rpc: retry type=63 attempt=7 why=no-hint
inode-rpc: retry type=63 attempt=10 why=no-hint
inode-rpc: retry type=63 attempt=4 why=no-hint
inode-rpc: retry type=63 attempt=6 why=no-hint
inode-rpc: retry type=63 attempt=6 why=no-hint
inode-rpc: retry type=63 attempt=6 why=no-hint
inode-rpc: retry type=63 attempt=8 why=no-hint
inode-rpc: retry type=63 attempt=8 why=no-hint
inode-rpc: retry type=63 attempt=10 why=no-hint
inode-rpc: retry type=63 attempt=8 why=no-hint
inode-rpc: retry type=63 attempt=8 why=no-hint
inode-rpc: retry type=63 attempt=8 why=no-hint
inode-rpc: retry type=63 attempt=8 why=no-hint
inode-rpc: retry type=63 attempt=11 why=no-hint
inode-rpc: retry type=63 attempt=12 why=no-hint
inode-rpc: retry type=63 attempt=8 why=no-hint
inode-rpc: retry type=63 attempt=8 why=no-hint
inode-rpc: retry type=63 attempt=8 why=no-hint
inode-rpc: retry type=63 attempt=11 why=no-hint
inode-rpc: retry type=63 attempt=5 why=no-hint
inode-rpc: retry type=63 attempt=7 why=no-hint
inode-rpc: retry type=63 attempt=7 why=no-hint
inode-rpc: retry type=63 attempt=7 why=no-hint
inode-rpc: retry type=63 attempt=9 why=no-hint
inode-rpc: retry type=63 attempt=9 why=no-hint
inode-rpc: retry type=63 attempt=12 why=no-hint
inode-rpc: retry type=63 attempt=9 why=no-hint
inode-rpc: retry type=63 attempt=9 why=no-hint
inode-rpc: retry type=63 attempt=13 why=no-hint
inode-rpc: retry type=63 attempt=9 why=no-hint
inode-rpc: retry type=63 attempt=11 why=no-hint
inode-rpc: retry type=63 attempt=9 why=no-hint
inode-rpc: retry type=63 attempt=9 why=no-hint
inode-rpc: retry type=63 attempt=9 why=no-hint
inode-rpc: retry type=63 attempt=9 why=no-hint
inode-rpc: retry type=63 attempt=12 why=no-hint
inode-rpc: retry type=63 attempt=8 why=no-hint
inode-rpc: retry type=63 attempt=6 why=no-hint
inode-rpc: retry type=63 attempt=8 why=no-hint
inode-rpc: retry type=63 attempt=8 why=no-hint
inode-rpc: retry type=63 attempt=10 why=no-hint
inode-rpc: retry type=63 attempt=13 why=no-hint
inode-rpc: retry type=63 attempt=10 why=no-hint
inode-rpc: retry type=63 attempt=10 why=no-hint
inode-rpc: retry type=63 attempt=10 why=no-hint
inode-rpc: retry type=63 attempt=14 why=no-hint
inode-rpc: retry type=63 attempt=10 why=no-hint
inode-rpc: retry type=63 attempt=10 why=no-hint
inode-rpc: retry type=63 attempt=10 why=no-hint
inode-rpc: retry type=63 attempt=12 why=no-hint
inode-rpc: retry type=63 attempt=10 why=no-hint
inode-rpc: retry type=63 attempt=10 why=no-hint
inode-rpc: retry type=63 attempt=13 why=no-hint
inode-rpc: retry type=63 attempt=7 why=no-hint
inode-rpc: retry type=63 attempt=9 why=no-hint
inode-rpc: retry type=63 attempt=9 why=no-hint
inode-rpc: retry type=63 attempt=9 why=no-hint
inode-rpc: retry type=63 attempt=11 why=no-hint
inode-rpc: retry type=63 attempt=11 why=no-hint
inode-rpc: retry type=63 attempt=11 why=no-hint
inode-rpc: retry type=63 attempt=14 why=no-hint
inode-rpc: retry type=63 attempt=15 why=no-hint
inode-rpc: retry type=63 attempt=11 why=no-hint
inode-rpc: retry type=63 attempt=11 why=no-hint
inode-rpc: retry type=63 attempt=11 why=no-hint
inode-rpc: retry type=63 attempt=11 why=no-hint
inode-rpc: retry type=63 attempt=13 why=no-hint
inode-rpc: retry type=63 attempt=11 why=no-hint
inode-rpc: retry type=63 attempt=11 why=no-hint
inode-rpc: retry type=63 attempt=14 why=no-hint
inode-rpc: retry type=63 attempt=10 why=no-hint
inode-rpc: retry type=63 attempt=8 why=no-hint
inode-rpc: retry type=63 attempt=10 why=no-hint
inode-rpc: retry type=63 attempt=10 why=no-hint
inode-rpc: shard=253 type=63 exhausted 16 BUSY/STALE retries (10.3 s) -> EBUSY
inode-rpc: retry type=63 attempt=12 why=no-hint
inode-rpc: retry type=63 attempt=12 why=no-hint
inode-rpc: retry type=63 attempt=12 why=no-hint
inode-rpc: retry type=63 attempt=15 why=no-hint
inode-rpc: retry type=63 attempt=12 why=no-hint
inode-rpc: retry type=63 attempt=12 why=no-hint
inode-rpc: retry type=63 attempt=12 why=no-hint
inode-rpc: retry type=63 attempt=12 why=no-hint
inode-rpc: retry type=63 attempt=14 why=no-hint
inode-rpc: retry type=63 attempt=12 why=no-hint
inode-rpc: retry type=63 attempt=12 why=no-hint
inode-rpc: retry type=63 attempt=15 why=no-hint
inode-rpc: retry type=63 attempt=9 why=no-hint
inode-rpc: retry type=63 attempt=11 why=no-hint
inode-rpc: retry type=63 attempt=11 why=no-hint
inode-rpc: retry type=63 attempt=11 why=no-hint
inode-rpc: shard=2671 type=63 exhausted 16 BUSY/STALE retries (10.3 s) -> EBUSY
inode-rpc: retry type=63 attempt=13 why=no-hint
inode-rpc: retry type=63 attempt=15 why=no-hint
inode-rpc: retry type=63 attempt=13 why=no-hint
inode-rpc: retry type=63 attempt=13 why=no-hint
inode-rpc: retry type=63 attempt=13 why=no-hint
inode-rpc: retry type=63 attempt=13 why=no-hint
inode-rpc: retry type=63 attempt=13 why=no-hint
inode-rpc: retry type=63 attempt=13 why=no-hint
inode-rpc: retry type=63 attempt=13 why=no-hint
inode-rpc: retry type=63 attempt=13 why=no-hint
inode-rpc: shard=2121 type=63 exhausted 16 BUSY/STALE retries (10.3 s) -> EBUSY
inode-rpc: retry type=87 attempt=0 why=no-hint
inode-rpc: retry type=63 attempt=10 why=no-hint
inode-rpc: retry type=63 attempt=12 why=no-hint
inode-rpc: retry type=63 attempt=12 why=no-hint
inode-rpc: retry type=63 attempt=12 why=no-hint
inode-rpc: shard=43 type=63 exhausted 16 BUSY/STALE retries (10.3 s) -> EBUSY
inode-rpc: retry type=63 attempt=14 why=no-hint
inode-rpc: retry type=63 attempt=14 why=no-hint
inode-rpc: retry type=63 attempt=14 why=no-hint
inode-rpc: retry type=63 attempt=14 why=no-hint
inode-rpc: retry type=63 attempt=14 why=no-hint
inode-rpc: retry type=63 attempt=14 why=no-hint
inode-rpc: retry type=63 attempt=14 why=no-hint
inode-rpc: retry type=63 attempt=14 why=no-hint
inode-rpc: retry type=63 attempt=14 why=no-hint
inode-rpc: retry type=63 attempt=11 why=no-hint
inode-rpc: retry type=63 attempt=13 why=no-hint
inode-rpc: retry type=63 attempt=13 why=no-hint
inode-rpc: retry type=63 attempt=13 why=no-hint
inode-rpc: retry type=63 attempt=15 why=no-hint
inode-rpc: retry type=63 attempt=15 why=no-hint
inode-rpc: retry type=63 attempt=15 why=no-hint
inode-rpc: retry type=63 attempt=15 why=no-hint
inode-rpc: retry type=63 attempt=15 why=no-hint
inode-rpc: retry type=63 attempt=15 why=no-hint
inode-rpc: retry type=63 attempt=15 why=no-hint
inode-rpc: retry type=63 attempt=15 why=no-hint
inode-rpc: retry type=63 attempt=15 why=no-hint
inode-rpc: retry type=63 attempt=12 why=no-hint
inode-rpc: retry type=63 attempt=14 why=no-hint
inode-rpc: retry type=63 attempt=14 why=no-hint
inode-rpc: retry type=63 attempt=14 why=no-hint
inode-rpc: retry type=87 attempt=0 why=no-hint
inode-rpc: shard=1005 type=63 exhausted 16 BUSY/STALE retries (10.3 s) -> EBUSY
inode-rpc: shard=3767 type=63 exhausted 16 BUSY/STALE retries (10.3 s) -> EBUSY
inode-rpc: shard=3383 type=63 exhausted 16 BUSY/STALE retries (10.3 s) -> EBUSY
inode-rpc: shard=3383 type=63 exhausted 16 BUSY/STALE retries (10.3 s) -> EBUSY
inode-rpc: shard=3383 type=63 exhausted 16 BUSY/STALE retries (10.3 s) -> EBUSY
inode-rpc: shard=3383 type=63 exhausted 16 BUSY/STALE retries (10.3 s) -> EBUSY
inode-rpc: shard=3383 type=63 exhausted 16 BUSY/STALE retries (10.3 s) -> EBUSY
inode-rpc: shard=3535 type=63 exhausted 16 BUSY/STALE retries (10.3 s) -> EBUSY
inode-rpc: shard=2657 type=63 exhausted 16 BUSY/STALE retries (10.3 s) -> EBUSY
inode-rpc: retry type=63 attempt=13 why=no-hint
inode-rpc: retry type=63 attempt=15 why=no-hint
inode-rpc: retry type=63 attempt=15 why=no-hint
inode-rpc: retry type=63 attempt=15 why=no-hint
inode-rpc: shard=2423 type=63 exhausted 16 BUSY/STALE retries (10.3 s) -> EBUSY
inode-rpc: shard=2423 type=63 exhausted 16 BUSY/STALE retries (10.3 s) -> EBUSY
inode-rpc: shard=2423 type=63 exhausted 16 BUSY/STALE retries (10.3 s) -> EBUSY
inode-rpc: retry type=63 attempt=14 why=no-hint
inode-rpc: retry type=63 attempt=15 why=no-hint
inode-rpc: shard=179 type=63 exhausted 16 BUSY/STALE retries (10.3 s) -> EBUSY
inode-rpc: retry type=87 attempt=0 why=no-hint
inode-rpc: retry type=63 attempt=0 why=no-hint
inode-rpc: retry type=63 attempt=0 why=no-hint
inode-rpc: retry type=63 attempt=1 why=no-hint
inode-rpc: retry type=63 attempt=1 why=no-hint
inode-rpc: retry type=87 attempt=0 why=no-hint
inode-rpc: retry type=63 attempt=2 why=no-hint
inode-rpc: retry type=63 attempt=2 why=no-hint
inode-rpc: retry type=63 attempt=3 why=no-hint
inode-rpc: retry type=63 attempt=3 why=no-hint
inode-rpc: retry type=63 attempt=6 why=no-hint
inode-rpc: retry type=63 attempt=6 why=no-hint
inode-rpc: retry type=63 attempt=7 why=no-hint
inode-rpc: retry type=63 attempt=7 why=no-hint
inode-rpc: retry type=63 attempt=8 why=no-hint
inode-rpc: retry type=63 attempt=8 why=no-hint
inode-rpc: retry type=63 attempt=9 why=no-hint
inode-rpc: retry type=63 attempt=9 why=no-hint
inode-rpc: retry type=87 attempt=0 why=no-hint
inode-rpc: retry type=87 attempt=0 why=no-hint
inode-rpc: retry type=63 attempt=10 why=no-hint
inode-rpc: retry type=63 attempt=10 why=no-hint
inode-rpc: retry type=63 attempt=11 why=no-hint
inode-rpc: retry type=63 attempt=11 why=no-hint
inode-rpc: retry type=63 attempt=12 why=no-hint
inode-rpc: retry type=63 attempt=12 why=no-hint
inode-rpc: retry type=63 attempt=13 why=no-hint
inode-rpc: retry type=63 attempt=13 why=no-hint
inode-rpc: retry type=63 attempt=14 why=no-hint
inode-rpc: retry type=63 attempt=14 why=no-hint
inode-rpc: retry type=63 attempt=15 why=no-hint
inode-rpc: retry type=63 attempt=15 why=no-hint
inode-rpc: shard=1471 type=63 exhausted 16 BUSY/STALE retries (10.3 s) -> EBUSY
inode-rpc: shard=1471 type=63 exhausted 16 BUSY/STALE retries (10.3 s) -> EBUSY
inode-rpc: retry type=87 attempt=0 why=no-hint
Discovered 4 cluster nodes from fcstor003.ib:19810
  node id=1 172.16.223.57:19810
  node id=2 172.16.223.58:19810
  node id=3 172.16.223.59:19810
  node id=4 172.16.223.60:19810
fetching metadata...
meta: raft host mounted export 'fs' (bits=12, no GET_META table)
export id=1 name=fs
meta ready staged_rows=1 staged_chunks=0 staged_bytes=169120 root_get=0 mode=40755
efs-fuse daemon pid=253638
fuse serving
efs: RDMA transport up on mlx5_1 port 1 (lid 1911, 36 x 72 KiB bufs/conn)
inode-rpc: shard=83 type=45 exhausted 16 BUSY/STALE retries (10.3 s) -> EBUSY
create .ecopy.tmp.253712.1 failed (err)
inode-rpc: shard=253 type=45 exhausted 16 BUSY/STALE retries (10.3 s) -> EBUSY
create .ecopy.tmp.253712.2 failed (err)
inode-rpc: shard=1689 type=45 exhausted 16 BUSY/STALE retries (10.3 s) -> EBUSY
create .ecopy.tmp.253712.4 failed (err)
inode-rpc: shard=1845 type=45 exhausted 16 BUSY/STALE retries (10.3 s) -> EBUSY
create .ecopy.tmp.253712.5 failed (err)
inode-rpc: shard=2117 type=45 exhausted 16 BUSY/STALE retries (10.3 s) -> EBUSY
create .ecopy.tmp.253712.8 failed (err)
inode-rpc: shard=1946 type=45 exhausted 16 BUSY/STALE retries (10.3 s) -> EBUSY
create .ecopy.tmp.253712.3 failed (err)
inode-rpc: shard=3926 type=45 exhausted 16 BUSY/STALE retries (10.3 s) -> EBUSY
create .ecopy.tmp.253712.6 failed (err)
inode-rpc: shard=605 type=45 exhausted 16 BUSY/STALE retries (10.3 s) -> EBUSY
create .ecopy.tmp.253712.10 failed (err)
inode-rpc: shard=1300 type=45 exhausted 16 BUSY/STALE retries (10.3 s) -> EBUSY
create .ecopy.tmp.253712.9 failed (err)
inode-rpc: shard=83 type=45 exhausted 16 BUSY/STALE retries (10.3 s) -> EBUSY
create .ecopy.tmp.253712.11 failed (err)
inode-rpc: shard=1425 type=45 exhausted 16 BUSY/STALE retries (10.3 s) -> EBUSY
inode-rpc: shard=3085 type=45 exhausted 16 BUSY/STALE retries (10.3 s) -> EBUSY
inode-rpc: shard=703 type=45 exhausted 16 BUSY/STALE retries (10.3 s) -> EBUSY
create .ecopy.tmp.253712.15 failed (err)
inode-rpc: shard=3926 type=45 exhausted 16 BUSY/STALE retries (10.3 s) -> EBUSY
create .ecopy.tmp.253712.7 failed (err)
inode-rpc: shard=1946 type=45 exhausted 16 BUSY/STALE retries (10.3 s) -> EBUSY
create .ecopy.tmp.253712.13 failed (err)
inode-rpc: shard=1848 type=45 exhausted 16 BUSY/STALE retries (10.3 s) -> EBUSY
create .ecopy.tmp.253712.17 failed (err)
inode-rpc: shard=880 type=45 exhausted 16 BUSY/STALE retries (10.3 s) -> EBUSY
create .ecopy.tmp.253712.16 failed (err)
inode-rpc: shard=1804 type=45 exhausted 16 BUSY/STALE retries (10.3 s) -> EBUSY
create .ecopy.tmp.253712.19 failed (err)
inode-rpc: shard=306 type=45 exhausted 16 BUSY/STALE retries (10.3 s) -> EBUSY
create .ecopy.tmp.253712.20 failed (err)
inode-rpc: shard=2842 type=45 exhausted 16 BUSY/STALE retries (10.3 s) -> EBUSY
create .ecopy.tmp.253712.18 failed (err)
inode-rpc: shard=1425 type=63 exhausted 16 BUSY/STALE retries (10.3 s) -> EBUSY
inode-rpc: shard=3085 type=45 exhausted 16 BUSY/STALE retries (10.3 s) -> EBUSY
inode-rpc: shard=703 type=45 exhausted 16 BUSY/STALE retries (10.3 s) -> EBUSY
create .ecopy.tmp.253712.22 failed (err)
inode-rpc: shard=2143 type=45 exhausted 16 BUSY/STALE retries (10.3 s) -> EBUSY
create .ecopy.tmp.253712.27 failed (err)
inode-rpc: shard=1946 type=45 exhausted 16 BUSY/STALE retries (10.3 s) -> EBUSY
create .ecopy.tmp.253712.23 failed (err)
inode-rpc: shard=2577 type=45 exhausted 16 BUSY/STALE retries (10.3 s) -> EBUSY
create .ecopy.tmp.253712.29 failed (err)
inode-rpc: shard=1848 type=45 exhausted 16 BUSY/STALE retries (10.3 s) -> EBUSY
create .ecopy.tmp.253712.24 failed (err)
inode-rpc: shard=2697 type=45 exhausted 16 BUSY/STALE retries (10.3 s) -> EBUSY
create .ecopy.tmp.253712.32 failed (err)
inode-rpc: shard=1200 type=45 exhausted 16 BUSY/STALE retries (10.3 s) -> EBUSY
inode-rpc: shard=596 type=45 exhausted 16 BUSY/STALE retries (10.3 s) -> EBUSY
inode-rpc: shard=306 type=45 exhausted 16 BUSY/STALE retries (10.3 s) -> EBUSY
create .ecopy.tmp.253712.28 failed (err)
inode-rpc: shard=2842 type=45 exhausted 16 BUSY/STALE retries (10.3 s) -> EBUSY
create .ecopy.tmp.253712.30 failed (err)
inode-rpc: shard=2396 type=45 exhausted 16 BUSY/STALE retries (10.3 s) -> EBUSY
create .ecopy.tmp.253712.31 failed (err)
inode-rpc: shard=2847 type=45 exhausted 16 BUSY/STALE retries (10.3 s) -> EBUSY
inode-rpc: shard=349 type=45 exhausted 16 BUSY/STALE retries (10.3 s) -> EBUSY
create .ecopy.tmp.253712.35 failed (err)
inode-rpc: shard=1924 type=45 exhausted 16 BUSY/STALE retries (10.3 s) -> EBUSY
create .ecopy.tmp.253712.36 failed (err)
inode-rpc: shard=3696 type=45 exhausted 16 BUSY/STALE retries (10.3 s) -> EBUSY
create .ecopy.tmp.253712.37 failed (err)
inode-rpc: shard=1088 type=45 exhausted 16 BUSY/STALE retries (10.3 s) -> EBUSY
create .ecopy.tmp.253712.38 failed (err)
inode-rpc: shard=2121 type=45 exhausted 16 BUSY/STALE retries (10.3 s) -> EBUSY
create .ecopy.tmp.253712.39 failed (err)
inode-rpc: shard=1561 type=45 exhausted 16 BUSY/STALE retries (10.3 s) -> EBUSY
create .ecopy.tmp.253712.40 failed (err)
inode-rpc: shard=4011 type=45 exhausted 16 BUSY/STALE retries (10.3 s) -> EBUSY
create .ecopy.tmp.253712.41 failed (err)
inode-rpc: shard=2983 type=45 exhausted 16 BUSY/STALE retries (10.3 s) -> EBUSY
create .ecopy.tmp.253712.42 failed (err)
inode-rpc: shard=517 type=45 exhausted 16 BUSY/STALE retries (10.3 s) -> EBUSY
create .ecopy.tmp.253712.43 failed (err)
inode-rpc: shard=3717 type=45 exhausted 16 BUSY/STALE retries (10.3 s) -> EBUSY
inode-rpc: shard=4003 type=45 exhausted 16 BUSY/STALE retries (10.3 s) -> EBUSY
create .ecopy.tmp.253712.45 failed (err)
inode-rpc: shard=3009 type=63 exhausted 16 BUSY/STALE retries (10.3 s) -> EBUSY
inode-rpc: shard=1425 type=45 exhausted 16 BUSY/STALE retries (10.3 s) -> EBUSY
create .ecopy.tmp.253712.47 failed (err)
inode-rpc: shard=1204 type=45 exhausted 16 BUSY/STALE retries (10.3 s) -> EBUSY
create .ecopy.tmp.253712.48 failed (err)
inode-rpc: shard=2183 type=45 exhausted 16 BUSY/STALE retries (10.3 s) -> EBUSY
inode-rpc: shard=3085 type=45 exhausted 16 BUSY/STALE retries (10.3 s) -> EBUSY
create .ecopy.tmp.253712.50 failed (err)
inode-rpc: shard=703 type=45 exhausted 16 BUSY/STALE retries (10.3 s) -> EBUSY
create .ecopy.tmp.253712.51 failed (err)
inode-rpc: shard=3700 type=45 exhausted 16 BUSY/STALE retries (10.3 s) -> EBUSY
create .ecopy.tmp.253712.56 failed (err)
inode-rpc: shard=2842 type=45 exhausted 16 BUSY/STALE retries (10.3 s) -> EBUSY
create .ecopy.tmp.253712.55 failed (err)
inode-rpc: shard=1166 type=45 exhausted 16 BUSY/STALE retries (10.3 s) -> EBUSY
inode-rpc: shard=1830 type=45 exhausted 16 BUSY/STALE retries (10.3 s) -> EBUSY
create .ecopy.tmp.253712.60 failed (err)
inode-rpc: shard=573 type=45 exhausted 16 BUSY/STALE retries (10.3 s) -> EBUSY
inode-rpc: shard=2577 type=45 exhausted 16 BUSY/STALE retries (10.3 s) -> EBUSY
create .ecopy.tmp.253712.53 failed (err)
inode-rpc: shard=1082 type=45 exhausted 16 BUSY/STALE retries (10.3 s) -> EBUSY
create .ecopy.tmp.253712.65 failed (err)
inode-rpc: shard=2697 type=45 exhausted 16 BUSY/STALE retries (10.3 s) -> EBUSY
create .ecopy.tmp.253712.33 failed (err)
inode-rpc: shard=3638 type=45 exhausted 16 BUSY/STALE retries (10.3 s) -> EBUSY
create .ecopy.tmp.253712.66 failed (err)
inode-rpc: shard=3696 type=45 exhausted 16 BUSY/STALE retries (10.3 s) -> EBUSY
create .ecopy.tmp.253712.67 failed (err)
inode-rpc: shard=2381 type=45 exhausted 16 BUSY/STALE retries (10.3 s) -> EBUSY
inode-rpc: shard=2825 type=45 exhausted 16 BUSY/STALE retries (10.3 s) -> EBUSY
inode-rpc: shard=43 type=45 exhausted 16 BUSY/STALE retries (10.3 s) -> EBUSY
create .ecopy.tmp.253712.63 failed (err)
inode-rpc: shard=4011 type=45 exhausted 16 BUSY/STALE retries (10.3 s) -> EBUSY
create .ecopy.tmp.253712.68 failed (err)
inode-rpc: shard=3251 type=45 exhausted 16 BUSY/STALE retries (10.3 s) -> EBUSY
create .ecopy.tmp.253712.69 failed (err)
inode-rpc: shard=3851 type=45 exhausted 16 BUSY/STALE retries (10.3 s) -> EBUSY
create .ecopy.tmp.253712.70 failed (err)
inode-rpc: shard=517 type=45 exhausted 16 BUSY/STALE retries (10.3 s) -> EBUSY
create .ecopy.tmp.253712.44 failed (err)
inode-rpc: shard=4003 type=45 exhausted 16 BUSY/STALE retries (10.3 s) -> EBUSY
create .ecopy.tmp.253712.72 failed (err)
inode-rpc: shard=3717 type=63 exhausted 16 BUSY/STALE retries (10.3 s) -> EBUSY
inode-rpc: shard=3009 type=45 exhausted 16 BUSY/STALE retries (10.3 s) -> EBUSY
create .ecopy.tmp.253712.73 failed (err)
inode-rpc: shard=3743 type=45 exhausted 16 BUSY/STALE retries (10.3 s) -> EBUSY
create .ecopy.tmp.253712.75 failed (err)
inode-rpc: shard=339 type=45 exhausted 16 BUSY/STALE retries (10.3 s) -> EBUSY
inode-rpc: shard=3745 type=45 exhausted 16 BUSY/STALE retries (10.3 s) -> EBUSY
create .ecopy.tmp.253712.77 failed (err)
inode-rpc: shard=817 type=45 exhausted 16 BUSY/STALE retries (10.3 s) -> EBUSY
create .ecopy.tmp.253712.78 failed (err)
inode-rpc: shard=1057 type=45 exhausted 16 BUSY/STALE retries (10.3 s) -> EBUSY
create .ecopy.tmp.253712.79 failed (err)
inode-rpc: shard=763 type=63 exhausted 16 BUSY/STALE retries (10.3 s) -> EBUSY
inode-rpc: shard=1204 type=45 exhausted 16 BUSY/STALE retries (10.3 s) -> EBUSY
create .ecopy.tmp.253712.80 failed (err)
inode-rpc: shard=2183 type=45 exhausted 16 BUSY/STALE retries (10.3 s) -> EBUSY
inode-rpc: shard=3700 type=45 exhausted 16 BUSY/STALE retries (10.3 s) -> EBUSY
create .ecopy.tmp.253712.82 failed (err)
inode-rpc: shard=573 type=45 exhausted 16 BUSY/STALE retries (10.3 s) -> EBUSY
inode-rpc: shard=1166 type=45 exhausted 16 BUSY/STALE retries (10.3 s) -> EBUSY
inode-rpc: shard=1830 type=45 exhausted 16 BUSY/STALE retries (10.3 s) -> EBUSY
create .ecopy.tmp.253712.61 failed (err)
inode-rpc: shard=2697 type=45 exhausted 16 BUSY/STALE retries (10.3 s) -> EBUSY
create .ecopy.tmp.253712.54 failed (err)
inode-rpc: shard=1082 type=45 exhausted 16 BUSY/STALE retries (10.3 s) -> EBUSY
create .ecopy.tmp.253712.85 failed (err)
inode-rpc: shard=3638 type=45 exhausted 16 BUSY/STALE retries (10.3 s) -> EBUSY
create .ecopy.tmp.253712.86 failed (err)
inode-rpc: shard=2381 type=45 exhausted 16 BUSY/STALE retries (10.3 s) -> EBUSY
inode-rpc: shard=2825 type=45 exhausted 16 BUSY/STALE retries (10.3 s) -> EBUSY
inode-rpc: shard=43 type=45 exhausted 16 BUSY/STALE retries (10.3 s) -> EBUSY
create .ecopy.tmp.253712.64 failed (err)
inode-rpc: shard=4011 type=45 exhausted 16 BUSY/STALE retries (10.3 s) -> EBUSY
create .ecopy.tmp.253712.89 failed (err)
inode-rpc: shard=3251 type=45 exhausted 16 BUSY/STALE retries (10.3 s) -> EBUSY
create .ecopy.tmp.253712.90 failed (err)
inode-rpc: shard=517 type=45 exhausted 16 BUSY/STALE retries (10.3 s) -> EBUSY
create .ecopy.tmp.253712.71 failed (err)
inode-rpc: shard=4003 type=45 exhausted 16 BUSY/STALE retries (10.3 s) -> EBUSY
create .ecopy.tmp.253712.91 failed (err)
inode-rpc: shard=3717 type=45 exhausted 16 BUSY/STALE retries (10.3 s) -> EBUSY
create .ecopy.tmp.253712.92 failed (err)
inode-rpc: shard=3009 type=45 exhausted 16 BUSY/STALE retries (10.3 s) -> EBUSY
create .ecopy.tmp.253712.74 failed (err)
inode-rpc: shard=2759 type=45 exhausted 16 BUSY/STALE retries (10.3 s) -> EBUSY
create .ecopy.tmp.253712.94 failed (err)
inode-rpc: shard=709 type=63 exhausted 16 BUSY/STALE retries (10.3 s) -> EBUSY
inode-rpc: shard=2713 type=45 exhausted 16 BUSY/STALE retries (10.3 s) -> EBUSY
create .ecopy.tmp.253712.95 failed (err)
inode-rpc: shard=1057 type=45 exhausted 16 BUSY/STALE retries (10.3 s) -> EBUSY
create .ecopy.tmp.253712.97 failed (err)
inode-rpc: shard=3828 type=45 exhausted 16 BUSY/STALE retries (10.3 s) -> EBUSY
create .ecopy.tmp.253712.96 failed (err)
inode-rpc: shard=3873 type=45 exhausted 16 BUSY/STALE retries (10.3 s) -> EBUSY
inode-rpc: shard=1516 type=45 exhausted 16 BUSY/STALE retries (10.3 s) -> EBUSY
create .ecopy.tmp.253712.98 failed (err)
inode-rpc: shard=763 type=45 exhausted 16 BUSY/STALE retries (10.3 s) -> EBUSY
create .ecopy.tmp.253712.101 failed (err)
inode-rpc: shard=1318 type=45 exhausted 16 BUSY/STALE retries (10.3 s) -> EBUSY
inode-rpc: shard=2183 type=45 exhausted 16 BUSY/STALE retries (10.3 s) -> EBUSY
create .ecopy.tmp.253712.104 failed (err)
inode-rpc: shard=484 type=45 exhausted 16 BUSY/STALE retries (10.3 s) -> EBUSY
create .ecopy.tmp.253712.105 failed (err)
inode-rpc: shard=573 type=45 exhausted 16 BUSY/STALE retries (10.3 s) -> EBUSY
create .ecopy.tmp.253712.108 failed (err)
inode-rpc: shard=3700 type=45 exhausted 16 BUSY/STALE retries (10.3 s) -> EBUSY
create .ecopy.tmp.253712.106 failed (err)
inode-rpc: shard=2800 type=45 exhausted 16 BUSY/STALE retries (10.3 s) -> EBUSY
inode-rpc: shard=1830 type=45 exhausted 16 BUSY/STALE retries (10.3 s) -> EBUSY
create .ecopy.tmp.253712.62 failed (err)
inode-rpc: shard=1166 type=45 exhausted 16 BUSY/STALE retries (10.3 s) -> EBUSY
create .ecopy.tmp.253712.109 failed (err)
inode-rpc: shard=2697 type=45 exhausted 16 BUSY/STALE retries (10.3 s) -> EBUSY
create .ecopy.tmp.253712.111 failed (err)
inode-rpc: shard=3622 type=45 exhausted 16 BUSY/STALE retries (10.3 s) -> EBUSY
create .ecopy.tmp.253712.110 failed (err)
inode-rpc: shard=1082 type=45 exhausted 16 BUSY/STALE retries (10.3 s) -> EBUSY
create .ecopy.tmp.253712.112 failed (err)
inode-rpc: shard=3638 type=45 exhausted 16 BUSY/STALE retries (10.3 s) -> EBUSY
create .ecopy.tmp.253712.113 failed (err)
inode-rpc: shard=2381 type=45 exhausted 16 BUSY/STALE retries (10.3 s) -> EBUSY
create .ecopy.tmp.253712.114 failed (err)
inode-rpc: shard=2825 type=45 exhausted 16 BUSY/STALE retries (10.3 s) -> EBUSY
create .ecopy.tmp.253712.117 failed (err)
inode-rpc: shard=2596 type=45 exhausted 16 BUSY/STALE retries (10.3 s) -> EBUSY
create .ecopy.tmp.253712.115 failed (err)
inode-rpc: shard=1166 type=45 exhausted 16 BUSY/STALE retries (10.3 s) -> EBUSY
inode-rpc: shard=1446 type=45 exhausted 16 BUSY/STALE retries (10.3 s) -> EBUSY
create .ecopy.tmp.253712.118 failed (err)
inode-rpc: shard=2671 type=45 exhausted 16 BUSY/STALE retries (10.3 s) -> EBUSY
create .ecopy.tmp.253712.121 failed (err)
inode-rpc: shard=2051 type=45 exhausted 16 BUSY/STALE retries (10.3 s) -> EBUSY
create .ecopy.tmp.253712.128 failed (err)
inode-rpc: shard=3717 type=45 exhausted 16 BUSY/STALE retries (10.3 s) -> EBUSY
create .ecopy.tmp.253712.93 failed (err)
inode-rpc: shard=4003 type=45 exhausted 16 BUSY/STALE retries (10.3 s) -> EBUSY
create .ecopy.tmp.253712.129 failed (err)
inode-rpc: shard=3009 type=45 exhausted 16 BUSY/STALE retries (10.3 s) -> EBUSY
create .ecopy.tmp.253712.130 failed (err)
inode-rpc: shard=3518 type=45 exhausted 16 BUSY/STALE retries (10.3 s) -> EBUSY
inode-rpc: shard=3163 type=45 exhausted 16 BUSY/STALE retries (10.3 s) -> EBUSY
inode-rpc: shard=403 type=45 exhausted 16 BUSY/STALE retries (10.3 s) -> EBUSY
create .ecopy.tmp.253712.133 failed (err)
inode-rpc: shard=709 type=63 exhausted 16 BUSY/STALE retries (10.3 s) -> EBUSY
inode-rpc: shard=2713 type=45 exhausted 16 BUSY/STALE retries (10.3 s) -> EBUSY
create .ecopy.tmp.253712.134 failed (err)
inode-rpc: shard=171 type=45 exhausted 16 BUSY/STALE retries (10.3 s) -> EBUSY
create .ecopy.tmp.253712.136 failed (err)
inode-rpc: shard=3828 type=45 exhausted 16 BUSY/STALE retries (10.3 s) -> EBUSY
create .ecopy.tmp.253712.138 failed (err)
inode-rpc: shard=3873 type=45 exhausted 16 BUSY/STALE retries (10.3 s) -> EBUSY
inode-rpc: shard=1516 type=45 exhausted 16 BUSY/STALE retries (10.3 s) -> EBUSY
create .ecopy.tmp.253712.99 failed (err)
inode-rpc: shard=3341 type=45 exhausted 16 BUSY/STALE retries (10.3 s) -> EBUSY
inode-rpc: shard=763 type=45 exhausted 16 BUSY/STALE retries (10.3 s) -> EBUSY
create .ecopy.tmp.253712.102 failed (err)
inode-rpc: shard=1318 type=45 exhausted 16 BUSY/STALE retries (10.3 s) -> EBUSY
create .ecopy.tmp.253712.143 failed (err)
inode-rpc: shard=1533 type=45 exhausted 16 BUSY/STALE retries (10.3 s) -> EBUSY
inode-rpc: shard=2183 type=45 exhausted 16 BUSY/STALE retries (10.3 s) -> EBUSY
create .ecopy.tmp.253712.145 failed (err)
inode-rpc: shard=2697 type=45 exhausted 16 BUSY/STALE retries (10.3 s) -> EBUSY
create .ecopy.tmp.253712.149 failed (err)
inode-rpc: shard=2825 type=45 exhausted 16 BUSY/STALE retries (10.3 s) -> EBUSY
create .ecopy.tmp.253712.152 failed (err)
inode-rpc: shard=2671 type=45 exhausted 16 BUSY/STALE retries (10.3 s) -> EBUSY
create .ecopy.tmp.253712.122 failed (err)
inode-rpc: shard=3717 type=45 exhausted 16 BUSY/STALE retries (10.3 s) -> EBUSY
create .ecopy.tmp.253712.156 failed (err)
inode-rpc: shard=3115 type=45 exhausted 16 BUSY/STALE retries (10.3 s) -> EBUSY
create .ecopy.tmp.253712.157 failed (err)
inode-rpc: shard=3009 type=45 exhausted 16 BUSY/STALE retries (10.3 s) -> EBUSY
create .ecopy.tmp.253712.161 failed (err)
inode-rpc: shard=4015 type=45 exhausted 16 BUSY/STALE retries (10.3 s) -> EBUSY
create .ecopy.tmp.253712.162 failed (err)
inode-rpc: shard=1157 type=45 exhausted 16 BUSY/STALE retries (10.3 s) -> EBUSY
inode-rpc: shard=709 type=63 exhausted 16 BUSY/STALE retries (10.3 s) -> EBUSY
inode-rpc: shard=171 type=45 exhausted 16 BUSY/STALE retries (10.3 s) -> EBUSY
create .ecopy.tmp.253712.135 failed (err)
inode-rpc: shard=763 type=45 exhausted 16 BUSY/STALE retries (10.3 s) -> EBUSY
create .ecopy.tmp.253712.142 failed (err)
inode-rpc: shard=1533 type=63 exhausted 16 BUSY/STALE retries (10.3 s) -> EBUSY
inode-rpc: shard=2976 type=63 exhausted 16 BUSY/STALE retries (10.3 s) -> EBUSY
inode-rpc: shard=2618 type=45 exhausted 16 BUSY/STALE retries (10.3 s) -> EBUSY
create .ecopy.tmp.253712.159 failed (err)
inode-rpc: shard=1166 type=45 exhausted 16 BUSY/STALE retries (10.3 s) -> EBUSY
create .ecopy.tmp.253712.153 failed (err)
inode-rpc: shard=3628 type=45 exhausted 16 BUSY/STALE retries (10.3 s) -> EBUSY
create .ecopy.tmp.253712.158 failed (err)
inode-rpc: shard=946 type=45 exhausted 16 BUSY/STALE retries (10.3 s) -> EBUSY
inode-rpc: shard=3638 type=45 exhausted 16 BUSY/STALE retries (10.3 s) -> EBUSY
create .ecopy.tmp.253712.151 failed (err)
inode-rpc: shard=1082 type=45 exhausted 16 BUSY/STALE retries (10.3 s) -> EBUSY
create .ecopy.tmp.253712.150 failed (err)
inode-rpc: shard=1446 type=45 exhausted 16 BUSY/STALE retries (10.3 s) -> EBUSY
create .ecopy.tmp.253712.119 failed (err)
inode-rpc: shard=1190 type=45 exhausted 16 BUSY/STALE retries (10.3 s) -> EBUSY
create .ecopy.tmp.253712.163 failed (err)
inode-rpc: shard=1166 type=45 exhausted 16 BUSY/STALE retries (10.3 s) -> EBUSY
create .ecopy.tmp.253712.148 failed (err)
inode-rpc: shard=2183 type=45 exhausted 16 BUSY/STALE retries (10.3 s) -> EBUSY
create .ecopy.tmp.253712.170 failed (err)
inode-rpc: shard=2697 type=45 exhausted 16 BUSY/STALE retries (10.3 s) -> EBUSY
create .ecopy.tmp.253712.171 failed (err)
inode-rpc: shard=2825 type=45 exhausted 16 BUSY/STALE retries (10.3 s) -> EBUSY
create .ecopy.tmp.253712.172 failed (err)
inode-rpc: shard=2671 type=45 exhausted 16 BUSY/STALE retries (10.3 s) -> EBUSY
create .ecopy.tmp.253712.123 failed (err)
inode-rpc: shard=3115 type=45 exhausted 16 BUSY/STALE retries (10.3 s) -> EBUSY
create .ecopy.tmp.253712.174 failed (err)
inode-rpc: shard=4015 type=45 exhausted 16 BUSY/STALE retries (10.3 s) -> EBUSY
create .ecopy.tmp.253712.175 failed (err)
inode-rpc: shard=1157 type=45 exhausted 16 BUSY/STALE retries (10.3 s) -> EBUSY
report-loop ino=1309424 rounds=1 stale=0 busy=1 ms=8453 rc=-13
efs-fuse flush-meta: resource busy (efs_rc=-13) ino=1309424 off=0 len=0
inode-rpc: shard=709 type=45 exhausted 16 BUSY/STALE retries (10.3 s) -> EBUSY
create .ecopy.tmp.253712.177 failed (err)
inode-rpc: shard=171 type=45 exhausted 16 BUSY/STALE retries (10.3 s) -> EBUSY
create .ecopy.tmp.253712.137 failed (err)
inode-rpc: shard=763 type=45 exhausted 16 BUSY/STALE retries (10.3 s) -> EBUSY
create .ecopy.tmp.253712.178 failed (err)
inode-rpc: dual type=45 exhausted 16 BUSY/STALE retries (10.3 s) -> EBUSY
inode-rpc: shard=1533 type=45 exhausted 16 BUSY/STALE retries (10.3 s) -> EBUSY
create .ecopy.tmp.253712.179 failed (err)
report-loop ino=7676850 rounds=1 stale=0 busy=1 ms=8842 rc=-13
inode-rpc: shard=1516 type=87 exhausted 16 BUSY/STALE retries (10.3 s) -> EBUSY
inode-rpc: dual type=45 exhausted 16 BUSY/STALE retries (10.3 s) -> EBUSY
inode-rpc: shard=2183 type=45 exhausted 16 BUSY/STALE retries (10.3 s) -> EBUSY
create .ecopy.tmp.253712.188 failed (err)
inode-rpc: shard=2697 type=45 exhausted 16 BUSY/STALE retries (10.3 s) -> EBUSY
create .ecopy.tmp.253712.189 failed (err)
inode-rpc: shard=2825 type=45 exhausted 16 BUSY/STALE retries (10.3 s) -> EBUSY
create .ecopy.tmp.253712.190 failed (err)
inode-rpc: shard=2671 type=45 exhausted 16 BUSY/STALE retries (10.3 s) -> EBUSY
create .ecopy.tmp.253712.124 failed (err)
inode-rpc: shard=4015 type=45 exhausted 16 BUSY/STALE retries (10.3 s) -> EBUSY
create .ecopy.tmp.253712.192 failed (err)
inode-rpc: shard=1157 type=45 exhausted 16 BUSY/STALE retries (10.3 s) -> EBUSY
inode-rpc: shard=709 type=45 exhausted 16 BUSY/STALE retries (10.3 s) -> EBUSY
create .ecopy.tmp.253712.194 failed (err)
report-loop ino=5291454 rounds=1 stale=0 busy=1 ms=8417 rc=-13
efs-fuse flush-meta: resource busy (efs_rc=-13) ino=5291454 off=0 len=0
inode-rpc: dual type=45 exhausted 16 BUSY/STALE retries (10.3 s) -> EBUSY
inode-rpc: shard=1318 type=63 exhausted 16 BUSY/STALE retries (10.3 s) -> EBUSY
inode-rpc: shard=2618 type=63 exhausted 16 BUSY/STALE retries (10.3 s) -> EBUSY
inode-rpc: shard=3638 type=63 exhausted 16 BUSY/STALE retries (10.3 s) -> EBUSY
inode-rpc: shard=992 type=63 exhausted 16 BUSY/STALE retries (10.3 s) -> EBUSY
report-loop ino=1099072 rounds=1 stale=0 busy=1 ms=8420 rc=-13
inode-rpc: shard=2697 type=45 exhausted 16 BUSY/STALE retries (10.3 s) -> EBUSY
create .ecopy.tmp.253712.196 failed (err)
inode-rpc: shard=2671 type=45 exhausted 16 BUSY/STALE retries (10.3 s) -> EBUSY
create .ecopy.tmp.253712.125 failed (err)
inode-rpc: shard=4015 type=45 exhausted 16 BUSY/STALE retries (10.3 s) -> EBUSY
create .ecopy.tmp.253712.198 failed (err)
inode-rpc: shard=1157 type=45 exhausted 16 BUSY/STALE retries (10.3 s) -> EBUSY
inode-rpc: shard=1516 type=87 exhausted 16 BUSY/STALE retries (10.3 s) -> EBUSY
inode-rpc: shard=2976 type=87 exhausted 16 BUSY/STALE retries (10.3 s) -> EBUSY
report-loop ino=7680946 rounds=1 stale=0 busy=1 ms=8819 rc=-13
inode-rpc: dual type=45 exhausted 16 BUSY/STALE retries (10.3 s) -> EBUSY
inode-rpc: dual type=45 exhausted 16 BUSY/STALE retries (10.3 s) -> EBUSY
inode-rpc: shard=1166 type=63 exhausted 16 BUSY/STALE retries (10.3 s) -> EBUSY
inode-rpc: shard=2618 type=63 exhausted 16 BUSY/STALE retries (10.3 s) -> EBUSY
inode-rpc: shard=1446 type=63 exhausted 16 BUSY/STALE retries (10.3 s) -> EBUSY
inode-rpc: shard=1240 type=63 exhausted 16 BUSY/STALE retries (10.3 s) -> EBUSY
inode-rpc: shard=1446 type=63 exhausted 16 BUSY/STALE retries (10.3 s) -> EBUSY
inode-rpc: shard=1446 type=63 exhausted 16 BUSY/STALE retries (10.3 s) -> EBUSY
inode-rpc: shard=1318 type=63 exhausted 16 BUSY/STALE retries (10.3 s) -> EBUSY
report-loop ino=1439014 rounds=1 stale=0 busy=1 ms=8796 rc=-13
efs-fuse flush-meta: resource busy (efs_rc=-13) ino=1439014 off=0 len=0
inode-rpc: shard=2697 type=45 exhausted 16 BUSY/STALE retries (10.3 s) -> EBUSY
create .ecopy.tmp.253712.202 failed (err)
inode-rpc: shard=2671 type=45 exhausted 16 BUSY/STALE retries (10.3 s) -> EBUSY
create .ecopy.tmp.253712.126 failed (err)
inode-rpc: shard=4015 type=45 exhausted 16 BUSY/STALE retries (10.3 s) -> EBUSY
create .ecopy.tmp.253712.204 failed (err)
inode-rpc: shard=1157 type=45 exhausted 16 BUSY/STALE retries (10.3 s) -> EBUSY
inode-rpc: shard=1516 type=87 exhausted 16 BUSY/STALE retries (10.3 s) -> EBUSY
report-loop ino=1133114 rounds=1 stale=0 busy=1 ms=8726 rc=-13
efs-fuse flush-meta: resource busy (efs_rc=-13) ino=1133114 off=0 len=0
inode-rpc: shard=2976 type=87 exhausted 16 BUSY/STALE retries (10.3 s) -> EBUSY
inode-rpc: shard=2849 type=45 exhausted 16 BUSY/STALE retries (10.3 s) -> EBUSY
create .ecopy.tmp.253712.207 failed (err)
report-loop ino=2343904 rounds=1 stale=0 busy=1 ms=8666 rc=-13
efs-fuse flush-meta: resource busy (efs_rc=-13) ino=2343904 off=0 len=0
inode-rpc: shard=2671 type=45 exhausted 16 BUSY/STALE retries (10.3 s) -> EBUSY
create .ecopy.tmp.253712.127 failed (err)
inode-rpc: dual type=45 exhausted 16 BUSY/STALE retries (10.3 s) -> EBUSY
inode-rpc: shard=4015 type=45 exhausted 16 BUSY/STALE retries (10.3 s) -> EBUSY
create .ecopy.tmp.253712.212 failed (err)
inode-rpc: dual type=45 exhausted 16 BUSY/STALE retries (10.3 s) -> EBUSY
inode-rpc: shard=1157 type=45 exhausted 16 BUSY/STALE retries (10.3 s) -> EBUSY
inode-rpc: shard=1240 type=87 exhausted 16 BUSY/STALE retries (10.3 s) -> EBUSY
report-loop ino=2301494 rounds=1 stale=0 busy=1 ms=8695 rc=-13
efs-fuse flush-meta: resource busy (efs_rc=-13) ino=2301494 off=0 len=0
inode-rpc: shard=1516 type=87 exhausted 16 BUSY/STALE retries (10.3 s) -> EBUSY
inode-rpc: shard=2976 type=87 exhausted 16 BUSY/STALE retries (10.3 s) -> EBUSY
inode-rpc: shard=2849 type=45 exhausted 16 BUSY/STALE retries (10.3 s) -> EBUSY
create .ecopy.tmp.253712.208 failed (err)
report-loop ino=2088230 rounds=1 stale=0 busy=1 ms=8418 rc=-13
inode-rpc: shard=2671 type=45 exhausted 16 BUSY/STALE retries (10.3 s) -> EBUSY
create .ecopy.tmp.253712.155 failed (err)
inode-rpc: shard=1157 type=45 exhausted 16 BUSY/STALE retries (10.3 s) -> EBUSY
inode-rpc: dual type=45 exhausted 16 BUSY/STALE retries (10.3 s) -> EBUSY
inode-rpc: dual type=45 exhausted 16 BUSY/STALE retries (10.3 s) -> EBUSY
inode-rpc: shard=1240 type=87 exhausted 16 BUSY/STALE retries (10.3 s) -> EBUSY
report-loop ino=1103168 rounds=1 stale=0 busy=1 ms=8679 rc=-13
inode-rpc: dual type=45 exhausted 16 BUSY/STALE retries (10.3 s) -> EBUSY
inode-rpc: shard=1516 type=87 exhausted 16 BUSY/STALE retries (10.3 s) -> EBUSY
inode-rpc: shard=2849 type=45 exhausted 16 BUSY/STALE retries (10.3 s) -> EBUSY
create .ecopy.tmp.253712.209 failed (err)
report-loop ino=7685042 rounds=1 stale=0 busy=1 ms=8418 rc=-13
inode-rpc: shard=2671 type=45 exhausted 16 BUSY/STALE retries (10.3 s) -> EBUSY
create .ecopy.tmp.253712.173 failed (err)
inode-rpc: shard=1157 type=45 exhausted 16 BUSY/STALE retries (10.3 s) -> EBUSY
create .ecopy.tmp.253712.219 failed (err)
inode-rpc: shard=2976 type=87 exhausted 16 BUSY/STALE retries (10.3 s) -> EBUSY
inode-rpc: dual type=45 exhausted 16 BUSY/STALE retries (10.3 s) -> EBUSY
report-loop ino=1606798 rounds=1 stale=0 busy=1 ms=8669 rc=-13
efs-fuse flush-meta: resource busy (efs_rc=-13) ino=1606798 off=0 len=0
inode-rpc: shard=1240 type=87 exhausted 16 BUSY/STALE retries (10.3 s) -> EBUSY
inode-rpc: shard=2849 type=45 exhausted 16 BUSY/STALE retries (10.3 s) -> EBUSY
create .ecopy.tmp.253712.210 failed (err)
inode-rpc: shard=2671 type=45 exhausted 16 BUSY/STALE retries (10.3 s) -> EBUSY
create .ecopy.tmp.253712.191 failed (err)
report-loop ino=1189286 rounds=1 stale=0 busy=1 ms=8421 rc=-13
efs-fuse flush-meta: resource busy (efs_rc=-13) ino=1189286 off=0 len=0
inode-rpc: shard=1157 type=45 exhausted 16 BUSY/STALE retries (10.3 s) -> EBUSY
create .ecopy.tmp.253712.225 failed (err)
inode-rpc: shard=1516 type=87 exhausted 16 BUSY/STALE retries (10.3 s) -> EBUSY
inode-rpc: shard=2976 type=87 exhausted 16 BUSY/STALE retries (10.3 s) -> EBUSY
report-loop ino=1137210 rounds=1 stale=0 busy=1 ms=8471 rc=-13
efs-fuse flush-meta: resource busy (efs_rc=-13) ino=1137210 off=0 len=0
inode-rpc: dual type=45 exhausted 16 BUSY/STALE retries (10.3 s) -> EBUSY
inode-rpc: shard=1240 type=87 exhausted 16 BUSY/STALE retries (10.3 s) -> EBUSY
inode-rpc: shard=2849 type=45 exhausted 16 BUSY/STALE retries (10.3 s) -> EBUSY
create .ecopy.tmp.253712.211 failed (err)
inode-rpc: shard=2671 type=45 exhausted 16 BUSY/STALE retries (10.3 s) -> EBUSY
create .ecopy.tmp.253712.197 failed (err)
inode-rpc: shard=1157 type=45 exhausted 16 BUSY/STALE retries (10.3 s) -> EBUSY
create .ecopy.tmp.253712.228 failed (err)
report-loop ino=1107264 rounds=1 stale=0 busy=1 ms=8420 rc=-13
inode-rpc: shard=1516 type=87 exhausted 16 BUSY/STALE retries (10.3 s) -> EBUSY
inode-rpc: shard=1318 type=63 exhausted 16 BUSY/STALE retries (10.3 s) -> EBUSY
inode-rpc: shard=3638 type=63 exhausted 16 BUSY/STALE retries (10.3 s) -> EBUSY
inode-rpc: shard=3366 type=63 exhausted 16 BUSY/STALE retries (10.3 s) -> EBUSY
inode-rpc: shard=3366 type=63 exhausted 16 BUSY/STALE retries (10.3 s) -> EBUSY
report-loop ino=7689138 rounds=1 stale=0 busy=1 ms=8537 rc=-13
inode-rpc: shard=2976 type=87 exhausted 16 BUSY/STALE retries (10.3 s) -> EBUSY
inode-rpc: shard=1240 type=87 exhausted 16 BUSY/STALE retries (10.3 s) -> EBUSY
inode-rpc: dual type=45 exhausted 16 BUSY/STALE retries (10.3 s) -> EBUSY
report-loop ino=1197478 rounds=1 stale=0 busy=1 ms=8855 rc=-13
efs-fuse flush-meta: resource busy (efs_rc=-13) ino=1197478 off=0 len=0
inode-rpc: shard=1516 type=87 exhausted 16 BUSY/STALE retries (10.3 s) -> EBUSY
efs: rename_at 1070572/.ecopy.tmp.253712.140 -> 1070572/module-git rc=-13 after 9 tries
inode-rpc: shard=1166 type=63 exhausted 16 BUSY/STALE retries (10.3 s) -> EBUSY
inode-rpc: shard=2976 type=87 exhausted 16 BUSY/STALE retries (10.3 s) -> EBUSY
report-loop ino=1443110 rounds=1 stale=0 busy=1 ms=8687 rc=-13
efs-fuse flush-meta: resource busy (efs_rc=-13) ino=1443110 off=0 len=0
inode-rpc: shard=1240 type=87 exhausted 16 BUSY/STALE retries (10.3 s) -> EBUSY
inode-rpc: shard=1446 type=63 exhausted 16 BUSY/STALE retries (10.3 s) -> EBUSY
inode-rpc: shard=2976 type=87 exhausted 16 BUSY/STALE retries (10.3 s) -> EBUSY
efs: rename_at 1338272/.ecopy.tmp.253712.180 -> 1338272/READ_ME_FIRST rc=-13 after 9 tries
inode-rpc: shard=1240 type=87 exhausted 16 BUSY/STALE retries (10.3 s) -> EBUSY
report-loop ino=2092326 rounds=1 stale=0 busy=1 ms=8436 rc=-13
efs-fuse flush-meta: resource busy (efs_rc=-13) ino=2092326 off=0 len=0
report-loop ino=0 rounds=1 stale=1 busy=0 ms=21552 rc=-14
Discovered 4 cluster nodes from fcstor003.ib:19810
  node id=1 172.16.223.57:19810
  node id=2 172.16.223.58:19810
  node id=3 172.16.223.59:19810
  node id=4 172.16.223.60:19810
fetching metadata...
meta: raft host mounted export 'fs' (bits=12, no GET_META table)
export id=1 name=fs
meta ready staged_rows=1 staged_chunks=0 staged_bytes=169120 root_get=0 mode=40755
efs-fuse daemon pid=255318
fuse serving
efs: RDMA transport up on mlx5_1 port 1 (lid 1911, 36 x 72 KiB bufs/conn)
report-loop ino=1352285 rounds=1 stale=0 busy=1 ms=8482 rc=-13
efs-fuse flush-meta: resource busy (efs_rc=-13) ino=1352285 off=0 len=0
report-loop ino=5671949 rounds=1 stale=0 busy=1 ms=8417 rc=-13
report-loop ino=986966 rounds=0 stale=0 busy=0 ms=0 rc=-6
report-loop ino=1241341 rounds=0 stale=0 busy=0 ms=0 rc=-6
report-loop ino=991062 rounds=1 stale=0 busy=1 ms=8415 rc=-13
efs-fuse flush-meta: resource busy (efs_rc=-13) ino=991062 off=0 len=0
inode-rpc: shard=83 type=87 exhausted 16 BUSY/STALE retries (10.3 s) -> EBUSY
inode-rpc: shard=2847 type=87 exhausted 16 BUSY/STALE retries (10.3 s) -> EBUSY
inode-rpc: shard=703 type=63 exhausted 16 BUSY/STALE retries (10.3 s) -> EBUSY
inode-rpc: shard=2143 type=63 exhausted 16 BUSY/STALE retries (10.3 s) -> EBUSY
inode-rpc: shard=2577 type=63 exhausted 16 BUSY/STALE retries (10.3 s) -> EBUSY
inode-rpc: shard=2697 type=63 exhausted 16 BUSY/STALE retries (10.3 s) -> EBUSY
inode-rpc: shard=253 type=63 exhausted 16 BUSY/STALE retries (10.3 s) -> EBUSY
inode-rpc: shard=1845 type=63 exhausted 16 BUSY/STALE retries (10.3 s) -> EBUSY
inode-rpc: shard=2117 type=63 exhausted 16 BUSY/STALE retries (10.3 s) -> EBUSY
inode-rpc: shard=1689 type=63 exhausted 16 BUSY/STALE retries (10.3 s) -> EBUSY
inode-rpc: shard=2697 type=63 exhausted 16 BUSY/STALE retries (10.3 s) -> EBUSY
inode-rpc: shard=0 type=43 exhausted 16 BUSY/STALE retries (10.3 s) -> EBUSY
inode-rpc: shard=0 type=43 exhausted 16 BUSY/STALE retries (10.3 s) -> EBUSY
report-loop ino=5676045 rounds=1 stale=0 busy=1 ms=8428 rc=-13
inode-rpc: shard=0 type=43 exhausted 16 BUSY/STALE retries (10.3 s) -> EBUSY
inode-rpc: shard=0 type=43 exhausted 16 BUSY/STALE retries (10.3 s) -> EBUSY
inode-rpc: shard=0 type=43 exhausted 16 BUSY/STALE retries (10.3 s) -> EBUSY
inode-rpc: shard=0 type=43 exhausted 16 BUSY/STALE retries (10.3 s) -> EBUSY
inode-rpc: shard=0 type=43 exhausted 16 BUSY/STALE retries (10.3 s) -> EBUSY
inode-rpc: shard=0 type=43 exhausted 16 BUSY/STALE retries (10.3 s) -> EBUSY
inode-rpc: shard=0 type=43 exhausted 16 BUSY/STALE retries (10.3 s) -> EBUSY
inode-rpc: shard=0 type=43 exhausted 16 BUSY/STALE retries (10.3 s) -> EBUSY
report-loop ino=986966 rounds=1 stale=0 busy=1 ms=8716 rc=-13
efs-fuse flush-meta: resource busy (efs_rc=-13) ino=986966 off=0 len=0
inode-rpc: shard=83 type=87 exhausted 16 BUSY/STALE retries (10.3 s) -> EBUSY
inode-rpc: shard=2847 type=87 exhausted 16 BUSY/STALE retries (10.3 s) -> EBUSY
inode-rpc: shard=83 type=87 exhausted 16 BUSY/STALE retries (10.3 s) -> EBUSY
inode-rpc: shard=2847 type=87 exhausted 16 BUSY/STALE retries (10.3 s) -> EBUSY
inode-rpc: shard=83 type=87 exhausted 16 BUSY/STALE retries (10.3 s) -> EBUSY
inode-rpc: shard=2847 type=87 exhausted 16 BUSY/STALE retries (10.3 s) -> EBUSY
inode-rpc: shard=83 type=87 exhausted 16 BUSY/STALE retries (10.3 s) -> EBUSY
inode-rpc: shard=2847 type=87 exhausted 16 BUSY/STALE retries (10.3 s) -> EBUSY
inode-rpc: shard=83 type=87 exhausted 16 BUSY/STALE retries (10.3 s) -> EBUSY
inode-rpc: shard=2847 type=87 exhausted 16 BUSY/STALE retries (10.3 s) -> EBUSY
inode-rpc: shard=83 type=87 exhausted 16 BUSY/STALE retries (10.3 s) -> EBUSY
inode-rpc: shard=2847 type=87 exhausted 16 BUSY/STALE retries (10.3 s) -> EBUSY
inode-rpc: shard=83 type=87 exhausted 16 BUSY/STALE retries (10.3 s) -> EBUSY
inode-rpc: shard=2847 type=87 exhausted 16 BUSY/STALE retries (10.3 s) -> EBUSY
efs: rename_at 1892435/.ecopy.tmp.255375.1 -> 1892435/CLUSTERMANAGERID rc=-13 after 9 tries
efs: rename_at 1075999/.ecopy.tmp.255375.2 -> 1075999/spack rc=-13 after 9 tries
report-loop ino=1229503 rounds=1 stale=0 busy=1 ms=8947 rc=-13
efs-fuse flush-meta: resource busy (efs_rc=-13) ino=1229503 off=0 len=0
report-loop ino=1460873 rounds=1 stale=0 busy=1 ms=8420 rc=-13
efs-fuse flush-meta: resource busy (efs_rc=-13) ino=1460873 off=0 len=0
report-loop ino=9758815 rounds=1 stale=0 busy=1 ms=8662 rc=-13
efs-fuse flush-meta: resource busy (efs_rc=-13) ino=9758815 off=0 len=0
report-loop ino=1272337 rounds=1 stale=0 busy=1 ms=8565 rc=-13
efs-fuse flush-meta: resource busy (efs_rc=-13) ino=1272337 off=0 len=0
report-loop ino=1464969 rounds=1 stale=0 busy=1 ms=8452 rc=-13
efs-fuse flush-meta: resource busy (efs_rc=-13) ino=1464969 off=0 len=0
report-loop ino=5863065 rounds=1 stale=0 busy=1 ms=8658 rc=-13
efs-fuse flush-meta: resource busy (efs_rc=-13) ino=5863065 off=0 len=0
report-loop ino=5302069 rounds=1 stale=0 busy=1 ms=8567 rc=-13
efs-fuse flush-meta: resource busy (efs_rc=-13) ino=5302069 off=0 len=0
report-loop ino=1140805 rounds=1 stale=0 busy=1 ms=8905 rc=-13
efs-fuse flush-meta: resource busy (efs_rc=-13) ino=1140805 off=0 len=0
Discovered 4 cluster nodes from fcstor003.ib:19810
  node id=1 172.16.223.57:19810
  node id=2 172.16.223.58:19810
  node id=3 172.16.223.59:19810
  node id=4 172.16.223.60:19810
fetching metadata...
meta: raft host mounted export 'fs' (bits=12, no GET_META table)
export id=1 name=fs
meta ready staged_rows=1 staged_chunks=0 staged_bytes=169120 root_get=0 mode=40755
efs-fuse daemon pid=257171
fuse serving
efs: RDMA transport up on mlx5_1 port 1 (lid 1911, 36 x 72 KiB bufs/conn)
fuse: mkdir parent=1333980 name=miniforge ok ino=1785791 getattr rc=-2, local reply
inode-rpc: dual type=45 exhausted 16 BUSY/STALE retries (10.3 s) -> EBUSY
inode-rpc: dual type=45 exhausted 16 BUSY/STALE retries (10.3 s) -> EBUSY
inode-rpc: dual type=45 exhausted 16 BUSY/STALE retries (10.3 s) -> EBUSY
Discovered 4 cluster nodes from fcstor003.ib:19810
  node id=1 172.16.223.57:19810
  node id=4 172.16.223.60:19810
  node id=2 172.16.223.58:19810
  node id=3 172.16.223.59:19810
fetching metadata...
meta: raft host mounted export 'fs' (bits=12, no GET_META table)
export id=1 name=fs
meta ready staged_rows=1 staged_chunks=0 staged_bytes=169120 root_get=0 mode=40755
efs-fuse daemon pid=266915
fuse serving
efs: RDMA transport up on mlx5_1 port 1 (lid 1911, 36 x 72 KiB bufs/conn)
inode-rpc: retry type=87 attempt=0 why=no-hint
inode-rpc: retry type=87 attempt=0 why=no-hint
inode-rpc: retry type=87 attempt=0 why=no-hint
inode-rpc: retry type=63 attempt=0 why=no-hint
inode-rpc: retry type=63 attempt=0 why=no-hint
inode-rpc: retry type=63 attempt=1 why=no-hint
inode-rpc: retry type=63 attempt=1 why=no-hint
inode-rpc: retry type=63 attempt=2 why=no-hint
inode-rpc: retry type=63 attempt=2 why=no-hint
inode-rpc: retry type=63 attempt=3 why=no-hint
inode-rpc: retry type=63 attempt=3 why=no-hint
inode-rpc: retry type=63 attempt=4 why=no-hint
inode-rpc: retry type=63 attempt=4 why=no-hint
inode-rpc: retry type=63 attempt=5 why=no-hint
inode-rpc: retry type=63 attempt=5 why=no-hint
inode-rpc: retry type=63 attempt=6 why=no-hint
inode-rpc: retry type=63 attempt=6 why=no-hint
inode-rpc: retry type=63 attempt=7 why=no-hint
inode-rpc: retry type=63 attempt=7 why=no-hint
inode-rpc: retry type=63 attempt=8 why=no-hint
inode-rpc: retry type=63 attempt=8 why=no-hint
inode-rpc: retry type=63 attempt=9 why=no-hint
inode-rpc: retry type=63 attempt=9 why=no-hint
inode-rpc: retry type=63 attempt=10 why=no-hint
inode-rpc: retry type=63 attempt=10 why=no-hint
inode-rpc: retry type=63 attempt=11 why=no-hint
inode-rpc: retry type=63 attempt=11 why=no-hint
inode-rpc: retry type=87 attempt=0 why=no-hint
inode-rpc: retry type=63 attempt=12 why=no-hint
inode-rpc: retry type=63 attempt=12 why=no-hint
inode-rpc: retry type=63 attempt=0 why=no-hint
inode-rpc: retry type=63 attempt=1 why=no-hint
inode-rpc: retry type=63 attempt=2 why=no-hint
inode-rpc: retry type=63 attempt=3 why=no-hint
inode-rpc: retry type=63 attempt=13 why=no-hint
inode-rpc: retry type=63 attempt=13 why=no-hint
inode-rpc: retry type=63 attempt=4 why=no-hint
inode-rpc: retry type=63 attempt=0 why=no-hint
inode-rpc: retry type=63 attempt=1 why=no-hint
inode-rpc: retry type=63 attempt=14 why=no-hint
inode-rpc: retry type=63 attempt=2 why=no-hint
inode-rpc: retry type=63 attempt=0 why=no-hint
inode-rpc: retry type=63 attempt=14 why=no-hint
inode-rpc: retry type=63 attempt=1 why=no-hint
inode-rpc: retry type=63 attempt=5 why=no-hint
inode-rpc: retry type=63 attempt=2 why=no-hint
inode-rpc: retry type=63 attempt=3 why=no-hint
inode-rpc: retry type=63 attempt=3 why=no-hint
inode-rpc: retry type=63 attempt=4 why=no-hint
inode-rpc: retry type=63 attempt=15 why=no-hint
inode-rpc: retry type=63 attempt=4 why=no-hint
inode-rpc: retry type=63 attempt=15 why=no-hint
inode-rpc: retry type=63 attempt=6 why=no-hint
inode-rpc: retry type=87 attempt=0 why=no-hint
inode-rpc: retry type=63 attempt=5 why=no-hint
inode-rpc: shard=3599 type=63 exhausted 16 BUSY/STALE retries (10.3 s) -> EBUSY
inode-rpc: retry type=63 attempt=5 why=no-hint
inode-rpc: shard=911 type=63 exhausted 16 BUSY/STALE retries (10.3 s) -> EBUSY
inode-rpc: retry type=63 attempt=7 why=no-hint
inode-rpc: retry type=63 attempt=6 why=no-hint
inode-rpc: retry type=63 attempt=6 why=no-hint
inode-rpc: retry type=63 attempt=8 why=no-hint
inode-rpc: retry type=63 attempt=7 why=no-hint
inode-rpc: retry type=63 attempt=7 why=no-hint
inode-rpc: retry type=63 attempt=9 why=no-hint
inode-rpc: retry type=63 attempt=8 why=no-hint
inode-rpc: retry type=63 attempt=8 why=no-hint
inode-rpc: retry type=63 attempt=10 why=no-hint
inode-rpc: retry type=63 attempt=9 why=no-hint
inode-rpc: retry type=63 attempt=9 why=no-hint
inode-rpc: retry type=63 attempt=11 why=no-hint
inode-rpc: retry type=63 attempt=10 why=no-hint
inode-rpc: retry type=63 attempt=10 why=no-hint
inode-rpc: retry type=63 attempt=12 why=no-hint
inode-rpc: retry type=63 attempt=11 why=no-hint
inode-rpc: retry type=63 attempt=11 why=no-hint
inode-rpc: retry type=63 attempt=13 why=no-hint
inode-rpc: retry type=63 attempt=12 why=no-hint
inode-rpc: retry type=63 attempt=12 why=no-hint
inode-rpc: retry type=63 attempt=14 why=no-hint
inode-rpc: retry type=63 attempt=13 why=no-hint
inode-rpc: retry type=63 attempt=13 why=no-hint
inode-rpc: retry type=63 attempt=15 why=no-hint
inode-rpc: retry type=63 attempt=14 why=no-hint
inode-rpc: retry type=63 attempt=14 why=no-hint
inode-rpc: shard=1927 type=63 exhausted 16 BUSY/STALE retries (10.3 s) -> EBUSY
inode-rpc: retry type=63 attempt=15 why=no-hint
inode-rpc: retry type=63 attempt=15 why=no-hint
inode-rpc: shard=3233 type=63 exhausted 16 BUSY/STALE retries (10.3 s) -> EBUSY
inode-rpc: shard=2779 type=63 exhausted 16 BUSY/STALE retries (10.3 s) -> EBUSY
Discovered 4 cluster nodes from fcstor003.ib:19810
  node id=1 172.16.223.57:19810
  node id=4 172.16.223.60:19810
  node id=2 172.16.223.58:19810
  node id=3 172.16.223.59:19810
fetching metadata...
meta: raft host mounted export 'fs' (bits=12, no GET_META table)
export id=1 name=fs
meta ready staged_rows=1 staged_chunks=0 staged_bytes=169120 root_get=0 mode=40755
efs-fuse daemon pid=293413
fuse serving
efs: RDMA transport up on mlx5_1 port 1 (lid 1911, 36 x 72 KiB bufs/conn)
inode-rpc: retry type=63 attempt=0 why=no-hint from=1
inode-rpc: retry type=87 attempt=0 why=no-hint from=1
inode-rpc: retry type=87 attempt=0 why=no-hint from=1
inode-rpc: retry type=87 attempt=0 why=no-hint from=1
inode-rpc: retry type=87 attempt=0 why=no-hint from=1
inode-rpc: retry type=63 attempt=0 why=no-hint from=1
inode-rpc: retry type=87 attempt=0 why=no-hint from=1
inode-rpc: retry type=87 attempt=0 why=no-hint from=1
inode-rpc: retry type=87 attempt=0 why=no-hint from=1
inode-rpc: retry type=63 attempt=0 why=no-hint from=1
inode-rpc: retry type=87 attempt=0 why=no-hint from=1
put_fragments ino=4420 chunk=318 nodes=1,2,3 attempt 1/4 failed: no quorum (efs_rc=-8) — retrying
put_fragments ino=4420 chunk=1721 nodes=4,1,2 attempt 1/4 failed: no quorum (efs_rc=-8) — retrying
inode-rpc: retry type=87 attempt=0 why=no-hint from=1
inode-rpc: retry type=87 attempt=0 why=no-hint from=1
put_fragments ino=31720 chunk=1590 nodes=3,4,1 attempt 1/4 failed: no quorum (efs_rc=-8) — retrying
put_fragments ino=9798 chunk=214 nodes=4,1,2 attempt 1/4 failed: no quorum (efs_rc=-8) — retrying
inode-rpc: retry type=87 attempt=0 why=no-hint from=1
put_fragments ino=9798 chunk=2853 nodes=3,4,1 attempt 1/4 failed: no quorum (efs_rc=-8) — retrying
put_fragments ino=9798 chunk=1829 nodes=3,4,1 attempt 1/4 failed: no quorum (efs_rc=-8) — retrying
put_fragments ino=12612 chunk=1325 nodes=4,1,2 attempt 1/4 failed: no quorum (efs_rc=-8) — retrying
put_fragments ino=27624 chunk=5155 nodes=4,1,2 attempt 1/4 failed: no quorum (efs_rc=-8) — retrying
Discovered 4 cluster nodes from fcstor003.ib:19810
  node id=1 172.16.223.57:19810
  node id=4 172.16.223.60:19810
  node id=2 172.16.223.58:19810
  node id=3 172.16.223.59:19810
fetching metadata...
meta: raft host mounted export 'fs' (bits=12, no GET_META table)
export id=1 name=fs
meta ready staged_rows=1 staged_chunks=0 staged_bytes=169120 root_get=0 mode=40755
efs-fuse daemon pid=295337
fuse serving
efs: RDMA transport up on mlx5_1 port 1 (lid 1911, 36 x 72 KiB bufs/conn)
inode-rpc: retry type=63 attempt=0 why=no-hint from=1
inode-rpc: retry type=87 attempt=0 why=no-hint from=1
inode-rpc: retry type=87 attempt=0 why=no-hint from=1
inode-rpc: retry type=87 attempt=0 why=no-hint from=1
inode-rpc: retry type=63 attempt=0 why=no-hint from=1
inode-rpc: retry type=87 attempt=0 why=no-hint from=1
inode-rpc: retry type=63 attempt=0 why=no-hint from=1
inode-rpc: retry type=87 attempt=0 why=no-hint from=1
inode-rpc: retry type=87 attempt=0 why=no-hint from=1
inode-rpc: retry type=87 attempt=0 why=no-hint from=1
inode-rpc: retry type=87 attempt=0 why=no-hint from=1
inode-rpc: retry type=87 attempt=0 why=no-hint from=1
inode-rpc: retry type=87 attempt=0 why=no-hint from=1
inode-rpc: retry type=87 attempt=0 why=no-hint from=1
inode-rpc: retry type=87 attempt=0 why=no-hint from=1
put_fragments ino=39912 chunk=1750 nodes=3,4,1 attempt 1/4 failed: no quorum (efs_rc=-8) — retrying
put_fragments ino=45967 chunk=321 nodes=1,2,3 attempt 1/4 failed: no quorum (efs_rc=-8) — retrying
put_fragments ino=13894 chunk=396 nodes=2,3,4 attempt 1/4 failed: no quorum (efs_rc=-8) — retrying
inode-rpc: retry type=63 attempt=0 why=no-hint from=1
inode-rpc: retry type=63 attempt=0 why=no-hint from=1
inode-rpc: retry type=87 attempt=0 why=no-hint from=1
inode-rpc: retry type=63 attempt=0 why=no-hint from=1
inode-rpc: retry type=63 attempt=0 why=no-hint from=1
inode-rpc: retry type=63 attempt=0 why=no-hint from=1
inode-rpc: retry type=63 attempt=0 why=no-hint from=1
inode-rpc: retry type=63 attempt=0 why=no-hint from=1
inode-rpc: retry type=63 attempt=0 why=no-hint from=1
efs-fuse: staging table over EFS_CLIENT_META_MB (256 MB) with nothing evictable; growing (pinned data is real work, not cache)
Discovered 4 cluster nodes from fcstor003.ib:19810
  node id=1 172.16.223.57:19810
  node id=4 172.16.223.60:19810
  node id=2 172.16.223.58:19810
  node id=3 172.16.223.59:19810
fetching metadata...
meta: raft host mounted export 'fs' (bits=12, no GET_META table)
export id=1 name=fs
meta ready staged_rows=1 staged_chunks=0 staged_bytes=169120 root_get=0 mode=40755
efs-fuse daemon pid=296907
fuse serving
efs: RDMA transport up on mlx5_1 port 1 (lid 1911, 36 x 72 KiB bufs/conn)
inode-rpc: retry type=63 attempt=0 why=no-hint from=1
inode-rpc: retry type=87 attempt=0 why=no-hint from=1
inode-rpc: retry type=87 attempt=0 why=no-hint from=1
inode-rpc: retry type=63 attempt=0 why=no-hint from=1
inode-rpc: retry type=87 attempt=0 why=no-hint from=1
inode-rpc: retry type=87 attempt=0 why=no-hint from=1
inode-rpc: retry type=45 attempt=0 why=no-hint from=1
inode-rpc: retry type=43 attempt=0 why=no-hint from=1
inode-rpc: retry type=43 attempt=0 why=no-hint from=1
inode-rpc: retry type=45 attempt=0 why=no-hint from=1
inode-rpc: retry type=43 attempt=0 why=no-hint from=1
inode-rpc: retry type=43 attempt=0 why=no-hint from=1
inode-rpc: retry type=43 attempt=0 why=no-hint from=1
inode-rpc: retry type=43 attempt=0 why=no-hint from=1
inode-rpc: retry type=43 attempt=0 why=no-hint from=1
inode-rpc: retry type=43 attempt=0 why=no-hint from=2
inode-rpc: retry type=43 attempt=0 why=no-hint from=1
inode-rpc: retry type=43 attempt=0 why=no-hint from=1
inode-rpc: retry type=43 attempt=0 why=no-hint from=1
inode-rpc: retry type=43 attempt=0 why=no-hint from=2
inode-rpc: retry type=43 attempt=0 why=no-hint from=2
inode-rpc: retry type=87 attempt=0 why=no-hint from=1
inode-rpc: retry type=87 attempt=0 why=no-hint from=1
inode-rpc: retry type=87 attempt=0 why=no-hint from=1
inode-rpc: retry type=63 attempt=0 why=no-hint from=1
inode-rpc: retry type=87 attempt=0 why=no-hint from=1
put_fragments ino=52200 chunk=13801 nodes=2,3,4 attempt 1/4 failed: no quorum (efs_rc=-8) — retrying
inode-rpc: retry type=63 attempt=0 why=no-hint from=1
inode-rpc: retry type=63 attempt=0 why=no-hint from=1
inode-rpc: retry type=63 attempt=0 why=no-hint from=1
inode-rpc: retry type=63 attempt=0 why=no-hint from=1
inode-rpc: retry type=63 attempt=0 why=no-hint from=1
inode-rpc: retry type=63 attempt=0 why=no-hint from=1
inode-rpc: retry type=63 attempt=0 why=no-hint from=1
inode-rpc: retry type=63 attempt=0 why=no-hint from=1
inode-rpc: retry type=63 attempt=0 why=no-hint from=1
inode-rpc: retry type=87 attempt=0 why=no-hint from=1
inode-rpc: retry type=87 attempt=0 why=no-hint from=1
inode-rpc: retry type=87 attempt=0 why=no-hint from=1
inode-rpc: retry type=87 attempt=0 why=no-hint from=1
inode-rpc: retry type=63 attempt=0 why=no-hint from=1
inode-rpc: retry type=87 attempt=0 why=no-hint from=1
inode-rpc: retry type=87 attempt=0 why=no-hint from=1
inode-rpc: retry type=63 attempt=0 why=no-hint from=1
inode-rpc: retry type=63 attempt=0 why=no-hint from=1
inode-rpc: retry type=63 attempt=0 why=no-hint from=1
inode-rpc: retry type=87 attempt=0 why=no-hint from=1
inode-rpc: retry type=87 attempt=0 why=no-hint from=1
inode-rpc: retry type=87 attempt=0 why=no-hint from=1
efs-fuse: staging table over EFS_CLIENT_META_MB (256 MB) with nothing evictable; growing (pinned data is real work, not cache)
inode-rpc: retry type=63 attempt=0 why=no-hint from=1
inode-rpc: retry type=87 attempt=0 why=no-hint from=1
inode-rpc: retry type=63 attempt=0 why=no-hint from=1
inode-rpc: retry type=87 attempt=0 why=no-hint from=1
inode-rpc: retry type=63 attempt=0 why=no-hint from=1
inode-rpc: retry type=87 attempt=0 why=no-hint from=1
inode-rpc: retry type=63 attempt=0 why=no-hint from=1
inode-rpc: retry type=87 attempt=0 why=no-hint from=1
inode-rpc: retry type=63 attempt=0 why=no-hint from=1
inode-rpc: retry type=87 attempt=0 why=no-hint from=1
inode-rpc: retry type=63 attempt=0 why=no-hint from=1
inode-rpc: retry type=87 attempt=0 why=no-hint from=1
inode-rpc: retry type=63 attempt=0 why=no-hint from=1
inode-rpc: retry type=87 attempt=0 why=no-hint from=1
inode-rpc: retry type=63 attempt=0 why=no-hint from=1
inode-rpc: retry type=87 attempt=0 why=no-hint from=1
Discovered 4 cluster nodes from fcstor003.ib:19810
  node id=1 172.16.223.57:19810
  node id=4 172.16.223.60:19810
  node id=2 172.16.223.58:19810
  node id=3 172.16.223.59:19810
fetching metadata...
meta: raft host mounted export 'fs' (bits=12, no GET_META table)
export id=1 name=fs
meta ready staged_rows=1 staged_chunks=0 staged_bytes=169120 root_get=0 mode=40755
efs-fuse daemon pid=361177
fuse serving
efs: RDMA transport up on mlx5_1 port 1 (lid 1911, 36 x 72 KiB bufs/conn)
