2026-10-02T19:22:36.638Z Loaded 4 persisted cluster node(s) from /data1/01/efs/meta/cluster_nodes.bin
2026-10-02T19:22:36.638Z   persisted node 1: 172.16.223.57:19810
2026-10-02T19:22:36.638Z   persisted node 2: 172.16.223.58:19810
2026-10-02T19:22:36.638Z   persisted node 3: 172.16.223.59:19810
2026-10-02T19:22:36.638Z   persisted node 4: 172.16.223.60:19810
2026-10-02T19:22:36.638Z Trying to rejoin via persisted peer 172.16.223.57:19810 (node 1)...
2026-10-02T19:22:37.544Z efs: RDMA transport up on mlx5_2 port 1 (lid 2160, 36 x 84 KiB bufs/conn)
2026-10-02T19:22:37.549Z Joined cluster with 4 nodes
2026-10-02T19:22:37.549Z Rejoined cluster via 172.16.223.57:19810
2026-10-02T19:22:37.551Z heartbeat: enabled (2000 ms interval)
2026-10-02T19:22:42.312Z raft-obs: g2 term 0->69 role FOLLOWER->FOLLOWER leader=-1 commit=4501293 applied=4501293 t=1790968962312ms
2026-10-02T19:22:42.312Z raft-obs: wait_timeouts=0 pump_hold_max=9us lock_wait_max=2us drain_max=8us tick_max=1us apply_max=0us persist_max=0us applies_in_worst=0 arc_miss=0 arc_term_miss=0 opid_replay=0 fin_q=0 fin_done=0 fin_drop=0 fin_full=0 pub_p50=0us pub_max=0us inbox_drop=0
2026-10-02T19:22:42.312Z raft-host: up raft_id=3 n=4 boot=3227571628651339 salt=12789973341183229388 g0=off g2=hosted
2026-10-02T19:22:42.312Z efsd node 4 listening on 172.16.223.60:19810, storage=/data1/01/efs,/data1/02/efs,/data1/03/efs,/data1/04/efs,/data1/05/efs,/data1/06/efs (6 paths, stripe=leastq), used=748768722944, quota=39582418599936, direct_io=on, writers=20 shared, build=efc0f499cbae-dirty
2026-10-02T19:22:42.332Z raft-obs: wait_timeouts=0 pump_hold_max=8us lock_wait_max=2us drain_max=6us tick_max=2us apply_max=0us persist_max=1us applies_in_worst=0 arc_miss=0 arc_term_miss=0 opid_replay=0 fin_q=0 fin_done=0 fin_drop=0 fin_full=0 pub_p50=0us pub_max=0us inbox_drop=0
2026-10-02T19:22:42.393Z raft-obs: wait_timeouts=0 pump_hold_max=1us lock_wait_max=1us drain_max=0us tick_max=1us apply_max=0us persist_max=1us applies_in_worst=0 arc_miss=0 arc_term_miss=0 opid_replay=0 fin_q=0 fin_done=0 fin_drop=0 fin_full=0 pub_p50=0us pub_max=0us inbox_drop=0
2026-10-02T19:22:42.398Z raft-obs: wait_timeouts=0 pump_hold_max=1us lock_wait_max=0us drain_max=1us tick_max=0us apply_max=0us persist_max=0us applies_in_worst=0 arc_miss=0 arc_term_miss=0 opid_replay=0 fin_q=0 fin_done=0 fin_drop=0 fin_full=0 pub_p50=0us pub_max=0us inbox_drop=0
2026-10-02T19:22:42.428Z raft-obs: wait_timeouts=0 pump_hold_max=1us lock_wait_max=0us drain_max=0us tick_max=1us apply_max=0us persist_max=0us applies_in_worst=0 arc_miss=0 arc_term_miss=0 opid_replay=0 fin_q=0 fin_done=0 fin_drop=0 fin_full=0 pub_p50=0us pub_max=0us inbox_drop=0
2026-10-02T19:22:42.438Z raft-obs: wait_timeouts=0 pump_hold_max=1us lock_wait_max=0us drain_max=1us tick_max=0us apply_max=0us persist_max=0us applies_in_worst=0 arc_miss=0 arc_term_miss=0 opid_replay=0 fin_q=0 fin_done=0 fin_drop=0 fin_full=0 pub_p50=0us pub_max=0us inbox_drop=0
2026-10-02T19:22:42.454Z raft-obs: wait_timeouts=0 pump_hold_max=1us lock_wait_max=0us drain_max=0us tick_max=1us apply_max=0us persist_max=0us applies_in_worst=0 arc_miss=0 arc_term_miss=0 opid_replay=0 fin_q=0 fin_done=0 fin_drop=0 fin_full=0 pub_p50=0us pub_max=0us inbox_drop=0
2026-10-02T19:22:42.479Z raft-obs: wait_timeouts=0 pump_hold_max=1us lock_wait_max=0us drain_max=1us tick_max=0us apply_max=0us persist_max=0us applies_in_worst=0 arc_miss=0 arc_term_miss=0 opid_replay=0 fin_q=0 fin_done=0 fin_drop=0 fin_full=0 pub_p50=0us pub_max=0us inbox_drop=0
2026-10-02T19:22:42.539Z raft-obs: wait_timeouts=0 pump_hold_max=1us lock_wait_max=0us drain_max=0us tick_max=1us apply_max=0us persist_max=1us applies_in_worst=0 arc_miss=0 arc_term_miss=0 opid_replay=0 fin_q=0 fin_done=0 fin_drop=0 fin_full=0 pub_p50=0us pub_max=0us inbox_drop=0
2026-10-02T19:22:42.555Z raft-obs: wait_timeouts=0 pump_hold_max=1us lock_wait_max=0us drain_max=0us tick_max=1us apply_max=0us persist_max=1us applies_in_worst=0 arc_miss=0 arc_term_miss=0 opid_replay=0 fin_q=0 fin_done=0 fin_drop=0 fin_full=0 pub_p50=0us pub_max=0us inbox_drop=0
2026-10-02T19:22:42.580Z raft-obs: wait_timeouts=0 pump_hold_max=1us lock_wait_max=0us drain_max=0us tick_max=1us apply_max=0us persist_max=1us applies_in_worst=0 arc_miss=0 arc_term_miss=0 opid_replay=0 fin_q=0 fin_done=0 fin_drop=0 fin_full=0 pub_p50=0us pub_max=0us inbox_drop=0
2026-10-02T19:22:42.600Z raft-obs: wait_timeouts=0 pump_hold_max=1us lock_wait_max=0us drain_max=0us tick_max=1us apply_max=0us persist_max=0us applies_in_worst=0 arc_miss=0 arc_term_miss=0 opid_replay=0 fin_q=0 fin_done=0 fin_drop=0 fin_full=0 pub_p50=0us pub_max=0us inbox_drop=0
2026-10-02T19:22:42.636Z raft-obs: wait_timeouts=0 pump_hold_max=1us lock_wait_max=0us drain_max=0us tick_max=1us apply_max=0us persist_max=1us applies_in_worst=0 arc_miss=0 arc_term_miss=0 opid_replay=0 fin_q=0 fin_done=0 fin_drop=0 fin_full=0 pub_p50=0us pub_max=0us inbox_drop=0
2026-10-02T19:22:42.651Z raft-obs: wait_timeouts=0 pump_hold_max=1us lock_wait_max=0us drain_max=1us tick_max=0us apply_max=0us persist_max=1us applies_in_worst=0 arc_miss=0 arc_term_miss=0 opid_replay=0 fin_q=0 fin_done=0 fin_drop=0 fin_full=0 pub_p50=0us pub_max=0us inbox_drop=0
2026-10-02T19:22:42.676Z raft-obs: wait_timeouts=0 pump_hold_max=1us lock_wait_max=0us drain_max=0us tick_max=1us apply_max=0us persist_max=1us applies_in_worst=0 arc_miss=0 arc_term_miss=0 opid_replay=0 fin_q=0 fin_done=0 fin_drop=0 fin_full=0 pub_p50=0us pub_max=0us inbox_drop=0
2026-10-02T19:22:42.681Z raft-obs: wait_timeouts=0 pump_hold_max=1us lock_wait_max=0us drain_max=0us tick_max=1us apply_max=0us persist_max=0us applies_in_worst=0 arc_miss=0 arc_term_miss=0 opid_replay=0 fin_q=0 fin_done=0 fin_drop=0 fin_full=0 pub_p50=0us pub_max=0us inbox_drop=0
2026-10-02T19:22:42.686Z raft-obs: wait_timeouts=0 pump_hold_max=1us lock_wait_max=0us drain_max=0us tick_max=1us apply_max=0us persist_max=0us applies_in_worst=0 arc_miss=0 arc_term_miss=0 opid_replay=0 fin_q=0 fin_done=0 fin_drop=0 fin_full=0 pub_p50=0us pub_max=0us inbox_drop=0
2026-10-02T19:22:42.696Z raft-obs: wait_timeouts=0 pump_hold_max=1us lock_wait_max=0us drain_max=1us tick_max=0us apply_max=0us persist_max=0us applies_in_worst=0 arc_miss=0 arc_term_miss=0 opid_replay=0 fin_q=0 fin_done=0 fin_drop=0 fin_full=0 pub_p50=0us pub_max=0us inbox_drop=0
2026-10-02T19:22:42.701Z raft-obs: wait_timeouts=0 pump_hold_max=1us lock_wait_max=0us drain_max=0us tick_max=1us apply_max=0us persist_max=0us applies_in_worst=0 arc_miss=0 arc_term_miss=0 opid_replay=0 fin_q=0 fin_done=0 fin_drop=0 fin_full=0 pub_p50=0us pub_max=0us inbox_drop=0
2026-10-02T19:22:42.716Z raft-obs: wait_timeouts=0 pump_hold_max=1us lock_wait_max=0us drain_max=0us tick_max=1us apply_max=0us persist_max=0us applies_in_worst=0 arc_miss=0 arc_term_miss=0 opid_replay=0 fin_q=0 fin_done=0 fin_drop=0 fin_full=0 pub_p50=0us pub_max=0us inbox_drop=0
2026-10-02T19:22:42.747Z raft-obs: wait_timeouts=0 pump_hold_max=1us lock_wait_max=0us drain_max=0us tick_max=1us apply_max=0us persist_max=1us applies_in_worst=0 arc_miss=0 arc_term_miss=0 opid_replay=0 fin_q=0 fin_done=0 fin_drop=0 fin_full=0 pub_p50=0us pub_max=0us inbox_drop=0
2026-10-02T19:22:42.797Z raft-obs: wait_timeouts=0 pump_hold_max=1us lock_wait_max=0us drain_max=0us tick_max=1us apply_max=0us persist_max=1us applies_in_worst=0 arc_miss=0 arc_term_miss=0 opid_replay=0 fin_q=0 fin_done=0 fin_drop=0 fin_full=0 pub_p50=0us pub_max=0us inbox_drop=0
2026-10-02T19:22:42.904Z raft-obs: wait_timeouts=0 pump_hold_max=1us lock_wait_max=1us drain_max=1us tick_max=0us apply_max=0us persist_max=1us applies_in_worst=0 arc_miss=0 arc_term_miss=0 opid_replay=0 fin_q=0 fin_done=0 fin_drop=0 fin_full=0 pub_p50=0us pub_max=0us inbox_drop=0
2026-10-02T19:22:42.919Z raft-obs: wait_timeouts=0 pump_hold_max=1us lock_wait_max=1us drain_max=0us tick_max=1us apply_max=0us persist_max=0us applies_in_worst=0 arc_miss=0 arc_term_miss=0 opid_replay=0 fin_q=0 fin_done=0 fin_drop=0 fin_full=0 pub_p50=0us pub_max=0us inbox_drop=0
2026-10-02T19:22:42.931Z raft-obs: g2 term 69->70 role FOLLOWER->CANDIDATE leader=-1 commit=4501293 applied=4501293 t=1790968962931ms
2026-10-02T19:22:42.931Z raft-obs: tx->1 enq=1 drop=0 sent=0 fail=0 hi=1 rtt_avg=0us get_avg=0us get_max=0ms
2026-10-02T19:22:42.931Z raft-obs: tx->2 enq=1 drop=0 sent=0 fail=0 hi=1 rtt_avg=0us get_avg=0us get_max=0ms
2026-10-02T19:22:42.931Z raft-obs: wait_timeouts=0 pump_hold_max=6905us lock_wait_max=0us drain_max=0us tick_max=6905us apply_max=0us persist_max=0us applies_in_worst=0 arc_miss=0 arc_term_miss=0 opid_replay=0 fin_q=0 fin_done=0 fin_drop=0 fin_full=0 pub_p50=0us pub_max=0us inbox_drop=0
2026-10-02T19:22:43.573Z raft-obs: g2 term 70->71 role CANDIDATE->CANDIDATE leader=-1 commit=4501293 applied=4501293 t=1790968963573ms
2026-10-02T19:22:44.231Z raft-obs: g2 term 71->72 role CANDIDATE->CANDIDATE leader=-1 commit=4501293 applied=4501293 t=1790968964231ms
2026-10-02T19:22:44.848Z raft-obs: g2 term 72->73 role CANDIDATE->CANDIDATE leader=-1 commit=4501293 applied=4501293 t=1790968964848ms
2026-10-02T19:22:45.809Z raft-obs: g2 term 73->74 role CANDIDATE->CANDIDATE leader=-1 commit=4501293 applied=4501293 t=1790968965809ms
2026-10-02T19:22:46.613Z raft-obs: g2 term 74->75 role CANDIDATE->CANDIDATE leader=-1 commit=4501293 applied=4501293 t=1790968966613ms
2026-10-02T19:22:46.993Z efsd: RDMA transport up on mlx5_2 port 1 (lid 2160)
2026-10-02T19:22:47.007Z raft-obs: g2 term 75->75 role CANDIDATE->LEADER leader=3 commit=4501293 applied=4501293 t=1790968967007ms
2026-10-02T19:22:47.395Z raft-host: gc-pass ms=69 reap=0 frag=0 spread=0 recover=69 fscans=1 fsegs=0 fkeys=0 femit=0 ftomb=0 scans=194 segs=354 keys=5792 emit=0 tomb=5792
2026-10-02T19:22:47.934Z raft-obs: tx->1 enq=26 drop=0 sent=25 fail=0 hi=7 rtt_avg=38us get_avg=166953us get_max=4173ms
2026-10-02T19:22:47.934Z raft-obs: tx->2 enq=26 drop=0 sent=25 fail=0 hi=5 rtt_avg=35us get_avg=162362us get_max=4059ms
2026-10-02T19:22:47.934Z raft-obs: wait_timeouts=0 pump_hold_max=304us lock_wait_max=1us drain_max=296us tick_max=304us apply_max=0us persist_max=268us applies_in_worst=0 arc_miss=0 arc_term_miss=0 opid_replay=0 fin_q=0 fin_done=0 fin_drop=0 fin_full=0 pub_p50=0us pub_max=0us inbox_drop=0
2026-10-02T19:22:48.467Z raft-host: gc-pass ms=69 reap=0 frag=0 spread=0 recover=69 fscans=1 fsegs=0 fkeys=0 femit=0 ftomb=0 scans=194 segs=357 keys=5719 emit=0 tomb=5719
2026-10-02T19:22:49.538Z raft-host: gc-pass ms=68 reap=0 frag=0 spread=0 recover=68 fscans=1 fsegs=0 fkeys=0 femit=0 ftomb=0 scans=194 segs=192 keys=0 emit=0 tomb=0
2026-10-02T19:22:50.609Z raft-host: gc-pass ms=68 reap=0 frag=0 spread=0 recover=68 fscans=1 fsegs=0 fkeys=0 femit=0 ftomb=0 scans=194 segs=306 keys=0 emit=0 tomb=0
2026-10-02T19:22:51.681Z raft-host: gc-pass ms=68 reap=0 frag=0 spread=0 recover=68 fscans=1 fsegs=0 fkeys=0 femit=0 ftomb=0 scans=194 segs=306 keys=0 emit=0 tomb=0
2026-10-02T19:22:52.752Z raft-host: gc-pass ms=68 reap=0 frag=0 spread=0 recover=68 fscans=1 fsegs=0 fkeys=0 femit=0 ftomb=0 scans=194 segs=192 keys=0 emit=0 tomb=0
2026-10-02T19:22:52.936Z raft-obs: tx->1 enq=124 drop=0 sent=124 fail=0 hi=7 rtt_avg=40us get_avg=33660us get_max=4173ms
2026-10-02T19:22:52.936Z raft-obs: tx->2 enq=124 drop=0 sent=124 fail=0 hi=5 rtt_avg=38us get_avg=32734us get_max=4059ms
2026-10-02T19:22:52.936Z raft-obs: wait_timeouts=0 pump_hold_max=11us lock_wait_max=1us drain_max=2us tick_max=11us apply_max=0us persist_max=4us applies_in_worst=0 arc_miss=0 arc_term_miss=0 opid_replay=0 fin_q=0 fin_done=0 fin_drop=0 fin_full=0 pub_p50=0us pub_max=0us inbox_drop=0
2026-10-02T19:22:53.824Z raft-host: gc-pass ms=69 reap=0 frag=0 spread=0 recover=69 fscans=1 fsegs=0 fkeys=0 femit=0 ftomb=0 scans=194 segs=384 keys=11109 emit=0 tomb=11109
2026-10-02T19:22:54.896Z raft-host: gc-pass ms=69 reap=0 frag=0 spread=0 recover=69 fscans=1 fsegs=0 fkeys=0 femit=0 ftomb=0 scans=194 segs=384 keys=9949 emit=0 tomb=9949
2026-10-02T19:22:55.967Z raft-host: gc-pass ms=68 reap=0 frag=0 spread=0 recover=68 fscans=1 fsegs=0 fkeys=0 femit=0 ftomb=0 scans=194 segs=192 keys=4 emit=0 tomb=4
2026-10-02T19:22:57.039Z raft-host: gc-pass ms=68 reap=0 frag=0 spread=0 recover=68 fscans=1 fsegs=0 fkeys=0 femit=0 ftomb=0 scans=194 segs=249 keys=0 emit=0 tomb=0
2026-10-02T19:22:57.938Z raft-obs: tx->1 enq=223 drop=0 sent=223 fail=0 hi=7 rtt_avg=37us get_avg=18717us get_max=4173ms
2026-10-02T19:22:57.938Z raft-obs: tx->2 enq=223 drop=0 sent=223 fail=0 hi=5 rtt_avg=36us get_avg=18202us get_max=4059ms
2026-10-02T19:22:57.938Z raft-obs: wait_timeouts=0 pump_hold_max=26us lock_wait_max=1us drain_max=25us tick_max=5us apply_max=0us persist_max=1us applies_in_worst=0 arc_miss=0 arc_term_miss=0 opid_replay=0 fin_q=0 fin_done=0 fin_drop=0 fin_full=0 pub_p50=0us pub_max=0us inbox_drop=0
2026-10-02T19:22:58.110Z raft-host: gc-pass ms=68 reap=0 frag=0 spread=0 recover=68 fscans=1 fsegs=0 fkeys=0 femit=0 ftomb=0 scans=194 segs=366 keys=0 emit=0 tomb=0
2026-10-02T19:22:59.181Z raft-host: gc-pass ms=68 reap=0 frag=0 spread=0 recover=68 fscans=1 fsegs=0 fkeys=0 femit=0 ftomb=0 scans=194 segs=246 keys=0 emit=0 tomb=0
2026-10-02T19:23:00.252Z raft-host: gc-pass ms=68 reap=0 frag=0 spread=0 recover=68 fscans=1 fsegs=0 fkeys=0 femit=0 ftomb=0 scans=194 segs=288 keys=2 emit=0 tomb=2
2026-10-02T19:23:01.324Z raft-host: gc-pass ms=68 reap=0 frag=0 spread=0 recover=68 fscans=1 fsegs=0 fkeys=0 femit=0 ftomb=0 scans=194 segs=192 keys=0 emit=0 tomb=0
2026-10-02T19:23:02.396Z raft-host: gc-pass ms=69 reap=0 frag=0 spread=0 recover=69 fscans=1 fsegs=0 fkeys=0 femit=0 ftomb=0 scans=194 segs=384 keys=11012 emit=0 tomb=11012
2026-10-02T19:23:02.939Z raft-obs: tx->1 enq=322 drop=0 sent=322 fail=0 hi=7 rtt_avg=36us get_avg=12962us get_max=4173ms
2026-10-02T19:23:02.939Z raft-obs: tx->2 enq=322 drop=0 sent=322 fail=0 hi=5 rtt_avg=35us get_avg=12605us get_max=4059ms
2026-10-02T19:23:02.939Z raft-obs: wait_timeouts=0 pump_hold_max=8us lock_wait_max=1us drain_max=2us tick_max=7us apply_max=0us persist_max=1us applies_in_worst=0 arc_miss=0 arc_term_miss=0 opid_replay=0 fin_q=0 fin_done=0 fin_drop=0 fin_full=0 pub_p50=0us pub_max=0us inbox_drop=0
2026-10-02T19:23:03.468Z raft-host: gc-pass ms=69 reap=0 frag=0 spread=0 recover=69 fscans=1 fsegs=0 fkeys=0 femit=0 ftomb=0 scans=194 segs=384 keys=6331 emit=0 tomb=6331
2026-10-02T19:23:04.539Z raft-host: gc-pass ms=68 reap=0 frag=0 spread=0 recover=68 fscans=1 fsegs=0 fkeys=0 femit=0 ftomb=0 scans=194 segs=369 keys=0 emit=0 tomb=0
2026-10-02T19:23:05.610Z raft-host: gc-pass ms=68 reap=0 frag=0 spread=0 recover=68 fscans=1 fsegs=0 fkeys=0 femit=0 ftomb=0 scans=194 segs=300 keys=0 emit=0 tomb=0
2026-10-02T19:23:06.682Z raft-host: gc-pass ms=69 reap=0 frag=0 spread=0 recover=69 fscans=1 fsegs=0 fkeys=0 femit=0 ftomb=0 scans=194 segs=384 keys=7202 emit=0 tomb=7202
2026-10-02T19:23:07.754Z raft-host: gc-pass ms=69 reap=0 frag=0 spread=0 recover=69 fscans=1 fsegs=0 fkeys=0 femit=0 ftomb=0 scans=194 segs=384 keys=10874 emit=0 tomb=10874
2026-10-02T19:23:07.940Z raft-obs: tx->1 enq=421 drop=0 sent=421 fail=0 hi=7 rtt_avg=36us get_avg=9914us get_max=4173ms
2026-10-02T19:23:07.940Z raft-obs: tx->2 enq=421 drop=0 sent=421 fail=0 hi=5 rtt_avg=34us get_avg=9641us get_max=4059ms
2026-10-02T19:23:07.940Z raft-obs: wait_timeouts=0 pump_hold_max=9us lock_wait_max=1us drain_max=2us tick_max=9us apply_max=0us persist_max=1us applies_in_worst=0 arc_miss=0 arc_term_miss=0 opid_replay=0 fin_q=0 fin_done=0 fin_drop=0 fin_full=0 pub_p50=0us pub_max=0us inbox_drop=0
2026-10-02T19:23:08.827Z raft-host: gc-pass ms=69 reap=0 frag=0 spread=0 recover=69 fscans=1 fsegs=0 fkeys=0 femit=0 ftomb=0 scans=194 segs=384 keys=15683 emit=0 tomb=15683
2026-10-02T19:23:09.899Z raft-host: gc-pass ms=69 reap=0 frag=0 spread=0 recover=69 fscans=1 fsegs=0 fkeys=0 femit=0 ftomb=0 scans=194 segs=384 keys=15009 emit=0 tomb=15009
2026-10-02T19:23:10.970Z raft-host: gc-pass ms=68 reap=0 frag=0 spread=0 recover=68 fscans=1 fsegs=0 fkeys=0 femit=0 ftomb=0 scans=194 segs=315 keys=0 emit=0 tomb=0
2026-10-02T19:23:12.042Z raft-host: gc-pass ms=68 reap=0 frag=0 spread=0 recover=68 fscans=1 fsegs=0 fkeys=0 femit=0 ftomb=0 scans=194 segs=354 keys=0 emit=0 tomb=0
2026-10-02T19:23:12.941Z raft-obs: tx->1 enq=520 drop=0 sent=519 fail=0 hi=7 rtt_avg=36us get_avg=8042us get_max=4173ms
2026-10-02T19:23:12.941Z raft-obs: tx->2 enq=520 drop=0 sent=519 fail=0 hi=5 rtt_avg=34us get_avg=7821us get_max=4059ms
2026-10-02T19:23:12.941Z raft-obs: wait_timeouts=0 pump_hold_max=14us lock_wait_max=6us drain_max=5us tick_max=14us apply_max=0us persist_max=1us applies_in_worst=0 arc_miss=0 arc_term_miss=0 opid_replay=0 fin_q=0 fin_done=0 fin_drop=0 fin_full=0 pub_p50=0us pub_max=0us inbox_drop=0
2026-10-02T19:23:13.114Z raft-host: gc-pass ms=69 reap=0 frag=0 spread=0 recover=69 fscans=1 fsegs=0 fkeys=0 femit=0 ftomb=0 scans=194 segs=384 keys=14131 emit=0 tomb=14131
2026-10-02T19:23:14.186Z raft-host: gc-pass ms=69 reap=0 frag=0 spread=0 recover=69 fscans=1 fsegs=0 fkeys=0 femit=0 ftomb=0 scans=194 segs=384 keys=14890 emit=0 tomb=14890
2026-10-02T19:23:15.258Z raft-host: gc-pass ms=69 reap=0 frag=0 spread=0 recover=69 fscans=1 fsegs=0 fkeys=0 femit=0 ftomb=0 scans=194 segs=384 keys=4377 emit=0 tomb=4377
2026-10-02T19:23:16.330Z raft-host: gc-pass ms=68 reap=0 frag=0 spread=0 recover=68 fscans=1 fsegs=0 fkeys=0 femit=0 ftomb=0 scans=194 segs=384 keys=2938 emit=0 tomb=2938
2026-10-02T19:23:17.401Z raft-host: gc-pass ms=68 reap=0 frag=0 spread=0 recover=68 fscans=1 fsegs=0 fkeys=0 femit=0 ftomb=0 scans=194 segs=261 keys=0 emit=0 tomb=0
2026-10-02T19:23:17.943Z raft-obs: tx->1 enq=618 drop=0 sent=618 fail=0 hi=7 rtt_avg=36us get_avg=6753us get_max=4173ms
2026-10-02T19:23:17.943Z raft-obs: tx->2 enq=618 drop=0 sent=618 fail=0 hi=5 rtt_avg=34us get_avg=6568us get_max=4059ms
2026-10-02T19:23:17.943Z raft-obs: wait_timeouts=0 pump_hold_max=9us lock_wait_max=1us drain_max=5us tick_max=9us apply_max=0us persist_max=1us applies_in_worst=0 arc_miss=0 arc_term_miss=0 opid_replay=0 fin_q=0 fin_done=0 fin_drop=0 fin_full=0 pub_p50=0us pub_max=0us inbox_drop=0
2026-10-02T19:23:18.472Z raft-host: gc-pass ms=68 reap=0 frag=0 spread=0 recover=68 fscans=1 fsegs=0 fkeys=0 femit=0 ftomb=0 scans=194 segs=351 keys=0 emit=0 tomb=0
2026-10-02T19:23:19.544Z raft-host: gc-pass ms=69 reap=0 frag=0 spread=0 recover=69 fscans=1 fsegs=0 fkeys=0 femit=0 ftomb=0 scans=194 segs=384 keys=9282 emit=0 tomb=9282
2026-10-02T19:23:20.616Z raft-host: gc-pass ms=69 reap=0 frag=0 spread=0 recover=69 fscans=1 fsegs=0 fkeys=0 femit=0 ftomb=0 scans=194 segs=384 keys=6599 emit=0 tomb=6599
2026-10-02T19:23:22.944Z raft-obs: tx->1 enq=717 drop=0 sent=717 fail=0 hi=7 rtt_avg=36us get_avg=5821us get_max=4173ms
2026-10-02T19:23:22.944Z raft-obs: tx->2 enq=717 drop=0 sent=717 fail=0 hi=5 rtt_avg=34us get_avg=5661us get_max=4059ms
2026-10-02T19:23:22.944Z raft-obs: wait_timeouts=0 pump_hold_max=7us lock_wait_max=1us drain_max=3us tick_max=7us apply_max=0us persist_max=1us applies_in_worst=0 arc_miss=0 arc_term_miss=0 opid_replay=0 fin_q=0 fin_done=0 fin_drop=0 fin_full=0 pub_p50=0us pub_max=0us inbox_drop=0
2026-10-02T19:23:27.945Z raft-obs: tx->1 enq=816 drop=0 sent=816 fail=0 hi=7 rtt_avg=35us get_avg=5115us get_max=4173ms
2026-10-02T19:23:27.945Z raft-obs: tx->2 enq=816 drop=0 sent=816 fail=0 hi=5 rtt_avg=34us get_avg=4974us get_max=4059ms
2026-10-02T19:23:27.945Z raft-obs: wait_timeouts=0 pump_hold_max=6us lock_wait_max=1us drain_max=2us tick_max=6us apply_max=0us persist_max=5us applies_in_worst=0 arc_miss=0 arc_term_miss=0 opid_replay=0 fin_q=0 fin_done=0 fin_drop=0 fin_full=0 pub_p50=0us pub_max=0us inbox_drop=0
2026-10-02T19:23:32.946Z raft-obs: tx->1 enq=915 drop=0 sent=915 fail=0 hi=7 rtt_avg=35us get_avg=4561us get_max=4173ms
2026-10-02T19:23:32.946Z raft-obs: tx->2 enq=915 drop=0 sent=915 fail=0 hi=5 rtt_avg=34us get_avg=4436us get_max=4059ms
2026-10-02T19:23:32.946Z raft-obs: wait_timeouts=0 pump_hold_max=5us lock_wait_max=1us drain_max=4us tick_max=5us apply_max=0us persist_max=1us applies_in_worst=0 arc_miss=0 arc_term_miss=0 opid_replay=0 fin_q=0 fin_done=0 fin_drop=0 fin_full=0 pub_p50=0us pub_max=0us inbox_drop=0
2026-10-02T19:23:37.947Z raft-obs: tx->1 enq=1014 drop=0 sent=1013 fail=0 hi=7 rtt_avg=35us get_avg=4120us get_max=4173ms
2026-10-02T19:23:37.947Z raft-obs: tx->2 enq=1014 drop=0 sent=1013 fail=0 hi=5 rtt_avg=34us get_avg=4007us get_max=4059ms
2026-10-02T19:23:37.947Z raft-obs: wait_timeouts=0 pump_hold_max=10us lock_wait_max=1us drain_max=5us tick_max=10us apply_max=0us persist_max=1us applies_in_worst=0 arc_miss=0 arc_term_miss=0 opid_replay=0 fin_q=0 fin_done=0 fin_drop=0 fin_full=0 pub_p50=0us pub_max=0us inbox_drop=0
2026-10-02T19:23:42.949Z raft-obs: tx->1 enq=1112 drop=0 sent=1112 fail=0 hi=7 rtt_avg=35us get_avg=3753us get_max=4173ms
2026-10-02T19:23:42.949Z raft-obs: tx->2 enq=1112 drop=0 sent=1112 fail=0 hi=5 rtt_avg=34us get_avg=3650us get_max=4059ms
2026-10-02T19:23:42.949Z raft-obs: wait_timeouts=0 pump_hold_max=8us lock_wait_max=1us drain_max=2us tick_max=8us apply_max=0us persist_max=1us applies_in_worst=0 arc_miss=0 arc_term_miss=0 opid_replay=0 fin_q=0 fin_done=0 fin_drop=0 fin_full=0 pub_p50=0us pub_max=0us inbox_drop=0
2026-10-02T19:23:47.950Z raft-obs: tx->1 enq=1211 drop=0 sent=1211 fail=0 hi=7 rtt_avg=35us get_avg=3446us get_max=4173ms
2026-10-02T19:23:47.950Z raft-obs: tx->2 enq=1211 drop=0 sent=1211 fail=0 hi=5 rtt_avg=34us get_avg=3352us get_max=4059ms
2026-10-02T19:23:47.950Z raft-obs: wait_timeouts=0 pump_hold_max=5us lock_wait_max=1us drain_max=4us tick_max=5us apply_max=0us persist_max=1us applies_in_worst=0 arc_miss=0 arc_term_miss=0 opid_replay=0 fin_q=0 fin_done=0 fin_drop=0 fin_full=0 pub_p50=0us pub_max=0us inbox_drop=0
2026-10-02T19:23:52.951Z raft-obs: tx->1 enq=1310 drop=0 sent=1310 fail=0 hi=7 rtt_avg=35us get_avg=3186us get_max=4173ms
2026-10-02T19:23:52.951Z raft-obs: tx->2 enq=1310 drop=0 sent=1310 fail=0 hi=5 rtt_avg=34us get_avg=3098us get_max=4059ms
2026-10-02T19:23:52.951Z raft-obs: wait_timeouts=0 pump_hold_max=8us lock_wait_max=1us drain_max=2us tick_max=8us apply_max=0us persist_max=29us applies_in_worst=0 arc_miss=0 arc_term_miss=0 opid_replay=0 fin_q=0 fin_done=0 fin_drop=0 fin_full=0 pub_p50=0us pub_max=0us inbox_drop=0
2026-10-02T19:23:57.953Z raft-obs: tx->1 enq=1409 drop=0 sent=1409 fail=0 hi=7 rtt_avg=35us get_avg=2962us get_max=4173ms
2026-10-02T19:23:57.953Z raft-obs: tx->2 enq=1409 drop=0 sent=1409 fail=0 hi=5 rtt_avg=34us get_avg=2881us get_max=4059ms
2026-10-02T19:23:57.953Z raft-obs: wait_timeouts=0 pump_hold_max=10us lock_wait_max=1us drain_max=7us tick_max=10us apply_max=0us persist_max=1us applies_in_worst=0 arc_miss=0 arc_term_miss=0 opid_replay=0 fin_q=0 fin_done=0 fin_drop=0 fin_full=0 pub_p50=0us pub_max=0us inbox_drop=0
2026-10-02T19:24:02.954Z raft-obs: tx->1 enq=1508 drop=0 sent=1507 fail=0 hi=7 rtt_avg=35us get_avg=2769us get_max=4173ms
2026-10-02T19:24:02.954Z raft-obs: tx->2 enq=1508 drop=0 sent=1507 fail=0 hi=5 rtt_avg=34us get_avg=2693us get_max=4059ms
2026-10-02T19:24:02.954Z raft-obs: wait_timeouts=0 pump_hold_max=10us lock_wait_max=1us drain_max=3us tick_max=10us apply_max=0us persist_max=1us applies_in_worst=0 arc_miss=0 arc_term_miss=0 opid_replay=0 fin_q=0 fin_done=0 fin_drop=0 fin_full=0 pub_p50=0us pub_max=0us inbox_drop=0
2026-10-02T19:24:07.955Z raft-obs: tx->1 enq=1606 drop=0 sent=1606 fail=0 hi=7 rtt_avg=35us get_avg=2599us get_max=4173ms
2026-10-02T19:24:07.955Z raft-obs: tx->2 enq=1606 drop=0 sent=1606 fail=0 hi=5 rtt_avg=34us get_avg=2527us get_max=4059ms
2026-10-02T19:24:07.955Z raft-obs: wait_timeouts=0 pump_hold_max=8us lock_wait_max=1us drain_max=2us tick_max=8us apply_max=0us persist_max=19us applies_in_worst=0 arc_miss=0 arc_term_miss=0 opid_replay=0 fin_q=0 fin_done=0 fin_drop=0 fin_full=0 pub_p50=0us pub_max=0us inbox_drop=0
2026-10-02T19:24:12.956Z raft-obs: tx->1 enq=1705 drop=0 sent=1705 fail=0 hi=7 rtt_avg=35us get_avg=2448us get_max=4173ms
2026-10-02T19:24:12.956Z raft-obs: tx->2 enq=1705 drop=0 sent=1705 fail=0 hi=5 rtt_avg=34us get_avg=2380us get_max=4059ms
2026-10-02T19:24:12.956Z raft-obs: wait_timeouts=0 pump_hold_max=8us lock_wait_max=7us drain_max=8us tick_max=5us apply_max=0us persist_max=1us applies_in_worst=0 arc_miss=0 arc_term_miss=0 opid_replay=0 fin_q=0 fin_done=0 fin_drop=0 fin_full=0 pub_p50=0us pub_max=0us inbox_drop=0
2026-10-02T19:24:17.957Z raft-obs: tx->1 enq=1804 drop=0 sent=1804 fail=0 hi=7 rtt_avg=35us get_avg=2313us get_max=4173ms
2026-10-02T19:24:17.957Z raft-obs: tx->2 enq=1804 drop=0 sent=1804 fail=0 hi=5 rtt_avg=34us get_avg=2250us get_max=4059ms
2026-10-02T19:24:17.957Z raft-obs: wait_timeouts=0 pump_hold_max=27us lock_wait_max=1us drain_max=27us tick_max=8us apply_max=0us persist_max=3us applies_in_worst=0 arc_miss=0 arc_term_miss=0 opid_replay=0 fin_q=0 fin_done=0 fin_drop=0 fin_full=0 pub_p50=0us pub_max=0us inbox_drop=0
2026-10-02T19:24:22.958Z raft-obs: tx->1 enq=1903 drop=0 sent=1903 fail=0 hi=7 rtt_avg=35us get_avg=2193us get_max=4173ms
2026-10-02T19:24:22.958Z raft-obs: tx->2 enq=1903 drop=0 sent=1903 fail=0 hi=5 rtt_avg=34us get_avg=2133us get_max=4059ms
2026-10-02T19:24:22.958Z raft-obs: wait_timeouts=0 pump_hold_max=10us lock_wait_max=1us drain_max=2us tick_max=9us apply_max=0us persist_max=1us applies_in_worst=0 arc_miss=0 arc_term_miss=0 opid_replay=0 fin_q=0 fin_done=0 fin_drop=0 fin_full=0 pub_p50=0us pub_max=0us inbox_drop=0
2026-10-02T19:24:27.959Z raft-obs: tx->1 enq=2002 drop=0 sent=2001 fail=0 hi=7 rtt_avg=35us get_avg=2086us get_max=4173ms
2026-10-02T19:24:27.959Z raft-obs: tx->2 enq=2002 drop=0 sent=2001 fail=0 hi=5 rtt_avg=33us get_avg=2028us get_max=4059ms
2026-10-02T19:24:27.959Z raft-obs: wait_timeouts=0 pump_hold_max=5us lock_wait_max=1us drain_max=3us tick_max=5us apply_max=0us persist_max=4us applies_in_worst=0 arc_miss=0 arc_term_miss=0 opid_replay=0 fin_q=0 fin_done=0 fin_drop=0 fin_full=0 pub_p50=0us pub_max=0us inbox_drop=0
2026-10-02T19:24:32.960Z raft-obs: tx->1 enq=2100 drop=0 sent=2100 fail=0 hi=7 rtt_avg=35us get_avg=1987us get_max=4173ms
2026-10-02T19:24:32.960Z raft-obs: tx->2 enq=2100 drop=0 sent=2100 fail=0 hi=5 rtt_avg=33us get_avg=1933us get_max=4059ms
2026-10-02T19:24:32.960Z raft-obs: wait_timeouts=0 pump_hold_max=8us lock_wait_max=1us drain_max=2us tick_max=8us apply_max=0us persist_max=1us applies_in_worst=0 arc_miss=0 arc_term_miss=0 opid_replay=0 fin_q=0 fin_done=0 fin_drop=0 fin_full=0 pub_p50=0us pub_max=0us inbox_drop=0
2026-10-02T19:24:37.961Z raft-obs: tx->1 enq=2199 drop=0 sent=2199 fail=0 hi=7 rtt_avg=35us get_avg=1898us get_max=4173ms
2026-10-02T19:24:37.961Z raft-obs: tx->2 enq=2199 drop=0 sent=2199 fail=0 hi=5 rtt_avg=33us get_avg=1846us get_max=4059ms
2026-10-02T19:24:37.961Z raft-obs: wait_timeouts=0 pump_hold_max=11us lock_wait_max=1us drain_max=10us tick_max=5us apply_max=0us persist_max=1us applies_in_worst=0 arc_miss=0 arc_term_miss=0 opid_replay=0 fin_q=0 fin_done=0 fin_drop=0 fin_full=0 pub_p50=0us pub_max=0us inbox_drop=0
2026-10-02T19:24:42.962Z raft-obs: tx->1 enq=2298 drop=0 sent=2298 fail=0 hi=7 rtt_avg=35us get_avg=1816us get_max=4173ms
2026-10-02T19:24:42.962Z raft-obs: tx->2 enq=2298 drop=0 sent=2298 fail=0 hi=5 rtt_avg=33us get_avg=1766us get_max=4059ms
2026-10-02T19:24:42.962Z raft-obs: wait_timeouts=0 pump_hold_max=6us lock_wait_max=1us drain_max=2us tick_max=6us apply_max=0us persist_max=1us applies_in_worst=0 arc_miss=0 arc_term_miss=0 opid_replay=0 fin_q=0 fin_done=0 fin_drop=0 fin_full=0 pub_p50=0us pub_max=0us inbox_drop=0
2026-10-02T19:24:47.963Z raft-obs: tx->1 enq=2397 drop=0 sent=2397 fail=0 hi=7 rtt_avg=34us get_avg=1741us get_max=4173ms
2026-10-02T19:24:47.963Z raft-obs: tx->2 enq=2397 drop=0 sent=2397 fail=0 hi=5 rtt_avg=33us get_avg=1693us get_max=4059ms
2026-10-02T19:24:47.963Z raft-obs: wait_timeouts=0 pump_hold_max=34us lock_wait_max=1us drain_max=2us tick_max=34us apply_max=0us persist_max=7us applies_in_worst=0 arc_miss=0 arc_term_miss=0 opid_replay=0 fin_q=0 fin_done=0 fin_drop=0 fin_full=0 pub_p50=0us pub_max=0us inbox_drop=0
2026-10-02T19:24:52.964Z raft-obs: tx->1 enq=2496 drop=0 sent=2495 fail=0 hi=7 rtt_avg=34us get_avg=1673us get_max=4173ms
2026-10-02T19:24:52.964Z raft-obs: tx->2 enq=2496 drop=0 sent=2495 fail=0 hi=5 rtt_avg=33us get_avg=1627us get_max=4059ms
2026-10-02T19:24:52.964Z raft-obs: wait_timeouts=0 pump_hold_max=12us lock_wait_max=3us drain_max=2us tick_max=12us apply_max=0us persist_max=1us applies_in_worst=0 arc_miss=0 arc_term_miss=0 opid_replay=0 fin_q=0 fin_done=0 fin_drop=0 fin_full=0 pub_p50=0us pub_max=0us inbox_drop=0
2026-10-02T19:24:57.965Z raft-obs: tx->1 enq=2594 drop=0 sent=2594 fail=0 hi=7 rtt_avg=34us get_avg=1609us get_max=4173ms
2026-10-02T19:24:57.965Z raft-obs: tx->2 enq=2594 drop=0 sent=2594 fail=0 hi=5 rtt_avg=33us get_avg=1565us get_max=4059ms
2026-10-02T19:24:57.965Z raft-obs: wait_timeouts=0 pump_hold_max=40us lock_wait_max=1us drain_max=1us tick_max=40us apply_max=0us persist_max=1us applies_in_worst=0 arc_miss=0 arc_term_miss=0 opid_replay=0 fin_q=0 fin_done=0 fin_drop=0 fin_full=0 pub_p50=0us pub_max=0us inbox_drop=0
2026-10-02T19:25:02.967Z raft-obs: tx->1 enq=2693 drop=0 sent=2693 fail=0 hi=7 rtt_avg=34us get_avg=1550us get_max=4173ms
2026-10-02T19:25:02.967Z raft-obs: tx->2 enq=2693 drop=0 sent=2693 fail=0 hi=5 rtt_avg=33us get_avg=1507us get_max=4059ms
2026-10-02T19:25:02.967Z raft-obs: wait_timeouts=0 pump_hold_max=5us lock_wait_max=1us drain_max=3us tick_max=5us apply_max=0us persist_max=6us applies_in_worst=0 arc_miss=0 arc_term_miss=0 opid_replay=0 fin_q=0 fin_done=0 fin_drop=0 fin_full=0 pub_p50=0us pub_max=0us inbox_drop=0
2026-10-02T19:25:07.968Z raft-obs: tx->1 enq=2792 drop=0 sent=2792 fail=0 hi=7 rtt_avg=34us get_avg=1495us get_max=4173ms
2026-10-02T19:25:07.968Z raft-obs: tx->2 enq=2792 drop=0 sent=2792 fail=0 hi=5 rtt_avg=33us get_avg=1454us get_max=4059ms
2026-10-02T19:25:07.968Z raft-obs: wait_timeouts=0 pump_hold_max=8us lock_wait_max=3us drain_max=4us tick_max=8us apply_max=0us persist_max=1us applies_in_worst=0 arc_miss=0 arc_term_miss=0 opid_replay=0 fin_q=0 fin_done=0 fin_drop=0 fin_full=0 pub_p50=0us pub_max=0us inbox_drop=0
2026-10-02T19:25:12.969Z raft-obs: tx->1 enq=2891 drop=0 sent=2891 fail=0 hi=7 rtt_avg=34us get_avg=1443us get_max=4173ms
2026-10-02T19:25:12.969Z raft-obs: tx->2 enq=2891 drop=0 sent=2891 fail=0 hi=5 rtt_avg=33us get_avg=1404us get_max=4059ms
2026-10-02T19:25:12.969Z raft-obs: wait_timeouts=0 pump_hold_max=5us lock_wait_max=1us drain_max=4us tick_max=5us apply_max=0us persist_max=6us applies_in_worst=0 arc_miss=0 arc_term_miss=0 opid_replay=0 fin_q=0 fin_done=0 fin_drop=0 fin_full=0 pub_p50=0us pub_max=0us inbox_drop=0
2026-10-02T19:25:17.970Z raft-obs: tx->1 enq=2990 drop=0 sent=2989 fail=0 hi=7 rtt_avg=34us get_avg=1396us get_max=4173ms
2026-10-02T19:25:17.970Z raft-obs: tx->2 enq=2990 drop=0 sent=2989 fail=0 hi=5 rtt_avg=33us get_avg=1358us get_max=4059ms
2026-10-02T19:25:17.970Z raft-obs: wait_timeouts=0 pump_hold_max=5us lock_wait_max=1us drain_max=4us tick_max=5us apply_max=0us persist_max=1us applies_in_worst=0 arc_miss=0 arc_term_miss=0 opid_replay=0 fin_q=0 fin_done=0 fin_drop=0 fin_full=0 pub_p50=0us pub_max=0us inbox_drop=0
2026-10-02T19:25:22.971Z raft-obs: tx->1 enq=3088 drop=0 sent=3088 fail=0 hi=7 rtt_avg=34us get_avg=1351us get_max=4173ms
2026-10-02T19:25:22.971Z raft-obs: tx->2 enq=3088 drop=0 sent=3088 fail=0 hi=5 rtt_avg=33us get_avg=1314us get_max=4059ms
2026-10-02T19:25:22.971Z raft-obs: wait_timeouts=0 pump_hold_max=8us lock_wait_max=4us drain_max=2us tick_max=8us apply_max=0us persist_max=1us applies_in_worst=0 arc_miss=0 arc_term_miss=0 opid_replay=0 fin_q=0 fin_done=0 fin_drop=0 fin_full=0 pub_p50=0us pub_max=0us inbox_drop=0
2026-10-02T19:25:27.972Z raft-obs: tx->1 enq=3187 drop=0 sent=3187 fail=0 hi=7 rtt_avg=34us get_avg=1309us get_max=4173ms
2026-10-02T19:25:27.972Z raft-obs: tx->2 enq=3187 drop=0 sent=3187 fail=0 hi=5 rtt_avg=33us get_avg=1273us get_max=4059ms
2026-10-02T19:25:27.972Z raft-obs: wait_timeouts=0 pump_hold_max=10us lock_wait_max=1us drain_max=3us tick_max=10us apply_max=0us persist_max=4us applies_in_worst=0 arc_miss=0 arc_term_miss=0 opid_replay=0 fin_q=0 fin_done=0 fin_drop=0 fin_full=0 pub_p50=0us pub_max=0us inbox_drop=0
2026-10-02T19:25:32.973Z raft-obs: tx->1 enq=3286 drop=0 sent=3286 fail=0 hi=7 rtt_avg=34us get_avg=1270us get_max=4173ms
2026-10-02T19:25:32.973Z raft-obs: tx->2 enq=3286 drop=0 sent=3286 fail=0 hi=5 rtt_avg=33us get_avg=1235us get_max=4059ms
2026-10-02T19:25:32.973Z raft-obs: wait_timeouts=0 pump_hold_max=5us lock_wait_max=1us drain_max=2us tick_max=5us apply_max=0us persist_max=1us applies_in_worst=0 arc_miss=0 arc_term_miss=0 opid_replay=0 fin_q=0 fin_done=0 fin_drop=0 fin_full=0 pub_p50=0us pub_max=0us inbox_drop=0
2026-10-02T19:25:37.974Z raft-obs: tx->1 enq=3385 drop=0 sent=3385 fail=0 hi=7 rtt_avg=34us get_avg=1233us get_max=4173ms
2026-10-02T19:25:37.974Z raft-obs: tx->2 enq=3385 drop=0 sent=3385 fail=0 hi=5 rtt_avg=33us get_avg=1199us get_max=4059ms
2026-10-02T19:25:37.974Z raft-obs: wait_timeouts=0 pump_hold_max=5us lock_wait_max=1us drain_max=2us tick_max=5us apply_max=0us persist_max=1us applies_in_worst=0 arc_miss=0 arc_term_miss=0 opid_replay=0 fin_q=0 fin_done=0 fin_drop=0 fin_full=0 pub_p50=0us pub_max=0us inbox_drop=0
2026-10-02T19:25:42.975Z raft-obs: tx->1 enq=3484 drop=0 sent=3483 fail=0 hi=7 rtt_avg=34us get_avg=1198us get_max=4173ms
2026-10-02T19:25:42.975Z raft-obs: tx->2 enq=3484 drop=0 sent=3483 fail=0 hi=5 rtt_avg=33us get_avg=1165us get_max=4059ms
2026-10-02T19:25:42.975Z raft-obs: wait_timeouts=0 pump_hold_max=18us lock_wait_max=1us drain_max=18us tick_max=8us apply_max=0us persist_max=1us applies_in_worst=0 arc_miss=0 arc_term_miss=0 opid_replay=0 fin_q=0 fin_done=0 fin_drop=0 fin_full=0 pub_p50=0us pub_max=0us inbox_drop=0
2026-10-02T19:25:47.976Z raft-obs: tx->1 enq=3582 drop=0 sent=3582 fail=0 hi=7 rtt_avg=34us get_avg=1165us get_max=4173ms
2026-10-02T19:25:47.976Z raft-obs: tx->2 enq=3582 drop=0 sent=3582 fail=0 hi=5 rtt_avg=33us get_avg=1133us get_max=4059ms
2026-10-02T19:25:47.976Z raft-obs: wait_timeouts=0 pump_hold_max=26us lock_wait_max=1us drain_max=2us tick_max=26us apply_max=0us persist_max=1us applies_in_worst=0 arc_miss=0 arc_term_miss=0 opid_replay=0 fin_q=0 fin_done=0 fin_drop=0 fin_full=0 pub_p50=0us pub_max=0us inbox_drop=0
2026-10-02T19:25:52.977Z raft-obs: tx->1 enq=3681 drop=0 sent=3681 fail=0 hi=7 rtt_avg=34us get_avg=1134us get_max=4173ms
2026-10-02T19:25:52.977Z raft-obs: tx->2 enq=3681 drop=0 sent=3681 fail=0 hi=5 rtt_avg=33us get_avg=1102us get_max=4059ms
2026-10-02T19:25:52.977Z raft-obs: wait_timeouts=0 pump_hold_max=5us lock_wait_max=1us drain_max=2us tick_max=5us apply_max=0us persist_max=1us applies_in_worst=0 arc_miss=0 arc_term_miss=0 opid_replay=0 fin_q=0 fin_done=0 fin_drop=0 fin_full=0 pub_p50=0us pub_max=0us inbox_drop=0
2026-10-02T19:25:57.979Z raft-obs: tx->1 enq=3780 drop=0 sent=3780 fail=0 hi=7 rtt_avg=34us get_avg=1104us get_max=4173ms
2026-10-02T19:25:57.979Z raft-obs: tx->2 enq=3780 drop=0 sent=3780 fail=0 hi=5 rtt_avg=33us get_avg=1074us get_max=4059ms
2026-10-02T19:25:57.979Z raft-obs: wait_timeouts=0 pump_hold_max=5us lock_wait_max=1us drain_max=1us tick_max=5us apply_max=0us persist_max=1us applies_in_worst=0 arc_miss=0 arc_term_miss=0 opid_replay=0 fin_q=0 fin_done=0 fin_drop=0 fin_full=0 pub_p50=0us pub_max=0us inbox_drop=0
2026-10-02T19:26:02.980Z raft-obs: tx->1 enq=3879 drop=0 sent=3879 fail=0 hi=7 rtt_avg=34us get_avg=1076us get_max=4173ms
2026-10-02T19:26:02.980Z raft-obs: tx->2 enq=3879 drop=0 sent=3879 fail=0 hi=5 rtt_avg=33us get_avg=1046us get_max=4059ms
2026-10-02T19:26:02.980Z raft-obs: wait_timeouts=0 pump_hold_max=33us lock_wait_max=1us drain_max=5us tick_max=33us apply_max=0us persist_max=1us applies_in_worst=0 arc_miss=0 arc_term_miss=0 opid_replay=0 fin_q=0 fin_done=0 fin_drop=0 fin_full=0 pub_p50=0us pub_max=0us inbox_drop=0
2026-10-02T19:26:07.981Z raft-obs: tx->1 enq=3978 drop=0 sent=3977 fail=0 hi=7 rtt_avg=34us get_avg=1049us get_max=4173ms
2026-10-02T19:26:07.981Z raft-obs: tx->2 enq=3978 drop=0 sent=3977 fail=0 hi=5 rtt_avg=33us get_avg=1020us get_max=4059ms
2026-10-02T19:26:07.981Z raft-obs: wait_timeouts=0 pump_hold_max=30us lock_wait_max=1us drain_max=30us tick_max=9us apply_max=0us persist_max=4us applies_in_worst=0 arc_miss=0 arc_term_miss=0 opid_replay=0 fin_q=0 fin_done=0 fin_drop=0 fin_full=0 pub_p50=0us pub_max=0us inbox_drop=0
2026-10-02T19:26:12.982Z raft-obs: tx->1 enq=4076 drop=0 sent=4076 fail=0 hi=7 rtt_avg=34us get_avg=1024us get_max=4173ms
2026-10-02T19:26:12.982Z raft-obs: tx->2 enq=4076 drop=0 sent=4076 fail=0 hi=5 rtt_avg=33us get_avg=996us get_max=4059ms
2026-10-02T19:26:12.982Z raft-obs: wait_timeouts=0 pump_hold_max=7us lock_wait_max=4us drain_max=2us tick_max=7us apply_max=0us persist_max=1us applies_in_worst=0 arc_miss=0 arc_term_miss=0 opid_replay=0 fin_q=0 fin_done=0 fin_drop=0 fin_full=0 pub_p50=0us pub_max=0us inbox_drop=0
2026-10-02T19:26:17.983Z raft-obs: tx->1 enq=4175 drop=0 sent=4175 fail=0 hi=7 rtt_avg=34us get_avg=999us get_max=4173ms
2026-10-02T19:26:17.983Z raft-obs: tx->2 enq=4175 drop=0 sent=4175 fail=0 hi=5 rtt_avg=33us get_avg=972us get_max=4059ms
2026-10-02T19:26:17.983Z raft-obs: wait_timeouts=0 pump_hold_max=5us lock_wait_max=1us drain_max=2us tick_max=5us apply_max=0us persist_max=4us applies_in_worst=0 arc_miss=0 arc_term_miss=0 opid_replay=0 fin_q=0 fin_done=0 fin_drop=0 fin_full=0 pub_p50=0us pub_max=0us inbox_drop=0
2026-10-02T19:26:22.984Z raft-obs: tx->1 enq=4274 drop=0 sent=4274 fail=0 hi=7 rtt_avg=34us get_avg=976us get_max=4173ms
2026-10-02T19:26:22.984Z raft-obs: tx->2 enq=4274 drop=0 sent=4274 fail=0 hi=5 rtt_avg=33us get_avg=950us get_max=4059ms
2026-10-02T19:26:22.984Z raft-obs: wait_timeouts=0 pump_hold_max=12us lock_wait_max=1us drain_max=2us tick_max=12us apply_max=0us persist_max=1us applies_in_worst=0 arc_miss=0 arc_term_miss=0 opid_replay=0 fin_q=0 fin_done=0 fin_drop=0 fin_full=0 pub_p50=0us pub_max=0us inbox_drop=0
2026-10-02T19:26:27.986Z raft-obs: tx->1 enq=4373 drop=0 sent=4373 fail=0 hi=7 rtt_avg=34us get_avg=954us get_max=4173ms
2026-10-02T19:26:27.986Z raft-obs: tx->2 enq=4373 drop=0 sent=4373 fail=0 hi=5 rtt_avg=33us get_avg=928us get_max=4059ms
2026-10-02T19:26:27.986Z raft-obs: wait_timeouts=0 pump_hold_max=5us lock_wait_max=1us drain_max=4us tick_max=5us apply_max=0us persist_max=1us applies_in_worst=0 arc_miss=0 arc_term_miss=0 opid_replay=0 fin_q=0 fin_done=0 fin_drop=0 fin_full=0 pub_p50=0us pub_max=0us inbox_drop=0
2026-10-02T19:26:32.987Z raft-obs: tx->1 enq=4472 drop=0 sent=4471 fail=0 hi=7 rtt_avg=34us get_avg=933us get_max=4173ms
2026-10-02T19:26:32.987Z raft-obs: tx->2 enq=4472 drop=0 sent=4471 fail=0 hi=5 rtt_avg=33us get_avg=908us get_max=4059ms
2026-10-02T19:26:32.987Z raft-obs: wait_timeouts=0 pump_hold_max=20us lock_wait_max=1us drain_max=2us tick_max=20us apply_max=0us persist_max=5us applies_in_worst=0 arc_miss=0 arc_term_miss=0 opid_replay=0 fin_q=0 fin_done=0 fin_drop=0 fin_full=0 pub_p50=0us pub_max=0us inbox_drop=0
2026-10-02T19:26:37.988Z raft-obs: tx->1 enq=4570 drop=0 sent=4570 fail=0 hi=7 rtt_avg=34us get_avg=913us get_max=4173ms
2026-10-02T19:26:37.988Z raft-obs: tx->2 enq=4570 drop=0 sent=4570 fail=0 hi=5 rtt_avg=33us get_avg=888us get_max=4059ms
2026-10-02T19:26:37.988Z raft-obs: wait_timeouts=0 pump_hold_max=7us lock_wait_max=1us drain_max=2us tick_max=6us apply_max=0us persist_max=1us applies_in_worst=0 arc_miss=0 arc_term_miss=0 opid_replay=0 fin_q=0 fin_done=0 fin_drop=0 fin_full=0 pub_p50=0us pub_max=0us inbox_drop=0
2026-10-02T19:26:42.989Z raft-obs: tx->1 enq=4669 drop=0 sent=4669 fail=0 hi=7 rtt_avg=34us get_avg=894us get_max=4173ms
2026-10-02T19:26:42.989Z raft-obs: tx->2 enq=4669 drop=0 sent=4669 fail=0 hi=5 rtt_avg=33us get_avg=869us get_max=4059ms
2026-10-02T19:26:42.989Z raft-obs: wait_timeouts=0 pump_hold_max=8us lock_wait_max=1us drain_max=2us tick_max=8us apply_max=0us persist_max=9us applies_in_worst=0 arc_miss=0 arc_term_miss=0 opid_replay=0 fin_q=0 fin_done=0 fin_drop=0 fin_full=0 pub_p50=0us pub_max=0us inbox_drop=0
2026-10-02T19:26:47.990Z raft-obs: tx->1 enq=4768 drop=0 sent=4768 fail=0 hi=7 rtt_avg=34us get_avg=875us get_max=4173ms
2026-10-02T19:26:47.990Z raft-obs: tx->2 enq=4768 drop=0 sent=4768 fail=0 hi=5 rtt_avg=33us get_avg=851us get_max=4059ms
2026-10-02T19:26:47.990Z raft-obs: wait_timeouts=0 pump_hold_max=26us lock_wait_max=1us drain_max=9us tick_max=26us apply_max=0us persist_max=6us applies_in_worst=0 arc_miss=0 arc_term_miss=0 opid_replay=0 fin_q=0 fin_done=0 fin_drop=0 fin_full=0 pub_p50=0us pub_max=0us inbox_drop=0
2026-10-02T19:26:52.991Z raft-obs: tx->1 enq=4867 drop=0 sent=4867 fail=0 hi=7 rtt_avg=34us get_avg=857us get_max=4173ms
2026-10-02T19:26:52.991Z raft-obs: tx->2 enq=4867 drop=0 sent=4867 fail=0 hi=5 rtt_avg=33us get_avg=834us get_max=4059ms
2026-10-02T19:26:52.991Z raft-obs: wait_timeouts=0 pump_hold_max=11us lock_wait_max=1us drain_max=11us tick_max=7us apply_max=0us persist_max=33us applies_in_worst=0 arc_miss=0 arc_term_miss=0 opid_replay=0 fin_q=0 fin_done=0 fin_drop=0 fin_full=0 pub_p50=0us pub_max=0us inbox_drop=0
2026-10-02T19:26:57.992Z raft-obs: tx->1 enq=4966 drop=0 sent=4965 fail=0 hi=7 rtt_avg=34us get_avg=840us get_max=4173ms
2026-10-02T19:26:57.992Z raft-obs: tx->2 enq=4966 drop=0 sent=4965 fail=0 hi=5 rtt_avg=32us get_avg=817us get_max=4059ms
2026-10-02T19:26:57.992Z raft-obs: wait_timeouts=0 pump_hold_max=23us lock_wait_max=1us drain_max=2us tick_max=23us apply_max=0us persist_max=1us applies_in_worst=0 arc_miss=0 arc_term_miss=0 opid_replay=0 fin_q=0 fin_done=0 fin_drop=0 fin_full=0 pub_p50=0us pub_max=0us inbox_drop=0
2026-10-02T19:27:02.993Z raft-obs: tx->1 enq=5064 drop=0 sent=5064 fail=0 hi=7 rtt_avg=34us get_avg=824us get_max=4173ms
2026-10-02T19:27:02.993Z raft-obs: tx->2 enq=5064 drop=0 sent=5064 fail=0 hi=5 rtt_avg=32us get_avg=801us get_max=4059ms
2026-10-02T19:27:02.993Z raft-obs: wait_timeouts=0 pump_hold_max=25us lock_wait_max=30us drain_max=2us tick_max=25us apply_max=0us persist_max=4us applies_in_worst=0 arc_miss=0 arc_term_miss=0 opid_replay=0 fin_q=0 fin_done=0 fin_drop=0 fin_full=0 pub_p50=0us pub_max=0us inbox_drop=0
2026-10-02T19:27:07.995Z raft-obs: tx->1 enq=5163 drop=0 sent=5163 fail=0 hi=7 rtt_avg=34us get_avg=808us get_max=4173ms
2026-10-02T19:27:07.995Z raft-obs: tx->2 enq=5163 drop=0 sent=5163 fail=0 hi=5 rtt_avg=32us get_avg=786us get_max=4059ms
2026-10-02T19:27:07.995Z raft-obs: wait_timeouts=0 pump_hold_max=5us lock_wait_max=1us drain_max=1us tick_max=5us apply_max=0us persist_max=1us applies_in_worst=0 arc_miss=0 arc_term_miss=0 opid_replay=0 fin_q=0 fin_done=0 fin_drop=0 fin_full=0 pub_p50=0us pub_max=0us inbox_drop=0
2026-10-02T19:27:12.996Z raft-obs: tx->1 enq=5262 drop=0 sent=5262 fail=0 hi=7 rtt_avg=34us get_avg=793us get_max=4173ms
2026-10-02T19:27:12.996Z raft-obs: tx->2 enq=5262 drop=0 sent=5262 fail=0 hi=5 rtt_avg=32us get_avg=771us get_max=4059ms
2026-10-02T19:27:12.996Z raft-obs: wait_timeouts=0 pump_hold_max=22us lock_wait_max=7us drain_max=9us tick_max=22us apply_max=0us persist_max=1us applies_in_worst=0 arc_miss=0 arc_term_miss=0 opid_replay=0 fin_q=0 fin_done=0 fin_drop=0 fin_full=0 pub_p50=0us pub_max=0us inbox_drop=0
2026-10-02T19:27:17.997Z raft-obs: tx->1 enq=5361 drop=0 sent=5361 fail=0 hi=7 rtt_avg=34us get_avg=778us get_max=4173ms
2026-10-02T19:27:17.997Z raft-obs: tx->2 enq=5361 drop=0 sent=5361 fail=0 hi=5 rtt_avg=32us get_avg=757us get_max=4059ms
2026-10-02T19:27:17.997Z raft-obs: wait_timeouts=0 pump_hold_max=5us lock_wait_max=1us drain_max=2us tick_max=5us apply_max=0us persist_max=1us applies_in_worst=0 arc_miss=0 arc_term_miss=0 opid_replay=0 fin_q=0 fin_done=0 fin_drop=0 fin_full=0 pub_p50=0us pub_max=0us inbox_drop=0
2026-10-02T19:27:22.998Z raft-obs: tx->1 enq=5460 drop=0 sent=5459 fail=0 hi=7 rtt_avg=34us get_avg=764us get_max=4173ms
2026-10-02T19:27:22.998Z raft-obs: tx->2 enq=5460 drop=0 sent=5460 fail=0 hi=5 rtt_avg=32us get_avg=743us get_max=4059ms
2026-10-02T19:27:22.998Z raft-obs: wait_timeouts=0 pump_hold_max=9us lock_wait_max=1us drain_max=5us tick_max=9us apply_max=0us persist_max=1us applies_in_worst=0 arc_miss=0 arc_term_miss=0 opid_replay=0 fin_q=0 fin_done=0 fin_drop=0 fin_full=0 pub_p50=0us pub_max=0us inbox_drop=0
2026-10-02T19:27:27.999Z raft-obs: tx->1 enq=5558 drop=0 sent=5558 fail=0 hi=7 rtt_avg=34us get_avg=751us get_max=4173ms
2026-10-02T19:27:27.999Z raft-obs: tx->2 enq=5558 drop=0 sent=5558 fail=0 hi=5 rtt_avg=32us get_avg=730us get_max=4059ms
2026-10-02T19:27:27.999Z raft-obs: wait_timeouts=0 pump_hold_max=10us lock_wait_max=1us drain_max=2us tick_max=10us apply_max=0us persist_max=4us applies_in_worst=0 arc_miss=0 arc_term_miss=0 opid_replay=0 fin_q=0 fin_done=0 fin_drop=0 fin_full=0 pub_p50=0us pub_max=0us inbox_drop=0
2026-10-02T19:27:33.000Z raft-obs: tx->1 enq=5657 drop=0 sent=5657 fail=0 hi=7 rtt_avg=34us get_avg=738us get_max=4173ms
2026-10-02T19:27:33.000Z raft-obs: tx->2 enq=5657 drop=0 sent=5657 fail=0 hi=5 rtt_avg=32us get_avg=717us get_max=4059ms
2026-10-02T19:27:33.000Z raft-obs: wait_timeouts=0 pump_hold_max=5us lock_wait_max=26us drain_max=5us tick_max=5us apply_max=0us persist_max=1us applies_in_worst=0 arc_miss=0 arc_term_miss=0 opid_replay=0 fin_q=0 fin_done=0 fin_drop=0 fin_full=0 pub_p50=0us pub_max=0us inbox_drop=0
2026-10-02T19:27:38.001Z raft-obs: tx->1 enq=5756 drop=0 sent=5756 fail=0 hi=7 rtt_avg=34us get_avg=725us get_max=4173ms
2026-10-02T19:27:38.001Z raft-obs: tx->2 enq=5756 drop=0 sent=5756 fail=0 hi=5 rtt_avg=32us get_avg=705us get_max=4059ms
2026-10-02T19:27:38.001Z raft-obs: wait_timeouts=0 pump_hold_max=5us lock_wait_max=1us drain_max=4us tick_max=5us apply_max=0us persist_max=1us applies_in_worst=0 arc_miss=0 arc_term_miss=0 opid_replay=0 fin_q=0 fin_done=0 fin_drop=0 fin_full=0 pub_p50=0us pub_max=0us inbox_drop=0
2026-10-02T19:27:43.002Z raft-obs: tx->1 enq=5855 drop=0 sent=5855 fail=0 hi=7 rtt_avg=34us get_avg=713us get_max=4173ms
2026-10-02T19:27:43.002Z raft-obs: tx->2 enq=5855 drop=0 sent=5855 fail=0 hi=5 rtt_avg=32us get_avg=693us get_max=4059ms
2026-10-02T19:27:43.002Z raft-obs: wait_timeouts=0 pump_hold_max=8us lock_wait_max=1us drain_max=2us tick_max=8us apply_max=0us persist_max=1us applies_in_worst=0 arc_miss=0 arc_term_miss=0 opid_replay=0 fin_q=0 fin_done=0 fin_drop=0 fin_full=0 pub_p50=0us pub_max=0us inbox_drop=0
2026-10-02T19:27:48.003Z raft-obs: tx->1 enq=5954 drop=0 sent=5953 fail=0 hi=7 rtt_avg=34us get_avg=701us get_max=4173ms
2026-10-02T19:27:48.003Z raft-obs: tx->2 enq=5954 drop=0 sent=5953 fail=0 hi=5 rtt_avg=32us get_avg=682us get_max=4059ms
2026-10-02T19:27:48.003Z raft-obs: wait_timeouts=0 pump_hold_max=15us lock_wait_max=1us drain_max=2us tick_max=15us apply_max=0us persist_max=1us applies_in_worst=0 arc_miss=0 arc_term_miss=0 opid_replay=0 fin_q=0 fin_done=0 fin_drop=0 fin_full=0 pub_p50=0us pub_max=0us inbox_drop=0
2026-10-02T19:27:53.004Z raft-obs: tx->1 enq=6052 drop=0 sent=6052 fail=0 hi=7 rtt_avg=34us get_avg=689us get_max=4173ms
2026-10-02T19:27:53.004Z raft-obs: tx->2 enq=6052 drop=0 sent=6052 fail=0 hi=5 rtt_avg=32us get_avg=670us get_max=4059ms
2026-10-02T19:27:53.004Z raft-obs: wait_timeouts=0 pump_hold_max=11us lock_wait_max=1us drain_max=10us tick_max=8us apply_max=0us persist_max=1us applies_in_worst=0 arc_miss=0 arc_term_miss=0 opid_replay=0 fin_q=0 fin_done=0 fin_drop=0 fin_full=0 pub_p50=0us pub_max=0us inbox_drop=0
2026-10-02T19:27:58.006Z raft-obs: tx->1 enq=6151 drop=0 sent=6151 fail=0 hi=7 rtt_avg=34us get_avg=678us get_max=4173ms
2026-10-02T19:27:58.006Z raft-obs: tx->2 enq=6151 drop=0 sent=6151 fail=0 hi=5 rtt_avg=32us get_avg=660us get_max=4059ms
2026-10-02T19:27:58.006Z raft-obs: wait_timeouts=0 pump_hold_max=7us lock_wait_max=1us drain_max=2us tick_max=7us apply_max=0us persist_max=1us applies_in_worst=0 arc_miss=0 arc_term_miss=0 opid_replay=0 fin_q=0 fin_done=0 fin_drop=0 fin_full=0 pub_p50=0us pub_max=0us inbox_drop=0
2026-10-02T19:28:03.007Z raft-obs: tx->1 enq=6250 drop=0 sent=6250 fail=0 hi=7 rtt_avg=34us get_avg=668us get_max=4173ms
2026-10-02T19:28:03.007Z raft-obs: tx->2 enq=6250 drop=0 sent=6250 fail=0 hi=5 rtt_avg=32us get_avg=649us get_max=4059ms
2026-10-02T19:28:03.007Z raft-obs: wait_timeouts=0 pump_hold_max=6us lock_wait_max=1us drain_max=2us tick_max=6us apply_max=0us persist_max=1us applies_in_worst=0 arc_miss=0 arc_term_miss=0 opid_replay=0 fin_q=0 fin_done=0 fin_drop=0 fin_full=0 pub_p50=0us pub_max=0us inbox_drop=0
2026-10-02T19:28:08.008Z raft-obs: tx->1 enq=6349 drop=0 sent=6349 fail=0 hi=7 rtt_avg=34us get_avg=657us get_max=4173ms
2026-10-02T19:28:08.008Z raft-obs: tx->2 enq=6349 drop=0 sent=6349 fail=0 hi=5 rtt_avg=32us get_avg=639us get_max=4059ms
2026-10-02T19:28:08.008Z raft-obs: wait_timeouts=0 pump_hold_max=6us lock_wait_max=1us drain_max=2us tick_max=5us apply_max=0us persist_max=1us applies_in_worst=0 arc_miss=0 arc_term_miss=0 opid_replay=0 fin_q=0 fin_done=0 fin_drop=0 fin_full=0 pub_p50=0us pub_max=0us inbox_drop=0
2026-10-02T19:28:13.009Z raft-obs: tx->1 enq=6448 drop=0 sent=6447 fail=0 hi=7 rtt_avg=34us get_avg=647us get_max=4173ms
2026-10-02T19:28:13.009Z raft-obs: tx->2 enq=6448 drop=0 sent=6447 fail=0 hi=5 rtt_avg=32us get_avg=629us get_max=4059ms
2026-10-02T19:28:13.009Z raft-obs: wait_timeouts=0 pump_hold_max=7us lock_wait_max=3us drain_max=6us tick_max=6us apply_max=0us persist_max=3us applies_in_worst=0 arc_miss=0 arc_term_miss=0 opid_replay=0 fin_q=0 fin_done=0 fin_drop=0 fin_full=0 pub_p50=0us pub_max=0us inbox_drop=0
2026-10-02T19:28:18.010Z raft-obs: tx->1 enq=6546 drop=0 sent=6546 fail=0 hi=7 rtt_avg=34us get_avg=637us get_max=4173ms
2026-10-02T19:28:18.010Z raft-obs: tx->2 enq=6546 drop=0 sent=6546 fail=0 hi=5 rtt_avg=32us get_avg=620us get_max=4059ms
2026-10-02T19:28:18.010Z raft-obs: wait_timeouts=0 pump_hold_max=9us lock_wait_max=7us drain_max=2us tick_max=9us apply_max=0us persist_max=1us applies_in_worst=0 arc_miss=0 arc_term_miss=0 opid_replay=0 fin_q=0 fin_done=0 fin_drop=0 fin_full=0 pub_p50=0us pub_max=0us inbox_drop=0
2026-10-02T19:28:23.011Z raft-obs: tx->1 enq=6645 drop=0 sent=6645 fail=0 hi=7 rtt_avg=34us get_avg=628us get_max=4173ms
2026-10-02T19:28:23.011Z raft-obs: tx->2 enq=6645 drop=0 sent=6645 fail=0 hi=5 rtt_avg=32us get_avg=611us get_max=4059ms
2026-10-02T19:28:23.011Z raft-obs: wait_timeouts=0 pump_hold_max=6us lock_wait_max=1us drain_max=1us tick_max=6us apply_max=0us persist_max=1us applies_in_worst=0 arc_miss=0 arc_term_miss=0 opid_replay=0 fin_q=0 fin_done=0 fin_drop=0 fin_full=0 pub_p50=0us pub_max=0us inbox_drop=0
2026-10-02T19:28:28.012Z raft-obs: tx->1 enq=6744 drop=0 sent=6744 fail=0 hi=7 rtt_avg=34us get_avg=619us get_max=4173ms
2026-10-02T19:28:28.012Z raft-obs: tx->2 enq=6744 drop=0 sent=6744 fail=0 hi=5 rtt_avg=32us get_avg=602us get_max=4059ms
2026-10-02T19:28:28.012Z raft-obs: wait_timeouts=0 pump_hold_max=5us lock_wait_max=1us drain_max=3us tick_max=5us apply_max=0us persist_max=5us applies_in_worst=0 arc_miss=0 arc_term_miss=0 opid_replay=0 fin_q=0 fin_done=0 fin_drop=0 fin_full=0 pub_p50=0us pub_max=0us inbox_drop=0
2026-10-02T19:28:33.013Z raft-obs: tx->1 enq=6843 drop=0 sent=6843 fail=0 hi=7 rtt_avg=34us get_avg=610us get_max=4173ms
2026-10-02T19:28:33.013Z raft-obs: tx->2 enq=6843 drop=0 sent=6843 fail=0 hi=5 rtt_avg=32us get_avg=593us get_max=4059ms
2026-10-02T19:28:33.013Z raft-obs: wait_timeouts=0 pump_hold_max=6us lock_wait_max=1us drain_max=4us tick_max=6us apply_max=0us persist_max=4us applies_in_worst=0 arc_miss=0 arc_term_miss=0 opid_replay=0 fin_q=0 fin_done=0 fin_drop=0 fin_full=0 pub_p50=0us pub_max=0us inbox_drop=0
2026-10-02T19:28:38.015Z raft-obs: tx->1 enq=6942 drop=0 sent=6941 fail=0 hi=7 rtt_avg=34us get_avg=601us get_max=4173ms
2026-10-02T19:28:38.015Z raft-obs: tx->2 enq=6942 drop=0 sent=6941 fail=0 hi=5 rtt_avg=32us get_avg=585us get_max=4059ms
2026-10-02T19:28:38.015Z raft-obs: wait_timeouts=0 pump_hold_max=8us lock_wait_max=1us drain_max=2us tick_max=8us apply_max=0us persist_max=1us applies_in_worst=0 arc_miss=0 arc_term_miss=0 opid_replay=0 fin_q=0 fin_done=0 fin_drop=0 fin_full=0 pub_p50=0us pub_max=0us inbox_drop=0
2026-10-02T19:28:43.016Z raft-obs: tx->1 enq=7040 drop=0 sent=7040 fail=0 hi=7 rtt_avg=34us get_avg=593us get_max=4173ms
2026-10-02T19:28:43.016Z raft-obs: tx->2 enq=7040 drop=0 sent=7040 fail=0 hi=5 rtt_avg=32us get_avg=576us get_max=4059ms
2026-10-02T19:28:43.016Z raft-obs: wait_timeouts=0 pump_hold_max=5us lock_wait_max=8us drain_max=2us tick_max=5us apply_max=0us persist_max=1us applies_in_worst=0 arc_miss=0 arc_term_miss=0 opid_replay=0 fin_q=0 fin_done=0 fin_drop=0 fin_full=0 pub_p50=0us pub_max=0us inbox_drop=0
2026-10-02T19:28:48.017Z raft-obs: tx->1 enq=7139 drop=0 sent=7139 fail=0 hi=7 rtt_avg=34us get_avg=584us get_max=4173ms
2026-10-02T19:28:48.017Z raft-obs: tx->2 enq=7139 drop=0 sent=7139 fail=0 hi=5 rtt_avg=32us get_avg=568us get_max=4059ms
2026-10-02T19:28:48.017Z raft-obs: wait_timeouts=0 pump_hold_max=5us lock_wait_max=1us drain_max=2us tick_max=5us apply_max=0us persist_max=1us applies_in_worst=0 arc_miss=0 arc_term_miss=0 opid_replay=0 fin_q=0 fin_done=0 fin_drop=0 fin_full=0 pub_p50=0us pub_max=0us inbox_drop=0
2026-10-02T19:28:53.018Z raft-obs: tx->1 enq=7238 drop=0 sent=7238 fail=0 hi=7 rtt_avg=34us get_avg=576us get_max=4173ms
2026-10-02T19:28:53.018Z raft-obs: tx->2 enq=7238 drop=0 sent=7238 fail=0 hi=5 rtt_avg=32us get_avg=561us get_max=4059ms
2026-10-02T19:28:53.018Z raft-obs: wait_timeouts=0 pump_hold_max=5us lock_wait_max=1us drain_max=2us tick_max=5us apply_max=0us persist_max=6us applies_in_worst=0 arc_miss=0 arc_term_miss=0 opid_replay=0 fin_q=0 fin_done=0 fin_drop=0 fin_full=0 pub_p50=0us pub_max=0us inbox_drop=0
2026-10-02T19:28:58.019Z raft-obs: tx->1 enq=7337 drop=0 sent=7337 fail=0 hi=7 rtt_avg=34us get_avg=569us get_max=4173ms
2026-10-02T19:28:58.019Z raft-obs: tx->2 enq=7337 drop=0 sent=7337 fail=0 hi=5 rtt_avg=32us get_avg=553us get_max=4059ms
2026-10-02T19:28:58.019Z raft-obs: wait_timeouts=0 pump_hold_max=7us lock_wait_max=1us drain_max=2us tick_max=6us apply_max=0us persist_max=1us applies_in_worst=0 arc_miss=0 arc_term_miss=0 opid_replay=0 fin_q=0 fin_done=0 fin_drop=0 fin_full=0 pub_p50=0us pub_max=0us inbox_drop=0
2026-10-02T19:29:03.020Z raft-obs: tx->1 enq=7436 drop=0 sent=7435 fail=0 hi=7 rtt_avg=34us get_avg=561us get_max=4173ms
2026-10-02T19:29:03.020Z raft-obs: tx->2 enq=7436 drop=0 sent=7435 fail=0 hi=5 rtt_avg=32us get_avg=546us get_max=4059ms
2026-10-02T19:29:03.020Z raft-obs: wait_timeouts=0 pump_hold_max=8us lock_wait_max=1us drain_max=7us tick_max=8us apply_max=0us persist_max=1us applies_in_worst=0 arc_miss=0 arc_term_miss=0 opid_replay=0 fin_q=0 fin_done=0 fin_drop=0 fin_full=0 pub_p50=0us pub_max=0us inbox_drop=0
2026-10-02T19:29:08.021Z raft-obs: tx->1 enq=7534 drop=0 sent=7534 fail=0 hi=7 rtt_avg=34us get_avg=554us get_max=4173ms
2026-10-02T19:29:08.021Z raft-obs: tx->2 enq=7534 drop=0 sent=7534 fail=0 hi=5 rtt_avg=32us get_avg=539us get_max=4059ms
2026-10-02T19:29:08.021Z raft-obs: wait_timeouts=0 pump_hold_max=9us lock_wait_max=1us drain_max=4us tick_max=8us apply_max=0us persist_max=1us applies_in_worst=0 arc_miss=0 arc_term_miss=0 opid_replay=0 fin_q=0 fin_done=0 fin_drop=0 fin_full=0 pub_p50=0us pub_max=0us inbox_drop=0
2026-10-02T19:29:13.022Z raft-obs: tx->1 enq=7633 drop=0 sent=7633 fail=0 hi=7 rtt_avg=34us get_avg=547us get_max=4173ms
2026-10-02T19:29:13.022Z raft-obs: tx->2 enq=7633 drop=0 sent=7633 fail=0 hi=5 rtt_avg=32us get_avg=532us get_max=4059ms
2026-10-02T19:29:13.022Z raft-obs: wait_timeouts=0 pump_hold_max=8us lock_wait_max=1us drain_max=5us tick_max=8us apply_max=0us persist_max=1us applies_in_worst=0 arc_miss=0 arc_term_miss=0 opid_replay=0 fin_q=0 fin_done=0 fin_drop=0 fin_full=0 pub_p50=0us pub_max=0us inbox_drop=0
2026-10-02T19:29:18.024Z raft-obs: tx->1 enq=7732 drop=0 sent=7732 fail=0 hi=7 rtt_avg=34us get_avg=540us get_max=4173ms
2026-10-02T19:29:18.024Z raft-obs: tx->2 enq=7732 drop=0 sent=7732 fail=0 hi=5 rtt_avg=32us get_avg=525us get_max=4059ms
2026-10-02T19:29:18.024Z raft-obs: wait_timeouts=0 pump_hold_max=11us lock_wait_max=1us drain_max=2us tick_max=11us apply_max=0us persist_max=1us applies_in_worst=0 arc_miss=0 arc_term_miss=0 opid_replay=0 fin_q=0 fin_done=0 fin_drop=0 fin_full=0 pub_p50=0us pub_max=0us inbox_drop=0
2026-10-02T19:29:23.025Z raft-obs: tx->1 enq=7831 drop=0 sent=7831 fail=0 hi=7 rtt_avg=34us get_avg=533us get_max=4173ms
2026-10-02T19:29:23.025Z raft-obs: tx->2 enq=7831 drop=0 sent=7831 fail=0 hi=5 rtt_avg=32us get_avg=518us get_max=4059ms
2026-10-02T19:29:23.025Z raft-obs: wait_timeouts=0 pump_hold_max=5us lock_wait_max=1us drain_max=2us tick_max=5us apply_max=0us persist_max=1us applies_in_worst=0 arc_miss=0 arc_term_miss=0 opid_replay=0 fin_q=0 fin_done=0 fin_drop=0 fin_full=0 pub_p50=0us pub_max=0us inbox_drop=0
2026-10-02T19:29:28.026Z raft-obs: tx->1 enq=7930 drop=0 sent=7929 fail=0 hi=7 rtt_avg=34us get_avg=526us get_max=4173ms
2026-10-02T19:29:28.026Z raft-obs: tx->2 enq=7930 drop=0 sent=7929 fail=0 hi=5 rtt_avg=32us get_avg=512us get_max=4059ms
2026-10-02T19:29:28.026Z raft-obs: wait_timeouts=0 pump_hold_max=10us lock_wait_max=9us drain_max=3us tick_max=10us apply_max=0us persist_max=1us applies_in_worst=0 arc_miss=0 arc_term_miss=0 opid_replay=0 fin_q=0 fin_done=0 fin_drop=0 fin_full=0 pub_p50=0us pub_max=0us inbox_drop=0
2026-10-02T19:29:33.027Z raft-obs: tx->1 enq=8028 drop=0 sent=8028 fail=0 hi=7 rtt_avg=34us get_avg=520us get_max=4173ms
2026-10-02T19:29:33.027Z raft-obs: tx->2 enq=8028 drop=0 sent=8028 fail=0 hi=5 rtt_avg=32us get_avg=505us get_max=4059ms
2026-10-02T19:29:33.027Z raft-obs: wait_timeouts=0 pump_hold_max=5us lock_wait_max=1us drain_max=4us tick_max=5us apply_max=0us persist_max=6us applies_in_worst=0 arc_miss=0 arc_term_miss=0 opid_replay=0 fin_q=0 fin_done=0 fin_drop=0 fin_full=0 pub_p50=0us pub_max=0us inbox_drop=0
2026-10-02T19:29:38.028Z raft-obs: tx->1 enq=8127 drop=0 sent=8127 fail=0 hi=7 rtt_avg=34us get_avg=513us get_max=4173ms
2026-10-02T19:29:38.028Z raft-obs: tx->2 enq=8127 drop=0 sent=8127 fail=0 hi=5 rtt_avg=32us get_avg=499us get_max=4059ms
2026-10-02T19:29:38.028Z raft-obs: wait_timeouts=0 pump_hold_max=9us lock_wait_max=1us drain_max=2us tick_max=9us apply_max=0us persist_max=1us applies_in_worst=0 arc_miss=0 arc_term_miss=0 opid_replay=0 fin_q=0 fin_done=0 fin_drop=0 fin_full=0 pub_p50=0us pub_max=0us inbox_drop=0
2026-10-02T19:29:43.029Z raft-obs: tx->1 enq=8226 drop=0 sent=8226 fail=0 hi=7 rtt_avg=34us get_avg=507us get_max=4173ms
2026-10-02T19:29:43.029Z raft-obs: tx->2 enq=8226 drop=0 sent=8226 fail=0 hi=5 rtt_avg=32us get_avg=493us get_max=4059ms
2026-10-02T19:29:43.029Z raft-obs: wait_timeouts=0 pump_hold_max=13us lock_wait_max=1us drain_max=2us tick_max=13us apply_max=0us persist_max=1us applies_in_worst=0 arc_miss=0 arc_term_miss=0 opid_replay=0 fin_q=0 fin_done=0 fin_drop=0 fin_full=0 pub_p50=0us pub_max=0us inbox_drop=0
2026-10-02T19:29:48.030Z raft-obs: tx->1 enq=8325 drop=0 sent=8325 fail=0 hi=7 rtt_avg=34us get_avg=501us get_max=4173ms
2026-10-02T19:29:48.030Z raft-obs: tx->2 enq=8325 drop=0 sent=8325 fail=0 hi=5 rtt_avg=32us get_avg=487us get_max=4059ms
2026-10-02T19:29:48.030Z raft-obs: wait_timeouts=0 pump_hold_max=11us lock_wait_max=1us drain_max=4us tick_max=11us apply_max=0us persist_max=1us applies_in_worst=0 arc_miss=0 arc_term_miss=0 opid_replay=0 fin_q=0 fin_done=0 fin_drop=0 fin_full=0 pub_p50=0us pub_max=0us inbox_drop=0
2026-10-02T19:29:53.031Z raft-obs: tx->1 enq=8424 drop=0 sent=8423 fail=0 hi=7 rtt_avg=34us get_avg=495us get_max=4173ms
2026-10-02T19:29:53.031Z raft-obs: tx->2 enq=8424 drop=0 sent=8423 fail=0 hi=5 rtt_avg=32us get_avg=482us get_max=4059ms
2026-10-02T19:29:53.031Z raft-obs: wait_timeouts=0 pump_hold_max=5us lock_wait_max=1us drain_max=5us tick_max=5us apply_max=0us persist_max=1us applies_in_worst=0 arc_miss=0 arc_term_miss=0 opid_replay=0 fin_q=0 fin_done=0 fin_drop=0 fin_full=0 pub_p50=0us pub_max=0us inbox_drop=0
2026-10-02T19:29:58.032Z raft-obs: tx->1 enq=8522 drop=0 sent=8522 fail=0 hi=7 rtt_avg=34us get_avg=490us get_max=4173ms
2026-10-02T19:29:58.032Z raft-obs: tx->2 enq=8522 drop=0 sent=8522 fail=0 hi=5 rtt_avg=32us get_avg=476us get_max=4059ms
2026-10-02T19:29:58.032Z raft-obs: wait_timeouts=0 pump_hold_max=8us lock_wait_max=1us drain_max=2us tick_max=8us apply_max=0us persist_max=1us applies_in_worst=0 arc_miss=0 arc_term_miss=0 opid_replay=0 fin_q=0 fin_done=0 fin_drop=0 fin_full=0 pub_p50=0us pub_max=0us inbox_drop=0
2026-10-02T19:30:03.033Z raft-obs: tx->1 enq=8621 drop=0 sent=8621 fail=0 hi=7 rtt_avg=34us get_avg=484us get_max=4173ms
2026-10-02T19:30:03.033Z raft-obs: tx->2 enq=8621 drop=0 sent=8621 fail=0 hi=5 rtt_avg=32us get_avg=471us get_max=4059ms
2026-10-02T19:30:03.033Z raft-obs: wait_timeouts=0 pump_hold_max=9us lock_wait_max=1us drain_max=9us tick_max=5us apply_max=0us persist_max=1us applies_in_worst=0 arc_miss=0 arc_term_miss=0 opid_replay=0 fin_q=0 fin_done=0 fin_drop=0 fin_full=0 pub_p50=0us pub_max=0us inbox_drop=0
2026-10-02T19:30:08.034Z raft-obs: tx->1 enq=8720 drop=0 sent=8720 fail=0 hi=7 rtt_avg=34us get_avg=478us get_max=4173ms
2026-10-02T19:30:08.034Z raft-obs: tx->2 enq=8720 drop=0 sent=8720 fail=0 hi=5 rtt_avg=32us get_avg=465us get_max=4059ms
2026-10-02T19:30:08.034Z raft-obs: wait_timeouts=0 pump_hold_max=9us lock_wait_max=6us drain_max=2us tick_max=9us apply_max=0us persist_max=1us applies_in_worst=0 arc_miss=0 arc_term_miss=0 opid_replay=0 fin_q=0 fin_done=0 fin_drop=0 fin_full=0 pub_p50=0us pub_max=0us inbox_drop=0
2026-10-02T19:30:13.035Z raft-obs: tx->1 enq=8819 drop=0 sent=8819 fail=0 hi=7 rtt_avg=34us get_avg=473us get_max=4173ms
2026-10-02T19:30:13.035Z raft-obs: tx->2 enq=8819 drop=0 sent=8819 fail=0 hi=5 rtt_avg=32us get_avg=460us get_max=4059ms
2026-10-02T19:30:13.035Z raft-obs: wait_timeouts=0 pump_hold_max=14us lock_wait_max=11us drain_max=2us tick_max=14us apply_max=0us persist_max=3us applies_in_worst=0 arc_miss=0 arc_term_miss=0 opid_replay=0 fin_q=0 fin_done=0 fin_drop=0 fin_full=0 pub_p50=0us pub_max=0us inbox_drop=0
2026-10-02T19:30:18.036Z raft-obs: tx->1 enq=8918 drop=0 sent=8917 fail=0 hi=7 rtt_avg=34us get_avg=468us get_max=4173ms
2026-10-02T19:30:18.036Z raft-obs: tx->2 enq=8918 drop=0 sent=8918 fail=0 hi=5 rtt_avg=32us get_avg=455us get_max=4059ms
2026-10-02T19:30:18.036Z raft-obs: wait_timeouts=0 pump_hold_max=12us lock_wait_max=1us drain_max=4us tick_max=12us apply_max=0us persist_max=4us applies_in_worst=0 arc_miss=0 arc_term_miss=0 opid_replay=0 fin_q=0 fin_done=0 fin_drop=0 fin_full=0 pub_p50=0us pub_max=0us inbox_drop=0
2026-10-02T19:30:23.037Z raft-obs: tx->1 enq=9016 drop=0 sent=9016 fail=0 hi=7 rtt_avg=34us get_avg=463us get_max=4173ms
2026-10-02T19:30:23.037Z raft-obs: tx->2 enq=9016 drop=0 sent=9016 fail=0 hi=5 rtt_avg=32us get_avg=450us get_max=4059ms
2026-10-02T19:30:23.037Z raft-obs: wait_timeouts=0 pump_hold_max=13us lock_wait_max=1us drain_max=8us tick_max=13us apply_max=0us persist_max=1us applies_in_worst=0 arc_miss=0 arc_term_miss=0 opid_replay=0 fin_q=0 fin_done=0 fin_drop=0 fin_full=0 pub_p50=0us pub_max=0us inbox_drop=0
2026-10-02T19:30:28.038Z raft-obs: tx->1 enq=9115 drop=0 sent=9115 fail=0 hi=7 rtt_avg=34us get_avg=458us get_max=4173ms
2026-10-02T19:30:28.038Z raft-obs: tx->2 enq=9115 drop=0 sent=9115 fail=0 hi=5 rtt_avg=32us get_avg=445us get_max=4059ms
2026-10-02T19:30:28.038Z raft-obs: wait_timeouts=0 pump_hold_max=13us lock_wait_max=1us drain_max=4us tick_max=13us apply_max=0us persist_max=1us applies_in_worst=0 arc_miss=0 arc_term_miss=0 opid_replay=0 fin_q=0 fin_done=0 fin_drop=0 fin_full=0 pub_p50=0us pub_max=0us inbox_drop=0
2026-10-02T19:30:33.039Z raft-obs: tx->1 enq=9214 drop=0 sent=9214 fail=0 hi=7 rtt_avg=34us get_avg=453us get_max=4173ms
2026-10-02T19:30:33.039Z raft-obs: tx->2 enq=9214 drop=0 sent=9214 fail=0 hi=5 rtt_avg=32us get_avg=440us get_max=4059ms
2026-10-02T19:30:33.039Z raft-obs: wait_timeouts=0 pump_hold_max=9us lock_wait_max=3us drain_max=2us tick_max=9us apply_max=0us persist_max=3us applies_in_worst=0 arc_miss=0 arc_term_miss=0 opid_replay=0 fin_q=0 fin_done=0 fin_drop=0 fin_full=0 pub_p50=0us pub_max=0us inbox_drop=0
2026-10-02T19:30:38.041Z raft-obs: tx->1 enq=9313 drop=0 sent=9313 fail=0 hi=7 rtt_avg=34us get_avg=448us get_max=4173ms
2026-10-02T19:30:38.041Z raft-obs: tx->2 enq=9313 drop=0 sent=9313 fail=0 hi=5 rtt_avg=32us get_avg=436us get_max=4059ms
2026-10-02T19:30:38.041Z raft-obs: wait_timeouts=0 pump_hold_max=9us lock_wait_max=1us drain_max=7us tick_max=9us apply_max=0us persist_max=1us applies_in_worst=0 arc_miss=0 arc_term_miss=0 opid_replay=0 fin_q=0 fin_done=0 fin_drop=0 fin_full=0 pub_p50=0us pub_max=0us inbox_drop=0
2026-10-02T19:30:43.042Z raft-obs: tx->1 enq=9412 drop=0 sent=9411 fail=0 hi=7 rtt_avg=34us get_avg=443us get_max=4173ms
2026-10-02T19:30:43.042Z raft-obs: tx->2 enq=9412 drop=0 sent=9411 fail=0 hi=5 rtt_avg=32us get_avg=431us get_max=4059ms
2026-10-02T19:30:43.042Z raft-obs: wait_timeouts=0 pump_hold_max=10us lock_wait_max=1us drain_max=1us tick_max=10us apply_max=0us persist_max=1us applies_in_worst=0 arc_miss=0 arc_term_miss=0 opid_replay=0 fin_q=0 fin_done=0 fin_drop=0 fin_full=0 pub_p50=0us pub_max=0us inbox_drop=0
2026-10-02T19:30:48.043Z raft-obs: tx->1 enq=9510 drop=0 sent=9510 fail=0 hi=7 rtt_avg=34us get_avg=439us get_max=4173ms
2026-10-02T19:30:48.043Z raft-obs: tx->2 enq=9510 drop=0 sent=9510 fail=0 hi=5 rtt_avg=32us get_avg=427us get_max=4059ms
2026-10-02T19:30:48.043Z raft-obs: wait_timeouts=0 pump_hold_max=10us lock_wait_max=1us drain_max=2us tick_max=10us apply_max=0us persist_max=6us applies_in_worst=0 arc_miss=0 arc_term_miss=0 opid_replay=0 fin_q=0 fin_done=0 fin_drop=0 fin_full=0 pub_p50=0us pub_max=0us inbox_drop=0
2026-10-02T19:30:53.044Z raft-obs: tx->1 enq=9609 drop=0 sent=9609 fail=0 hi=7 rtt_avg=34us get_avg=434us get_max=4173ms
2026-10-02T19:30:53.044Z raft-obs: tx->2 enq=9609 drop=0 sent=9609 fail=0 hi=5 rtt_avg=32us get_avg=422us get_max=4059ms
2026-10-02T19:30:53.044Z raft-obs: wait_timeouts=0 pump_hold_max=6us lock_wait_max=1us drain_max=2us tick_max=5us apply_max=0us persist_max=1us applies_in_worst=0 arc_miss=0 arc_term_miss=0 opid_replay=0 fin_q=0 fin_done=0 fin_drop=0 fin_full=0 pub_p50=0us pub_max=0us inbox_drop=0
2026-10-02T19:30:58.045Z raft-obs: tx->1 enq=9708 drop=0 sent=9708 fail=0 hi=7 rtt_avg=34us get_avg=430us get_max=4173ms
2026-10-02T19:30:58.045Z raft-obs: tx->2 enq=9708 drop=0 sent=9708 fail=0 hi=5 rtt_avg=32us get_avg=418us get_max=4059ms
2026-10-02T19:30:58.045Z raft-obs: wait_timeouts=0 pump_hold_max=13us lock_wait_max=5us drain_max=13us tick_max=5us apply_max=0us persist_max=8us applies_in_worst=0 arc_miss=0 arc_term_miss=0 opid_replay=0 fin_q=0 fin_done=0 fin_drop=0 fin_full=0 pub_p50=0us pub_max=0us inbox_drop=0
2026-10-02T19:31:03.046Z raft-obs: tx->1 enq=9807 drop=0 sent=9807 fail=0 hi=7 rtt_avg=34us get_avg=425us get_max=4173ms
2026-10-02T19:31:03.046Z raft-obs: tx->2 enq=9807 drop=0 sent=9807 fail=0 hi=5 rtt_avg=32us get_avg=414us get_max=4059ms
2026-10-02T19:31:03.046Z raft-obs: wait_timeouts=0 pump_hold_max=7us lock_wait_max=1us drain_max=2us tick_max=7us apply_max=0us persist_max=1us applies_in_worst=0 arc_miss=0 arc_term_miss=0 opid_replay=0 fin_q=0 fin_done=0 fin_drop=0 fin_full=0 pub_p50=0us pub_max=0us inbox_drop=0
2026-10-02T19:31:08.047Z raft-obs: tx->1 enq=9906 drop=0 sent=9905 fail=0 hi=7 rtt_avg=34us get_avg=421us get_max=4173ms
2026-10-02T19:31:08.047Z raft-obs: tx->2 enq=9906 drop=0 sent=9905 fail=0 hi=5 rtt_avg=32us get_avg=410us get_max=4059ms
2026-10-02T19:31:08.047Z raft-obs: wait_timeouts=0 pump_hold_max=9us lock_wait_max=3us drain_max=1us tick_max=9us apply_max=0us persist_max=1us applies_in_worst=0 arc_miss=0 arc_term_miss=0 opid_replay=0 fin_q=0 fin_done=0 fin_drop=0 fin_full=0 pub_p50=0us pub_max=0us inbox_drop=0
2026-10-02T19:31:13.049Z raft-obs: tx->1 enq=10004 drop=0 sent=10004 fail=0 hi=7 rtt_avg=34us get_avg=417us get_max=4173ms
2026-10-02T19:31:13.049Z raft-obs: tx->2 enq=10004 drop=0 sent=10004 fail=0 hi=5 rtt_avg=32us get_avg=406us get_max=4059ms
2026-10-02T19:31:13.049Z raft-obs: wait_timeouts=0 pump_hold_max=9us lock_wait_max=1us drain_max=2us tick_max=9us apply_max=0us persist_max=3us applies_in_worst=0 arc_miss=0 arc_term_miss=0 opid_replay=0 fin_q=0 fin_done=0 fin_drop=0 fin_full=0 pub_p50=0us pub_max=0us inbox_drop=0
2026-10-02T19:31:18.050Z raft-obs: tx->1 enq=10103 drop=0 sent=10103 fail=0 hi=7 rtt_avg=34us get_avg=413us get_max=4173ms
2026-10-02T19:31:18.050Z raft-obs: tx->2 enq=10103 drop=0 sent=10103 fail=0 hi=5 rtt_avg=32us get_avg=402us get_max=4059ms
2026-10-02T19:31:18.050Z raft-obs: wait_timeouts=0 pump_hold_max=13us lock_wait_max=1us drain_max=1us tick_max=13us apply_max=0us persist_max=1us applies_in_worst=0 arc_miss=0 arc_term_miss=0 opid_replay=0 fin_q=0 fin_done=0 fin_drop=0 fin_full=0 pub_p50=0us pub_max=0us inbox_drop=0
2026-10-02T19:31:23.051Z raft-obs: tx->1 enq=10202 drop=0 sent=10202 fail=0 hi=7 rtt_avg=34us get_avg=409us get_max=4173ms
2026-10-02T19:31:23.051Z raft-obs: tx->2 enq=10202 drop=0 sent=10202 fail=0 hi=5 rtt_avg=32us get_avg=398us get_max=4059ms
2026-10-02T19:31:23.051Z raft-obs: wait_timeouts=0 pump_hold_max=8us lock_wait_max=1us drain_max=1us tick_max=8us apply_max=0us persist_max=3us applies_in_worst=0 arc_miss=0 arc_term_miss=0 opid_replay=0 fin_q=0 fin_done=0 fin_drop=0 fin_full=0 pub_p50=0us pub_max=0us inbox_drop=0
2026-10-02T19:31:28.052Z raft-obs: tx->1 enq=10301 drop=0 sent=10301 fail=0 hi=7 rtt_avg=34us get_avg=405us get_max=4173ms
2026-10-02T19:31:28.052Z raft-obs: tx->2 enq=10301 drop=0 sent=10301 fail=0 hi=5 rtt_avg=32us get_avg=394us get_max=4059ms
2026-10-02T19:31:28.052Z raft-obs: wait_timeouts=0 pump_hold_max=16us lock_wait_max=1us drain_max=10us tick_max=15us apply_max=0us persist_max=1us applies_in_worst=0 arc_miss=0 arc_term_miss=0 opid_replay=0 fin_q=0 fin_done=0 fin_drop=0 fin_full=0 pub_p50=0us pub_max=0us inbox_drop=0
2026-10-02T19:31:33.053Z raft-obs: tx->1 enq=10400 drop=0 sent=10399 fail=0 hi=7 rtt_avg=34us get_avg=401us get_max=4173ms
2026-10-02T19:31:33.053Z raft-obs: tx->2 enq=10400 drop=0 sent=10399 fail=0 hi=5 rtt_avg=32us get_avg=390us get_max=4059ms
2026-10-02T19:31:33.053Z raft-obs: wait_timeouts=0 pump_hold_max=5us lock_wait_max=1us drain_max=3us tick_max=5us apply_max=0us persist_max=5us applies_in_worst=0 arc_miss=0 arc_term_miss=0 opid_replay=0 fin_q=0 fin_done=0 fin_drop=0 fin_full=0 pub_p50=0us pub_max=0us inbox_drop=0
2026-10-02T19:31:38.055Z raft-obs: tx->1 enq=10498 drop=0 sent=10498 fail=0 hi=7 rtt_avg=34us get_avg=397us get_max=4173ms
2026-10-02T19:31:38.055Z raft-obs: tx->2 enq=10498 drop=0 sent=10498 fail=0 hi=5 rtt_avg=32us get_avg=386us get_max=4059ms
2026-10-02T19:31:38.055Z raft-obs: wait_timeouts=0 pump_hold_max=6us lock_wait_max=1us drain_max=5us tick_max=6us apply_max=0us persist_max=1us applies_in_worst=0 arc_miss=0 arc_term_miss=0 opid_replay=0 fin_q=0 fin_done=0 fin_drop=0 fin_full=0 pub_p50=0us pub_max=0us inbox_drop=0
2026-10-02T19:31:43.056Z raft-obs: tx->1 enq=10597 drop=0 sent=10597 fail=0 hi=7 rtt_avg=34us get_avg=394us get_max=4173ms
2026-10-02T19:31:43.056Z raft-obs: tx->2 enq=10597 drop=0 sent=10597 fail=0 hi=5 rtt_avg=32us get_avg=383us get_max=4059ms
2026-10-02T19:31:43.056Z raft-obs: wait_timeouts=0 pump_hold_max=5us lock_wait_max=1us drain_max=2us tick_max=4us apply_max=0us persist_max=6us applies_in_worst=0 arc_miss=0 arc_term_miss=0 opid_replay=0 fin_q=0 fin_done=0 fin_drop=0 fin_full=0 pub_p50=0us pub_max=0us inbox_drop=0
2026-10-02T19:31:48.057Z raft-obs: tx->1 enq=10696 drop=0 sent=10696 fail=0 hi=7 rtt_avg=34us get_avg=390us get_max=4173ms
2026-10-02T19:31:48.057Z raft-obs: tx->2 enq=10696 drop=0 sent=10696 fail=0 hi=5 rtt_avg=32us get_avg=379us get_max=4059ms
2026-10-02T19:31:48.057Z raft-obs: wait_timeouts=0 pump_hold_max=24us lock_wait_max=1us drain_max=2us tick_max=24us apply_max=0us persist_max=1us applies_in_worst=0 arc_miss=0 arc_term_miss=0 opid_replay=0 fin_q=0 fin_done=0 fin_drop=0 fin_full=0 pub_p50=0us pub_max=0us inbox_drop=0
2026-10-02T19:31:53.058Z raft-obs: tx->1 enq=10795 drop=0 sent=10795 fail=0 hi=7 rtt_avg=34us get_avg=386us get_max=4173ms
2026-10-02T19:31:53.058Z raft-obs: tx->2 enq=10795 drop=0 sent=10795 fail=0 hi=5 rtt_avg=32us get_avg=376us get_max=4059ms
2026-10-02T19:31:53.058Z raft-obs: wait_timeouts=0 pump_hold_max=9us lock_wait_max=1us drain_max=2us tick_max=8us apply_max=0us persist_max=10us applies_in_worst=0 arc_miss=0 arc_term_miss=0 opid_replay=0 fin_q=0 fin_done=0 fin_drop=0 fin_full=0 pub_p50=0us pub_max=0us inbox_drop=0
2026-10-02T19:31:58.059Z raft-obs: tx->1 enq=10894 drop=0 sent=10893 fail=0 hi=7 rtt_avg=34us get_avg=383us get_max=4173ms
2026-10-02T19:31:58.059Z raft-obs: tx->2 enq=10894 drop=0 sent=10893 fail=0 hi=5 rtt_avg=32us get_avg=372us get_max=4059ms
2026-10-02T19:31:58.059Z raft-obs: wait_timeouts=0 pump_hold_max=5us lock_wait_max=1us drain_max=2us tick_max=5us apply_max=0us persist_max=1us applies_in_worst=0 arc_miss=0 arc_term_miss=0 opid_replay=0 fin_q=0 fin_done=0 fin_drop=0 fin_full=0 pub_p50=0us pub_max=0us inbox_drop=0
2026-10-02T19:32:03.060Z raft-obs: tx->1 enq=10992 drop=0 sent=10992 fail=0 hi=7 rtt_avg=34us get_avg=379us get_max=4173ms
2026-10-02T19:32:03.060Z raft-obs: tx->2 enq=10992 drop=0 sent=10992 fail=0 hi=5 rtt_avg=32us get_avg=369us get_max=4059ms
2026-10-02T19:32:03.060Z raft-obs: wait_timeouts=0 pump_hold_max=9us lock_wait_max=1us drain_max=1us tick_max=9us apply_max=0us persist_max=1us applies_in_worst=0 arc_miss=0 arc_term_miss=0 opid_replay=0 fin_q=0 fin_done=0 fin_drop=0 fin_full=0 pub_p50=0us pub_max=0us inbox_drop=0
2026-10-02T19:32:08.061Z raft-obs: tx->1 enq=11091 drop=0 sent=11091 fail=0 hi=7 rtt_avg=34us get_avg=376us get_max=4173ms
2026-10-02T19:32:08.061Z raft-obs: tx->2 enq=11091 drop=0 sent=11091 fail=0 hi=5 rtt_avg=32us get_avg=366us get_max=4059ms
2026-10-02T19:32:08.061Z raft-obs: wait_timeouts=0 pump_hold_max=6us lock_wait_max=1us drain_max=2us tick_max=6us apply_max=0us persist_max=6us applies_in_worst=0 arc_miss=0 arc_term_miss=0 opid_replay=0 fin_q=0 fin_done=0 fin_drop=0 fin_full=0 pub_p50=0us pub_max=0us inbox_drop=0
2026-10-02T19:32:13.062Z raft-obs: tx->1 enq=11190 drop=0 sent=11190 fail=0 hi=7 rtt_avg=34us get_avg=373us get_max=4173ms
2026-10-02T19:32:13.062Z raft-obs: tx->2 enq=11190 drop=0 sent=11190 fail=0 hi=5 rtt_avg=32us get_avg=363us get_max=4059ms
2026-10-02T19:32:13.062Z raft-obs: wait_timeouts=0 pump_hold_max=7us lock_wait_max=1us drain_max=6us tick_max=7us apply_max=0us persist_max=1us applies_in_worst=0 arc_miss=0 arc_term_miss=0 opid_replay=0 fin_q=0 fin_done=0 fin_drop=0 fin_full=0 pub_p50=0us pub_max=0us inbox_drop=0
2026-10-02T19:32:18.063Z raft-obs: tx->1 enq=11289 drop=0 sent=11289 fail=0 hi=7 rtt_avg=34us get_avg=369us get_max=4173ms
2026-10-02T19:32:18.063Z raft-obs: tx->2 enq=11289 drop=0 sent=11289 fail=0 hi=5 rtt_avg=32us get_avg=359us get_max=4059ms
2026-10-02T19:32:18.063Z raft-obs: wait_timeouts=0 pump_hold_max=15us lock_wait_max=1us drain_max=2us tick_max=14us apply_max=0us persist_max=1us applies_in_worst=0 arc_miss=0 arc_term_miss=0 opid_replay=0 fin_q=0 fin_done=0 fin_drop=0 fin_full=0 pub_p50=0us pub_max=0us inbox_drop=0
2026-10-02T19:32:23.064Z raft-obs: tx->1 enq=11388 drop=0 sent=11387 fail=0 hi=7 rtt_avg=34us get_avg=366us get_max=4173ms
2026-10-02T19:32:23.064Z raft-obs: tx->2 enq=11388 drop=0 sent=11387 fail=0 hi=5 rtt_avg=32us get_avg=356us get_max=4059ms
2026-10-02T19:32:23.064Z raft-obs: wait_timeouts=0 pump_hold_max=8us lock_wait_max=3us drain_max=1us tick_max=8us apply_max=0us persist_max=1us applies_in_worst=0 arc_miss=0 arc_term_miss=0 opid_replay=0 fin_q=0 fin_done=0 fin_drop=0 fin_full=0 pub_p50=0us pub_max=0us inbox_drop=0
2026-10-02T19:32:28.065Z raft-obs: tx->1 enq=11486 drop=0 sent=11486 fail=0 hi=7 rtt_avg=34us get_avg=363us get_max=4173ms
2026-10-02T19:32:28.065Z raft-obs: tx->2 enq=11486 drop=0 sent=11486 fail=0 hi=5 rtt_avg=32us get_avg=353us get_max=4059ms
2026-10-02T19:32:28.065Z raft-obs: wait_timeouts=0 pump_hold_max=9us lock_wait_max=3us drain_max=9us tick_max=6us apply_max=0us persist_max=1us applies_in_worst=0 arc_miss=0 arc_term_miss=0 opid_replay=0 fin_q=0 fin_done=0 fin_drop=0 fin_full=0 pub_p50=0us pub_max=0us inbox_drop=0
2026-10-02T19:32:33.066Z raft-obs: tx->1 enq=11585 drop=0 sent=11585 fail=0 hi=7 rtt_avg=34us get_avg=360us get_max=4173ms
2026-10-02T19:32:33.066Z raft-obs: tx->2 enq=11585 drop=0 sent=11585 fail=0 hi=5 rtt_avg=32us get_avg=350us get_max=4059ms
2026-10-02T19:32:33.066Z raft-obs: wait_timeouts=0 pump_hold_max=16us lock_wait_max=1us drain_max=2us tick_max=16us apply_max=0us persist_max=1us applies_in_worst=0 arc_miss=0 arc_term_miss=0 opid_replay=0 fin_q=0 fin_done=0 fin_drop=0 fin_full=0 pub_p50=0us pub_max=0us inbox_drop=0
2026-10-02T19:32:38.067Z raft-obs: tx->1 enq=11684 drop=0 sent=11684 fail=0 hi=7 rtt_avg=34us get_avg=357us get_max=4173ms
2026-10-02T19:32:38.067Z raft-obs: tx->2 enq=11684 drop=0 sent=11684 fail=0 hi=5 rtt_avg=32us get_avg=347us get_max=4059ms
2026-10-02T19:32:38.067Z raft-obs: wait_timeouts=0 pump_hold_max=10us lock_wait_max=1us drain_max=2us tick_max=10us apply_max=0us persist_max=1us applies_in_worst=0 arc_miss=0 arc_term_miss=0 opid_replay=0 fin_q=0 fin_done=0 fin_drop=0 fin_full=0 pub_p50=0us pub_max=0us inbox_drop=0
2026-10-02T19:32:43.068Z raft-obs: tx->1 enq=11783 drop=0 sent=11783 fail=0 hi=7 rtt_avg=34us get_avg=354us get_max=4173ms
2026-10-02T19:32:43.068Z raft-obs: tx->2 enq=11783 drop=0 sent=11783 fail=0 hi=5 rtt_avg=32us get_avg=344us get_max=4059ms
2026-10-02T19:32:43.068Z raft-obs: wait_timeouts=0 pump_hold_max=6us lock_wait_max=5us drain_max=3us tick_max=6us apply_max=0us persist_max=4us applies_in_worst=0 arc_miss=0 arc_term_miss=0 opid_replay=0 fin_q=0 fin_done=0 fin_drop=0 fin_full=0 pub_p50=0us pub_max=0us inbox_drop=0
2026-10-02T19:32:48.069Z raft-obs: tx->1 enq=11882 drop=0 sent=11881 fail=0 hi=7 rtt_avg=33us get_avg=351us get_max=4173ms
2026-10-02T19:32:48.069Z raft-obs: tx->2 enq=11882 drop=0 sent=11881 fail=0 hi=5 rtt_avg=32us get_avg=341us get_max=4059ms
2026-10-02T19:32:48.069Z raft-obs: wait_timeouts=0 pump_hold_max=17us lock_wait_max=2us drain_max=3us tick_max=16us apply_max=0us persist_max=1us applies_in_worst=0 arc_miss=0 arc_term_miss=0 opid_replay=0 fin_q=0 fin_done=0 fin_drop=0 fin_full=0 pub_p50=0us pub_max=0us inbox_drop=0
2026-10-02T19:32:53.070Z raft-obs: tx->1 enq=11980 drop=0 sent=11980 fail=0 hi=7 rtt_avg=33us get_avg=348us get_max=4173ms
2026-10-02T19:32:53.071Z raft-obs: tx->2 enq=11980 drop=0 sent=11980 fail=0 hi=5 rtt_avg=32us get_avg=339us get_max=4059ms
2026-10-02T19:32:53.071Z raft-obs: wait_timeouts=0 pump_hold_max=15us lock_wait_max=1us drain_max=2us tick_max=15us apply_max=0us persist_max=5us applies_in_worst=0 arc_miss=0 arc_term_miss=0 opid_replay=0 fin_q=0 fin_done=0 fin_drop=0 fin_full=0 pub_p50=0us pub_max=0us inbox_drop=0
2026-10-02T19:32:58.071Z raft-obs: tx->1 enq=12079 drop=0 sent=12079 fail=0 hi=7 rtt_avg=33us get_avg=345us get_max=4173ms
2026-10-02T19:32:58.071Z raft-obs: tx->2 enq=12079 drop=0 sent=12079 fail=0 hi=5 rtt_avg=32us get_avg=336us get_max=4059ms
2026-10-02T19:32:58.071Z raft-obs: wait_timeouts=0 pump_hold_max=8us lock_wait_max=1us drain_max=2us tick_max=8us apply_max=0us persist_max=3us applies_in_worst=0 arc_miss=0 arc_term_miss=0 opid_replay=0 fin_q=0 fin_done=0 fin_drop=0 fin_full=0 pub_p50=0us pub_max=0us inbox_drop=0
2026-10-02T19:33:03.073Z raft-obs: tx->1 enq=12178 drop=0 sent=12178 fail=0 hi=7 rtt_avg=33us get_avg=342us get_max=4173ms
2026-10-02T19:33:03.073Z raft-obs: tx->2 enq=12178 drop=0 sent=12178 fail=0 hi=5 rtt_avg=32us get_avg=333us get_max=4059ms
2026-10-02T19:33:03.073Z raft-obs: wait_timeouts=0 pump_hold_max=15us lock_wait_max=1us drain_max=1us tick_max=15us apply_max=0us persist_max=5us applies_in_worst=0 arc_miss=0 arc_term_miss=0 opid_replay=0 fin_q=0 fin_done=0 fin_drop=0 fin_full=0 pub_p50=0us pub_max=0us inbox_drop=0
2026-10-02T19:33:08.073Z raft-obs: tx->1 enq=12277 drop=0 sent=12277 fail=0 hi=7 rtt_avg=33us get_avg=340us get_max=4173ms
2026-10-02T19:33:08.073Z raft-obs: tx->2 enq=12277 drop=0 sent=12277 fail=0 hi=5 rtt_avg=32us get_avg=330us get_max=4059ms
2026-10-02T19:33:08.073Z raft-obs: wait_timeouts=0 pump_hold_max=5us lock_wait_max=1us drain_max=2us tick_max=5us apply_max=0us persist_max=1us applies_in_worst=0 arc_miss=0 arc_term_miss=0 opid_replay=0 fin_q=0 fin_done=0 fin_drop=0 fin_full=0 pub_p50=0us pub_max=0us inbox_drop=0
2026-10-02T19:33:13.075Z raft-obs: tx->1 enq=12376 drop=0 sent=12375 fail=0 hi=7 rtt_avg=33us get_avg=337us get_max=4173ms
2026-10-02T19:33:13.075Z raft-obs: tx->2 enq=12376 drop=0 sent=12375 fail=0 hi=5 rtt_avg=32us get_avg=328us get_max=4059ms
2026-10-02T19:33:13.075Z raft-obs: wait_timeouts=0 pump_hold_max=8us lock_wait_max=1us drain_max=2us tick_max=8us apply_max=0us persist_max=30us applies_in_worst=0 arc_miss=0 arc_term_miss=0 opid_replay=0 fin_q=0 fin_done=0 fin_drop=0 fin_full=0 pub_p50=0us pub_max=0us inbox_drop=0
2026-10-02T19:33:18.076Z raft-obs: tx->1 enq=12474 drop=0 sent=12474 fail=0 hi=7 rtt_avg=33us get_avg=334us get_max=4173ms
2026-10-02T19:33:18.076Z raft-obs: tx->2 enq=12474 drop=0 sent=12474 fail=0 hi=5 rtt_avg=32us get_avg=325us get_max=4059ms
2026-10-02T19:33:18.076Z raft-obs: wait_timeouts=0 pump_hold_max=9us lock_wait_max=1us drain_max=1us tick_max=9us apply_max=0us persist_max=1us applies_in_worst=0 arc_miss=0 arc_term_miss=0 opid_replay=0 fin_q=0 fin_done=0 fin_drop=0 fin_full=0 pub_p50=0us pub_max=0us inbox_drop=0
2026-10-02T19:33:23.077Z raft-obs: tx->1 enq=12573 drop=0 sent=12573 fail=0 hi=7 rtt_avg=33us get_avg=332us get_max=4173ms
2026-10-02T19:33:23.077Z raft-obs: tx->2 enq=12573 drop=0 sent=12573 fail=0 hi=5 rtt_avg=32us get_avg=323us get_max=4059ms
2026-10-02T19:33:23.077Z raft-obs: wait_timeouts=0 pump_hold_max=13us lock_wait_max=1us drain_max=2us tick_max=13us apply_max=0us persist_max=1us applies_in_worst=0 arc_miss=0 arc_term_miss=0 opid_replay=0 fin_q=0 fin_done=0 fin_drop=0 fin_full=0 pub_p50=0us pub_max=0us inbox_drop=0
2026-10-02T19:33:28.078Z raft-obs: tx->1 enq=12672 drop=0 sent=12672 fail=0 hi=7 rtt_avg=33us get_avg=329us get_max=4173ms
2026-10-02T19:33:28.078Z raft-obs: tx->2 enq=12672 drop=0 sent=12672 fail=0 hi=5 rtt_avg=32us get_avg=320us get_max=4059ms
2026-10-02T19:33:28.078Z raft-obs: wait_timeouts=0 pump_hold_max=9us lock_wait_max=1us drain_max=4us tick_max=9us apply_max=0us persist_max=5us applies_in_worst=0 arc_miss=0 arc_term_miss=0 opid_replay=0 fin_q=0 fin_done=0 fin_drop=0 fin_full=0 pub_p50=0us pub_max=0us inbox_drop=0
2026-10-02T19:33:33.079Z raft-obs: tx->1 enq=12771 drop=0 sent=12771 fail=0 hi=7 rtt_avg=33us get_avg=327us get_max=4173ms
2026-10-02T19:33:33.079Z raft-obs: tx->2 enq=12771 drop=0 sent=12771 fail=0 hi=5 rtt_avg=32us get_avg=318us get_max=4059ms
2026-10-02T19:33:33.079Z raft-obs: wait_timeouts=0 pump_hold_max=8us lock_wait_max=1us drain_max=1us tick_max=8us apply_max=0us persist_max=8us applies_in_worst=0 arc_miss=0 arc_term_miss=0 opid_replay=0 fin_q=0 fin_done=0 fin_drop=0 fin_full=0 pub_p50=0us pub_max=0us inbox_drop=0
2026-10-02T19:33:38.080Z raft-obs: tx->1 enq=12870 drop=0 sent=12869 fail=0 hi=7 rtt_avg=33us get_avg=324us get_max=4173ms
2026-10-02T19:33:38.080Z raft-obs: tx->2 enq=12870 drop=0 sent=12869 fail=0 hi=5 rtt_avg=32us get_avg=315us get_max=4059ms
2026-10-02T19:33:38.080Z raft-obs: wait_timeouts=0 pump_hold_max=13us lock_wait_max=4us drain_max=2us tick_max=13us apply_max=0us persist_max=1us applies_in_worst=0 arc_miss=0 arc_term_miss=0 opid_replay=0 fin_q=0 fin_done=0 fin_drop=0 fin_full=0 pub_p50=0us pub_max=0us inbox_drop=0
2026-10-02T19:33:43.081Z raft-obs: tx->1 enq=12968 drop=0 sent=12968 fail=0 hi=7 rtt_avg=33us get_avg=322us get_max=4173ms
2026-10-02T19:33:43.081Z raft-obs: tx->2 enq=12968 drop=0 sent=12968 fail=0 hi=5 rtt_avg=32us get_avg=313us get_max=4059ms
2026-10-02T19:33:43.081Z raft-obs: wait_timeouts=0 pump_hold_max=5us lock_wait_max=1us drain_max=4us tick_max=5us apply_max=0us persist_max=1us applies_in_worst=0 arc_miss=0 arc_term_miss=0 opid_replay=0 fin_q=0 fin_done=0 fin_drop=0 fin_full=0 pub_p50=0us pub_max=0us inbox_drop=0
2026-10-02T19:33:48.082Z raft-obs: tx->1 enq=13067 drop=0 sent=13067 fail=0 hi=7 rtt_avg=33us get_avg=319us get_max=4173ms
2026-10-02T19:33:48.082Z raft-obs: tx->2 enq=13067 drop=0 sent=13067 fail=0 hi=5 rtt_avg=32us get_avg=310us get_max=4059ms
2026-10-02T19:33:48.082Z raft-obs: wait_timeouts=0 pump_hold_max=11us lock_wait_max=1us drain_max=2us tick_max=11us apply_max=0us persist_max=3us applies_in_worst=0 arc_miss=0 arc_term_miss=0 opid_replay=0 fin_q=0 fin_done=0 fin_drop=0 fin_full=0 pub_p50=0us pub_max=0us inbox_drop=0
2026-10-02T19:33:53.083Z raft-obs: tx->1 enq=13166 drop=0 sent=13166 fail=0 hi=7 rtt_avg=33us get_avg=317us get_max=4173ms
2026-10-02T19:33:53.083Z raft-obs: tx->2 enq=13166 drop=0 sent=13166 fail=0 hi=5 rtt_avg=32us get_avg=308us get_max=4059ms
2026-10-02T19:33:53.083Z raft-obs: wait_timeouts=0 pump_hold_max=7us lock_wait_max=1us drain_max=2us tick_max=6us apply_max=0us persist_max=1us applies_in_worst=0 arc_miss=0 arc_term_miss=0 opid_replay=0 fin_q=0 fin_done=0 fin_drop=0 fin_full=0 pub_p50=0us pub_max=0us inbox_drop=0
2026-10-02T19:33:58.084Z raft-obs: tx->1 enq=13265 drop=0 sent=13265 fail=0 hi=7 rtt_avg=33us get_avg=314us get_max=4173ms
2026-10-02T19:33:58.084Z raft-obs: tx->2 enq=13265 drop=0 sent=13265 fail=0 hi=5 rtt_avg=32us get_avg=306us get_max=4059ms
2026-10-02T19:33:58.084Z raft-obs: wait_timeouts=0 pump_hold_max=9us lock_wait_max=1us drain_max=1us tick_max=9us apply_max=0us persist_max=1us applies_in_worst=0 arc_miss=0 arc_term_miss=0 opid_replay=0 fin_q=0 fin_done=0 fin_drop=0 fin_full=0 pub_p50=0us pub_max=0us inbox_drop=0
2026-10-02T19:34:03.085Z raft-obs: tx->1 enq=13364 drop=0 sent=13363 fail=0 hi=7 rtt_avg=33us get_avg=312us get_max=4173ms
2026-10-02T19:34:03.085Z raft-obs: tx->2 enq=13364 drop=0 sent=13363 fail=0 hi=5 rtt_avg=32us get_avg=304us get_max=4059ms
2026-10-02T19:34:03.085Z raft-obs: wait_timeouts=0 pump_hold_max=7us lock_wait_max=1us drain_max=2us tick_max=7us apply_max=0us persist_max=5us applies_in_worst=0 arc_miss=0 arc_term_miss=0 opid_replay=0 fin_q=0 fin_done=0 fin_drop=0 fin_full=0 pub_p50=0us pub_max=0us inbox_drop=0
2026-10-02T19:34:08.086Z raft-obs: tx->1 enq=13462 drop=0 sent=13462 fail=0 hi=7 rtt_avg=33us get_avg=310us get_max=4173ms
2026-10-02T19:34:08.086Z raft-obs: tx->2 enq=13462 drop=0 sent=13462 fail=0 hi=5 rtt_avg=32us get_avg=301us get_max=4059ms
2026-10-02T19:34:08.086Z raft-obs: wait_timeouts=0 pump_hold_max=5us lock_wait_max=1us drain_max=2us tick_max=5us apply_max=0us persist_max=1us applies_in_worst=0 arc_miss=0 arc_term_miss=0 opid_replay=0 fin_q=0 fin_done=0 fin_drop=0 fin_full=0 pub_p50=0us pub_max=0us inbox_drop=0
2026-10-02T19:34:13.087Z raft-obs: tx->1 enq=13561 drop=0 sent=13561 fail=0 hi=7 rtt_avg=33us get_avg=308us get_max=4173ms
2026-10-02T19:34:13.087Z raft-obs: tx->2 enq=13561 drop=0 sent=13561 fail=0 hi=5 rtt_avg=32us get_avg=299us get_max=4059ms
2026-10-02T19:34:13.087Z raft-obs: wait_timeouts=0 pump_hold_max=13us lock_wait_max=4us drain_max=1us tick_max=13us apply_max=0us persist_max=1us applies_in_worst=0 arc_miss=0 arc_term_miss=0 opid_replay=0 fin_q=0 fin_done=0 fin_drop=0 fin_full=0 pub_p50=0us pub_max=0us inbox_drop=0
2026-10-02T19:34:18.088Z raft-obs: tx->1 enq=13660 drop=0 sent=13660 fail=0 hi=7 rtt_avg=33us get_avg=305us get_max=4173ms
2026-10-02T19:34:18.088Z raft-obs: tx->2 enq=13660 drop=0 sent=13660 fail=0 hi=5 rtt_avg=32us get_avg=297us get_max=4059ms
2026-10-02T19:34:18.088Z raft-obs: wait_timeouts=0 pump_hold_max=5us lock_wait_max=1us drain_max=2us tick_max=5us apply_max=0us persist_max=3us applies_in_worst=0 arc_miss=0 arc_term_miss=0 opid_replay=0 fin_q=0 fin_done=0 fin_drop=0 fin_full=0 pub_p50=0us pub_max=0us inbox_drop=0
2026-10-02T19:34:23.089Z raft-obs: tx->1 enq=13759 drop=0 sent=13759 fail=0 hi=7 rtt_avg=33us get_avg=303us get_max=4173ms
2026-10-02T19:34:23.089Z raft-obs: tx->2 enq=13759 drop=0 sent=13759 fail=0 hi=5 rtt_avg=32us get_avg=295us get_max=4059ms
2026-10-02T19:34:23.089Z raft-obs: wait_timeouts=0 pump_hold_max=7us lock_wait_max=1us drain_max=3us tick_max=7us apply_max=0us persist_max=8us applies_in_worst=0 arc_miss=0 arc_term_miss=0 opid_replay=0 fin_q=0 fin_done=0 fin_drop=0 fin_full=0 pub_p50=0us pub_max=0us inbox_drop=0
2026-10-02T19:34:28.090Z raft-obs: tx->1 enq=13858 drop=0 sent=13857 fail=0 hi=7 rtt_avg=33us get_avg=301us get_max=4173ms
2026-10-02T19:34:28.090Z raft-obs: tx->2 enq=13858 drop=0 sent=13857 fail=0 hi=5 rtt_avg=32us get_avg=293us get_max=4059ms
2026-10-02T19:34:28.090Z raft-obs: wait_timeouts=0 pump_hold_max=12us lock_wait_max=1us drain_max=2us tick_max=12us apply_max=0us persist_max=3us applies_in_worst=0 arc_miss=0 arc_term_miss=0 opid_replay=0 fin_q=0 fin_done=0 fin_drop=0 fin_full=0 pub_p50=0us pub_max=0us inbox_drop=0
2026-10-02T19:34:33.090Z raft-obs: tx->1 enq=13956 drop=0 sent=13956 fail=0 hi=7 rtt_avg=33us get_avg=299us get_max=4173ms
2026-10-02T19:34:33.090Z raft-obs: tx->2 enq=13956 drop=0 sent=13956 fail=0 hi=5 rtt_avg=32us get_avg=291us get_max=4059ms
2026-10-02T19:34:33.090Z raft-obs: wait_timeouts=0 pump_hold_max=5us lock_wait_max=1us drain_max=1us tick_max=5us apply_max=0us persist_max=1us applies_in_worst=0 arc_miss=0 arc_term_miss=0 opid_replay=0 fin_q=0 fin_done=0 fin_drop=0 fin_full=0 pub_p50=0us pub_max=0us inbox_drop=0
2026-10-02T19:34:38.091Z raft-obs: tx->1 enq=14055 drop=0 sent=14055 fail=0 hi=7 rtt_avg=33us get_avg=297us get_max=4173ms
2026-10-02T19:34:38.091Z raft-obs: tx->2 enq=14055 drop=0 sent=14055 fail=0 hi=5 rtt_avg=32us get_avg=289us get_max=4059ms
2026-10-02T19:34:38.091Z raft-obs: wait_timeouts=0 pump_hold_max=5us lock_wait_max=11us drain_max=2us tick_max=5us apply_max=0us persist_max=1us applies_in_worst=0 arc_miss=0 arc_term_miss=0 opid_replay=0 fin_q=0 fin_done=0 fin_drop=0 fin_full=0 pub_p50=0us pub_max=0us inbox_drop=0
2026-10-02T19:34:43.092Z raft-obs: tx->1 enq=14154 drop=0 sent=14154 fail=0 hi=7 rtt_avg=33us get_avg=295us get_max=4173ms
2026-10-02T19:34:43.092Z raft-obs: tx->2 enq=14154 drop=0 sent=14154 fail=0 hi=5 rtt_avg=32us get_avg=287us get_max=4059ms
2026-10-02T19:34:43.092Z raft-obs: wait_timeouts=0 pump_hold_max=5us lock_wait_max=1us drain_max=2us tick_max=5us apply_max=0us persist_max=5us applies_in_worst=0 arc_miss=0 arc_term_miss=0 opid_replay=0 fin_q=0 fin_done=0 fin_drop=0 fin_full=0 pub_p50=0us pub_max=0us inbox_drop=0
2026-10-02T19:34:48.093Z raft-obs: tx->1 enq=14253 drop=0 sent=14253 fail=0 hi=7 rtt_avg=33us get_avg=293us get_max=4173ms
2026-10-02T19:34:48.093Z raft-obs: tx->2 enq=14253 drop=0 sent=14253 fail=0 hi=5 rtt_avg=32us get_avg=285us get_max=4059ms
2026-10-02T19:34:48.093Z raft-obs: wait_timeouts=0 pump_hold_max=5us lock_wait_max=1us drain_max=2us tick_max=5us apply_max=0us persist_max=1us applies_in_worst=0 arc_miss=0 arc_term_miss=0 opid_replay=0 fin_q=0 fin_done=0 fin_drop=0 fin_full=0 pub_p50=0us pub_max=0us inbox_drop=0
2026-10-02T19:34:53.094Z raft-obs: tx->1 enq=14351 drop=0 sent=14351 fail=0 hi=7 rtt_avg=33us get_avg=291us get_max=4173ms
2026-10-02T19:34:53.094Z raft-obs: tx->2 enq=14351 drop=0 sent=14351 fail=0 hi=5 rtt_avg=32us get_avg=283us get_max=4059ms
2026-10-02T19:34:53.094Z raft-obs: wait_timeouts=0 pump_hold_max=10us lock_wait_max=1us drain_max=6us tick_max=10us apply_max=0us persist_max=4us applies_in_worst=0 arc_miss=0 arc_term_miss=0 opid_replay=0 fin_q=0 fin_done=0 fin_drop=0 fin_full=0 pub_p50=0us pub_max=0us inbox_drop=0
2026-10-02T19:34:58.095Z raft-obs: tx->1 enq=14450 drop=0 sent=14450 fail=0 hi=7 rtt_avg=33us get_avg=289us get_max=4173ms
2026-10-02T19:34:58.095Z raft-obs: tx->2 enq=14450 drop=0 sent=14450 fail=0 hi=5 rtt_avg=32us get_avg=281us get_max=4059ms
2026-10-02T19:34:58.095Z raft-obs: wait_timeouts=0 pump_hold_max=13us lock_wait_max=1us drain_max=1us tick_max=13us apply_max=0us persist_max=1us applies_in_worst=0 arc_miss=0 arc_term_miss=0 opid_replay=0 fin_q=0 fin_done=0 fin_drop=0 fin_full=0 pub_p50=0us pub_max=0us inbox_drop=0
2026-10-02T19:35:03.096Z raft-obs: tx->1 enq=14549 drop=0 sent=14549 fail=0 hi=7 rtt_avg=33us get_avg=287us get_max=4173ms
2026-10-02T19:35:03.096Z raft-obs: tx->2 enq=14549 drop=0 sent=14549 fail=0 hi=5 rtt_avg=32us get_avg=279us get_max=4059ms
2026-10-02T19:35:03.096Z raft-obs: wait_timeouts=0 pump_hold_max=8us lock_wait_max=1us drain_max=2us tick_max=8us apply_max=0us persist_max=1us applies_in_worst=0 arc_miss=0 arc_term_miss=0 opid_replay=0 fin_q=0 fin_done=0 fin_drop=0 fin_full=0 pub_p50=0us pub_max=0us inbox_drop=0
2026-10-02T19:35:08.097Z raft-obs: tx->1 enq=14648 drop=0 sent=14648 fail=0 hi=7 rtt_avg=33us get_avg=285us get_max=4173ms
2026-10-02T19:35:08.097Z raft-obs: tx->2 enq=14648 drop=0 sent=14648 fail=0 hi=5 rtt_avg=32us get_avg=277us get_max=4059ms
2026-10-02T19:35:08.097Z raft-obs: wait_timeouts=0 pump_hold_max=9us lock_wait_max=1us drain_max=1us tick_max=9us apply_max=0us persist_max=1us applies_in_worst=0 arc_miss=0 arc_term_miss=0 opid_replay=0 fin_q=0 fin_done=0 fin_drop=0 fin_full=0 pub_p50=0us pub_max=0us inbox_drop=0
2026-10-02T19:35:13.098Z raft-obs: tx->1 enq=14747 drop=0 sent=14747 fail=0 hi=7 rtt_avg=33us get_avg=283us get_max=4173ms
2026-10-02T19:35:13.098Z raft-obs: tx->2 enq=14747 drop=0 sent=14747 fail=0 hi=5 rtt_avg=32us get_avg=275us get_max=4059ms
2026-10-02T19:35:13.098Z raft-obs: wait_timeouts=0 pump_hold_max=11us lock_wait_max=3us drain_max=2us tick_max=11us apply_max=0us persist_max=1us applies_in_worst=0 arc_miss=0 arc_term_miss=0 opid_replay=0 fin_q=0 fin_done=0 fin_drop=0 fin_full=0 pub_p50=0us pub_max=0us inbox_drop=0
2026-10-02T19:35:18.099Z raft-obs: tx->1 enq=14845 drop=0 sent=14845 fail=0 hi=7 rtt_avg=33us get_avg=281us get_max=4173ms
2026-10-02T19:35:18.099Z raft-obs: tx->2 enq=14845 drop=0 sent=14845 fail=0 hi=5 rtt_avg=32us get_avg=273us get_max=4059ms
2026-10-02T19:35:18.099Z raft-obs: wait_timeouts=0 pump_hold_max=5us lock_wait_max=5us drain_max=2us tick_max=5us apply_max=0us persist_max=1us applies_in_worst=0 arc_miss=0 arc_term_miss=0 opid_replay=0 fin_q=0 fin_done=0 fin_drop=0 fin_full=0 pub_p50=0us pub_max=0us inbox_drop=0
2026-10-02T19:35:23.100Z raft-obs: tx->1 enq=14944 drop=0 sent=14944 fail=0 hi=7 rtt_avg=33us get_avg=279us get_max=4173ms
2026-10-02T19:35:23.100Z raft-obs: tx->2 enq=14944 drop=0 sent=14944 fail=0 hi=5 rtt_avg=32us get_avg=271us get_max=4059ms
2026-10-02T19:35:23.100Z raft-obs: wait_timeouts=0 pump_hold_max=12us lock_wait_max=1us drain_max=2us tick_max=12us apply_max=0us persist_max=5us applies_in_worst=0 arc_miss=0 arc_term_miss=0 opid_replay=0 fin_q=0 fin_done=0 fin_drop=0 fin_full=0 pub_p50=0us pub_max=0us inbox_drop=0
2026-10-02T19:35:28.100Z raft-obs: tx->1 enq=15043 drop=0 sent=15043 fail=0 hi=7 rtt_avg=33us get_avg=277us get_max=4173ms
2026-10-02T19:35:28.100Z raft-obs: tx->2 enq=15043 drop=0 sent=15043 fail=0 hi=5 rtt_avg=32us get_avg=270us get_max=4059ms
2026-10-02T19:35:28.100Z raft-obs: wait_timeouts=0 pump_hold_max=5us lock_wait_max=1us drain_max=2us tick_max=5us apply_max=0us persist_max=1us applies_in_worst=0 arc_miss=0 arc_term_miss=0 opid_replay=0 fin_q=0 fin_done=0 fin_drop=0 fin_full=0 pub_p50=0us pub_max=0us inbox_drop=0
2026-10-02T19:35:33.101Z raft-obs: tx->1 enq=15142 drop=0 sent=15142 fail=0 hi=7 rtt_avg=33us get_avg=275us get_max=4173ms
2026-10-02T19:35:33.101Z raft-obs: tx->2 enq=15142 drop=0 sent=15142 fail=0 hi=5 rtt_avg=32us get_avg=268us get_max=4059ms
2026-10-02T19:35:33.101Z raft-obs: wait_timeouts=0 pump_hold_max=11us lock_wait_max=1us drain_max=2us tick_max=11us apply_max=0us persist_max=1us applies_in_worst=0 arc_miss=0 arc_term_miss=0 opid_replay=0 fin_q=0 fin_done=0 fin_drop=0 fin_full=0 pub_p50=0us pub_max=0us inbox_drop=0
2026-10-02T19:35:38.102Z raft-obs: tx->1 enq=15241 drop=0 sent=15241 fail=0 hi=7 rtt_avg=33us get_avg=274us get_max=4173ms
2026-10-02T19:35:38.102Z raft-obs: tx->2 enq=15241 drop=0 sent=15241 fail=0 hi=5 rtt_avg=32us get_avg=266us get_max=4059ms
2026-10-02T19:35:38.102Z raft-obs: wait_timeouts=0 pump_hold_max=6us lock_wait_max=1us drain_max=4us tick_max=5us apply_max=0us persist_max=1us applies_in_worst=0 arc_miss=0 arc_term_miss=0 opid_replay=0 fin_q=0 fin_done=0 fin_drop=0 fin_full=0 pub_p50=0us pub_max=0us inbox_drop=0
2026-10-02T19:35:43.103Z raft-obs: tx->1 enq=15339 drop=0 sent=15339 fail=0 hi=7 rtt_avg=33us get_avg=272us get_max=4173ms
2026-10-02T19:35:43.103Z raft-obs: tx->2 enq=15339 drop=0 sent=15339 fail=0 hi=5 rtt_avg=32us get_avg=264us get_max=4059ms
2026-10-02T19:35:43.103Z raft-obs: wait_timeouts=0 pump_hold_max=5us lock_wait_max=1us drain_max=2us tick_max=5us apply_max=0us persist_max=1us applies_in_worst=0 arc_miss=0 arc_term_miss=0 opid_replay=0 fin_q=0 fin_done=0 fin_drop=0 fin_full=0 pub_p50=0us pub_max=0us inbox_drop=0
2026-10-02T19:35:48.104Z raft-obs: tx->1 enq=15438 drop=0 sent=15438 fail=0 hi=7 rtt_avg=33us get_avg=270us get_max=4173ms
2026-10-02T19:35:48.104Z raft-obs: tx->2 enq=15438 drop=0 sent=15438 fail=0 hi=5 rtt_avg=32us get_avg=263us get_max=4059ms
2026-10-02T19:35:48.104Z raft-obs: wait_timeouts=0 pump_hold_max=9us lock_wait_max=1us drain_max=2us tick_max=8us apply_max=0us persist_max=1us applies_in_worst=0 arc_miss=0 arc_term_miss=0 opid_replay=0 fin_q=0 fin_done=0 fin_drop=0 fin_full=0 pub_p50=0us pub_max=0us inbox_drop=0
2026-10-02T19:35:53.105Z raft-obs: tx->1 enq=15537 drop=0 sent=15537 fail=0 hi=7 rtt_avg=33us get_avg=268us get_max=4173ms
2026-10-02T19:35:53.105Z raft-obs: tx->2 enq=15537 drop=0 sent=15537 fail=0 hi=5 rtt_avg=32us get_avg=261us get_max=4059ms
2026-10-02T19:35:53.105Z raft-obs: wait_timeouts=0 pump_hold_max=19us lock_wait_max=1us drain_max=4us tick_max=19us apply_max=0us persist_max=6us applies_in_worst=0 arc_miss=0 arc_term_miss=0 opid_replay=0 fin_q=0 fin_done=0 fin_drop=0 fin_full=0 pub_p50=0us pub_max=0us inbox_drop=0
2026-10-02T19:35:58.105Z raft-obs: tx->1 enq=15636 drop=0 sent=15636 fail=0 hi=7 rtt_avg=33us get_avg=267us get_max=4173ms
2026-10-02T19:35:58.105Z raft-obs: tx->2 enq=15636 drop=0 sent=15636 fail=0 hi=5 rtt_avg=32us get_avg=259us get_max=4059ms
2026-10-02T19:35:58.105Z raft-obs: wait_timeouts=0 pump_hold_max=9us lock_wait_max=6us drain_max=2us tick_max=9us apply_max=0us persist_max=4us applies_in_worst=0 arc_miss=0 arc_term_miss=0 opid_replay=0 fin_q=0 fin_done=0 fin_drop=0 fin_full=0 pub_p50=0us pub_max=0us inbox_drop=0
2026-10-02T19:36:03.106Z raft-obs: tx->1 enq=15735 drop=0 sent=15735 fail=0 hi=7 rtt_avg=33us get_avg=265us get_max=4173ms
2026-10-02T19:36:03.106Z raft-obs: tx->2 enq=15735 drop=0 sent=15735 fail=0 hi=5 rtt_avg=32us get_avg=258us get_max=4059ms
2026-10-02T19:36:03.106Z raft-obs: wait_timeouts=0 pump_hold_max=7us lock_wait_max=3us drain_max=2us tick_max=7us apply_max=0us persist_max=1us applies_in_worst=0 arc_miss=0 arc_term_miss=0 opid_replay=0 fin_q=0 fin_done=0 fin_drop=0 fin_full=0 pub_p50=0us pub_max=0us inbox_drop=0
2026-10-02T19:36:08.107Z raft-obs: tx->1 enq=15833 drop=0 sent=15833 fail=0 hi=7 rtt_avg=33us get_avg=263us get_max=4173ms
2026-10-02T19:36:08.107Z raft-obs: tx->2 enq=15833 drop=0 sent=15833 fail=0 hi=5 rtt_avg=32us get_avg=256us get_max=4059ms
2026-10-02T19:36:08.107Z raft-obs: wait_timeouts=0 pump_hold_max=10us lock_wait_max=1us drain_max=2us tick_max=9us apply_max=0us persist_max=1us applies_in_worst=0 arc_miss=0 arc_term_miss=0 opid_replay=0 fin_q=0 fin_done=0 fin_drop=0 fin_full=0 pub_p50=0us pub_max=0us inbox_drop=0
2026-10-02T19:36:13.108Z raft-obs: tx->1 enq=15932 drop=0 sent=15932 fail=0 hi=7 rtt_avg=33us get_avg=262us get_max=4173ms
2026-10-02T19:36:13.108Z raft-obs: tx->2 enq=15932 drop=0 sent=15932 fail=0 hi=5 rtt_avg=32us get_avg=255us get_max=4059ms
2026-10-02T19:36:13.108Z raft-obs: wait_timeouts=0 pump_hold_max=26us lock_wait_max=1us drain_max=1us tick_max=26us apply_max=0us persist_max=1us applies_in_worst=0 arc_miss=0 arc_term_miss=0 opid_replay=0 fin_q=0 fin_done=0 fin_drop=0 fin_full=0 pub_p50=0us pub_max=0us inbox_drop=0
2026-10-02T19:36:18.109Z raft-obs: tx->1 enq=16031 drop=0 sent=16031 fail=0 hi=7 rtt_avg=33us get_avg=260us get_max=4173ms
2026-10-02T19:36:18.109Z raft-obs: tx->2 enq=16031 drop=0 sent=16031 fail=0 hi=5 rtt_avg=32us get_avg=253us get_max=4059ms
2026-10-02T19:36:18.109Z raft-obs: wait_timeouts=0 pump_hold_max=5us lock_wait_max=1us drain_max=1us tick_max=5us apply_max=0us persist_max=1us applies_in_worst=0 arc_miss=0 arc_term_miss=0 opid_replay=0 fin_q=0 fin_done=0 fin_drop=0 fin_full=0 pub_p50=0us pub_max=0us inbox_drop=0
2026-10-02T19:36:23.110Z raft-obs: tx->1 enq=16130 drop=0 sent=16130 fail=0 hi=7 rtt_avg=33us get_avg=259us get_max=4173ms
2026-10-02T19:36:23.110Z raft-obs: tx->2 enq=16130 drop=0 sent=16130 fail=0 hi=5 rtt_avg=32us get_avg=251us get_max=4059ms
2026-10-02T19:36:23.110Z raft-obs: wait_timeouts=0 pump_hold_max=15us lock_wait_max=1us drain_max=1us tick_max=15us apply_max=0us persist_max=1us applies_in_worst=0 arc_miss=0 arc_term_miss=0 opid_replay=0 fin_q=0 fin_done=0 fin_drop=0 fin_full=0 pub_p50=0us pub_max=0us inbox_drop=0
2026-10-02T19:36:28.111Z raft-obs: tx->1 enq=16229 drop=0 sent=16229 fail=0 hi=7 rtt_avg=33us get_avg=257us get_max=4173ms
2026-10-02T19:36:28.111Z raft-obs: tx->2 enq=16229 drop=0 sent=16229 fail=0 hi=5 rtt_avg=32us get_avg=250us get_max=4059ms
2026-10-02T19:36:28.111Z raft-obs: wait_timeouts=0 pump_hold_max=6us lock_wait_max=1us drain_max=3us tick_max=5us apply_max=0us persist_max=1us applies_in_worst=0 arc_miss=0 arc_term_miss=0 opid_replay=0 fin_q=0 fin_done=0 fin_drop=0 fin_full=0 pub_p50=0us pub_max=0us inbox_drop=0
2026-10-02T19:36:33.112Z raft-obs: tx->1 enq=16327 drop=0 sent=16327 fail=0 hi=7 rtt_avg=33us get_avg=255us get_max=4173ms
2026-10-02T19:36:33.112Z raft-obs: tx->2 enq=16327 drop=0 sent=16327 fail=0 hi=5 rtt_avg=32us get_avg=248us get_max=4059ms
2026-10-02T19:36:33.112Z raft-obs: wait_timeouts=0 pump_hold_max=8us lock_wait_max=1us drain_max=8us tick_max=8us apply_max=0us persist_max=1us applies_in_worst=0 arc_miss=0 arc_term_miss=0 opid_replay=0 fin_q=0 fin_done=0 fin_drop=0 fin_full=0 pub_p50=0us pub_max=0us inbox_drop=0
2026-10-02T19:36:38.113Z raft-obs: tx->1 enq=16426 drop=0 sent=16426 fail=0 hi=7 rtt_avg=33us get_avg=254us get_max=4173ms
2026-10-02T19:36:38.113Z raft-obs: tx->2 enq=16426 drop=0 sent=16426 fail=0 hi=5 rtt_avg=32us get_avg=247us get_max=4059ms
2026-10-02T19:36:38.113Z raft-obs: wait_timeouts=0 pump_hold_max=11us lock_wait_max=1us drain_max=1us tick_max=11us apply_max=0us persist_max=8us applies_in_worst=0 arc_miss=0 arc_term_miss=0 opid_replay=0 fin_q=0 fin_done=0 fin_drop=0 fin_full=0 pub_p50=0us pub_max=0us inbox_drop=0
2026-10-02T19:36:43.114Z raft-obs: tx->1 enq=16525 drop=0 sent=16525 fail=0 hi=7 rtt_avg=33us get_avg=252us get_max=4173ms
2026-10-02T19:36:43.114Z raft-obs: tx->2 enq=16525 drop=0 sent=16525 fail=0 hi=5 rtt_avg=32us get_avg=245us get_max=4059ms
2026-10-02T19:36:43.114Z raft-obs: wait_timeouts=0 pump_hold_max=26us lock_wait_max=1us drain_max=4us tick_max=26us apply_max=0us persist_max=1us applies_in_worst=0 arc_miss=0 arc_term_miss=0 opid_replay=0 fin_q=0 fin_done=0 fin_drop=0 fin_full=0 pub_p50=0us pub_max=0us inbox_drop=0
2026-10-02T19:36:48.114Z raft-obs: tx->1 enq=16624 drop=0 sent=16624 fail=0 hi=7 rtt_avg=33us get_avg=251us get_max=4173ms
2026-10-02T19:36:48.114Z raft-obs: tx->2 enq=16624 drop=0 sent=16624 fail=0 hi=5 rtt_avg=32us get_avg=244us get_max=4059ms
2026-10-02T19:36:48.114Z raft-obs: wait_timeouts=0 pump_hold_max=5us lock_wait_max=1us drain_max=1us tick_max=5us apply_max=0us persist_max=1us applies_in_worst=0 arc_miss=0 arc_term_miss=0 opid_replay=0 fin_q=0 fin_done=0 fin_drop=0 fin_full=0 pub_p50=0us pub_max=0us inbox_drop=0
2026-10-02T19:36:53.115Z raft-obs: tx->1 enq=16723 drop=0 sent=16723 fail=0 hi=7 rtt_avg=33us get_avg=249us get_max=4173ms
2026-10-02T19:36:53.115Z raft-obs: tx->2 enq=16723 drop=0 sent=16723 fail=0 hi=5 rtt_avg=32us get_avg=243us get_max=4059ms
2026-10-02T19:36:53.115Z raft-obs: wait_timeouts=0 pump_hold_max=9us lock_wait_max=1us drain_max=2us tick_max=9us apply_max=0us persist_max=1us applies_in_worst=0 arc_miss=0 arc_term_miss=0 opid_replay=0 fin_q=0 fin_done=0 fin_drop=0 fin_full=0 pub_p50=0us pub_max=0us inbox_drop=0
2026-10-02T19:36:58.116Z raft-obs: tx->1 enq=16821 drop=0 sent=16821 fail=0 hi=7 rtt_avg=33us get_avg=248us get_max=4173ms
2026-10-02T19:36:58.116Z raft-obs: tx->2 enq=16821 drop=0 sent=16821 fail=0 hi=5 rtt_avg=32us get_avg=241us get_max=4059ms
2026-10-02T19:36:58.116Z raft-obs: wait_timeouts=0 pump_hold_max=5us lock_wait_max=1us drain_max=5us tick_max=5us apply_max=0us persist_max=1us applies_in_worst=0 arc_miss=0 arc_term_miss=0 opid_replay=0 fin_q=0 fin_done=0 fin_drop=0 fin_full=0 pub_p50=0us pub_max=0us inbox_drop=0
2026-10-02T19:37:03.117Z raft-obs: tx->1 enq=16920 drop=0 sent=16920 fail=0 hi=7 rtt_avg=33us get_avg=246us get_max=4173ms
2026-10-02T19:37:03.117Z raft-obs: tx->2 enq=16920 drop=0 sent=16920 fail=0 hi=5 rtt_avg=32us get_avg=240us get_max=4059ms
2026-10-02T19:37:03.117Z raft-obs: wait_timeouts=0 pump_hold_max=6us lock_wait_max=1us drain_max=5us tick_max=5us apply_max=0us persist_max=1us applies_in_worst=0 arc_miss=0 arc_term_miss=0 opid_replay=0 fin_q=0 fin_done=0 fin_drop=0 fin_full=0 pub_p50=0us pub_max=0us inbox_drop=0
2026-10-02T19:37:08.118Z raft-obs: tx->1 enq=17019 drop=0 sent=17019 fail=0 hi=7 rtt_avg=33us get_avg=245us get_max=4173ms
2026-10-02T19:37:08.118Z raft-obs: tx->2 enq=17019 drop=0 sent=17019 fail=0 hi=5 rtt_avg=32us get_avg=238us get_max=4059ms
2026-10-02T19:37:08.118Z raft-obs: wait_timeouts=0 pump_hold_max=15us lock_wait_max=3us drain_max=2us tick_max=15us apply_max=0us persist_max=1us applies_in_worst=0 arc_miss=0 arc_term_miss=0 opid_replay=0 fin_q=0 fin_done=0 fin_drop=0 fin_full=0 pub_p50=0us pub_max=0us inbox_drop=0
2026-10-02T19:37:13.119Z raft-obs: tx->1 enq=17118 drop=0 sent=17118 fail=0 hi=7 rtt_avg=33us get_avg=244us get_max=4173ms
2026-10-02T19:37:13.119Z raft-obs: tx->2 enq=17118 drop=0 sent=17118 fail=0 hi=5 rtt_avg=32us get_avg=237us get_max=4059ms
2026-10-02T19:37:13.119Z raft-obs: wait_timeouts=0 pump_hold_max=6us lock_wait_max=1us drain_max=3us tick_max=6us apply_max=0us persist_max=1us applies_in_worst=0 arc_miss=0 arc_term_miss=0 opid_replay=0 fin_q=0 fin_done=0 fin_drop=0 fin_full=0 pub_p50=0us pub_max=0us inbox_drop=0
2026-10-02T19:37:18.120Z raft-obs: tx->1 enq=17217 drop=0 sent=17217 fail=0 hi=7 rtt_avg=33us get_avg=242us get_max=4173ms
2026-10-02T19:37:18.120Z raft-obs: tx->2 enq=17217 drop=0 sent=17217 fail=0 hi=5 rtt_avg=32us get_avg=236us get_max=4059ms
2026-10-02T19:37:18.120Z raft-obs: wait_timeouts=0 pump_hold_max=8us lock_wait_max=1us drain_max=2us tick_max=8us apply_max=0us persist_max=1us applies_in_worst=0 arc_miss=0 arc_term_miss=0 opid_replay=0 fin_q=0 fin_done=0 fin_drop=0 fin_full=0 pub_p50=0us pub_max=0us inbox_drop=0
2026-10-02T19:37:23.121Z raft-obs: tx->1 enq=17315 drop=0 sent=17315 fail=0 hi=7 rtt_avg=33us get_avg=241us get_max=4173ms
2026-10-02T19:37:23.121Z raft-obs: tx->2 enq=17315 drop=0 sent=17315 fail=0 hi=5 rtt_avg=32us get_avg=234us get_max=4059ms
2026-10-02T19:37:23.121Z raft-obs: wait_timeouts=0 pump_hold_max=13us lock_wait_max=1us drain_max=1us tick_max=13us apply_max=0us persist_max=5us applies_in_worst=0 arc_miss=0 arc_term_miss=0 opid_replay=0 fin_q=0 fin_done=0 fin_drop=0 fin_full=0 pub_p50=0us pub_max=0us inbox_drop=0
2026-10-02T19:37:28.122Z raft-obs: tx->1 enq=17414 drop=0 sent=17414 fail=0 hi=7 rtt_avg=33us get_avg=239us get_max=4173ms
2026-10-02T19:37:28.122Z raft-obs: tx->2 enq=17414 drop=0 sent=17414 fail=0 hi=5 rtt_avg=32us get_avg=233us get_max=4059ms
2026-10-02T19:37:28.122Z raft-obs: wait_timeouts=0 pump_hold_max=5us lock_wait_max=1us drain_max=5us tick_max=5us apply_max=0us persist_max=1us applies_in_worst=0 arc_miss=0 arc_term_miss=0 opid_replay=0 fin_q=0 fin_done=0 fin_drop=0 fin_full=0 pub_p50=0us pub_max=0us inbox_drop=0
2026-10-02T19:37:33.123Z raft-obs: tx->1 enq=17513 drop=0 sent=17513 fail=0 hi=7 rtt_avg=33us get_avg=238us get_max=4173ms
2026-10-02T19:37:33.123Z raft-obs: tx->2 enq=17513 drop=0 sent=17513 fail=0 hi=5 rtt_avg=32us get_avg=232us get_max=4059ms
2026-10-02T19:37:33.123Z raft-obs: wait_timeouts=0 pump_hold_max=5us lock_wait_max=1us drain_max=2us tick_max=5us apply_max=0us persist_max=1us applies_in_worst=0 arc_miss=0 arc_term_miss=0 opid_replay=0 fin_q=0 fin_done=0 fin_drop=0 fin_full=0 pub_p50=0us pub_max=0us inbox_drop=0
2026-10-02T19:37:38.124Z raft-obs: tx->1 enq=17612 drop=0 sent=17612 fail=0 hi=7 rtt_avg=33us get_avg=237us get_max=4173ms
2026-10-02T19:37:38.124Z raft-obs: tx->2 enq=17612 drop=0 sent=17612 fail=0 hi=5 rtt_avg=32us get_avg=230us get_max=4059ms
2026-10-02T19:37:38.124Z raft-obs: wait_timeouts=0 pump_hold_max=8us lock_wait_max=1us drain_max=1us tick_max=8us apply_max=0us persist_max=1us applies_in_worst=0 arc_miss=0 arc_term_miss=0 opid_replay=0 fin_q=0 fin_done=0 fin_drop=0 fin_full=0 pub_p50=0us pub_max=0us inbox_drop=0
2026-10-02T19:37:43.125Z raft-obs: tx->1 enq=17711 drop=0 sent=17711 fail=0 hi=7 rtt_avg=33us get_avg=235us get_max=4173ms
2026-10-02T19:37:43.125Z raft-obs: tx->2 enq=17711 drop=0 sent=17711 fail=0 hi=5 rtt_avg=32us get_avg=229us get_max=4059ms
2026-10-02T19:37:43.125Z raft-obs: wait_timeouts=0 pump_hold_max=13us lock_wait_max=1us drain_max=3us tick_max=13us apply_max=0us persist_max=6us applies_in_worst=0 arc_miss=0 arc_term_miss=0 opid_replay=0 fin_q=0 fin_done=0 fin_drop=0 fin_full=0 pub_p50=0us pub_max=0us inbox_drop=0
2026-10-02T19:37:48.125Z raft-obs: tx->1 enq=17809 drop=0 sent=17809 fail=0 hi=7 rtt_avg=33us get_avg=234us get_max=4173ms
2026-10-02T19:37:48.125Z raft-obs: tx->2 enq=17809 drop=0 sent=17809 fail=0 hi=5 rtt_avg=32us get_avg=228us get_max=4059ms
2026-10-02T19:37:48.125Z raft-obs: wait_timeouts=0 pump_hold_max=24us lock_wait_max=1us drain_max=2us tick_max=24us apply_max=0us persist_max=1us applies_in_worst=0 arc_miss=0 arc_term_miss=0 opid_replay=0 fin_q=0 fin_done=0 fin_drop=0 fin_full=0 pub_p50=0us pub_max=0us inbox_drop=0
2026-10-02T19:37:53.127Z raft-obs: tx->1 enq=17908 drop=0 sent=17908 fail=0 hi=7 rtt_avg=33us get_avg=233us get_max=4173ms
2026-10-02T19:37:53.127Z raft-obs: tx->2 enq=17908 drop=0 sent=17908 fail=0 hi=5 rtt_avg=32us get_avg=226us get_max=4059ms
2026-10-02T19:37:53.127Z raft-obs: wait_timeouts=0 pump_hold_max=7us lock_wait_max=3us drain_max=2us tick_max=7us apply_max=0us persist_max=1us applies_in_worst=0 arc_miss=0 arc_term_miss=0 opid_replay=0 fin_q=0 fin_done=0 fin_drop=0 fin_full=0 pub_p50=0us pub_max=0us inbox_drop=0
2026-10-02T19:37:58.128Z raft-obs: tx->1 enq=18007 drop=0 sent=18007 fail=0 hi=7 rtt_avg=33us get_avg=232us get_max=4173ms
2026-10-02T19:37:58.128Z raft-obs: tx->2 enq=18007 drop=0 sent=18007 fail=0 hi=5 rtt_avg=32us get_avg=225us get_max=4059ms
2026-10-02T19:37:58.128Z raft-obs: wait_timeouts=0 pump_hold_max=5us lock_wait_max=1us drain_max=2us tick_max=4us apply_max=0us persist_max=1us applies_in_worst=0 arc_miss=0 arc_term_miss=0 opid_replay=0 fin_q=0 fin_done=0 fin_drop=0 fin_full=0 pub_p50=0us pub_max=0us inbox_drop=0
2026-10-02T19:38:03.129Z raft-obs: tx->1 enq=18106 drop=0 sent=18106 fail=0 hi=7 rtt_avg=33us get_avg=230us get_max=4173ms
2026-10-02T19:38:03.129Z raft-obs: tx->2 enq=18106 drop=0 sent=18106 fail=0 hi=5 rtt_avg=32us get_avg=224us get_max=4059ms
2026-10-02T19:38:03.129Z raft-obs: wait_timeouts=0 pump_hold_max=5us lock_wait_max=1us drain_max=2us tick_max=5us apply_max=0us persist_max=1us applies_in_worst=0 arc_miss=0 arc_term_miss=0 opid_replay=0 fin_q=0 fin_done=0 fin_drop=0 fin_full=0 pub_p50=0us pub_max=0us inbox_drop=0
2026-10-02T19:38:08.130Z raft-obs: tx->1 enq=18205 drop=0 sent=18205 fail=0 hi=7 rtt_avg=33us get_avg=229us get_max=4173ms
2026-10-02T19:38:08.130Z raft-obs: tx->2 enq=18205 drop=0 sent=18205 fail=0 hi=5 rtt_avg=32us get_avg=223us get_max=4059ms
2026-10-02T19:38:08.130Z raft-obs: wait_timeouts=0 pump_hold_max=8us lock_wait_max=1us drain_max=1us tick_max=8us apply_max=0us persist_max=1us applies_in_worst=0 arc_miss=0 arc_term_miss=0 opid_replay=0 fin_q=0 fin_done=0 fin_drop=0 fin_full=0 pub_p50=0us pub_max=0us inbox_drop=0
2026-10-02T19:38:13.131Z raft-obs: tx->1 enq=18303 drop=0 sent=18303 fail=0 hi=7 rtt_avg=33us get_avg=228us get_max=4173ms
2026-10-02T19:38:13.131Z raft-obs: tx->2 enq=18303 drop=0 sent=18303 fail=0 hi=5 rtt_avg=32us get_avg=222us get_max=4059ms
2026-10-02T19:38:13.131Z raft-obs: wait_timeouts=0 pump_hold_max=10us lock_wait_max=1us drain_max=2us tick_max=10us apply_max=0us persist_max=1us applies_in_worst=0 arc_miss=0 arc_term_miss=0 opid_replay=0 fin_q=0 fin_done=0 fin_drop=0 fin_full=0 pub_p50=0us pub_max=0us inbox_drop=0
2026-10-02T19:38:18.132Z raft-obs: tx->1 enq=18402 drop=0 sent=18402 fail=0 hi=7 rtt_avg=33us get_avg=227us get_max=4173ms
2026-10-02T19:38:18.132Z raft-obs: tx->2 enq=18402 drop=0 sent=18402 fail=0 hi=5 rtt_avg=32us get_avg=220us get_max=4059ms
2026-10-02T19:38:18.132Z raft-obs: wait_timeouts=0 pump_hold_max=14us lock_wait_max=1us drain_max=2us tick_max=14us apply_max=0us persist_max=1us applies_in_worst=0 arc_miss=0 arc_term_miss=0 opid_replay=0 fin_q=0 fin_done=0 fin_drop=0 fin_full=0 pub_p50=0us pub_max=0us inbox_drop=0
2026-10-02T19:38:23.133Z raft-obs: tx->1 enq=18501 drop=0 sent=18501 fail=0 hi=7 rtt_avg=33us get_avg=225us get_max=4173ms
2026-10-02T19:38:23.133Z raft-obs: tx->2 enq=18501 drop=0 sent=18501 fail=0 hi=5 rtt_avg=32us get_avg=219us get_max=4059ms
2026-10-02T19:38:23.133Z raft-obs: wait_timeouts=0 pump_hold_max=8us lock_wait_max=1us drain_max=2us tick_max=8us apply_max=0us persist_max=1us applies_in_worst=0 arc_miss=0 arc_term_miss=0 opid_replay=0 fin_q=0 fin_done=0 fin_drop=0 fin_full=0 pub_p50=0us pub_max=0us inbox_drop=0
2026-10-02T19:38:28.134Z raft-obs: tx->1 enq=18600 drop=0 sent=18600 fail=0 hi=7 rtt_avg=33us get_avg=224us get_max=4173ms
2026-10-02T19:38:28.134Z raft-obs: tx->2 enq=18600 drop=0 sent=18600 fail=0 hi=5 rtt_avg=32us get_avg=218us get_max=4059ms
2026-10-02T19:38:28.134Z raft-obs: wait_timeouts=0 pump_hold_max=17us lock_wait_max=1us drain_max=7us tick_max=17us apply_max=0us persist_max=1us applies_in_worst=0 arc_miss=0 arc_term_miss=0 opid_replay=0 fin_q=0 fin_done=0 fin_drop=0 fin_full=0 pub_p50=0us pub_max=0us inbox_drop=0
2026-10-02T19:38:33.135Z raft-obs: tx->1 enq=18699 drop=0 sent=18699 fail=0 hi=7 rtt_avg=33us get_avg=223us get_max=4173ms
2026-10-02T19:38:33.135Z raft-obs: tx->2 enq=18699 drop=0 sent=18699 fail=0 hi=5 rtt_avg=32us get_avg=217us get_max=4059ms
2026-10-02T19:38:33.135Z raft-obs: wait_timeouts=0 pump_hold_max=5us lock_wait_max=1us drain_max=2us tick_max=5us apply_max=0us persist_max=1us applies_in_worst=0 arc_miss=0 arc_term_miss=0 opid_replay=0 fin_q=0 fin_done=0 fin_drop=0 fin_full=0 pub_p50=0us pub_max=0us inbox_drop=0
2026-10-02T19:38:38.136Z raft-obs: tx->1 enq=18797 drop=0 sent=18797 fail=0 hi=7 rtt_avg=33us get_avg=222us get_max=4173ms
2026-10-02T19:38:38.136Z raft-obs: tx->2 enq=18797 drop=0 sent=18797 fail=0 hi=5 rtt_avg=32us get_avg=216us get_max=4059ms
2026-10-02T19:38:38.136Z raft-obs: wait_timeouts=0 pump_hold_max=10us lock_wait_max=1us drain_max=4us tick_max=10us apply_max=0us persist_max=1us applies_in_worst=0 arc_miss=0 arc_term_miss=0 opid_replay=0 fin_q=0 fin_done=0 fin_drop=0 fin_full=0 pub_p50=0us pub_max=0us inbox_drop=0
2026-10-02T19:38:43.137Z raft-obs: tx->1 enq=18896 drop=0 sent=18896 fail=0 hi=7 rtt_avg=33us get_avg=221us get_max=4173ms
2026-10-02T19:38:43.137Z raft-obs: tx->2 enq=18896 drop=0 sent=18896 fail=0 hi=5 rtt_avg=32us get_avg=215us get_max=4059ms
2026-10-02T19:38:43.137Z raft-obs: wait_timeouts=0 pump_hold_max=9us lock_wait_max=1us drain_max=2us tick_max=8us apply_max=0us persist_max=1us applies_in_worst=0 arc_miss=0 arc_term_miss=0 opid_replay=0 fin_q=0 fin_done=0 fin_drop=0 fin_full=0 pub_p50=0us pub_max=0us inbox_drop=0
2026-10-02T19:38:48.137Z raft-obs: tx->1 enq=18995 drop=0 sent=18995 fail=0 hi=7 rtt_avg=33us get_avg=219us get_max=4173ms
2026-10-02T19:38:48.137Z raft-obs: tx->2 enq=18995 drop=0 sent=18995 fail=0 hi=5 rtt_avg=31us get_avg=213us get_max=4059ms
2026-10-02T19:38:48.137Z raft-obs: wait_timeouts=0 pump_hold_max=12us lock_wait_max=1us drain_max=3us tick_max=12us apply_max=0us persist_max=1us applies_in_worst=0 arc_miss=0 arc_term_miss=0 opid_replay=0 fin_q=0 fin_done=0 fin_drop=0 fin_full=0 pub_p50=0us pub_max=0us inbox_drop=0
2026-10-02T19:38:53.138Z raft-obs: tx->1 enq=19094 drop=0 sent=19094 fail=0 hi=7 rtt_avg=33us get_avg=218us get_max=4173ms
2026-10-02T19:38:53.138Z raft-obs: tx->2 enq=19094 drop=0 sent=19094 fail=0 hi=5 rtt_avg=31us get_avg=212us get_max=4059ms
2026-10-02T19:38:53.138Z raft-obs: wait_timeouts=0 pump_hold_max=9us lock_wait_max=1us drain_max=2us tick_max=9us apply_max=0us persist_max=1us applies_in_worst=0 arc_miss=0 arc_term_miss=0 opid_replay=0 fin_q=0 fin_done=0 fin_drop=0 fin_full=0 pub_p50=0us pub_max=0us inbox_drop=0
2026-10-02T19:38:58.139Z raft-obs: tx->1 enq=19193 drop=0 sent=19193 fail=0 hi=7 rtt_avg=33us get_avg=217us get_max=4173ms
2026-10-02T19:38:58.139Z raft-obs: tx->2 enq=19193 drop=0 sent=19193 fail=0 hi=5 rtt_avg=31us get_avg=211us get_max=4059ms
2026-10-02T19:38:58.139Z raft-obs: wait_timeouts=0 pump_hold_max=11us lock_wait_max=1us drain_max=7us tick_max=11us apply_max=0us persist_max=9us applies_in_worst=0 arc_miss=0 arc_term_miss=0 opid_replay=0 fin_q=0 fin_done=0 fin_drop=0 fin_full=0 pub_p50=0us pub_max=0us inbox_drop=0
2026-10-02T19:39:03.141Z raft-obs: tx->1 enq=19291 drop=0 sent=19291 fail=0 hi=7 rtt_avg=33us get_avg=216us get_max=4173ms
2026-10-02T19:39:03.141Z raft-obs: tx->2 enq=19291 drop=0 sent=19291 fail=0 hi=5 rtt_avg=31us get_avg=210us get_max=4059ms
2026-10-02T19:39:03.141Z raft-obs: wait_timeouts=0 pump_hold_max=13us lock_wait_max=1us drain_max=2us tick_max=13us apply_max=0us persist_max=1us applies_in_worst=0 arc_miss=0 arc_term_miss=0 opid_replay=0 fin_q=0 fin_done=0 fin_drop=0 fin_full=0 pub_p50=0us pub_max=0us inbox_drop=0
2026-10-02T19:39:08.142Z raft-obs: tx->1 enq=19390 drop=0 sent=19390 fail=0 hi=7 rtt_avg=33us get_avg=215us get_max=4173ms
2026-10-02T19:39:08.142Z raft-obs: tx->2 enq=19390 drop=0 sent=19390 fail=0 hi=5 rtt_avg=31us get_avg=209us get_max=4059ms
2026-10-02T19:39:08.142Z raft-obs: wait_timeouts=0 pump_hold_max=7us lock_wait_max=1us drain_max=5us tick_max=7us apply_max=0us persist_max=1us applies_in_worst=0 arc_miss=0 arc_term_miss=0 opid_replay=0 fin_q=0 fin_done=0 fin_drop=0 fin_full=0 pub_p50=0us pub_max=0us inbox_drop=0
2026-10-02T19:39:11.355Z raft-host: apply-sleep us=22504 group=2 idx=4501315 applied=4501314
2026-10-02T19:39:11.393Z raft-host: apply-sleep us=20949 group=2 idx=4501316 applied=4501315
2026-10-02T19:39:11.441Z raft-host: apply-sleep us=30954 group=2 idx=4501317 applied=4501316
2026-10-02T19:39:11.539Z raft-host: apply-sleep us=20884 group=2 idx=4501320 applied=4501319
2026-10-02T19:39:11.580Z raft-host: apply-sleep us=22060 group=2 idx=4501321 applied=4501320
2026-10-02T19:39:11.630Z kv-compact: start l0=144 inputs=1 range=2 l0only=0
2026-10-02T19:39:11.632Z raft-host: apply-sleep us=30948 group=2 idx=4501322 applied=4501321
2026-10-02T19:39:11.635Z kv-compact: end bytes=2134976 ms=4 l0=143 l1=158 rc=0
2026-10-02T19:39:11.635Z kv-compact: start l0=143 inputs=2 range=270 l0only=1
2026-10-02T19:39:11.648Z kv-compact: end bytes=8965245 ms=13 l0=142 l1=158 rc=0
2026-10-02T19:39:11.648Z kv-compact: start l0=142 inputs=2 range=267 l0only=1
2026-10-02T19:39:11.661Z kv-compact: end bytes=8091489 ms=12 l0=141 l1=158 rc=0
2026-10-02T19:39:11.661Z kv-compact: start l0=141 inputs=2 range=269 l0only=1
2026-10-02T19:39:11.670Z kv-compact: end bytes=7312868 ms=9 l0=140 l1=158 rc=0
2026-10-02T19:39:11.670Z kv-compact: start l0=140 inputs=2 range=266 l0only=1
2026-10-02T19:39:11.679Z kv-compact: end bytes=7234113 ms=9 l0=139 l1=158 rc=0
2026-10-02T19:39:11.679Z kv-compact: start l0=139 inputs=2 range=263 l0only=1
2026-10-02T19:39:11.687Z kv-compact: end bytes=6796235 ms=9 l0=138 l1=158 rc=0
2026-10-02T19:39:11.687Z kv-compact: start l0=138 inputs=2 range=257 l0only=1
2026-10-02T19:39:11.695Z kv-compact: end bytes=6182887 ms=8 l0=137 l1=158 rc=0
2026-10-02T19:39:11.695Z kv-compact: start l0=137 inputs=2 range=260 l0only=1
2026-10-02T19:39:11.703Z kv-compact: end bytes=5991712 ms=7 l0=136 l1=158 rc=0
2026-10-02T19:39:11.703Z kv-compact: start l0=136 inputs=2 range=256 l0only=1
2026-10-02T19:39:11.709Z kv-compact: end bytes=4728414 ms=6 l0=135 l1=158 rc=0
2026-10-02T19:39:11.709Z kv-compact: start l0=135 inputs=2 range=259 l0only=1
2026-10-02T19:39:11.715Z kv-compact: end bytes=3997995 ms=6 l0=134 l1=158 rc=0
2026-10-02T19:39:11.761Z store: put O_DIRECT zero-copy (payload+digest writev) len=65536
2026-10-02T19:39:11.865Z raft-host: apply-sleep us=20133 group=2 idx=4501345 applied=4501344
2026-10-02T19:39:11.912Z raft-host: apply-sleep us=25319 group=2 idx=4501346 applied=4501345
2026-10-02T19:39:11.974Z raft-host: apply-sleep us=20219 group=2 idx=4501348 applied=4501347
2026-10-02T19:39:12.014Z raft-host: apply-sleep us=21955 group=2 idx=4501349 applied=4501348
2026-10-02T19:39:12.056Z raft-host: apply-sleep us=22799 group=2 idx=4501350 applied=4501349
2026-10-02T19:39:12.109Z kv-compact: start l0=141 inputs=2 range=2 l0only=0
2026-10-02T19:39:12.111Z raft-host: apply-sleep us=29993 group=2 idx=4501351 applied=4501350
2026-10-02T19:39:12.117Z kv-compact: end bytes=4510656 ms=9 l0=140 l1=158 rc=0
2026-10-02T19:39:12.117Z kv-compact: start l0=140 inputs=2 range=270 l0only=1
2026-10-02T19:39:12.131Z kv-compact: end bytes=9052471 ms=14 l0=139 l1=158 rc=0
2026-10-02T19:39:12.132Z kv-compact: start l0=139 inputs=2 range=267 l0only=1
2026-10-02T19:39:12.145Z kv-compact: end bytes=8188699 ms=14 l0=138 l1=158 rc=0
2026-10-02T19:39:12.145Z kv-compact: start l0=138 inputs=2 range=257 l0only=1
2026-10-02T19:39:12.155Z kv-compact: end bytes=6288574 ms=9 l0=137 l1=158 rc=0
2026-10-02T19:39:12.155Z kv-compact: start l0=137 inputs=2 range=260 l0only=1
2026-10-02T19:39:12.163Z kv-compact: end bytes=6033981 ms=9 l0=136 l1=158 rc=0
2026-10-02T19:39:12.163Z kv-compact: start l0=136 inputs=2 range=264 l0only=1
2026-10-02T19:39:12.166Z raft-host: apply-sleep us=21003 group=2 idx=4501352 applied=4501351
2026-10-02T19:39:12.172Z kv-compact: end bytes=5007653 ms=9 l0=135 l1=158 rc=0
2026-10-02T19:39:12.172Z kv-compact: start l0=135 inputs=2 range=261 l0only=1
2026-10-02T19:39:12.174Z kv-compact: end bytes=170083 ms=1 l0=134 l1=158 rc=0
2026-10-02T19:39:12.320Z raft-host: apply-sleep us=20960 group=2 idx=4501357 applied=4501356
2026-10-02T19:39:12.361Z raft-host: apply-sleep us=23987 group=2 idx=4501358 applied=4501357
2026-10-02T19:39:12.548Z raft-host: apply-sleep us=23602 group=2 idx=4501364 applied=4501363
2026-10-02T19:39:12.599Z kv-compact: start l0=143 inputs=2 range=2 l0only=0
2026-10-02T19:39:12.601Z raft-host: apply-sleep us=29641 group=2 idx=4501365 applied=4501364
2026-10-02T19:39:12.610Z kv-compact: end bytes=6886300 ms=11 l0=142 l1=158 rc=0
2026-10-02T19:39:12.610Z kv-compact: start l0=142 inputs=2 range=270 l0only=1
2026-10-02T19:39:12.624Z kv-compact: end bytes=9183530 ms=15 l0=141 l1=158 rc=0
2026-10-02T19:39:12.625Z kv-compact: start l0=141 inputs=2 range=267 l0only=1
2026-10-02T19:39:12.639Z kv-compact: end bytes=8302834 ms=15 l0=140 l1=158 rc=0
2026-10-02T19:39:12.639Z kv-compact: start l0=140 inputs=2 range=263 l0only=1
2026-10-02T19:39:12.648Z kv-compact: end bytes=6838504 ms=9 l0=139 l1=158 rc=0
2026-10-02T19:39:12.648Z kv-compact: start l0=139 inputs=2 range=257 l0only=1
2026-10-02T19:39:12.658Z kv-compact: end bytes=6330843 ms=9 l0=138 l1=158 rc=0
2026-10-02T19:39:12.658Z kv-compact: start l0=138 inputs=2 range=258 l0only=1
2026-10-02T19:39:12.660Z raft-host: apply-sleep us=26663 group=2 idx=4501366 applied=4501365
2026-10-02T19:39:12.668Z kv-compact: end bytes=6240613 ms=10 l0=137 l1=158 rc=0
2026-10-02T19:39:12.668Z kv-compact: start l0=137 inputs=2 range=260 l0only=1
2026-10-02T19:39:12.677Z kv-compact: end bytes=6076250 ms=9 l0=136 l1=158 rc=0
2026-10-02T19:39:12.677Z kv-compact: start l0=136 inputs=2 range=264 l0only=1
2026-10-02T19:39:12.686Z kv-compact: end bytes=5049922 ms=9 l0=135 l1=158 rc=0
2026-10-02T19:39:12.686Z kv-compact: start l0=135 inputs=2 range=261 l0only=1
2026-10-02T19:39:12.688Z kv-compact: end bytes=212352 ms=2 l0=134 l1=158 rc=0
2026-10-02T19:39:12.805Z raft-host: apply-sleep us=23912 group=2 idx=4501371 applied=4501370
2026-10-02T19:39:12.849Z raft-host: apply-sleep us=22745 group=2 idx=4501372 applied=4501371
2026-10-02T19:39:12.962Z raft-host: apply-sleep us=20194 group=2 idx=4501375 applied=4501374
2026-10-02T19:39:13.007Z raft-host: apply-sleep us=26358 group=2 idx=4501376 applied=4501375
2026-10-02T19:39:13.064Z kv-compact: start l0=142 inputs=2 range=2 l0only=0
2026-10-02T19:39:13.064Z raft-host: apply-sleep us=34656 group=2 idx=4501377 applied=4501376
2026-10-02T19:39:13.079Z kv-compact: end bytes=9261980 ms=15 l0=141 l1=158 rc=0
2026-10-02T19:39:13.079Z kv-compact: start l0=141 inputs=2 range=270 l0only=1
2026-10-02T19:39:13.094Z kv-compact: end bytes=9306113 ms=14 l0=140 l1=158 rc=0
2026-10-02T19:39:13.094Z kv-compact: start l0=140 inputs=2 range=267 l0only=1
2026-10-02T19:39:13.108Z kv-compact: end bytes=8387372 ms=14 l0=139 l1=158 rc=0
2026-10-02T19:39:13.108Z kv-compact: start l0=139 inputs=2 range=263 l0only=1
2026-10-02T19:39:13.118Z kv-compact: end bytes=6880773 ms=10 l0=138 l1=158 rc=0
2026-10-02T19:39:13.118Z kv-compact: start l0=138 inputs=2 range=257 l0only=1
2026-10-02T19:39:13.127Z kv-compact: end bytes=6457650 ms=10 l0=137 l1=158 rc=0
2026-10-02T19:39:13.127Z kv-compact: start l0=137 inputs=2 range=260 l0only=1
2026-10-02T19:39:13.137Z kv-compact: end bytes=6160788 ms=9 l0=136 l1=158 rc=0
2026-10-02T19:39:13.137Z kv-compact: start l0=136 inputs=2 range=264 l0only=1
2026-10-02T19:39:13.145Z raft-obs: tx->1 enq=19623 drop=0 sent=19623 fail=0 hi=7 rtt_avg=33us get_avg=212us get_max=4173ms
2026-10-02T19:39:13.145Z raft-obs: tx->2 enq=19628 drop=0 sent=19628 fail=0 hi=5 rtt_avg=31us get_avg=207us get_max=4059ms
2026-10-02T19:39:13.145Z raft-obs: wait_timeouts=0 pump_hold_max=23388us lock_wait_max=367us drain_max=23387us tick_max=6us apply_max=23381us persist_max=1257us applies_in_worst=1 arc_miss=0 arc_term_miss=0 opid_replay=0 fin_q=0 fin_done=0 fin_drop=0 fin_full=0 pub_p50=0us pub_max=0us inbox_drop=0
2026-10-02T19:39:13.146Z kv-compact: end bytes=5092191 ms=9 l0=135 l1=158 rc=0
2026-10-02T19:39:13.146Z kv-compact: start l0=135 inputs=2 range=261 l0only=1
2026-10-02T19:39:13.148Z kv-compact: end bytes=250368 ms=2 l0=134 l1=158 rc=0
2026-10-02T19:39:13.157Z raft-host: apply-sleep us=22116 group=2 idx=4501379 applied=4501378
2026-10-02T19:39:13.308Z raft-host: apply-sleep us=22296 group=2 idx=4501384 applied=4501383
2026-10-02T19:39:13.352Z raft-host: apply-sleep us=23825 group=2 idx=4501385 applied=4501384
2026-10-02T19:39:13.506Z raft-host: apply-sleep us=22857 group=2 idx=4501389 applied=4501388
2026-10-02T19:39:13.558Z kv-compact: start l0=141 inputs=2 range=2 l0only=0
2026-10-02T19:39:13.559Z raft-host: apply-sleep us=30981 group=2 idx=4501390 applied=4501389
2026-10-02T19:39:13.576Z kv-compact: end bytes=11637660 ms=18 l0=140 l1=158 rc=0
2026-10-02T19:39:13.576Z kv-compact: start l0=140 inputs=2 range=270 l0only=1
2026-10-02T19:39:13.590Z kv-compact: end bytes=9420219 ms=14 l0=139 l1=158 rc=0
2026-10-02T19:39:13.590Z kv-compact: start l0=139 inputs=2 range=267 l0only=1
2026-10-02T19:39:13.605Z kv-compact: end bytes=8514179 ms=14 l0=138 l1=158 rc=0
2026-10-02T19:39:13.605Z kv-compact: start l0=138 inputs=2 range=257 l0only=1
2026-10-02T19:39:13.614Z kv-compact: end bytes=6499919 ms=9 l0=137 l1=158 rc=0
2026-10-02T19:39:13.614Z kv-compact: start l0=137 inputs=2 range=258 l0only=1
2026-10-02T19:39:13.625Z kv-compact: end bytes=6282882 ms=10 l0=136 l1=158 rc=0
2026-10-02T19:39:13.625Z kv-compact: start l0=136 inputs=2 range=264 l0only=1
2026-10-02T19:39:13.635Z kv-compact: end bytes=5218998 ms=10 l0=135 l1=158 rc=0
2026-10-02T19:39:13.635Z kv-compact: start l0=135 inputs=2 range=261 l0only=1
2026-10-02T19:39:13.637Z kv-compact: end bytes=339159 ms=2 l0=134 l1=158 rc=0
2026-10-02T19:39:13.796Z raft-host: apply-sleep us=20485 group=2 idx=4501398 applied=4501397
2026-10-02T19:39:13.845Z raft-host: apply-sleep us=31059 group=2 idx=4501399 applied=4501398
2026-10-02T19:39:13.943Z raft-host: apply-sleep us=20237 group=2 idx=4501402 applied=4501401
2026-10-02T19:39:13.988Z raft-host: apply-sleep us=21266 group=2 idx=4501403 applied=4501402
2026-10-02T19:39:14.040Z kv-compact: start l0=141 inputs=2 range=2 l0only=0
2026-10-02T19:39:14.042Z raft-host: apply-sleep us=31251 group=2 idx=4501404 applied=4501403
2026-10-02T19:39:14.062Z kv-compact: end bytes=14013304 ms=23 l0=140 l1=158 rc=0
2026-10-02T19:39:14.062Z kv-compact: start l0=140 inputs=2 range=270 l0only=1
2026-10-02T19:39:14.078Z kv-compact: end bytes=9559755 ms=15 l0=139 l1=158 rc=0
2026-10-02T19:39:14.078Z kv-compact: start l0=139 inputs=2 range=267 l0only=1
2026-10-02T19:39:14.093Z kv-compact: end bytes=8598717 ms=15 l0=138 l1=158 rc=0
2026-10-02T19:39:14.093Z kv-compact: start l0=138 inputs=2 range=263 l0only=1
2026-10-02T19:39:14.103Z kv-compact: end bytes=6965311 ms=10 l0=137 l1=158 rc=0
2026-10-02T19:39:14.103Z kv-compact: start l0=137 inputs=2 range=257 l0only=1
2026-10-02T19:39:14.112Z kv-compact: end bytes=6605577 ms=9 l0=136 l1=158 rc=0
2026-10-02T19:39:14.112Z kv-compact: start l0=136 inputs=2 range=258 l0only=1
2026-10-02T19:39:14.123Z kv-compact: end bytes=6325151 ms=10 l0=135 l1=158 rc=0
2026-10-02T19:39:14.123Z kv-compact: start l0=135 inputs=2 range=260 l0only=1
2026-10-02T19:39:14.132Z kv-compact: end bytes=6245326 ms=9 l0=134 l1=158 rc=0
2026-10-02T19:39:14.287Z raft-host: apply-sleep us=20060 group=2 idx=4501411 applied=4501410
2026-10-02T19:39:14.334Z raft-host: apply-sleep us=25345 group=2 idx=4501412 applied=4501411
2026-10-02T19:39:14.400Z raft-host: apply-sleep us=20280 group=2 idx=4501414 applied=4501413
2026-10-02T19:39:14.442Z raft-host: apply-sleep us=22717 group=2 idx=4501415 applied=4501414
2026-10-02T19:39:14.484Z raft-host: apply-sleep us=22213 group=2 idx=4501416 applied=4501415
2026-10-02T19:39:14.537Z kv-compact: start l0=141 inputs=2 range=2 l0only=0
2026-10-02T19:39:14.539Z raft-host: apply-sleep us=29398 group=2 idx=4501417 applied=4501416
2026-10-02T19:39:14.562Z kv-compact: end bytes=16388984 ms=25 l0=140 l1=158 rc=0
2026-10-02T19:39:14.562Z kv-compact: start l0=140 inputs=2 range=270 l0only=1
2026-10-02T19:39:14.577Z kv-compact: end bytes=9644293 ms=15 l0=139 l1=158 rc=0
2026-10-02T19:39:14.577Z kv-compact: start l0=139 inputs=2 range=267 l0only=1
2026-10-02T19:39:14.593Z kv-compact: end bytes=8695927 ms=16 l0=138 l1=158 rc=0
2026-10-02T19:39:14.593Z kv-compact: start l0=138 inputs=2 range=257 l0only=1
2026-10-02T19:39:14.603Z kv-compact: end bytes=6711264 ms=10 l0=137 l1=158 rc=0
2026-10-02T19:39:14.603Z kv-compact: start l0=137 inputs=2 range=260 l0only=1
2026-10-02T19:39:14.612Z kv-compact: end bytes=6287595 ms=9 l0=136 l1=158 rc=0
2026-10-02T19:39:14.612Z kv-compact: start l0=136 inputs=2 range=264 l0only=1
2026-10-02T19:39:14.623Z kv-compact: end bytes=5345805 ms=11 l0=135 l1=158 rc=0
2026-10-02T19:39:14.623Z kv-compact: start l0=135 inputs=2 range=261 l0only=1
2026-10-02T19:39:14.626Z kv-compact: end bytes=423697 ms=3 l0=134 l1=158 rc=0
2026-10-02T19:39:14.790Z raft-host: apply-sleep us=24327 group=2 idx=4501424 applied=4501423
2026-10-02T19:39:14.982Z raft-host: apply-sleep us=23767 group=2 idx=4501434 applied=4501433
2026-10-02T19:39:15.008Z kv-compact: start l0=143 inputs=2 range=2 l0only=0
2026-10-02T19:39:15.036Z kv-compact: end bytes=18746068 ms=29 l0=142 l1=158 rc=0
2026-10-02T19:39:15.037Z kv-compact: start l0=142 inputs=2 range=270 l0only=1
2026-10-02T19:39:15.052Z kv-compact: end bytes=9774272 ms=16 l0=141 l1=158 rc=0
2026-10-02T19:39:15.052Z kv-compact: start l0=141 inputs=2 range=267 l0only=1
2026-10-02T19:39:15.069Z kv-compact: end bytes=8816350 ms=16 l0=140 l1=158 rc=0
2026-10-02T19:39:15.069Z kv-compact: start l0=140 inputs=2 range=263 l0only=1
2026-10-02T19:39:15.079Z kv-compact: end bytes=7007580 ms=11 l0=139 l1=158 rc=0
2026-10-02T19:39:15.079Z kv-compact: start l0=139 inputs=2 range=257 l0only=1
2026-10-02T19:39:15.090Z kv-compact: end bytes=6753533 ms=10 l0=138 l1=158 rc=0
2026-10-02T19:39:15.090Z kv-compact: start l0=138 inputs=2 range=258 l0only=1
2026-10-02T19:39:15.101Z kv-compact: end bytes=6412833 ms=11 l0=137 l1=158 rc=0
2026-10-02T19:39:15.101Z kv-compact: start l0=137 inputs=2 range=260 l0only=1
2026-10-02T19:39:15.110Z kv-compact: end bytes=6329864 ms=9 l0=136 l1=158 rc=0
2026-10-02T19:39:15.110Z kv-compact: start l0=136 inputs=2 range=264 l0only=1
2026-10-02T19:39:15.120Z kv-compact: end bytes=5394362 ms=10 l0=135 l1=158 rc=0
2026-10-02T19:39:15.120Z kv-compact: start l0=135 inputs=2 range=261 l0only=1
2026-10-02T19:39:15.122Z kv-compact: end bytes=472093 ms=3 l0=134 l1=158 rc=0
2026-10-02T19:39:15.149Z raft-host: apply-sleep us=104615 group=2 idx=4501439 applied=4501436
2026-10-02T19:39:15.319Z raft-host: apply-sleep us=92848 group=2 idx=4501445 applied=4501441
2026-10-02T19:39:15.438Z kv-compact: start l0=143 inputs=2 range=270 l0only=1
2026-10-02T19:39:15.438Z raft-host: apply-sleep us=41783 group=2 idx=4501449 applied=4501448
2026-10-02T19:39:15.455Z kv-compact: end bytes=10347238 ms=17 l0=142 l1=158 rc=0
2026-10-02T19:39:15.455Z kv-compact: start l0=142 inputs=2 range=267 l0only=1
2026-10-02T19:39:15.472Z kv-compact: end bytes=9238430 ms=17 l0=141 l1=158 rc=0
2026-10-02T19:39:15.472Z kv-compact: start l0=141 inputs=2 range=257 l0only=1
2026-10-02T19:39:15.482Z kv-compact: end bytes=7221737 ms=11 l0=140 l1=158 rc=0
2026-10-02T19:39:15.482Z kv-compact: start l0=140 inputs=2 range=263 l0only=1
2026-10-02T19:39:15.493Z kv-compact: end bytes=7219492 ms=10 l0=139 l1=158 rc=0
2026-10-02T19:39:15.493Z kv-compact: start l0=139 inputs=2 range=260 l0only=1
2026-10-02T19:39:15.502Z kv-compact: end bytes=6681363 ms=10 l0=138 l1=158 rc=0
2026-10-02T19:39:15.502Z kv-compact: start l0=138 inputs=2 range=258 l0only=1
2026-10-02T19:39:15.514Z kv-compact: end bytes=6620635 ms=11 l0=137 l1=158 rc=0
2026-10-02T19:39:15.514Z kv-compact: start l0=137 inputs=2 range=264 l0only=1
2026-10-02T19:39:15.525Z kv-compact: end bytes=5605818 ms=11 l0=136 l1=158 rc=0
2026-10-02T19:39:15.525Z kv-compact: start l0=136 inputs=2 range=261 l0only=1
2026-10-02T19:39:15.528Z kv-compact: end bytes=783190 ms=3 l0=135 l1=158 rc=0
2026-10-02T19:39:15.536Z raft-host: apply-sleep us=20364 group=2 idx=4501455 applied=4501454
2026-10-02T19:39:15.653Z raft-host: apply-sleep us=22666 group=2 idx=4501460 applied=4501458
2026-10-02T19:39:15.784Z kv-compact: start l0=144 inputs=4 range=270 l0only=0
2026-10-02T19:39:15.786Z raft-host: apply-sleep us=53509 group=2 idx=4501465 applied=4501462
2026-10-02T19:39:15.922Z kv-compact: end bytes=89460678 ms=138 l0=142 l1=158 rc=0
2026-10-02T19:39:15.922Z kv-compact: start l0=142 inputs=2 range=267 l0only=1
2026-10-02T19:39:15.940Z kv-compact: end bytes=9530530 ms=18 l0=141 l1=158 rc=0
2026-10-02T19:39:15.940Z kv-compact: start l0=141 inputs=2 range=257 l0only=1
2026-10-02T19:39:15.951Z kv-compact: end bytes=7540846 ms=12 l0=140 l1=158 rc=0
2026-10-02T19:39:15.951Z kv-compact: start l0=140 inputs=2 range=263 l0only=1
2026-10-02T19:39:15.962Z kv-compact: end bytes=7399774 ms=11 l0=139 l1=158 rc=0
2026-10-02T19:39:15.962Z kv-compact: start l0=139 inputs=2 range=260 l0only=1
2026-10-02T19:39:15.973Z kv-compact: end bytes=6938565 ms=10 l0=138 l1=158 rc=0
2026-10-02T19:39:15.973Z kv-compact: start l0=138 inputs=2 range=258 l0only=1
2026-10-02T19:39:15.979Z raft-host: apply-sleep us=60730 group=2 idx=4501470 applied=4501468
2026-10-02T19:39:15.985Z kv-compact: end bytes=6758004 ms=12 l0=137 l1=158 rc=0
2026-10-02T19:39:15.985Z kv-compact: start l0=137 inputs=2 range=264 l0only=1
2026-10-02T19:39:15.995Z kv-compact: end bytes=5788685 ms=11 l0=136 l1=158 rc=0
2026-10-02T19:39:15.995Z kv-compact: start l0=136 inputs=2 range=2 l0only=1
2026-10-02T19:39:16.000Z kv-compact: end bytes=1735360 ms=4 l0=135 l1=158 rc=0
2026-10-02T19:39:16.000Z kv-compact: start l0=135 inputs=2 range=261 l0only=1
2026-10-02T19:39:16.003Z kv-compact: end bytes=989324 ms=3 l0=134 l1=158 rc=0
2026-10-02T19:39:16.090Z raft-host: apply-sleep us=48792 group=2 idx=4501474 applied=4501470
2026-10-02T19:39:16.158Z raft-host: apply-sleep us=29608 group=2 idx=4501475 applied=4501474
2026-10-02T19:39:16.222Z raft-host: apply-sleep us=20361 group=2 idx=4501478 applied=4501476
2026-10-02T19:39:16.307Z raft-host: apply-sleep us=27680 group=2 idx=4501483 applied=4501482
2026-10-02T19:39:16.337Z kv-compact: start l0=143 inputs=3 range=2 l0only=0
2026-10-02T19:39:16.371Z kv-compact: end bytes=21901268 ms=34 l0=141 l1=158 rc=0
2026-10-02T19:39:16.371Z kv-compact: start l0=141 inputs=2 range=267 l0only=1
2026-10-02T19:39:16.389Z kv-compact: end bytes=9835796 ms=18 l0=140 l1=158 rc=0
2026-10-02T19:39:16.390Z kv-compact: start l0=140 inputs=2 range=257 l0only=1
2026-10-02T19:39:16.402Z kv-compact: end bytes=7811357 ms=12 l0=139 l1=158 rc=0
2026-10-02T19:39:16.402Z kv-compact: start l0=139 inputs=2 range=263 l0only=1
2026-10-02T19:39:16.413Z kv-compact: end bytes=7493646 ms=11 l0=138 l1=158 rc=0
2026-10-02T19:39:16.413Z kv-compact: start l0=138 inputs=2 range=260 l0only=1
2026-10-02T19:39:16.423Z kv-compact: end bytes=7075263 ms=11 l0=137 l1=158 rc=0
2026-10-02T19:39:16.423Z kv-compact: start l0=137 inputs=2 range=258 l0only=1
2026-10-02T19:39:16.431Z raft-host: apply-sleep us=81032 group=2 idx=4501488 applied=4501484
2026-10-02T19:39:16.436Z kv-compact: end bytes=6851393 ms=12 l0=136 l1=158 rc=0
2026-10-02T19:39:16.436Z kv-compact: start l0=136 inputs=2 range=264 l0only=1
2026-10-02T19:39:16.463Z kv-compact: end bytes=5939987 ms=28 l0=135 l1=158 rc=0
2026-10-02T19:39:16.464Z kv-compact: start l0=135 inputs=2 range=261 l0only=1
2026-10-02T19:39:16.467Z kv-compact: end bytes=1172401 ms=4 l0=134 l1=158 rc=0
2026-10-02T19:39:16.564Z raft-host: apply-sleep us=63157 group=2 idx=4501491 applied=4501490
2026-10-02T19:39:16.670Z raft-host: apply-sleep us=42957 group=2 idx=4501494 applied=4501493
2026-10-02T19:39:16.682Z kv-compact: start l0=143 inputs=2 range=267 l0only=1
2026-10-02T19:39:16.700Z kv-compact: end bytes=10291290 ms=19 l0=142 l1=158 rc=0
2026-10-02T19:39:16.700Z kv-compact: start l0=142 inputs=2 range=257 l0only=1
2026-10-02T19:39:16.713Z kv-compact: end bytes=8217802 ms=12 l0=141 l1=158 rc=0
2026-10-02T19:39:16.713Z kv-compact: start l0=141 inputs=2 range=263 l0only=1
2026-10-02T19:39:16.724Z kv-compact: end bytes=7689610 ms=11 l0=140 l1=158 rc=0
2026-10-02T19:39:16.724Z kv-compact: start l0=140 inputs=2 range=260 l0only=1
2026-10-02T19:39:16.734Z kv-compact: end bytes=7373319 ms=11 l0=139 l1=158 rc=0
2026-10-02T19:39:16.734Z kv-compact: start l0=139 inputs=2 range=258 l0only=1
2026-10-02T19:39:16.747Z kv-compact: end bytes=7046391 ms=12 l0=138 l1=158 rc=0
2026-10-02T19:39:16.747Z kv-compact: start l0=138 inputs=2 range=264 l0only=1
2026-10-02T19:39:16.758Z kv-compact: end bytes=6190975 ms=11 l0=137 l1=158 rc=0
2026-10-02T19:39:16.758Z kv-compact: start l0=137 inputs=2 range=261 l0only=1
2026-10-02T19:39:16.762Z kv-compact: end bytes=1507167 ms=4 l0=136 l1=158 rc=0
2026-10-02T19:39:16.762Z kv-compact: start l0=136 inputs=2 range=270 l0only=1
2026-10-02T19:39:16.765Z kv-compact: end bytes=1009322 ms=3 l0=135 l1=158 rc=0
2026-10-02T19:39:16.965Z raft-host: apply-sleep us=44890 group=2 idx=4501503 applied=4501502
2026-10-02T19:39:17.012Z raft-host: apply-sleep us=22918 group=2 idx=4501504 applied=4501503
2026-10-02T19:39:17.046Z raft-host: apply-sleep us=20016 group=2 idx=4501505 applied=4501504
2026-10-02T19:39:17.121Z raft-host: apply-sleep us=24839 group=2 idx=4501512 applied=4501511
2026-10-02T19:39:17.165Z raft-host: apply-sleep us=23253 group=2 idx=4501513 applied=4501512
2026-10-02T19:39:17.211Z kv-compact: start l0=144 inputs=2 range=267 l0only=1
2026-10-02T19:39:17.214Z raft-host: apply-sleep us=26001 group=2 idx=4501514 applied=4501513
2026-10-02T19:39:17.231Z kv-compact: end bytes=10446742 ms=19 l0=143 l1=158 rc=0
2026-10-02T19:39:17.231Z kv-compact: start l0=143 inputs=2 range=257 l0only=1
2026-10-02T19:39:17.243Z kv-compact: end bytes=8362467 ms=13 l0=142 l1=158 rc=0
2026-10-02T19:39:17.243Z kv-compact: start l0=142 inputs=2 range=263 l0only=1
2026-10-02T19:39:17.254Z kv-compact: end bytes=7740865 ms=11 l0=141 l1=158 rc=0
2026-10-02T19:39:17.254Z kv-compact: start l0=141 inputs=2 range=260 l0only=1
2026-10-02T19:39:17.265Z kv-compact: end bytes=7483208 ms=11 l0=140 l1=158 rc=0
2026-10-02T19:39:17.265Z kv-compact: start l0=140 inputs=2 range=258 l0only=1
2026-10-02T19:39:17.278Z kv-compact: end bytes=7176170 ms=12 l0=139 l1=158 rc=0
2026-10-02T19:39:17.278Z kv-compact: start l0=139 inputs=2 range=264 l0only=1
2026-10-02T19:39:17.289Z kv-compact: end bytes=6301186 ms=11 l0=138 l1=158 rc=0
2026-10-02T19:39:17.289Z kv-compact: start l0=138 inputs=2 range=2 l0only=1
2026-10-02T19:39:17.294Z kv-compact: end bytes=2440660 ms=5 l0=137 l1=158 rc=0
2026-10-02T19:39:17.294Z kv-compact: start l0=137 inputs=2 range=261 l0only=1
2026-10-02T19:39:17.298Z kv-compact: end bytes=1617539 ms=4 l0=136 l1=158 rc=0
2026-10-02T19:39:17.298Z kv-compact: start l0=136 inputs=2 range=270 l0only=1
2026-10-02T19:39:17.301Z kv-compact: end bytes=1323026 ms=3 l0=135 l1=158 rc=0
2026-10-02T19:39:17.312Z raft-host: apply-sleep us=53936 group=2 idx=4501519 applied=4501516
2026-10-02T19:39:17.497Z kv-compact: start l0=144 inputs=4 range=267 l0only=0
2026-10-02T19:39:17.498Z raft-host: apply-sleep us=105949 group=2 idx=4501524 applied=4501519
2026-10-02T19:39:17.630Z kv-compact: end bytes=87610310 ms=133 l0=142 l1=158 rc=0
2026-10-02T19:39:17.630Z kv-compact: start l0=142 inputs=3 range=2 l0only=0
2026-10-02T19:39:17.633Z raft-host: apply-sleep us=37613 group=2 idx=4501525 applied=4501524
2026-10-02T19:39:17.668Z kv-compact: end bytes=24852272 ms=37 l0=140 l1=158 rc=0
2026-10-02T19:39:17.668Z kv-compact: start l0=140 inputs=2 range=257 l0only=1
2026-10-02T19:39:17.683Z kv-compact: end bytes=8771980 ms=14 l0=139 l1=158 rc=0
2026-10-02T19:39:17.683Z kv-compact: start l0=139 inputs=2 range=263 l0only=1
2026-10-02T19:39:17.695Z kv-compact: end bytes=7977279 ms=12 l0=138 l1=158 rc=0
2026-10-02T19:39:17.695Z kv-compact: start l0=138 inputs=2 range=260 l0only=1
2026-10-02T19:39:17.706Z kv-compact: end bytes=7783849 ms=11 l0=137 l1=158 rc=0
2026-10-02T19:39:17.706Z kv-compact: start l0=137 inputs=2 range=258 l0only=1
2026-10-02T19:39:17.718Z kv-compact: end bytes=7376007 ms=13 l0=136 l1=158 rc=0
2026-10-02T19:39:17.718Z kv-compact: start l0=136 inputs=2 range=264 l0only=1
2026-10-02T19:39:17.730Z kv-compact: end bytes=6519574 ms=11 l0=135 l1=158 rc=0
2026-10-02T19:39:17.730Z kv-compact: start l0=135 inputs=2 range=270 l0only=1
2026-10-02T19:39:17.734Z kv-compact: end bytes=1962181 ms=4 l0=134 l1=158 rc=0
2026-10-02T19:39:17.734Z kv-compact: start l0=134 inputs=2 range=261 l0only=1
2026-10-02T19:39:17.738Z kv-compact: end bytes=1917536 ms=5 l0=133 l1=158 rc=0
2026-10-02T19:39:17.795Z raft-host: apply-sleep us=102291 group=2 idx=4501530 applied=4501529
2026-10-02T19:39:17.907Z raft-host: apply-sleep us=48492 group=2 idx=4501533 applied=4501532
2026-10-02T19:39:17.983Z raft-host: apply-sleep us=33922 group=2 idx=4501535 applied=4501534
2026-10-02T19:39:18.022Z raft-host: apply-sleep us=20225 group=2 idx=4501536 applied=4501535
2026-10-02T19:39:18.063Z raft-host: apply-sleep us=21519 group=2 idx=4501537 applied=4501536
2026-10-02T19:39:18.118Z kv-compact: start l0=142 inputs=2 range=257 l0only=1
2026-10-02T19:39:18.120Z raft-host: apply-sleep us=30914 group=2 idx=4501538 applied=4501537
2026-10-02T19:39:18.133Z kv-compact: end bytes=9124422 ms=15 l0=141 l1=158 rc=0
2026-10-02T19:39:18.133Z kv-compact: start l0=141 inputs=2 range=263 l0only=1
2026-10-02T19:39:18.145Z kv-compact: end bytes=8090871 ms=11 l0=140 l1=158 rc=0
2026-10-02T19:39:18.145Z kv-compact: start l0=140 inputs=2 range=260 l0only=1
2026-10-02T19:39:18.147Z raft-obs: tx->1 enq=20044 drop=0 sent=20044 fail=0 hi=7 rtt_avg=35us get_avg=208us get_max=4173ms
2026-10-02T19:39:18.147Z raft-obs: tx->2 enq=19986 drop=0 sent=19986 fail=0 hi=5 rtt_avg=33us get_avg=203us get_max=4059ms
2026-10-02T19:39:18.147Z raft-obs: wait_timeouts=0 pump_hold_max=51774us lock_wait_max=12467us drain_max=51774us tick_max=4us apply_max=51711us persist_max=6381us applies_in_worst=3 arc_miss=0 arc_term_miss=0 opid_replay=0 fin_q=0 fin_done=0 fin_drop=0 fin_full=0 pub_p50=0us pub_max=0us inbox_drop=0
2026-10-02T19:39:18.157Z kv-compact: end bytes=7975452 ms=12 l0=139 l1=158 rc=0
2026-10-02T19:39:18.157Z kv-compact: start l0=139 inputs=2 range=258 l0only=1
2026-10-02T19:39:18.170Z kv-compact: end bytes=7447169 ms=13 l0=138 l1=158 rc=0
2026-10-02T19:39:18.170Z kv-compact: start l0=138 inputs=2 range=264 l0only=1
2026-10-02T19:39:18.183Z kv-compact: end bytes=6664400 ms=14 l0=137 l1=158 rc=0
2026-10-02T19:39:18.183Z kv-compact: start l0=137 inputs=2 range=270 l0only=1
2026-10-02T19:39:18.188Z kv-compact: end bytes=2244407 ms=5 l0=136 l1=158 rc=0
2026-10-02T19:39:18.188Z kv-compact: start l0=136 inputs=2 range=261 l0only=1
2026-10-02T19:39:18.193Z kv-compact: end bytes=2024279 ms=5 l0=135 l1=158 rc=0
2026-10-02T19:39:18.213Z raft-host: apply-sleep us=45236 group=2 idx=4501540 applied=4501539
2026-10-02T19:39:18.361Z raft-host: apply-sleep us=116769 group=2 idx=4501545 applied=4501542
2026-10-02T19:39:18.531Z kv-compact: start l0=144 inputs=2 range=257 l0only=1
2026-10-02T19:39:18.536Z raft-host: apply-sleep us=90122 group=2 idx=4501550 applied=4501547
2026-10-02T19:39:18.546Z kv-compact: end bytes=9683662 ms=14 l0=143 l1=158 rc=0
2026-10-02T19:39:18.546Z kv-compact: start l0=143 inputs=2 range=263 l0only=1
2026-10-02T19:39:18.558Z kv-compact: end bytes=8256701 ms=11 l0=142 l1=158 rc=0
2026-10-02T19:39:18.558Z kv-compact: start l0=142 inputs=2 range=260 l0only=1
2026-10-02T19:39:18.570Z kv-compact: end bytes=8224519 ms=12 l0=141 l1=158 rc=0
2026-10-02T19:39:18.570Z kv-compact: start l0=141 inputs=2 range=258 l0only=1
2026-10-02T19:39:18.583Z kv-compact: end bytes=7612999 ms=13 l0=140 l1=158 rc=0
2026-10-02T19:39:18.583Z kv-compact: start l0=140 inputs=2 range=264 l0only=1
2026-10-02T19:39:18.596Z kv-compact: end bytes=6903807 ms=13 l0=139 l1=158 rc=0
2026-10-02T19:39:18.596Z kv-compact: start l0=139 inputs=2 range=270 l0only=1
2026-10-02T19:39:18.602Z kv-compact: end bytes=2925920 ms=6 l0=138 l1=158 rc=0
2026-10-02T19:39:18.602Z kv-compact: start l0=138 inputs=2 range=261 l0only=1
2026-10-02T19:39:18.607Z kv-compact: end bytes=2272541 ms=5 l0=137 l1=158 rc=0
2026-10-02T19:39:18.607Z kv-compact: start l0=137 inputs=2 range=2 l0only=1
2026-10-02T19:39:18.611Z kv-compact: end bytes=2060160 ms=4 l0=136 l1=158 rc=0
2026-10-02T19:39:18.611Z kv-compact: start l0=136 inputs=2 range=267 l0only=1
2026-10-02T19:39:18.614Z kv-compact: end bytes=704443 ms=3 l0=135 l1=158 rc=0
2026-10-02T19:39:18.623Z raft-host: apply-sleep us=21193 group=2 idx=4501553 applied=4501552
2026-10-02T19:39:18.793Z raft-host: apply-sleep us=20002 group=2 idx=4501559 applied=4501558
2026-10-02T19:39:18.904Z raft-host: apply-sleep us=22325 group=2 idx=4501562 applied=4501561
2026-10-02T19:39:18.947Z kv-compact: start l0=144 inputs=3 range=2 l0only=0
2026-10-02T19:39:18.992Z kv-compact: end bytes=28768432 ms=45 l0=142 l1=158 rc=0
2026-10-02T19:39:18.992Z kv-compact: start l0=142 inputs=2 range=257 l0only=1
2026-10-02T19:39:19.007Z kv-compact: end bytes=9865518 ms=16 l0=141 l1=158 rc=0
2026-10-02T19:39:19.007Z kv-compact: start l0=141 inputs=2 range=263 l0only=1
2026-10-02T19:39:19.013Z raft-host: apply-sleep us=45889 group=2 idx=4501567 applied=4501565
2026-10-02T19:39:19.019Z kv-compact: end bytes=8301137 ms=11 l0=140 l1=158 rc=0
2026-10-02T19:39:19.019Z kv-compact: start l0=140 inputs=2 range=260 l0only=1
2026-10-02T19:39:19.031Z kv-compact: end bytes=8291173 ms=11 l0=139 l1=158 rc=0
2026-10-02T19:39:19.031Z kv-compact: start l0=139 inputs=2 range=258 l0only=1
2026-10-02T19:39:19.044Z kv-compact: end bytes=7700026 ms=14 l0=138 l1=158 rc=0
2026-10-02T19:39:19.044Z kv-compact: start l0=138 inputs=2 range=264 l0only=1
2026-10-02T19:39:19.058Z kv-compact: end bytes=7055482 ms=13 l0=137 l1=158 rc=0
2026-10-02T19:39:19.058Z kv-compact: start l0=137 inputs=2 range=270 l0only=1
2026-10-02T19:39:19.064Z kv-compact: end bytes=3163717 ms=6 l0=136 l1=158 rc=0
2026-10-02T19:39:19.064Z kv-compact: start l0=136 inputs=2 range=261 l0only=1
2026-10-02T19:39:19.069Z kv-compact: end bytes=2423733 ms=6 l0=135 l1=158 rc=0
2026-10-02T19:39:19.069Z kv-compact: start l0=135 inputs=2 range=267 l0only=1
2026-10-02T19:39:19.072Z kv-compact: end bytes=929588 ms=3 l0=134 l1=158 rc=0
2026-10-02T19:39:19.154Z raft-host: apply-sleep us=57426 group=2 idx=4501570 applied=4501569
2026-10-02T19:39:19.251Z raft-host: apply-sleep us=50090 group=2 idx=4501572 applied=4501571
2026-10-02T19:39:19.337Z raft-host: apply-sleep us=47954 group=2 idx=4501575 applied=4501574
2026-10-02T19:39:19.387Z kv-compact: start l0=143 inputs=2 range=257 l0only=1
2026-10-02T19:39:19.389Z raft-host: apply-sleep us=29537 group=2 idx=4501576 applied=4501575
2026-10-02T19:39:19.403Z kv-compact: end bytes=10283474 ms=16 l0=142 l1=158 rc=0
2026-10-02T19:39:19.403Z kv-compact: start l0=142 inputs=2 range=260 l0only=1
2026-10-02T19:39:19.416Z kv-compact: end bytes=8497092 ms=13 l0=141 l1=158 rc=0
2026-10-02T19:39:19.416Z kv-compact: start l0=141 inputs=2 range=263 l0only=1
2026-10-02T19:39:19.428Z kv-compact: end bytes=8438792 ms=12 l0=140 l1=158 rc=0
2026-10-02T19:39:19.428Z kv-compact: start l0=140 inputs=2 range=258 l0only=1
2026-10-02T19:39:19.438Z raft-host: apply-sleep us=36492 group=2 idx=4501580 applied=4501579
2026-10-02T19:39:19.442Z kv-compact: end bytes=7852626 ms=14 l0=139 l1=158 rc=0
2026-10-02T19:39:19.442Z kv-compact: start l0=139 inputs=2 range=264 l0only=1
2026-10-02T19:39:19.456Z kv-compact: end bytes=7301738 ms=13 l0=138 l1=158 rc=0
2026-10-02T19:39:19.456Z kv-compact: start l0=138 inputs=2 range=270 l0only=1
2026-10-02T19:39:19.464Z kv-compact: end bytes=3660972 ms=8 l0=137 l1=158 rc=0
2026-10-02T19:39:19.464Z kv-compact: start l0=137 inputs=2 range=261 l0only=1
2026-10-02T19:39:19.471Z kv-compact: end bytes=2672887 ms=7 l0=136 l1=158 rc=0
2026-10-02T19:39:19.471Z kv-compact: start l0=136 inputs=2 range=267 l0only=1
2026-10-02T19:39:19.474Z kv-compact: end bytes=1432049 ms=4 l0=135 l1=158 rc=0
2026-10-02T19:39:19.626Z raft-host: apply-sleep us=20920 group=2 idx=4501586 applied=4501585
2026-10-02T19:39:19.679Z raft-host: apply-sleep us=34627 group=2 idx=4501587 applied=4501586
2026-10-02T19:39:19.798Z raft-host: apply-sleep us=41999 group=2 idx=4501591 applied=4501589
2026-10-02T19:39:19.830Z kv-compact: start l0=144 inputs=2 range=257 l0only=1
2026-10-02T19:39:19.846Z kv-compact: end bytes=10478780 ms=17 l0=143 l1=158 rc=0
2026-10-02T19:39:19.846Z kv-compact: start l0=143 inputs=2 range=260 l0only=1
2026-10-02T19:39:19.859Z kv-compact: end bytes=8632667 ms=12 l0=142 l1=158 rc=0
2026-10-02T19:39:19.859Z kv-compact: start l0=142 inputs=2 range=263 l0only=1
2026-10-02T19:39:19.871Z kv-compact: end bytes=8557301 ms=13 l0=141 l1=158 rc=0
2026-10-02T19:39:19.871Z kv-compact: start l0=141 inputs=2 range=258 l0only=1
2026-10-02T19:39:19.885Z kv-compact: end bytes=7913760 ms=13 l0=140 l1=158 rc=0
2026-10-02T19:39:19.885Z kv-compact: start l0=140 inputs=2 range=264 l0only=1
2026-10-02T19:39:19.898Z kv-compact: end bytes=7348428 ms=13 l0=139 l1=158 rc=0
2026-10-02T19:39:19.898Z kv-compact: start l0=139 inputs=2 range=270 l0only=1
2026-10-02T19:39:19.905Z kv-compact: end bytes=3852603 ms=8 l0=138 l1=158 rc=0
2026-10-02T19:39:19.905Z kv-compact: start l0=138 inputs=2 range=2 l0only=1
2026-10-02T19:39:19.911Z kv-compact: end bytes=2784020 ms=5 l0=137 l1=158 rc=0
2026-10-02T19:39:19.911Z kv-compact: start l0=137 inputs=2 range=261 l0only=1
2026-10-02T19:39:19.916Z kv-compact: end bytes=2723441 ms=6 l0=136 l1=158 rc=0
2026-10-02T19:39:19.916Z kv-compact: start l0=136 inputs=2 range=267 l0only=1
2026-10-02T19:39:19.920Z kv-compact: end bytes=1634332 ms=3 l0=135 l1=158 rc=0
2026-10-02T19:39:19.939Z raft-host: apply-sleep us=63282 group=2 idx=4501596 applied=4501594
2026-10-02T19:39:20.087Z raft-host: apply-sleep us=76306 group=2 idx=4501599 applied=4501598
2026-10-02T19:39:20.195Z raft-host: apply-sleep us=54519 group=2 idx=4501605 applied=4501601
2026-10-02T19:39:20.250Z kv-compact: start l0=144 inputs=2 range=257 l0only=1
2026-10-02T19:39:20.252Z raft-host: apply-sleep us=27113 group=2 idx=4501606 applied=4501605
2026-10-02T19:39:20.267Z kv-compact: end bytes=10993745 ms=17 l0=143 l1=158 rc=0
2026-10-02T19:39:20.267Z kv-compact: start l0=143 inputs=2 range=260 l0only=1
2026-10-02T19:39:20.280Z kv-compact: end bytes=8910801 ms=13 l0=142 l1=158 rc=0
2026-10-02T19:39:20.280Z kv-compact: start l0=142 inputs=2 range=263 l0only=1
2026-10-02T19:39:20.293Z kv-compact: end bytes=8714437 ms=13 l0=141 l1=158 rc=0
2026-10-02T19:39:20.293Z kv-compact: start l0=141 inputs=2 range=258 l0only=1
2026-10-02T19:39:20.300Z raft-host: apply-sleep us=20038 group=2 idx=4501607 applied=4501606
2026-10-02T19:39:20.306Z kv-compact: end bytes=8071057 ms=14 l0=140 l1=158 rc=0
2026-10-02T19:39:20.306Z kv-compact: start l0=140 inputs=2 range=264 l0only=1
2026-10-02T19:39:20.320Z kv-compact: end bytes=7584691 ms=13 l0=139 l1=158 rc=0
2026-10-02T19:39:20.320Z kv-compact: start l0=139 inputs=2 range=270 l0only=1
2026-10-02T19:39:20.328Z kv-compact: end bytes=4402666 ms=7 l0=138 l1=158 rc=0
2026-10-02T19:39:20.328Z kv-compact: start l0=138 inputs=2 range=2 l0only=1
2026-10-02T19:39:20.334Z kv-compact: end bytes=3377940 ms=6 l0=137 l1=158 rc=0
2026-10-02T19:39:20.334Z kv-compact: start l0=137 inputs=2 range=261 l0only=1
2026-10-02T19:39:20.340Z kv-compact: end bytes=2959628 ms=6 l0=136 l1=158 rc=0
2026-10-02T19:39:20.340Z kv-compact: start l0=136 inputs=2 range=267 l0only=1
2026-10-02T19:39:20.345Z kv-compact: end bytes=2171804 ms=4 l0=135 l1=158 rc=0
2026-10-02T19:39:20.411Z raft-host: apply-sleep us=21624 group=2 idx=4501611 applied=4501609
2026-10-02T19:39:20.522Z raft-host: apply-sleep us=52027 group=2 idx=4501614 applied=4501612
2026-10-02T19:39:20.630Z raft-host: apply-sleep us=24975 group=2 idx=4501617 applied=4501616
2026-10-02T19:39:20.676Z raft-host: apply-sleep us=23475 group=2 idx=4501618 applied=4501617
2026-10-02T19:39:20.703Z kv-compact: start l0=144 inputs=3 range=2 l0only=0
2026-10-02T19:39:20.754Z kv-compact: end bytes=33965196 ms=51 l0=142 l1=158 rc=0
2026-10-02T19:39:20.754Z kv-compact: start l0=142 inputs=2 range=257 l0only=1
2026-10-02T19:39:20.771Z kv-compact: end bytes=11202092 ms=16 l0=141 l1=158 rc=0
2026-10-02T19:39:20.771Z kv-compact: start l0=141 inputs=2 range=260 l0only=1
2026-10-02T19:39:20.776Z raft-host: apply-sleep us=58428 group=2 idx=4501622 applied=4501619
2026-10-02T19:39:20.784Z kv-compact: end bytes=8984861 ms=14 l0=140 l1=158 rc=0
2026-10-02T19:39:20.784Z kv-compact: start l0=140 inputs=2 range=263 l0only=1
2026-10-02T19:39:20.796Z kv-compact: end bytes=8763864 ms=12 l0=139 l1=158 rc=0
2026-10-02T19:39:20.797Z kv-compact: start l0=139 inputs=2 range=258 l0only=1
2026-10-02T19:39:20.810Z kv-compact: end bytes=8120484 ms=13 l0=138 l1=158 rc=0
2026-10-02T19:39:20.810Z kv-compact: start l0=138 inputs=2 range=264 l0only=1
2026-10-02T19:39:20.824Z kv-compact: end bytes=7751263 ms=14 l0=137 l1=158 rc=0
2026-10-02T19:39:20.824Z kv-compact: start l0=137 inputs=2 range=270 l0only=1
2026-10-02T19:39:20.832Z kv-compact: end bytes=4647077 ms=9 l0=136 l1=158 rc=0
2026-10-02T19:39:20.832Z kv-compact: start l0=136 inputs=2 range=261 l0only=1
2026-10-02T19:39:20.839Z kv-compact: end bytes=3118226 ms=6 l0=135 l1=158 rc=0
2026-10-02T19:39:20.839Z kv-compact: start l0=135 inputs=2 range=267 l0only=1
2026-10-02T19:39:20.844Z kv-compact: end bytes=2419435 ms=5 l0=134 l1=158 rc=0
2026-10-02T19:39:20.921Z raft-host: apply-sleep us=46245 group=2 idx=4501624 applied=4501623
2026-10-02T19:39:21.009Z raft-host: apply-sleep us=54201 group=2 idx=4501629 applied=4501627
2026-10-02T19:39:21.131Z kv-compact: start l0=143 inputs=4 range=257 l0only=0
2026-10-02T19:39:21.134Z raft-host: apply-sleep us=67856 group=2 idx=4501631 applied=4501630
2026-10-02T19:39:21.199Z raft-host: apply-sleep us=26106 group=2 idx=4501635 applied=4501634
2026-10-02T19:39:21.268Z kv-compact: end bytes=91041590 ms=137 l0=141 l1=158 rc=0
2026-10-02T19:39:21.268Z kv-compact: start l0=141 inputs=2 range=260 l0only=1
2026-10-02T19:39:21.280Z kv-compact: end bytes=9222014 ms=13 l0=140 l1=158 rc=0
2026-10-02T19:39:21.280Z kv-compact: start l0=140 inputs=2 range=263 l0only=1
2026-10-02T19:39:21.293Z kv-compact: end bytes=8921966 ms=12 l0=139 l1=158 rc=0
2026-10-02T19:39:21.293Z kv-compact: start l0=139 inputs=2 range=258 l0only=1
2026-10-02T19:39:21.308Z kv-compact: end bytes=8281342 ms=14 l0=138 l1=158 rc=0
2026-10-02T19:39:21.308Z kv-compact: start l0=138 inputs=2 range=264 l0only=1
2026-10-02T19:39:21.323Z kv-compact: end bytes=8127446 ms=15 l0=137 l1=158 rc=0
2026-10-02T19:39:21.323Z kv-compact: start l0=137 inputs=2 range=270 l0only=1
2026-10-02T19:39:21.323Z raft-host: apply-sleep us=20321 group=2 idx=4501639 applied=4501638
2026-10-02T19:39:21.332Z kv-compact: end bytes=5197623 ms=9 l0=136 l1=158 rc=0
2026-10-02T19:39:21.332Z kv-compact: start l0=136 inputs=2 range=261 l0only=1
2026-10-02T19:39:21.339Z kv-compact: end bytes=3355701 ms=7 l0=135 l1=158 rc=0
2026-10-02T19:39:21.339Z kv-compact: start l0=135 inputs=2 range=267 l0only=1
2026-10-02T19:39:21.345Z kv-compact: end bytes=2992843 ms=6 l0=134 l1=158 rc=0
2026-10-02T19:39:21.405Z raft-host: apply-sleep us=25130 group=2 idx=4501642 applied=4501641
2026-10-02T19:39:21.551Z kv-compact: start l0=143 inputs=2 range=260 l0only=1
2026-10-02T19:39:21.564Z kv-compact: end bytes=9357663 ms=14 l0=142 l1=158 rc=0
2026-10-02T19:39:21.564Z kv-compact: start l0=142 inputs=2 range=263 l0only=1
2026-10-02T19:39:21.568Z raft-host: apply-sleep us=93904 group=2 idx=4501647 applied=4501644
2026-10-02T19:39:21.577Z kv-compact: end bytes=8984595 ms=12 l0=141 l1=158 rc=0
2026-10-02T19:39:21.577Z kv-compact: start l0=141 inputs=2 range=258 l0only=1
2026-10-02T19:39:21.592Z kv-compact: end bytes=8425914 ms=15 l0=140 l1=158 rc=0
2026-10-02T19:39:21.592Z kv-compact: start l0=140 inputs=2 range=264 l0only=1
2026-10-02T19:39:21.607Z kv-compact: end bytes=8261324 ms=15 l0=139 l1=158 rc=0
2026-10-02T19:39:21.607Z kv-compact: start l0=139 inputs=2 range=270 l0only=1
2026-10-02T19:39:21.617Z kv-compact: end bytes=5484566 ms=10 l0=138 l1=158 rc=0
2026-10-02T19:39:21.617Z kv-compact: start l0=138 inputs=2 range=261 l0only=1
2026-10-02T19:39:21.624Z kv-compact: end bytes=3491350 ms=7 l0=137 l1=158 rc=0
2026-10-02T19:39:21.624Z kv-compact: start l0=137 inputs=2 range=267 l0only=1
2026-10-02T19:39:21.630Z kv-compact: end bytes=3270494 ms=7 l0=136 l1=158 rc=0
2026-10-02T19:39:21.630Z kv-compact: start l0=136 inputs=2 range=2 l0only=1
2026-10-02T19:39:21.635Z kv-compact: end bytes=2227220 ms=4 l0=135 l1=158 rc=0
2026-10-02T19:39:21.711Z raft-host: apply-sleep us=40640 group=2 idx=4501651 applied=4501650
2026-10-02T19:39:21.795Z raft-host: apply-sleep us=42062 group=2 idx=4501653 applied=4501652
2026-10-02T19:39:21.860Z raft-host: apply-sleep us=33676 group=2 idx=4501656 applied=4501655
2026-10-02T19:39:21.976Z raft-host: apply-sleep us=35484 group=2 idx=4501659 applied=4501658
2026-10-02T19:39:22.018Z kv-compact: start l0=144 inputs=2 range=260 l0only=1
2026-10-02T19:39:22.032Z kv-compact: end bytes=9563186 ms=15 l0=143 l1=158 rc=0
2026-10-02T19:39:22.032Z kv-compact: start l0=143 inputs=2 range=263 l0only=1
2026-10-02T19:39:22.046Z kv-compact: end bytes=9177808 ms=13 l0=142 l1=158 rc=0
2026-10-02T19:39:22.046Z kv-compact: start l0=142 inputs=2 range=264 l0only=1
2026-10-02T19:39:22.056Z raft-host: apply-sleep us=25508 group=2 idx=4501661 applied=4501660
2026-10-02T19:39:22.061Z kv-compact: end bytes=8591535 ms=15 l0=141 l1=158 rc=0
2026-10-02T19:39:22.061Z kv-compact: start l0=141 inputs=2 range=258 l0only=1
2026-10-02T19:39:22.075Z kv-compact: end bytes=8534106 ms=14 l0=140 l1=158 rc=0
2026-10-02T19:39:22.075Z kv-compact: start l0=140 inputs=2 range=270 l0only=1
2026-10-02T19:39:22.085Z kv-compact: end bytes=5871053 ms=11 l0=139 l1=158 rc=0
2026-10-02T19:39:22.085Z kv-compact: start l0=139 inputs=2 range=261 l0only=1
2026-10-02T19:39:22.092Z kv-compact: end bytes=3653799 ms=7 l0=138 l1=158 rc=0
2026-10-02T19:39:22.092Z kv-compact: start l0=138 inputs=2 range=267 l0only=1
2026-10-02T19:39:22.099Z kv-compact: end bytes=3604012 ms=6 l0=137 l1=158 rc=0
2026-10-02T19:39:22.099Z kv-compact: start l0=137 inputs=2 range=2 l0only=1
2026-10-02T19:39:22.105Z kv-compact: end bytes=3340820 ms=6 l0=136 l1=158 rc=0
2026-10-02T19:39:22.105Z kv-compact: start l0=136 inputs=2 range=257 l0only=1
2026-10-02T19:39:22.107Z kv-compact: end bytes=515764 ms=3 l0=135 l1=158 rc=0
2026-10-02T19:39:22.234Z raft-host: apply-sleep us=51520 group=2 idx=4501665 applied=4501664
2026-10-02T19:39:22.343Z raft-host: apply-sleep us=59150 group=2 idx=4501670 applied=4501667
2026-10-02T19:39:22.428Z raft-host: apply-sleep us=24509 group=2 idx=4501672 applied=4501671
2026-10-02T19:39:22.462Z kv-compact: start l0=144 inputs=3 range=2 l0only=0
2026-10-02T19:39:22.494Z raft-host: apply-sleep us=23839 group=2 idx=4501674 applied=4501673
2026-10-02T19:39:22.518Z kv-compact: end bytes=38419560 ms=57 l0=142 l1=158 rc=0
2026-10-02T19:39:22.518Z kv-compact: start l0=142 inputs=2 range=260 l0only=1
2026-10-02T19:39:22.534Z kv-compact: end bytes=9774022 ms=16 l0=141 l1=158 rc=0
2026-10-02T19:39:22.534Z kv-compact: start l0=141 inputs=2 range=263 l0only=1
2026-10-02T19:39:22.547Z kv-compact: end bytes=9289864 ms=13 l0=140 l1=158 rc=0
2026-10-02T19:39:22.547Z kv-compact: start l0=140 inputs=2 range=264 l0only=1
2026-10-02T19:39:22.556Z raft-host: apply-sleep us=22824 group=2 idx=4501676 applied=4501674
2026-10-02T19:39:22.563Z kv-compact: end bytes=8912656 ms=15 l0=139 l1=158 rc=0
2026-10-02T19:39:22.563Z kv-compact: start l0=139 inputs=2 range=258 l0only=1
2026-10-02T19:39:22.578Z kv-compact: end bytes=8646645 ms=16 l0=138 l1=158 rc=0
2026-10-02T19:39:22.578Z kv-compact: start l0=138 inputs=2 range=270 l0only=1
2026-10-02T19:39:22.589Z kv-compact: end bytes=6271547 ms=10 l0=137 l1=158 rc=0
2026-10-02T19:39:22.589Z kv-compact: start l0=137 inputs=2 range=267 l0only=1
2026-10-02T19:39:22.596Z kv-compact: end bytes=3988493 ms=8 l0=136 l1=158 rc=0
2026-10-02T19:39:22.596Z kv-compact: start l0=136 inputs=2 range=261 l0only=1
2026-10-02T19:39:22.604Z kv-compact: end bytes=3822527 ms=7 l0=135 l1=158 rc=0
2026-10-02T19:39:22.604Z kv-compact: start l0=135 inputs=2 range=257 l0only=1
2026-10-02T19:39:22.606Z kv-compact: end bytes=840575 ms=3 l0=134 l1=158 rc=0
2026-10-02T19:39:22.693Z raft-host: apply-sleep us=43410 group=2 idx=4501680 applied=4501679
2026-10-02T19:39:22.784Z raft-host: apply-sleep us=45257 group=2 idx=4501683 applied=4501680
2026-10-02T19:39:22.877Z kv-compact: start l0=143 inputs=2 range=260 l0only=1
2026-10-02T19:39:22.877Z raft-host: apply-sleep us=34707 group=2 idx=4501684 applied=4501683
2026-10-02T19:39:22.892Z kv-compact: end bytes=9916990 ms=15 l0=142 l1=158 rc=0
2026-10-02T19:39:22.892Z kv-compact: start l0=142 inputs=2 range=263 l0only=1
2026-10-02T19:39:22.906Z kv-compact: end bytes=9385176 ms=13 l0=141 l1=158 rc=0
2026-10-02T19:39:22.906Z kv-compact: start l0=141 inputs=2 range=264 l0only=1
2026-10-02T19:39:22.922Z kv-compact: end bytes=9228786 ms=16 l0=140 l1=158 rc=0
2026-10-02T19:39:22.922Z kv-compact: start l0=140 inputs=2 range=258 l0only=1
2026-10-02T19:39:22.936Z kv-compact: end bytes=8741474 ms=15 l0=139 l1=158 rc=0
2026-10-02T19:39:22.936Z kv-compact: start l0=139 inputs=2 range=270 l0only=1
2026-10-02T19:39:22.948Z kv-compact: end bytes=6655706 ms=12 l0=138 l1=158 rc=0
2026-10-02T19:39:22.948Z kv-compact: start l0=138 inputs=2 range=267 l0only=1
2026-10-02T19:39:22.956Z kv-compact: end bytes=4283210 ms=8 l0=137 l1=158 rc=0
2026-10-02T19:39:22.956Z kv-compact: start l0=137 inputs=2 range=261 l0only=1
2026-10-02T19:39:22.964Z kv-compact: end bytes=4007120 ms=7 l0=136 l1=158 rc=0
2026-10-02T19:39:22.964Z kv-compact: start l0=136 inputs=2 range=257 l0only=1
2026-10-02T19:39:22.967Z kv-compact: end bytes=1160170 ms=3 l0=135 l1=158 rc=0
2026-10-02T19:39:23.022Z raft-host: apply-sleep us=96997 group=2 idx=4501688 applied=4501687
2026-10-02T19:39:23.136Z raft-host: apply-sleep us=52789 group=2 idx=4501694 applied=4501691
2026-10-02T19:39:23.148Z raft-obs: tx->1 enq=20578 drop=0 sent=20578 fail=0 hi=7 rtt_avg=38us get_avg=203us get_max=4173ms
2026-10-02T19:39:23.148Z raft-obs: tx->2 enq=20395 drop=0 sent=20395 fail=0 hi=5 rtt_avg=35us get_avg=199us get_max=4059ms
2026-10-02T19:39:23.148Z raft-obs: wait_timeouts=0 pump_hold_max=43621us lock_wait_max=6418us drain_max=43620us tick_max=550us apply_max=43493us persist_max=6254us applies_in_worst=3 arc_miss=0 arc_term_miss=0 opid_replay=0 fin_q=0 fin_done=0 fin_drop=0 fin_full=0 pub_p50=0us pub_max=0us inbox_drop=0
2026-10-02T19:39:23.228Z raft-host: apply-sleep us=31758 group=2 idx=4501696 applied=4501695
2026-10-02T19:39:23.296Z raft-host: apply-sleep us=21992 group=2 idx=4501698 applied=4501697
2026-10-02T19:39:23.373Z kv-compact: start l0=144 inputs=2 range=260 l0only=1
2026-10-02T19:39:23.375Z raft-host: apply-sleep us=41625 group=2 idx=4501700 applied=4501699
2026-10-02T19:39:23.388Z kv-compact: end bytes=10105360 ms=15 l0=143 l1=158 rc=0
2026-10-02T19:39:23.388Z kv-compact: start l0=143 inputs=2 range=264 l0only=1
2026-10-02T19:39:23.404Z kv-compact: end bytes=9578404 ms=17 l0=142 l1=158 rc=0
2026-10-02T19:39:23.404Z kv-compact: start l0=142 inputs=2 range=263 l0only=1
2026-10-02T19:39:23.418Z kv-compact: end bytes=9510917 ms=13 l0=141 l1=158 rc=0
2026-10-02T19:39:23.418Z kv-compact: start l0=141 inputs=2 range=258 l0only=1
2026-10-02T19:39:23.433Z kv-compact: end bytes=8909001 ms=15 l0=140 l1=158 rc=0
2026-10-02T19:39:23.433Z kv-compact: start l0=140 inputs=2 range=270 l0only=1
2026-10-02T19:39:23.445Z kv-compact: end bytes=7098865 ms=12 l0=139 l1=158 rc=0
2026-10-02T19:39:23.445Z kv-compact: start l0=139 inputs=2 range=267 l0only=1
2026-10-02T19:39:23.454Z kv-compact: end bytes=4662613 ms=8 l0=138 l1=158 rc=0
2026-10-02T19:39:23.454Z kv-compact: start l0=138 inputs=2 range=261 l0only=1
2026-10-02T19:39:23.462Z kv-compact: end bytes=4245724 ms=8 l0=137 l1=158 rc=0
2026-10-02T19:39:23.462Z kv-compact: start l0=137 inputs=2 range=2 l0only=1
2026-10-02T19:39:23.468Z kv-compact: end bytes=2264320 ms=7 l0=136 l1=158 rc=0
2026-10-02T19:39:23.468Z kv-compact: start l0=136 inputs=2 range=257 l0only=1
2026-10-02T19:39:23.472Z kv-compact: end bytes=1476628 ms=4 l0=135 l1=158 rc=0
2026-10-02T19:39:23.513Z raft-host: apply-sleep us=39878 group=2 idx=4501704 applied=4501703
2026-10-02T19:39:23.570Z raft-host: apply-sleep us=34597 group=2 idx=4501706 applied=4501705
2026-10-02T19:39:23.637Z raft-host: apply-sleep us=48730 group=2 idx=4501707 applied=4501706
2026-10-02T19:39:23.772Z raft-host: apply-sleep us=21350 group=2 idx=4501712 applied=4501711
2026-10-02T19:39:23.825Z kv-compact: start l0=144 inputs=4 range=264 l0only=0
2026-10-02T19:39:23.827Z raft-host: apply-sleep us=29933 group=2 idx=4501713 applied=4501712
2026-10-02T19:39:23.943Z kv-compact: end bytes=79630356 ms=119 l0=142 l1=158 rc=0
2026-10-02T19:39:23.943Z kv-compact: start l0=142 inputs=2 range=260 l0only=1
2026-10-02T19:39:23.958Z kv-compact: end bytes=10240365 ms=14 l0=141 l1=158 rc=0
2026-10-02T19:39:23.958Z kv-compact: start l0=141 inputs=2 range=263 l0only=1
2026-10-02T19:39:23.972Z kv-compact: end bytes=9614849 ms=14 l0=140 l1=158 rc=0
2026-10-02T19:39:23.972Z kv-compact: start l0=140 inputs=2 range=258 l0only=1
2026-10-02T19:39:23.981Z raft-host: apply-sleep us=32267 group=2 idx=4501717 applied=4501716
2026-10-02T19:39:23.986Z kv-compact: end bytes=9012772 ms=15 l0=139 l1=158 rc=0
2026-10-02T19:39:23.986Z kv-compact: start l0=139 inputs=2 range=270 l0only=1
2026-10-02T19:39:23.998Z kv-compact: end bytes=7384681 ms=12 l0=138 l1=158 rc=0
2026-10-02T19:39:23.998Z kv-compact: start l0=138 inputs=2 range=267 l0only=1
2026-10-02T19:39:24.007Z kv-compact: end bytes=4890004 ms=8 l0=137 l1=158 rc=0
2026-10-02T19:39:24.007Z kv-compact: start l0=137 inputs=2 range=261 l0only=1
2026-10-02T19:39:24.015Z kv-compact: end bytes=4372281 ms=9 l0=136 l1=158 rc=0
2026-10-02T19:39:24.016Z kv-compact: start l0=136 inputs=2 range=2 l0only=1
2026-10-02T19:39:24.023Z kv-compact: end bytes=3962580 ms=7 l0=135 l1=158 rc=0
2026-10-02T19:39:24.023Z kv-compact: start l0=135 inputs=2 range=257 l0only=1
2026-10-02T19:39:24.027Z kv-compact: end bytes=1673882 ms=4 l0=134 l1=158 rc=0
2026-10-02T19:39:24.047Z raft-host: apply-sleep us=25395 group=2 idx=4501719 applied=4501718
2026-10-02T19:39:24.093Z raft-host: apply-sleep us=24455 group=2 idx=4501720 applied=4501719
2026-10-02T19:39:24.227Z raft-host: apply-sleep us=67502 group=2 idx=4501723 applied=4501722
2026-10-02T19:39:24.271Z kv-compact: start l0=143 inputs=3 range=2 l0only=0
2026-10-02T19:39:24.333Z kv-compact: end bytes=43616324 ms=62 l0=141 l1=158 rc=0
2026-10-02T19:39:24.333Z kv-compact: start l0=141 inputs=2 range=260 l0only=1
2026-10-02T19:39:24.349Z kv-compact: end bytes=10436711 ms=16 l0=140 l1=158 rc=0
2026-10-02T19:39:24.349Z kv-compact: start l0=140 inputs=2 range=263 l0only=1
2026-10-02T19:39:24.363Z kv-compact: end bytes=9759675 ms=14 l0=139 l1=158 rc=0
2026-10-02T19:39:24.363Z kv-compact: start l0=139 inputs=2 range=258 l0only=1
2026-10-02T19:39:24.374Z raft-host: apply-sleep us=90232 group=2 idx=4501728 applied=4501725
2026-10-02T19:39:24.378Z kv-compact: end bytes=9115490 ms=15 l0=138 l1=158 rc=0
2026-10-02T19:39:24.378Z kv-compact: start l0=138 inputs=2 range=270 l0only=1
2026-10-02T19:39:24.391Z kv-compact: end bytes=7802006 ms=13 l0=137 l1=158 rc=0
2026-10-02T19:39:24.391Z kv-compact: start l0=137 inputs=2 range=267 l0only=1
2026-10-02T19:39:24.400Z kv-compact: end bytes=5248753 ms=9 l0=136 l1=158 rc=0
2026-10-02T19:39:24.400Z kv-compact: start l0=136 inputs=2 range=261 l0only=1
2026-10-02T19:39:24.408Z kv-compact: end bytes=4526358 ms=9 l0=135 l1=158 rc=0
2026-10-02T19:39:24.408Z kv-compact: start l0=135 inputs=2 range=257 l0only=1
2026-10-02T19:39:24.413Z kv-compact: end bytes=1972575 ms=4 l0=134 l1=158 rc=0
2026-10-02T19:39:24.557Z raft-host: apply-sleep us=76033 group=2 idx=4501731 applied=4501730
2026-10-02T19:39:24.739Z kv-compact: start l0=143 inputs=2 range=260 l0only=1
2026-10-02T19:39:24.741Z raft-host: apply-sleep us=38825 group=2 idx=4501737 applied=4501736
2026-10-02T19:39:24.755Z kv-compact: end bytes=10667511 ms=15 l0=142 l1=158 rc=0
2026-10-02T19:39:24.755Z kv-compact: start l0=142 inputs=2 range=263 l0only=1
2026-10-02T19:39:24.770Z kv-compact: end bytes=9885738 ms=15 l0=141 l1=158 rc=0
2026-10-02T19:39:24.770Z kv-compact: start l0=141 inputs=2 range=258 l0only=1
2026-10-02T19:39:24.785Z kv-compact: end bytes=9241231 ms=15 l0=140 l1=158 rc=0
2026-10-02T19:39:24.785Z kv-compact: start l0=140 inputs=2 range=270 l0only=1
2026-10-02T19:39:24.799Z kv-compact: end bytes=8255308 ms=14 l0=139 l1=158 rc=0
2026-10-02T19:39:24.799Z kv-compact: start l0=139 inputs=2 range=267 l0only=1
2026-10-02T19:39:24.809Z kv-compact: end bytes=5702538 ms=10 l0=138 l1=158 rc=0
2026-10-02T19:39:24.809Z kv-compact: start l0=138 inputs=2 range=261 l0only=1
2026-10-02T19:39:24.818Z kv-compact: end bytes=4714567 ms=8 l0=137 l1=158 rc=0
2026-10-02T19:39:24.818Z kv-compact: start l0=137 inputs=2 range=257 l0only=1
2026-10-02T19:39:24.823Z kv-compact: end bytes=2339032 ms=5 l0=136 l1=158 rc=0
2026-10-02T19:39:24.823Z kv-compact: start l0=136 inputs=2 range=264 l0only=1
2026-10-02T19:39:24.825Z kv-compact: end bytes=485127 ms=2 l0=135 l1=158 rc=0
2026-10-02T19:39:24.887Z raft-host: apply-sleep us=48958 group=2 idx=4501741 applied=4501739
2026-10-02T19:39:24.977Z raft-host: apply-sleep us=43775 group=2 idx=4501744 applied=4501743
2026-10-02T19:39:25.036Z raft-host: apply-sleep us=25018 group=2 idx=4501746 applied=4501745
2026-10-02T19:39:25.127Z raft-host: apply-sleep us=24716 group=2 idx=4501748 applied=4501747
2026-10-02T19:39:25.183Z kv-compact: start l0=144 inputs=2 range=260 l0only=1
2026-10-02T19:39:25.184Z raft-host: apply-sleep us=33511 group=2 idx=4501750 applied=4501749
2026-10-02T19:39:25.199Z kv-compact: end bytes=10824486 ms=17 l0=143 l1=158 rc=0
2026-10-02T19:39:25.199Z kv-compact: start l0=143 inputs=2 range=263 l0only=1
2026-10-02T19:39:25.213Z kv-compact: end bytes=9990227 ms=14 l0=142 l1=158 rc=0
2026-10-02T19:39:25.213Z kv-compact: start l0=142 inputs=2 range=258 l0only=1
2026-10-02T19:39:25.229Z kv-compact: end bytes=9345559 ms=15 l0=141 l1=158 rc=0
2026-10-02T19:39:25.229Z kv-compact: start l0=141 inputs=2 range=270 l0only=1
2026-10-02T19:39:25.244Z kv-compact: end bytes=8640668 ms=15 l0=140 l1=158 rc=0
2026-10-02T19:39:25.244Z kv-compact: start l0=140 inputs=2 range=267 l0only=1
2026-10-02T19:39:25.255Z kv-compact: end bytes=6112370 ms=10 l0=139 l1=158 rc=0
2026-10-02T19:39:25.255Z kv-compact: start l0=139 inputs=2 range=261 l0only=1
2026-10-02T19:39:25.264Z kv-compact: end bytes=4941106 ms=9 l0=138 l1=158 rc=0
2026-10-02T19:39:25.264Z kv-compact: start l0=138 inputs=2 range=257 l0only=1
2026-10-02T19:39:25.269Z kv-compact: end bytes=2674152 ms=6 l0=137 l1=158 rc=0
2026-10-02T19:39:25.269Z kv-compact: start l0=137 inputs=2 range=2 l0only=1
2026-10-02T19:39:25.274Z kv-compact: end bytes=2162240 ms=4 l0=136 l1=158 rc=0
2026-10-02T19:39:25.274Z kv-compact: start l0=136 inputs=2 range=264 l0only=1
2026-10-02T19:39:25.276Z kv-compact: end bytes=714675 ms=2 l0=135 l1=158 rc=0
2026-10-02T19:39:25.288Z raft-host: apply-sleep us=43624 group=2 idx=4501753 applied=4501751
2026-10-02T19:39:25.411Z raft-host: apply-sleep us=21726 group=2 idx=4501757 applied=4501756
2026-10-02T19:39:25.458Z raft-host: apply-sleep us=25012 group=2 idx=4501758 applied=4501757
2026-10-02T19:39:25.530Z raft-host: apply-sleep us=35236 group=2 idx=4501760 applied=4501759
2026-10-02T19:39:25.594Z raft-host: apply-sleep us=43157 group=2 idx=4501763 applied=4501761
2026-10-02T19:39:25.623Z kv-compact: start l0=144 inputs=2 range=260 l0only=1
2026-10-02T19:39:25.639Z kv-compact: end bytes=10955701 ms=16 l0=143 l1=158 rc=0
2026-10-02T19:39:25.639Z kv-compact: start l0=143 inputs=2 range=263 l0only=1
2026-10-02T19:39:25.652Z kv-compact: end bytes=10077972 ms=13 l0=142 l1=158 rc=0
2026-10-02T19:39:25.652Z kv-compact: start l0=142 inputs=2 range=258 l0only=1
2026-10-02T19:39:25.668Z kv-compact: end bytes=9475573 ms=15 l0=141 l1=158 rc=0
2026-10-02T19:39:25.668Z kv-compact: start l0=141 inputs=2 range=270 l0only=1
2026-10-02T19:39:25.668Z raft-host: apply-sleep us=35715 group=2 idx=4501765 applied=4501764
2026-10-02T19:39:25.682Z kv-compact: end bytes=8967746 ms=15 l0=140 l1=158 rc=0
2026-10-02T19:39:25.682Z kv-compact: start l0=140 inputs=2 range=267 l0only=1
2026-10-02T19:39:25.694Z kv-compact: end bytes=6526636 ms=11 l0=139 l1=158 rc=0
2026-10-02T19:39:25.694Z kv-compact: start l0=139 inputs=2 range=261 l0only=1
2026-10-02T19:39:25.704Z kv-compact: end bytes=5129403 ms=10 l0=138 l1=158 rc=0
2026-10-02T19:39:25.704Z kv-compact: start l0=138 inputs=2 range=2 l0only=1
2026-10-02T19:39:25.711Z kv-compact: end bytes=3526400 ms=7 l0=137 l1=158 rc=0
2026-10-02T19:39:25.711Z kv-compact: start l0=137 inputs=2 range=257 l0only=1
2026-10-02T19:39:25.717Z kv-compact: end bytes=2893434 ms=6 l0=136 l1=158 rc=0
2026-10-02T19:39:25.717Z kv-compact: start l0=136 inputs=2 range=264 l0only=1
2026-10-02T19:39:25.719Z kv-compact: end bytes=955759 ms=3 l0=135 l1=158 rc=0
2026-10-02T19:39:25.739Z raft-host: apply-sleep us=29104 group=2 idx=4501767 applied=4501766
2026-10-02T19:39:25.788Z raft-host: apply-sleep us=22742 group=2 idx=4501769 applied=4501767
2026-10-02T19:39:25.815Z raft-host: apply-sleep us=26296 group=2 idx=4501771 applied=4501769
2026-10-02T19:39:25.915Z raft-host: apply-sleep us=47530 group=2 idx=4501773 applied=4501772
2026-10-02T19:39:26.001Z raft-host: apply-sleep us=37449 group=2 idx=4501777 applied=4501776
2026-10-02T19:39:26.064Z kv-compact: start l0=144 inputs=5 range=260 l0only=0
2026-10-02T19:39:26.090Z raft-host: apply-sleep us=47792 group=2 idx=4501780 applied=4501777
2026-10-02T19:39:26.208Z kv-compact: end bytes=89447180 ms=144 l0=142 l1=157 rc=0
2026-10-02T19:39:26.208Z kv-compact: start l0=142 inputs=4 range=258 l0only=0
2026-10-02T19:39:26.214Z raft-host: apply-sleep us=43444 group=2 idx=4501784 applied=4501781
2026-10-02T19:39:26.293Z raft-host: apply-sleep us=22322 group=2 idx=4501786 applied=4501785
2026-10-02T19:39:26.328Z kv-compact: end bytes=80887434 ms=121 l0=140 l1=157 rc=0
2026-10-02T19:39:26.328Z kv-compact: start l0=140 inputs=2 range=263 l0only=1
2026-10-02T19:39:26.343Z kv-compact: end bytes=10227467 ms=14 l0=139 l1=157 rc=0
2026-10-02T19:39:26.343Z kv-compact: start l0=139 inputs=2 range=270 l0only=1
2026-10-02T19:39:26.358Z kv-compact: end bytes=9404419 ms=16 l0=138 l1=157 rc=0
2026-10-02T19:39:26.358Z kv-compact: start l0=138 inputs=2 range=267 l0only=1
2026-10-02T19:39:26.365Z raft-host: apply-sleep us=38611 group=2 idx=4501789 applied=4501787
2026-10-02T19:39:26.370Z kv-compact: end bytes=6961014 ms=12 l0=137 l1=157 rc=0
2026-10-02T19:39:26.370Z kv-compact: start l0=137 inputs=2 range=261 l0only=1
2026-10-02T19:39:26.380Z kv-compact: end bytes=5290081 ms=9 l0=136 l1=157 rc=0
2026-10-02T19:39:26.380Z kv-compact: start l0=136 inputs=2 range=2 l0only=1
2026-10-02T19:39:26.388Z kv-compact: end bytes=4640020 ms=8 l0=135 l1=157 rc=0
2026-10-02T19:39:26.388Z kv-compact: start l0=135 inputs=2 range=257 l0only=1
2026-10-02T19:39:26.394Z kv-compact: end bytes=3204251 ms=6 l0=134 l1=157 rc=0
2026-10-02T19:39:26.394Z kv-compact: start l0=134 inputs=2 range=264 l0only=1
2026-10-02T19:39:26.397Z kv-compact: end bytes=1146598 ms=3 l0=133 l1=157 rc=0
2026-10-02T19:39:26.416Z raft-host: apply-sleep us=20166 group=2 idx=4501790 applied=4501789
2026-10-02T19:39:26.461Z raft-host: apply-sleep us=22325 group=2 idx=4501791 applied=4501790
2026-10-02T19:39:26.503Z kv-compact: start l0=142 inputs=3 range=2 l0only=0
2026-10-02T19:39:26.529Z raft-host: apply-sleep us=21749 group=2 idx=4501793 applied=4501792
2026-10-02T19:39:26.575Z kv-compact: end bytes=49369888 ms=71 l0=140 l1=157 rc=0
2026-10-02T19:39:26.575Z kv-compact: start l0=140 inputs=2 range=263 l0only=1
2026-10-02T19:39:26.591Z kv-compact: end bytes=10374064 ms=16 l0=139 l1=157 rc=0
2026-10-02T19:39:26.591Z kv-compact: start l0=139 inputs=2 range=270 l0only=1
2026-10-02T19:39:26.606Z raft-host: apply-sleep us=29682 group=2 idx=4501796 applied=4501794
2026-10-02T19:39:26.608Z kv-compact: end bytes=9780924 ms=17 l0=138 l1=157 rc=0
2026-10-02T19:39:26.608Z kv-compact: start l0=138 inputs=2 range=267 l0only=1
2026-10-02T19:39:26.620Z kv-compact: end bytes=7530001 ms=12 l0=137 l1=157 rc=0
2026-10-02T19:39:26.620Z kv-compact: start l0=137 inputs=2 range=261 l0only=1
2026-10-02T19:39:26.630Z kv-compact: end bytes=5447217 ms=10 l0=136 l1=157 rc=0
2026-10-02T19:39:26.630Z kv-compact: start l0=136 inputs=2 range=257 l0only=1
2026-10-02T19:39:26.636Z kv-compact: end bytes=3507501 ms=7 l0=135 l1=157 rc=0
2026-10-02T19:39:26.636Z kv-compact: start l0=135 inputs=2 range=264 l0only=1
2026-10-02T19:39:26.640Z kv-compact: end bytes=1324539 ms=3 l0=134 l1=157 rc=0
2026-10-02T19:39:26.702Z raft-host: apply-sleep us=20894 group=2 idx=4501799 applied=4501798
2026-10-02T19:39:26.740Z raft-host: apply-sleep us=20885 group=2 idx=4501800 applied=4501799
2026-10-02T19:39:26.809Z raft-host: apply-sleep us=39880 group=2 idx=4501802 applied=4501801
2026-10-02T19:39:26.877Z raft-host: apply-sleep us=33815 group=2 idx=4501804 applied=4501803
2026-10-02T19:39:26.939Z kv-compact: start l0=143 inputs=2 range=263 l0only=1
2026-10-02T19:39:26.941Z raft-host: apply-sleep us=27785 group=2 idx=4501806 applied=4501805
2026-10-02T19:39:26.954Z kv-compact: end bytes=10442489 ms=14 l0=142 l1=157 rc=0
2026-10-02T19:39:26.954Z kv-compact: start l0=142 inputs=2 range=270 l0only=1
2026-10-02T19:39:26.971Z kv-compact: end bytes=10079592 ms=17 l0=141 l1=157 rc=0
2026-10-02T19:39:26.971Z kv-compact: start l0=141 inputs=2 range=267 l0only=1
2026-10-02T19:39:26.984Z kv-compact: end bytes=7854020 ms=13 l0=140 l1=157 rc=0
2026-10-02T19:39:26.984Z kv-compact: start l0=140 inputs=2 range=261 l0only=1
2026-10-02T19:39:26.994Z kv-compact: end bytes=5592204 ms=11 l0=139 l1=157 rc=0
2026-10-02T19:39:26.995Z kv-compact: start l0=139 inputs=2 range=257 l0only=1
2026-10-02T19:39:27.002Z kv-compact: end bytes=3763665 ms=7 l0=138 l1=157 rc=0
2026-10-02T19:39:27.002Z kv-compact: start l0=138 inputs=2 range=264 l0only=1
2026-10-02T19:39:27.006Z kv-compact: end bytes=1501452 ms=4 l0=137 l1=157 rc=0
2026-10-02T19:39:27.006Z kv-compact: start l0=137 inputs=2 range=260 l0only=1
2026-10-02T19:39:27.008Z kv-compact: end bytes=345184 ms=2 l0=136 l1=157 rc=0
2026-10-02T19:39:27.008Z kv-compact: start l0=136 inputs=2 range=258 l0only=1
2026-10-02T19:39:27.009Z kv-compact: end bytes=174569 ms=2 l0=135 l1=157 rc=0
2026-10-02T19:39:27.011Z raft-host: apply-sleep us=42342 group=2 idx=4501808 applied=4501807
2026-10-02T19:39:27.081Z raft-host: apply-sleep us=29552 group=2 idx=4501810 applied=4501809
2026-10-02T19:39:27.169Z raft-host: apply-sleep us=21298 group=2 idx=4501813 applied=4501812
2026-10-02T19:39:27.241Z raft-host: apply-sleep us=42148 group=2 idx=4501815 applied=4501814
2026-10-02T19:39:27.341Z raft-host: apply-sleep us=34173 group=2 idx=4501818 applied=4501817
2026-10-02T19:39:27.372Z kv-compact: start l0=144 inputs=2 range=263 l0only=1
2026-10-02T19:39:27.387Z kv-compact: end bytes=10528785 ms=15 l0=143 l1=157 rc=0
2026-10-02T19:39:27.387Z kv-compact: start l0=143 inputs=2 range=270 l0only=1
2026-10-02T19:39:27.404Z kv-compact: end bytes=10432034 ms=17 l0=142 l1=157 rc=0
2026-10-02T19:39:27.404Z kv-compact: start l0=142 inputs=2 range=267 l0only=1
2026-10-02T19:39:27.407Z raft-host: apply-sleep us=22404 group=2 idx=4501820 applied=4501819
2026-10-02T19:39:27.417Z kv-compact: end bytes=8285513 ms=13 l0=141 l1=157 rc=0
2026-10-02T19:39:27.417Z kv-compact: start l0=141 inputs=2 range=261 l0only=1
2026-10-02T19:39:27.427Z kv-compact: end bytes=5763756 ms=10 l0=140 l1=157 rc=0
2026-10-02T19:39:27.427Z kv-compact: start l0=140 inputs=2 range=257 l0only=1
2026-10-02T19:39:27.434Z kv-compact: end bytes=4022640 ms=7 l0=139 l1=157 rc=0
2026-10-02T19:39:27.434Z kv-compact: start l0=139 inputs=2 range=2 l0only=1
2026-10-02T19:39:27.439Z kv-compact: end bytes=2969600 ms=6 l0=138 l1=157 rc=0
2026-10-02T19:39:27.439Z kv-compact: start l0=138 inputs=2 range=264 l0only=1
2026-10-02T19:39:27.443Z kv-compact: end bytes=1700896 ms=4 l0=137 l1=157 rc=0
2026-10-02T19:39:27.444Z kv-compact: start l0=137 inputs=2 range=260 l0only=1
2026-10-02T19:39:27.446Z kv-compact: end bytes=475393 ms=2 l0=136 l1=157 rc=0
2026-10-02T19:39:27.446Z kv-compact: start l0=136 inputs=2 range=258 l0only=1
2026-10-02T19:39:27.447Z kv-compact: end bytes=261214 ms=2 l0=135 l1=157 rc=0
2026-10-02T19:39:27.490Z raft-host: apply-sleep us=32925 group=2 idx=4501822 applied=4501821
2026-10-02T19:39:27.588Z raft-host: apply-sleep us=27568 group=2 idx=4501826 applied=4501824
2026-10-02T19:39:27.720Z raft-host: apply-sleep us=30214 group=2 idx=4501829 applied=4501828
2026-10-02T19:39:27.757Z kv-compact: start l0=144 inputs=2 range=270 l0only=1
2026-10-02T19:39:27.758Z raft-host: apply-sleep us=36489 group=2 idx=4501831 applied=4501829
2026-10-02T19:39:27.775Z kv-compact: end bytes=10807602 ms=17 l0=143 l1=157 rc=0
2026-10-02T19:39:27.775Z kv-compact: start l0=143 inputs=2 range=263 l0only=1
2026-10-02T19:39:27.790Z kv-compact: end bytes=10625063 ms=15 l0=142 l1=157 rc=0
2026-10-02T19:39:27.790Z kv-compact: start l0=142 inputs=2 range=267 l0only=1
2026-10-02T19:39:27.804Z kv-compact: end bytes=8717402 ms=14 l0=141 l1=157 rc=0
2026-10-02T19:39:27.804Z kv-compact: start l0=141 inputs=2 range=261 l0only=1
2026-10-02T19:39:27.814Z kv-compact: end bytes=5950281 ms=11 l0=140 l1=157 rc=0
2026-10-02T19:39:27.814Z kv-compact: start l0=140 inputs=2 range=257 l0only=1
2026-10-02T19:39:27.823Z kv-compact: end bytes=4261403 ms=8 l0=139 l1=157 rc=0
2026-10-02T19:39:27.823Z kv-compact: start l0=139 inputs=2 range=2 l0only=1
2026-10-02T19:39:27.829Z raft-host: apply-sleep us=26564 group=2 idx=4501833 applied=4501831
2026-10-02T19:39:27.830Z kv-compact: end bytes=4240980 ms=7 l0=138 l1=157 rc=0
2026-10-02T19:39:27.830Z kv-compact: start l0=138 inputs=2 range=264 l0only=1
2026-10-02T19:39:27.834Z kv-compact: end bytes=1898047 ms=5 l0=137 l1=157 rc=0
2026-10-02T19:39:27.834Z kv-compact: start l0=137 inputs=2 range=260 l0only=1
2026-10-02T19:39:27.836Z kv-compact: end bytes=619837 ms=2 l0=136 l1=157 rc=0
2026-10-02T19:39:27.836Z kv-compact: start l0=136 inputs=2 range=258 l0only=1
2026-10-02T19:39:27.838Z kv-compact: end bytes=442370 ms=2 l0=135 l1=157 rc=0
2026-10-02T19:39:27.936Z raft-host: apply-sleep us=29121 group=2 idx=4501836 applied=4501835
2026-10-02T19:39:27.981Z raft-host: apply-sleep us=20733 group=2 idx=4501837 applied=4501836
2026-10-02T19:39:28.051Z raft-host: apply-sleep us=36016 group=2 idx=4501839 applied=4501838
2026-10-02T19:39:28.112Z raft-host: apply-sleep us=36417 group=2 idx=4501841 applied=4501839
2026-10-02T19:39:28.161Z raft-obs: tx->1 enq=21072 drop=0 sent=21071 fail=0 hi=7 rtt_avg=40us get_avg=198us get_max=4173ms
2026-10-02T19:39:28.161Z raft-obs: tx->2 enq=20806 drop=0 sent=20805 fail=0 hi=5 rtt_avg=36us get_avg=195us get_max=4059ms
2026-10-02T19:39:28.161Z raft-obs: wait_timeouts=0 pump_hold_max=39479us lock_wait_max=10620us drain_max=39478us tick_max=124us apply_max=39257us persist_max=11133us applies_in_worst=2 arc_miss=0 arc_term_miss=0 opid_replay=0 fin_q=0 fin_done=0 fin_drop=0 fin_full=0 pub_p50=0us pub_max=0us inbox_drop=0
2026-10-02T19:39:28.205Z kv-compact: start l0=144 inputs=2 range=270 l0only=1
2026-10-02T19:39:28.206Z raft-host: apply-sleep us=43742 group=2 idx=4501843 applied=4501842
2026-10-02T19:39:28.223Z kv-compact: end bytes=11174694 ms=18 l0=143 l1=157 rc=0
2026-10-02T19:39:28.223Z kv-compact: start l0=143 inputs=2 range=263 l0only=1
2026-10-02T19:39:28.238Z kv-compact: end bytes=10768601 ms=15 l0=142 l1=157 rc=0
2026-10-02T19:39:28.238Z kv-compact: start l0=142 inputs=2 range=267 l0only=1
2026-10-02T19:39:28.253Z kv-compact: end bytes=9136089 ms=15 l0=141 l1=157 rc=0
2026-10-02T19:39:28.253Z kv-compact: start l0=141 inputs=2 range=261 l0only=1
2026-10-02T19:39:28.263Z kv-compact: end bytes=6102748 ms=11 l0=140 l1=157 rc=0
2026-10-02T19:39:28.263Z kv-compact: start l0=140 inputs=2 range=2 l0only=1
2026-10-02T19:39:28.272Z kv-compact: end bytes=5475220 ms=9 l0=139 l1=157 rc=0
2026-10-02T19:39:28.272Z kv-compact: start l0=139 inputs=2 range=257 l0only=1
2026-10-02T19:39:28.281Z kv-compact: end bytes=4601609 ms=8 l0=138 l1=157 rc=0
2026-10-02T19:39:28.281Z kv-compact: start l0=138 inputs=2 range=264 l0only=1
2026-10-02T19:39:28.285Z kv-compact: end bytes=2054861 ms=4 l0=137 l1=157 rc=0
2026-10-02T19:39:28.285Z kv-compact: start l0=137 inputs=2 range=260 l0only=1
2026-10-02T19:39:28.287Z kv-compact: end bytes=836042 ms=3 l0=136 l1=157 rc=0
2026-10-02T19:39:28.287Z kv-compact: start l0=136 inputs=2 range=258 l0only=1
2026-10-02T19:39:28.290Z kv-compact: end bytes=544462 ms=2 l0=135 l1=157 rc=0
2026-10-02T19:39:28.400Z raft-host: apply-sleep us=46694 group=2 idx=4501848 applied=4501847
2026-10-02T19:39:28.438Z raft-host: apply-sleep us=21215 group=2 idx=4501849 applied=4501848
2026-10-02T19:39:28.481Z raft-host: apply-sleep us=21804 group=2 idx=4501850 applied=4501849
2026-10-02T19:39:28.632Z raft-host: apply-sleep us=39693 group=2 idx=4501854 applied=4501853
2026-10-02T19:39:28.648Z kv-compact: start l0=144 inputs=4 range=270 l0only=0
2026-10-02T19:39:28.720Z raft-host: apply-sleep us=38927 group=2 idx=4501857 applied=4501855
2026-10-02T19:39:28.791Z kv-compact: end bytes=90514598 ms=143 l0=142 l1=157 rc=0
2026-10-02T19:39:28.791Z kv-compact: start l0=142 inputs=3 range=2 l0only=0
2026-10-02T19:39:28.870Z kv-compact: end bytes=56237052 ms=79 l0=140 l1=157 rc=0
2026-10-02T19:39:28.870Z kv-compact: start l0=140 inputs=2 range=263 l0only=1
2026-10-02T19:39:28.886Z kv-compact: end bytes=10899903 ms=16 l0=139 l1=157 rc=0
2026-10-02T19:39:28.887Z kv-compact: start l0=139 inputs=2 range=267 l0only=1
2026-10-02T19:39:28.902Z kv-compact: end bytes=9526205 ms=15 l0=138 l1=157 rc=0
2026-10-02T19:39:28.902Z kv-compact: start l0=138 inputs=2 range=261 l0only=1
2026-10-02T19:39:28.911Z raft-host: apply-sleep us=43523 group=2 idx=4501862 applied=4501861
2026-10-02T19:39:28.913Z kv-compact: end bytes=6236861 ms=12 l0=137 l1=157 rc=0
2026-10-02T19:39:28.913Z kv-compact: start l0=137 inputs=2 range=257 l0only=1
2026-10-02T19:39:28.922Z kv-compact: end bytes=4866702 ms=8 l0=136 l1=157 rc=0
2026-10-02T19:39:28.922Z kv-compact: start l0=136 inputs=2 range=264 l0only=1
2026-10-02T19:39:28.927Z kv-compact: end bytes=2232048 ms=5 l0=135 l1=157 rc=0
2026-10-02T19:39:28.927Z kv-compact: start l0=135 inputs=2 range=260 l0only=1
2026-10-02T19:39:28.930Z kv-compact: end bytes=1034177 ms=3 l0=134 l1=157 rc=0
2026-10-02T19:39:28.930Z kv-compact: start l0=134 inputs=2 range=258 l0only=1
2026-10-02T19:39:28.932Z kv-compact: end bytes=634327 ms=2 l0=133 l1=157 rc=0
2026-10-02T19:39:28.974Z raft-host: apply-sleep us=28555 group=2 idx=4501864 applied=4501863
2026-10-02T19:39:29.015Z raft-host: apply-sleep us=24904 group=2 idx=4501865 applied=4501864
2026-10-02T19:39:29.064Z raft-host: apply-sleep us=26136 group=2 idx=4501866 applied=4501865
2026-10-02T19:39:29.109Z kv-compact: start l0=142 inputs=2 range=263 l0only=1
2026-10-02T19:39:29.111Z raft-host: apply-sleep us=25724 group=2 idx=4501867 applied=4501866
2026-10-02T19:39:29.125Z kv-compact: end bytes=10972514 ms=17 l0=141 l1=157 rc=0
2026-10-02T19:39:29.125Z kv-compact: start l0=141 inputs=2 range=267 l0only=1
2026-10-02T19:39:29.141Z kv-compact: end bytes=9789849 ms=15 l0=140 l1=157 rc=0
2026-10-02T19:39:29.141Z kv-compact: start l0=140 inputs=2 range=261 l0only=1
2026-10-02T19:39:29.152Z kv-compact: end bytes=6430396 ms=12 l0=139 l1=157 rc=0
2026-10-02T19:39:29.152Z kv-compact: start l0=139 inputs=2 range=257 l0only=1
2026-10-02T19:39:29.162Z kv-compact: end bytes=5134136 ms=9 l0=138 l1=157 rc=0
2026-10-02T19:39:29.162Z kv-compact: start l0=138 inputs=2 range=264 l0only=1
2026-10-02T19:39:29.167Z kv-compact: end bytes=2393211 ms=5 l0=137 l1=157 rc=0
2026-10-02T19:39:29.167Z kv-compact: start l0=137 inputs=2 range=260 l0only=1
2026-10-02T19:39:29.170Z kv-compact: end bytes=1143013 ms=3 l0=136 l1=157 rc=0
2026-10-02T19:39:29.170Z kv-compact: start l0=136 inputs=2 range=258 l0only=1
2026-10-02T19:39:29.172Z kv-compact: end bytes=706777 ms=2 l0=135 l1=157 rc=0
2026-10-02T19:39:29.192Z raft-host: apply-sleep us=20053 group=2 idx=4501870 applied=4501868
2026-10-02T19:39:29.280Z raft-host: apply-sleep us=36576 group=2 idx=4501872 applied=4501871
2026-10-02T19:39:29.357Z raft-host: apply-sleep us=39848 group=2 idx=4501875 applied=4501874
2026-10-02T19:39:29.417Z raft-host: apply-sleep us=32385 group=2 idx=4501877 applied=4501876
2026-10-02T19:39:29.482Z kv-compact: start l0=144 inputs=2 range=263 l0only=1
2026-10-02T19:39:29.483Z raft-host: apply-sleep us=37038 group=2 idx=4501880 applied=4501879
2026-10-02T19:39:29.498Z kv-compact: end bytes=11092781 ms=16 l0=143 l1=157 rc=0
2026-10-02T19:39:29.498Z kv-compact: start l0=143 inputs=2 range=267 l0only=1
2026-10-02T19:39:29.514Z kv-compact: end bytes=10190665 ms=17 l0=142 l1=157 rc=0
2026-10-02T19:39:29.514Z kv-compact: start l0=142 inputs=2 range=261 l0only=1
2026-10-02T19:39:29.526Z kv-compact: end bytes=6652663 ms=11 l0=141 l1=157 rc=0
2026-10-02T19:39:29.526Z kv-compact: start l0=141 inputs=2 range=257 l0only=1
2026-10-02T19:39:29.535Z kv-compact: end bytes=5431503 ms=10 l0=140 l1=157 rc=0
2026-10-02T19:39:29.535Z kv-compact: start l0=140 inputs=2 range=264 l0only=1
2026-10-02T19:39:29.541Z kv-compact: end bytes=2626199 ms=5 l0=139 l1=157 rc=0
2026-10-02T19:39:29.541Z kv-compact: start l0=139 inputs=2 range=2 l0only=1
2026-10-02T19:39:29.546Z kv-compact: end bytes=2496320 ms=6 l0=138 l1=157 rc=0
2026-10-02T19:39:29.546Z kv-compact: start l0=138 inputs=2 range=260 l0only=1
2026-10-02T19:39:29.550Z kv-compact: end bytes=1322300 ms=3 l0=137 l1=157 rc=0
2026-10-02T19:39:29.550Z kv-compact: start l0=137 inputs=2 range=270 l0only=1
2026-10-02T19:39:29.553Z kv-compact: end bytes=1014376 ms=3 l0=136 l1=157 rc=0
2026-10-02T19:39:29.553Z kv-compact: start l0=136 inputs=2 range=258 l0only=1
2026-10-02T19:39:29.555Z kv-compact: end bytes=869161 ms=2 l0=135 l1=157 rc=0
2026-10-02T19:39:29.654Z raft-host: apply-sleep us=42995 group=2 idx=4501885 applied=4501884
2026-10-02T19:39:29.714Z raft-host: apply-sleep us=32570 group=2 idx=4501887 applied=4501886
2026-10-02T19:39:29.741Z raft-host: apply-sleep us=26891 group=2 idx=4501889 applied=4501887
2026-10-02T19:39:29.891Z raft-host: apply-sleep us=50140 group=2 idx=4501893 applied=4501892
2026-10-02T19:39:29.914Z kv-compact: start l0=144 inputs=2 range=263 l0only=1
2026-10-02T19:39:29.930Z kv-compact: end bytes=11203388 ms=17 l0=143 l1=157 rc=0
2026-10-02T19:39:29.930Z kv-compact: start l0=143 inputs=2 range=267 l0only=1
2026-10-02T19:39:29.948Z kv-compact: end bytes=10565882 ms=17 l0=142 l1=157 rc=0
2026-10-02T19:39:29.948Z kv-compact: start l0=142 inputs=2 range=261 l0only=1
2026-10-02T19:39:29.957Z raft-host: apply-sleep us=29108 group=2 idx=4501896 applied=4501895
2026-10-02T19:39:29.959Z kv-compact: end bytes=6819137 ms=12 l0=141 l1=157 rc=0
2026-10-02T19:39:29.960Z kv-compact: start l0=141 inputs=2 range=257 l0only=1
2026-10-02T19:39:29.970Z kv-compact: end bytes=5751497 ms=10 l0=140 l1=157 rc=0
2026-10-02T19:39:29.970Z kv-compact: start l0=140 inputs=2 range=2 l0only=1
2026-10-02T19:39:29.976Z kv-compact: end bytes=3526420 ms=6 l0=139 l1=157 rc=0
2026-10-02T19:39:29.976Z kv-compact: start l0=139 inputs=2 range=264 l0only=1
2026-10-02T19:39:29.982Z kv-compact: end bytes=2815934 ms=6 l0=138 l1=157 rc=0
2026-10-02T19:39:29.982Z kv-compact: start l0=138 inputs=2 range=270 l0only=1
2026-10-02T19:39:29.986Z kv-compact: end bytes=1669179 ms=4 l0=137 l1=157 rc=0
2026-10-02T19:39:29.986Z kv-compact: start l0=137 inputs=2 range=260 l0only=1
2026-10-02T19:39:29.989Z kv-compact: end bytes=1489257 ms=4 l0=136 l1=157 rc=0
2026-10-02T19:39:29.989Z kv-compact: start l0=136 inputs=2 range=258 l0only=1
2026-10-02T19:39:29.992Z kv-compact: end bytes=1022037 ms=3 l0=135 l1=157 rc=0
2026-10-02T19:39:30.195Z raft-host: apply-sleep us=21002 group=2 idx=4501903 applied=4501902
2026-10-02T19:39:30.246Z raft-host: apply-sleep us=31299 group=2 idx=4501904 applied=4501903
2026-10-02T19:39:30.306Z raft-host: apply-sleep us=20128 group=2 idx=4501906 applied=4501905
2026-10-02T19:39:30.346Z raft-host: apply-sleep us=20766 group=2 idx=4501907 applied=4501906
2026-10-02T19:39:30.388Z raft-host: apply-sleep us=22102 group=2 idx=4501908 applied=4501907
2026-10-02T19:39:30.423Z kv-compact: start l0=144 inputs=2 range=263 l0only=1
2026-10-02T19:39:30.440Z kv-compact: end bytes=11299035 ms=16 l0=143 l1=157 rc=0
2026-10-02T19:39:30.440Z kv-compact: start l0=143 inputs=2 range=267 l0only=1
2026-10-02T19:39:30.443Z raft-host: apply-sleep us=32051 group=2 idx=4501910 applied=4501908
2026-10-02T19:39:30.457Z kv-compact: end bytes=10682781 ms=18 l0=142 l1=157 rc=0
2026-10-02T19:39:30.458Z kv-compact: start l0=142 inputs=2 range=261 l0only=1
2026-10-02T19:39:30.469Z kv-compact: end bytes=6835720 ms=11 l0=141 l1=157 rc=0
2026-10-02T19:39:30.469Z kv-compact: start l0=141 inputs=2 range=257 l0only=1
2026-10-02T19:39:30.479Z kv-compact: end bytes=5863244 ms=10 l0=140 l1=157 rc=0
2026-10-02T19:39:30.479Z kv-compact: start l0=140 inputs=2 range=2 l0only=1
2026-10-02T19:39:30.489Z kv-compact: end bytes=5753620 ms=10 l0=139 l1=157 rc=0
2026-10-02T19:39:30.489Z kv-compact: start l0=139 inputs=2 range=264 l0only=1
2026-10-02T19:39:30.494Z kv-compact: end bytes=2874947 ms=6 l0=138 l1=157 rc=0
2026-10-02T19:39:30.494Z kv-compact: start l0=138 inputs=2 range=270 l0only=1
2026-10-02T19:39:30.498Z kv-compact: end bytes=1826986 ms=4 l0=137 l1=157 rc=0
2026-10-02T19:39:30.499Z kv-compact: start l0=137 inputs=2 range=260 l0only=1
2026-10-02T19:39:30.502Z kv-compact: end bytes=1632647 ms=4 l0=136 l1=157 rc=0
2026-10-02T19:39:30.502Z kv-compact: start l0=136 inputs=2 range=258 l0only=1
2026-10-02T19:39:30.505Z kv-compact: end bytes=1032985 ms=3 l0=135 l1=157 rc=0
2026-10-02T19:39:30.529Z raft-host: apply-sleep us=22043 group=2 idx=4501912 applied=4501911
2026-10-02T19:39:30.729Z raft-host: apply-sleep us=54550 group=2 idx=4501918 applied=4501917
2026-10-02T19:39:30.814Z raft-host: apply-sleep us=45217 group=2 idx=4501921 applied=4501919
2026-10-02T19:39:30.836Z kv-compact: start l0=144 inputs=4 range=267 l0only=0
2026-10-02T19:39:30.901Z raft-host: apply-sleep us=57435 group=2 idx=4501924 applied=4501922
2026-10-02T19:39:30.976Z kv-compact: end bytes=88946676 ms=140 l0=142 l1=157 rc=0
2026-10-02T19:39:30.976Z kv-compact: start l0=142 inputs=2 range=263 l0only=1
2026-10-02T19:39:30.980Z raft-host: apply-sleep us=20680 group=2 idx=4501926 applied=4501925
2026-10-02T19:39:30.992Z kv-compact: end bytes=11386780 ms=17 l0=141 l1=157 rc=0
2026-10-02T19:39:30.992Z kv-compact: start l0=141 inputs=2 range=2 l0only=1
2026-10-02T19:39:31.004Z kv-compact: end bytes=7052820 ms=11 l0=140 l1=157 rc=0
2026-10-02T19:39:31.004Z kv-compact: start l0=140 inputs=2 range=261 l0only=1
2026-10-02T19:39:31.016Z kv-compact: end bytes=7009687 ms=13 l0=139 l1=157 rc=0
2026-10-02T19:39:31.017Z kv-compact: start l0=139 inputs=2 range=257 l0only=1
2026-10-02T19:39:31.027Z kv-compact: end bytes=6125922 ms=10 l0=138 l1=157 rc=0
2026-10-02T19:39:31.027Z kv-compact: start l0=138 inputs=2 range=264 l0only=1
2026-10-02T19:39:31.033Z kv-compact: end bytes=3049719 ms=6 l0=137 l1=157 rc=0
2026-10-02T19:39:31.033Z kv-compact: start l0=137 inputs=2 range=270 l0only=1
2026-10-02T19:39:31.038Z kv-compact: end bytes=2375326 ms=5 l0=136 l1=157 rc=0
2026-10-02T19:39:31.038Z kv-compact: start l0=136 inputs=2 range=260 l0only=1
2026-10-02T19:39:31.042Z kv-compact: end bytes=1764184 ms=4 l0=135 l1=157 rc=0
2026-10-02T19:39:31.042Z kv-compact: start l0=135 inputs=2 range=258 l0only=1
2026-10-02T19:39:31.045Z kv-compact: end bytes=1120730 ms=3 l0=134 l1=157 rc=0
2026-10-02T19:39:31.072Z raft-host: apply-sleep us=35893 group=2 idx=4501929 applied=4501928
2026-10-02T19:39:31.153Z raft-host: apply-sleep us=42526 group=2 idx=4501931 applied=4501930
2026-10-02T19:39:31.209Z raft-host: apply-sleep us=31911 group=2 idx=4501934 applied=4501932
2026-10-02T19:39:31.274Z raft-host: apply-sleep us=38533 group=2 idx=4501935 applied=4501934
2026-10-02T19:39:31.286Z kv-compact: start l0=143 inputs=3 range=2 l0only=0
2026-10-02T19:39:31.327Z raft-host: apply-sleep us=28256 group=2 idx=4501937 applied=4501936
2026-10-02T19:39:31.379Z kv-compact: end bytes=64589016 ms=94 l0=141 l1=157 rc=0
2026-10-02T19:39:31.379Z kv-compact: start l0=141 inputs=2 range=263 l0only=1
2026-10-02T19:39:31.396Z kv-compact: end bytes=11472593 ms=16 l0=140 l1=157 rc=0
2026-10-02T19:39:31.396Z kv-compact: start l0=140 inputs=2 range=261 l0only=1
2026-10-02T19:39:31.409Z kv-compact: end bytes=7223025 ms=12 l0=139 l1=157 rc=0
2026-10-02T19:39:31.409Z kv-compact: start l0=139 inputs=2 range=257 l0only=1
2026-10-02T19:39:31.420Z kv-compact: end bytes=6382804 ms=11 l0=138 l1=157 rc=0
2026-10-02T19:39:31.420Z kv-compact: start l0=138 inputs=2 range=264 l0only=1
2026-10-02T19:39:31.425Z raft-host: apply-sleep us=31409 group=2 idx=4501940 applied=4501939
2026-10-02T19:39:31.427Z kv-compact: end bytes=3221754 ms=7 l0=137 l1=157 rc=0
2026-10-02T19:39:31.427Z kv-compact: start l0=137 inputs=2 range=270 l0only=1
2026-10-02T19:39:31.432Z kv-compact: end bytes=2905623 ms=6 l0=136 l1=157 rc=0
2026-10-02T19:39:31.432Z kv-compact: start l0=136 inputs=2 range=260 l0only=1
2026-10-02T19:39:31.437Z kv-compact: end bytes=1892662 ms=4 l0=135 l1=157 rc=0
2026-10-02T19:39:31.437Z kv-compact: start l0=135 inputs=2 range=258 l0only=1
2026-10-02T19:39:31.440Z kv-compact: end bytes=1248973 ms=3 l0=134 l1=157 rc=0
2026-10-02T19:39:31.521Z raft-host: apply-sleep us=47235 group=2 idx=4501944 applied=4501942
2026-10-02T19:39:31.632Z raft-host: apply-sleep us=40965 group=2 idx=4501946 applied=4501945
2026-10-02T19:39:31.691Z kv-compact: start l0=143 inputs=2 range=263 l0only=1
2026-10-02T19:39:31.708Z kv-compact: end bytes=11603969 ms=18 l0=142 l1=157 rc=0
2026-10-02T19:39:31.708Z kv-compact: start l0=142 inputs=2 range=261 l0only=1
2026-10-02T19:39:31.721Z kv-compact: end bytes=7420894 ms=13 l0=141 l1=157 rc=0
2026-10-02T19:39:31.721Z kv-compact: start l0=141 inputs=2 range=257 l0only=1
2026-10-02T19:39:31.733Z kv-compact: end bytes=6711566 ms=11 l0=140 l1=157 rc=0
2026-10-02T19:39:31.733Z kv-compact: start l0=140 inputs=2 range=270 l0only=1
2026-10-02T19:39:31.736Z raft-host: apply-sleep us=43990 group=2 idx=4501950 applied=4501949
2026-10-02T19:39:31.740Z kv-compact: end bytes=3674657 ms=7 l0=139 l1=157 rc=0
2026-10-02T19:39:31.740Z kv-compact: start l0=139 inputs=2 range=264 l0only=1
2026-10-02T19:39:31.747Z kv-compact: end bytes=3461570 ms=7 l0=138 l1=157 rc=0
2026-10-02T19:39:31.747Z kv-compact: start l0=138 inputs=2 range=260 l0only=1
2026-10-02T19:39:31.751Z kv-compact: end bytes=2090209 ms=4 l0=137 l1=157 rc=0
2026-10-02T19:39:31.751Z kv-compact: start l0=137 inputs=2 range=258 l0only=1
2026-10-02T19:39:31.755Z kv-compact: end bytes=1422940 ms=3 l0=136 l1=157 rc=0
2026-10-02T19:39:31.755Z kv-compact: start l0=136 inputs=2 range=267 l0only=1
2026-10-02T19:39:31.757Z kv-compact: end bytes=743378 ms=3 l0=135 l1=157 rc=0
2026-10-02T19:39:31.778Z raft-host: apply-sleep us=41062 group=2 idx=4501951 applied=4501950
2026-10-02T19:39:31.854Z raft-host: apply-sleep us=50345 group=2 idx=4501953 applied=4501952
2026-10-02T19:39:31.954Z raft-host: apply-sleep us=51304 group=2 idx=4501956 applied=4501955
2026-10-02T19:39:32.077Z raft-host: apply-sleep us=27459 group=2 idx=4501959 applied=4501958
2026-10-02T19:39:32.151Z raft-host: apply-sleep us=24342 group=2 idx=4501961 applied=4501960
2026-10-02T19:39:32.205Z kv-compact: start l0=144 inputs=2 range=263 l0only=1
2026-10-02T19:39:32.206Z raft-host: apply-sleep us=34668 group=2 idx=4501962 applied=4501961
2026-10-02T19:39:32.223Z kv-compact: end bytes=11726255 ms=17 l0=143 l1=157 rc=0
2026-10-02T19:39:32.223Z kv-compact: start l0=143 inputs=2 range=261 l0only=1
2026-10-02T19:39:32.235Z kv-compact: end bytes=7540356 ms=12 l0=142 l1=157 rc=0
2026-10-02T19:39:32.235Z kv-compact: start l0=142 inputs=2 range=257 l0only=1
2026-10-02T19:39:32.247Z kv-compact: end bytes=6996227 ms=12 l0=141 l1=157 rc=0
2026-10-02T19:39:32.247Z kv-compact: start l0=141 inputs=2 range=270 l0only=1
2026-10-02T19:39:32.254Z kv-compact: end bytes=4082028 ms=7 l0=140 l1=157 rc=0
2026-10-02T19:39:32.254Z kv-compact: start l0=140 inputs=2 range=264 l0only=1
2026-10-02T19:39:32.260Z kv-compact: end bytes=3588760 ms=7 l0=139 l1=157 rc=0
2026-10-02T19:39:32.260Z kv-compact: start l0=139 inputs=2 range=260 l0only=1
2026-10-02T19:39:32.265Z kv-compact: end bytes=2290278 ms=5 l0=138 l1=157 rc=0
2026-10-02T19:39:32.265Z kv-compact: start l0=138 inputs=2 range=2 l0only=1
2026-10-02T19:39:32.270Z kv-compact: end bytes=2208660 ms=4 l0=137 l1=157 rc=0
2026-10-02T19:39:32.270Z kv-compact: start l0=137 inputs=2 range=258 l0only=1
2026-10-02T19:39:32.273Z kv-compact: end bytes=1502635 ms=4 l0=136 l1=157 rc=0
2026-10-02T19:39:32.273Z kv-compact: start l0=136 inputs=2 range=267 l0only=1
2026-10-02T19:39:32.276Z kv-compact: end bytes=1027657 ms=2 l0=135 l1=157 rc=0
2026-10-02T19:39:32.285Z raft-host: apply-sleep us=35961 group=2 idx=4501964 applied=4501963
2026-10-02T19:39:32.339Z raft-host: apply-sleep us=20529 group=2 idx=4501966 applied=4501965
2026-10-02T19:39:32.371Z raft-host: apply-sleep us=20971 group=2 idx=4501967 applied=4501966
2026-10-02T19:39:32.408Z raft-host: apply-sleep us=20662 group=2 idx=4501968 applied=4501967
2026-10-02T19:39:32.546Z raft-host: apply-sleep us=86095 group=2 idx=4501972 applied=4501968
2026-10-02T19:39:32.665Z raft-host: apply-sleep us=47470 group=2 idx=4501973 applied=4501972
2026-10-02T19:39:32.684Z kv-compact: start l0=144 inputs=2 range=263 l0only=1
2026-10-02T19:39:32.702Z kv-compact: end bytes=11874462 ms=18 l0=143 l1=157 rc=0
2026-10-02T19:39:32.702Z kv-compact: start l0=143 inputs=2 range=261 l0only=1
2026-10-02T19:39:32.715Z kv-compact: end bytes=7699263 ms=13 l0=142 l1=157 rc=0
2026-10-02T19:39:32.715Z kv-compact: start l0=142 inputs=2 range=257 l0only=1
2026-10-02T19:39:32.728Z kv-compact: end bytes=7304629 ms=13 l0=141 l1=157 rc=0
2026-10-02T19:39:32.728Z kv-compact: start l0=141 inputs=2 range=270 l0only=1
2026-10-02T19:39:32.736Z kv-compact: end bytes=4519713 ms=8 l0=140 l1=157 rc=0
2026-10-02T19:39:32.736Z kv-compact: start l0=140 inputs=2 range=264 l0only=1
2026-10-02T19:39:32.743Z kv-compact: end bytes=3878003 ms=7 l0=139 l1=157 rc=0
2026-10-02T19:39:32.743Z kv-compact: start l0=139 inputs=2 range=2 l0only=1
2026-10-02T19:39:32.748Z kv-compact: end bytes=3340820 ms=6 l0=138 l1=157 rc=0
2026-10-02T19:39:32.748Z kv-compact: start l0=138 inputs=2 range=260 l0only=1
2026-10-02T19:39:32.753Z kv-compact: end bytes=2496190 ms=4 l0=137 l1=157 rc=0
2026-10-02T19:39:32.753Z kv-compact: start l0=137 inputs=2 range=258 l0only=1
2026-10-02T19:39:32.757Z kv-compact: end bytes=1608734 ms=4 l0=136 l1=157 rc=0
2026-10-02T19:39:32.757Z kv-compact: start l0=136 inputs=2 range=267 l0only=1
2026-10-02T19:39:32.760Z kv-compact: end bytes=1389592 ms=4 l0=135 l1=157 rc=0
2026-10-02T19:39:32.761Z raft-host: apply-sleep us=54540 group=2 idx=4501976 applied=4501975
2026-10-02T19:39:32.904Z raft-host: apply-sleep us=39062 group=2 idx=4501980 applied=4501979
2026-10-02T19:39:32.944Z raft-host: apply-sleep us=20466 group=2 idx=4501981 applied=4501980
2026-10-02T19:39:33.031Z raft-host: apply-sleep us=43933 group=2 idx=4501983 applied=4501982
2026-10-02T19:39:33.096Z raft-host: apply-sleep us=46358 group=2 idx=4501985 applied=4501984
2026-10-02T19:39:33.109Z kv-compact: start l0=144 inputs=2 range=263 l0only=1
2026-10-02T19:39:33.127Z kv-compact: end bytes=11963173 ms=17 l0=143 l1=157 rc=0
2026-10-02T19:39:33.127Z kv-compact: start l0=143 inputs=2 range=261 l0only=1
2026-10-02T19:39:33.140Z kv-compact: end bytes=7874357 ms=14 l0=142 l1=157 rc=0
2026-10-02T19:39:33.140Z kv-compact: start l0=142 inputs=2 range=257 l0only=1
2026-10-02T19:39:33.153Z kv-compact: end bytes=7568595 ms=12 l0=141 l1=157 rc=0
2026-10-02T19:39:33.153Z kv-compact: start l0=141 inputs=2 range=270 l0only=1
2026-10-02T19:39:33.162Z kv-compact: end bytes=4944444 ms=9 l0=140 l1=157 rc=0
2026-10-02T19:39:33.162Z kv-compact: start l0=140 inputs=2 range=2 l0only=1
2026-10-02T19:39:33.163Z raft-obs: tx->1 enq=21573 drop=0 sent=21573 fail=0 hi=7 rtt_avg=43us get_avg=193us get_max=4173ms
2026-10-02T19:39:33.163Z raft-obs: tx->2 enq=21192 drop=0 sent=21192 fail=0 hi=5 rtt_avg=38us get_avg=191us get_max=4059ms
2026-10-02T19:39:33.163Z raft-obs: wait_timeouts=0 pump_hold_max=46319us lock_wait_max=5380us drain_max=46318us tick_max=5us apply_max=46257us persist_max=8785us applies_in_worst=3 arc_miss=0 arc_term_miss=0 opid_replay=0 fin_q=0 fin_done=0 fin_drop=0 fin_full=0 pub_p50=0us pub_max=0us inbox_drop=0
2026-10-02T19:39:33.170Z kv-compact: end bytes=4640020 ms=9 l0=139 l1=157 rc=0
2026-10-02T19:39:33.170Z kv-compact: start l0=139 inputs=2 range=264 l0only=1
2026-10-02T19:39:33.178Z kv-compact: end bytes=4163543 ms=8 l0=138 l1=157 rc=0
2026-10-02T19:39:33.178Z kv-compact: start l0=138 inputs=2 range=260 l0only=1
2026-10-02T19:39:33.184Z kv-compact: end bytes=2629337 ms=5 l0=137 l1=157 rc=0
2026-10-02T19:39:33.184Z kv-compact: start l0=137 inputs=2 range=267 l0only=1
2026-10-02T19:39:33.188Z kv-compact: end bytes=1743725 ms=4 l0=136 l1=157 rc=0
2026-10-02T19:39:33.188Z kv-compact: start l0=136 inputs=2 range=258 l0only=1
2026-10-02T19:39:33.192Z kv-compact: end bytes=1697445 ms=4 l0=135 l1=157 rc=0
2026-10-02T19:39:33.193Z raft-host: apply-sleep us=54213 group=2 idx=4501988 applied=4501986
2026-10-02T19:39:33.260Z raft-host: apply-sleep us=28153 group=2 idx=4501991 applied=4501990
2026-10-02T19:39:33.338Z raft-host: apply-sleep us=21832 group=2 idx=4501993 applied=4501992
2026-10-02T19:39:33.378Z raft-host: apply-sleep us=21665 group=2 idx=4501994 applied=4501993
2026-10-02T19:39:33.423Z raft-host: apply-sleep us=27343 group=2 idx=4501995 applied=4501994
2026-10-02T19:39:33.524Z raft-host: apply-sleep us=20690 group=2 idx=4501998 applied=4501997
2026-10-02T19:39:33.577Z kv-compact: start l0=144 inputs=2 range=263 l0only=1
2026-10-02T19:39:33.577Z raft-host: apply-sleep us=32516 group=2 idx=4501999 applied=4501998
2026-10-02T19:39:33.594Z kv-compact: end bytes=12000203 ms=17 l0=143 l1=157 rc=0
2026-10-02T19:39:33.594Z kv-compact: start l0=143 inputs=2 range=261 l0only=1
2026-10-02T19:39:33.607Z kv-compact: end bytes=8014118 ms=14 l0=142 l1=157 rc=0
2026-10-02T19:39:33.607Z kv-compact: start l0=142 inputs=2 range=257 l0only=1
2026-10-02T19:39:33.620Z kv-compact: end bytes=7701668 ms=12 l0=141 l1=157 rc=0
2026-10-02T19:39:33.620Z kv-compact: start l0=141 inputs=2 range=2 l0only=1
2026-10-02T19:39:33.630Z kv-compact: end bytes=6477460 ms=11 l0=140 l1=157 rc=0
2026-10-02T19:39:33.630Z kv-compact: start l0=140 inputs=2 range=270 l0only=1
2026-10-02T19:39:33.640Z kv-compact: end bytes=5151275 ms=9 l0=139 l1=157 rc=0
2026-10-02T19:39:33.640Z kv-compact: start l0=139 inputs=2 range=264 l0only=1
2026-10-02T19:39:33.648Z kv-compact: end bytes=4496665 ms=8 l0=138 l1=157 rc=0
2026-10-02T19:39:33.648Z kv-compact: start l0=138 inputs=2 range=260 l0only=1
2026-10-02T19:39:33.653Z kv-compact: end bytes=2684882 ms=5 l0=137 l1=157 rc=0
2026-10-02T19:39:33.653Z kv-compact: start l0=137 inputs=2 range=267 l0only=1
2026-10-02T19:39:33.657Z kv-compact: end bytes=1936294 ms=4 l0=136 l1=157 rc=0
2026-10-02T19:39:33.657Z kv-compact: start l0=136 inputs=2 range=258 l0only=1
2026-10-02T19:39:33.661Z kv-compact: end bytes=1776422 ms=4 l0=135 l1=157 rc=0
2026-10-02T19:39:33.662Z raft-host: apply-sleep us=23344 group=2 idx=4502001 applied=4502000
2026-10-02T19:39:33.798Z raft-host: apply-sleep us=43274 group=2 idx=4502006 applied=4502005
2026-10-02T19:39:33.870Z raft-host: apply-sleep us=42152 group=2 idx=4502010 applied=4502007
2026-10-02T19:39:33.964Z raft-host: apply-sleep us=23960 group=2 idx=4502013 applied=4502011
2026-10-02T19:39:34.018Z kv-compact: start l0=144 inputs=2 range=263 l0only=1
2026-10-02T19:39:34.020Z raft-host: apply-sleep us=35418 group=2 idx=4502014 applied=4502013
2026-10-02T19:39:34.036Z kv-compact: end bytes=12114278 ms=17 l0=143 l1=157 rc=0
2026-10-02T19:39:34.036Z kv-compact: start l0=143 inputs=2 range=261 l0only=1
2026-10-02T19:39:34.049Z kv-compact: end bytes=8121827 ms=14 l0=142 l1=157 rc=0
2026-10-02T19:39:34.049Z kv-compact: start l0=142 inputs=2 range=257 l0only=1
2026-10-02T19:39:34.063Z kv-compact: end bytes=7951230 ms=13 l0=141 l1=157 rc=0
2026-10-02T19:39:34.063Z kv-compact: start l0=141 inputs=2 range=2 l0only=1
2026-10-02T19:39:34.075Z kv-compact: end bytes=7915880 ms=12 l0=140 l1=157 rc=0
2026-10-02T19:39:34.075Z kv-compact: start l0=140 inputs=2 range=270 l0only=1
2026-10-02T19:39:34.081Z raft-host: apply-sleep us=30216 group=2 idx=4502016 applied=4502015
2026-10-02T19:39:34.085Z kv-compact: end bytes=5491415 ms=11 l0=139 l1=157 rc=0
2026-10-02T19:39:34.085Z kv-compact: start l0=139 inputs=2 range=264 l0only=1
2026-10-02T19:39:34.094Z kv-compact: end bytes=4823173 ms=9 l0=138 l1=157 rc=0
2026-10-02T19:39:34.094Z kv-compact: start l0=138 inputs=2 range=260 l0only=1
2026-10-02T19:39:34.100Z kv-compact: end bytes=2835021 ms=5 l0=137 l1=157 rc=0
2026-10-02T19:39:34.100Z kv-compact: start l0=137 inputs=2 range=267 l0only=1
2026-10-02T19:39:34.105Z kv-compact: end bytes=2193391 ms=5 l0=136 l1=157 rc=0
2026-10-02T19:39:34.105Z kv-compact: start l0=136 inputs=2 range=258 l0only=1
2026-10-02T19:39:34.109Z kv-compact: end bytes=1890336 ms=4 l0=135 l1=157 rc=0
2026-10-02T19:39:34.152Z raft-host: apply-sleep us=32146 group=2 idx=4502018 applied=4502017
2026-10-02T19:39:34.223Z raft-host: apply-sleep us=31255 group=2 idx=4502021 applied=4502020
2026-10-02T19:39:34.277Z raft-host: apply-sleep us=22378 group=2 idx=4502022 applied=4502021
2026-10-02T19:39:34.346Z raft-host: apply-sleep us=32088 group=2 idx=4502024 applied=4502023
2026-10-02T19:39:34.424Z raft-host: apply-sleep us=22118 group=2 idx=4502026 applied=4502025
2026-10-02T19:39:34.478Z kv-compact: start l0=144 inputs=4 range=263 l0only=0
2026-10-02T19:39:34.479Z raft-host: apply-sleep us=31676 group=2 idx=4502027 applied=4502026
2026-10-02T19:39:34.523Z raft-host: apply-sleep us=20121 group=2 idx=4502029 applied=4502027
2026-10-02T19:39:34.612Z raft-host: apply-sleep us=39631 group=2 idx=4502032 applied=4502029
2026-10-02T19:39:34.621Z kv-compact: end bytes=98900800 ms=143 l0=142 l1=157 rc=0
2026-10-02T19:39:34.621Z kv-compact: start l0=142 inputs=3 range=2 l0only=0
2026-10-02T19:39:34.719Z raft-host: apply-sleep us=49975 group=2 idx=4502034 applied=4502032
2026-10-02T19:39:34.725Z kv-compact: end bytes=73952464 ms=104 l0=140 l1=158 rc=0
2026-10-02T19:39:34.725Z kv-compact: start l0=140 inputs=2 range=261 l0only=1
2026-10-02T19:39:34.740Z kv-compact: end bytes=8228409 ms=15 l0=139 l1=158 rc=0
2026-10-02T19:39:34.740Z kv-compact: start l0=139 inputs=2 range=257 l0only=1
2026-10-02T19:39:34.753Z kv-compact: end bytes=8186056 ms=13 l0=138 l1=158 rc=0
2026-10-02T19:39:34.753Z kv-compact: start l0=138 inputs=2 range=270 l0only=1
2026-10-02T19:39:34.763Z kv-compact: end bytes=5782268 ms=11 l0=137 l1=158 rc=0
2026-10-02T19:39:34.763Z kv-compact: start l0=137 inputs=2 range=264 l0only=1
2026-10-02T19:39:34.773Z kv-compact: end bytes=5194043 ms=9 l0=136 l1=158 rc=0
2026-10-02T19:39:34.773Z kv-compact: start l0=136 inputs=2 range=260 l0only=1
2026-10-02T19:39:34.779Z kv-compact: end bytes=3026141 ms=6 l0=135 l1=158 rc=0
2026-10-02T19:39:34.779Z kv-compact: start l0=135 inputs=2 range=267 l0only=1
2026-10-02T19:39:34.784Z kv-compact: end bytes=2467671 ms=5 l0=134 l1=158 rc=0
2026-10-02T19:39:34.784Z kv-compact: start l0=134 inputs=2 range=258 l0only=1
2026-10-02T19:39:34.788Z kv-compact: end bytes=1961337 ms=4 l0=133 l1=158 rc=0
2026-10-02T19:39:34.855Z kv-compact: start l0=142 inputs=2 range=257 l0only=1
2026-10-02T19:39:34.857Z raft-host: apply-sleep us=71138 group=2 idx=4502038 applied=4502034
2026-10-02T19:39:34.870Z kv-compact: end bytes=8529395 ms=15 l0=141 l1=158 rc=0
2026-10-02T19:39:34.870Z kv-compact: start l0=141 inputs=2 range=261 l0only=1
2026-10-02T19:39:34.883Z kv-compact: end bytes=8450676 ms=14 l0=140 l1=158 rc=0
2026-10-02T19:39:34.884Z kv-compact: start l0=140 inputs=2 range=270 l0only=1
2026-10-02T19:39:34.894Z kv-compact: end bytes=6246196 ms=10 l0=139 l1=158 rc=0
2026-10-02T19:39:34.894Z kv-compact: start l0=139 inputs=2 range=264 l0only=1
2026-10-02T19:39:34.904Z kv-compact: end bytes=5829056 ms=11 l0=138 l1=158 rc=0
2026-10-02T19:39:34.904Z kv-compact: start l0=138 inputs=2 range=260 l0only=1
2026-10-02T19:39:34.911Z kv-compact: end bytes=3206461 ms=6 l0=137 l1=158 rc=0
2026-10-02T19:39:34.911Z kv-compact: start l0=137 inputs=2 range=267 l0only=1
2026-10-02T19:39:34.916Z kv-compact: end bytes=2852377 ms=5 l0=136 l1=158 rc=0
2026-10-02T19:39:34.916Z kv-compact: start l0=136 inputs=2 range=258 l0only=1
2026-10-02T19:39:34.920Z kv-compact: end bytes=2081282 ms=5 l0=135 l1=158 rc=0
2026-10-02T19:39:34.964Z raft-host: apply-sleep us=50212 group=2 idx=4502039 applied=4502038
2026-10-02T19:39:35.151Z raft-host: apply-sleep us=25639 group=2 idx=4502046 applied=4502045
2026-10-02T19:39:35.195Z raft-host: apply-sleep us=24122 group=2 idx=4502047 applied=4502046
2026-10-02T19:39:35.300Z raft-host: apply-sleep us=23420 group=2 idx=4502050 applied=4502049
2026-10-02T19:39:35.328Z kv-compact: start l0=144 inputs=2 range=257 l0only=1
2026-10-02T19:39:35.342Z kv-compact: end bytes=8650393 ms=15 l0=143 l1=158 rc=0
2026-10-02T19:39:35.342Z kv-compact: start l0=143 inputs=2 range=261 l0only=1
2026-10-02T19:39:35.357Z kv-compact: end bytes=8582226 ms=15 l0=142 l1=158 rc=0
2026-10-02T19:39:35.357Z kv-compact: start l0=142 inputs=2 range=270 l0only=1
2026-10-02T19:39:35.368Z kv-compact: end bytes=6440697 ms=11 l0=141 l1=158 rc=0
2026-10-02T19:39:35.368Z kv-compact: start l0=141 inputs=2 range=264 l0only=1
2026-10-02T19:39:35.383Z kv-compact: end bytes=6093006 ms=15 l0=140 l1=158 rc=0
2026-10-02T19:39:35.383Z kv-compact: start l0=140 inputs=2 range=260 l0only=1
2026-10-02T19:39:35.390Z kv-compact: end bytes=3253956 ms=6 l0=139 l1=158 rc=0
2026-10-02T19:39:35.390Z kv-compact: start l0=139 inputs=2 range=267 l0only=1
2026-10-02T19:39:35.396Z kv-compact: end bytes=3031422 ms=6 l0=138 l1=158 rc=0
2026-10-02T19:39:35.396Z kv-compact: start l0=138 inputs=2 range=2 l0only=1
2026-10-02T19:39:35.401Z kv-compact: end bytes=2700480 ms=6 l0=137 l1=158 rc=0
2026-10-02T19:39:35.401Z kv-compact: start l0=137 inputs=2 range=258 l0only=1
2026-10-02T19:39:35.406Z kv-compact: end bytes=2154946 ms=5 l0=136 l1=158 rc=0
2026-10-02T19:39:35.406Z kv-compact: start l0=136 inputs=2 range=263 l0only=1
2026-10-02T19:39:35.408Z kv-compact: end bytes=152995 ms=1 l0=135 l1=158 rc=0
2026-10-02T19:39:35.413Z raft-host: apply-sleep us=66512 group=2 idx=4502055 applied=4502052
2026-10-02T19:39:35.576Z raft-host: apply-sleep us=56554 group=2 idx=4502057 applied=4502056
2026-10-02T19:39:35.722Z raft-host: apply-sleep us=65577 group=2 idx=4502062 applied=4502060
2026-10-02T19:39:35.739Z kv-compact: start l0=144 inputs=2 range=257 l0only=1
2026-10-02T19:39:35.754Z kv-compact: end bytes=9013287 ms=15 l0=143 l1=158 rc=0
2026-10-02T19:39:35.754Z kv-compact: start l0=143 inputs=2 range=261 l0only=1
2026-10-02T19:39:35.769Z kv-compact: end bytes=8799576 ms=14 l0=142 l1=158 rc=0
2026-10-02T19:39:35.769Z kv-compact: start l0=142 inputs=2 range=270 l0only=1
2026-10-02T19:39:35.780Z kv-compact: end bytes=6991887 ms=12 l0=141 l1=158 rc=0
2026-10-02T19:39:35.780Z kv-compact: start l0=141 inputs=2 range=264 l0only=1
2026-10-02T19:39:35.791Z kv-compact: end bytes=6631068 ms=11 l0=140 l1=158 rc=0
2026-10-02T19:39:35.791Z kv-compact: start l0=140 inputs=2 range=267 l0only=1
2026-10-02T19:39:35.795Z raft-host: apply-sleep us=33732 group=2 idx=4502066 applied=4502065
2026-10-02T19:39:35.798Z kv-compact: end bytes=3510001 ms=7 l0=139 l1=158 rc=0
2026-10-02T19:39:35.798Z kv-compact: start l0=139 inputs=2 range=260 l0only=1
2026-10-02T19:39:35.805Z kv-compact: end bytes=3471467 ms=6 l0=138 l1=158 rc=0
2026-10-02T19:39:35.805Z kv-compact: start l0=138 inputs=2 range=2 l0only=1
2026-10-02T19:39:35.811Z kv-compact: end bytes=3257280 ms=6 l0=137 l1=158 rc=0
2026-10-02T19:39:35.811Z kv-compact: start l0=137 inputs=2 range=258 l0only=1
2026-10-02T19:39:35.816Z kv-compact: end bytes=2342759 ms=5 l0=136 l1=158 rc=0
2026-10-02T19:39:35.816Z kv-compact: start l0=136 inputs=2 range=263 l0only=1
2026-10-02T19:39:35.817Z kv-compact: end bytes=298727 ms=1 l0=135 l1=158 rc=0
2026-10-02T19:39:35.977Z raft-host: apply-sleep us=20153 group=2 idx=4502072 applied=4502071
2026-10-02T19:39:36.041Z raft-host: apply-sleep us=35299 group=2 idx=4502074 applied=4502073
2026-10-02T19:39:36.135Z raft-host: apply-sleep us=30871 group=2 idx=4502077 applied=4502076
2026-10-02T19:39:36.212Z kv-compact: start l0=144 inputs=2 range=257 l0only=1
2026-10-02T19:39:36.228Z kv-compact: end bytes=9234353 ms=16 l0=143 l1=158 rc=0
2026-10-02T19:39:36.228Z kv-compact: start l0=143 inputs=2 range=261 l0only=1
2026-10-02T19:39:36.243Z kv-compact: end bytes=8881686 ms=16 l0=142 l1=158 rc=0
2026-10-02T19:39:36.243Z kv-compact: start l0=142 inputs=2 range=270 l0only=1
2026-10-02T19:39:36.256Z kv-compact: end bytes=7267560 ms=12 l0=141 l1=158 rc=0
2026-10-02T19:39:36.256Z kv-compact: start l0=141 inputs=2 range=264 l0only=1
2026-10-02T19:39:36.268Z kv-compact: end bytes=6853570 ms=12 l0=140 l1=158 rc=0
2026-10-02T19:39:36.268Z kv-compact: start l0=140 inputs=2 range=2 l0only=1
2026-10-02T19:39:36.275Z kv-compact: end bytes=4927700 ms=8 l0=139 l1=158 rc=0
2026-10-02T19:39:36.276Z kv-compact: start l0=139 inputs=2 range=267 l0only=1
2026-10-02T19:39:36.283Z kv-compact: end bytes=3716007 ms=7 l0=138 l1=158 rc=0
2026-10-02T19:39:36.283Z kv-compact: start l0=138 inputs=2 range=260 l0only=1
2026-10-02T19:39:36.290Z kv-compact: end bytes=3637310 ms=7 l0=137 l1=158 rc=0
2026-10-02T19:39:36.290Z kv-compact: start l0=137 inputs=2 range=258 l0only=1
2026-10-02T19:39:36.295Z kv-compact: end bytes=2396855 ms=5 l0=136 l1=158 rc=0
2026-10-02T19:39:36.295Z kv-compact: start l0=136 inputs=2 range=263 l0only=1
2026-10-02T19:39:36.297Z kv-compact: end bytes=437871 ms=2 l0=135 l1=158 rc=0
2026-10-02T19:39:36.305Z raft-host: apply-sleep us=75530 group=2 idx=4502081 applied=4502079
2026-10-02T19:39:36.412Z raft-host: apply-sleep us=48537 group=2 idx=4502084 applied=4502082
2026-10-02T19:39:36.558Z raft-host: apply-sleep us=49392 group=2 idx=4502088 applied=4502087
2026-10-02T19:39:36.639Z raft-host: apply-sleep us=22362 group=2 idx=4502090 applied=4502089
2026-10-02T19:39:36.690Z raft-host: apply-sleep us=25329 group=2 idx=4502091 applied=4502090
2026-10-02T19:39:36.738Z kv-compact: start l0=144 inputs=2 range=257 l0only=1
2026-10-02T19:39:36.754Z kv-compact: end bytes=9552898 ms=16 l0=143 l1=158 rc=0
2026-10-02T19:39:36.754Z kv-compact: start l0=143 inputs=2 range=261 l0only=1
2026-10-02T19:39:36.770Z kv-compact: end bytes=9047194 ms=15 l0=142 l1=158 rc=0
2026-10-02T19:39:36.770Z kv-compact: start l0=142 inputs=2 range=270 l0only=1
2026-10-02T19:39:36.782Z kv-compact: end bytes=7697195 ms=13 l0=141 l1=158 rc=0
2026-10-02T19:39:36.782Z kv-compact: start l0=141 inputs=2 range=264 l0only=1
2026-10-02T19:39:36.791Z raft-host: apply-sleep us=39011 group=2 idx=4502093 applied=4502092
2026-10-02T19:39:36.794Z kv-compact: end bytes=7125103 ms=11 l0=140 l1=158 rc=0
2026-10-02T19:39:36.794Z kv-compact: start l0=140 inputs=2 range=2 l0only=1
2026-10-02T19:39:36.804Z kv-compact: end bytes=6041300 ms=10 l0=139 l1=158 rc=0
2026-10-02T19:39:36.804Z kv-compact: start l0=139 inputs=2 range=267 l0only=1
2026-10-02T19:39:36.811Z kv-compact: end bytes=4133171 ms=8 l0=138 l1=158 rc=0
2026-10-02T19:39:36.811Z kv-compact: start l0=138 inputs=2 range=260 l0only=1
2026-10-02T19:39:36.819Z kv-compact: end bytes=3844926 ms=7 l0=137 l1=158 rc=0
2026-10-02T19:39:36.819Z kv-compact: start l0=137 inputs=2 range=258 l0only=1
2026-10-02T19:39:36.824Z kv-compact: end bytes=2507462 ms=5 l0=136 l1=158 rc=0
2026-10-02T19:39:36.824Z kv-compact: start l0=136 inputs=2 range=263 l0only=1
2026-10-02T19:39:36.826Z kv-compact: end bytes=548496 ms=3 l0=135 l1=158 rc=0
2026-10-02T19:39:36.841Z raft-host: apply-sleep us=23149 group=2 idx=4502095 applied=4502093
2026-10-02T19:39:36.990Z raft-host: apply-sleep us=24802 group=2 idx=4502098 applied=4502097
2026-10-02T19:39:37.081Z raft-host: apply-sleep us=46561 group=2 idx=4502100 applied=4502099
2026-10-02T19:39:37.199Z kv-compact: start l0=144 inputs=2 range=257 l0only=1
2026-10-02T19:39:37.207Z raft-host: apply-sleep us=60634 group=2 idx=4502104 applied=4502101
2026-10-02T19:39:37.215Z kv-compact: end bytes=9873697 ms=17 l0=143 l1=158 rc=0
2026-10-02T19:39:37.215Z kv-compact: start l0=143 inputs=2 range=261 l0only=1
2026-10-02T19:39:37.231Z kv-compact: end bytes=9256259 ms=15 l0=142 l1=158 rc=0
2026-10-02T19:39:37.231Z kv-compact: start l0=142 inputs=2 range=270 l0only=1
2026-10-02T19:39:37.245Z kv-compact: end bytes=8172319 ms=14 l0=141 l1=158 rc=0
2026-10-02T19:39:37.245Z kv-compact: start l0=141 inputs=2 range=264 l0only=1
2026-10-02T19:39:37.257Z kv-compact: end bytes=7390840 ms=12 l0=140 l1=158 rc=0
2026-10-02T19:39:37.257Z kv-compact: start l0=140 inputs=2 range=2 l0only=1
2026-10-02T19:39:37.269Z kv-compact: end bytes=7154900 ms=12 l0=139 l1=158 rc=0
2026-10-02T19:39:37.269Z kv-compact: start l0=139 inputs=2 range=267 l0only=1
2026-10-02T19:39:37.278Z kv-compact: end bytes=4509837 ms=8 l0=138 l1=158 rc=0
2026-10-02T19:39:37.278Z kv-compact: start l0=138 inputs=2 range=260 l0only=1
2026-10-02T19:39:37.285Z kv-compact: end bytes=4012044 ms=7 l0=137 l1=158 rc=0
2026-10-02T19:39:37.285Z kv-compact: start l0=137 inputs=2 range=258 l0only=1
2026-10-02T19:39:37.290Z kv-compact: end bytes=2618713 ms=6 l0=136 l1=158 rc=0
2026-10-02T19:39:37.290Z kv-compact: start l0=136 inputs=2 range=263 l0only=1
2026-10-02T19:39:37.293Z kv-compact: end bytes=660248 ms=2 l0=135 l1=158 rc=0
2026-10-02T19:39:37.398Z raft-host: apply-sleep us=22119 group=2 idx=4502109 applied=4502108
2026-10-02T19:39:37.450Z raft-host: apply-sleep us=30089 group=2 idx=4502110 applied=4502109
2026-10-02T19:39:37.541Z raft-host: apply-sleep us=32830 group=2 idx=4502113 applied=4502112
2026-10-02T19:39:37.634Z kv-compact: start l0=144 inputs=2 range=257 l0only=1
2026-10-02T19:39:37.634Z raft-host: apply-sleep us=43076 group=2 idx=4502115 applied=4502114
2026-10-02T19:39:37.651Z kv-compact: end bytes=10030598 ms=17 l0=143 l1=158 rc=0
2026-10-02T19:39:37.651Z kv-compact: start l0=143 inputs=2 range=261 l0only=1
2026-10-02T19:39:37.667Z kv-compact: end bytes=9409866 ms=16 l0=142 l1=158 rc=0
2026-10-02T19:39:37.667Z kv-compact: start l0=142 inputs=2 range=2 l0only=1
2026-10-02T19:39:37.681Z kv-compact: end bytes=9010900 ms=14 l0=141 l1=158 rc=0
2026-10-02T19:39:37.681Z kv-compact: start l0=141 inputs=2 range=270 l0only=1
2026-10-02T19:39:37.695Z kv-compact: end bytes=8417667 ms=14 l0=140 l1=158 rc=0
2026-10-02T19:39:37.695Z kv-compact: start l0=140 inputs=2 range=264 l0only=1
2026-10-02T19:39:37.703Z raft-host: apply-sleep us=27459 group=2 idx=4502117 applied=4502116
2026-10-02T19:39:37.708Z kv-compact: end bytes=7567470 ms=13 l0=139 l1=158 rc=0
2026-10-02T19:39:37.708Z kv-compact: start l0=139 inputs=2 range=267 l0only=1
2026-10-02T19:39:37.716Z kv-compact: end bytes=4732030 ms=8 l0=138 l1=158 rc=0
2026-10-02T19:39:37.716Z kv-compact: start l0=138 inputs=2 range=260 l0only=1
2026-10-02T19:39:37.724Z kv-compact: end bytes=4080952 ms=8 l0=137 l1=158 rc=0
2026-10-02T19:39:37.724Z kv-compact: start l0=137 inputs=2 range=258 l0only=1
2026-10-02T19:39:37.729Z kv-compact: end bytes=2707028 ms=5 l0=136 l1=158 rc=0
2026-10-02T19:39:37.729Z kv-compact: start l0=136 inputs=2 range=263 l0only=1
2026-10-02T19:39:37.731Z kv-compact: end bytes=706133 ms=2 l0=135 l1=158 rc=0
2026-10-02T19:39:37.766Z raft-host: apply-sleep us=24174 group=2 idx=4502119 applied=4502118
2026-10-02T19:39:37.848Z raft-host: apply-sleep us=33394 group=2 idx=4502122 applied=4502121
2026-10-02T19:39:37.920Z raft-host: apply-sleep us=30288 group=2 idx=4502124 applied=4502123
2026-10-02T19:39:37.972Z raft-host: apply-sleep us=23608 group=2 idx=4502125 applied=4502124
2026-10-02T19:39:38.043Z raft-host: apply-sleep us=40428 group=2 idx=4502127 applied=4502126
2026-10-02T19:39:38.101Z kv-compact: start l0=144 inputs=3 range=2 l0only=0
2026-10-02T19:39:38.127Z kv-compact: end bytes=16967972 ms=26 l0=142 l1=158 rc=0
2026-10-02T19:39:38.127Z kv-compact: start l0=142 inputs=2 range=257 l0only=1
2026-10-02T19:39:38.134Z raft-host: apply-sleep us=25384 group=2 idx=4502129 applied=4502128
2026-10-02T19:39:38.144Z kv-compact: end bytes=10350914 ms=17 l0=141 l1=158 rc=0
2026-10-02T19:39:38.144Z kv-compact: start l0=141 inputs=2 range=261 l0only=1
2026-10-02T19:39:38.160Z kv-compact: end bytes=9576662 ms=15 l0=140 l1=158 rc=0
2026-10-02T19:39:38.160Z kv-compact: start l0=140 inputs=2 range=270 l0only=1
2026-10-02T19:39:38.165Z raft-obs: tx->1 enq=21993 drop=0 sent=21992 fail=0 hi=7 rtt_avg=45us get_avg=190us get_max=4173ms
2026-10-02T19:39:38.165Z raft-obs: tx->2 enq=21560 drop=0 sent=21559 fail=0 hi=5 rtt_avg=39us get_avg=188us get_max=4059ms
2026-10-02T19:39:38.165Z raft-obs: wait_timeouts=0 pump_hold_max=42913us lock_wait_max=4009us drain_max=42913us tick_max=2us apply_max=42866us persist_max=12014us applies_in_worst=3 arc_miss=0 arc_term_miss=0 opid_replay=0 fin_q=0 fin_done=0 fin_drop=0 fin_full=0 pub_p50=0us pub_max=0us inbox_drop=0
2026-10-02T19:39:38.174Z kv-compact: end bytes=8849613 ms=14 l0=139 l1=158 rc=0
2026-10-02T19:39:38.175Z kv-compact: start l0=139 inputs=2 range=264 l0only=1
2026-10-02T19:39:38.187Z kv-compact: end bytes=7789972 ms=12 l0=138 l1=158 rc=0
2026-10-02T19:39:38.187Z kv-compact: start l0=138 inputs=2 range=267 l0only=1
2026-10-02T19:39:38.197Z kv-compact: end bytes=5108213 ms=10 l0=137 l1=158 rc=0
2026-10-02T19:39:38.197Z kv-compact: start l0=137 inputs=2 range=260 l0only=1
2026-10-02T19:39:38.204Z kv-compact: end bytes=4290017 ms=8 l0=136 l1=158 rc=0
2026-10-02T19:39:38.205Z kv-compact: start l0=136 inputs=2 range=258 l0only=1
2026-10-02T19:39:38.210Z kv-compact: end bytes=2860548 ms=6 l0=135 l1=158 rc=0
2026-10-02T19:39:38.210Z kv-compact: start l0=135 inputs=2 range=263 l0only=1
2026-10-02T19:39:38.213Z kv-compact: end bytes=859662 ms=2 l0=134 l1=158 rc=0
2026-10-02T19:39:38.266Z raft-host: apply-sleep us=51092 group=2 idx=4502133 applied=4502132
2026-10-02T19:39:38.382Z raft-host: apply-sleep us=31943 group=2 idx=4502136 applied=4502135
2026-10-02T19:39:38.446Z raft-host: apply-sleep us=35425 group=2 idx=4502138 applied=4502137
2026-10-02T19:39:38.473Z kv-compact: start l0=143 inputs=2 range=257 l0only=1
2026-10-02T19:39:38.490Z kv-compact: end bytes=10671391 ms=17 l0=142 l1=158 rc=0
2026-10-02T19:39:38.490Z kv-compact: start l0=142 inputs=2 range=261 l0only=1
2026-10-02T19:39:38.506Z kv-compact: end bytes=9743619 ms=15 l0=141 l1=158 rc=0
2026-10-02T19:39:38.506Z kv-compact: start l0=141 inputs=2 range=270 l0only=1
2026-10-02T19:39:38.515Z raft-host: apply-sleep us=24268 group=2 idx=4502140 applied=4502139
2026-10-02T19:39:38.521Z kv-compact: end bytes=9323449 ms=15 l0=140 l1=158 rc=0
2026-10-02T19:39:38.521Z kv-compact: start l0=140 inputs=2 range=264 l0only=1
2026-10-02T19:39:38.534Z kv-compact: end bytes=8012796 ms=13 l0=139 l1=158 rc=0
2026-10-02T19:39:38.534Z kv-compact: start l0=139 inputs=2 range=267 l0only=1
2026-10-02T19:39:38.543Z kv-compact: end bytes=5484235 ms=9 l0=138 l1=158 rc=0
2026-10-02T19:39:38.543Z kv-compact: start l0=138 inputs=2 range=260 l0only=1
2026-10-02T19:39:38.551Z kv-compact: end bytes=4499243 ms=8 l0=137 l1=158 rc=0
2026-10-02T19:39:38.551Z kv-compact: start l0=137 inputs=2 range=258 l0only=1
2026-10-02T19:39:38.556Z kv-compact: end bytes=2971799 ms=6 l0=136 l1=158 rc=0
2026-10-02T19:39:38.556Z kv-compact: start l0=136 inputs=2 range=263 l0only=1
2026-10-02T19:39:38.557Z raft-host: apply-sleep us=24451 group=2 idx=4502142 applied=4502141
2026-10-02T19:39:38.559Z kv-compact: end bytes=1013021 ms=2 l0=135 l1=158 rc=0
2026-10-02T19:39:38.653Z raft-host: apply-sleep us=40112 group=2 idx=4502145 applied=4502144
2026-10-02T19:39:38.727Z raft-host: apply-sleep us=26594 group=2 idx=4502148 applied=4502147
2026-10-02T19:39:38.822Z raft-host: apply-sleep us=50966 group=2 idx=4502149 applied=4502148
2026-10-02T19:39:38.913Z kv-compact: start l0=144 inputs=3 range=261 l0only=0
2026-10-02T19:39:38.915Z raft-host: apply-sleep us=37065 group=2 idx=4502152 applied=4502150
2026-10-02T19:39:39.008Z kv-compact: end bytes=66551477 ms=96 l0=142 l1=158 rc=0
2026-10-02T19:39:39.008Z kv-compact: start l0=142 inputs=2 range=257 l0only=1
2026-10-02T19:39:39.027Z kv-compact: end bytes=11028985 ms=18 l0=141 l1=158 rc=0
2026-10-02T19:39:39.027Z kv-compact: start l0=141 inputs=2 range=270 l0only=1
2026-10-02T19:39:39.043Z kv-compact: end bytes=9748576 ms=17 l0=140 l1=158 rc=0
2026-10-02T19:39:39.043Z kv-compact: start l0=140 inputs=2 range=264 l0only=1
2026-10-02T19:39:39.057Z kv-compact: end bytes=8274347 ms=14 l0=139 l1=158 rc=0
2026-10-02T19:39:39.057Z kv-compact: start l0=139 inputs=2 range=267 l0only=1
2026-10-02T19:39:39.065Z raft-host: apply-sleep us=23197 group=2 idx=4502158 applied=4502157
2026-10-02T19:39:39.068Z kv-compact: end bytes=5854622 ms=11 l0=138 l1=158 rc=0
2026-10-02T19:39:39.068Z kv-compact: start l0=138 inputs=2 range=260 l0only=1
2026-10-02T19:39:39.077Z kv-compact: end bytes=4705410 ms=8 l0=137 l1=158 rc=0
2026-10-02T19:39:39.077Z kv-compact: start l0=137 inputs=2 range=258 l0only=1
2026-10-02T19:39:39.083Z kv-compact: end bytes=3081279 ms=6 l0=136 l1=158 rc=0
2026-10-02T19:39:39.083Z kv-compact: start l0=136 inputs=2 range=2 l0only=1
2026-10-02T19:39:39.087Z kv-compact: end bytes=2255040 ms=5 l0=135 l1=158 rc=0
2026-10-02T19:39:39.087Z kv-compact: start l0=135 inputs=2 range=263 l0only=1
2026-10-02T19:39:39.090Z kv-compact: end bytes=1122179 ms=3 l0=134 l1=158 rc=0
2026-10-02T19:39:39.107Z raft-host: apply-sleep us=20552 group=2 idx=4502159 applied=4502158
2026-10-02T19:39:39.154Z raft-host: apply-sleep us=25501 group=2 idx=4502160 applied=4502159
2026-10-02T19:39:39.256Z raft-host: apply-sleep us=23016 group=2 idx=4502163 applied=4502162
2026-10-02T19:39:39.301Z raft-host: apply-sleep us=22553 group=2 idx=4502164 applied=4502163
2026-10-02T19:39:39.347Z kv-compact: start l0=143 inputs=2 range=257 l0only=1
2026-10-02T19:39:39.361Z raft-host: apply-sleep us=28526 group=2 idx=4502167 applied=4502165
2026-10-02T19:39:39.365Z kv-compact: end bytes=11149822 ms=18 l0=142 l1=158 rc=0
2026-10-02T19:39:39.365Z kv-compact: start l0=142 inputs=2 range=270 l0only=1
2026-10-02T19:39:39.381Z kv-compact: end bytes=9943077 ms=16 l0=141 l1=158 rc=0
2026-10-02T19:39:39.381Z kv-compact: start l0=141 inputs=2 range=264 l0only=1
2026-10-02T19:39:39.395Z kv-compact: end bytes=8421514 ms=14 l0=140 l1=158 rc=0
2026-10-02T19:39:39.395Z kv-compact: start l0=140 inputs=2 range=267 l0only=1
2026-10-02T19:39:39.406Z kv-compact: end bytes=6032540 ms=11 l0=139 l1=158 rc=0
2026-10-02T19:39:39.406Z kv-compact: start l0=139 inputs=2 range=260 l0only=1
2026-10-02T19:39:39.414Z kv-compact: end bytes=4751939 ms=8 l0=138 l1=158 rc=0
2026-10-02T19:39:39.414Z kv-compact: start l0=138 inputs=2 range=2 l0only=1
2026-10-02T19:39:39.422Z kv-compact: end bytes=4268800 ms=8 l0=137 l1=158 rc=0
2026-10-02T19:39:39.422Z kv-compact: start l0=137 inputs=2 range=258 l0only=1
2026-10-02T19:39:39.428Z kv-compact: end bytes=3154782 ms=6 l0=136 l1=158 rc=0
2026-10-02T19:39:39.428Z kv-compact: start l0=136 inputs=2 range=263 l0only=1
2026-10-02T19:39:39.431Z kv-compact: end bytes=1153252 ms=4 l0=135 l1=158 rc=0
2026-10-02T19:39:39.506Z raft-host: apply-sleep us=20204 group=2 idx=4502170 applied=4502169
2026-10-02T19:39:39.656Z raft-host: apply-sleep us=39595 group=2 idx=4502174 applied=4502173
2026-10-02T19:39:39.741Z raft-host: apply-sleep us=35251 group=2 idx=4502178 applied=4502177
2026-10-02T19:39:39.761Z kv-compact: start l0=144 inputs=4 range=257 l0only=0
2026-10-02T19:39:39.902Z kv-compact: end bytes=91080184 ms=140 l0=142 l1=158 rc=0
2026-10-02T19:39:39.902Z kv-compact: start l0=142 inputs=2 range=270 l0only=1
2026-10-02T19:39:39.919Z kv-compact: end bytes=10418390 ms=17 l0=141 l1=158 rc=0
2026-10-02T19:39:39.919Z kv-compact: start l0=141 inputs=2 range=264 l0only=1
2026-10-02T19:39:39.926Z raft-host: apply-sleep us=20043 group=2 idx=4502184 applied=4502183
2026-10-02T19:39:39.933Z kv-compact: end bytes=8672761 ms=14 l0=140 l1=158 rc=0
2026-10-02T19:39:39.933Z kv-compact: start l0=140 inputs=2 range=267 l0only=1
2026-10-02T19:39:39.943Z kv-compact: end bytes=6409528 ms=11 l0=139 l1=158 rc=0
2026-10-02T19:39:39.943Z kv-compact: start l0=139 inputs=2 range=2 l0only=1
2026-10-02T19:39:39.952Z kv-compact: end bytes=5382420 ms=8 l0=138 l1=158 rc=0
2026-10-02T19:39:39.952Z kv-compact: start l0=138 inputs=2 range=260 l0only=1
2026-10-02T19:39:39.960Z kv-compact: end bytes=4920506 ms=8 l0=137 l1=158 rc=0
2026-10-02T19:39:39.960Z kv-compact: start l0=137 inputs=2 range=258 l0only=1
2026-10-02T19:39:39.966Z kv-compact: end bytes=3310556 ms=5 l0=136 l1=158 rc=0
2026-10-02T19:39:39.966Z kv-compact: start l0=136 inputs=2 range=263 l0only=1
2026-10-02T19:39:39.969Z kv-compact: end bytes=1265791 ms=3 l0=135 l1=158 rc=0
2026-10-02T19:39:39.969Z kv-compact: start l0=135 inputs=2 range=261 l0only=1
2026-10-02T19:39:39.971Z kv-compact: end bytes=339351 ms=2 l0=134 l1=158 rc=0
2026-10-02T19:39:39.996Z raft-host: apply-sleep us=50970 group=2 idx=4502186 applied=4502185
2026-10-02T19:39:40.101Z raft-host: apply-sleep us=52230 group=2 idx=4502189 applied=4502186
2026-10-02T19:39:40.182Z kv-compact: start l0=143 inputs=2 range=270 l0only=1
2026-10-02T19:39:40.199Z kv-compact: end bytes=10845610 ms=18 l0=142 l1=158 rc=0
2026-10-02T19:39:40.200Z kv-compact: start l0=142 inputs=2 range=264 l0only=1
2026-10-02T19:39:40.214Z kv-compact: end bytes=8899932 ms=14 l0=141 l1=158 rc=0
2026-10-02T19:39:40.214Z kv-compact: start l0=141 inputs=2 range=267 l0only=1
2026-10-02T19:39:40.226Z kv-compact: end bytes=6780076 ms=12 l0=140 l1=158 rc=0
2026-10-02T19:39:40.226Z kv-compact: start l0=140 inputs=2 range=2 l0only=1
2026-10-02T19:39:40.229Z raft-host: apply-sleep us=43243 group=2 idx=4502192 applied=4502191
2026-10-02T19:39:40.236Z kv-compact: end bytes=6496020 ms=10 l0=139 l1=158 rc=0
2026-10-02T19:39:40.236Z kv-compact: start l0=139 inputs=2 range=260 l0only=1
2026-10-02T19:39:40.245Z kv-compact: end bytes=5174899 ms=10 l0=138 l1=158 rc=0
2026-10-02T19:39:40.245Z kv-compact: start l0=138 inputs=2 range=258 l0only=1
2026-10-02T19:39:40.252Z kv-compact: end bytes=3423095 ms=6 l0=137 l1=158 rc=0
2026-10-02T19:39:40.252Z kv-compact: start l0=137 inputs=2 range=263 l0only=1
2026-10-02T19:39:40.255Z kv-compact: end bytes=1421404 ms=3 l0=136 l1=158 rc=0
2026-10-02T19:39:40.255Z kv-compact: start l0=136 inputs=2 range=261 l0only=1
2026-10-02T19:39:40.257Z kv-compact: end bytes=508683 ms=2 l0=135 l1=158 rc=0
2026-10-02T19:39:40.357Z raft-host: apply-sleep us=32375 group=2 idx=4502196 applied=4502195
2026-10-02T19:39:40.432Z raft-host: apply-sleep us=37009 group=2 idx=4502198 applied=4502196
2026-10-02T19:39:40.559Z raft-host: apply-sleep us=30947 group=2 idx=4502201 applied=4502200
2026-10-02T19:39:40.632Z raft-host: apply-sleep us=42626 group=2 idx=4502203 applied=4502202
2026-10-02T19:39:40.645Z kv-compact: start l0=144 inputs=2 range=270 l0only=1
2026-10-02T19:39:40.663Z kv-compact: end bytes=11219378 ms=18 l0=143 l1=158 rc=0
2026-10-02T19:39:40.663Z kv-compact: start l0=143 inputs=2 range=264 l0only=1
2026-10-02T19:39:40.678Z kv-compact: end bytes=9138943 ms=15 l0=142 l1=158 rc=0
2026-10-02T19:39:40.678Z kv-compact: start l0=142 inputs=2 range=2 l0only=1
2026-10-02T19:39:40.690Z kv-compact: end bytes=7795220 ms=12 l0=141 l1=158 rc=0
2026-10-02T19:39:40.690Z kv-compact: start l0=141 inputs=2 range=267 l0only=1
2026-10-02T19:39:40.702Z kv-compact: end bytes=7151194 ms=13 l0=140 l1=158 rc=0
2026-10-02T19:39:40.702Z kv-compact: start l0=140 inputs=2 range=260 l0only=1
2026-10-02T19:39:40.708Z raft-host: apply-sleep us=42708 group=2 idx=4502206 applied=4502204
2026-10-02T19:39:40.712Z kv-compact: end bytes=5352730 ms=9 l0=139 l1=158 rc=0
2026-10-02T19:39:40.712Z kv-compact: start l0=139 inputs=2 range=258 l0only=1
2026-10-02T19:39:40.719Z kv-compact: end bytes=3514221 ms=7 l0=138 l1=158 rc=0
2026-10-02T19:39:40.719Z kv-compact: start l0=138 inputs=2 range=263 l0only=1
2026-10-02T19:39:40.723Z kv-compact: end bytes=1553833 ms=4 l0=137 l1=158 rc=0
2026-10-02T19:39:40.723Z kv-compact: start l0=137 inputs=2 range=261 l0only=1
2026-10-02T19:39:40.726Z kv-compact: end bytes=644245 ms=3 l0=136 l1=158 rc=0
2026-10-02T19:39:40.726Z kv-compact: start l0=136 inputs=2 range=257 l0only=1
2026-10-02T19:39:40.728Z kv-compact: end bytes=596640 ms=2 l0=135 l1=158 rc=0
2026-10-02T19:39:40.758Z raft-host: apply-sleep us=27522 group=2 idx=4502208 applied=4502207
2026-10-02T19:39:40.917Z raft-host: apply-sleep us=55610 group=2 idx=4502211 applied=4502210
2026-10-02T19:39:40.977Z raft-host: apply-sleep us=27707 group=2 idx=4502213 applied=4502212
2026-10-02T19:39:41.020Z raft-host: apply-sleep us=21429 group=2 idx=4502214 applied=4502213
2026-10-02T19:39:41.099Z kv-compact: start l0=144 inputs=4 range=270 l0only=0
2026-10-02T19:39:41.101Z raft-host: apply-sleep us=42992 group=2 idx=4502216 applied=4502215
2026-10-02T19:39:41.164Z raft-host: apply-sleep us=29083 group=2 idx=4502218 applied=4502217
2026-10-02T19:39:41.238Z kv-compact: end bytes=91231172 ms=138 l0=142 l1=158 rc=0
2026-10-02T19:39:41.238Z kv-compact: start l0=142 inputs=2 range=264 l0only=1
2026-10-02T19:39:41.253Z kv-compact: end bytes=9384877 ms=15 l0=141 l1=158 rc=0
2026-10-02T19:39:41.253Z kv-compact: start l0=141 inputs=2 range=2 l0only=1
2026-10-02T19:39:41.264Z raft-host: apply-sleep us=34759 group=2 idx=4502221 applied=4502220
2026-10-02T19:39:41.267Z kv-compact: end bytes=9020180 ms=14 l0=140 l1=158 rc=0
2026-10-02T19:39:41.267Z kv-compact: start l0=140 inputs=2 range=267 l0only=1
2026-10-02T19:39:41.279Z kv-compact: end bytes=7498880 ms=13 l0=139 l1=158 rc=0
2026-10-02T19:39:41.279Z kv-compact: start l0=139 inputs=2 range=260 l0only=1
2026-10-02T19:39:41.289Z kv-compact: end bytes=5505519 ms=9 l0=138 l1=158 rc=0
2026-10-02T19:39:41.289Z kv-compact: start l0=138 inputs=2 range=258 l0only=1
2026-10-02T19:39:41.295Z kv-compact: end bytes=3615973 ms=7 l0=137 l1=158 rc=0
2026-10-02T19:39:41.295Z kv-compact: start l0=137 inputs=2 range=263 l0only=1
2026-10-02T19:39:41.299Z kv-compact: end bytes=1655585 ms=4 l0=136 l1=158 rc=0
2026-10-02T19:39:41.299Z kv-compact: start l0=136 inputs=2 range=257 l0only=1
2026-10-02T19:39:41.302Z kv-compact: end bytes=920655 ms=2 l0=135 l1=158 rc=0
2026-10-02T19:39:41.302Z kv-compact: start l0=135 inputs=2 range=261 l0only=1
2026-10-02T19:39:41.305Z kv-compact: end bytes=840162 ms=3 l0=134 l1=158 rc=0
2026-10-02T19:39:41.346Z raft-host: apply-sleep us=26391 group=2 idx=4502223 applied=4502222
2026-10-02T19:39:41.460Z raft-host: apply-sleep us=44727 group=2 idx=4502227 applied=4502225
2026-10-02T19:39:41.510Z kv-compact: start l0=143 inputs=2 range=2 l0only=1
2026-10-02T19:39:41.526Z kv-compact: end bytes=10208020 ms=16 l0=142 l1=158 rc=0
2026-10-02T19:39:41.526Z kv-compact: start l0=142 inputs=2 range=264 l0only=1
2026-10-02T19:39:41.541Z kv-compact: end bytes=9635319 ms=16 l0=141 l1=158 rc=0
2026-10-02T19:39:41.541Z kv-compact: start l0=141 inputs=2 range=267 l0only=1
2026-10-02T19:39:41.550Z raft-host: apply-sleep us=30306 group=2 idx=4502229 applied=4502228
2026-10-02T19:39:41.554Z kv-compact: end bytes=7851396 ms=12 l0=140 l1=158 rc=0
2026-10-02T19:39:41.554Z kv-compact: start l0=140 inputs=2 range=260 l0only=1
2026-10-02T19:39:41.564Z kv-compact: end bytes=5666197 ms=10 l0=139 l1=158 rc=0
2026-10-02T19:39:41.564Z kv-compact: start l0=139 inputs=2 range=258 l0only=1
2026-10-02T19:39:41.571Z kv-compact: end bytes=3765146 ms=7 l0=138 l1=158 rc=0
2026-10-02T19:39:41.571Z kv-compact: start l0=138 inputs=2 range=263 l0only=1
2026-10-02T19:39:41.575Z kv-compact: end bytes=1762811 ms=4 l0=137 l1=158 rc=0
2026-10-02T19:39:41.575Z kv-compact: start l0=137 inputs=2 range=257 l0only=1
2026-10-02T19:39:41.578Z kv-compact: end bytes=1198065 ms=3 l0=136 l1=158 rc=0
2026-10-02T19:39:41.578Z kv-compact: start l0=136 inputs=2 range=261 l0only=1
2026-10-02T19:39:41.582Z kv-compact: end bytes=1085821 ms=4 l0=135 l1=158 rc=0
2026-10-02T19:39:41.721Z raft-host: apply-sleep us=51443 group=2 idx=4502234 applied=4502233
2026-10-02T19:39:41.803Z raft-host: apply-sleep us=24732 group=2 idx=4502238 applied=4502237
2026-10-02T19:39:41.858Z raft-host: apply-sleep us=23359 group=2 idx=4502240 applied=4502239
2026-10-02T19:39:41.906Z raft-host: apply-sleep us=23428 group=2 idx=4502242 applied=4502241
2026-10-02T19:39:41.992Z raft-host: apply-sleep us=29812 group=2 idx=4502245 applied=4502244
2026-10-02T19:39:42.021Z kv-compact: start l0=144 inputs=4 range=2 l0only=0
2026-10-02T19:39:42.051Z raft-host: apply-sleep us=26335 group=2 idx=4502247 applied=4502246
2026-10-02T19:39:42.051Z raft-host: gc-frag group=2 scans=1 records=256 ms=329
2026-10-02T19:39:42.051Z raft-host: gc-pass ms=30809 reap=30478 frag=329 spread=0 recover=0 fscans=1 fsegs=3 fkeys=257 femit=257 ftomb=0 scans=2 segs=3 keys=273 emit=273 tomb=0
2026-10-02T19:39:42.159Z kv-compact: end bytes=94990660 ms=138 l0=142 l1=158 rc=0
2026-10-02T19:39:42.159Z kv-compact: start l0=142 inputs=3 range=264 l0only=0
2026-10-02T19:39:42.255Z kv-compact: end bytes=68123807 ms=96 l0=140 l1=159 rc=0
2026-10-02T19:39:42.255Z kv-compact: start l0=140 inputs=2 range=267 l0only=1
2026-10-02T19:39:42.269Z kv-compact: end bytes=8326433 ms=14 l0=139 l1=159 rc=0
2026-10-02T19:39:42.269Z kv-compact: start l0=139 inputs=2 range=260 l0only=1
2026-10-02T19:39:42.279Z kv-compact: end bytes=5877107 ms=11 l0=138 l1=159 rc=0
2026-10-02T19:39:42.279Z kv-compact: start l0=138 inputs=2 range=258 l0only=1
2026-10-02T19:39:42.286Z kv-compact: end bytes=3947968 ms=7 l0=137 l1=159 rc=0
2026-10-02T19:39:42.287Z kv-compact: start l0=137 inputs=2 range=263 l0only=1
2026-10-02T19:39:42.291Z kv-compact: end bytes=1903203 ms=4 l0=136 l1=159 rc=0
2026-10-02T19:39:42.291Z kv-compact: start l0=136 inputs=2 range=257 l0only=1
2026-10-02T19:39:42.294Z kv-compact: end bytes=1557739 ms=4 l0=135 l1=159 rc=0
2026-10-02T19:39:42.294Z kv-compact: start l0=135 inputs=2 range=261 l0only=1
2026-10-02T19:39:42.297Z kv-compact: end bytes=1296570 ms=3 l0=134 l1=159 rc=0
2026-10-02T19:39:42.297Z kv-compact: start l0=134 inputs=2 range=270 l0only=1
2026-10-02T19:39:42.300Z kv-compact: end bytes=956591 ms=2 l0=133 l1=159 rc=0
2026-10-02T19:39:42.780Z kv-compact: start l0=142 inputs=2 range=267 l0only=1
2026-10-02T19:39:42.795Z kv-compact: end bytes=8954494 ms=15 l0=141 l1=159 rc=0
2026-10-02T19:39:42.795Z kv-compact: start l0=141 inputs=2 range=260 l0only=1
2026-10-02T19:39:42.805Z kv-compact: end bytes=6190252 ms=11 l0=140 l1=159 rc=0
2026-10-02T19:39:42.806Z kv-compact: start l0=140 inputs=2 range=258 l0only=1
2026-10-02T19:39:42.813Z kv-compact: end bytes=4157107 ms=7 l0=139 l1=159 rc=0
2026-10-02T19:39:42.813Z kv-compact: start l0=139 inputs=2 range=263 l0only=1
2026-10-02T19:39:42.818Z kv-compact: end bytes=2112342 ms=5 l0=138 l1=159 rc=0
2026-10-02T19:39:42.818Z kv-compact: start l0=138 inputs=2 range=257 l0only=1
2026-10-02T19:39:42.822Z kv-compact: end bytes=2080828 ms=4 l0=137 l1=159 rc=0
2026-10-02T19:39:42.822Z kv-compact: start l0=137 inputs=2 range=270 l0only=1
2026-10-02T19:39:42.825Z kv-compact: end bytes=1693116 ms=4 l0=136 l1=159 rc=0
2026-10-02T19:39:42.826Z kv-compact: start l0=136 inputs=2 range=261 l0only=1
2026-10-02T19:39:42.829Z kv-compact: end bytes=1610842 ms=4 l0=135 l1=159 rc=0
2026-10-02T19:39:43.135Z raft-host: apply-sleep us=22389 group=2 idx=4502268 applied=4502267
2026-10-02T19:39:43.167Z raft-obs: tx->1 enq=22528 drop=0 sent=22527 fail=0 hi=7 rtt_avg=47us get_avg=185us get_max=4173ms
2026-10-02T19:39:43.167Z raft-obs: tx->2 enq=21932 drop=0 sent=21931 fail=0 hi=5 rtt_avg=40us get_avg=185us get_max=4059ms
2026-10-02T19:39:43.167Z raft-obs: wait_timeouts=0 pump_hold_max=43006us lock_wait_max=2096us drain_max=43005us tick_max=4us apply_max=42959us persist_max=12573us applies_in_worst=2 arc_miss=0 arc_term_miss=0 opid_replay=0 fin_q=0 fin_done=0 fin_drop=0 fin_full=0 pub_p50=0us pub_max=0us inbox_drop=0
2026-10-02T19:39:43.191Z raft-host: apply-sleep us=32247 group=2 idx=4502270 applied=4502269
2026-10-02T19:39:43.240Z raft-host: apply-sleep us=25607 group=2 idx=4502273 applied=4502271
2026-10-02T19:39:43.290Z raft-host: gc-frag group=2 scans=1 records=256 ms=228
2026-10-02T19:39:43.290Z raft-host: gc-pass ms=235 reap=0 frag=228 spread=0 recover=0 fscans=1 fsegs=3 fkeys=258 femit=257 ftomb=1 scans=2 segs=3 keys=258 emit=257 tomb=1
2026-10-02T19:39:43.360Z kv-compact: start l0=144 inputs=2 range=267 l0only=1
2026-10-02T19:39:43.376Z kv-compact: end bytes=9578208 ms=15 l0=143 l1=159 rc=0
2026-10-02T19:39:43.376Z kv-compact: start l0=143 inputs=2 range=260 l0only=1
2026-10-02T19:39:43.386Z kv-compact: end bytes=6501948 ms=11 l0=142 l1=159 rc=0
2026-10-02T19:39:43.386Z kv-compact: start l0=142 inputs=2 range=258 l0only=1
2026-10-02T19:39:43.394Z kv-compact: end bytes=4365280 ms=7 l0=141 l1=159 rc=0
2026-10-02T19:39:43.394Z kv-compact: start l0=141 inputs=2 range=257 l0only=1
2026-10-02T19:39:43.399Z kv-compact: end bytes=2600858 ms=5 l0=140 l1=159 rc=0
2026-10-02T19:39:43.399Z kv-compact: start l0=140 inputs=2 range=270 l0only=1
2026-10-02T19:39:43.403Z kv-compact: end bytes=2421319 ms=5 l0=139 l1=159 rc=0
2026-10-02T19:39:43.403Z kv-compact: start l0=139 inputs=2 range=263 l0only=1
2026-10-02T19:39:43.408Z kv-compact: end bytes=2319871 ms=4 l0=138 l1=159 rc=0
2026-10-02T19:39:43.408Z kv-compact: start l0=138 inputs=2 range=261 l0only=1
2026-10-02T19:39:43.412Z kv-compact: end bytes=1923182 ms=4 l0=137 l1=159 rc=0
2026-10-02T19:39:43.412Z kv-compact: start l0=137 inputs=2 range=264 l0only=1
2026-10-02T19:39:43.414Z kv-compact: end bytes=839348 ms=2 l0=136 l1=159 rc=0
2026-10-02T19:39:43.414Z kv-compact: start l0=136 inputs=2 range=2 l0only=1
2026-10-02T19:39:43.415Z kv-compact: end bytes=8580 ms=2 l0=135 l1=159 rc=0
2026-10-02T19:39:44.585Z raft-host: gc-frag group=2 scans=2 records=512 ms=291
2026-10-02T19:39:44.585Z raft-host: gc-pass ms=291 reap=0 frag=291 spread=0 recover=0 fscans=2 fsegs=5 fkeys=516 femit=514 ftomb=2 scans=3 segs=5 keys=516 emit=514 tomb=2
2026-10-02T19:39:45.867Z raft-host: gc-frag group=2 scans=2 records=512 ms=279
2026-10-02T19:39:45.867Z raft-host: gc-pass ms=279 reap=0 frag=279 spread=0 recover=0 fscans=2 fsegs=4 fkeys=516 femit=514 ftomb=2 scans=3 segs=4 keys=516 emit=514 tomb=2
2026-10-02T19:39:47.134Z raft-host: gc-frag group=2 scans=2 records=512 ms=264
2026-10-02T19:39:47.134Z raft-host: gc-pass ms=264 reap=0 frag=264 spread=0 recover=0 fscans=2 fsegs=4 fkeys=516 femit=514 ftomb=2 scans=3 segs=4 keys=516 emit=514 tomb=2
2026-10-02T19:39:48.170Z raft-obs: tx->1 enq=22727 drop=0 sent=22727 fail=0 hi=7 rtt_avg=47us get_avg=183us get_max=4173ms
2026-10-02T19:39:48.170Z raft-obs: tx->2 enq=22132 drop=0 sent=22132 fail=0 hi=5 rtt_avg=40us get_avg=183us get_max=4059ms
2026-10-02T19:39:48.170Z raft-obs: wait_timeouts=0 pump_hold_max=28127us lock_wait_max=738us drain_max=28126us tick_max=8us apply_max=28085us persist_max=810us applies_in_worst=1 arc_miss=0 arc_term_miss=0 opid_replay=0 fin_q=0 fin_done=0 fin_drop=0 fin_full=0 pub_p50=0us pub_max=0us inbox_drop=0
2026-10-02T19:39:48.400Z raft-host: gc-frag group=2 scans=2 records=512 ms=263
2026-10-02T19:39:48.400Z raft-host: gc-pass ms=263 reap=0 frag=263 spread=0 recover=0 fscans=2 fsegs=4 fkeys=516 femit=514 ftomb=2 scans=3 segs=4 keys=516 emit=514 tomb=2
2026-10-02T19:39:49.669Z raft-host: gc-frag group=2 scans=2 records=512 ms=266
2026-10-02T19:39:49.669Z raft-host: gc-pass ms=266 reap=0 frag=266 spread=0 recover=0 fscans=2 fsegs=4 fkeys=516 femit=514 ftomb=2 scans=3 segs=4 keys=516 emit=514 tomb=2
2026-10-02T19:39:50.938Z raft-host: gc-frag group=2 scans=2 records=512 ms=265
2026-10-02T19:39:50.938Z raft-host: gc-pass ms=265 reap=0 frag=265 spread=0 recover=0 fscans=2 fsegs=4 fkeys=516 femit=514 ftomb=2 scans=3 segs=4 keys=516 emit=514 tomb=2
2026-10-02T19:39:52.210Z raft-host: gc-frag group=2 scans=2 records=512 ms=269
2026-10-02T19:39:52.210Z raft-host: gc-pass ms=269 reap=0 frag=269 spread=0 recover=0 fscans=2 fsegs=4 fkeys=516 femit=514 ftomb=2 scans=3 segs=4 keys=516 emit=514 tomb=2
2026-10-02T19:39:53.172Z raft-obs: tx->1 enq=22916 drop=0 sent=22915 fail=0 hi=7 rtt_avg=47us get_avg=182us get_max=4173ms
2026-10-02T19:39:53.172Z raft-obs: tx->2 enq=22321 drop=0 sent=22320 fail=0 hi=5 rtt_avg=40us get_avg=182us get_max=4059ms
2026-10-02T19:39:53.172Z raft-obs: wait_timeouts=0 pump_hold_max=386us lock_wait_max=312us drain_max=386us tick_max=13us apply_max=380us persist_max=514us applies_in_worst=1 arc_miss=0 arc_term_miss=0 opid_replay=0 fin_q=0 fin_done=0 fin_drop=0 fin_full=0 pub_p50=0us pub_max=0us inbox_drop=0
2026-10-02T19:39:53.480Z raft-host: gc-frag group=2 scans=2 records=512 ms=267
2026-10-02T19:39:53.480Z raft-host: gc-pass ms=267 reap=0 frag=267 spread=0 recover=0 fscans=2 fsegs=4 fkeys=516 femit=514 ftomb=2 scans=3 segs=4 keys=516 emit=514 tomb=2
2026-10-02T19:39:54.748Z raft-host: gc-frag group=2 scans=2 records=512 ms=265
2026-10-02T19:39:54.748Z raft-host: gc-pass ms=265 reap=0 frag=265 spread=0 recover=0 fscans=2 fsegs=4 fkeys=516 femit=514 ftomb=2 scans=3 segs=4 keys=516 emit=514 tomb=2
2026-10-02T19:39:56.016Z raft-host: gc-frag group=2 scans=2 records=512 ms=265
2026-10-02T19:39:56.016Z raft-host: gc-pass ms=265 reap=0 frag=265 spread=0 recover=0 fscans=2 fsegs=4 fkeys=516 femit=514 ftomb=2 scans=3 segs=4 keys=516 emit=514 tomb=2
2026-10-02T19:39:57.284Z raft-host: gc-frag group=2 scans=2 records=512 ms=265
2026-10-02T19:39:57.284Z raft-host: gc-pass ms=265 reap=0 frag=265 spread=0 recover=0 fscans=2 fsegs=4 fkeys=516 femit=514 ftomb=2 scans=3 segs=4 keys=516 emit=514 tomb=2
2026-10-02T19:39:58.176Z raft-obs: tx->1 enq=23106 drop=0 sent=23106 fail=0 hi=7 rtt_avg=47us get_avg=180us get_max=4173ms
2026-10-02T19:39:58.176Z raft-obs: tx->2 enq=22511 drop=0 sent=22511 fail=0 hi=5 rtt_avg=40us get_avg=180us get_max=4059ms
2026-10-02T19:39:58.176Z raft-obs: wait_timeouts=0 pump_hold_max=344us lock_wait_max=331us drain_max=344us tick_max=5us apply_max=337us persist_max=520us applies_in_worst=1 arc_miss=0 arc_term_miss=0 opid_replay=0 fin_q=0 fin_done=0 fin_drop=0 fin_full=0 pub_p50=0us pub_max=0us inbox_drop=0
2026-10-02T19:39:58.551Z raft-host: gc-frag group=2 scans=2 records=512 ms=264
2026-10-02T19:39:58.551Z raft-host: gc-pass ms=264 reap=0 frag=264 spread=0 recover=0 fscans=2 fsegs=4 fkeys=516 femit=514 ftomb=2 scans=3 segs=4 keys=516 emit=514 tomb=2
2026-10-02T19:39:59.821Z raft-host: gc-frag group=2 scans=2 records=512 ms=267
2026-10-02T19:39:59.821Z raft-host: gc-pass ms=267 reap=0 frag=267 spread=0 recover=0 fscans=2 fsegs=4 fkeys=516 femit=514 ftomb=2 scans=3 segs=4 keys=516 emit=514 tomb=2
2026-10-02T19:40:01.092Z raft-host: gc-frag group=2 scans=2 records=512 ms=268
2026-10-02T19:40:01.092Z raft-host: gc-pass ms=268 reap=0 frag=268 spread=0 recover=0 fscans=2 fsegs=4 fkeys=516 femit=514 ftomb=2 scans=3 segs=4 keys=516 emit=514 tomb=2
2026-10-02T19:40:02.363Z raft-host: gc-frag group=2 scans=2 records=512 ms=268
2026-10-02T19:40:02.363Z raft-host: gc-pass ms=268 reap=0 frag=268 spread=0 recover=0 fscans=2 fsegs=4 fkeys=516 femit=514 ftomb=2 scans=3 segs=4 keys=516 emit=514 tomb=2
2026-10-02T19:40:03.179Z raft-obs: tx->1 enq=23297 drop=0 sent=23297 fail=0 hi=7 rtt_avg=47us get_avg=179us get_max=4173ms
2026-10-02T19:40:03.179Z raft-obs: tx->2 enq=22702 drop=0 sent=22702 fail=0 hi=5 rtt_avg=40us get_avg=179us get_max=4059ms
2026-10-02T19:40:03.179Z raft-obs: wait_timeouts=0 pump_hold_max=356us lock_wait_max=297us drain_max=355us tick_max=7us apply_max=348us persist_max=521us applies_in_worst=1 arc_miss=0 arc_term_miss=0 opid_replay=0 fin_q=0 fin_done=0 fin_drop=0 fin_full=0 pub_p50=0us pub_max=0us inbox_drop=0
2026-10-02T19:40:03.636Z raft-host: gc-frag group=2 scans=2 records=512 ms=270
2026-10-02T19:40:03.636Z raft-host: gc-pass ms=270 reap=0 frag=270 spread=0 recover=0 fscans=2 fsegs=4 fkeys=516 femit=514 ftomb=2 scans=3 segs=4 keys=516 emit=514 tomb=2
2026-10-02T19:40:04.908Z raft-host: gc-frag group=2 scans=2 records=512 ms=269
2026-10-02T19:40:04.908Z raft-host: gc-pass ms=269 reap=0 frag=269 spread=0 recover=0 fscans=2 fsegs=4 fkeys=516 femit=514 ftomb=2 scans=3 segs=4 keys=516 emit=514 tomb=2
2026-10-02T19:40:06.179Z raft-host: gc-frag group=2 scans=2 records=512 ms=267
2026-10-02T19:40:06.179Z raft-host: gc-pass ms=267 reap=0 frag=267 spread=0 recover=0 fscans=2 fsegs=4 fkeys=516 femit=514 ftomb=2 scans=3 segs=4 keys=516 emit=514 tomb=2
2026-10-02T19:40:07.446Z raft-host: gc-frag group=2 scans=2 records=512 ms=264
2026-10-02T19:40:07.446Z raft-host: gc-pass ms=264 reap=0 frag=264 spread=0 recover=0 fscans=2 fsegs=4 fkeys=516 femit=514 ftomb=2 scans=3 segs=4 keys=516 emit=514 tomb=2
2026-10-02T19:40:08.181Z raft-obs: tx->1 enq=23487 drop=0 sent=23487 fail=0 hi=7 rtt_avg=46us get_avg=177us get_max=4173ms
2026-10-02T19:40:08.181Z raft-obs: tx->2 enq=22892 drop=0 sent=22892 fail=0 hi=5 rtt_avg=40us get_avg=177us get_max=4059ms
2026-10-02T19:40:08.181Z raft-obs: wait_timeouts=0 pump_hold_max=361us lock_wait_max=275us drain_max=361us tick_max=5us apply_max=353us persist_max=515us applies_in_worst=1 arc_miss=0 arc_term_miss=0 opid_replay=0 fin_q=0 fin_done=0 fin_drop=0 fin_full=0 pub_p50=0us pub_max=0us inbox_drop=0
2026-10-02T19:40:08.715Z raft-host: gc-frag group=2 scans=2 records=512 ms=265
2026-10-02T19:40:08.715Z raft-host: gc-pass ms=265 reap=0 frag=265 spread=0 recover=0 fscans=2 fsegs=4 fkeys=516 femit=514 ftomb=2 scans=3 segs=4 keys=516 emit=514 tomb=2
2026-10-02T19:40:09.985Z raft-host: gc-frag group=2 scans=2 records=512 ms=267
2026-10-02T19:40:09.985Z raft-host: gc-pass ms=267 reap=0 frag=267 spread=0 recover=0 fscans=2 fsegs=4 fkeys=516 femit=514 ftomb=2 scans=3 segs=4 keys=516 emit=514 tomb=2
2026-10-02T19:40:11.254Z raft-host: gc-frag group=2 scans=2 records=512 ms=266
2026-10-02T19:40:11.254Z raft-host: gc-pass ms=266 reap=0 frag=266 spread=0 recover=0 fscans=2 fsegs=4 fkeys=516 femit=514 ftomb=2 scans=3 segs=4 keys=516 emit=514 tomb=2
2026-10-02T19:40:12.523Z raft-host: gc-frag group=2 scans=2 records=512 ms=265
2026-10-02T19:40:12.523Z raft-host: gc-pass ms=265 reap=0 frag=265 spread=0 recover=0 fscans=2 fsegs=4 fkeys=516 femit=514 ftomb=2 scans=3 segs=4 keys=516 emit=514 tomb=2
2026-10-02T19:40:13.181Z raft-obs: tx->1 enq=23678 drop=0 sent=23677 fail=0 hi=7 rtt_avg=46us get_avg=176us get_max=4173ms
2026-10-02T19:40:13.181Z raft-obs: tx->2 enq=23083 drop=0 sent=23082 fail=0 hi=5 rtt_avg=40us get_avg=176us get_max=4059ms
2026-10-02T19:40:13.181Z raft-obs: wait_timeouts=0 pump_hold_max=235us lock_wait_max=284us drain_max=235us tick_max=9us apply_max=228us persist_max=528us applies_in_worst=1 arc_miss=0 arc_term_miss=0 opid_replay=0 fin_q=0 fin_done=0 fin_drop=0 fin_full=0 pub_p50=0us pub_max=0us inbox_drop=0
2026-10-02T19:40:13.792Z raft-host: gc-frag group=2 scans=2 records=512 ms=266
2026-10-02T19:40:13.792Z raft-host: gc-pass ms=266 reap=0 frag=266 spread=0 recover=0 fscans=2 fsegs=4 fkeys=516 femit=514 ftomb=2 scans=3 segs=4 keys=516 emit=514 tomb=2
2026-10-02T19:40:15.066Z raft-host: gc-frag group=2 scans=2 records=512 ms=271
2026-10-02T19:40:15.066Z raft-host: gc-pass ms=271 reap=0 frag=271 spread=0 recover=0 fscans=2 fsegs=4 fkeys=516 femit=514 ftomb=2 scans=3 segs=4 keys=516 emit=514 tomb=2
2026-10-02T19:40:16.339Z raft-host: gc-frag group=2 scans=2 records=512 ms=269
2026-10-02T19:40:16.339Z raft-host: gc-pass ms=269 reap=0 frag=269 spread=0 recover=0 fscans=2 fsegs=4 fkeys=516 femit=514 ftomb=2 scans=3 segs=4 keys=516 emit=514 tomb=2
2026-10-02T19:40:17.609Z raft-host: gc-frag group=2 scans=2 records=512 ms=267
2026-10-02T19:40:17.609Z raft-host: gc-pass ms=267 reap=0 frag=267 spread=0 recover=0 fscans=2 fsegs=4 fkeys=516 femit=514 ftomb=2 scans=3 segs=4 keys=516 emit=514 tomb=2
2026-10-02T19:40:18.181Z raft-obs: tx->1 enq=23868 drop=0 sent=23868 fail=0 hi=7 rtt_avg=46us get_avg=175us get_max=4173ms
2026-10-02T19:40:18.181Z raft-obs: tx->2 enq=23273 drop=0 sent=23273 fail=0 hi=5 rtt_avg=40us get_avg=174us get_max=4059ms
2026-10-02T19:40:18.181Z raft-obs: wait_timeouts=0 pump_hold_max=362us lock_wait_max=296us drain_max=362us tick_max=31us apply_max=356us persist_max=528us applies_in_worst=1 arc_miss=0 arc_term_miss=0 opid_replay=0 fin_q=0 fin_done=0 fin_drop=0 fin_full=0 pub_p50=0us pub_max=0us inbox_drop=0
2026-10-02T19:40:18.881Z raft-host: gc-frag group=2 scans=2 records=512 ms=268
2026-10-02T19:40:18.881Z raft-host: gc-pass ms=268 reap=0 frag=268 spread=0 recover=0 fscans=2 fsegs=4 fkeys=516 femit=514 ftomb=2 scans=3 segs=4 keys=516 emit=514 tomb=2
2026-10-02T19:40:20.155Z raft-host: gc-frag group=2 scans=2 records=512 ms=271
2026-10-02T19:40:20.155Z raft-host: gc-pass ms=271 reap=0 frag=271 spread=0 recover=0 fscans=2 fsegs=4 fkeys=516 femit=514 ftomb=2 scans=3 segs=4 keys=516 emit=514 tomb=2
2026-10-02T19:40:21.426Z raft-host: gc-frag group=2 scans=2 records=512 ms=268
2026-10-02T19:40:21.426Z raft-host: gc-pass ms=268 reap=0 frag=268 spread=0 recover=0 fscans=2 fsegs=4 fkeys=516 femit=514 ftomb=2 scans=3 segs=4 keys=516 emit=514 tomb=2
2026-10-02T19:40:22.695Z raft-host: gc-frag group=2 scans=2 records=512 ms=266
2026-10-02T19:40:22.695Z raft-host: gc-pass ms=266 reap=0 frag=266 spread=0 recover=0 fscans=2 fsegs=4 fkeys=516 femit=514 ftomb=2 scans=3 segs=4 keys=516 emit=514 tomb=2
2026-10-02T19:40:23.181Z raft-obs: tx->1 enq=24058 drop=0 sent=24058 fail=0 hi=7 rtt_avg=46us get_avg=173us get_max=4173ms
2026-10-02T19:40:23.181Z raft-obs: tx->2 enq=23463 drop=0 sent=23463 fail=0 hi=5 rtt_avg=40us get_avg=173us get_max=4059ms
2026-10-02T19:40:23.181Z raft-obs: wait_timeouts=0 pump_hold_max=232us lock_wait_max=553us drain_max=232us tick_max=8us apply_max=224us persist_max=519us applies_in_worst=1 arc_miss=0 arc_term_miss=0 opid_replay=0 fin_q=0 fin_done=0 fin_drop=0 fin_full=0 pub_p50=0us pub_max=0us inbox_drop=0
2026-10-02T19:40:23.965Z raft-host: gc-frag group=2 scans=2 records=512 ms=267
2026-10-02T19:40:23.965Z raft-host: gc-pass ms=267 reap=0 frag=267 spread=0 recover=0 fscans=2 fsegs=4 fkeys=516 femit=514 ftomb=2 scans=3 segs=4 keys=516 emit=514 tomb=2
2026-10-02T19:40:25.242Z raft-host: gc-frag group=2 scans=2 records=512 ms=273
2026-10-02T19:40:25.242Z raft-host: gc-pass ms=273 reap=0 frag=273 spread=0 recover=0 fscans=2 fsegs=4 fkeys=516 femit=514 ftomb=2 scans=3 segs=4 keys=516 emit=514 tomb=2
2026-10-02T19:40:26.516Z raft-host: gc-frag group=2 scans=2 records=512 ms=271
2026-10-02T19:40:26.516Z raft-host: gc-pass ms=271 reap=0 frag=271 spread=0 recover=0 fscans=2 fsegs=4 fkeys=516 femit=514 ftomb=2 scans=3 segs=4 keys=516 emit=514 tomb=2
2026-10-02T19:40:27.791Z raft-host: gc-frag group=2 scans=2 records=512 ms=271
2026-10-02T19:40:27.791Z raft-host: gc-pass ms=271 reap=0 frag=271 spread=0 recover=0 fscans=2 fsegs=4 fkeys=516 femit=514 ftomb=2 scans=3 segs=4 keys=516 emit=514 tomb=2
2026-10-02T19:40:28.181Z raft-obs: tx->1 enq=24248 drop=0 sent=24248 fail=0 hi=7 rtt_avg=46us get_avg=172us get_max=4173ms
2026-10-02T19:40:28.181Z raft-obs: tx->2 enq=23653 drop=0 sent=23653 fail=0 hi=5 rtt_avg=40us get_avg=171us get_max=4059ms
2026-10-02T19:40:28.181Z raft-obs: wait_timeouts=0 pump_hold_max=237us lock_wait_max=256us drain_max=237us tick_max=8us apply_max=232us persist_max=519us applies_in_worst=1 arc_miss=0 arc_term_miss=0 opid_replay=0 fin_q=0 fin_done=0 fin_drop=0 fin_full=0 pub_p50=0us pub_max=0us inbox_drop=0
2026-10-02T19:40:29.064Z raft-host: gc-frag group=2 scans=2 records=512 ms=270
2026-10-02T19:40:29.064Z raft-host: gc-pass ms=270 reap=0 frag=270 spread=0 recover=0 fscans=2 fsegs=4 fkeys=516 femit=514 ftomb=2 scans=3 segs=4 keys=516 emit=514 tomb=2
2026-10-02T19:40:30.341Z raft-host: gc-frag group=2 scans=2 records=512 ms=274
2026-10-02T19:40:30.341Z raft-host: gc-pass ms=274 reap=0 frag=274 spread=0 recover=0 fscans=2 fsegs=4 fkeys=516 femit=514 ftomb=2 scans=3 segs=4 keys=516 emit=514 tomb=2
2026-10-02T19:40:31.613Z raft-host: gc-frag group=2 scans=2 records=512 ms=268
2026-10-02T19:40:31.613Z raft-host: gc-pass ms=268 reap=0 frag=268 spread=0 recover=0 fscans=2 fsegs=4 fkeys=516 femit=514 ftomb=2 scans=3 segs=4 keys=516 emit=514 tomb=2
2026-10-02T19:40:32.885Z raft-host: gc-frag group=2 scans=2 records=512 ms=269
2026-10-02T19:40:32.885Z raft-host: gc-pass ms=269 reap=0 frag=269 spread=0 recover=0 fscans=2 fsegs=4 fkeys=516 femit=514 ftomb=2 scans=3 segs=4 keys=516 emit=514 tomb=2
2026-10-02T19:40:33.184Z raft-obs: tx->1 enq=24438 drop=0 sent=24438 fail=0 hi=7 rtt_avg=46us get_avg=171us get_max=4173ms
2026-10-02T19:40:33.184Z raft-obs: tx->2 enq=23843 drop=0 sent=23843 fail=0 hi=5 rtt_avg=40us get_avg=170us get_max=4059ms
2026-10-02T19:40:33.184Z raft-obs: wait_timeouts=0 pump_hold_max=376us lock_wait_max=300us drain_max=376us tick_max=7us apply_max=368us persist_max=523us applies_in_worst=1 arc_miss=0 arc_term_miss=0 opid_replay=0 fin_q=0 fin_done=0 fin_drop=0 fin_full=0 pub_p50=0us pub_max=0us inbox_drop=0
2026-10-02T19:40:34.156Z raft-host: gc-frag group=2 scans=2 records=512 ms=267
2026-10-02T19:40:34.156Z raft-host: gc-pass ms=267 reap=0 frag=267 spread=0 recover=0 fscans=2 fsegs=4 fkeys=516 femit=514 ftomb=2 scans=3 segs=4 keys=516 emit=514 tomb=2
2026-10-02T19:40:35.426Z raft-host: gc-frag group=2 scans=2 records=512 ms=268
2026-10-02T19:40:35.427Z raft-host: gc-pass ms=268 reap=0 frag=268 spread=0 recover=0 fscans=2 fsegs=4 fkeys=516 femit=514 ftomb=2 scans=3 segs=4 keys=516 emit=514 tomb=2
2026-10-02T19:40:36.699Z raft-host: gc-frag group=2 scans=2 records=512 ms=270
2026-10-02T19:40:36.700Z raft-host: gc-pass ms=270 reap=0 frag=270 spread=0 recover=0 fscans=2 fsegs=4 fkeys=516 femit=514 ftomb=2 scans=3 segs=4 keys=516 emit=514 tomb=2
2026-10-02T19:40:37.973Z raft-host: gc-frag group=2 scans=2 records=512 ms=270
2026-10-02T19:40:37.973Z raft-host: gc-pass ms=270 reap=0 frag=270 spread=0 recover=0 fscans=2 fsegs=4 fkeys=516 femit=514 ftomb=2 scans=3 segs=4 keys=516 emit=514 tomb=2
2026-10-02T19:40:38.186Z raft-obs: tx->1 enq=24629 drop=0 sent=24629 fail=0 hi=7 rtt_avg=46us get_avg=169us get_max=4173ms
2026-10-02T19:40:38.186Z raft-obs: tx->2 enq=24034 drop=0 sent=24034 fail=0 hi=5 rtt_avg=40us get_avg=169us get_max=4059ms
2026-10-02T19:40:38.186Z raft-obs: wait_timeouts=0 pump_hold_max=343us lock_wait_max=315us drain_max=343us tick_max=10us apply_max=337us persist_max=589us applies_in_worst=1 arc_miss=0 arc_term_miss=0 opid_replay=0 fin_q=0 fin_done=0 fin_drop=0 fin_full=0 pub_p50=0us pub_max=0us inbox_drop=0
2026-10-02T19:40:39.246Z raft-host: gc-frag group=2 scans=2 records=512 ms=270
2026-10-02T19:40:39.246Z raft-host: gc-pass ms=270 reap=0 frag=270 spread=0 recover=0 fscans=2 fsegs=4 fkeys=516 femit=514 ftomb=2 scans=3 segs=4 keys=516 emit=514 tomb=2
2026-10-02T19:40:40.524Z raft-host: gc-frag group=2 scans=2 records=512 ms=275
2026-10-02T19:40:40.524Z raft-host: gc-pass ms=275 reap=0 frag=275 spread=0 recover=0 fscans=2 fsegs=4 fkeys=516 femit=514 ftomb=2 scans=3 segs=4 keys=516 emit=514 tomb=2
2026-10-02T19:40:41.804Z raft-host: gc-frag group=2 scans=2 records=512 ms=276
2026-10-02T19:40:41.804Z raft-host: gc-pass ms=276 reap=0 frag=276 spread=0 recover=0 fscans=2 fsegs=4 fkeys=516 femit=514 ftomb=2 scans=3 segs=4 keys=516 emit=514 tomb=2
2026-10-02T19:40:42.384Z kv-compact: start l0=144 inputs=2 range=267 l0only=1
2026-10-02T19:40:42.400Z kv-compact: end bytes=9951111 ms=15 l0=143 l1=159 rc=0
2026-10-02T19:40:42.400Z kv-compact: start l0=143 inputs=2 range=260 l0only=1
2026-10-02T19:40:42.411Z kv-compact: end bytes=6687514 ms=11 l0=142 l1=159 rc=0
2026-10-02T19:40:42.411Z kv-compact: start l0=142 inputs=2 range=258 l0only=1
2026-10-02T19:40:42.419Z kv-compact: end bytes=4490225 ms=8 l0=141 l1=159 rc=0
2026-10-02T19:40:42.419Z kv-compact: start l0=141 inputs=2 range=257 l0only=1
2026-10-02T19:40:42.424Z kv-compact: end bytes=2910564 ms=5 l0=140 l1=159 rc=0
2026-10-02T19:40:42.424Z kv-compact: start l0=140 inputs=2 range=270 l0only=1
2026-10-02T19:40:42.429Z kv-compact: end bytes=2856321 ms=5 l0=139 l1=159 rc=0
2026-10-02T19:40:42.429Z kv-compact: start l0=139 inputs=2 range=263 l0only=1
2026-10-02T19:40:42.434Z kv-compact: end bytes=2443528 ms=5 l0=138 l1=159 rc=0
2026-10-02T19:40:42.434Z kv-compact: start l0=138 inputs=2 range=261 l0only=1
2026-10-02T19:40:42.438Z kv-compact: end bytes=2109875 ms=4 l0=137 l1=159 rc=0
2026-10-02T19:40:42.438Z kv-compact: start l0=137 inputs=2 range=264 l0only=1
2026-10-02T19:40:42.441Z kv-compact: end bytes=1088433 ms=3 l0=136 l1=159 rc=0
2026-10-02T19:40:42.441Z kv-compact: start l0=136 inputs=2 range=2 l0only=1
2026-10-02T19:40:42.443Z kv-compact: end bytes=785796 ms=3 l0=135 l1=159 rc=0
2026-10-02T19:40:43.083Z raft-host: gc-frag group=2 scans=2 records=512 ms=276
2026-10-02T19:40:43.083Z raft-host: gc-pass ms=276 reap=0 frag=276 spread=0 recover=0 fscans=2 fsegs=5 fkeys=516 femit=514 ftomb=2 scans=3 segs=5 keys=516 emit=514 tomb=2
2026-10-02T19:40:43.189Z raft-obs: tx->1 enq=24824 drop=0 sent=24824 fail=0 hi=7 rtt_avg=46us get_avg=168us get_max=4173ms
2026-10-02T19:40:43.189Z raft-obs: tx->2 enq=24229 drop=0 sent=24229 fail=0 hi=5 rtt_avg=40us get_avg=167us get_max=4059ms
2026-10-02T19:40:43.189Z raft-obs: wait_timeouts=0 pump_hold_max=23246us lock_wait_max=659us drain_max=23245us tick_max=8us apply_max=23057us persist_max=676us applies_in_worst=1 arc_miss=0 arc_term_miss=0 opid_replay=0 fin_q=0 fin_done=0 fin_drop=0 fin_full=0 pub_p50=0us pub_max=0us inbox_drop=0
2026-10-02T19:40:44.365Z raft-host: gc-frag group=2 scans=2 records=512 ms=280
2026-10-02T19:40:44.365Z raft-host: gc-pass ms=280 reap=0 frag=280 spread=0 recover=0 fscans=2 fsegs=4 fkeys=516 femit=514 ftomb=2 scans=3 segs=4 keys=516 emit=514 tomb=2
2026-10-02T19:40:45.648Z raft-host: gc-frag group=2 scans=2 records=512 ms=279
2026-10-02T19:40:45.648Z raft-host: gc-pass ms=279 reap=0 frag=279 spread=0 recover=0 fscans=2 fsegs=4 fkeys=516 femit=514 ftomb=2 scans=3 segs=4 keys=516 emit=514 tomb=2
2026-10-02T19:40:46.930Z raft-host: gc-frag group=2 scans=2 records=512 ms=279
2026-10-02T19:40:46.930Z raft-host: gc-pass ms=279 reap=0 frag=279 spread=0 recover=0 fscans=2 fsegs=4 fkeys=516 femit=514 ftomb=2 scans=3 segs=4 keys=516 emit=514 tomb=2
2026-10-02T19:40:48.192Z raft-obs: tx->1 enq=25021 drop=0 sent=25021 fail=0 hi=7 rtt_avg=46us get_avg=167us get_max=4173ms
2026-10-02T19:40:48.192Z raft-obs: tx->2 enq=24423 drop=0 sent=24423 fail=0 hi=5 rtt_avg=40us get_avg=166us get_max=4059ms
2026-10-02T19:40:48.192Z raft-obs: wait_timeouts=0 pump_hold_max=16904us lock_wait_max=664us drain_max=16903us tick_max=14us apply_max=16884us persist_max=705us applies_in_worst=1 arc_miss=0 arc_term_miss=0 opid_replay=0 fin_q=0 fin_done=0 fin_drop=0 fin_full=0 pub_p50=0us pub_max=0us inbox_drop=0
2026-10-02T19:40:48.211Z raft-host: gc-frag group=2 scans=2 records=512 ms=278
2026-10-02T19:40:48.211Z raft-host: gc-pass ms=278 reap=0 frag=278 spread=0 recover=0 fscans=2 fsegs=4 fkeys=516 femit=514 ftomb=2 scans=3 segs=4 keys=516 emit=514 tomb=2
2026-10-02T19:40:48.647Z kv-compact: start l0=144 inputs=2 range=267 l0only=1
2026-10-02T19:40:48.663Z kv-compact: end bytes=10555827 ms=16 l0=143 l1=159 rc=0
2026-10-02T19:40:48.663Z kv-compact: start l0=143 inputs=2 range=260 l0only=1
2026-10-02T19:40:48.674Z kv-compact: end bytes=6989872 ms=11 l0=142 l1=159 rc=0
2026-10-02T19:40:48.674Z kv-compact: start l0=142 inputs=2 range=258 l0only=1
2026-10-02T19:40:48.682Z kv-compact: end bytes=4691797 ms=8 l0=141 l1=159 rc=0
2026-10-02T19:40:48.682Z kv-compact: start l0=141 inputs=2 range=270 l0only=1
2026-10-02T19:40:48.688Z kv-compact: end bytes=3561823 ms=6 l0=140 l1=159 rc=0
2026-10-02T19:40:48.688Z kv-compact: start l0=140 inputs=2 range=257 l0only=1
2026-10-02T19:40:48.694Z kv-compact: end bytes=3414494 ms=6 l0=139 l1=159 rc=0
2026-10-02T19:40:48.694Z kv-compact: start l0=139 inputs=2 range=263 l0only=1
2026-10-02T19:40:48.699Z kv-compact: end bytes=2645100 ms=5 l0=138 l1=159 rc=0
2026-10-02T19:40:48.699Z kv-compact: start l0=138 inputs=2 range=261 l0only=1
2026-10-02T19:40:48.704Z kv-compact: end bytes=2412072 ms=5 l0=137 l1=159 rc=0
2026-10-02T19:40:48.704Z kv-compact: start l0=137 inputs=2 range=264 l0only=1
2026-10-02T19:40:48.707Z kv-compact: end bytes=1491416 ms=3 l0=136 l1=159 rc=0
2026-10-02T19:40:48.707Z kv-compact: start l0=136 inputs=2 range=2 l0only=1
2026-10-02T19:40:48.710Z kv-compact: end bytes=870276 ms=3 l0=135 l1=159 rc=0
2026-10-02T19:40:49.487Z raft-host: gc-frag group=2 scans=2 records=512 ms=272
2026-10-02T19:40:49.487Z raft-host: gc-pass ms=272 reap=0 frag=272 spread=0 recover=0 fscans=2 fsegs=5 fkeys=516 femit=514 ftomb=2 scans=3 segs=5 keys=516 emit=514 tomb=2
2026-10-02T19:40:50.765Z raft-host: gc-frag group=2 scans=2 records=512 ms=274
2026-10-02T19:40:50.765Z raft-host: gc-pass ms=274 reap=0 frag=274 spread=0 recover=0 fscans=2 fsegs=4 fkeys=516 femit=514 ftomb=2 scans=3 segs=4 keys=516 emit=514 tomb=2
2026-10-02T19:40:52.041Z raft-host: gc-frag group=2 scans=2 records=512 ms=273
2026-10-02T19:40:52.041Z raft-host: gc-pass ms=273 reap=0 frag=273 spread=0 recover=0 fscans=2 fsegs=4 fkeys=516 femit=514 ftomb=2 scans=3 segs=4 keys=516 emit=514 tomb=2
2026-10-02T19:40:53.192Z raft-obs: tx->1 enq=25214 drop=0 sent=25214 fail=0 hi=7 rtt_avg=46us get_avg=165us get_max=4173ms
2026-10-02T19:40:53.192Z raft-obs: tx->2 enq=24615 drop=0 sent=24615 fail=0 hi=5 rtt_avg=40us get_avg=165us get_max=4059ms
2026-10-02T19:40:53.192Z raft-obs: wait_timeouts=0 pump_hold_max=22771us lock_wait_max=666us drain_max=22771us tick_max=8us apply_max=22737us persist_max=1820us applies_in_worst=1 arc_miss=0 arc_term_miss=0 opid_replay=0 fin_q=0 fin_done=0 fin_drop=0 fin_full=0 pub_p50=0us pub_max=0us inbox_drop=0
2026-10-02T19:40:53.318Z raft-host: gc-frag group=2 scans=2 records=512 ms=274
2026-10-02T19:40:53.318Z raft-host: gc-pass ms=274 reap=0 frag=274 spread=0 recover=0 fscans=2 fsegs=4 fkeys=516 femit=514 ftomb=2 scans=3 segs=4 keys=516 emit=514 tomb=2
2026-10-02T19:40:53.959Z kv-compact: start l0=144 inputs=4 range=267 l0only=0
2026-10-02T19:40:54.096Z kv-compact: end bytes=92154645 ms=136 l0=142 l1=159 rc=0
2026-10-02T19:40:54.096Z kv-compact: start l0=142 inputs=2 range=260 l0only=1
2026-10-02T19:40:54.107Z kv-compact: end bytes=7294806 ms=12 l0=141 l1=159 rc=0
2026-10-02T19:40:54.107Z kv-compact: start l0=141 inputs=2 range=258 l0only=1
2026-10-02T19:40:54.115Z kv-compact: end bytes=4895301 ms=8 l0=140 l1=159 rc=0
2026-10-02T19:40:54.115Z kv-compact: start l0=140 inputs=2 range=270 l0only=1
2026-10-02T19:40:54.122Z kv-compact: end bytes=4273765 ms=6 l0=139 l1=159 rc=0
2026-10-02T19:40:54.122Z kv-compact: start l0=139 inputs=2 range=257 l0only=1
2026-10-02T19:40:54.128Z kv-compact: end bytes=3922932 ms=7 l0=138 l1=159 rc=0
2026-10-02T19:40:54.128Z kv-compact: start l0=138 inputs=2 range=263 l0only=1
2026-10-02T19:40:54.133Z kv-compact: end bytes=2848443 ms=5 l0=137 l1=159 rc=0
2026-10-02T19:40:54.133Z kv-compact: start l0=137 inputs=2 range=261 l0only=1
2026-10-02T19:40:54.138Z kv-compact: end bytes=2717328 ms=4 l0=136 l1=159 rc=0
2026-10-02T19:40:54.138Z kv-compact: start l0=136 inputs=2 range=264 l0only=1
2026-10-02T19:40:54.142Z kv-compact: end bytes=1898263 ms=4 l0=135 l1=159 rc=0
2026-10-02T19:40:54.142Z kv-compact: start l0=135 inputs=2 range=2 l0only=1
2026-10-02T19:40:54.145Z kv-compact: end bytes=937860 ms=3 l0=134 l1=159 rc=0
2026-10-02T19:40:54.594Z raft-host: gc-frag group=2 scans=2 records=512 ms=272
2026-10-02T19:40:54.594Z raft-host: gc-pass ms=272 reap=0 frag=272 spread=0 recover=0 fscans=2 fsegs=5 fkeys=516 femit=514 ftomb=2 scans=3 segs=5 keys=516 emit=514 tomb=2
2026-10-02T19:40:55.866Z raft-host: gc-frag group=2 scans=2 records=512 ms=269
2026-10-02T19:40:55.866Z raft-host: gc-pass ms=269 reap=0 frag=269 spread=0 recover=0 fscans=2 fsegs=4 fkeys=516 femit=514 ftomb=2 scans=3 segs=4 keys=516 emit=514 tomb=2
2026-10-02T19:40:57.139Z raft-host: gc-frag group=2 scans=2 records=512 ms=269
2026-10-02T19:40:57.139Z raft-host: gc-pass ms=269 reap=0 frag=269 spread=0 recover=0 fscans=2 fsegs=4 fkeys=516 femit=514 ftomb=2 scans=3 segs=4 keys=516 emit=514 tomb=2
2026-10-02T19:40:58.192Z raft-obs: tx->1 enq=25399 drop=0 sent=25399 fail=0 hi=7 rtt_avg=46us get_avg=164us get_max=4173ms
2026-10-02T19:40:58.192Z raft-obs: tx->2 enq=24800 drop=0 sent=24800 fail=0 hi=5 rtt_avg=40us get_avg=163us get_max=4059ms
2026-10-02T19:40:58.192Z raft-obs: wait_timeouts=0 pump_hold_max=26221us lock_wait_max=676us drain_max=26220us tick_max=10us apply_max=26197us persist_max=638us applies_in_worst=1 arc_miss=0 arc_term_miss=0 opid_replay=0 fin_q=0 fin_done=0 fin_drop=0 fin_full=0 pub_p50=0us pub_max=0us inbox_drop=0
2026-10-02T19:40:58.412Z raft-host: gc-frag group=2 scans=2 records=512 ms=269
2026-10-02T19:40:58.412Z raft-host: gc-pass ms=270 reap=0 frag=270 spread=0 recover=0 fscans=2 fsegs=4 fkeys=516 femit=514 ftomb=2 scans=3 segs=4 keys=516 emit=514 tomb=2
2026-10-02T19:40:59.685Z raft-host: gc-frag group=2 scans=2 records=512 ms=270
2026-10-02T19:40:59.685Z raft-host: gc-pass ms=270 reap=0 frag=270 spread=0 recover=0 fscans=2 fsegs=4 fkeys=516 femit=514 ftomb=2 scans=3 segs=4 keys=516 emit=514 tomb=2
2026-10-02T19:41:00.959Z raft-host: gc-frag group=2 scans=2 records=512 ms=271
2026-10-02T19:41:00.959Z raft-host: gc-pass ms=271 reap=0 frag=271 spread=0 recover=0 fscans=2 fsegs=4 fkeys=516 femit=514 ftomb=2 scans=3 segs=4 keys=516 emit=514 tomb=2
2026-10-02T19:41:02.234Z raft-host: gc-frag group=2 scans=2 records=512 ms=272
2026-10-02T19:41:02.234Z raft-host: gc-pass ms=272 reap=0 frag=272 spread=0 recover=0 fscans=2 fsegs=4 fkeys=516 femit=514 ftomb=2 scans=3 segs=4 keys=516 emit=514 tomb=2
2026-10-02T19:41:03.196Z raft-obs: tx->1 enq=25586 drop=0 sent=25585 fail=0 hi=7 rtt_avg=46us get_avg=163us get_max=4173ms
2026-10-02T19:41:03.196Z raft-obs: tx->2 enq=24987 drop=0 sent=24986 fail=0 hi=5 rtt_avg=40us get_avg=162us get_max=4059ms
2026-10-02T19:41:03.196Z raft-obs: wait_timeouts=0 pump_hold_max=103us lock_wait_max=278us drain_max=103us tick_max=7us apply_max=98us persist_max=529us applies_in_worst=1 arc_miss=0 arc_term_miss=0 opid_replay=0 fin_q=0 fin_done=0 fin_drop=0 fin_full=0 pub_p50=0us pub_max=0us inbox_drop=0
2026-10-02T19:41:03.508Z raft-host: gc-frag group=2 scans=2 records=512 ms=271
2026-10-02T19:41:03.508Z raft-host: gc-pass ms=271 reap=0 frag=271 spread=0 recover=0 fscans=2 fsegs=4 fkeys=516 femit=514 ftomb=2 scans=3 segs=4 keys=516 emit=514 tomb=2
2026-10-02T19:41:04.783Z raft-host: gc-frag group=2 scans=2 records=512 ms=272
2026-10-02T19:41:04.783Z raft-host: gc-pass ms=272 reap=0 frag=272 spread=0 recover=0 fscans=2 fsegs=4 fkeys=516 femit=514 ftomb=2 scans=3 segs=4 keys=516 emit=514 tomb=2
2026-10-02T19:41:06.056Z raft-host: gc-frag group=2 scans=2 records=512 ms=270
2026-10-02T19:41:06.056Z raft-host: gc-pass ms=270 reap=0 frag=270 spread=0 recover=0 fscans=2 fsegs=4 fkeys=516 femit=514 ftomb=2 scans=3 segs=4 keys=516 emit=514 tomb=2
2026-10-02T19:41:07.329Z raft-host: gc-frag group=2 scans=2 records=512 ms=270
2026-10-02T19:41:07.329Z raft-host: gc-pass ms=270 reap=0 frag=270 spread=0 recover=0 fscans=2 fsegs=4 fkeys=516 femit=514 ftomb=2 scans=3 segs=4 keys=516 emit=514 tomb=2
2026-10-02T19:41:08.200Z raft-obs: tx->1 enq=25776 drop=0 sent=25776 fail=0 hi=7 rtt_avg=46us get_avg=162us get_max=4173ms
2026-10-02T19:41:08.201Z raft-obs: tx->2 enq=25177 drop=0 sent=25177 fail=0 hi=5 rtt_avg=39us get_avg=161us get_max=4059ms
2026-10-02T19:41:08.201Z raft-obs: wait_timeouts=0 pump_hold_max=104us lock_wait_max=339us drain_max=104us tick_max=5us apply_max=97us persist_max=608us applies_in_worst=1 arc_miss=0 arc_term_miss=0 opid_replay=0 fin_q=0 fin_done=0 fin_drop=0 fin_full=0 pub_p50=0us pub_max=0us inbox_drop=0
2026-10-02T19:41:08.603Z raft-host: gc-frag group=2 scans=2 records=512 ms=270
2026-10-02T19:41:08.603Z raft-host: gc-pass ms=270 reap=0 frag=270 spread=0 recover=0 fscans=2 fsegs=4 fkeys=516 femit=514 ftomb=2 scans=3 segs=4 keys=516 emit=514 tomb=2
2026-10-02T19:41:09.879Z raft-host: gc-frag group=2 scans=2 records=512 ms=272
2026-10-02T19:41:09.879Z raft-host: gc-pass ms=272 reap=0 frag=272 spread=0 recover=0 fscans=2 fsegs=4 fkeys=516 femit=514 ftomb=2 scans=3 segs=4 keys=516 emit=514 tomb=2
2026-10-02T19:41:11.151Z raft-host: gc-frag group=2 scans=2 records=512 ms=269
2026-10-02T19:41:11.151Z raft-host: gc-pass ms=270 reap=0 frag=269 spread=0 recover=0 fscans=2 fsegs=4 fkeys=516 femit=514 ftomb=2 scans=3 segs=4 keys=516 emit=514 tomb=2
2026-10-02T19:41:12.424Z raft-host: gc-frag group=2 scans=2 records=512 ms=269
2026-10-02T19:41:12.424Z raft-host: gc-pass ms=269 reap=0 frag=269 spread=0 recover=0 fscans=2 fsegs=4 fkeys=516 femit=514 ftomb=2 scans=3 segs=4 keys=516 emit=514 tomb=2
2026-10-02T19:41:13.204Z raft-obs: tx->1 enq=25966 drop=0 sent=25966 fail=0 hi=7 rtt_avg=45us get_avg=160us get_max=4173ms
2026-10-02T19:41:13.204Z raft-obs: tx->2 enq=25367 drop=0 sent=25367 fail=0 hi=5 rtt_avg=39us get_avg=160us get_max=4059ms
2026-10-02T19:41:13.204Z raft-obs: wait_timeouts=0 pump_hold_max=78us lock_wait_max=295us drain_max=78us tick_max=5us apply_max=73us persist_max=627us applies_in_worst=1 arc_miss=0 arc_term_miss=0 opid_replay=0 fin_q=0 fin_done=0 fin_drop=0 fin_full=0 pub_p50=0us pub_max=0us inbox_drop=0
2026-10-02T19:41:13.698Z raft-host: gc-frag group=2 scans=2 records=512 ms=271
2026-10-02T19:41:13.698Z raft-host: gc-pass ms=271 reap=0 frag=271 spread=0 recover=0 fscans=2 fsegs=4 fkeys=516 femit=514 ftomb=2 scans=3 segs=4 keys=516 emit=514 tomb=2
2026-10-02T19:41:14.972Z raft-host: gc-frag group=2 scans=2 records=512 ms=271
2026-10-02T19:41:14.972Z raft-host: gc-pass ms=271 reap=0 frag=271 spread=0 recover=0 fscans=2 fsegs=4 fkeys=516 femit=514 ftomb=2 scans=3 segs=4 keys=516 emit=514 tomb=2
2026-10-02T19:41:16.247Z raft-host: gc-frag group=2 scans=2 records=512 ms=272
2026-10-02T19:41:16.247Z raft-host: gc-pass ms=272 reap=0 frag=272 spread=0 recover=0 fscans=2 fsegs=4 fkeys=516 femit=514 ftomb=2 scans=3 segs=4 keys=516 emit=514 tomb=2
2026-10-02T19:41:17.521Z raft-host: gc-frag group=2 scans=2 records=512 ms=270
2026-10-02T19:41:17.521Z raft-host: gc-pass ms=270 reap=0 frag=270 spread=0 recover=0 fscans=2 fsegs=4 fkeys=516 femit=514 ftomb=2 scans=3 segs=4 keys=516 emit=514 tomb=2
2026-10-02T19:41:18.205Z raft-obs: tx->1 enq=26156 drop=0 sent=26156 fail=0 hi=7 rtt_avg=45us get_avg=159us get_max=4173ms
2026-10-02T19:41:18.205Z raft-obs: tx->2 enq=25557 drop=0 sent=25557 fail=0 hi=5 rtt_avg=39us get_avg=159us get_max=4059ms
2026-10-02T19:41:18.205Z raft-obs: wait_timeouts=0 pump_hold_max=77us lock_wait_max=324us drain_max=77us tick_max=12us apply_max=73us persist_max=643us applies_in_worst=1 arc_miss=0 arc_term_miss=0 opid_replay=0 fin_q=0 fin_done=0 fin_drop=0 fin_full=0 pub_p50=0us pub_max=0us inbox_drop=0
2026-10-02T19:41:18.795Z raft-host: gc-frag group=2 scans=2 records=512 ms=270
2026-10-02T19:41:18.795Z raft-host: gc-pass ms=270 reap=0 frag=270 spread=0 recover=0 fscans=2 fsegs=4 fkeys=516 femit=514 ftomb=2 scans=3 segs=4 keys=516 emit=514 tomb=2
2026-10-02T19:41:20.069Z raft-host: gc-frag group=2 scans=2 records=512 ms=271
2026-10-02T19:41:20.069Z raft-host: gc-pass ms=271 reap=0 frag=271 spread=0 recover=0 fscans=2 fsegs=4 fkeys=516 femit=514 ftomb=2 scans=3 segs=4 keys=516 emit=514 tomb=2
2026-10-02T19:41:21.343Z raft-host: gc-frag group=2 scans=2 records=512 ms=271
2026-10-02T19:41:21.343Z raft-host: gc-pass ms=271 reap=0 frag=271 spread=0 recover=0 fscans=2 fsegs=4 fkeys=516 femit=514 ftomb=2 scans=3 segs=4 keys=516 emit=514 tomb=2
2026-10-02T19:41:22.427Z raft-host: applied session index=4503390 kind=8 shard=0 ino=839470
2026-10-02T19:41:22.620Z raft-host: gc-frag group=2 scans=2 records=512 ms=273
2026-10-02T19:41:22.620Z raft-host: gc-pass ms=273 reap=0 frag=273 spread=0 recover=0 fscans=2 fsegs=4 fkeys=516 femit=514 ftomb=2 scans=3 segs=4 keys=516 emit=514 tomb=2
2026-10-02T19:41:23.207Z raft-obs: tx->1 enq=26348 drop=0 sent=26348 fail=0 hi=7 rtt_avg=45us get_avg=158us get_max=4173ms
2026-10-02T19:41:23.207Z raft-obs: tx->2 enq=25749 drop=0 sent=25749 fail=0 hi=5 rtt_avg=39us get_avg=157us get_max=4059ms
2026-10-02T19:41:23.207Z raft-obs: wait_timeouts=0 pump_hold_max=73us lock_wait_max=1us drain_max=73us tick_max=7us apply_max=68us persist_max=522us applies_in_worst=1 arc_miss=0 arc_term_miss=0 opid_replay=0 fin_q=0 fin_done=0 fin_drop=0 fin_full=0 pub_p50=0us pub_max=0us inbox_drop=0
2026-10-02T19:41:23.894Z raft-host: gc-frag group=2 scans=2 records=512 ms=270
2026-10-02T19:41:23.894Z raft-host: gc-pass ms=271 reap=0 frag=271 spread=0 recover=0 fscans=2 fsegs=4 fkeys=516 femit=514 ftomb=2 scans=3 segs=4 keys=516 emit=514 tomb=2
2026-10-02T19:41:25.166Z raft-host: gc-frag group=2 scans=2 records=512 ms=270
2026-10-02T19:41:25.166Z raft-host: gc-pass ms=270 reap=0 frag=270 spread=0 recover=0 fscans=2 fsegs=4 fkeys=516 femit=514 ftomb=2 scans=3 segs=4 keys=516 emit=514 tomb=2
2026-10-02T19:41:26.437Z raft-host: gc-frag group=2 scans=2 records=512 ms=268
2026-10-02T19:41:26.437Z raft-host: gc-pass ms=268 reap=0 frag=268 spread=0 recover=0 fscans=2 fsegs=4 fkeys=516 femit=514 ftomb=2 scans=3 segs=4 keys=516 emit=514 tomb=2
2026-10-02T19:41:27.708Z raft-host: gc-frag group=2 scans=2 records=512 ms=268
2026-10-02T19:41:27.708Z raft-host: gc-pass ms=268 reap=0 frag=268 spread=0 recover=0 fscans=2 fsegs=4 fkeys=516 femit=514 ftomb=2 scans=3 segs=4 keys=516 emit=514 tomb=2
2026-10-02T19:41:28.210Z raft-obs: tx->1 enq=26538 drop=0 sent=26538 fail=0 hi=7 rtt_avg=45us get_avg=157us get_max=4173ms
2026-10-02T19:41:28.210Z raft-obs: tx->2 enq=25939 drop=0 sent=25939 fail=0 hi=5 rtt_avg=39us get_avg=156us get_max=4059ms
2026-10-02T19:41:28.210Z raft-obs: wait_timeouts=0 pump_hold_max=99us lock_wait_max=391us drain_max=99us tick_max=6us apply_max=92us persist_max=519us applies_in_worst=1 arc_miss=0 arc_term_miss=0 opid_replay=0 fin_q=0 fin_done=0 fin_drop=0 fin_full=0 pub_p50=0us pub_max=0us inbox_drop=0
2026-10-02T19:41:28.981Z raft-host: gc-frag group=2 scans=2 records=512 ms=270
2026-10-02T19:41:28.981Z raft-host: gc-pass ms=270 reap=0 frag=270 spread=0 recover=0 fscans=2 fsegs=4 fkeys=516 femit=514 ftomb=2 scans=3 segs=4 keys=516 emit=514 tomb=2
2026-10-02T19:41:30.253Z raft-host: gc-frag group=2 scans=2 records=512 ms=268
2026-10-02T19:41:30.253Z raft-host: gc-pass ms=268 reap=0 frag=268 spread=0 recover=0 fscans=2 fsegs=4 fkeys=516 femit=514 ftomb=2 scans=3 segs=4 keys=516 emit=514 tomb=2
2026-10-02T19:41:31.524Z raft-host: gc-frag group=2 scans=2 records=512 ms=267
2026-10-02T19:41:31.524Z raft-host: gc-pass ms=267 reap=0 frag=267 spread=0 recover=0 fscans=2 fsegs=4 fkeys=516 femit=514 ftomb=2 scans=3 segs=4 keys=516 emit=514 tomb=2
2026-10-02T19:41:32.795Z raft-host: gc-frag group=2 scans=2 records=512 ms=268
2026-10-02T19:41:32.795Z raft-host: gc-pass ms=268 reap=0 frag=268 spread=0 recover=0 fscans=2 fsegs=4 fkeys=516 femit=514 ftomb=2 scans=3 segs=4 keys=516 emit=514 tomb=2
2026-10-02T19:41:33.210Z raft-obs: tx->1 enq=26729 drop=0 sent=26729 fail=0 hi=7 rtt_avg=45us get_avg=156us get_max=4173ms
2026-10-02T19:41:33.210Z raft-obs: tx->2 enq=26130 drop=0 sent=26130 fail=0 hi=5 rtt_avg=39us get_avg=155us get_max=4059ms
2026-10-02T19:41:33.210Z raft-obs: wait_timeouts=0 pump_hold_max=78us lock_wait_max=274us drain_max=78us tick_max=9us apply_max=73us persist_max=526us applies_in_worst=1 arc_miss=0 arc_term_miss=0 opid_replay=0 fin_q=0 fin_done=0 fin_drop=0 fin_full=0 pub_p50=0us pub_max=0us inbox_drop=0
2026-10-02T19:41:34.069Z raft-host: gc-frag group=2 scans=2 records=512 ms=270
2026-10-02T19:41:34.069Z raft-host: gc-pass ms=271 reap=0 frag=270 spread=0 recover=0 fscans=2 fsegs=4 fkeys=516 femit=514 ftomb=2 scans=3 segs=4 keys=516 emit=514 tomb=2
2026-10-02T19:41:35.140Z raft-host: applied session index=4503531 kind=9 shard=0 ino=839470
2026-10-02T19:41:35.343Z raft-host: gc-frag group=2 scans=2 records=512 ms=271
2026-10-02T19:41:35.343Z raft-host: gc-pass ms=271 reap=0 frag=271 spread=0 recover=0 fscans=2 fsegs=4 fkeys=516 femit=514 ftomb=2 scans=3 segs=4 keys=516 emit=514 tomb=2
2026-10-02T19:41:36.619Z raft-host: gc-frag group=2 scans=2 records=512 ms=273
2026-10-02T19:41:36.619Z raft-host: gc-pass ms=273 reap=0 frag=273 spread=0 recover=0 fscans=2 fsegs=4 fkeys=516 femit=514 ftomb=2 scans=3 segs=4 keys=516 emit=514 tomb=2
2026-10-02T19:41:37.892Z raft-host: gc-frag group=2 scans=2 records=512 ms=270
2026-10-02T19:41:37.892Z raft-host: gc-pass ms=270 reap=0 frag=270 spread=0 recover=0 fscans=2 fsegs=4 fkeys=516 femit=514 ftomb=2 scans=3 segs=4 keys=516 emit=514 tomb=2
2026-10-02T19:41:38.211Z raft-obs: tx->1 enq=26921 drop=0 sent=26921 fail=0 hi=7 rtt_avg=45us get_avg=155us get_max=4173ms
2026-10-02T19:41:38.211Z raft-obs: tx->2 enq=26322 drop=0 sent=26322 fail=0 hi=5 rtt_avg=39us get_avg=154us get_max=4059ms
2026-10-02T19:41:38.211Z raft-obs: wait_timeouts=0 pump_hold_max=87us lock_wait_max=333us drain_max=87us tick_max=10us apply_max=80us persist_max=515us applies_in_worst=1 arc_miss=0 arc_term_miss=0 opid_replay=0 fin_q=0 fin_done=0 fin_drop=0 fin_full=0 pub_p50=0us pub_max=0us inbox_drop=0
2026-10-02T19:41:39.164Z raft-host: gc-frag group=2 scans=2 records=512 ms=268
2026-10-02T19:41:39.164Z raft-host: gc-pass ms=268 reap=0 frag=268 spread=0 recover=0 fscans=2 fsegs=4 fkeys=516 femit=514 ftomb=2 scans=3 segs=4 keys=516 emit=514 tomb=2
2026-10-02T19:41:40.438Z raft-host: gc-frag group=2 scans=2 records=512 ms=271
2026-10-02T19:41:40.438Z raft-host: gc-pass ms=271 reap=0 frag=271 spread=0 recover=0 fscans=2 fsegs=4 fkeys=516 femit=514 ftomb=2 scans=3 segs=4 keys=516 emit=514 tomb=2
2026-10-02T19:41:41.712Z raft-host: gc-frag group=2 scans=2 records=512 ms=270
2026-10-02T19:41:41.712Z raft-host: gc-pass ms=270 reap=0 frag=270 spread=0 recover=0 fscans=2 fsegs=4 fkeys=516 femit=514 ftomb=2 scans=3 segs=4 keys=516 emit=514 tomb=2
2026-10-02T19:41:42.985Z raft-host: gc-frag group=2 scans=2 records=512 ms=270
2026-10-02T19:41:42.985Z raft-host: gc-pass ms=270 reap=0 frag=270 spread=0 recover=0 fscans=2 fsegs=4 fkeys=516 femit=514 ftomb=2 scans=3 segs=4 keys=516 emit=514 tomb=2
2026-10-02T19:41:43.213Z raft-obs: tx->1 enq=27111 drop=0 sent=27111 fail=0 hi=7 rtt_avg=45us get_avg=154us get_max=4173ms
2026-10-02T19:41:43.213Z raft-obs: tx->2 enq=26512 drop=0 sent=26512 fail=0 hi=5 rtt_avg=39us get_avg=153us get_max=4059ms
2026-10-02T19:41:43.213Z raft-obs: wait_timeouts=0 pump_hold_max=79us lock_wait_max=394us drain_max=79us tick_max=6us apply_max=73us persist_max=510us applies_in_worst=1 arc_miss=0 arc_term_miss=0 opid_replay=0 fin_q=0 fin_done=0 fin_drop=0 fin_full=0 pub_p50=0us pub_max=0us inbox_drop=0
2026-10-02T19:41:44.256Z raft-host: gc-frag group=2 scans=2 records=512 ms=268
2026-10-02T19:41:44.256Z raft-host: gc-pass ms=268 reap=0 frag=268 spread=0 recover=0 fscans=2 fsegs=4 fkeys=516 femit=514 ftomb=2 scans=3 segs=4 keys=516 emit=514 tomb=2
2026-10-02T19:41:45.531Z raft-host: gc-frag group=2 scans=2 records=512 ms=271
2026-10-02T19:41:45.531Z raft-host: gc-pass ms=272 reap=0 frag=272 spread=0 recover=0 fscans=2 fsegs=4 fkeys=516 femit=514 ftomb=2 scans=3 segs=4 keys=516 emit=514 tomb=2
2026-10-02T19:41:46.805Z raft-host: gc-frag group=2 scans=2 records=512 ms=271
2026-10-02T19:41:46.805Z raft-host: gc-pass ms=271 reap=0 frag=271 spread=0 recover=0 fscans=2 fsegs=4 fkeys=516 femit=514 ftomb=2 scans=3 segs=4 keys=516 emit=514 tomb=2
2026-10-02T19:41:48.079Z raft-host: gc-frag group=2 scans=2 records=512 ms=271
2026-10-02T19:41:48.079Z raft-host: gc-pass ms=271 reap=0 frag=271 spread=0 recover=0 fscans=2 fsegs=4 fkeys=516 femit=514 ftomb=2 scans=3 segs=4 keys=516 emit=514 tomb=2
2026-10-02T19:41:48.216Z raft-obs: tx->1 enq=27301 drop=0 sent=27301 fail=0 hi=7 rtt_avg=45us get_avg=153us get_max=4173ms
2026-10-02T19:41:48.216Z raft-obs: tx->2 enq=26702 drop=0 sent=26702 fail=0 hi=5 rtt_avg=39us get_avg=152us get_max=4059ms
2026-10-02T19:41:48.216Z raft-obs: wait_timeouts=0 pump_hold_max=121us lock_wait_max=351us drain_max=121us tick_max=5us apply_max=116us persist_max=520us applies_in_worst=1 arc_miss=0 arc_term_miss=0 opid_replay=0 fin_q=0 fin_done=0 fin_drop=0 fin_full=0 pub_p50=0us pub_max=0us inbox_drop=0
2026-10-02T19:41:49.351Z raft-host: gc-frag group=2 scans=2 records=512 ms=269
2026-10-02T19:41:49.351Z raft-host: gc-pass ms=269 reap=0 frag=269 spread=0 recover=0 fscans=2 fsegs=4 fkeys=516 femit=514 ftomb=2 scans=3 segs=4 keys=516 emit=514 tomb=2
2026-10-02T19:41:50.626Z raft-host: gc-frag group=2 scans=2 records=512 ms=272
2026-10-02T19:41:50.626Z raft-host: gc-pass ms=272 reap=0 frag=272 spread=0 recover=0 fscans=2 fsegs=4 fkeys=516 femit=514 ftomb=2 scans=3 segs=4 keys=516 emit=514 tomb=2
2026-10-02T19:41:51.897Z raft-host: gc-frag group=2 scans=2 records=512 ms=268
2026-10-02T19:41:51.897Z raft-host: gc-pass ms=268 reap=0 frag=268 spread=0 recover=0 fscans=2 fsegs=4 fkeys=516 femit=514 ftomb=2 scans=3 segs=4 keys=516 emit=514 tomb=2
2026-10-02T19:41:53.170Z raft-host: gc-frag group=2 scans=2 records=512 ms=269
2026-10-02T19:41:53.170Z raft-host: gc-pass ms=269 reap=0 frag=269 spread=0 recover=0 fscans=2 fsegs=4 fkeys=516 femit=514 ftomb=2 scans=3 segs=4 keys=516 emit=514 tomb=2
2026-10-02T19:41:53.216Z raft-obs: tx->1 enq=27491 drop=0 sent=27491 fail=0 hi=7 rtt_avg=45us get_avg=152us get_max=4173ms
2026-10-02T19:41:53.216Z raft-obs: tx->2 enq=26892 drop=0 sent=26892 fail=0 hi=5 rtt_avg=39us get_avg=151us get_max=4059ms
2026-10-02T19:41:53.216Z raft-obs: wait_timeouts=0 pump_hold_max=134us lock_wait_max=331us drain_max=134us tick_max=5us apply_max=126us persist_max=544us applies_in_worst=1 arc_miss=0 arc_term_miss=0 opid_replay=0 fin_q=0 fin_done=0 fin_drop=0 fin_full=0 pub_p50=0us pub_max=0us inbox_drop=0
2026-10-02T19:41:54.443Z raft-host: gc-frag group=2 scans=2 records=512 ms=270
2026-10-02T19:41:54.443Z raft-host: gc-pass ms=270 reap=0 frag=270 spread=0 recover=0 fscans=2 fsegs=4 fkeys=516 femit=514 ftomb=2 scans=3 segs=4 keys=516 emit=514 tomb=2
2026-10-02T19:41:55.717Z raft-host: gc-frag group=2 scans=2 records=512 ms=270
2026-10-02T19:41:55.717Z raft-host: gc-pass ms=271 reap=0 frag=271 spread=0 recover=0 fscans=2 fsegs=4 fkeys=516 femit=514 ftomb=2 scans=3 segs=4 keys=516 emit=514 tomb=2
2026-10-02T19:41:56.993Z raft-host: gc-frag group=2 scans=2 records=512 ms=273
2026-10-02T19:41:56.993Z raft-host: gc-pass ms=273 reap=0 frag=273 spread=0 recover=0 fscans=2 fsegs=4 fkeys=516 femit=514 ftomb=2 scans=3 segs=4 keys=516 emit=514 tomb=2
2026-10-02T19:41:58.216Z raft-obs: tx->1 enq=27675 drop=0 sent=27675 fail=0 hi=7 rtt_avg=45us get_avg=151us get_max=4173ms
2026-10-02T19:41:58.216Z raft-obs: tx->2 enq=27076 drop=0 sent=27076 fail=0 hi=5 rtt_avg=39us get_avg=150us get_max=4059ms
2026-10-02T19:41:58.216Z raft-obs: wait_timeouts=0 pump_hold_max=130us lock_wait_max=107us drain_max=130us tick_max=5us apply_max=123us persist_max=531us applies_in_worst=1 arc_miss=0 arc_term_miss=0 opid_replay=0 fin_q=0 fin_done=0 fin_drop=0 fin_full=0 pub_p50=0us pub_max=0us inbox_drop=0
2026-10-02T19:41:58.269Z raft-host: gc-frag group=2 scans=2 records=512 ms=274
2026-10-02T19:41:58.270Z raft-host: gc-pass ms=274 reap=0 frag=274 spread=0 recover=0 fscans=2 fsegs=4 fkeys=516 femit=514 ftomb=2 scans=3 segs=4 keys=516 emit=514 tomb=2
2026-10-02T19:41:59.545Z raft-host: gc-frag group=2 scans=2 records=512 ms=273
2026-10-02T19:41:59.546Z raft-host: gc-pass ms=273 reap=0 frag=273 spread=0 recover=0 fscans=2 fsegs=4 fkeys=516 femit=514 ftomb=2 scans=3 segs=4 keys=516 emit=514 tomb=2
2026-10-02T19:42:00.819Z raft-host: gc-frag group=2 scans=2 records=512 ms=270
2026-10-02T19:42:00.819Z raft-host: gc-pass ms=270 reap=0 frag=270 spread=0 recover=0 fscans=2 fsegs=4 fkeys=516 femit=514 ftomb=2 scans=3 segs=4 keys=516 emit=514 tomb=2
2026-10-02T19:42:02.093Z raft-host: gc-frag group=2 scans=2 records=512 ms=271
2026-10-02T19:42:02.093Z raft-host: gc-pass ms=271 reap=0 frag=271 spread=0 recover=0 fscans=2 fsegs=4 fkeys=516 femit=514 ftomb=2 scans=3 segs=4 keys=516 emit=514 tomb=2
2026-10-02T19:42:03.218Z raft-obs: tx->1 enq=27857 drop=0 sent=27857 fail=0 hi=7 rtt_avg=45us get_avg=150us get_max=4173ms
2026-10-02T19:42:03.218Z raft-obs: tx->2 enq=27258 drop=0 sent=27258 fail=0 hi=5 rtt_avg=39us get_avg=149us get_max=4059ms
2026-10-02T19:42:03.218Z raft-obs: wait_timeouts=0 pump_hold_max=148us lock_wait_max=319us drain_max=148us tick_max=6us apply_max=143us persist_max=526us applies_in_worst=1 arc_miss=0 arc_term_miss=0 opid_replay=0 fin_q=0 fin_done=0 fin_drop=0 fin_full=0 pub_p50=0us pub_max=0us inbox_drop=0
2026-10-02T19:42:03.368Z raft-host: gc-frag group=2 scans=2 records=512 ms=271
2026-10-02T19:42:03.368Z raft-host: gc-pass ms=271 reap=0 frag=271 spread=0 recover=0 fscans=2 fsegs=4 fkeys=516 femit=514 ftomb=2 scans=3 segs=4 keys=516 emit=514 tomb=2
2026-10-02T19:42:04.642Z raft-host: gc-frag group=2 scans=2 records=512 ms=271
2026-10-02T19:42:04.642Z raft-host: gc-pass ms=271 reap=0 frag=271 spread=0 recover=0 fscans=2 fsegs=4 fkeys=516 femit=514 ftomb=2 scans=3 segs=4 keys=516 emit=514 tomb=2
2026-10-02T19:42:05.917Z raft-host: gc-frag group=2 scans=2 records=512 ms=271
2026-10-02T19:42:05.917Z raft-host: gc-pass ms=272 reap=0 frag=271 spread=0 recover=0 fscans=2 fsegs=4 fkeys=516 femit=514 ftomb=2 scans=3 segs=4 keys=516 emit=514 tomb=2
2026-10-02T19:42:07.190Z raft-host: gc-frag group=2 scans=2 records=512 ms=270
2026-10-02T19:42:07.190Z raft-host: gc-pass ms=270 reap=0 frag=270 spread=0 recover=0 fscans=2 fsegs=4 fkeys=516 femit=514 ftomb=2 scans=3 segs=4 keys=516 emit=514 tomb=2
2026-10-02T19:42:08.221Z raft-obs: tx->1 enq=28041 drop=0 sent=28041 fail=0 hi=7 rtt_avg=44us get_avg=149us get_max=4173ms
2026-10-02T19:42:08.221Z raft-obs: tx->2 enq=27442 drop=0 sent=27442 fail=0 hi=5 rtt_avg=39us get_avg=148us get_max=4059ms
2026-10-02T19:42:08.221Z raft-obs: wait_timeouts=0 pump_hold_max=76us lock_wait_max=1us drain_max=76us tick_max=5us apply_max=72us persist_max=510us applies_in_worst=1 arc_miss=0 arc_term_miss=0 opid_replay=0 fin_q=0 fin_done=0 fin_drop=0 fin_full=0 pub_p50=0us pub_max=0us inbox_drop=0
2026-10-02T19:42:08.463Z raft-host: gc-frag group=2 scans=2 records=512 ms=269
2026-10-02T19:42:08.463Z raft-host: gc-pass ms=269 reap=0 frag=269 spread=0 recover=0 fscans=2 fsegs=4 fkeys=516 femit=514 ftomb=2 scans=3 segs=4 keys=516 emit=514 tomb=2
2026-10-02T19:42:09.733Z raft-host: gc-frag group=2 scans=2 records=512 ms=267
2026-10-02T19:42:09.733Z raft-host: gc-pass ms=267 reap=0 frag=267 spread=0 recover=0 fscans=2 fsegs=4 fkeys=516 femit=514 ftomb=2 scans=3 segs=4 keys=516 emit=514 tomb=2
2026-10-02T19:42:11.004Z raft-host: gc-frag group=2 scans=2 records=512 ms=268
2026-10-02T19:42:11.004Z raft-host: gc-pass ms=268 reap=0 frag=268 spread=0 recover=0 fscans=2 fsegs=4 fkeys=516 femit=514 ftomb=2 scans=3 segs=4 keys=516 emit=514 tomb=2
2026-10-02T19:42:12.275Z raft-host: gc-frag group=2 scans=2 records=512 ms=268
2026-10-02T19:42:12.275Z raft-host: gc-pass ms=268 reap=0 frag=268 spread=0 recover=0 fscans=2 fsegs=4 fkeys=516 femit=514 ftomb=2 scans=3 segs=4 keys=516 emit=514 tomb=2
2026-10-02T19:42:13.222Z raft-obs: tx->1 enq=28229 drop=0 sent=28229 fail=0 hi=7 rtt_avg=44us get_avg=148us get_max=4173ms
2026-10-02T19:42:13.222Z raft-obs: tx->2 enq=27630 drop=0 sent=27630 fail=0 hi=5 rtt_avg=39us get_avg=147us get_max=4059ms
2026-10-02T19:42:13.222Z raft-obs: wait_timeouts=0 pump_hold_max=87us lock_wait_max=382us drain_max=86us tick_max=9us apply_max=81us persist_max=524us applies_in_worst=1 arc_miss=0 arc_term_miss=0 opid_replay=0 fin_q=0 fin_done=0 fin_drop=0 fin_full=0 pub_p50=0us pub_max=0us inbox_drop=0
2026-10-02T19:42:13.546Z raft-host: gc-frag group=2 scans=2 records=512 ms=268
2026-10-02T19:42:13.547Z raft-host: gc-pass ms=268 reap=0 frag=268 spread=0 recover=0 fscans=2 fsegs=4 fkeys=516 femit=514 ftomb=2 scans=3 segs=4 keys=516 emit=514 tomb=2
2026-10-02T19:42:14.823Z raft-host: gc-frag group=2 scans=2 records=512 ms=273
2026-10-02T19:42:14.823Z raft-host: gc-pass ms=273 reap=0 frag=273 spread=0 recover=0 fscans=2 fsegs=4 fkeys=516 femit=514 ftomb=2 scans=3 segs=4 keys=516 emit=514 tomb=2
2026-10-02T19:42:16.098Z raft-host: gc-frag group=2 scans=2 records=512 ms=272
2026-10-02T19:42:16.098Z raft-host: gc-pass ms=272 reap=0 frag=272 spread=0 recover=0 fscans=2 fsegs=4 fkeys=516 femit=514 ftomb=2 scans=3 segs=4 keys=516 emit=514 tomb=2
2026-10-02T19:42:17.372Z raft-host: gc-frag group=2 scans=2 records=512 ms=271
2026-10-02T19:42:17.372Z raft-host: gc-pass ms=271 reap=0 frag=271 spread=0 recover=0 fscans=2 fsegs=4 fkeys=516 femit=514 ftomb=2 scans=3 segs=4 keys=516 emit=514 tomb=2
2026-10-02T19:42:18.223Z raft-obs: tx->1 enq=28419 drop=0 sent=28419 fail=0 hi=7 rtt_avg=44us get_avg=147us get_max=4173ms
2026-10-02T19:42:18.223Z raft-obs: tx->2 enq=27820 drop=0 sent=27820 fail=0 hi=5 rtt_avg=38us get_avg=146us get_max=4059ms
2026-10-02T19:42:18.223Z raft-obs: wait_timeouts=0 pump_hold_max=103us lock_wait_max=236us drain_max=103us tick_max=60us apply_max=96us persist_max=516us applies_in_worst=1 arc_miss=0 arc_term_miss=0 opid_replay=0 fin_q=0 fin_done=0 fin_drop=0 fin_full=0 pub_p50=0us pub_max=0us inbox_drop=0
2026-10-02T19:42:18.646Z raft-host: gc-frag group=2 scans=2 records=512 ms=271
2026-10-02T19:42:18.646Z raft-host: gc-pass ms=271 reap=0 frag=271 spread=0 recover=0 fscans=2 fsegs=4 fkeys=516 femit=514 ftomb=2 scans=3 segs=4 keys=516 emit=514 tomb=2
2026-10-02T19:42:19.919Z raft-host: gc-frag group=2 scans=2 records=512 ms=270
2026-10-02T19:42:19.919Z raft-host: gc-pass ms=270 reap=0 frag=270 spread=0 recover=0 fscans=2 fsegs=4 fkeys=516 femit=514 ftomb=2 scans=3 segs=4 keys=516 emit=514 tomb=2
2026-10-02T19:42:21.195Z raft-host: gc-frag group=2 scans=2 records=512 ms=272
2026-10-02T19:42:21.195Z raft-host: gc-pass ms=272 reap=0 frag=272 spread=0 recover=0 fscans=2 fsegs=4 fkeys=516 femit=514 ftomb=2 scans=3 segs=4 keys=516 emit=514 tomb=2
2026-10-02T19:42:22.470Z raft-host: gc-frag group=2 scans=2 records=512 ms=272
2026-10-02T19:42:22.470Z raft-host: gc-pass ms=272 reap=0 frag=272 spread=0 recover=0 fscans=2 fsegs=4 fkeys=516 femit=514 ftomb=2 scans=3 segs=4 keys=516 emit=514 tomb=2
2026-10-02T19:42:23.224Z raft-obs: tx->1 enq=28609 drop=0 sent=28609 fail=0 hi=7 rtt_avg=44us get_avg=146us get_max=4173ms
2026-10-02T19:42:23.224Z raft-obs: tx->2 enq=28010 drop=0 sent=28010 fail=0 hi=5 rtt_avg=38us get_avg=145us get_max=4059ms
2026-10-02T19:42:23.224Z raft-obs: wait_timeouts=0 pump_hold_max=114us lock_wait_max=295us drain_max=114us tick_max=5us apply_max=102us persist_max=518us applies_in_worst=1 arc_miss=0 arc_term_miss=0 opid_replay=0 fin_q=0 fin_done=0 fin_drop=0 fin_full=0 pub_p50=0us pub_max=0us inbox_drop=0
2026-10-02T19:42:23.746Z raft-host: gc-frag group=2 scans=2 records=512 ms=273
2026-10-02T19:42:23.746Z raft-host: gc-pass ms=273 reap=0 frag=273 spread=0 recover=0 fscans=2 fsegs=4 fkeys=516 femit=514 ftomb=2 scans=3 segs=4 keys=516 emit=514 tomb=2
2026-10-02T19:42:25.020Z raft-host: gc-frag group=2 scans=2 records=512 ms=271
2026-10-02T19:42:25.020Z raft-host: gc-pass ms=271 reap=0 frag=271 spread=0 recover=0 fscans=2 fsegs=4 fkeys=516 femit=514 ftomb=2 scans=3 segs=4 keys=516 emit=514 tomb=2
2026-10-02T19:42:26.294Z raft-host: gc-frag group=2 scans=2 records=512 ms=271
2026-10-02T19:42:26.295Z raft-host: gc-pass ms=271 reap=0 frag=271 spread=0 recover=0 fscans=2 fsegs=4 fkeys=516 femit=514 ftomb=2 scans=3 segs=4 keys=516 emit=514 tomb=2
2026-10-02T19:42:27.571Z raft-host: gc-frag group=2 scans=2 records=512 ms=273
2026-10-02T19:42:27.571Z raft-host: gc-pass ms=273 reap=0 frag=273 spread=0 recover=0 fscans=2 fsegs=4 fkeys=516 femit=514 ftomb=2 scans=3 segs=4 keys=516 emit=514 tomb=2
2026-10-02T19:42:28.224Z raft-obs: tx->1 enq=28799 drop=0 sent=28799 fail=0 hi=7 rtt_avg=44us get_avg=145us get_max=4173ms
2026-10-02T19:42:28.224Z raft-obs: tx->2 enq=28200 drop=0 sent=28200 fail=0 hi=5 rtt_avg=38us get_avg=144us get_max=4059ms
2026-10-02T19:42:28.224Z raft-obs: wait_timeouts=0 pump_hold_max=82us lock_wait_max=275us drain_max=82us tick_max=8us apply_max=77us persist_max=516us applies_in_worst=1 arc_miss=0 arc_term_miss=0 opid_replay=0 fin_q=0 fin_done=0 fin_drop=0 fin_full=0 pub_p50=0us pub_max=0us inbox_drop=0
2026-10-02T19:42:28.846Z raft-host: gc-frag group=2 scans=2 records=512 ms=272
2026-10-02T19:42:28.846Z raft-host: gc-pass ms=273 reap=0 frag=272 spread=0 recover=0 fscans=2 fsegs=4 fkeys=516 femit=514 ftomb=2 scans=3 segs=4 keys=516 emit=514 tomb=2
2026-10-02T19:42:30.123Z raft-host: gc-frag group=2 scans=2 records=512 ms=273
2026-10-02T19:42:30.123Z raft-host: gc-pass ms=273 reap=0 frag=273 spread=0 recover=0 fscans=2 fsegs=4 fkeys=516 femit=514 ftomb=2 scans=3 segs=4 keys=516 emit=514 tomb=2
2026-10-02T19:42:31.397Z raft-host: gc-frag group=2 scans=2 records=512 ms=271
2026-10-02T19:42:31.397Z raft-host: gc-pass ms=271 reap=0 frag=271 spread=0 recover=0 fscans=2 fsegs=4 fkeys=516 femit=514 ftomb=2 scans=3 segs=4 keys=516 emit=514 tomb=2
2026-10-02T19:42:32.672Z raft-host: gc-frag group=2 scans=2 records=512 ms=271
2026-10-02T19:42:32.672Z raft-host: gc-pass ms=271 reap=0 frag=271 spread=0 recover=0 fscans=2 fsegs=4 fkeys=516 femit=514 ftomb=2 scans=3 segs=4 keys=516 emit=514 tomb=2
2026-10-02T19:42:33.224Z raft-obs: tx->1 enq=28989 drop=0 sent=28989 fail=0 hi=7 rtt_avg=44us get_avg=144us get_max=4173ms
2026-10-02T19:42:33.224Z raft-obs: tx->2 enq=28390 drop=0 sent=28390 fail=0 hi=5 rtt_avg=38us get_avg=143us get_max=4059ms
2026-10-02T19:42:33.224Z raft-obs: wait_timeouts=0 pump_hold_max=76us lock_wait_max=310us drain_max=76us tick_max=10us apply_max=71us persist_max=517us applies_in_worst=1 arc_miss=0 arc_term_miss=0 opid_replay=0 fin_q=0 fin_done=0 fin_drop=0 fin_full=0 pub_p50=0us pub_max=0us inbox_drop=0
2026-10-02T19:42:33.945Z raft-host: gc-frag group=2 scans=2 records=512 ms=270
2026-10-02T19:42:33.945Z raft-host: gc-pass ms=270 reap=0 frag=270 spread=0 recover=0 fscans=2 fsegs=4 fkeys=516 femit=514 ftomb=2 scans=3 segs=4 keys=516 emit=514 tomb=2
2026-10-02T19:42:35.216Z raft-host: gc-frag group=2 scans=2 records=512 ms=268
2026-10-02T19:42:35.216Z raft-host: gc-pass ms=268 reap=0 frag=268 spread=0 recover=0 fscans=2 fsegs=4 fkeys=516 femit=514 ftomb=2 scans=3 segs=4 keys=516 emit=514 tomb=2
2026-10-02T19:42:36.487Z raft-host: gc-frag group=2 scans=2 records=512 ms=268
2026-10-02T19:42:36.487Z raft-host: gc-pass ms=268 reap=0 frag=268 spread=0 recover=0 fscans=2 fsegs=4 fkeys=516 femit=514 ftomb=2 scans=3 segs=4 keys=516 emit=514 tomb=2
2026-10-02T19:42:37.760Z raft-host: gc-frag group=2 scans=2 records=512 ms=270
2026-10-02T19:42:37.760Z raft-host: gc-pass ms=270 reap=0 frag=270 spread=0 recover=0 fscans=2 fsegs=4 fkeys=516 femit=514 ftomb=2 scans=3 segs=4 keys=516 emit=514 tomb=2
2026-10-02T19:42:38.226Z raft-obs: tx->1 enq=29180 drop=0 sent=29180 fail=0 hi=7 rtt_avg=44us get_avg=143us get_max=4173ms
2026-10-02T19:42:38.226Z raft-obs: tx->2 enq=28581 drop=0 sent=28581 fail=0 hi=5 rtt_avg=38us get_avg=142us get_max=4059ms
2026-10-02T19:42:38.226Z raft-obs: wait_timeouts=0 pump_hold_max=114us lock_wait_max=402us drain_max=114us tick_max=9us apply_max=106us persist_max=524us applies_in_worst=1 arc_miss=0 arc_term_miss=0 opid_replay=0 fin_q=0 fin_done=0 fin_drop=0 fin_full=0 pub_p50=0us pub_max=0us inbox_drop=0
2026-10-02T19:42:39.032Z raft-host: gc-frag group=2 scans=2 records=512 ms=269
2026-10-02T19:42:39.032Z raft-host: gc-pass ms=269 reap=0 frag=269 spread=0 recover=0 fscans=2 fsegs=4 fkeys=516 femit=514 ftomb=2 scans=3 segs=4 keys=516 emit=514 tomb=2
2026-10-02T19:42:40.304Z raft-host: gc-frag group=2 scans=2 records=512 ms=269
2026-10-02T19:42:40.304Z raft-host: gc-pass ms=269 reap=0 frag=269 spread=0 recover=0 fscans=2 fsegs=4 fkeys=516 femit=514 ftomb=2 scans=3 segs=4 keys=516 emit=514 tomb=2
2026-10-02T19:42:41.578Z raft-host: gc-frag group=2 scans=2 records=512 ms=271
2026-10-02T19:42:41.579Z raft-host: gc-pass ms=271 reap=0 frag=271 spread=0 recover=0 fscans=2 fsegs=4 fkeys=516 femit=514 ftomb=2 scans=3 segs=4 keys=516 emit=514 tomb=2
2026-10-02T19:42:42.850Z raft-host: gc-frag group=2 scans=2 records=512 ms=268
2026-10-02T19:42:42.850Z raft-host: gc-pass ms=268 reap=0 frag=268 spread=0 recover=0 fscans=2 fsegs=4 fkeys=516 femit=514 ftomb=2 scans=3 segs=4 keys=516 emit=514 tomb=2
2026-10-02T19:42:43.230Z raft-obs: tx->1 enq=29370 drop=0 sent=29370 fail=0 hi=7 rtt_avg=44us get_avg=142us get_max=4173ms
2026-10-02T19:42:43.230Z raft-obs: tx->2 enq=28771 drop=0 sent=28771 fail=0 hi=5 rtt_avg=38us get_avg=141us get_max=4059ms
2026-10-02T19:42:43.230Z raft-obs: wait_timeouts=0 pump_hold_max=118us lock_wait_max=206us drain_max=118us tick_max=7us apply_max=111us persist_max=509us applies_in_worst=1 arc_miss=0 arc_term_miss=0 opid_replay=0 fin_q=0 fin_done=0 fin_drop=0 fin_full=0 pub_p50=0us pub_max=0us inbox_drop=0
2026-10-02T19:42:44.122Z raft-host: gc-frag group=2 scans=2 records=512 ms=269
2026-10-02T19:42:44.122Z raft-host: gc-pass ms=269 reap=0 frag=269 spread=0 recover=0 fscans=2 fsegs=4 fkeys=516 femit=514 ftomb=2 scans=3 segs=4 keys=516 emit=514 tomb=2
2026-10-02T19:42:45.397Z raft-host: gc-frag group=2 scans=2 records=512 ms=272
2026-10-02T19:42:45.397Z raft-host: gc-pass ms=272 reap=0 frag=272 spread=0 recover=0 fscans=2 fsegs=4 fkeys=516 femit=514 ftomb=2 scans=3 segs=4 keys=516 emit=514 tomb=2
2026-10-02T19:42:46.671Z raft-host: gc-frag group=2 scans=2 records=512 ms=271
2026-10-02T19:42:46.671Z raft-host: gc-pass ms=271 reap=0 frag=271 spread=0 recover=0 fscans=2 fsegs=4 fkeys=516 femit=514 ftomb=2 scans=3 segs=4 keys=516 emit=514 tomb=2
2026-10-02T19:42:47.948Z raft-host: gc-frag group=2 scans=2 records=512 ms=273
2026-10-02T19:42:47.948Z raft-host: gc-pass ms=273 reap=0 frag=273 spread=0 recover=0 fscans=2 fsegs=4 fkeys=516 femit=514 ftomb=2 scans=3 segs=4 keys=516 emit=514 tomb=2
2026-10-02T19:42:48.232Z raft-obs: tx->1 enq=29560 drop=0 sent=29560 fail=0 hi=7 rtt_avg=44us get_avg=141us get_max=4173ms
2026-10-02T19:42:48.232Z raft-obs: tx->2 enq=28961 drop=0 sent=28961 fail=0 hi=5 rtt_avg=38us get_avg=140us get_max=4059ms
2026-10-02T19:42:48.232Z raft-obs: wait_timeouts=0 pump_hold_max=125us lock_wait_max=683us drain_max=125us tick_max=5us apply_max=118us persist_max=525us applies_in_worst=1 arc_miss=0 arc_term_miss=0 opid_replay=0 fin_q=0 fin_done=0 fin_drop=0 fin_full=0 pub_p50=0us pub_max=0us inbox_drop=0
2026-10-02T19:42:49.221Z raft-host: gc-frag group=2 scans=2 records=512 ms=270
2026-10-02T19:42:49.221Z raft-host: gc-pass ms=270 reap=0 frag=270 spread=0 recover=0 fscans=2 fsegs=4 fkeys=516 femit=514 ftomb=2 scans=3 segs=4 keys=516 emit=514 tomb=2
2026-10-02T19:42:50.496Z raft-host: gc-frag group=2 scans=2 records=512 ms=271
2026-10-02T19:42:50.496Z raft-host: gc-pass ms=272 reap=0 frag=271 spread=0 recover=0 fscans=2 fsegs=4 fkeys=516 femit=514 ftomb=2 scans=3 segs=4 keys=516 emit=514 tomb=2
2026-10-02T19:42:51.769Z raft-host: gc-frag group=2 scans=2 records=512 ms=270
2026-10-02T19:42:51.769Z raft-host: gc-pass ms=270 reap=0 frag=270 spread=0 recover=0 fscans=2 fsegs=4 fkeys=516 femit=514 ftomb=2 scans=3 segs=4 keys=516 emit=514 tomb=2
2026-10-02T19:42:53.042Z raft-host: gc-frag group=2 scans=2 records=512 ms=270
2026-10-02T19:42:53.042Z raft-host: gc-pass ms=270 reap=0 frag=270 spread=0 recover=0 fscans=2 fsegs=4 fkeys=516 femit=514 ftomb=2 scans=3 segs=4 keys=516 emit=514 tomb=2
2026-10-02T19:42:53.234Z raft-obs: tx->1 enq=29750 drop=0 sent=29750 fail=0 hi=7 rtt_avg=44us get_avg=140us get_max=4173ms
2026-10-02T19:42:53.234Z raft-obs: tx->2 enq=29151 drop=0 sent=29151 fail=0 hi=5 rtt_avg=38us get_avg=139us get_max=4059ms
2026-10-02T19:42:53.234Z raft-obs: wait_timeouts=0 pump_hold_max=94us lock_wait_max=273us drain_max=93us tick_max=10us apply_max=86us persist_max=519us applies_in_worst=1 arc_miss=0 arc_term_miss=0 opid_replay=0 fin_q=0 fin_done=0 fin_drop=0 fin_full=0 pub_p50=0us pub_max=0us inbox_drop=0
2026-10-02T19:42:54.313Z raft-host: gc-frag group=2 scans=2 records=512 ms=268
2026-10-02T19:42:54.313Z raft-host: gc-pass ms=268 reap=0 frag=268 spread=0 recover=0 fscans=2 fsegs=4 fkeys=516 femit=514 ftomb=2 scans=3 segs=4 keys=516 emit=514 tomb=2
2026-10-02T19:42:55.587Z raft-host: gc-frag group=2 scans=2 records=512 ms=270
2026-10-02T19:42:55.587Z raft-host: gc-pass ms=271 reap=0 frag=270 spread=0 recover=0 fscans=2 fsegs=4 fkeys=516 femit=514 ftomb=2 scans=3 segs=4 keys=516 emit=514 tomb=2
2026-10-02T19:42:56.860Z raft-host: gc-frag group=2 scans=2 records=512 ms=270
2026-10-02T19:42:56.860Z raft-host: gc-pass ms=270 reap=0 frag=270 spread=0 recover=0 fscans=2 fsegs=4 fkeys=516 femit=514 ftomb=2 scans=3 segs=4 keys=516 emit=514 tomb=2
2026-10-02T19:42:58.133Z raft-host: gc-frag group=2 scans=2 records=512 ms=270
2026-10-02T19:42:58.133Z raft-host: gc-pass ms=270 reap=0 frag=270 spread=0 recover=0 fscans=2 fsegs=4 fkeys=516 femit=514 ftomb=2 scans=3 segs=4 keys=516 emit=514 tomb=2
2026-10-02T19:42:58.235Z raft-obs: tx->1 enq=29941 drop=0 sent=29940 fail=0 hi=7 rtt_avg=44us get_avg=139us get_max=4173ms
2026-10-02T19:42:58.235Z raft-obs: tx->2 enq=29342 drop=0 sent=29341 fail=0 hi=5 rtt_avg=38us get_avg=138us get_max=4059ms
2026-10-02T19:42:58.235Z raft-obs: wait_timeouts=0 pump_hold_max=81us lock_wait_max=264us drain_max=81us tick_max=9us apply_max=75us persist_max=506us applies_in_worst=1 arc_miss=0 arc_term_miss=0 opid_replay=0 fin_q=0 fin_done=0 fin_drop=0 fin_full=0 pub_p50=0us pub_max=0us inbox_drop=0
2026-10-02T19:42:59.407Z raft-host: gc-frag group=2 scans=2 records=512 ms=271
2026-10-02T19:42:59.408Z raft-host: gc-pass ms=271 reap=0 frag=271 spread=0 recover=0 fscans=2 fsegs=4 fkeys=516 femit=514 ftomb=2 scans=3 segs=4 keys=516 emit=514 tomb=2
2026-10-02T19:43:00.681Z raft-host: gc-frag group=2 scans=2 records=512 ms=270
2026-10-02T19:43:00.681Z raft-host: gc-pass ms=270 reap=0 frag=270 spread=0 recover=0 fscans=2 fsegs=4 fkeys=516 femit=514 ftomb=2 scans=3 segs=4 keys=516 emit=514 tomb=2
2026-10-02T19:43:01.955Z raft-host: gc-frag group=2 scans=2 records=512 ms=271
2026-10-02T19:43:01.955Z raft-host: gc-pass ms=271 reap=0 frag=271 spread=0 recover=0 fscans=2 fsegs=4 fkeys=516 femit=514 ftomb=2 scans=3 segs=4 keys=516 emit=514 tomb=2
2026-10-02T19:43:03.229Z raft-host: gc-frag group=2 scans=2 records=512 ms=270
2026-10-02T19:43:03.229Z raft-host: gc-pass ms=270 reap=0 frag=270 spread=0 recover=0 fscans=2 fsegs=4 fkeys=516 femit=514 ftomb=2 scans=3 segs=4 keys=516 emit=514 tomb=2
2026-10-02T19:43:03.239Z raft-obs: tx->1 enq=30131 drop=0 sent=30131 fail=0 hi=7 rtt_avg=44us get_avg=138us get_max=4173ms
2026-10-02T19:43:03.239Z raft-obs: tx->2 enq=29532 drop=0 sent=29532 fail=0 hi=5 rtt_avg=38us get_avg=137us get_max=4059ms
2026-10-02T19:43:03.239Z raft-obs: wait_timeouts=0 pump_hold_max=106us lock_wait_max=430us drain_max=105us tick_max=5us apply_max=95us persist_max=532us applies_in_worst=1 arc_miss=0 arc_term_miss=0 opid_replay=0 fin_q=0 fin_done=0 fin_drop=0 fin_full=0 pub_p50=0us pub_max=0us inbox_drop=0
2026-10-02T19:43:04.502Z raft-host: gc-frag group=2 scans=2 records=512 ms=271
2026-10-02T19:43:04.503Z raft-host: gc-pass ms=271 reap=0 frag=271 spread=0 recover=0 fscans=2 fsegs=4 fkeys=516 femit=514 ftomb=2 scans=3 segs=4 keys=516 emit=514 tomb=2
2026-10-02T19:43:05.777Z raft-host: gc-frag group=2 scans=2 records=512 ms=272
2026-10-02T19:43:05.777Z raft-host: gc-pass ms=272 reap=0 frag=272 spread=0 recover=0 fscans=2 fsegs=4 fkeys=516 femit=514 ftomb=2 scans=3 segs=4 keys=516 emit=514 tomb=2
2026-10-02T19:43:07.051Z raft-host: gc-frag group=2 scans=2 records=512 ms=270
2026-10-02T19:43:07.051Z raft-host: gc-pass ms=270 reap=0 frag=270 spread=0 recover=0 fscans=2 fsegs=4 fkeys=516 femit=514 ftomb=2 scans=3 segs=4 keys=516 emit=514 tomb=2
2026-10-02T19:43:08.242Z raft-obs: tx->1 enq=30313 drop=0 sent=30313 fail=0 hi=7 rtt_avg=43us get_avg=137us get_max=4173ms
2026-10-02T19:43:08.242Z raft-obs: tx->2 enq=29714 drop=0 sent=29714 fail=0 hi=5 rtt_avg=38us get_avg=136us get_max=4059ms
2026-10-02T19:43:08.242Z raft-obs: wait_timeouts=0 pump_hold_max=121us lock_wait_max=161us drain_max=121us tick_max=6us apply_max=114us persist_max=511us applies_in_worst=1 arc_miss=0 arc_term_miss=0 opid_replay=0 fin_q=0 fin_done=0 fin_drop=0 fin_full=0 pub_p50=0us pub_max=0us inbox_drop=0
2026-10-02T19:43:08.322Z raft-host: gc-frag group=2 scans=2 records=512 ms=268
2026-10-02T19:43:08.323Z raft-host: gc-pass ms=269 reap=0 frag=268 spread=0 recover=0 fscans=2 fsegs=4 fkeys=516 femit=514 ftomb=2 scans=3 segs=4 keys=516 emit=514 tomb=2
2026-10-02T19:43:09.596Z raft-host: gc-frag group=2 scans=2 records=512 ms=270
2026-10-02T19:43:09.596Z raft-host: gc-pass ms=270 reap=0 frag=270 spread=0 recover=0 fscans=2 fsegs=4 fkeys=516 femit=514 ftomb=2 scans=3 segs=4 keys=516 emit=514 tomb=2
2026-10-02T19:43:10.867Z raft-host: gc-frag group=2 scans=2 records=512 ms=268
2026-10-02T19:43:10.867Z raft-host: gc-pass ms=268 reap=0 frag=268 spread=0 recover=0 fscans=2 fsegs=4 fkeys=516 femit=514 ftomb=2 scans=3 segs=4 keys=516 emit=514 tomb=2
2026-10-02T19:43:12.137Z raft-host: gc-frag group=2 scans=2 records=512 ms=267
2026-10-02T19:43:12.137Z raft-host: gc-pass ms=267 reap=0 frag=267 spread=0 recover=0 fscans=2 fsegs=4 fkeys=516 femit=514 ftomb=2 scans=3 segs=4 keys=516 emit=514 tomb=2
2026-10-02T19:43:13.242Z raft-obs: tx->1 enq=30495 drop=0 sent=30495 fail=0 hi=7 rtt_avg=43us get_avg=137us get_max=4173ms
2026-10-02T19:43:13.242Z raft-obs: tx->2 enq=29896 drop=0 sent=29896 fail=0 hi=5 rtt_avg=38us get_avg=136us get_max=4059ms
2026-10-02T19:43:13.242Z raft-obs: wait_timeouts=0 pump_hold_max=119us lock_wait_max=346us drain_max=119us tick_max=5us apply_max=114us persist_max=520us applies_in_worst=1 arc_miss=0 arc_term_miss=0 opid_replay=0 fin_q=0 fin_done=0 fin_drop=0 fin_full=0 pub_p50=0us pub_max=0us inbox_drop=0
2026-10-02T19:43:13.408Z raft-host: gc-frag group=2 scans=2 records=512 ms=268
2026-10-02T19:43:13.408Z raft-host: gc-pass ms=269 reap=0 frag=268 spread=0 recover=0 fscans=2 fsegs=4 fkeys=516 femit=514 ftomb=2 scans=3 segs=4 keys=516 emit=514 tomb=2
2026-10-02T19:43:14.680Z raft-host: gc-frag group=2 scans=2 records=512 ms=269
2026-10-02T19:43:14.680Z raft-host: gc-pass ms=269 reap=0 frag=269 spread=0 recover=0 fscans=2 fsegs=4 fkeys=516 femit=514 ftomb=2 scans=3 segs=4 keys=516 emit=514 tomb=2
2026-10-02T19:43:15.953Z raft-host: gc-frag group=2 scans=2 records=512 ms=269
2026-10-02T19:43:15.953Z raft-host: gc-pass ms=269 reap=0 frag=269 spread=0 recover=0 fscans=2 fsegs=4 fkeys=516 femit=514 ftomb=2 scans=3 segs=4 keys=516 emit=514 tomb=2
2026-10-02T19:43:17.226Z raft-host: gc-frag group=2 scans=2 records=512 ms=270
2026-10-02T19:43:17.226Z raft-host: gc-pass ms=270 reap=0 frag=270 spread=0 recover=0 fscans=2 fsegs=4 fkeys=516 femit=514 ftomb=2 scans=3 segs=4 keys=516 emit=514 tomb=2
2026-10-02T19:43:18.244Z raft-obs: tx->1 enq=30679 drop=0 sent=30679 fail=0 hi=7 rtt_avg=43us get_avg=136us get_max=4173ms
2026-10-02T19:43:18.244Z raft-obs: tx->2 enq=30080 drop=0 sent=30080 fail=0 hi=5 rtt_avg=38us get_avg=135us get_max=4059ms
2026-10-02T19:43:18.244Z raft-obs: wait_timeouts=0 pump_hold_max=79us lock_wait_max=348us drain_max=79us tick_max=8us apply_max=74us persist_max=516us applies_in_worst=1 arc_miss=0 arc_term_miss=0 opid_replay=0 fin_q=0 fin_done=0 fin_drop=0 fin_full=0 pub_p50=0us pub_max=0us inbox_drop=0
2026-10-02T19:43:18.302Z kv-compact: start l0=143 inputs=2 range=260 l0only=1
2026-10-02T19:43:18.314Z kv-compact: end bytes=7296094 ms=11 l0=142 l1=159 rc=0
2026-10-02T19:43:18.314Z kv-compact: start l0=142 inputs=2 range=258 l0only=1
2026-10-02T19:43:18.322Z kv-compact: end bytes=4896267 ms=9 l0=141 l1=159 rc=0
2026-10-02T19:43:18.322Z kv-compact: start l0=141 inputs=2 range=270 l0only=1
2026-10-02T19:43:18.329Z kv-compact: end bytes=4276872 ms=6 l0=140 l1=159 rc=0
2026-10-02T19:43:18.329Z kv-compact: start l0=140 inputs=2 range=257 l0only=1
2026-10-02T19:43:18.335Z kv-compact: end bytes=3925025 ms=7 l0=139 l1=159 rc=0
2026-10-02T19:43:18.335Z kv-compact: start l0=139 inputs=2 range=2 l0only=1
2026-10-02T19:43:18.343Z kv-compact: end bytes=2851266 ms=7 l0=138 l1=159 rc=0
2026-10-02T19:43:18.343Z kv-compact: start l0=138 inputs=2 range=263 l0only=1
2026-10-02T19:43:18.348Z kv-compact: end bytes=2849248 ms=5 l0=137 l1=159 rc=0
2026-10-02T19:43:18.348Z kv-compact: start l0=137 inputs=2 range=261 l0only=1
2026-10-02T19:43:18.353Z kv-compact: end bytes=2718777 ms=4 l0=136 l1=159 rc=0
2026-10-02T19:43:18.353Z kv-compact: start l0=136 inputs=2 range=264 l0only=1
2026-10-02T19:43:18.357Z kv-compact: end bytes=1900195 ms=4 l0=135 l1=159 rc=0
2026-10-02T19:43:18.508Z raft-host: gc-frag group=2 scans=2 records=512 ms=279
2026-10-02T19:43:18.508Z raft-host: gc-pass ms=279 reap=0 frag=279 spread=0 recover=0 fscans=2 fsegs=4 fkeys=516 femit=514 ftomb=2 scans=3 segs=4 keys=516 emit=514 tomb=2
2026-10-02T19:43:19.784Z raft-host: gc-frag group=2 scans=2 records=512 ms=272
2026-10-02T19:43:19.784Z raft-host: gc-pass ms=272 reap=0 frag=272 spread=0 recover=0 fscans=2 fsegs=4 fkeys=516 femit=514 ftomb=2 scans=3 segs=4 keys=516 emit=514 tomb=2
2026-10-02T19:43:21.056Z raft-host: gc-frag group=2 scans=2 records=512 ms=269
2026-10-02T19:43:21.056Z raft-host: gc-pass ms=269 reap=0 frag=269 spread=0 recover=0 fscans=2 fsegs=4 fkeys=516 femit=514 ftomb=2 scans=3 segs=4 keys=516 emit=514 tomb=2
2026-10-02T19:43:22.326Z raft-host: gc-frag group=2 scans=2 records=512 ms=267
2026-10-02T19:43:22.327Z raft-host: gc-pass ms=267 reap=0 frag=267 spread=0 recover=0 fscans=2 fsegs=4 fkeys=516 femit=514 ftomb=2 scans=3 segs=4 keys=516 emit=514 tomb=2
2026-10-02T19:43:23.248Z raft-obs: tx->1 enq=30869 drop=0 sent=30869 fail=0 hi=7 rtt_avg=43us get_avg=135us get_max=4173ms
2026-10-02T19:43:23.248Z raft-obs: tx->2 enq=30270 drop=0 sent=30270 fail=0 hi=5 rtt_avg=38us get_avg=134us get_max=4059ms
2026-10-02T19:43:23.248Z raft-obs: wait_timeouts=0 pump_hold_max=7782us lock_wait_max=263us drain_max=7781us tick_max=5us apply_max=7769us persist_max=762us applies_in_worst=1 arc_miss=0 arc_term_miss=0 opid_replay=0 fin_q=0 fin_done=0 fin_drop=0 fin_full=0 pub_p50=0us pub_max=0us inbox_drop=0
2026-10-02T19:43:23.600Z raft-host: gc-frag group=2 scans=2 records=512 ms=270
2026-10-02T19:43:23.600Z raft-host: gc-pass ms=270 reap=0 frag=270 spread=0 recover=0 fscans=2 fsegs=4 fkeys=516 femit=514 ftomb=2 scans=3 segs=4 keys=516 emit=514 tomb=2
2026-10-02T19:43:24.873Z raft-host: gc-frag group=2 scans=2 records=512 ms=270
2026-10-02T19:43:24.873Z raft-host: gc-pass ms=270 reap=0 frag=270 spread=0 recover=0 fscans=2 fsegs=4 fkeys=516 femit=514 ftomb=2 scans=3 segs=4 keys=516 emit=514 tomb=2
2026-10-02T19:43:26.147Z raft-host: gc-frag group=2 scans=2 records=512 ms=271
2026-10-02T19:43:26.147Z raft-host: gc-pass ms=271 reap=0 frag=271 spread=0 recover=0 fscans=2 fsegs=4 fkeys=516 femit=514 ftomb=2 scans=3 segs=4 keys=516 emit=514 tomb=2
2026-10-02T19:43:27.420Z raft-host: gc-frag group=2 scans=2 records=512 ms=270
2026-10-02T19:43:27.420Z raft-host: gc-pass ms=270 reap=0 frag=270 spread=0 recover=0 fscans=2 fsegs=4 fkeys=516 femit=514 ftomb=2 scans=3 segs=4 keys=516 emit=514 tomb=2
2026-10-02T19:43:28.250Z raft-obs: tx->1 enq=31059 drop=0 sent=31059 fail=0 hi=7 rtt_avg=43us get_avg=134us get_max=4173ms
2026-10-02T19:43:28.250Z raft-obs: tx->2 enq=30460 drop=0 sent=30460 fail=0 hi=5 rtt_avg=38us get_avg=133us get_max=4059ms
2026-10-02T19:43:28.251Z raft-obs: wait_timeouts=0 pump_hold_max=82us lock_wait_max=321us drain_max=82us tick_max=6us apply_max=77us persist_max=623us applies_in_worst=1 arc_miss=0 arc_term_miss=0 opid_replay=0 fin_q=0 fin_done=0 fin_drop=0 fin_full=0 pub_p50=0us pub_max=0us inbox_drop=0
2026-10-02T19:43:28.691Z raft-host: gc-frag group=2 scans=2 records=512 ms=268
2026-10-02T19:43:28.691Z raft-host: gc-pass ms=268 reap=0 frag=268 spread=0 recover=0 fscans=2 fsegs=4 fkeys=516 femit=514 ftomb=2 scans=3 segs=4 keys=516 emit=514 tomb=2
2026-10-02T19:43:29.965Z raft-host: gc-frag group=2 scans=2 records=512 ms=271
2026-10-02T19:43:29.965Z raft-host: gc-pass ms=271 reap=0 frag=271 spread=0 recover=0 fscans=2 fsegs=4 fkeys=516 femit=514 ftomb=2 scans=3 segs=4 keys=516 emit=514 tomb=2
2026-10-02T19:43:31.236Z raft-host: gc-frag group=2 scans=2 records=512 ms=268
2026-10-02T19:43:31.236Z raft-host: gc-pass ms=268 reap=0 frag=268 spread=0 recover=0 fscans=2 fsegs=4 fkeys=516 femit=514 ftomb=2 scans=3 segs=4 keys=516 emit=514 tomb=2
2026-10-02T19:43:32.510Z raft-host: gc-frag group=2 scans=2 records=512 ms=271
2026-10-02T19:43:32.510Z raft-host: gc-pass ms=271 reap=0 frag=271 spread=0 recover=0 fscans=2 fsegs=4 fkeys=516 femit=514 ftomb=2 scans=3 segs=4 keys=516 emit=514 tomb=2
2026-10-02T19:43:33.254Z raft-obs: tx->1 enq=31249 drop=0 sent=31249 fail=0 hi=7 rtt_avg=43us get_avg=133us get_max=4173ms
2026-10-02T19:43:33.254Z raft-obs: tx->2 enq=30650 drop=0 sent=30650 fail=0 hi=5 rtt_avg=38us get_avg=132us get_max=4059ms
2026-10-02T19:43:33.254Z raft-obs: wait_timeouts=0 pump_hold_max=127us lock_wait_max=298us drain_max=127us tick_max=5us apply_max=120us persist_max=620us applies_in_worst=1 arc_miss=0 arc_term_miss=0 opid_replay=0 fin_q=0 fin_done=0 fin_drop=0 fin_full=0 pub_p50=0us pub_max=0us inbox_drop=0
2026-10-02T19:43:33.782Z raft-host: gc-frag group=2 scans=2 records=512 ms=269
2026-10-02T19:43:33.782Z raft-host: gc-pass ms=269 reap=0 frag=269 spread=0 recover=0 fscans=2 fsegs=4 fkeys=516 femit=514 ftomb=2 scans=3 segs=4 keys=516 emit=514 tomb=2
2026-10-02T19:43:35.054Z raft-host: gc-frag group=2 scans=2 records=512 ms=268
2026-10-02T19:43:35.054Z raft-host: gc-pass ms=268 reap=0 frag=268 spread=0 recover=0 fscans=2 fsegs=4 fkeys=516 femit=514 ftomb=2 scans=3 segs=4 keys=516 emit=514 tomb=2
2026-10-02T19:43:36.327Z raft-host: gc-frag group=2 scans=2 records=512 ms=270
2026-10-02T19:43:36.327Z raft-host: gc-pass ms=270 reap=0 frag=270 spread=0 recover=0 fscans=2 fsegs=4 fkeys=516 femit=514 ftomb=2 scans=3 segs=4 keys=516 emit=514 tomb=2
2026-10-02T19:43:37.599Z raft-host: gc-frag group=2 scans=2 records=512 ms=269
2026-10-02T19:43:37.599Z raft-host: gc-pass ms=269 reap=0 frag=269 spread=0 recover=0 fscans=2 fsegs=4 fkeys=516 femit=514 ftomb=2 scans=3 segs=4 keys=516 emit=514 tomb=2
2026-10-02T19:43:38.257Z raft-obs: tx->1 enq=31440 drop=0 sent=31439 fail=0 hi=7 rtt_avg=43us get_avg=133us get_max=4173ms
2026-10-02T19:43:38.257Z raft-obs: tx->2 enq=30841 drop=0 sent=30840 fail=0 hi=5 rtt_avg=37us get_avg=131us get_max=4059ms
2026-10-02T19:43:38.257Z raft-obs: wait_timeouts=0 pump_hold_max=85us lock_wait_max=313us drain_max=85us tick_max=18us apply_max=78us persist_max=531us applies_in_worst=1 arc_miss=0 arc_term_miss=0 opid_replay=0 fin_q=0 fin_done=0 fin_drop=0 fin_full=0 pub_p50=0us pub_max=0us inbox_drop=0
2026-10-02T19:43:38.871Z raft-host: gc-frag group=2 scans=2 records=512 ms=269
2026-10-02T19:43:38.871Z raft-host: gc-pass ms=269 reap=0 frag=269 spread=0 recover=0 fscans=2 fsegs=4 fkeys=516 femit=514 ftomb=2 scans=3 segs=4 keys=516 emit=514 tomb=2
2026-10-02T19:43:40.146Z raft-host: gc-frag group=2 scans=2 records=512 ms=272
2026-10-02T19:43:40.146Z raft-host: gc-pass ms=272 reap=0 frag=272 spread=0 recover=0 fscans=2 fsegs=4 fkeys=516 femit=514 ftomb=2 scans=3 segs=4 keys=516 emit=514 tomb=2
2026-10-02T19:43:41.420Z raft-host: gc-frag group=2 scans=2 records=512 ms=271
2026-10-02T19:43:41.420Z raft-host: gc-pass ms=271 reap=0 frag=271 spread=0 recover=0 fscans=2 fsegs=4 fkeys=516 femit=514 ftomb=2 scans=3 segs=4 keys=516 emit=514 tomb=2
2026-10-02T19:43:42.692Z raft-host: gc-frag group=2 scans=2 records=512 ms=268
2026-10-02T19:43:42.692Z raft-host: gc-pass ms=269 reap=0 frag=268 spread=0 recover=0 fscans=2 fsegs=4 fkeys=516 femit=514 ftomb=2 scans=3 segs=4 keys=516 emit=514 tomb=2
2026-10-02T19:43:43.259Z raft-obs: tx->1 enq=31630 drop=0 sent=31630 fail=0 hi=7 rtt_avg=43us get_avg=132us get_max=4173ms
2026-10-02T19:43:43.259Z raft-obs: tx->2 enq=31031 drop=0 sent=31031 fail=0 hi=5 rtt_avg=37us get_avg=131us get_max=4059ms
2026-10-02T19:43:43.259Z raft-obs: wait_timeouts=0 pump_hold_max=120us lock_wait_max=330us drain_max=120us tick_max=25us apply_max=112us persist_max=525us applies_in_worst=1 arc_miss=0 arc_term_miss=0 opid_replay=0 fin_q=0 fin_done=0 fin_drop=0 fin_full=0 pub_p50=0us pub_max=0us inbox_drop=0
2026-10-02T19:43:43.966Z raft-host: gc-frag group=2 scans=2 records=512 ms=270
2026-10-02T19:43:43.966Z raft-host: gc-pass ms=270 reap=0 frag=270 spread=0 recover=0 fscans=2 fsegs=4 fkeys=516 femit=514 ftomb=2 scans=3 segs=4 keys=516 emit=514 tomb=2
2026-10-02T19:43:45.239Z raft-host: gc-frag group=2 scans=2 records=512 ms=270
2026-10-02T19:43:45.239Z raft-host: gc-pass ms=270 reap=0 frag=270 spread=0 recover=0 fscans=2 fsegs=4 fkeys=516 femit=514 ftomb=2 scans=3 segs=4 keys=516 emit=514 tomb=2
2026-10-02T19:43:46.512Z raft-host: gc-frag group=2 scans=2 records=512 ms=270
2026-10-02T19:43:46.512Z raft-host: gc-pass ms=270 reap=0 frag=270 spread=0 recover=0 fscans=2 fsegs=4 fkeys=516 femit=514 ftomb=2 scans=3 segs=4 keys=516 emit=514 tomb=2
2026-10-02T19:43:47.786Z raft-host: gc-frag group=2 scans=2 records=512 ms=270
2026-10-02T19:43:47.786Z raft-host: gc-pass ms=270 reap=0 frag=270 spread=0 recover=0 fscans=2 fsegs=4 fkeys=516 femit=514 ftomb=2 scans=3 segs=4 keys=516 emit=514 tomb=2
2026-10-02T19:43:48.262Z raft-obs: tx->1 enq=31820 drop=0 sent=31820 fail=0 hi=7 rtt_avg=43us get_avg=131us get_max=4173ms
2026-10-02T19:43:48.262Z raft-obs: tx->2 enq=31221 drop=0 sent=31221 fail=0 hi=5 rtt_avg=37us get_avg=130us get_max=4059ms
2026-10-02T19:43:48.262Z raft-obs: wait_timeouts=0 pump_hold_max=111us lock_wait_max=239us drain_max=111us tick_max=5us apply_max=104us persist_max=510us applies_in_worst=1 arc_miss=0 arc_term_miss=0 opid_replay=0 fin_q=0 fin_done=0 fin_drop=0 fin_full=0 pub_p50=0us pub_max=0us inbox_drop=0
2026-10-02T19:43:49.058Z raft-host: gc-frag group=2 scans=2 records=512 ms=269
2026-10-02T19:43:49.058Z raft-host: gc-pass ms=269 reap=0 frag=269 spread=0 recover=0 fscans=2 fsegs=4 fkeys=516 femit=514 ftomb=2 scans=3 segs=4 keys=516 emit=514 tomb=2
2026-10-02T19:43:50.330Z raft-host: gc-frag group=2 scans=2 records=512 ms=269
2026-10-02T19:43:50.330Z raft-host: gc-pass ms=269 reap=0 frag=269 spread=0 recover=0 fscans=2 fsegs=4 fkeys=516 femit=514 ftomb=2 scans=3 segs=4 keys=516 emit=514 tomb=2
2026-10-02T19:43:51.602Z raft-host: gc-frag group=2 scans=2 records=512 ms=268
2026-10-02T19:43:51.602Z raft-host: gc-pass ms=268 reap=0 frag=268 spread=0 recover=0 fscans=2 fsegs=4 fkeys=516 femit=514 ftomb=2 scans=3 segs=4 keys=516 emit=514 tomb=2
2026-10-02T19:43:52.874Z raft-host: gc-frag group=2 scans=2 records=512 ms=269
2026-10-02T19:43:52.874Z raft-host: gc-pass ms=269 reap=0 frag=269 spread=0 recover=0 fscans=2 fsegs=4 fkeys=516 femit=514 ftomb=2 scans=3 segs=4 keys=516 emit=514 tomb=2
2026-10-02T19:43:53.264Z raft-obs: tx->1 enq=32010 drop=0 sent=32010 fail=0 hi=7 rtt_avg=43us get_avg=130us get_max=4173ms
2026-10-02T19:43:53.264Z raft-obs: tx->2 enq=31411 drop=0 sent=31411 fail=0 hi=5 rtt_avg=37us get_avg=129us get_max=4059ms
2026-10-02T19:43:53.264Z raft-obs: wait_timeouts=0 pump_hold_max=84us lock_wait_max=244us drain_max=84us tick_max=7us apply_max=78us persist_max=507us applies_in_worst=1 arc_miss=0 arc_term_miss=0 opid_replay=0 fin_q=0 fin_done=0 fin_drop=0 fin_full=0 pub_p50=0us pub_max=0us inbox_drop=0
2026-10-02T19:43:54.144Z raft-host: gc-frag group=2 scans=2 records=512 ms=267
2026-10-02T19:43:54.144Z raft-host: gc-pass ms=267 reap=0 frag=267 spread=0 recover=0 fscans=2 fsegs=4 fkeys=516 femit=514 ftomb=2 scans=3 segs=4 keys=516 emit=514 tomb=2
2026-10-02T19:43:55.417Z raft-host: gc-frag group=2 scans=2 records=512 ms=269
2026-10-02T19:43:55.417Z raft-host: gc-pass ms=269 reap=0 frag=269 spread=0 recover=0 fscans=2 fsegs=4 fkeys=516 femit=514 ftomb=2 scans=3 segs=4 keys=516 emit=514 tomb=2
2026-10-02T19:43:56.688Z raft-host: gc-frag group=2 scans=2 records=512 ms=268
2026-10-02T19:43:56.688Z raft-host: gc-pass ms=268 reap=0 frag=268 spread=0 recover=0 fscans=2 fsegs=4 fkeys=516 femit=514 ftomb=2 scans=3 segs=4 keys=516 emit=514 tomb=2
2026-10-02T19:43:57.956Z raft-host: gc-frag group=2 scans=2 records=512 ms=265
2026-10-02T19:43:57.956Z raft-host: gc-pass ms=265 reap=0 frag=265 spread=0 recover=0 fscans=2 fsegs=4 fkeys=516 femit=514 ftomb=2 scans=3 segs=4 keys=516 emit=514 tomb=2
2026-10-02T19:43:58.266Z raft-obs: tx->1 enq=32201 drop=0 sent=32201 fail=0 hi=7 rtt_avg=43us get_avg=129us get_max=4173ms
2026-10-02T19:43:58.266Z raft-obs: tx->2 enq=31602 drop=0 sent=31602 fail=0 hi=5 rtt_avg=37us get_avg=128us get_max=4059ms
2026-10-02T19:43:58.266Z raft-obs: wait_timeouts=0 pump_hold_max=124us lock_wait_max=374us drain_max=124us tick_max=8us apply_max=119us persist_max=531us applies_in_worst=1 arc_miss=0 arc_term_miss=0 opid_replay=0 fin_q=0 fin_done=0 fin_drop=0 fin_full=0 pub_p50=0us pub_max=0us inbox_drop=0
2026-10-02T19:43:59.227Z raft-host: gc-frag group=2 scans=2 records=512 ms=267
2026-10-02T19:43:59.227Z raft-host: gc-pass ms=268 reap=0 frag=268 spread=0 recover=0 fscans=2 fsegs=4 fkeys=516 femit=514 ftomb=2 scans=3 segs=4 keys=516 emit=514 tomb=2
2026-10-02T19:44:00.502Z raft-host: gc-frag group=2 scans=2 records=512 ms=271
2026-10-02T19:44:00.502Z raft-host: gc-pass ms=271 reap=0 frag=271 spread=0 recover=0 fscans=2 fsegs=4 fkeys=516 femit=514 ftomb=2 scans=3 segs=4 keys=516 emit=514 tomb=2
2026-10-02T19:44:01.778Z raft-host: gc-frag group=2 scans=2 records=512 ms=273
2026-10-02T19:44:01.778Z raft-host: gc-pass ms=273 reap=0 frag=273 spread=0 recover=0 fscans=2 fsegs=4 fkeys=516 femit=514 ftomb=2 scans=3 segs=4 keys=516 emit=514 tomb=2
2026-10-02T19:44:03.049Z raft-host: gc-frag group=2 scans=2 records=512 ms=268
2026-10-02T19:44:03.049Z raft-host: gc-pass ms=268 reap=0 frag=268 spread=0 recover=0 fscans=2 fsegs=4 fkeys=516 femit=514 ftomb=2 scans=3 segs=4 keys=516 emit=514 tomb=2
2026-10-02T19:44:03.267Z raft-obs: tx->1 enq=32391 drop=0 sent=32391 fail=0 hi=7 rtt_avg=43us get_avg=129us get_max=4173ms
2026-10-02T19:44:03.267Z raft-obs: tx->2 enq=31792 drop=0 sent=31792 fail=0 hi=5 rtt_avg=37us get_avg=127us get_max=4059ms
2026-10-02T19:44:03.267Z raft-obs: wait_timeouts=0 pump_hold_max=94us lock_wait_max=257us drain_max=94us tick_max=8us apply_max=89us persist_max=515us applies_in_worst=1 arc_miss=0 arc_term_miss=0 opid_replay=0 fin_q=0 fin_done=0 fin_drop=0 fin_full=0 pub_p50=0us pub_max=0us inbox_drop=0
2026-10-02T19:44:04.320Z raft-host: gc-frag group=2 scans=2 records=512 ms=268
2026-10-02T19:44:04.320Z raft-host: gc-pass ms=268 reap=0 frag=268 spread=0 recover=0 fscans=2 fsegs=4 fkeys=516 femit=514 ftomb=2 scans=3 segs=4 keys=516 emit=514 tomb=2
2026-10-02T19:44:05.594Z raft-host: gc-frag group=2 scans=2 records=512 ms=270
2026-10-02T19:44:05.594Z raft-host: gc-pass ms=270 reap=0 frag=270 spread=0 recover=0 fscans=2 fsegs=4 fkeys=516 femit=514 ftomb=2 scans=3 segs=4 keys=516 emit=514 tomb=2
2026-10-02T19:44:06.865Z raft-host: gc-frag group=2 scans=2 records=512 ms=268
2026-10-02T19:44:06.865Z raft-host: gc-pass ms=268 reap=0 frag=268 spread=0 recover=0 fscans=2 fsegs=4 fkeys=516 femit=514 ftomb=2 scans=3 segs=4 keys=516 emit=514 tomb=2
2026-10-02T19:44:08.135Z raft-host: gc-frag group=2 scans=2 records=512 ms=267
2026-10-02T19:44:08.135Z raft-host: gc-pass ms=267 reap=0 frag=267 spread=0 recover=0 fscans=2 fsegs=4 fkeys=516 femit=514 ftomb=2 scans=3 segs=4 keys=516 emit=514 tomb=2
2026-10-02T19:44:08.267Z raft-obs: tx->1 enq=32581 drop=0 sent=32581 fail=0 hi=7 rtt_avg=43us get_avg=128us get_max=4173ms
2026-10-02T19:44:08.267Z raft-obs: tx->2 enq=31982 drop=0 sent=31982 fail=0 hi=5 rtt_avg=37us get_avg=127us get_max=4059ms
2026-10-02T19:44:08.267Z raft-obs: wait_timeouts=0 pump_hold_max=124us lock_wait_max=315us drain_max=124us tick_max=5us apply_max=116us persist_max=538us applies_in_worst=1 arc_miss=0 arc_term_miss=0 opid_replay=0 fin_q=0 fin_done=0 fin_drop=0 fin_full=0 pub_p50=0us pub_max=0us inbox_drop=0
2026-10-02T19:44:09.408Z raft-host: gc-frag group=2 scans=2 records=512 ms=269
2026-10-02T19:44:09.408Z raft-host: gc-pass ms=269 reap=0 frag=269 spread=0 recover=0 fscans=2 fsegs=4 fkeys=516 femit=514 ftomb=2 scans=3 segs=4 keys=516 emit=514 tomb=2
2026-10-02T19:44:10.680Z raft-host: gc-frag group=2 scans=2 records=512 ms=269
2026-10-02T19:44:10.680Z raft-host: gc-pass ms=269 reap=0 frag=269 spread=0 recover=0 fscans=2 fsegs=4 fkeys=516 femit=514 ftomb=2 scans=3 segs=4 keys=516 emit=514 tomb=2
2026-10-02T19:44:11.950Z raft-host: gc-frag group=2 scans=2 records=512 ms=267
2026-10-02T19:44:11.950Z raft-host: gc-pass ms=267 reap=0 frag=267 spread=0 recover=0 fscans=2 fsegs=4 fkeys=516 femit=514 ftomb=2 scans=3 segs=4 keys=516 emit=514 tomb=2
2026-10-02T19:44:13.220Z raft-host: gc-frag group=2 scans=2 records=512 ms=267
2026-10-02T19:44:13.220Z raft-host: gc-pass ms=267 reap=0 frag=267 spread=0 recover=0 fscans=2 fsegs=4 fkeys=516 femit=514 ftomb=2 scans=3 segs=4 keys=516 emit=514 tomb=2
2026-10-02T19:44:13.271Z raft-obs: tx->1 enq=32772 drop=0 sent=32771 fail=0 hi=7 rtt_avg=42us get_avg=127us get_max=4173ms
2026-10-02T19:44:13.271Z raft-obs: tx->2 enq=32173 drop=0 sent=32172 fail=0 hi=5 rtt_avg=37us get_avg=126us get_max=4059ms
2026-10-02T19:44:13.271Z raft-obs: wait_timeouts=0 pump_hold_max=86us lock_wait_max=235us drain_max=86us tick_max=8us apply_max=80us persist_max=657us applies_in_worst=1 arc_miss=0 arc_term_miss=0 opid_replay=0 fin_q=0 fin_done=0 fin_drop=0 fin_full=0 pub_p50=0us pub_max=0us inbox_drop=0
2026-10-02T19:44:14.490Z raft-host: gc-frag group=2 scans=2 records=512 ms=267
2026-10-02T19:44:14.490Z raft-host: gc-pass ms=267 reap=0 frag=267 spread=0 recover=0 fscans=2 fsegs=4 fkeys=516 femit=514 ftomb=2 scans=3 segs=4 keys=516 emit=514 tomb=2
2026-10-02T19:44:15.763Z raft-host: gc-frag group=2 scans=2 records=512 ms=270
2026-10-02T19:44:15.763Z raft-host: gc-pass ms=270 reap=0 frag=270 spread=0 recover=0 fscans=2 fsegs=4 fkeys=516 femit=514 ftomb=2 scans=3 segs=4 keys=516 emit=514 tomb=2
2026-10-02T19:44:17.035Z raft-host: gc-frag group=2 scans=2 records=512 ms=268
2026-10-02T19:44:17.035Z raft-host: gc-pass ms=269 reap=0 frag=269 spread=0 recover=0 fscans=2 fsegs=4 fkeys=516 femit=514 ftomb=2 scans=3 segs=4 keys=516 emit=514 tomb=2
2026-10-02T19:44:18.275Z raft-obs: tx->1 enq=32957 drop=0 sent=32957 fail=0 hi=7 rtt_avg=42us get_avg=126us get_max=4173ms
2026-10-02T19:44:18.275Z raft-obs: tx->2 enq=32358 drop=0 sent=32358 fail=0 hi=5 rtt_avg=37us get_avg=125us get_max=4059ms
2026-10-02T19:44:18.275Z raft-obs: wait_timeouts=0 pump_hold_max=107us lock_wait_max=424us drain_max=107us tick_max=7us apply_max=100us persist_max=639us applies_in_worst=1 arc_miss=0 arc_term_miss=0 opid_replay=0 fin_q=0 fin_done=0 fin_drop=0 fin_full=0 pub_p50=0us pub_max=0us inbox_drop=0
2026-10-02T19:44:18.306Z raft-host: gc-frag group=2 scans=2 records=512 ms=268
2026-10-02T19:44:18.306Z raft-host: gc-pass ms=268 reap=0 frag=268 spread=0 recover=0 fscans=2 fsegs=4 fkeys=516 femit=514 ftomb=2 scans=3 segs=4 keys=516 emit=514 tomb=2
2026-10-02T19:44:19.576Z raft-host: gc-frag group=2 scans=2 records=512 ms=266
2026-10-02T19:44:19.576Z raft-host: gc-pass ms=266 reap=0 frag=266 spread=0 recover=0 fscans=2 fsegs=4 fkeys=516 femit=514 ftomb=2 scans=3 segs=4 keys=516 emit=514 tomb=2
2026-10-02T19:44:20.845Z raft-host: gc-frag group=2 scans=2 records=512 ms=266
2026-10-02T19:44:20.845Z raft-host: gc-pass ms=266 reap=0 frag=266 spread=0 recover=0 fscans=2 fsegs=4 fkeys=516 femit=514 ftomb=2 scans=3 segs=4 keys=516 emit=514 tomb=2
2026-10-02T19:44:22.113Z raft-host: gc-frag group=2 scans=2 records=512 ms=265
2026-10-02T19:44:22.113Z raft-host: gc-pass ms=265 reap=0 frag=265 spread=0 recover=0 fscans=2 fsegs=4 fkeys=516 femit=514 ftomb=2 scans=3 segs=4 keys=516 emit=514 tomb=2
2026-10-02T19:44:23.277Z raft-obs: tx->1 enq=33143 drop=0 sent=33143 fail=0 hi=7 rtt_avg=42us get_avg=126us get_max=4173ms
2026-10-02T19:44:23.277Z raft-obs: tx->2 enq=32544 drop=0 sent=32544 fail=0 hi=5 rtt_avg=37us get_avg=124us get_max=4059ms
2026-10-02T19:44:23.277Z raft-obs: wait_timeouts=0 pump_hold_max=133us lock_wait_max=338us drain_max=133us tick_max=8us apply_max=126us persist_max=561us applies_in_worst=1 arc_miss=0 arc_term_miss=0 opid_replay=0 fin_q=0 fin_done=0 fin_drop=0 fin_full=0 pub_p50=0us pub_max=0us inbox_drop=0
2026-10-02T19:44:23.388Z raft-host: gc-frag group=2 scans=2 records=512 ms=271
2026-10-02T19:44:23.388Z raft-host: gc-pass ms=271 reap=0 frag=271 spread=0 recover=0 fscans=2 fsegs=4 fkeys=516 femit=514 ftomb=2 scans=3 segs=4 keys=516 emit=514 tomb=2
2026-10-02T19:44:24.658Z raft-host: gc-frag group=2 scans=2 records=512 ms=267
2026-10-02T19:44:24.658Z raft-host: gc-pass ms=267 reap=0 frag=267 spread=0 recover=0 fscans=2 fsegs=4 fkeys=516 femit=514 ftomb=2 scans=3 segs=4 keys=516 emit=514 tomb=2
2026-10-02T19:44:25.929Z raft-host: gc-frag group=2 scans=2 records=512 ms=268
2026-10-02T19:44:25.929Z raft-host: gc-pass ms=268 reap=0 frag=268 spread=0 recover=0 fscans=2 fsegs=4 fkeys=516 femit=514 ftomb=2 scans=3 segs=4 keys=516 emit=514 tomb=2
2026-10-02T19:44:27.200Z raft-host: gc-frag group=2 scans=2 records=512 ms=267
2026-10-02T19:44:27.200Z raft-host: gc-pass ms=267 reap=0 frag=267 spread=0 recover=0 fscans=2 fsegs=4 fkeys=516 femit=514 ftomb=2 scans=3 segs=4 keys=516 emit=514 tomb=2
2026-10-02T19:44:28.280Z raft-obs: tx->1 enq=33326 drop=0 sent=33326 fail=0 hi=7 rtt_avg=42us get_avg=125us get_max=4173ms
2026-10-02T19:44:28.280Z raft-obs: tx->2 enq=32726 drop=0 sent=32726 fail=0 hi=5 rtt_avg=37us get_avg=124us get_max=4059ms
2026-10-02T19:44:28.280Z raft-obs: wait_timeouts=0 pump_hold_max=84us lock_wait_max=384us drain_max=84us tick_max=5us apply_max=79us persist_max=514us applies_in_worst=1 arc_miss=0 arc_term_miss=0 opid_replay=0 fin_q=0 fin_done=0 fin_drop=0 fin_full=0 pub_p50=0us pub_max=0us inbox_drop=0
2026-10-02T19:44:28.473Z raft-host: gc-frag group=2 scans=2 records=512 ms=270
2026-10-02T19:44:28.473Z raft-host: gc-pass ms=270 reap=0 frag=270 spread=0 recover=0 fscans=2 fsegs=4 fkeys=516 femit=514 ftomb=2 scans=3 segs=4 keys=516 emit=514 tomb=2
2026-10-02T19:44:29.746Z raft-host: gc-frag group=2 scans=2 records=512 ms=269
2026-10-02T19:44:29.746Z raft-host: gc-pass ms=269 reap=0 frag=269 spread=0 recover=0 fscans=2 fsegs=4 fkeys=516 femit=514 ftomb=2 scans=3 segs=4 keys=516 emit=514 tomb=2
2026-10-02T19:44:31.017Z raft-host: gc-frag group=2 scans=2 records=512 ms=268
2026-10-02T19:44:31.017Z raft-host: gc-pass ms=268 reap=0 frag=268 spread=0 recover=0 fscans=2 fsegs=4 fkeys=516 femit=514 ftomb=2 scans=3 segs=4 keys=516 emit=514 tomb=2
2026-10-02T19:44:32.289Z raft-host: gc-frag group=2 scans=2 records=512 ms=269
2026-10-02T19:44:32.289Z raft-host: gc-pass ms=269 reap=0 frag=269 spread=0 recover=0 fscans=2 fsegs=4 fkeys=516 femit=514 ftomb=2 scans=3 segs=4 keys=516 emit=514 tomb=2
2026-10-02T19:44:33.281Z raft-obs: tx->1 enq=33511 drop=0 sent=33511 fail=0 hi=7 rtt_avg=42us get_avg=124us get_max=4173ms
2026-10-02T19:44:33.281Z raft-obs: tx->2 enq=32911 drop=0 sent=32911 fail=0 hi=5 rtt_avg=37us get_avg=123us get_max=4059ms
2026-10-02T19:44:33.281Z raft-obs: wait_timeouts=0 pump_hold_max=121us lock_wait_max=310us drain_max=121us tick_max=5us apply_max=114us persist_max=518us applies_in_worst=1 arc_miss=0 arc_term_miss=0 opid_replay=0 fin_q=0 fin_done=0 fin_drop=0 fin_full=0 pub_p50=0us pub_max=0us inbox_drop=0
2026-10-02T19:44:33.560Z raft-host: gc-frag group=2 scans=2 records=512 ms=267
2026-10-02T19:44:33.560Z raft-host: gc-pass ms=267 reap=0 frag=267 spread=0 recover=0 fscans=2 fsegs=4 fkeys=516 femit=514 ftomb=2 scans=3 segs=4 keys=516 emit=514 tomb=2
2026-10-02T19:44:34.831Z raft-host: gc-frag group=2 scans=2 records=512 ms=268
2026-10-02T19:44:34.831Z raft-host: gc-pass ms=268 reap=0 frag=268 spread=0 recover=0 fscans=2 fsegs=4 fkeys=516 femit=514 ftomb=2 scans=3 segs=4 keys=516 emit=514 tomb=2
2026-10-02T19:44:36.103Z raft-host: gc-frag group=2 scans=2 records=512 ms=268
2026-10-02T19:44:36.103Z raft-host: gc-pass ms=268 reap=0 frag=268 spread=0 recover=0 fscans=2 fsegs=4 fkeys=516 femit=514 ftomb=2 scans=3 segs=4 keys=516 emit=514 tomb=2
2026-10-02T19:44:37.372Z raft-host: gc-frag group=2 scans=2 records=512 ms=266
2026-10-02T19:44:37.372Z raft-host: gc-pass ms=266 reap=0 frag=266 spread=0 recover=0 fscans=2 fsegs=4 fkeys=516 femit=514 ftomb=2 scans=3 segs=4 keys=516 emit=514 tomb=2
2026-10-02T19:44:38.283Z raft-obs: tx->1 enq=33702 drop=0 sent=33701 fail=0 hi=7 rtt_avg=42us get_avg=124us get_max=4173ms
2026-10-02T19:44:38.284Z raft-obs: tx->2 enq=33102 drop=0 sent=33101 fail=0 hi=5 rtt_avg=37us get_avg=122us get_max=4059ms
2026-10-02T19:44:38.284Z raft-obs: wait_timeouts=0 pump_hold_max=88us lock_wait_max=300us drain_max=88us tick_max=9us apply_max=82us persist_max=507us applies_in_worst=1 arc_miss=0 arc_term_miss=0 opid_replay=0 fin_q=0 fin_done=0 fin_drop=0 fin_full=0 pub_p50=0us pub_max=0us inbox_drop=0
2026-10-02T19:44:38.642Z raft-host: gc-frag group=2 scans=2 records=512 ms=267
2026-10-02T19:44:38.643Z raft-host: gc-pass ms=267 reap=0 frag=267 spread=0 recover=0 fscans=2 fsegs=4 fkeys=516 femit=514 ftomb=2 scans=3 segs=4 keys=516 emit=514 tomb=2
2026-10-02T19:44:39.910Z raft-host: gc-frag group=2 scans=2 records=512 ms=265
2026-10-02T19:44:39.911Z raft-host: gc-pass ms=265 reap=0 frag=265 spread=0 recover=0 fscans=2 fsegs=4 fkeys=516 femit=514 ftomb=2 scans=3 segs=4 keys=516 emit=514 tomb=2
2026-10-02T19:44:41.185Z raft-host: gc-frag group=2 scans=2 records=512 ms=272
2026-10-02T19:44:41.185Z raft-host: gc-pass ms=272 reap=0 frag=272 spread=0 recover=0 fscans=2 fsegs=4 fkeys=516 femit=514 ftomb=2 scans=3 segs=4 keys=516 emit=514 tomb=2
2026-10-02T19:44:42.459Z raft-host: gc-frag group=2 scans=2 records=512 ms=270
2026-10-02T19:44:42.459Z raft-host: gc-pass ms=270 reap=0 frag=270 spread=0 recover=0 fscans=2 fsegs=4 fkeys=516 femit=514 ftomb=2 scans=3 segs=4 keys=516 emit=514 tomb=2
2026-10-02T19:44:43.284Z raft-obs: tx->1 enq=33892 drop=0 sent=33892 fail=0 hi=7 rtt_avg=42us get_avg=123us get_max=4173ms
2026-10-02T19:44:43.284Z raft-obs: tx->2 enq=33292 drop=0 sent=33292 fail=0 hi=5 rtt_avg=37us get_avg=122us get_max=4059ms
2026-10-02T19:44:43.284Z raft-obs: wait_timeouts=0 pump_hold_max=121us lock_wait_max=328us drain_max=120us tick_max=5us apply_max=116us persist_max=526us applies_in_worst=1 arc_miss=0 arc_term_miss=0 opid_replay=0 fin_q=0 fin_done=0 fin_drop=0 fin_full=0 pub_p50=0us pub_max=0us inbox_drop=0
2026-10-02T19:44:43.732Z raft-host: gc-frag group=2 scans=2 records=512 ms=270
2026-10-02T19:44:43.732Z raft-host: gc-pass ms=270 reap=0 frag=270 spread=0 recover=0 fscans=2 fsegs=4 fkeys=516 femit=514 ftomb=2 scans=3 segs=4 keys=516 emit=514 tomb=2
2026-10-02T19:44:45.004Z raft-host: gc-frag group=2 scans=2 records=512 ms=269
2026-10-02T19:44:45.004Z raft-host: gc-pass ms=269 reap=0 frag=269 spread=0 recover=0 fscans=2 fsegs=4 fkeys=516 femit=514 ftomb=2 scans=3 segs=4 keys=516 emit=514 tomb=2
2026-10-02T19:44:46.280Z raft-host: gc-frag group=2 scans=2 records=512 ms=273
2026-10-02T19:44:46.280Z raft-host: gc-pass ms=273 reap=0 frag=273 spread=0 recover=0 fscans=2 fsegs=4 fkeys=516 femit=514 ftomb=2 scans=3 segs=4 keys=516 emit=514 tomb=2
2026-10-02T19:44:47.552Z raft-host: gc-frag group=2 scans=2 records=512 ms=269
2026-10-02T19:44:47.552Z raft-host: gc-pass ms=269 reap=0 frag=269 spread=0 recover=0 fscans=2 fsegs=4 fkeys=516 femit=514 ftomb=2 scans=3 segs=4 keys=516 emit=514 tomb=2
2026-10-02T19:44:48.286Z raft-obs: tx->1 enq=34082 drop=0 sent=34082 fail=0 hi=7 rtt_avg=42us get_avg=122us get_max=4173ms
2026-10-02T19:44:48.286Z raft-obs: tx->2 enq=33482 drop=0 sent=33482 fail=0 hi=5 rtt_avg=37us get_avg=121us get_max=4059ms
2026-10-02T19:44:48.286Z raft-obs: wait_timeouts=0 pump_hold_max=96us lock_wait_max=432us drain_max=96us tick_max=7us apply_max=89us persist_max=514us applies_in_worst=1 arc_miss=0 arc_term_miss=0 opid_replay=0 fin_q=0 fin_done=0 fin_drop=0 fin_full=0 pub_p50=0us pub_max=0us inbox_drop=0
2026-10-02T19:44:48.830Z raft-host: gc-frag group=2 scans=2 records=512 ms=275
2026-10-02T19:44:48.830Z raft-host: gc-pass ms=275 reap=0 frag=275 spread=0 recover=0 fscans=2 fsegs=4 fkeys=516 femit=514 ftomb=2 scans=3 segs=4 keys=516 emit=514 tomb=2
2026-10-02T19:44:50.100Z raft-host: gc-frag group=2 scans=2 records=512 ms=267
2026-10-02T19:44:50.100Z raft-host: gc-pass ms=267 reap=0 frag=267 spread=0 recover=0 fscans=2 fsegs=4 fkeys=516 femit=514 ftomb=2 scans=3 segs=4 keys=516 emit=514 tomb=2
2026-10-02T19:44:51.373Z raft-host: gc-frag group=2 scans=2 records=512 ms=270
2026-10-02T19:44:51.373Z raft-host: gc-pass ms=270 reap=0 frag=270 spread=0 recover=0 fscans=2 fsegs=4 fkeys=516 femit=514 ftomb=2 scans=3 segs=4 keys=516 emit=514 tomb=2
2026-10-02T19:44:52.644Z raft-host: gc-frag group=2 scans=2 records=512 ms=267
2026-10-02T19:44:52.644Z raft-host: gc-pass ms=267 reap=0 frag=267 spread=0 recover=0 fscans=2 fsegs=4 fkeys=516 femit=514 ftomb=2 scans=3 segs=4 keys=516 emit=514 tomb=2
2026-10-02T19:44:53.287Z raft-obs: tx->1 enq=34272 drop=0 sent=34272 fail=0 hi=7 rtt_avg=42us get_avg=122us get_max=4173ms
2026-10-02T19:44:53.287Z raft-obs: tx->2 enq=33672 drop=0 sent=33672 fail=0 hi=5 rtt_avg=37us get_avg=120us get_max=4059ms
2026-10-02T19:44:53.287Z raft-obs: wait_timeouts=0 pump_hold_max=121us lock_wait_max=265us drain_max=121us tick_max=12us apply_max=116us persist_max=2844us applies_in_worst=1 arc_miss=0 arc_term_miss=0 opid_replay=0 fin_q=0 fin_done=0 fin_drop=0 fin_full=0 pub_p50=0us pub_max=0us inbox_drop=0
2026-10-02T19:44:53.916Z raft-host: gc-frag group=2 scans=2 records=512 ms=269
2026-10-02T19:44:53.916Z raft-host: gc-pass ms=269 reap=0 frag=269 spread=0 recover=0 fscans=2 fsegs=4 fkeys=516 femit=514 ftomb=2 scans=3 segs=4 keys=516 emit=514 tomb=2
2026-10-02T19:44:55.188Z raft-host: gc-frag group=2 scans=2 records=512 ms=269
2026-10-02T19:44:55.188Z raft-host: gc-pass ms=269 reap=0 frag=269 spread=0 recover=0 fscans=2 fsegs=4 fkeys=516 femit=514 ftomb=2 scans=3 segs=4 keys=516 emit=514 tomb=2
2026-10-02T19:44:56.459Z raft-host: gc-frag group=2 scans=2 records=512 ms=267
2026-10-02T19:44:56.459Z raft-host: gc-pass ms=267 reap=0 frag=267 spread=0 recover=0 fscans=2 fsegs=4 fkeys=516 femit=514 ftomb=2 scans=3 segs=4 keys=516 emit=514 tomb=2
2026-10-02T19:44:57.729Z raft-host: gc-frag group=2 scans=2 records=512 ms=267
2026-10-02T19:44:57.729Z raft-host: gc-pass ms=267 reap=0 frag=267 spread=0 recover=0 fscans=2 fsegs=4 fkeys=516 femit=514 ftomb=2 scans=3 segs=4 keys=516 emit=514 tomb=2
2026-10-02T19:44:58.291Z raft-obs: tx->1 enq=34463 drop=0 sent=34463 fail=0 hi=7 rtt_avg=42us get_avg=121us get_max=4173ms
2026-10-02T19:44:58.291Z raft-obs: tx->2 enq=33863 drop=0 sent=33863 fail=0 hi=5 rtt_avg=37us get_avg=120us get_max=4059ms
2026-10-02T19:44:58.291Z raft-obs: wait_timeouts=0 pump_hold_max=114us lock_wait_max=278us drain_max=113us tick_max=4us apply_max=105us persist_max=545us applies_in_worst=1 arc_miss=0 arc_term_miss=0 opid_replay=0 fin_q=0 fin_done=0 fin_drop=0 fin_full=0 pub_p50=0us pub_max=0us inbox_drop=0
2026-10-02T19:44:58.998Z raft-host: gc-frag group=2 scans=2 records=512 ms=266
2026-10-02T19:44:58.998Z raft-host: gc-pass ms=266 reap=0 frag=266 spread=0 recover=0 fscans=2 fsegs=4 fkeys=516 femit=514 ftomb=2 scans=3 segs=4 keys=516 emit=514 tomb=2
2026-10-02T19:45:00.268Z raft-host: gc-frag group=2 scans=2 records=512 ms=267
2026-10-02T19:45:00.268Z raft-host: gc-pass ms=267 reap=0 frag=267 spread=0 recover=0 fscans=2 fsegs=4 fkeys=516 femit=514 ftomb=2 scans=3 segs=4 keys=516 emit=514 tomb=2
2026-10-02T19:45:01.539Z raft-host: gc-frag group=2 scans=2 records=512 ms=268
2026-10-02T19:45:01.539Z raft-host: gc-pass ms=268 reap=0 frag=268 spread=0 recover=0 fscans=2 fsegs=4 fkeys=516 femit=514 ftomb=2 scans=3 segs=4 keys=516 emit=514 tomb=2
2026-10-02T19:45:02.809Z raft-host: gc-frag group=2 scans=2 records=512 ms=267
2026-10-02T19:45:02.810Z raft-host: gc-pass ms=267 reap=0 frag=267 spread=0 recover=0 fscans=2 fsegs=4 fkeys=516 femit=514 ftomb=2 scans=3 segs=4 keys=516 emit=514 tomb=2
2026-10-02T19:45:03.291Z raft-obs: tx->1 enq=34653 drop=0 sent=34653 fail=0 hi=7 rtt_avg=42us get_avg=120us get_max=4173ms
2026-10-02T19:45:03.291Z raft-obs: tx->2 enq=34053 drop=0 sent=34053 fail=0 hi=5 rtt_avg=37us get_avg=119us get_max=4059ms
2026-10-02T19:45:03.291Z raft-obs: wait_timeouts=0 pump_hold_max=132us lock_wait_max=290us drain_max=132us tick_max=9us apply_max=124us persist_max=522us applies_in_worst=1 arc_miss=0 arc_term_miss=0 opid_replay=0 fin_q=0 fin_done=0 fin_drop=0 fin_full=0 pub_p50=0us pub_max=0us inbox_drop=0
2026-10-02T19:45:04.080Z raft-host: gc-frag group=2 scans=2 records=512 ms=267
2026-10-02T19:45:04.080Z raft-host: gc-pass ms=267 reap=0 frag=267 spread=0 recover=0 fscans=2 fsegs=4 fkeys=516 femit=514 ftomb=2 scans=3 segs=4 keys=516 emit=514 tomb=2
2026-10-02T19:45:05.352Z raft-host: gc-frag group=2 scans=2 records=512 ms=268
2026-10-02T19:45:05.352Z raft-host: gc-pass ms=268 reap=0 frag=268 spread=0 recover=0 fscans=2 fsegs=4 fkeys=516 femit=514 ftomb=2 scans=3 segs=4 keys=516 emit=514 tomb=2
2026-10-02T19:45:06.621Z raft-host: gc-frag group=2 scans=2 records=512 ms=266
2026-10-02T19:45:06.621Z raft-host: gc-pass ms=266 reap=0 frag=266 spread=0 recover=0 fscans=2 fsegs=4 fkeys=516 femit=514 ftomb=2 scans=3 segs=4 keys=516 emit=514 tomb=2
2026-10-02T19:45:07.892Z raft-host: gc-frag group=2 scans=2 records=512 ms=267
2026-10-02T19:45:07.892Z raft-host: gc-pass ms=267 reap=0 frag=267 spread=0 recover=0 fscans=2 fsegs=4 fkeys=516 femit=514 ftomb=2 scans=3 segs=4 keys=516 emit=514 tomb=2
2026-10-02T19:45:08.292Z raft-obs: tx->1 enq=34843 drop=0 sent=34843 fail=0 hi=7 rtt_avg=42us get_avg=120us get_max=4173ms
2026-10-02T19:45:08.292Z raft-obs: tx->2 enq=34243 drop=0 sent=34243 fail=0 hi=5 rtt_avg=37us get_avg=118us get_max=4059ms
2026-10-02T19:45:08.292Z raft-obs: wait_timeouts=0 pump_hold_max=136us lock_wait_max=259us drain_max=136us tick_max=8us apply_max=130us persist_max=623us applies_in_worst=1 arc_miss=0 arc_term_miss=0 opid_replay=0 fin_q=0 fin_done=0 fin_drop=0 fin_full=0 pub_p50=0us pub_max=0us inbox_drop=0
2026-10-02T19:45:09.161Z raft-host: gc-frag group=2 scans=2 records=512 ms=266
2026-10-02T19:45:09.161Z raft-host: gc-pass ms=266 reap=0 frag=266 spread=0 recover=0 fscans=2 fsegs=4 fkeys=516 femit=514 ftomb=2 scans=3 segs=4 keys=516 emit=514 tomb=2
2026-10-02T19:45:10.431Z raft-host: gc-frag group=2 scans=2 records=512 ms=268
2026-10-02T19:45:10.432Z raft-host: gc-pass ms=268 reap=0 frag=268 spread=0 recover=0 fscans=2 fsegs=4 fkeys=516 femit=514 ftomb=2 scans=3 segs=4 keys=516 emit=514 tomb=2
2026-10-02T19:45:11.703Z raft-host: gc-frag group=2 scans=2 records=512 ms=268
2026-10-02T19:45:11.703Z raft-host: gc-pass ms=268 reap=0 frag=268 spread=0 recover=0 fscans=2 fsegs=4 fkeys=516 femit=514 ftomb=2 scans=3 segs=4 keys=516 emit=514 tomb=2
2026-10-02T19:45:12.973Z raft-host: gc-frag group=2 scans=2 records=512 ms=267
2026-10-02T19:45:12.973Z raft-host: gc-pass ms=267 reap=0 frag=267 spread=0 recover=0 fscans=2 fsegs=4 fkeys=516 femit=514 ftomb=2 scans=3 segs=4 keys=516 emit=514 tomb=2
2026-10-02T19:45:13.293Z raft-obs: tx->1 enq=35034 drop=0 sent=35034 fail=0 hi=7 rtt_avg=42us get_avg=119us get_max=4173ms
2026-10-02T19:45:13.293Z raft-obs: tx->2 enq=34434 drop=0 sent=34434 fail=0 hi=5 rtt_avg=37us get_avg=118us get_max=4059ms
2026-10-02T19:45:13.293Z raft-obs: wait_timeouts=0 pump_hold_max=123us lock_wait_max=288us drain_max=123us tick_max=11us apply_max=116us persist_max=537us applies_in_worst=1 arc_miss=0 arc_term_miss=0 opid_replay=0 fin_q=0 fin_done=0 fin_drop=0 fin_full=0 pub_p50=0us pub_max=0us inbox_drop=0
2026-10-02T19:45:14.243Z raft-host: gc-frag group=2 scans=2 records=512 ms=267
2026-10-02T19:45:14.243Z raft-host: gc-pass ms=267 reap=0 frag=267 spread=0 recover=0 fscans=2 fsegs=4 fkeys=516 femit=514 ftomb=2 scans=3 segs=4 keys=516 emit=514 tomb=2
2026-10-02T19:45:15.513Z raft-host: gc-frag group=2 scans=2 records=512 ms=266
2026-10-02T19:45:15.513Z raft-host: gc-pass ms=266 reap=0 frag=266 spread=0 recover=0 fscans=2 fsegs=4 fkeys=516 femit=514 ftomb=2 scans=3 segs=4 keys=516 emit=514 tomb=2
2026-10-02T19:45:16.784Z raft-host: gc-frag group=2 scans=2 records=512 ms=267
2026-10-02T19:45:16.784Z raft-host: gc-pass ms=268 reap=0 frag=267 spread=0 recover=0 fscans=2 fsegs=4 fkeys=516 femit=514 ftomb=2 scans=3 segs=4 keys=516 emit=514 tomb=2
2026-10-02T19:45:18.053Z raft-host: gc-frag group=2 scans=2 records=512 ms=266
2026-10-02T19:45:18.053Z raft-host: gc-pass ms=266 reap=0 frag=266 spread=0 recover=0 fscans=2 fsegs=4 fkeys=516 femit=514 ftomb=2 scans=3 segs=4 keys=516 emit=514 tomb=2
2026-10-02T19:45:18.296Z raft-obs: tx->1 enq=35224 drop=0 sent=35224 fail=0 hi=7 rtt_avg=42us get_avg=118us get_max=4173ms
2026-10-02T19:45:18.296Z raft-obs: tx->2 enq=34624 drop=0 sent=34624 fail=0 hi=5 rtt_avg=37us get_avg=117us get_max=4059ms
2026-10-02T19:45:18.296Z raft-obs: wait_timeouts=0 pump_hold_max=133us lock_wait_max=352us drain_max=133us tick_max=4us apply_max=126us persist_max=512us applies_in_worst=1 arc_miss=0 arc_term_miss=0 opid_replay=0 fin_q=0 fin_done=0 fin_drop=0 fin_full=0 pub_p50=0us pub_max=0us inbox_drop=0
2026-10-02T19:45:19.323Z raft-host: gc-frag group=2 scans=2 records=512 ms=267
2026-10-02T19:45:19.323Z raft-host: gc-pass ms=267 reap=0 frag=267 spread=0 recover=0 fscans=2 fsegs=4 fkeys=516 femit=514 ftomb=2 scans=3 segs=4 keys=516 emit=514 tomb=2
2026-10-02T19:45:20.594Z raft-host: gc-frag group=2 scans=2 records=512 ms=268
2026-10-02T19:45:20.594Z raft-host: gc-pass ms=268 reap=0 frag=268 spread=0 recover=0 fscans=2 fsegs=4 fkeys=516 femit=514 ftomb=2 scans=3 segs=4 keys=516 emit=514 tomb=2
2026-10-02T19:45:21.866Z raft-host: gc-frag group=2 scans=2 records=512 ms=269
2026-10-02T19:45:21.866Z raft-host: gc-pass ms=269 reap=0 frag=269 spread=0 recover=0 fscans=2 fsegs=4 fkeys=516 femit=514 ftomb=2 scans=3 segs=4 keys=516 emit=514 tomb=2
2026-10-02T19:45:23.137Z raft-host: gc-frag group=2 scans=2 records=512 ms=268
2026-10-02T19:45:23.137Z raft-host: gc-pass ms=268 reap=0 frag=268 spread=0 recover=0 fscans=2 fsegs=4 fkeys=516 femit=514 ftomb=2 scans=3 segs=4 keys=516 emit=514 tomb=2
2026-10-02T19:45:23.299Z raft-obs: tx->1 enq=35415 drop=0 sent=35415 fail=0 hi=7 rtt_avg=42us get_avg=118us get_max=4173ms
2026-10-02T19:45:23.299Z raft-obs: tx->2 enq=34815 drop=0 sent=34815 fail=0 hi=5 rtt_avg=37us get_avg=116us get_max=4059ms
2026-10-02T19:45:23.299Z raft-obs: wait_timeouts=0 pump_hold_max=121us lock_wait_max=289us drain_max=121us tick_max=10us apply_max=115us persist_max=521us applies_in_worst=1 arc_miss=0 arc_term_miss=0 opid_replay=0 fin_q=0 fin_done=0 fin_drop=0 fin_full=0 pub_p50=0us pub_max=0us inbox_drop=0
2026-10-02T19:45:24.406Z raft-host: gc-frag group=2 scans=2 records=512 ms=265
2026-10-02T19:45:24.406Z raft-host: gc-pass ms=265 reap=0 frag=265 spread=0 recover=0 fscans=2 fsegs=4 fkeys=516 femit=514 ftomb=2 scans=3 segs=4 keys=516 emit=514 tomb=2
2026-10-02T19:45:25.677Z raft-host: gc-frag group=2 scans=2 records=512 ms=268
2026-10-02T19:45:25.677Z raft-host: gc-pass ms=268 reap=0 frag=268 spread=0 recover=0 fscans=2 fsegs=4 fkeys=516 femit=514 ftomb=2 scans=3 segs=4 keys=516 emit=514 tomb=2
2026-10-02T19:45:26.948Z raft-host: gc-frag group=2 scans=2 records=512 ms=268
2026-10-02T19:45:26.949Z raft-host: gc-pass ms=268 reap=0 frag=268 spread=0 recover=0 fscans=2 fsegs=4 fkeys=516 femit=514 ftomb=2 scans=3 segs=4 keys=516 emit=514 tomb=2
2026-10-02T19:45:28.220Z raft-host: gc-frag group=2 scans=2 records=512 ms=269
2026-10-02T19:45:28.220Z raft-host: gc-pass ms=269 reap=0 frag=269 spread=0 recover=0 fscans=2 fsegs=4 fkeys=516 femit=514 ftomb=2 scans=3 segs=4 keys=516 emit=514 tomb=2
2026-10-02T19:45:28.302Z raft-obs: tx->1 enq=35605 drop=0 sent=35605 fail=0 hi=7 rtt_avg=41us get_avg=117us get_max=4173ms
2026-10-02T19:45:28.302Z raft-obs: tx->2 enq=35005 drop=0 sent=35005 fail=0 hi=5 rtt_avg=37us get_avg=116us get_max=4059ms
2026-10-02T19:45:28.302Z raft-obs: wait_timeouts=0 pump_hold_max=79us lock_wait_max=320us drain_max=79us tick_max=5us apply_max=74us persist_max=536us applies_in_worst=1 arc_miss=0 arc_term_miss=0 opid_replay=0 fin_q=0 fin_done=0 fin_drop=0 fin_full=0 pub_p50=0us pub_max=0us inbox_drop=0
2026-10-02T19:45:29.493Z raft-host: gc-frag group=2 scans=2 records=512 ms=270
2026-10-02T19:45:29.493Z raft-host: gc-pass ms=270 reap=0 frag=270 spread=0 recover=0 fscans=2 fsegs=4 fkeys=516 femit=514 ftomb=2 scans=3 segs=4 keys=516 emit=514 tomb=2
2026-10-02T19:45:30.763Z raft-host: gc-frag group=2 scans=2 records=512 ms=267
2026-10-02T19:45:30.763Z raft-host: gc-pass ms=267 reap=0 frag=267 spread=0 recover=0 fscans=2 fsegs=4 fkeys=516 femit=514 ftomb=2 scans=3 segs=4 keys=516 emit=514 tomb=2
2026-10-02T19:45:32.033Z raft-host: gc-frag group=2 scans=2 records=512 ms=266
2026-10-02T19:45:32.033Z raft-host: gc-pass ms=266 reap=0 frag=266 spread=0 recover=0 fscans=2 fsegs=4 fkeys=516 femit=514 ftomb=2 scans=3 segs=4 keys=516 emit=514 tomb=2
2026-10-02T19:45:33.302Z raft-obs: tx->1 enq=35795 drop=0 sent=35794 fail=0 hi=7 rtt_avg=41us get_avg=116us get_max=4173ms
2026-10-02T19:45:33.302Z raft-obs: tx->2 enq=35195 drop=0 sent=35194 fail=0 hi=5 rtt_avg=37us get_avg=115us get_max=4059ms
2026-10-02T19:45:33.302Z raft-obs: wait_timeouts=0 pump_hold_max=127us lock_wait_max=339us drain_max=127us tick_max=10us apply_max=122us persist_max=526us applies_in_worst=1 arc_miss=0 arc_term_miss=0 opid_replay=0 fin_q=0 fin_done=0 fin_drop=0 fin_full=0 pub_p50=0us pub_max=0us inbox_drop=0
2026-10-02T19:45:33.302Z raft-host: gc-frag group=2 scans=2 records=512 ms=266
2026-10-02T19:45:33.302Z raft-host: gc-pass ms=266 reap=0 frag=266 spread=0 recover=0 fscans=2 fsegs=4 fkeys=516 femit=514 ftomb=2 scans=3 segs=4 keys=516 emit=514 tomb=2
2026-10-02T19:45:34.571Z raft-host: gc-frag group=2 scans=2 records=512 ms=266
2026-10-02T19:45:34.571Z raft-host: gc-pass ms=266 reap=0 frag=266 spread=0 recover=0 fscans=2 fsegs=4 fkeys=516 femit=514 ftomb=2 scans=3 segs=4 keys=516 emit=514 tomb=2
2026-10-02T19:45:35.845Z raft-host: gc-frag group=2 scans=2 records=512 ms=271
2026-10-02T19:45:35.846Z raft-host: gc-pass ms=271 reap=0 frag=271 spread=0 recover=0 fscans=2 fsegs=4 fkeys=516 femit=514 ftomb=2 scans=3 segs=4 keys=516 emit=514 tomb=2
2026-10-02T19:45:37.117Z raft-host: gc-frag group=2 scans=2 records=512 ms=269
2026-10-02T19:45:37.118Z raft-host: gc-pass ms=269 reap=0 frag=269 spread=0 recover=0 fscans=2 fsegs=4 fkeys=516 femit=514 ftomb=2 scans=3 segs=4 keys=516 emit=514 tomb=2
2026-10-02T19:45:38.302Z raft-obs: tx->1 enq=35979 drop=0 sent=35979 fail=0 hi=7 rtt_avg=41us get_avg=116us get_max=4173ms
2026-10-02T19:45:38.303Z raft-obs: tx->2 enq=35378 drop=0 sent=35378 fail=0 hi=5 rtt_avg=36us get_avg=114us get_max=4059ms
2026-10-02T19:45:38.303Z raft-obs: wait_timeouts=0 pump_hold_max=126us lock_wait_max=310us drain_max=126us tick_max=5us apply_max=118us persist_max=522us applies_in_worst=1 arc_miss=0 arc_term_miss=0 opid_replay=0 fin_q=0 fin_done=0 fin_drop=0 fin_full=0 pub_p50=0us pub_max=0us inbox_drop=0
2026-10-02T19:45:38.386Z raft-host: gc-frag group=2 scans=2 records=512 ms=266
2026-10-02T19:45:38.386Z raft-host: gc-pass ms=266 reap=0 frag=266 spread=0 recover=0 fscans=2 fsegs=4 fkeys=516 femit=514 ftomb=2 scans=3 segs=4 keys=516 emit=514 tomb=2
2026-10-02T19:45:39.656Z raft-host: gc-frag group=2 scans=2 records=512 ms=267
2026-10-02T19:45:39.656Z raft-host: gc-pass ms=267 reap=0 frag=267 spread=0 recover=0 fscans=2 fsegs=4 fkeys=516 femit=514 ftomb=2 scans=3 segs=4 keys=516 emit=514 tomb=2
2026-10-02T19:45:40.927Z raft-host: gc-frag group=2 scans=2 records=512 ms=268
2026-10-02T19:45:40.927Z raft-host: gc-pass ms=268 reap=0 frag=268 spread=0 recover=0 fscans=2 fsegs=4 fkeys=516 femit=514 ftomb=2 scans=3 segs=4 keys=516 emit=514 tomb=2
2026-10-02T19:45:42.194Z raft-host: gc-frag group=2 scans=2 records=512 ms=263
2026-10-02T19:45:42.194Z raft-host: gc-pass ms=263 reap=0 frag=263 spread=0 recover=0 fscans=2 fsegs=4 fkeys=516 femit=514 ftomb=2 scans=3 segs=4 keys=516 emit=514 tomb=2
2026-10-02T19:45:43.224Z kv-compact: start l0=136 inputs=2 range=2 l0only=1
2026-10-02T19:45:43.236Z kv-compact: end bytes=4774638 ms=12 l0=135 l1=159 rc=0
2026-10-02T19:45:43.305Z raft-obs: tx->1 enq=36161 drop=0 sent=36161 fail=0 hi=7 rtt_avg=41us get_avg=115us get_max=4173ms
2026-10-02T19:45:43.305Z raft-obs: tx->2 enq=35560 drop=0 sent=35560 fail=0 hi=5 rtt_avg=36us get_avg=114us get_max=4059ms
2026-10-02T19:45:43.305Z raft-obs: wait_timeouts=0 pump_hold_max=5300us lock_wait_max=295us drain_max=5300us tick_max=6us apply_max=5293us persist_max=551us applies_in_worst=1 arc_miss=0 arc_term_miss=0 opid_replay=0 fin_q=0 fin_done=0 fin_drop=0 fin_full=0 pub_p50=0us pub_max=0us inbox_drop=0
2026-10-02T19:45:43.466Z raft-host: gc-frag group=2 scans=2 records=512 ms=269
2026-10-02T19:45:43.466Z raft-host: gc-pass ms=269 reap=0 frag=269 spread=0 recover=0 fscans=2 fsegs=4 fkeys=516 femit=514 ftomb=2 scans=3 segs=4 keys=516 emit=514 tomb=2
2026-10-02T19:45:44.735Z raft-host: gc-frag group=2 scans=2 records=512 ms=265
2026-10-02T19:45:44.735Z raft-host: gc-pass ms=265 reap=0 frag=265 spread=0 recover=0 fscans=2 fsegs=4 fkeys=516 femit=514 ftomb=2 scans=3 segs=4 keys=516 emit=514 tomb=2
2026-10-02T19:45:46.004Z raft-host: gc-frag group=2 scans=2 records=512 ms=265
2026-10-02T19:45:46.004Z raft-host: gc-pass ms=265 reap=0 frag=265 spread=0 recover=0 fscans=2 fsegs=4 fkeys=516 femit=514 ftomb=2 scans=3 segs=4 keys=516 emit=514 tomb=2
2026-10-02T19:45:47.274Z raft-host: gc-frag group=2 scans=2 records=512 ms=267
2026-10-02T19:45:47.274Z raft-host: gc-pass ms=267 reap=0 frag=267 spread=0 recover=0 fscans=2 fsegs=4 fkeys=516 femit=514 ftomb=2 scans=3 segs=4 keys=516 emit=514 tomb=2
2026-10-02T19:45:48.306Z raft-obs: tx->1 enq=36347 drop=0 sent=36347 fail=0 hi=7 rtt_avg=41us get_avg=115us get_max=4173ms
2026-10-02T19:45:48.306Z raft-obs: tx->2 enq=35746 drop=0 sent=35746 fail=0 hi=5 rtt_avg=36us get_avg=113us get_max=4059ms
2026-10-02T19:45:48.306Z raft-obs: wait_timeouts=0 pump_hold_max=81us lock_wait_max=319us drain_max=81us tick_max=6us apply_max=75us persist_max=543us applies_in_worst=1 arc_miss=0 arc_term_miss=0 opid_replay=0 fin_q=0 fin_done=0 fin_drop=0 fin_full=0 pub_p50=0us pub_max=0us inbox_drop=0
2026-10-02T19:45:48.545Z raft-host: gc-frag group=2 scans=2 records=512 ms=267
2026-10-02T19:45:48.545Z raft-host: gc-pass ms=267 reap=0 frag=267 spread=0 recover=0 fscans=2 fsegs=4 fkeys=516 femit=514 ftomb=2 scans=3 segs=4 keys=516 emit=514 tomb=2
2026-10-02T19:45:49.817Z raft-host: gc-frag group=2 scans=2 records=512 ms=269
2026-10-02T19:45:49.817Z raft-host: gc-pass ms=269 reap=0 frag=269 spread=0 recover=0 fscans=2 fsegs=4 fkeys=516 femit=514 ftomb=2 scans=3 segs=4 keys=516 emit=514 tomb=2
2026-10-02T19:45:51.088Z raft-host: gc-frag group=2 scans=2 records=512 ms=268
2026-10-02T19:45:51.088Z raft-host: gc-pass ms=268 reap=0 frag=268 spread=0 recover=0 fscans=2 fsegs=4 fkeys=516 femit=514 ftomb=2 scans=3 segs=4 keys=516 emit=514 tomb=2
2026-10-02T19:45:52.357Z raft-host: gc-frag group=2 scans=2 records=512 ms=266
2026-10-02T19:45:52.357Z raft-host: gc-pass ms=267 reap=0 frag=266 spread=0 recover=0 fscans=2 fsegs=4 fkeys=516 femit=514 ftomb=2 scans=3 segs=4 keys=516 emit=514 tomb=2
2026-10-02T19:45:53.310Z raft-obs: tx->1 enq=36535 drop=0 sent=36535 fail=0 hi=7 rtt_avg=41us get_avg=114us get_max=4173ms
2026-10-02T19:45:53.310Z raft-obs: tx->2 enq=35934 drop=0 sent=35934 fail=0 hi=5 rtt_avg=36us get_avg=113us get_max=4059ms
2026-10-02T19:45:53.310Z raft-obs: wait_timeouts=0 pump_hold_max=120us lock_wait_max=319us drain_max=120us tick_max=7us apply_max=114us persist_max=554us applies_in_worst=1 arc_miss=0 arc_term_miss=0 opid_replay=0 fin_q=0 fin_done=0 fin_drop=0 fin_full=0 pub_p50=0us pub_max=0us inbox_drop=0
2026-10-02T19:45:53.625Z raft-host: gc-frag group=2 scans=2 records=512 ms=264
2026-10-02T19:45:53.625Z raft-host: gc-pass ms=264 reap=0 frag=264 spread=0 recover=0 fscans=2 fsegs=4 fkeys=516 femit=514 ftomb=2 scans=3 segs=4 keys=516 emit=514 tomb=2
2026-10-02T19:45:54.892Z raft-host: gc-frag group=2 scans=2 records=512 ms=264
2026-10-02T19:45:54.892Z raft-host: gc-pass ms=264 reap=0 frag=264 spread=0 recover=0 fscans=2 fsegs=4 fkeys=516 femit=514 ftomb=2 scans=3 segs=4 keys=516 emit=514 tomb=2
2026-10-02T19:45:56.160Z raft-host: gc-frag group=2 scans=2 records=512 ms=264
2026-10-02T19:45:56.160Z raft-host: gc-pass ms=264 reap=0 frag=264 spread=0 recover=0 fscans=2 fsegs=4 fkeys=516 femit=514 ftomb=2 scans=3 segs=4 keys=516 emit=514 tomb=2
2026-10-02T19:45:57.426Z raft-host: gc-frag group=2 scans=2 records=512 ms=263
2026-10-02T19:45:57.426Z raft-host: gc-pass ms=263 reap=0 frag=263 spread=0 recover=0 fscans=2 fsegs=4 fkeys=516 femit=514 ftomb=2 scans=3 segs=4 keys=516 emit=514 tomb=2
2026-10-02T19:45:58.313Z raft-obs: tx->1 enq=36726 drop=0 sent=36726 fail=0 hi=7 rtt_avg=41us get_avg=113us get_max=4173ms
2026-10-02T19:45:58.313Z raft-obs: tx->2 enq=36125 drop=0 sent=36125 fail=0 hi=5 rtt_avg=36us get_avg=112us get_max=4059ms
2026-10-02T19:45:58.313Z raft-obs: wait_timeouts=0 pump_hold_max=138us lock_wait_max=331us drain_max=138us tick_max=4us apply_max=130us persist_max=550us applies_in_worst=1 arc_miss=0 arc_term_miss=0 opid_replay=0 fin_q=0 fin_done=0 fin_drop=0 fin_full=0 pub_p50=0us pub_max=0us inbox_drop=0
2026-10-02T19:45:58.692Z raft-host: gc-frag group=2 scans=2 records=512 ms=262
2026-10-02T19:45:58.692Z raft-host: gc-pass ms=262 reap=0 frag=262 spread=0 recover=0 fscans=2 fsegs=4 fkeys=516 femit=514 ftomb=2 scans=3 segs=4 keys=516 emit=514 tomb=2
2026-10-02T19:45:59.960Z raft-host: gc-frag group=2 scans=2 records=512 ms=265
2026-10-02T19:45:59.960Z raft-host: gc-pass ms=266 reap=0 frag=265 spread=0 recover=0 fscans=2 fsegs=4 fkeys=516 femit=514 ftomb=2 scans=3 segs=4 keys=516 emit=514 tomb=2
2026-10-02T19:46:01.230Z raft-host: gc-frag group=2 scans=2 records=512 ms=266
2026-10-02T19:46:01.230Z raft-host: gc-pass ms=267 reap=0 frag=266 spread=0 recover=0 fscans=2 fsegs=4 fkeys=516 femit=514 ftomb=2 scans=3 segs=4 keys=516 emit=514 tomb=2
2026-10-02T19:46:02.499Z raft-host: gc-frag group=2 scans=2 records=512 ms=266
2026-10-02T19:46:02.499Z raft-host: gc-pass ms=266 reap=0 frag=266 spread=0 recover=0 fscans=2 fsegs=4 fkeys=516 femit=514 ftomb=2 scans=3 segs=4 keys=516 emit=514 tomb=2
2026-10-02T19:46:03.315Z raft-obs: tx->1 enq=36917 drop=0 sent=36917 fail=0 hi=7 rtt_avg=41us get_avg=113us get_max=4173ms
2026-10-02T19:46:03.315Z raft-obs: tx->2 enq=36316 drop=0 sent=36316 fail=0 hi=5 rtt_avg=36us get_avg=112us get_max=4059ms
2026-10-02T19:46:03.315Z raft-obs: wait_timeouts=0 pump_hold_max=133us lock_wait_max=318us drain_max=133us tick_max=12us apply_max=127us persist_max=550us applies_in_worst=1 arc_miss=0 arc_term_miss=0 opid_replay=0 fin_q=0 fin_done=0 fin_drop=0 fin_full=0 pub_p50=0us pub_max=0us inbox_drop=0
2026-10-02T19:46:03.770Z raft-host: gc-frag group=2 scans=2 records=512 ms=268
2026-10-02T19:46:03.770Z raft-host: gc-pass ms=268 reap=0 frag=268 spread=0 recover=0 fscans=2 fsegs=4 fkeys=516 femit=514 ftomb=2 scans=3 segs=4 keys=516 emit=514 tomb=2
2026-10-02T19:46:05.041Z raft-host: gc-frag group=2 scans=2 records=512 ms=267
2026-10-02T19:46:05.041Z raft-host: gc-pass ms=267 reap=0 frag=267 spread=0 recover=0 fscans=2 fsegs=4 fkeys=516 femit=514 ftomb=2 scans=3 segs=4 keys=516 emit=514 tomb=2
2026-10-02T19:46:06.307Z raft-host: gc-frag group=2 scans=2 records=512 ms=263
2026-10-02T19:46:06.307Z raft-host: gc-pass ms=263 reap=0 frag=263 spread=0 recover=0 fscans=2 fsegs=4 fkeys=516 femit=514 ftomb=2 scans=3 segs=4 keys=516 emit=514 tomb=2
2026-10-02T19:46:07.577Z raft-host: gc-frag group=2 scans=2 records=512 ms=266
2026-10-02T19:46:07.577Z raft-host: gc-pass ms=267 reap=0 frag=266 spread=0 recover=0 fscans=2 fsegs=4 fkeys=516 femit=514 ftomb=2 scans=3 segs=4 keys=516 emit=514 tomb=2
2026-10-02T19:46:08.316Z raft-obs: tx->1 enq=37107 drop=0 sent=37107 fail=0 hi=7 rtt_avg=41us get_avg=112us get_max=4173ms
2026-10-02T19:46:08.316Z raft-obs: tx->2 enq=36506 drop=0 sent=36506 fail=0 hi=5 rtt_avg=36us get_avg=111us get_max=4059ms
2026-10-02T19:46:08.316Z raft-obs: wait_timeouts=0 pump_hold_max=153us lock_wait_max=332us drain_max=153us tick_max=5us apply_max=147us persist_max=517us applies_in_worst=1 arc_miss=0 arc_term_miss=0 opid_replay=0 fin_q=0 fin_done=0 fin_drop=0 fin_full=0 pub_p50=0us pub_max=0us inbox_drop=0
2026-10-02T19:46:08.845Z raft-host: gc-frag group=2 scans=2 records=512 ms=266
2026-10-02T19:46:08.845Z raft-host: gc-pass ms=266 reap=0 frag=266 spread=0 recover=0 fscans=2 fsegs=4 fkeys=516 femit=514 ftomb=2 scans=3 segs=4 keys=516 emit=514 tomb=2
2026-10-02T19:46:10.115Z raft-host: gc-frag group=2 scans=2 records=512 ms=266
2026-10-02T19:46:10.115Z raft-host: gc-pass ms=266 reap=0 frag=266 spread=0 recover=0 fscans=2 fsegs=4 fkeys=516 femit=514 ftomb=2 scans=3 segs=4 keys=516 emit=514 tomb=2
2026-10-02T19:46:11.385Z raft-host: gc-frag group=2 scans=2 records=512 ms=267
2026-10-02T19:46:11.385Z raft-host: gc-pass ms=267 reap=0 frag=267 spread=0 recover=0 fscans=2 fsegs=4 fkeys=516 femit=514 ftomb=2 scans=3 segs=4 keys=516 emit=514 tomb=2
2026-10-02T19:46:12.655Z raft-host: gc-frag group=2 scans=2 records=512 ms=267
2026-10-02T19:46:12.655Z raft-host: gc-pass ms=267 reap=0 frag=267 spread=0 recover=0 fscans=2 fsegs=4 fkeys=516 femit=514 ftomb=2 scans=3 segs=4 keys=516 emit=514 tomb=2
2026-10-02T19:46:13.319Z raft-obs: tx->1 enq=37298 drop=0 sent=37298 fail=0 hi=7 rtt_avg=41us get_avg=112us get_max=4173ms
2026-10-02T19:46:13.319Z raft-obs: tx->2 enq=36697 drop=0 sent=36697 fail=0 hi=5 rtt_avg=36us get_avg=110us get_max=4059ms
2026-10-02T19:46:13.319Z raft-obs: wait_timeouts=0 pump_hold_max=77us lock_wait_max=284us drain_max=77us tick_max=7us apply_max=72us persist_max=507us applies_in_worst=1 arc_miss=0 arc_term_miss=0 opid_replay=0 fin_q=0 fin_done=0 fin_drop=0 fin_full=0 pub_p50=0us pub_max=0us inbox_drop=0
2026-10-02T19:46:13.926Z raft-host: gc-frag group=2 scans=2 records=512 ms=268
2026-10-02T19:46:13.927Z raft-host: gc-pass ms=268 reap=0 frag=268 spread=0 recover=0 fscans=2 fsegs=4 fkeys=516 femit=514 ftomb=2 scans=3 segs=4 keys=516 emit=514 tomb=2
2026-10-02T19:46:15.197Z raft-host: gc-frag group=2 scans=2 records=512 ms=267
2026-10-02T19:46:15.197Z raft-host: gc-pass ms=267 reap=0 frag=267 spread=0 recover=0 fscans=2 fsegs=4 fkeys=516 femit=514 ftomb=2 scans=3 segs=4 keys=516 emit=514 tomb=2
2026-10-02T19:46:16.468Z raft-host: gc-frag group=2 scans=2 records=512 ms=268
2026-10-02T19:46:16.468Z raft-host: gc-pass ms=268 reap=0 frag=268 spread=0 recover=0 fscans=2 fsegs=4 fkeys=516 femit=514 ftomb=2 scans=3 segs=4 keys=516 emit=514 tomb=2
2026-10-02T19:46:17.739Z raft-host: gc-frag group=2 scans=2 records=512 ms=268
2026-10-02T19:46:17.739Z raft-host: gc-pass ms=268 reap=0 frag=268 spread=0 recover=0 fscans=2 fsegs=4 fkeys=516 femit=514 ftomb=2 scans=3 segs=4 keys=516 emit=514 tomb=2
2026-10-02T19:46:18.321Z raft-obs: tx->1 enq=37488 drop=0 sent=37488 fail=0 hi=7 rtt_avg=41us get_avg=111us get_max=4173ms
2026-10-02T19:46:18.321Z raft-obs: tx->2 enq=36887 drop=0 sent=36887 fail=0 hi=5 rtt_avg=36us get_avg=110us get_max=4059ms
2026-10-02T19:46:18.321Z raft-obs: wait_timeouts=0 pump_hold_max=116us lock_wait_max=288us drain_max=116us tick_max=15us apply_max=109us persist_max=518us applies_in_worst=1 arc_miss=0 arc_term_miss=0 opid_replay=0 fin_q=0 fin_done=0 fin_drop=0 fin_full=0 pub_p50=0us pub_max=0us inbox_drop=0
2026-10-02T19:46:19.012Z raft-host: gc-frag group=2 scans=2 records=512 ms=270
2026-10-02T19:46:19.012Z raft-host: gc-pass ms=270 reap=0 frag=270 spread=0 recover=0 fscans=2 fsegs=4 fkeys=516 femit=514 ftomb=2 scans=3 segs=4 keys=516 emit=514 tomb=2
2026-10-02T19:46:20.282Z raft-host: gc-frag group=2 scans=2 records=512 ms=267
2026-10-02T19:46:20.282Z raft-host: gc-pass ms=267 reap=0 frag=267 spread=0 recover=0 fscans=2 fsegs=4 fkeys=516 femit=514 ftomb=2 scans=3 segs=4 keys=516 emit=514 tomb=2
2026-10-02T19:46:21.553Z raft-host: gc-frag group=2 scans=2 records=512 ms=268
2026-10-02T19:46:21.553Z raft-host: gc-pass ms=268 reap=0 frag=268 spread=0 recover=0 fscans=2 fsegs=4 fkeys=516 femit=514 ftomb=2 scans=3 segs=4 keys=516 emit=514 tomb=2
2026-10-02T19:46:22.822Z raft-host: gc-frag group=2 scans=2 records=512 ms=265
2026-10-02T19:46:22.822Z raft-host: gc-pass ms=265 reap=0 frag=265 spread=0 recover=0 fscans=2 fsegs=4 fkeys=516 femit=514 ftomb=2 scans=3 segs=4 keys=516 emit=514 tomb=2
2026-10-02T19:46:23.324Z raft-obs: tx->1 enq=37678 drop=0 sent=37678 fail=0 hi=7 rtt_avg=41us get_avg=111us get_max=4173ms
2026-10-02T19:46:23.324Z raft-obs: tx->2 enq=37077 drop=0 sent=37077 fail=0 hi=5 rtt_avg=36us get_avg=109us get_max=4059ms
2026-10-02T19:46:23.324Z raft-obs: wait_timeouts=0 pump_hold_max=118us lock_wait_max=340us drain_max=118us tick_max=8us apply_max=112us persist_max=526us applies_in_worst=1 arc_miss=0 arc_term_miss=0 opid_replay=0 fin_q=0 fin_done=0 fin_drop=0 fin_full=0 pub_p50=0us pub_max=0us inbox_drop=0
2026-10-02T19:46:24.097Z raft-host: gc-frag group=2 scans=2 records=512 ms=272
2026-10-02T19:46:24.097Z raft-host: gc-pass ms=272 reap=0 frag=272 spread=0 recover=0 fscans=2 fsegs=4 fkeys=516 femit=514 ftomb=2 scans=3 segs=4 keys=516 emit=514 tomb=2
2026-10-02T19:46:25.369Z raft-host: gc-frag group=2 scans=2 records=512 ms=268
2026-10-02T19:46:25.369Z raft-host: gc-pass ms=268 reap=0 frag=268 spread=0 recover=0 fscans=2 fsegs=4 fkeys=516 femit=514 ftomb=2 scans=3 segs=4 keys=516 emit=514 tomb=2
2026-10-02T19:46:26.639Z raft-host: gc-frag group=2 scans=2 records=512 ms=267
2026-10-02T19:46:26.639Z raft-host: gc-pass ms=267 reap=0 frag=267 spread=0 recover=0 fscans=2 fsegs=4 fkeys=516 femit=514 ftomb=2 scans=3 segs=4 keys=516 emit=514 tomb=2
2026-10-02T19:46:27.910Z raft-host: gc-frag group=2 scans=2 records=512 ms=268
2026-10-02T19:46:27.910Z raft-host: gc-pass ms=268 reap=0 frag=268 spread=0 recover=0 fscans=2 fsegs=4 fkeys=516 femit=514 ftomb=2 scans=3 segs=4 keys=516 emit=514 tomb=2
2026-10-02T19:46:28.326Z raft-obs: tx->1 enq=37869 drop=0 sent=37869 fail=0 hi=7 rtt_avg=41us get_avg=110us get_max=4173ms
2026-10-02T19:46:28.326Z raft-obs: tx->2 enq=37268 drop=0 sent=37268 fail=0 hi=5 rtt_avg=36us get_avg=109us get_max=4059ms
2026-10-02T19:46:28.326Z raft-obs: wait_timeouts=0 pump_hold_max=131us lock_wait_max=882us drain_max=130us tick_max=10us apply_max=123us persist_max=633us applies_in_worst=1 arc_miss=0 arc_term_miss=0 opid_replay=0 fin_q=0 fin_done=0 fin_drop=0 fin_full=0 pub_p50=0us pub_max=0us inbox_drop=0
2026-10-02T19:46:29.180Z raft-host: gc-frag group=2 scans=2 records=512 ms=267
2026-10-02T19:46:29.180Z raft-host: gc-pass ms=267 reap=0 frag=267 spread=0 recover=0 fscans=2 fsegs=4 fkeys=516 femit=514 ftomb=2 scans=3 segs=4 keys=516 emit=514 tomb=2
2026-10-02T19:46:30.452Z raft-host: gc-frag group=2 scans=2 records=512 ms=268
2026-10-02T19:46:30.452Z raft-host: gc-pass ms=268 reap=0 frag=268 spread=0 recover=0 fscans=2 fsegs=4 fkeys=516 femit=514 ftomb=2 scans=3 segs=4 keys=516 emit=514 tomb=2
2026-10-02T19:46:31.723Z raft-host: gc-frag group=2 scans=2 records=512 ms=268
2026-10-02T19:46:31.723Z raft-host: gc-pass ms=268 reap=0 frag=268 spread=0 recover=0 fscans=2 fsegs=4 fkeys=516 femit=514 ftomb=2 scans=3 segs=4 keys=516 emit=514 tomb=2
2026-10-02T19:46:32.992Z raft-host: gc-frag group=2 scans=2 records=512 ms=265
2026-10-02T19:46:32.992Z raft-host: gc-pass ms=265 reap=0 frag=265 spread=0 recover=0 fscans=2 fsegs=4 fkeys=516 femit=514 ftomb=2 scans=3 segs=4 keys=516 emit=514 tomb=2
2026-10-02T19:46:33.326Z raft-obs: tx->1 enq=38059 drop=0 sent=38059 fail=0 hi=7 rtt_avg=41us get_avg=109us get_max=4173ms
2026-10-02T19:46:33.327Z raft-obs: tx->2 enq=37458 drop=0 sent=37458 fail=0 hi=5 rtt_avg=36us get_avg=108us get_max=4059ms
2026-10-02T19:46:33.327Z raft-obs: wait_timeouts=0 pump_hold_max=135us lock_wait_max=292us drain_max=134us tick_max=5us apply_max=127us persist_max=523us applies_in_worst=1 arc_miss=0 arc_term_miss=0 opid_replay=0 fin_q=0 fin_done=0 fin_drop=0 fin_full=0 pub_p50=0us pub_max=0us inbox_drop=0
2026-10-02T19:46:34.263Z raft-host: gc-frag group=2 scans=2 records=512 ms=268
2026-10-02T19:46:34.264Z raft-host: gc-pass ms=268 reap=0 frag=268 spread=0 recover=0 fscans=2 fsegs=4 fkeys=516 femit=514 ftomb=2 scans=3 segs=4 keys=516 emit=514 tomb=2
2026-10-02T19:46:35.533Z raft-host: gc-frag group=2 scans=2 records=512 ms=266
2026-10-02T19:46:35.533Z raft-host: gc-pass ms=267 reap=0 frag=266 spread=0 recover=0 fscans=2 fsegs=4 fkeys=516 femit=514 ftomb=2 scans=3 segs=4 keys=516 emit=514 tomb=2
2026-10-02T19:46:36.804Z raft-host: gc-frag group=2 scans=2 records=512 ms=268
2026-10-02T19:46:36.804Z raft-host: gc-pass ms=268 reap=0 frag=268 spread=0 recover=0 fscans=2 fsegs=4 fkeys=516 femit=514 ftomb=2 scans=3 segs=4 keys=516 emit=514 tomb=2
2026-10-02T19:46:38.076Z raft-host: gc-frag group=2 scans=2 records=512 ms=269
2026-10-02T19:46:38.076Z raft-host: gc-pass ms=269 reap=0 frag=269 spread=0 recover=0 fscans=2 fsegs=4 fkeys=516 femit=514 ftomb=2 scans=3 segs=4 keys=516 emit=514 tomb=2
2026-10-02T19:46:38.330Z raft-obs: tx->1 enq=38250 drop=0 sent=38249 fail=0 hi=7 rtt_avg=41us get_avg=109us get_max=4173ms
2026-10-02T19:46:38.330Z raft-obs: tx->2 enq=37649 drop=0 sent=37648 fail=0 hi=5 rtt_avg=36us get_avg=108us get_max=4059ms
2026-10-02T19:46:38.330Z raft-obs: wait_timeouts=0 pump_hold_max=127us lock_wait_max=298us drain_max=126us tick_max=10us apply_max=120us persist_max=518us applies_in_worst=1 arc_miss=0 arc_term_miss=0 opid_replay=0 fin_q=0 fin_done=0 fin_drop=0 fin_full=0 pub_p50=0us pub_max=0us inbox_drop=0
2026-10-02T19:46:39.349Z raft-host: gc-frag group=2 scans=2 records=512 ms=270
2026-10-02T19:46:39.349Z raft-host: gc-pass ms=270 reap=0 frag=270 spread=0 recover=0 fscans=2 fsegs=4 fkeys=516 femit=514 ftomb=2 scans=3 segs=4 keys=516 emit=514 tomb=2
2026-10-02T19:46:40.620Z raft-host: gc-frag group=2 scans=2 records=512 ms=268
2026-10-02T19:46:40.620Z raft-host: gc-pass ms=268 reap=0 frag=268 spread=0 recover=0 fscans=2 fsegs=4 fkeys=516 femit=514 ftomb=2 scans=3 segs=4 keys=516 emit=514 tomb=2
2026-10-02T19:46:41.890Z raft-host: gc-frag group=2 scans=2 records=512 ms=266
2026-10-02T19:46:41.890Z raft-host: gc-pass ms=266 reap=0 frag=266 spread=0 recover=0 fscans=2 fsegs=4 fkeys=516 femit=514 ftomb=2 scans=3 segs=4 keys=516 emit=514 tomb=2
2026-10-02T19:46:43.161Z raft-host: gc-frag group=2 scans=2 records=512 ms=268
2026-10-02T19:46:43.161Z raft-host: gc-pass ms=268 reap=0 frag=268 spread=0 recover=0 fscans=2 fsegs=4 fkeys=516 femit=514 ftomb=2 scans=3 segs=4 keys=516 emit=514 tomb=2
2026-10-02T19:46:43.333Z raft-obs: tx->1 enq=38440 drop=0 sent=38440 fail=0 hi=7 rtt_avg=41us get_avg=108us get_max=4173ms
2026-10-02T19:46:43.333Z raft-obs: tx->2 enq=37839 drop=0 sent=37839 fail=0 hi=5 rtt_avg=36us get_avg=107us get_max=4059ms
2026-10-02T19:46:43.333Z raft-obs: wait_timeouts=0 pump_hold_max=122us lock_wait_max=429us drain_max=122us tick_max=9us apply_max=116us persist_max=534us applies_in_worst=1 arc_miss=0 arc_term_miss=0 opid_replay=0 fin_q=0 fin_done=0 fin_drop=0 fin_full=0 pub_p50=0us pub_max=0us inbox_drop=0
2026-10-02T19:46:44.431Z raft-host: gc-frag group=2 scans=2 records=512 ms=266
2026-10-02T19:46:44.431Z raft-host: gc-pass ms=266 reap=0 frag=266 spread=0 recover=0 fscans=2 fsegs=4 fkeys=516 femit=514 ftomb=2 scans=3 segs=4 keys=516 emit=514 tomb=2
2026-10-02T19:46:45.701Z raft-host: gc-frag group=2 scans=2 records=512 ms=267
2026-10-02T19:46:45.701Z raft-host: gc-pass ms=267 reap=0 frag=267 spread=0 recover=0 fscans=2 fsegs=4 fkeys=516 femit=514 ftomb=2 scans=3 segs=4 keys=516 emit=514 tomb=2
2026-10-02T19:46:46.971Z raft-host: gc-frag group=2 scans=2 records=512 ms=266
2026-10-02T19:46:46.971Z raft-host: gc-pass ms=266 reap=0 frag=266 spread=0 recover=0 fscans=2 fsegs=4 fkeys=516 femit=514 ftomb=2 scans=3 segs=4 keys=516 emit=514 tomb=2
2026-10-02T19:46:48.247Z raft-host: gc-frag group=2 scans=2 records=512 ms=273
2026-10-02T19:46:48.247Z raft-host: gc-pass ms=273 reap=0 frag=273 spread=0 recover=0 fscans=2 fsegs=4 fkeys=516 femit=514 ftomb=2 scans=3 segs=4 keys=516 emit=514 tomb=2
2026-10-02T19:46:48.334Z raft-obs: tx->1 enq=38630 drop=0 sent=38630 fail=0 hi=7 rtt_avg=41us get_avg=108us get_max=4173ms
2026-10-02T19:46:48.334Z raft-obs: tx->2 enq=38029 drop=0 sent=38029 fail=0 hi=5 rtt_avg=36us get_avg=106us get_max=4059ms
2026-10-02T19:46:48.334Z raft-obs: wait_timeouts=0 pump_hold_max=144us lock_wait_max=340us drain_max=143us tick_max=7us apply_max=136us persist_max=522us applies_in_worst=1 arc_miss=0 arc_term_miss=0 opid_replay=0 fin_q=0 fin_done=0 fin_drop=0 fin_full=0 pub_p50=0us pub_max=0us inbox_drop=0
2026-10-02T19:46:49.521Z raft-host: gc-frag group=2 scans=2 records=512 ms=271
2026-10-02T19:46:49.521Z raft-host: gc-pass ms=271 reap=0 frag=271 spread=0 recover=0 fscans=2 fsegs=4 fkeys=516 femit=514 ftomb=2 scans=3 segs=4 keys=516 emit=514 tomb=2
2026-10-02T19:46:50.794Z raft-host: gc-frag group=2 scans=2 records=512 ms=269
2026-10-02T19:46:50.794Z raft-host: gc-pass ms=269 reap=0 frag=269 spread=0 recover=0 fscans=2 fsegs=4 fkeys=516 femit=514 ftomb=2 scans=3 segs=4 keys=516 emit=514 tomb=2
2026-10-02T19:46:52.065Z raft-host: gc-frag group=2 scans=2 records=512 ms=268
2026-10-02T19:46:52.065Z raft-host: gc-pass ms=268 reap=0 frag=268 spread=0 recover=0 fscans=2 fsegs=4 fkeys=516 femit=514 ftomb=2 scans=3 segs=4 keys=516 emit=514 tomb=2
2026-10-02T19:46:53.334Z raft-obs: tx->1 enq=38819 drop=0 sent=38819 fail=0 hi=7 rtt_avg=41us get_avg=107us get_max=4173ms
2026-10-02T19:46:53.334Z raft-obs: tx->2 enq=38218 drop=0 sent=38218 fail=0 hi=5 rtt_avg=36us get_avg=106us get_max=4059ms
2026-10-02T19:46:53.334Z raft-obs: wait_timeouts=0 pump_hold_max=127us lock_wait_max=293us drain_max=127us tick_max=5us apply_max=120us persist_max=514us applies_in_worst=1 arc_miss=0 arc_term_miss=0 opid_replay=0 fin_q=0 fin_done=0 fin_drop=0 fin_full=0 pub_p50=0us pub_max=0us inbox_drop=0
2026-10-02T19:46:53.336Z raft-host: gc-frag group=2 scans=2 records=512 ms=267
2026-10-02T19:46:53.336Z raft-host: gc-pass ms=267 reap=0 frag=267 spread=0 recover=0 fscans=2 fsegs=4 fkeys=516 femit=514 ftomb=2 scans=3 segs=4 keys=516 emit=514 tomb=2
2026-10-02T19:46:54.609Z raft-host: gc-frag group=2 scans=2 records=512 ms=269
2026-10-02T19:46:54.609Z raft-host: gc-pass ms=270 reap=0 frag=270 spread=0 recover=0 fscans=2 fsegs=4 fkeys=516 femit=514 ftomb=2 scans=3 segs=4 keys=516 emit=514 tomb=2
2026-10-02T19:46:55.879Z raft-host: gc-frag group=2 scans=2 records=512 ms=267
2026-10-02T19:46:55.879Z raft-host: gc-pass ms=267 reap=0 frag=267 spread=0 recover=0 fscans=2 fsegs=4 fkeys=516 femit=514 ftomb=2 scans=3 segs=4 keys=516 emit=514 tomb=2
2026-10-02T19:46:57.149Z raft-host: gc-frag group=2 scans=2 records=512 ms=266
2026-10-02T19:46:57.149Z raft-host: gc-pass ms=267 reap=0 frag=267 spread=0 recover=0 fscans=2 fsegs=4 fkeys=516 femit=514 ftomb=2 scans=3 segs=4 keys=516 emit=514 tomb=2
2026-10-02T19:46:58.336Z raft-obs: tx->1 enq=39003 drop=0 sent=39003 fail=0 hi=7 rtt_avg=41us get_avg=107us get_max=4173ms
2026-10-02T19:46:58.336Z raft-obs: tx->2 enq=38402 drop=0 sent=38402 fail=0 hi=5 rtt_avg=36us get_avg=105us get_max=4059ms
2026-10-02T19:46:58.336Z raft-obs: wait_timeouts=0 pump_hold_max=112us lock_wait_max=344us drain_max=112us tick_max=10us apply_max=105us persist_max=544us applies_in_worst=1 arc_miss=0 arc_term_miss=0 opid_replay=0 fin_q=0 fin_done=0 fin_drop=0 fin_full=0 pub_p50=0us pub_max=0us inbox_drop=0
2026-10-02T19:46:58.420Z raft-host: gc-frag group=2 scans=2 records=512 ms=268
2026-10-02T19:46:58.420Z raft-host: gc-pass ms=268 reap=0 frag=268 spread=0 recover=0 fscans=2 fsegs=4 fkeys=516 femit=514 ftomb=2 scans=3 segs=4 keys=516 emit=514 tomb=2
2026-10-02T19:46:59.691Z raft-host: gc-frag group=2 scans=2 records=512 ms=267
2026-10-02T19:46:59.691Z raft-host: gc-pass ms=267 reap=0 frag=267 spread=0 recover=0 fscans=2 fsegs=4 fkeys=516 femit=514 ftomb=2 scans=3 segs=4 keys=516 emit=514 tomb=2
2026-10-02T19:47:00.961Z raft-host: gc-frag group=2 scans=2 records=512 ms=267
2026-10-02T19:47:00.961Z raft-host: gc-pass ms=267 reap=0 frag=267 spread=0 recover=0 fscans=2 fsegs=4 fkeys=516 femit=514 ftomb=2 scans=3 segs=4 keys=516 emit=514 tomb=2
2026-10-02T19:47:02.231Z raft-host: gc-frag group=2 scans=2 records=512 ms=266
2026-10-02T19:47:02.231Z raft-host: gc-pass ms=266 reap=0 frag=266 spread=0 recover=0 fscans=2 fsegs=4 fkeys=516 femit=514 ftomb=2 scans=3 segs=4 keys=516 emit=514 tomb=2
2026-10-02T19:47:03.337Z raft-obs: tx->1 enq=39185 drop=0 sent=39185 fail=0 hi=7 rtt_avg=41us get_avg=106us get_max=4173ms
2026-10-02T19:47:03.337Z raft-obs: tx->2 enq=38584 drop=0 sent=38584 fail=0 hi=5 rtt_avg=36us get_avg=105us get_max=4059ms
2026-10-02T19:47:03.337Z raft-obs: wait_timeouts=0 pump_hold_max=118us lock_wait_max=346us drain_max=118us tick_max=5us apply_max=111us persist_max=530us applies_in_worst=1 arc_miss=0 arc_term_miss=0 opid_replay=0 fin_q=0 fin_done=0 fin_drop=0 fin_full=0 pub_p50=0us pub_max=0us inbox_drop=0
2026-10-02T19:47:03.501Z raft-host: gc-frag group=2 scans=2 records=512 ms=267
2026-10-02T19:47:03.502Z raft-host: gc-pass ms=267 reap=0 frag=267 spread=0 recover=0 fscans=2 fsegs=4 fkeys=516 femit=514 ftomb=2 scans=3 segs=4 keys=516 emit=514 tomb=2
2026-10-02T19:47:04.776Z raft-host: gc-frag group=2 scans=2 records=512 ms=271
2026-10-02T19:47:04.776Z raft-host: gc-pass ms=271 reap=0 frag=271 spread=0 recover=0 fscans=2 fsegs=4 fkeys=516 femit=514 ftomb=2 scans=3 segs=4 keys=516 emit=514 tomb=2
2026-10-02T19:47:06.046Z raft-host: gc-frag group=2 scans=2 records=512 ms=267
2026-10-02T19:47:06.046Z raft-host: gc-pass ms=267 reap=0 frag=267 spread=0 recover=0 fscans=2 fsegs=4 fkeys=516 femit=514 ftomb=2 scans=3 segs=4 keys=516 emit=514 tomb=2
2026-10-02T19:47:07.318Z raft-host: gc-frag group=2 scans=2 records=512 ms=268
2026-10-02T19:47:07.318Z raft-host: gc-pass ms=268 reap=0 frag=268 spread=0 recover=0 fscans=2 fsegs=4 fkeys=516 femit=514 ftomb=2 scans=3 segs=4 keys=516 emit=514 tomb=2
2026-10-02T19:47:08.341Z raft-obs: tx->1 enq=39369 drop=0 sent=39369 fail=0 hi=7 rtt_avg=40us get_avg=106us get_max=4173ms
2026-10-02T19:47:08.341Z raft-obs: tx->2 enq=38768 drop=0 sent=38768 fail=0 hi=5 rtt_avg=36us get_avg=104us get_max=4059ms
2026-10-02T19:47:08.341Z raft-obs: wait_timeouts=0 pump_hold_max=126us lock_wait_max=334us drain_max=126us tick_max=5us apply_max=120us persist_max=747us applies_in_worst=1 arc_miss=0 arc_term_miss=0 opid_replay=0 fin_q=0 fin_done=0 fin_drop=0 fin_full=0 pub_p50=0us pub_max=0us inbox_drop=0
2026-10-02T19:47:08.589Z raft-host: gc-frag group=2 scans=2 records=512 ms=268
2026-10-02T19:47:08.589Z raft-host: gc-pass ms=268 reap=0 frag=268 spread=0 recover=0 fscans=2 fsegs=4 fkeys=516 femit=514 ftomb=2 scans=3 segs=4 keys=516 emit=514 tomb=2
2026-10-02T19:47:09.861Z raft-host: gc-frag group=2 scans=2 records=512 ms=269
2026-10-02T19:47:09.861Z raft-host: gc-pass ms=269 reap=0 frag=269 spread=0 recover=0 fscans=2 fsegs=4 fkeys=516 femit=514 ftomb=2 scans=3 segs=4 keys=516 emit=514 tomb=2
2026-10-02T19:47:11.133Z raft-host: gc-frag group=2 scans=2 records=512 ms=268
2026-10-02T19:47:11.133Z raft-host: gc-pass ms=268 reap=0 frag=268 spread=0 recover=0 fscans=2 fsegs=4 fkeys=516 femit=514 ftomb=2 scans=3 segs=4 keys=516 emit=514 tomb=2
2026-10-02T19:47:12.403Z raft-host: gc-frag group=2 scans=2 records=512 ms=267
2026-10-02T19:47:12.403Z raft-host: gc-pass ms=267 reap=0 frag=267 spread=0 recover=0 fscans=2 fsegs=4 fkeys=516 femit=514 ftomb=2 scans=3 segs=4 keys=516 emit=514 tomb=2
2026-10-02T19:47:13.345Z raft-obs: tx->1 enq=39559 drop=0 sent=39559 fail=0 hi=7 rtt_avg=40us get_avg=105us get_max=4173ms
2026-10-02T19:47:13.345Z raft-obs: tx->2 enq=38958 drop=0 sent=38958 fail=0 hi=5 rtt_avg=36us get_avg=104us get_max=4059ms
2026-10-02T19:47:13.345Z raft-obs: wait_timeouts=0 pump_hold_max=124us lock_wait_max=301us drain_max=124us tick_max=7us apply_max=117us persist_max=566us applies_in_worst=1 arc_miss=0 arc_term_miss=0 opid_replay=0 fin_q=0 fin_done=0 fin_drop=0 fin_full=0 pub_p50=0us pub_max=0us inbox_drop=0
2026-10-02T19:47:13.674Z raft-host: gc-frag group=2 scans=2 records=512 ms=268
2026-10-02T19:47:13.674Z raft-host: gc-pass ms=268 reap=0 frag=268 spread=0 recover=0 fscans=2 fsegs=4 fkeys=516 femit=514 ftomb=2 scans=3 segs=4 keys=516 emit=514 tomb=2
2026-10-02T19:47:14.946Z raft-host: gc-frag group=2 scans=2 records=512 ms=269
2026-10-02T19:47:14.946Z raft-host: gc-pass ms=269 reap=0 frag=269 spread=0 recover=0 fscans=2 fsegs=4 fkeys=516 femit=514 ftomb=2 scans=3 segs=4 keys=516 emit=514 tomb=2
2026-10-02T19:47:16.217Z raft-host: gc-frag group=2 scans=2 records=512 ms=268
2026-10-02T19:47:16.217Z raft-host: gc-pass ms=268 reap=0 frag=268 spread=0 recover=0 fscans=2 fsegs=4 fkeys=516 femit=514 ftomb=2 scans=3 segs=4 keys=516 emit=514 tomb=2
2026-10-02T19:47:17.488Z raft-host: gc-frag group=2 scans=2 records=512 ms=268
2026-10-02T19:47:17.489Z raft-host: gc-pass ms=268 reap=0 frag=268 spread=0 recover=0 fscans=2 fsegs=4 fkeys=516 femit=514 ftomb=2 scans=3 segs=4 keys=516 emit=514 tomb=2
2026-10-02T19:47:18.350Z raft-obs: tx->1 enq=39750 drop=0 sent=39749 fail=0 hi=7 rtt_avg=40us get_avg=105us get_max=4173ms
2026-10-02T19:47:18.350Z raft-obs: tx->2 enq=39149 drop=0 sent=39148 fail=0 hi=5 rtt_avg=36us get_avg=103us get_max=4059ms
2026-10-02T19:47:18.350Z raft-obs: wait_timeouts=0 pump_hold_max=137us lock_wait_max=370us drain_max=137us tick_max=5us apply_max=130us persist_max=752us applies_in_worst=1 arc_miss=0 arc_term_miss=0 opid_replay=0 fin_q=0 fin_done=0 fin_drop=0 fin_full=0 pub_p50=0us pub_max=0us inbox_drop=0
2026-10-02T19:47:18.760Z raft-host: gc-frag group=2 scans=2 records=512 ms=268
2026-10-02T19:47:18.760Z raft-host: gc-pass ms=268 reap=0 frag=268 spread=0 recover=0 fscans=2 fsegs=4 fkeys=516 femit=514 ftomb=2 scans=3 segs=4 keys=516 emit=514 tomb=2
2026-10-02T19:47:20.031Z raft-host: gc-frag group=2 scans=2 records=512 ms=268
2026-10-02T19:47:20.031Z raft-host: gc-pass ms=268 reap=0 frag=268 spread=0 recover=0 fscans=2 fsegs=4 fkeys=516 femit=514 ftomb=2 scans=3 segs=4 keys=516 emit=514 tomb=2
2026-10-02T19:47:21.302Z raft-host: gc-frag group=2 scans=2 records=512 ms=268
2026-10-02T19:47:21.302Z raft-host: gc-pass ms=268 reap=0 frag=268 spread=0 recover=0 fscans=2 fsegs=4 fkeys=516 femit=514 ftomb=2 scans=3 segs=4 keys=516 emit=514 tomb=2
2026-10-02T19:47:22.574Z raft-host: gc-frag group=2 scans=2 records=512 ms=268
2026-10-02T19:47:22.574Z raft-host: gc-pass ms=268 reap=0 frag=268 spread=0 recover=0 fscans=2 fsegs=4 fkeys=516 femit=514 ftomb=2 scans=3 segs=4 keys=516 emit=514 tomb=2
2026-10-02T19:47:23.354Z raft-obs: tx->1 enq=39940 drop=0 sent=39940 fail=0 hi=7 rtt_avg=40us get_avg=104us get_max=4173ms
2026-10-02T19:47:23.354Z raft-obs: tx->2 enq=39339 drop=0 sent=39339 fail=0 hi=5 rtt_avg=36us get_avg=103us get_max=4059ms
2026-10-02T19:47:23.354Z raft-obs: wait_timeouts=0 pump_hold_max=122us lock_wait_max=436us drain_max=122us tick_max=5us apply_max=116us persist_max=526us applies_in_worst=1 arc_miss=0 arc_term_miss=0 opid_replay=0 fin_q=0 fin_done=0 fin_drop=0 fin_full=0 pub_p50=0us pub_max=0us inbox_drop=0
2026-10-02T19:47:23.845Z raft-host: gc-frag group=2 scans=2 records=512 ms=268
2026-10-02T19:47:23.845Z raft-host: gc-pass ms=268 reap=0 frag=268 spread=0 recover=0 fscans=2 fsegs=4 fkeys=516 femit=514 ftomb=2 scans=3 segs=4 keys=516 emit=514 tomb=2
2026-10-02T19:47:25.118Z raft-host: gc-frag group=2 scans=2 records=512 ms=270
2026-10-02T19:47:25.118Z raft-host: gc-pass ms=270 reap=0 frag=270 spread=0 recover=0 fscans=2 fsegs=4 fkeys=516 femit=514 ftomb=2 scans=3 segs=4 keys=516 emit=514 tomb=2
2026-10-02T19:47:26.390Z raft-host: gc-frag group=2 scans=2 records=512 ms=268
2026-10-02T19:47:26.390Z raft-host: gc-pass ms=268 reap=0 frag=268 spread=0 recover=0 fscans=2 fsegs=4 fkeys=516 femit=514 ftomb=2 scans=3 segs=4 keys=516 emit=514 tomb=2
2026-10-02T19:47:27.662Z raft-host: gc-frag group=2 scans=2 records=512 ms=269
2026-10-02T19:47:27.662Z raft-host: gc-pass ms=269 reap=0 frag=269 spread=0 recover=0 fscans=2 fsegs=4 fkeys=516 femit=514 ftomb=2 scans=3 segs=4 keys=516 emit=514 tomb=2
2026-10-02T19:47:28.356Z raft-obs: tx->1 enq=40130 drop=0 sent=40130 fail=0 hi=7 rtt_avg=40us get_avg=104us get_max=4173ms
2026-10-02T19:47:28.356Z raft-obs: tx->2 enq=39529 drop=0 sent=39529 fail=0 hi=5 rtt_avg=36us get_avg=102us get_max=4059ms
2026-10-02T19:47:28.356Z raft-obs: wait_timeouts=0 pump_hold_max=125us lock_wait_max=280us drain_max=125us tick_max=7us apply_max=118us persist_max=578us applies_in_worst=1 arc_miss=0 arc_term_miss=0 opid_replay=0 fin_q=0 fin_done=0 fin_drop=0 fin_full=0 pub_p50=0us pub_max=0us inbox_drop=0
2026-10-02T19:47:28.933Z raft-host: gc-frag group=2 scans=2 records=512 ms=268
2026-10-02T19:47:28.933Z raft-host: gc-pass ms=268 reap=0 frag=268 spread=0 recover=0 fscans=2 fsegs=4 fkeys=516 femit=514 ftomb=2 scans=3 segs=4 keys=516 emit=514 tomb=2
2026-10-02T19:47:30.203Z raft-host: gc-frag group=2 scans=2 records=512 ms=266
2026-10-02T19:47:30.203Z raft-host: gc-pass ms=267 reap=0 frag=266 spread=0 recover=0 fscans=2 fsegs=4 fkeys=516 femit=514 ftomb=2 scans=3 segs=4 keys=516 emit=514 tomb=2
2026-10-02T19:47:31.475Z raft-host: gc-frag group=2 scans=2 records=512 ms=268
2026-10-02T19:47:31.475Z raft-host: gc-pass ms=269 reap=0 frag=268 spread=0 recover=0 fscans=2 fsegs=4 fkeys=516 femit=514 ftomb=2 scans=3 segs=4 keys=516 emit=514 tomb=2
2026-10-02T19:47:32.746Z raft-host: gc-frag group=2 scans=2 records=512 ms=268
2026-10-02T19:47:32.746Z raft-host: gc-pass ms=268 reap=0 frag=268 spread=0 recover=0 fscans=2 fsegs=4 fkeys=516 femit=514 ftomb=2 scans=3 segs=4 keys=516 emit=514 tomb=2
2026-10-02T19:47:33.359Z raft-obs: tx->1 enq=40321 drop=0 sent=40321 fail=0 hi=7 rtt_avg=40us get_avg=103us get_max=4173ms
2026-10-02T19:47:33.359Z raft-obs: tx->2 enq=39720 drop=0 sent=39720 fail=0 hi=5 rtt_avg=36us get_avg=102us get_max=4059ms
2026-10-02T19:47:33.359Z raft-obs: wait_timeouts=0 pump_hold_max=124us lock_wait_max=322us drain_max=123us tick_max=4us apply_max=117us persist_max=513us applies_in_worst=1 arc_miss=0 arc_term_miss=0 opid_replay=0 fin_q=0 fin_done=0 fin_drop=0 fin_full=0 pub_p50=0us pub_max=0us inbox_drop=0
2026-10-02T19:47:34.018Z raft-host: gc-frag group=2 scans=2 records=512 ms=269
2026-10-02T19:47:34.018Z raft-host: gc-pass ms=269 reap=0 frag=269 spread=0 recover=0 fscans=2 fsegs=4 fkeys=516 femit=514 ftomb=2 scans=3 segs=4 keys=516 emit=514 tomb=2
2026-10-02T19:47:35.289Z raft-host: gc-frag group=2 scans=2 records=512 ms=268
2026-10-02T19:47:35.289Z raft-host: gc-pass ms=268 reap=0 frag=268 spread=0 recover=0 fscans=2 fsegs=4 fkeys=516 femit=514 ftomb=2 scans=3 segs=4 keys=516 emit=514 tomb=2
2026-10-02T19:47:36.560Z raft-host: gc-frag group=2 scans=2 records=512 ms=267
2026-10-02T19:47:36.560Z raft-host: gc-pass ms=267 reap=0 frag=267 spread=0 recover=0 fscans=2 fsegs=4 fkeys=516 femit=514 ftomb=2 scans=3 segs=4 keys=516 emit=514 tomb=2
2026-10-02T19:47:37.831Z raft-host: gc-frag group=2 scans=2 records=512 ms=268
2026-10-02T19:47:37.831Z raft-host: gc-pass ms=268 reap=0 frag=268 spread=0 recover=0 fscans=2 fsegs=4 fkeys=516 femit=514 ftomb=2 scans=3 segs=4 keys=516 emit=514 tomb=2
2026-10-02T19:47:38.363Z raft-obs: tx->1 enq=40511 drop=0 sent=40511 fail=0 hi=7 rtt_avg=40us get_avg=103us get_max=4173ms
2026-10-02T19:47:38.363Z raft-obs: tx->2 enq=39910 drop=0 sent=39910 fail=0 hi=5 rtt_avg=36us get_avg=101us get_max=4059ms
2026-10-02T19:47:38.363Z raft-obs: wait_timeouts=0 pump_hold_max=99us lock_wait_max=383us drain_max=99us tick_max=5us apply_max=91us persist_max=527us applies_in_worst=1 arc_miss=0 arc_term_miss=0 opid_replay=0 fin_q=0 fin_done=0 fin_drop=0 fin_full=0 pub_p50=0us pub_max=0us inbox_drop=0
2026-10-02T19:47:39.100Z raft-host: gc-frag group=2 scans=2 records=512 ms=266
2026-10-02T19:47:39.100Z raft-host: gc-pass ms=266 reap=0 frag=266 spread=0 recover=0 fscans=2 fsegs=4 fkeys=516 femit=514 ftomb=2 scans=3 segs=4 keys=516 emit=514 tomb=2
2026-10-02T19:47:40.372Z raft-host: gc-frag group=2 scans=2 records=512 ms=268
2026-10-02T19:47:40.372Z raft-host: gc-pass ms=268 reap=0 frag=268 spread=0 recover=0 fscans=2 fsegs=4 fkeys=516 femit=514 ftomb=2 scans=3 segs=4 keys=516 emit=514 tomb=2
2026-10-02T19:47:41.644Z raft-host: gc-frag group=2 scans=2 records=512 ms=269
2026-10-02T19:47:41.644Z raft-host: gc-pass ms=269 reap=0 frag=269 spread=0 recover=0 fscans=2 fsegs=4 fkeys=516 femit=514 ftomb=2 scans=3 segs=4 keys=516 emit=514 tomb=2
2026-10-02T19:47:42.916Z raft-host: gc-frag group=2 scans=2 records=512 ms=269
2026-10-02T19:47:42.916Z raft-host: gc-pass ms=269 reap=0 frag=269 spread=0 recover=0 fscans=2 fsegs=4 fkeys=516 femit=514 ftomb=2 scans=3 segs=4 keys=516 emit=514 tomb=2
2026-10-02T19:47:43.367Z raft-obs: tx->1 enq=40701 drop=0 sent=40701 fail=0 hi=7 rtt_avg=40us get_avg=102us get_max=4173ms
2026-10-02T19:47:43.367Z raft-obs: tx->2 enq=40100 drop=0 sent=40100 fail=0 hi=5 rtt_avg=36us get_avg=101us get_max=4059ms
2026-10-02T19:47:43.367Z raft-obs: wait_timeouts=0 pump_hold_max=95us lock_wait_max=310us drain_max=95us tick_max=9us apply_max=90us persist_max=534us applies_in_worst=1 arc_miss=0 arc_term_miss=0 opid_replay=0 fin_q=0 fin_done=0 fin_drop=0 fin_full=0 pub_p50=0us pub_max=0us inbox_drop=0
2026-10-02T19:47:44.186Z raft-host: gc-frag group=2 scans=2 records=512 ms=267
2026-10-02T19:47:44.186Z raft-host: gc-pass ms=267 reap=0 frag=267 spread=0 recover=0 fscans=2 fsegs=4 fkeys=516 femit=514 ftomb=2 scans=3 segs=4 keys=516 emit=514 tomb=2
2026-10-02T19:47:45.459Z raft-host: gc-frag group=2 scans=2 records=512 ms=270
2026-10-02T19:47:45.459Z raft-host: gc-pass ms=270 reap=0 frag=270 spread=0 recover=0 fscans=2 fsegs=4 fkeys=516 femit=514 ftomb=2 scans=3 segs=4 keys=516 emit=514 tomb=2
2026-10-02T19:47:46.730Z raft-host: gc-frag group=2 scans=2 records=512 ms=267
2026-10-02T19:47:46.730Z raft-host: gc-pass ms=267 reap=0 frag=267 spread=0 recover=0 fscans=2 fsegs=4 fkeys=516 femit=514 ftomb=2 scans=3 segs=4 keys=516 emit=514 tomb=2
2026-10-02T19:47:48.004Z raft-host: gc-frag group=2 scans=2 records=512 ms=271
2026-10-02T19:47:48.004Z raft-host: gc-pass ms=271 reap=0 frag=271 spread=0 recover=0 fscans=2 fsegs=4 fkeys=516 femit=514 ftomb=2 scans=3 segs=4 keys=516 emit=514 tomb=2
2026-10-02T19:47:48.369Z raft-obs: tx->1 enq=40892 drop=0 sent=40892 fail=0 hi=7 rtt_avg=40us get_avg=102us get_max=4173ms
2026-10-02T19:47:48.369Z raft-obs: tx->2 enq=40291 drop=0 sent=40291 fail=0 hi=5 rtt_avg=36us get_avg=100us get_max=4059ms
2026-10-02T19:47:48.369Z raft-obs: wait_timeouts=0 pump_hold_max=98us lock_wait_max=338us drain_max=98us tick_max=5us apply_max=87us persist_max=520us applies_in_worst=1 arc_miss=0 arc_term_miss=0 opid_replay=0 fin_q=0 fin_done=0 fin_drop=0 fin_full=0 pub_p50=0us pub_max=0us inbox_drop=0
2026-10-02T19:47:49.277Z raft-host: gc-frag group=2 scans=2 records=512 ms=270
2026-10-02T19:47:49.277Z raft-host: gc-pass ms=270 reap=0 frag=270 spread=0 recover=0 fscans=2 fsegs=4 fkeys=516 femit=514 ftomb=2 scans=3 segs=4 keys=516 emit=514 tomb=2
2026-10-02T19:47:50.549Z raft-host: gc-frag group=2 scans=2 records=512 ms=269
2026-10-02T19:47:50.549Z raft-host: gc-pass ms=269 reap=0 frag=269 spread=0 recover=0 fscans=2 fsegs=4 fkeys=516 femit=514 ftomb=2 scans=3 segs=4 keys=516 emit=514 tomb=2
2026-10-02T19:47:51.822Z raft-host: gc-frag group=2 scans=2 records=512 ms=270
2026-10-02T19:47:51.822Z raft-host: gc-pass ms=270 reap=0 frag=270 spread=0 recover=0 fscans=2 fsegs=4 fkeys=516 femit=514 ftomb=2 scans=3 segs=4 keys=516 emit=514 tomb=2
2026-10-02T19:47:53.095Z raft-host: gc-frag group=2 scans=2 records=512 ms=269
2026-10-02T19:47:53.095Z raft-host: gc-pass ms=269 reap=0 frag=269 spread=0 recover=0 fscans=2 fsegs=4 fkeys=516 femit=514 ftomb=2 scans=3 segs=4 keys=516 emit=514 tomb=2
2026-10-02T19:47:53.369Z raft-obs: tx->1 enq=41082 drop=0 sent=41082 fail=0 hi=7 rtt_avg=40us get_avg=101us get_max=4173ms
2026-10-02T19:47:53.369Z raft-obs: tx->2 enq=40481 drop=0 sent=40481 fail=0 hi=5 rtt_avg=36us get_avg=100us get_max=4059ms
2026-10-02T19:47:53.369Z raft-obs: wait_timeouts=0 pump_hold_max=93us lock_wait_max=283us drain_max=93us tick_max=22us apply_max=88us persist_max=511us applies_in_worst=1 arc_miss=0 arc_term_miss=0 opid_replay=0 fin_q=0 fin_done=0 fin_drop=0 fin_full=0 pub_p50=0us pub_max=0us inbox_drop=0
2026-10-02T19:47:54.365Z raft-host: gc-frag group=2 scans=2 records=512 ms=267
2026-10-02T19:47:54.365Z raft-host: gc-pass ms=267 reap=0 frag=267 spread=0 recover=0 fscans=2 fsegs=4 fkeys=516 femit=514 ftomb=2 scans=3 segs=4 keys=516 emit=514 tomb=2
2026-10-02T19:47:55.642Z raft-host: gc-frag group=2 scans=2 records=512 ms=274
2026-10-02T19:47:55.642Z raft-host: gc-pass ms=274 reap=0 frag=274 spread=0 recover=0 fscans=2 fsegs=4 fkeys=516 femit=514 ftomb=2 scans=3 segs=4 keys=516 emit=514 tomb=2
2026-10-02T19:47:56.913Z raft-host: gc-frag group=2 scans=2 records=512 ms=267
2026-10-02T19:47:56.913Z raft-host: gc-pass ms=268 reap=0 frag=267 spread=0 recover=0 fscans=2 fsegs=4 fkeys=516 femit=514 ftomb=2 scans=3 segs=4 keys=516 emit=514 tomb=2
2026-10-02T19:47:58.184Z raft-host: gc-frag group=2 scans=2 records=512 ms=268
2026-10-02T19:47:58.184Z raft-host: gc-pass ms=268 reap=0 frag=268 spread=0 recover=0 fscans=2 fsegs=4 fkeys=516 femit=514 ftomb=2 scans=3 segs=4 keys=516 emit=514 tomb=2
2026-10-02T19:47:58.372Z raft-obs: tx->1 enq=41272 drop=0 sent=41272 fail=0 hi=7 rtt_avg=40us get_avg=101us get_max=4173ms
2026-10-02T19:47:58.372Z raft-obs: tx->2 enq=40671 drop=0 sent=40671 fail=0 hi=5 rtt_avg=36us get_avg=100us get_max=4059ms
2026-10-02T19:47:58.372Z raft-obs: wait_timeouts=0 pump_hold_max=89us lock_wait_max=375us drain_max=89us tick_max=10us apply_max=82us persist_max=562us applies_in_worst=1 arc_miss=0 arc_term_miss=0 opid_replay=0 fin_q=0 fin_done=0 fin_drop=0 fin_full=0 pub_p50=0us pub_max=0us inbox_drop=0
2026-10-02T19:47:59.460Z raft-host: gc-frag group=2 scans=2 records=512 ms=272
2026-10-02T19:47:59.460Z raft-host: gc-pass ms=272 reap=0 frag=272 spread=0 recover=0 fscans=2 fsegs=4 fkeys=516 femit=514 ftomb=2 scans=3 segs=4 keys=516 emit=514 tomb=2
2026-10-02T19:48:00.736Z raft-host: gc-frag group=2 scans=2 records=512 ms=273
2026-10-02T19:48:00.736Z raft-host: gc-pass ms=273 reap=0 frag=273 spread=0 recover=0 fscans=2 fsegs=4 fkeys=516 femit=514 ftomb=2 scans=3 segs=4 keys=516 emit=514 tomb=2
2026-10-02T19:48:02.010Z raft-host: gc-frag group=2 scans=2 records=512 ms=271
2026-10-02T19:48:02.010Z raft-host: gc-pass ms=271 reap=0 frag=271 spread=0 recover=0 fscans=2 fsegs=4 fkeys=516 femit=514 ftomb=2 scans=3 segs=4 keys=516 emit=514 tomb=2
2026-10-02T19:48:03.286Z raft-host: gc-frag group=2 scans=2 records=512 ms=273
2026-10-02T19:48:03.286Z raft-host: gc-pass ms=273 reap=0 frag=273 spread=0 recover=0 fscans=2 fsegs=4 fkeys=516 femit=514 ftomb=2 scans=3 segs=4 keys=516 emit=514 tomb=2
2026-10-02T19:48:03.373Z raft-obs: tx->1 enq=41462 drop=0 sent=41462 fail=0 hi=7 rtt_avg=40us get_avg=100us get_max=4173ms
2026-10-02T19:48:03.373Z raft-obs: tx->2 enq=40861 drop=0 sent=40861 fail=0 hi=5 rtt_avg=36us get_avg=99us get_max=4059ms
2026-10-02T19:48:03.373Z raft-obs: wait_timeouts=0 pump_hold_max=133us lock_wait_max=1us drain_max=133us tick_max=10us apply_max=119us persist_max=571us applies_in_worst=1 arc_miss=0 arc_term_miss=0 opid_replay=0 fin_q=0 fin_done=0 fin_drop=0 fin_full=0 pub_p50=0us pub_max=0us inbox_drop=0
2026-10-02T19:48:04.561Z raft-host: gc-frag group=2 scans=2 records=512 ms=272
2026-10-02T19:48:04.561Z raft-host: gc-pass ms=272 reap=0 frag=272 spread=0 recover=0 fscans=2 fsegs=4 fkeys=516 femit=514 ftomb=2 scans=3 segs=4 keys=516 emit=514 tomb=2
2026-10-02T19:48:05.837Z raft-host: gc-frag group=2 scans=2 records=512 ms=273
2026-10-02T19:48:05.837Z raft-host: gc-pass ms=273 reap=0 frag=273 spread=0 recover=0 fscans=2 fsegs=4 fkeys=516 femit=514 ftomb=2 scans=3 segs=4 keys=516 emit=514 tomb=2
2026-10-02T19:48:07.092Z kv-compact: start l0=136 inputs=2 range=2 l0only=1
2026-10-02T19:48:07.108Z kv-compact: end bytes=6697878 ms=16 l0=135 l1=159 rc=0
2026-10-02T19:48:07.117Z raft-host: gc-frag group=2 scans=2 records=512 ms=277
2026-10-02T19:48:07.117Z raft-host: gc-pass ms=277 reap=0 frag=277 spread=0 recover=0 fscans=2 fsegs=4 fkeys=516 femit=514 ftomb=2 scans=3 segs=4 keys=516 emit=514 tomb=2
2026-10-02T19:48:08.377Z raft-obs: tx->1 enq=41649 drop=0 sent=41649 fail=0 hi=7 rtt_avg=40us get_avg=100us get_max=4173ms
2026-10-02T19:48:08.377Z raft-obs: tx->2 enq=41048 drop=0 sent=41048 fail=0 hi=5 rtt_avg=36us get_avg=99us get_max=4059ms
2026-10-02T19:48:08.377Z raft-obs: wait_timeouts=0 pump_hold_max=5460us lock_wait_max=1us drain_max=5460us tick_max=5us apply_max=5454us persist_max=563us applies_in_worst=1 arc_miss=0 arc_term_miss=0 opid_replay=0 fin_q=0 fin_done=0 fin_drop=0 fin_full=0 pub_p50=0us pub_max=0us inbox_drop=0
2026-10-02T19:48:08.392Z raft-host: gc-frag group=2 scans=2 records=512 ms=272
2026-10-02T19:48:08.392Z raft-host: gc-pass ms=272 reap=0 frag=272 spread=0 recover=0 fscans=2 fsegs=4 fkeys=516 femit=514 ftomb=2 scans=3 segs=4 keys=516 emit=514 tomb=2
2026-10-02T19:48:09.666Z raft-host: gc-frag group=2 scans=2 records=512 ms=270
2026-10-02T19:48:09.666Z raft-host: gc-pass ms=271 reap=0 frag=270 spread=0 recover=0 fscans=2 fsegs=4 fkeys=516 femit=514 ftomb=2 scans=3 segs=4 keys=516 emit=514 tomb=2
2026-10-02T19:48:10.938Z raft-host: gc-frag group=2 scans=2 records=512 ms=269
2026-10-02T19:48:10.938Z raft-host: gc-pass ms=270 reap=0 frag=270 spread=0 recover=0 fscans=2 fsegs=4 fkeys=516 femit=514 ftomb=2 scans=3 segs=4 keys=516 emit=514 tomb=2
2026-10-02T19:48:12.214Z raft-host: gc-frag group=2 scans=2 records=512 ms=273
2026-10-02T19:48:12.214Z raft-host: gc-pass ms=273 reap=0 frag=273 spread=0 recover=0 fscans=2 fsegs=4 fkeys=516 femit=514 ftomb=2 scans=3 segs=4 keys=516 emit=514 tomb=2
2026-10-02T19:48:13.381Z raft-obs: tx->1 enq=41833 drop=0 sent=41833 fail=0 hi=7 rtt_avg=40us get_avg=100us get_max=4173ms
2026-10-02T19:48:13.381Z raft-obs: tx->2 enq=41232 drop=0 sent=41232 fail=0 hi=5 rtt_avg=35us get_avg=98us get_max=4059ms
2026-10-02T19:48:13.381Z raft-obs: wait_timeouts=0 pump_hold_max=112us lock_wait_max=230us drain_max=112us tick_max=5us apply_max=104us persist_max=592us applies_in_worst=1 arc_miss=0 arc_term_miss=0 opid_replay=0 fin_q=0 fin_done=0 fin_drop=0 fin_full=0 pub_p50=0us pub_max=0us inbox_drop=0
2026-10-02T19:48:13.489Z raft-host: gc-frag group=2 scans=2 records=512 ms=272
2026-10-02T19:48:13.489Z raft-host: gc-pass ms=272 reap=0 frag=272 spread=0 recover=0 fscans=2 fsegs=4 fkeys=516 femit=514 ftomb=2 scans=3 segs=4 keys=516 emit=514 tomb=2
2026-10-02T19:48:14.763Z raft-host: gc-frag group=2 scans=2 records=512 ms=271
2026-10-02T19:48:14.763Z raft-host: gc-pass ms=271 reap=0 frag=271 spread=0 recover=0 fscans=2 fsegs=4 fkeys=516 femit=514 ftomb=2 scans=3 segs=4 keys=516 emit=514 tomb=2
2026-10-02T19:48:16.033Z raft-host: gc-frag group=2 scans=2 records=512 ms=266
2026-10-02T19:48:16.033Z raft-host: gc-pass ms=266 reap=0 frag=266 spread=0 recover=0 fscans=2 fsegs=4 fkeys=516 femit=514 ftomb=2 scans=3 segs=4 keys=516 emit=514 tomb=2
2026-10-02T19:48:17.311Z raft-host: gc-frag group=2 scans=2 records=512 ms=275
2026-10-02T19:48:17.311Z raft-host: gc-pass ms=275 reap=0 frag=275 spread=0 recover=0 fscans=2 fsegs=4 fkeys=516 femit=514 ftomb=2 scans=3 segs=4 keys=516 emit=514 tomb=2
2026-10-02T19:48:18.381Z raft-obs: tx->1 enq=42014 drop=0 sent=42013 fail=0 hi=7 rtt_avg=40us get_avg=99us get_max=4173ms
2026-10-02T19:48:18.381Z raft-obs: tx->2 enq=41413 drop=0 sent=41412 fail=0 hi=5 rtt_avg=35us get_avg=98us get_max=4059ms
2026-10-02T19:48:18.381Z raft-obs: wait_timeouts=0 pump_hold_max=125us lock_wait_max=285us drain_max=125us tick_max=12us apply_max=117us persist_max=577us applies_in_worst=1 arc_miss=0 arc_term_miss=0 opid_replay=0 fin_q=0 fin_done=0 fin_drop=0 fin_full=0 pub_p50=0us pub_max=0us inbox_drop=0
2026-10-02T19:48:18.584Z raft-host: gc-frag group=2 scans=2 records=512 ms=270
2026-10-02T19:48:18.584Z raft-host: gc-pass ms=270 reap=0 frag=270 spread=0 recover=0 fscans=2 fsegs=4 fkeys=516 femit=514 ftomb=2 scans=3 segs=4 keys=516 emit=514 tomb=2
2026-10-02T19:48:19.857Z raft-host: gc-frag group=2 scans=2 records=512 ms=269
2026-10-02T19:48:19.857Z raft-host: gc-pass ms=270 reap=0 frag=269 spread=0 recover=0 fscans=2 fsegs=4 fkeys=516 femit=514 ftomb=2 scans=3 segs=4 keys=516 emit=514 tomb=2
2026-10-02T19:48:21.128Z raft-host: gc-frag group=2 scans=2 records=512 ms=268
2026-10-02T19:48:21.128Z raft-host: gc-pass ms=268 reap=0 frag=268 spread=0 recover=0 fscans=2 fsegs=4 fkeys=516 femit=514 ftomb=2 scans=3 segs=4 keys=516 emit=514 tomb=2
2026-10-02T19:48:22.399Z raft-host: gc-frag group=2 scans=2 records=512 ms=268
2026-10-02T19:48:22.399Z raft-host: gc-pass ms=268 reap=0 frag=268 spread=0 recover=0 fscans=2 fsegs=4 fkeys=516 femit=514 ftomb=2 scans=3 segs=4 keys=516 emit=514 tomb=2
2026-10-02T19:48:23.382Z raft-obs: tx->1 enq=42200 drop=0 sent=42200 fail=0 hi=7 rtt_avg=40us get_avg=99us get_max=4173ms
2026-10-02T19:48:23.382Z raft-obs: tx->2 enq=41599 drop=0 sent=41599 fail=0 hi=5 rtt_avg=35us get_avg=97us get_max=4059ms
2026-10-02T19:48:23.382Z raft-obs: wait_timeouts=0 pump_hold_max=135us lock_wait_max=306us drain_max=135us tick_max=10us apply_max=128us persist_max=511us applies_in_worst=1 arc_miss=0 arc_term_miss=0 opid_replay=0 fin_q=0 fin_done=0 fin_drop=0 fin_full=0 pub_p50=0us pub_max=0us inbox_drop=0
2026-10-02T19:48:23.672Z raft-host: gc-frag group=2 scans=2 records=512 ms=270
2026-10-02T19:48:23.672Z raft-host: gc-pass ms=270 reap=0 frag=270 spread=0 recover=0 fscans=2 fsegs=4 fkeys=516 femit=514 ftomb=2 scans=3 segs=4 keys=516 emit=514 tomb=2
2026-10-02T19:48:24.947Z raft-host: gc-frag group=2 scans=2 records=512 ms=271
2026-10-02T19:48:24.947Z raft-host: gc-pass ms=271 reap=0 frag=271 spread=0 recover=0 fscans=2 fsegs=4 fkeys=516 femit=514 ftomb=2 scans=3 segs=4 keys=516 emit=514 tomb=2
2026-10-02T19:48:26.217Z raft-host: gc-frag group=2 scans=2 records=512 ms=267
2026-10-02T19:48:26.217Z raft-host: gc-pass ms=267 reap=0 frag=267 spread=0 recover=0 fscans=2 fsegs=4 fkeys=516 femit=514 ftomb=2 scans=3 segs=4 keys=516 emit=514 tomb=2
2026-10-02T19:48:27.490Z raft-host: gc-frag group=2 scans=2 records=512 ms=270
2026-10-02T19:48:27.490Z raft-host: gc-pass ms=270 reap=0 frag=270 spread=0 recover=0 fscans=2 fsegs=4 fkeys=516 femit=514 ftomb=2 scans=3 segs=4 keys=516 emit=514 tomb=2
2026-10-02T19:48:28.387Z raft-obs: tx->1 enq=42390 drop=0 sent=42390 fail=0 hi=7 rtt_avg=40us get_avg=98us get_max=4173ms
2026-10-02T19:48:28.387Z raft-obs: tx->2 enq=41789 drop=0 sent=41789 fail=0 hi=5 rtt_avg=35us get_avg=97us get_max=4059ms
2026-10-02T19:48:28.387Z raft-obs: wait_timeouts=0 pump_hold_max=125us lock_wait_max=286us drain_max=125us tick_max=8us apply_max=119us persist_max=530us applies_in_worst=1 arc_miss=0 arc_term_miss=0 opid_replay=0 fin_q=0 fin_done=0 fin_drop=0 fin_full=0 pub_p50=0us pub_max=0us inbox_drop=0
2026-10-02T19:48:28.762Z raft-host: gc-frag group=2 scans=2 records=512 ms=269
2026-10-02T19:48:28.762Z raft-host: gc-pass ms=269 reap=0 frag=269 spread=0 recover=0 fscans=2 fsegs=4 fkeys=516 femit=514 ftomb=2 scans=3 segs=4 keys=516 emit=514 tomb=2
2026-10-02T19:48:30.034Z raft-host: gc-frag group=2 scans=2 records=512 ms=269
2026-10-02T19:48:30.034Z raft-host: gc-pass ms=269 reap=0 frag=269 spread=0 recover=0 fscans=2 fsegs=4 fkeys=516 femit=514 ftomb=2 scans=3 segs=4 keys=516 emit=514 tomb=2
2026-10-02T19:48:31.308Z raft-host: gc-frag group=2 scans=2 records=512 ms=271
2026-10-02T19:48:31.308Z raft-host: gc-pass ms=271 reap=0 frag=271 spread=0 recover=0 fscans=2 fsegs=4 fkeys=516 femit=514 ftomb=2 scans=3 segs=4 keys=516 emit=514 tomb=2
2026-10-02T19:48:32.582Z raft-host: gc-frag group=2 scans=2 records=512 ms=271
2026-10-02T19:48:32.582Z raft-host: gc-pass ms=271 reap=0 frag=271 spread=0 recover=0 fscans=2 fsegs=4 fkeys=516 femit=514 ftomb=2 scans=3 segs=4 keys=516 emit=514 tomb=2
2026-10-02T19:48:33.387Z raft-obs: tx->1 enq=42580 drop=0 sent=42580 fail=0 hi=7 rtt_avg=40us get_avg=98us get_max=4173ms
2026-10-02T19:48:33.387Z raft-obs: tx->2 enq=41979 drop=0 sent=41979 fail=0 hi=5 rtt_avg=35us get_avg=96us get_max=4059ms
2026-10-02T19:48:33.387Z raft-obs: wait_timeouts=0 pump_hold_max=163us lock_wait_max=296us drain_max=163us tick_max=7us apply_max=148us persist_max=620us applies_in_worst=1 arc_miss=0 arc_term_miss=0 opid_replay=0 fin_q=0 fin_done=0 fin_drop=0 fin_full=0 pub_p50=0us pub_max=0us inbox_drop=0
2026-10-02T19:48:33.853Z raft-host: gc-frag group=2 scans=2 records=512 ms=268
2026-10-02T19:48:33.854Z raft-host: gc-pass ms=268 reap=0 frag=268 spread=0 recover=0 fscans=2 fsegs=4 fkeys=516 femit=514 ftomb=2 scans=3 segs=4 keys=516 emit=514 tomb=2
2026-10-02T19:48:35.124Z raft-host: gc-frag group=2 scans=2 records=512 ms=267
2026-10-02T19:48:35.124Z raft-host: gc-pass ms=267 reap=0 frag=267 spread=0 recover=0 fscans=2 fsegs=4 fkeys=516 femit=514 ftomb=2 scans=3 segs=4 keys=516 emit=514 tomb=2
2026-10-02T19:48:36.394Z raft-host: gc-frag group=2 scans=2 records=512 ms=267
2026-10-02T19:48:36.394Z raft-host: gc-pass ms=267 reap=0 frag=267 spread=0 recover=0 fscans=2 fsegs=4 fkeys=516 femit=514 ftomb=2 scans=3 segs=4 keys=516 emit=514 tomb=2
2026-10-02T19:48:37.666Z raft-host: gc-frag group=2 scans=2 records=512 ms=269
2026-10-02T19:48:37.666Z raft-host: gc-pass ms=269 reap=0 frag=269 spread=0 recover=0 fscans=2 fsegs=4 fkeys=516 femit=514 ftomb=2 scans=3 segs=4 keys=516 emit=514 tomb=2
2026-10-02T19:48:38.390Z raft-obs: tx->1 enq=42771 drop=0 sent=42771 fail=0 hi=7 rtt_avg=40us get_avg=97us get_max=4173ms
2026-10-02T19:48:38.390Z raft-obs: tx->2 enq=42170 drop=0 sent=42170 fail=0 hi=5 rtt_avg=35us get_avg=96us get_max=4059ms
2026-10-02T19:48:38.390Z raft-obs: wait_timeouts=0 pump_hold_max=120us lock_wait_max=275us drain_max=120us tick_max=17us apply_max=114us persist_max=617us applies_in_worst=1 arc_miss=0 arc_term_miss=0 opid_replay=0 fin_q=0 fin_done=0 fin_drop=0 fin_full=0 pub_p50=0us pub_max=0us inbox_drop=0
2026-10-02T19:48:38.938Z raft-host: gc-frag group=2 scans=2 records=512 ms=269
2026-10-02T19:48:38.938Z raft-host: gc-pass ms=269 reap=0 frag=269 spread=0 recover=0 fscans=2 fsegs=4 fkeys=516 femit=514 ftomb=2 scans=3 segs=4 keys=516 emit=514 tomb=2
2026-10-02T19:48:40.208Z raft-host: gc-frag group=2 scans=2 records=512 ms=266
2026-10-02T19:48:40.208Z raft-host: gc-pass ms=266 reap=0 frag=266 spread=0 recover=0 fscans=2 fsegs=4 fkeys=516 femit=514 ftomb=2 scans=3 segs=4 keys=516 emit=514 tomb=2
2026-10-02T19:48:41.479Z raft-host: gc-frag group=2 scans=2 records=512 ms=268
2026-10-02T19:48:41.479Z raft-host: gc-pass ms=268 reap=0 frag=268 spread=0 recover=0 fscans=2 fsegs=4 fkeys=516 femit=514 ftomb=2 scans=3 segs=4 keys=516 emit=514 tomb=2
2026-10-02T19:48:42.750Z raft-host: gc-frag group=2 scans=2 records=512 ms=268
2026-10-02T19:48:42.750Z raft-host: gc-pass ms=268 reap=0 frag=268 spread=0 recover=0 fscans=2 fsegs=4 fkeys=516 femit=514 ftomb=2 scans=3 segs=4 keys=516 emit=514 tomb=2
2026-10-02T19:48:43.393Z raft-obs: tx->1 enq=42961 drop=0 sent=42961 fail=0 hi=7 rtt_avg=40us get_avg=97us get_max=4173ms
2026-10-02T19:48:43.393Z raft-obs: tx->2 enq=42360 drop=0 sent=42360 fail=0 hi=5 rtt_avg=35us get_avg=96us get_max=4059ms
2026-10-02T19:48:43.393Z raft-obs: wait_timeouts=0 pump_hold_max=125us lock_wait_max=346us drain_max=125us tick_max=8us apply_max=118us persist_max=635us applies_in_worst=1 arc_miss=0 arc_term_miss=0 opid_replay=0 fin_q=0 fin_done=0 fin_drop=0 fin_full=0 pub_p50=0us pub_max=0us inbox_drop=0
2026-10-02T19:48:44.018Z raft-host: gc-frag group=2 scans=2 records=512 ms=265
2026-10-02T19:48:44.018Z raft-host: gc-pass ms=265 reap=0 frag=265 spread=0 recover=0 fscans=2 fsegs=4 fkeys=516 femit=514 ftomb=2 scans=3 segs=4 keys=516 emit=514 tomb=2
2026-10-02T19:48:45.290Z raft-host: gc-frag group=2 scans=2 records=512 ms=269
2026-10-02T19:48:45.290Z raft-host: gc-pass ms=269 reap=0 frag=269 spread=0 recover=0 fscans=2 fsegs=4 fkeys=516 femit=514 ftomb=2 scans=3 segs=4 keys=516 emit=514 tomb=2
2026-10-02T19:48:46.561Z raft-host: gc-frag group=2 scans=2 records=512 ms=267
2026-10-02T19:48:46.561Z raft-host: gc-pass ms=267 reap=0 frag=267 spread=0 recover=0 fscans=2 fsegs=4 fkeys=516 femit=514 ftomb=2 scans=3 segs=4 keys=516 emit=514 tomb=2
2026-10-02T19:48:47.832Z raft-host: gc-frag group=2 scans=2 records=512 ms=267
2026-10-02T19:48:47.832Z raft-host: gc-pass ms=267 reap=0 frag=267 spread=0 recover=0 fscans=2 fsegs=4 fkeys=516 femit=514 ftomb=2 scans=3 segs=4 keys=516 emit=514 tomb=2
2026-10-02T19:48:48.394Z raft-obs: tx->1 enq=43152 drop=0 sent=43152 fail=0 hi=7 rtt_avg=40us get_avg=96us get_max=4173ms
2026-10-02T19:48:48.394Z raft-obs: tx->2 enq=42551 drop=0 sent=42551 fail=0 hi=5 rtt_avg=35us get_avg=95us get_max=4059ms
2026-10-02T19:48:48.394Z raft-obs: wait_timeouts=0 pump_hold_max=117us lock_wait_max=341us drain_max=117us tick_max=10us apply_max=110us persist_max=741us applies_in_worst=1 arc_miss=0 arc_term_miss=0 opid_replay=0 fin_q=0 fin_done=0 fin_drop=0 fin_full=0 pub_p50=0us pub_max=0us inbox_drop=0
2026-10-02T19:48:49.103Z raft-host: gc-frag group=2 scans=2 records=512 ms=268
2026-10-02T19:48:49.103Z raft-host: gc-pass ms=268 reap=0 frag=268 spread=0 recover=0 fscans=2 fsegs=4 fkeys=516 femit=514 ftomb=2 scans=3 segs=4 keys=516 emit=514 tomb=2
2026-10-02T19:48:50.374Z raft-host: gc-frag group=2 scans=2 records=512 ms=268
2026-10-02T19:48:50.374Z raft-host: gc-pass ms=268 reap=0 frag=268 spread=0 recover=0 fscans=2 fsegs=4 fkeys=516 femit=514 ftomb=2 scans=3 segs=4 keys=516 emit=514 tomb=2
2026-10-02T19:48:51.644Z raft-host: gc-frag group=2 scans=2 records=512 ms=266
2026-10-02T19:48:51.644Z raft-host: gc-pass ms=266 reap=0 frag=266 spread=0 recover=0 fscans=2 fsegs=4 fkeys=516 femit=514 ftomb=2 scans=3 segs=4 keys=516 emit=514 tomb=2
2026-10-02T19:48:52.915Z raft-host: gc-frag group=2 scans=2 records=512 ms=268
2026-10-02T19:48:52.916Z raft-host: gc-pass ms=269 reap=0 frag=268 spread=0 recover=0 fscans=2 fsegs=4 fkeys=516 femit=514 ftomb=2 scans=3 segs=4 keys=516 emit=514 tomb=2
2026-10-02T19:48:53.397Z raft-obs: tx->1 enq=43342 drop=0 sent=43342 fail=0 hi=7 rtt_avg=40us get_avg=96us get_max=4173ms
2026-10-02T19:48:53.397Z raft-obs: tx->2 enq=42741 drop=0 sent=42741 fail=0 hi=5 rtt_avg=35us get_avg=95us get_max=4059ms
2026-10-02T19:48:53.397Z raft-obs: wait_timeouts=0 pump_hold_max=110us lock_wait_max=250us drain_max=110us tick_max=15us apply_max=103us persist_max=559us applies_in_worst=1 arc_miss=0 arc_term_miss=0 opid_replay=0 fin_q=0 fin_done=0 fin_drop=0 fin_full=0 pub_p50=0us pub_max=0us inbox_drop=0
2026-10-02T19:48:54.183Z raft-host: gc-frag group=2 scans=2 records=512 ms=264
2026-10-02T19:48:54.183Z raft-host: gc-pass ms=264 reap=0 frag=264 spread=0 recover=0 fscans=2 fsegs=4 fkeys=516 femit=514 ftomb=2 scans=3 segs=4 keys=516 emit=514 tomb=2
2026-10-02T19:48:55.451Z raft-host: gc-frag group=2 scans=2 records=512 ms=264
2026-10-02T19:48:55.451Z raft-host: gc-pass ms=265 reap=0 frag=265 spread=0 recover=0 fscans=2 fsegs=4 fkeys=516 femit=514 ftomb=2 scans=3 segs=4 keys=516 emit=514 tomb=2
2026-10-02T19:48:56.719Z raft-host: gc-frag group=2 scans=2 records=512 ms=265
2026-10-02T19:48:56.719Z raft-host: gc-pass ms=265 reap=0 frag=265 spread=0 recover=0 fscans=2 fsegs=4 fkeys=516 femit=514 ftomb=2 scans=3 segs=4 keys=516 emit=514 tomb=2
2026-10-02T19:48:57.989Z raft-host: gc-frag group=2 scans=2 records=512 ms=266
2026-10-02T19:48:57.989Z raft-host: gc-pass ms=266 reap=0 frag=266 spread=0 recover=0 fscans=2 fsegs=4 fkeys=516 femit=514 ftomb=2 scans=3 segs=4 keys=516 emit=514 tomb=2
2026-10-02T19:48:58.399Z raft-obs: tx->1 enq=43533 drop=0 sent=43533 fail=0 hi=7 rtt_avg=40us get_avg=96us get_max=4173ms
2026-10-02T19:48:58.399Z raft-obs: tx->2 enq=42932 drop=0 sent=42932 fail=0 hi=5 rtt_avg=35us get_avg=94us get_max=4059ms
2026-10-02T19:48:58.399Z raft-obs: wait_timeouts=0 pump_hold_max=131us lock_wait_max=337us drain_max=131us tick_max=9us apply_max=124us persist_max=533us applies_in_worst=1 arc_miss=0 arc_term_miss=0 opid_replay=0 fin_q=0 fin_done=0 fin_drop=0 fin_full=0 pub_p50=0us pub_max=0us inbox_drop=0
2026-10-02T19:48:59.258Z raft-host: gc-frag group=2 scans=2 records=512 ms=266
2026-10-02T19:48:59.258Z raft-host: gc-pass ms=266 reap=0 frag=266 spread=0 recover=0 fscans=2 fsegs=4 fkeys=516 femit=514 ftomb=2 scans=3 segs=4 keys=516 emit=514 tomb=2
2026-10-02T19:49:00.527Z raft-host: gc-frag group=2 scans=2 records=512 ms=265
2026-10-02T19:49:00.527Z raft-host: gc-pass ms=265 reap=0 frag=265 spread=0 recover=0 fscans=2 fsegs=4 fkeys=516 femit=514 ftomb=2 scans=3 segs=4 keys=516 emit=514 tomb=2
2026-10-02T19:49:01.797Z raft-host: gc-frag group=2 scans=2 records=512 ms=266
2026-10-02T19:49:01.797Z raft-host: gc-pass ms=266 reap=0 frag=266 spread=0 recover=0 fscans=2 fsegs=4 fkeys=516 femit=514 ftomb=2 scans=3 segs=4 keys=516 emit=514 tomb=2
2026-10-02T19:49:03.067Z raft-host: gc-frag group=2 scans=2 records=512 ms=267
2026-10-02T19:49:03.067Z raft-host: gc-pass ms=267 reap=0 frag=267 spread=0 recover=0 fscans=2 fsegs=4 fkeys=516 femit=514 ftomb=2 scans=3 segs=4 keys=516 emit=514 tomb=2
2026-10-02T19:49:03.402Z raft-obs: tx->1 enq=43723 drop=0 sent=43723 fail=0 hi=7 rtt_avg=40us get_avg=95us get_max=4173ms
2026-10-02T19:49:03.402Z raft-obs: tx->2 enq=43122 drop=0 sent=43122 fail=0 hi=5 rtt_avg=35us get_avg=94us get_max=4059ms
2026-10-02T19:49:03.402Z raft-obs: wait_timeouts=0 pump_hold_max=124us lock_wait_max=360us drain_max=124us tick_max=6us apply_max=117us persist_max=635us applies_in_worst=1 arc_miss=0 arc_term_miss=0 opid_replay=0 fin_q=0 fin_done=0 fin_drop=0 fin_full=0 pub_p50=0us pub_max=0us inbox_drop=0
2026-10-02T19:49:04.338Z raft-host: gc-frag group=2 scans=2 records=512 ms=268
2026-10-02T19:49:04.338Z raft-host: gc-pass ms=268 reap=0 frag=268 spread=0 recover=0 fscans=2 fsegs=4 fkeys=516 femit=514 ftomb=2 scans=3 segs=4 keys=516 emit=514 tomb=2
2026-10-02T19:49:05.611Z raft-host: gc-frag group=2 scans=2 records=512 ms=269
2026-10-02T19:49:05.611Z raft-host: gc-pass ms=269 reap=0 frag=269 spread=0 recover=0 fscans=2 fsegs=4 fkeys=516 femit=514 ftomb=2 scans=3 segs=4 keys=516 emit=514 tomb=2
2026-10-02T19:49:06.879Z raft-host: gc-frag group=2 scans=2 records=512 ms=265
2026-10-02T19:49:06.879Z raft-host: gc-pass ms=265 reap=0 frag=265 spread=0 recover=0 fscans=2 fsegs=4 fkeys=516 femit=514 ftomb=2 scans=3 segs=4 keys=516 emit=514 tomb=2
2026-10-02T19:49:08.149Z raft-host: gc-frag group=2 scans=2 records=512 ms=267
2026-10-02T19:49:08.149Z raft-host: gc-pass ms=267 reap=0 frag=267 spread=0 recover=0 fscans=2 fsegs=4 fkeys=516 femit=514 ftomb=2 scans=3 segs=4 keys=516 emit=514 tomb=2
2026-10-02T19:49:08.402Z raft-obs: tx->1 enq=43914 drop=0 sent=43913 fail=0 hi=7 rtt_avg=40us get_avg=95us get_max=4173ms
2026-10-02T19:49:08.402Z raft-obs: tx->2 enq=43313 drop=0 sent=43312 fail=0 hi=5 rtt_avg=35us get_avg=93us get_max=4059ms
2026-10-02T19:49:08.402Z raft-obs: wait_timeouts=0 pump_hold_max=77us lock_wait_max=318us drain_max=77us tick_max=5us apply_max=72us persist_max=536us applies_in_worst=1 arc_miss=0 arc_term_miss=0 opid_replay=0 fin_q=0 fin_done=0 fin_drop=0 fin_full=0 pub_p50=0us pub_max=0us inbox_drop=0
2026-10-02T19:49:09.419Z raft-host: gc-frag group=2 scans=2 records=512 ms=267
2026-10-02T19:49:09.419Z raft-host: gc-pass ms=267 reap=0 frag=267 spread=0 recover=0 fscans=2 fsegs=4 fkeys=516 femit=514 ftomb=2 scans=3 segs=4 keys=516 emit=514 tomb=2
2026-10-02T19:49:10.688Z raft-host: gc-frag group=2 scans=2 records=512 ms=266
2026-10-02T19:49:10.688Z raft-host: gc-pass ms=266 reap=0 frag=266 spread=0 recover=0 fscans=2 fsegs=4 fkeys=516 femit=514 ftomb=2 scans=3 segs=4 keys=516 emit=514 tomb=2
2026-10-02T19:49:11.957Z raft-host: gc-frag group=2 scans=2 records=512 ms=265
2026-10-02T19:49:11.957Z raft-host: gc-pass ms=265 reap=0 frag=265 spread=0 recover=0 fscans=2 fsegs=4 fkeys=516 femit=514 ftomb=2 scans=3 segs=4 keys=516 emit=514 tomb=2
2026-10-02T19:49:13.228Z raft-host: gc-frag group=2 scans=2 records=512 ms=268
2026-10-02T19:49:13.228Z raft-host: gc-pass ms=268 reap=0 frag=268 spread=0 recover=0 fscans=2 fsegs=4 fkeys=516 femit=514 ftomb=2 scans=3 segs=4 keys=516 emit=514 tomb=2
2026-10-02T19:49:13.406Z raft-obs: tx->1 enq=44104 drop=0 sent=44104 fail=0 hi=7 rtt_avg=39us get_avg=94us get_max=4173ms
2026-10-02T19:49:13.406Z raft-obs: tx->2 enq=43503 drop=0 sent=43503 fail=0 hi=5 rtt_avg=35us get_avg=93us get_max=4059ms
2026-10-02T19:49:13.406Z raft-obs: wait_timeouts=0 pump_hold_max=142us lock_wait_max=342us drain_max=142us tick_max=39us apply_max=135us persist_max=522us applies_in_worst=1 arc_miss=0 arc_term_miss=0 opid_replay=0 fin_q=0 fin_done=0 fin_drop=0 fin_full=0 pub_p50=0us pub_max=0us inbox_drop=0
2026-10-02T19:49:14.497Z raft-host: gc-frag group=2 scans=2 records=512 ms=266
2026-10-02T19:49:14.497Z raft-host: gc-pass ms=266 reap=0 frag=266 spread=0 recover=0 fscans=2 fsegs=4 fkeys=516 femit=514 ftomb=2 scans=3 segs=4 keys=516 emit=514 tomb=2
2026-10-02T19:49:15.765Z raft-host: gc-frag group=2 scans=2 records=512 ms=264
2026-10-02T19:49:15.765Z raft-host: gc-pass ms=265 reap=0 frag=264 spread=0 recover=0 fscans=2 fsegs=4 fkeys=516 femit=514 ftomb=2 scans=3 segs=4 keys=516 emit=514 tomb=2
2026-10-02T19:49:17.034Z raft-host: gc-frag group=2 scans=2 records=512 ms=266
2026-10-02T19:49:17.034Z raft-host: gc-pass ms=266 reap=0 frag=266 spread=0 recover=0 fscans=2 fsegs=4 fkeys=516 femit=514 ftomb=2 scans=3 segs=4 keys=516 emit=514 tomb=2
2026-10-02T19:49:18.308Z raft-host: gc-frag group=2 scans=2 records=512 ms=271
2026-10-02T19:49:18.308Z raft-host: gc-pass ms=271 reap=0 frag=271 spread=0 recover=0 fscans=2 fsegs=4 fkeys=516 femit=514 ftomb=2 scans=3 segs=4 keys=516 emit=514 tomb=2
2026-10-02T19:49:18.410Z raft-obs: tx->1 enq=44295 drop=0 sent=44294 fail=0 hi=7 rtt_avg=39us get_avg=94us get_max=4173ms
2026-10-02T19:49:18.410Z raft-obs: tx->2 enq=43694 drop=0 sent=43693 fail=0 hi=5 rtt_avg=35us get_avg=93us get_max=4059ms
2026-10-02T19:49:18.410Z raft-obs: wait_timeouts=0 pump_hold_max=111us lock_wait_max=256us drain_max=111us tick_max=10us apply_max=106us persist_max=513us applies_in_worst=1 arc_miss=0 arc_term_miss=0 opid_replay=0 fin_q=0 fin_done=0 fin_drop=0 fin_full=0 pub_p50=0us pub_max=0us inbox_drop=0
2026-10-02T19:49:19.581Z raft-host: gc-frag group=2 scans=2 records=512 ms=270
2026-10-02T19:49:19.581Z raft-host: gc-pass ms=270 reap=0 frag=270 spread=0 recover=0 fscans=2 fsegs=4 fkeys=516 femit=514 ftomb=2 scans=3 segs=4 keys=516 emit=514 tomb=2
2026-10-02T19:49:20.857Z raft-host: gc-frag group=2 scans=2 records=512 ms=272
2026-10-02T19:49:20.857Z raft-host: gc-pass ms=272 reap=0 frag=272 spread=0 recover=0 fscans=2 fsegs=4 fkeys=516 femit=514 ftomb=2 scans=3 segs=4 keys=516 emit=514 tomb=2
2026-10-02T19:49:22.128Z raft-host: gc-frag group=2 scans=2 records=512 ms=268
2026-10-02T19:49:22.128Z raft-host: gc-pass ms=268 reap=0 frag=268 spread=0 recover=0 fscans=2 fsegs=4 fkeys=516 femit=514 ftomb=2 scans=3 segs=4 keys=516 emit=514 tomb=2
2026-10-02T19:49:23.401Z raft-host: gc-frag group=2 scans=2 records=512 ms=270
2026-10-02T19:49:23.401Z raft-host: gc-pass ms=270 reap=0 frag=270 spread=0 recover=0 fscans=2 fsegs=4 fkeys=516 femit=514 ftomb=2 scans=3 segs=4 keys=516 emit=514 tomb=2
2026-10-02T19:49:23.412Z raft-obs: tx->1 enq=44485 drop=0 sent=44485 fail=0 hi=7 rtt_avg=39us get_avg=94us get_max=4173ms
2026-10-02T19:49:23.412Z raft-obs: tx->2 enq=43884 drop=0 sent=43884 fail=0 hi=5 rtt_avg=35us get_avg=92us get_max=4059ms
2026-10-02T19:49:23.412Z raft-obs: wait_timeouts=0 pump_hold_max=118us lock_wait_max=300us drain_max=118us tick_max=15us apply_max=110us persist_max=535us applies_in_worst=1 arc_miss=0 arc_term_miss=0 opid_replay=0 fin_q=0 fin_done=0 fin_drop=0 fin_full=0 pub_p50=0us pub_max=0us inbox_drop=0
2026-10-02T19:49:24.675Z raft-host: gc-frag group=2 scans=2 records=512 ms=270
2026-10-02T19:49:24.675Z raft-host: gc-pass ms=270 reap=0 frag=270 spread=0 recover=0 fscans=2 fsegs=4 fkeys=516 femit=514 ftomb=2 scans=3 segs=4 keys=516 emit=514 tomb=2
2026-10-02T19:49:25.946Z raft-host: gc-frag group=2 scans=2 records=512 ms=268
2026-10-02T19:49:25.946Z raft-host: gc-pass ms=268 reap=0 frag=268 spread=0 recover=0 fscans=2 fsegs=4 fkeys=516 femit=514 ftomb=2 scans=3 segs=4 keys=516 emit=514 tomb=2
2026-10-02T19:49:27.219Z raft-host: gc-frag group=2 scans=2 records=512 ms=269
2026-10-02T19:49:27.219Z raft-host: gc-pass ms=269 reap=0 frag=269 spread=0 recover=0 fscans=2 fsegs=4 fkeys=516 femit=514 ftomb=2 scans=3 segs=4 keys=516 emit=514 tomb=2
2026-10-02T19:49:28.415Z raft-obs: tx->1 enq=44667 drop=0 sent=44667 fail=0 hi=7 rtt_avg=39us get_avg=93us get_max=4173ms
2026-10-02T19:49:28.415Z raft-obs: tx->2 enq=44066 drop=0 sent=44066 fail=0 hi=5 rtt_avg=35us get_avg=92us get_max=4059ms
2026-10-02T19:49:28.415Z raft-obs: wait_timeouts=0 pump_hold_max=128us lock_wait_max=210us drain_max=128us tick_max=13us apply_max=120us persist_max=541us applies_in_worst=1 arc_miss=0 arc_term_miss=0 opid_replay=0 fin_q=0 fin_done=0 fin_drop=0 fin_full=0 pub_p50=0us pub_max=0us inbox_drop=0
2026-10-02T19:49:28.488Z raft-host: gc-frag group=2 scans=2 records=512 ms=266
2026-10-02T19:49:28.488Z raft-host: gc-pass ms=267 reap=0 frag=266 spread=0 recover=0 fscans=2 fsegs=4 fkeys=516 femit=514 ftomb=2 scans=3 segs=4 keys=516 emit=514 tomb=2
2026-10-02T19:49:29.761Z raft-host: gc-frag group=2 scans=2 records=512 ms=269
2026-10-02T19:49:29.761Z raft-host: gc-pass ms=269 reap=0 frag=269 spread=0 recover=0 fscans=2 fsegs=4 fkeys=516 femit=514 ftomb=2 scans=3 segs=4 keys=516 emit=514 tomb=2
2026-10-02T19:49:31.034Z raft-host: gc-frag group=2 scans=2 records=512 ms=270
2026-10-02T19:49:31.034Z raft-host: gc-pass ms=270 reap=0 frag=270 spread=0 recover=0 fscans=2 fsegs=4 fkeys=516 femit=514 ftomb=2 scans=3 segs=4 keys=516 emit=514 tomb=2
2026-10-02T19:49:32.303Z raft-host: gc-frag group=2 scans=2 records=512 ms=266
2026-10-02T19:49:32.303Z raft-host: gc-pass ms=266 reap=0 frag=266 spread=0 recover=0 fscans=2 fsegs=4 fkeys=516 femit=514 ftomb=2 scans=3 segs=4 keys=516 emit=514 tomb=2
2026-10-02T19:49:33.415Z raft-obs: tx->1 enq=44849 drop=0 sent=44849 fail=0 hi=7 rtt_avg=39us get_avg=93us get_max=4173ms
2026-10-02T19:49:33.415Z raft-obs: tx->2 enq=44248 drop=0 sent=44248 fail=0 hi=5 rtt_avg=35us get_avg=91us get_max=4059ms
2026-10-02T19:49:33.415Z raft-obs: wait_timeouts=0 pump_hold_max=124us lock_wait_max=210us drain_max=124us tick_max=5us apply_max=116us persist_max=575us applies_in_worst=1 arc_miss=0 arc_term_miss=0 opid_replay=0 fin_q=0 fin_done=0 fin_drop=0 fin_full=0 pub_p50=0us pub_max=0us inbox_drop=0
2026-10-02T19:49:33.576Z raft-host: gc-frag group=2 scans=2 records=512 ms=270
2026-10-02T19:49:33.576Z raft-host: gc-pass ms=270 reap=0 frag=270 spread=0 recover=0 fscans=2 fsegs=4 fkeys=516 femit=514 ftomb=2 scans=3 segs=4 keys=516 emit=514 tomb=2
2026-10-02T19:49:34.844Z raft-host: gc-frag group=2 scans=2 records=512 ms=265
2026-10-02T19:49:34.844Z raft-host: gc-pass ms=265 reap=0 frag=265 spread=0 recover=0 fscans=2 fsegs=4 fkeys=516 femit=514 ftomb=2 scans=3 segs=4 keys=516 emit=514 tomb=2
2026-10-02T19:49:36.112Z raft-host: gc-frag group=2 scans=2 records=512 ms=264
2026-10-02T19:49:36.112Z raft-host: gc-pass ms=264 reap=0 frag=264 spread=0 recover=0 fscans=2 fsegs=4 fkeys=516 femit=514 ftomb=2 scans=3 segs=4 keys=516 emit=514 tomb=2
2026-10-02T19:49:37.384Z raft-host: gc-frag group=2 scans=2 records=512 ms=269
2026-10-02T19:49:37.384Z raft-host: gc-pass ms=269 reap=0 frag=269 spread=0 recover=0 fscans=2 fsegs=4 fkeys=516 femit=514 ftomb=2 scans=3 segs=4 keys=516 emit=514 tomb=2
2026-10-02T19:49:38.416Z raft-obs: tx->1 enq=45035 drop=0 sent=45035 fail=0 hi=7 rtt_avg=39us get_avg=92us get_max=4173ms
2026-10-02T19:49:38.416Z raft-obs: tx->2 enq=44434 drop=0 sent=44434 fail=0 hi=5 rtt_avg=35us get_avg=91us get_max=4059ms
2026-10-02T19:49:38.416Z raft-obs: wait_timeouts=0 pump_hold_max=120us lock_wait_max=281us drain_max=120us tick_max=6us apply_max=114us persist_max=1007us applies_in_worst=1 arc_miss=0 arc_term_miss=0 opid_replay=0 fin_q=0 fin_done=0 fin_drop=0 fin_full=0 pub_p50=0us pub_max=0us inbox_drop=0
2026-10-02T19:49:38.656Z raft-host: gc-frag group=2 scans=2 records=512 ms=269
2026-10-02T19:49:38.657Z raft-host: gc-pass ms=269 reap=0 frag=269 spread=0 recover=0 fscans=2 fsegs=4 fkeys=516 femit=514 ftomb=2 scans=3 segs=4 keys=516 emit=514 tomb=2
2026-10-02T19:49:39.928Z raft-host: gc-frag group=2 scans=2 records=512 ms=268
2026-10-02T19:49:39.928Z raft-host: gc-pass ms=268 reap=0 frag=268 spread=0 recover=0 fscans=2 fsegs=4 fkeys=516 femit=514 ftomb=2 scans=3 segs=4 keys=516 emit=514 tomb=2
2026-10-02T19:49:41.200Z raft-host: gc-frag group=2 scans=2 records=512 ms=269
2026-10-02T19:49:41.201Z raft-host: gc-pass ms=269 reap=0 frag=269 spread=0 recover=0 fscans=2 fsegs=4 fkeys=516 femit=514 ftomb=2 scans=3 segs=4 keys=516 emit=514 tomb=2
2026-10-02T19:49:42.470Z raft-host: gc-frag group=2 scans=2 records=512 ms=267
2026-10-02T19:49:42.470Z raft-host: gc-pass ms=267 reap=0 frag=267 spread=0 recover=0 fscans=2 fsegs=4 fkeys=516 femit=514 ftomb=2 scans=3 segs=4 keys=516 emit=514 tomb=2
2026-10-02T19:49:43.417Z raft-obs: tx->1 enq=45223 drop=0 sent=45223 fail=0 hi=7 rtt_avg=39us get_avg=92us get_max=4173ms
2026-10-02T19:49:43.417Z raft-obs: tx->2 enq=44622 drop=0 sent=44622 fail=0 hi=5 rtt_avg=35us get_avg=91us get_max=4059ms
2026-10-02T19:49:43.417Z raft-obs: wait_timeouts=0 pump_hold_max=93us lock_wait_max=321us drain_max=93us tick_max=12us apply_max=85us persist_max=520us applies_in_worst=1 arc_miss=0 arc_term_miss=0 opid_replay=0 fin_q=0 fin_done=0 fin_drop=0 fin_full=0 pub_p50=0us pub_max=0us inbox_drop=0
2026-10-02T19:49:43.743Z raft-host: gc-frag group=2 scans=2 records=512 ms=270
2026-10-02T19:49:43.743Z raft-host: gc-pass ms=270 reap=0 frag=270 spread=0 recover=0 fscans=2 fsegs=4 fkeys=516 femit=514 ftomb=2 scans=3 segs=4 keys=516 emit=514 tomb=2
2026-10-02T19:49:45.012Z raft-host: gc-frag group=2 scans=2 records=512 ms=265
2026-10-02T19:49:45.012Z raft-host: gc-pass ms=265 reap=0 frag=265 spread=0 recover=0 fscans=2 fsegs=4 fkeys=516 femit=514 ftomb=2 scans=3 segs=4 keys=516 emit=514 tomb=2
2026-10-02T19:49:46.282Z raft-host: gc-frag group=2 scans=2 records=512 ms=267
2026-10-02T19:49:46.282Z raft-host: gc-pass ms=267 reap=0 frag=267 spread=0 recover=0 fscans=2 fsegs=4 fkeys=516 femit=514 ftomb=2 scans=3 segs=4 keys=516 emit=514 tomb=2
2026-10-02T19:49:47.551Z raft-host: gc-frag group=2 scans=2 records=512 ms=266
2026-10-02T19:49:47.551Z raft-host: gc-pass ms=266 reap=0 frag=266 spread=0 recover=0 fscans=2 fsegs=4 fkeys=516 femit=514 ftomb=2 scans=3 segs=4 keys=516 emit=514 tomb=2
2026-10-02T19:49:48.417Z raft-obs: tx->1 enq=45414 drop=0 sent=45414 fail=0 hi=7 rtt_avg=39us get_avg=92us get_max=4173ms
2026-10-02T19:49:48.417Z raft-obs: tx->2 enq=44813 drop=0 sent=44813 fail=0 hi=5 rtt_avg=35us get_avg=90us get_max=4059ms
2026-10-02T19:49:48.417Z raft-obs: wait_timeouts=0 pump_hold_max=153us lock_wait_max=222us drain_max=153us tick_max=5us apply_max=149us persist_max=527us applies_in_worst=1 arc_miss=0 arc_term_miss=0 opid_replay=0 fin_q=0 fin_done=0 fin_drop=0 fin_full=0 pub_p50=0us pub_max=0us inbox_drop=0
2026-10-02T19:49:48.825Z raft-host: gc-frag group=2 scans=2 records=512 ms=270
2026-10-02T19:49:48.825Z raft-host: gc-pass ms=270 reap=0 frag=270 spread=0 recover=0 fscans=2 fsegs=4 fkeys=516 femit=514 ftomb=2 scans=3 segs=4 keys=516 emit=514 tomb=2
2026-10-02T19:49:50.095Z raft-host: gc-frag group=2 scans=2 records=512 ms=267
2026-10-02T19:49:50.095Z raft-host: gc-pass ms=267 reap=0 frag=267 spread=0 recover=0 fscans=2 fsegs=4 fkeys=516 femit=514 ftomb=2 scans=3 segs=4 keys=516 emit=514 tomb=2
2026-10-02T19:49:51.369Z raft-host: gc-frag group=2 scans=2 records=512 ms=271
2026-10-02T19:49:51.369Z raft-host: gc-pass ms=271 reap=0 frag=271 spread=0 recover=0 fscans=2 fsegs=4 fkeys=516 femit=514 ftomb=2 scans=3 segs=4 keys=516 emit=514 tomb=2
2026-10-02T19:49:52.639Z raft-host: gc-frag group=2 scans=2 records=512 ms=267
2026-10-02T19:49:52.639Z raft-host: gc-pass ms=267 reap=0 frag=267 spread=0 recover=0 fscans=2 fsegs=4 fkeys=516 femit=514 ftomb=2 scans=3 segs=4 keys=516 emit=514 tomb=2
2026-10-02T19:49:53.420Z raft-obs: tx->1 enq=45604 drop=0 sent=45604 fail=0 hi=7 rtt_avg=39us get_avg=91us get_max=4173ms
2026-10-02T19:49:53.420Z raft-obs: tx->2 enq=45003 drop=0 sent=45003 fail=0 hi=5 rtt_avg=35us get_avg=90us get_max=4059ms
2026-10-02T19:49:53.420Z raft-obs: wait_timeouts=0 pump_hold_max=136us lock_wait_max=326us drain_max=136us tick_max=16us apply_max=130us persist_max=518us applies_in_worst=1 arc_miss=0 arc_term_miss=0 opid_replay=0 fin_q=0 fin_done=0 fin_drop=0 fin_full=0 pub_p50=0us pub_max=0us inbox_drop=0
2026-10-02T19:49:53.909Z raft-host: gc-frag group=2 scans=2 records=512 ms=267
2026-10-02T19:49:53.909Z raft-host: gc-pass ms=267 reap=0 frag=267 spread=0 recover=0 fscans=2 fsegs=4 fkeys=516 femit=514 ftomb=2 scans=3 segs=4 keys=516 emit=514 tomb=2
2026-10-02T19:49:55.180Z raft-host: gc-frag group=2 scans=2 records=512 ms=267
2026-10-02T19:49:55.180Z raft-host: gc-pass ms=267 reap=0 frag=267 spread=0 recover=0 fscans=2 fsegs=4 fkeys=516 femit=514 ftomb=2 scans=3 segs=4 keys=516 emit=514 tomb=2
2026-10-02T19:49:56.450Z raft-host: gc-frag group=2 scans=2 records=512 ms=266
2026-10-02T19:49:56.450Z raft-host: gc-pass ms=267 reap=0 frag=266 spread=0 recover=0 fscans=2 fsegs=4 fkeys=516 femit=514 ftomb=2 scans=3 segs=4 keys=516 emit=514 tomb=2
2026-10-02T19:49:57.719Z raft-host: gc-frag group=2 scans=2 records=512 ms=266
2026-10-02T19:49:57.719Z raft-host: gc-pass ms=266 reap=0 frag=266 spread=0 recover=0 fscans=2 fsegs=4 fkeys=516 femit=514 ftomb=2 scans=3 segs=4 keys=516 emit=514 tomb=2
2026-10-02T19:49:58.423Z raft-obs: tx->1 enq=45794 drop=0 sent=45794 fail=0 hi=7 rtt_avg=39us get_avg=91us get_max=4173ms
2026-10-02T19:49:58.423Z raft-obs: tx->2 enq=45193 drop=0 sent=45193 fail=0 hi=5 rtt_avg=35us get_avg=90us get_max=4059ms
2026-10-02T19:49:58.423Z raft-obs: wait_timeouts=0 pump_hold_max=124us lock_wait_max=333us drain_max=124us tick_max=10us apply_max=118us persist_max=520us applies_in_worst=1 arc_miss=0 arc_term_miss=0 opid_replay=0 fin_q=0 fin_done=0 fin_drop=0 fin_full=0 pub_p50=0us pub_max=0us inbox_drop=0
2026-10-02T19:49:58.991Z raft-host: gc-frag group=2 scans=2 records=512 ms=269
2026-10-02T19:49:58.991Z raft-host: gc-pass ms=269 reap=0 frag=269 spread=0 recover=0 fscans=2 fsegs=4 fkeys=516 femit=514 ftomb=2 scans=3 segs=4 keys=516 emit=514 tomb=2
2026-10-02T19:50:00.257Z raft-host: gc-frag group=2 scans=2 records=512 ms=263
2026-10-02T19:50:00.257Z raft-host: gc-pass ms=263 reap=0 frag=263 spread=0 recover=0 fscans=2 fsegs=4 fkeys=516 femit=514 ftomb=2 scans=3 segs=4 keys=516 emit=514 tomb=2
2026-10-02T19:50:01.526Z raft-host: gc-frag group=2 scans=2 records=512 ms=266
2026-10-02T19:50:01.526Z raft-host: gc-pass ms=266 reap=0 frag=266 spread=0 recover=0 fscans=2 fsegs=4 fkeys=516 femit=514 ftomb=2 scans=3 segs=4 keys=516 emit=514 tomb=2
2026-10-02T19:50:02.794Z raft-host: gc-frag group=2 scans=2 records=512 ms=265
2026-10-02T19:50:02.794Z raft-host: gc-pass ms=265 reap=0 frag=265 spread=0 recover=0 fscans=2 fsegs=4 fkeys=516 femit=514 ftomb=2 scans=3 segs=4 keys=516 emit=514 tomb=2
2026-10-02T19:50:03.423Z raft-obs: tx->1 enq=45985 drop=0 sent=45985 fail=0 hi=7 rtt_avg=39us get_avg=91us get_max=4173ms
2026-10-02T19:50:03.423Z raft-obs: tx->2 enq=45384 drop=0 sent=45384 fail=0 hi=5 rtt_avg=35us get_avg=89us get_max=4059ms
2026-10-02T19:50:03.423Z raft-obs: wait_timeouts=0 pump_hold_max=127us lock_wait_max=409us drain_max=127us tick_max=8us apply_max=120us persist_max=513us applies_in_worst=1 arc_miss=0 arc_term_miss=0 opid_replay=0 fin_q=0 fin_done=0 fin_drop=0 fin_full=0 pub_p50=0us pub_max=0us inbox_drop=0
2026-10-02T19:50:04.066Z raft-host: gc-frag group=2 scans=2 records=512 ms=268
2026-10-02T19:50:04.066Z raft-host: gc-pass ms=268 reap=0 frag=268 spread=0 recover=0 fscans=2 fsegs=4 fkeys=516 femit=514 ftomb=2 scans=3 segs=4 keys=516 emit=514 tomb=2
2026-10-02T19:50:05.336Z raft-host: gc-frag group=2 scans=2 records=512 ms=267
2026-10-02T19:50:05.336Z raft-host: gc-pass ms=268 reap=0 frag=268 spread=0 recover=0 fscans=2 fsegs=4 fkeys=516 femit=514 ftomb=2 scans=3 segs=4 keys=516 emit=514 tomb=2
2026-10-02T19:50:06.605Z raft-host: gc-frag group=2 scans=2 records=512 ms=266
2026-10-02T19:50:06.606Z raft-host: gc-pass ms=266 reap=0 frag=266 spread=0 recover=0 fscans=2 fsegs=4 fkeys=516 femit=514 ftomb=2 scans=3 segs=4 keys=516 emit=514 tomb=2
2026-10-02T19:50:07.878Z raft-host: gc-frag group=2 scans=2 records=512 ms=269
2026-10-02T19:50:07.878Z raft-host: gc-pass ms=269 reap=0 frag=269 spread=0 recover=0 fscans=2 fsegs=4 fkeys=516 femit=514 ftomb=2 scans=3 segs=4 keys=516 emit=514 tomb=2
2026-10-02T19:50:08.425Z raft-obs: tx->1 enq=46175 drop=0 sent=46175 fail=0 hi=7 rtt_avg=39us get_avg=90us get_max=4173ms
2026-10-02T19:50:08.425Z raft-obs: tx->2 enq=45574 drop=0 sent=45574 fail=0 hi=5 rtt_avg=35us get_avg=89us get_max=4059ms
2026-10-02T19:50:08.425Z raft-obs: wait_timeouts=0 pump_hold_max=76us lock_wait_max=410us drain_max=76us tick_max=6us apply_max=70us persist_max=519us applies_in_worst=1 arc_miss=0 arc_term_miss=0 opid_replay=0 fin_q=0 fin_done=0 fin_drop=0 fin_full=0 pub_p50=0us pub_max=0us inbox_drop=0
2026-10-02T19:50:09.149Z raft-host: gc-frag group=2 scans=2 records=512 ms=267
2026-10-02T19:50:09.149Z raft-host: gc-pass ms=267 reap=0 frag=267 spread=0 recover=0 fscans=2 fsegs=4 fkeys=516 femit=514 ftomb=2 scans=3 segs=4 keys=516 emit=514 tomb=2
2026-10-02T19:50:10.415Z raft-host: gc-frag group=2 scans=2 records=512 ms=263
2026-10-02T19:50:10.415Z raft-host: gc-pass ms=263 reap=0 frag=263 spread=0 recover=0 fscans=2 fsegs=4 fkeys=516 femit=514 ftomb=2 scans=3 segs=4 keys=516 emit=514 tomb=2
2026-10-02T19:50:11.683Z raft-host: gc-frag group=2 scans=2 records=512 ms=265
2026-10-02T19:50:11.683Z raft-host: gc-pass ms=265 reap=0 frag=265 spread=0 recover=0 fscans=2 fsegs=4 fkeys=516 femit=514 ftomb=2 scans=3 segs=4 keys=516 emit=514 tomb=2
2026-10-02T19:50:12.952Z raft-host: gc-frag group=2 scans=2 records=512 ms=265
2026-10-02T19:50:12.952Z raft-host: gc-pass ms=265 reap=0 frag=265 spread=0 recover=0 fscans=2 fsegs=4 fkeys=516 femit=514 ftomb=2 scans=3 segs=4 keys=516 emit=514 tomb=2
2026-10-02T19:50:13.428Z raft-obs: tx->1 enq=46366 drop=0 sent=46366 fail=0 hi=7 rtt_avg=39us get_avg=90us get_max=4173ms
2026-10-02T19:50:13.428Z raft-obs: tx->2 enq=45765 drop=0 sent=45765 fail=0 hi=5 rtt_avg=35us get_avg=88us get_max=4059ms
2026-10-02T19:50:13.428Z raft-obs: wait_timeouts=0 pump_hold_max=127us lock_wait_max=286us drain_max=127us tick_max=5us apply_max=120us persist_max=520us applies_in_worst=1 arc_miss=0 arc_term_miss=0 opid_replay=0 fin_q=0 fin_done=0 fin_drop=0 fin_full=0 pub_p50=0us pub_max=0us inbox_drop=0
2026-10-02T19:50:14.219Z raft-host: gc-frag group=2 scans=2 records=512 ms=264
2026-10-02T19:50:14.219Z raft-host: gc-pass ms=264 reap=0 frag=264 spread=0 recover=0 fscans=2 fsegs=4 fkeys=516 femit=514 ftomb=2 scans=3 segs=4 keys=516 emit=514 tomb=2
2026-10-02T19:50:15.490Z raft-host: gc-frag group=2 scans=2 records=512 ms=268
2026-10-02T19:50:15.491Z raft-host: gc-pass ms=268 reap=0 frag=268 spread=0 recover=0 fscans=2 fsegs=4 fkeys=516 femit=514 ftomb=2 scans=3 segs=4 keys=516 emit=514 tomb=2
2026-10-02T19:50:16.762Z raft-host: gc-frag group=2 scans=2 records=512 ms=269
2026-10-02T19:50:16.762Z raft-host: gc-pass ms=269 reap=0 frag=269 spread=0 recover=0 fscans=2 fsegs=4 fkeys=516 femit=514 ftomb=2 scans=3 segs=4 keys=516 emit=514 tomb=2
2026-10-02T19:50:18.032Z raft-host: gc-frag group=2 scans=2 records=512 ms=266
2026-10-02T19:50:18.032Z raft-host: gc-pass ms=266 reap=0 frag=266 spread=0 recover=0 fscans=2 fsegs=4 fkeys=516 femit=514 ftomb=2 scans=3 segs=4 keys=516 emit=514 tomb=2
2026-10-02T19:50:18.432Z raft-obs: tx->1 enq=46556 drop=0 sent=46556 fail=0 hi=7 rtt_avg=39us get_avg=89us get_max=4173ms
2026-10-02T19:50:18.432Z raft-obs: tx->2 enq=45955 drop=0 sent=45955 fail=0 hi=5 rtt_avg=35us get_avg=88us get_max=4059ms
2026-10-02T19:50:18.432Z raft-obs: wait_timeouts=0 pump_hold_max=113us lock_wait_max=390us drain_max=113us tick_max=5us apply_max=106us persist_max=599us applies_in_worst=1 arc_miss=0 arc_term_miss=0 opid_replay=0 fin_q=0 fin_done=0 fin_drop=0 fin_full=0 pub_p50=0us pub_max=0us inbox_drop=0
2026-10-02T19:50:19.303Z raft-host: gc-frag group=2 scans=2 records=512 ms=269
2026-10-02T19:50:19.303Z raft-host: gc-pass ms=269 reap=0 frag=269 spread=0 recover=0 fscans=2 fsegs=4 fkeys=516 femit=514 ftomb=2 scans=3 segs=4 keys=516 emit=514 tomb=2
2026-10-02T19:50:20.575Z raft-host: gc-frag group=2 scans=2 records=512 ms=268
2026-10-02T19:50:20.575Z raft-host: gc-pass ms=268 reap=0 frag=268 spread=0 recover=0 fscans=2 fsegs=4 fkeys=516 femit=514 ftomb=2 scans=3 segs=4 keys=516 emit=514 tomb=2
2026-10-02T19:50:21.843Z raft-host: gc-frag group=2 scans=2 records=512 ms=265
2026-10-02T19:50:21.843Z raft-host: gc-pass ms=265 reap=0 frag=265 spread=0 recover=0 fscans=2 fsegs=4 fkeys=516 femit=514 ftomb=2 scans=3 segs=4 keys=516 emit=514 tomb=2
2026-10-02T19:50:23.112Z raft-host: gc-frag group=2 scans=2 records=512 ms=266
2026-10-02T19:50:23.112Z raft-host: gc-pass ms=266 reap=0 frag=266 spread=0 recover=0 fscans=2 fsegs=4 fkeys=516 femit=514 ftomb=2 scans=3 segs=4 keys=516 emit=514 tomb=2
2026-10-02T19:50:23.432Z raft-obs: tx->1 enq=46747 drop=0 sent=46747 fail=0 hi=7 rtt_avg=39us get_avg=89us get_max=4173ms
2026-10-02T19:50:23.432Z raft-obs: tx->2 enq=46146 drop=0 sent=46146 fail=0 hi=5 rtt_avg=35us get_avg=88us get_max=4059ms
2026-10-02T19:50:23.432Z raft-obs: wait_timeouts=0 pump_hold_max=71us lock_wait_max=302us drain_max=71us tick_max=5us apply_max=67us persist_max=520us applies_in_worst=1 arc_miss=0 arc_term_miss=0 opid_replay=0 fin_q=0 fin_done=0 fin_drop=0 fin_full=0 pub_p50=0us pub_max=0us inbox_drop=0
2026-10-02T19:50:24.381Z raft-host: gc-frag group=2 scans=2 records=512 ms=266
2026-10-02T19:50:24.381Z raft-host: gc-pass ms=266 reap=0 frag=266 spread=0 recover=0 fscans=2 fsegs=4 fkeys=516 femit=514 ftomb=2 scans=3 segs=4 keys=516 emit=514 tomb=2
2026-10-02T19:50:25.651Z raft-host: gc-frag group=2 scans=2 records=512 ms=266
2026-10-02T19:50:25.651Z raft-host: gc-pass ms=266 reap=0 frag=266 spread=0 recover=0 fscans=2 fsegs=4 fkeys=516 femit=514 ftomb=2 scans=3 segs=4 keys=516 emit=514 tomb=2
2026-10-02T19:50:26.922Z raft-host: gc-frag group=2 scans=2 records=512 ms=268
2026-10-02T19:50:26.922Z raft-host: gc-pass ms=268 reap=0 frag=268 spread=0 recover=0 fscans=2 fsegs=4 fkeys=516 femit=514 ftomb=2 scans=3 segs=4 keys=516 emit=514 tomb=2
2026-10-02T19:50:28.192Z raft-host: gc-frag group=2 scans=2 records=512 ms=267
2026-10-02T19:50:28.192Z raft-host: gc-pass ms=267 reap=0 frag=267 spread=0 recover=0 fscans=2 fsegs=4 fkeys=516 femit=514 ftomb=2 scans=3 segs=4 keys=516 emit=514 tomb=2
2026-10-02T19:50:28.435Z raft-obs: tx->1 enq=46937 drop=0 sent=46937 fail=0 hi=7 rtt_avg=39us get_avg=89us get_max=4173ms
2026-10-02T19:50:28.435Z raft-obs: tx->2 enq=46336 drop=0 sent=46336 fail=0 hi=5 rtt_avg=35us get_avg=87us get_max=4059ms
2026-10-02T19:50:28.435Z raft-obs: wait_timeouts=0 pump_hold_max=74us lock_wait_max=699us drain_max=74us tick_max=7us apply_max=70us persist_max=631us applies_in_worst=1 arc_miss=0 arc_term_miss=0 opid_replay=0 fin_q=0 fin_done=0 fin_drop=0 fin_full=0 pub_p50=0us pub_max=0us inbox_drop=0
2026-10-02T19:50:29.463Z raft-host: gc-frag group=2 scans=2 records=512 ms=268
2026-10-02T19:50:29.463Z raft-host: gc-pass ms=268 reap=0 frag=268 spread=0 recover=0 fscans=2 fsegs=4 fkeys=516 femit=514 ftomb=2 scans=3 segs=4 keys=516 emit=514 tomb=2
2026-10-02T19:50:30.733Z raft-host: gc-frag group=2 scans=2 records=512 ms=267
2026-10-02T19:50:30.733Z raft-host: gc-pass ms=267 reap=0 frag=267 spread=0 recover=0 fscans=2 fsegs=4 fkeys=516 femit=514 ftomb=2 scans=3 segs=4 keys=516 emit=514 tomb=2
2026-10-02T19:50:31.940Z kv-compact: start l0=136 inputs=2 range=2 l0only=1
2026-10-02T19:50:31.962Z kv-compact: end bytes=8621250 ms=21 l0=135 l1=159 rc=0
2026-10-02T19:50:32.008Z raft-host: gc-frag group=2 scans=2 records=512 ms=272
2026-10-02T19:50:32.009Z raft-host: gc-pass ms=272 reap=0 frag=272 spread=0 recover=0 fscans=2 fsegs=4 fkeys=516 femit=514 ftomb=2 scans=3 segs=4 keys=516 emit=514 tomb=2
2026-10-02T19:50:33.277Z raft-host: gc-frag group=2 scans=2 records=512 ms=266
2026-10-02T19:50:33.278Z raft-host: gc-pass ms=266 reap=0 frag=266 spread=0 recover=0 fscans=2 fsegs=4 fkeys=516 femit=514 ftomb=2 scans=3 segs=4 keys=516 emit=514 tomb=2
2026-10-02T19:50:33.435Z raft-obs: tx->1 enq=47128 drop=0 sent=47128 fail=0 hi=7 rtt_avg=39us get_avg=88us get_max=4173ms
2026-10-02T19:50:33.435Z raft-obs: tx->2 enq=46527 drop=0 sent=46527 fail=0 hi=5 rtt_avg=35us get_avg=87us get_max=4059ms
2026-10-02T19:50:33.435Z raft-obs: wait_timeouts=0 pump_hold_max=5365us lock_wait_max=319us drain_max=5365us tick_max=8us apply_max=5359us persist_max=602us applies_in_worst=1 arc_miss=0 arc_term_miss=0 opid_replay=0 fin_q=0 fin_done=0 fin_drop=0 fin_full=0 pub_p50=0us pub_max=0us inbox_drop=0
2026-10-02T19:50:34.546Z raft-host: gc-frag group=2 scans=2 records=512 ms=266
2026-10-02T19:50:34.546Z raft-host: gc-pass ms=266 reap=0 frag=266 spread=0 recover=0 fscans=2 fsegs=4 fkeys=516 femit=514 ftomb=2 scans=3 segs=4 keys=516 emit=514 tomb=2
2026-10-02T19:50:35.814Z raft-host: gc-frag group=2 scans=2 records=512 ms=264
2026-10-02T19:50:35.814Z raft-host: gc-pass ms=264 reap=0 frag=264 spread=0 recover=0 fscans=2 fsegs=4 fkeys=516 femit=514 ftomb=2 scans=3 segs=4 keys=516 emit=514 tomb=2
2026-10-02T19:50:37.085Z raft-host: gc-frag group=2 scans=2 records=512 ms=268
2026-10-02T19:50:37.085Z raft-host: gc-pass ms=268 reap=0 frag=268 spread=0 recover=0 fscans=2 fsegs=4 fkeys=516 femit=514 ftomb=2 scans=3 segs=4 keys=516 emit=514 tomb=2
2026-10-02T19:50:38.356Z raft-host: gc-frag group=2 scans=2 records=512 ms=267
2026-10-02T19:50:38.356Z raft-host: gc-pass ms=267 reap=0 frag=267 spread=0 recover=0 fscans=2 fsegs=4 fkeys=516 femit=514 ftomb=2 scans=3 segs=4 keys=516 emit=514 tomb=2
2026-10-02T19:50:38.437Z raft-obs: tx->1 enq=47318 drop=0 sent=47318 fail=0 hi=7 rtt_avg=39us get_avg=88us get_max=4173ms
2026-10-02T19:50:38.437Z raft-obs: tx->2 enq=46717 drop=0 sent=46717 fail=0 hi=5 rtt_avg=35us get_avg=87us get_max=4059ms
2026-10-02T19:50:38.437Z raft-obs: wait_timeouts=0 pump_hold_max=118us lock_wait_max=327us drain_max=117us tick_max=5us apply_max=107us persist_max=634us applies_in_worst=1 arc_miss=0 arc_term_miss=0 opid_replay=0 fin_q=0 fin_done=0 fin_drop=0 fin_full=0 pub_p50=0us pub_max=0us inbox_drop=0
2026-10-02T19:50:39.627Z raft-host: gc-frag group=2 scans=2 records=512 ms=268
2026-10-02T19:50:39.627Z raft-host: gc-pass ms=268 reap=0 frag=268 spread=0 recover=0 fscans=2 fsegs=4 fkeys=516 femit=514 ftomb=2 scans=3 segs=4 keys=516 emit=514 tomb=2
2026-10-02T19:50:40.896Z raft-host: gc-frag group=2 scans=2 records=512 ms=266
2026-10-02T19:50:40.896Z raft-host: gc-pass ms=266 reap=0 frag=266 spread=0 recover=0 fscans=2 fsegs=4 fkeys=516 femit=514 ftomb=2 scans=3 segs=4 keys=516 emit=514 tomb=2
2026-10-02T19:50:42.164Z raft-host: gc-frag group=2 scans=2 records=512 ms=264
2026-10-02T19:50:42.164Z raft-host: gc-pass ms=264 reap=0 frag=264 spread=0 recover=0 fscans=2 fsegs=4 fkeys=516 femit=514 ftomb=2 scans=3 segs=4 keys=516 emit=514 tomb=2
2026-10-02T19:50:43.434Z raft-host: gc-frag group=2 scans=2 records=512 ms=267
2026-10-02T19:50:43.434Z raft-host: gc-pass ms=267 reap=0 frag=267 spread=0 recover=0 fscans=2 fsegs=4 fkeys=516 femit=514 ftomb=2 scans=3 segs=4 keys=516 emit=514 tomb=2
2026-10-02T19:50:43.440Z raft-obs: tx->1 enq=47509 drop=0 sent=47509 fail=0 hi=7 rtt_avg=39us get_avg=88us get_max=4173ms
2026-10-02T19:50:43.440Z raft-obs: tx->2 enq=46908 drop=0 sent=46908 fail=0 hi=5 rtt_avg=35us get_avg=86us get_max=4059ms
2026-10-02T19:50:43.440Z raft-obs: wait_timeouts=0 pump_hold_max=121us lock_wait_max=317us drain_max=120us tick_max=10us apply_max=116us persist_max=530us applies_in_worst=1 arc_miss=0 arc_term_miss=0 opid_replay=0 fin_q=0 fin_done=0 fin_drop=0 fin_full=0 pub_p50=0us pub_max=0us inbox_drop=0
2026-10-02T19:50:44.702Z raft-host: gc-frag group=2 scans=2 records=512 ms=264
2026-10-02T19:50:44.702Z raft-host: gc-pass ms=264 reap=0 frag=264 spread=0 recover=0 fscans=2 fsegs=4 fkeys=516 femit=514 ftomb=2 scans=3 segs=4 keys=516 emit=514 tomb=2
2026-10-02T19:50:45.968Z raft-host: gc-frag group=2 scans=2 records=512 ms=262
2026-10-02T19:50:45.968Z raft-host: gc-pass ms=262 reap=0 frag=262 spread=0 recover=0 fscans=2 fsegs=4 fkeys=516 femit=514 ftomb=2 scans=3 segs=4 keys=516 emit=514 tomb=2
2026-10-02T19:50:47.235Z raft-host: gc-frag group=2 scans=2 records=512 ms=264
2026-10-02T19:50:47.235Z raft-host: gc-pass ms=264 reap=0 frag=264 spread=0 recover=0 fscans=2 fsegs=4 fkeys=516 femit=514 ftomb=2 scans=3 segs=4 keys=516 emit=514 tomb=2
2026-10-02T19:50:48.440Z raft-obs: tx->1 enq=47693 drop=0 sent=47693 fail=0 hi=7 rtt_avg=39us get_avg=87us get_max=4173ms
2026-10-02T19:50:48.440Z raft-obs: tx->2 enq=47092 drop=0 sent=47092 fail=0 hi=5 rtt_avg=35us get_avg=86us get_max=4059ms
2026-10-02T19:50:48.440Z raft-obs: wait_timeouts=0 pump_hold_max=100us lock_wait_max=311us drain_max=100us tick_max=8us apply_max=91us persist_max=560us applies_in_worst=1 arc_miss=0 arc_term_miss=0 opid_replay=0 fin_q=0 fin_done=0 fin_drop=0 fin_full=0 pub_p50=0us pub_max=0us inbox_drop=0
2026-10-02T19:50:48.507Z raft-host: gc-frag group=2 scans=2 records=512 ms=269
2026-10-02T19:50:48.507Z raft-host: gc-pass ms=269 reap=0 frag=269 spread=0 recover=0 fscans=2 fsegs=4 fkeys=516 femit=514 ftomb=2 scans=3 segs=4 keys=516 emit=514 tomb=2
2026-10-02T19:50:49.781Z raft-host: gc-frag group=2 scans=2 records=512 ms=270
2026-10-02T19:50:49.781Z raft-host: gc-pass ms=270 reap=0 frag=270 spread=0 recover=0 fscans=2 fsegs=4 fkeys=516 femit=514 ftomb=2 scans=3 segs=4 keys=516 emit=514 tomb=2
2026-10-02T19:50:51.047Z raft-host: gc-frag group=2 scans=2 records=512 ms=263
2026-10-02T19:50:51.047Z raft-host: gc-pass ms=263 reap=0 frag=263 spread=0 recover=0 fscans=2 fsegs=4 fkeys=516 femit=514 ftomb=2 scans=3 segs=4 keys=516 emit=514 tomb=2
2026-10-02T19:50:52.316Z raft-host: gc-frag group=2 scans=2 records=512 ms=265
2026-10-02T19:50:52.316Z raft-host: gc-pass ms=266 reap=0 frag=265 spread=0 recover=0 fscans=2 fsegs=4 fkeys=516 femit=514 ftomb=2 scans=3 segs=4 keys=516 emit=514 tomb=2
2026-10-02T19:50:53.443Z raft-obs: tx->1 enq=47875 drop=0 sent=47875 fail=0 hi=7 rtt_avg=39us get_avg=87us get_max=4173ms
2026-10-02T19:50:53.443Z raft-obs: tx->2 enq=47274 drop=0 sent=47274 fail=0 hi=5 rtt_avg=35us get_avg=86us get_max=4059ms
2026-10-02T19:50:53.443Z raft-obs: wait_timeouts=0 pump_hold_max=121us lock_wait_max=969us drain_max=121us tick_max=6us apply_max=115us persist_max=654us applies_in_worst=1 arc_miss=0 arc_term_miss=0 opid_replay=0 fin_q=0 fin_done=0 fin_drop=0 fin_full=0 pub_p50=0us pub_max=0us inbox_drop=0
2026-10-02T19:50:53.585Z raft-host: gc-frag group=2 scans=2 records=512 ms=266
2026-10-02T19:50:53.585Z raft-host: gc-pass ms=266 reap=0 frag=266 spread=0 recover=0 fscans=2 fsegs=4 fkeys=516 femit=514 ftomb=2 scans=3 segs=4 keys=516 emit=514 tomb=2
2026-10-02T19:50:54.853Z raft-host: gc-frag group=2 scans=2 records=512 ms=264
2026-10-02T19:50:54.853Z raft-host: gc-pass ms=264 reap=0 frag=264 spread=0 recover=0 fscans=2 fsegs=4 fkeys=516 femit=514 ftomb=2 scans=3 segs=4 keys=516 emit=514 tomb=2
2026-10-02T19:50:56.116Z raft-host: gc-frag group=2 scans=2 records=512 ms=260
2026-10-02T19:50:56.116Z raft-host: gc-pass ms=260 reap=0 frag=260 spread=0 recover=0 fscans=2 fsegs=4 fkeys=516 femit=514 ftomb=2 scans=3 segs=4 keys=516 emit=514 tomb=2
2026-10-02T19:50:57.386Z raft-host: gc-frag group=2 scans=2 records=512 ms=266
2026-10-02T19:50:57.386Z raft-host: gc-pass ms=266 reap=0 frag=266 spread=0 recover=0 fscans=2 fsegs=4 fkeys=516 femit=514 ftomb=2 scans=3 segs=4 keys=516 emit=514 tomb=2
2026-10-02T19:50:58.444Z raft-obs: tx->1 enq=48061 drop=0 sent=48061 fail=0 hi=7 rtt_avg=39us get_avg=87us get_max=4173ms
2026-10-02T19:50:58.444Z raft-obs: tx->2 enq=47460 drop=0 sent=47460 fail=0 hi=5 rtt_avg=35us get_avg=85us get_max=4059ms
2026-10-02T19:50:58.444Z raft-obs: wait_timeouts=0 pump_hold_max=133us lock_wait_max=266us drain_max=133us tick_max=5us apply_max=126us persist_max=523us applies_in_worst=1 arc_miss=0 arc_term_miss=0 opid_replay=0 fin_q=0 fin_done=0 fin_drop=0 fin_full=0 pub_p50=0us pub_max=0us inbox_drop=0
2026-10-02T19:50:58.655Z raft-host: gc-frag group=2 scans=2 records=512 ms=265
2026-10-02T19:50:58.655Z raft-host: gc-pass ms=265 reap=0 frag=265 spread=0 recover=0 fscans=2 fsegs=4 fkeys=516 femit=514 ftomb=2 scans=3 segs=4 keys=516 emit=514 tomb=2
2026-10-02T19:50:59.923Z raft-host: gc-frag group=2 scans=2 records=512 ms=265
2026-10-02T19:50:59.923Z raft-host: gc-pass ms=265 reap=0 frag=265 spread=0 recover=0 fscans=2 fsegs=4 fkeys=516 femit=514 ftomb=2 scans=3 segs=4 keys=516 emit=514 tomb=2
2026-10-02T19:51:01.193Z raft-host: gc-frag group=2 scans=2 records=512 ms=267
2026-10-02T19:51:01.193Z raft-host: gc-pass ms=267 reap=0 frag=267 spread=0 recover=0 fscans=2 fsegs=4 fkeys=516 femit=514 ftomb=2 scans=3 segs=4 keys=516 emit=514 tomb=2
2026-10-02T19:51:02.465Z raft-host: gc-frag group=2 scans=2 records=512 ms=269
2026-10-02T19:51:02.465Z raft-host: gc-pass ms=269 reap=0 frag=269 spread=0 recover=0 fscans=2 fsegs=4 fkeys=516 femit=514 ftomb=2 scans=3 segs=4 keys=516 emit=514 tomb=2
2026-10-02T19:51:03.447Z raft-obs: tx->1 enq=48248 drop=0 sent=48248 fail=0 hi=7 rtt_avg=39us get_avg=86us get_max=4173ms
2026-10-02T19:51:03.447Z raft-obs: tx->2 enq=47647 drop=0 sent=47647 fail=0 hi=5 rtt_avg=35us get_avg=85us get_max=4059ms
2026-10-02T19:51:03.447Z raft-obs: wait_timeouts=0 pump_hold_max=156us lock_wait_max=303us drain_max=156us tick_max=10us apply_max=150us persist_max=533us applies_in_worst=1 arc_miss=0 arc_term_miss=0 opid_replay=0 fin_q=0 fin_done=0 fin_drop=0 fin_full=0 pub_p50=0us pub_max=0us inbox_drop=0
2026-10-02T19:51:03.740Z raft-host: gc-frag group=2 scans=2 records=512 ms=272
2026-10-02T19:51:03.741Z raft-host: gc-pass ms=272 reap=0 frag=272 spread=0 recover=0 fscans=2 fsegs=4 fkeys=516 femit=514 ftomb=2 scans=3 segs=4 keys=516 emit=514 tomb=2
2026-10-02T19:51:05.010Z raft-host: gc-frag group=2 scans=2 records=512 ms=266
2026-10-02T19:51:05.010Z raft-host: gc-pass ms=267 reap=0 frag=266 spread=0 recover=0 fscans=2 fsegs=4 fkeys=516 femit=514 ftomb=2 scans=3 segs=4 keys=516 emit=514 tomb=2
2026-10-02T19:51:06.278Z raft-host: gc-frag group=2 scans=2 records=512 ms=264
2026-10-02T19:51:06.278Z raft-host: gc-pass ms=265 reap=0 frag=264 spread=0 recover=0 fscans=2 fsegs=4 fkeys=516 femit=514 ftomb=2 scans=3 segs=4 keys=516 emit=514 tomb=2
2026-10-02T19:51:07.545Z raft-host: gc-frag group=2 scans=2 records=512 ms=264
2026-10-02T19:51:07.545Z raft-host: gc-pass ms=264 reap=0 frag=264 spread=0 recover=0 fscans=2 fsegs=4 fkeys=516 femit=514 ftomb=2 scans=3 segs=4 keys=516 emit=514 tomb=2
2026-10-02T19:51:08.447Z raft-obs: tx->1 enq=48438 drop=0 sent=48438 fail=0 hi=7 rtt_avg=39us get_avg=86us get_max=4173ms
2026-10-02T19:51:08.447Z raft-obs: tx->2 enq=47837 drop=0 sent=47837 fail=0 hi=5 rtt_avg=35us get_avg=85us get_max=4059ms
2026-10-02T19:51:08.447Z raft-obs: wait_timeouts=0 pump_hold_max=123us lock_wait_max=325us drain_max=123us tick_max=6us apply_max=116us persist_max=523us applies_in_worst=1 arc_miss=0 arc_term_miss=0 opid_replay=0 fin_q=0 fin_done=0 fin_drop=0 fin_full=0 pub_p50=0us pub_max=0us inbox_drop=0
2026-10-02T19:51:08.812Z raft-host: gc-frag group=2 scans=2 records=512 ms=264
2026-10-02T19:51:08.812Z raft-host: gc-pass ms=264 reap=0 frag=264 spread=0 recover=0 fscans=2 fsegs=4 fkeys=516 femit=514 ftomb=2 scans=3 segs=4 keys=516 emit=514 tomb=2
2026-10-02T19:51:10.083Z raft-host: gc-frag group=2 scans=2 records=512 ms=267
2026-10-02T19:51:10.083Z raft-host: gc-pass ms=267 reap=0 frag=267 spread=0 recover=0 fscans=2 fsegs=4 fkeys=516 femit=514 ftomb=2 scans=3 segs=4 keys=516 emit=514 tomb=2
2026-10-02T19:51:11.351Z raft-host: gc-frag group=2 scans=2 records=512 ms=265
2026-10-02T19:51:11.351Z raft-host: gc-pass ms=266 reap=0 frag=266 spread=0 recover=0 fscans=2 fsegs=4 fkeys=516 femit=514 ftomb=2 scans=3 segs=4 keys=516 emit=514 tomb=2
2026-10-02T19:51:12.622Z raft-host: gc-frag group=2 scans=2 records=512 ms=267
2026-10-02T19:51:12.622Z raft-host: gc-pass ms=267 reap=0 frag=267 spread=0 recover=0 fscans=2 fsegs=4 fkeys=516 femit=514 ftomb=2 scans=3 segs=4 keys=516 emit=514 tomb=2
2026-10-02T19:51:13.447Z raft-obs: tx->1 enq=48629 drop=0 sent=48629 fail=0 hi=7 rtt_avg=39us get_avg=86us get_max=4173ms
2026-10-02T19:51:13.447Z raft-obs: tx->2 enq=48028 drop=0 sent=48028 fail=0 hi=5 rtt_avg=35us get_avg=84us get_max=4059ms
2026-10-02T19:51:13.447Z raft-obs: wait_timeouts=0 pump_hold_max=142us lock_wait_max=388us drain_max=142us tick_max=10us apply_max=137us persist_max=624us applies_in_worst=1 arc_miss=0 arc_term_miss=0 opid_replay=0 fin_q=0 fin_done=0 fin_drop=0 fin_full=0 pub_p50=0us pub_max=0us inbox_drop=0
2026-10-02T19:51:13.893Z raft-host: gc-frag group=2 scans=2 records=512 ms=269
2026-10-02T19:51:13.893Z raft-host: gc-pass ms=269 reap=0 frag=269 spread=0 recover=0 fscans=2 fsegs=4 fkeys=516 femit=514 ftomb=2 scans=3 segs=4 keys=516 emit=514 tomb=2
2026-10-02T19:51:15.163Z raft-host: gc-frag group=2 scans=2 records=512 ms=267
2026-10-02T19:51:15.164Z raft-host: gc-pass ms=267 reap=0 frag=267 spread=0 recover=0 fscans=2 fsegs=4 fkeys=516 femit=514 ftomb=2 scans=3 segs=4 keys=516 emit=514 tomb=2
2026-10-02T19:51:16.436Z raft-host: gc-frag group=2 scans=2 records=512 ms=269
2026-10-02T19:51:16.436Z raft-host: gc-pass ms=269 reap=0 frag=269 spread=0 recover=0 fscans=2 fsegs=4 fkeys=516 femit=514 ftomb=2 scans=3 segs=4 keys=516 emit=514 tomb=2
2026-10-02T19:51:17.700Z raft-host: gc-frag group=2 scans=2 records=512 ms=262
2026-10-02T19:51:17.701Z raft-host: gc-pass ms=262 reap=0 frag=262 spread=0 recover=0 fscans=2 fsegs=4 fkeys=516 femit=514 ftomb=2 scans=3 segs=4 keys=516 emit=514 tomb=2
2026-10-02T19:51:18.450Z raft-obs: tx->1 enq=48819 drop=0 sent=48819 fail=0 hi=7 rtt_avg=39us get_avg=85us get_max=4173ms
2026-10-02T19:51:18.450Z raft-obs: tx->2 enq=48218 drop=0 sent=48218 fail=0 hi=5 rtt_avg=35us get_avg=84us get_max=4059ms
2026-10-02T19:51:18.450Z raft-obs: wait_timeouts=0 pump_hold_max=128us lock_wait_max=348us drain_max=128us tick_max=5us apply_max=122us persist_max=711us applies_in_worst=1 arc_miss=0 arc_term_miss=0 opid_replay=0 fin_q=0 fin_done=0 fin_drop=0 fin_full=0 pub_p50=0us pub_max=0us inbox_drop=0
2026-10-02T19:51:18.971Z raft-host: gc-frag group=2 scans=2 records=512 ms=268
2026-10-02T19:51:18.971Z raft-host: gc-pass ms=268 reap=0 frag=268 spread=0 recover=0 fscans=2 fsegs=4 fkeys=516 femit=514 ftomb=2 scans=3 segs=4 keys=516 emit=514 tomb=2
2026-10-02T19:51:20.239Z raft-host: gc-frag group=2 scans=2 records=512 ms=264
2026-10-02T19:51:20.239Z raft-host: gc-pass ms=264 reap=0 frag=264 spread=0 recover=0 fscans=2 fsegs=4 fkeys=516 femit=514 ftomb=2 scans=3 segs=4 keys=516 emit=514 tomb=2
2026-10-02T19:51:21.511Z raft-host: gc-frag group=2 scans=2 records=512 ms=269
2026-10-02T19:51:21.511Z raft-host: gc-pass ms=269 reap=0 frag=269 spread=0 recover=0 fscans=2 fsegs=4 fkeys=516 femit=514 ftomb=2 scans=3 segs=4 keys=516 emit=514 tomb=2
2026-10-02T19:51:22.783Z raft-host: gc-frag group=2 scans=2 records=512 ms=269
2026-10-02T19:51:22.783Z raft-host: gc-pass ms=269 reap=0 frag=269 spread=0 recover=0 fscans=2 fsegs=4 fkeys=516 femit=514 ftomb=2 scans=3 segs=4 keys=516 emit=514 tomb=2
2026-10-02T19:51:23.452Z raft-obs: tx->1 enq=49010 drop=0 sent=49010 fail=0 hi=7 rtt_avg=39us get_avg=85us get_max=4173ms
2026-10-02T19:51:23.452Z raft-obs: tx->2 enq=48409 drop=0 sent=48409 fail=0 hi=5 rtt_avg=35us get_avg=84us get_max=4059ms
2026-10-02T19:51:23.452Z raft-obs: wait_timeouts=0 pump_hold_max=149us lock_wait_max=316us drain_max=149us tick_max=25us apply_max=142us persist_max=1292us applies_in_worst=1 arc_miss=0 arc_term_miss=0 opid_replay=0 fin_q=0 fin_done=0 fin_drop=0 fin_full=0 pub_p50=0us pub_max=0us inbox_drop=0
2026-10-02T19:51:24.055Z raft-host: gc-frag group=2 scans=2 records=512 ms=269
2026-10-02T19:51:24.055Z raft-host: gc-pass ms=269 reap=0 frag=269 spread=0 recover=0 fscans=2 fsegs=4 fkeys=516 femit=514 ftomb=2 scans=3 segs=4 keys=516 emit=514 tomb=2
2026-10-02T19:51:25.328Z raft-host: gc-frag group=2 scans=2 records=512 ms=270
2026-10-02T19:51:25.328Z raft-host: gc-pass ms=270 reap=0 frag=270 spread=0 recover=0 fscans=2 fsegs=4 fkeys=516 femit=514 ftomb=2 scans=3 segs=4 keys=516 emit=514 tomb=2
2026-10-02T19:51:26.603Z raft-host: gc-frag group=2 scans=2 records=512 ms=271
2026-10-02T19:51:26.603Z raft-host: gc-pass ms=271 reap=0 frag=271 spread=0 recover=0 fscans=2 fsegs=4 fkeys=516 femit=514 ftomb=2 scans=3 segs=4 keys=516 emit=514 tomb=2
2026-10-02T19:51:27.877Z raft-host: gc-frag group=2 scans=2 records=512 ms=271
2026-10-02T19:51:27.877Z raft-host: gc-pass ms=271 reap=0 frag=271 spread=0 recover=0 fscans=2 fsegs=4 fkeys=516 femit=514 ftomb=2 scans=3 segs=4 keys=516 emit=514 tomb=2
2026-10-02T19:51:28.455Z raft-obs: tx->1 enq=49200 drop=0 sent=49200 fail=0 hi=7 rtt_avg=39us get_avg=85us get_max=4173ms
2026-10-02T19:51:28.455Z raft-obs: tx->2 enq=48599 drop=0 sent=48599 fail=0 hi=5 rtt_avg=35us get_avg=83us get_max=4059ms
2026-10-02T19:51:28.455Z raft-obs: wait_timeouts=0 pump_hold_max=111us lock_wait_max=357us drain_max=111us tick_max=10us apply_max=105us persist_max=565us applies_in_worst=1 arc_miss=0 arc_term_miss=0 opid_replay=0 fin_q=0 fin_done=0 fin_drop=0 fin_full=0 pub_p50=0us pub_max=0us inbox_drop=0
2026-10-02T19:51:29.153Z raft-host: gc-frag group=2 scans=2 records=512 ms=273
2026-10-02T19:51:29.153Z raft-host: gc-pass ms=273 reap=0 frag=273 spread=0 recover=0 fscans=2 fsegs=4 fkeys=516 femit=514 ftomb=2 scans=3 segs=4 keys=516 emit=514 tomb=2
2026-10-02T19:51:30.425Z raft-host: gc-frag group=2 scans=2 records=512 ms=269
2026-10-02T19:51:30.426Z raft-host: gc-pass ms=269 reap=0 frag=269 spread=0 recover=0 fscans=2 fsegs=4 fkeys=516 femit=514 ftomb=2 scans=3 segs=4 keys=516 emit=514 tomb=2
2026-10-02T19:51:31.698Z raft-host: gc-frag group=2 scans=2 records=512 ms=270
2026-10-02T19:51:31.698Z raft-host: gc-pass ms=270 reap=0 frag=270 spread=0 recover=0 fscans=2 fsegs=4 fkeys=516 femit=514 ftomb=2 scans=3 segs=4 keys=516 emit=514 tomb=2
2026-10-02T19:51:32.973Z raft-host: gc-frag group=2 scans=2 records=512 ms=271
2026-10-02T19:51:32.973Z raft-host: gc-pass ms=271 reap=0 frag=271 spread=0 recover=0 fscans=2 fsegs=4 fkeys=516 femit=514 ftomb=2 scans=3 segs=4 keys=516 emit=514 tomb=2
2026-10-02T19:51:33.459Z raft-obs: tx->1 enq=49390 drop=0 sent=49390 fail=0 hi=7 rtt_avg=39us get_avg=84us get_max=4173ms
2026-10-02T19:51:33.459Z raft-obs: tx->2 enq=48789 drop=0 sent=48789 fail=0 hi=5 rtt_avg=35us get_avg=83us get_max=4059ms
2026-10-02T19:51:33.459Z raft-obs: wait_timeouts=0 pump_hold_max=91us lock_wait_max=355us drain_max=91us tick_max=16us apply_max=73us persist_max=531us applies_in_worst=1 arc_miss=0 arc_term_miss=0 opid_replay=0 fin_q=0 fin_done=0 fin_drop=0 fin_full=0 pub_p50=0us pub_max=0us inbox_drop=0
2026-10-02T19:51:34.245Z raft-host: gc-frag group=2 scans=2 records=512 ms=269
2026-10-02T19:51:34.245Z raft-host: gc-pass ms=269 reap=0 frag=269 spread=0 recover=0 fscans=2 fsegs=4 fkeys=516 femit=514 ftomb=2 scans=3 segs=4 keys=516 emit=514 tomb=2
2026-10-02T19:51:35.516Z raft-host: gc-frag group=2 scans=2 records=512 ms=268
2026-10-02T19:51:35.516Z raft-host: gc-pass ms=268 reap=0 frag=268 spread=0 recover=0 fscans=2 fsegs=4 fkeys=516 femit=514 ftomb=2 scans=3 segs=4 keys=516 emit=514 tomb=2
2026-10-02T19:51:36.789Z raft-host: gc-frag group=2 scans=2 records=512 ms=269
2026-10-02T19:51:36.789Z raft-host: gc-pass ms=269 reap=0 frag=269 spread=0 recover=0 fscans=2 fsegs=4 fkeys=516 femit=514 ftomb=2 scans=3 segs=4 keys=516 emit=514 tomb=2
2026-10-02T19:51:38.060Z raft-host: gc-frag group=2 scans=2 records=512 ms=268
2026-10-02T19:51:38.060Z raft-host: gc-pass ms=268 reap=0 frag=268 spread=0 recover=0 fscans=2 fsegs=4 fkeys=516 femit=514 ftomb=2 scans=3 segs=4 keys=516 emit=514 tomb=2
2026-10-02T19:51:38.461Z raft-obs: tx->1 enq=49580 drop=0 sent=49580 fail=0 hi=7 rtt_avg=39us get_avg=84us get_max=4173ms
2026-10-02T19:51:38.461Z raft-obs: tx->2 enq=48979 drop=0 sent=48979 fail=0 hi=5 rtt_avg=35us get_avg=83us get_max=4059ms
2026-10-02T19:51:38.461Z raft-obs: wait_timeouts=0 pump_hold_max=140us lock_wait_max=440us drain_max=140us tick_max=8us apply_max=132us persist_max=517us applies_in_worst=1 arc_miss=0 arc_term_miss=0 opid_replay=0 fin_q=0 fin_done=0 fin_drop=0 fin_full=0 pub_p50=0us pub_max=0us inbox_drop=0
2026-10-02T19:51:39.330Z raft-host: gc-frag group=2 scans=2 records=512 ms=267
2026-10-02T19:51:39.330Z raft-host: gc-pass ms=267 reap=0 frag=267 spread=0 recover=0 fscans=2 fsegs=4 fkeys=516 femit=514 ftomb=2 scans=3 segs=4 keys=516 emit=514 tomb=2
2026-10-02T19:51:40.603Z raft-host: gc-frag group=2 scans=2 records=512 ms=269
2026-10-02T19:51:40.603Z raft-host: gc-pass ms=269 reap=0 frag=269 spread=0 recover=0 fscans=2 fsegs=4 fkeys=516 femit=514 ftomb=2 scans=3 segs=4 keys=516 emit=514 tomb=2
2026-10-02T19:51:41.875Z raft-host: gc-frag group=2 scans=2 records=512 ms=269
2026-10-02T19:51:41.875Z raft-host: gc-pass ms=269 reap=0 frag=269 spread=0 recover=0 fscans=2 fsegs=4 fkeys=516 femit=514 ftomb=2 scans=3 segs=4 keys=516 emit=514 tomb=2
2026-10-02T19:51:43.144Z raft-host: gc-frag group=2 scans=2 records=512 ms=266
2026-10-02T19:51:43.144Z raft-host: gc-pass ms=266 reap=0 frag=266 spread=0 recover=0 fscans=2 fsegs=4 fkeys=516 femit=514 ftomb=2 scans=3 segs=4 keys=516 emit=514 tomb=2
2026-10-02T19:51:43.463Z raft-obs: tx->1 enq=49771 drop=0 sent=49771 fail=0 hi=7 rtt_avg=39us get_avg=84us get_max=4173ms
2026-10-02T19:51:43.463Z raft-obs: tx->2 enq=49170 drop=0 sent=49170 fail=0 hi=5 rtt_avg=35us get_avg=82us get_max=4059ms
2026-10-02T19:51:43.463Z raft-obs: wait_timeouts=0 pump_hold_max=120us lock_wait_max=281us drain_max=120us tick_max=13us apply_max=112us persist_max=520us applies_in_worst=1 arc_miss=0 arc_term_miss=0 opid_replay=0 fin_q=0 fin_done=0 fin_drop=0 fin_full=0 pub_p50=0us pub_max=0us inbox_drop=0
2026-10-02T19:51:44.412Z raft-host: gc-frag group=2 scans=2 records=512 ms=265
2026-10-02T19:51:44.412Z raft-host: gc-pass ms=265 reap=0 frag=265 spread=0 recover=0 fscans=2 fsegs=4 fkeys=516 femit=514 ftomb=2 scans=3 segs=4 keys=516 emit=514 tomb=2
2026-10-02T19:51:45.683Z raft-host: gc-frag group=2 scans=2 records=512 ms=268
2026-10-02T19:51:45.683Z raft-host: gc-pass ms=268 reap=0 frag=268 spread=0 recover=0 fscans=2 fsegs=4 fkeys=516 femit=514 ftomb=2 scans=3 segs=4 keys=516 emit=514 tomb=2
2026-10-02T19:51:46.954Z raft-host: gc-frag group=2 scans=2 records=512 ms=267
2026-10-02T19:51:46.954Z raft-host: gc-pass ms=267 reap=0 frag=267 spread=0 recover=0 fscans=2 fsegs=4 fkeys=516 femit=514 ftomb=2 scans=3 segs=4 keys=516 emit=514 tomb=2
2026-10-02T19:51:48.225Z raft-host: gc-frag group=2 scans=2 records=512 ms=268
2026-10-02T19:51:48.225Z raft-host: gc-pass ms=268 reap=0 frag=268 spread=0 recover=0 fscans=2 fsegs=4 fkeys=516 femit=514 ftomb=2 scans=3 segs=4 keys=516 emit=514 tomb=2
2026-10-02T19:51:48.463Z raft-obs: tx->1 enq=49961 drop=0 sent=49961 fail=0 hi=7 rtt_avg=39us get_avg=83us get_max=4173ms
2026-10-02T19:51:48.463Z raft-obs: tx->2 enq=49360 drop=0 sent=49360 fail=0 hi=5 rtt_avg=35us get_avg=82us get_max=4059ms
2026-10-02T19:51:48.463Z raft-obs: wait_timeouts=0 pump_hold_max=132us lock_wait_max=324us drain_max=131us tick_max=8us apply_max=124us persist_max=513us applies_in_worst=1 arc_miss=0 arc_term_miss=0 opid_replay=0 fin_q=0 fin_done=0 fin_drop=0 fin_full=0 pub_p50=0us pub_max=0us inbox_drop=0
2026-10-02T19:51:49.498Z raft-host: gc-frag group=2 scans=2 records=512 ms=270
2026-10-02T19:51:49.498Z raft-host: gc-pass ms=270 reap=0 frag=270 spread=0 recover=0 fscans=2 fsegs=4 fkeys=516 femit=514 ftomb=2 scans=3 segs=4 keys=516 emit=514 tomb=2
2026-10-02T19:51:50.773Z raft-host: gc-frag group=2 scans=2 records=512 ms=271
2026-10-02T19:51:50.773Z raft-host: gc-pass ms=271 reap=0 frag=271 spread=0 recover=0 fscans=2 fsegs=4 fkeys=516 femit=514 ftomb=2 scans=3 segs=4 keys=516 emit=514 tomb=2
2026-10-02T19:51:52.044Z raft-host: gc-frag group=2 scans=2 records=512 ms=268
2026-10-02T19:51:52.044Z raft-host: gc-pass ms=268 reap=0 frag=268 spread=0 recover=0 fscans=2 fsegs=4 fkeys=516 femit=514 ftomb=2 scans=3 segs=4 keys=516 emit=514 tomb=2
2026-10-02T19:51:53.314Z raft-host: gc-frag group=2 scans=2 records=512 ms=267
2026-10-02T19:51:53.314Z raft-host: gc-pass ms=267 reap=0 frag=267 spread=0 recover=0 fscans=2 fsegs=4 fkeys=516 femit=514 ftomb=2 scans=3 segs=4 keys=516 emit=514 tomb=2
2026-10-02T19:51:53.467Z raft-obs: tx->1 enq=50152 drop=0 sent=50151 fail=0 hi=7 rtt_avg=39us get_avg=83us get_max=4173ms
2026-10-02T19:51:53.467Z raft-obs: tx->2 enq=49551 drop=0 sent=49550 fail=0 hi=5 rtt_avg=35us get_avg=82us get_max=4059ms
2026-10-02T19:51:53.467Z raft-obs: wait_timeouts=0 pump_hold_max=127us lock_wait_max=289us drain_max=127us tick_max=5us apply_max=122us persist_max=521us applies_in_worst=1 arc_miss=0 arc_term_miss=0 opid_replay=0 fin_q=0 fin_done=0 fin_drop=0 fin_full=0 pub_p50=0us pub_max=0us inbox_drop=0
2026-10-02T19:51:54.583Z raft-host: gc-frag group=2 scans=2 records=512 ms=265
2026-10-02T19:51:54.583Z raft-host: gc-pass ms=265 reap=0 frag=265 spread=0 recover=0 fscans=2 fsegs=4 fkeys=516 femit=514 ftomb=2 scans=3 segs=4 keys=516 emit=514 tomb=2
2026-10-02T19:51:55.850Z raft-host: gc-frag group=2 scans=2 records=512 ms=264
2026-10-02T19:51:55.850Z raft-host: gc-pass ms=264 reap=0 frag=264 spread=0 recover=0 fscans=2 fsegs=4 fkeys=516 femit=514 ftomb=2 scans=3 segs=4 keys=516 emit=514 tomb=2
2026-10-02T19:51:57.120Z raft-host: gc-frag group=2 scans=2 records=512 ms=267
2026-10-02T19:51:57.120Z raft-host: gc-pass ms=267 reap=0 frag=267 spread=0 recover=0 fscans=2 fsegs=4 fkeys=516 femit=514 ftomb=2 scans=3 segs=4 keys=516 emit=514 tomb=2
2026-10-02T19:51:58.392Z raft-host: gc-frag group=2 scans=2 records=512 ms=268
2026-10-02T19:51:58.392Z raft-host: gc-pass ms=269 reap=0 frag=268 spread=0 recover=0 fscans=2 fsegs=4 fkeys=516 femit=514 ftomb=2 scans=3 segs=4 keys=516 emit=514 tomb=2
2026-10-02T19:51:58.468Z raft-obs: tx->1 enq=50342 drop=0 sent=50342 fail=0 hi=7 rtt_avg=39us get_avg=83us get_max=4173ms
2026-10-02T19:51:58.468Z raft-obs: tx->2 enq=49741 drop=0 sent=49741 fail=0 hi=5 rtt_avg=35us get_avg=81us get_max=4059ms
2026-10-02T19:51:58.469Z raft-obs: wait_timeouts=0 pump_hold_max=142us lock_wait_max=565us drain_max=142us tick_max=11us apply_max=136us persist_max=536us applies_in_worst=1 arc_miss=0 arc_term_miss=0 opid_replay=0 fin_q=0 fin_done=0 fin_drop=0 fin_full=0 pub_p50=0us pub_max=0us inbox_drop=0
[ perf record: Woken up 94 times to write data ]
2026-10-02T19:51:59.666Z raft-host: gc-frag group=2 scans=2 records=512 ms=271
2026-10-02T19:51:59.667Z raft-host: gc-pass ms=271 reap=0 frag=271 spread=0 recover=0 fscans=2 fsegs=4 fkeys=516 femit=514 ftomb=2 scans=3 segs=4 keys=516 emit=514 tomb=2
[ perf record: Captured and wrote 25.978 MB /tmp/efs-perf/efsd.data (155623 samples) ]
2026-10-02T19:52:00.936Z raft-host: gc-frag group=2 scans=2 records=512 ms=266
2026-10-02T19:52:00.936Z raft-host: gc-pass ms=266 reap=0 frag=266 spread=0 recover=0 fscans=2 fsegs=4 fkeys=516 femit=514 ftomb=2 scans=3 segs=4 keys=516 emit=514 tomb=2
2026-10-02T19:52:02.200Z raft-host: gc-frag group=2 scans=2 records=512 ms=261
2026-10-02T19:52:02.200Z raft-host: gc-pass ms=261 reap=0 frag=261 spread=0 recover=0 fscans=2 fsegs=4 fkeys=516 femit=514 ftomb=2 scans=3 segs=4 keys=516 emit=514 tomb=2
2026-10-02T19:52:03.460Z raft-host: gc-frag group=2 scans=2 records=512 ms=257
2026-10-02T19:52:03.461Z raft-host: gc-pass ms=257 reap=0 frag=257 spread=0 recover=0 fscans=2 fsegs=4 fkeys=516 femit=514 ftomb=2 scans=3 segs=4 keys=516 emit=514 tomb=2
2026-10-02T19:52:03.471Z raft-obs: tx->1 enq=50533 drop=0 sent=50533 fail=0 hi=7 rtt_avg=39us get_avg=82us get_max=4173ms
2026-10-02T19:52:03.471Z raft-obs: tx->2 enq=49932 drop=0 sent=49932 fail=0 hi=5 rtt_avg=34us get_avg=81us get_max=4059ms
2026-10-02T19:52:03.471Z raft-obs: wait_timeouts=0 pump_hold_max=111us lock_wait_max=430us drain_max=111us tick_max=7us apply_max=104us persist_max=541us applies_in_worst=1 arc_miss=0 arc_term_miss=0 opid_replay=0 fin_q=0 fin_done=0 fin_drop=0 fin_full=0 pub_p50=0us pub_max=0us inbox_drop=0
2026-10-02T19:52:04.722Z raft-host: gc-frag group=2 scans=2 records=512 ms=258
2026-10-02T19:52:04.722Z raft-host: gc-pass ms=258 reap=0 frag=258 spread=0 recover=0 fscans=2 fsegs=4 fkeys=516 femit=514 ftomb=2 scans=3 segs=4 keys=516 emit=514 tomb=2
2026-10-02T19:52:05.980Z raft-host: gc-frag group=2 scans=2 records=512 ms=256
2026-10-02T19:52:05.980Z raft-host: gc-pass ms=256 reap=0 frag=256 spread=0 recover=0 fscans=2 fsegs=4 fkeys=516 femit=514 ftomb=2 scans=3 segs=4 keys=516 emit=514 tomb=2
2026-10-02T19:52:07.245Z raft-host: gc-frag group=2 scans=2 records=512 ms=261
2026-10-02T19:52:07.245Z raft-host: gc-pass ms=261 reap=0 frag=261 spread=0 recover=0 fscans=2 fsegs=4 fkeys=516 femit=514 ftomb=2 scans=3 segs=4 keys=516 emit=514 tomb=2
2026-10-02T19:52:08.472Z raft-obs: tx->1 enq=50719 drop=0 sent=50719 fail=0 hi=7 rtt_avg=38us get_avg=82us get_max=4173ms
2026-10-02T19:52:08.472Z raft-obs: tx->2 enq=50118 drop=0 sent=50118 fail=0 hi=5 rtt_avg=34us get_avg=81us get_max=4059ms
2026-10-02T19:52:08.472Z raft-obs: wait_timeouts=0 pump_hold_max=121us lock_wait_max=247us drain_max=120us tick_max=12us apply_max=114us persist_max=541us applies_in_worst=1 arc_miss=0 arc_term_miss=0 opid_replay=0 fin_q=0 fin_done=0 fin_drop=0 fin_full=0 pub_p50=0us pub_max=0us inbox_drop=0
2026-10-02T19:52:08.507Z raft-host: gc-frag group=2 scans=2 records=512 ms=260
2026-10-02T19:52:08.507Z raft-host: gc-pass ms=260 reap=0 frag=260 spread=0 recover=0 fscans=2 fsegs=4 fkeys=516 femit=514 ftomb=2 scans=3 segs=4 keys=516 emit=514 tomb=2
2026-10-02T19:52:09.769Z raft-host: gc-frag group=2 scans=2 records=512 ms=258
2026-10-02T19:52:09.769Z raft-host: gc-pass ms=259 reap=0 frag=258 spread=0 recover=0 fscans=2 fsegs=4 fkeys=516 femit=514 ftomb=2 scans=3 segs=4 keys=516 emit=514 tomb=2
2026-10-02T19:52:11.033Z raft-host: gc-frag group=2 scans=2 records=512 ms=261
2026-10-02T19:52:11.033Z raft-host: gc-pass ms=261 reap=0 frag=261 spread=0 recover=0 fscans=2 fsegs=4 fkeys=516 femit=514 ftomb=2 scans=3 segs=4 keys=516 emit=514 tomb=2
2026-10-02T19:52:12.296Z raft-host: gc-frag group=2 scans=2 records=512 ms=259
2026-10-02T19:52:12.296Z raft-host: gc-pass ms=259 reap=0 frag=259 spread=0 recover=0 fscans=2 fsegs=4 fkeys=516 femit=514 ftomb=2 scans=3 segs=4 keys=516 emit=514 tomb=2
2026-10-02T19:52:13.472Z raft-obs: tx->1 enq=50907 drop=0 sent=50907 fail=0 hi=7 rtt_avg=38us get_avg=82us get_max=4173ms
2026-10-02T19:52:13.472Z raft-obs: tx->2 enq=50306 drop=0 sent=50306 fail=0 hi=5 rtt_avg=34us get_avg=80us get_max=4059ms
2026-10-02T19:52:13.472Z raft-obs: wait_timeouts=0 pump_hold_max=85us lock_wait_max=948us drain_max=85us tick_max=5us apply_max=80us persist_max=508us applies_in_worst=1 arc_miss=0 arc_term_miss=0 opid_replay=0 fin_q=0 fin_done=0 fin_drop=0 fin_full=0 pub_p50=0us pub_max=0us inbox_drop=0
2026-10-02T19:52:13.559Z raft-host: gc-frag group=2 scans=2 records=512 ms=260
2026-10-02T19:52:13.559Z raft-host: gc-pass ms=260 reap=0 frag=260 spread=0 recover=0 fscans=2 fsegs=4 fkeys=516 femit=514 ftomb=2 scans=3 segs=4 keys=516 emit=514 tomb=2
2026-10-02T19:52:14.822Z raft-host: gc-frag group=2 scans=2 records=512 ms=260
2026-10-02T19:52:14.822Z raft-host: gc-pass ms=260 reap=0 frag=260 spread=0 recover=0 fscans=2 fsegs=4 fkeys=516 femit=514 ftomb=2 scans=3 segs=4 keys=516 emit=514 tomb=2
2026-10-02T19:52:16.081Z raft-host: gc-frag group=2 scans=2 records=512 ms=256
2026-10-02T19:52:16.081Z raft-host: gc-pass ms=256 reap=0 frag=256 spread=0 recover=0 fscans=2 fsegs=4 fkeys=516 femit=514 ftomb=2 scans=3 segs=4 keys=516 emit=514 tomb=2
2026-10-02T19:52:16.336Z shutdown: 7 conn threads still live after drain timeout; forcing teardown
