2026-10-02T19:22:35.383Z Loaded 4 persisted cluster node(s) from /data1/01/efs/meta/cluster_nodes.bin
2026-10-02T19:22:35.383Z   persisted node 1: 172.16.223.57:19810
2026-10-02T19:22:35.383Z   persisted node 2: 172.16.223.58:19810
2026-10-02T19:22:35.383Z   persisted node 3: 172.16.223.59:19810
2026-10-02T19:22:35.383Z   persisted node 4: 172.16.223.60:19810
2026-10-02T19:22:35.383Z Trying to rejoin via persisted peer 172.16.223.57:19810 (node 1)...
2026-10-02T19:22:37.544Z efs: RDMA transport up on mlx5_2 port 1 (lid 2161, 36 x 84 KiB bufs/conn)
2026-10-02T19:22:37.549Z Joined cluster with 4 nodes
2026-10-02T19:22:37.549Z Rejoined cluster via 172.16.223.57:19810
2026-10-02T19:22:37.551Z heartbeat: enabled (2000 ms interval)
2026-10-02T19:22:46.957Z raft-obs: g0 term 0->130 role FOLLOWER->FOLLOWER leader=-1 commit=4266279 applied=4266279 t=1790968966957ms
2026-10-02T19:22:46.957Z raft-obs: g2 term 0->69 role FOLLOWER->FOLLOWER leader=-1 commit=4501293 applied=4501293 t=1790968966957ms
2026-10-02T19:22:46.957Z raft-host: up raft_id=2 n=4 boot=4345946177615674 salt=12818984269593288816 g0=hosted g2=hosted
2026-10-02T19:22:46.957Z raft-obs: wait_timeouts=0 pump_hold_max=7us lock_wait_max=2us drain_max=6us tick_max=1us apply_max=0us persist_max=0us applies_in_worst=0 arc_miss=0 arc_term_miss=0 opid_replay=0 fin_q=0 fin_done=0 fin_drop=0 fin_full=0 pub_p50=0us pub_max=0us inbox_drop=0
2026-10-02T19:22:46.957Z efsd node 3 listening on 172.16.223.59:19810, storage=/data1/01/efs,/data1/02/efs,/data1/03/efs,/data1/04/efs,/data1/05/efs,/data1/06/efs (6 paths, stripe=leastq), used=748151504896, quota=39582418599936, direct_io=on, writers=20 shared, build=efc0f499cbae-dirty
2026-10-02T19:22:46.967Z raft-obs: wait_timeouts=0 pump_hold_max=1us lock_wait_max=0us drain_max=0us tick_max=1us apply_max=0us persist_max=0us applies_in_worst=0 arc_miss=0 arc_term_miss=0 opid_replay=0 fin_q=0 fin_done=0 fin_drop=0 fin_full=0 pub_p50=0us pub_max=0us inbox_drop=0
2026-10-02T19:22:46.987Z raft-obs: wait_timeouts=0 pump_hold_max=31us lock_wait_max=9us drain_max=28us tick_max=3us apply_max=0us persist_max=0us applies_in_worst=0 arc_miss=0 arc_term_miss=0 opid_replay=0 fin_q=0 fin_done=0 fin_drop=0 fin_full=0 pub_p50=0us pub_max=0us inbox_drop=0
2026-10-02T19:22:46.989Z efsd: RDMA transport up on mlx5_2 port 1 (lid 2161)
2026-10-02T19:22:47.003Z raft-obs: g2 term 69->70 role FOLLOWER->FOLLOWER leader=-1 commit=4501293 applied=4501293 t=1790968967003ms
2026-10-02T19:22:47.003Z raft-obs: tx->3 enq=1 drop=0 sent=0 fail=0 hi=1 rtt_avg=0us get_avg=0us get_max=0ms
2026-10-02T19:22:47.003Z raft-obs: wait_timeouts=0 pump_hold_max=13310us lock_wait_max=1us drain_max=13309us tick_max=1us apply_max=0us persist_max=1us applies_in_worst=0 arc_miss=0 arc_term_miss=0 opid_replay=0 fin_q=0 fin_done=0 fin_drop=0 fin_full=0 pub_p50=0us pub_max=0us inbox_drop=0
2026-10-02T19:22:47.013Z raft-obs: g0 term 130->144 role FOLLOWER->FOLLOWER leader=-1 commit=4266279 applied=4266279 t=1790968967013ms
2026-10-02T19:22:47.013Z raft-obs: g2 term 70->75 role FOLLOWER->FOLLOWER leader=-1 commit=4501293 applied=4501293 t=1790968967013ms
2026-10-02T19:22:52.005Z raft-obs: tx->0 enq=114 drop=0 sent=114 fail=0 hi=6 rtt_avg=30us get_avg=27us get_max=3ms
2026-10-02T19:22:52.005Z raft-obs: tx->3 enq=106 drop=0 sent=106 fail=0 hi=5 rtt_avg=30us get_avg=30us get_max=3ms
2026-10-02T19:22:52.005Z raft-obs: wait_timeouts=0 pump_hold_max=9938us lock_wait_max=2us drain_max=9938us tick_max=1us apply_max=0us persist_max=259us applies_in_worst=0 arc_miss=0 arc_term_miss=0 opid_replay=0 fin_q=0 fin_done=0 fin_drop=0 fin_full=0 pub_p50=0us pub_max=0us inbox_drop=0
2026-10-02T19:22:57.006Z raft-obs: tx->0 enq=213 drop=0 sent=213 fail=0 hi=6 rtt_avg=29us get_avg=14us get_max=3ms
2026-10-02T19:22:57.006Z raft-obs: tx->3 enq=205 drop=0 sent=205 fail=0 hi=5 rtt_avg=29us get_avg=15us get_max=3ms
2026-10-02T19:22:57.006Z raft-obs: wait_timeouts=0 pump_hold_max=3us lock_wait_max=1us drain_max=3us tick_max=1us apply_max=0us persist_max=1us applies_in_worst=0 arc_miss=0 arc_term_miss=0 opid_replay=0 fin_q=0 fin_done=0 fin_drop=0 fin_full=0 pub_p50=0us pub_max=0us inbox_drop=0
2026-10-02T19:23:02.007Z raft-obs: tx->0 enq=311 drop=0 sent=311 fail=0 hi=6 rtt_avg=29us get_avg=10us get_max=3ms
2026-10-02T19:23:02.007Z raft-obs: tx->3 enq=303 drop=0 sent=303 fail=0 hi=5 rtt_avg=28us get_avg=10us get_max=3ms
2026-10-02T19:23:02.007Z raft-obs: wait_timeouts=0 pump_hold_max=3us lock_wait_max=1us drain_max=3us tick_max=1us apply_max=0us persist_max=6us applies_in_worst=0 arc_miss=0 arc_term_miss=0 opid_replay=0 fin_q=0 fin_done=0 fin_drop=0 fin_full=0 pub_p50=0us pub_max=0us inbox_drop=0
2026-10-02T19:23:07.008Z raft-obs: tx->0 enq=410 drop=0 sent=410 fail=0 hi=6 rtt_avg=29us get_avg=7us get_max=3ms
2026-10-02T19:23:07.008Z raft-obs: tx->3 enq=402 drop=0 sent=402 fail=0 hi=5 rtt_avg=28us get_avg=8us get_max=3ms
2026-10-02T19:23:07.008Z raft-obs: wait_timeouts=0 pump_hold_max=3us lock_wait_max=1us drain_max=3us tick_max=1us apply_max=0us persist_max=1us applies_in_worst=0 arc_miss=0 arc_term_miss=0 opid_replay=0 fin_q=0 fin_done=0 fin_drop=0 fin_full=0 pub_p50=0us pub_max=0us inbox_drop=0
2026-10-02T19:23:12.009Z raft-obs: tx->0 enq=509 drop=0 sent=509 fail=0 hi=6 rtt_avg=29us get_avg=6us get_max=3ms
2026-10-02T19:23:12.009Z raft-obs: tx->3 enq=501 drop=0 sent=501 fail=0 hi=5 rtt_avg=28us get_avg=6us get_max=3ms
2026-10-02T19:23:12.009Z raft-obs: wait_timeouts=0 pump_hold_max=6us lock_wait_max=1us drain_max=6us tick_max=5us apply_max=0us persist_max=1us applies_in_worst=0 arc_miss=0 arc_term_miss=0 opid_replay=0 fin_q=0 fin_done=0 fin_drop=0 fin_full=0 pub_p50=0us pub_max=0us inbox_drop=0
2026-10-02T19:23:17.010Z raft-obs: tx->0 enq=608 drop=0 sent=608 fail=0 hi=6 rtt_avg=29us get_avg=5us get_max=3ms
2026-10-02T19:23:17.010Z raft-obs: tx->3 enq=600 drop=0 sent=600 fail=0 hi=5 rtt_avg=28us get_avg=5us get_max=3ms
2026-10-02T19:23:17.010Z raft-obs: wait_timeouts=0 pump_hold_max=6us lock_wait_max=1us drain_max=6us tick_max=1us apply_max=0us persist_max=1us applies_in_worst=0 arc_miss=0 arc_term_miss=0 opid_replay=0 fin_q=0 fin_done=0 fin_drop=0 fin_full=0 pub_p50=0us pub_max=0us inbox_drop=0
2026-10-02T19:23:22.011Z raft-obs: tx->0 enq=707 drop=0 sent=707 fail=0 hi=6 rtt_avg=29us get_avg=4us get_max=3ms
2026-10-02T19:23:22.011Z raft-obs: tx->3 enq=699 drop=0 sent=699 fail=0 hi=5 rtt_avg=28us get_avg=4us get_max=3ms
2026-10-02T19:23:22.011Z raft-obs: wait_timeouts=0 pump_hold_max=6us lock_wait_max=1us drain_max=6us tick_max=4us apply_max=0us persist_max=4us applies_in_worst=0 arc_miss=0 arc_term_miss=0 opid_replay=0 fin_q=0 fin_done=0 fin_drop=0 fin_full=0 pub_p50=0us pub_max=0us inbox_drop=0
2026-10-02T19:23:27.012Z raft-obs: tx->0 enq=805 drop=0 sent=805 fail=0 hi=6 rtt_avg=29us get_avg=4us get_max=3ms
2026-10-02T19:23:27.012Z raft-obs: tx->3 enq=797 drop=0 sent=797 fail=0 hi=5 rtt_avg=28us get_avg=4us get_max=3ms
2026-10-02T19:23:27.012Z raft-obs: wait_timeouts=0 pump_hold_max=6us lock_wait_max=1us drain_max=6us tick_max=1us apply_max=0us persist_max=1us applies_in_worst=0 arc_miss=0 arc_term_miss=0 opid_replay=0 fin_q=0 fin_done=0 fin_drop=0 fin_full=0 pub_p50=0us pub_max=0us inbox_drop=0
2026-10-02T19:23:32.013Z raft-obs: tx->0 enq=904 drop=0 sent=904 fail=0 hi=6 rtt_avg=29us get_avg=3us get_max=3ms
2026-10-02T19:23:32.013Z raft-obs: tx->3 enq=896 drop=0 sent=896 fail=0 hi=5 rtt_avg=28us get_avg=3us get_max=3ms
2026-10-02T19:23:32.013Z raft-obs: wait_timeouts=0 pump_hold_max=10us lock_wait_max=1us drain_max=9us tick_max=1us apply_max=0us persist_max=1us applies_in_worst=0 arc_miss=0 arc_term_miss=0 opid_replay=0 fin_q=0 fin_done=0 fin_drop=0 fin_full=0 pub_p50=0us pub_max=0us inbox_drop=0
2026-10-02T19:23:37.014Z raft-obs: tx->0 enq=1003 drop=0 sent=1003 fail=0 hi=6 rtt_avg=29us get_avg=3us get_max=3ms
2026-10-02T19:23:37.014Z raft-obs: tx->3 enq=995 drop=0 sent=995 fail=0 hi=5 rtt_avg=28us get_avg=3us get_max=3ms
2026-10-02T19:23:37.014Z raft-obs: wait_timeouts=0 pump_hold_max=6us lock_wait_max=1us drain_max=6us tick_max=1us apply_max=0us persist_max=4us applies_in_worst=0 arc_miss=0 arc_term_miss=0 opid_replay=0 fin_q=0 fin_done=0 fin_drop=0 fin_full=0 pub_p50=0us pub_max=0us inbox_drop=0
2026-10-02T19:23:42.015Z raft-obs: tx->0 enq=1102 drop=0 sent=1102 fail=0 hi=6 rtt_avg=29us get_avg=3us get_max=3ms
2026-10-02T19:23:42.015Z raft-obs: tx->3 enq=1094 drop=0 sent=1094 fail=0 hi=5 rtt_avg=28us get_avg=3us get_max=3ms
2026-10-02T19:23:42.015Z raft-obs: wait_timeouts=0 pump_hold_max=4us lock_wait_max=1us drain_max=4us tick_max=1us apply_max=0us persist_max=1us applies_in_worst=0 arc_miss=0 arc_term_miss=0 opid_replay=0 fin_q=0 fin_done=0 fin_drop=0 fin_full=0 pub_p50=0us pub_max=0us inbox_drop=0
2026-10-02T19:23:47.016Z raft-obs: tx->0 enq=1201 drop=0 sent=1201 fail=0 hi=6 rtt_avg=29us get_avg=2us get_max=3ms
2026-10-02T19:23:47.016Z raft-obs: tx->3 enq=1193 drop=0 sent=1193 fail=0 hi=5 rtt_avg=28us get_avg=2us get_max=3ms
2026-10-02T19:23:47.016Z raft-obs: wait_timeouts=0 pump_hold_max=5us lock_wait_max=1us drain_max=5us tick_max=1us apply_max=0us persist_max=1us applies_in_worst=0 arc_miss=0 arc_term_miss=0 opid_replay=0 fin_q=0 fin_done=0 fin_drop=0 fin_full=0 pub_p50=0us pub_max=0us inbox_drop=0
2026-10-02T19:23:52.017Z raft-obs: tx->0 enq=1299 drop=0 sent=1299 fail=0 hi=6 rtt_avg=29us get_avg=2us get_max=3ms
2026-10-02T19:23:52.017Z raft-obs: tx->3 enq=1291 drop=0 sent=1291 fail=0 hi=5 rtt_avg=28us get_avg=2us get_max=3ms
2026-10-02T19:23:52.017Z raft-obs: wait_timeouts=0 pump_hold_max=6us lock_wait_max=1us drain_max=6us tick_max=1us apply_max=0us persist_max=5us applies_in_worst=0 arc_miss=0 arc_term_miss=0 opid_replay=0 fin_q=0 fin_done=0 fin_drop=0 fin_full=0 pub_p50=0us pub_max=0us inbox_drop=0
2026-10-02T19:23:57.017Z raft-obs: tx->0 enq=1398 drop=0 sent=1398 fail=0 hi=6 rtt_avg=28us get_avg=2us get_max=3ms
2026-10-02T19:23:57.017Z raft-obs: tx->3 enq=1390 drop=0 sent=1390 fail=0 hi=5 rtt_avg=28us get_avg=2us get_max=3ms
2026-10-02T19:23:57.017Z raft-obs: wait_timeouts=0 pump_hold_max=4us lock_wait_max=1us drain_max=4us tick_max=1us apply_max=0us persist_max=1us applies_in_worst=0 arc_miss=0 arc_term_miss=0 opid_replay=0 fin_q=0 fin_done=0 fin_drop=0 fin_full=0 pub_p50=0us pub_max=0us inbox_drop=0
2026-10-02T19:24:02.018Z raft-obs: tx->0 enq=1497 drop=0 sent=1497 fail=0 hi=6 rtt_avg=28us get_avg=2us get_max=3ms
2026-10-02T19:24:02.018Z raft-obs: tx->3 enq=1489 drop=0 sent=1489 fail=0 hi=5 rtt_avg=28us get_avg=2us get_max=3ms
2026-10-02T19:24:02.018Z raft-obs: wait_timeouts=0 pump_hold_max=4us lock_wait_max=4us drain_max=4us tick_max=1us apply_max=0us persist_max=1us applies_in_worst=0 arc_miss=0 arc_term_miss=0 opid_replay=0 fin_q=0 fin_done=0 fin_drop=0 fin_full=0 pub_p50=0us pub_max=0us inbox_drop=0
2026-10-02T19:24:07.019Z raft-obs: tx->0 enq=1596 drop=0 sent=1596 fail=0 hi=6 rtt_avg=28us get_avg=2us get_max=3ms
2026-10-02T19:24:07.019Z raft-obs: tx->3 enq=1588 drop=0 sent=1588 fail=0 hi=5 rtt_avg=28us get_avg=2us get_max=3ms
2026-10-02T19:24:07.019Z raft-obs: wait_timeouts=0 pump_hold_max=8us lock_wait_max=1us drain_max=8us tick_max=1us apply_max=0us persist_max=5us applies_in_worst=0 arc_miss=0 arc_term_miss=0 opid_replay=0 fin_q=0 fin_done=0 fin_drop=0 fin_full=0 pub_p50=0us pub_max=0us inbox_drop=0
2026-10-02T19:24:12.020Z raft-obs: tx->0 enq=1695 drop=0 sent=1695 fail=0 hi=6 rtt_avg=28us get_avg=2us get_max=3ms
2026-10-02T19:24:12.020Z raft-obs: tx->3 enq=1687 drop=0 sent=1687 fail=0 hi=5 rtt_avg=27us get_avg=2us get_max=3ms
2026-10-02T19:24:12.020Z raft-obs: wait_timeouts=0 pump_hold_max=8us lock_wait_max=1us drain_max=8us tick_max=1us apply_max=0us persist_max=1us applies_in_worst=0 arc_miss=0 arc_term_miss=0 opid_replay=0 fin_q=0 fin_done=0 fin_drop=0 fin_full=0 pub_p50=0us pub_max=0us inbox_drop=0
2026-10-02T19:24:17.021Z raft-obs: tx->0 enq=1793 drop=0 sent=1793 fail=0 hi=6 rtt_avg=28us get_avg=1us get_max=3ms
2026-10-02T19:24:17.021Z raft-obs: tx->3 enq=1785 drop=0 sent=1785 fail=0 hi=5 rtt_avg=27us get_avg=1us get_max=3ms
2026-10-02T19:24:17.021Z raft-obs: wait_timeouts=0 pump_hold_max=14us lock_wait_max=1us drain_max=14us tick_max=1us apply_max=0us persist_max=1us applies_in_worst=0 arc_miss=0 arc_term_miss=0 opid_replay=0 fin_q=0 fin_done=0 fin_drop=0 fin_full=0 pub_p50=0us pub_max=0us inbox_drop=0
2026-10-02T19:24:22.022Z raft-obs: tx->0 enq=1892 drop=0 sent=1892 fail=0 hi=6 rtt_avg=28us get_avg=1us get_max=3ms
2026-10-02T19:24:22.022Z raft-obs: tx->3 enq=1884 drop=0 sent=1884 fail=0 hi=5 rtt_avg=27us get_avg=1us get_max=3ms
2026-10-02T19:24:22.022Z raft-obs: wait_timeouts=0 pump_hold_max=10us lock_wait_max=4us drain_max=10us tick_max=1us apply_max=0us persist_max=1us applies_in_worst=0 arc_miss=0 arc_term_miss=0 opid_replay=0 fin_q=0 fin_done=0 fin_drop=0 fin_full=0 pub_p50=0us pub_max=0us inbox_drop=0
2026-10-02T19:24:27.023Z raft-obs: tx->0 enq=1991 drop=0 sent=1991 fail=0 hi=6 rtt_avg=28us get_avg=1us get_max=3ms
2026-10-02T19:24:27.023Z raft-obs: tx->3 enq=1983 drop=0 sent=1983 fail=0 hi=5 rtt_avg=27us get_avg=1us get_max=3ms
2026-10-02T19:24:27.023Z raft-obs: wait_timeouts=0 pump_hold_max=7us lock_wait_max=8us drain_max=7us tick_max=1us apply_max=0us persist_max=1us applies_in_worst=0 arc_miss=0 arc_term_miss=0 opid_replay=0 fin_q=0 fin_done=0 fin_drop=0 fin_full=0 pub_p50=0us pub_max=0us inbox_drop=0
2026-10-02T19:24:32.024Z raft-obs: tx->0 enq=2090 drop=0 sent=2090 fail=0 hi=6 rtt_avg=28us get_avg=1us get_max=3ms
2026-10-02T19:24:32.024Z raft-obs: tx->3 enq=2082 drop=0 sent=2082 fail=0 hi=5 rtt_avg=27us get_avg=1us get_max=3ms
2026-10-02T19:24:32.024Z raft-obs: wait_timeouts=0 pump_hold_max=8us lock_wait_max=1us drain_max=8us tick_max=1us apply_max=0us persist_max=1us applies_in_worst=0 arc_miss=0 arc_term_miss=0 opid_replay=0 fin_q=0 fin_done=0 fin_drop=0 fin_full=0 pub_p50=0us pub_max=0us inbox_drop=0
2026-10-02T19:24:37.025Z raft-obs: tx->0 enq=2189 drop=0 sent=2189 fail=0 hi=6 rtt_avg=28us get_avg=1us get_max=3ms
2026-10-02T19:24:37.025Z raft-obs: tx->3 enq=2181 drop=0 sent=2181 fail=0 hi=5 rtt_avg=27us get_avg=1us get_max=3ms
2026-10-02T19:24:37.025Z raft-obs: wait_timeouts=0 pump_hold_max=6us lock_wait_max=1us drain_max=6us tick_max=1us apply_max=0us persist_max=1us applies_in_worst=0 arc_miss=0 arc_term_miss=0 opid_replay=0 fin_q=0 fin_done=0 fin_drop=0 fin_full=0 pub_p50=0us pub_max=0us inbox_drop=0
2026-10-02T19:24:42.026Z raft-obs: tx->0 enq=2287 drop=0 sent=2287 fail=0 hi=6 rtt_avg=28us get_avg=1us get_max=3ms
2026-10-02T19:24:42.026Z raft-obs: tx->3 enq=2279 drop=0 sent=2279 fail=0 hi=5 rtt_avg=27us get_avg=1us get_max=3ms
2026-10-02T19:24:42.026Z raft-obs: wait_timeouts=0 pump_hold_max=6us lock_wait_max=1us drain_max=6us tick_max=1us apply_max=0us persist_max=1us applies_in_worst=0 arc_miss=0 arc_term_miss=0 opid_replay=0 fin_q=0 fin_done=0 fin_drop=0 fin_full=0 pub_p50=0us pub_max=0us inbox_drop=0
2026-10-02T19:24:47.027Z raft-obs: tx->0 enq=2386 drop=0 sent=2386 fail=0 hi=6 rtt_avg=28us get_avg=1us get_max=3ms
2026-10-02T19:24:47.027Z raft-obs: tx->3 enq=2378 drop=0 sent=2378 fail=0 hi=5 rtt_avg=27us get_avg=1us get_max=3ms
2026-10-02T19:24:47.027Z raft-obs: wait_timeouts=0 pump_hold_max=6us lock_wait_max=1us drain_max=6us tick_max=1us apply_max=0us persist_max=1us applies_in_worst=0 arc_miss=0 arc_term_miss=0 opid_replay=0 fin_q=0 fin_done=0 fin_drop=0 fin_full=0 pub_p50=0us pub_max=0us inbox_drop=0
2026-10-02T19:24:52.028Z raft-obs: tx->0 enq=2485 drop=0 sent=2485 fail=0 hi=6 rtt_avg=28us get_avg=1us get_max=3ms
2026-10-02T19:24:52.028Z raft-obs: tx->3 enq=2477 drop=0 sent=2477 fail=0 hi=5 rtt_avg=27us get_avg=1us get_max=3ms
2026-10-02T19:24:52.028Z raft-obs: wait_timeouts=0 pump_hold_max=8us lock_wait_max=3us drain_max=8us tick_max=1us apply_max=0us persist_max=1us applies_in_worst=0 arc_miss=0 arc_term_miss=0 opid_replay=0 fin_q=0 fin_done=0 fin_drop=0 fin_full=0 pub_p50=0us pub_max=0us inbox_drop=0
2026-10-02T19:24:57.029Z raft-obs: tx->0 enq=2584 drop=0 sent=2584 fail=0 hi=6 rtt_avg=28us get_avg=1us get_max=3ms
2026-10-02T19:24:57.029Z raft-obs: tx->3 enq=2576 drop=0 sent=2576 fail=0 hi=5 rtt_avg=27us get_avg=1us get_max=3ms
2026-10-02T19:24:57.029Z raft-obs: wait_timeouts=0 pump_hold_max=7us lock_wait_max=1us drain_max=7us tick_max=4us apply_max=0us persist_max=6us applies_in_worst=0 arc_miss=0 arc_term_miss=0 opid_replay=0 fin_q=0 fin_done=0 fin_drop=0 fin_full=0 pub_p50=0us pub_max=0us inbox_drop=0
2026-10-02T19:25:02.030Z raft-obs: tx->0 enq=2683 drop=0 sent=2683 fail=0 hi=6 rtt_avg=28us get_avg=1us get_max=3ms
2026-10-02T19:25:02.030Z raft-obs: tx->3 enq=2675 drop=0 sent=2675 fail=0 hi=5 rtt_avg=27us get_avg=1us get_max=3ms
2026-10-02T19:25:02.030Z raft-obs: wait_timeouts=0 pump_hold_max=6us lock_wait_max=1us drain_max=6us tick_max=1us apply_max=0us persist_max=1us applies_in_worst=0 arc_miss=0 arc_term_miss=0 opid_replay=0 fin_q=0 fin_done=0 fin_drop=0 fin_full=0 pub_p50=0us pub_max=0us inbox_drop=0
2026-10-02T19:25:07.031Z raft-obs: tx->0 enq=2781 drop=0 sent=2781 fail=0 hi=6 rtt_avg=28us get_avg=1us get_max=3ms
2026-10-02T19:25:07.031Z raft-obs: tx->3 enq=2773 drop=0 sent=2773 fail=0 hi=5 rtt_avg=27us get_avg=1us get_max=3ms
2026-10-02T19:25:07.031Z raft-obs: wait_timeouts=0 pump_hold_max=9us lock_wait_max=1us drain_max=9us tick_max=1us apply_max=0us persist_max=7us applies_in_worst=0 arc_miss=0 arc_term_miss=0 opid_replay=0 fin_q=0 fin_done=0 fin_drop=0 fin_full=0 pub_p50=0us pub_max=0us inbox_drop=0
2026-10-02T19:25:12.032Z raft-obs: tx->0 enq=2880 drop=0 sent=2880 fail=0 hi=6 rtt_avg=29us get_avg=1us get_max=3ms
2026-10-02T19:25:12.032Z raft-obs: tx->3 enq=2872 drop=0 sent=2872 fail=0 hi=5 rtt_avg=27us get_avg=1us get_max=3ms
2026-10-02T19:25:12.032Z raft-obs: wait_timeouts=0 pump_hold_max=7us lock_wait_max=1us drain_max=7us tick_max=4us apply_max=0us persist_max=4us applies_in_worst=0 arc_miss=0 arc_term_miss=0 opid_replay=0 fin_q=0 fin_done=0 fin_drop=0 fin_full=0 pub_p50=0us pub_max=0us inbox_drop=0
2026-10-02T19:25:17.034Z raft-obs: tx->0 enq=2979 drop=0 sent=2979 fail=0 hi=6 rtt_avg=29us get_avg=1us get_max=3ms
2026-10-02T19:25:17.034Z raft-obs: tx->3 enq=2971 drop=0 sent=2971 fail=0 hi=5 rtt_avg=27us get_avg=1us get_max=3ms
2026-10-02T19:25:17.034Z raft-obs: wait_timeouts=0 pump_hold_max=5us lock_wait_max=1us drain_max=5us tick_max=1us apply_max=0us persist_max=1us applies_in_worst=0 arc_miss=0 arc_term_miss=0 opid_replay=0 fin_q=0 fin_done=0 fin_drop=0 fin_full=0 pub_p50=0us pub_max=0us inbox_drop=0
2026-10-02T19:25:22.034Z raft-obs: tx->0 enq=3078 drop=0 sent=3078 fail=0 hi=6 rtt_avg=28us get_avg=1us get_max=3ms
2026-10-02T19:25:22.034Z raft-obs: tx->3 enq=3070 drop=0 sent=3070 fail=0 hi=5 rtt_avg=27us get_avg=1us get_max=3ms
2026-10-02T19:25:22.034Z raft-obs: wait_timeouts=0 pump_hold_max=6us lock_wait_max=1us drain_max=6us tick_max=3us apply_max=0us persist_max=1us applies_in_worst=0 arc_miss=0 arc_term_miss=0 opid_replay=0 fin_q=0 fin_done=0 fin_drop=0 fin_full=0 pub_p50=0us pub_max=0us inbox_drop=0
2026-10-02T19:25:27.036Z raft-obs: tx->0 enq=3177 drop=0 sent=3177 fail=0 hi=6 rtt_avg=28us get_avg=1us get_max=3ms
2026-10-02T19:25:27.036Z raft-obs: tx->3 enq=3169 drop=0 sent=3169 fail=0 hi=5 rtt_avg=27us get_avg=1us get_max=3ms
2026-10-02T19:25:27.036Z raft-obs: wait_timeouts=0 pump_hold_max=5us lock_wait_max=1us drain_max=5us tick_max=1us apply_max=0us persist_max=1us applies_in_worst=0 arc_miss=0 arc_term_miss=0 opid_replay=0 fin_q=0 fin_done=0 fin_drop=0 fin_full=0 pub_p50=0us pub_max=0us inbox_drop=0
2026-10-02T19:25:32.037Z raft-obs: tx->0 enq=3275 drop=0 sent=3275 fail=0 hi=6 rtt_avg=28us get_avg=1us get_max=3ms
2026-10-02T19:25:32.037Z raft-obs: tx->3 enq=3267 drop=0 sent=3267 fail=0 hi=5 rtt_avg=27us get_avg=1us get_max=3ms
2026-10-02T19:25:32.037Z raft-obs: wait_timeouts=0 pump_hold_max=6us lock_wait_max=1us drain_max=5us tick_max=1us apply_max=0us persist_max=1us applies_in_worst=0 arc_miss=0 arc_term_miss=0 opid_replay=0 fin_q=0 fin_done=0 fin_drop=0 fin_full=0 pub_p50=0us pub_max=0us inbox_drop=0
2026-10-02T19:25:37.038Z raft-obs: tx->0 enq=3374 drop=0 sent=3374 fail=0 hi=6 rtt_avg=28us get_avg=1us get_max=3ms
2026-10-02T19:25:37.038Z raft-obs: tx->3 enq=3366 drop=0 sent=3366 fail=0 hi=5 rtt_avg=27us get_avg=1us get_max=3ms
2026-10-02T19:25:37.038Z raft-obs: wait_timeouts=0 pump_hold_max=9us lock_wait_max=1us drain_max=9us tick_max=1us apply_max=0us persist_max=1us applies_in_worst=0 arc_miss=0 arc_term_miss=0 opid_replay=0 fin_q=0 fin_done=0 fin_drop=0 fin_full=0 pub_p50=0us pub_max=0us inbox_drop=0
2026-10-02T19:25:42.039Z raft-obs: tx->0 enq=3473 drop=0 sent=3473 fail=0 hi=6 rtt_avg=28us get_avg=1us get_max=3ms
2026-10-02T19:25:42.039Z raft-obs: tx->3 enq=3465 drop=0 sent=3465 fail=0 hi=5 rtt_avg=27us get_avg=1us get_max=3ms
2026-10-02T19:25:42.039Z raft-obs: wait_timeouts=0 pump_hold_max=11us lock_wait_max=1us drain_max=11us tick_max=1us apply_max=0us persist_max=3us applies_in_worst=0 arc_miss=0 arc_term_miss=0 opid_replay=0 fin_q=0 fin_done=0 fin_drop=0 fin_full=0 pub_p50=0us pub_max=0us inbox_drop=0
2026-10-02T19:25:47.040Z raft-obs: tx->0 enq=3572 drop=0 sent=3572 fail=0 hi=6 rtt_avg=28us get_avg=1us get_max=3ms
2026-10-02T19:25:47.040Z raft-obs: tx->3 enq=3564 drop=0 sent=3564 fail=0 hi=5 rtt_avg=27us get_avg=1us get_max=3ms
2026-10-02T19:25:47.040Z raft-obs: wait_timeouts=0 pump_hold_max=8us lock_wait_max=1us drain_max=8us tick_max=1us apply_max=0us persist_max=4us applies_in_worst=0 arc_miss=0 arc_term_miss=0 opid_replay=0 fin_q=0 fin_done=0 fin_drop=0 fin_full=0 pub_p50=0us pub_max=0us inbox_drop=0
2026-10-02T19:25:52.041Z raft-obs: tx->0 enq=3671 drop=0 sent=3671 fail=0 hi=6 rtt_avg=28us get_avg=1us get_max=3ms
2026-10-02T19:25:52.041Z raft-obs: tx->3 enq=3663 drop=0 sent=3663 fail=0 hi=5 rtt_avg=27us get_avg=1us get_max=3ms
2026-10-02T19:25:52.041Z raft-obs: wait_timeouts=0 pump_hold_max=6us lock_wait_max=1us drain_max=6us tick_max=1us apply_max=0us persist_max=4us applies_in_worst=0 arc_miss=0 arc_term_miss=0 opid_replay=0 fin_q=0 fin_done=0 fin_drop=0 fin_full=0 pub_p50=0us pub_max=0us inbox_drop=0
2026-10-02T19:25:57.042Z raft-obs: tx->0 enq=3769 drop=0 sent=3769 fail=0 hi=6 rtt_avg=28us get_avg=1us get_max=3ms
2026-10-02T19:25:57.042Z raft-obs: tx->3 enq=3761 drop=0 sent=3761 fail=0 hi=5 rtt_avg=27us get_avg=1us get_max=3ms
2026-10-02T19:25:57.042Z raft-obs: wait_timeouts=0 pump_hold_max=6us lock_wait_max=1us drain_max=6us tick_max=3us apply_max=0us persist_max=1us applies_in_worst=0 arc_miss=0 arc_term_miss=0 opid_replay=0 fin_q=0 fin_done=0 fin_drop=0 fin_full=0 pub_p50=0us pub_max=0us inbox_drop=0
2026-10-02T19:26:02.043Z raft-obs: tx->0 enq=3868 drop=0 sent=3868 fail=0 hi=6 rtt_avg=28us get_avg=1us get_max=3ms
2026-10-02T19:26:02.043Z raft-obs: tx->3 enq=3860 drop=0 sent=3860 fail=0 hi=5 rtt_avg=27us get_avg=1us get_max=3ms
2026-10-02T19:26:02.043Z raft-obs: wait_timeouts=0 pump_hold_max=8us lock_wait_max=1us drain_max=8us tick_max=1us apply_max=0us persist_max=1us applies_in_worst=0 arc_miss=0 arc_term_miss=0 opid_replay=0 fin_q=0 fin_done=0 fin_drop=0 fin_full=0 pub_p50=0us pub_max=0us inbox_drop=0
2026-10-02T19:26:07.044Z raft-obs: tx->0 enq=3967 drop=0 sent=3967 fail=0 hi=6 rtt_avg=28us get_avg=1us get_max=3ms
2026-10-02T19:26:07.044Z raft-obs: tx->3 enq=3959 drop=0 sent=3959 fail=0 hi=5 rtt_avg=27us get_avg=0us get_max=3ms
2026-10-02T19:26:07.044Z raft-obs: wait_timeouts=0 pump_hold_max=5us lock_wait_max=1us drain_max=5us tick_max=1us apply_max=0us persist_max=1us applies_in_worst=0 arc_miss=0 arc_term_miss=0 opid_replay=0 fin_q=0 fin_done=0 fin_drop=0 fin_full=0 pub_p50=0us pub_max=0us inbox_drop=0
2026-10-02T19:26:12.046Z raft-obs: tx->0 enq=4066 drop=0 sent=4066 fail=0 hi=6 rtt_avg=28us get_avg=0us get_max=3ms
2026-10-02T19:26:12.046Z raft-obs: tx->3 enq=4058 drop=0 sent=4058 fail=0 hi=5 rtt_avg=27us get_avg=0us get_max=3ms
2026-10-02T19:26:12.046Z raft-obs: wait_timeouts=0 pump_hold_max=9us lock_wait_max=1us drain_max=9us tick_max=1us apply_max=0us persist_max=1us applies_in_worst=0 arc_miss=0 arc_term_miss=0 opid_replay=0 fin_q=0 fin_done=0 fin_drop=0 fin_full=0 pub_p50=0us pub_max=0us inbox_drop=0
2026-10-02T19:26:17.047Z raft-obs: tx->0 enq=4165 drop=0 sent=4165 fail=0 hi=6 rtt_avg=28us get_avg=0us get_max=3ms
2026-10-02T19:26:17.047Z raft-obs: tx->3 enq=4157 drop=0 sent=4157 fail=0 hi=5 rtt_avg=27us get_avg=0us get_max=3ms
2026-10-02T19:26:17.047Z raft-obs: wait_timeouts=0 pump_hold_max=8us lock_wait_max=1us drain_max=8us tick_max=7us apply_max=0us persist_max=1us applies_in_worst=0 arc_miss=0 arc_term_miss=0 opid_replay=0 fin_q=0 fin_done=0 fin_drop=0 fin_full=0 pub_p50=0us pub_max=0us inbox_drop=0
2026-10-02T19:26:22.048Z raft-obs: tx->0 enq=4263 drop=0 sent=4263 fail=0 hi=6 rtt_avg=28us get_avg=0us get_max=3ms
2026-10-02T19:26:22.048Z raft-obs: tx->3 enq=4255 drop=0 sent=4255 fail=0 hi=5 rtt_avg=27us get_avg=0us get_max=3ms
2026-10-02T19:26:22.048Z raft-obs: wait_timeouts=0 pump_hold_max=7us lock_wait_max=1us drain_max=7us tick_max=4us apply_max=0us persist_max=3us applies_in_worst=0 arc_miss=0 arc_term_miss=0 opid_replay=0 fin_q=0 fin_done=0 fin_drop=0 fin_full=0 pub_p50=0us pub_max=0us inbox_drop=0
2026-10-02T19:26:27.049Z raft-obs: tx->0 enq=4362 drop=0 sent=4362 fail=0 hi=6 rtt_avg=28us get_avg=0us get_max=3ms
2026-10-02T19:26:27.049Z raft-obs: tx->3 enq=4354 drop=0 sent=4354 fail=0 hi=5 rtt_avg=27us get_avg=0us get_max=3ms
2026-10-02T19:26:27.049Z raft-obs: wait_timeouts=0 pump_hold_max=6us lock_wait_max=19us drain_max=6us tick_max=4us apply_max=0us persist_max=5us applies_in_worst=0 arc_miss=0 arc_term_miss=0 opid_replay=0 fin_q=0 fin_done=0 fin_drop=0 fin_full=0 pub_p50=0us pub_max=0us inbox_drop=0
2026-10-02T19:26:32.050Z raft-obs: tx->0 enq=4461 drop=0 sent=4461 fail=0 hi=6 rtt_avg=28us get_avg=0us get_max=3ms
2026-10-02T19:26:32.050Z raft-obs: tx->3 enq=4453 drop=0 sent=4453 fail=0 hi=5 rtt_avg=27us get_avg=0us get_max=3ms
2026-10-02T19:26:32.050Z raft-obs: wait_timeouts=0 pump_hold_max=10us lock_wait_max=6us drain_max=10us tick_max=1us apply_max=0us persist_max=4us applies_in_worst=0 arc_miss=0 arc_term_miss=0 opid_replay=0 fin_q=0 fin_done=0 fin_drop=0 fin_full=0 pub_p50=0us pub_max=0us inbox_drop=0
2026-10-02T19:26:37.051Z raft-obs: tx->0 enq=4560 drop=0 sent=4560 fail=0 hi=6 rtt_avg=28us get_avg=0us get_max=3ms
2026-10-02T19:26:37.051Z raft-obs: tx->3 enq=4552 drop=0 sent=4552 fail=0 hi=5 rtt_avg=27us get_avg=0us get_max=3ms
2026-10-02T19:26:37.051Z raft-obs: wait_timeouts=0 pump_hold_max=6us lock_wait_max=1us drain_max=6us tick_max=1us apply_max=0us persist_max=1us applies_in_worst=0 arc_miss=0 arc_term_miss=0 opid_replay=0 fin_q=0 fin_done=0 fin_drop=0 fin_full=0 pub_p50=0us pub_max=0us inbox_drop=0
2026-10-02T19:26:42.053Z raft-obs: tx->0 enq=4659 drop=0 sent=4659 fail=0 hi=6 rtt_avg=28us get_avg=0us get_max=3ms
2026-10-02T19:26:42.053Z raft-obs: tx->3 enq=4651 drop=0 sent=4651 fail=0 hi=5 rtt_avg=27us get_avg=0us get_max=3ms
2026-10-02T19:26:42.053Z raft-obs: wait_timeouts=0 pump_hold_max=8us lock_wait_max=1us drain_max=8us tick_max=1us apply_max=0us persist_max=1us applies_in_worst=0 arc_miss=0 arc_term_miss=0 opid_replay=0 fin_q=0 fin_done=0 fin_drop=0 fin_full=0 pub_p50=0us pub_max=0us inbox_drop=0
2026-10-02T19:26:47.054Z raft-obs: tx->0 enq=4757 drop=0 sent=4757 fail=0 hi=6 rtt_avg=28us get_avg=0us get_max=3ms
2026-10-02T19:26:47.054Z raft-obs: tx->3 enq=4749 drop=0 sent=4749 fail=0 hi=5 rtt_avg=27us get_avg=0us get_max=3ms
2026-10-02T19:26:47.054Z raft-obs: wait_timeouts=0 pump_hold_max=5us lock_wait_max=1us drain_max=5us tick_max=1us apply_max=0us persist_max=1us applies_in_worst=0 arc_miss=0 arc_term_miss=0 opid_replay=0 fin_q=0 fin_done=0 fin_drop=0 fin_full=0 pub_p50=0us pub_max=0us inbox_drop=0
2026-10-02T19:26:52.055Z raft-obs: tx->0 enq=4856 drop=0 sent=4856 fail=0 hi=6 rtt_avg=28us get_avg=0us get_max=3ms
2026-10-02T19:26:52.055Z raft-obs: tx->3 enq=4848 drop=0 sent=4848 fail=0 hi=5 rtt_avg=27us get_avg=0us get_max=3ms
2026-10-02T19:26:52.055Z raft-obs: wait_timeouts=0 pump_hold_max=6us lock_wait_max=1us drain_max=6us tick_max=1us apply_max=0us persist_max=1us applies_in_worst=0 arc_miss=0 arc_term_miss=0 opid_replay=0 fin_q=0 fin_done=0 fin_drop=0 fin_full=0 pub_p50=0us pub_max=0us inbox_drop=0
2026-10-02T19:26:57.056Z raft-obs: tx->0 enq=4955 drop=0 sent=4955 fail=0 hi=6 rtt_avg=28us get_avg=0us get_max=3ms
2026-10-02T19:26:57.056Z raft-obs: tx->3 enq=4947 drop=0 sent=4947 fail=0 hi=5 rtt_avg=27us get_avg=0us get_max=3ms
2026-10-02T19:26:57.056Z raft-obs: wait_timeouts=0 pump_hold_max=5us lock_wait_max=1us drain_max=5us tick_max=1us apply_max=0us persist_max=1us applies_in_worst=0 arc_miss=0 arc_term_miss=0 opid_replay=0 fin_q=0 fin_done=0 fin_drop=0 fin_full=0 pub_p50=0us pub_max=0us inbox_drop=0
2026-10-02T19:27:02.057Z raft-obs: tx->0 enq=5054 drop=0 sent=5054 fail=0 hi=6 rtt_avg=28us get_avg=0us get_max=3ms
2026-10-02T19:27:02.057Z raft-obs: tx->3 enq=5046 drop=0 sent=5046 fail=0 hi=5 rtt_avg=27us get_avg=0us get_max=3ms
2026-10-02T19:27:02.057Z raft-obs: wait_timeouts=0 pump_hold_max=5us lock_wait_max=5us drain_max=5us tick_max=1us apply_max=0us persist_max=4us applies_in_worst=0 arc_miss=0 arc_term_miss=0 opid_replay=0 fin_q=0 fin_done=0 fin_drop=0 fin_full=0 pub_p50=0us pub_max=0us inbox_drop=0
2026-10-02T19:27:07.058Z raft-obs: tx->0 enq=5153 drop=0 sent=5153 fail=0 hi=6 rtt_avg=28us get_avg=0us get_max=3ms
2026-10-02T19:27:07.058Z raft-obs: tx->3 enq=5145 drop=0 sent=5145 fail=0 hi=5 rtt_avg=27us get_avg=0us get_max=3ms
2026-10-02T19:27:07.058Z raft-obs: wait_timeouts=0 pump_hold_max=8us lock_wait_max=1us drain_max=8us tick_max=1us apply_max=0us persist_max=1us applies_in_worst=0 arc_miss=0 arc_term_miss=0 opid_replay=0 fin_q=0 fin_done=0 fin_drop=0 fin_full=0 pub_p50=0us pub_max=0us inbox_drop=0
2026-10-02T19:27:12.059Z raft-obs: tx->0 enq=5251 drop=0 sent=5251 fail=0 hi=6 rtt_avg=28us get_avg=0us get_max=3ms
2026-10-02T19:27:12.059Z raft-obs: tx->3 enq=5243 drop=0 sent=5243 fail=0 hi=5 rtt_avg=27us get_avg=0us get_max=3ms
2026-10-02T19:27:12.059Z raft-obs: wait_timeouts=0 pump_hold_max=6us lock_wait_max=1us drain_max=6us tick_max=1us apply_max=0us persist_max=1us applies_in_worst=0 arc_miss=0 arc_term_miss=0 opid_replay=0 fin_q=0 fin_done=0 fin_drop=0 fin_full=0 pub_p50=0us pub_max=0us inbox_drop=0
2026-10-02T19:27:17.060Z raft-obs: tx->0 enq=5350 drop=0 sent=5350 fail=0 hi=6 rtt_avg=28us get_avg=0us get_max=3ms
2026-10-02T19:27:17.060Z raft-obs: tx->3 enq=5342 drop=0 sent=5342 fail=0 hi=5 rtt_avg=27us get_avg=0us get_max=3ms
2026-10-02T19:27:17.060Z raft-obs: wait_timeouts=0 pump_hold_max=7us lock_wait_max=1us drain_max=7us tick_max=1us apply_max=0us persist_max=3us applies_in_worst=0 arc_miss=0 arc_term_miss=0 opid_replay=0 fin_q=0 fin_done=0 fin_drop=0 fin_full=0 pub_p50=0us pub_max=0us inbox_drop=0
2026-10-02T19:27:22.061Z raft-obs: tx->0 enq=5449 drop=0 sent=5449 fail=0 hi=6 rtt_avg=28us get_avg=0us get_max=3ms
2026-10-02T19:27:22.061Z raft-obs: tx->3 enq=5441 drop=0 sent=5441 fail=0 hi=5 rtt_avg=27us get_avg=0us get_max=3ms
2026-10-02T19:27:22.061Z raft-obs: wait_timeouts=0 pump_hold_max=11us lock_wait_max=1us drain_max=11us tick_max=1us apply_max=0us persist_max=1us applies_in_worst=0 arc_miss=0 arc_term_miss=0 opid_replay=0 fin_q=0 fin_done=0 fin_drop=0 fin_full=0 pub_p50=0us pub_max=0us inbox_drop=0
2026-10-02T19:27:27.063Z raft-obs: tx->0 enq=5548 drop=0 sent=5548 fail=0 hi=6 rtt_avg=28us get_avg=0us get_max=3ms
2026-10-02T19:27:27.063Z raft-obs: tx->3 enq=5540 drop=0 sent=5540 fail=0 hi=5 rtt_avg=27us get_avg=0us get_max=3ms
2026-10-02T19:27:27.063Z raft-obs: wait_timeouts=0 pump_hold_max=6us lock_wait_max=1us drain_max=6us tick_max=1us apply_max=0us persist_max=1us applies_in_worst=0 arc_miss=0 arc_term_miss=0 opid_replay=0 fin_q=0 fin_done=0 fin_drop=0 fin_full=0 pub_p50=0us pub_max=0us inbox_drop=0
2026-10-02T19:27:32.064Z raft-obs: tx->0 enq=5647 drop=0 sent=5647 fail=0 hi=6 rtt_avg=28us get_avg=0us get_max=3ms
2026-10-02T19:27:32.064Z raft-obs: tx->3 enq=5639 drop=0 sent=5639 fail=0 hi=5 rtt_avg=27us get_avg=0us get_max=3ms
2026-10-02T19:27:32.064Z raft-obs: wait_timeouts=0 pump_hold_max=9us lock_wait_max=1us drain_max=8us tick_max=1us apply_max=0us persist_max=1us applies_in_worst=0 arc_miss=0 arc_term_miss=0 opid_replay=0 fin_q=0 fin_done=0 fin_drop=0 fin_full=0 pub_p50=0us pub_max=0us inbox_drop=0
2026-10-02T19:27:37.065Z raft-obs: tx->0 enq=5745 drop=0 sent=5745 fail=0 hi=6 rtt_avg=28us get_avg=0us get_max=3ms
2026-10-02T19:27:37.065Z raft-obs: tx->3 enq=5737 drop=0 sent=5737 fail=0 hi=5 rtt_avg=27us get_avg=0us get_max=3ms
2026-10-02T19:27:37.065Z raft-obs: wait_timeouts=0 pump_hold_max=5us lock_wait_max=1us drain_max=5us tick_max=1us apply_max=0us persist_max=1us applies_in_worst=0 arc_miss=0 arc_term_miss=0 opid_replay=0 fin_q=0 fin_done=0 fin_drop=0 fin_full=0 pub_p50=0us pub_max=0us inbox_drop=0
2026-10-02T19:27:42.066Z raft-obs: tx->0 enq=5844 drop=0 sent=5844 fail=0 hi=6 rtt_avg=28us get_avg=0us get_max=3ms
2026-10-02T19:27:42.066Z raft-obs: tx->3 enq=5836 drop=0 sent=5836 fail=0 hi=5 rtt_avg=27us get_avg=0us get_max=3ms
2026-10-02T19:27:42.066Z raft-obs: wait_timeouts=0 pump_hold_max=13us lock_wait_max=1us drain_max=13us tick_max=1us apply_max=0us persist_max=7us applies_in_worst=0 arc_miss=0 arc_term_miss=0 opid_replay=0 fin_q=0 fin_done=0 fin_drop=0 fin_full=0 pub_p50=0us pub_max=0us inbox_drop=0
2026-10-02T19:27:47.067Z raft-obs: tx->0 enq=5943 drop=0 sent=5943 fail=0 hi=6 rtt_avg=28us get_avg=0us get_max=3ms
2026-10-02T19:27:47.067Z raft-obs: tx->3 enq=5935 drop=0 sent=5935 fail=0 hi=5 rtt_avg=27us get_avg=0us get_max=3ms
2026-10-02T19:27:47.067Z raft-obs: wait_timeouts=0 pump_hold_max=13us lock_wait_max=1us drain_max=13us tick_max=1us apply_max=0us persist_max=1us applies_in_worst=0 arc_miss=0 arc_term_miss=0 opid_replay=0 fin_q=0 fin_done=0 fin_drop=0 fin_full=0 pub_p50=0us pub_max=0us inbox_drop=0
2026-10-02T19:27:52.068Z raft-obs: tx->0 enq=6042 drop=0 sent=6042 fail=0 hi=6 rtt_avg=28us get_avg=0us get_max=3ms
2026-10-02T19:27:52.068Z raft-obs: tx->3 enq=6034 drop=0 sent=6034 fail=0 hi=5 rtt_avg=27us get_avg=0us get_max=3ms
2026-10-02T19:27:52.068Z raft-obs: wait_timeouts=0 pump_hold_max=11us lock_wait_max=1us drain_max=11us tick_max=1us apply_max=0us persist_max=3us applies_in_worst=0 arc_miss=0 arc_term_miss=0 opid_replay=0 fin_q=0 fin_done=0 fin_drop=0 fin_full=0 pub_p50=0us pub_max=0us inbox_drop=0
2026-10-02T19:27:57.069Z raft-obs: tx->0 enq=6141 drop=0 sent=6141 fail=0 hi=6 rtt_avg=28us get_avg=0us get_max=3ms
2026-10-02T19:27:57.069Z raft-obs: tx->3 enq=6133 drop=0 sent=6133 fail=0 hi=5 rtt_avg=27us get_avg=0us get_max=3ms
2026-10-02T19:27:57.069Z raft-obs: wait_timeouts=0 pump_hold_max=9us lock_wait_max=1us drain_max=9us tick_max=1us apply_max=0us persist_max=1us applies_in_worst=0 arc_miss=0 arc_term_miss=0 opid_replay=0 fin_q=0 fin_done=0 fin_drop=0 fin_full=0 pub_p50=0us pub_max=0us inbox_drop=0
2026-10-02T19:28:02.070Z raft-obs: tx->0 enq=6239 drop=0 sent=6239 fail=0 hi=6 rtt_avg=28us get_avg=0us get_max=3ms
2026-10-02T19:28:02.070Z raft-obs: tx->3 enq=6231 drop=0 sent=6231 fail=0 hi=5 rtt_avg=27us get_avg=0us get_max=3ms
2026-10-02T19:28:02.070Z raft-obs: wait_timeouts=0 pump_hold_max=6us lock_wait_max=1us drain_max=6us tick_max=4us apply_max=0us persist_max=4us applies_in_worst=0 arc_miss=0 arc_term_miss=0 opid_replay=0 fin_q=0 fin_done=0 fin_drop=0 fin_full=0 pub_p50=0us pub_max=0us inbox_drop=0
2026-10-02T19:28:07.072Z raft-obs: tx->0 enq=6338 drop=0 sent=6338 fail=0 hi=6 rtt_avg=28us get_avg=0us get_max=3ms
2026-10-02T19:28:07.072Z raft-obs: tx->3 enq=6330 drop=0 sent=6330 fail=0 hi=5 rtt_avg=27us get_avg=0us get_max=3ms
2026-10-02T19:28:07.072Z raft-obs: wait_timeouts=0 pump_hold_max=15us lock_wait_max=1us drain_max=15us tick_max=1us apply_max=0us persist_max=1us applies_in_worst=0 arc_miss=0 arc_term_miss=0 opid_replay=0 fin_q=0 fin_done=0 fin_drop=0 fin_full=0 pub_p50=0us pub_max=0us inbox_drop=0
2026-10-02T19:28:12.073Z raft-obs: tx->0 enq=6437 drop=0 sent=6437 fail=0 hi=6 rtt_avg=28us get_avg=0us get_max=3ms
2026-10-02T19:28:12.073Z raft-obs: tx->3 enq=6429 drop=0 sent=6429 fail=0 hi=5 rtt_avg=27us get_avg=0us get_max=3ms
2026-10-02T19:28:12.073Z raft-obs: wait_timeouts=0 pump_hold_max=14us lock_wait_max=1us drain_max=13us tick_max=1us apply_max=0us persist_max=1us applies_in_worst=0 arc_miss=0 arc_term_miss=0 opid_replay=0 fin_q=0 fin_done=0 fin_drop=0 fin_full=0 pub_p50=0us pub_max=0us inbox_drop=0
2026-10-02T19:28:17.074Z raft-obs: tx->0 enq=6536 drop=0 sent=6536 fail=0 hi=6 rtt_avg=28us get_avg=0us get_max=3ms
2026-10-02T19:28:17.074Z raft-obs: tx->3 enq=6528 drop=0 sent=6528 fail=0 hi=5 rtt_avg=27us get_avg=0us get_max=3ms
2026-10-02T19:28:17.074Z raft-obs: wait_timeouts=0 pump_hold_max=9us lock_wait_max=1us drain_max=9us tick_max=4us apply_max=0us persist_max=1us applies_in_worst=0 arc_miss=0 arc_term_miss=0 opid_replay=0 fin_q=0 fin_done=0 fin_drop=0 fin_full=0 pub_p50=0us pub_max=0us inbox_drop=0
2026-10-02T19:28:22.075Z raft-obs: tx->0 enq=6635 drop=0 sent=6635 fail=0 hi=6 rtt_avg=28us get_avg=0us get_max=3ms
2026-10-02T19:28:22.075Z raft-obs: tx->3 enq=6627 drop=0 sent=6627 fail=0 hi=5 rtt_avg=27us get_avg=0us get_max=3ms
2026-10-02T19:28:22.075Z raft-obs: wait_timeouts=0 pump_hold_max=6us lock_wait_max=1us drain_max=5us tick_max=1us apply_max=0us persist_max=5us applies_in_worst=0 arc_miss=0 arc_term_miss=0 opid_replay=0 fin_q=0 fin_done=0 fin_drop=0 fin_full=0 pub_p50=0us pub_max=0us inbox_drop=0
2026-10-02T19:28:27.076Z raft-obs: tx->0 enq=6733 drop=0 sent=6733 fail=0 hi=6 rtt_avg=28us get_avg=0us get_max=3ms
2026-10-02T19:28:27.076Z raft-obs: tx->3 enq=6725 drop=0 sent=6725 fail=0 hi=5 rtt_avg=27us get_avg=0us get_max=3ms
2026-10-02T19:28:27.076Z raft-obs: wait_timeouts=0 pump_hold_max=5us lock_wait_max=1us drain_max=5us tick_max=1us apply_max=0us persist_max=5us applies_in_worst=0 arc_miss=0 arc_term_miss=0 opid_replay=0 fin_q=0 fin_done=0 fin_drop=0 fin_full=0 pub_p50=0us pub_max=0us inbox_drop=0
2026-10-02T19:28:32.077Z raft-obs: tx->0 enq=6832 drop=0 sent=6832 fail=0 hi=6 rtt_avg=28us get_avg=0us get_max=3ms
2026-10-02T19:28:32.077Z raft-obs: tx->3 enq=6824 drop=0 sent=6824 fail=0 hi=5 rtt_avg=27us get_avg=0us get_max=3ms
2026-10-02T19:28:32.077Z raft-obs: wait_timeouts=0 pump_hold_max=7us lock_wait_max=1us drain_max=6us tick_max=1us apply_max=0us persist_max=5us applies_in_worst=0 arc_miss=0 arc_term_miss=0 opid_replay=0 fin_q=0 fin_done=0 fin_drop=0 fin_full=0 pub_p50=0us pub_max=0us inbox_drop=0
2026-10-02T19:28:37.078Z raft-obs: tx->0 enq=6931 drop=0 sent=6931 fail=0 hi=6 rtt_avg=28us get_avg=0us get_max=3ms
2026-10-02T19:28:37.078Z raft-obs: tx->3 enq=6923 drop=0 sent=6923 fail=0 hi=5 rtt_avg=28us get_avg=0us get_max=3ms
2026-10-02T19:28:37.078Z raft-obs: wait_timeouts=0 pump_hold_max=10us lock_wait_max=5us drain_max=10us tick_max=1us apply_max=0us persist_max=4us applies_in_worst=0 arc_miss=0 arc_term_miss=0 opid_replay=0 fin_q=0 fin_done=0 fin_drop=0 fin_full=0 pub_p50=0us pub_max=0us inbox_drop=0
2026-10-02T19:28:42.079Z raft-obs: tx->0 enq=7030 drop=0 sent=7030 fail=0 hi=6 rtt_avg=28us get_avg=0us get_max=3ms
2026-10-02T19:28:42.080Z raft-obs: tx->3 enq=7022 drop=0 sent=7022 fail=0 hi=5 rtt_avg=28us get_avg=0us get_max=3ms
2026-10-02T19:28:42.080Z raft-obs: wait_timeouts=0 pump_hold_max=11us lock_wait_max=1us drain_max=11us tick_max=1us apply_max=0us persist_max=4us applies_in_worst=0 arc_miss=0 arc_term_miss=0 opid_replay=0 fin_q=0 fin_done=0 fin_drop=0 fin_full=0 pub_p50=0us pub_max=0us inbox_drop=0
2026-10-02T19:28:47.081Z raft-obs: tx->0 enq=7129 drop=0 sent=7129 fail=0 hi=6 rtt_avg=28us get_avg=0us get_max=3ms
2026-10-02T19:28:47.081Z raft-obs: tx->3 enq=7121 drop=0 sent=7121 fail=0 hi=5 rtt_avg=28us get_avg=0us get_max=3ms
2026-10-02T19:28:47.081Z raft-obs: wait_timeouts=0 pump_hold_max=5us lock_wait_max=1us drain_max=5us tick_max=1us apply_max=0us persist_max=4us applies_in_worst=0 arc_miss=0 arc_term_miss=0 opid_replay=0 fin_q=0 fin_done=0 fin_drop=0 fin_full=0 pub_p50=0us pub_max=0us inbox_drop=0
2026-10-02T19:28:52.082Z raft-obs: tx->0 enq=7227 drop=0 sent=7227 fail=0 hi=6 rtt_avg=28us get_avg=0us get_max=3ms
2026-10-02T19:28:52.082Z raft-obs: tx->3 enq=7219 drop=0 sent=7219 fail=0 hi=5 rtt_avg=28us get_avg=0us get_max=3ms
2026-10-02T19:28:52.082Z raft-obs: wait_timeouts=0 pump_hold_max=8us lock_wait_max=1us drain_max=8us tick_max=1us apply_max=0us persist_max=7us applies_in_worst=0 arc_miss=0 arc_term_miss=0 opid_replay=0 fin_q=0 fin_done=0 fin_drop=0 fin_full=0 pub_p50=0us pub_max=0us inbox_drop=0
2026-10-02T19:28:57.083Z raft-obs: tx->0 enq=7326 drop=0 sent=7326 fail=0 hi=6 rtt_avg=28us get_avg=0us get_max=3ms
2026-10-02T19:28:57.083Z raft-obs: tx->3 enq=7318 drop=0 sent=7318 fail=0 hi=5 rtt_avg=28us get_avg=0us get_max=3ms
2026-10-02T19:28:57.083Z raft-obs: wait_timeouts=0 pump_hold_max=7us lock_wait_max=1us drain_max=7us tick_max=1us apply_max=0us persist_max=7us applies_in_worst=0 arc_miss=0 arc_term_miss=0 opid_replay=0 fin_q=0 fin_done=0 fin_drop=0 fin_full=0 pub_p50=0us pub_max=0us inbox_drop=0
2026-10-02T19:29:02.084Z raft-obs: tx->0 enq=7425 drop=0 sent=7425 fail=0 hi=6 rtt_avg=28us get_avg=0us get_max=3ms
2026-10-02T19:29:02.084Z raft-obs: tx->3 enq=7417 drop=0 sent=7417 fail=0 hi=5 rtt_avg=28us get_avg=0us get_max=3ms
2026-10-02T19:29:02.084Z raft-obs: wait_timeouts=0 pump_hold_max=9us lock_wait_max=1us drain_max=8us tick_max=1us apply_max=0us persist_max=1us applies_in_worst=0 arc_miss=0 arc_term_miss=0 opid_replay=0 fin_q=0 fin_done=0 fin_drop=0 fin_full=0 pub_p50=0us pub_max=0us inbox_drop=0
2026-10-02T19:29:07.085Z raft-obs: tx->0 enq=7524 drop=0 sent=7524 fail=0 hi=6 rtt_avg=28us get_avg=0us get_max=3ms
2026-10-02T19:29:07.085Z raft-obs: tx->3 enq=7516 drop=0 sent=7516 fail=0 hi=5 rtt_avg=28us get_avg=0us get_max=3ms
2026-10-02T19:29:07.085Z raft-obs: wait_timeouts=0 pump_hold_max=7us lock_wait_max=6us drain_max=7us tick_max=1us apply_max=0us persist_max=4us applies_in_worst=0 arc_miss=0 arc_term_miss=0 opid_replay=0 fin_q=0 fin_done=0 fin_drop=0 fin_full=0 pub_p50=0us pub_max=0us inbox_drop=0
2026-10-02T19:29:12.086Z raft-obs: tx->0 enq=7623 drop=0 sent=7623 fail=0 hi=6 rtt_avg=28us get_avg=0us get_max=3ms
2026-10-02T19:29:12.086Z raft-obs: tx->3 enq=7615 drop=0 sent=7615 fail=0 hi=5 rtt_avg=28us get_avg=0us get_max=3ms
2026-10-02T19:29:12.086Z raft-obs: wait_timeouts=0 pump_hold_max=7us lock_wait_max=1us drain_max=6us tick_max=6us apply_max=0us persist_max=1us applies_in_worst=0 arc_miss=0 arc_term_miss=0 opid_replay=0 fin_q=0 fin_done=0 fin_drop=0 fin_full=0 pub_p50=0us pub_max=0us inbox_drop=0
2026-10-02T19:29:17.087Z raft-obs: tx->0 enq=7721 drop=0 sent=7721 fail=0 hi=6 rtt_avg=28us get_avg=0us get_max=3ms
2026-10-02T19:29:17.087Z raft-obs: tx->3 enq=7713 drop=0 sent=7713 fail=0 hi=5 rtt_avg=28us get_avg=0us get_max=3ms
2026-10-02T19:29:17.087Z raft-obs: wait_timeouts=0 pump_hold_max=6us lock_wait_max=1us drain_max=6us tick_max=4us apply_max=0us persist_max=1us applies_in_worst=0 arc_miss=0 arc_term_miss=0 opid_replay=0 fin_q=0 fin_done=0 fin_drop=0 fin_full=0 pub_p50=0us pub_max=0us inbox_drop=0
2026-10-02T19:29:22.088Z raft-obs: tx->0 enq=7820 drop=0 sent=7820 fail=0 hi=6 rtt_avg=28us get_avg=0us get_max=3ms
2026-10-02T19:29:22.088Z raft-obs: tx->3 enq=7812 drop=0 sent=7812 fail=0 hi=5 rtt_avg=28us get_avg=0us get_max=3ms
2026-10-02T19:29:22.088Z raft-obs: wait_timeouts=0 pump_hold_max=12us lock_wait_max=1us drain_max=12us tick_max=1us apply_max=0us persist_max=5us applies_in_worst=0 arc_miss=0 arc_term_miss=0 opid_replay=0 fin_q=0 fin_done=0 fin_drop=0 fin_full=0 pub_p50=0us pub_max=0us inbox_drop=0
2026-10-02T19:29:27.089Z raft-obs: tx->0 enq=7919 drop=0 sent=7919 fail=0 hi=6 rtt_avg=28us get_avg=0us get_max=3ms
2026-10-02T19:29:27.090Z raft-obs: tx->3 enq=7911 drop=0 sent=7911 fail=0 hi=5 rtt_avg=28us get_avg=0us get_max=3ms
2026-10-02T19:29:27.090Z raft-obs: wait_timeouts=0 pump_hold_max=7us lock_wait_max=1us drain_max=7us tick_max=1us apply_max=0us persist_max=1us applies_in_worst=0 arc_miss=0 arc_term_miss=0 opid_replay=0 fin_q=0 fin_done=0 fin_drop=0 fin_full=0 pub_p50=0us pub_max=0us inbox_drop=0
2026-10-02T19:29:32.091Z raft-obs: tx->0 enq=8018 drop=0 sent=8018 fail=0 hi=6 rtt_avg=28us get_avg=0us get_max=3ms
2026-10-02T19:29:32.091Z raft-obs: tx->3 enq=8010 drop=0 sent=8010 fail=0 hi=5 rtt_avg=28us get_avg=0us get_max=3ms
2026-10-02T19:29:32.091Z raft-obs: wait_timeouts=0 pump_hold_max=4us lock_wait_max=1us drain_max=4us tick_max=1us apply_max=0us persist_max=1us applies_in_worst=0 arc_miss=0 arc_term_miss=0 opid_replay=0 fin_q=0 fin_done=0 fin_drop=0 fin_full=0 pub_p50=0us pub_max=0us inbox_drop=0
2026-10-02T19:29:37.092Z raft-obs: tx->0 enq=8117 drop=0 sent=8117 fail=0 hi=6 rtt_avg=28us get_avg=0us get_max=3ms
2026-10-02T19:29:37.092Z raft-obs: tx->3 enq=8109 drop=0 sent=8109 fail=0 hi=5 rtt_avg=28us get_avg=0us get_max=3ms
2026-10-02T19:29:37.092Z raft-obs: wait_timeouts=0 pump_hold_max=9us lock_wait_max=1us drain_max=9us tick_max=1us apply_max=0us persist_max=1us applies_in_worst=0 arc_miss=0 arc_term_miss=0 opid_replay=0 fin_q=0 fin_done=0 fin_drop=0 fin_full=0 pub_p50=0us pub_max=0us inbox_drop=0
2026-10-02T19:29:42.093Z raft-obs: tx->0 enq=8215 drop=0 sent=8215 fail=0 hi=6 rtt_avg=28us get_avg=0us get_max=3ms
2026-10-02T19:29:42.093Z raft-obs: tx->3 enq=8207 drop=0 sent=8207 fail=0 hi=5 rtt_avg=28us get_avg=0us get_max=3ms
2026-10-02T19:29:42.093Z raft-obs: wait_timeouts=0 pump_hold_max=6us lock_wait_max=1us drain_max=6us tick_max=1us apply_max=0us persist_max=4us applies_in_worst=0 arc_miss=0 arc_term_miss=0 opid_replay=0 fin_q=0 fin_done=0 fin_drop=0 fin_full=0 pub_p50=0us pub_max=0us inbox_drop=0
2026-10-02T19:29:47.094Z raft-obs: tx->0 enq=8314 drop=0 sent=8314 fail=0 hi=6 rtt_avg=28us get_avg=0us get_max=3ms
2026-10-02T19:29:47.094Z raft-obs: tx->3 enq=8306 drop=0 sent=8306 fail=0 hi=5 rtt_avg=28us get_avg=0us get_max=3ms
2026-10-02T19:29:47.094Z raft-obs: wait_timeouts=0 pump_hold_max=5us lock_wait_max=1us drain_max=5us tick_max=1us apply_max=0us persist_max=1us applies_in_worst=0 arc_miss=0 arc_term_miss=0 opid_replay=0 fin_q=0 fin_done=0 fin_drop=0 fin_full=0 pub_p50=0us pub_max=0us inbox_drop=0
2026-10-02T19:29:52.095Z raft-obs: tx->0 enq=8413 drop=0 sent=8413 fail=0 hi=6 rtt_avg=28us get_avg=0us get_max=3ms
2026-10-02T19:29:52.095Z raft-obs: tx->3 enq=8405 drop=0 sent=8405 fail=0 hi=5 rtt_avg=28us get_avg=0us get_max=3ms
2026-10-02T19:29:52.095Z raft-obs: wait_timeouts=0 pump_hold_max=5us lock_wait_max=1us drain_max=5us tick_max=1us apply_max=0us persist_max=1us applies_in_worst=0 arc_miss=0 arc_term_miss=0 opid_replay=0 fin_q=0 fin_done=0 fin_drop=0 fin_full=0 pub_p50=0us pub_max=0us inbox_drop=0
2026-10-02T19:29:57.096Z raft-obs: tx->0 enq=8512 drop=0 sent=8512 fail=0 hi=6 rtt_avg=28us get_avg=0us get_max=3ms
2026-10-02T19:29:57.096Z raft-obs: tx->3 enq=8504 drop=0 sent=8504 fail=0 hi=5 rtt_avg=28us get_avg=0us get_max=3ms
2026-10-02T19:29:57.096Z raft-obs: wait_timeouts=0 pump_hold_max=7us lock_wait_max=4us drain_max=7us tick_max=1us apply_max=0us persist_max=1us applies_in_worst=0 arc_miss=0 arc_term_miss=0 opid_replay=0 fin_q=0 fin_done=0 fin_drop=0 fin_full=0 pub_p50=0us pub_max=0us inbox_drop=0
2026-10-02T19:30:02.097Z raft-obs: tx->0 enq=8611 drop=0 sent=8611 fail=0 hi=6 rtt_avg=28us get_avg=0us get_max=3ms
2026-10-02T19:30:02.097Z raft-obs: tx->3 enq=8603 drop=0 sent=8603 fail=0 hi=5 rtt_avg=28us get_avg=0us get_max=3ms
2026-10-02T19:30:02.097Z raft-obs: wait_timeouts=0 pump_hold_max=5us lock_wait_max=1us drain_max=5us tick_max=1us apply_max=0us persist_max=5us applies_in_worst=0 arc_miss=0 arc_term_miss=0 opid_replay=0 fin_q=0 fin_done=0 fin_drop=0 fin_full=0 pub_p50=0us pub_max=0us inbox_drop=0
2026-10-02T19:30:07.098Z raft-obs: tx->0 enq=8709 drop=0 sent=8709 fail=0 hi=6 rtt_avg=28us get_avg=0us get_max=3ms
2026-10-02T19:30:07.098Z raft-obs: tx->3 enq=8701 drop=0 sent=8701 fail=0 hi=5 rtt_avg=28us get_avg=0us get_max=3ms
2026-10-02T19:30:07.098Z raft-obs: wait_timeouts=0 pump_hold_max=10us lock_wait_max=1us drain_max=10us tick_max=1us apply_max=0us persist_max=1us applies_in_worst=0 arc_miss=0 arc_term_miss=0 opid_replay=0 fin_q=0 fin_done=0 fin_drop=0 fin_full=0 pub_p50=0us pub_max=0us inbox_drop=0
2026-10-02T19:30:12.099Z raft-obs: tx->0 enq=8808 drop=0 sent=8808 fail=0 hi=6 rtt_avg=28us get_avg=0us get_max=3ms
2026-10-02T19:30:12.099Z raft-obs: tx->3 enq=8800 drop=0 sent=8800 fail=0 hi=5 rtt_avg=28us get_avg=0us get_max=3ms
2026-10-02T19:30:12.099Z raft-obs: wait_timeouts=0 pump_hold_max=6us lock_wait_max=1us drain_max=6us tick_max=1us apply_max=0us persist_max=4us applies_in_worst=0 arc_miss=0 arc_term_miss=0 opid_replay=0 fin_q=0 fin_done=0 fin_drop=0 fin_full=0 pub_p50=0us pub_max=0us inbox_drop=0
2026-10-02T19:30:17.100Z raft-obs: tx->0 enq=8907 drop=0 sent=8907 fail=0 hi=6 rtt_avg=28us get_avg=0us get_max=3ms
2026-10-02T19:30:17.100Z raft-obs: tx->3 enq=8899 drop=0 sent=8899 fail=0 hi=5 rtt_avg=28us get_avg=0us get_max=3ms
2026-10-02T19:30:17.100Z raft-obs: wait_timeouts=0 pump_hold_max=6us lock_wait_max=1us drain_max=6us tick_max=1us apply_max=0us persist_max=5us applies_in_worst=0 arc_miss=0 arc_term_miss=0 opid_replay=0 fin_q=0 fin_done=0 fin_drop=0 fin_full=0 pub_p50=0us pub_max=0us inbox_drop=0
2026-10-02T19:30:22.101Z raft-obs: tx->0 enq=9006 drop=0 sent=9006 fail=0 hi=6 rtt_avg=28us get_avg=0us get_max=3ms
2026-10-02T19:30:22.101Z raft-obs: tx->3 enq=8998 drop=0 sent=8998 fail=0 hi=5 rtt_avg=28us get_avg=0us get_max=3ms
2026-10-02T19:30:22.101Z raft-obs: wait_timeouts=0 pump_hold_max=7us lock_wait_max=1us drain_max=6us tick_max=1us apply_max=0us persist_max=1us applies_in_worst=0 arc_miss=0 arc_term_miss=0 opid_replay=0 fin_q=0 fin_done=0 fin_drop=0 fin_full=0 pub_p50=0us pub_max=0us inbox_drop=0
2026-10-02T19:30:27.102Z raft-obs: tx->0 enq=9105 drop=0 sent=9105 fail=0 hi=6 rtt_avg=28us get_avg=0us get_max=3ms
2026-10-02T19:30:27.102Z raft-obs: tx->3 enq=9097 drop=0 sent=9097 fail=0 hi=5 rtt_avg=28us get_avg=0us get_max=3ms
2026-10-02T19:30:27.102Z raft-obs: wait_timeouts=0 pump_hold_max=6us lock_wait_max=7us drain_max=6us tick_max=1us apply_max=0us persist_max=1us applies_in_worst=0 arc_miss=0 arc_term_miss=0 opid_replay=0 fin_q=0 fin_done=0 fin_drop=0 fin_full=0 pub_p50=0us pub_max=0us inbox_drop=0
2026-10-02T19:30:32.103Z raft-obs: tx->0 enq=9203 drop=0 sent=9203 fail=0 hi=6 rtt_avg=28us get_avg=0us get_max=3ms
2026-10-02T19:30:32.103Z raft-obs: tx->3 enq=9195 drop=0 sent=9195 fail=0 hi=5 rtt_avg=28us get_avg=0us get_max=3ms
2026-10-02T19:30:32.103Z raft-obs: wait_timeouts=0 pump_hold_max=9us lock_wait_max=1us drain_max=9us tick_max=1us apply_max=0us persist_max=1us applies_in_worst=0 arc_miss=0 arc_term_miss=0 opid_replay=0 fin_q=0 fin_done=0 fin_drop=0 fin_full=0 pub_p50=0us pub_max=0us inbox_drop=0
2026-10-02T19:30:37.104Z raft-obs: tx->0 enq=9302 drop=0 sent=9302 fail=0 hi=6 rtt_avg=28us get_avg=0us get_max=3ms
2026-10-02T19:30:37.104Z raft-obs: tx->3 enq=9294 drop=0 sent=9294 fail=0 hi=5 rtt_avg=28us get_avg=0us get_max=3ms
2026-10-02T19:30:37.104Z raft-obs: wait_timeouts=0 pump_hold_max=5us lock_wait_max=1us drain_max=5us tick_max=1us apply_max=0us persist_max=1us applies_in_worst=0 arc_miss=0 arc_term_miss=0 opid_replay=0 fin_q=0 fin_done=0 fin_drop=0 fin_full=0 pub_p50=0us pub_max=0us inbox_drop=0
2026-10-02T19:30:42.105Z raft-obs: tx->0 enq=9401 drop=0 sent=9401 fail=0 hi=6 rtt_avg=28us get_avg=0us get_max=3ms
2026-10-02T19:30:42.105Z raft-obs: tx->3 enq=9393 drop=0 sent=9393 fail=0 hi=5 rtt_avg=28us get_avg=0us get_max=3ms
2026-10-02T19:30:42.105Z raft-obs: wait_timeouts=0 pump_hold_max=6us lock_wait_max=7us drain_max=5us tick_max=1us apply_max=0us persist_max=3us applies_in_worst=0 arc_miss=0 arc_term_miss=0 opid_replay=0 fin_q=0 fin_done=0 fin_drop=0 fin_full=0 pub_p50=0us pub_max=0us inbox_drop=0
2026-10-02T19:30:47.106Z raft-obs: tx->0 enq=9500 drop=0 sent=9500 fail=0 hi=6 rtt_avg=28us get_avg=0us get_max=3ms
2026-10-02T19:30:47.107Z raft-obs: tx->3 enq=9492 drop=0 sent=9492 fail=0 hi=5 rtt_avg=28us get_avg=0us get_max=3ms
2026-10-02T19:30:47.107Z raft-obs: wait_timeouts=0 pump_hold_max=12us lock_wait_max=1us drain_max=12us tick_max=1us apply_max=0us persist_max=4us applies_in_worst=0 arc_miss=0 arc_term_miss=0 opid_replay=0 fin_q=0 fin_done=0 fin_drop=0 fin_full=0 pub_p50=0us pub_max=0us inbox_drop=0
2026-10-02T19:30:52.108Z raft-obs: tx->0 enq=9599 drop=0 sent=9599 fail=0 hi=6 rtt_avg=28us get_avg=0us get_max=3ms
2026-10-02T19:30:52.108Z raft-obs: tx->3 enq=9591 drop=0 sent=9591 fail=0 hi=5 rtt_avg=28us get_avg=0us get_max=3ms
2026-10-02T19:30:52.108Z raft-obs: wait_timeouts=0 pump_hold_max=9us lock_wait_max=1us drain_max=9us tick_max=4us apply_max=0us persist_max=1us applies_in_worst=0 arc_miss=0 arc_term_miss=0 opid_replay=0 fin_q=0 fin_done=0 fin_drop=0 fin_full=0 pub_p50=0us pub_max=0us inbox_drop=0
2026-10-02T19:30:57.109Z raft-obs: tx->0 enq=9697 drop=0 sent=9697 fail=0 hi=6 rtt_avg=28us get_avg=0us get_max=3ms
2026-10-02T19:30:57.109Z raft-obs: tx->3 enq=9689 drop=0 sent=9689 fail=0 hi=5 rtt_avg=28us get_avg=0us get_max=3ms
2026-10-02T19:30:57.109Z raft-obs: wait_timeouts=0 pump_hold_max=8us lock_wait_max=1us drain_max=8us tick_max=1us apply_max=0us persist_max=1us applies_in_worst=0 arc_miss=0 arc_term_miss=0 opid_replay=0 fin_q=0 fin_done=0 fin_drop=0 fin_full=0 pub_p50=0us pub_max=0us inbox_drop=0
2026-10-02T19:31:02.110Z raft-obs: tx->0 enq=9796 drop=0 sent=9796 fail=0 hi=6 rtt_avg=28us get_avg=0us get_max=3ms
2026-10-02T19:31:02.110Z raft-obs: tx->3 enq=9788 drop=0 sent=9788 fail=0 hi=5 rtt_avg=28us get_avg=0us get_max=3ms
2026-10-02T19:31:02.110Z raft-obs: wait_timeouts=0 pump_hold_max=10us lock_wait_max=4us drain_max=10us tick_max=1us apply_max=0us persist_max=1us applies_in_worst=0 arc_miss=0 arc_term_miss=0 opid_replay=0 fin_q=0 fin_done=0 fin_drop=0 fin_full=0 pub_p50=0us pub_max=0us inbox_drop=0
2026-10-02T19:31:07.111Z raft-obs: tx->0 enq=9895 drop=0 sent=9895 fail=0 hi=6 rtt_avg=28us get_avg=0us get_max=3ms
2026-10-02T19:31:07.111Z raft-obs: tx->3 enq=9887 drop=0 sent=9887 fail=0 hi=5 rtt_avg=28us get_avg=0us get_max=3ms
2026-10-02T19:31:07.111Z raft-obs: wait_timeouts=0 pump_hold_max=6us lock_wait_max=1us drain_max=6us tick_max=5us apply_max=0us persist_max=1us applies_in_worst=0 arc_miss=0 arc_term_miss=0 opid_replay=0 fin_q=0 fin_done=0 fin_drop=0 fin_full=0 pub_p50=0us pub_max=0us inbox_drop=0
2026-10-02T19:31:12.112Z raft-obs: tx->0 enq=9994 drop=0 sent=9994 fail=0 hi=6 rtt_avg=28us get_avg=0us get_max=3ms
2026-10-02T19:31:12.112Z raft-obs: tx->3 enq=9986 drop=0 sent=9986 fail=0 hi=5 rtt_avg=28us get_avg=0us get_max=3ms
2026-10-02T19:31:12.112Z raft-obs: wait_timeouts=0 pump_hold_max=10us lock_wait_max=6us drain_max=10us tick_max=1us apply_max=0us persist_max=1us applies_in_worst=0 arc_miss=0 arc_term_miss=0 opid_replay=0 fin_q=0 fin_done=0 fin_drop=0 fin_full=0 pub_p50=0us pub_max=0us inbox_drop=0
2026-10-02T19:31:17.114Z raft-obs: tx->0 enq=10093 drop=0 sent=10093 fail=0 hi=6 rtt_avg=28us get_avg=0us get_max=3ms
2026-10-02T19:31:17.114Z raft-obs: tx->3 enq=10085 drop=0 sent=10085 fail=0 hi=5 rtt_avg=28us get_avg=0us get_max=3ms
2026-10-02T19:31:17.114Z raft-obs: wait_timeouts=0 pump_hold_max=8us lock_wait_max=1us drain_max=8us tick_max=3us apply_max=0us persist_max=1us applies_in_worst=0 arc_miss=0 arc_term_miss=0 opid_replay=0 fin_q=0 fin_done=0 fin_drop=0 fin_full=0 pub_p50=0us pub_max=0us inbox_drop=0
2026-10-02T19:31:22.115Z raft-obs: tx->0 enq=10191 drop=0 sent=10191 fail=0 hi=6 rtt_avg=28us get_avg=0us get_max=3ms
2026-10-02T19:31:22.115Z raft-obs: tx->3 enq=10183 drop=0 sent=10183 fail=0 hi=5 rtt_avg=28us get_avg=0us get_max=3ms
2026-10-02T19:31:22.115Z raft-obs: wait_timeouts=0 pump_hold_max=6us lock_wait_max=1us drain_max=6us tick_max=1us apply_max=0us persist_max=1us applies_in_worst=0 arc_miss=0 arc_term_miss=0 opid_replay=0 fin_q=0 fin_done=0 fin_drop=0 fin_full=0 pub_p50=0us pub_max=0us inbox_drop=0
2026-10-02T19:31:27.116Z raft-obs: tx->0 enq=10290 drop=0 sent=10290 fail=0 hi=6 rtt_avg=28us get_avg=0us get_max=3ms
2026-10-02T19:31:27.116Z raft-obs: tx->3 enq=10282 drop=0 sent=10282 fail=0 hi=5 rtt_avg=28us get_avg=0us get_max=3ms
2026-10-02T19:31:27.116Z raft-obs: wait_timeouts=0 pump_hold_max=6us lock_wait_max=1us drain_max=6us tick_max=5us apply_max=0us persist_max=4us applies_in_worst=0 arc_miss=0 arc_term_miss=0 opid_replay=0 fin_q=0 fin_done=0 fin_drop=0 fin_full=0 pub_p50=0us pub_max=0us inbox_drop=0
2026-10-02T19:31:32.117Z raft-obs: tx->0 enq=10389 drop=0 sent=10389 fail=0 hi=6 rtt_avg=28us get_avg=0us get_max=3ms
2026-10-02T19:31:32.117Z raft-obs: tx->3 enq=10381 drop=0 sent=10381 fail=0 hi=5 rtt_avg=28us get_avg=0us get_max=3ms
2026-10-02T19:31:32.117Z raft-obs: wait_timeouts=0 pump_hold_max=5us lock_wait_max=1us drain_max=5us tick_max=1us apply_max=0us persist_max=1us applies_in_worst=0 arc_miss=0 arc_term_miss=0 opid_replay=0 fin_q=0 fin_done=0 fin_drop=0 fin_full=0 pub_p50=0us pub_max=0us inbox_drop=0
2026-10-02T19:31:37.118Z raft-obs: tx->0 enq=10488 drop=0 sent=10488 fail=0 hi=6 rtt_avg=28us get_avg=0us get_max=3ms
2026-10-02T19:31:37.118Z raft-obs: tx->3 enq=10480 drop=0 sent=10480 fail=0 hi=5 rtt_avg=28us get_avg=0us get_max=3ms
2026-10-02T19:31:37.118Z raft-obs: wait_timeouts=0 pump_hold_max=6us lock_wait_max=1us drain_max=6us tick_max=1us apply_max=0us persist_max=1us applies_in_worst=0 arc_miss=0 arc_term_miss=0 opid_replay=0 fin_q=0 fin_done=0 fin_drop=0 fin_full=0 pub_p50=0us pub_max=0us inbox_drop=0
2026-10-02T19:31:42.119Z raft-obs: tx->0 enq=10587 drop=0 sent=10587 fail=0 hi=6 rtt_avg=28us get_avg=0us get_max=3ms
2026-10-02T19:31:42.119Z raft-obs: tx->3 enq=10579 drop=0 sent=10579 fail=0 hi=5 rtt_avg=28us get_avg=0us get_max=3ms
2026-10-02T19:31:42.119Z raft-obs: wait_timeouts=0 pump_hold_max=6us lock_wait_max=1us drain_max=6us tick_max=1us apply_max=0us persist_max=1us applies_in_worst=0 arc_miss=0 arc_term_miss=0 opid_replay=0 fin_q=0 fin_done=0 fin_drop=0 fin_full=0 pub_p50=0us pub_max=0us inbox_drop=0
2026-10-02T19:31:47.120Z raft-obs: tx->0 enq=10685 drop=0 sent=10685 fail=0 hi=6 rtt_avg=28us get_avg=0us get_max=3ms
2026-10-02T19:31:47.120Z raft-obs: tx->3 enq=10677 drop=0 sent=10677 fail=0 hi=5 rtt_avg=28us get_avg=0us get_max=3ms
2026-10-02T19:31:47.120Z raft-obs: wait_timeouts=0 pump_hold_max=8us lock_wait_max=1us drain_max=8us tick_max=4us apply_max=0us persist_max=7us applies_in_worst=0 arc_miss=0 arc_term_miss=0 opid_replay=0 fin_q=0 fin_done=0 fin_drop=0 fin_full=0 pub_p50=0us pub_max=0us inbox_drop=0
2026-10-02T19:31:52.121Z raft-obs: tx->0 enq=10784 drop=0 sent=10784 fail=0 hi=6 rtt_avg=28us get_avg=0us get_max=3ms
2026-10-02T19:31:52.121Z raft-obs: tx->3 enq=10776 drop=0 sent=10776 fail=0 hi=5 rtt_avg=28us get_avg=0us get_max=3ms
2026-10-02T19:31:52.121Z raft-obs: wait_timeouts=0 pump_hold_max=8us lock_wait_max=1us drain_max=8us tick_max=1us apply_max=0us persist_max=1us applies_in_worst=0 arc_miss=0 arc_term_miss=0 opid_replay=0 fin_q=0 fin_done=0 fin_drop=0 fin_full=0 pub_p50=0us pub_max=0us inbox_drop=0
2026-10-02T19:31:57.123Z raft-obs: tx->0 enq=10883 drop=0 sent=10883 fail=0 hi=6 rtt_avg=28us get_avg=0us get_max=3ms
2026-10-02T19:31:57.123Z raft-obs: tx->3 enq=10875 drop=0 sent=10875 fail=0 hi=5 rtt_avg=28us get_avg=0us get_max=3ms
2026-10-02T19:31:57.123Z raft-obs: wait_timeouts=0 pump_hold_max=5us lock_wait_max=1us drain_max=5us tick_max=1us apply_max=0us persist_max=1us applies_in_worst=0 arc_miss=0 arc_term_miss=0 opid_replay=0 fin_q=0 fin_done=0 fin_drop=0 fin_full=0 pub_p50=0us pub_max=0us inbox_drop=0
2026-10-02T19:32:02.124Z raft-obs: tx->0 enq=10982 drop=0 sent=10982 fail=0 hi=6 rtt_avg=28us get_avg=0us get_max=3ms
2026-10-02T19:32:02.124Z raft-obs: tx->3 enq=10974 drop=0 sent=10974 fail=0 hi=5 rtt_avg=28us get_avg=0us get_max=3ms
2026-10-02T19:32:02.124Z raft-obs: wait_timeouts=0 pump_hold_max=8us lock_wait_max=1us drain_max=8us tick_max=4us apply_max=0us persist_max=3us applies_in_worst=0 arc_miss=0 arc_term_miss=0 opid_replay=0 fin_q=0 fin_done=0 fin_drop=0 fin_full=0 pub_p50=0us pub_max=0us inbox_drop=0
2026-10-02T19:32:07.125Z raft-obs: tx->0 enq=11081 drop=0 sent=11081 fail=0 hi=6 rtt_avg=28us get_avg=0us get_max=3ms
2026-10-02T19:32:07.125Z raft-obs: tx->3 enq=11073 drop=0 sent=11073 fail=0 hi=5 rtt_avg=28us get_avg=0us get_max=3ms
2026-10-02T19:32:07.125Z raft-obs: wait_timeouts=0 pump_hold_max=7us lock_wait_max=1us drain_max=7us tick_max=1us apply_max=0us persist_max=1us applies_in_worst=0 arc_miss=0 arc_term_miss=0 opid_replay=0 fin_q=0 fin_done=0 fin_drop=0 fin_full=0 pub_p50=0us pub_max=0us inbox_drop=0
2026-10-02T19:32:12.126Z raft-obs: tx->0 enq=11179 drop=0 sent=11179 fail=0 hi=6 rtt_avg=28us get_avg=0us get_max=3ms
2026-10-02T19:32:12.126Z raft-obs: tx->3 enq=11171 drop=0 sent=11171 fail=0 hi=5 rtt_avg=28us get_avg=0us get_max=3ms
2026-10-02T19:32:12.126Z raft-obs: wait_timeouts=0 pump_hold_max=6us lock_wait_max=1us drain_max=6us tick_max=1us apply_max=0us persist_max=7us applies_in_worst=0 arc_miss=0 arc_term_miss=0 opid_replay=0 fin_q=0 fin_done=0 fin_drop=0 fin_full=0 pub_p50=0us pub_max=0us inbox_drop=0
2026-10-02T19:32:17.127Z raft-obs: tx->0 enq=11278 drop=0 sent=11278 fail=0 hi=6 rtt_avg=28us get_avg=0us get_max=3ms
2026-10-02T19:32:17.127Z raft-obs: tx->3 enq=11270 drop=0 sent=11270 fail=0 hi=5 rtt_avg=28us get_avg=0us get_max=3ms
2026-10-02T19:32:17.127Z raft-obs: wait_timeouts=0 pump_hold_max=5us lock_wait_max=4us drain_max=5us tick_max=1us apply_max=0us persist_max=4us applies_in_worst=0 arc_miss=0 arc_term_miss=0 opid_replay=0 fin_q=0 fin_done=0 fin_drop=0 fin_full=0 pub_p50=0us pub_max=0us inbox_drop=0
2026-10-02T19:32:22.128Z raft-obs: tx->0 enq=11377 drop=0 sent=11377 fail=0 hi=6 rtt_avg=28us get_avg=0us get_max=3ms
2026-10-02T19:32:22.128Z raft-obs: tx->3 enq=11369 drop=0 sent=11369 fail=0 hi=5 rtt_avg=28us get_avg=0us get_max=3ms
2026-10-02T19:32:22.128Z raft-obs: wait_timeouts=0 pump_hold_max=8us lock_wait_max=1us drain_max=8us tick_max=4us apply_max=0us persist_max=1us applies_in_worst=0 arc_miss=0 arc_term_miss=0 opid_replay=0 fin_q=0 fin_done=0 fin_drop=0 fin_full=0 pub_p50=0us pub_max=0us inbox_drop=0
2026-10-02T19:32:27.129Z raft-obs: tx->0 enq=11476 drop=0 sent=11476 fail=0 hi=6 rtt_avg=28us get_avg=0us get_max=3ms
2026-10-02T19:32:27.129Z raft-obs: tx->3 enq=11468 drop=0 sent=11468 fail=0 hi=5 rtt_avg=28us get_avg=0us get_max=3ms
2026-10-02T19:32:27.129Z raft-obs: wait_timeouts=0 pump_hold_max=6us lock_wait_max=1us drain_max=6us tick_max=4us apply_max=0us persist_max=4us applies_in_worst=0 arc_miss=0 arc_term_miss=0 opid_replay=0 fin_q=0 fin_done=0 fin_drop=0 fin_full=0 pub_p50=0us pub_max=0us inbox_drop=0
2026-10-02T19:32:32.130Z raft-obs: tx->0 enq=11575 drop=0 sent=11575 fail=0 hi=6 rtt_avg=28us get_avg=0us get_max=3ms
2026-10-02T19:32:32.130Z raft-obs: tx->3 enq=11567 drop=0 sent=11567 fail=0 hi=5 rtt_avg=28us get_avg=0us get_max=3ms
2026-10-02T19:32:32.130Z raft-obs: wait_timeouts=0 pump_hold_max=7us lock_wait_max=1us drain_max=6us tick_max=1us apply_max=0us persist_max=1us applies_in_worst=0 arc_miss=0 arc_term_miss=0 opid_replay=0 fin_q=0 fin_done=0 fin_drop=0 fin_full=0 pub_p50=0us pub_max=0us inbox_drop=0
2026-10-02T19:32:37.131Z raft-obs: tx->0 enq=11673 drop=0 sent=11673 fail=0 hi=6 rtt_avg=28us get_avg=0us get_max=3ms
2026-10-02T19:32:37.131Z raft-obs: tx->3 enq=11665 drop=0 sent=11665 fail=0 hi=5 rtt_avg=28us get_avg=0us get_max=3ms
2026-10-02T19:32:37.131Z raft-obs: wait_timeouts=0 pump_hold_max=8us lock_wait_max=1us drain_max=8us tick_max=1us apply_max=0us persist_max=1us applies_in_worst=0 arc_miss=0 arc_term_miss=0 opid_replay=0 fin_q=0 fin_done=0 fin_drop=0 fin_full=0 pub_p50=0us pub_max=0us inbox_drop=0
2026-10-02T19:32:42.132Z raft-obs: tx->0 enq=11772 drop=0 sent=11772 fail=0 hi=6 rtt_avg=28us get_avg=0us get_max=3ms
2026-10-02T19:32:42.132Z raft-obs: tx->3 enq=11764 drop=0 sent=11764 fail=0 hi=5 rtt_avg=27us get_avg=0us get_max=3ms
2026-10-02T19:32:42.132Z raft-obs: wait_timeouts=0 pump_hold_max=7us lock_wait_max=1us drain_max=7us tick_max=4us apply_max=0us persist_max=1us applies_in_worst=0 arc_miss=0 arc_term_miss=0 opid_replay=0 fin_q=0 fin_done=0 fin_drop=0 fin_full=0 pub_p50=0us pub_max=0us inbox_drop=0
2026-10-02T19:32:47.133Z raft-obs: tx->0 enq=11871 drop=0 sent=11871 fail=0 hi=6 rtt_avg=28us get_avg=0us get_max=3ms
2026-10-02T19:32:47.133Z raft-obs: tx->3 enq=11863 drop=0 sent=11863 fail=0 hi=5 rtt_avg=27us get_avg=0us get_max=3ms
2026-10-02T19:32:47.133Z raft-obs: wait_timeouts=0 pump_hold_max=6us lock_wait_max=3us drain_max=6us tick_max=1us apply_max=0us persist_max=6us applies_in_worst=0 arc_miss=0 arc_term_miss=0 opid_replay=0 fin_q=0 fin_done=0 fin_drop=0 fin_full=0 pub_p50=0us pub_max=0us inbox_drop=0
2026-10-02T19:32:52.134Z raft-obs: tx->0 enq=11970 drop=0 sent=11970 fail=0 hi=6 rtt_avg=28us get_avg=0us get_max=3ms
2026-10-02T19:32:52.134Z raft-obs: tx->3 enq=11962 drop=0 sent=11962 fail=0 hi=5 rtt_avg=27us get_avg=0us get_max=3ms
2026-10-02T19:32:52.134Z raft-obs: wait_timeouts=0 pump_hold_max=10us lock_wait_max=8us drain_max=10us tick_max=1us apply_max=0us persist_max=4us applies_in_worst=0 arc_miss=0 arc_term_miss=0 opid_replay=0 fin_q=0 fin_done=0 fin_drop=0 fin_full=0 pub_p50=0us pub_max=0us inbox_drop=0
2026-10-02T19:32:57.135Z raft-obs: tx->0 enq=12069 drop=0 sent=12069 fail=0 hi=6 rtt_avg=28us get_avg=0us get_max=3ms
2026-10-02T19:32:57.135Z raft-obs: tx->3 enq=12061 drop=0 sent=12061 fail=0 hi=5 rtt_avg=27us get_avg=0us get_max=3ms
2026-10-02T19:32:57.135Z raft-obs: wait_timeouts=0 pump_hold_max=12us lock_wait_max=1us drain_max=12us tick_max=1us apply_max=0us persist_max=1us applies_in_worst=0 arc_miss=0 arc_term_miss=0 opid_replay=0 fin_q=0 fin_done=0 fin_drop=0 fin_full=0 pub_p50=0us pub_max=0us inbox_drop=0
2026-10-02T19:33:02.136Z raft-obs: tx->0 enq=12167 drop=0 sent=12167 fail=0 hi=6 rtt_avg=28us get_avg=0us get_max=3ms
2026-10-02T19:33:02.136Z raft-obs: tx->3 enq=12159 drop=0 sent=12159 fail=0 hi=5 rtt_avg=27us get_avg=0us get_max=3ms
2026-10-02T19:33:02.136Z raft-obs: wait_timeouts=0 pump_hold_max=15us lock_wait_max=2us drain_max=15us tick_max=1us apply_max=0us persist_max=4us applies_in_worst=0 arc_miss=0 arc_term_miss=0 opid_replay=0 fin_q=0 fin_done=0 fin_drop=0 fin_full=0 pub_p50=0us pub_max=0us inbox_drop=0
2026-10-02T19:33:07.137Z raft-obs: tx->0 enq=12266 drop=0 sent=12266 fail=0 hi=6 rtt_avg=28us get_avg=0us get_max=3ms
2026-10-02T19:33:07.137Z raft-obs: tx->3 enq=12258 drop=0 sent=12258 fail=0 hi=5 rtt_avg=27us get_avg=0us get_max=3ms
2026-10-02T19:33:07.137Z raft-obs: wait_timeouts=0 pump_hold_max=6us lock_wait_max=1us drain_max=6us tick_max=1us apply_max=0us persist_max=3us applies_in_worst=0 arc_miss=0 arc_term_miss=0 opid_replay=0 fin_q=0 fin_done=0 fin_drop=0 fin_full=0 pub_p50=0us pub_max=0us inbox_drop=0
2026-10-02T19:33:12.138Z raft-obs: tx->0 enq=12365 drop=0 sent=12365 fail=0 hi=6 rtt_avg=28us get_avg=0us get_max=3ms
2026-10-02T19:33:12.138Z raft-obs: tx->3 enq=12357 drop=0 sent=12357 fail=0 hi=5 rtt_avg=27us get_avg=0us get_max=3ms
2026-10-02T19:33:12.138Z raft-obs: wait_timeouts=0 pump_hold_max=10us lock_wait_max=2us drain_max=10us tick_max=1us apply_max=0us persist_max=1us applies_in_worst=0 arc_miss=0 arc_term_miss=0 opid_replay=0 fin_q=0 fin_done=0 fin_drop=0 fin_full=0 pub_p50=0us pub_max=0us inbox_drop=0
2026-10-02T19:33:17.139Z raft-obs: tx->0 enq=12464 drop=0 sent=12464 fail=0 hi=6 rtt_avg=28us get_avg=0us get_max=3ms
2026-10-02T19:33:17.139Z raft-obs: tx->3 enq=12456 drop=0 sent=12456 fail=0 hi=5 rtt_avg=27us get_avg=0us get_max=3ms
2026-10-02T19:33:17.139Z raft-obs: wait_timeouts=0 pump_hold_max=6us lock_wait_max=1us drain_max=5us tick_max=1us apply_max=0us persist_max=4us applies_in_worst=0 arc_miss=0 arc_term_miss=0 opid_replay=0 fin_q=0 fin_done=0 fin_drop=0 fin_full=0 pub_p50=0us pub_max=0us inbox_drop=0
2026-10-02T19:33:22.140Z raft-obs: tx->0 enq=12563 drop=0 sent=12563 fail=0 hi=6 rtt_avg=28us get_avg=0us get_max=3ms
2026-10-02T19:33:22.140Z raft-obs: tx->3 enq=12555 drop=0 sent=12555 fail=0 hi=5 rtt_avg=27us get_avg=0us get_max=3ms
2026-10-02T19:33:22.140Z raft-obs: wait_timeouts=0 pump_hold_max=5us lock_wait_max=1us drain_max=5us tick_max=1us apply_max=0us persist_max=4us applies_in_worst=0 arc_miss=0 arc_term_miss=0 opid_replay=0 fin_q=0 fin_done=0 fin_drop=0 fin_full=0 pub_p50=0us pub_max=0us inbox_drop=0
2026-10-02T19:33:27.141Z raft-obs: tx->0 enq=12661 drop=0 sent=12661 fail=0 hi=6 rtt_avg=28us get_avg=0us get_max=3ms
2026-10-02T19:33:27.141Z raft-obs: tx->3 enq=12653 drop=0 sent=12653 fail=0 hi=5 rtt_avg=27us get_avg=0us get_max=3ms
2026-10-02T19:33:27.141Z raft-obs: wait_timeouts=0 pump_hold_max=11us lock_wait_max=1us drain_max=11us tick_max=1us apply_max=0us persist_max=4us applies_in_worst=0 arc_miss=0 arc_term_miss=0 opid_replay=0 fin_q=0 fin_done=0 fin_drop=0 fin_full=0 pub_p50=0us pub_max=0us inbox_drop=0
2026-10-02T19:33:32.143Z raft-obs: tx->0 enq=12760 drop=0 sent=12760 fail=0 hi=6 rtt_avg=28us get_avg=0us get_max=3ms
2026-10-02T19:33:32.143Z raft-obs: tx->3 enq=12752 drop=0 sent=12752 fail=0 hi=5 rtt_avg=27us get_avg=0us get_max=3ms
2026-10-02T19:33:32.143Z raft-obs: wait_timeouts=0 pump_hold_max=6us lock_wait_max=1us drain_max=6us tick_max=1us apply_max=0us persist_max=1us applies_in_worst=0 arc_miss=0 arc_term_miss=0 opid_replay=0 fin_q=0 fin_done=0 fin_drop=0 fin_full=0 pub_p50=0us pub_max=0us inbox_drop=0
2026-10-02T19:33:37.144Z raft-obs: tx->0 enq=12859 drop=0 sent=12859 fail=0 hi=6 rtt_avg=28us get_avg=0us get_max=3ms
2026-10-02T19:33:37.144Z raft-obs: tx->3 enq=12851 drop=0 sent=12851 fail=0 hi=5 rtt_avg=27us get_avg=0us get_max=3ms
2026-10-02T19:33:37.144Z raft-obs: wait_timeouts=0 pump_hold_max=6us lock_wait_max=1us drain_max=6us tick_max=1us apply_max=0us persist_max=7us applies_in_worst=0 arc_miss=0 arc_term_miss=0 opid_replay=0 fin_q=0 fin_done=0 fin_drop=0 fin_full=0 pub_p50=0us pub_max=0us inbox_drop=0
2026-10-02T19:33:42.145Z raft-obs: tx->0 enq=12958 drop=0 sent=12958 fail=0 hi=6 rtt_avg=28us get_avg=0us get_max=3ms
2026-10-02T19:33:42.145Z raft-obs: tx->3 enq=12950 drop=0 sent=12950 fail=0 hi=5 rtt_avg=27us get_avg=0us get_max=3ms
2026-10-02T19:33:42.145Z raft-obs: wait_timeouts=0 pump_hold_max=12us lock_wait_max=1us drain_max=12us tick_max=1us apply_max=0us persist_max=1us applies_in_worst=0 arc_miss=0 arc_term_miss=0 opid_replay=0 fin_q=0 fin_done=0 fin_drop=0 fin_full=0 pub_p50=0us pub_max=0us inbox_drop=0
2026-10-02T19:33:47.146Z raft-obs: tx->0 enq=13057 drop=0 sent=13057 fail=0 hi=6 rtt_avg=28us get_avg=0us get_max=3ms
2026-10-02T19:33:47.146Z raft-obs: tx->3 enq=13049 drop=0 sent=13049 fail=0 hi=5 rtt_avg=27us get_avg=0us get_max=3ms
2026-10-02T19:33:47.146Z raft-obs: wait_timeouts=0 pump_hold_max=5us lock_wait_max=1us drain_max=5us tick_max=1us apply_max=0us persist_max=1us applies_in_worst=0 arc_miss=0 arc_term_miss=0 opid_replay=0 fin_q=0 fin_done=0 fin_drop=0 fin_full=0 pub_p50=0us pub_max=0us inbox_drop=0
2026-10-02T19:33:52.147Z raft-obs: tx->0 enq=13155 drop=0 sent=13155 fail=0 hi=6 rtt_avg=28us get_avg=0us get_max=3ms
2026-10-02T19:33:52.147Z raft-obs: tx->3 enq=13147 drop=0 sent=13147 fail=0 hi=5 rtt_avg=27us get_avg=0us get_max=3ms
2026-10-02T19:33:52.147Z raft-obs: wait_timeouts=0 pump_hold_max=5us lock_wait_max=1us drain_max=5us tick_max=1us apply_max=0us persist_max=4us applies_in_worst=0 arc_miss=0 arc_term_miss=0 opid_replay=0 fin_q=0 fin_done=0 fin_drop=0 fin_full=0 pub_p50=0us pub_max=0us inbox_drop=0
2026-10-02T19:33:57.148Z raft-obs: tx->0 enq=13254 drop=0 sent=13254 fail=0 hi=6 rtt_avg=28us get_avg=0us get_max=3ms
2026-10-02T19:33:57.148Z raft-obs: tx->3 enq=13246 drop=0 sent=13246 fail=0 hi=5 rtt_avg=27us get_avg=0us get_max=3ms
2026-10-02T19:33:57.148Z raft-obs: wait_timeouts=0 pump_hold_max=7us lock_wait_max=1us drain_max=7us tick_max=1us apply_max=0us persist_max=1us applies_in_worst=0 arc_miss=0 arc_term_miss=0 opid_replay=0 fin_q=0 fin_done=0 fin_drop=0 fin_full=0 pub_p50=0us pub_max=0us inbox_drop=0
2026-10-02T19:34:02.148Z raft-obs: tx->0 enq=13353 drop=0 sent=13353 fail=0 hi=6 rtt_avg=28us get_avg=0us get_max=3ms
2026-10-02T19:34:02.148Z raft-obs: tx->3 enq=13345 drop=0 sent=13345 fail=0 hi=5 rtt_avg=27us get_avg=0us get_max=3ms
2026-10-02T19:34:02.148Z raft-obs: wait_timeouts=0 pump_hold_max=6us lock_wait_max=1us drain_max=6us tick_max=1us apply_max=0us persist_max=4us applies_in_worst=0 arc_miss=0 arc_term_miss=0 opid_replay=0 fin_q=0 fin_done=0 fin_drop=0 fin_full=0 pub_p50=0us pub_max=0us inbox_drop=0
2026-10-02T19:34:07.149Z raft-obs: tx->0 enq=13452 drop=0 sent=13452 fail=0 hi=6 rtt_avg=28us get_avg=0us get_max=3ms
2026-10-02T19:34:07.149Z raft-obs: tx->3 enq=13444 drop=0 sent=13444 fail=0 hi=5 rtt_avg=27us get_avg=0us get_max=3ms
2026-10-02T19:34:07.149Z raft-obs: wait_timeouts=0 pump_hold_max=7us lock_wait_max=1us drain_max=7us tick_max=5us apply_max=0us persist_max=1us applies_in_worst=0 arc_miss=0 arc_term_miss=0 opid_replay=0 fin_q=0 fin_done=0 fin_drop=0 fin_full=0 pub_p50=0us pub_max=0us inbox_drop=0
2026-10-02T19:34:12.150Z raft-obs: tx->0 enq=13551 drop=0 sent=13551 fail=0 hi=6 rtt_avg=28us get_avg=0us get_max=3ms
2026-10-02T19:34:12.150Z raft-obs: tx->3 enq=13543 drop=0 sent=13543 fail=0 hi=5 rtt_avg=27us get_avg=0us get_max=3ms
2026-10-02T19:34:12.150Z raft-obs: wait_timeouts=0 pump_hold_max=10us lock_wait_max=2us drain_max=10us tick_max=1us apply_max=0us persist_max=4us applies_in_worst=0 arc_miss=0 arc_term_miss=0 opid_replay=0 fin_q=0 fin_done=0 fin_drop=0 fin_full=0 pub_p50=0us pub_max=0us inbox_drop=0
2026-10-02T19:34:17.152Z raft-obs: tx->0 enq=13649 drop=0 sent=13649 fail=0 hi=6 rtt_avg=28us get_avg=0us get_max=3ms
2026-10-02T19:34:17.152Z raft-obs: tx->3 enq=13641 drop=0 sent=13641 fail=0 hi=5 rtt_avg=27us get_avg=0us get_max=3ms
2026-10-02T19:34:17.152Z raft-obs: wait_timeouts=0 pump_hold_max=7us lock_wait_max=3us drain_max=7us tick_max=1us apply_max=0us persist_max=4us applies_in_worst=0 arc_miss=0 arc_term_miss=0 opid_replay=0 fin_q=0 fin_done=0 fin_drop=0 fin_full=0 pub_p50=0us pub_max=0us inbox_drop=0
2026-10-02T19:34:22.152Z raft-obs: tx->0 enq=13748 drop=0 sent=13748 fail=0 hi=6 rtt_avg=28us get_avg=0us get_max=3ms
2026-10-02T19:34:22.152Z raft-obs: tx->3 enq=13740 drop=0 sent=13740 fail=0 hi=5 rtt_avg=27us get_avg=0us get_max=3ms
2026-10-02T19:34:22.152Z raft-obs: wait_timeouts=0 pump_hold_max=10us lock_wait_max=1us drain_max=10us tick_max=3us apply_max=0us persist_max=4us applies_in_worst=0 arc_miss=0 arc_term_miss=0 opid_replay=0 fin_q=0 fin_done=0 fin_drop=0 fin_full=0 pub_p50=0us pub_max=0us inbox_drop=0
2026-10-02T19:34:27.153Z raft-obs: tx->0 enq=13847 drop=0 sent=13847 fail=0 hi=6 rtt_avg=28us get_avg=0us get_max=3ms
2026-10-02T19:34:27.153Z raft-obs: tx->3 enq=13839 drop=0 sent=13839 fail=0 hi=5 rtt_avg=27us get_avg=0us get_max=3ms
2026-10-02T19:34:27.153Z raft-obs: wait_timeouts=0 pump_hold_max=6us lock_wait_max=2us drain_max=6us tick_max=1us apply_max=0us persist_max=1us applies_in_worst=0 arc_miss=0 arc_term_miss=0 opid_replay=0 fin_q=0 fin_done=0 fin_drop=0 fin_full=0 pub_p50=0us pub_max=0us inbox_drop=0
2026-10-02T19:34:32.154Z raft-obs: tx->0 enq=13946 drop=0 sent=13946 fail=0 hi=6 rtt_avg=28us get_avg=0us get_max=3ms
2026-10-02T19:34:32.154Z raft-obs: tx->3 enq=13938 drop=0 sent=13938 fail=0 hi=5 rtt_avg=28us get_avg=0us get_max=3ms
2026-10-02T19:34:32.154Z raft-obs: wait_timeouts=0 pump_hold_max=6us lock_wait_max=1us drain_max=5us tick_max=1us apply_max=0us persist_max=1us applies_in_worst=0 arc_miss=0 arc_term_miss=0 opid_replay=0 fin_q=0 fin_done=0 fin_drop=0 fin_full=0 pub_p50=0us pub_max=0us inbox_drop=0
2026-10-02T19:34:37.155Z raft-obs: tx->0 enq=14045 drop=0 sent=14045 fail=0 hi=6 rtt_avg=28us get_avg=0us get_max=3ms
2026-10-02T19:34:37.155Z raft-obs: tx->3 enq=14037 drop=0 sent=14036 fail=0 hi=5 rtt_avg=28us get_avg=0us get_max=3ms
2026-10-02T19:34:37.155Z raft-obs: wait_timeouts=0 pump_hold_max=12us lock_wait_max=7us drain_max=12us tick_max=3us apply_max=0us persist_max=3us applies_in_worst=0 arc_miss=0 arc_term_miss=0 opid_replay=0 fin_q=0 fin_done=0 fin_drop=0 fin_full=0 pub_p50=0us pub_max=0us inbox_drop=0
2026-10-02T19:34:42.156Z raft-obs: tx->0 enq=14143 drop=0 sent=14143 fail=0 hi=6 rtt_avg=28us get_avg=0us get_max=3ms
2026-10-02T19:34:42.156Z raft-obs: tx->3 enq=14135 drop=0 sent=14135 fail=0 hi=5 rtt_avg=28us get_avg=0us get_max=3ms
2026-10-02T19:34:42.156Z raft-obs: wait_timeouts=0 pump_hold_max=6us lock_wait_max=1us drain_max=6us tick_max=1us apply_max=0us persist_max=10us applies_in_worst=0 arc_miss=0 arc_term_miss=0 opid_replay=0 fin_q=0 fin_done=0 fin_drop=0 fin_full=0 pub_p50=0us pub_max=0us inbox_drop=0
2026-10-02T19:34:47.157Z raft-obs: tx->0 enq=14242 drop=0 sent=14242 fail=0 hi=6 rtt_avg=28us get_avg=0us get_max=3ms
2026-10-02T19:34:47.157Z raft-obs: tx->3 enq=14234 drop=0 sent=14234 fail=0 hi=5 rtt_avg=28us get_avg=0us get_max=3ms
2026-10-02T19:34:47.157Z raft-obs: wait_timeouts=0 pump_hold_max=5us lock_wait_max=3us drain_max=5us tick_max=1us apply_max=0us persist_max=3us applies_in_worst=0 arc_miss=0 arc_term_miss=0 opid_replay=0 fin_q=0 fin_done=0 fin_drop=0 fin_full=0 pub_p50=0us pub_max=0us inbox_drop=0
2026-10-02T19:34:52.157Z raft-obs: tx->0 enq=14341 drop=0 sent=14341 fail=0 hi=6 rtt_avg=28us get_avg=0us get_max=3ms
2026-10-02T19:34:52.157Z raft-obs: tx->3 enq=14333 drop=0 sent=14333 fail=0 hi=5 rtt_avg=28us get_avg=0us get_max=3ms
2026-10-02T19:34:52.158Z raft-obs: wait_timeouts=0 pump_hold_max=3us lock_wait_max=1us drain_max=3us tick_max=1us apply_max=0us persist_max=5us applies_in_worst=0 arc_miss=0 arc_term_miss=0 opid_replay=0 fin_q=0 fin_done=0 fin_drop=0 fin_full=0 pub_p50=0us pub_max=0us inbox_drop=0
2026-10-02T19:34:57.158Z raft-obs: tx->0 enq=14440 drop=0 sent=14440 fail=0 hi=6 rtt_avg=28us get_avg=0us get_max=3ms
2026-10-02T19:34:57.158Z raft-obs: tx->3 enq=14432 drop=0 sent=14432 fail=0 hi=5 rtt_avg=28us get_avg=0us get_max=3ms
2026-10-02T19:34:57.158Z raft-obs: wait_timeouts=0 pump_hold_max=3us lock_wait_max=1us drain_max=3us tick_max=1us apply_max=0us persist_max=1us applies_in_worst=0 arc_miss=0 arc_term_miss=0 opid_replay=0 fin_q=0 fin_done=0 fin_drop=0 fin_full=0 pub_p50=0us pub_max=0us inbox_drop=0
2026-10-02T19:35:02.159Z raft-obs: tx->0 enq=14539 drop=0 sent=14539 fail=0 hi=6 rtt_avg=28us get_avg=0us get_max=3ms
2026-10-02T19:35:02.159Z raft-obs: tx->3 enq=14531 drop=0 sent=14530 fail=0 hi=5 rtt_avg=28us get_avg=0us get_max=3ms
2026-10-02T19:35:02.159Z raft-obs: wait_timeouts=0 pump_hold_max=6us lock_wait_max=1us drain_max=6us tick_max=1us apply_max=0us persist_max=1us applies_in_worst=0 arc_miss=0 arc_term_miss=0 opid_replay=0 fin_q=0 fin_done=0 fin_drop=0 fin_full=0 pub_p50=0us pub_max=0us inbox_drop=0
2026-10-02T19:35:07.160Z raft-obs: tx->0 enq=14637 drop=0 sent=14637 fail=0 hi=6 rtt_avg=28us get_avg=0us get_max=3ms
2026-10-02T19:35:07.160Z raft-obs: tx->3 enq=14629 drop=0 sent=14629 fail=0 hi=5 rtt_avg=28us get_avg=0us get_max=3ms
2026-10-02T19:35:07.160Z raft-obs: wait_timeouts=0 pump_hold_max=5us lock_wait_max=1us drain_max=5us tick_max=1us apply_max=0us persist_max=4us applies_in_worst=0 arc_miss=0 arc_term_miss=0 opid_replay=0 fin_q=0 fin_done=0 fin_drop=0 fin_full=0 pub_p50=0us pub_max=0us inbox_drop=0
2026-10-02T19:35:12.161Z raft-obs: tx->0 enq=14736 drop=0 sent=14736 fail=0 hi=6 rtt_avg=28us get_avg=0us get_max=3ms
2026-10-02T19:35:12.161Z raft-obs: tx->3 enq=14728 drop=0 sent=14728 fail=0 hi=5 rtt_avg=28us get_avg=0us get_max=3ms
2026-10-02T19:35:12.161Z raft-obs: wait_timeouts=0 pump_hold_max=4us lock_wait_max=3us drain_max=4us tick_max=1us apply_max=0us persist_max=1us applies_in_worst=0 arc_miss=0 arc_term_miss=0 opid_replay=0 fin_q=0 fin_done=0 fin_drop=0 fin_full=0 pub_p50=0us pub_max=0us inbox_drop=0
2026-10-02T19:35:17.162Z raft-obs: tx->0 enq=14835 drop=0 sent=14835 fail=0 hi=6 rtt_avg=28us get_avg=0us get_max=3ms
2026-10-02T19:35:17.162Z raft-obs: tx->3 enq=14827 drop=0 sent=14827 fail=0 hi=5 rtt_avg=28us get_avg=0us get_max=3ms
2026-10-02T19:35:17.162Z raft-obs: wait_timeouts=0 pump_hold_max=7us lock_wait_max=1us drain_max=7us tick_max=1us apply_max=0us persist_max=5us applies_in_worst=0 arc_miss=0 arc_term_miss=0 opid_replay=0 fin_q=0 fin_done=0 fin_drop=0 fin_full=0 pub_p50=0us pub_max=0us inbox_drop=0
2026-10-02T19:35:22.163Z raft-obs: tx->0 enq=14934 drop=0 sent=14934 fail=0 hi=6 rtt_avg=28us get_avg=0us get_max=3ms
2026-10-02T19:35:22.163Z raft-obs: tx->3 enq=14926 drop=0 sent=14926 fail=0 hi=5 rtt_avg=28us get_avg=0us get_max=3ms
2026-10-02T19:35:22.163Z raft-obs: wait_timeouts=0 pump_hold_max=7us lock_wait_max=3us drain_max=7us tick_max=1us apply_max=0us persist_max=8us applies_in_worst=0 arc_miss=0 arc_term_miss=0 opid_replay=0 fin_q=0 fin_done=0 fin_drop=0 fin_full=0 pub_p50=0us pub_max=0us inbox_drop=0
2026-10-02T19:35:27.164Z raft-obs: tx->0 enq=15033 drop=0 sent=15033 fail=0 hi=6 rtt_avg=28us get_avg=0us get_max=3ms
2026-10-02T19:35:27.164Z raft-obs: tx->3 enq=15025 drop=0 sent=15024 fail=0 hi=5 rtt_avg=28us get_avg=0us get_max=3ms
2026-10-02T19:35:27.164Z raft-obs: wait_timeouts=0 pump_hold_max=7us lock_wait_max=1us drain_max=6us tick_max=1us apply_max=0us persist_max=1us applies_in_worst=0 arc_miss=0 arc_term_miss=0 opid_replay=0 fin_q=0 fin_done=0 fin_drop=0 fin_full=0 pub_p50=0us pub_max=0us inbox_drop=0
2026-10-02T19:35:32.165Z raft-obs: tx->0 enq=15131 drop=0 sent=15131 fail=0 hi=6 rtt_avg=28us get_avg=0us get_max=3ms
2026-10-02T19:35:32.165Z raft-obs: tx->3 enq=15123 drop=0 sent=15123 fail=0 hi=5 rtt_avg=28us get_avg=0us get_max=3ms
2026-10-02T19:35:32.165Z raft-obs: wait_timeouts=0 pump_hold_max=7us lock_wait_max=4us drain_max=7us tick_max=1us apply_max=0us persist_max=3us applies_in_worst=0 arc_miss=0 arc_term_miss=0 opid_replay=0 fin_q=0 fin_done=0 fin_drop=0 fin_full=0 pub_p50=0us pub_max=0us inbox_drop=0
2026-10-02T19:35:37.166Z raft-obs: tx->0 enq=15230 drop=0 sent=15230 fail=0 hi=6 rtt_avg=28us get_avg=0us get_max=3ms
2026-10-02T19:35:37.166Z raft-obs: tx->3 enq=15222 drop=0 sent=15222 fail=0 hi=5 rtt_avg=27us get_avg=0us get_max=3ms
2026-10-02T19:35:37.166Z raft-obs: wait_timeouts=0 pump_hold_max=4us lock_wait_max=1us drain_max=4us tick_max=1us apply_max=0us persist_max=3us applies_in_worst=0 arc_miss=0 arc_term_miss=0 opid_replay=0 fin_q=0 fin_done=0 fin_drop=0 fin_full=0 pub_p50=0us pub_max=0us inbox_drop=0
2026-10-02T19:35:42.167Z raft-obs: tx->0 enq=15329 drop=0 sent=15329 fail=0 hi=6 rtt_avg=28us get_avg=0us get_max=3ms
2026-10-02T19:35:42.167Z raft-obs: tx->3 enq=15321 drop=0 sent=15321 fail=0 hi=5 rtt_avg=27us get_avg=0us get_max=3ms
2026-10-02T19:35:42.167Z raft-obs: wait_timeouts=0 pump_hold_max=9us lock_wait_max=4us drain_max=9us tick_max=1us apply_max=0us persist_max=4us applies_in_worst=0 arc_miss=0 arc_term_miss=0 opid_replay=0 fin_q=0 fin_done=0 fin_drop=0 fin_full=0 pub_p50=0us pub_max=0us inbox_drop=0
2026-10-02T19:35:47.168Z raft-obs: tx->0 enq=15428 drop=0 sent=15428 fail=0 hi=6 rtt_avg=28us get_avg=0us get_max=3ms
2026-10-02T19:35:47.168Z raft-obs: tx->3 enq=15420 drop=0 sent=15420 fail=0 hi=5 rtt_avg=27us get_avg=0us get_max=3ms
2026-10-02T19:35:47.168Z raft-obs: wait_timeouts=0 pump_hold_max=3us lock_wait_max=4us drain_max=3us tick_max=1us apply_max=0us persist_max=1us applies_in_worst=0 arc_miss=0 arc_term_miss=0 opid_replay=0 fin_q=0 fin_done=0 fin_drop=0 fin_full=0 pub_p50=0us pub_max=0us inbox_drop=0
2026-10-02T19:35:52.168Z raft-obs: tx->0 enq=15527 drop=0 sent=15527 fail=0 hi=6 rtt_avg=28us get_avg=0us get_max=3ms
2026-10-02T19:35:52.168Z raft-obs: tx->3 enq=15519 drop=0 sent=15518 fail=0 hi=5 rtt_avg=27us get_avg=0us get_max=3ms
2026-10-02T19:35:52.168Z raft-obs: wait_timeouts=0 pump_hold_max=10us lock_wait_max=1us drain_max=10us tick_max=1us apply_max=0us persist_max=1us applies_in_worst=0 arc_miss=0 arc_term_miss=0 opid_replay=0 fin_q=0 fin_done=0 fin_drop=0 fin_full=0 pub_p50=0us pub_max=0us inbox_drop=0
2026-10-02T19:35:57.169Z raft-obs: tx->0 enq=15625 drop=0 sent=15625 fail=0 hi=6 rtt_avg=28us get_avg=0us get_max=3ms
2026-10-02T19:35:57.169Z raft-obs: tx->3 enq=15617 drop=0 sent=15617 fail=0 hi=5 rtt_avg=27us get_avg=0us get_max=3ms
2026-10-02T19:35:57.169Z raft-obs: wait_timeouts=0 pump_hold_max=4us lock_wait_max=1us drain_max=4us tick_max=1us apply_max=0us persist_max=1us applies_in_worst=0 arc_miss=0 arc_term_miss=0 opid_replay=0 fin_q=0 fin_done=0 fin_drop=0 fin_full=0 pub_p50=0us pub_max=0us inbox_drop=0
2026-10-02T19:36:02.170Z raft-obs: tx->0 enq=15724 drop=0 sent=15724 fail=0 hi=6 rtt_avg=28us get_avg=0us get_max=3ms
2026-10-02T19:36:02.170Z raft-obs: tx->3 enq=15716 drop=0 sent=15716 fail=0 hi=5 rtt_avg=27us get_avg=0us get_max=3ms
2026-10-02T19:36:02.170Z raft-obs: wait_timeouts=0 pump_hold_max=7us lock_wait_max=1us drain_max=4us tick_max=6us apply_max=0us persist_max=1us applies_in_worst=0 arc_miss=0 arc_term_miss=0 opid_replay=0 fin_q=0 fin_done=0 fin_drop=0 fin_full=0 pub_p50=0us pub_max=0us inbox_drop=0
2026-10-02T19:36:07.171Z raft-obs: tx->0 enq=15823 drop=0 sent=15823 fail=0 hi=6 rtt_avg=28us get_avg=0us get_max=3ms
2026-10-02T19:36:07.171Z raft-obs: tx->3 enq=15815 drop=0 sent=15815 fail=0 hi=5 rtt_avg=27us get_avg=0us get_max=3ms
2026-10-02T19:36:07.171Z raft-obs: wait_timeouts=0 pump_hold_max=3us lock_wait_max=1us drain_max=3us tick_max=1us apply_max=0us persist_max=1us applies_in_worst=0 arc_miss=0 arc_term_miss=0 opid_replay=0 fin_q=0 fin_done=0 fin_drop=0 fin_full=0 pub_p50=0us pub_max=0us inbox_drop=0
2026-10-02T19:36:12.172Z raft-obs: tx->0 enq=15922 drop=0 sent=15922 fail=0 hi=6 rtt_avg=28us get_avg=0us get_max=3ms
2026-10-02T19:36:12.172Z raft-obs: tx->3 enq=15914 drop=0 sent=15914 fail=0 hi=5 rtt_avg=27us get_avg=0us get_max=3ms
2026-10-02T19:36:12.172Z raft-obs: wait_timeouts=0 pump_hold_max=9us lock_wait_max=1us drain_max=9us tick_max=1us apply_max=0us persist_max=1us applies_in_worst=0 arc_miss=0 arc_term_miss=0 opid_replay=0 fin_q=0 fin_done=0 fin_drop=0 fin_full=0 pub_p50=0us pub_max=0us inbox_drop=0
2026-10-02T19:36:17.173Z raft-obs: tx->0 enq=16021 drop=0 sent=16021 fail=0 hi=6 rtt_avg=28us get_avg=0us get_max=3ms
2026-10-02T19:36:17.173Z raft-obs: tx->3 enq=16013 drop=0 sent=16012 fail=0 hi=5 rtt_avg=27us get_avg=0us get_max=3ms
2026-10-02T19:36:17.173Z raft-obs: wait_timeouts=0 pump_hold_max=11us lock_wait_max=1us drain_max=11us tick_max=1us apply_max=0us persist_max=1us applies_in_worst=0 arc_miss=0 arc_term_miss=0 opid_replay=0 fin_q=0 fin_done=0 fin_drop=0 fin_full=0 pub_p50=0us pub_max=0us inbox_drop=0
2026-10-02T19:36:22.173Z raft-obs: tx->0 enq=16119 drop=0 sent=16119 fail=0 hi=6 rtt_avg=28us get_avg=0us get_max=3ms
2026-10-02T19:36:22.173Z raft-obs: tx->3 enq=16111 drop=0 sent=16111 fail=0 hi=5 rtt_avg=27us get_avg=0us get_max=3ms
2026-10-02T19:36:22.173Z raft-obs: wait_timeouts=0 pump_hold_max=3us lock_wait_max=1us drain_max=3us tick_max=1us apply_max=0us persist_max=1us applies_in_worst=0 arc_miss=0 arc_term_miss=0 opid_replay=0 fin_q=0 fin_done=0 fin_drop=0 fin_full=0 pub_p50=0us pub_max=0us inbox_drop=0
2026-10-02T19:36:27.174Z raft-obs: tx->0 enq=16218 drop=0 sent=16218 fail=0 hi=6 rtt_avg=28us get_avg=0us get_max=3ms
2026-10-02T19:36:27.174Z raft-obs: tx->3 enq=16210 drop=0 sent=16210 fail=0 hi=5 rtt_avg=27us get_avg=0us get_max=3ms
2026-10-02T19:36:27.174Z raft-obs: wait_timeouts=0 pump_hold_max=6us lock_wait_max=4us drain_max=6us tick_max=1us apply_max=0us persist_max=4us applies_in_worst=0 arc_miss=0 arc_term_miss=0 opid_replay=0 fin_q=0 fin_done=0 fin_drop=0 fin_full=0 pub_p50=0us pub_max=0us inbox_drop=0
2026-10-02T19:36:32.175Z raft-obs: tx->0 enq=16317 drop=0 sent=16317 fail=0 hi=6 rtt_avg=28us get_avg=0us get_max=3ms
2026-10-02T19:36:32.175Z raft-obs: tx->3 enq=16309 drop=0 sent=16309 fail=0 hi=5 rtt_avg=27us get_avg=0us get_max=3ms
2026-10-02T19:36:32.175Z raft-obs: wait_timeouts=0 pump_hold_max=3us lock_wait_max=1us drain_max=3us tick_max=1us apply_max=0us persist_max=1us applies_in_worst=0 arc_miss=0 arc_term_miss=0 opid_replay=0 fin_q=0 fin_done=0 fin_drop=0 fin_full=0 pub_p50=0us pub_max=0us inbox_drop=0
2026-10-02T19:36:37.176Z raft-obs: tx->0 enq=16416 drop=0 sent=16416 fail=0 hi=6 rtt_avg=28us get_avg=0us get_max=3ms
2026-10-02T19:36:37.176Z raft-obs: tx->3 enq=16408 drop=0 sent=16408 fail=0 hi=5 rtt_avg=27us get_avg=0us get_max=3ms
2026-10-02T19:36:37.176Z raft-obs: wait_timeouts=0 pump_hold_max=7us lock_wait_max=1us drain_max=7us tick_max=1us apply_max=0us persist_max=1us applies_in_worst=0 arc_miss=0 arc_term_miss=0 opid_replay=0 fin_q=0 fin_done=0 fin_drop=0 fin_full=0 pub_p50=0us pub_max=0us inbox_drop=0
2026-10-02T19:36:42.177Z raft-obs: tx->0 enq=16515 drop=0 sent=16515 fail=0 hi=6 rtt_avg=28us get_avg=0us get_max=3ms
2026-10-02T19:36:42.177Z raft-obs: tx->3 enq=16507 drop=0 sent=16506 fail=0 hi=5 rtt_avg=27us get_avg=0us get_max=3ms
2026-10-02T19:36:42.177Z raft-obs: wait_timeouts=0 pump_hold_max=3us lock_wait_max=1us drain_max=2us tick_max=1us apply_max=0us persist_max=1us applies_in_worst=0 arc_miss=0 arc_term_miss=0 opid_replay=0 fin_q=0 fin_done=0 fin_drop=0 fin_full=0 pub_p50=0us pub_max=0us inbox_drop=0
2026-10-02T19:36:47.178Z raft-obs: tx->0 enq=16613 drop=0 sent=16613 fail=0 hi=6 rtt_avg=28us get_avg=0us get_max=3ms
2026-10-02T19:36:47.178Z raft-obs: tx->3 enq=16605 drop=0 sent=16605 fail=0 hi=5 rtt_avg=27us get_avg=0us get_max=3ms
2026-10-02T19:36:47.178Z raft-obs: wait_timeouts=0 pump_hold_max=5us lock_wait_max=1us drain_max=5us tick_max=1us apply_max=0us persist_max=1us applies_in_worst=0 arc_miss=0 arc_term_miss=0 opid_replay=0 fin_q=0 fin_done=0 fin_drop=0 fin_full=0 pub_p50=0us pub_max=0us inbox_drop=0
2026-10-02T19:36:52.179Z raft-obs: tx->0 enq=16712 drop=0 sent=16712 fail=0 hi=6 rtt_avg=28us get_avg=0us get_max=3ms
2026-10-02T19:36:52.179Z raft-obs: tx->3 enq=16704 drop=0 sent=16704 fail=0 hi=5 rtt_avg=27us get_avg=0us get_max=3ms
2026-10-02T19:36:52.179Z raft-obs: wait_timeouts=0 pump_hold_max=5us lock_wait_max=1us drain_max=5us tick_max=1us apply_max=0us persist_max=4us applies_in_worst=0 arc_miss=0 arc_term_miss=0 opid_replay=0 fin_q=0 fin_done=0 fin_drop=0 fin_full=0 pub_p50=0us pub_max=0us inbox_drop=0
2026-10-02T19:36:57.180Z raft-obs: tx->0 enq=16811 drop=0 sent=16811 fail=0 hi=6 rtt_avg=28us get_avg=0us get_max=3ms
2026-10-02T19:36:57.180Z raft-obs: tx->3 enq=16803 drop=0 sent=16803 fail=0 hi=5 rtt_avg=27us get_avg=0us get_max=3ms
2026-10-02T19:36:57.180Z raft-obs: wait_timeouts=0 pump_hold_max=5us lock_wait_max=1us drain_max=5us tick_max=1us apply_max=0us persist_max=1us applies_in_worst=0 arc_miss=0 arc_term_miss=0 opid_replay=0 fin_q=0 fin_done=0 fin_drop=0 fin_full=0 pub_p50=0us pub_max=0us inbox_drop=0
2026-10-02T19:37:02.181Z raft-obs: tx->0 enq=16910 drop=0 sent=16910 fail=0 hi=6 rtt_avg=28us get_avg=0us get_max=3ms
2026-10-02T19:37:02.181Z raft-obs: tx->3 enq=16902 drop=0 sent=16902 fail=0 hi=5 rtt_avg=27us get_avg=0us get_max=3ms
2026-10-02T19:37:02.181Z raft-obs: wait_timeouts=0 pump_hold_max=3us lock_wait_max=1us drain_max=3us tick_max=1us apply_max=0us persist_max=4us applies_in_worst=0 arc_miss=0 arc_term_miss=0 opid_replay=0 fin_q=0 fin_done=0 fin_drop=0 fin_full=0 pub_p50=0us pub_max=0us inbox_drop=0
2026-10-02T19:37:07.182Z raft-obs: tx->0 enq=17009 drop=0 sent=17009 fail=0 hi=6 rtt_avg=28us get_avg=0us get_max=3ms
2026-10-02T19:37:07.182Z raft-obs: tx->3 enq=17001 drop=0 sent=17000 fail=0 hi=5 rtt_avg=27us get_avg=0us get_max=3ms
2026-10-02T19:37:07.182Z raft-obs: wait_timeouts=0 pump_hold_max=7us lock_wait_max=1us drain_max=7us tick_max=1us apply_max=0us persist_max=1us applies_in_worst=0 arc_miss=0 arc_term_miss=0 opid_replay=0 fin_q=0 fin_done=0 fin_drop=0 fin_full=0 pub_p50=0us pub_max=0us inbox_drop=0
2026-10-02T19:37:12.183Z raft-obs: tx->0 enq=17107 drop=0 sent=17107 fail=0 hi=6 rtt_avg=28us get_avg=0us get_max=3ms
2026-10-02T19:37:12.183Z raft-obs: tx->3 enq=17099 drop=0 sent=17099 fail=0 hi=5 rtt_avg=27us get_avg=0us get_max=3ms
2026-10-02T19:37:12.183Z raft-obs: wait_timeouts=0 pump_hold_max=3us lock_wait_max=1us drain_max=3us tick_max=1us apply_max=0us persist_max=1us applies_in_worst=0 arc_miss=0 arc_term_miss=0 opid_replay=0 fin_q=0 fin_done=0 fin_drop=0 fin_full=0 pub_p50=0us pub_max=0us inbox_drop=0
2026-10-02T19:37:17.183Z raft-obs: tx->0 enq=17206 drop=0 sent=17206 fail=0 hi=6 rtt_avg=28us get_avg=0us get_max=3ms
2026-10-02T19:37:17.183Z raft-obs: tx->3 enq=17198 drop=0 sent=17198 fail=0 hi=5 rtt_avg=27us get_avg=0us get_max=3ms
2026-10-02T19:37:17.183Z raft-obs: wait_timeouts=0 pump_hold_max=4us lock_wait_max=1us drain_max=3us tick_max=1us apply_max=0us persist_max=1us applies_in_worst=0 arc_miss=0 arc_term_miss=0 opid_replay=0 fin_q=0 fin_done=0 fin_drop=0 fin_full=0 pub_p50=0us pub_max=0us inbox_drop=0
2026-10-02T19:37:22.184Z raft-obs: tx->0 enq=17305 drop=0 sent=17305 fail=0 hi=6 rtt_avg=28us get_avg=0us get_max=3ms
2026-10-02T19:37:22.184Z raft-obs: tx->3 enq=17297 drop=0 sent=17297 fail=0 hi=5 rtt_avg=27us get_avg=0us get_max=3ms
2026-10-02T19:37:22.184Z raft-obs: wait_timeouts=0 pump_hold_max=8us lock_wait_max=1us drain_max=8us tick_max=1us apply_max=0us persist_max=1us applies_in_worst=0 arc_miss=0 arc_term_miss=0 opid_replay=0 fin_q=0 fin_done=0 fin_drop=0 fin_full=0 pub_p50=0us pub_max=0us inbox_drop=0
2026-10-02T19:37:27.185Z raft-obs: tx->0 enq=17404 drop=0 sent=17404 fail=0 hi=6 rtt_avg=28us get_avg=0us get_max=3ms
2026-10-02T19:37:27.185Z raft-obs: tx->3 enq=17396 drop=0 sent=17396 fail=0 hi=5 rtt_avg=27us get_avg=0us get_max=3ms
2026-10-02T19:37:27.185Z raft-obs: wait_timeouts=0 pump_hold_max=7us lock_wait_max=4us drain_max=7us tick_max=1us apply_max=0us persist_max=1us applies_in_worst=0 arc_miss=0 arc_term_miss=0 opid_replay=0 fin_q=0 fin_done=0 fin_drop=0 fin_full=0 pub_p50=0us pub_max=0us inbox_drop=0
2026-10-02T19:37:32.186Z raft-obs: tx->0 enq=17503 drop=0 sent=17503 fail=0 hi=6 rtt_avg=28us get_avg=0us get_max=3ms
2026-10-02T19:37:32.186Z raft-obs: tx->3 enq=17495 drop=0 sent=17494 fail=0 hi=5 rtt_avg=27us get_avg=0us get_max=3ms
2026-10-02T19:37:32.186Z raft-obs: wait_timeouts=0 pump_hold_max=8us lock_wait_max=1us drain_max=8us tick_max=1us apply_max=0us persist_max=3us applies_in_worst=0 arc_miss=0 arc_term_miss=0 opid_replay=0 fin_q=0 fin_done=0 fin_drop=0 fin_full=0 pub_p50=0us pub_max=0us inbox_drop=0
2026-10-02T19:37:37.187Z raft-obs: tx->0 enq=17601 drop=0 sent=17601 fail=0 hi=6 rtt_avg=28us get_avg=0us get_max=3ms
2026-10-02T19:37:37.187Z raft-obs: tx->3 enq=17593 drop=0 sent=17593 fail=0 hi=5 rtt_avg=27us get_avg=0us get_max=3ms
2026-10-02T19:37:37.187Z raft-obs: wait_timeouts=0 pump_hold_max=10us lock_wait_max=1us drain_max=10us tick_max=1us apply_max=0us persist_max=1us applies_in_worst=0 arc_miss=0 arc_term_miss=0 opid_replay=0 fin_q=0 fin_done=0 fin_drop=0 fin_full=0 pub_p50=0us pub_max=0us inbox_drop=0
2026-10-02T19:37:42.188Z raft-obs: tx->0 enq=17700 drop=0 sent=17700 fail=0 hi=6 rtt_avg=28us get_avg=0us get_max=3ms
2026-10-02T19:37:42.188Z raft-obs: tx->3 enq=17692 drop=0 sent=17692 fail=0 hi=5 rtt_avg=27us get_avg=0us get_max=3ms
2026-10-02T19:37:42.188Z raft-obs: wait_timeouts=0 pump_hold_max=5us lock_wait_max=1us drain_max=4us tick_max=1us apply_max=0us persist_max=1us applies_in_worst=0 arc_miss=0 arc_term_miss=0 opid_replay=0 fin_q=0 fin_done=0 fin_drop=0 fin_full=0 pub_p50=0us pub_max=0us inbox_drop=0
2026-10-02T19:37:47.189Z raft-obs: tx->0 enq=17799 drop=0 sent=17799 fail=0 hi=6 rtt_avg=28us get_avg=0us get_max=3ms
2026-10-02T19:37:47.189Z raft-obs: tx->3 enq=17791 drop=0 sent=17791 fail=0 hi=5 rtt_avg=27us get_avg=0us get_max=3ms
2026-10-02T19:37:47.189Z raft-obs: wait_timeouts=0 pump_hold_max=9us lock_wait_max=1us drain_max=9us tick_max=1us apply_max=0us persist_max=4us applies_in_worst=0 arc_miss=0 arc_term_miss=0 opid_replay=0 fin_q=0 fin_done=0 fin_drop=0 fin_full=0 pub_p50=0us pub_max=0us inbox_drop=0
2026-10-02T19:37:52.190Z raft-obs: tx->0 enq=17898 drop=0 sent=17898 fail=0 hi=6 rtt_avg=28us get_avg=0us get_max=3ms
2026-10-02T19:37:52.190Z raft-obs: tx->3 enq=17890 drop=0 sent=17890 fail=0 hi=5 rtt_avg=27us get_avg=0us get_max=3ms
2026-10-02T19:37:52.190Z raft-obs: wait_timeouts=0 pump_hold_max=6us lock_wait_max=5us drain_max=6us tick_max=1us apply_max=0us persist_max=1us applies_in_worst=0 arc_miss=0 arc_term_miss=0 opid_replay=0 fin_q=0 fin_done=0 fin_drop=0 fin_full=0 pub_p50=0us pub_max=0us inbox_drop=0
2026-10-02T19:37:57.191Z raft-obs: tx->0 enq=17997 drop=0 sent=17997 fail=0 hi=6 rtt_avg=28us get_avg=0us get_max=3ms
2026-10-02T19:37:57.191Z raft-obs: tx->3 enq=17989 drop=0 sent=17988 fail=0 hi=5 rtt_avg=27us get_avg=0us get_max=3ms
2026-10-02T19:37:57.191Z raft-obs: wait_timeouts=0 pump_hold_max=3us lock_wait_max=4us drain_max=3us tick_max=1us apply_max=0us persist_max=1us applies_in_worst=0 arc_miss=0 arc_term_miss=0 opid_replay=0 fin_q=0 fin_done=0 fin_drop=0 fin_full=0 pub_p50=0us pub_max=0us inbox_drop=0
2026-10-02T19:38:02.192Z raft-obs: tx->0 enq=18095 drop=0 sent=18095 fail=0 hi=6 rtt_avg=28us get_avg=0us get_max=3ms
2026-10-02T19:38:02.192Z raft-obs: tx->3 enq=18087 drop=0 sent=18087 fail=0 hi=5 rtt_avg=27us get_avg=0us get_max=3ms
2026-10-02T19:38:02.192Z raft-obs: wait_timeouts=0 pump_hold_max=3us lock_wait_max=1us drain_max=3us tick_max=1us apply_max=0us persist_max=4us applies_in_worst=0 arc_miss=0 arc_term_miss=0 opid_replay=0 fin_q=0 fin_done=0 fin_drop=0 fin_full=0 pub_p50=0us pub_max=0us inbox_drop=0
2026-10-02T19:38:07.193Z raft-obs: tx->0 enq=18194 drop=0 sent=18194 fail=0 hi=6 rtt_avg=28us get_avg=0us get_max=3ms
2026-10-02T19:38:07.193Z raft-obs: tx->3 enq=18186 drop=0 sent=18186 fail=0 hi=5 rtt_avg=27us get_avg=0us get_max=3ms
2026-10-02T19:38:07.193Z raft-obs: wait_timeouts=0 pump_hold_max=3us lock_wait_max=1us drain_max=3us tick_max=1us apply_max=0us persist_max=4us applies_in_worst=0 arc_miss=0 arc_term_miss=0 opid_replay=0 fin_q=0 fin_done=0 fin_drop=0 fin_full=0 pub_p50=0us pub_max=0us inbox_drop=0
2026-10-02T19:38:12.194Z raft-obs: tx->0 enq=18293 drop=0 sent=18293 fail=0 hi=6 rtt_avg=28us get_avg=0us get_max=3ms
2026-10-02T19:38:12.194Z raft-obs: tx->3 enq=18285 drop=0 sent=18285 fail=0 hi=5 rtt_avg=27us get_avg=0us get_max=3ms
2026-10-02T19:38:12.194Z raft-obs: wait_timeouts=0 pump_hold_max=5us lock_wait_max=1us drain_max=5us tick_max=1us apply_max=0us persist_max=1us applies_in_worst=0 arc_miss=0 arc_term_miss=0 opid_replay=0 fin_q=0 fin_done=0 fin_drop=0 fin_full=0 pub_p50=0us pub_max=0us inbox_drop=0
2026-10-02T19:38:17.196Z raft-obs: tx->0 enq=18392 drop=0 sent=18392 fail=0 hi=6 rtt_avg=28us get_avg=0us get_max=3ms
2026-10-02T19:38:17.196Z raft-obs: tx->3 enq=18384 drop=0 sent=18384 fail=0 hi=5 rtt_avg=27us get_avg=0us get_max=3ms
2026-10-02T19:38:17.196Z raft-obs: wait_timeouts=0 pump_hold_max=5us lock_wait_max=1us drain_max=5us tick_max=1us apply_max=0us persist_max=1us applies_in_worst=0 arc_miss=0 arc_term_miss=0 opid_replay=0 fin_q=0 fin_done=0 fin_drop=0 fin_full=0 pub_p50=0us pub_max=0us inbox_drop=0
2026-10-02T19:38:22.197Z raft-obs: tx->0 enq=18491 drop=0 sent=18491 fail=0 hi=6 rtt_avg=28us get_avg=0us get_max=3ms
2026-10-02T19:38:22.197Z raft-obs: tx->3 enq=18483 drop=0 sent=18482 fail=0 hi=5 rtt_avg=27us get_avg=0us get_max=3ms
2026-10-02T19:38:22.197Z raft-obs: wait_timeouts=0 pump_hold_max=9us lock_wait_max=4us drain_max=9us tick_max=1us apply_max=0us persist_max=1us applies_in_worst=0 arc_miss=0 arc_term_miss=0 opid_replay=0 fin_q=0 fin_done=0 fin_drop=0 fin_full=0 pub_p50=0us pub_max=0us inbox_drop=0
2026-10-02T19:38:27.198Z raft-obs: tx->0 enq=18589 drop=0 sent=18589 fail=0 hi=6 rtt_avg=28us get_avg=0us get_max=3ms
2026-10-02T19:38:27.198Z raft-obs: tx->3 enq=18581 drop=0 sent=18581 fail=0 hi=5 rtt_avg=27us get_avg=0us get_max=3ms
2026-10-02T19:38:27.198Z raft-obs: wait_timeouts=0 pump_hold_max=8us lock_wait_max=1us drain_max=8us tick_max=3us apply_max=0us persist_max=7us applies_in_worst=0 arc_miss=0 arc_term_miss=0 opid_replay=0 fin_q=0 fin_done=0 fin_drop=0 fin_full=0 pub_p50=0us pub_max=0us inbox_drop=0
2026-10-02T19:38:32.199Z raft-obs: tx->0 enq=18688 drop=0 sent=18688 fail=0 hi=6 rtt_avg=28us get_avg=0us get_max=3ms
2026-10-02T19:38:32.199Z raft-obs: tx->3 enq=18680 drop=0 sent=18680 fail=0 hi=5 rtt_avg=27us get_avg=0us get_max=3ms
2026-10-02T19:38:32.199Z raft-obs: wait_timeouts=0 pump_hold_max=9us lock_wait_max=1us drain_max=8us tick_max=1us apply_max=0us persist_max=2us applies_in_worst=0 arc_miss=0 arc_term_miss=0 opid_replay=0 fin_q=0 fin_done=0 fin_drop=0 fin_full=0 pub_p50=0us pub_max=0us inbox_drop=0
2026-10-02T19:38:37.200Z raft-obs: tx->0 enq=18787 drop=0 sent=18787 fail=0 hi=6 rtt_avg=28us get_avg=0us get_max=3ms
2026-10-02T19:38:37.200Z raft-obs: tx->3 enq=18779 drop=0 sent=18779 fail=0 hi=5 rtt_avg=27us get_avg=0us get_max=3ms
2026-10-02T19:38:37.200Z raft-obs: wait_timeouts=0 pump_hold_max=5us lock_wait_max=1us drain_max=5us tick_max=1us apply_max=0us persist_max=5us applies_in_worst=0 arc_miss=0 arc_term_miss=0 opid_replay=0 fin_q=0 fin_done=0 fin_drop=0 fin_full=0 pub_p50=0us pub_max=0us inbox_drop=0
2026-10-02T19:38:42.200Z raft-obs: tx->0 enq=18886 drop=0 sent=18886 fail=0 hi=6 rtt_avg=28us get_avg=0us get_max=3ms
2026-10-02T19:38:42.200Z raft-obs: tx->3 enq=18878 drop=0 sent=18878 fail=0 hi=5 rtt_avg=27us get_avg=0us get_max=3ms
2026-10-02T19:38:42.200Z raft-obs: wait_timeouts=0 pump_hold_max=9us lock_wait_max=6us drain_max=9us tick_max=1us apply_max=0us persist_max=1us applies_in_worst=0 arc_miss=0 arc_term_miss=0 opid_replay=0 fin_q=0 fin_done=0 fin_drop=0 fin_full=0 pub_p50=0us pub_max=0us inbox_drop=0
2026-10-02T19:38:47.201Z raft-obs: tx->0 enq=18985 drop=0 sent=18984 fail=0 hi=6 rtt_avg=28us get_avg=0us get_max=3ms
2026-10-02T19:38:47.201Z raft-obs: tx->3 enq=18976 drop=0 sent=18976 fail=0 hi=5 rtt_avg=27us get_avg=0us get_max=3ms
2026-10-02T19:38:47.201Z raft-obs: wait_timeouts=0 pump_hold_max=5us lock_wait_max=1us drain_max=5us tick_max=1us apply_max=0us persist_max=5us applies_in_worst=0 arc_miss=0 arc_term_miss=0 opid_replay=0 fin_q=0 fin_done=0 fin_drop=0 fin_full=0 pub_p50=0us pub_max=0us inbox_drop=0
2026-10-02T19:38:52.202Z raft-obs: tx->0 enq=19083 drop=0 sent=19083 fail=0 hi=6 rtt_avg=28us get_avg=0us get_max=3ms
2026-10-02T19:38:52.202Z raft-obs: tx->3 enq=19075 drop=0 sent=19075 fail=0 hi=5 rtt_avg=27us get_avg=0us get_max=3ms
2026-10-02T19:38:52.202Z raft-obs: wait_timeouts=0 pump_hold_max=7us lock_wait_max=3us drain_max=7us tick_max=1us apply_max=0us persist_max=6us applies_in_worst=0 arc_miss=0 arc_term_miss=0 opid_replay=0 fin_q=0 fin_done=0 fin_drop=0 fin_full=0 pub_p50=0us pub_max=0us inbox_drop=0
2026-10-02T19:38:57.203Z raft-obs: tx->0 enq=19182 drop=0 sent=19182 fail=0 hi=6 rtt_avg=28us get_avg=0us get_max=3ms
2026-10-02T19:38:57.203Z raft-obs: tx->3 enq=19174 drop=0 sent=19174 fail=0 hi=5 rtt_avg=27us get_avg=0us get_max=3ms
2026-10-02T19:38:57.203Z raft-obs: wait_timeouts=0 pump_hold_max=8us lock_wait_max=1us drain_max=8us tick_max=1us apply_max=0us persist_max=1us applies_in_worst=0 arc_miss=0 arc_term_miss=0 opid_replay=0 fin_q=0 fin_done=0 fin_drop=0 fin_full=0 pub_p50=0us pub_max=0us inbox_drop=0
2026-10-02T19:38:59.205Z raft-host: apply lane-fence rc=-2 index=4266281 ino=315182
2026-10-02T19:38:59.211Z raft-host: apply lane-fence rc=-2 index=4266282 ino=294702
2026-10-02T19:38:59.212Z raft-host: apply lane-fence rc=-2 index=4266283 ino=323374
2026-10-02T19:38:59.213Z raft-host: apply lane-fence rc=-2 index=4266284 ino=298798
2026-10-02T19:38:59.214Z raft-host: apply lane-fence rc=-2 index=4266285 ino=327470
2026-10-02T19:38:59.215Z raft-host: apply lane-fence rc=-2 index=4266286 ino=339758
2026-10-02T19:38:59.216Z raft-host: apply lane-fence rc=-2 index=4266287 ino=286510
2026-10-02T19:38:59.217Z raft-host: apply lane-fence rc=-2 index=4266288 ino=319278
2026-10-02T19:38:59.218Z raft-host: apply lane-fence rc=-2 index=4266289 ino=306990
2026-10-02T19:38:59.219Z raft-host: apply lane-fence rc=-2 index=4266290 ino=302894
2026-10-02T19:38:59.220Z raft-host: apply lane-fence rc=-2 index=4266291 ino=290606
2026-10-02T19:38:59.221Z raft-host: apply lane-fence rc=-2 index=4266292 ino=311086
2026-10-02T19:38:59.222Z raft-host: apply lane-fence rc=-2 index=4266293 ino=343854
2026-10-02T19:38:59.223Z raft-host: apply lane-fence rc=-2 index=4266294 ino=335662
2026-10-02T19:38:59.224Z raft-host: apply lane-fence rc=-2 index=4266295 ino=347950
2026-10-02T19:38:59.225Z raft-host: apply lane-fence rc=-2 index=4266296 ino=331566
2026-10-02T19:39:02.204Z raft-obs: tx->0 enq=19312 drop=0 sent=19312 fail=0 hi=6 rtt_avg=28us get_avg=0us get_max=3ms
2026-10-02T19:39:02.204Z raft-obs: tx->3 enq=19273 drop=0 sent=19273 fail=0 hi=5 rtt_avg=27us get_avg=0us get_max=3ms
2026-10-02T19:39:02.204Z raft-obs: wait_timeouts=0 pump_hold_max=482us lock_wait_max=1us drain_max=482us tick_max=4us apply_max=479us persist_max=236us applies_in_worst=1 arc_miss=0 arc_term_miss=0 opid_replay=0 fin_q=0 fin_done=0 fin_drop=0 fin_full=0 pub_p50=0us pub_max=0us inbox_drop=0
2026-10-02T19:39:07.205Z raft-obs: tx->0 enq=19411 drop=0 sent=19411 fail=0 hi=6 rtt_avg=28us get_avg=0us get_max=3ms
2026-10-02T19:39:07.205Z raft-obs: tx->3 enq=19372 drop=0 sent=19372 fail=0 hi=5 rtt_avg=27us get_avg=0us get_max=3ms
2026-10-02T19:39:07.205Z raft-obs: wait_timeouts=0 pump_hold_max=8us lock_wait_max=1us drain_max=8us tick_max=1us apply_max=0us persist_max=1us applies_in_worst=0 arc_miss=0 arc_term_miss=0 opid_replay=0 fin_q=0 fin_done=0 fin_drop=0 fin_full=0 pub_p50=0us pub_max=0us inbox_drop=0
2026-10-02T19:39:11.430Z kv-compact: start l0=268 inputs=3 range=2 l0only=0
2026-10-02T19:39:11.436Z kv-compact: end bytes=2041334 ms=5 l0=266 l1=300 rc=0
2026-10-02T19:39:11.436Z kv-compact: start l0=266 inputs=1 range=1 l0only=0
2026-10-02T19:39:11.439Z kv-compact: end bytes=1057920 ms=3 l0=265 l1=301 rc=0
2026-10-02T19:39:11.439Z kv-compact: start l0=265 inputs=2 range=258 l0only=1
2026-10-02T19:39:11.461Z kv-compact: end bytes=19096510 ms=22 l0=264 l1=301 rc=0
2026-10-02T19:39:11.461Z kv-compact: start l0=264 inputs=2 range=257 l0only=1
2026-10-02T19:39:11.483Z kv-compact: end bytes=15732252 ms=22 l0=263 l1=301 rc=0
2026-10-02T19:39:11.483Z kv-compact: start l0=263 inputs=2 range=270 l0only=1
2026-10-02T19:39:11.503Z kv-compact: end bytes=15355848 ms=20 l0=262 l1=301 rc=0
2026-10-02T19:39:11.503Z kv-compact: start l0=262 inputs=2 range=264 l0only=1
2026-10-02T19:39:11.522Z kv-compact: end bytes=14923297 ms=19 l0=261 l1=301 rc=0
2026-10-02T19:39:11.522Z kv-compact: start l0=261 inputs=2 range=263 l0only=1
2026-10-02T19:39:11.538Z kv-compact: end bytes=13937201 ms=16 l0=260 l1=301 rc=0
2026-10-02T19:39:11.538Z kv-compact: start l0=260 inputs=2 range=266 l0only=1
2026-10-02T19:39:11.552Z kv-compact: end bytes=12222535 ms=14 l0=259 l1=301 rc=0
2026-10-02T19:39:11.552Z kv-compact: start l0=259 inputs=2 range=260 l0only=1
2026-10-02T19:39:11.565Z kv-compact: end bytes=10918428 ms=14 l0=258 l1=301 rc=0
2026-10-02T19:39:11.566Z kv-compact: start l0=258 inputs=2 range=267 l0only=1
2026-10-02T19:39:11.574Z kv-compact: end bytes=6627529 ms=8 l0=257 l1=301 rc=0
2026-10-02T19:39:11.689Z kv-compact: start l0=265 inputs=2 range=2 l0only=0
2026-10-02T19:39:11.695Z kv-compact: end bytes=3247734 ms=6 l0=264 l1=301 rc=0
2026-10-02T19:39:11.695Z kv-compact: start l0=264 inputs=2 range=1 l0only=0
2026-10-02T19:39:11.700Z kv-compact: end bytes=2227200 ms=4 l0=263 l1=301 rc=0
2026-10-02T19:39:11.700Z kv-compact: start l0=263 inputs=2 range=257 l0only=1
2026-10-02T19:39:11.723Z kv-compact: end bytes=15859059 ms=23 l0=262 l1=301 rc=0
2026-10-02T19:39:11.723Z kv-compact: start l0=262 inputs=2 range=270 l0only=1
2026-10-02T19:39:11.746Z kv-compact: end bytes=15440386 ms=23 l0=261 l1=301 rc=0
2026-10-02T19:39:11.746Z kv-compact: start l0=261 inputs=2 range=264 l0only=1
2026-10-02T19:39:11.761Z store: put O_DIRECT zero-copy (payload+digest writev) len=65536
2026-10-02T19:39:11.766Z kv-compact: end bytes=14965566 ms=20 l0=260 l1=301 rc=0
2026-10-02T19:39:11.766Z kv-compact: start l0=260 inputs=2 range=263 l0only=1
2026-10-02T19:39:11.784Z kv-compact: end bytes=13992171 ms=19 l0=259 l1=301 rc=0
2026-10-02T19:39:11.784Z kv-compact: start l0=259 inputs=2 range=260 l0only=1
2026-10-02T19:39:11.799Z kv-compact: end bytes=11024086 ms=14 l0=258 l1=301 rc=0
2026-10-02T19:39:11.799Z kv-compact: start l0=258 inputs=2 range=267 l0only=1
2026-10-02T19:39:11.808Z kv-compact: end bytes=6754336 ms=10 l0=257 l1=301 rc=0
2026-10-02T19:39:11.900Z kv-compact: start l0=265 inputs=2 range=2 l0only=0
2026-10-02T19:39:11.908Z kv-compact: end bytes=4454134 ms=8 l0=264 l1=301 rc=0
2026-10-02T19:39:11.908Z kv-compact: start l0=264 inputs=2 range=1 l0only=0
2026-10-02T19:39:11.915Z kv-compact: end bytes=3396480 ms=7 l0=263 l1=301 rc=0
2026-10-02T19:39:11.915Z kv-compact: start l0=263 inputs=2 range=257 l0only=1
2026-10-02T19:39:11.939Z kv-compact: end bytes=15956269 ms=24 l0=262 l1=301 rc=0
2026-10-02T19:39:11.939Z kv-compact: start l0=262 inputs=2 range=270 l0only=1
2026-10-02T19:39:11.962Z kv-compact: end bytes=15569881 ms=23 l0=261 l1=301 rc=0
2026-10-02T19:39:11.962Z kv-compact: start l0=261 inputs=2 range=264 l0only=1
2026-10-02T19:39:11.982Z kv-compact: end bytes=15092373 ms=20 l0=260 l1=301 rc=0
2026-10-02T19:39:11.982Z kv-compact: start l0=260 inputs=2 range=261 l0only=1
2026-10-02T19:39:11.996Z kv-compact: end bytes=11642524 ms=14 l0=259 l1=301 rc=0
2026-10-02T19:39:11.996Z kv-compact: start l0=259 inputs=2 range=260 l0only=1
2026-10-02T19:39:12.010Z kv-compact: end bytes=11087504 ms=14 l0=258 l1=301 rc=0
2026-10-02T19:39:12.010Z kv-compact: start l0=258 inputs=2 range=267 l0only=1
2026-10-02T19:39:12.020Z kv-compact: end bytes=6838874 ms=10 l0=257 l1=301 rc=0
2026-10-02T19:39:12.178Z kv-compact: start l0=265 inputs=2 range=1 l0only=0
2026-10-02T19:39:12.187Z kv-compact: end bytes=4640000 ms=9 l0=264 l1=301 rc=0
2026-10-02T19:39:12.187Z kv-compact: start l0=264 inputs=2 range=2 l0only=0
2026-10-02T19:39:12.196Z kv-compact: end bytes=5586294 ms=9 l0=263 l1=301 rc=0
2026-10-02T19:39:12.196Z kv-compact: start l0=263 inputs=2 range=258 l0only=1
2026-10-02T19:39:12.210Z raft-obs: tx->0 enq=19545 drop=0 sent=19544 fail=0 hi=6 rtt_avg=28us get_avg=0us get_max=3ms
2026-10-02T19:39:12.210Z raft-obs: tx->3 enq=19576 drop=0 sent=19572 fail=0 hi=5 rtt_avg=27us get_avg=0us get_max=3ms
2026-10-02T19:39:12.210Z raft-obs: wait_timeouts=0 pump_hold_max=21115us lock_wait_max=1us drain_max=21115us tick_max=4us apply_max=21113us persist_max=3429us applies_in_worst=2 arc_miss=0 arc_term_miss=0 opid_replay=0 fin_q=0 fin_done=0 fin_drop=0 fin_full=0 pub_p50=0us pub_max=0us inbox_drop=0
2026-10-02T19:39:12.220Z kv-compact: end bytes=19138779 ms=24 l0=262 l1=301 rc=0
2026-10-02T19:39:12.220Z kv-compact: start l0=262 inputs=2 range=257 l0only=1
2026-10-02T19:39:12.244Z kv-compact: end bytes=16028135 ms=24 l0=261 l1=301 rc=0
2026-10-02T19:39:12.244Z kv-compact: start l0=261 inputs=2 range=270 l0only=1
2026-10-02T19:39:12.267Z kv-compact: end bytes=15658643 ms=23 l0=260 l1=301 rc=0
2026-10-02T19:39:12.267Z kv-compact: start l0=260 inputs=2 range=264 l0only=1
2026-10-02T19:39:12.288Z kv-compact: end bytes=15176911 ms=21 l0=259 l1=301 rc=0
2026-10-02T19:39:12.288Z kv-compact: start l0=259 inputs=2 range=261 l0only=1
2026-10-02T19:39:12.304Z kv-compact: end bytes=11769331 ms=16 l0=258 l1=301 rc=0
2026-10-02T19:39:12.304Z kv-compact: start l0=258 inputs=2 range=267 l0only=1
2026-10-02T19:39:12.316Z kv-compact: end bytes=6965681 ms=12 l0=257 l1=301 rc=0
2026-10-02T19:39:12.383Z kv-compact: start l0=264 inputs=2 range=2 l0only=0
2026-10-02T19:39:12.394Z kv-compact: end bytes=6848374 ms=11 l0=263 l1=301 rc=0
2026-10-02T19:39:12.394Z kv-compact: start l0=263 inputs=2 range=1 l0only=0
2026-10-02T19:39:12.405Z kv-compact: end bytes=5753600 ms=11 l0=262 l1=301 rc=0
2026-10-02T19:39:12.405Z kv-compact: start l0=262 inputs=2 range=258 l0only=1
2026-10-02T19:39:12.428Z kv-compact: end bytes=19261333 ms=23 l0=261 l1=301 rc=0
2026-10-02T19:39:12.428Z kv-compact: start l0=261 inputs=2 range=270 l0only=1
2026-10-02T19:39:12.454Z kv-compact: end bytes=15781226 ms=26 l0=260 l1=301 rc=0
2026-10-02T19:39:12.454Z kv-compact: start l0=260 inputs=2 range=264 l0only=1
2026-10-02T19:39:12.476Z kv-compact: end bytes=15303718 ms=22 l0=259 l1=301 rc=0
2026-10-02T19:39:12.476Z kv-compact: start l0=259 inputs=2 range=261 l0only=1
2026-10-02T19:39:12.492Z kv-compact: end bytes=11853869 ms=16 l0=258 l1=301 rc=0
2026-10-02T19:39:12.492Z kv-compact: start l0=258 inputs=2 range=267 l0only=1
2026-10-02T19:39:12.503Z kv-compact: end bytes=7050219 ms=11 l0=257 l1=301 rc=0
2026-10-02T19:39:12.653Z kv-compact: start l0=265 inputs=2 range=1 l0only=0
2026-10-02T19:39:12.665Z kv-compact: end bytes=6997120 ms=12 l0=264 l1=301 rc=0
2026-10-02T19:39:12.665Z kv-compact: start l0=264 inputs=2 range=2 l0only=0
2026-10-02T19:39:12.678Z kv-compact: end bytes=7980498 ms=13 l0=263 l1=301 rc=0
2026-10-02T19:39:12.678Z kv-compact: start l0=263 inputs=2 range=258 l0only=1
2026-10-02T19:39:12.701Z kv-compact: end bytes=19265586 ms=24 l0=262 l1=301 rc=0
2026-10-02T19:39:12.702Z kv-compact: start l0=262 inputs=2 range=257 l0only=1
2026-10-02T19:39:12.726Z kv-compact: end bytes=16112673 ms=24 l0=261 l1=301 rc=0
2026-10-02T19:39:12.726Z kv-compact: start l0=261 inputs=2 range=270 l0only=1
2026-10-02T19:39:12.749Z kv-compact: end bytes=15908061 ms=24 l0=260 l1=301 rc=0
2026-10-02T19:39:12.749Z kv-compact: start l0=260 inputs=2 range=263 l0only=1
2026-10-02T19:39:12.768Z kv-compact: end bytes=14106277 ms=18 l0=259 l1=301 rc=0
2026-10-02T19:39:12.768Z kv-compact: start l0=259 inputs=2 range=260 l0only=1
2026-10-02T19:39:12.784Z kv-compact: end bytes=11172042 ms=16 l0=258 l1=301 rc=0
2026-10-02T19:39:12.784Z kv-compact: start l0=258 inputs=2 range=267 l0only=1
2026-10-02T19:39:12.796Z kv-compact: end bytes=7177026 ms=12 l0=257 l1=301 rc=0
2026-10-02T19:39:12.864Z kv-compact: start l0=265 inputs=2 range=2 l0only=0
2026-10-02T19:39:12.880Z kv-compact: end bytes=9186898 ms=15 l0=264 l1=301 rc=0
2026-10-02T19:39:12.880Z kv-compact: start l0=264 inputs=2 range=1 l0only=0
2026-10-02T19:39:12.896Z kv-compact: end bytes=8135950 ms=16 l0=263 l1=301 rc=0
2026-10-02T19:39:12.896Z kv-compact: start l0=263 inputs=2 range=257 l0only=1
2026-10-02T19:39:12.924Z kv-compact: end bytes=16239480 ms=28 l0=262 l1=301 rc=0
2026-10-02T19:39:12.924Z kv-compact: start l0=262 inputs=2 range=270 l0only=1
2026-10-02T19:39:12.948Z kv-compact: end bytes=15992599 ms=25 l0=261 l1=301 rc=0
2026-10-02T19:39:12.949Z kv-compact: start l0=261 inputs=2 range=264 l0only=1
2026-10-02T19:39:12.971Z kv-compact: end bytes=15345987 ms=22 l0=260 l1=301 rc=0
2026-10-02T19:39:12.971Z kv-compact: start l0=260 inputs=2 range=263 l0only=1
2026-10-02T19:39:12.991Z kv-compact: end bytes=14161247 ms=20 l0=259 l1=301 rc=0
2026-10-02T19:39:12.991Z kv-compact: start l0=259 inputs=2 range=260 l0only=1
2026-10-02T19:39:13.007Z kv-compact: end bytes=11277700 ms=16 l0=258 l1=301 rc=0
2026-10-02T19:39:13.007Z kv-compact: start l0=258 inputs=2 range=267 l0only=1
2026-10-02T19:39:13.019Z kv-compact: end bytes=7303833 ms=12 l0=257 l1=301 rc=0
2026-10-02T19:39:13.151Z kv-compact: start l0=265 inputs=2 range=2 l0only=0
2026-10-02T19:39:13.167Z kv-compact: end bytes=10393298 ms=16 l0=264 l1=301 rc=0
2026-10-02T19:39:13.167Z kv-compact: start l0=264 inputs=2 range=1 l0only=0
2026-10-02T19:39:13.182Z kv-compact: end bytes=9298560 ms=16 l0=263 l1=301 rc=0
2026-10-02T19:39:13.183Z kv-compact: start l0=263 inputs=2 range=257 l0only=1
2026-10-02T19:39:13.207Z kv-compact: end bytes=16336690 ms=24 l0=262 l1=301 rc=0
2026-10-02T19:39:13.207Z kv-compact: start l0=262 inputs=2 range=270 l0only=1
2026-10-02T19:39:13.233Z kv-compact: end bytes=16119406 ms=26 l0=261 l1=301 rc=0
2026-10-02T19:39:13.233Z kv-compact: start l0=261 inputs=2 range=264 l0only=1
2026-10-02T19:39:13.254Z kv-compact: end bytes=15472794 ms=21 l0=260 l1=301 rc=0
2026-10-02T19:39:13.254Z kv-compact: start l0=260 inputs=2 range=261 l0only=1
2026-10-02T19:39:13.271Z kv-compact: end bytes=11896138 ms=18 l0=259 l1=301 rc=0
2026-10-02T19:39:13.272Z kv-compact: start l0=259 inputs=2 range=260 l0only=1
2026-10-02T19:39:13.289Z kv-compact: end bytes=11341118 ms=17 l0=258 l1=301 rc=0
2026-10-02T19:39:13.289Z kv-compact: start l0=258 inputs=2 range=267 l0only=1
2026-10-02T19:39:13.301Z kv-compact: end bytes=7388371 ms=12 l0=257 l1=301 rc=0
2026-10-02T19:39:13.362Z kv-compact: start l0=265 inputs=5 range=258 l0only=0
2026-10-02T19:39:13.607Z kv-compact: end bytes=172254313 ms=245 l0=263 l1=301 rc=0
2026-10-02T19:39:13.608Z kv-compact: start l0=263 inputs=2 range=1 l0only=0
2026-10-02T19:39:13.630Z kv-compact: end bytes=10542080 ms=23 l0=269 l1=301 rc=0
2026-10-02T19:39:13.631Z kv-compact: start l0=269 inputs=3 range=2 l0only=0
2026-10-02T19:39:13.631Z raft-host: gc-pass ms=8 reap=0 frag=0 spread=0 recover=0 fscans=0 fsegs=0 fkeys=0 femit=0 ftomb=0 scans=0 segs=0 keys=0 emit=0 tomb=0
2026-10-02T19:39:13.652Z kv-compact: end bytes=12787538 ms=21 l0=267 l1=301 rc=0
2026-10-02T19:39:13.652Z kv-compact: start l0=267 inputs=3 range=270 l0only=1
2026-10-02T19:39:13.678Z kv-compact: end bytes=16330751 ms=26 l0=265 l1=301 rc=0
2026-10-02T19:39:13.678Z kv-compact: start l0=265 inputs=3 range=264 l0only=1
2026-10-02T19:39:13.701Z kv-compact: end bytes=15684139 ms=23 l0=263 l1=301 rc=0
2026-10-02T19:39:13.701Z kv-compact: start l0=263 inputs=3 range=261 l0only=1
2026-10-02T19:39:13.717Z kv-compact: end bytes=12107483 ms=16 l0=261 l1=301 rc=0
2026-10-02T19:39:13.717Z kv-compact: start l0=261 inputs=3 range=267 l0only=1
2026-10-02T19:39:13.729Z kv-compact: end bytes=7599716 ms=13 l0=259 l1=301 rc=0
2026-10-02T19:39:13.729Z kv-compact: start l0=259 inputs=2 range=257 l0only=1
2026-10-02T19:39:13.755Z kv-compact: end bytes=16408556 ms=26 l0=258 l1=301 rc=0
2026-10-02T19:39:13.833Z kv-compact: start l0=266 inputs=3 range=1 l0only=0
2026-10-02T19:39:13.855Z kv-compact: end bytes=12899200 ms=21 l0=264 l1=301 rc=0
2026-10-02T19:39:13.855Z kv-compact: start l0=264 inputs=2 range=257 l0only=1
2026-10-02T19:39:13.880Z kv-compact: end bytes=16493094 ms=25 l0=263 l1=301 rc=0
2026-10-02T19:39:13.880Z kv-compact: start l0=263 inputs=2 range=270 l0only=1
2026-10-02T19:39:13.905Z kv-compact: end bytes=16457586 ms=25 l0=262 l1=301 rc=0
2026-10-02T19:39:13.905Z kv-compact: start l0=262 inputs=2 range=263 l0only=1
2026-10-02T19:39:13.924Z kv-compact: end bytes=14275353 ms=19 l0=261 l1=301 rc=0
2026-10-02T19:39:13.924Z kv-compact: start l0=261 inputs=2 range=260 l0only=1
2026-10-02T19:39:13.940Z kv-compact: end bytes=11425656 ms=16 l0=260 l1=301 rc=0
2026-10-02T19:39:13.940Z kv-compact: start l0=260 inputs=2 range=267 l0only=1
2026-10-02T19:39:13.953Z kv-compact: end bytes=7726523 ms=13 l0=259 l1=301 rc=0
2026-10-02T19:39:13.953Z kv-compact: start l0=259 inputs=2 range=258 l0only=1
2026-10-02T19:39:13.955Z kv-compact: end bytes=126807 ms=2 l0=258 l1=301 rc=0
2026-10-02T19:39:14.101Z kv-compact: start l0=266 inputs=3 range=2 l0only=0
2026-10-02T19:39:14.126Z kv-compact: end bytes=15126062 ms=25 l0=264 l1=301 rc=0
2026-10-02T19:39:14.126Z kv-compact: start l0=264 inputs=2 range=257 l0only=1
2026-10-02T19:39:14.151Z kv-compact: end bytes=16619901 ms=26 l0=263 l1=301 rc=0
2026-10-02T19:39:14.152Z kv-compact: start l0=263 inputs=2 range=270 l0only=1
2026-10-02T19:39:14.176Z kv-compact: end bytes=16542124 ms=25 l0=262 l1=301 rc=0
2026-10-02T19:39:14.176Z kv-compact: start l0=262 inputs=2 range=264 l0only=1
2026-10-02T19:39:14.198Z kv-compact: end bytes=15726408 ms=22 l0=261 l1=301 rc=0
2026-10-02T19:39:14.198Z kv-compact: start l0=261 inputs=2 range=263 l0only=1
2026-10-02T19:39:14.218Z kv-compact: end bytes=14330323 ms=19 l0=260 l1=301 rc=0
2026-10-02T19:39:14.218Z kv-compact: start l0=260 inputs=2 range=260 l0only=1
2026-10-02T19:39:14.235Z kv-compact: end bytes=11531314 ms=17 l0=259 l1=301 rc=0
2026-10-02T19:39:14.235Z kv-compact: start l0=259 inputs=2 range=267 l0only=1
2026-10-02T19:39:14.247Z kv-compact: end bytes=7853330 ms=12 l0=258 l1=301 rc=0
2026-10-02T19:39:14.323Z kv-compact: start l0=266 inputs=3 range=1 l0only=0
2026-10-02T19:39:14.347Z kv-compact: end bytes=15200640 ms=24 l0=264 l1=301 rc=0
2026-10-02T19:39:14.347Z kv-compact: start l0=264 inputs=2 range=257 l0only=1
2026-10-02T19:39:14.374Z kv-compact: end bytes=16717111 ms=26 l0=263 l1=301 rc=0
2026-10-02T19:39:14.374Z kv-compact: start l0=263 inputs=2 range=270 l0only=1
2026-10-02T19:39:14.399Z kv-compact: end bytes=16668931 ms=25 l0=262 l1=301 rc=0
2026-10-02T19:39:14.399Z kv-compact: start l0=262 inputs=2 range=264 l0only=1
2026-10-02T19:39:14.421Z kv-compact: end bytes=15853215 ms=22 l0=261 l1=301 rc=0
2026-10-02T19:39:14.421Z kv-compact: start l0=261 inputs=2 range=261 l0only=1
2026-10-02T19:39:14.439Z kv-compact: end bytes=12149752 ms=19 l0=260 l1=301 rc=0
2026-10-02T19:39:14.440Z kv-compact: start l0=260 inputs=2 range=260 l0only=1
2026-10-02T19:39:14.459Z kv-compact: end bytes=11594732 ms=19 l0=259 l1=301 rc=0
2026-10-02T19:39:14.459Z kv-compact: start l0=259 inputs=2 range=267 l0only=1
2026-10-02T19:39:14.472Z kv-compact: end bytes=7937868 ms=13 l0=258 l1=301 rc=0
2026-10-02T19:39:14.605Z kv-compact: start l0=266 inputs=3 range=2 l0only=0
2026-10-02T19:39:14.634Z kv-compact: end bytes=17464622 ms=29 l0=264 l1=301 rc=0
2026-10-02T19:39:14.634Z kv-compact: start l0=264 inputs=2 range=257 l0only=1
2026-10-02T19:39:14.660Z kv-compact: end bytes=16788977 ms=27 l0=263 l1=301 rc=0
2026-10-02T19:39:14.661Z kv-compact: start l0=263 inputs=2 range=270 l0only=1
2026-10-02T19:39:14.689Z kv-compact: end bytes=16757693 ms=28 l0=262 l1=301 rc=0
2026-10-02T19:39:14.689Z kv-compact: start l0=262 inputs=2 range=264 l0only=1
2026-10-02T19:39:14.712Z kv-compact: end bytes=15937753 ms=23 l0=261 l1=301 rc=0
2026-10-02T19:39:14.712Z kv-compact: start l0=261 inputs=2 range=261 l0only=1
2026-10-02T19:39:14.729Z kv-compact: end bytes=12276559 ms=17 l0=260 l1=301 rc=0
2026-10-02T19:39:14.729Z kv-compact: start l0=260 inputs=2 range=267 l0only=1
2026-10-02T19:39:14.743Z kv-compact: end bytes=8064675 ms=14 l0=259 l1=301 rc=0
2026-10-02T19:39:14.743Z kv-compact: start l0=259 inputs=2 range=258 l0only=1
2026-10-02T19:39:14.746Z kv-compact: end bytes=169076 ms=3 l0=258 l1=301 rc=0
2026-10-02T19:39:14.812Z kv-compact: start l0=265 inputs=3 range=1 l0only=0
2026-10-02T19:39:14.841Z kv-compact: end bytes=17557760 ms=29 l0=263 l1=301 rc=0
2026-10-02T19:39:14.841Z kv-compact: start l0=263 inputs=2 range=270 l0only=1
2026-10-02T19:39:14.869Z kv-compact: end bytes=16880276 ms=27 l0=262 l1=301 rc=0
2026-10-02T19:39:14.869Z kv-compact: start l0=262 inputs=2 range=264 l0only=1
2026-10-02T19:39:14.893Z kv-compact: end bytes=16064560 ms=24 l0=261 l1=301 rc=0
2026-10-02T19:39:14.893Z kv-compact: start l0=261 inputs=2 range=261 l0only=1
2026-10-02T19:39:14.910Z kv-compact: end bytes=12361097 ms=17 l0=260 l1=301 rc=0
2026-10-02T19:39:14.910Z kv-compact: start l0=260 inputs=2 range=267 l0only=1
2026-10-02T19:39:14.923Z kv-compact: end bytes=8149213 ms=13 l0=259 l1=301 rc=0
2026-10-02T19:39:14.923Z kv-compact: start l0=259 inputs=2 range=258 l0only=1
2026-10-02T19:39:14.926Z kv-compact: end bytes=291630 ms=2 l0=258 l1=301 rc=0
2026-10-02T19:39:15.068Z kv-compact: start l0=268 inputs=3 range=2 l0only=0
2026-10-02T19:39:15.099Z kv-compact: end bytes=19673226 ms=31 l0=266 l1=301 rc=0
2026-10-02T19:39:15.099Z kv-compact: start l0=266 inputs=2 range=270 l0only=1
2026-10-02T19:39:15.127Z kv-compact: end bytes=17073240 ms=29 l0=265 l1=301 rc=0
2026-10-02T19:39:15.128Z kv-compact: start l0=265 inputs=2 range=257 l0only=1
2026-10-02T19:39:15.155Z kv-compact: end bytes=16938747 ms=27 l0=264 l1=301 rc=0
2026-10-02T19:39:15.155Z kv-compact: start l0=264 inputs=2 range=264 l0only=1
2026-10-02T19:39:15.179Z kv-compact: end bytes=16154756 ms=24 l0=263 l1=301 rc=0
2026-10-02T19:39:15.179Z kv-compact: start l0=263 inputs=2 range=263 l0only=1
2026-10-02T19:39:15.199Z kv-compact: end bytes=14414861 ms=20 l0=262 l1=301 rc=0
2026-10-02T19:39:15.199Z kv-compact: start l0=262 inputs=2 range=261 l0only=1
2026-10-02T19:39:15.216Z kv-compact: end bytes=12390408 ms=17 l0=261 l1=301 rc=0
2026-10-02T19:39:15.216Z kv-compact: start l0=261 inputs=2 range=260 l0only=1
2026-10-02T19:39:15.232Z kv-compact: end bytes=11701014 ms=16 l0=260 l1=301 rc=0
2026-10-02T19:39:15.232Z kv-compact: start l0=260 inputs=2 range=267 l0only=1
2026-10-02T19:39:15.245Z kv-compact: end bytes=8407772 ms=13 l0=259 l1=301 rc=0
2026-10-02T19:39:15.245Z kv-compact: start l0=259 inputs=2 range=258 l0only=1
2026-10-02T19:39:15.247Z kv-compact: end bytes=295883 ms=2 l0=258 l1=301 rc=0
2026-10-02T19:39:15.293Z kv-compact: start l0=268 inputs=2 range=270 l0only=1
2026-10-02T19:39:15.321Z kv-compact: end bytes=17681890 ms=28 l0=267 l1=301 rc=0
2026-10-02T19:39:15.321Z kv-compact: start l0=267 inputs=2 range=257 l0only=1
2026-10-02T19:39:15.349Z kv-compact: end bytes=17377343 ms=28 l0=266 l1=301 rc=0
2026-10-02T19:39:15.349Z kv-compact: start l0=266 inputs=2 range=264 l0only=1
2026-10-02T19:39:15.376Z kv-compact: end bytes=16524037 ms=27 l0=265 l1=301 rc=0
2026-10-02T19:39:15.376Z kv-compact: start l0=265 inputs=2 range=263 l0only=1
2026-10-02T19:39:15.395Z kv-compact: end bytes=14618203 ms=19 l0=264 l1=301 rc=0
2026-10-02T19:39:15.395Z kv-compact: start l0=264 inputs=2 range=261 l0only=1
2026-10-02T19:39:15.413Z kv-compact: end bytes=12722632 ms=17 l0=263 l1=301 rc=0
2026-10-02T19:39:15.413Z kv-compact: start l0=263 inputs=2 range=260 l0only=1
2026-10-02T19:39:15.430Z kv-compact: end bytes=11982988 ms=17 l0=262 l1=301 rc=0
2026-10-02T19:39:15.430Z kv-compact: start l0=262 inputs=2 range=267 l0only=1
2026-10-02T19:39:15.445Z kv-compact: end bytes=8961282 ms=15 l0=261 l1=301 rc=0
2026-10-02T19:39:15.445Z kv-compact: start l0=261 inputs=2 range=1 l0only=1
2026-10-02T19:39:15.449Z kv-compact: end bytes=1289920 ms=4 l0=260 l1=301 rc=0
2026-10-02T19:39:15.449Z kv-compact: start l0=260 inputs=2 range=258 l0only=1
2026-10-02T19:39:15.452Z kv-compact: end bytes=458690 ms=2 l0=259 l1=301 rc=0
2026-10-02T19:39:15.529Z kv-compact: start l0=269 inputs=2 range=270 l0only=1
2026-10-02T19:39:15.558Z kv-compact: end bytes=18115434 ms=29 l0=268 l1=301 rc=0
2026-10-02T19:39:15.558Z kv-compact: start l0=268 inputs=2 range=257 l0only=1
2026-10-02T19:39:15.586Z kv-compact: end bytes=17668517 ms=28 l0=267 l1=301 rc=0
2026-10-02T19:39:15.586Z kv-compact: start l0=267 inputs=2 range=264 l0only=1
2026-10-02T19:39:15.610Z kv-compact: end bytes=16810957 ms=25 l0=266 l1=301 rc=0
2026-10-02T19:39:15.610Z kv-compact: start l0=266 inputs=2 range=263 l0only=1
2026-10-02T19:39:15.630Z kv-compact: end bytes=14717465 ms=19 l0=265 l1=301 rc=0
2026-10-02T19:39:15.630Z kv-compact: start l0=265 inputs=2 range=261 l0only=1
2026-10-02T19:39:15.648Z kv-compact: end bytes=12994901 ms=18 l0=264 l1=301 rc=0
2026-10-02T19:39:15.648Z kv-compact: start l0=264 inputs=2 range=260 l0only=1
2026-10-02T19:39:15.666Z kv-compact: end bytes=12151678 ms=18 l0=263 l1=301 rc=0
2026-10-02T19:39:15.666Z kv-compact: start l0=263 inputs=2 range=267 l0only=1
2026-10-02T19:39:15.682Z kv-compact: end bytes=9486900 ms=16 l0=262 l1=301 rc=0
2026-10-02T19:39:15.682Z kv-compact: start l0=262 inputs=2 range=1 l0only=1
2026-10-02T19:39:15.686Z kv-compact: end bytes=1705170 ms=4 l0=261 l1=301 rc=0
2026-10-02T19:39:15.686Z kv-compact: start l0=261 inputs=2 range=2 l0only=1
2026-10-02T19:39:15.689Z kv-compact: end bytes=742400 ms=3 l0=260 l1=301 rc=0
2026-10-02T19:39:15.689Z kv-compact: start l0=260 inputs=2 range=258 l0only=1
2026-10-02T19:39:15.691Z kv-compact: end bytes=584306 ms=2 l0=259 l1=301 rc=0
2026-10-02T19:39:15.725Z kv-compact: start l0=269 inputs=3 range=1 l0only=0
2026-10-02T19:39:15.756Z kv-compact: end bytes=20202560 ms=31 l0=267 l1=301 rc=0
2026-10-02T19:39:15.756Z kv-compact: start l0=267 inputs=2 range=270 l0only=1
2026-10-02T19:39:15.785Z kv-compact: end bytes=18330020 ms=29 l0=266 l1=301 rc=0
2026-10-02T19:39:15.785Z kv-compact: start l0=266 inputs=2 range=257 l0only=1
2026-10-02T19:39:15.814Z kv-compact: end bytes=17867354 ms=29 l0=265 l1=301 rc=0
2026-10-02T19:39:15.814Z kv-compact: start l0=265 inputs=2 range=264 l0only=1
2026-10-02T19:39:15.839Z kv-compact: end bytes=16996715 ms=25 l0=264 l1=301 rc=0
2026-10-02T19:39:15.839Z kv-compact: start l0=264 inputs=2 range=263 l0only=1
2026-10-02T19:39:15.859Z kv-compact: end bytes=14746700 ms=20 l0=263 l1=301 rc=0
2026-10-02T19:39:15.859Z kv-compact: start l0=263 inputs=2 range=261 l0only=1
2026-10-02T19:39:15.877Z kv-compact: end bytes=13067132 ms=19 l0=262 l1=301 rc=0
2026-10-02T19:39:15.877Z kv-compact: start l0=262 inputs=2 range=260 l0only=1
2026-10-02T19:39:15.897Z kv-compact: end bytes=12294033 ms=19 l0=261 l1=301 rc=0
2026-10-02T19:39:15.897Z kv-compact: start l0=261 inputs=2 range=267 l0only=1
2026-10-02T19:39:15.913Z kv-compact: end bytes=9713968 ms=16 l0=260 l1=301 rc=0
2026-10-02T19:39:15.913Z kv-compact: start l0=260 inputs=2 range=2 l0only=1
2026-10-02T19:39:15.918Z kv-compact: end bytes=1670400 ms=5 l0=259 l1=301 rc=0
2026-10-02T19:39:15.918Z kv-compact: start l0=259 inputs=2 range=258 l0only=1
2026-10-02T19:39:15.921Z kv-compact: end bytes=613134 ms=3 l0=258 l1=301 rc=0
2026-10-02T19:39:15.938Z kv-compact: start l0=268 inputs=2 range=270 l0only=1
2026-10-02T19:39:15.968Z kv-compact: end bytes=18883123 ms=30 l0=267 l1=301 rc=0
2026-10-02T19:39:15.968Z kv-compact: start l0=267 inputs=2 range=257 l0only=1
2026-10-02T19:39:15.996Z kv-compact: end bytes=18282029 ms=28 l0=266 l1=301 rc=0
2026-10-02T19:39:15.996Z kv-compact: start l0=266 inputs=2 range=264 l0only=1
2026-10-02T19:39:16.022Z kv-compact: end bytes=17385392 ms=26 l0=265 l1=301 rc=0
2026-10-02T19:39:16.022Z kv-compact: start l0=265 inputs=2 range=263 l0only=1
2026-10-02T19:39:16.043Z kv-compact: end bytes=14861207 ms=21 l0=264 l1=301 rc=0
2026-10-02T19:39:16.043Z kv-compact: start l0=264 inputs=2 range=261 l0only=1
2026-10-02T19:39:16.061Z kv-compact: end bytes=13368757 ms=18 l0=263 l1=301 rc=0
2026-10-02T19:39:16.061Z kv-compact: start l0=263 inputs=2 range=260 l0only=1
2026-10-02T19:39:16.079Z kv-compact: end bytes=12561121 ms=18 l0=262 l1=301 rc=0
2026-10-02T19:39:16.079Z kv-compact: start l0=262 inputs=2 range=267 l0only=1
2026-10-02T19:39:16.097Z kv-compact: end bytes=10339769 ms=18 l0=261 l1=301 rc=0
2026-10-02T19:39:16.097Z kv-compact: start l0=261 inputs=2 range=2 l0only=1
2026-10-02T19:39:16.101Z kv-compact: end bytes=1856000 ms=4 l0=260 l1=301 rc=0
2026-10-02T19:39:16.101Z kv-compact: start l0=260 inputs=2 range=258 l0only=1
2026-10-02T19:39:16.104Z kv-compact: end bytes=751469 ms=3 l0=259 l1=301 rc=0
2026-10-02T19:39:16.146Z kv-compact: start l0=269 inputs=2 range=270 l0only=1
2026-10-02T19:39:16.176Z kv-compact: end bytes=19466558 ms=30 l0=268 l1=301 rc=0
2026-10-02T19:39:16.176Z kv-compact: start l0=268 inputs=2 range=257 l0only=1
2026-10-02T19:39:16.204Z kv-compact: end bytes=18627403 ms=28 l0=267 l1=301 rc=0
2026-10-02T19:39:16.204Z kv-compact: start l0=267 inputs=2 range=264 l0only=1
2026-10-02T19:39:16.230Z kv-compact: end bytes=17734393 ms=26 l0=266 l1=301 rc=0
2026-10-02T19:39:16.230Z kv-compact: start l0=266 inputs=2 range=263 l0only=1
2026-10-02T19:39:16.251Z kv-compact: end bytes=14958393 ms=21 l0=265 l1=301 rc=0
2026-10-02T19:39:16.251Z kv-compact: start l0=265 inputs=2 range=261 l0only=1
2026-10-02T19:39:16.270Z kv-compact: end bytes=13661549 ms=18 l0=264 l1=301 rc=0
2026-10-02T19:39:16.270Z kv-compact: start l0=264 inputs=2 range=260 l0only=1
2026-10-02T19:39:16.288Z kv-compact: end bytes=12741307 ms=18 l0=263 l1=301 rc=0
2026-10-02T19:39:16.288Z kv-compact: start l0=263 inputs=2 range=267 l0only=1
2026-10-02T19:39:16.307Z kv-compact: end bytes=10878985 ms=18 l0=262 l1=301 rc=0
2026-10-02T19:39:16.307Z kv-compact: start l0=262 inputs=2 range=2 l0only=1
2026-10-02T19:39:16.312Z kv-compact: end bytes=2227200 ms=5 l0=261 l1=301 rc=0
2026-10-02T19:39:16.312Z kv-compact: start l0=261 inputs=2 range=258 l0only=1
2026-10-02T19:39:16.316Z kv-compact: end bytes=925698 ms=4 l0=260 l1=301 rc=0
2026-10-02T19:39:16.316Z kv-compact: start l0=260 inputs=2 range=1 l0only=1
2026-10-02T19:39:16.319Z kv-compact: end bytes=584640 ms=3 l0=259 l1=301 rc=0
2026-10-02T19:39:16.388Z kv-compact: start l0=269 inputs=3 range=2 l0only=0
2026-10-02T19:39:16.423Z kv-compact: end bytes=22828426 ms=35 l0=267 l1=301 rc=0
2026-10-02T19:39:16.423Z kv-compact: start l0=267 inputs=2 range=270 l0only=1
2026-10-02T19:39:16.455Z kv-compact: end bytes=19678653 ms=31 l0=266 l1=301 rc=0
2026-10-02T19:39:16.455Z kv-compact: start l0=266 inputs=2 range=257 l0only=1
2026-10-02T19:39:16.485Z kv-compact: end bytes=18805755 ms=30 l0=265 l1=301 rc=0
2026-10-02T19:39:16.485Z kv-compact: start l0=265 inputs=2 range=264 l0only=1
2026-10-02T19:39:16.512Z kv-compact: end bytes=17912584 ms=27 l0=264 l1=301 rc=0
2026-10-02T19:39:16.512Z kv-compact: start l0=264 inputs=2 range=263 l0only=1
2026-10-02T19:39:16.532Z kv-compact: end bytes=14987221 ms=21 l0=263 l1=301 rc=0
2026-10-02T19:39:16.533Z kv-compact: start l0=263 inputs=2 range=261 l0only=1
2026-10-02T19:39:16.552Z kv-compact: end bytes=13815098 ms=19 l0=262 l1=301 rc=0
2026-10-02T19:39:16.552Z kv-compact: start l0=262 inputs=2 range=260 l0only=1
2026-10-02T19:39:16.571Z kv-compact: end bytes=12797675 ms=19 l0=261 l1=301 rc=0
2026-10-02T19:39:16.571Z kv-compact: start l0=261 inputs=2 range=267 l0only=1
2026-10-02T19:39:16.589Z kv-compact: end bytes=11113640 ms=19 l0=270 l1=301 rc=0
2026-10-02T19:39:16.590Z kv-compact: start l0=270 inputs=3 range=1 l0only=1
2026-10-02T19:39:16.594Z kv-compact: end bytes=1772480 ms=4 l0=268 l1=301 rc=0
2026-10-02T19:39:16.594Z kv-compact: start l0=268 inputs=3 range=258 l0only=1
2026-10-02T19:39:16.598Z kv-compact: end bytes=1083997 ms=4 l0=266 l1=301 rc=0
2026-10-02T19:39:16.598Z kv-compact: start l0=266 inputs=2 range=270 l0only=1
2026-10-02T19:39:16.631Z kv-compact: end bytes=20301641 ms=33 l0=265 l1=301 rc=0
2026-10-02T19:39:16.631Z kv-compact: start l0=265 inputs=2 range=257 l0only=1
2026-10-02T19:39:16.648Z raft-host: gc-pass ms=6 reap=0 frag=0 spread=0 recover=0 fscans=0 fsegs=0 fkeys=0 femit=0 ftomb=0 scans=0 segs=0 keys=0 emit=0 tomb=0
2026-10-02T19:39:16.662Z kv-compact: end bytes=19208363 ms=31 l0=264 l1=301 rc=0
2026-10-02T19:39:16.662Z kv-compact: start l0=264 inputs=2 range=264 l0only=1
2026-10-02T19:39:16.688Z kv-compact: end bytes=18293126 ms=27 l0=263 l1=301 rc=0
2026-10-02T19:39:16.689Z kv-compact: start l0=263 inputs=2 range=263 l0only=1
2026-10-02T19:39:16.708Z kv-compact: end bytes=15117582 ms=20 l0=262 l1=301 rc=0
2026-10-02T19:39:16.709Z kv-compact: start l0=262 inputs=2 range=261 l0only=1
2026-10-02T19:39:16.728Z kv-compact: end bytes=14136689 ms=19 l0=261 l1=301 rc=0
2026-10-02T19:39:16.728Z kv-compact: start l0=261 inputs=2 range=260 l0only=1
2026-10-02T19:39:16.748Z kv-compact: end bytes=13037941 ms=20 l0=260 l1=301 rc=0
2026-10-02T19:39:16.748Z kv-compact: start l0=260 inputs=2 range=267 l0only=1
2026-10-02T19:39:16.768Z kv-compact: end bytes=11679234 ms=20 l0=259 l1=301 rc=0
2026-10-02T19:39:16.789Z kv-compact: start l0=269 inputs=2 range=270 l0only=1
2026-10-02T19:39:16.821Z kv-compact: end bytes=20795294 ms=32 l0=268 l1=301 rc=0
2026-10-02T19:39:16.821Z kv-compact: start l0=268 inputs=2 range=257 l0only=1
2026-10-02T19:39:16.852Z kv-compact: end bytes=19492309 ms=31 l0=267 l1=301 rc=0
2026-10-02T19:39:16.852Z kv-compact: start l0=267 inputs=2 range=264 l0only=1
2026-10-02T19:39:16.880Z kv-compact: end bytes=18641085 ms=28 l0=266 l1=301 rc=0
2026-10-02T19:39:16.880Z kv-compact: start l0=266 inputs=2 range=263 l0only=1
2026-10-02T19:39:16.900Z kv-compact: end bytes=15195779 ms=20 l0=265 l1=301 rc=0
2026-10-02T19:39:16.900Z kv-compact: start l0=265 inputs=2 range=261 l0only=1
2026-10-02T19:39:16.920Z kv-compact: end bytes=14480851 ms=20 l0=264 l1=301 rc=0
2026-10-02T19:39:16.920Z kv-compact: start l0=264 inputs=2 range=260 l0only=1
2026-10-02T19:39:16.939Z kv-compact: end bytes=13222644 ms=19 l0=263 l1=301 rc=0
2026-10-02T19:39:16.939Z kv-compact: start l0=263 inputs=2 range=267 l0only=1
2026-10-02T19:39:16.960Z kv-compact: end bytes=12237535 ms=20 l0=262 l1=301 rc=0
2026-10-02T19:39:16.960Z kv-compact: start l0=262 inputs=2 range=1 l0only=1
2026-10-02T19:39:16.965Z kv-compact: end bytes=2147838 ms=5 l0=261 l1=301 rc=0
2026-10-02T19:39:16.965Z kv-compact: start l0=261 inputs=2 range=258 l0only=1
2026-10-02T19:39:16.969Z kv-compact: end bytes=1302436 ms=4 l0=260 l1=301 rc=0
2026-10-02T19:39:16.969Z kv-compact: start l0=260 inputs=2 range=2 l0only=1
2026-10-02T19:39:16.972Z kv-compact: end bytes=631040 ms=3 l0=259 l1=301 rc=0
2026-10-02T19:39:17.001Z kv-compact: start l0=269 inputs=3 range=1 l0only=0
2026-10-02T19:39:17.037Z kv-compact: end bytes=23088640 ms=36 l0=267 l1=301 rc=0
2026-10-02T19:39:17.037Z kv-compact: start l0=267 inputs=2 range=270 l0only=1
2026-10-02T19:39:17.069Z kv-compact: end bytes=21086726 ms=32 l0=266 l1=301 rc=0
2026-10-02T19:39:17.069Z kv-compact: start l0=266 inputs=2 range=257 l0only=1
2026-10-02T19:39:17.100Z kv-compact: end bytes=19622719 ms=31 l0=265 l1=301 rc=0
2026-10-02T19:39:17.100Z kv-compact: start l0=265 inputs=2 range=264 l0only=1
2026-10-02T19:39:17.128Z kv-compact: end bytes=18853940 ms=28 l0=264 l1=301 rc=0
2026-10-02T19:39:17.128Z kv-compact: start l0=264 inputs=2 range=263 l0only=1
2026-10-02T19:39:17.149Z kv-compact: end bytes=15244723 ms=21 l0=263 l1=301 rc=0
2026-10-02T19:39:17.149Z kv-compact: start l0=263 inputs=2 range=261 l0only=1
2026-10-02T19:39:17.169Z kv-compact: end bytes=14628490 ms=20 l0=262 l1=301 rc=0
2026-10-02T19:39:17.169Z kv-compact: start l0=262 inputs=2 range=260 l0only=1
2026-10-02T19:39:17.188Z kv-compact: end bytes=13380263 ms=19 l0=261 l1=301 rc=0
2026-10-02T19:39:17.188Z kv-compact: start l0=261 inputs=2 range=267 l0only=1
2026-10-02T19:39:17.208Z kv-compact: end bytes=12515273 ms=20 l0=260 l1=301 rc=0
2026-10-02T19:39:17.208Z kv-compact: start l0=260 inputs=2 range=2 l0only=1
2026-10-02T19:39:17.210Z raft-obs: tx->0 enq=19914 drop=0 sent=19888 fail=0 hi=6 rtt_avg=29us get_avg=0us get_max=3ms
2026-10-02T19:39:17.210Z raft-obs: tx->3 enq=19932 drop=0 sent=19902 fail=0 hi=5 rtt_avg=27us get_avg=0us get_max=3ms
2026-10-02T19:39:17.210Z raft-obs: wait_timeouts=0 pump_hold_max=61036us lock_wait_max=1us drain_max=61035us tick_max=1us apply_max=60847us persist_max=17062us applies_in_worst=5 arc_miss=0 arc_term_miss=0 opid_replay=0 fin_q=0 fin_done=0 fin_drop=0 fin_full=0 pub_p50=0us pub_max=0us inbox_drop=0
2026-10-02T19:39:17.211Z kv-compact: end bytes=1484800 ms=3 l0=259 l1=301 rc=0
2026-10-02T19:39:17.211Z kv-compact: start l0=259 inputs=2 range=258 l0only=1
2026-10-02T19:39:17.216Z kv-compact: end bytes=1443807 ms=4 l0=258 l1=301 rc=0
2026-10-02T19:39:17.269Z kv-compact: start l0=268 inputs=2 range=270 l0only=1
2026-10-02T19:39:17.308Z kv-compact: end bytes=21213561 ms=39 l0=267 l1=301 rc=0
2026-10-02T19:39:17.308Z kv-compact: start l0=267 inputs=2 range=257 l0only=1
2026-10-02T19:39:17.338Z kv-compact: end bytes=19707228 ms=30 l0=266 l1=301 rc=0
2026-10-02T19:39:17.338Z kv-compact: start l0=266 inputs=2 range=264 l0only=1
2026-10-02T19:39:17.366Z kv-compact: end bytes=18896209 ms=28 l0=265 l1=301 rc=0
2026-10-02T19:39:17.366Z kv-compact: start l0=265 inputs=2 range=263 l0only=1
2026-10-02T19:39:17.387Z kv-compact: end bytes=15329261 ms=21 l0=264 l1=301 rc=0
2026-10-02T19:39:17.387Z kv-compact: start l0=264 inputs=2 range=261 l0only=1
2026-10-02T19:39:17.408Z kv-compact: end bytes=14662311 ms=21 l0=263 l1=301 rc=0
2026-10-02T19:39:17.408Z kv-compact: start l0=263 inputs=2 range=260 l0only=1
2026-10-02T19:39:17.426Z kv-compact: end bytes=13422532 ms=18 l0=262 l1=301 rc=0
2026-10-02T19:39:17.426Z kv-compact: start l0=262 inputs=2 range=267 l0only=1
2026-10-02T19:39:17.446Z kv-compact: end bytes=12599811 ms=20 l0=261 l1=301 rc=0
2026-10-02T19:39:17.446Z kv-compact: start l0=261 inputs=2 range=2 l0only=1
2026-10-02T19:39:17.451Z kv-compact: end bytes=2598420 ms=5 l0=260 l1=301 rc=0
2026-10-02T19:39:17.451Z kv-compact: start l0=260 inputs=2 range=258 l0only=1
2026-10-02T19:39:17.455Z kv-compact: end bytes=1486076 ms=4 l0=259 l1=301 rc=0
2026-10-02T19:39:17.470Z kv-compact: start l0=269 inputs=2 range=270 l0only=1
2026-10-02T19:39:17.504Z kv-compact: end bytes=21798985 ms=34 l0=268 l1=301 rc=0
2026-10-02T19:39:17.504Z kv-compact: start l0=268 inputs=2 range=257 l0only=1
2026-10-02T19:39:17.536Z kv-compact: end bytes=20132186 ms=31 l0=267 l1=301 rc=0
2026-10-02T19:39:17.536Z kv-compact: start l0=267 inputs=2 range=264 l0only=1
2026-10-02T19:39:17.564Z kv-compact: end bytes=19310919 ms=28 l0=266 l1=301 rc=0
2026-10-02T19:39:17.564Z kv-compact: start l0=266 inputs=2 range=263 l0only=1
2026-10-02T19:39:17.585Z kv-compact: end bytes=15456648 ms=21 l0=265 l1=301 rc=0
2026-10-02T19:39:17.585Z kv-compact: start l0=265 inputs=2 range=261 l0only=1
2026-10-02T19:39:17.606Z kv-compact: end bytes=14965564 ms=21 l0=264 l1=301 rc=0
2026-10-02T19:39:17.606Z kv-compact: start l0=264 inputs=2 range=260 l0only=1
2026-10-02T19:39:17.626Z kv-compact: end bytes=13712652 ms=20 l0=263 l1=301 rc=0
2026-10-02T19:39:17.626Z kv-compact: start l0=263 inputs=2 range=267 l0only=1
2026-10-02T19:39:17.647Z kv-compact: end bytes=13256891 ms=21 l0=262 l1=301 rc=0
2026-10-02T19:39:17.647Z kv-compact: start l0=262 inputs=2 range=2 l0only=1
2026-10-02T19:39:17.656Z kv-compact: end bytes=2784020 ms=9 l0=261 l1=301 rc=0
2026-10-02T19:39:17.656Z kv-compact: start l0=261 inputs=2 range=258 l0only=1
2026-10-02T19:39:17.660Z raft-host: gc-pass ms=8 reap=0 frag=0 spread=0 recover=0 fscans=0 fsegs=0 fkeys=0 femit=0 ftomb=0 scans=0 segs=0 keys=0 emit=0 tomb=0
2026-10-02T19:39:17.661Z kv-compact: end bytes=1612980 ms=4 l0=260 l1=301 rc=0
2026-10-02T19:39:17.661Z kv-compact: start l0=260 inputs=2 range=1 l0only=1
2026-10-02T19:39:17.664Z kv-compact: end bytes=1447680 ms=4 l0=259 l1=301 rc=0
2026-10-02T19:39:17.680Z kv-compact: start l0=269 inputs=5 range=270 l0only=0
2026-10-02T19:39:17.974Z kv-compact: end bytes=183074261 ms=294 l0=277 l1=301 rc=0
2026-10-02T19:39:17.974Z kv-compact: start l0=277 inputs=6 range=257 l0only=0
2026-10-02T19:39:18.250Z kv-compact: end bytes=172255320 ms=276 l0=284 l1=301 rc=0
2026-10-02T19:39:18.251Z kv-compact: start l0=284 inputs=7 range=264 l0only=0
2026-10-02T19:39:18.507Z kv-compact: end bytes=169696457 ms=256 l0=290 l1=301 rc=0
2026-10-02T19:39:18.507Z kv-compact: start l0=290 inputs=6 range=2 l0only=0
2026-10-02T19:39:18.553Z kv-compact: end bytes=27653990 ms=46 l0=285 l1=301 rc=0
2026-10-02T19:39:18.553Z kv-compact: start l0=285 inputs=6 range=1 l0only=0
2026-10-02T19:39:18.606Z kv-compact: end bytes=26540800 ms=53 l0=290 l1=301 rc=0
2026-10-02T19:39:18.606Z kv-compact: start l0=290 inputs=6 range=263 l0only=1
2026-10-02T19:39:18.630Z kv-compact: end bytes=16180392 ms=24 l0=285 l1=301 rc=0
2026-10-02T19:39:18.630Z kv-compact: start l0=285 inputs=6 range=261 l0only=1
2026-10-02T19:39:18.654Z kv-compact: end bytes=16033421 ms=24 l0=280 l1=301 rc=0
2026-10-02T19:39:18.654Z kv-compact: start l0=280 inputs=6 range=267 l0only=1
2026-10-02T19:39:18.670Z raft-host: gc-pass ms=7 reap=0 frag=0 spread=0 recover=0 fscans=0 fsegs=0 fkeys=0 femit=0 ftomb=0 scans=0 segs=0 keys=0 emit=0 tomb=0
2026-10-02T19:39:18.682Z kv-compact: end bytes=15461054 ms=28 l0=275 l1=301 rc=0
2026-10-02T19:39:18.682Z kv-compact: start l0=275 inputs=6 range=260 l0only=1
2026-10-02T19:39:18.705Z kv-compact: end bytes=14909910 ms=23 l0=270 l1=301 rc=0
2026-10-02T19:39:18.705Z kv-compact: start l0=270 inputs=6 range=258 l0only=1
2026-10-02T19:39:18.711Z kv-compact: end bytes=2245102 ms=6 l0=265 l1=301 rc=0
2026-10-02T19:39:18.711Z kv-compact: start l0=265 inputs=4 range=270 l0only=1
2026-10-02T19:39:18.715Z kv-compact: end bytes=1694323 ms=4 l0=262 l1=301 rc=0
2026-10-02T19:39:18.715Z kv-compact: start l0=262 inputs=3 range=257 l0only=1
2026-10-02T19:39:18.719Z kv-compact: end bytes=967977 ms=4 l0=260 l1=301 rc=0
2026-10-02T19:39:18.719Z kv-compact: start l0=260 inputs=2 range=264 l0only=1
2026-10-02T19:39:18.722Z kv-compact: end bytes=676127 ms=3 l0=259 l1=301 rc=0
2026-10-02T19:39:18.815Z kv-compact: start l0=269 inputs=2 range=263 l0only=1
2026-10-02T19:39:18.837Z kv-compact: end bytes=16190696 ms=21 l0=268 l1=301 rc=0
2026-10-02T19:39:18.837Z kv-compact: start l0=268 inputs=2 range=261 l0only=1
2026-10-02T19:39:18.859Z kv-compact: end bytes=16136152 ms=22 l0=267 l1=301 rc=0
2026-10-02T19:39:18.859Z kv-compact: start l0=267 inputs=2 range=267 l0only=1
2026-10-02T19:39:18.883Z kv-compact: end bytes=15606450 ms=24 l0=266 l1=301 rc=0
2026-10-02T19:39:18.883Z kv-compact: start l0=266 inputs=2 range=260 l0only=1
2026-10-02T19:39:18.904Z kv-compact: end bytes=14926010 ms=21 l0=265 l1=301 rc=0
2026-10-02T19:39:18.904Z kv-compact: start l0=265 inputs=2 range=258 l0only=1
2026-10-02T19:39:18.910Z kv-compact: end bytes=2256533 ms=6 l0=264 l1=301 rc=0
2026-10-02T19:39:18.910Z kv-compact: start l0=264 inputs=2 range=270 l0only=1
2026-10-02T19:39:18.915Z kv-compact: end bytes=1858643 ms=5 l0=263 l1=301 rc=0
2026-10-02T19:39:18.915Z kv-compact: start l0=263 inputs=2 range=2 l0only=1
2026-10-02T19:39:18.919Z kv-compact: end bytes=1484800 ms=4 l0=262 l1=301 rc=0
2026-10-02T19:39:18.919Z kv-compact: start l0=262 inputs=2 range=1 l0only=1
2026-10-02T19:39:18.922Z kv-compact: end bytes=1299200 ms=3 l0=261 l1=301 rc=0
2026-10-02T19:39:18.922Z kv-compact: start l0=261 inputs=2 range=257 l0only=1
2026-10-02T19:39:18.925Z kv-compact: end bytes=1080207 ms=3 l0=260 l1=301 rc=0
2026-10-02T19:39:18.925Z kv-compact: start l0=260 inputs=2 range=264 l0only=1
2026-10-02T19:39:18.928Z kv-compact: end bytes=824962 ms=3 l0=259 l1=301 rc=0
2026-10-02T19:39:19.025Z kv-compact: start l0=269 inputs=2 range=261 l0only=1
2026-10-02T19:39:19.047Z kv-compact: end bytes=16317686 ms=22 l0=268 l1=301 rc=0
2026-10-02T19:39:19.047Z kv-compact: start l0=268 inputs=2 range=263 l0only=1
2026-10-02T19:39:19.070Z kv-compact: end bytes=16279246 ms=22 l0=267 l1=301 rc=0
2026-10-02T19:39:19.070Z kv-compact: start l0=267 inputs=2 range=267 l0only=1
2026-10-02T19:39:19.095Z kv-compact: end bytes=15952452 ms=26 l0=266 l1=301 rc=0
2026-10-02T19:39:19.095Z kv-compact: start l0=266 inputs=2 range=260 l0only=1
2026-10-02T19:39:19.117Z kv-compact: end bytes=15109550 ms=21 l0=265 l1=301 rc=0
2026-10-02T19:39:19.117Z kv-compact: start l0=265 inputs=2 range=258 l0only=1
2026-10-02T19:39:19.122Z kv-compact: end bytes=2425918 ms=5 l0=264 l1=301 rc=0
2026-10-02T19:39:19.122Z kv-compact: start l0=264 inputs=2 range=270 l0only=1
2026-10-02T19:39:19.127Z kv-compact: end bytes=2203943 ms=4 l0=263 l1=301 rc=0
2026-10-02T19:39:19.127Z kv-compact: start l0=263 inputs=2 range=1 l0only=1
2026-10-02T19:39:19.132Z kv-compact: end bytes=2041600 ms=5 l0=262 l1=301 rc=0
2026-10-02T19:39:19.132Z kv-compact: start l0=262 inputs=2 range=2 l0only=1
2026-10-02T19:39:19.136Z kv-compact: end bytes=2041600 ms=4 l0=261 l1=301 rc=0
2026-10-02T19:39:19.136Z kv-compact: start l0=261 inputs=2 range=257 l0only=1
2026-10-02T19:39:19.139Z kv-compact: end bytes=1368742 ms=4 l0=260 l1=301 rc=0
2026-10-02T19:39:19.139Z kv-compact: start l0=260 inputs=2 range=264 l0only=1
2026-10-02T19:39:19.142Z kv-compact: end bytes=1038180 ms=3 l0=259 l1=301 rc=0
2026-10-02T19:39:19.232Z kv-compact: start l0=269 inputs=2 range=261 l0only=1
2026-10-02T19:39:19.254Z kv-compact: end bytes=16599362 ms=23 l0=268 l1=301 rc=0
2026-10-02T19:39:19.255Z kv-compact: start l0=268 inputs=2 range=267 l0only=1
2026-10-02T19:39:19.280Z kv-compact: end bytes=16513537 ms=25 l0=267 l1=301 rc=0
2026-10-02T19:39:19.280Z kv-compact: start l0=267 inputs=2 range=263 l0only=1
2026-10-02T19:39:19.303Z kv-compact: end bytes=16467294 ms=22 l0=266 l1=301 rc=0
2026-10-02T19:39:19.303Z kv-compact: start l0=266 inputs=2 range=260 l0only=1
2026-10-02T19:39:19.324Z kv-compact: end bytes=15378420 ms=21 l0=265 l1=301 rc=0
2026-10-02T19:39:19.324Z kv-compact: start l0=265 inputs=2 range=270 l0only=1
2026-10-02T19:39:19.330Z kv-compact: end bytes=2731619 ms=5 l0=264 l1=301 rc=0
2026-10-02T19:39:19.330Z kv-compact: start l0=264 inputs=2 range=258 l0only=1
2026-10-02T19:39:19.336Z kv-compact: end bytes=2565505 ms=6 l0=263 l1=301 rc=0
2026-10-02T19:39:19.336Z kv-compact: start l0=263 inputs=2 range=2 l0only=1
2026-10-02T19:39:19.340Z kv-compact: end bytes=2412800 ms=5 l0=262 l1=301 rc=0
2026-10-02T19:39:19.340Z kv-compact: start l0=262 inputs=2 range=1 l0only=1
2026-10-02T19:39:19.346Z kv-compact: end bytes=2227200 ms=5 l0=261 l1=301 rc=0
2026-10-02T19:39:19.346Z kv-compact: start l0=261 inputs=2 range=257 l0only=1
2026-10-02T19:39:19.350Z kv-compact: end bytes=1734512 ms=4 l0=260 l1=301 rc=0
2026-10-02T19:39:19.350Z kv-compact: start l0=260 inputs=2 range=264 l0only=1
2026-10-02T19:39:19.353Z kv-compact: end bytes=1398809 ms=3 l0=259 l1=301 rc=0
2026-10-02T19:39:19.436Z kv-compact: start l0=269 inputs=2 range=267 l0only=1
2026-10-02T19:39:19.462Z kv-compact: end bytes=16960504 ms=25 l0=268 l1=301 rc=0
2026-10-02T19:39:19.462Z kv-compact: start l0=268 inputs=2 range=261 l0only=1
2026-10-02T19:39:19.485Z kv-compact: end bytes=16792005 ms=23 l0=267 l1=301 rc=0
2026-10-02T19:39:19.485Z kv-compact: start l0=267 inputs=2 range=263 l0only=1
2026-10-02T19:39:19.507Z kv-compact: end bytes=16601085 ms=22 l0=266 l1=301 rc=0
2026-10-02T19:39:19.507Z kv-compact: start l0=266 inputs=2 range=260 l0only=1
2026-10-02T19:39:19.528Z kv-compact: end bytes=15513660 ms=21 l0=265 l1=301 rc=0
2026-10-02T19:39:19.528Z kv-compact: start l0=265 inputs=2 range=270 l0only=1
2026-10-02T19:39:19.534Z kv-compact: end bytes=3065137 ms=5 l0=264 l1=301 rc=0
2026-10-02T19:39:19.534Z kv-compact: start l0=264 inputs=2 range=2 l0only=1
2026-10-02T19:39:19.540Z kv-compact: end bytes=2969600 ms=6 l0=263 l1=301 rc=0
2026-10-02T19:39:19.540Z kv-compact: start l0=263 inputs=2 range=1 l0only=1
2026-10-02T19:39:19.546Z kv-compact: end bytes=2916692 ms=6 l0=262 l1=301 rc=0
2026-10-02T19:39:19.546Z kv-compact: start l0=262 inputs=2 range=258 l0only=1
2026-10-02T19:39:19.552Z kv-compact: end bytes=2741813 ms=6 l0=261 l1=301 rc=0
2026-10-02T19:39:19.552Z kv-compact: start l0=261 inputs=2 range=257 l0only=1
2026-10-02T19:39:19.556Z kv-compact: end bytes=1938016 ms=4 l0=260 l1=301 rc=0
2026-10-02T19:39:19.556Z kv-compact: start l0=260 inputs=2 range=264 l0only=1
2026-10-02T19:39:19.560Z kv-compact: end bytes=1649412 ms=5 l0=259 l1=301 rc=0
2026-10-02T19:39:19.667Z kv-compact: start l0=269 inputs=3 range=2 l0only=0
2026-10-02T19:39:19.715Z kv-compact: end bytes=31737154 ms=48 l0=267 l1=301 rc=0
2026-10-02T19:39:19.715Z kv-compact: start l0=267 inputs=3 range=1 l0only=0
2026-10-02T19:39:19.761Z kv-compact: end bytes=30568320 ms=46 l0=265 l1=301 rc=0
2026-10-02T19:39:19.761Z kv-compact: start l0=265 inputs=2 range=267 l0only=1
2026-10-02T19:39:19.788Z kv-compact: end bytes=17092519 ms=27 l0=264 l1=301 rc=0
2026-10-02T19:39:19.788Z kv-compact: start l0=264 inputs=2 range=261 l0only=1
2026-10-02T19:39:19.811Z kv-compact: end bytes=16806495 ms=23 l0=263 l1=301 rc=0
2026-10-02T19:39:19.811Z kv-compact: start l0=263 inputs=2 range=263 l0only=1
2026-10-02T19:39:19.834Z kv-compact: end bytes=16729757 ms=23 l0=262 l1=301 rc=0
2026-10-02T19:39:19.834Z kv-compact: start l0=262 inputs=2 range=260 l0only=1
2026-10-02T19:39:19.857Z kv-compact: end bytes=15608985 ms=23 l0=261 l1=301 rc=0
2026-10-02T19:39:19.857Z kv-compact: start l0=261 inputs=2 range=270 l0only=1
2026-10-02T19:39:19.863Z kv-compact: end bytes=3218215 ms=6 l0=260 l1=301 rc=0
2026-10-02T19:39:19.863Z kv-compact: start l0=260 inputs=2 range=258 l0only=1
2026-10-02T19:39:19.869Z kv-compact: end bytes=2756303 ms=6 l0=259 l1=301 rc=0
2026-10-02T19:39:19.869Z kv-compact: start l0=259 inputs=2 range=257 l0only=1
2026-10-02T19:39:19.875Z kv-compact: end bytes=2038654 ms=5 l0=258 l1=301 rc=0
2026-10-02T19:39:19.875Z kv-compact: start l0=258 inputs=2 range=264 l0only=1
2026-10-02T19:39:19.879Z kv-compact: end bytes=1673884 ms=5 l0=257 l1=301 rc=0
2026-10-02T19:39:19.909Z kv-compact: start l0=267 inputs=2 range=267 l0only=1
2026-10-02T19:39:19.937Z kv-compact: end bytes=17396017 ms=28 l0=266 l1=301 rc=0
2026-10-02T19:39:19.937Z kv-compact: start l0=266 inputs=2 range=261 l0only=1
2026-10-02T19:39:19.961Z kv-compact: end bytes=16920483 ms=24 l0=265 l1=301 rc=0
2026-10-02T19:39:19.961Z kv-compact: start l0=265 inputs=2 range=263 l0only=1
2026-10-02T19:39:19.984Z kv-compact: end bytes=16873362 ms=23 l0=264 l1=301 rc=0
2026-10-02T19:39:19.984Z kv-compact: start l0=264 inputs=2 range=260 l0only=1
2026-10-02T19:39:20.007Z kv-compact: end bytes=15801715 ms=23 l0=263 l1=301 rc=0
2026-10-02T19:39:20.007Z kv-compact: start l0=263 inputs=2 range=270 l0only=1
2026-10-02T19:39:20.014Z kv-compact: end bytes=3496512 ms=7 l0=262 l1=301 rc=0
2026-10-02T19:39:20.014Z kv-compact: start l0=262 inputs=2 range=258 l0only=1
2026-10-02T19:39:20.020Z kv-compact: end bytes=2826821 ms=6 l0=261 l1=301 rc=0
2026-10-02T19:39:20.020Z kv-compact: start l0=261 inputs=2 range=257 l0only=1
2026-10-02T19:39:20.026Z kv-compact: end bytes=2377738 ms=5 l0=260 l1=301 rc=0
2026-10-02T19:39:20.026Z kv-compact: start l0=260 inputs=2 range=264 l0only=1
2026-10-02T19:39:20.031Z kv-compact: end bytes=1806544 ms=5 l0=259 l1=301 rc=0
2026-10-02T19:39:20.105Z kv-compact: start l0=269 inputs=2 range=267 l0only=1
2026-10-02T19:39:20.134Z kv-compact: end bytes=18007656 ms=29 l0=268 l1=301 rc=0
2026-10-02T19:39:20.134Z kv-compact: start l0=268 inputs=2 range=261 l0only=1
2026-10-02T19:39:20.158Z kv-compact: end bytes=17175829 ms=24 l0=267 l1=301 rc=0
2026-10-02T19:39:20.158Z kv-compact: start l0=267 inputs=2 range=263 l0only=1
2026-10-02T19:39:20.180Z kv-compact: end bytes=17100050 ms=22 l0=266 l1=301 rc=0
2026-10-02T19:39:20.180Z kv-compact: start l0=266 inputs=2 range=260 l0only=1
2026-10-02T19:39:20.203Z kv-compact: end bytes=16038224 ms=23 l0=265 l1=301 rc=0
2026-10-02T19:39:20.203Z kv-compact: start l0=265 inputs=2 range=270 l0only=1
2026-10-02T19:39:20.211Z kv-compact: end bytes=4049492 ms=8 l0=264 l1=301 rc=0
2026-10-02T19:39:20.211Z kv-compact: start l0=264 inputs=2 range=258 l0only=1
2026-10-02T19:39:20.218Z kv-compact: end bytes=2996354 ms=7 l0=263 l1=301 rc=0
2026-10-02T19:39:20.218Z kv-compact: start l0=263 inputs=2 range=257 l0only=1
2026-10-02T19:39:20.223Z kv-compact: end bytes=2783928 ms=6 l0=262 l1=301 rc=0
2026-10-02T19:39:20.223Z kv-compact: start l0=262 inputs=2 range=264 l0only=1
2026-10-02T19:39:20.228Z kv-compact: end bytes=2184986 ms=4 l0=261 l1=301 rc=0
2026-10-02T19:39:20.228Z kv-compact: start l0=261 inputs=2 range=2 l0only=1
2026-10-02T19:39:20.232Z kv-compact: end bytes=1002240 ms=4 l0=260 l1=301 rc=0
2026-10-02T19:39:20.232Z kv-compact: start l0=260 inputs=2 range=1 l0only=1
2026-10-02T19:39:20.235Z kv-compact: end bytes=946560 ms=3 l0=259 l1=301 rc=0
2026-10-02T19:39:20.314Z kv-compact: start l0=269 inputs=2 range=267 l0only=1
2026-10-02T19:39:20.342Z kv-compact: end bytes=18456744 ms=28 l0=268 l1=301 rc=0
2026-10-02T19:39:20.342Z kv-compact: start l0=268 inputs=2 range=261 l0only=1
2026-10-02T19:39:20.366Z kv-compact: end bytes=17345040 ms=24 l0=267 l1=301 rc=0
2026-10-02T19:39:20.366Z kv-compact: start l0=267 inputs=2 range=263 l0only=1
2026-10-02T19:39:20.389Z kv-compact: end bytes=17192625 ms=23 l0=266 l1=301 rc=0
2026-10-02T19:39:20.389Z kv-compact: start l0=266 inputs=2 range=260 l0only=1
2026-10-02T19:39:20.411Z kv-compact: end bytes=16227969 ms=22 l0=265 l1=301 rc=0
2026-10-02T19:39:20.411Z kv-compact: start l0=265 inputs=2 range=270 l0only=1
2026-10-02T19:39:20.419Z kv-compact: end bytes=4417142 ms=8 l0=264 l1=301 rc=0
2026-10-02T19:39:20.419Z kv-compact: start l0=264 inputs=2 range=258 l0only=1
2026-10-02T19:39:20.425Z kv-compact: end bytes=3195672 ms=6 l0=263 l1=301 rc=0
2026-10-02T19:39:20.425Z kv-compact: start l0=263 inputs=2 range=257 l0only=1
2026-10-02T19:39:20.432Z kv-compact: end bytes=3075521 ms=7 l0=262 l1=301 rc=0
2026-10-02T19:39:20.432Z kv-compact: start l0=262 inputs=2 range=264 l0only=1
2026-10-02T19:39:20.437Z kv-compact: end bytes=2469721 ms=5 l0=261 l1=301 rc=0
2026-10-02T19:39:20.437Z kv-compact: start l0=261 inputs=2 range=2 l0only=1
2026-10-02T19:39:20.441Z kv-compact: end bytes=1549760 ms=4 l0=260 l1=301 rc=0
2026-10-02T19:39:20.441Z kv-compact: start l0=260 inputs=2 range=1 l0only=1
2026-10-02T19:39:20.445Z kv-compact: end bytes=1503360 ms=4 l0=259 l1=301 rc=0
2026-10-02T19:39:20.512Z kv-compact: start l0=269 inputs=2 range=267 l0only=1
2026-10-02T19:39:20.540Z kv-compact: end bytes=18822255 ms=28 l0=268 l1=301 rc=0
2026-10-02T19:39:20.540Z kv-compact: start l0=268 inputs=2 range=261 l0only=1
2026-10-02T19:39:20.563Z kv-compact: end bytes=17515143 ms=23 l0=267 l1=301 rc=0
2026-10-02T19:39:20.563Z kv-compact: start l0=267 inputs=2 range=263 l0only=1
2026-10-02T19:39:20.586Z kv-compact: end bytes=17282463 ms=23 l0=266 l1=301 rc=0
2026-10-02T19:39:20.586Z kv-compact: start l0=266 inputs=2 range=260 l0only=1
2026-10-02T19:39:20.610Z kv-compact: end bytes=16385192 ms=24 l0=265 l1=301 rc=0
2026-10-02T19:39:20.610Z kv-compact: start l0=265 inputs=2 range=270 l0only=1
2026-10-02T19:39:20.618Z kv-compact: end bytes=4752505 ms=9 l0=264 l1=301 rc=0
2026-10-02T19:39:20.618Z kv-compact: start l0=264 inputs=2 range=258 l0only=1
2026-10-02T19:39:20.625Z kv-compact: end bytes=3310143 ms=6 l0=263 l1=301 rc=0
2026-10-02T19:39:20.625Z kv-compact: start l0=263 inputs=2 range=257 l0only=1
2026-10-02T19:39:20.631Z kv-compact: end bytes=3295655 ms=6 l0=262 l1=301 rc=0
2026-10-02T19:39:20.631Z kv-compact: start l0=262 inputs=2 range=264 l0only=1
2026-10-02T19:39:20.637Z kv-compact: end bytes=2693719 ms=6 l0=261 l1=301 rc=0
2026-10-02T19:39:20.637Z kv-compact: start l0=261 inputs=2 range=1 l0only=1
2026-10-02T19:39:20.643Z kv-compact: end bytes=2245760 ms=6 l0=260 l1=301 rc=0
2026-10-02T19:39:20.643Z kv-compact: start l0=260 inputs=2 range=2 l0only=1
2026-10-02T19:39:20.647Z kv-compact: end bytes=2227200 ms=4 l0=259 l1=301 rc=0
2026-10-02T19:39:20.685Z raft-host: gc-pass ms=9 reap=0 frag=0 spread=0 recover=0 fscans=0 fsegs=0 fkeys=0 femit=0 ftomb=0 scans=0 segs=0 keys=0 emit=0 tomb=0
2026-10-02T19:39:20.777Z kv-compact: start l0=269 inputs=2 range=267 l0only=1
2026-10-02T19:39:20.806Z kv-compact: end bytes=19070047 ms=29 l0=268 l1=301 rc=0
2026-10-02T19:39:20.806Z kv-compact: start l0=268 inputs=2 range=261 l0only=1
2026-10-02T19:39:20.829Z kv-compact: end bytes=17666335 ms=24 l0=267 l1=301 rc=0
2026-10-02T19:39:20.830Z kv-compact: start l0=267 inputs=2 range=263 l0only=1
2026-10-02T19:39:20.854Z kv-compact: end bytes=17339135 ms=24 l0=266 l1=301 rc=0
2026-10-02T19:39:20.854Z kv-compact: start l0=266 inputs=2 range=260 l0only=1
2026-10-02T19:39:20.877Z kv-compact: end bytes=16447177 ms=23 l0=265 l1=301 rc=0
2026-10-02T19:39:20.877Z kv-compact: start l0=265 inputs=2 range=270 l0only=1
2026-10-02T19:39:20.886Z kv-compact: end bytes=4971452 ms=9 l0=264 l1=301 rc=0
2026-10-02T19:39:20.886Z kv-compact: start l0=264 inputs=2 range=257 l0only=1
2026-10-02T19:39:20.893Z kv-compact: end bytes=3476516 ms=7 l0=263 l1=301 rc=0
2026-10-02T19:39:20.893Z kv-compact: start l0=263 inputs=2 range=258 l0only=1
2026-10-02T19:39:20.900Z kv-compact: end bytes=3353130 ms=7 l0=262 l1=301 rc=0
2026-10-02T19:39:20.900Z kv-compact: start l0=262 inputs=2 range=1 l0only=1
2026-10-02T19:39:20.907Z kv-compact: end bytes=3180690 ms=7 l0=261 l1=301 rc=0
2026-10-02T19:39:20.907Z kv-compact: start l0=261 inputs=2 range=2 l0only=1
2026-10-02T19:39:20.913Z kv-compact: end bytes=3155200 ms=6 l0=260 l1=301 rc=0
2026-10-02T19:39:20.913Z kv-compact: start l0=260 inputs=2 range=264 l0only=1
2026-10-02T19:39:20.919Z kv-compact: end bytes=2873046 ms=6 l0=259 l1=301 rc=0
2026-10-02T19:39:20.984Z kv-compact: start l0=269 inputs=2 range=267 l0only=1
2026-10-02T19:39:21.013Z kv-compact: end bytes=19626389 ms=29 l0=268 l1=301 rc=0
2026-10-02T19:39:21.013Z kv-compact: start l0=268 inputs=2 range=261 l0only=1
2026-10-02T19:39:21.038Z kv-compact: end bytes=17924505 ms=25 l0=267 l1=301 rc=0
2026-10-02T19:39:21.038Z kv-compact: start l0=267 inputs=2 range=263 l0only=1
2026-10-02T19:39:21.061Z kv-compact: end bytes=17498203 ms=23 l0=266 l1=301 rc=0
2026-10-02T19:39:21.061Z kv-compact: start l0=266 inputs=2 range=260 l0only=1
2026-10-02T19:39:21.085Z kv-compact: end bytes=16647461 ms=24 l0=265 l1=301 rc=0
2026-10-02T19:39:21.085Z kv-compact: start l0=265 inputs=2 range=270 l0only=1
2026-10-02T19:39:21.095Z kv-compact: end bytes=5404368 ms=9 l0=264 l1=301 rc=0
2026-10-02T19:39:21.095Z kv-compact: start l0=264 inputs=2 range=257 l0only=1
2026-10-02T19:39:21.103Z kv-compact: end bytes=3789979 ms=7 l0=263 l1=301 rc=0
2026-10-02T19:39:21.103Z kv-compact: start l0=263 inputs=2 range=258 l0only=1
2026-10-02T19:39:21.110Z kv-compact: end bytes=3557365 ms=7 l0=262 l1=301 rc=0
2026-10-02T19:39:21.110Z kv-compact: start l0=262 inputs=2 range=1 l0only=1
2026-10-02T19:39:21.117Z kv-compact: end bytes=3553408 ms=7 l0=261 l1=301 rc=0
2026-10-02T19:39:21.117Z kv-compact: start l0=261 inputs=2 range=2 l0only=1
2026-10-02T19:39:21.124Z kv-compact: end bytes=3526400 ms=7 l0=260 l1=301 rc=0
2026-10-02T19:39:21.124Z kv-compact: start l0=260 inputs=2 range=264 l0only=1
2026-10-02T19:39:21.130Z kv-compact: end bytes=3216627 ms=7 l0=259 l1=301 rc=0
2026-10-02T19:39:21.195Z kv-compact: start l0=269 inputs=3 range=1 l0only=0
2026-10-02T19:39:21.245Z kv-compact: end bytes=34438080 ms=50 l0=267 l1=301 rc=0
2026-10-02T19:39:21.246Z kv-compact: start l0=267 inputs=2 range=267 l0only=1
2026-10-02T19:39:21.275Z kv-compact: end bytes=20122469 ms=29 l0=266 l1=301 rc=0
2026-10-02T19:39:21.275Z kv-compact: start l0=266 inputs=2 range=261 l0only=1
2026-10-02T19:39:21.300Z kv-compact: end bytes=18140728 ms=25 l0=265 l1=301 rc=0
2026-10-02T19:39:21.300Z kv-compact: start l0=265 inputs=2 range=263 l0only=1
2026-10-02T19:39:21.323Z kv-compact: end bytes=17617504 ms=23 l0=264 l1=301 rc=0
2026-10-02T19:39:21.323Z kv-compact: start l0=264 inputs=2 range=260 l0only=1
2026-10-02T19:39:21.347Z kv-compact: end bytes=16838729 ms=25 l0=263 l1=301 rc=0
2026-10-02T19:39:21.348Z kv-compact: start l0=263 inputs=2 range=270 l0only=1
2026-10-02T19:39:21.358Z kv-compact: end bytes=5865881 ms=11 l0=262 l1=301 rc=0
2026-10-02T19:39:21.359Z kv-compact: start l0=262 inputs=2 range=257 l0only=1
2026-10-02T19:39:21.366Z kv-compact: end bytes=4085414 ms=7 l0=261 l1=301 rc=0
2026-10-02T19:39:21.366Z kv-compact: start l0=261 inputs=2 range=2 l0only=1
2026-10-02T19:39:21.374Z kv-compact: end bytes=3897600 ms=7 l0=260 l1=301 rc=0
2026-10-02T19:39:21.374Z kv-compact: start l0=260 inputs=2 range=258 l0only=1
2026-10-02T19:39:21.382Z kv-compact: end bytes=3847252 ms=8 l0=259 l1=301 rc=0
2026-10-02T19:39:21.382Z kv-compact: start l0=259 inputs=2 range=264 l0only=1
2026-10-02T19:39:21.390Z kv-compact: end bytes=3633221 ms=8 l0=258 l1=301 rc=0
2026-10-02T19:39:21.426Z kv-compact: start l0=267 inputs=3 range=2 l0only=0
2026-10-02T19:39:21.478Z kv-compact: end bytes=36887518 ms=53 l0=265 l1=301 rc=0
2026-10-02T19:39:21.479Z kv-compact: start l0=265 inputs=2 range=267 l0only=1
2026-10-02T19:39:21.509Z kv-compact: end bytes=20209148 ms=30 l0=264 l1=301 rc=0
2026-10-02T19:39:21.509Z kv-compact: start l0=264 inputs=2 range=261 l0only=1
2026-10-02T19:39:21.534Z kv-compact: end bytes=18225266 ms=26 l0=263 l1=301 rc=0
2026-10-02T19:39:21.534Z kv-compact: start l0=263 inputs=2 range=263 l0only=1
2026-10-02T19:39:21.557Z kv-compact: end bytes=17659773 ms=22 l0=262 l1=301 rc=0
2026-10-02T19:39:21.557Z kv-compact: start l0=262 inputs=2 range=270 l0only=1
2026-10-02T19:39:21.568Z kv-compact: end bytes=5992716 ms=11 l0=261 l1=301 rc=0
2026-10-02T19:39:21.568Z kv-compact: start l0=261 inputs=2 range=257 l0only=1
2026-10-02T19:39:21.575Z kv-compact: end bytes=4117094 ms=7 l0=260 l1=301 rc=0
2026-10-02T19:39:21.575Z kv-compact: start l0=260 inputs=2 range=258 l0only=1
2026-10-02T19:39:21.583Z kv-compact: end bytes=3931790 ms=8 l0=259 l1=301 rc=0
2026-10-02T19:39:21.583Z kv-compact: start l0=259 inputs=2 range=264 l0only=1
2026-10-02T19:39:21.590Z kv-compact: end bytes=3717759 ms=8 l0=258 l1=301 rc=0
2026-10-02T19:39:21.634Z kv-compact: start l0=268 inputs=2 range=267 l0only=1
2026-10-02T19:39:21.665Z kv-compact: end bytes=20742950 ms=31 l0=267 l1=301 rc=0
2026-10-02T19:39:21.665Z kv-compact: start l0=267 inputs=2 range=261 l0only=1
2026-10-02T19:39:21.691Z kv-compact: end bytes=18433922 ms=26 l0=266 l1=301 rc=0
2026-10-02T19:39:21.691Z kv-compact: start l0=266 inputs=2 range=263 l0only=1
2026-10-02T19:39:21.703Z raft-host: gc-pass ms=14 reap=0 frag=0 spread=0 recover=0 fscans=0 fsegs=0 fkeys=0 femit=0 ftomb=0 scans=0 segs=0 keys=0 emit=0 tomb=0
2026-10-02T19:39:21.714Z kv-compact: end bytes=17826173 ms=23 l0=265 l1=301 rc=0
2026-10-02T19:39:21.714Z kv-compact: start l0=265 inputs=2 range=260 l0only=1
2026-10-02T19:39:21.737Z kv-compact: end bytes=17074198 ms=23 l0=264 l1=301 rc=0
2026-10-02T19:39:21.737Z kv-compact: start l0=264 inputs=2 range=270 l0only=1
2026-10-02T19:39:21.749Z kv-compact: end bytes=6453424 ms=12 l0=263 l1=301 rc=0
2026-10-02T19:39:21.749Z kv-compact: start l0=263 inputs=2 range=257 l0only=1
2026-10-02T19:39:21.757Z kv-compact: end bytes=4428109 ms=8 l0=262 l1=301 rc=0
2026-10-02T19:39:21.757Z kv-compact: start l0=262 inputs=2 range=258 l0only=1
2026-10-02T19:39:21.765Z kv-compact: end bytes=4132557 ms=8 l0=261 l1=301 rc=0
2026-10-02T19:39:21.765Z kv-compact: start l0=261 inputs=2 range=264 l0only=1
2026-10-02T19:39:21.773Z kv-compact: end bytes=4016092 ms=8 l0=260 l1=301 rc=0
2026-10-02T19:39:21.773Z kv-compact: start l0=260 inputs=2 range=1 l0only=1
2026-10-02T19:39:21.777Z kv-compact: end bytes=1494080 ms=4 l0=259 l1=301 rc=0
2026-10-02T19:39:21.838Z kv-compact: start l0=269 inputs=2 range=267 l0only=1
2026-10-02T19:39:21.871Z kv-compact: end bytes=21238434 ms=33 l0=268 l1=301 rc=0
2026-10-02T19:39:21.871Z kv-compact: start l0=268 inputs=2 range=261 l0only=1
2026-10-02T19:39:21.896Z kv-compact: end bytes=18649501 ms=25 l0=267 l1=301 rc=0
2026-10-02T19:39:21.896Z kv-compact: start l0=267 inputs=2 range=263 l0only=1
2026-10-02T19:39:21.920Z kv-compact: end bytes=17942415 ms=24 l0=266 l1=301 rc=0
2026-10-02T19:39:21.920Z kv-compact: start l0=266 inputs=2 range=260 l0only=1
2026-10-02T19:39:21.944Z kv-compact: end bytes=17303710 ms=24 l0=265 l1=301 rc=0
2026-10-02T19:39:21.944Z kv-compact: start l0=265 inputs=2 range=270 l0only=1
2026-10-02T19:39:21.956Z kv-compact: end bytes=6937638 ms=12 l0=264 l1=301 rc=0
2026-10-02T19:39:21.956Z kv-compact: start l0=264 inputs=2 range=257 l0only=1
2026-10-02T19:39:21.965Z kv-compact: end bytes=4760178 ms=9 l0=263 l1=301 rc=0
2026-10-02T19:39:21.965Z kv-compact: start l0=263 inputs=2 range=264 l0only=1
2026-10-02T19:39:21.973Z kv-compact: end bytes=4421168 ms=8 l0=262 l1=301 rc=0
2026-10-02T19:39:21.973Z kv-compact: start l0=262 inputs=2 range=258 l0only=1
2026-10-02T19:39:21.982Z kv-compact: end bytes=4325435 ms=8 l0=261 l1=301 rc=0
2026-10-02T19:39:21.982Z kv-compact: start l0=261 inputs=2 range=1 l0only=1
2026-10-02T19:39:21.987Z kv-compact: end bytes=1865280 ms=5 l0=260 l1=301 rc=0
2026-10-02T19:39:21.987Z kv-compact: start l0=260 inputs=2 range=2 l0only=1
2026-10-02T19:39:21.990Z kv-compact: end bytes=788800 ms=3 l0=259 l1=301 rc=0
2026-10-02T19:39:22.069Z kv-compact: start l0=269 inputs=2 range=267 l0only=1
2026-10-02T19:39:22.102Z kv-compact: end bytes=21567539 ms=33 l0=268 l1=301 rc=0
2026-10-02T19:39:22.102Z kv-compact: start l0=268 inputs=2 range=261 l0only=1
2026-10-02T19:39:22.127Z kv-compact: end bytes=18785385 ms=25 l0=267 l1=301 rc=0
2026-10-02T19:39:22.127Z kv-compact: start l0=267 inputs=2 range=263 l0only=1
2026-10-02T19:39:22.152Z kv-compact: end bytes=18104233 ms=25 l0=266 l1=301 rc=0
2026-10-02T19:39:22.152Z kv-compact: start l0=266 inputs=2 range=260 l0only=1
2026-10-02T19:39:22.176Z kv-compact: end bytes=17468661 ms=24 l0=265 l1=301 rc=0
2026-10-02T19:39:22.176Z kv-compact: start l0=265 inputs=2 range=270 l0only=1
2026-10-02T19:39:22.189Z kv-compact: end bytes=7266970 ms=13 l0=264 l1=301 rc=0
2026-10-02T19:39:22.189Z kv-compact: start l0=264 inputs=2 range=257 l0only=1
2026-10-02T19:39:22.198Z kv-compact: end bytes=5037433 ms=9 l0=263 l1=301 rc=0
2026-10-02T19:39:22.198Z kv-compact: start l0=263 inputs=2 range=264 l0only=1
2026-10-02T19:39:22.206Z kv-compact: end bytes=4648983 ms=9 l0=262 l1=301 rc=0
2026-10-02T19:39:22.207Z kv-compact: start l0=262 inputs=2 range=258 l0only=1
2026-10-02T19:39:22.215Z kv-compact: end bytes=4449888 ms=8 l0=261 l1=301 rc=0
2026-10-02T19:39:22.215Z kv-compact: start l0=261 inputs=2 range=1 l0only=1
2026-10-02T19:39:22.220Z kv-compact: end bytes=2611838 ms=5 l0=260 l1=301 rc=0
2026-10-02T19:39:22.220Z kv-compact: start l0=260 inputs=2 range=2 l0only=1
2026-10-02T19:39:22.224Z kv-compact: end bytes=1392000 ms=4 l0=259 l1=301 rc=0
2026-10-02T19:39:22.224Z raft-obs: tx->0 enq=20302 drop=0 sent=20241 fail=0 hi=6 rtt_avg=29us get_avg=0us get_max=3ms
2026-10-02T19:39:22.224Z raft-obs: tx->3 enq=20310 drop=0 sent=20250 fail=0 hi=5 rtt_avg=27us get_avg=0us get_max=3ms
2026-10-02T19:39:22.224Z raft-obs: wait_timeouts=0 pump_hold_max=86626us lock_wait_max=5us drain_max=86626us tick_max=1us apply_max=70478us persist_max=14720us applies_in_worst=7 arc_miss=0 arc_term_miss=0 opid_replay=0 fin_q=0 fin_done=0 fin_drop=0 fin_full=0 pub_p50=0us pub_max=0us inbox_drop=0
2026-10-02T19:39:22.294Z kv-compact: start l0=269 inputs=2 range=267 l0only=1
2026-10-02T19:39:22.326Z kv-compact: end bytes=22018009 ms=32 l0=268 l1=301 rc=0
2026-10-02T19:39:22.326Z kv-compact: start l0=268 inputs=2 range=261 l0only=1
2026-10-02T19:39:22.351Z kv-compact: end bytes=18982288 ms=26 l0=267 l1=301 rc=0
2026-10-02T19:39:22.351Z kv-compact: start l0=267 inputs=2 range=263 l0only=1
2026-10-02T19:39:22.376Z kv-compact: end bytes=18208722 ms=24 l0=266 l1=301 rc=0
2026-10-02T19:39:22.376Z kv-compact: start l0=266 inputs=2 range=260 l0only=1
2026-10-02T19:39:22.401Z kv-compact: end bytes=17681107 ms=25 l0=265 l1=301 rc=0
2026-10-02T19:39:22.401Z kv-compact: start l0=265 inputs=2 range=270 l0only=1
2026-10-02T19:39:22.415Z kv-compact: end bytes=7732186 ms=14 l0=264 l1=301 rc=0
2026-10-02T19:39:22.415Z kv-compact: start l0=264 inputs=2 range=257 l0only=1
2026-10-02T19:39:22.425Z kv-compact: end bytes=5340361 ms=10 l0=263 l1=301 rc=0
2026-10-02T19:39:22.425Z kv-compact: start l0=263 inputs=2 range=264 l0only=1
2026-10-02T19:39:22.434Z kv-compact: end bytes=5022429 ms=9 l0=262 l1=301 rc=0
2026-10-02T19:39:22.434Z kv-compact: start l0=262 inputs=2 range=258 l0only=1
2026-10-02T19:39:22.442Z kv-compact: end bytes=4647435 ms=8 l0=261 l1=301 rc=0
2026-10-02T19:39:22.442Z kv-compact: start l0=261 inputs=2 range=1 l0only=1
2026-10-02T19:39:22.448Z kv-compact: end bytes=2987328 ms=6 l0=260 l1=301 rc=0
2026-10-02T19:39:22.448Z kv-compact: start l0=260 inputs=2 range=2 l0only=1
2026-10-02T19:39:22.452Z kv-compact: end bytes=1902400 ms=4 l0=259 l1=301 rc=0
2026-10-02T19:39:22.509Z kv-compact: start l0=269 inputs=2 range=267 l0only=1
2026-10-02T19:39:22.542Z kv-compact: end bytes=22355961 ms=33 l0=268 l1=301 rc=0
2026-10-02T19:39:22.542Z kv-compact: start l0=268 inputs=2 range=261 l0only=1
2026-10-02T19:39:22.568Z kv-compact: end bytes=19111893 ms=26 l0=267 l1=301 rc=0
2026-10-02T19:39:22.568Z kv-compact: start l0=267 inputs=2 range=263 l0only=1
2026-10-02T19:39:22.592Z kv-compact: end bytes=18288256 ms=24 l0=266 l1=301 rc=0
2026-10-02T19:39:22.592Z kv-compact: start l0=266 inputs=2 range=260 l0only=1
2026-10-02T19:39:22.617Z kv-compact: end bytes=17888810 ms=25 l0=265 l1=301 rc=0
2026-10-02T19:39:22.617Z kv-compact: start l0=265 inputs=2 range=270 l0only=1
2026-10-02T19:39:22.630Z kv-compact: end bytes=8070866 ms=13 l0=264 l1=301 rc=0
2026-10-02T19:39:22.630Z kv-compact: start l0=264 inputs=2 range=257 l0only=1
2026-10-02T19:39:22.641Z kv-compact: end bytes=5579372 ms=11 l0=263 l1=301 rc=0
2026-10-02T19:39:22.641Z kv-compact: start l0=263 inputs=2 range=264 l0only=1
2026-10-02T19:39:22.649Z kv-compact: end bytes=5283819 ms=9 l0=262 l1=301 rc=0
2026-10-02T19:39:22.649Z kv-compact: start l0=262 inputs=2 range=258 l0only=1
2026-10-02T19:39:22.658Z kv-compact: end bytes=4766575 ms=9 l0=261 l1=301 rc=0
2026-10-02T19:39:22.659Z kv-compact: start l0=261 inputs=2 range=1 l0only=1
2026-10-02T19:39:22.665Z kv-compact: end bytes=3729728 ms=7 l0=260 l1=301 rc=0
2026-10-02T19:39:22.666Z kv-compact: start l0=260 inputs=2 range=2 l0only=1
2026-10-02T19:39:22.671Z kv-compact: end bytes=2542720 ms=5 l0=259 l1=301 rc=0
2026-10-02T19:39:22.720Z kv-compact: start l0=269 inputs=5 range=267 l0only=0
2026-10-02T19:39:22.726Z raft-host: gc-pass ms=20 reap=0 frag=0 spread=0 recover=0 fscans=0 fsegs=0 fkeys=0 femit=0 ftomb=0 scans=0 segs=0 keys=0 emit=0 tomb=0
2026-10-02T19:39:23.008Z kv-compact: end bytes=180375770 ms=288 l0=277 l1=301 rc=0
2026-10-02T19:39:23.008Z kv-compact: start l0=277 inputs=4 range=1 l0only=0
2026-10-02T19:39:23.069Z kv-compact: end bytes=39421440 ms=61 l0=274 l1=301 rc=0
2026-10-02T19:39:23.069Z kv-compact: start l0=274 inputs=3 range=261 l0only=1
2026-10-02T19:39:23.096Z kv-compact: end bytes=19491061 ms=27 l0=272 l1=301 rc=0
2026-10-02T19:39:23.096Z kv-compact: start l0=272 inputs=3 range=263 l0only=1
2026-10-02T19:39:23.121Z kv-compact: end bytes=18462619 ms=26 l0=270 l1=301 rc=0
2026-10-02T19:39:23.122Z kv-compact: start l0=270 inputs=3 range=260 l0only=1
2026-10-02T19:39:23.149Z kv-compact: end bytes=18162349 ms=27 l0=268 l1=301 rc=0
2026-10-02T19:39:23.149Z kv-compact: start l0=268 inputs=3 range=270 l0only=1
2026-10-02T19:39:23.165Z kv-compact: end bytes=8811717 ms=16 l0=266 l1=301 rc=0
2026-10-02T19:39:23.165Z kv-compact: start l0=266 inputs=3 range=257 l0only=1
2026-10-02T19:39:23.176Z kv-compact: end bytes=6142167 ms=11 l0=264 l1=301 rc=0
2026-10-02T19:39:23.176Z kv-compact: start l0=264 inputs=3 range=264 l0only=1
2026-10-02T19:39:23.188Z kv-compact: end bytes=5963017 ms=12 l0=262 l1=301 rc=0
2026-10-02T19:39:23.188Z kv-compact: start l0=262 inputs=3 range=258 l0only=1
2026-10-02T19:39:23.207Z kv-compact: end bytes=4973138 ms=19 l0=270 l1=301 rc=0
2026-10-02T19:39:23.207Z kv-compact: start l0=270 inputs=4 range=2 l0only=1
2026-10-02T19:39:23.215Z kv-compact: end bytes=4129600 ms=9 l0=267 l1=301 rc=0
2026-10-02T19:39:23.215Z kv-compact: start l0=267 inputs=2 range=261 l0only=1
2026-10-02T19:39:23.241Z kv-compact: end bytes=19775635 ms=25 l0=266 l1=301 rc=0
2026-10-02T19:39:23.241Z kv-compact: start l0=266 inputs=2 range=263 l0only=1
2026-10-02T19:39:23.266Z kv-compact: end bytes=18591741 ms=24 l0=265 l1=301 rc=0
2026-10-02T19:39:23.266Z kv-compact: start l0=265 inputs=2 range=260 l0only=1
2026-10-02T19:39:23.292Z kv-compact: end bytes=18373259 ms=26 l0=264 l1=301 rc=0
2026-10-02T19:39:23.292Z kv-compact: start l0=264 inputs=2 range=270 l0only=1
2026-10-02T19:39:23.308Z kv-compact: end bytes=9446949 ms=16 l0=263 l1=301 rc=0
2026-10-02T19:39:23.308Z kv-compact: start l0=263 inputs=2 range=257 l0only=1
2026-10-02T19:39:23.320Z kv-compact: end bytes=6461108 ms=12 l0=262 l1=301 rc=0
2026-10-02T19:39:23.320Z kv-compact: start l0=262 inputs=2 range=264 l0only=1
2026-10-02T19:39:23.332Z kv-compact: end bytes=6369468 ms=11 l0=261 l1=301 rc=0
2026-10-02T19:39:23.332Z kv-compact: start l0=261 inputs=2 range=258 l0only=1
2026-10-02T19:39:23.342Z kv-compact: end bytes=5148628 ms=10 l0=260 l1=301 rc=0
2026-10-02T19:39:23.342Z kv-compact: start l0=260 inputs=2 range=267 l0only=1
2026-10-02T19:39:23.345Z kv-compact: end bytes=942976 ms=3 l0=259 l1=301 rc=0
2026-10-02T19:39:23.418Z kv-compact: start l0=269 inputs=5 range=261 l0only=0
2026-10-02T19:39:23.673Z kv-compact: end bytes=168343058 ms=255 l0=277 l1=301 rc=0
2026-10-02T19:39:23.673Z kv-compact: start l0=277 inputs=4 range=2 l0only=0
2026-10-02T19:39:23.738Z kv-compact: end bytes=42316318 ms=65 l0=274 l1=301 rc=0
2026-10-02T19:39:23.738Z kv-compact: start l0=274 inputs=3 range=263 l0only=1
2026-10-02T19:39:23.765Z kv-compact: end bytes=18743886 ms=27 l0=272 l1=301 rc=0
2026-10-02T19:39:23.765Z kv-compact: start l0=272 inputs=3 range=260 l0only=1
2026-10-02T19:39:23.792Z kv-compact: end bytes=18614920 ms=27 l0=270 l1=301 rc=0
2026-10-02T19:39:23.792Z kv-compact: start l0=270 inputs=3 range=270 l0only=1
2026-10-02T19:39:23.811Z kv-compact: end bytes=10240457 ms=19 l0=268 l1=301 rc=0
2026-10-02T19:39:23.811Z kv-compact: start l0=268 inputs=3 range=264 l0only=1
2026-10-02T19:39:23.823Z kv-compact: end bytes=6902136 ms=12 l0=266 l1=301 rc=0
2026-10-02T19:39:23.823Z kv-compact: start l0=266 inputs=3 range=257 l0only=1
2026-10-02T19:39:23.836Z kv-compact: end bytes=6834306 ms=14 l0=264 l1=301 rc=0
2026-10-02T19:39:23.836Z kv-compact: start l0=264 inputs=3 range=258 l0only=1
2026-10-02T19:39:23.847Z kv-compact: end bytes=5454789 ms=10 l0=262 l1=301 rc=0
2026-10-02T19:39:23.847Z kv-compact: start l0=262 inputs=3 range=267 l0only=1
2026-10-02T19:39:23.851Z kv-compact: end bytes=1635010 ms=4 l0=260 l1=301 rc=0
2026-10-02T19:39:23.851Z kv-compact: start l0=260 inputs=3 range=1 l0only=1
2026-10-02T19:39:23.855Z kv-compact: end bytes=1604608 ms=4 l0=258 l1=301 rc=0
2026-10-02T19:39:23.884Z kv-compact: start l0=267 inputs=2 range=263 l0only=1
2026-10-02T19:39:23.909Z kv-compact: end bytes=18828424 ms=25 l0=266 l1=301 rc=0
2026-10-02T19:39:23.909Z kv-compact: start l0=266 inputs=2 range=260 l0only=1
2026-10-02T19:39:23.933Z kv-compact: end bytes=18699458 ms=24 l0=265 l1=301 rc=0
2026-10-02T19:39:23.933Z kv-compact: start l0=265 inputs=2 range=270 l0only=1
2026-10-02T19:39:23.948Z kv-compact: end bytes=10341919 ms=15 l0=264 l1=301 rc=0
2026-10-02T19:39:23.948Z kv-compact: start l0=264 inputs=2 range=264 l0only=1
2026-10-02T19:39:23.961Z kv-compact: end bytes=6919061 ms=13 l0=263 l1=301 rc=0
2026-10-02T19:39:23.961Z kv-compact: start l0=263 inputs=2 range=257 l0only=1
2026-10-02T19:39:23.971Z kv-compact: end bytes=6918844 ms=11 l0=262 l1=301 rc=0
2026-10-02T19:39:23.971Z kv-compact: start l0=262 inputs=2 range=258 l0only=1
2026-10-02T19:39:23.981Z kv-compact: end bytes=5497058 ms=9 l0=261 l1=301 rc=0
2026-10-02T19:39:23.981Z kv-compact: start l0=261 inputs=2 range=1 l0only=1
2026-10-02T19:39:23.987Z kv-compact: end bytes=2792448 ms=6 l0=260 l1=301 rc=0
2026-10-02T19:39:23.987Z kv-compact: start l0=260 inputs=2 range=267 l0only=1
2026-10-02T19:39:23.991Z kv-compact: end bytes=1761817 ms=4 l0=259 l1=301 rc=0
2026-10-02T19:39:24.106Z kv-compact: start l0=269 inputs=2 range=263 l0only=1
2026-10-02T19:39:24.131Z kv-compact: end bytes=18985412 ms=25 l0=268 l1=301 rc=0
2026-10-02T19:39:24.131Z kv-compact: start l0=268 inputs=2 range=260 l0only=1
2026-10-02T19:39:24.159Z kv-compact: end bytes=18855715 ms=28 l0=267 l1=301 rc=0
2026-10-02T19:39:24.159Z kv-compact: start l0=267 inputs=2 range=270 l0only=1
2026-10-02T19:39:24.178Z kv-compact: end bytes=10706445 ms=19 l0=266 l1=301 rc=0
2026-10-02T19:39:24.178Z kv-compact: start l0=266 inputs=2 range=257 l0only=1
2026-10-02T19:39:24.191Z kv-compact: end bytes=7178872 ms=14 l0=265 l1=301 rc=0
2026-10-02T19:39:24.192Z kv-compact: start l0=265 inputs=2 range=264 l0only=1
2026-10-02T19:39:24.204Z kv-compact: end bytes=7107109 ms=12 l0=264 l1=301 rc=0
2026-10-02T19:39:24.204Z kv-compact: start l0=264 inputs=2 range=258 l0only=1
2026-10-02T19:39:24.215Z kv-compact: end bytes=5579651 ms=10 l0=263 l1=301 rc=0
2026-10-02T19:39:24.215Z kv-compact: start l0=263 inputs=2 range=1 l0only=1
2026-10-02T19:39:24.221Z kv-compact: end bytes=3534848 ms=6 l0=262 l1=301 rc=0
2026-10-02T19:39:24.221Z kv-compact: start l0=262 inputs=2 range=267 l0only=1
2026-10-02T19:39:24.226Z kv-compact: end bytes=2079611 ms=4 l0=261 l1=301 rc=0
2026-10-02T19:39:24.226Z kv-compact: start l0=261 inputs=2 range=2 l0only=1
2026-10-02T19:39:24.230Z kv-compact: end bytes=1893140 ms=4 l0=260 l1=301 rc=0
2026-10-02T19:39:24.230Z kv-compact: start l0=260 inputs=2 range=261 l0only=1
2026-10-02T19:39:24.233Z kv-compact: end bytes=321685 ms=3 l0=259 l1=301 rc=0
2026-10-02T19:39:24.354Z kv-compact: start l0=269 inputs=2 range=263 l0only=1
2026-10-02T19:39:24.381Z kv-compact: end bytes=19110670 ms=26 l0=268 l1=301 rc=0
2026-10-02T19:39:24.381Z kv-compact: start l0=268 inputs=2 range=260 l0only=1
2026-10-02T19:39:24.408Z kv-compact: end bytes=19096336 ms=27 l0=267 l1=301 rc=0
2026-10-02T19:39:24.408Z kv-compact: start l0=267 inputs=2 range=270 l0only=1
2026-10-02T19:39:24.426Z kv-compact: end bytes=11300139 ms=19 l0=266 l1=301 rc=0
2026-10-02T19:39:24.427Z kv-compact: start l0=266 inputs=2 range=264 l0only=1
2026-10-02T19:39:24.441Z kv-compact: end bytes=7491503 ms=14 l0=265 l1=301 rc=0
2026-10-02T19:39:24.442Z kv-compact: start l0=265 inputs=2 range=257 l0only=1
2026-10-02T19:39:24.454Z kv-compact: end bytes=7484128 ms=12 l0=264 l1=301 rc=0
2026-10-02T19:39:24.454Z kv-compact: start l0=264 inputs=2 range=258 l0only=1
2026-10-02T19:39:24.464Z kv-compact: end bytes=5727127 ms=10 l0=263 l1=301 rc=0
2026-10-02T19:39:24.464Z kv-compact: start l0=263 inputs=2 range=1 l0only=1
2026-10-02T19:39:24.472Z kv-compact: end bytes=3906048 ms=8 l0=262 l1=301 rc=0
2026-10-02T19:39:24.472Z kv-compact: start l0=262 inputs=2 range=267 l0only=1
2026-10-02T19:39:24.477Z kv-compact: end bytes=2580427 ms=5 l0=261 l1=301 rc=0
2026-10-02T19:39:24.477Z kv-compact: start l0=261 inputs=2 range=2 l0only=1
2026-10-02T19:39:24.482Z kv-compact: end bytes=2227220 ms=5 l0=260 l1=301 rc=0
2026-10-02T19:39:24.482Z kv-compact: start l0=260 inputs=2 range=261 l0only=1
2026-10-02T19:39:24.484Z kv-compact: end bytes=543946 ms=2 l0=259 l1=301 rc=0
2026-10-02T19:39:24.543Z kv-compact: start l0=269 inputs=2 range=260 l0only=1
2026-10-02T19:39:24.570Z kv-compact: end bytes=19343632 ms=28 l0=268 l1=301 rc=0
2026-10-02T19:39:24.571Z kv-compact: start l0=268 inputs=2 range=263 l0only=1
2026-10-02T19:39:24.597Z kv-compact: end bytes=19269577 ms=26 l0=267 l1=301 rc=0
2026-10-02T19:39:24.597Z kv-compact: start l0=267 inputs=2 range=270 l0only=1
2026-10-02T19:39:24.617Z kv-compact: end bytes=11923692 ms=20 l0=266 l1=301 rc=0
2026-10-02T19:39:24.617Z kv-compact: start l0=266 inputs=2 range=257 l0only=1
2026-10-02T19:39:24.631Z kv-compact: end bytes=7910221 ms=15 l0=265 l1=301 rc=0
2026-10-02T19:39:24.631Z kv-compact: start l0=265 inputs=2 range=264 l0only=1
2026-10-02T19:39:24.645Z kv-compact: end bytes=7865184 ms=13 l0=264 l1=301 rc=0
2026-10-02T19:39:24.645Z kv-compact: start l0=264 inputs=2 range=258 l0only=1
2026-10-02T19:39:24.657Z kv-compact: end bytes=5902939 ms=11 l0=263 l1=301 rc=0
2026-10-02T19:39:24.657Z kv-compact: start l0=263 inputs=2 range=1 l0only=1
2026-10-02T19:39:24.664Z kv-compact: end bytes=4091648 ms=7 l0=262 l1=301 rc=0
2026-10-02T19:39:24.664Z kv-compact: start l0=262 inputs=2 range=267 l0only=1
2026-10-02T19:39:24.671Z kv-compact: end bytes=3220950 ms=7 l0=261 l1=301 rc=0
2026-10-02T19:39:24.671Z kv-compact: start l0=261 inputs=2 range=2 l0only=1
2026-10-02T19:39:24.676Z kv-compact: end bytes=2412820 ms=5 l0=260 l1=301 rc=0
2026-10-02T19:39:24.676Z kv-compact: start l0=260 inputs=2 range=261 l0only=1
2026-10-02T19:39:24.679Z kv-compact: end bytes=807691 ms=3 l0=259 l1=301 rc=0
2026-10-02T19:39:24.790Z kv-compact: start l0=269 inputs=2 range=260 l0only=1
2026-10-02T19:39:24.818Z kv-compact: end bytes=19510119 ms=28 l0=268 l1=301 rc=0
2026-10-02T19:39:24.818Z kv-compact: start l0=268 inputs=2 range=263 l0only=1
2026-10-02T19:39:24.843Z kv-compact: end bytes=19321902 ms=25 l0=267 l1=301 rc=0
2026-10-02T19:39:24.843Z kv-compact: start l0=267 inputs=2 range=270 l0only=1
2026-10-02T19:39:24.863Z kv-compact: end bytes=12235079 ms=20 l0=266 l1=301 rc=0
2026-10-02T19:39:24.863Z kv-compact: start l0=266 inputs=2 range=257 l0only=1
2026-10-02T19:39:24.876Z kv-compact: end bytes=8119856 ms=13 l0=265 l1=301 rc=0
2026-10-02T19:39:24.876Z kv-compact: start l0=265 inputs=2 range=264 l0only=1
2026-10-02T19:39:24.890Z kv-compact: end bytes=8079488 ms=14 l0=264 l1=301 rc=0
2026-10-02T19:39:24.890Z kv-compact: start l0=264 inputs=2 range=258 l0only=1
2026-10-02T19:39:24.900Z kv-compact: end bytes=5962670 ms=10 l0=263 l1=301 rc=0
2026-10-02T19:39:24.900Z kv-compact: start l0=263 inputs=2 range=1 l0only=1
2026-10-02T19:39:24.909Z kv-compact: end bytes=4840978 ms=9 l0=262 l1=301 rc=0
2026-10-02T19:39:24.909Z kv-compact: start l0=262 inputs=2 range=267 l0only=1
2026-10-02T19:39:24.916Z kv-compact: end bytes=3469228 ms=7 l0=261 l1=301 rc=0
2026-10-02T19:39:24.916Z kv-compact: start l0=261 inputs=2 range=2 l0only=1
2026-10-02T19:39:24.922Z kv-compact: end bytes=3340820 ms=6 l0=260 l1=301 rc=0
2026-10-02T19:39:24.922Z kv-compact: start l0=260 inputs=2 range=261 l0only=1
2026-10-02T19:39:24.926Z kv-compact: end bytes=899099 ms=4 l0=259 l1=301 rc=0
2026-10-02T19:39:24.990Z kv-compact: start l0=269 inputs=5 range=260 l0only=0
2026-10-02T19:39:25.249Z kv-compact: end bytes=163094717 ms=259 l0=277 l1=301 rc=0
2026-10-02T19:39:25.249Z kv-compact: start l0=277 inputs=4 range=1 l0only=0
2026-10-02T19:39:25.319Z kv-compact: end bytes=45286400 ms=69 l0=274 l1=301 rc=0
2026-10-02T19:39:25.319Z kv-compact: start l0=274 inputs=3 range=263 l0only=1
2026-10-02T19:39:25.346Z kv-compact: end bytes=19519771 ms=27 l0=272 l1=301 rc=0
2026-10-02T19:39:25.346Z kv-compact: start l0=272 inputs=3 range=270 l0only=1
2026-10-02T19:39:25.369Z kv-compact: end bytes=13086943 ms=23 l0=270 l1=301 rc=0
2026-10-02T19:39:25.369Z kv-compact: start l0=270 inputs=3 range=257 l0only=1
2026-10-02T19:39:25.384Z kv-compact: end bytes=8677090 ms=15 l0=268 l1=301 rc=0
2026-10-02T19:39:25.384Z kv-compact: start l0=268 inputs=3 range=264 l0only=1
2026-10-02T19:39:25.399Z kv-compact: end bytes=8642679 ms=15 l0=266 l1=301 rc=0
2026-10-02T19:39:25.399Z kv-compact: start l0=266 inputs=3 range=258 l0only=1
2026-10-02T19:39:25.411Z kv-compact: end bytes=6184689 ms=11 l0=264 l1=301 rc=0
2026-10-02T19:39:25.411Z kv-compact: start l0=264 inputs=3 range=2 l0only=1
2026-10-02T19:39:25.420Z kv-compact: end bytes=4454420 ms=9 l0=262 l1=301 rc=0
2026-10-02T19:39:25.420Z kv-compact: start l0=262 inputs=3 range=267 l0only=1
2026-10-02T19:39:25.429Z kv-compact: end bytes=4375741 ms=9 l0=260 l1=301 rc=0
2026-10-02T19:39:25.429Z kv-compact: start l0=260 inputs=3 range=261 l0only=1
2026-10-02T19:39:25.433Z kv-compact: end bytes=1359807 ms=4 l0=258 l1=301 rc=0
2026-10-02T19:39:25.475Z kv-compact: start l0=268 inputs=2 range=263 l0only=1
2026-10-02T19:39:25.500Z kv-compact: end bytes=19574350 ms=25 l0=267 l1=301 rc=0
2026-10-02T19:39:25.500Z kv-compact: start l0=267 inputs=2 range=270 l0only=1
2026-10-02T19:39:25.522Z kv-compact: end bytes=13362266 ms=22 l0=266 l1=301 rc=0
2026-10-02T19:39:25.522Z kv-compact: start l0=266 inputs=2 range=264 l0only=1
2026-10-02T19:39:25.537Z kv-compact: end bytes=8848933 ms=14 l0=265 l1=301 rc=0
2026-10-02T19:39:25.537Z kv-compact: start l0=265 inputs=2 range=257 l0only=1
2026-10-02T19:39:25.552Z kv-compact: end bytes=8811525 ms=15 l0=264 l1=301 rc=0
2026-10-02T19:39:25.552Z kv-compact: start l0=264 inputs=2 range=258 l0only=1
2026-10-02T19:39:25.563Z kv-compact: end bytes=6329119 ms=11 l0=263 l1=301 rc=0
2026-10-02T19:39:25.563Z kv-compact: start l0=263 inputs=2 range=2 l0only=1
2026-10-02T19:39:25.572Z kv-compact: end bytes=5224660 ms=9 l0=262 l1=301 rc=0
2026-10-02T19:39:25.572Z kv-compact: start l0=262 inputs=2 range=267 l0only=1
2026-10-02T19:39:25.581Z kv-compact: end bytes=4682942 ms=8 l0=261 l1=301 rc=0
2026-10-02T19:39:25.581Z kv-compact: start l0=261 inputs=2 range=261 l0only=1
2026-10-02T19:39:25.585Z kv-compact: end bytes=1498411 ms=5 l0=260 l1=301 rc=0
2026-10-02T19:39:25.585Z kv-compact: start l0=260 inputs=2 range=260 l0only=1
2026-10-02T19:39:25.587Z kv-compact: end bytes=173554 ms=2 l0=259 l1=301 rc=0
2026-10-02T19:39:25.683Z kv-compact: start l0=269 inputs=3 range=2 l0only=0
2026-10-02T19:39:25.742Z raft-host: gc-pass ms=7 reap=0 frag=0 spread=0 recover=0 fscans=0 fsegs=0 fkeys=0 femit=0 ftomb=0 scans=0 segs=0 keys=0 emit=0 tomb=0
2026-10-02T19:39:25.753Z kv-compact: end bytes=48069882 ms=69 l0=267 l1=301 rc=0
2026-10-02T19:39:25.753Z kv-compact: start l0=267 inputs=2 range=263 l0only=1
2026-10-02T19:39:25.778Z kv-compact: end bytes=19677229 ms=26 l0=266 l1=301 rc=0
2026-10-02T19:39:25.779Z kv-compact: start l0=266 inputs=2 range=270 l0only=1
2026-10-02T19:39:25.800Z kv-compact: end bytes=13781275 ms=21 l0=265 l1=301 rc=0
2026-10-02T19:39:25.800Z kv-compact: start l0=265 inputs=2 range=264 l0only=1
2026-10-02T19:39:25.815Z kv-compact: end bytes=9129482 ms=15 l0=264 l1=301 rc=0
2026-10-02T19:39:25.815Z kv-compact: start l0=264 inputs=2 range=257 l0only=1
2026-10-02T19:39:25.830Z kv-compact: end bytes=9057211 ms=15 l0=263 l1=301 rc=0
2026-10-02T19:39:25.830Z kv-compact: start l0=263 inputs=2 range=258 l0only=1
2026-10-02T19:39:25.842Z kv-compact: end bytes=6485376 ms=12 l0=262 l1=301 rc=0
2026-10-02T19:39:25.842Z kv-compact: start l0=262 inputs=2 range=267 l0only=1
2026-10-02T19:39:25.851Z kv-compact: end bytes=5138981 ms=9 l0=261 l1=301 rc=0
2026-10-02T19:39:25.851Z kv-compact: start l0=261 inputs=2 range=261 l0only=1
2026-10-02T19:39:25.856Z kv-compact: end bytes=1747649 ms=4 l0=260 l1=301 rc=0
2026-10-02T19:39:25.856Z kv-compact: start l0=260 inputs=2 range=1 l0only=1
2026-10-02T19:39:25.860Z kv-compact: end bytes=1484800 ms=4 l0=259 l1=301 rc=0
2026-10-02T19:39:25.860Z kv-compact: start l0=259 inputs=2 range=260 l0only=1
2026-10-02T19:39:25.863Z kv-compact: end bytes=333159 ms=3 l0=258 l1=301 rc=0
2026-10-02T19:39:25.902Z kv-compact: start l0=268 inputs=2 range=263 l0only=1
2026-10-02T19:39:25.927Z kv-compact: end bytes=19817225 ms=25 l0=267 l1=301 rc=0
2026-10-02T19:39:25.927Z kv-compact: start l0=267 inputs=2 range=270 l0only=1
2026-10-02T19:39:25.950Z kv-compact: end bytes=14229218 ms=23 l0=266 l1=301 rc=0
2026-10-02T19:39:25.950Z kv-compact: start l0=266 inputs=2 range=264 l0only=1
2026-10-02T19:39:25.966Z kv-compact: end bytes=9402625 ms=16 l0=265 l1=301 rc=0
2026-10-02T19:39:25.966Z kv-compact: start l0=265 inputs=2 range=257 l0only=1
2026-10-02T19:39:25.982Z kv-compact: end bytes=9294686 ms=16 l0=264 l1=301 rc=0
2026-10-02T19:39:25.982Z kv-compact: start l0=264 inputs=2 range=258 l0only=1
2026-10-02T19:39:25.995Z kv-compact: end bytes=6637125 ms=13 l0=263 l1=301 rc=0
2026-10-02T19:39:25.995Z kv-compact: start l0=263 inputs=2 range=267 l0only=1
2026-10-02T19:39:26.006Z kv-compact: end bytes=5607556 ms=11 l0=262 l1=301 rc=0
2026-10-02T19:39:26.006Z kv-compact: start l0=262 inputs=2 range=1 l0only=1
2026-10-02T19:39:26.011Z kv-compact: end bytes=2041600 ms=5 l0=261 l1=301 rc=0
2026-10-02T19:39:26.011Z kv-compact: start l0=261 inputs=2 range=261 l0only=1
2026-10-02T19:39:26.015Z kv-compact: end bytes=1912057 ms=4 l0=260 l1=301 rc=0
2026-10-02T19:39:26.015Z kv-compact: start l0=260 inputs=2 range=260 l0only=1
2026-10-02T19:39:26.017Z kv-compact: end bytes=486136 ms=2 l0=259 l1=301 rc=0
2026-10-02T19:39:26.135Z kv-compact: start l0=269 inputs=2 range=263 l0only=1
2026-10-02T19:39:26.162Z kv-compact: end bytes=19951908 ms=27 l0=268 l1=301 rc=0
2026-10-02T19:39:26.162Z kv-compact: start l0=268 inputs=2 range=270 l0only=1
2026-10-02T19:39:26.186Z kv-compact: end bytes=14605562 ms=24 l0=267 l1=301 rc=0
2026-10-02T19:39:26.186Z kv-compact: start l0=267 inputs=2 range=264 l0only=1
2026-10-02T19:39:26.202Z kv-compact: end bytes=9612569 ms=16 l0=266 l1=301 rc=0
2026-10-02T19:39:26.202Z kv-compact: start l0=266 inputs=2 range=257 l0only=1
2026-10-02T19:39:26.219Z kv-compact: end bytes=9605107 ms=17 l0=265 l1=301 rc=0
2026-10-02T19:39:26.219Z kv-compact: start l0=265 inputs=2 range=258 l0only=1
2026-10-02T19:39:26.231Z kv-compact: end bytes=6740165 ms=12 l0=264 l1=301 rc=0
2026-10-02T19:39:26.231Z kv-compact: start l0=264 inputs=2 range=267 l0only=1
2026-10-02T19:39:26.242Z kv-compact: end bytes=6076769 ms=11 l0=263 l1=301 rc=0
2026-10-02T19:39:26.242Z kv-compact: start l0=263 inputs=2 range=1 l0only=1
2026-10-02T19:39:26.247Z kv-compact: end bytes=2605330 ms=5 l0=262 l1=301 rc=0
2026-10-02T19:39:26.247Z kv-compact: start l0=262 inputs=2 range=261 l0only=1
2026-10-02T19:39:26.252Z kv-compact: end bytes=2067382 ms=5 l0=261 l1=301 rc=0
2026-10-02T19:39:26.252Z kv-compact: start l0=261 inputs=2 range=2 l0only=1
2026-10-02T19:39:26.255Z kv-compact: end bytes=1178580 ms=3 l0=260 l1=301 rc=0
2026-10-02T19:39:26.255Z kv-compact: start l0=260 inputs=2 range=260 l0only=1
2026-10-02T19:39:26.257Z kv-compact: end bytes=672943 ms=2 l0=259 l1=301 rc=0
2026-10-02T19:39:26.340Z kv-compact: start l0=269 inputs=2 range=263 l0only=1
2026-10-02T19:39:26.366Z kv-compact: end bytes=20104140 ms=26 l0=268 l1=301 rc=0
2026-10-02T19:39:26.366Z kv-compact: start l0=268 inputs=2 range=270 l0only=1
2026-10-02T19:39:26.390Z kv-compact: end bytes=15065787 ms=24 l0=267 l1=301 rc=0
2026-10-02T19:39:26.390Z kv-compact: start l0=267 inputs=2 range=257 l0only=1
2026-10-02T19:39:26.406Z kv-compact: end bytes=9932507 ms=16 l0=266 l1=301 rc=0
2026-10-02T19:39:26.406Z kv-compact: start l0=266 inputs=2 range=264 l0only=1
2026-10-02T19:39:26.422Z kv-compact: end bytes=9904784 ms=16 l0=265 l1=301 rc=0
2026-10-02T19:39:26.422Z kv-compact: start l0=265 inputs=2 range=258 l0only=1
2026-10-02T19:39:26.434Z kv-compact: end bytes=6873956 ms=12 l0=264 l1=301 rc=0
2026-10-02T19:39:26.434Z kv-compact: start l0=264 inputs=2 range=267 l0only=1
2026-10-02T19:39:26.445Z kv-compact: end bytes=6617200 ms=11 l0=263 l1=301 rc=0
2026-10-02T19:39:26.445Z kv-compact: start l0=263 inputs=2 range=1 l0only=1
2026-10-02T19:39:26.451Z kv-compact: end bytes=2978048 ms=6 l0=262 l1=301 rc=0
2026-10-02T19:39:26.451Z kv-compact: start l0=262 inputs=2 range=261 l0only=1
2026-10-02T19:39:26.456Z kv-compact: end bytes=2267116 ms=4 l0=261 l1=301 rc=0
2026-10-02T19:39:26.456Z kv-compact: start l0=261 inputs=2 range=2 l0only=1
2026-10-02T19:39:26.460Z kv-compact: end bytes=1670420 ms=4 l0=260 l1=301 rc=0
2026-10-02T19:39:26.460Z kv-compact: start l0=260 inputs=2 range=260 l0only=1
2026-10-02T19:39:26.463Z kv-compact: end bytes=892272 ms=3 l0=259 l1=301 rc=0
2026-10-02T19:39:26.569Z kv-compact: start l0=269 inputs=2 range=263 l0only=1
2026-10-02T19:39:26.595Z kv-compact: end bytes=20211453 ms=26 l0=268 l1=301 rc=0
2026-10-02T19:39:26.595Z kv-compact: start l0=268 inputs=2 range=270 l0only=1
2026-10-02T19:39:26.619Z kv-compact: end bytes=15392469 ms=24 l0=267 l1=301 rc=0
2026-10-02T19:39:26.619Z kv-compact: start l0=267 inputs=2 range=257 l0only=1
2026-10-02T19:39:26.636Z kv-compact: end bytes=10147046 ms=17 l0=266 l1=301 rc=0
2026-10-02T19:39:26.636Z kv-compact: start l0=266 inputs=2 range=264 l0only=1
2026-10-02T19:39:26.652Z kv-compact: end bytes=10070292 ms=16 l0=265 l1=301 rc=0
2026-10-02T19:39:26.652Z kv-compact: start l0=265 inputs=2 range=267 l0only=1
2026-10-02T19:39:26.664Z kv-compact: end bytes=7011663 ms=12 l0=264 l1=301 rc=0
2026-10-02T19:39:26.664Z kv-compact: start l0=264 inputs=2 range=258 l0only=1
2026-10-02T19:39:26.676Z kv-compact: end bytes=6950592 ms=12 l0=263 l1=301 rc=0
2026-10-02T19:39:26.676Z kv-compact: start l0=263 inputs=2 range=1 l0only=1
2026-10-02T19:39:26.683Z kv-compact: end bytes=3720448 ms=8 l0=262 l1=301 rc=0
2026-10-02T19:39:26.684Z kv-compact: start l0=262 inputs=2 range=2 l0only=1
2026-10-02T19:39:26.689Z kv-compact: end bytes=2412820 ms=5 l0=261 l1=301 rc=0
2026-10-02T19:39:26.689Z kv-compact: start l0=261 inputs=2 range=261 l0only=1
2026-10-02T19:39:26.694Z kv-compact: end bytes=2384324 ms=6 l0=260 l1=301 rc=0
2026-10-02T19:39:26.695Z kv-compact: start l0=260 inputs=2 range=260 l0only=1
2026-10-02T19:39:26.698Z kv-compact: end bytes=1081487 ms=4 l0=259 l1=301 rc=0
2026-10-02T19:39:26.776Z kv-compact: start l0=269 inputs=2 range=263 l0only=1
2026-10-02T19:39:26.805Z kv-compact: end bytes=20238984 ms=29 l0=268 l1=301 rc=0
2026-10-02T19:39:26.805Z kv-compact: start l0=268 inputs=2 range=270 l0only=1
2026-10-02T19:39:26.831Z kv-compact: end bytes=15586004 ms=26 l0=267 l1=301 rc=0
2026-10-02T19:39:26.831Z kv-compact: start l0=267 inputs=2 range=257 l0only=1
2026-10-02T19:39:26.847Z kv-compact: end bytes=10330921 ms=16 l0=266 l1=301 rc=0
2026-10-02T19:39:26.847Z kv-compact: start l0=266 inputs=2 range=264 l0only=1
2026-10-02T19:39:26.865Z kv-compact: end bytes=10255039 ms=18 l0=265 l1=301 rc=0
2026-10-02T19:39:26.865Z kv-compact: start l0=265 inputs=2 range=267 l0only=1
2026-10-02T19:39:26.877Z kv-compact: end bytes=7233051 ms=11 l0=264 l1=301 rc=0
2026-10-02T19:39:26.877Z kv-compact: start l0=264 inputs=2 range=258 l0only=1
2026-10-02T19:39:26.889Z kv-compact: end bytes=6986817 ms=12 l0=263 l1=301 rc=0
2026-10-02T19:39:26.889Z kv-compact: start l0=263 inputs=2 range=1 l0only=1
2026-10-02T19:39:26.897Z kv-compact: end bytes=4759808 ms=9 l0=262 l1=301 rc=0
2026-10-02T19:39:26.897Z kv-compact: start l0=262 inputs=2 range=2 l0only=1
2026-10-02T19:39:26.904Z kv-compact: end bytes=3340820 ms=6 l0=261 l1=301 rc=0
2026-10-02T19:39:26.904Z kv-compact: start l0=261 inputs=2 range=261 l0only=1
2026-10-02T19:39:26.909Z kv-compact: end bytes=2438742 ms=5 l0=260 l1=301 rc=0
2026-10-02T19:39:26.909Z kv-compact: start l0=260 inputs=2 range=260 l0only=1
2026-10-02T19:39:26.912Z kv-compact: end bytes=1211588 ms=3 l0=259 l1=301 rc=0
2026-10-02T19:39:27.017Z kv-compact: start l0=269 inputs=2 range=263 l0only=1
2026-10-02T19:39:27.044Z kv-compact: end bytes=20326085 ms=27 l0=268 l1=301 rc=0
2026-10-02T19:39:27.044Z kv-compact: start l0=268 inputs=2 range=270 l0only=1
2026-10-02T19:39:27.069Z kv-compact: end bytes=15945926 ms=25 l0=267 l1=301 rc=0
2026-10-02T19:39:27.069Z kv-compact: start l0=267 inputs=2 range=257 l0only=1
2026-10-02T19:39:27.087Z kv-compact: end bytes=10686261 ms=18 l0=266 l1=301 rc=0
2026-10-02T19:39:27.087Z kv-compact: start l0=266 inputs=2 range=264 l0only=1
2026-10-02T19:39:27.105Z kv-compact: end bytes=10519508 ms=18 l0=265 l1=301 rc=0
2026-10-02T19:39:27.105Z kv-compact: start l0=265 inputs=2 range=267 l0only=1
2026-10-02T19:39:27.118Z kv-compact: end bytes=7673473 ms=13 l0=264 l1=301 rc=0
2026-10-02T19:39:27.118Z kv-compact: start l0=264 inputs=2 range=258 l0only=1
2026-10-02T19:39:27.131Z kv-compact: end bytes=7090823 ms=13 l0=263 l1=301 rc=0
2026-10-02T19:39:27.131Z kv-compact: start l0=263 inputs=2 range=1 l0only=1
2026-10-02T19:39:27.140Z kv-compact: end bytes=5390848 ms=9 l0=262 l1=301 rc=0
2026-10-02T19:39:27.140Z kv-compact: start l0=262 inputs=2 range=2 l0only=1
2026-10-02T19:39:27.147Z kv-compact: end bytes=3897620 ms=7 l0=261 l1=301 rc=0
2026-10-02T19:39:27.147Z kv-compact: start l0=261 inputs=2 range=261 l0only=1
2026-10-02T19:39:27.153Z kv-compact: end bytes=2634927 ms=6 l0=260 l1=301 rc=0
2026-10-02T19:39:27.153Z kv-compact: start l0=260 inputs=2 range=260 l0only=1
2026-10-02T19:39:27.157Z kv-compact: end bytes=1350585 ms=4 l0=259 l1=301 rc=0
2026-10-02T19:39:27.229Z kv-compact: start l0=269 inputs=3 range=1 l0only=0
2026-10-02T19:39:27.231Z raft-obs: tx->0 enq=20747 drop=0 sent=20633 fail=0 hi=6 rtt_avg=29us get_avg=0us get_max=3ms
2026-10-02T19:39:27.231Z raft-obs: tx->3 enq=20730 drop=0 sent=20626 fail=0 hi=5 rtt_avg=27us get_avg=0us get_max=3ms
2026-10-02T19:39:27.231Z raft-obs: wait_timeouts=0 pump_hold_max=112720us lock_wait_max=2us drain_max=112720us tick_max=1us apply_max=108263us persist_max=11213us applies_in_worst=8 arc_miss=0 arc_term_miss=0 opid_replay=0 fin_q=0 fin_done=0 fin_drop=0 fin_full=0 pub_p50=0us pub_max=0us inbox_drop=0
2026-10-02T19:39:27.299Z kv-compact: end bytes=51374080 ms=71 l0=267 l1=301 rc=0
2026-10-02T19:39:27.299Z kv-compact: start l0=267 inputs=2 range=263 l0only=1
2026-10-02T19:39:27.326Z kv-compact: end bytes=20388875 ms=27 l0=266 l1=301 rc=0
2026-10-02T19:39:27.327Z kv-compact: start l0=266 inputs=2 range=270 l0only=1
2026-10-02T19:39:27.353Z kv-compact: end bytes=16267134 ms=26 l0=265 l1=301 rc=0
2026-10-02T19:39:27.353Z kv-compact: start l0=265 inputs=2 range=257 l0only=1
2026-10-02T19:39:27.371Z kv-compact: end bytes=10939118 ms=18 l0=264 l1=301 rc=0
2026-10-02T19:39:27.371Z kv-compact: start l0=264 inputs=2 range=264 l0only=1
2026-10-02T19:39:27.388Z kv-compact: end bytes=10721006 ms=18 l0=263 l1=301 rc=0
2026-10-02T19:39:27.389Z kv-compact: start l0=263 inputs=2 range=267 l0only=1
2026-10-02T19:39:27.403Z kv-compact: end bytes=8050226 ms=14 l0=262 l1=301 rc=0
2026-10-02T19:39:27.403Z kv-compact: start l0=262 inputs=2 range=258 l0only=1
2026-10-02T19:39:27.415Z kv-compact: end bytes=7168103 ms=13 l0=261 l1=301 rc=0
2026-10-02T19:39:27.416Z kv-compact: start l0=261 inputs=2 range=2 l0only=1
2026-10-02T19:39:27.423Z kv-compact: end bytes=4640020 ms=8 l0=260 l1=301 rc=0
2026-10-02T19:39:27.424Z kv-compact: start l0=260 inputs=2 range=261 l0only=1
2026-10-02T19:39:27.430Z kv-compact: end bytes=2835546 ms=6 l0=259 l1=301 rc=0
2026-10-02T19:39:27.430Z kv-compact: start l0=259 inputs=2 range=260 l0only=1
2026-10-02T19:39:27.448Z kv-compact: end bytes=1452109 ms=18 l0=268 l1=301 rc=0
2026-10-02T19:39:27.448Z kv-compact: start l0=268 inputs=2 range=263 l0only=1
2026-10-02T19:39:27.474Z kv-compact: end bytes=20470663 ms=26 l0=267 l1=301 rc=0
2026-10-02T19:39:27.474Z kv-compact: start l0=267 inputs=2 range=270 l0only=1
2026-10-02T19:39:27.501Z kv-compact: end bytes=16628666 ms=27 l0=266 l1=301 rc=0
2026-10-02T19:39:27.501Z kv-compact: start l0=266 inputs=2 range=257 l0only=1
2026-10-02T19:39:27.519Z kv-compact: end bytes=11207183 ms=18 l0=265 l1=301 rc=0
2026-10-02T19:39:27.519Z kv-compact: start l0=265 inputs=2 range=264 l0only=1
2026-10-02T19:39:27.537Z kv-compact: end bytes=11030622 ms=18 l0=264 l1=301 rc=0
2026-10-02T19:39:27.537Z kv-compact: start l0=264 inputs=2 range=267 l0only=1
2026-10-02T19:39:27.551Z kv-compact: end bytes=8485174 ms=14 l0=263 l1=301 rc=0
2026-10-02T19:39:27.551Z kv-compact: start l0=263 inputs=2 range=258 l0only=1
2026-10-02T19:39:27.564Z kv-compact: end bytes=7330289 ms=13 l0=262 l1=301 rc=0
2026-10-02T19:39:27.564Z kv-compact: start l0=262 inputs=2 range=2 l0only=1
2026-10-02T19:39:27.574Z kv-compact: end bytes=5261780 ms=10 l0=261 l1=301 rc=0
2026-10-02T19:39:27.574Z kv-compact: start l0=261 inputs=2 range=261 l0only=1
2026-10-02T19:39:27.580Z kv-compact: end bytes=3036078 ms=6 l0=260 l1=301 rc=0
2026-10-02T19:39:27.580Z kv-compact: start l0=260 inputs=2 range=260 l0only=1
2026-10-02T19:39:27.584Z kv-compact: end bytes=1587792 ms=4 l0=259 l1=301 rc=0
2026-10-02T19:39:27.628Z kv-compact: start l0=269 inputs=3 range=2 l0only=0
2026-10-02T19:39:27.703Z kv-compact: end bytes=54194646 ms=75 l0=267 l1=301 rc=0
2026-10-02T19:39:27.703Z kv-compact: start l0=267 inputs=2 range=263 l0only=1
2026-10-02T19:39:27.731Z kv-compact: end bytes=20524115 ms=27 l0=266 l1=301 rc=0
2026-10-02T19:39:27.731Z kv-compact: start l0=266 inputs=2 range=270 l0only=1
2026-10-02T19:39:27.757Z kv-compact: end bytes=16911073 ms=26 l0=265 l1=301 rc=0
2026-10-02T19:39:27.757Z kv-compact: start l0=265 inputs=2 range=257 l0only=1
2026-10-02T19:39:27.759Z raft-host: gc-pass ms=7 reap=0 frag=0 spread=0 recover=0 fscans=0 fsegs=0 fkeys=0 femit=0 ftomb=0 scans=0 segs=0 keys=0 emit=0 tomb=0
2026-10-02T19:39:27.776Z kv-compact: end bytes=11407145 ms=19 l0=264 l1=301 rc=0
2026-10-02T19:39:27.776Z kv-compact: start l0=264 inputs=2 range=264 l0only=1
2026-10-02T19:39:27.795Z kv-compact: end bytes=11199598 ms=18 l0=263 l1=301 rc=0
2026-10-02T19:39:27.795Z kv-compact: start l0=263 inputs=2 range=267 l0only=1
2026-10-02T19:39:27.810Z kv-compact: end bytes=8821999 ms=14 l0=262 l1=301 rc=0
2026-10-02T19:39:27.810Z kv-compact: start l0=262 inputs=2 range=258 l0only=1
2026-10-02T19:39:27.824Z kv-compact: end bytes=7464604 ms=14 l0=261 l1=301 rc=0
2026-10-02T19:39:27.824Z kv-compact: start l0=261 inputs=2 range=261 l0only=1
2026-10-02T19:39:27.831Z kv-compact: end bytes=3218343 ms=7 l0=260 l1=301 rc=0
2026-10-02T19:39:27.831Z kv-compact: start l0=260 inputs=2 range=260 l0only=1
2026-10-02T19:39:27.835Z kv-compact: end bytes=1674598 ms=4 l0=259 l1=301 rc=0
2026-10-02T19:39:27.835Z kv-compact: start l0=259 inputs=2 range=1 l0only=1
2026-10-02T19:39:27.838Z kv-compact: end bytes=1307648 ms=3 l0=258 l1=301 rc=0
2026-10-02T19:39:27.848Z kv-compact: start l0=268 inputs=2 range=263 l0only=1
2026-10-02T19:39:27.875Z kv-compact: end bytes=20660408 ms=27 l0=267 l1=301 rc=0
2026-10-02T19:39:27.875Z kv-compact: start l0=267 inputs=2 range=270 l0only=1
2026-10-02T19:39:27.903Z kv-compact: end bytes=17336389 ms=28 l0=266 l1=301 rc=0
2026-10-02T19:39:27.903Z kv-compact: start l0=266 inputs=2 range=257 l0only=1
2026-10-02T19:39:27.921Z kv-compact: end bytes=11784207 ms=18 l0=265 l1=301 rc=0
2026-10-02T19:39:27.921Z kv-compact: start l0=265 inputs=2 range=264 l0only=1
2026-10-02T19:39:27.940Z kv-compact: end bytes=11508966 ms=18 l0=264 l1=301 rc=0
2026-10-02T19:39:27.940Z kv-compact: start l0=264 inputs=2 range=267 l0only=1
2026-10-02T19:39:27.956Z kv-compact: end bytes=9315068 ms=16 l0=263 l1=301 rc=0
2026-10-02T19:39:27.956Z kv-compact: start l0=263 inputs=2 range=258 l0only=1
2026-10-02T19:39:27.969Z kv-compact: end bytes=7633419 ms=13 l0=262 l1=301 rc=0
2026-10-02T19:39:27.969Z kv-compact: start l0=262 inputs=2 range=261 l0only=1
2026-10-02T19:39:27.976Z kv-compact: end bytes=3407035 ms=7 l0=261 l1=301 rc=0
2026-10-02T19:39:27.976Z kv-compact: start l0=261 inputs=2 range=1 l0only=1
2026-10-02T19:39:27.980Z kv-compact: end bytes=1864448 ms=5 l0=260 l1=301 rc=0
2026-10-02T19:39:27.980Z kv-compact: start l0=260 inputs=2 range=260 l0only=1
2026-10-02T19:39:27.985Z kv-compact: end bytes=1831658 ms=4 l0=259 l1=301 rc=0
2026-10-02T19:39:28.040Z kv-compact: start l0=269 inputs=2 range=263 l0only=1
2026-10-02T19:39:28.067Z kv-compact: end bytes=20775610 ms=27 l0=268 l1=301 rc=0
2026-10-02T19:39:28.067Z kv-compact: start l0=268 inputs=2 range=270 l0only=1
2026-10-02T19:39:28.095Z kv-compact: end bytes=17654934 ms=28 l0=267 l1=301 rc=0
2026-10-02T19:39:28.095Z kv-compact: start l0=267 inputs=2 range=257 l0only=1
2026-10-02T19:39:28.115Z kv-compact: end bytes=12133590 ms=20 l0=266 l1=301 rc=0
2026-10-02T19:39:28.115Z kv-compact: start l0=266 inputs=2 range=264 l0only=1
2026-10-02T19:39:28.134Z kv-compact: end bytes=11687676 ms=19 l0=265 l1=301 rc=0
2026-10-02T19:39:28.134Z kv-compact: start l0=265 inputs=2 range=267 l0only=1
2026-10-02T19:39:28.150Z kv-compact: end bytes=9760568 ms=15 l0=264 l1=301 rc=0
2026-10-02T19:39:28.150Z kv-compact: start l0=264 inputs=2 range=258 l0only=1
2026-10-02T19:39:28.165Z kv-compact: end bytes=7723096 ms=15 l0=263 l1=301 rc=0
2026-10-02T19:39:28.165Z kv-compact: start l0=263 inputs=2 range=261 l0only=1
2026-10-02T19:39:28.172Z kv-compact: end bytes=3541953 ms=7 l0=262 l1=301 rc=0
2026-10-02T19:39:28.172Z kv-compact: start l0=262 inputs=2 range=1 l0only=1
2026-10-02T19:39:28.177Z kv-compact: end bytes=2439808 ms=5 l0=261 l1=301 rc=0
2026-10-02T19:39:28.177Z kv-compact: start l0=261 inputs=2 range=260 l0only=1
2026-10-02T19:39:28.181Z kv-compact: end bytes=1996191 ms=4 l0=260 l1=301 rc=0
2026-10-02T19:39:28.181Z kv-compact: start l0=260 inputs=2 range=2 l0only=1
2026-10-02T19:39:28.184Z kv-compact: end bytes=1113620 ms=3 l0=259 l1=301 rc=0
2026-10-02T19:39:28.265Z kv-compact: start l0=269 inputs=2 range=263 l0only=1
2026-10-02T19:39:28.292Z kv-compact: end bytes=20918666 ms=27 l0=268 l1=301 rc=0
2026-10-02T19:39:28.292Z kv-compact: start l0=268 inputs=2 range=270 l0only=1
2026-10-02T19:39:28.320Z kv-compact: end bytes=17995945 ms=28 l0=267 l1=301 rc=0
2026-10-02T19:39:28.320Z kv-compact: start l0=267 inputs=2 range=257 l0only=1
2026-10-02T19:39:28.340Z kv-compact: end bytes=12426214 ms=20 l0=266 l1=301 rc=0
2026-10-02T19:39:28.340Z kv-compact: start l0=266 inputs=2 range=264 l0only=1
2026-10-02T19:39:28.359Z kv-compact: end bytes=11853506 ms=19 l0=265 l1=301 rc=0
2026-10-02T19:39:28.359Z kv-compact: start l0=265 inputs=2 range=267 l0only=1
2026-10-02T19:39:28.376Z kv-compact: end bytes=10072512 ms=16 l0=264 l1=301 rc=0
2026-10-02T19:39:28.376Z kv-compact: start l0=264 inputs=2 range=258 l0only=1
2026-10-02T19:39:28.389Z kv-compact: end bytes=7804884 ms=13 l0=263 l1=301 rc=0
2026-10-02T19:39:28.389Z kv-compact: start l0=263 inputs=2 range=261 l0only=1
2026-10-02T19:39:28.396Z kv-compact: end bytes=3666406 ms=8 l0=262 l1=301 rc=0
2026-10-02T19:39:28.397Z kv-compact: start l0=262 inputs=2 range=1 l0only=1
2026-10-02T19:39:28.403Z kv-compact: end bytes=3163648 ms=6 l0=261 l1=301 rc=0
2026-10-02T19:39:28.403Z kv-compact: start l0=261 inputs=2 range=260 l0only=1
2026-10-02T19:39:28.408Z kv-compact: end bytes=2183087 ms=5 l0=260 l1=301 rc=0
2026-10-02T19:39:28.408Z kv-compact: start l0=260 inputs=2 range=2 l0only=1
2026-10-02T19:39:28.413Z kv-compact: end bytes=1828180 ms=5 l0=259 l1=301 rc=0
2026-10-02T19:39:28.500Z kv-compact: start l0=269 inputs=2 range=263 l0only=1
2026-10-02T19:39:28.527Z kv-compact: end bytes=20988143 ms=28 l0=268 l1=301 rc=0
2026-10-02T19:39:28.528Z kv-compact: start l0=268 inputs=2 range=270 l0only=1
2026-10-02T19:39:28.554Z kv-compact: end bytes=18293882 ms=26 l0=267 l1=301 rc=0
2026-10-02T19:39:28.554Z kv-compact: start l0=267 inputs=2 range=257 l0only=1
2026-10-02T19:39:28.575Z kv-compact: end bytes=12753379 ms=21 l0=266 l1=301 rc=0
2026-10-02T19:39:28.575Z kv-compact: start l0=266 inputs=2 range=264 l0only=1
2026-10-02T19:39:28.595Z kv-compact: end bytes=12060639 ms=19 l0=265 l1=301 rc=0
2026-10-02T19:39:28.595Z kv-compact: start l0=265 inputs=2 range=267 l0only=1
2026-10-02T19:39:28.612Z kv-compact: end bytes=10441537 ms=17 l0=264 l1=301 rc=0
2026-10-02T19:39:28.612Z kv-compact: start l0=264 inputs=2 range=258 l0only=1
2026-10-02T19:39:28.625Z kv-compact: end bytes=7886833 ms=13 l0=263 l1=301 rc=0
2026-10-02T19:39:28.625Z kv-compact: start l0=263 inputs=2 range=1 l0only=1
2026-10-02T19:39:28.632Z kv-compact: end bytes=3906048 ms=8 l0=262 l1=301 rc=0
2026-10-02T19:39:28.632Z kv-compact: start l0=262 inputs=2 range=261 l0only=1
2026-10-02T19:39:28.639Z kv-compact: end bytes=3789249 ms=6 l0=261 l1=301 rc=0
2026-10-02T19:39:28.639Z kv-compact: start l0=261 inputs=2 range=2 l0only=1
2026-10-02T19:39:28.644Z kv-compact: end bytes=2533460 ms=5 l0=260 l1=301 rc=0
2026-10-02T19:39:28.644Z kv-compact: start l0=260 inputs=2 range=260 l0only=1
2026-10-02T19:39:28.649Z kv-compact: end bytes=2356174 ms=5 l0=259 l1=301 rc=0
2026-10-02T19:39:28.698Z kv-compact: start l0=269 inputs=2 range=263 l0only=1
2026-10-02T19:39:28.725Z kv-compact: end bytes=21087802 ms=28 l0=268 l1=301 rc=0
2026-10-02T19:39:28.726Z kv-compact: start l0=268 inputs=2 range=270 l0only=1
2026-10-02T19:39:28.753Z kv-compact: end bytes=18771334 ms=27 l0=267 l1=301 rc=0
2026-10-02T19:39:28.753Z kv-compact: start l0=267 inputs=2 range=257 l0only=1
2026-10-02T19:39:28.768Z raft-host: gc-pass ms=5 reap=0 frag=0 spread=0 recover=0 fscans=0 fsegs=0 fkeys=0 femit=0 ftomb=0 scans=0 segs=0 keys=0 emit=0 tomb=0
2026-10-02T19:39:28.774Z kv-compact: end bytes=13223908 ms=20 l0=266 l1=301 rc=0
2026-10-02T19:39:28.774Z kv-compact: start l0=266 inputs=2 range=264 l0only=1
2026-10-02T19:39:28.794Z kv-compact: end bytes=12380311 ms=19 l0=265 l1=301 rc=0
2026-10-02T19:39:28.794Z kv-compact: start l0=265 inputs=2 range=267 l0only=1
2026-10-02T19:39:28.812Z kv-compact: end bytes=10947969 ms=18 l0=264 l1=301 rc=0
2026-10-02T19:39:28.812Z kv-compact: start l0=264 inputs=2 range=258 l0only=1
2026-10-02T19:39:28.826Z kv-compact: end bytes=8022234 ms=13 l0=263 l1=301 rc=0
2026-10-02T19:39:28.826Z kv-compact: start l0=263 inputs=2 range=1 l0only=1
2026-10-02T19:39:28.834Z kv-compact: end bytes=4280020 ms=7 l0=262 l1=301 rc=0
2026-10-02T19:39:28.834Z kv-compact: start l0=262 inputs=2 range=261 l0only=1
2026-10-02T19:39:28.842Z kv-compact: end bytes=3992753 ms=8 l0=261 l1=301 rc=0
2026-10-02T19:39:28.842Z kv-compact: start l0=261 inputs=2 range=2 l0only=1
2026-10-02T19:39:28.847Z kv-compact: end bytes=2969620 ms=6 l0=260 l1=301 rc=0
2026-10-02T19:39:28.847Z kv-compact: start l0=260 inputs=2 range=260 l0only=1
2026-10-02T19:39:28.853Z kv-compact: end bytes=2538266 ms=5 l0=259 l1=301 rc=0
2026-10-02T19:39:28.900Z kv-compact: start l0=269 inputs=2 range=263 l0only=1
2026-10-02T19:39:28.928Z kv-compact: end bytes=21142703 ms=28 l0=268 l1=301 rc=0
2026-10-02T19:39:28.928Z kv-compact: start l0=268 inputs=2 range=270 l0only=1
2026-10-02T19:39:28.957Z kv-compact: end bytes=19083526 ms=29 l0=267 l1=301 rc=0
2026-10-02T19:39:28.957Z kv-compact: start l0=267 inputs=2 range=257 l0only=1
2026-10-02T19:39:28.979Z kv-compact: end bytes=13500338 ms=22 l0=266 l1=301 rc=0
2026-10-02T19:39:28.979Z kv-compact: start l0=266 inputs=2 range=264 l0only=1
2026-10-02T19:39:28.999Z kv-compact: end bytes=12590590 ms=20 l0=265 l1=301 rc=0
2026-10-02T19:39:28.999Z kv-compact: start l0=265 inputs=2 range=267 l0only=1
2026-10-02T19:39:29.018Z kv-compact: end bytes=11203885 ms=19 l0=264 l1=301 rc=0
2026-10-02T19:39:29.018Z kv-compact: start l0=264 inputs=2 range=258 l0only=1
2026-10-02T19:39:29.031Z kv-compact: end bytes=8090820 ms=14 l0=263 l1=301 rc=0
2026-10-02T19:39:29.032Z kv-compact: start l0=263 inputs=2 range=1 l0only=1
2026-10-02T19:39:29.041Z kv-compact: end bytes=5139456 ms=9 l0=262 l1=301 rc=0
2026-10-02T19:39:29.041Z kv-compact: start l0=262 inputs=2 range=261 l0only=1
2026-10-02T19:39:29.049Z kv-compact: end bytes=4135325 ms=8 l0=261 l1=301 rc=0
2026-10-02T19:39:29.049Z kv-compact: start l0=261 inputs=2 range=2 l0only=1
2026-10-02T19:39:29.056Z kv-compact: end bytes=3712020 ms=7 l0=260 l1=301 rc=0
2026-10-02T19:39:29.056Z kv-compact: start l0=260 inputs=2 range=260 l0only=1
2026-10-02T19:39:29.061Z kv-compact: end bytes=2668602 ms=5 l0=259 l1=301 rc=0
2026-10-02T19:39:29.146Z kv-compact: start l0=269 inputs=2 range=263 l0only=1
2026-10-02T19:39:29.174Z kv-compact: end bytes=21178445 ms=28 l0=268 l1=301 rc=0
2026-10-02T19:39:29.174Z kv-compact: start l0=268 inputs=2 range=270 l0only=1
2026-10-02T19:39:29.203Z kv-compact: end bytes=19381389 ms=30 l0=267 l1=301 rc=0
2026-10-02T19:39:29.203Z kv-compact: start l0=267 inputs=2 range=257 l0only=1
2026-10-02T19:39:29.226Z kv-compact: end bytes=13712804 ms=22 l0=266 l1=301 rc=0
2026-10-02T19:39:29.226Z kv-compact: start l0=266 inputs=2 range=264 l0only=1
2026-10-02T19:39:29.247Z kv-compact: end bytes=12789438 ms=21 l0=265 l1=301 rc=0
2026-10-02T19:39:29.247Z kv-compact: start l0=265 inputs=2 range=267 l0only=1
2026-10-02T19:39:29.266Z kv-compact: end bytes=11465201 ms=19 l0=264 l1=301 rc=0
2026-10-02T19:39:29.266Z kv-compact: start l0=264 inputs=2 range=258 l0only=1
2026-10-02T19:39:29.281Z kv-compact: end bytes=8143306 ms=15 l0=263 l1=301 rc=0
2026-10-02T19:39:29.281Z kv-compact: start l0=263 inputs=2 range=1 l0only=1
2026-10-02T19:39:29.291Z kv-compact: end bytes=5956096 ms=10 l0=262 l1=301 rc=0
2026-10-02T19:39:29.291Z kv-compact: start l0=262 inputs=2 range=2 l0only=1
2026-10-02T19:39:29.300Z kv-compact: end bytes=4640020 ms=9 l0=261 l1=301 rc=0
2026-10-02T19:39:29.300Z kv-compact: start l0=261 inputs=2 range=261 l0only=1
2026-10-02T19:39:29.308Z kv-compact: end bytes=4298753 ms=8 l0=260 l1=301 rc=0
2026-10-02T19:39:29.308Z kv-compact: start l0=260 inputs=2 range=260 l0only=1
2026-10-02T19:39:29.313Z kv-compact: end bytes=2730909 ms=5 l0=259 l1=301 rc=0
2026-10-02T19:39:29.336Z kv-compact: start l0=269 inputs=2 range=263 l0only=1
2026-10-02T19:39:29.365Z kv-compact: end bytes=21285510 ms=28 l0=268 l1=301 rc=0
2026-10-02T19:39:29.365Z kv-compact: start l0=268 inputs=2 range=270 l0only=1
2026-10-02T19:39:29.396Z kv-compact: end bytes=19943527 ms=31 l0=267 l1=301 rc=0
2026-10-02T19:39:29.396Z kv-compact: start l0=267 inputs=2 range=257 l0only=1
2026-10-02T19:39:29.418Z kv-compact: end bytes=14146538 ms=22 l0=266 l1=301 rc=0
2026-10-02T19:39:29.418Z kv-compact: start l0=266 inputs=2 range=264 l0only=1
2026-10-02T19:39:29.440Z kv-compact: end bytes=13062333 ms=22 l0=265 l1=301 rc=0
2026-10-02T19:39:29.440Z kv-compact: start l0=265 inputs=2 range=267 l0only=1
2026-10-02T19:39:29.459Z kv-compact: end bytes=11956660 ms=19 l0=264 l1=301 rc=0
2026-10-02T19:39:29.459Z kv-compact: start l0=264 inputs=2 range=258 l0only=1
2026-10-02T19:39:29.473Z kv-compact: end bytes=8323874 ms=14 l0=263 l1=301 rc=0
2026-10-02T19:39:29.473Z kv-compact: start l0=263 inputs=2 range=1 l0only=1
2026-10-02T19:39:29.483Z kv-compact: end bytes=6327296 ms=10 l0=262 l1=301 rc=0
2026-10-02T19:39:29.483Z kv-compact: start l0=262 inputs=2 range=2 l0only=1
2026-10-02T19:39:29.492Z kv-compact: end bytes=5011220 ms=9 l0=261 l1=301 rc=0
2026-10-02T19:39:29.492Z kv-compact: start l0=261 inputs=2 range=261 l0only=1
2026-10-02T19:39:29.501Z kv-compact: end bytes=4548712 ms=9 l0=260 l1=301 rc=0
2026-10-02T19:39:29.501Z kv-compact: start l0=260 inputs=2 range=260 l0only=1
2026-10-02T19:39:29.507Z kv-compact: end bytes=2907204 ms=6 l0=259 l1=301 rc=0
2026-10-02T19:39:29.558Z kv-compact: start l0=269 inputs=3 range=1 l0only=0
2026-10-02T19:39:29.639Z kv-compact: end bytes=58352640 ms=82 l0=267 l1=301 rc=0
2026-10-02T19:39:29.640Z kv-compact: start l0=267 inputs=2 range=263 l0only=1
2026-10-02T19:39:29.667Z kv-compact: end bytes=21352647 ms=27 l0=266 l1=301 rc=0
2026-10-02T19:39:29.667Z kv-compact: start l0=266 inputs=2 range=270 l0only=1
2026-10-02T19:39:29.698Z kv-compact: end bytes=20343860 ms=31 l0=265 l1=301 rc=0
2026-10-02T19:39:29.698Z kv-compact: start l0=265 inputs=2 range=257 l0only=1
2026-10-02T19:39:29.720Z kv-compact: end bytes=14355194 ms=23 l0=264 l1=301 rc=0
2026-10-02T19:39:29.721Z kv-compact: start l0=264 inputs=2 range=264 l0only=1
2026-10-02T19:39:29.742Z kv-compact: end bytes=13321395 ms=21 l0=263 l1=301 rc=0
2026-10-02T19:39:29.742Z kv-compact: start l0=263 inputs=2 range=267 l0only=1
2026-10-02T19:39:29.761Z kv-compact: end bytes=12298522 ms=19 l0=262 l1=301 rc=0
2026-10-02T19:39:29.761Z kv-compact: start l0=262 inputs=2 range=258 l0only=1
2026-10-02T19:39:29.780Z kv-compact: end bytes=8496479 ms=19 l0=271 l1=301 rc=0
2026-10-02T19:39:29.780Z kv-compact: start l0=271 inputs=3 range=2 l0only=1
2026-10-02T19:39:29.792Z kv-compact: end bytes=6291880 ms=12 l0=269 l1=301 rc=0
2026-10-02T19:39:29.792Z kv-compact: start l0=269 inputs=3 range=261 l0only=1
2026-10-02T19:39:29.802Z kv-compact: end bytes=4914517 ms=10 l0=267 l1=301 rc=0
2026-10-02T19:39:29.802Z kv-compact: start l0=267 inputs=3 range=260 l0only=1
2026-10-02T19:39:29.803Z raft-host: gc-pass ms=32 reap=0 frag=0 spread=0 recover=0 fscans=0 fsegs=0 fkeys=0 femit=0 ftomb=0 scans=0 segs=0 keys=0 emit=0 tomb=0
2026-10-02T19:39:29.808Z kv-compact: end bytes=3147416 ms=6 l0=265 l1=301 rc=0
2026-10-02T19:39:29.808Z kv-compact: start l0=265 inputs=2 range=263 l0only=1
2026-10-02T19:39:29.836Z kv-compact: end bytes=21431859 ms=28 l0=264 l1=301 rc=0
2026-10-02T19:39:29.836Z kv-compact: start l0=264 inputs=2 range=270 l0only=1
2026-10-02T19:39:29.870Z kv-compact: end bytes=20815403 ms=34 l0=263 l1=301 rc=0
2026-10-02T19:39:29.870Z kv-compact: start l0=263 inputs=2 range=257 l0only=1
2026-10-02T19:39:29.893Z kv-compact: end bytes=14650468 ms=23 l0=262 l1=301 rc=0
2026-10-02T19:39:29.893Z kv-compact: start l0=262 inputs=2 range=264 l0only=1
2026-10-02T19:39:29.915Z kv-compact: end bytes=13552034 ms=22 l0=261 l1=301 rc=0
2026-10-02T19:39:29.915Z kv-compact: start l0=261 inputs=2 range=267 l0only=1
2026-10-02T19:39:29.936Z kv-compact: end bytes=12685446 ms=21 l0=260 l1=301 rc=0
2026-10-02T19:39:29.936Z kv-compact: start l0=260 inputs=2 range=258 l0only=1
2026-10-02T19:39:29.951Z kv-compact: end bytes=8638246 ms=14 l0=259 l1=301 rc=0
2026-10-02T19:39:29.996Z kv-compact: start l0=269 inputs=2 range=263 l0only=1
2026-10-02T19:39:30.026Z kv-compact: end bytes=21571533 ms=30 l0=268 l1=301 rc=0
2026-10-02T19:39:30.026Z kv-compact: start l0=268 inputs=2 range=270 l0only=1
2026-10-02T19:39:30.059Z kv-compact: end bytes=21408272 ms=33 l0=267 l1=301 rc=0
2026-10-02T19:39:30.059Z kv-compact: start l0=267 inputs=2 range=257 l0only=1
2026-10-02T19:39:30.083Z kv-compact: end bytes=15022143 ms=25 l0=266 l1=301 rc=0
2026-10-02T19:39:30.083Z kv-compact: start l0=266 inputs=2 range=264 l0only=1
2026-10-02T19:39:30.106Z kv-compact: end bytes=13837487 ms=22 l0=265 l1=301 rc=0
2026-10-02T19:39:30.106Z kv-compact: start l0=265 inputs=2 range=267 l0only=1
2026-10-02T19:39:30.129Z kv-compact: end bytes=13179481 ms=23 l0=264 l1=301 rc=0
2026-10-02T19:39:30.129Z kv-compact: start l0=264 inputs=2 range=258 l0only=1
2026-10-02T19:39:30.144Z kv-compact: end bytes=8774935 ms=15 l0=263 l1=301 rc=0
2026-10-02T19:39:30.144Z kv-compact: start l0=263 inputs=2 range=2 l0only=1
2026-10-02T19:39:30.156Z kv-compact: end bytes=6681640 ms=11 l0=262 l1=301 rc=0
2026-10-02T19:39:30.156Z kv-compact: start l0=262 inputs=2 range=261 l0only=1
2026-10-02T19:39:30.166Z kv-compact: end bytes=5120275 ms=10 l0=261 l1=301 rc=0
2026-10-02T19:39:30.166Z kv-compact: start l0=261 inputs=2 range=260 l0only=1
2026-10-02T19:39:30.173Z kv-compact: end bytes=3363404 ms=7 l0=260 l1=301 rc=0
2026-10-02T19:39:30.173Z kv-compact: start l0=260 inputs=2 range=1 l0only=1
2026-10-02T19:39:30.175Z kv-compact: end bytes=932158 ms=3 l0=259 l1=301 rc=0
2026-10-02T19:39:30.236Z kv-compact: start l0=269 inputs=3 range=2 l0only=0
2026-10-02T19:39:30.324Z kv-compact: end bytes=61989774 ms=88 l0=267 l1=301 rc=0
2026-10-02T19:39:30.324Z kv-compact: start l0=267 inputs=2 range=263 l0only=1
2026-10-02T19:39:30.353Z kv-compact: end bytes=21700433 ms=29 l0=266 l1=301 rc=0
2026-10-02T19:39:30.353Z kv-compact: start l0=266 inputs=2 range=270 l0only=1
2026-10-02T19:39:30.387Z kv-compact: end bytes=21546188 ms=34 l0=265 l1=301 rc=0
2026-10-02T19:39:30.387Z kv-compact: start l0=265 inputs=2 range=257 l0only=1
2026-10-02T19:39:30.411Z kv-compact: end bytes=15137660 ms=24 l0=264 l1=301 rc=0
2026-10-02T19:39:30.411Z kv-compact: start l0=264 inputs=2 range=264 l0only=1
2026-10-02T19:39:30.433Z kv-compact: end bytes=13841834 ms=22 l0=263 l1=301 rc=0
2026-10-02T19:39:30.433Z kv-compact: start l0=263 inputs=2 range=267 l0only=1
2026-10-02T19:39:30.454Z kv-compact: end bytes=13271425 ms=21 l0=262 l1=301 rc=0
2026-10-02T19:39:30.454Z kv-compact: start l0=262 inputs=2 range=258 l0only=1
2026-10-02T19:39:30.479Z kv-compact: end bytes=8777350 ms=26 l0=271 l1=301 rc=0
2026-10-02T19:39:30.480Z kv-compact: start l0=271 inputs=5 range=263 l0only=0
2026-10-02T19:39:30.751Z kv-compact: end bytes=184049428 ms=271 l0=279 l1=301 rc=0
2026-10-02T19:39:30.751Z kv-compact: start l0=279 inputs=4 range=261 l0only=1
2026-10-02T19:39:30.761Z kv-compact: end bytes=5289412 ms=11 l0=276 l1=301 rc=0
2026-10-02T19:39:30.761Z kv-compact: start l0=276 inputs=4 range=1 l0only=1
2026-10-02T19:39:30.770Z kv-compact: end bytes=4091648 ms=8 l0=273 l1=301 rc=0
2026-10-02T19:39:30.770Z kv-compact: start l0=273 inputs=4 range=260 l0only=1
2026-10-02T19:39:30.779Z kv-compact: end bytes=3709667 ms=9 l0=270 l1=301 rc=0
2026-10-02T19:39:30.779Z kv-compact: start l0=270 inputs=3 range=270 l0only=1
2026-10-02T19:39:30.813Z kv-compact: end bytes=22050627 ms=34 l0=268 l1=301 rc=0
2026-10-02T19:39:30.813Z kv-compact: start l0=268 inputs=3 range=257 l0only=1
2026-10-02T19:39:30.816Z raft-host: gc-pass ms=9 reap=0 frag=0 spread=0 recover=0 fscans=0 fsegs=0 fkeys=0 femit=0 ftomb=0 scans=0 segs=0 keys=0 emit=0 tomb=0
2026-10-02T19:39:30.839Z kv-compact: end bytes=15513319 ms=26 l0=266 l1=301 rc=0
2026-10-02T19:39:30.839Z kv-compact: start l0=266 inputs=3 range=264 l0only=1
2026-10-02T19:39:30.862Z kv-compact: end bytes=14174486 ms=23 l0=264 l1=301 rc=0
2026-10-02T19:39:30.862Z kv-compact: start l0=264 inputs=3 range=267 l0only=1
2026-10-02T19:39:30.885Z kv-compact: end bytes=13706956 ms=23 l0=262 l1=301 rc=0
2026-10-02T19:39:30.885Z kv-compact: start l0=262 inputs=3 range=258 l0only=1
2026-10-02T19:39:30.902Z kv-compact: end bytes=8859943 ms=17 l0=260 l1=301 rc=0
2026-10-02T19:39:30.902Z kv-compact: start l0=260 inputs=2 range=2 l0only=1
2026-10-02T19:39:30.907Z kv-compact: end bytes=1856000 ms=5 l0=259 l1=301 rc=0
2026-10-02T19:39:30.929Z kv-compact: start l0=269 inputs=2 range=270 l0only=1
2026-10-02T19:39:30.964Z kv-compact: end bytes=22661709 ms=34 l0=268 l1=301 rc=0
2026-10-02T19:39:30.964Z kv-compact: start l0=268 inputs=2 range=257 l0only=1
2026-10-02T19:39:30.988Z kv-compact: end bytes=15825498 ms=24 l0=267 l1=301 rc=0
2026-10-02T19:39:30.988Z kv-compact: start l0=267 inputs=2 range=264 l0only=1
2026-10-02T19:39:31.011Z kv-compact: end bytes=14500920 ms=23 l0=266 l1=301 rc=0
2026-10-02T19:39:31.011Z kv-compact: start l0=266 inputs=2 range=267 l0only=1
2026-10-02T19:39:31.033Z kv-compact: end bytes=14200669 ms=22 l0=265 l1=301 rc=0
2026-10-02T19:39:31.033Z kv-compact: start l0=265 inputs=2 range=258 l0only=1
2026-10-02T19:39:31.049Z kv-compact: end bytes=8997437 ms=16 l0=264 l1=301 rc=0
2026-10-02T19:39:31.049Z kv-compact: start l0=264 inputs=2 range=261 l0only=1
2026-10-02T19:39:31.058Z kv-compact: end bytes=5536956 ms=10 l0=263 l1=301 rc=0
2026-10-02T19:39:31.059Z kv-compact: start l0=263 inputs=2 range=1 l0only=1
2026-10-02T19:39:31.067Z kv-compact: end bytes=4462848 ms=8 l0=262 l1=301 rc=0
2026-10-02T19:39:31.067Z kv-compact: start l0=262 inputs=2 range=260 l0only=1
2026-10-02T19:39:31.075Z kv-compact: end bytes=3961310 ms=8 l0=261 l1=301 rc=0
2026-10-02T19:39:31.075Z kv-compact: start l0=261 inputs=2 range=2 l0only=1
2026-10-02T19:39:31.079Z kv-compact: end bytes=2227200 ms=5 l0=260 l1=301 rc=0
2026-10-02T19:39:31.079Z kv-compact: start l0=260 inputs=2 range=263 l0only=1
2026-10-02T19:39:31.081Z kv-compact: end bytes=132141 ms=1 l0=259 l1=301 rc=0
2026-10-02T19:39:31.144Z kv-compact: start l0=269 inputs=5 range=270 l0only=0
2026-10-02T19:39:31.437Z kv-compact: end bytes=184985029 ms=293 l0=277 l1=301 rc=0
2026-10-02T19:39:31.437Z kv-compact: start l0=277 inputs=3 range=257 l0only=1
2026-10-02T19:39:31.464Z kv-compact: end bytes=16266403 ms=27 l0=275 l1=301 rc=0
2026-10-02T19:39:31.464Z kv-compact: start l0=275 inputs=3 range=264 l0only=1
2026-10-02T19:39:31.489Z kv-compact: end bytes=14939005 ms=25 l0=273 l1=301 rc=0
2026-10-02T19:39:31.489Z kv-compact: start l0=273 inputs=3 range=267 l0only=1
2026-10-02T19:39:31.517Z kv-compact: end bytes=14885341 ms=28 l0=271 l1=301 rc=0
2026-10-02T19:39:31.517Z kv-compact: start l0=271 inputs=3 range=258 l0only=1
2026-10-02T19:39:31.533Z kv-compact: end bytes=9255211 ms=16 l0=269 l1=301 rc=0
2026-10-02T19:39:31.533Z kv-compact: start l0=269 inputs=3 range=261 l0only=1
2026-10-02T19:39:31.544Z kv-compact: end bytes=5922168 ms=11 l0=267 l1=301 rc=0
2026-10-02T19:39:31.544Z kv-compact: start l0=267 inputs=3 range=1 l0only=1
2026-10-02T19:39:31.555Z kv-compact: end bytes=5770364 ms=11 l0=265 l1=301 rc=0
2026-10-02T19:39:31.555Z kv-compact: start l0=265 inputs=3 range=260 l0only=1
2026-10-02T19:39:31.563Z kv-compact: end bytes=4301664 ms=8 l0=263 l1=301 rc=0
2026-10-02T19:39:31.563Z kv-compact: start l0=263 inputs=3 range=2 l0only=1
2026-10-02T19:39:31.570Z kv-compact: end bytes=3600640 ms=7 l0=261 l1=301 rc=0
2026-10-02T19:39:31.570Z kv-compact: start l0=261 inputs=3 range=263 l0only=1
2026-10-02T19:39:31.573Z kv-compact: end bytes=266603 ms=3 l0=259 l1=301 rc=0
2026-10-02T19:39:31.598Z kv-compact: start l0=269 inputs=2 range=257 l0only=1
2026-10-02T19:39:31.623Z kv-compact: end bytes=16525452 ms=25 l0=268 l1=301 rc=0
2026-10-02T19:39:31.623Z kv-compact: start l0=268 inputs=2 range=267 l0only=1
2026-10-02T19:39:31.647Z kv-compact: end bytes=15303223 ms=24 l0=267 l1=301 rc=0
2026-10-02T19:39:31.648Z kv-compact: start l0=267 inputs=2 range=264 l0only=1
2026-10-02T19:39:31.673Z kv-compact: end bytes=15221723 ms=25 l0=266 l1=301 rc=0
2026-10-02T19:39:31.673Z kv-compact: start l0=266 inputs=2 range=258 l0only=1
2026-10-02T19:39:31.688Z kv-compact: end bytes=9413400 ms=15 l0=265 l1=301 rc=0
2026-10-02T19:39:31.688Z kv-compact: start l0=265 inputs=2 range=1 l0only=1
2026-10-02T19:39:31.700Z kv-compact: end bytes=6253056 ms=12 l0=264 l1=301 rc=0
2026-10-02T19:39:31.700Z kv-compact: start l0=264 inputs=2 range=261 l0only=1
2026-10-02T19:39:31.711Z kv-compact: end bytes=6137512 ms=11 l0=263 l1=301 rc=0
2026-10-02T19:39:31.711Z kv-compact: start l0=263 inputs=2 range=260 l0only=1
2026-10-02T19:39:31.720Z kv-compact: end bytes=4533021 ms=9 l0=262 l1=301 rc=0
2026-10-02T19:39:31.720Z kv-compact: start l0=262 inputs=2 range=2 l0only=1
2026-10-02T19:39:31.728Z kv-compact: end bytes=4083200 ms=8 l0=261 l1=301 rc=0
2026-10-02T19:39:31.728Z kv-compact: start l0=261 inputs=2 range=270 l0only=1
2026-10-02T19:39:31.731Z kv-compact: end bytes=1026831 ms=3 l0=260 l1=301 rc=0
2026-10-02T19:39:31.731Z kv-compact: start l0=260 inputs=2 range=263 l0only=1
2026-10-02T19:39:31.733Z kv-compact: end bytes=352121 ms=2 l0=259 l1=301 rc=0
2026-10-02T19:39:31.840Z kv-compact: start l0=269 inputs=2 range=257 l0only=1
2026-10-02T19:39:31.846Z raft-host: gc-pass ms=27 reap=0 frag=0 spread=0 recover=0 fscans=0 fsegs=0 fkeys=0 femit=0 ftomb=0 scans=0 segs=0 keys=0 emit=0 tomb=0
2026-10-02T19:39:31.866Z kv-compact: end bytes=16814125 ms=26 l0=268 l1=301 rc=0
2026-10-02T19:39:31.866Z kv-compact: start l0=268 inputs=2 range=267 l0only=1
2026-10-02T19:39:31.891Z kv-compact: end bytes=15756686 ms=25 l0=267 l1=301 rc=0
2026-10-02T19:39:31.891Z kv-compact: start l0=267 inputs=2 range=264 l0only=1
2026-10-02T19:39:31.916Z kv-compact: end bytes=15489003 ms=25 l0=266 l1=301 rc=0
2026-10-02T19:39:31.916Z kv-compact: start l0=266 inputs=2 range=258 l0only=1
2026-10-02T19:39:31.932Z kv-compact: end bytes=9583020 ms=16 l0=265 l1=301 rc=0
2026-10-02T19:39:31.932Z kv-compact: start l0=265 inputs=2 range=1 l0only=1
2026-10-02T19:39:31.943Z kv-compact: end bytes=6698496 ms=11 l0=264 l1=301 rc=0
2026-10-02T19:39:31.943Z kv-compact: start l0=264 inputs=2 range=261 l0only=1
2026-10-02T19:39:31.954Z kv-compact: end bytes=6329263 ms=11 l0=263 l1=301 rc=0
2026-10-02T19:39:31.954Z kv-compact: start l0=263 inputs=2 range=260 l0only=1
2026-10-02T19:39:31.964Z kv-compact: end bytes=4796417 ms=9 l0=262 l1=301 rc=0
2026-10-02T19:39:31.964Z kv-compact: start l0=262 inputs=2 range=2 l0only=1
2026-10-02T19:39:31.972Z kv-compact: end bytes=4454420 ms=8 l0=261 l1=301 rc=0
2026-10-02T19:39:31.972Z kv-compact: start l0=261 inputs=2 range=270 l0only=1
2026-10-02T19:39:31.976Z kv-compact: end bytes=1634750 ms=4 l0=260 l1=301 rc=0
2026-10-02T19:39:31.976Z kv-compact: start l0=260 inputs=2 range=263 l0only=1
2026-10-02T19:39:31.978Z kv-compact: end bytes=493280 ms=3 l0=259 l1=301 rc=0
2026-10-02T19:39:32.032Z kv-compact: start l0=269 inputs=2 range=257 l0only=1
2026-10-02T19:39:32.059Z kv-compact: end bytes=17122366 ms=27 l0=268 l1=301 rc=0
2026-10-02T19:39:32.059Z kv-compact: start l0=268 inputs=2 range=267 l0only=1
2026-10-02T19:39:32.083Z kv-compact: end bytes=16197108 ms=24 l0=267 l1=301 rc=0
2026-10-02T19:39:32.083Z kv-compact: start l0=267 inputs=2 range=264 l0only=1
2026-10-02T19:39:32.108Z kv-compact: end bytes=15741612 ms=25 l0=266 l1=301 rc=0
2026-10-02T19:39:32.108Z kv-compact: start l0=266 inputs=2 range=258 l0only=1
2026-10-02T19:39:32.124Z kv-compact: end bytes=9703770 ms=16 l0=265 l1=301 rc=0
2026-10-02T19:39:32.124Z kv-compact: start l0=265 inputs=2 range=1 l0only=1
2026-10-02T19:39:32.135Z kv-compact: end bytes=7069696 ms=11 l0=264 l1=301 rc=0
2026-10-02T19:39:32.135Z kv-compact: start l0=264 inputs=2 range=261 l0only=1
2026-10-02T19:39:32.146Z kv-compact: end bytes=6509583 ms=11 l0=263 l1=301 rc=0
2026-10-02T19:39:32.146Z kv-compact: start l0=263 inputs=2 range=260 l0only=1
2026-10-02T19:39:32.156Z kv-compact: end bytes=5241186 ms=10 l0=262 l1=301 rc=0
2026-10-02T19:39:32.156Z kv-compact: start l0=262 inputs=2 range=2 l0only=1
2026-10-02T19:39:32.164Z kv-compact: end bytes=4974100 ms=8 l0=261 l1=301 rc=0
2026-10-02T19:39:32.164Z kv-compact: start l0=261 inputs=2 range=270 l0only=1
2026-10-02T19:39:32.169Z kv-compact: end bytes=2066183 ms=5 l0=260 l1=301 rc=0
2026-10-02T19:39:32.169Z kv-compact: start l0=260 inputs=2 range=263 l0only=1
2026-10-02T19:39:32.171Z kv-compact: end bytes=611521 ms=2 l0=259 l1=301 rc=0
2026-10-02T19:39:32.234Z raft-obs: tx->0 enq=21210 drop=0 sent=21047 fail=0 hi=6 rtt_avg=29us get_avg=0us get_max=3ms
2026-10-02T19:39:32.234Z raft-obs: tx->3 enq=21134 drop=0 sent=20992 fail=0 hi=5 rtt_avg=27us get_avg=0us get_max=3ms
2026-10-02T19:39:32.234Z raft-obs: wait_timeouts=0 pump_hold_max=47803us lock_wait_max=1us drain_max=47802us tick_max=1us apply_max=47286us persist_max=13588us applies_in_worst=4 arc_miss=0 arc_term_miss=0 opid_replay=0 fin_q=0 fin_done=0 fin_drop=0 fin_full=0 pub_p50=0us pub_max=0us inbox_drop=0
2026-10-02T19:39:32.278Z kv-compact: start l0=269 inputs=3 range=1 l0only=0
2026-10-02T19:39:32.372Z kv-compact: end bytes=66259200 ms=93 l0=267 l1=301 rc=0
2026-10-02T19:39:32.372Z kv-compact: start l0=267 inputs=2 range=257 l0only=1
2026-10-02T19:39:32.401Z kv-compact: end bytes=17338924 ms=29 l0=266 l1=301 rc=0
2026-10-02T19:39:32.401Z kv-compact: start l0=266 inputs=2 range=267 l0only=1
2026-10-02T19:39:32.428Z kv-compact: end bytes=16461805 ms=27 l0=265 l1=301 rc=0
2026-10-02T19:39:32.428Z kv-compact: start l0=265 inputs=2 range=264 l0only=1
2026-10-02T19:39:32.455Z kv-compact: end bytes=15853668 ms=27 l0=264 l1=301 rc=0
2026-10-02T19:39:32.455Z kv-compact: start l0=264 inputs=2 range=258 l0only=1
2026-10-02T19:39:32.476Z kv-compact: end bytes=9760281 ms=22 l0=273 l1=301 rc=0
2026-10-02T19:39:32.476Z kv-compact: start l0=273 inputs=3 range=261 l0only=1
2026-10-02T19:39:32.489Z kv-compact: end bytes=6724035 ms=12 l0=271 l1=301 rc=0
2026-10-02T19:39:32.489Z kv-compact: start l0=271 inputs=3 range=2 l0only=1
2026-10-02T19:39:32.501Z kv-compact: end bytes=6496020 ms=11 l0=269 l1=301 rc=0
2026-10-02T19:39:32.501Z kv-compact: start l0=269 inputs=3 range=260 l0only=1
2026-10-02T19:39:32.512Z kv-compact: end bytes=5785627 ms=11 l0=267 l1=301 rc=0
2026-10-02T19:39:32.512Z kv-compact: start l0=267 inputs=3 range=270 l0only=1
2026-10-02T19:39:32.517Z kv-compact: end bytes=2678845 ms=6 l0=265 l1=301 rc=0
2026-10-02T19:39:32.518Z kv-compact: start l0=265 inputs=3 range=263 l0only=1
2026-10-02T19:39:32.520Z kv-compact: end bytes=806561 ms=2 l0=263 l1=301 rc=0
2026-10-02T19:39:32.520Z kv-compact: start l0=263 inputs=2 range=257 l0only=1
2026-10-02T19:39:32.548Z kv-compact: end bytes=17607646 ms=28 l0=262 l1=301 rc=0
2026-10-02T19:39:32.548Z kv-compact: start l0=262 inputs=2 range=267 l0only=1
2026-10-02T19:39:32.575Z kv-compact: end bytes=16793391 ms=27 l0=261 l1=301 rc=0
2026-10-02T19:39:32.575Z kv-compact: start l0=261 inputs=2 range=264 l0only=1
2026-10-02T19:39:32.601Z kv-compact: end bytes=16087366 ms=26 l0=260 l1=301 rc=0
2026-10-02T19:39:32.601Z kv-compact: start l0=260 inputs=2 range=258 l0only=1
2026-10-02T19:39:32.618Z kv-compact: end bytes=9846416 ms=17 l0=259 l1=301 rc=0
2026-10-02T19:39:32.730Z kv-compact: start l0=269 inputs=2 range=257 l0only=1
2026-10-02T19:39:32.758Z kv-compact: end bytes=17916209 ms=28 l0=268 l1=301 rc=0
2026-10-02T19:39:32.758Z kv-compact: start l0=268 inputs=2 range=267 l0only=1
2026-10-02T19:39:32.785Z kv-compact: end bytes=17212883 ms=27 l0=267 l1=301 rc=0
2026-10-02T19:39:32.785Z kv-compact: start l0=267 inputs=2 range=264 l0only=1
2026-10-02T19:39:32.811Z kv-compact: end bytes=16470150 ms=26 l0=266 l1=301 rc=0
2026-10-02T19:39:32.811Z kv-compact: start l0=266 inputs=2 range=258 l0only=1
2026-10-02T19:39:32.827Z kv-compact: end bytes=9963302 ms=16 l0=265 l1=301 rc=0
2026-10-02T19:39:32.827Z kv-compact: start l0=265 inputs=2 range=261 l0only=1
2026-10-02T19:39:32.840Z kv-compact: end bytes=6900008 ms=13 l0=264 l1=301 rc=0
2026-10-02T19:39:32.840Z kv-compact: start l0=264 inputs=2 range=2 l0only=1
2026-10-02T19:39:32.852Z kv-compact: end bytes=6867220 ms=12 l0=263 l1=301 rc=0
2026-10-02T19:39:32.852Z kv-compact: start l0=263 inputs=2 range=260 l0only=1
2026-10-02T19:39:32.857Z raft-host: gc-pass ms=8 reap=0 frag=0 spread=0 recover=0 fscans=0 fsegs=0 fkeys=0 femit=0 ftomb=0 scans=0 segs=0 keys=0 emit=0 tomb=0
2026-10-02T19:39:32.863Z kv-compact: end bytes=6097893 ms=11 l0=262 l1=301 rc=0
2026-10-02T19:39:32.863Z kv-compact: start l0=262 inputs=2 range=270 l0only=1
2026-10-02T19:39:32.869Z kv-compact: end bytes=3106352 ms=6 l0=261 l1=301 rc=0
2026-10-02T19:39:32.869Z kv-compact: start l0=261 inputs=2 range=1 l0only=1
2026-10-02T19:39:32.872Z kv-compact: end bytes=1122048 ms=3 l0=260 l1=301 rc=0
2026-10-02T19:39:32.872Z kv-compact: start l0=260 inputs=2 range=263 l0only=1
2026-10-02T19:39:32.875Z kv-compact: end bytes=898747 ms=3 l0=259 l1=301 rc=0
2026-10-02T19:39:32.963Z kv-compact: start l0=269 inputs=2 range=257 l0only=1
2026-10-02T19:39:32.991Z kv-compact: end bytes=18108691 ms=28 l0=268 l1=301 rc=0
2026-10-02T19:39:32.991Z kv-compact: start l0=268 inputs=2 range=267 l0only=1
2026-10-02T19:39:33.020Z kv-compact: end bytes=17498027 ms=28 l0=267 l1=301 rc=0
2026-10-02T19:39:33.020Z kv-compact: start l0=267 inputs=2 range=264 l0only=1
2026-10-02T19:39:33.047Z kv-compact: end bytes=16729618 ms=27 l0=266 l1=301 rc=0
2026-10-02T19:39:33.047Z kv-compact: start l0=266 inputs=2 range=258 l0only=1
2026-10-02T19:39:33.063Z kv-compact: end bytes=10027058 ms=16 l0=265 l1=301 rc=0
2026-10-02T19:39:33.063Z kv-compact: start l0=265 inputs=2 range=2 l0only=1
2026-10-02T19:39:33.075Z kv-compact: end bytes=7693140 ms=13 l0=264 l1=301 rc=0
2026-10-02T19:39:33.076Z kv-compact: start l0=264 inputs=2 range=261 l0only=1
2026-10-02T19:39:33.088Z kv-compact: end bytes=7037267 ms=12 l0=263 l1=301 rc=0
2026-10-02T19:39:33.088Z kv-compact: start l0=263 inputs=2 range=260 l0only=1
2026-10-02T19:39:33.099Z kv-compact: end bytes=6285384 ms=11 l0=262 l1=301 rc=0
2026-10-02T19:39:33.099Z kv-compact: start l0=262 inputs=2 range=270 l0only=1
2026-10-02T19:39:33.106Z kv-compact: end bytes=3419770 ms=7 l0=261 l1=301 rc=0
2026-10-02T19:39:33.106Z kv-compact: start l0=261 inputs=2 range=1 l0only=1
2026-10-02T19:39:33.110Z kv-compact: end bytes=1864448 ms=4 l0=260 l1=301 rc=0
2026-10-02T19:39:33.110Z kv-compact: start l0=260 inputs=2 range=263 l0only=1
2026-10-02T19:39:33.113Z kv-compact: end bytes=952691 ms=3 l0=259 l1=301 rc=0
2026-10-02T19:39:33.165Z kv-compact: start l0=269 inputs=3 range=2 l0only=0
2026-10-02T19:39:33.265Z kv-compact: end bytes=70156138 ms=100 l0=267 l1=302 rc=0
2026-10-02T19:39:33.265Z kv-compact: start l0=267 inputs=2 range=257 l0only=1
2026-10-02T19:39:33.293Z kv-compact: end bytes=18402120 ms=28 l0=266 l1=302 rc=0
2026-10-02T19:39:33.293Z kv-compact: start l0=266 inputs=2 range=267 l0only=1
2026-10-02T19:39:33.321Z kv-compact: end bytes=17902546 ms=28 l0=265 l1=302 rc=0
2026-10-02T19:39:33.321Z kv-compact: start l0=265 inputs=2 range=264 l0only=1
2026-10-02T19:39:33.349Z kv-compact: end bytes=17104627 ms=28 l0=264 l1=302 rc=0
2026-10-02T19:39:33.349Z kv-compact: start l0=264 inputs=2 range=258 l0only=1
2026-10-02T19:39:33.365Z kv-compact: end bytes=10139114 ms=16 l0=263 l1=302 rc=0
2026-10-02T19:39:33.365Z kv-compact: start l0=263 inputs=2 range=261 l0only=1
2026-10-02T19:39:33.378Z kv-compact: end bytes=7246654 ms=13 l0=262 l1=302 rc=0
2026-10-02T19:39:33.378Z kv-compact: start l0=262 inputs=2 range=260 l0only=1
2026-10-02T19:39:33.390Z kv-compact: end bytes=6589513 ms=12 l0=261 l1=302 rc=0
2026-10-02T19:39:33.390Z kv-compact: start l0=261 inputs=2 range=270 l0only=1
2026-10-02T19:39:33.398Z kv-compact: end bytes=3841768 ms=8 l0=260 l1=302 rc=0
2026-10-02T19:39:33.398Z kv-compact: start l0=260 inputs=2 range=1 l0only=1
2026-10-02T19:39:33.411Z kv-compact: end bytes=2374848 ms=13 l0=269 l1=302 rc=0
2026-10-02T19:39:33.411Z kv-compact: start l0=269 inputs=3 range=263 l0only=1
2026-10-02T19:39:33.415Z kv-compact: end bytes=1073790 ms=3 l0=267 l1=302 rc=0
2026-10-02T19:39:33.415Z kv-compact: start l0=267 inputs=2 range=257 l0only=1
2026-10-02T19:39:33.443Z kv-compact: end bytes=18553547 ms=28 l0=266 l1=302 rc=0
2026-10-02T19:39:33.443Z kv-compact: start l0=266 inputs=2 range=267 l0only=1
2026-10-02T19:39:33.471Z kv-compact: end bytes=18145186 ms=28 l0=265 l1=302 rc=0
2026-10-02T19:39:33.471Z kv-compact: start l0=265 inputs=2 range=264 l0only=1
2026-10-02T19:39:33.498Z kv-compact: end bytes=17359777 ms=26 l0=264 l1=302 rc=0
2026-10-02T19:39:33.498Z kv-compact: start l0=264 inputs=2 range=258 l0only=1
2026-10-02T19:39:33.515Z kv-compact: end bytes=10229361 ms=17 l0=263 l1=302 rc=0
2026-10-02T19:39:33.515Z kv-compact: start l0=263 inputs=2 range=261 l0only=1
2026-10-02T19:39:33.528Z kv-compact: end bytes=7403481 ms=13 l0=262 l1=302 rc=0
2026-10-02T19:39:33.528Z kv-compact: start l0=262 inputs=2 range=260 l0only=1
2026-10-02T19:39:33.539Z kv-compact: end bytes=6690943 ms=11 l0=261 l1=302 rc=0
2026-10-02T19:39:33.539Z kv-compact: start l0=261 inputs=2 range=270 l0only=1
2026-10-02T19:39:33.546Z kv-compact: end bytes=4083442 ms=7 l0=260 l1=302 rc=0
2026-10-02T19:39:33.546Z kv-compact: start l0=260 inputs=2 range=1 l0only=1
2026-10-02T19:39:33.553Z kv-compact: end bytes=3200768 ms=7 l0=259 l1=302 rc=0
2026-10-02T19:39:33.661Z kv-compact: start l0=266 inputs=2 range=267 l0only=1
2026-10-02T19:39:33.689Z kv-compact: end bytes=18271964 ms=28 l0=265 l1=302 rc=0
2026-10-02T19:39:33.689Z kv-compact: start l0=265 inputs=2 range=264 l0only=1
2026-10-02T19:39:33.717Z kv-compact: end bytes=17478136 ms=28 l0=264 l1=302 rc=0
2026-10-02T19:39:33.717Z kv-compact: start l0=264 inputs=2 range=258 l0only=1
2026-10-02T19:39:33.734Z kv-compact: end bytes=10356168 ms=17 l0=263 l1=302 rc=0
2026-10-02T19:39:33.734Z kv-compact: start l0=263 inputs=2 range=261 l0only=1
2026-10-02T19:39:33.747Z kv-compact: end bytes=7488019 ms=13 l0=262 l1=302 rc=0
2026-10-02T19:39:33.747Z kv-compact: start l0=262 inputs=2 range=1 l0only=1
2026-10-02T19:39:33.756Z kv-compact: end bytes=4462848 ms=9 l0=261 l1=302 rc=0
2026-10-02T19:39:33.756Z kv-compact: start l0=261 inputs=2 range=270 l0only=1
2026-10-02T19:39:33.763Z kv-compact: end bytes=4167980 ms=8 l0=260 l1=302 rc=0
2026-10-02T19:39:33.764Z kv-compact: start l0=260 inputs=2 range=2 l0only=1
2026-10-02T19:39:33.768Z kv-compact: end bytes=2041600 ms=4 l0=259 l1=302 rc=0
2026-10-02T19:39:33.857Z kv-compact: start l0=269 inputs=2 range=257 l0only=1
2026-10-02T19:39:33.887Z kv-compact: end bytes=18837477 ms=29 l0=268 l1=302 rc=0
2026-10-02T19:39:33.887Z kv-compact: start l0=268 inputs=2 range=267 l0only=1
2026-10-02T19:39:33.916Z kv-compact: end bytes=18661539 ms=29 l0=267 l1=302 rc=0
2026-10-02T19:39:33.916Z kv-compact: start l0=267 inputs=2 range=264 l0only=1
2026-10-02T19:39:33.944Z kv-compact: end bytes=17846987 ms=28 l0=266 l1=302 rc=0
2026-10-02T19:39:33.944Z kv-compact: start l0=266 inputs=2 range=258 l0only=1
2026-10-02T19:39:33.962Z kv-compact: end bytes=10463233 ms=18 l0=265 l1=302 rc=0
2026-10-02T19:39:33.962Z kv-compact: start l0=265 inputs=2 range=261 l0only=1
2026-10-02T19:39:33.975Z kv-compact: end bytes=7649019 ms=13 l0=264 l1=302 rc=0
2026-10-02T19:39:33.975Z kv-compact: start l0=264 inputs=2 range=260 l0only=1
2026-10-02T19:39:33.987Z kv-compact: end bytes=7001760 ms=12 l0=263 l1=302 rc=0
2026-10-02T19:39:33.987Z kv-compact: start l0=263 inputs=2 range=1 l0only=1
2026-10-02T19:39:33.996Z kv-compact: end bytes=4893886 ms=9 l0=262 l1=302 rc=0
2026-10-02T19:39:33.996Z kv-compact: start l0=262 inputs=2 range=270 l0only=1
2026-10-02T19:39:34.004Z kv-compact: end bytes=4574181 ms=9 l0=261 l1=302 rc=0
2026-10-02T19:39:34.004Z kv-compact: start l0=261 inputs=2 range=2 l0only=1
2026-10-02T19:39:34.010Z kv-compact: end bytes=2598420 ms=5 l0=260 l1=302 rc=0
2026-10-02T19:39:34.010Z kv-compact: start l0=260 inputs=2 range=263 l0only=1
2026-10-02T19:39:34.013Z kv-compact: end bytes=1242046 ms=3 l0=259 l1=302 rc=0
2026-10-02T19:39:34.091Z kv-compact: start l0=269 inputs=2 range=257 l0only=1
2026-10-02T19:39:34.120Z kv-compact: end bytes=19052425 ms=29 l0=268 l1=302 rc=0
2026-10-02T19:39:34.120Z kv-compact: start l0=268 inputs=2 range=267 l0only=1
2026-10-02T19:39:34.149Z kv-compact: end bytes=18925753 ms=30 l0=267 l1=302 rc=0
2026-10-02T19:39:34.150Z kv-compact: start l0=267 inputs=2 range=264 l0only=1
2026-10-02T19:39:34.177Z kv-compact: end bytes=18078183 ms=27 l0=266 l1=302 rc=0
2026-10-02T19:39:34.177Z kv-compact: start l0=266 inputs=2 range=258 l0only=1
2026-10-02T19:39:34.194Z kv-compact: end bytes=10519744 ms=17 l0=265 l1=302 rc=0
2026-10-02T19:39:34.194Z kv-compact: start l0=265 inputs=2 range=261 l0only=1
2026-10-02T19:39:34.207Z kv-compact: end bytes=7733866 ms=13 l0=264 l1=302 rc=0
2026-10-02T19:39:34.207Z kv-compact: start l0=264 inputs=2 range=260 l0only=1
2026-10-02T19:39:34.219Z kv-compact: end bytes=7142883 ms=12 l0=263 l1=302 rc=0
2026-10-02T19:39:34.219Z kv-compact: start l0=263 inputs=2 range=1 l0only=1
2026-10-02T19:39:34.229Z kv-compact: end bytes=5770496 ms=10 l0=262 l1=302 rc=0
2026-10-02T19:39:34.229Z kv-compact: start l0=262 inputs=2 range=270 l0only=1
2026-10-02T19:39:34.238Z kv-compact: end bytes=4832955 ms=10 l0=261 l1=302 rc=0
2026-10-02T19:39:34.239Z kv-compact: start l0=261 inputs=2 range=2 l0only=1
2026-10-02T19:39:34.245Z kv-compact: end bytes=3340820 ms=6 l0=260 l1=302 rc=0
2026-10-02T19:39:34.245Z kv-compact: start l0=260 inputs=2 range=263 l0only=1
2026-10-02T19:39:34.249Z kv-compact: end bytes=1416185 ms=5 l0=259 l1=302 rc=0
2026-10-02T19:39:34.288Z kv-compact: start l0=269 inputs=2 range=257 l0only=1
2026-10-02T19:39:34.318Z kv-compact: end bytes=19307053 ms=30 l0=268 l1=302 rc=0
2026-10-02T19:39:34.318Z kv-compact: start l0=268 inputs=2 range=267 l0only=1
2026-10-02T19:39:34.348Z kv-compact: end bytes=19290505 ms=30 l0=267 l1=302 rc=0
2026-10-02T19:39:34.348Z kv-compact: start l0=267 inputs=2 range=264 l0only=1
2026-10-02T19:39:34.377Z kv-compact: end bytes=18398090 ms=29 l0=266 l1=302 rc=0
2026-10-02T19:39:34.377Z kv-compact: start l0=266 inputs=2 range=258 l0only=1
2026-10-02T19:39:34.395Z kv-compact: end bytes=10616827 ms=18 l0=265 l1=302 rc=0
2026-10-02T19:39:34.395Z kv-compact: start l0=265 inputs=2 range=261 l0only=1
2026-10-02T19:39:34.408Z kv-compact: end bytes=7879571 ms=13 l0=264 l1=302 rc=0
2026-10-02T19:39:34.408Z kv-compact: start l0=264 inputs=2 range=260 l0only=1
2026-10-02T19:39:34.421Z kv-compact: end bytes=7442195 ms=13 l0=263 l1=302 rc=0
2026-10-02T19:39:34.421Z kv-compact: start l0=263 inputs=2 range=1 l0only=1
2026-10-02T19:39:34.431Z kv-compact: end bytes=6327296 ms=10 l0=262 l1=302 rc=0
2026-10-02T19:39:34.431Z kv-compact: start l0=262 inputs=2 range=270 l0only=1
2026-10-02T19:39:34.440Z kv-compact: end bytes=5186241 ms=9 l0=261 l1=302 rc=0
2026-10-02T19:39:34.440Z kv-compact: start l0=261 inputs=2 range=2 l0only=1
2026-10-02T19:39:34.446Z kv-compact: end bytes=3897620 ms=6 l0=260 l1=302 rc=0
2026-10-02T19:39:34.446Z kv-compact: start l0=260 inputs=2 range=263 l0only=1
2026-10-02T19:39:34.450Z kv-compact: end bytes=1617048 ms=4 l0=259 l1=302 rc=0
2026-10-02T19:39:34.546Z kv-compact: start l0=269 inputs=2 range=267 l0only=1
2026-10-02T19:39:34.576Z kv-compact: end bytes=19492090 ms=30 l0=268 l1=302 rc=0
2026-10-02T19:39:34.576Z kv-compact: start l0=268 inputs=2 range=257 l0only=1
2026-10-02T19:39:34.607Z kv-compact: end bytes=19484005 ms=31 l0=267 l1=302 rc=0
2026-10-02T19:39:34.607Z kv-compact: start l0=267 inputs=2 range=264 l0only=1
2026-10-02T19:39:34.637Z kv-compact: end bytes=18645721 ms=30 l0=266 l1=302 rc=0
2026-10-02T19:39:34.637Z kv-compact: start l0=266 inputs=2 range=258 l0only=1
2026-10-02T19:39:34.655Z kv-compact: end bytes=10654823 ms=19 l0=265 l1=302 rc=0
2026-10-02T19:39:34.656Z kv-compact: start l0=265 inputs=2 range=261 l0only=1
2026-10-02T19:39:34.669Z kv-compact: end bytes=7936726 ms=13 l0=264 l1=302 rc=0
2026-10-02T19:39:34.669Z kv-compact: start l0=264 inputs=2 range=260 l0only=1
2026-10-02T19:39:34.683Z kv-compact: end bytes=7584210 ms=13 l0=263 l1=302 rc=0
2026-10-02T19:39:34.683Z kv-compact: start l0=263 inputs=2 range=1 l0only=1
2026-10-02T19:39:34.695Z kv-compact: end bytes=7255296 ms=13 l0=262 l1=302 rc=0
2026-10-02T19:39:34.696Z kv-compact: start l0=262 inputs=2 range=270 l0only=1
2026-10-02T19:39:34.706Z kv-compact: end bytes=5400706 ms=10 l0=261 l1=302 rc=0
2026-10-02T19:39:34.706Z kv-compact: start l0=261 inputs=2 range=2 l0only=1
2026-10-02T19:39:34.715Z kv-compact: end bytes=4825620 ms=9 l0=260 l1=302 rc=0
2026-10-02T19:39:34.715Z kv-compact: start l0=260 inputs=2 range=263 l0only=1
2026-10-02T19:39:34.719Z kv-compact: end bytes=1690303 ms=4 l0=259 l1=302 rc=0
2026-10-02T19:39:34.761Z kv-compact: start l0=269 inputs=2 range=267 l0only=1
2026-10-02T19:39:34.793Z kv-compact: end bytes=19924301 ms=32 l0=268 l1=302 rc=0
2026-10-02T19:39:34.793Z kv-compact: start l0=268 inputs=2 range=257 l0only=1
2026-10-02T19:39:34.824Z kv-compact: end bytes=19786933 ms=31 l0=267 l1=302 rc=0
2026-10-02T19:39:34.824Z kv-compact: start l0=267 inputs=2 range=264 l0only=1
2026-10-02T19:39:34.854Z kv-compact: end bytes=19260667 ms=30 l0=266 l1=302 rc=0
2026-10-02T19:39:34.854Z kv-compact: start l0=266 inputs=2 range=258 l0only=1
2026-10-02T19:39:34.872Z kv-compact: end bytes=10772836 ms=18 l0=265 l1=302 rc=0
2026-10-02T19:39:34.872Z kv-compact: start l0=265 inputs=2 range=261 l0only=1
2026-10-02T19:39:34.886Z kv-compact: end bytes=8113504 ms=13 l0=264 l1=302 rc=0
2026-10-02T19:39:34.886Z kv-compact: start l0=264 inputs=2 range=260 l0only=1
2026-10-02T19:39:34.898Z raft-host: gc-pass ms=34 reap=0 frag=0 spread=0 recover=0 fscans=0 fsegs=0 fkeys=0 femit=0 ftomb=0 scans=0 segs=0 keys=0 emit=0 tomb=0
2026-10-02T19:39:34.900Z kv-compact: end bytes=7815889 ms=14 l0=263 l1=302 rc=0
2026-10-02T19:39:34.900Z kv-compact: start l0=263 inputs=2 range=1 l0only=1
2026-10-02T19:39:34.912Z kv-compact: end bytes=7626496 ms=12 l0=262 l1=302 rc=0
2026-10-02T19:39:34.912Z kv-compact: start l0=262 inputs=2 range=270 l0only=1
2026-10-02T19:39:34.923Z kv-compact: end bytes=5821647 ms=11 l0=261 l1=302 rc=0
2026-10-02T19:39:34.923Z kv-compact: start l0=261 inputs=2 range=2 l0only=1
2026-10-02T19:39:34.932Z kv-compact: end bytes=5196820 ms=9 l0=260 l1=302 rc=0
2026-10-02T19:39:34.932Z kv-compact: start l0=260 inputs=2 range=263 l0only=1
2026-10-02T19:39:34.937Z kv-compact: end bytes=1860489 ms=5 l0=259 l1=302 rc=0
2026-10-02T19:39:34.959Z kv-compact: start l0=269 inputs=2 range=267 l0only=1
2026-10-02T19:39:34.992Z kv-compact: end bytes=20344028 ms=33 l0=268 l1=302 rc=0
2026-10-02T19:39:34.992Z kv-compact: start l0=268 inputs=2 range=257 l0only=1
2026-10-02T19:39:35.024Z kv-compact: end bytes=20103081 ms=32 l0=267 l1=302 rc=0
2026-10-02T19:39:35.024Z kv-compact: start l0=267 inputs=2 range=264 l0only=1
2026-10-02T19:39:35.054Z kv-compact: end bytes=19622038 ms=30 l0=266 l1=302 rc=0
2026-10-02T19:39:35.054Z kv-compact: start l0=266 inputs=2 range=258 l0only=1
2026-10-02T19:39:35.072Z kv-compact: end bytes=10900670 ms=18 l0=265 l1=302 rc=0
2026-10-02T19:39:35.072Z kv-compact: start l0=265 inputs=2 range=261 l0only=1
2026-10-02T19:39:35.085Z kv-compact: end bytes=8347363 ms=14 l0=264 l1=302 rc=0
2026-10-02T19:39:35.086Z kv-compact: start l0=264 inputs=2 range=260 l0only=1
2026-10-02T19:39:35.099Z kv-compact: end bytes=8026799 ms=13 l0=263 l1=302 rc=0
2026-10-02T19:39:35.099Z kv-compact: start l0=263 inputs=2 range=1 l0only=1
2026-10-02T19:39:35.111Z kv-compact: end bytes=7942016 ms=12 l0=262 l1=302 rc=0
2026-10-02T19:39:35.111Z kv-compact: start l0=262 inputs=2 range=270 l0only=1
2026-10-02T19:39:35.122Z kv-compact: end bytes=6278974 ms=11 l0=261 l1=302 rc=0
2026-10-02T19:39:35.122Z kv-compact: start l0=261 inputs=2 range=2 l0only=1
2026-10-02T19:39:35.132Z kv-compact: end bytes=5568020 ms=10 l0=260 l1=302 rc=0
2026-10-02T19:39:35.132Z kv-compact: start l0=260 inputs=2 range=263 l0only=1
2026-10-02T19:39:35.138Z kv-compact: end bytes=2276522 ms=6 l0=259 l1=302 rc=0
2026-10-02T19:39:35.184Z kv-compact: start l0=269 inputs=3 range=1 l0only=0
2026-10-02T19:39:35.293Z kv-compact: end bytes=75100430 ms=109 l0=267 l1=303 rc=0
2026-10-02T19:39:35.293Z kv-compact: start l0=267 inputs=2 range=267 l0only=1
2026-10-02T19:39:35.325Z kv-compact: end bytes=20530566 ms=32 l0=266 l1=303 rc=0
2026-10-02T19:39:35.325Z kv-compact: start l0=266 inputs=2 range=257 l0only=1
2026-10-02T19:39:35.356Z kv-compact: end bytes=20207317 ms=31 l0=265 l1=303 rc=0
2026-10-02T19:39:35.356Z kv-compact: start l0=265 inputs=2 range=264 l0only=1
2026-10-02T19:39:35.387Z kv-compact: end bytes=19754715 ms=31 l0=264 l1=303 rc=0
2026-10-02T19:39:35.387Z kv-compact: start l0=264 inputs=2 range=258 l0only=1
2026-10-02T19:39:35.405Z kv-compact: end bytes=10962742 ms=18 l0=263 l1=303 rc=0
2026-10-02T19:39:35.405Z kv-compact: start l0=263 inputs=2 range=261 l0only=1
2026-10-02T19:39:35.428Z kv-compact: end bytes=8470134 ms=23 l0=272 l1=303 rc=0
2026-10-02T19:39:35.428Z kv-compact: start l0=272 inputs=3 range=260 l0only=1
2026-10-02T19:39:35.442Z kv-compact: end bytes=8146583 ms=14 l0=270 l1=303 rc=0
2026-10-02T19:39:35.442Z kv-compact: start l0=270 inputs=3 range=2 l0only=1
2026-10-02T19:39:35.454Z kv-compact: end bytes=7424020 ms=13 l0=268 l1=303 rc=0
2026-10-02T19:39:35.454Z kv-compact: start l0=268 inputs=3 range=270 l0only=1
2026-10-02T19:39:35.467Z kv-compact: end bytes=6683593 ms=12 l0=266 l1=303 rc=0
2026-10-02T19:39:35.467Z kv-compact: start l0=266 inputs=3 range=263 l0only=1
2026-10-02T19:39:35.472Z kv-compact: end bytes=2359844 ms=5 l0=264 l1=303 rc=0
2026-10-02T19:39:35.472Z kv-compact: start l0=264 inputs=2 range=267 l0only=1
2026-10-02T19:39:35.504Z kv-compact: end bytes=20733352 ms=32 l0=263 l1=303 rc=0
2026-10-02T19:39:35.504Z kv-compact: start l0=263 inputs=2 range=257 l0only=1
2026-10-02T19:39:35.535Z kv-compact: end bytes=20323237 ms=32 l0=262 l1=303 rc=0
2026-10-02T19:39:35.536Z kv-compact: start l0=262 inputs=2 range=264 l0only=1
2026-10-02T19:39:35.567Z kv-compact: end bytes=20161253 ms=31 l0=261 l1=303 rc=0
2026-10-02T19:39:35.567Z kv-compact: start l0=261 inputs=2 range=258 l0only=1
2026-10-02T19:39:35.585Z kv-compact: end bytes=11097834 ms=18 l0=260 l1=303 rc=0
2026-10-02T19:39:35.585Z kv-compact: start l0=260 inputs=2 range=261 l0only=1
2026-10-02T19:39:35.599Z kv-compact: end bytes=8621894 ms=15 l0=259 l1=303 rc=0
2026-10-02T19:39:35.611Z kv-compact: start l0=269 inputs=2 range=267 l0only=1
2026-10-02T19:39:35.643Z kv-compact: end bytes=21267154 ms=33 l0=268 l1=303 rc=0
2026-10-02T19:39:35.644Z kv-compact: start l0=268 inputs=2 range=257 l0only=1
2026-10-02T19:39:35.676Z kv-compact: end bytes=20644593 ms=32 l0=267 l1=303 rc=0
2026-10-02T19:39:35.676Z kv-compact: start l0=267 inputs=2 range=264 l0only=1
2026-10-02T19:39:35.709Z kv-compact: end bytes=20620103 ms=33 l0=266 l1=303 rc=0
2026-10-02T19:39:35.709Z kv-compact: start l0=266 inputs=2 range=258 l0only=1
2026-10-02T19:39:35.728Z kv-compact: end bytes=11246437 ms=19 l0=265 l1=303 rc=0
2026-10-02T19:39:35.728Z kv-compact: start l0=265 inputs=2 range=261 l0only=1
2026-10-02T19:39:35.742Z kv-compact: end bytes=8886504 ms=14 l0=264 l1=303 rc=0
2026-10-02T19:39:35.742Z kv-compact: start l0=264 inputs=2 range=260 l0only=1
2026-10-02T19:39:35.756Z kv-compact: end bytes=8368119 ms=14 l0=263 l1=303 rc=0
2026-10-02T19:39:35.757Z kv-compact: start l0=263 inputs=2 range=2 l0only=1
2026-10-02T19:39:35.768Z kv-compact: end bytes=7609620 ms=11 l0=262 l1=303 rc=0
2026-10-02T19:39:35.768Z kv-compact: start l0=262 inputs=2 range=270 l0only=1
2026-10-02T19:39:35.781Z kv-compact: end bytes=7152264 ms=13 l0=261 l1=303 rc=0
2026-10-02T19:39:35.781Z kv-compact: start l0=261 inputs=2 range=263 l0only=1
2026-10-02T19:39:35.788Z kv-compact: end bytes=2853564 ms=7 l0=260 l1=303 rc=0
2026-10-02T19:39:35.788Z kv-compact: start l0=260 inputs=2 range=1 l0only=1
2026-10-02T19:39:35.792Z kv-compact: end bytes=1077998 ms=4 l0=259 l1=303 rc=0
2026-10-02T19:39:35.819Z kv-compact: start l0=269 inputs=2 range=267 l0only=1
2026-10-02T19:39:35.853Z kv-compact: end bytes=21707898 ms=33 l0=268 l1=303 rc=0
2026-10-02T19:39:35.853Z kv-compact: start l0=268 inputs=2 range=264 l0only=1
2026-10-02T19:39:35.886Z kv-compact: end bytes=20943639 ms=33 l0=267 l1=303 rc=0
2026-10-02T19:39:35.886Z kv-compact: start l0=267 inputs=2 range=257 l0only=1
2026-10-02T19:39:35.917Z kv-compact: end bytes=20933910 ms=31 l0=266 l1=303 rc=0
2026-10-02T19:39:35.917Z kv-compact: start l0=266 inputs=2 range=258 l0only=1
2026-10-02T19:39:35.935Z kv-compact: end bytes=11412998 ms=18 l0=265 l1=303 rc=0
2026-10-02T19:39:35.935Z kv-compact: start l0=265 inputs=2 range=261 l0only=1
2026-10-02T19:39:35.950Z kv-compact: end bytes=9073425 ms=15 l0=264 l1=303 rc=0
2026-10-02T19:39:35.950Z kv-compact: start l0=264 inputs=2 range=260 l0only=1
2026-10-02T19:39:35.965Z kv-compact: end bytes=8555523 ms=15 l0=263 l1=303 rc=0
2026-10-02T19:39:35.965Z kv-compact: start l0=263 inputs=2 range=2 l0only=1
2026-10-02T19:39:35.979Z kv-compact: end bytes=8120040 ms=14 l0=262 l1=303 rc=0
2026-10-02T19:39:35.979Z kv-compact: start l0=262 inputs=2 range=270 l0only=1
2026-10-02T19:39:35.992Z kv-compact: end bytes=7641460 ms=14 l0=261 l1=303 rc=0
2026-10-02T19:39:35.992Z kv-compact: start l0=261 inputs=2 range=263 l0only=1
2026-10-02T19:39:35.999Z kv-compact: end bytes=3072202 ms=6 l0=260 l1=303 rc=0
2026-10-02T19:39:35.999Z kv-compact: start l0=260 inputs=2 range=1 l0only=1
2026-10-02T19:39:36.003Z kv-compact: end bytes=1449198 ms=4 l0=259 l1=303 rc=0
2026-10-02T19:39:36.045Z kv-compact: start l0=269 inputs=4 range=2 l0only=0
2026-10-02T19:39:36.168Z kv-compact: end bytes=79250466 ms=123 l0=267 l1=303 rc=0
2026-10-02T19:39:36.168Z kv-compact: start l0=267 inputs=2 range=267 l0only=1
2026-10-02T19:39:36.201Z kv-compact: end bytes=21861022 ms=34 l0=266 l1=303 rc=0
2026-10-02T19:39:36.201Z kv-compact: start l0=266 inputs=2 range=257 l0only=1
2026-10-02T19:39:36.235Z kv-compact: end bytes=21071417 ms=33 l0=265 l1=303 rc=0
2026-10-02T19:39:36.235Z kv-compact: start l0=265 inputs=2 range=264 l0only=1
2026-10-02T19:39:36.267Z kv-compact: end bytes=21040561 ms=32 l0=274 l1=303 rc=0
2026-10-02T19:39:36.267Z kv-compact: start l0=274 inputs=4 range=264 l0only=0
2026-10-02T19:39:36.484Z kv-compact: end bytes=135896827 ms=217 l0=282 l1=304 rc=0
2026-10-02T19:39:36.484Z kv-compact: start l0=282 inputs=6 range=267 l0only=0
2026-10-02T19:39:36.770Z kv-compact: end bytes=181514373 ms=285 l0=289 l1=304 rc=0
2026-10-02T19:39:36.770Z kv-compact: start l0=289 inputs=7 range=257 l0only=0
2026-10-02T19:39:36.915Z raft-host: gc-pass ms=8 reap=0 frag=0 spread=0 recover=0 fscans=0 fsegs=0 fkeys=0 femit=0 ftomb=0 scans=0 segs=0 keys=0 emit=0 tomb=0
2026-10-02T19:39:37.052Z kv-compact: end bytes=173510098 ms=282 l0=295 l1=304 rc=0
2026-10-02T19:39:37.052Z kv-compact: start l0=295 inputs=6 range=258 l0only=1
2026-10-02T19:39:37.075Z kv-compact: end bytes=11809380 ms=23 l0=290 l1=304 rc=0
2026-10-02T19:39:37.075Z kv-compact: start l0=290 inputs=6 range=261 l0only=1
2026-10-02T19:39:37.093Z kv-compact: end bytes=9710267 ms=19 l0=285 l1=304 rc=0
2026-10-02T19:39:37.094Z kv-compact: start l0=285 inputs=6 range=260 l0only=1
2026-10-02T19:39:37.112Z kv-compact: end bytes=9404032 ms=18 l0=280 l1=304 rc=0
2026-10-02T19:39:37.112Z kv-compact: start l0=280 inputs=6 range=270 l0only=1
2026-10-02T19:39:37.130Z kv-compact: end bytes=9236576 ms=18 l0=275 l1=304 rc=0
2026-10-02T19:39:37.130Z kv-compact: start l0=275 inputs=6 range=1 l0only=1
2026-10-02T19:39:37.141Z kv-compact: end bytes=4984046 ms=11 l0=270 l1=304 rc=0
2026-10-02T19:39:37.141Z kv-compact: start l0=270 inputs=6 range=263 l0only=1
2026-10-02T19:39:37.150Z kv-compact: end bytes=4111018 ms=10 l0=265 l1=304 rc=0
2026-10-02T19:39:37.150Z kv-compact: start l0=265 inputs=4 range=2 l0only=1
2026-10-02T19:39:37.156Z kv-compact: end bytes=2449920 ms=5 l0=262 l1=304 rc=0
2026-10-02T19:39:37.156Z kv-compact: start l0=262 inputs=3 range=264 l0only=1
2026-10-02T19:39:37.159Z kv-compact: end bytes=812554 ms=3 l0=260 l1=304 rc=0
2026-10-02T19:39:37.159Z kv-compact: start l0=260 inputs=2 range=267 l0only=1
2026-10-02T19:39:37.161Z kv-compact: end bytes=533740 ms=2 l0=259 l1=304 rc=0
2026-10-02T19:39:37.236Z kv-compact: start l0=269 inputs=2 range=258 l0only=1
2026-10-02T19:39:37.250Z raft-obs: tx->0 enq=21668 drop=0 sent=21454 fail=0 hi=6 rtt_avg=29us get_avg=0us get_max=3ms
2026-10-02T19:39:37.250Z raft-obs: tx->3 enq=21482 drop=0 sent=21312 fail=0 hi=5 rtt_avg=27us get_avg=0us get_max=3ms
2026-10-02T19:39:37.250Z raft-obs: wait_timeouts=0 pump_hold_max=61269us lock_wait_max=4us drain_max=61268us tick_max=3us apply_max=59780us persist_max=17467us applies_in_worst=5 arc_miss=0 arc_term_miss=0 opid_replay=0 fin_q=0 fin_done=0 fin_drop=0 fin_full=0 pub_p50=0us pub_max=0us inbox_drop=0
2026-10-02T19:39:37.257Z kv-compact: end bytes=11950094 ms=20 l0=268 l1=304 rc=0
2026-10-02T19:39:37.257Z kv-compact: start l0=268 inputs=2 range=261 l0only=1
2026-10-02T19:39:37.273Z kv-compact: end bytes=9963285 ms=16 l0=267 l1=304 rc=0
2026-10-02T19:39:37.273Z kv-compact: start l0=267 inputs=2 range=270 l0only=1
2026-10-02T19:39:37.289Z kv-compact: end bytes=9732060 ms=16 l0=266 l1=304 rc=0
2026-10-02T19:39:37.289Z kv-compact: start l0=266 inputs=2 range=260 l0only=1
2026-10-02T19:39:37.305Z kv-compact: end bytes=9615747 ms=17 l0=265 l1=304 rc=0
2026-10-02T19:39:37.306Z kv-compact: start l0=265 inputs=2 range=1 l0only=1
2026-10-02T19:39:37.315Z kv-compact: end bytes=5355246 ms=9 l0=264 l1=304 rc=0
2026-10-02T19:39:37.315Z kv-compact: start l0=264 inputs=2 range=263 l0only=1
2026-10-02T19:39:37.323Z kv-compact: end bytes=4360568 ms=7 l0=263 l1=304 rc=0
2026-10-02T19:39:37.323Z kv-compact: start l0=263 inputs=2 range=2 l0only=1
2026-10-02T19:39:37.329Z kv-compact: end bytes=2784000 ms=6 l0=262 l1=304 rc=0
2026-10-02T19:39:37.329Z kv-compact: start l0=262 inputs=2 range=264 l0only=1
2026-10-02T19:39:37.333Z kv-compact: end bytes=1177548 ms=4 l0=261 l1=304 rc=0
2026-10-02T19:39:37.333Z kv-compact: start l0=261 inputs=2 range=267 l0only=1
2026-10-02T19:39:37.336Z kv-compact: end bytes=1031197 ms=3 l0=260 l1=304 rc=0
2026-10-02T19:39:37.336Z kv-compact: start l0=260 inputs=2 range=257 l0only=1
2026-10-02T19:39:37.338Z kv-compact: end bytes=542302 ms=2 l0=259 l1=304 rc=0
2026-10-02T19:39:37.440Z kv-compact: start l0=269 inputs=2 range=258 l0only=1
2026-10-02T19:39:37.461Z kv-compact: end bytes=12052020 ms=20 l0=268 l1=304 rc=0
2026-10-02T19:39:37.461Z kv-compact: start l0=268 inputs=2 range=261 l0only=1
2026-10-02T19:39:37.477Z kv-compact: end bytes=10073905 ms=16 l0=267 l1=304 rc=0
2026-10-02T19:39:37.477Z kv-compact: start l0=267 inputs=2 range=270 l0only=1
2026-10-02T19:39:37.493Z kv-compact: end bytes=9877295 ms=16 l0=266 l1=304 rc=0
2026-10-02T19:39:37.493Z kv-compact: start l0=266 inputs=2 range=260 l0only=1
2026-10-02T19:39:37.509Z kv-compact: end bytes=9641507 ms=16 l0=265 l1=304 rc=0
2026-10-02T19:39:37.509Z kv-compact: start l0=265 inputs=2 range=1 l0only=1
2026-10-02T19:39:37.520Z kv-compact: end bytes=6422446 ms=11 l0=264 l1=304 rc=0
2026-10-02T19:39:37.520Z kv-compact: start l0=264 inputs=2 range=263 l0only=1
2026-10-02T19:39:37.528Z kv-compact: end bytes=4377795 ms=8 l0=263 l1=304 rc=0
2026-10-02T19:39:37.528Z kv-compact: start l0=263 inputs=2 range=2 l0only=1
2026-10-02T19:39:37.535Z kv-compact: end bytes=3897600 ms=7 l0=262 l1=304 rc=0
2026-10-02T19:39:37.535Z kv-compact: start l0=262 inputs=2 range=264 l0only=1
2026-10-02T19:39:37.539Z kv-compact: end bytes=1296862 ms=4 l0=261 l1=304 rc=0
2026-10-02T19:39:37.539Z kv-compact: start l0=261 inputs=2 range=267 l0only=1
2026-10-02T19:39:37.543Z kv-compact: end bytes=1199418 ms=4 l0=260 l1=304 rc=0
2026-10-02T19:39:37.543Z kv-compact: start l0=260 inputs=2 range=257 l0only=1
2026-10-02T19:39:37.545Z kv-compact: end bytes=627880 ms=3 l0=259 l1=304 rc=0
2026-10-02T19:39:37.665Z kv-compact: start l0=269 inputs=2 range=258 l0only=1
2026-10-02T19:39:37.684Z kv-compact: end bytes=12181873 ms=19 l0=268 l1=304 rc=0
2026-10-02T19:39:37.684Z kv-compact: start l0=268 inputs=2 range=261 l0only=1
2026-10-02T19:39:37.701Z kv-compact: end bytes=10289819 ms=17 l0=267 l1=304 rc=0
2026-10-02T19:39:37.701Z kv-compact: start l0=267 inputs=2 range=270 l0only=1
2026-10-02T19:39:37.718Z kv-compact: end bytes=10244549 ms=17 l0=266 l1=304 rc=0
2026-10-02T19:39:37.718Z kv-compact: start l0=266 inputs=2 range=260 l0only=1
2026-10-02T19:39:37.734Z kv-compact: end bytes=9772561 ms=15 l0=265 l1=304 rc=0
2026-10-02T19:39:37.734Z kv-compact: start l0=265 inputs=2 range=1 l0only=1
2026-10-02T19:39:37.746Z kv-compact: end bytes=7027032 ms=12 l0=264 l1=304 rc=0
2026-10-02T19:39:37.746Z kv-compact: start l0=264 inputs=2 range=2 l0only=1
2026-10-02T19:39:37.754Z kv-compact: end bytes=4640000 ms=8 l0=263 l1=304 rc=0
2026-10-02T19:39:37.754Z kv-compact: start l0=263 inputs=2 range=263 l0only=1
2026-10-02T19:39:37.762Z kv-compact: end bytes=4517382 ms=8 l0=262 l1=304 rc=0
2026-10-02T19:39:37.762Z kv-compact: start l0=262 inputs=2 range=267 l0only=1
2026-10-02T19:39:37.766Z kv-compact: end bytes=1539590 ms=4 l0=261 l1=304 rc=0
2026-10-02T19:39:37.766Z kv-compact: start l0=261 inputs=2 range=264 l0only=1
2026-10-02T19:39:37.770Z kv-compact: end bytes=1538512 ms=3 l0=260 l1=304 rc=0
2026-10-02T19:39:37.770Z kv-compact: start l0=260 inputs=2 range=257 l0only=1
2026-10-02T19:39:37.773Z kv-compact: end bytes=824278 ms=2 l0=259 l1=304 rc=0
2026-10-02T19:39:37.870Z kv-compact: start l0=269 inputs=2 range=258 l0only=1
2026-10-02T19:39:37.890Z kv-compact: end bytes=12338774 ms=20 l0=268 l1=304 rc=0
2026-10-02T19:39:37.890Z kv-compact: start l0=268 inputs=2 range=270 l0only=1
2026-10-02T19:39:37.907Z kv-compact: end bytes=10660688 ms=18 l0=267 l1=304 rc=0
2026-10-02T19:39:37.908Z kv-compact: start l0=267 inputs=2 range=261 l0only=1
2026-10-02T19:39:37.925Z kv-compact: end bytes=10461606 ms=17 l0=266 l1=304 rc=0
2026-10-02T19:39:37.925Z kv-compact: start l0=266 inputs=2 range=260 l0only=1
2026-10-02T19:39:37.941Z kv-compact: end bytes=9944509 ms=17 l0=265 l1=304 rc=0
2026-10-02T19:39:37.942Z kv-compact: start l0=265 inputs=2 range=1 l0only=1
2026-10-02T19:39:37.954Z kv-compact: end bytes=7590894 ms=12 l0=264 l1=304 rc=0
2026-10-02T19:39:37.954Z kv-compact: start l0=264 inputs=2 range=2 l0only=1
2026-10-02T19:39:37.963Z kv-compact: end bytes=5150420 ms=9 l0=263 l1=304 rc=0
2026-10-02T19:39:37.963Z kv-compact: start l0=263 inputs=2 range=263 l0only=1
2026-10-02T19:39:37.971Z kv-compact: end bytes=4687002 ms=8 l0=262 l1=304 rc=0
2026-10-02T19:39:37.971Z kv-compact: start l0=262 inputs=2 range=267 l0only=1
2026-10-02T19:39:37.976Z kv-compact: end bytes=1954418 ms=5 l0=261 l1=304 rc=0
2026-10-02T19:39:37.976Z kv-compact: start l0=261 inputs=2 range=264 l0only=1
2026-10-02T19:39:37.981Z kv-compact: end bytes=1838037 ms=5 l0=260 l1=304 rc=0
2026-10-02T19:39:37.981Z kv-compact: start l0=260 inputs=2 range=257 l0only=1
2026-10-02T19:39:37.984Z kv-compact: end bytes=1116680 ms=3 l0=259 l1=304 rc=0
2026-10-02T19:39:38.074Z kv-compact: start l0=269 inputs=2 range=258 l0only=1
2026-10-02T19:39:38.094Z kv-compact: end bytes=12462744 ms=20 l0=268 l1=304 rc=0
2026-10-02T19:39:38.094Z kv-compact: start l0=268 inputs=2 range=270 l0only=1
2026-10-02T19:39:38.112Z kv-compact: end bytes=11093704 ms=17 l0=267 l1=304 rc=0
2026-10-02T19:39:38.112Z kv-compact: start l0=267 inputs=2 range=261 l0only=1
2026-10-02T19:39:38.130Z kv-compact: end bytes=10647400 ms=18 l0=266 l1=304 rc=0
2026-10-02T19:39:38.130Z kv-compact: start l0=266 inputs=2 range=260 l0only=1
2026-10-02T19:39:38.147Z kv-compact: end bytes=10171445 ms=17 l0=265 l1=304 rc=0
2026-10-02T19:39:38.147Z kv-compact: start l0=265 inputs=2 range=1 l0only=1
2026-10-02T19:39:38.161Z kv-compact: end bytes=8147694 ms=14 l0=264 l1=304 rc=0
2026-10-02T19:39:38.161Z kv-compact: start l0=264 inputs=2 range=2 l0only=1
2026-10-02T19:39:38.171Z kv-compact: end bytes=5568020 ms=10 l0=263 l1=304 rc=0
2026-10-02T19:39:38.171Z kv-compact: start l0=263 inputs=2 range=263 l0only=1
2026-10-02T19:39:38.180Z kv-compact: end bytes=4852597 ms=9 l0=262 l1=304 rc=0
2026-10-02T19:39:38.180Z kv-compact: start l0=262 inputs=2 range=267 l0only=1
2026-10-02T19:39:38.185Z kv-compact: end bytes=2409903 ms=5 l0=261 l1=304 rc=0
2026-10-02T19:39:38.185Z kv-compact: start l0=261 inputs=2 range=264 l0only=1
2026-10-02T19:39:38.190Z kv-compact: end bytes=2127256 ms=5 l0=260 l1=304 rc=0
2026-10-02T19:39:38.190Z kv-compact: start l0=260 inputs=2 range=257 l0only=1
2026-10-02T19:39:38.193Z kv-compact: end bytes=1437742 ms=4 l0=259 l1=304 rc=0
2026-10-02T19:39:38.285Z kv-compact: start l0=269 inputs=2 range=258 l0only=1
2026-10-02T19:39:38.305Z kv-compact: end bytes=12565301 ms=20 l0=268 l1=304 rc=0
2026-10-02T19:39:38.305Z kv-compact: start l0=268 inputs=2 range=270 l0only=1
2026-10-02T19:39:38.324Z kv-compact: end bytes=11474395 ms=19 l0=267 l1=304 rc=0
2026-10-02T19:39:38.324Z kv-compact: start l0=267 inputs=2 range=261 l0only=1
2026-10-02T19:39:38.341Z kv-compact: end bytes=10800994 ms=17 l0=266 l1=304 rc=0
2026-10-02T19:39:38.341Z kv-compact: start l0=266 inputs=2 range=260 l0only=1
2026-10-02T19:39:38.358Z kv-compact: end bytes=10388750 ms=17 l0=265 l1=304 rc=0
2026-10-02T19:39:38.358Z kv-compact: start l0=265 inputs=2 range=1 l0only=1
2026-10-02T19:39:38.372Z kv-compact: end bytes=8704494 ms=13 l0=264 l1=304 rc=0
2026-10-02T19:39:38.372Z kv-compact: start l0=264 inputs=2 range=2 l0only=1
2026-10-02T19:39:38.383Z kv-compact: end bytes=6217620 ms=11 l0=263 l1=304 rc=0
2026-10-02T19:39:38.383Z kv-compact: start l0=263 inputs=2 range=263 l0only=1
2026-10-02T19:39:38.392Z kv-compact: end bytes=5008693 ms=9 l0=262 l1=304 rc=0
2026-10-02T19:39:38.392Z kv-compact: start l0=262 inputs=2 range=267 l0only=1
2026-10-02T19:39:38.398Z kv-compact: end bytes=2824335 ms=6 l0=261 l1=304 rc=0
2026-10-02T19:39:38.398Z kv-compact: start l0=261 inputs=2 range=264 l0only=1
2026-10-02T19:39:38.403Z kv-compact: end bytes=2354083 ms=5 l0=260 l1=304 rc=0
2026-10-02T19:39:38.403Z kv-compact: start l0=260 inputs=2 range=257 l0only=1
2026-10-02T19:39:38.407Z kv-compact: end bytes=1717388 ms=4 l0=259 l1=304 rc=0
2026-10-02T19:39:38.508Z kv-compact: start l0=269 inputs=2 range=258 l0only=1
2026-10-02T19:39:38.529Z kv-compact: end bytes=12668019 ms=20 l0=268 l1=304 rc=0
2026-10-02T19:39:38.529Z kv-compact: start l0=268 inputs=2 range=270 l0only=1
2026-10-02T19:39:38.548Z kv-compact: end bytes=11898321 ms=19 l0=267 l1=304 rc=0
2026-10-02T19:39:38.548Z kv-compact: start l0=267 inputs=2 range=261 l0only=1
2026-10-02T19:39:38.566Z kv-compact: end bytes=10954910 ms=18 l0=266 l1=304 rc=0
2026-10-02T19:39:38.566Z kv-compact: start l0=266 inputs=2 range=260 l0only=1
2026-10-02T19:39:38.583Z kv-compact: end bytes=10606889 ms=17 l0=265 l1=304 rc=0
2026-10-02T19:39:38.583Z kv-compact: start l0=265 inputs=2 range=1 l0only=1
2026-10-02T19:39:38.597Z kv-compact: end bytes=9261294 ms=14 l0=264 l1=304 rc=0
2026-10-02T19:39:38.597Z kv-compact: start l0=264 inputs=2 range=2 l0only=1
2026-10-02T19:39:38.608Z kv-compact: end bytes=6867220 ms=11 l0=263 l1=304 rc=0
2026-10-02T19:39:38.608Z kv-compact: start l0=263 inputs=2 range=263 l0only=1
2026-10-02T19:39:38.617Z kv-compact: end bytes=5153841 ms=9 l0=262 l1=304 rc=0
2026-10-02T19:39:38.617Z kv-compact: start l0=262 inputs=2 range=267 l0only=1
2026-10-02T19:39:38.623Z kv-compact: end bytes=3196793 ms=6 l0=261 l1=304 rc=0
2026-10-02T19:39:38.623Z kv-compact: start l0=261 inputs=2 range=264 l0only=1
2026-10-02T19:39:38.628Z kv-compact: end bytes=2581375 ms=5 l0=260 l1=304 rc=0
2026-10-02T19:39:38.628Z kv-compact: start l0=260 inputs=2 range=257 l0only=1
2026-10-02T19:39:38.633Z kv-compact: end bytes=1996609 ms=5 l0=259 l1=304 rc=0
2026-10-02T19:39:38.688Z kv-compact: start l0=269 inputs=4 range=1 l0only=0
2026-10-02T19:39:38.816Z kv-compact: end bytes=85004800 ms=127 l0=267 l1=304 rc=0
2026-10-02T19:39:38.816Z kv-compact: start l0=267 inputs=2 range=258 l0only=1
2026-10-02T19:39:38.837Z kv-compact: end bytes=12746426 ms=21 l0=266 l1=304 rc=0
2026-10-02T19:39:38.837Z kv-compact: start l0=266 inputs=2 range=270 l0only=1
2026-10-02T19:39:38.856Z kv-compact: end bytes=12196097 ms=19 l0=265 l1=304 rc=0
2026-10-02T19:39:38.856Z kv-compact: start l0=265 inputs=2 range=261 l0only=1
2026-10-02T19:39:38.875Z kv-compact: end bytes=11072601 ms=18 l0=264 l1=304 rc=0
2026-10-02T19:39:38.875Z kv-compact: start l0=264 inputs=2 range=260 l0only=1
2026-10-02T19:39:38.893Z kv-compact: end bytes=10766366 ms=19 l0=263 l1=304 rc=0
2026-10-02T19:39:38.893Z kv-compact: start l0=263 inputs=2 range=2 l0only=1
2026-10-02T19:39:38.906Z kv-compact: end bytes=7609620 ms=12 l0=262 l1=304 rc=0
2026-10-02T19:39:38.906Z kv-compact: start l0=262 inputs=2 range=263 l0only=1
2026-10-02T19:39:38.925Z kv-compact: end bytes=5231926 ms=19 l0=271 l1=304 rc=0
2026-10-02T19:39:38.925Z kv-compact: start l0=271 inputs=3 range=267 l0only=1
2026-10-02T19:39:38.933Z kv-compact: end bytes=3997985 ms=9 l0=269 l1=304 rc=0
2026-10-02T19:39:38.933Z kv-compact: start l0=269 inputs=3 range=264 l0only=1
2026-10-02T19:39:38.938Z raft-host: gc-pass ms=14 reap=0 frag=0 spread=0 recover=0 fscans=0 fsegs=0 fkeys=0 femit=0 ftomb=0 scans=0 segs=0 keys=0 emit=0 tomb=0
2026-10-02T19:39:38.940Z kv-compact: end bytes=3176934 ms=7 l0=267 l1=304 rc=0
2026-10-02T19:39:38.941Z kv-compact: start l0=267 inputs=3 range=257 l0only=1
2026-10-02T19:39:38.947Z kv-compact: end bytes=2582508 ms=6 l0=265 l1=304 rc=0
2026-10-02T19:39:38.947Z kv-compact: start l0=265 inputs=2 range=258 l0only=1
2026-10-02T19:39:38.968Z kv-compact: end bytes=12873938 ms=21 l0=264 l1=304 rc=0
2026-10-02T19:39:38.968Z kv-compact: start l0=264 inputs=2 range=270 l0only=1
2026-10-02T19:39:38.989Z kv-compact: end bytes=12646340 ms=21 l0=263 l1=304 rc=0
2026-10-02T19:39:38.989Z kv-compact: start l0=263 inputs=2 range=261 l0only=1
2026-10-02T19:39:39.006Z kv-compact: end bytes=11263547 ms=18 l0=262 l1=304 rc=0
2026-10-02T19:39:39.007Z kv-compact: start l0=262 inputs=2 range=260 l0only=1
2026-10-02T19:39:39.024Z kv-compact: end bytes=10999259 ms=17 l0=261 l1=304 rc=0
2026-10-02T19:39:39.024Z kv-compact: start l0=261 inputs=2 range=2 l0only=1
2026-10-02T19:39:39.037Z kv-compact: end bytes=7980820 ms=13 l0=260 l1=304 rc=0
2026-10-02T19:39:39.037Z kv-compact: start l0=260 inputs=2 range=263 l0only=1
2026-10-02T19:39:39.047Z kv-compact: end bytes=5359438 ms=10 l0=259 l1=304 rc=0
2026-10-02T19:39:39.143Z kv-compact: start l0=269 inputs=2 range=258 l0only=1
2026-10-02T19:39:39.164Z kv-compact: end bytes=12896639 ms=21 l0=268 l1=304 rc=0
2026-10-02T19:39:39.164Z kv-compact: start l0=268 inputs=2 range=270 l0only=1
2026-10-02T19:39:39.186Z kv-compact: end bytes=12824069 ms=22 l0=267 l1=304 rc=0
2026-10-02T19:39:39.186Z kv-compact: start l0=267 inputs=2 range=261 l0only=1
2026-10-02T19:39:39.205Z kv-compact: end bytes=11424647 ms=20 l0=266 l1=304 rc=0
2026-10-02T19:39:39.206Z kv-compact: start l0=266 inputs=2 range=260 l0only=1
2026-10-02T19:39:39.223Z kv-compact: end bytes=11033069 ms=17 l0=265 l1=304 rc=0
2026-10-02T19:39:39.223Z kv-compact: start l0=265 inputs=2 range=2 l0only=1
2026-10-02T19:39:39.238Z kv-compact: end bytes=9094420 ms=15 l0=264 l1=304 rc=0
2026-10-02T19:39:39.238Z kv-compact: start l0=264 inputs=2 range=263 l0only=1
2026-10-02T19:39:39.247Z kv-compact: end bytes=5381817 ms=10 l0=263 l1=304 rc=0
2026-10-02T19:39:39.247Z kv-compact: start l0=263 inputs=2 range=267 l0only=1
2026-10-02T19:39:39.256Z kv-compact: end bytes=4151753 ms=8 l0=262 l1=304 rc=0
2026-10-02T19:39:39.256Z kv-compact: start l0=262 inputs=2 range=264 l0only=1
2026-10-02T19:39:39.263Z kv-compact: end bytes=3308323 ms=7 l0=261 l1=304 rc=0
2026-10-02T19:39:39.263Z kv-compact: start l0=261 inputs=2 range=257 l0only=1
2026-10-02T19:39:39.269Z kv-compact: end bytes=2722913 ms=6 l0=260 l1=304 rc=0
2026-10-02T19:39:39.269Z kv-compact: start l0=260 inputs=2 range=1 l0only=1
2026-10-02T19:39:39.273Z kv-compact: end bytes=1558208 ms=4 l0=259 l1=304 rc=0
2026-10-02T19:39:39.382Z kv-compact: start l0=269 inputs=3 range=2 l0only=0
2026-10-02T19:39:39.415Z kv-compact: end bytes=22163902 ms=33 l0=267 l1=304 rc=0
2026-10-02T19:39:39.415Z kv-compact: start l0=267 inputs=2 range=270 l0only=1
2026-10-02T19:39:39.436Z kv-compact: end bytes=13051529 ms=21 l0=266 l1=304 rc=0
2026-10-02T19:39:39.436Z kv-compact: start l0=266 inputs=2 range=258 l0only=1
2026-10-02T19:39:39.457Z kv-compact: end bytes=13016275 ms=21 l0=265 l1=304 rc=0
2026-10-02T19:39:39.457Z kv-compact: start l0=265 inputs=2 range=261 l0only=1
2026-10-02T19:39:39.476Z kv-compact: end bytes=11561671 ms=20 l0=264 l1=304 rc=0
2026-10-02T19:39:39.476Z kv-compact: start l0=264 inputs=2 range=260 l0only=1
2026-10-02T19:39:39.495Z kv-compact: end bytes=11085555 ms=18 l0=263 l1=304 rc=0
2026-10-02T19:39:39.495Z kv-compact: start l0=263 inputs=2 range=263 l0only=1
2026-10-02T19:39:39.504Z kv-compact: end bytes=5416915 ms=9 l0=262 l1=304 rc=0
2026-10-02T19:39:39.504Z kv-compact: start l0=262 inputs=2 range=267 l0only=1
2026-10-02T19:39:39.513Z kv-compact: end bytes=4348942 ms=9 l0=261 l1=304 rc=0
2026-10-02T19:39:39.513Z kv-compact: start l0=261 inputs=2 range=264 l0only=1
2026-10-02T19:39:39.520Z kv-compact: end bytes=3469980 ms=7 l0=260 l1=304 rc=0
2026-10-02T19:39:39.520Z kv-compact: start l0=260 inputs=2 range=257 l0only=1
2026-10-02T19:39:39.526Z kv-compact: end bytes=2804017 ms=6 l0=259 l1=304 rc=0
2026-10-02T19:39:39.526Z kv-compact: start l0=259 inputs=2 range=1 l0only=1
2026-10-02T19:39:39.531Z kv-compact: end bytes=2606848 ms=6 l0=258 l1=304 rc=0
2026-10-02T19:39:39.573Z kv-compact: start l0=268 inputs=2 range=270 l0only=1
2026-10-02T19:39:39.595Z kv-compact: end bytes=13399376 ms=22 l0=267 l1=304 rc=0
2026-10-02T19:39:39.595Z kv-compact: start l0=267 inputs=2 range=258 l0only=1
2026-10-02T19:39:39.616Z kv-compact: end bytes=13195964 ms=21 l0=266 l1=304 rc=0
2026-10-02T19:39:39.616Z kv-compact: start l0=266 inputs=2 range=261 l0only=1
2026-10-02T19:39:39.635Z kv-compact: end bytes=11746425 ms=20 l0=265 l1=304 rc=0
2026-10-02T19:39:39.636Z kv-compact: start l0=265 inputs=2 range=260 l0only=1
2026-10-02T19:39:39.654Z kv-compact: end bytes=11227396 ms=18 l0=264 l1=304 rc=0
2026-10-02T19:39:39.654Z kv-compact: start l0=264 inputs=2 range=263 l0only=1
2026-10-02T19:39:39.663Z kv-compact: end bytes=5511905 ms=10 l0=263 l1=304 rc=0
2026-10-02T19:39:39.664Z kv-compact: start l0=263 inputs=2 range=267 l0only=1
2026-10-02T19:39:39.673Z kv-compact: end bytes=4704285 ms=9 l0=262 l1=304 rc=0
2026-10-02T19:39:39.673Z kv-compact: start l0=262 inputs=2 range=264 l0only=1
2026-10-02T19:39:39.681Z kv-compact: end bytes=3766555 ms=8 l0=261 l1=304 rc=0
2026-10-02T19:39:39.681Z kv-compact: start l0=261 inputs=2 range=1 l0only=1
2026-10-02T19:39:39.687Z kv-compact: end bytes=3163648 ms=6 l0=260 l1=304 rc=0
2026-10-02T19:39:39.687Z kv-compact: start l0=260 inputs=2 range=257 l0only=1
2026-10-02T19:39:39.693Z kv-compact: end bytes=3015227 ms=6 l0=259 l1=304 rc=0
2026-10-02T19:39:39.787Z kv-compact: start l0=269 inputs=2 range=270 l0only=1
2026-10-02T19:39:39.810Z kv-compact: end bytes=13906963 ms=23 l0=268 l1=304 rc=0
2026-10-02T19:39:39.810Z kv-compact: start l0=268 inputs=2 range=258 l0only=1
2026-10-02T19:39:39.832Z kv-compact: end bytes=13341830 ms=23 l0=267 l1=304 rc=0
2026-10-02T19:39:39.833Z kv-compact: start l0=267 inputs=2 range=261 l0only=1
2026-10-02T19:39:39.852Z kv-compact: end bytes=11966351 ms=19 l0=266 l1=304 rc=0
2026-10-02T19:39:39.852Z kv-compact: start l0=266 inputs=2 range=260 l0only=1
2026-10-02T19:39:39.870Z kv-compact: end bytes=11442170 ms=19 l0=265 l1=304 rc=0
2026-10-02T19:39:39.870Z kv-compact: start l0=265 inputs=2 range=263 l0only=1
2026-10-02T19:39:39.880Z kv-compact: end bytes=5688448 ms=10 l0=264 l1=304 rc=0
2026-10-02T19:39:39.880Z kv-compact: start l0=264 inputs=2 range=267 l0only=1
2026-10-02T19:39:39.890Z kv-compact: end bytes=5221504 ms=9 l0=263 l1=304 rc=0
2026-10-02T19:39:39.890Z kv-compact: start l0=263 inputs=2 range=264 l0only=1
2026-10-02T19:39:39.898Z kv-compact: end bytes=4085657 ms=8 l0=262 l1=304 rc=0
2026-10-02T19:39:39.898Z kv-compact: start l0=262 inputs=2 range=1 l0only=1
2026-10-02T19:39:39.904Z kv-compact: end bytes=3534848 ms=6 l0=261 l1=304 rc=0
2026-10-02T19:39:39.904Z kv-compact: start l0=261 inputs=2 range=257 l0only=1
2026-10-02T19:39:39.910Z kv-compact: end bytes=3381853 ms=7 l0=260 l1=304 rc=0
2026-10-02T19:39:39.910Z kv-compact: start l0=260 inputs=2 range=2 l0only=1
2026-10-02T19:39:39.914Z kv-compact: end bytes=1113620 ms=3 l0=259 l1=304 rc=0
2026-10-02T19:39:39.983Z kv-compact: start l0=269 inputs=2 range=270 l0only=1
2026-10-02T19:39:40.005Z kv-compact: end bytes=14196132 ms=23 l0=268 l1=304 rc=0
2026-10-02T19:39:40.006Z kv-compact: start l0=268 inputs=2 range=258 l0only=1
2026-10-02T19:39:40.028Z kv-compact: end bytes=13401883 ms=22 l0=267 l1=304 rc=0
2026-10-02T19:39:40.028Z kv-compact: start l0=267 inputs=2 range=261 l0only=1
2026-10-02T19:39:40.047Z kv-compact: end bytes=12055062 ms=19 l0=266 l1=304 rc=0
2026-10-02T19:39:40.047Z kv-compact: start l0=266 inputs=2 range=260 l0only=1
2026-10-02T19:39:40.066Z kv-compact: end bytes=11620410 ms=19 l0=265 l1=304 rc=0
2026-10-02T19:39:40.066Z kv-compact: start l0=265 inputs=2 range=263 l0only=1
2026-10-02T19:39:40.076Z kv-compact: end bytes=5836742 ms=11 l0=264 l1=304 rc=0
2026-10-02T19:39:40.076Z kv-compact: start l0=264 inputs=2 range=267 l0only=1
2026-10-02T19:39:40.086Z kv-compact: end bytes=5500369 ms=10 l0=263 l1=304 rc=0
2026-10-02T19:39:40.087Z kv-compact: start l0=263 inputs=2 range=1 l0only=1
2026-10-02T19:39:40.095Z kv-compact: end bytes=4462848 ms=8 l0=262 l1=304 rc=0
2026-10-02T19:39:40.095Z kv-compact: start l0=262 inputs=2 range=264 l0only=1
2026-10-02T19:39:40.103Z kv-compact: end bytes=4225727 ms=8 l0=261 l1=304 rc=0
2026-10-02T19:39:40.103Z kv-compact: start l0=261 inputs=2 range=257 l0only=1
2026-10-02T19:39:40.110Z kv-compact: end bytes=3565440 ms=7 l0=260 l1=304 rc=0
2026-10-02T19:39:40.110Z kv-compact: start l0=260 inputs=2 range=2 l0only=1
2026-10-02T19:39:40.114Z kv-compact: end bytes=1856020 ms=4 l0=259 l1=304 rc=0
2026-10-02T19:39:40.247Z kv-compact: start l0=269 inputs=2 range=270 l0only=1
2026-10-02T19:39:40.271Z kv-compact: end bytes=14710775 ms=25 l0=268 l1=304 rc=0
2026-10-02T19:39:40.272Z kv-compact: start l0=268 inputs=2 range=258 l0only=1
2026-10-02T19:39:40.293Z kv-compact: end bytes=13546944 ms=21 l0=267 l1=304 rc=0
2026-10-02T19:39:40.293Z kv-compact: start l0=267 inputs=2 range=261 l0only=1
2026-10-02T19:39:40.312Z kv-compact: end bytes=12271929 ms=19 l0=266 l1=304 rc=0
2026-10-02T19:39:40.312Z kv-compact: start l0=266 inputs=2 range=260 l0only=1
2026-10-02T19:39:40.332Z kv-compact: end bytes=11879224 ms=20 l0=265 l1=304 rc=0
2026-10-02T19:39:40.332Z kv-compact: start l0=265 inputs=2 range=267 l0only=1
2026-10-02T19:39:40.343Z kv-compact: end bytes=6003742 ms=11 l0=264 l1=304 rc=0
2026-10-02T19:39:40.343Z kv-compact: start l0=264 inputs=2 range=263 l0only=1
2026-10-02T19:39:40.353Z kv-compact: end bytes=5981803 ms=10 l0=263 l1=304 rc=0
2026-10-02T19:39:40.353Z kv-compact: start l0=263 inputs=2 range=1 l0only=1
2026-10-02T19:39:40.362Z kv-compact: end bytes=4835434 ms=9 l0=262 l1=304 rc=0
2026-10-02T19:39:40.362Z kv-compact: start l0=262 inputs=2 range=264 l0only=1
2026-10-02T19:39:40.370Z kv-compact: end bytes=4538872 ms=9 l0=261 l1=304 rc=0
2026-10-02T19:39:40.371Z kv-compact: start l0=261 inputs=2 range=257 l0only=1
2026-10-02T19:39:40.378Z kv-compact: end bytes=3940013 ms=7 l0=260 l1=304 rc=0
2026-10-02T19:39:40.378Z kv-compact: start l0=260 inputs=2 range=2 l0only=1
2026-10-02T19:39:40.382Z kv-compact: end bytes=2227220 ms=5 l0=259 l1=304 rc=0
2026-10-02T19:39:40.456Z kv-compact: start l0=269 inputs=2 range=270 l0only=1
2026-10-02T19:39:40.480Z kv-compact: end bytes=15096457 ms=24 l0=268 l1=304 rc=0
2026-10-02T19:39:40.480Z kv-compact: start l0=268 inputs=2 range=258 l0only=1
2026-10-02T19:39:40.503Z kv-compact: end bytes=13656263 ms=23 l0=267 l1=304 rc=0
2026-10-02T19:39:40.503Z kv-compact: start l0=267 inputs=2 range=261 l0only=1
2026-10-02T19:39:40.523Z kv-compact: end bytes=12436149 ms=20 l0=266 l1=304 rc=0
2026-10-02T19:39:40.523Z kv-compact: start l0=266 inputs=2 range=260 l0only=1
2026-10-02T19:39:40.543Z kv-compact: end bytes=12086357 ms=19 l0=265 l1=304 rc=0
2026-10-02T19:39:40.543Z kv-compact: start l0=265 inputs=2 range=267 l0only=1
2026-10-02T19:39:40.554Z kv-compact: end bytes=6399245 ms=11 l0=264 l1=304 rc=0
2026-10-02T19:39:40.554Z kv-compact: start l0=264 inputs=2 range=263 l0only=1
2026-10-02T19:39:40.565Z kv-compact: end bytes=6140958 ms=11 l0=263 l1=304 rc=0
2026-10-02T19:39:40.565Z kv-compact: start l0=263 inputs=2 range=1 l0only=1
2026-10-02T19:39:40.574Z kv-compact: end bytes=5399296 ms=9 l0=262 l1=304 rc=0
2026-10-02T19:39:40.574Z kv-compact: start l0=262 inputs=2 range=264 l0only=1
2026-10-02T19:39:40.583Z kv-compact: end bytes=4842927 ms=9 l0=261 l1=304 rc=0
2026-10-02T19:39:40.583Z kv-compact: start l0=261 inputs=2 range=257 l0only=1
2026-10-02T19:39:40.591Z kv-compact: end bytes=4213961 ms=8 l0=260 l1=304 rc=0
2026-10-02T19:39:40.591Z kv-compact: start l0=260 inputs=2 range=2 l0only=1
2026-10-02T19:39:40.597Z kv-compact: end bytes=2784020 ms=6 l0=259 l1=304 rc=0
2026-10-02T19:39:40.672Z kv-compact: start l0=269 inputs=2 range=270 l0only=1
2026-10-02T19:39:40.696Z kv-compact: end bytes=15448490 ms=24 l0=268 l1=304 rc=0
2026-10-02T19:39:40.696Z kv-compact: start l0=268 inputs=2 range=258 l0only=1
2026-10-02T19:39:40.719Z kv-compact: end bytes=13748999 ms=22 l0=267 l1=304 rc=0
2026-10-02T19:39:40.719Z kv-compact: start l0=267 inputs=2 range=261 l0only=1
2026-10-02T19:39:40.740Z kv-compact: end bytes=12574609 ms=20 l0=266 l1=304 rc=0
2026-10-02T19:39:40.740Z kv-compact: start l0=266 inputs=2 range=260 l0only=1
2026-10-02T19:39:40.760Z kv-compact: end bytes=12266764 ms=20 l0=265 l1=304 rc=0
2026-10-02T19:39:40.760Z kv-compact: start l0=265 inputs=2 range=267 l0only=1
2026-10-02T19:39:40.772Z kv-compact: end bytes=6791776 ms=12 l0=264 l1=304 rc=0
2026-10-02T19:39:40.772Z kv-compact: start l0=264 inputs=2 range=263 l0only=1
2026-10-02T19:39:40.783Z kv-compact: end bytes=6232889 ms=11 l0=263 l1=304 rc=0
2026-10-02T19:39:40.783Z kv-compact: start l0=263 inputs=2 range=1 l0only=1
2026-10-02T19:39:40.793Z kv-compact: end bytes=5956096 ms=10 l0=262 l1=304 rc=0
2026-10-02T19:39:40.793Z kv-compact: start l0=262 inputs=2 range=264 l0only=1
2026-10-02T19:39:40.802Z kv-compact: end bytes=5095140 ms=9 l0=261 l1=304 rc=0
2026-10-02T19:39:40.802Z kv-compact: start l0=261 inputs=2 range=257 l0only=1
2026-10-02T19:39:40.811Z kv-compact: end bytes=4513112 ms=8 l0=260 l1=304 rc=0
2026-10-02T19:39:40.811Z kv-compact: start l0=260 inputs=2 range=2 l0only=1
2026-10-02T19:39:40.817Z kv-compact: end bytes=3526420 ms=7 l0=259 l1=304 rc=0
2026-10-02T19:39:40.886Z kv-compact: start l0=269 inputs=2 range=270 l0only=1
2026-10-02T19:39:40.912Z kv-compact: end bytes=15835707 ms=26 l0=268 l1=304 rc=0
2026-10-02T19:39:40.912Z kv-compact: start l0=268 inputs=2 range=258 l0only=1
2026-10-02T19:39:40.934Z kv-compact: end bytes=13850912 ms=22 l0=267 l1=304 rc=0
2026-10-02T19:39:40.934Z kv-compact: start l0=267 inputs=2 range=261 l0only=1
2026-10-02T19:39:40.954Z kv-compact: end bytes=12769828 ms=20 l0=266 l1=304 rc=0
2026-10-02T19:39:40.954Z kv-compact: start l0=266 inputs=2 range=260 l0only=1
2026-10-02T19:39:40.958Z raft-host: gc-pass ms=14 reap=0 frag=0 spread=0 recover=0 fscans=0 fsegs=0 fkeys=0 femit=0 ftomb=0 scans=0 segs=0 keys=0 emit=0 tomb=0
2026-10-02T19:39:40.974Z kv-compact: end bytes=12461983 ms=20 l0=265 l1=304 rc=0
2026-10-02T19:39:40.974Z kv-compact: start l0=265 inputs=2 range=267 l0only=1
2026-10-02T19:39:40.987Z kv-compact: end bytes=7160875 ms=13 l0=264 l1=304 rc=0
2026-10-02T19:39:40.987Z kv-compact: start l0=264 inputs=2 range=1 l0only=1
2026-10-02T19:39:40.998Z kv-compact: end bytes=6633536 ms=11 l0=263 l1=304 rc=0
2026-10-02T19:39:40.998Z kv-compact: start l0=263 inputs=2 range=263 l0only=1
2026-10-02T19:39:41.010Z kv-compact: end bytes=6335285 ms=12 l0=262 l1=304 rc=0
2026-10-02T19:39:41.010Z kv-compact: start l0=262 inputs=2 range=264 l0only=1
2026-10-02T19:39:41.019Z kv-compact: end bytes=5367800 ms=10 l0=261 l1=304 rc=0
2026-10-02T19:39:41.019Z kv-compact: start l0=261 inputs=2 range=257 l0only=1
2026-10-02T19:39:41.028Z kv-compact: end bytes=4774824 ms=8 l0=260 l1=304 rc=0
2026-10-02T19:39:41.028Z kv-compact: start l0=260 inputs=2 range=2 l0only=1
2026-10-02T19:39:41.036Z kv-compact: end bytes=4083220 ms=8 l0=259 l1=304 rc=0
2026-10-02T19:39:41.114Z kv-compact: start l0=269 inputs=2 range=270 l0only=1
2026-10-02T19:39:41.140Z kv-compact: end bytes=16235075 ms=26 l0=268 l1=304 rc=0
2026-10-02T19:39:41.140Z kv-compact: start l0=268 inputs=2 range=258 l0only=1
2026-10-02T19:39:41.162Z kv-compact: end bytes=13952181 ms=22 l0=267 l1=304 rc=0
2026-10-02T19:39:41.162Z kv-compact: start l0=267 inputs=2 range=261 l0only=1
2026-10-02T19:39:41.182Z kv-compact: end bytes=12963920 ms=21 l0=266 l1=304 rc=0
2026-10-02T19:39:41.182Z kv-compact: start l0=266 inputs=2 range=260 l0only=1
2026-10-02T19:39:41.203Z kv-compact: end bytes=12613806 ms=20 l0=265 l1=304 rc=0
2026-10-02T19:39:41.203Z kv-compact: start l0=265 inputs=2 range=267 l0only=1
2026-10-02T19:39:41.216Z kv-compact: end bytes=7537702 ms=13 l0=264 l1=304 rc=0
2026-10-02T19:39:41.216Z kv-compact: start l0=264 inputs=2 range=1 l0only=1
2026-10-02T19:39:41.228Z kv-compact: end bytes=7255296 ms=12 l0=263 l1=304 rc=0
2026-10-02T19:39:41.228Z kv-compact: start l0=263 inputs=2 range=263 l0only=1
2026-10-02T19:39:41.239Z kv-compact: end bytes=6436232 ms=11 l0=262 l1=304 rc=0
2026-10-02T19:39:41.239Z kv-compact: start l0=262 inputs=2 range=264 l0only=1
2026-10-02T19:39:41.250Z kv-compact: end bytes=5680797 ms=11 l0=261 l1=304 rc=0
2026-10-02T19:39:41.250Z kv-compact: start l0=261 inputs=2 range=257 l0only=1
2026-10-02T19:39:41.259Z kv-compact: end bytes=5060904 ms=9 l0=260 l1=304 rc=0
2026-10-02T19:39:41.259Z kv-compact: start l0=260 inputs=2 range=2 l0only=1
2026-10-02T19:39:41.267Z kv-compact: end bytes=4667860 ms=8 l0=259 l1=304 rc=0
2026-10-02T19:39:41.298Z kv-compact: start l0=269 inputs=2 range=270 l0only=1
2026-10-02T19:39:41.324Z kv-compact: end bytes=16588718 ms=26 l0=268 l1=304 rc=0
2026-10-02T19:39:41.324Z kv-compact: start l0=268 inputs=2 range=258 l0only=1
2026-10-02T19:39:41.346Z kv-compact: end bytes=14091533 ms=22 l0=267 l1=304 rc=0
2026-10-02T19:39:41.346Z kv-compact: start l0=267 inputs=2 range=261 l0only=1
2026-10-02T19:39:41.368Z kv-compact: end bytes=13151733 ms=22 l0=266 l1=304 rc=0
2026-10-02T19:39:41.368Z kv-compact: start l0=266 inputs=2 range=260 l0only=1
2026-10-02T19:39:41.389Z kv-compact: end bytes=12759833 ms=21 l0=265 l1=304 rc=0
2026-10-02T19:39:41.389Z kv-compact: start l0=265 inputs=2 range=267 l0only=1
2026-10-02T19:39:41.402Z kv-compact: end bytes=7941342 ms=14 l0=264 l1=304 rc=0
2026-10-02T19:39:41.402Z kv-compact: start l0=264 inputs=2 range=1 l0only=1
2026-10-02T19:39:41.415Z kv-compact: end bytes=7812096 ms=12 l0=263 l1=304 rc=0
2026-10-02T19:39:41.415Z kv-compact: start l0=263 inputs=2 range=263 l0only=1
2026-10-02T19:39:41.426Z kv-compact: end bytes=6533798 ms=11 l0=262 l1=304 rc=0
2026-10-02T19:39:41.426Z kv-compact: start l0=262 inputs=2 range=264 l0only=1
2026-10-02T19:39:41.437Z kv-compact: end bytes=5944602 ms=11 l0=261 l1=304 rc=0
2026-10-02T19:39:41.437Z kv-compact: start l0=261 inputs=2 range=2 l0only=1
2026-10-02T19:39:41.446Z kv-compact: end bytes=5382420 ms=9 l0=260 l1=304 rc=0
2026-10-02T19:39:41.446Z kv-compact: start l0=260 inputs=2 range=257 l0only=1
2026-10-02T19:39:41.456Z kv-compact: end bytes=5311611 ms=10 l0=259 l1=304 rc=0
2026-10-02T19:39:41.528Z kv-compact: start l0=269 inputs=2 range=270 l0only=1
2026-10-02T19:39:41.555Z kv-compact: end bytes=16994743 ms=26 l0=268 l1=304 rc=0
2026-10-02T19:39:41.555Z kv-compact: start l0=268 inputs=2 range=258 l0only=1
2026-10-02T19:39:41.578Z kv-compact: end bytes=14244087 ms=23 l0=267 l1=304 rc=0
2026-10-02T19:39:41.578Z kv-compact: start l0=267 inputs=2 range=261 l0only=1
2026-10-02T19:39:41.599Z kv-compact: end bytes=13401296 ms=22 l0=266 l1=304 rc=0
2026-10-02T19:39:41.599Z kv-compact: start l0=266 inputs=2 range=260 l0only=1
2026-10-02T19:39:41.620Z kv-compact: end bytes=12920833 ms=20 l0=265 l1=304 rc=0
2026-10-02T19:39:41.620Z kv-compact: start l0=265 inputs=2 range=1 l0only=1
2026-10-02T19:39:41.633Z kv-compact: end bytes=8398122 ms=13 l0=264 l1=304 rc=0
2026-10-02T19:39:41.633Z kv-compact: start l0=264 inputs=2 range=267 l0only=1
2026-10-02T19:39:41.647Z kv-compact: end bytes=8335396 ms=14 l0=263 l1=304 rc=0
2026-10-02T19:39:41.647Z kv-compact: start l0=263 inputs=2 range=263 l0only=1
2026-10-02T19:39:41.658Z kv-compact: end bytes=6643117 ms=11 l0=262 l1=304 rc=0
2026-10-02T19:39:41.658Z kv-compact: start l0=262 inputs=2 range=264 l0only=1
2026-10-02T19:39:41.668Z kv-compact: end bytes=6228210 ms=11 l0=261 l1=304 rc=0
2026-10-02T19:39:41.668Z kv-compact: start l0=261 inputs=2 range=2 l0only=1
2026-10-02T19:39:41.679Z kv-compact: end bytes=5939220 ms=10 l0=260 l1=304 rc=0
2026-10-02T19:39:41.679Z kv-compact: start l0=260 inputs=2 range=257 l0only=1
2026-10-02T19:39:41.689Z kv-compact: end bytes=5559712 ms=11 l0=259 l1=304 rc=0
2026-10-02T19:39:41.712Z kv-compact: start l0=269 inputs=2 range=270 l0only=1
2026-10-02T19:39:41.740Z kv-compact: end bytes=17278059 ms=28 l0=268 l1=304 rc=0
2026-10-02T19:39:41.740Z kv-compact: start l0=268 inputs=2 range=258 l0only=1
2026-10-02T19:39:41.763Z kv-compact: end bytes=14391254 ms=23 l0=267 l1=304 rc=0
2026-10-02T19:39:41.763Z kv-compact: start l0=267 inputs=2 range=261 l0only=1
2026-10-02T19:39:41.785Z kv-compact: end bytes=13537428 ms=22 l0=266 l1=304 rc=0
2026-10-02T19:39:41.785Z kv-compact: start l0=266 inputs=2 range=260 l0only=1
2026-10-02T19:39:41.806Z kv-compact: end bytes=13018238 ms=21 l0=265 l1=304 rc=0
2026-10-02T19:39:41.806Z kv-compact: start l0=265 inputs=2 range=1 l0only=1
2026-10-02T19:39:41.820Z kv-compact: end bytes=9303826 ms=14 l0=264 l1=304 rc=0
2026-10-02T19:39:41.820Z kv-compact: start l0=264 inputs=2 range=267 l0only=1
2026-10-02T19:39:41.835Z kv-compact: end bytes=8628751 ms=15 l0=263 l1=304 rc=0
2026-10-02T19:39:41.835Z kv-compact: start l0=263 inputs=2 range=263 l0only=1
2026-10-02T19:39:41.847Z kv-compact: end bytes=6706551 ms=12 l0=262 l1=304 rc=0
2026-10-02T19:39:41.847Z kv-compact: start l0=262 inputs=2 range=2 l0only=1
2026-10-02T19:39:41.858Z kv-compact: end bytes=6681620 ms=11 l0=261 l1=304 rc=0
2026-10-02T19:39:41.858Z kv-compact: start l0=261 inputs=2 range=264 l0only=1
2026-10-02T19:39:41.870Z kv-compact: end bytes=6459258 ms=12 l0=260 l1=304 rc=0
2026-10-02T19:39:41.870Z kv-compact: start l0=260 inputs=2 range=257 l0only=1
2026-10-02T19:39:41.879Z kv-compact: end bytes=5700748 ms=10 l0=259 l1=304 rc=0
2026-10-02T19:39:41.967Z raft-host: gc-pass ms=6 reap=0 frag=0 spread=0 recover=0 fscans=0 fsegs=0 fkeys=0 femit=0 ftomb=0 scans=0 segs=0 keys=0 emit=0 tomb=0
2026-10-02T19:39:42.034Z kv-compact: start l0=269 inputs=2 range=270 l0only=1
2026-10-02T19:39:42.061Z kv-compact: end bytes=17950906 ms=27 l0=268 l1=304 rc=0
2026-10-02T19:39:42.061Z kv-compact: start l0=268 inputs=2 range=258 l0only=1
2026-10-02T19:39:42.084Z kv-compact: end bytes=14598944 ms=23 l0=267 l1=304 rc=0
2026-10-02T19:39:42.084Z kv-compact: start l0=267 inputs=2 range=261 l0only=1
2026-10-02T19:39:42.105Z kv-compact: end bytes=13849446 ms=21 l0=266 l1=304 rc=0
2026-10-02T19:39:42.105Z kv-compact: start l0=266 inputs=2 range=260 l0only=1
2026-10-02T19:39:42.127Z kv-compact: end bytes=13330256 ms=21 l0=265 l1=304 rc=0
2026-10-02T19:39:42.127Z kv-compact: start l0=265 inputs=2 range=267 l0only=1
2026-10-02T19:39:42.142Z kv-compact: end bytes=9306078 ms=16 l0=264 l1=304 rc=0
2026-10-02T19:39:42.142Z kv-compact: start l0=264 inputs=2 range=1 l0only=1
2026-10-02T19:39:42.156Z kv-compact: end bytes=9305344 ms=13 l0=263 l1=304 rc=0
2026-10-02T19:39:42.156Z kv-compact: start l0=263 inputs=2 range=264 l0only=1
2026-10-02T19:39:42.167Z kv-compact: end bytes=6928573 ms=11 l0=262 l1=304 rc=0
2026-10-02T19:39:42.167Z kv-compact: start l0=262 inputs=2 range=263 l0only=1
2026-10-02T19:39:42.179Z kv-compact: end bytes=6913758 ms=11 l0=261 l1=304 rc=0
2026-10-02T19:39:42.179Z kv-compact: start l0=261 inputs=2 range=2 l0only=1
2026-10-02T19:39:42.189Z kv-compact: end bytes=6689956 ms=10 l0=260 l1=304 rc=0
2026-10-02T19:39:42.189Z kv-compact: start l0=260 inputs=2 range=257 l0only=1
2026-10-02T19:39:42.200Z kv-compact: end bytes=6165716 ms=11 l0=259 l1=304 rc=0
2026-10-02T19:39:42.256Z raft-obs: tx->0 enq=22130 drop=0 sent=21866 fail=0 hi=6 rtt_avg=29us get_avg=0us get_max=3ms
2026-10-02T19:39:42.256Z raft-obs: tx->3 enq=21884 drop=0 sent=21670 fail=0 hi=5 rtt_avg=28us get_avg=0us get_max=3ms
2026-10-02T19:39:42.256Z raft-obs: wait_timeouts=0 pump_hold_max=46613us lock_wait_max=2us drain_max=46612us tick_max=2us apply_max=44415us persist_max=4663us applies_in_worst=4 arc_miss=0 arc_term_miss=0 opid_replay=0 fin_q=0 fin_done=0 fin_drop=0 fin_full=0 pub_p50=0us pub_max=0us inbox_drop=0
2026-10-02T19:39:42.355Z kv-compact: start l0=268 inputs=2 range=270 l0only=1
2026-10-02T19:39:42.383Z kv-compact: end bytes=18630970 ms=27 l0=267 l1=304 rc=0
2026-10-02T19:39:42.383Z kv-compact: start l0=267 inputs=2 range=258 l0only=1
2026-10-02T19:39:42.407Z kv-compact: end bytes=14807761 ms=23 l0=266 l1=304 rc=0
2026-10-02T19:39:42.407Z kv-compact: start l0=266 inputs=2 range=261 l0only=1
2026-10-02T19:39:42.429Z kv-compact: end bytes=14162591 ms=22 l0=265 l1=304 rc=0
2026-10-02T19:39:42.429Z kv-compact: start l0=265 inputs=2 range=260 l0only=1
2026-10-02T19:39:42.451Z kv-compact: end bytes=13643723 ms=22 l0=264 l1=304 rc=0
2026-10-02T19:39:42.451Z kv-compact: start l0=264 inputs=2 range=267 l0only=1
2026-10-02T19:39:42.467Z kv-compact: end bytes=9984210 ms=16 l0=263 l1=304 rc=0
2026-10-02T19:39:42.467Z kv-compact: start l0=263 inputs=2 range=264 l0only=1
2026-10-02T19:39:42.480Z kv-compact: end bytes=7398049 ms=13 l0=262 l1=304 rc=0
2026-10-02T19:39:42.480Z kv-compact: start l0=262 inputs=2 range=263 l0only=1
2026-10-02T19:39:42.492Z kv-compact: end bytes=7123380 ms=12 l0=261 l1=304 rc=0
2026-10-02T19:39:42.492Z kv-compact: start l0=261 inputs=2 range=2 l0only=1
2026-10-02T19:39:42.502Z kv-compact: end bytes=6690088 ms=10 l0=260 l1=304 rc=0
2026-10-02T19:39:42.502Z kv-compact: start l0=260 inputs=2 range=257 l0only=1
2026-10-02T19:39:42.514Z kv-compact: end bytes=6636641 ms=12 l0=259 l1=304 rc=0
2026-10-02T19:39:42.689Z kv-compact: start l0=267 inputs=2 range=270 l0only=1
2026-10-02T19:39:42.718Z kv-compact: end bytes=19314898 ms=28 l0=266 l1=304 rc=0
2026-10-02T19:39:42.718Z kv-compact: start l0=266 inputs=2 range=258 l0only=1
2026-10-02T19:39:42.742Z kv-compact: end bytes=15016578 ms=24 l0=265 l1=304 rc=0
2026-10-02T19:39:42.742Z kv-compact: start l0=265 inputs=2 range=261 l0only=1
2026-10-02T19:39:42.765Z kv-compact: end bytes=14476380 ms=23 l0=264 l1=304 rc=0
2026-10-02T19:39:42.765Z kv-compact: start l0=264 inputs=2 range=260 l0only=1
2026-10-02T19:39:42.787Z kv-compact: end bytes=13957029 ms=22 l0=263 l1=304 rc=0
2026-10-02T19:39:42.787Z kv-compact: start l0=263 inputs=2 range=267 l0only=1
2026-10-02T19:39:42.804Z kv-compact: end bytes=10659605 ms=17 l0=262 l1=304 rc=0
2026-10-02T19:39:42.804Z kv-compact: start l0=262 inputs=2 range=264 l0only=1
2026-10-02T19:39:42.817Z kv-compact: end bytes=7864466 ms=13 l0=261 l1=304 rc=0
2026-10-02T19:39:42.817Z kv-compact: start l0=261 inputs=2 range=263 l0only=1
2026-10-02T19:39:42.829Z kv-compact: end bytes=7332197 ms=12 l0=260 l1=304 rc=0
2026-10-02T19:39:42.829Z kv-compact: start l0=260 inputs=2 range=257 l0only=1
2026-10-02T19:39:42.840Z kv-compact: end bytes=7111269 ms=12 l0=259 l1=304 rc=0
2026-10-02T19:39:43.036Z kv-compact: start l0=268 inputs=2 range=270 l0only=1
2026-10-02T19:39:43.066Z kv-compact: end bytes=19987073 ms=30 l0=267 l1=304 rc=0
2026-10-02T19:39:43.066Z kv-compact: start l0=267 inputs=2 range=258 l0only=1
2026-10-02T19:39:43.090Z kv-compact: end bytes=15223946 ms=24 l0=266 l1=304 rc=0
2026-10-02T19:39:43.090Z kv-compact: start l0=266 inputs=2 range=261 l0only=1
2026-10-02T19:39:43.113Z kv-compact: end bytes=14787110 ms=23 l0=265 l1=304 rc=0
2026-10-02T19:39:43.113Z kv-compact: start l0=265 inputs=2 range=260 l0only=1
2026-10-02T19:39:43.136Z kv-compact: end bytes=14268081 ms=23 l0=264 l1=304 rc=0
2026-10-02T19:39:43.136Z kv-compact: start l0=264 inputs=2 range=267 l0only=1
2026-10-02T19:39:43.154Z kv-compact: end bytes=11335161 ms=18 l0=263 l1=304 rc=0
2026-10-02T19:39:43.154Z kv-compact: start l0=263 inputs=2 range=1 l0only=1
2026-10-02T19:39:43.167Z kv-compact: end bytes=9313792 ms=13 l0=262 l1=304 rc=0
2026-10-02T19:39:43.167Z kv-compact: start l0=262 inputs=2 range=264 l0only=1
2026-10-02T19:39:43.180Z kv-compact: end bytes=8332332 ms=13 l0=261 l1=304 rc=0
2026-10-02T19:39:43.180Z kv-compact: start l0=261 inputs=2 range=257 l0only=1
2026-10-02T19:39:43.192Z kv-compact: end bytes=7576237 ms=13 l0=260 l1=304 rc=0
2026-10-02T19:39:43.192Z kv-compact: start l0=260 inputs=2 range=263 l0only=1
2026-10-02T19:39:43.205Z kv-compact: end bytes=7539565 ms=12 l0=259 l1=304 rc=0
2026-10-02T19:39:43.378Z kv-compact: start l0=268 inputs=2 range=270 l0only=1
2026-10-02T19:39:43.409Z kv-compact: end bytes=20658604 ms=31 l0=267 l1=304 rc=0
2026-10-02T19:39:43.409Z kv-compact: start l0=267 inputs=2 range=258 l0only=1
2026-10-02T19:39:43.433Z kv-compact: end bytes=15431797 ms=24 l0=266 l1=304 rc=0
2026-10-02T19:39:43.433Z kv-compact: start l0=266 inputs=2 range=261 l0only=1
2026-10-02T19:39:43.457Z kv-compact: end bytes=15099450 ms=24 l0=265 l1=304 rc=0
2026-10-02T19:39:43.457Z kv-compact: start l0=265 inputs=2 range=260 l0only=1
2026-10-02T19:39:43.479Z kv-compact: end bytes=14578972 ms=22 l0=264 l1=304 rc=0
2026-10-02T19:39:43.479Z kv-compact: start l0=264 inputs=2 range=267 l0only=1
2026-10-02T19:39:43.497Z kv-compact: end bytes=12013293 ms=18 l0=263 l1=304 rc=0
2026-10-02T19:39:43.497Z kv-compact: start l0=263 inputs=2 range=264 l0only=1
2026-10-02T19:39:43.511Z kv-compact: end bytes=8803579 ms=14 l0=262 l1=304 rc=0
2026-10-02T19:39:43.511Z kv-compact: start l0=262 inputs=2 range=257 l0only=1
2026-10-02T19:39:43.523Z kv-compact: end bytes=8040078 ms=12 l0=261 l1=304 rc=0
2026-10-02T19:39:43.523Z kv-compact: start l0=261 inputs=2 range=263 l0only=1
2026-10-02T19:39:43.535Z kv-compact: end bytes=7746289 ms=12 l0=260 l1=304 rc=0
2026-10-02T19:39:43.535Z kv-compact: start l0=260 inputs=2 range=2 l0only=1
2026-10-02T19:39:43.545Z kv-compact: end bytes=6698536 ms=10 l0=259 l1=304 rc=0
2026-10-02T19:39:44.167Z kv-compact: start l0=268 inputs=2 range=270 l0only=1
2026-10-02T19:39:44.200Z kv-compact: end bytes=21339151 ms=33 l0=267 l1=304 rc=0
2026-10-02T19:39:44.200Z kv-compact: start l0=267 inputs=2 range=258 l0only=1
2026-10-02T19:39:44.224Z kv-compact: end bytes=15640131 ms=24 l0=266 l1=304 rc=0
2026-10-02T19:39:44.224Z kv-compact: start l0=266 inputs=2 range=261 l0only=1
2026-10-02T19:39:44.248Z kv-compact: end bytes=15410985 ms=24 l0=265 l1=304 rc=0
2026-10-02T19:39:44.248Z kv-compact: start l0=265 inputs=2 range=260 l0only=1
2026-10-02T19:39:44.271Z kv-compact: end bytes=14888575 ms=23 l0=264 l1=304 rc=0
2026-10-02T19:39:44.271Z kv-compact: start l0=264 inputs=2 range=267 l0only=1
2026-10-02T19:39:44.290Z kv-compact: end bytes=12678545 ms=19 l0=263 l1=304 rc=0
2026-10-02T19:39:44.290Z kv-compact: start l0=263 inputs=2 range=1 l0only=1
2026-10-02T19:39:44.303Z kv-compact: end bytes=9322240 ms=13 l0=262 l1=304 rc=0
2026-10-02T19:39:44.303Z kv-compact: start l0=262 inputs=2 range=264 l0only=1
2026-10-02T19:39:44.317Z kv-compact: end bytes=9262590 ms=15 l0=261 l1=304 rc=0
2026-10-02T19:39:44.318Z kv-compact: start l0=261 inputs=2 range=257 l0only=1
2026-10-02T19:39:44.331Z kv-compact: end bytes=8512935 ms=13 l0=260 l1=304 rc=0
2026-10-02T19:39:44.331Z kv-compact: start l0=260 inputs=2 range=263 l0only=1
2026-10-02T19:39:44.343Z kv-compact: end bytes=7952208 ms=13 l0=259 l1=304 rc=0
2026-10-02T19:39:47.260Z raft-obs: tx->0 enq=22359 drop=0 sent=22090 fail=0 hi=6 rtt_avg=29us get_avg=0us get_max=3ms
2026-10-02T19:39:47.260Z raft-obs: tx->3 enq=22112 drop=0 sent=21896 fail=0 hi=5 rtt_avg=28us get_avg=0us get_max=3ms
2026-10-02T19:39:47.260Z raft-obs: wait_timeouts=0 pump_hold_max=30323us lock_wait_max=4us drain_max=30322us tick_max=1us apply_max=30299us persist_max=3051us applies_in_worst=2 arc_miss=0 arc_term_miss=0 opid_replay=0 fin_q=0 fin_done=0 fin_drop=0 fin_full=0 pub_p50=0us pub_max=0us inbox_drop=0
2026-10-02T19:39:52.261Z raft-obs: tx->0 enq=22549 drop=0 sent=22280 fail=0 hi=6 rtt_avg=29us get_avg=0us get_max=3ms
2026-10-02T19:39:52.261Z raft-obs: tx->3 enq=22303 drop=0 sent=22086 fail=0 hi=5 rtt_avg=28us get_avg=0us get_max=3ms
2026-10-02T19:39:52.261Z raft-obs: wait_timeouts=0 pump_hold_max=402us lock_wait_max=4us drain_max=402us tick_max=1us apply_max=241us persist_max=536us applies_in_worst=1 arc_miss=0 arc_term_miss=0 opid_replay=0 fin_q=0 fin_done=0 fin_drop=0 fin_full=0 pub_p50=0us pub_max=0us inbox_drop=0
2026-10-02T19:39:57.261Z raft-obs: tx->0 enq=22739 drop=0 sent=22470 fail=0 hi=6 rtt_avg=29us get_avg=0us get_max=3ms
2026-10-02T19:39:57.261Z raft-obs: tx->3 enq=22490 drop=0 sent=22273 fail=0 hi=5 rtt_avg=28us get_avg=0us get_max=3ms
2026-10-02T19:39:57.261Z raft-obs: wait_timeouts=0 pump_hold_max=397us lock_wait_max=8us drain_max=397us tick_max=1us apply_max=371us persist_max=522us applies_in_worst=1 arc_miss=0 arc_term_miss=0 opid_replay=0 fin_q=0 fin_done=0 fin_drop=0 fin_full=0 pub_p50=0us pub_max=0us inbox_drop=0
2026-10-02T19:40:02.265Z raft-obs: tx->0 enq=22930 drop=0 sent=22661 fail=0 hi=6 rtt_avg=29us get_avg=0us get_max=3ms
2026-10-02T19:40:02.265Z raft-obs: tx->3 enq=22674 drop=0 sent=22458 fail=0 hi=5 rtt_avg=28us get_avg=0us get_max=3ms
2026-10-02T19:40:02.265Z raft-obs: wait_timeouts=0 pump_hold_max=443us lock_wait_max=1us drain_max=442us tick_max=1us apply_max=415us persist_max=738us applies_in_worst=1 arc_miss=0 arc_term_miss=0 opid_replay=0 fin_q=0 fin_done=0 fin_drop=0 fin_full=0 pub_p50=0us pub_max=0us inbox_drop=0
2026-10-02T19:40:07.265Z raft-obs: tx->0 enq=23120 drop=0 sent=22851 fail=0 hi=6 rtt_avg=29us get_avg=0us get_max=3ms
2026-10-02T19:40:07.265Z raft-obs: tx->3 enq=22856 drop=0 sent=22640 fail=0 hi=5 rtt_avg=28us get_avg=0us get_max=3ms
2026-10-02T19:40:07.265Z raft-obs: wait_timeouts=0 pump_hold_max=421us lock_wait_max=1us drain_max=421us tick_max=1us apply_max=326us persist_max=513us applies_in_worst=1 arc_miss=0 arc_term_miss=0 opid_replay=0 fin_q=0 fin_done=0 fin_drop=0 fin_full=0 pub_p50=0us pub_max=0us inbox_drop=0
2026-10-02T19:40:12.267Z raft-obs: tx->0 enq=23302 drop=0 sent=23033 fail=0 hi=6 rtt_avg=29us get_avg=0us get_max=3ms
2026-10-02T19:40:12.267Z raft-obs: tx->3 enq=23042 drop=0 sent=22825 fail=0 hi=5 rtt_avg=28us get_avg=0us get_max=3ms
2026-10-02T19:40:12.267Z raft-obs: wait_timeouts=0 pump_hold_max=519us lock_wait_max=1us drain_max=519us tick_max=1us apply_max=514us persist_max=521us applies_in_worst=1 arc_miss=0 arc_term_miss=0 opid_replay=0 fin_q=0 fin_done=0 fin_drop=0 fin_full=0 pub_p50=0us pub_max=0us inbox_drop=0
2026-10-02T19:40:17.268Z raft-obs: tx->0 enq=23484 drop=0 sent=23215 fail=0 hi=6 rtt_avg=29us get_avg=0us get_max=3ms
2026-10-02T19:40:17.268Z raft-obs: tx->3 enq=23232 drop=0 sent=23016 fail=0 hi=5 rtt_avg=28us get_avg=0us get_max=3ms
2026-10-02T19:40:17.268Z raft-obs: wait_timeouts=0 pump_hold_max=1176us lock_wait_max=5us drain_max=1176us tick_max=4us apply_max=358us persist_max=533us applies_in_worst=1 arc_miss=0 arc_term_miss=0 opid_replay=0 fin_q=0 fin_done=0 fin_drop=0 fin_full=0 pub_p50=0us pub_max=0us inbox_drop=0
2026-10-02T19:40:22.271Z raft-obs: tx->0 enq=23667 drop=0 sent=23398 fail=0 hi=6 rtt_avg=29us get_avg=0us get_max=3ms
2026-10-02T19:40:22.271Z raft-obs: tx->3 enq=23422 drop=0 sent=23206 fail=0 hi=5 rtt_avg=28us get_avg=0us get_max=3ms
2026-10-02T19:40:22.271Z raft-obs: wait_timeouts=0 pump_hold_max=604us lock_wait_max=1us drain_max=604us tick_max=1us apply_max=600us persist_max=517us applies_in_worst=1 arc_miss=0 arc_term_miss=0 opid_replay=0 fin_q=0 fin_done=0 fin_drop=0 fin_full=0 pub_p50=0us pub_max=0us inbox_drop=0
2026-10-02T19:40:27.271Z raft-obs: tx->0 enq=23857 drop=0 sent=23588 fail=0 hi=6 rtt_avg=29us get_avg=0us get_max=3ms
2026-10-02T19:40:27.271Z raft-obs: tx->3 enq=23612 drop=0 sent=23396 fail=0 hi=5 rtt_avg=28us get_avg=0us get_max=3ms
2026-10-02T19:40:27.271Z raft-obs: wait_timeouts=0 pump_hold_max=680us lock_wait_max=1us drain_max=680us tick_max=4us apply_max=676us persist_max=511us applies_in_worst=1 arc_miss=0 arc_term_miss=0 opid_replay=0 fin_q=0 fin_done=0 fin_drop=0 fin_full=0 pub_p50=0us pub_max=0us inbox_drop=0
2026-10-02T19:40:32.272Z raft-obs: tx->0 enq=24047 drop=0 sent=23778 fail=0 hi=6 rtt_avg=29us get_avg=0us get_max=3ms
2026-10-02T19:40:32.272Z raft-obs: tx->3 enq=23803 drop=0 sent=23586 fail=0 hi=5 rtt_avg=28us get_avg=0us get_max=3ms
2026-10-02T19:40:32.272Z raft-obs: wait_timeouts=0 pump_hold_max=546us lock_wait_max=1us drain_max=546us tick_max=1us apply_max=543us persist_max=757us applies_in_worst=1 arc_miss=0 arc_term_miss=0 opid_replay=0 fin_q=0 fin_done=0 fin_drop=0 fin_full=0 pub_p50=0us pub_max=0us inbox_drop=0
2026-10-02T19:40:37.275Z raft-obs: tx->0 enq=24238 drop=0 sent=23969 fail=0 hi=6 rtt_avg=29us get_avg=0us get_max=3ms
2026-10-02T19:40:37.275Z raft-obs: tx->3 enq=23993 drop=0 sent=23777 fail=0 hi=5 rtt_avg=28us get_avg=0us get_max=3ms
2026-10-02T19:40:37.275Z raft-obs: wait_timeouts=0 pump_hold_max=735us lock_wait_max=1us drain_max=735us tick_max=1us apply_max=731us persist_max=519us applies_in_worst=1 arc_miss=0 arc_term_miss=0 opid_replay=0 fin_q=0 fin_done=0 fin_drop=0 fin_full=0 pub_p50=0us pub_max=0us inbox_drop=0
2026-10-02T19:40:40.170Z kv-compact: start l0=269 inputs=2 range=270 l0only=1
2026-10-02T19:40:40.202Z kv-compact: end bytes=21490652 ms=33 l0=268 l1=304 rc=0
2026-10-02T19:40:40.203Z kv-compact: start l0=268 inputs=2 range=258 l0only=1
2026-10-02T19:40:40.228Z kv-compact: end bytes=15688431 ms=25 l0=267 l1=304 rc=0
2026-10-02T19:40:40.228Z kv-compact: start l0=267 inputs=2 range=261 l0only=1
2026-10-02T19:40:40.253Z kv-compact: end bytes=15483274 ms=25 l0=266 l1=304 rc=0
2026-10-02T19:40:40.253Z kv-compact: start l0=266 inputs=2 range=260 l0only=1
2026-10-02T19:40:40.281Z kv-compact: end bytes=14959415 ms=28 l0=265 l1=304 rc=0
2026-10-02T19:40:40.281Z kv-compact: start l0=265 inputs=2 range=267 l0only=1
2026-10-02T19:40:40.303Z kv-compact: end bytes=12836969 ms=22 l0=264 l1=304 rc=0
2026-10-02T19:40:40.303Z kv-compact: start l0=264 inputs=2 range=1 l0only=1
2026-10-02T19:40:40.319Z kv-compact: end bytes=10059988 ms=15 l0=263 l1=304 rc=0
2026-10-02T19:40:40.319Z kv-compact: start l0=263 inputs=2 range=264 l0only=1
2026-10-02T19:40:40.337Z kv-compact: end bytes=9373841 ms=18 l0=262 l1=304 rc=0
2026-10-02T19:40:40.337Z kv-compact: start l0=262 inputs=2 range=257 l0only=1
2026-10-02T19:40:40.350Z kv-compact: end bytes=8616136 ms=13 l0=261 l1=304 rc=0
2026-10-02T19:40:40.350Z kv-compact: start l0=261 inputs=2 range=263 l0only=1
2026-10-02T19:40:40.362Z kv-compact: end bytes=7999220 ms=12 l0=260 l1=304 rc=0
2026-10-02T19:40:40.362Z kv-compact: start l0=260 inputs=2 range=2 l0only=1
2026-10-02T19:40:40.373Z kv-compact: end bytes=7441960 ms=11 l0=259 l1=304 rc=0
2026-10-02T19:40:42.275Z raft-obs: tx->0 enq=24427 drop=0 sent=24158 fail=0 hi=6 rtt_avg=29us get_avg=0us get_max=3ms
2026-10-02T19:40:42.275Z raft-obs: tx->3 enq=24184 drop=0 sent=23968 fail=0 hi=5 rtt_avg=28us get_avg=0us get_max=3ms
2026-10-02T19:40:42.275Z raft-obs: wait_timeouts=0 pump_hold_max=9689us lock_wait_max=1us drain_max=9689us tick_max=5us apply_max=9684us persist_max=1052us applies_in_worst=2 arc_miss=0 arc_term_miss=0 opid_replay=0 fin_q=0 fin_done=0 fin_drop=0 fin_full=0 pub_p50=0us pub_max=0us inbox_drop=0
2026-10-02T19:40:45.069Z kv-compact: start l0=269 inputs=2 range=270 l0only=1
2026-10-02T19:40:45.102Z kv-compact: end bytes=22126931 ms=33 l0=268 l1=304 rc=0
2026-10-02T19:40:45.102Z kv-compact: start l0=268 inputs=2 range=258 l0only=1
2026-10-02T19:40:45.127Z kv-compact: end bytes=15884708 ms=24 l0=267 l1=304 rc=0
2026-10-02T19:40:45.127Z kv-compact: start l0=267 inputs=2 range=261 l0only=1
2026-10-02T19:40:45.152Z kv-compact: end bytes=15777931 ms=25 l0=266 l1=304 rc=0
2026-10-02T19:40:45.152Z kv-compact: start l0=266 inputs=2 range=260 l0only=1
2026-10-02T19:40:45.174Z kv-compact: end bytes=15254072 ms=23 l0=265 l1=304 rc=0
2026-10-02T19:40:45.175Z kv-compact: start l0=265 inputs=2 range=267 l0only=1
2026-10-02T19:40:45.194Z kv-compact: end bytes=13477727 ms=19 l0=264 l1=304 rc=0
2026-10-02T19:40:45.194Z kv-compact: start l0=264 inputs=2 range=1 l0only=1
2026-10-02T19:40:45.209Z kv-compact: end bytes=10124800 ms=15 l0=263 l1=304 rc=0
2026-10-02T19:40:45.209Z kv-compact: start l0=263 inputs=2 range=264 l0only=1
2026-10-02T19:40:45.224Z kv-compact: end bytes=9818161 ms=15 l0=262 l1=304 rc=0
2026-10-02T19:40:45.224Z kv-compact: start l0=262 inputs=2 range=257 l0only=1
2026-10-02T19:40:45.238Z kv-compact: end bytes=9055626 ms=14 l0=261 l1=304 rc=0
2026-10-02T19:40:45.238Z kv-compact: start l0=261 inputs=2 range=263 l0only=1
2026-10-02T19:40:45.251Z kv-compact: end bytes=8195658 ms=13 l0=260 l1=304 rc=0
2026-10-02T19:40:45.251Z kv-compact: start l0=260 inputs=2 range=2 l0only=1
2026-10-02T19:40:45.262Z kv-compact: end bytes=7509544 ms=11 l0=259 l1=304 rc=0
2026-10-02T19:40:47.277Z raft-obs: tx->0 enq=24626 drop=0 sent=24357 fail=0 hi=6 rtt_avg=29us get_avg=0us get_max=3ms
2026-10-02T19:40:47.277Z raft-obs: tx->3 enq=24383 drop=0 sent=24167 fail=0 hi=5 rtt_avg=28us get_avg=0us get_max=3ms
2026-10-02T19:40:47.277Z raft-obs: wait_timeouts=0 pump_hold_max=30661us lock_wait_max=4us drain_max=30660us tick_max=4us apply_max=28796us persist_max=745us applies_in_worst=1 arc_miss=0 arc_term_miss=0 opid_replay=0 fin_q=0 fin_done=0 fin_drop=0 fin_full=0 pub_p50=0us pub_max=0us inbox_drop=0
2026-10-02T19:40:47.629Z kv-compact: start l0=269 inputs=2 range=270 l0only=1
2026-10-02T19:40:47.662Z kv-compact: end bytes=22793149 ms=33 l0=268 l1=304 rc=0
2026-10-02T19:40:47.662Z kv-compact: start l0=268 inputs=2 range=258 l0only=1
2026-10-02T19:40:47.687Z kv-compact: end bytes=16088051 ms=25 l0=267 l1=304 rc=0
2026-10-02T19:40:47.687Z kv-compact: start l0=267 inputs=2 range=261 l0only=1
2026-10-02T19:40:47.711Z kv-compact: end bytes=16082704 ms=24 l0=266 l1=304 rc=0
2026-10-02T19:40:47.711Z kv-compact: start l0=266 inputs=2 range=260 l0only=1
2026-10-02T19:40:47.734Z kv-compact: end bytes=15558845 ms=23 l0=265 l1=304 rc=0
2026-10-02T19:40:47.734Z kv-compact: start l0=265 inputs=2 range=267 l0only=1
2026-10-02T19:40:47.755Z kv-compact: end bytes=14132353 ms=20 l0=264 l1=304 rc=0
2026-10-02T19:40:47.755Z kv-compact: start l0=264 inputs=2 range=264 l0only=1
2026-10-02T19:40:47.770Z kv-compact: end bytes=10269605 ms=15 l0=263 l1=304 rc=0
2026-10-02T19:40:47.770Z kv-compact: start l0=263 inputs=2 range=1 l0only=1
2026-10-02T19:40:47.785Z kv-compact: end bytes=10158592 ms=15 l0=262 l1=304 rc=0
2026-10-02T19:40:47.785Z kv-compact: start l0=262 inputs=2 range=257 l0only=1
2026-10-02T19:40:47.799Z kv-compact: end bytes=9518501 ms=14 l0=261 l1=304 rc=0
2026-10-02T19:40:47.799Z kv-compact: start l0=261 inputs=2 range=263 l0only=1
2026-10-02T19:40:47.812Z kv-compact: end bytes=8398840 ms=13 l0=260 l1=304 rc=0
2026-10-02T19:40:47.812Z kv-compact: start l0=260 inputs=2 range=2 l0only=1
2026-10-02T19:40:47.823Z kv-compact: end bytes=7543336 ms=11 l0=259 l1=304 rc=0
2026-10-02T19:40:51.379Z kv-compact: start l0=269 inputs=5 range=270 l0only=0
2026-10-02T19:40:51.665Z kv-compact: end bytes=191504267 ms=286 l0=267 l1=304 rc=0
2026-10-02T19:40:51.665Z kv-compact: start l0=267 inputs=2 range=261 l0only=1
2026-10-02T19:40:51.691Z kv-compact: end bytes=16381681 ms=26 l0=266 l1=304 rc=0
2026-10-02T19:40:51.691Z kv-compact: start l0=266 inputs=2 range=258 l0only=1
2026-10-02T19:40:51.716Z kv-compact: end bytes=16287369 ms=26 l0=265 l1=304 rc=0
2026-10-02T19:40:51.717Z kv-compact: start l0=265 inputs=2 range=260 l0only=1
2026-10-02T19:40:51.741Z kv-compact: end bytes=15858305 ms=24 l0=264 l1=304 rc=0
2026-10-02T19:40:51.741Z kv-compact: start l0=264 inputs=2 range=267 l0only=1
2026-10-02T19:40:51.763Z kv-compact: end bytes=14788911 ms=22 l0=263 l1=304 rc=0
2026-10-02T19:40:51.763Z kv-compact: start l0=263 inputs=2 range=264 l0only=1
2026-10-02T19:40:51.779Z kv-compact: end bytes=10726523 ms=16 l0=262 l1=304 rc=0
2026-10-02T19:40:51.779Z kv-compact: start l0=262 inputs=2 range=1 l0only=1
2026-10-02T19:40:51.794Z kv-compact: end bytes=10209280 ms=15 l0=261 l1=304 rc=0
2026-10-02T19:40:51.794Z kv-compact: start l0=261 inputs=2 range=257 l0only=1
2026-10-02T19:40:51.809Z kv-compact: end bytes=9959319 ms=15 l0=260 l1=304 rc=0
2026-10-02T19:40:51.809Z kv-compact: start l0=260 inputs=2 range=263 l0only=1
2026-10-02T19:40:51.822Z kv-compact: end bytes=8598480 ms=13 l0=259 l1=304 rc=0
2026-10-02T19:40:51.822Z kv-compact: start l0=259 inputs=2 range=2 l0only=1
2026-10-02T19:40:51.834Z kv-compact: end bytes=7594024 ms=12 l0=258 l1=304 rc=0
2026-10-02T19:40:52.278Z raft-obs: tx->0 enq=24826 drop=0 sent=24557 fail=0 hi=6 rtt_avg=29us get_avg=0us get_max=3ms
2026-10-02T19:40:52.278Z raft-obs: tx->3 enq=24582 drop=0 sent=24366 fail=0 hi=5 rtt_avg=28us get_avg=0us get_max=3ms
2026-10-02T19:40:52.278Z raft-obs: wait_timeouts=0 pump_hold_max=28001us lock_wait_max=4us drain_max=28000us tick_max=4us apply_max=26033us persist_max=870us applies_in_worst=1 arc_miss=0 arc_term_miss=0 opid_replay=0 fin_q=0 fin_done=0 fin_drop=0 fin_full=0 pub_p50=0us pub_max=0us inbox_drop=0
2026-10-02T19:40:53.981Z kv-compact: start l0=268 inputs=2 range=261 l0only=1
2026-10-02T19:40:54.006Z kv-compact: end bytes=16686454 ms=25 l0=267 l1=304 rc=0
2026-10-02T19:40:54.006Z kv-compact: start l0=267 inputs=2 range=258 l0only=1
2026-10-02T19:40:54.031Z kv-compact: end bytes=16490551 ms=25 l0=266 l1=304 rc=0
2026-10-02T19:40:54.031Z kv-compact: start l0=266 inputs=2 range=260 l0only=1
2026-10-02T19:40:54.055Z kv-compact: end bytes=16163078 ms=24 l0=265 l1=304 rc=0
2026-10-02T19:40:54.055Z kv-compact: start l0=265 inputs=2 range=267 l0only=1
2026-10-02T19:40:54.077Z kv-compact: end bytes=15449172 ms=22 l0=264 l1=304 rc=0
2026-10-02T19:40:54.077Z kv-compact: start l0=264 inputs=2 range=264 l0only=1
2026-10-02T19:40:54.093Z kv-compact: end bytes=11183602 ms=16 l0=263 l1=304 rc=0
2026-10-02T19:40:54.093Z kv-compact: start l0=263 inputs=2 range=257 l0only=1
2026-10-02T19:40:54.109Z kv-compact: end bytes=10416720 ms=16 l0=262 l1=304 rc=0
2026-10-02T19:40:54.109Z kv-compact: start l0=262 inputs=2 range=1 l0only=1
2026-10-02T19:40:54.124Z kv-compact: end bytes=10243072 ms=15 l0=261 l1=304 rc=0
2026-10-02T19:40:54.124Z kv-compact: start l0=261 inputs=2 range=263 l0only=1
2026-10-02T19:40:54.137Z kv-compact: end bytes=8801662 ms=13 l0=260 l1=304 rc=0
2026-10-02T19:40:54.137Z kv-compact: start l0=260 inputs=2 range=2 l0only=1
2026-10-02T19:40:54.148Z kv-compact: end bytes=7627816 ms=11 l0=259 l1=304 rc=0
2026-10-02T19:40:57.282Z raft-obs: tx->0 enq=25018 drop=0 sent=24749 fail=0 hi=6 rtt_avg=29us get_avg=0us get_max=3ms
2026-10-02T19:40:57.282Z raft-obs: tx->3 enq=24778 drop=0 sent=24562 fail=0 hi=5 rtt_avg=28us get_avg=0us get_max=3ms
2026-10-02T19:40:57.282Z raft-obs: wait_timeouts=0 pump_hold_max=24066us lock_wait_max=1us drain_max=24065us tick_max=1us apply_max=24045us persist_max=759us applies_in_worst=2 arc_miss=0 arc_term_miss=0 opid_replay=0 fin_q=0 fin_done=0 fin_drop=0 fin_full=0 pub_p50=0us pub_max=0us inbox_drop=0
2026-10-02T19:41:02.282Z raft-obs: tx->0 enq=25208 drop=0 sent=24939 fail=0 hi=6 rtt_avg=29us get_avg=0us get_max=3ms
2026-10-02T19:41:02.282Z raft-obs: tx->3 enq=24968 drop=0 sent=24752 fail=0 hi=5 rtt_avg=28us get_avg=0us get_max=3ms
2026-10-02T19:41:02.282Z raft-obs: wait_timeouts=0 pump_hold_max=607us lock_wait_max=1us drain_max=607us tick_max=1us apply_max=332us persist_max=517us applies_in_worst=1 arc_miss=0 arc_term_miss=0 opid_replay=0 fin_q=0 fin_done=0 fin_drop=0 fin_full=0 pub_p50=0us pub_max=0us inbox_drop=0
2026-10-02T19:41:07.283Z raft-obs: tx->0 enq=25398 drop=0 sent=25129 fail=0 hi=6 rtt_avg=29us get_avg=0us get_max=3ms
2026-10-02T19:41:07.283Z raft-obs: tx->3 enq=25153 drop=0 sent=24936 fail=0 hi=5 rtt_avg=28us get_avg=0us get_max=3ms
2026-10-02T19:41:07.283Z raft-obs: wait_timeouts=0 pump_hold_max=480us lock_wait_max=4us drain_max=480us tick_max=1us apply_max=345us persist_max=527us applies_in_worst=1 arc_miss=0 arc_term_miss=0 opid_replay=0 fin_q=0 fin_done=0 fin_drop=0 fin_full=0 pub_p50=0us pub_max=0us inbox_drop=0
2026-10-02T19:41:12.287Z raft-obs: tx->0 enq=25582 drop=0 sent=25313 fail=0 hi=6 rtt_avg=29us get_avg=0us get_max=3ms
2026-10-02T19:41:12.287Z raft-obs: tx->3 enq=25335 drop=0 sent=25118 fail=0 hi=5 rtt_avg=28us get_avg=0us get_max=3ms
2026-10-02T19:41:12.287Z raft-obs: wait_timeouts=0 pump_hold_max=416us lock_wait_max=1us drain_max=415us tick_max=1us apply_max=244us persist_max=751us applies_in_worst=1 arc_miss=0 arc_term_miss=0 opid_replay=0 fin_q=0 fin_done=0 fin_drop=0 fin_full=0 pub_p50=0us pub_max=0us inbox_drop=0
2026-10-02T19:41:17.287Z raft-obs: tx->0 enq=25764 drop=0 sent=25495 fail=0 hi=6 rtt_avg=29us get_avg=0us get_max=3ms
2026-10-02T19:41:17.287Z raft-obs: tx->3 enq=25518 drop=0 sent=25302 fail=0 hi=5 rtt_avg=28us get_avg=0us get_max=3ms
2026-10-02T19:41:17.287Z raft-obs: wait_timeouts=0 pump_hold_max=407us lock_wait_max=4us drain_max=407us tick_max=1us apply_max=289us persist_max=519us applies_in_worst=1 arc_miss=0 arc_term_miss=0 opid_replay=0 fin_q=0 fin_done=0 fin_drop=0 fin_full=0 pub_p50=0us pub_max=0us inbox_drop=0
2026-10-02T19:41:22.287Z raft-obs: tx->0 enq=25946 drop=0 sent=25677 fail=0 hi=6 rtt_avg=29us get_avg=0us get_max=3ms
2026-10-02T19:41:22.287Z raft-obs: tx->3 enq=25706 drop=0 sent=25490 fail=0 hi=5 rtt_avg=28us get_avg=0us get_max=3ms
2026-10-02T19:41:22.287Z raft-obs: wait_timeouts=0 pump_hold_max=400us lock_wait_max=1us drain_max=400us tick_max=1us apply_max=301us persist_max=751us applies_in_worst=1 arc_miss=0 arc_term_miss=0 opid_replay=0 fin_q=0 fin_done=0 fin_drop=0 fin_full=0 pub_p50=0us pub_max=0us inbox_drop=0
2026-10-02T19:41:22.427Z raft-host: applied session index=4503390 kind=8 shard=0 ino=839470
2026-10-02T19:41:27.288Z raft-obs: tx->0 enq=26136 drop=0 sent=25867 fail=0 hi=6 rtt_avg=29us get_avg=0us get_max=3ms
2026-10-02T19:41:27.288Z raft-obs: tx->3 enq=25898 drop=0 sent=25682 fail=0 hi=5 rtt_avg=27us get_avg=0us get_max=3ms
2026-10-02T19:41:27.288Z raft-obs: wait_timeouts=0 pump_hold_max=381us lock_wait_max=1us drain_max=380us tick_max=1us apply_max=300us persist_max=521us applies_in_worst=1 arc_miss=0 arc_term_miss=0 opid_replay=0 fin_q=0 fin_done=0 fin_drop=0 fin_full=0 pub_p50=0us pub_max=0us inbox_drop=0
2026-10-02T19:41:32.288Z raft-obs: tx->0 enq=26326 drop=0 sent=26057 fail=0 hi=6 rtt_avg=29us get_avg=0us get_max=3ms
2026-10-02T19:41:32.288Z raft-obs: tx->3 enq=26089 drop=0 sent=25873 fail=0 hi=5 rtt_avg=27us get_avg=0us get_max=3ms
2026-10-02T19:41:32.288Z raft-obs: wait_timeouts=0 pump_hold_max=3522us lock_wait_max=1us drain_max=3522us tick_max=1us apply_max=486us persist_max=5229us applies_in_worst=1 arc_miss=0 arc_term_miss=0 opid_replay=0 fin_q=0 fin_done=0 fin_drop=0 fin_full=0 pub_p50=0us pub_max=0us inbox_drop=0
2026-10-02T19:41:35.140Z raft-host: applied session index=4503531 kind=9 shard=0 ino=839470
2026-10-02T19:41:37.289Z raft-obs: tx->0 enq=26516 drop=0 sent=26247 fail=0 hi=6 rtt_avg=29us get_avg=0us get_max=3ms
2026-10-02T19:41:37.289Z raft-obs: tx->3 enq=26281 drop=0 sent=26065 fail=0 hi=5 rtt_avg=27us get_avg=0us get_max=3ms
2026-10-02T19:41:37.289Z raft-obs: wait_timeouts=0 pump_hold_max=417us lock_wait_max=1us drain_max=417us tick_max=3us apply_max=334us persist_max=512us applies_in_worst=1 arc_miss=0 arc_term_miss=0 opid_replay=0 fin_q=0 fin_done=0 fin_drop=0 fin_full=0 pub_p50=0us pub_max=0us inbox_drop=0
2026-10-02T19:41:42.292Z raft-obs: tx->0 enq=26706 drop=0 sent=26437 fail=0 hi=6 rtt_avg=29us get_avg=0us get_max=3ms
2026-10-02T19:41:42.292Z raft-obs: tx->3 enq=26471 drop=0 sent=26255 fail=0 hi=5 rtt_avg=27us get_avg=0us get_max=3ms
2026-10-02T19:41:42.292Z raft-obs: wait_timeouts=0 pump_hold_max=413us lock_wait_max=1us drain_max=413us tick_max=1us apply_max=402us persist_max=761us applies_in_worst=1 arc_miss=0 arc_term_miss=0 opid_replay=0 fin_q=0 fin_done=0 fin_drop=0 fin_full=0 pub_p50=0us pub_max=0us inbox_drop=0
2026-10-02T19:41:47.296Z raft-obs: tx->0 enq=26896 drop=0 sent=26627 fail=0 hi=6 rtt_avg=29us get_avg=0us get_max=3ms
2026-10-02T19:41:47.296Z raft-obs: tx->3 enq=26661 drop=0 sent=26445 fail=0 hi=5 rtt_avg=27us get_avg=0us get_max=3ms
2026-10-02T19:41:47.296Z raft-obs: wait_timeouts=0 pump_hold_max=741us lock_wait_max=7us drain_max=741us tick_max=1us apply_max=736us persist_max=582us applies_in_worst=1 arc_miss=0 arc_term_miss=0 opid_replay=0 fin_q=0 fin_done=0 fin_drop=0 fin_full=0 pub_p50=0us pub_max=0us inbox_drop=0
2026-10-02T19:41:52.297Z raft-obs: tx->0 enq=27086 drop=0 sent=26816 fail=0 hi=6 rtt_avg=29us get_avg=0us get_max=3ms
2026-10-02T19:41:52.297Z raft-obs: tx->3 enq=26851 drop=0 sent=26635 fail=0 hi=5 rtt_avg=27us get_avg=0us get_max=3ms
2026-10-02T19:41:52.297Z raft-obs: wait_timeouts=0 pump_hold_max=459us lock_wait_max=1us drain_max=459us tick_max=4us apply_max=455us persist_max=753us applies_in_worst=1 arc_miss=0 arc_term_miss=0 opid_replay=0 fin_q=0 fin_done=0 fin_drop=0 fin_full=0 pub_p50=0us pub_max=0us inbox_drop=0
2026-10-02T19:41:57.297Z raft-obs: tx->0 enq=27275 drop=0 sent=27006 fail=0 hi=6 rtt_avg=29us get_avg=0us get_max=3ms
2026-10-02T19:41:57.298Z raft-obs: tx->3 enq=27042 drop=0 sent=26826 fail=0 hi=5 rtt_avg=27us get_avg=0us get_max=3ms
2026-10-02T19:41:57.298Z raft-obs: wait_timeouts=0 pump_hold_max=489us lock_wait_max=1us drain_max=488us tick_max=1us apply_max=465us persist_max=541us applies_in_worst=1 arc_miss=0 arc_term_miss=0 opid_replay=0 fin_q=0 fin_done=0 fin_drop=0 fin_full=0 pub_p50=0us pub_max=0us inbox_drop=0
2026-10-02T19:41:58.231Z kv-compact: start l0=269 inputs=4 range=1 l0only=0
2026-10-02T19:41:58.354Z kv-compact: end bytes=86285730 ms=122 l0=267 l1=304 rc=0
2026-10-02T19:41:58.354Z kv-compact: start l0=267 inputs=2 range=261 l0only=1
2026-10-02T19:41:58.380Z kv-compact: end bytes=16720264 ms=26 l0=266 l1=304 rc=0
2026-10-02T19:41:58.380Z kv-compact: start l0=266 inputs=2 range=258 l0only=1
2026-10-02T19:41:58.404Z kv-compact: end bytes=16513091 ms=24 l0=265 l1=304 rc=0
2026-10-02T19:41:58.404Z kv-compact: start l0=265 inputs=2 range=260 l0only=1
2026-10-02T19:41:58.428Z kv-compact: end bytes=16196405 ms=24 l0=264 l1=304 rc=0
2026-10-02T19:41:58.428Z kv-compact: start l0=264 inputs=2 range=267 l0only=1
2026-10-02T19:41:58.451Z kv-compact: end bytes=15517114 ms=22 l0=263 l1=304 rc=0
2026-10-02T19:41:58.451Z kv-compact: start l0=263 inputs=2 range=264 l0only=1
2026-10-02T19:41:58.468Z kv-compact: end bytes=11229326 ms=17 l0=262 l1=304 rc=0
2026-10-02T19:41:58.468Z kv-compact: start l0=262 inputs=2 range=257 l0only=1
2026-10-02T19:41:58.483Z kv-compact: end bytes=10471621 ms=15 l0=261 l1=304 rc=0
2026-10-02T19:41:58.483Z kv-compact: start l0=261 inputs=2 range=263 l0only=1
2026-10-02T19:41:58.497Z kv-compact: end bytes=8823880 ms=13 l0=260 l1=304 rc=0
2026-10-02T19:41:58.497Z kv-compact: start l0=260 inputs=2 range=2 l0only=1
2026-10-02T19:41:58.510Z kv-compact: end bytes=8486608 ms=13 l0=259 l1=304 rc=0
2026-10-02T19:41:58.510Z kv-compact: start l0=259 inputs=2 range=270 l0only=1
2026-10-02T19:41:58.512Z kv-compact: end bytes=739325 ms=2 l0=258 l1=304 rc=0
2026-10-02T19:42:02.301Z raft-obs: tx->0 enq=27465 drop=0 sent=27196 fail=0 hi=6 rtt_avg=29us get_avg=0us get_max=3ms
2026-10-02T19:42:02.301Z raft-obs: tx->3 enq=27232 drop=0 sent=27016 fail=0 hi=5 rtt_avg=27us get_avg=0us get_max=3ms
2026-10-02T19:42:02.301Z raft-obs: wait_timeouts=0 pump_hold_max=9317us lock_wait_max=1us drain_max=9316us tick_max=1us apply_max=9311us persist_max=764us applies_in_worst=1 arc_miss=0 arc_term_miss=0 opid_replay=0 fin_q=0 fin_done=0 fin_drop=0 fin_full=0 pub_p50=0us pub_max=0us inbox_drop=0
2026-10-02T19:42:07.302Z raft-obs: tx->0 enq=27655 drop=0 sent=27386 fail=0 hi=6 rtt_avg=29us get_avg=0us get_max=3ms
2026-10-02T19:42:07.302Z raft-obs: tx->3 enq=27422 drop=0 sent=27206 fail=0 hi=5 rtt_avg=27us get_avg=0us get_max=3ms
2026-10-02T19:42:07.302Z raft-obs: wait_timeouts=0 pump_hold_max=427us lock_wait_max=1us drain_max=427us tick_max=1us apply_max=125us persist_max=537us applies_in_worst=1 arc_miss=0 arc_term_miss=0 opid_replay=0 fin_q=0 fin_done=0 fin_drop=0 fin_full=0 pub_p50=0us pub_max=0us inbox_drop=0
2026-10-02T19:42:12.305Z raft-obs: tx->0 enq=27842 drop=0 sent=27573 fail=0 hi=6 rtt_avg=29us get_avg=0us get_max=3ms
2026-10-02T19:42:12.305Z raft-obs: tx->3 enq=27612 drop=0 sent=27396 fail=0 hi=5 rtt_avg=27us get_avg=0us get_max=3ms
2026-10-02T19:42:12.305Z raft-obs: wait_timeouts=0 pump_hold_max=444us lock_wait_max=1us drain_max=444us tick_max=1us apply_max=135us persist_max=547us applies_in_worst=1 arc_miss=0 arc_term_miss=0 opid_replay=0 fin_q=0 fin_done=0 fin_drop=0 fin_full=0 pub_p50=0us pub_max=0us inbox_drop=0
2026-10-02T19:42:17.309Z raft-obs: tx->0 enq=28024 drop=0 sent=27755 fail=0 hi=6 rtt_avg=29us get_avg=0us get_max=3ms
2026-10-02T19:42:17.309Z raft-obs: tx->3 enq=27796 drop=0 sent=27580 fail=0 hi=5 rtt_avg=27us get_avg=0us get_max=3ms
2026-10-02T19:42:17.309Z raft-obs: wait_timeouts=0 pump_hold_max=400us lock_wait_max=1us drain_max=400us tick_max=1us apply_max=175us persist_max=506us applies_in_worst=1 arc_miss=0 arc_term_miss=0 opid_replay=0 fin_q=0 fin_done=0 fin_drop=0 fin_full=0 pub_p50=0us pub_max=0us inbox_drop=0
2026-10-02T19:42:22.314Z raft-obs: tx->0 enq=28206 drop=0 sent=27937 fail=0 hi=6 rtt_avg=29us get_avg=0us get_max=3ms
2026-10-02T19:42:22.314Z raft-obs: tx->3 enq=27978 drop=0 sent=27762 fail=0 hi=5 rtt_avg=27us get_avg=0us get_max=3ms
2026-10-02T19:42:22.314Z raft-obs: wait_timeouts=0 pump_hold_max=401us lock_wait_max=1us drain_max=401us tick_max=1us apply_max=192us persist_max=753us applies_in_worst=1 arc_miss=0 arc_term_miss=0 opid_replay=0 fin_q=0 fin_done=0 fin_drop=0 fin_full=0 pub_p50=0us pub_max=0us inbox_drop=0
2026-10-02T19:42:27.314Z raft-obs: tx->0 enq=28393 drop=0 sent=28123 fail=0 hi=6 rtt_avg=29us get_avg=0us get_max=3ms
2026-10-02T19:42:27.314Z raft-obs: tx->3 enq=28160 drop=0 sent=27944 fail=0 hi=5 rtt_avg=27us get_avg=0us get_max=3ms
2026-10-02T19:42:27.314Z raft-obs: wait_timeouts=0 pump_hold_max=375us lock_wait_max=1us drain_max=375us tick_max=1us apply_max=230us persist_max=557us applies_in_worst=1 arc_miss=0 arc_term_miss=0 opid_replay=0 fin_q=0 fin_done=0 fin_drop=0 fin_full=0 pub_p50=0us pub_max=0us inbox_drop=0
2026-10-02T19:42:32.319Z raft-obs: tx->0 enq=28583 drop=0 sent=28314 fail=0 hi=6 rtt_avg=29us get_avg=0us get_max=3ms
2026-10-02T19:42:32.319Z raft-obs: tx->3 enq=28350 drop=0 sent=28134 fail=0 hi=5 rtt_avg=27us get_avg=0us get_max=3ms
2026-10-02T19:42:32.319Z raft-obs: wait_timeouts=0 pump_hold_max=594us lock_wait_max=1us drain_max=594us tick_max=1us apply_max=254us persist_max=534us applies_in_worst=1 arc_miss=0 arc_term_miss=0 opid_replay=0 fin_q=0 fin_done=0 fin_drop=0 fin_full=0 pub_p50=0us pub_max=0us inbox_drop=0
2026-10-02T19:42:37.323Z raft-obs: tx->0 enq=28773 drop=0 sent=28504 fail=0 hi=6 rtt_avg=29us get_avg=0us get_max=3ms
2026-10-02T19:42:37.323Z raft-obs: tx->3 enq=28540 drop=0 sent=28324 fail=0 hi=5 rtt_avg=27us get_avg=0us get_max=3ms
2026-10-02T19:42:37.323Z raft-obs: wait_timeouts=0 pump_hold_max=433us lock_wait_max=1us drain_max=433us tick_max=4us apply_max=254us persist_max=729us applies_in_worst=1 arc_miss=0 arc_term_miss=0 opid_replay=0 fin_q=0 fin_done=0 fin_drop=0 fin_full=0 pub_p50=0us pub_max=0us inbox_drop=0
2026-10-02T19:42:42.325Z raft-obs: tx->0 enq=28963 drop=0 sent=28694 fail=0 hi=6 rtt_avg=29us get_avg=0us get_max=3ms
2026-10-02T19:42:42.325Z raft-obs: tx->3 enq=28730 drop=0 sent=28514 fail=0 hi=5 rtt_avg=27us get_avg=0us get_max=3ms
2026-10-02T19:42:42.325Z raft-obs: wait_timeouts=0 pump_hold_max=995us lock_wait_max=7us drain_max=995us tick_max=1us apply_max=469us persist_max=668us applies_in_worst=1 arc_miss=0 arc_term_miss=0 opid_replay=0 fin_q=0 fin_done=0 fin_drop=0 fin_full=0 pub_p50=0us pub_max=0us inbox_drop=0
2026-10-02T19:42:47.325Z raft-obs: tx->0 enq=29153 drop=0 sent=28884 fail=0 hi=6 rtt_avg=29us get_avg=0us get_max=3ms
2026-10-02T19:42:47.325Z raft-obs: tx->3 enq=28921 drop=0 sent=28704 fail=0 hi=5 rtt_avg=27us get_avg=0us get_max=3ms
2026-10-02T19:42:47.325Z raft-obs: wait_timeouts=0 pump_hold_max=587us lock_wait_max=1us drain_max=587us tick_max=1us apply_max=345us persist_max=756us applies_in_worst=1 arc_miss=0 arc_term_miss=0 opid_replay=0 fin_q=0 fin_done=0 fin_drop=0 fin_full=0 pub_p50=0us pub_max=0us inbox_drop=0
2026-10-02T19:42:52.326Z raft-obs: tx->0 enq=29343 drop=0 sent=29074 fail=0 hi=6 rtt_avg=29us get_avg=0us get_max=3ms
2026-10-02T19:42:52.326Z raft-obs: tx->3 enq=29110 drop=0 sent=28894 fail=0 hi=5 rtt_avg=27us get_avg=0us get_max=3ms
2026-10-02T19:42:52.326Z raft-obs: wait_timeouts=0 pump_hold_max=581us lock_wait_max=1us drain_max=581us tick_max=8us apply_max=578us persist_max=636us applies_in_worst=1 arc_miss=0 arc_term_miss=0 opid_replay=0 fin_q=0 fin_done=0 fin_drop=0 fin_full=0 pub_p50=0us pub_max=0us inbox_drop=0
2026-10-02T19:42:57.326Z raft-obs: tx->0 enq=29533 drop=0 sent=29264 fail=0 hi=6 rtt_avg=29us get_avg=0us get_max=3ms
2026-10-02T19:42:57.326Z raft-obs: tx->3 enq=29301 drop=0 sent=29085 fail=0 hi=5 rtt_avg=27us get_avg=0us get_max=3ms
2026-10-02T19:42:57.326Z raft-obs: wait_timeouts=0 pump_hold_max=653us lock_wait_max=4us drain_max=652us tick_max=1us apply_max=648us persist_max=594us applies_in_worst=1 arc_miss=0 arc_term_miss=0 opid_replay=0 fin_q=0 fin_done=0 fin_drop=0 fin_full=0 pub_p50=0us pub_max=0us inbox_drop=0
2026-10-02T19:43:02.330Z raft-obs: tx->0 enq=29723 drop=0 sent=29454 fail=0 hi=6 rtt_avg=29us get_avg=0us get_max=3ms
2026-10-02T19:43:02.330Z raft-obs: tx->3 enq=29491 drop=0 sent=29275 fail=0 hi=5 rtt_avg=27us get_avg=0us get_max=3ms
2026-10-02T19:43:02.330Z raft-obs: wait_timeouts=0 pump_hold_max=477us lock_wait_max=1us drain_max=477us tick_max=1us apply_max=449us persist_max=519us applies_in_worst=1 arc_miss=0 arc_term_miss=0 opid_replay=0 fin_q=0 fin_done=0 fin_drop=0 fin_full=0 pub_p50=0us pub_max=0us inbox_drop=0
2026-10-02T19:43:07.330Z raft-obs: tx->0 enq=29913 drop=0 sent=29644 fail=0 hi=6 rtt_avg=29us get_avg=0us get_max=3ms
2026-10-02T19:43:07.330Z raft-obs: tx->3 enq=29681 drop=0 sent=29465 fail=0 hi=5 rtt_avg=27us get_avg=0us get_max=3ms
2026-10-02T19:43:07.330Z raft-obs: wait_timeouts=0 pump_hold_max=475us lock_wait_max=1us drain_max=475us tick_max=1us apply_max=440us persist_max=563us applies_in_worst=1 arc_miss=0 arc_term_miss=0 opid_replay=0 fin_q=0 fin_done=0 fin_drop=0 fin_full=0 pub_p50=0us pub_max=0us inbox_drop=0
2026-10-02T19:43:10.849Z kv-compact: start l0=260 inputs=2 range=2 l0only=1
2026-10-02T19:43:10.865Z kv-compact: end bytes=9451066 ms=16 l0=259 l1=304 rc=0
2026-10-02T19:43:12.333Z raft-obs: tx->0 enq=30103 drop=0 sent=29834 fail=0 hi=6 rtt_avg=29us get_avg=0us get_max=3ms
2026-10-02T19:43:12.333Z raft-obs: tx->3 enq=29871 drop=0 sent=29655 fail=0 hi=5 rtt_avg=27us get_avg=0us get_max=3ms
2026-10-02T19:43:12.333Z raft-obs: wait_timeouts=0 pump_hold_max=6741us lock_wait_max=5us drain_max=6741us tick_max=5us apply_max=6737us persist_max=750us applies_in_worst=1 arc_miss=0 arc_term_miss=0 opid_replay=0 fin_q=0 fin_done=0 fin_drop=0 fin_full=0 pub_p50=0us pub_max=0us inbox_drop=0
2026-10-02T19:43:17.338Z raft-obs: tx->0 enq=30290 drop=0 sent=30021 fail=0 hi=6 rtt_avg=29us get_avg=0us get_max=3ms
2026-10-02T19:43:17.338Z raft-obs: tx->3 enq=30062 drop=0 sent=29846 fail=0 hi=5 rtt_avg=27us get_avg=0us get_max=3ms
2026-10-02T19:43:17.338Z raft-obs: wait_timeouts=0 pump_hold_max=418us lock_wait_max=1us drain_max=418us tick_max=1us apply_max=107us persist_max=559us applies_in_worst=1 arc_miss=0 arc_term_miss=0 opid_replay=0 fin_q=0 fin_done=0 fin_drop=0 fin_full=0 pub_p50=0us pub_max=0us inbox_drop=0
2026-10-02T19:43:22.337Z raft-obs: tx->0 enq=30473 drop=0 sent=30203 fail=0 hi=6 rtt_avg=29us get_avg=0us get_max=3ms
2026-10-02T19:43:22.337Z raft-obs: tx->3 enq=30252 drop=0 sent=30036 fail=0 hi=5 rtt_avg=27us get_avg=0us get_max=3ms
2026-10-02T19:43:22.337Z raft-obs: wait_timeouts=0 pump_hold_max=399us lock_wait_max=1us drain_max=399us tick_max=1us apply_max=168us persist_max=539us applies_in_worst=1 arc_miss=0 arc_term_miss=0 opid_replay=0 fin_q=0 fin_done=0 fin_drop=0 fin_full=0 pub_p50=0us pub_max=0us inbox_drop=0
2026-10-02T19:43:27.338Z raft-obs: tx->0 enq=30655 drop=0 sent=30385 fail=0 hi=6 rtt_avg=29us get_avg=0us get_max=3ms
2026-10-02T19:43:27.338Z raft-obs: tx->3 enq=30434 drop=0 sent=30218 fail=0 hi=5 rtt_avg=27us get_avg=0us get_max=3ms
2026-10-02T19:43:27.338Z raft-obs: wait_timeouts=0 pump_hold_max=395us lock_wait_max=1us drain_max=395us tick_max=1us apply_max=218us persist_max=524us applies_in_worst=1 arc_miss=0 arc_term_miss=0 opid_replay=0 fin_q=0 fin_done=0 fin_drop=0 fin_full=0 pub_p50=0us pub_max=0us inbox_drop=0
2026-10-02T19:43:32.338Z raft-obs: tx->0 enq=30841 drop=0 sent=30572 fail=0 hi=6 rtt_avg=29us get_avg=0us get_max=3ms
2026-10-02T19:43:32.338Z raft-obs: tx->3 enq=30616 drop=0 sent=30400 fail=0 hi=5 rtt_avg=27us get_avg=0us get_max=3ms
2026-10-02T19:43:32.338Z raft-obs: wait_timeouts=0 pump_hold_max=413us lock_wait_max=1us drain_max=413us tick_max=3us apply_max=169us persist_max=758us applies_in_worst=1 arc_miss=0 arc_term_miss=0 opid_replay=0 fin_q=0 fin_done=0 fin_drop=0 fin_full=0 pub_p50=0us pub_max=0us inbox_drop=0
2026-10-02T19:43:37.338Z raft-obs: tx->0 enq=31031 drop=0 sent=30762 fail=0 hi=6 rtt_avg=29us get_avg=0us get_max=3ms
2026-10-02T19:43:37.338Z raft-obs: tx->3 enq=30799 drop=0 sent=30583 fail=0 hi=5 rtt_avg=27us get_avg=0us get_max=3ms
2026-10-02T19:43:37.338Z raft-obs: wait_timeouts=0 pump_hold_max=404us lock_wait_max=1us drain_max=404us tick_max=4us apply_max=347us persist_max=527us applies_in_worst=1 arc_miss=0 arc_term_miss=0 opid_replay=0 fin_q=0 fin_done=0 fin_drop=0 fin_full=0 pub_p50=0us pub_max=0us inbox_drop=0
2026-10-02T19:43:42.342Z raft-obs: tx->0 enq=31221 drop=0 sent=30952 fail=0 hi=6 rtt_avg=29us get_avg=0us get_max=3ms
2026-10-02T19:43:42.342Z raft-obs: tx->3 enq=30990 drop=0 sent=30774 fail=0 hi=5 rtt_avg=27us get_avg=0us get_max=3ms
2026-10-02T19:43:42.342Z raft-obs: wait_timeouts=0 pump_hold_max=434us lock_wait_max=1us drain_max=434us tick_max=3us apply_max=212us persist_max=525us applies_in_worst=1 arc_miss=0 arc_term_miss=0 opid_replay=0 fin_q=0 fin_done=0 fin_drop=0 fin_full=0 pub_p50=0us pub_max=0us inbox_drop=0
2026-10-02T19:43:47.343Z raft-obs: tx->0 enq=31411 drop=0 sent=31142 fail=0 hi=6 rtt_avg=29us get_avg=0us get_max=3ms
2026-10-02T19:43:47.343Z raft-obs: tx->3 enq=31180 drop=0 sent=30964 fail=0 hi=5 rtt_avg=27us get_avg=0us get_max=3ms
2026-10-02T19:43:47.343Z raft-obs: wait_timeouts=0 pump_hold_max=440us lock_wait_max=1us drain_max=439us tick_max=1us apply_max=417us persist_max=510us applies_in_worst=1 arc_miss=0 arc_term_miss=0 opid_replay=0 fin_q=0 fin_done=0 fin_drop=0 fin_full=0 pub_p50=0us pub_max=0us inbox_drop=0
2026-10-02T19:43:52.346Z raft-obs: tx->0 enq=31601 drop=0 sent=31332 fail=0 hi=6 rtt_avg=29us get_avg=0us get_max=3ms
2026-10-02T19:43:52.346Z raft-obs: tx->3 enq=31370 drop=0 sent=31154 fail=0 hi=5 rtt_avg=27us get_avg=0us get_max=3ms
2026-10-02T19:43:52.346Z raft-obs: wait_timeouts=0 pump_hold_max=413us lock_wait_max=3us drain_max=413us tick_max=1us apply_max=409us persist_max=765us applies_in_worst=1 arc_miss=0 arc_term_miss=0 opid_replay=0 fin_q=0 fin_done=0 fin_drop=0 fin_full=0 pub_p50=0us pub_max=0us inbox_drop=0
2026-10-02T19:43:57.346Z raft-obs: tx->0 enq=31792 drop=0 sent=31523 fail=0 hi=6 rtt_avg=29us get_avg=0us get_max=3ms
2026-10-02T19:43:57.346Z raft-obs: tx->3 enq=31561 drop=0 sent=31344 fail=0 hi=5 rtt_avg=27us get_avg=0us get_max=3ms
2026-10-02T19:43:57.346Z raft-obs: wait_timeouts=0 pump_hold_max=447us lock_wait_max=1us drain_max=446us tick_max=1us apply_max=438us persist_max=759us applies_in_worst=1 arc_miss=0 arc_term_miss=0 opid_replay=0 fin_q=0 fin_done=0 fin_drop=0 fin_full=0 pub_p50=0us pub_max=0us inbox_drop=0
2026-10-02T19:44:02.350Z raft-obs: tx->0 enq=31982 drop=0 sent=31713 fail=0 hi=6 rtt_avg=29us get_avg=0us get_max=3ms
2026-10-02T19:44:02.350Z raft-obs: tx->3 enq=31751 drop=0 sent=31535 fail=0 hi=5 rtt_avg=27us get_avg=0us get_max=3ms
2026-10-02T19:44:02.350Z raft-obs: wait_timeouts=0 pump_hold_max=564us lock_wait_max=1us drain_max=564us tick_max=1us apply_max=561us persist_max=592us applies_in_worst=1 arc_miss=0 arc_term_miss=0 opid_replay=0 fin_q=0 fin_done=0 fin_drop=0 fin_full=0 pub_p50=0us pub_max=0us inbox_drop=0
2026-10-02T19:44:07.351Z raft-obs: tx->0 enq=32172 drop=0 sent=31903 fail=0 hi=6 rtt_avg=29us get_avg=0us get_max=3ms
2026-10-02T19:44:07.351Z raft-obs: tx->3 enq=31941 drop=0 sent=31725 fail=0 hi=5 rtt_avg=27us get_avg=0us get_max=3ms
2026-10-02T19:44:07.351Z raft-obs: wait_timeouts=0 pump_hold_max=589us lock_wait_max=1us drain_max=589us tick_max=5us apply_max=585us persist_max=648us applies_in_worst=1 arc_miss=0 arc_term_miss=0 opid_replay=0 fin_q=0 fin_done=0 fin_drop=0 fin_full=0 pub_p50=0us pub_max=0us inbox_drop=0
2026-10-02T19:44:12.351Z raft-obs: tx->0 enq=32362 drop=0 sent=32093 fail=0 hi=6 rtt_avg=29us get_avg=0us get_max=3ms
2026-10-02T19:44:12.351Z raft-obs: tx->3 enq=32131 drop=0 sent=31915 fail=0 hi=5 rtt_avg=27us get_avg=0us get_max=3ms
2026-10-02T19:44:12.351Z raft-obs: wait_timeouts=0 pump_hold_max=700us lock_wait_max=1us drain_max=700us tick_max=1us apply_max=696us persist_max=648us applies_in_worst=1 arc_miss=0 arc_term_miss=0 opid_replay=0 fin_q=0 fin_done=0 fin_drop=0 fin_full=0 pub_p50=0us pub_max=0us inbox_drop=0
2026-10-02T19:44:17.354Z raft-obs: tx->0 enq=32553 drop=0 sent=32283 fail=0 hi=6 rtt_avg=29us get_avg=0us get_max=3ms
2026-10-02T19:44:17.354Z raft-obs: tx->3 enq=32322 drop=0 sent=32106 fail=0 hi=5 rtt_avg=27us get_avg=0us get_max=3ms
2026-10-02T19:44:17.354Z raft-obs: wait_timeouts=0 pump_hold_max=716us lock_wait_max=1us drain_max=715us tick_max=1us apply_max=712us persist_max=761us applies_in_worst=1 arc_miss=0 arc_term_miss=0 opid_replay=0 fin_q=0 fin_done=0 fin_drop=0 fin_full=0 pub_p50=0us pub_max=0us inbox_drop=0
2026-10-02T19:44:22.358Z raft-obs: tx->0 enq=32743 drop=0 sent=32474 fail=0 hi=6 rtt_avg=29us get_avg=0us get_max=3ms
2026-10-02T19:44:22.358Z raft-obs: tx->3 enq=32512 drop=0 sent=32296 fail=0 hi=5 rtt_avg=27us get_avg=0us get_max=3ms
2026-10-02T19:44:22.358Z raft-obs: wait_timeouts=0 pump_hold_max=632us lock_wait_max=1us drain_max=632us tick_max=1us apply_max=628us persist_max=528us applies_in_worst=1 arc_miss=0 arc_term_miss=0 opid_replay=0 fin_q=0 fin_done=0 fin_drop=0 fin_full=0 pub_p50=0us pub_max=0us inbox_drop=0
2026-10-02T19:44:23.388Z kv-compact: start l0=261 inputs=2 range=2 l0only=1
2026-10-02T19:44:23.407Z kv-compact: end bytes=10415524 ms=20 l0=260 l1=304 rc=0
2026-10-02T19:44:23.408Z kv-compact: start l0=260 inputs=2 range=1 l0only=1
2026-10-02T19:44:23.413Z kv-compact: end bytes=1917696 ms=5 l0=259 l1=304 rc=0
2026-10-02T19:44:27.362Z raft-obs: tx->0 enq=32928 drop=0 sent=32659 fail=0 hi=6 rtt_avg=29us get_avg=0us get_max=3ms
2026-10-02T19:44:27.362Z raft-obs: tx->3 enq=32703 drop=0 sent=32487 fail=0 hi=5 rtt_avg=27us get_avg=0us get_max=3ms
2026-10-02T19:44:27.362Z raft-obs: wait_timeouts=0 pump_hold_max=7284us lock_wait_max=1us drain_max=7284us tick_max=4us apply_max=7280us persist_max=528us applies_in_worst=2 arc_miss=0 arc_term_miss=0 opid_replay=0 fin_q=0 fin_done=0 fin_drop=0 fin_full=0 pub_p50=0us pub_max=0us inbox_drop=0
2026-10-02T19:44:32.362Z raft-obs: tx->0 enq=33112 drop=0 sent=32843 fail=0 hi=6 rtt_avg=29us get_avg=0us get_max=3ms
2026-10-02T19:44:32.362Z raft-obs: tx->3 enq=32893 drop=0 sent=32677 fail=0 hi=5 rtt_avg=27us get_avg=0us get_max=3ms
2026-10-02T19:44:32.362Z raft-obs: wait_timeouts=0 pump_hold_max=397us lock_wait_max=1us drain_max=397us tick_max=1us apply_max=192us persist_max=541us applies_in_worst=1 arc_miss=0 arc_term_miss=0 opid_replay=0 fin_q=0 fin_done=0 fin_drop=0 fin_full=0 pub_p50=0us pub_max=0us inbox_drop=0
2026-10-02T19:44:37.362Z raft-obs: tx->0 enq=33294 drop=0 sent=33025 fail=0 hi=6 rtt_avg=29us get_avg=0us get_max=3ms
2026-10-02T19:44:37.362Z raft-obs: tx->3 enq=33080 drop=0 sent=32864 fail=0 hi=5 rtt_avg=27us get_avg=0us get_max=3ms
2026-10-02T19:44:37.362Z raft-obs: wait_timeouts=0 pump_hold_max=415us lock_wait_max=1us drain_max=415us tick_max=1us apply_max=200us persist_max=522us applies_in_worst=1 arc_miss=0 arc_term_miss=0 opid_replay=0 fin_q=0 fin_done=0 fin_drop=0 fin_full=0 pub_p50=0us pub_max=0us inbox_drop=0
2026-10-02T19:44:42.362Z raft-obs: tx->0 enq=33481 drop=0 sent=33212 fail=0 hi=6 rtt_avg=29us get_avg=0us get_max=3ms
2026-10-02T19:44:42.362Z raft-obs: tx->3 enq=33264 drop=0 sent=33048 fail=0 hi=5 rtt_avg=27us get_avg=0us get_max=3ms
2026-10-02T19:44:42.362Z raft-obs: wait_timeouts=0 pump_hold_max=428us lock_wait_max=1us drain_max=428us tick_max=1us apply_max=159us persist_max=535us applies_in_worst=1 arc_miss=0 arc_term_miss=0 opid_replay=0 fin_q=0 fin_done=0 fin_drop=0 fin_full=0 pub_p50=0us pub_max=0us inbox_drop=0
2026-10-02T19:44:47.365Z raft-obs: tx->0 enq=33671 drop=0 sent=33402 fail=0 hi=6 rtt_avg=29us get_avg=0us get_max=3ms
2026-10-02T19:44:47.365Z raft-obs: tx->3 enq=33446 drop=0 sent=33230 fail=0 hi=5 rtt_avg=27us get_avg=0us get_max=3ms
2026-10-02T19:44:47.365Z raft-obs: wait_timeouts=0 pump_hold_max=540us lock_wait_max=8us drain_max=540us tick_max=7us apply_max=336us persist_max=529us applies_in_worst=1 arc_miss=0 arc_term_miss=0 opid_replay=0 fin_q=0 fin_done=0 fin_drop=0 fin_full=0 pub_p50=0us pub_max=0us inbox_drop=0
2026-10-02T19:44:52.366Z raft-obs: tx->0 enq=33861 drop=0 sent=33592 fail=0 hi=6 rtt_avg=29us get_avg=0us get_max=3ms
2026-10-02T19:44:52.366Z raft-obs: tx->3 enq=33631 drop=0 sent=33415 fail=0 hi=5 rtt_avg=27us get_avg=0us get_max=3ms
2026-10-02T19:44:52.366Z raft-obs: wait_timeouts=0 pump_hold_max=424us lock_wait_max=1us drain_max=424us tick_max=1us apply_max=223us persist_max=549us applies_in_worst=1 arc_miss=0 arc_term_miss=0 opid_replay=0 fin_q=0 fin_done=0 fin_drop=0 fin_full=0 pub_p50=0us pub_max=0us inbox_drop=0
2026-10-02T19:44:57.368Z raft-obs: tx->0 enq=34052 drop=0 sent=33783 fail=0 hi=6 rtt_avg=29us get_avg=0us get_max=3ms
2026-10-02T19:44:57.368Z raft-obs: tx->3 enq=33821 drop=0 sent=33605 fail=0 hi=5 rtt_avg=27us get_avg=0us get_max=3ms
2026-10-02T19:44:57.368Z raft-obs: wait_timeouts=0 pump_hold_max=407us lock_wait_max=1us drain_max=406us tick_max=1us apply_max=273us persist_max=640us applies_in_worst=1 arc_miss=0 arc_term_miss=0 opid_replay=0 fin_q=0 fin_done=0 fin_drop=0 fin_full=0 pub_p50=0us pub_max=0us inbox_drop=0
2026-10-02T19:45:02.370Z raft-obs: tx->0 enq=34242 drop=0 sent=33973 fail=0 hi=6 rtt_avg=29us get_avg=0us get_max=3ms
2026-10-02T19:45:02.370Z raft-obs: tx->3 enq=34012 drop=0 sent=33796 fail=0 hi=5 rtt_avg=27us get_avg=0us get_max=3ms
2026-10-02T19:45:02.370Z raft-obs: wait_timeouts=0 pump_hold_max=427us lock_wait_max=1us drain_max=427us tick_max=1us apply_max=261us persist_max=648us applies_in_worst=1 arc_miss=0 arc_term_miss=0 opid_replay=0 fin_q=0 fin_done=0 fin_drop=0 fin_full=0 pub_p50=0us pub_max=0us inbox_drop=0
2026-10-02T19:45:07.372Z raft-obs: tx->0 enq=34432 drop=0 sent=34163 fail=0 hi=6 rtt_avg=29us get_avg=0us get_max=3ms
2026-10-02T19:45:07.372Z raft-obs: tx->3 enq=34202 drop=0 sent=33986 fail=0 hi=5 rtt_avg=27us get_avg=0us get_max=3ms
2026-10-02T19:45:07.372Z raft-obs: wait_timeouts=0 pump_hold_max=513us lock_wait_max=1us drain_max=513us tick_max=6us apply_max=427us persist_max=540us applies_in_worst=1 arc_miss=0 arc_term_miss=0 opid_replay=0 fin_q=0 fin_done=0 fin_drop=0 fin_full=0 pub_p50=0us pub_max=0us inbox_drop=0
2026-10-02T19:45:12.375Z raft-obs: tx->0 enq=34623 drop=0 sent=34353 fail=0 hi=6 rtt_avg=29us get_avg=0us get_max=3ms
2026-10-02T19:45:12.375Z raft-obs: tx->3 enq=34393 drop=0 sent=34177 fail=0 hi=5 rtt_avg=27us get_avg=0us get_max=3ms
2026-10-02T19:45:12.375Z raft-obs: wait_timeouts=0 pump_hold_max=559us lock_wait_max=1us drain_max=558us tick_max=1us apply_max=549us persist_max=540us applies_in_worst=1 arc_miss=0 arc_term_miss=0 opid_replay=0 fin_q=0 fin_done=0 fin_drop=0 fin_full=0 pub_p50=0us pub_max=0us inbox_drop=0
2026-10-02T19:45:17.375Z raft-obs: tx->0 enq=34813 drop=0 sent=34544 fail=0 hi=6 rtt_avg=29us get_avg=0us get_max=3ms
2026-10-02T19:45:17.375Z raft-obs: tx->3 enq=34583 drop=0 sent=34367 fail=0 hi=5 rtt_avg=27us get_avg=0us get_max=3ms
2026-10-02T19:45:17.375Z raft-obs: wait_timeouts=0 pump_hold_max=558us lock_wait_max=1us drain_max=558us tick_max=3us apply_max=527us persist_max=533us applies_in_worst=1 arc_miss=0 arc_term_miss=0 opid_replay=0 fin_q=0 fin_done=0 fin_drop=0 fin_full=0 pub_p50=0us pub_max=0us inbox_drop=0
2026-10-02T19:45:22.378Z raft-obs: tx->0 enq=35003 drop=0 sent=34734 fail=0 hi=6 rtt_avg=29us get_avg=0us get_max=3ms
2026-10-02T19:45:22.378Z raft-obs: tx->3 enq=34774 drop=0 sent=34558 fail=0 hi=5 rtt_avg=27us get_avg=0us get_max=3ms
2026-10-02T19:45:22.378Z raft-obs: wait_timeouts=0 pump_hold_max=456us lock_wait_max=1us drain_max=456us tick_max=1us apply_max=454us persist_max=616us applies_in_worst=1 arc_miss=0 arc_term_miss=0 opid_replay=0 fin_q=0 fin_done=0 fin_drop=0 fin_full=0 pub_p50=0us pub_max=0us inbox_drop=0
2026-10-02T19:45:27.381Z raft-obs: tx->0 enq=35194 drop=0 sent=34925 fail=0 hi=6 rtt_avg=29us get_avg=0us get_max=3ms
2026-10-02T19:45:27.381Z raft-obs: tx->3 enq=34964 drop=0 sent=34748 fail=0 hi=5 rtt_avg=27us get_avg=0us get_max=3ms
2026-10-02T19:45:27.381Z raft-obs: wait_timeouts=0 pump_hold_max=592us lock_wait_max=1us drain_max=592us tick_max=1us apply_max=589us persist_max=602us applies_in_worst=1 arc_miss=0 arc_term_miss=0 opid_replay=0 fin_q=0 fin_done=0 fin_drop=0 fin_full=0 pub_p50=0us pub_max=0us inbox_drop=0
2026-10-02T19:45:32.383Z raft-obs: tx->0 enq=35384 drop=0 sent=35115 fail=0 hi=6 rtt_avg=29us get_avg=0us get_max=3ms
2026-10-02T19:45:32.383Z raft-obs: tx->3 enq=35154 drop=0 sent=34938 fail=0 hi=5 rtt_avg=27us get_avg=0us get_max=3ms
2026-10-02T19:45:32.383Z raft-obs: wait_timeouts=0 pump_hold_max=903us lock_wait_max=4us drain_max=903us tick_max=1us apply_max=645us persist_max=640us applies_in_worst=1 arc_miss=0 arc_term_miss=0 opid_replay=0 fin_q=0 fin_done=0 fin_drop=0 fin_full=0 pub_p50=0us pub_max=0us inbox_drop=0
2026-10-02T19:45:35.845Z kv-compact: start l0=261 inputs=4 range=2 l0only=0
2026-10-02T19:45:35.970Z kv-compact: end bytes=75316218 ms=125 l0=259 l1=304 rc=0
2026-10-02T19:45:35.970Z kv-compact: start l0=259 inputs=2 range=1 l0only=1
2026-10-02T19:45:35.978Z kv-compact: end bytes=2877996 ms=8 l0=258 l1=304 rc=0
2026-10-02T19:45:37.386Z raft-obs: tx->0 enq=35574 drop=0 sent=35305 fail=0 hi=6 rtt_avg=29us get_avg=0us get_max=3ms
2026-10-02T19:45:37.386Z raft-obs: tx->3 enq=35345 drop=0 sent=35129 fail=0 hi=5 rtt_avg=27us get_avg=0us get_max=3ms
2026-10-02T19:45:37.386Z raft-obs: wait_timeouts=0 pump_hold_max=6600us lock_wait_max=1us drain_max=6600us tick_max=1us apply_max=6597us persist_max=1669us applies_in_worst=1 arc_miss=0 arc_term_miss=0 opid_replay=0 fin_q=0 fin_done=0 fin_drop=0 fin_full=0 pub_p50=0us pub_max=0us inbox_drop=0
2026-10-02T19:45:42.387Z raft-obs: tx->0 enq=35760 drop=0 sent=35491 fail=0 hi=6 rtt_avg=29us get_avg=0us get_max=3ms
2026-10-02T19:45:42.387Z raft-obs: tx->3 enq=35535 drop=0 sent=35319 fail=0 hi=5 rtt_avg=27us get_avg=0us get_max=3ms
2026-10-02T19:45:42.387Z raft-obs: wait_timeouts=0 pump_hold_max=464us lock_wait_max=1us drain_max=463us tick_max=1us apply_max=163us persist_max=591us applies_in_worst=1 arc_miss=0 arc_term_miss=0 opid_replay=0 fin_q=0 fin_done=0 fin_drop=0 fin_full=0 pub_p50=0us pub_max=0us inbox_drop=0
2026-10-02T19:45:47.389Z raft-obs: tx->0 enq=35944 drop=0 sent=35675 fail=0 hi=6 rtt_avg=29us get_avg=0us get_max=3ms
2026-10-02T19:45:47.389Z raft-obs: tx->3 enq=35726 drop=0 sent=35510 fail=0 hi=5 rtt_avg=27us get_avg=0us get_max=3ms
2026-10-02T19:45:47.389Z raft-obs: wait_timeouts=0 pump_hold_max=476us lock_wait_max=1us drain_max=476us tick_max=1us apply_max=195us persist_max=545us applies_in_worst=1 arc_miss=0 arc_term_miss=0 opid_replay=0 fin_q=0 fin_done=0 fin_drop=0 fin_full=0 pub_p50=0us pub_max=0us inbox_drop=0
2026-10-02T19:45:52.393Z raft-obs: tx->0 enq=36126 drop=0 sent=35857 fail=0 hi=6 rtt_avg=29us get_avg=0us get_max=3ms
2026-10-02T19:45:52.393Z raft-obs: tx->3 enq=35916 drop=0 sent=35700 fail=0 hi=5 rtt_avg=27us get_avg=0us get_max=3ms
2026-10-02T19:45:52.393Z raft-obs: wait_timeouts=0 pump_hold_max=393us lock_wait_max=1us drain_max=393us tick_max=1us apply_max=249us persist_max=639us applies_in_worst=1 arc_miss=0 arc_term_miss=0 opid_replay=0 fin_q=0 fin_done=0 fin_drop=0 fin_full=0 pub_p50=0us pub_max=0us inbox_drop=0
2026-10-02T19:45:57.396Z raft-obs: tx->0 enq=36313 drop=0 sent=36044 fail=0 hi=6 rtt_avg=29us get_avg=0us get_max=3ms
2026-10-02T19:45:57.396Z raft-obs: tx->3 enq=36102 drop=0 sent=35886 fail=0 hi=5 rtt_avg=27us get_avg=0us get_max=3ms
2026-10-02T19:45:57.396Z raft-obs: wait_timeouts=0 pump_hold_max=478us lock_wait_max=1us drain_max=478us tick_max=1us apply_max=306us persist_max=543us applies_in_worst=1 arc_miss=0 arc_term_miss=0 opid_replay=0 fin_q=0 fin_done=0 fin_drop=0 fin_full=0 pub_p50=0us pub_max=0us inbox_drop=0
2026-10-02T19:46:02.396Z raft-obs: tx->0 enq=36504 drop=0 sent=36235 fail=0 hi=6 rtt_avg=29us get_avg=0us get_max=3ms
2026-10-02T19:46:02.396Z raft-obs: tx->3 enq=36288 drop=0 sent=36072 fail=0 hi=5 rtt_avg=27us get_avg=0us get_max=3ms
2026-10-02T19:46:02.396Z raft-obs: wait_timeouts=0 pump_hold_max=519us lock_wait_max=1us drain_max=519us tick_max=1us apply_max=356us persist_max=520us applies_in_worst=1 arc_miss=0 arc_term_miss=0 opid_replay=0 fin_q=0 fin_done=0 fin_drop=0 fin_full=0 pub_p50=0us pub_max=0us inbox_drop=0
2026-10-02T19:46:07.397Z raft-obs: tx->0 enq=36694 drop=0 sent=36425 fail=0 hi=6 rtt_avg=29us get_avg=0us get_max=3ms
2026-10-02T19:46:07.397Z raft-obs: tx->3 enq=36471 drop=0 sent=36254 fail=0 hi=5 rtt_avg=27us get_avg=0us get_max=3ms
2026-10-02T19:46:07.397Z raft-obs: wait_timeouts=0 pump_hold_max=425us lock_wait_max=3us drain_max=425us tick_max=1us apply_max=338us persist_max=513us applies_in_worst=1 arc_miss=0 arc_term_miss=0 opid_replay=0 fin_q=0 fin_done=0 fin_drop=0 fin_full=0 pub_p50=0us pub_max=0us inbox_drop=0
2026-10-02T19:46:12.397Z raft-obs: tx->0 enq=36885 drop=0 sent=36616 fail=0 hi=6 rtt_avg=29us get_avg=0us get_max=3ms
2026-10-02T19:46:12.397Z raft-obs: tx->3 enq=36655 drop=0 sent=36439 fail=0 hi=5 rtt_avg=27us get_avg=0us get_max=3ms
2026-10-02T19:46:12.397Z raft-obs: wait_timeouts=0 pump_hold_max=447us lock_wait_max=1us drain_max=447us tick_max=1us apply_max=442us persist_max=510us applies_in_worst=1 arc_miss=0 arc_term_miss=0 opid_replay=0 fin_q=0 fin_done=0 fin_drop=0 fin_full=0 pub_p50=0us pub_max=0us inbox_drop=0
2026-10-02T19:46:17.400Z raft-obs: tx->0 enq=37075 drop=0 sent=36806 fail=0 hi=6 rtt_avg=29us get_avg=0us get_max=3ms
2026-10-02T19:46:17.400Z raft-obs: tx->3 enq=36846 drop=0 sent=36630 fail=0 hi=5 rtt_avg=27us get_avg=0us get_max=3ms
2026-10-02T19:46:17.400Z raft-obs: wait_timeouts=0 pump_hold_max=481us lock_wait_max=4us drain_max=481us tick_max=1us apply_max=469us persist_max=533us applies_in_worst=1 arc_miss=0 arc_term_miss=0 opid_replay=0 fin_q=0 fin_done=0 fin_drop=0 fin_full=0 pub_p50=0us pub_max=0us inbox_drop=0
2026-10-02T19:46:22.401Z raft-obs: tx->0 enq=37266 drop=0 sent=36997 fail=0 hi=6 rtt_avg=29us get_avg=0us get_max=3ms
2026-10-02T19:46:22.401Z raft-obs: tx->3 enq=37036 drop=0 sent=36820 fail=0 hi=5 rtt_avg=27us get_avg=0us get_max=3ms
2026-10-02T19:46:22.401Z raft-obs: wait_timeouts=0 pump_hold_max=542us lock_wait_max=1us drain_max=542us tick_max=1us apply_max=537us persist_max=554us applies_in_worst=1 arc_miss=0 arc_term_miss=0 opid_replay=0 fin_q=0 fin_done=0 fin_drop=0 fin_full=0 pub_p50=0us pub_max=0us inbox_drop=0
2026-10-02T19:46:27.405Z raft-obs: tx->0 enq=37456 drop=0 sent=37187 fail=0 hi=6 rtt_avg=29us get_avg=0us get_max=3ms
2026-10-02T19:46:27.405Z raft-obs: tx->3 enq=37227 drop=0 sent=37011 fail=0 hi=5 rtt_avg=27us get_avg=0us get_max=3ms
2026-10-02T19:46:27.405Z raft-obs: wait_timeouts=0 pump_hold_max=572us lock_wait_max=9us drain_max=572us tick_max=1us apply_max=568us persist_max=520us applies_in_worst=1 arc_miss=0 arc_term_miss=0 opid_replay=0 fin_q=0 fin_done=0 fin_drop=0 fin_full=0 pub_p50=0us pub_max=0us inbox_drop=0
2026-10-02T19:46:32.408Z raft-obs: tx->0 enq=37647 drop=0 sent=37378 fail=0 hi=6 rtt_avg=29us get_avg=0us get_max=3ms
2026-10-02T19:46:32.408Z raft-obs: tx->3 enq=37417 drop=0 sent=37201 fail=0 hi=5 rtt_avg=27us get_avg=0us get_max=3ms
2026-10-02T19:46:32.408Z raft-obs: wait_timeouts=0 pump_hold_max=645us lock_wait_max=1us drain_max=644us tick_max=1us apply_max=639us persist_max=529us applies_in_worst=1 arc_miss=0 arc_term_miss=0 opid_replay=0 fin_q=0 fin_done=0 fin_drop=0 fin_full=0 pub_p50=0us pub_max=0us inbox_drop=0
2026-10-02T19:46:37.410Z raft-obs: tx->0 enq=37837 drop=0 sent=37568 fail=0 hi=6 rtt_avg=29us get_avg=0us get_max=3ms
2026-10-02T19:46:37.410Z raft-obs: tx->3 enq=37607 drop=0 sent=37391 fail=0 hi=5 rtt_avg=27us get_avg=0us get_max=3ms
2026-10-02T19:46:37.410Z raft-obs: wait_timeouts=0 pump_hold_max=674us lock_wait_max=1us drain_max=673us tick_max=1us apply_max=669us persist_max=594us applies_in_worst=2 arc_miss=0 arc_term_miss=0 opid_replay=0 fin_q=0 fin_done=0 fin_drop=0 fin_full=0 pub_p50=0us pub_max=0us inbox_drop=0
2026-10-02T19:46:42.412Z raft-obs: tx->0 enq=38027 drop=0 sent=37758 fail=0 hi=6 rtt_avg=29us get_avg=0us get_max=3ms
2026-10-02T19:46:42.412Z raft-obs: tx->3 enq=37798 drop=0 sent=37582 fail=0 hi=5 rtt_avg=27us get_avg=0us get_max=3ms
2026-10-02T19:46:42.412Z raft-obs: wait_timeouts=0 pump_hold_max=546us lock_wait_max=1us drain_max=546us tick_max=1us apply_max=542us persist_max=627us applies_in_worst=1 arc_miss=0 arc_term_miss=0 opid_replay=0 fin_q=0 fin_done=0 fin_drop=0 fin_full=0 pub_p50=0us pub_max=0us inbox_drop=0
2026-10-02T19:46:47.412Z raft-obs: tx->0 enq=38218 drop=0 sent=37949 fail=0 hi=6 rtt_avg=29us get_avg=0us get_max=3ms
2026-10-02T19:46:47.412Z raft-obs: tx->3 enq=37988 drop=0 sent=37772 fail=0 hi=5 rtt_avg=27us get_avg=0us get_max=3ms
2026-10-02T19:46:47.412Z raft-obs: wait_timeouts=0 pump_hold_max=462us lock_wait_max=6us drain_max=461us tick_max=1us apply_max=458us persist_max=633us applies_in_worst=1 arc_miss=0 arc_term_miss=0 opid_replay=0 fin_q=0 fin_done=0 fin_drop=0 fin_full=0 pub_p50=0us pub_max=0us inbox_drop=0
2026-10-02T19:46:48.222Z kv-compact: start l0=260 inputs=2 range=1 l0only=1
2026-10-02T19:46:48.232Z kv-compact: end bytes=3841068 ms=10 l0=259 l1=304 rc=0
2026-10-02T19:46:52.416Z raft-obs: tx->0 enq=38408 drop=0 sent=38139 fail=0 hi=6 rtt_avg=29us get_avg=0us get_max=3ms
2026-10-02T19:46:52.416Z raft-obs: tx->3 enq=38178 drop=0 sent=37962 fail=0 hi=5 rtt_avg=27us get_avg=0us get_max=3ms
2026-10-02T19:46:52.416Z raft-obs: wait_timeouts=0 pump_hold_max=7171us lock_wait_max=4us drain_max=7170us tick_max=1us apply_max=7167us persist_max=750us applies_in_worst=1 arc_miss=0 arc_term_miss=0 opid_replay=0 fin_q=0 fin_done=0 fin_drop=0 fin_full=0 pub_p50=0us pub_max=0us inbox_drop=0
2026-10-02T19:46:57.416Z raft-obs: tx->0 enq=38599 drop=0 sent=38330 fail=0 hi=6 rtt_avg=29us get_avg=0us get_max=3ms
2026-10-02T19:46:57.416Z raft-obs: tx->3 enq=38369 drop=0 sent=38153 fail=0 hi=5 rtt_avg=27us get_avg=0us get_max=3ms
2026-10-02T19:46:57.416Z raft-obs: wait_timeouts=0 pump_hold_max=456us lock_wait_max=4us drain_max=456us tick_max=1us apply_max=203us persist_max=540us applies_in_worst=1 arc_miss=0 arc_term_miss=0 opid_replay=0 fin_q=0 fin_done=0 fin_drop=0 fin_full=0 pub_p50=0us pub_max=0us inbox_drop=0
2026-10-02T19:47:02.419Z raft-obs: tx->0 enq=38786 drop=0 sent=38517 fail=0 hi=6 rtt_avg=29us get_avg=0us get_max=3ms
2026-10-02T19:47:02.419Z raft-obs: tx->3 enq=38559 drop=0 sent=38343 fail=0 hi=5 rtt_avg=27us get_avg=0us get_max=3ms
2026-10-02T19:47:02.419Z raft-obs: wait_timeouts=0 pump_hold_max=417us lock_wait_max=1us drain_max=417us tick_max=1us apply_max=340us persist_max=553us applies_in_worst=1 arc_miss=0 arc_term_miss=0 opid_replay=0 fin_q=0 fin_done=0 fin_drop=0 fin_full=0 pub_p50=0us pub_max=0us inbox_drop=0
2026-10-02T19:47:07.420Z raft-obs: tx->0 enq=38970 drop=0 sent=38701 fail=0 hi=6 rtt_avg=29us get_avg=0us get_max=3ms
2026-10-02T19:47:07.420Z raft-obs: tx->3 enq=38750 drop=0 sent=38533 fail=0 hi=5 rtt_avg=27us get_avg=0us get_max=3ms
2026-10-02T19:47:07.420Z raft-obs: wait_timeouts=0 pump_hold_max=548us lock_wait_max=6us drain_max=547us tick_max=1us apply_max=289us persist_max=528us applies_in_worst=1 arc_miss=0 arc_term_miss=0 opid_replay=0 fin_q=0 fin_done=0 fin_drop=0 fin_full=0 pub_p50=0us pub_max=0us inbox_drop=0
2026-10-02T19:47:12.421Z raft-obs: tx->0 enq=39153 drop=0 sent=38883 fail=0 hi=6 rtt_avg=29us get_avg=0us get_max=3ms
2026-10-02T19:47:12.421Z raft-obs: tx->3 enq=38940 drop=0 sent=38724 fail=0 hi=5 rtt_avg=27us get_avg=0us get_max=3ms
2026-10-02T19:47:12.421Z raft-obs: wait_timeouts=0 pump_hold_max=428us lock_wait_max=4us drain_max=427us tick_max=1us apply_max=307us persist_max=555us applies_in_worst=1 arc_miss=0 arc_term_miss=0 opid_replay=0 fin_q=0 fin_done=0 fin_drop=0 fin_full=0 pub_p50=0us pub_max=0us inbox_drop=0
2026-10-02T19:47:17.425Z raft-obs: tx->0 enq=39337 drop=0 sent=39068 fail=0 hi=6 rtt_avg=29us get_avg=0us get_max=3ms
2026-10-02T19:47:17.425Z raft-obs: tx->3 enq=39124 drop=0 sent=38908 fail=0 hi=5 rtt_avg=27us get_avg=0us get_max=3ms
2026-10-02T19:47:17.425Z raft-obs: wait_timeouts=0 pump_hold_max=410us lock_wait_max=1us drain_max=410us tick_max=1us apply_max=200us persist_max=507us applies_in_worst=1 arc_miss=0 arc_term_miss=0 opid_replay=0 fin_q=0 fin_done=0 fin_drop=0 fin_full=0 pub_p50=0us pub_max=0us inbox_drop=0
2026-10-02T19:47:22.425Z raft-obs: tx->0 enq=39528 drop=0 sent=39259 fail=0 hi=6 rtt_avg=28us get_avg=0us get_max=3ms
2026-10-02T19:47:22.425Z raft-obs: tx->3 enq=39306 drop=0 sent=39090 fail=0 hi=5 rtt_avg=27us get_avg=0us get_max=3ms
2026-10-02T19:47:22.425Z raft-obs: wait_timeouts=0 pump_hold_max=446us lock_wait_max=1us drain_max=445us tick_max=1us apply_max=254us persist_max=524us applies_in_worst=1 arc_miss=0 arc_term_miss=0 opid_replay=0 fin_q=0 fin_done=0 fin_drop=0 fin_full=0 pub_p50=0us pub_max=0us inbox_drop=0
2026-10-02T19:47:27.426Z raft-obs: tx->0 enq=39718 drop=0 sent=39449 fail=0 hi=6 rtt_avg=28us get_avg=0us get_max=3ms
2026-10-02T19:47:27.426Z raft-obs: tx->3 enq=39490 drop=0 sent=39274 fail=0 hi=5 rtt_avg=27us get_avg=0us get_max=3ms
2026-10-02T19:47:27.426Z raft-obs: wait_timeouts=0 pump_hold_max=401us lock_wait_max=1us drain_max=401us tick_max=1us apply_max=253us persist_max=755us applies_in_worst=1 arc_miss=0 arc_term_miss=0 opid_replay=0 fin_q=0 fin_done=0 fin_drop=0 fin_full=0 pub_p50=0us pub_max=0us inbox_drop=0
2026-10-02T19:47:32.427Z raft-obs: tx->0 enq=39909 drop=0 sent=39640 fail=0 hi=6 rtt_avg=28us get_avg=0us get_max=3ms
2026-10-02T19:47:32.427Z raft-obs: tx->3 enq=39678 drop=0 sent=39462 fail=0 hi=5 rtt_avg=27us get_avg=0us get_max=3ms
2026-10-02T19:47:32.427Z raft-obs: wait_timeouts=0 pump_hold_max=490us lock_wait_max=1us drain_max=490us tick_max=1us apply_max=485us persist_max=536us applies_in_worst=1 arc_miss=0 arc_term_miss=0 opid_replay=0 fin_q=0 fin_done=0 fin_drop=0 fin_full=0 pub_p50=0us pub_max=0us inbox_drop=0
2026-10-02T19:47:37.431Z raft-obs: tx->0 enq=40099 drop=0 sent=39830 fail=0 hi=6 rtt_avg=28us get_avg=0us get_max=3ms
2026-10-02T19:47:37.431Z raft-obs: tx->3 enq=39869 drop=0 sent=39653 fail=0 hi=5 rtt_avg=27us get_avg=0us get_max=3ms
2026-10-02T19:47:37.431Z raft-obs: wait_timeouts=0 pump_hold_max=407us lock_wait_max=1us drain_max=407us tick_max=1us apply_max=326us persist_max=523us applies_in_worst=1 arc_miss=0 arc_term_miss=0 opid_replay=0 fin_q=0 fin_done=0 fin_drop=0 fin_full=0 pub_p50=0us pub_max=0us inbox_drop=0
2026-10-02T19:47:42.433Z raft-obs: tx->0 enq=40290 drop=0 sent=40020 fail=0 hi=6 rtt_avg=28us get_avg=0us get_max=3ms
2026-10-02T19:47:42.433Z raft-obs: tx->3 enq=40059 drop=0 sent=39843 fail=0 hi=5 rtt_avg=27us get_avg=0us get_max=3ms
2026-10-02T19:47:42.433Z raft-obs: wait_timeouts=0 pump_hold_max=430us lock_wait_max=4us drain_max=430us tick_max=1us apply_max=420us persist_max=645us applies_in_worst=1 arc_miss=0 arc_term_miss=0 opid_replay=0 fin_q=0 fin_done=0 fin_drop=0 fin_full=0 pub_p50=0us pub_max=0us inbox_drop=0
2026-10-02T19:47:47.435Z raft-obs: tx->0 enq=40480 drop=0 sent=40211 fail=0 hi=6 rtt_avg=28us get_avg=0us get_max=3ms
2026-10-02T19:47:47.435Z raft-obs: tx->3 enq=40249 drop=0 sent=40033 fail=0 hi=5 rtt_avg=27us get_avg=0us get_max=3ms
2026-10-02T19:47:47.435Z raft-obs: wait_timeouts=0 pump_hold_max=619us lock_wait_max=1us drain_max=619us tick_max=4us apply_max=615us persist_max=630us applies_in_worst=1 arc_miss=0 arc_term_miss=0 opid_replay=0 fin_q=0 fin_done=0 fin_drop=0 fin_full=0 pub_p50=0us pub_max=0us inbox_drop=0
2026-10-02T19:47:52.435Z raft-obs: tx->0 enq=40670 drop=0 sent=40401 fail=0 hi=6 rtt_avg=28us get_avg=0us get_max=3ms
2026-10-02T19:47:52.435Z raft-obs: tx->3 enq=40440 drop=0 sent=40224 fail=0 hi=5 rtt_avg=27us get_avg=0us get_max=3ms
2026-10-02T19:47:52.435Z raft-obs: wait_timeouts=0 pump_hold_max=676us lock_wait_max=1us drain_max=676us tick_max=1us apply_max=657us persist_max=548us applies_in_worst=1 arc_miss=0 arc_term_miss=0 opid_replay=0 fin_q=0 fin_done=0 fin_drop=0 fin_full=0 pub_p50=0us pub_max=0us inbox_drop=0
2026-10-02T19:47:57.435Z raft-obs: tx->0 enq=40860 drop=0 sent=40591 fail=0 hi=6 rtt_avg=28us get_avg=0us get_max=3ms
2026-10-02T19:47:57.435Z raft-obs: tx->3 enq=40630 drop=0 sent=40414 fail=0 hi=5 rtt_avg=27us get_avg=0us get_max=3ms
2026-10-02T19:47:57.435Z raft-obs: wait_timeouts=0 pump_hold_max=744us lock_wait_max=1us drain_max=744us tick_max=1us apply_max=740us persist_max=541us applies_in_worst=1 arc_miss=0 arc_term_miss=0 opid_replay=0 fin_q=0 fin_done=0 fin_drop=0 fin_full=0 pub_p50=0us pub_max=0us inbox_drop=0
2026-10-02T19:48:00.671Z kv-compact: start l0=261 inputs=2 range=1 l0only=1
2026-10-02T19:48:00.683Z kv-compact: end bytes=4802754 ms=13 l0=260 l1=304 rc=0
2026-10-02T19:48:00.684Z kv-compact: start l0=260 inputs=2 range=2 l0only=1
2026-10-02T19:48:00.689Z kv-compact: end bytes=1921986 ms=5 l0=259 l1=304 rc=0
2026-10-02T19:48:02.436Z raft-obs: tx->0 enq=41050 drop=0 sent=40781 fail=0 hi=6 rtt_avg=28us get_avg=0us get_max=3ms
2026-10-02T19:48:02.436Z raft-obs: tx->3 enq=40820 drop=0 sent=40604 fail=0 hi=5 rtt_avg=27us get_avg=0us get_max=3ms
2026-10-02T19:48:02.436Z raft-obs: wait_timeouts=0 pump_hold_max=6723us lock_wait_max=1us drain_max=6722us tick_max=1us apply_max=6717us persist_max=606us applies_in_worst=1 arc_miss=0 arc_term_miss=0 opid_replay=0 fin_q=0 fin_done=0 fin_drop=0 fin_full=0 pub_p50=0us pub_max=0us inbox_drop=0
2026-10-02T19:48:07.437Z raft-obs: tx->0 enq=41240 drop=0 sent=40971 fail=0 hi=6 rtt_avg=28us get_avg=0us get_max=3ms
2026-10-02T19:48:07.437Z raft-obs: tx->3 enq=41010 drop=0 sent=40794 fail=0 hi=5 rtt_avg=27us get_avg=0us get_max=3ms
2026-10-02T19:48:07.437Z raft-obs: wait_timeouts=0 pump_hold_max=414us lock_wait_max=1us drain_max=414us tick_max=1us apply_max=188us persist_max=641us applies_in_worst=1 arc_miss=0 arc_term_miss=0 opid_replay=0 fin_q=0 fin_done=0 fin_drop=0 fin_full=0 pub_p50=0us pub_max=0us inbox_drop=0
2026-10-02T19:48:12.438Z raft-obs: tx->0 enq=41430 drop=0 sent=41161 fail=0 hi=6 rtt_avg=28us get_avg=0us get_max=3ms
2026-10-02T19:48:12.438Z raft-obs: tx->3 enq=41200 drop=0 sent=40984 fail=0 hi=5 rtt_avg=27us get_avg=0us get_max=3ms
2026-10-02T19:48:12.438Z raft-obs: wait_timeouts=0 pump_hold_max=444us lock_wait_max=1us drain_max=444us tick_max=1us apply_max=128us persist_max=620us applies_in_worst=1 arc_miss=0 arc_term_miss=0 opid_replay=0 fin_q=0 fin_done=0 fin_drop=0 fin_full=0 pub_p50=0us pub_max=0us inbox_drop=0
2026-10-02T19:48:17.437Z raft-obs: tx->0 enq=41614 drop=0 sent=41345 fail=0 hi=6 rtt_avg=28us get_avg=0us get_max=3ms
2026-10-02T19:48:17.437Z raft-obs: tx->3 enq=41390 drop=0 sent=41174 fail=0 hi=5 rtt_avg=27us get_avg=0us get_max=3ms
2026-10-02T19:48:17.437Z raft-obs: wait_timeouts=0 pump_hold_max=698us lock_wait_max=1us drain_max=698us tick_max=2us apply_max=155us persist_max=541us applies_in_worst=1 arc_miss=0 arc_term_miss=0 opid_replay=0 fin_q=0 fin_done=0 fin_drop=0 fin_full=0 pub_p50=0us pub_max=0us inbox_drop=0
2026-10-02T19:48:22.441Z raft-obs: tx->0 enq=41796 drop=0 sent=41527 fail=0 hi=6 rtt_avg=28us get_avg=0us get_max=3ms
2026-10-02T19:48:22.441Z raft-obs: tx->3 enq=41580 drop=0 sent=41364 fail=0 hi=5 rtt_avg=27us get_avg=0us get_max=3ms
2026-10-02T19:48:22.441Z raft-obs: wait_timeouts=0 pump_hold_max=387us lock_wait_max=2us drain_max=387us tick_max=4us apply_max=294us persist_max=754us applies_in_worst=1 arc_miss=0 arc_term_miss=0 opid_replay=0 fin_q=0 fin_done=0 fin_drop=0 fin_full=0 pub_p50=0us pub_max=0us inbox_drop=0
2026-10-02T19:48:27.441Z raft-obs: tx->0 enq=41980 drop=0 sent=41710 fail=0 hi=6 rtt_avg=28us get_avg=0us get_max=3ms
2026-10-02T19:48:27.441Z raft-obs: tx->3 enq=41764 drop=0 sent=41548 fail=0 hi=5 rtt_avg=27us get_avg=0us get_max=3ms
2026-10-02T19:48:27.441Z raft-obs: wait_timeouts=0 pump_hold_max=448us lock_wait_max=1us drain_max=448us tick_max=6us apply_max=247us persist_max=508us applies_in_worst=1 arc_miss=0 arc_term_miss=0 opid_replay=0 fin_q=0 fin_done=0 fin_drop=0 fin_full=0 pub_p50=0us pub_max=0us inbox_drop=0
2026-10-02T19:48:32.444Z raft-obs: tx->0 enq=42168 drop=0 sent=41899 fail=0 hi=6 rtt_avg=28us get_avg=0us get_max=3ms
2026-10-02T19:48:32.444Z raft-obs: tx->3 enq=41947 drop=0 sent=41730 fail=0 hi=5 rtt_avg=27us get_avg=0us get_max=3ms
2026-10-02T19:48:32.444Z raft-obs: wait_timeouts=0 pump_hold_max=422us lock_wait_max=4us drain_max=422us tick_max=1us apply_max=416us persist_max=543us applies_in_worst=1 arc_miss=0 arc_term_miss=0 opid_replay=0 fin_q=0 fin_done=0 fin_drop=0 fin_full=0 pub_p50=0us pub_max=0us inbox_drop=0
2026-10-02T19:48:37.447Z raft-obs: tx->0 enq=42358 drop=0 sent=42089 fail=0 hi=6 rtt_avg=28us get_avg=0us get_max=3ms
2026-10-02T19:48:37.447Z raft-obs: tx->3 enq=42132 drop=0 sent=41916 fail=0 hi=5 rtt_avg=27us get_avg=0us get_max=3ms
2026-10-02T19:48:37.447Z raft-obs: wait_timeouts=0 pump_hold_max=424us lock_wait_max=4us drain_max=424us tick_max=4us apply_max=267us persist_max=510us applies_in_worst=1 arc_miss=0 arc_term_miss=0 opid_replay=0 fin_q=0 fin_done=0 fin_drop=0 fin_full=0 pub_p50=0us pub_max=0us inbox_drop=0
2026-10-02T19:48:42.451Z raft-obs: tx->0 enq=42548 drop=0 sent=42279 fail=0 hi=6 rtt_avg=29us get_avg=0us get_max=3ms
2026-10-02T19:48:42.451Z raft-obs: tx->3 enq=42319 drop=0 sent=42103 fail=0 hi=5 rtt_avg=27us get_avg=0us get_max=3ms
2026-10-02T19:48:42.451Z raft-obs: wait_timeouts=0 pump_hold_max=405us lock_wait_max=5us drain_max=405us tick_max=1us apply_max=360us persist_max=552us applies_in_worst=1 arc_miss=0 arc_term_miss=0 opid_replay=0 fin_q=0 fin_done=0 fin_drop=0 fin_full=0 pub_p50=0us pub_max=0us inbox_drop=0
2026-10-02T19:48:47.451Z raft-obs: tx->0 enq=42739 drop=0 sent=42469 fail=0 hi=6 rtt_avg=29us get_avg=0us get_max=3ms
2026-10-02T19:48:47.451Z raft-obs: tx->3 enq=42509 drop=0 sent=42293 fail=0 hi=5 rtt_avg=27us get_avg=0us get_max=3ms
2026-10-02T19:48:47.451Z raft-obs: wait_timeouts=0 pump_hold_max=479us lock_wait_max=1us drain_max=479us tick_max=1us apply_max=473us persist_max=588us applies_in_worst=1 arc_miss=0 arc_term_miss=0 opid_replay=0 fin_q=0 fin_done=0 fin_drop=0 fin_full=0 pub_p50=0us pub_max=0us inbox_drop=0
2026-10-02T19:48:52.452Z raft-obs: tx->0 enq=42929 drop=0 sent=42660 fail=0 hi=6 rtt_avg=29us get_avg=0us get_max=3ms
2026-10-02T19:48:52.452Z raft-obs: tx->3 enq=42699 drop=0 sent=42483 fail=0 hi=5 rtt_avg=27us get_avg=0us get_max=3ms
2026-10-02T19:48:52.452Z raft-obs: wait_timeouts=0 pump_hold_max=576us lock_wait_max=1us drain_max=576us tick_max=1us apply_max=572us persist_max=613us applies_in_worst=1 arc_miss=0 arc_term_miss=0 opid_replay=0 fin_q=0 fin_done=0 fin_drop=0 fin_full=0 pub_p50=0us pub_max=0us inbox_drop=0
2026-10-02T19:48:57.454Z raft-obs: tx->0 enq=43119 drop=0 sent=42850 fail=0 hi=6 rtt_avg=29us get_avg=0us get_max=3ms
2026-10-02T19:48:57.454Z raft-obs: tx->3 enq=42890 drop=0 sent=42674 fail=0 hi=5 rtt_avg=27us get_avg=0us get_max=3ms
2026-10-02T19:48:57.454Z raft-obs: wait_timeouts=0 pump_hold_max=630us lock_wait_max=1us drain_max=630us tick_max=1us apply_max=626us persist_max=608us applies_in_worst=1 arc_miss=0 arc_term_miss=0 opid_replay=0 fin_q=0 fin_done=0 fin_drop=0 fin_full=0 pub_p50=0us pub_max=0us inbox_drop=0
2026-10-02T19:49:02.455Z raft-obs: tx->0 enq=43310 drop=0 sent=43041 fail=0 hi=6 rtt_avg=29us get_avg=0us get_max=3ms
2026-10-02T19:49:02.455Z raft-obs: tx->3 enq=43081 drop=0 sent=42864 fail=0 hi=5 rtt_avg=27us get_avg=0us get_max=3ms
2026-10-02T19:49:02.455Z raft-obs: wait_timeouts=0 pump_hold_max=660us lock_wait_max=1us drain_max=659us tick_max=1us apply_max=655us persist_max=533us applies_in_worst=1 arc_miss=0 arc_term_miss=0 opid_replay=0 fin_q=0 fin_done=0 fin_drop=0 fin_full=0 pub_p50=0us pub_max=0us inbox_drop=0
2026-10-02T19:49:07.457Z raft-obs: tx->0 enq=43500 drop=0 sent=43231 fail=0 hi=6 rtt_avg=29us get_avg=0us get_max=3ms
2026-10-02T19:49:07.457Z raft-obs: tx->3 enq=43271 drop=0 sent=43055 fail=0 hi=5 rtt_avg=27us get_avg=0us get_max=3ms
2026-10-02T19:49:07.457Z raft-obs: wait_timeouts=0 pump_hold_max=696us lock_wait_max=1us drain_max=696us tick_max=1us apply_max=692us persist_max=511us applies_in_worst=1 arc_miss=0 arc_term_miss=0 opid_replay=0 fin_q=0 fin_done=0 fin_drop=0 fin_full=0 pub_p50=0us pub_max=0us inbox_drop=0
2026-10-02T19:49:12.458Z raft-obs: tx->0 enq=43691 drop=0 sent=43422 fail=0 hi=6 rtt_avg=29us get_avg=0us get_max=3ms
2026-10-02T19:49:12.458Z raft-obs: tx->3 enq=43462 drop=0 sent=43245 fail=0 hi=5 rtt_avg=27us get_avg=0us get_max=3ms
2026-10-02T19:49:12.458Z raft-obs: wait_timeouts=0 pump_hold_max=774us lock_wait_max=1us drain_max=774us tick_max=1us apply_max=770us persist_max=1263us applies_in_worst=1 arc_miss=0 arc_term_miss=0 opid_replay=0 fin_q=0 fin_done=0 fin_drop=0 fin_full=0 pub_p50=0us pub_max=0us inbox_drop=0
2026-10-02T19:49:13.123Z kv-compact: start l0=261 inputs=2 range=1 l0only=1
2026-10-02T19:49:13.138Z kv-compact: end bytes=5765826 ms=14 l0=260 l1=304 rc=0
2026-10-02T19:49:13.138Z kv-compact: start l0=260 inputs=2 range=2 l0only=1
2026-10-02T19:49:13.146Z kv-compact: end bytes=2882286 ms=8 l0=259 l1=304 rc=0
2026-10-02T19:49:17.460Z raft-obs: tx->0 enq=43881 drop=0 sent=43612 fail=0 hi=6 rtt_avg=29us get_avg=0us get_max=3ms
2026-10-02T19:49:17.460Z raft-obs: tx->3 enq=43652 drop=0 sent=43436 fail=0 hi=5 rtt_avg=27us get_avg=0us get_max=3ms
2026-10-02T19:49:17.460Z raft-obs: wait_timeouts=0 pump_hold_max=6833us lock_wait_max=4us drain_max=6833us tick_max=1us apply_max=6828us persist_max=535us applies_in_worst=1 arc_miss=0 arc_term_miss=0 opid_replay=0 fin_q=0 fin_done=0 fin_drop=0 fin_full=0 pub_p50=0us pub_max=0us inbox_drop=0
2026-10-02T19:49:22.461Z raft-obs: tx->0 enq=44072 drop=0 sent=43802 fail=0 hi=6 rtt_avg=29us get_avg=0us get_max=3ms
2026-10-02T19:49:22.461Z raft-obs: tx->3 enq=43842 drop=0 sent=43626 fail=0 hi=5 rtt_avg=27us get_avg=0us get_max=3ms
2026-10-02T19:49:22.461Z raft-obs: wait_timeouts=0 pump_hold_max=399us lock_wait_max=1us drain_max=398us tick_max=1us apply_max=197us persist_max=750us applies_in_worst=1 arc_miss=0 arc_term_miss=0 opid_replay=0 fin_q=0 fin_done=0 fin_drop=0 fin_full=0 pub_p50=0us pub_max=0us inbox_drop=0
2026-10-02T19:49:27.461Z raft-obs: tx->0 enq=44262 drop=0 sent=43993 fail=0 hi=6 rtt_avg=29us get_avg=0us get_max=3ms
2026-10-02T19:49:27.461Z raft-obs: tx->3 enq=44032 drop=0 sent=43816 fail=0 hi=5 rtt_avg=27us get_avg=0us get_max=3ms
2026-10-02T19:49:27.461Z raft-obs: wait_timeouts=0 pump_hold_max=421us lock_wait_max=1us drain_max=421us tick_max=1us apply_max=169us persist_max=516us applies_in_worst=1 arc_miss=0 arc_term_miss=0 opid_replay=0 fin_q=0 fin_done=0 fin_drop=0 fin_full=0 pub_p50=0us pub_max=0us inbox_drop=0
2026-10-02T19:49:32.465Z raft-obs: tx->0 enq=44444 drop=0 sent=44175 fail=0 hi=6 rtt_avg=29us get_avg=0us get_max=3ms
2026-10-02T19:49:32.465Z raft-obs: tx->3 enq=44223 drop=0 sent=44007 fail=0 hi=5 rtt_avg=27us get_avg=0us get_max=3ms
2026-10-02T19:49:32.465Z raft-obs: wait_timeouts=0 pump_hold_max=432us lock_wait_max=1us drain_max=432us tick_max=1us apply_max=261us persist_max=528us applies_in_worst=1 arc_miss=0 arc_term_miss=0 opid_replay=0 fin_q=0 fin_done=0 fin_drop=0 fin_full=0 pub_p50=0us pub_max=0us inbox_drop=0
2026-10-02T19:49:37.466Z raft-obs: tx->0 enq=44626 drop=0 sent=44357 fail=0 hi=6 rtt_avg=29us get_avg=0us get_max=3ms
2026-10-02T19:49:37.466Z raft-obs: tx->3 enq=44413 drop=0 sent=44197 fail=0 hi=5 rtt_avg=27us get_avg=0us get_max=3ms
2026-10-02T19:49:37.466Z raft-obs: wait_timeouts=0 pump_hold_max=416us lock_wait_max=1us drain_max=416us tick_max=1us apply_max=208us persist_max=733us applies_in_worst=1 arc_miss=0 arc_term_miss=0 opid_replay=0 fin_q=0 fin_done=0 fin_drop=0 fin_full=0 pub_p50=0us pub_max=0us inbox_drop=0
2026-10-02T19:49:42.467Z raft-obs: tx->0 enq=44810 drop=0 sent=44541 fail=0 hi=6 rtt_avg=29us get_avg=0us get_max=3ms
2026-10-02T19:49:42.467Z raft-obs: tx->3 enq=44600 drop=0 sent=44384 fail=0 hi=5 rtt_avg=27us get_avg=0us get_max=3ms
2026-10-02T19:49:42.467Z raft-obs: wait_timeouts=0 pump_hold_max=437us lock_wait_max=1us drain_max=437us tick_max=1us apply_max=383us persist_max=525us applies_in_worst=1 arc_miss=0 arc_term_miss=0 opid_replay=0 fin_q=0 fin_done=0 fin_drop=0 fin_full=0 pub_p50=0us pub_max=0us inbox_drop=0
2026-10-02T19:49:47.468Z raft-obs: tx->0 enq=45000 drop=0 sent=44731 fail=0 hi=6 rtt_avg=29us get_avg=0us get_max=3ms
2026-10-02T19:49:47.468Z raft-obs: tx->3 enq=44786 drop=0 sent=44570 fail=0 hi=5 rtt_avg=27us get_avg=0us get_max=3ms
2026-10-02T19:49:47.468Z raft-obs: wait_timeouts=0 pump_hold_max=440us lock_wait_max=1us drain_max=440us tick_max=1us apply_max=435us persist_max=757us applies_in_worst=1 arc_miss=0 arc_term_miss=0 opid_replay=0 fin_q=0 fin_done=0 fin_drop=0 fin_full=0 pub_p50=0us pub_max=0us inbox_drop=0
2026-10-02T19:49:52.470Z raft-obs: tx->0 enq=45190 drop=0 sent=44921 fail=0 hi=6 rtt_avg=29us get_avg=0us get_max=3ms
2026-10-02T19:49:52.470Z raft-obs: tx->3 enq=44968 drop=0 sent=44752 fail=0 hi=5 rtt_avg=27us get_avg=0us get_max=3ms
2026-10-02T19:49:52.470Z raft-obs: wait_timeouts=0 pump_hold_max=450us lock_wait_max=1us drain_max=450us tick_max=1us apply_max=446us persist_max=542us applies_in_worst=1 arc_miss=0 arc_term_miss=0 opid_replay=0 fin_q=0 fin_done=0 fin_drop=0 fin_full=0 pub_p50=0us pub_max=0us inbox_drop=0
2026-10-02T19:49:57.473Z raft-obs: tx->0 enq=45381 drop=0 sent=45112 fail=0 hi=6 rtt_avg=29us get_avg=0us get_max=3ms
2026-10-02T19:49:57.473Z raft-obs: tx->3 enq=45152 drop=0 sent=44936 fail=0 hi=5 rtt_avg=27us get_avg=0us get_max=3ms
2026-10-02T19:49:57.473Z raft-obs: wait_timeouts=0 pump_hold_max=503us lock_wait_max=1us drain_max=502us tick_max=1us apply_max=497us persist_max=604us applies_in_worst=1 arc_miss=0 arc_term_miss=0 opid_replay=0 fin_q=0 fin_done=0 fin_drop=0 fin_full=0 pub_p50=0us pub_max=0us inbox_drop=0
2026-10-02T19:50:02.473Z raft-obs: tx->0 enq=45571 drop=0 sent=45302 fail=0 hi=6 rtt_avg=29us get_avg=0us get_max=3ms
2026-10-02T19:50:02.473Z raft-obs: tx->3 enq=45342 drop=0 sent=45126 fail=0 hi=5 rtt_avg=27us get_avg=0us get_max=3ms
2026-10-02T19:50:02.473Z raft-obs: wait_timeouts=0 pump_hold_max=519us lock_wait_max=1us drain_max=519us tick_max=1us apply_max=514us persist_max=630us applies_in_worst=1 arc_miss=0 arc_term_miss=0 opid_replay=0 fin_q=0 fin_done=0 fin_drop=0 fin_full=0 pub_p50=0us pub_max=0us inbox_drop=0
2026-10-02T19:50:07.477Z raft-obs: tx->0 enq=45762 drop=0 sent=45493 fail=0 hi=6 rtt_avg=29us get_avg=0us get_max=3ms
2026-10-02T19:50:07.477Z raft-obs: tx->3 enq=45533 drop=0 sent=45317 fail=0 hi=5 rtt_avg=27us get_avg=0us get_max=3ms
2026-10-02T19:50:07.477Z raft-obs: wait_timeouts=0 pump_hold_max=590us lock_wait_max=7us drain_max=590us tick_max=1us apply_max=585us persist_max=637us applies_in_worst=1 arc_miss=0 arc_term_miss=0 opid_replay=0 fin_q=0 fin_done=0 fin_drop=0 fin_full=0 pub_p50=0us pub_max=0us inbox_drop=0
2026-10-02T19:50:12.479Z raft-obs: tx->0 enq=45952 drop=0 sent=45683 fail=0 hi=6 rtt_avg=29us get_avg=0us get_max=3ms
2026-10-02T19:50:12.479Z raft-obs: tx->3 enq=45723 drop=0 sent=45507 fail=0 hi=5 rtt_avg=27us get_avg=0us get_max=3ms
2026-10-02T19:50:12.479Z raft-obs: wait_timeouts=0 pump_hold_max=648us lock_wait_max=4us drain_max=647us tick_max=1us apply_max=642us persist_max=569us applies_in_worst=1 arc_miss=0 arc_term_miss=0 opid_replay=0 fin_q=0 fin_done=0 fin_drop=0 fin_full=0 pub_p50=0us pub_max=0us inbox_drop=0
2026-10-02T19:50:17.482Z raft-obs: tx->0 enq=46143 drop=0 sent=45874 fail=0 hi=6 rtt_avg=29us get_avg=0us get_max=3ms
2026-10-02T19:50:17.482Z raft-obs: tx->3 enq=45914 drop=0 sent=45698 fail=0 hi=5 rtt_avg=27us get_avg=0us get_max=3ms
2026-10-02T19:50:17.482Z raft-obs: wait_timeouts=0 pump_hold_max=698us lock_wait_max=1us drain_max=698us tick_max=4us apply_max=694us persist_max=516us applies_in_worst=1 arc_miss=0 arc_term_miss=0 opid_replay=0 fin_q=0 fin_done=0 fin_drop=0 fin_full=0 pub_p50=0us pub_max=0us inbox_drop=0
2026-10-02T19:50:22.486Z raft-obs: tx->0 enq=46333 drop=0 sent=46064 fail=0 hi=6 rtt_avg=28us get_avg=0us get_max=3ms
2026-10-02T19:50:22.486Z raft-obs: tx->3 enq=46104 drop=0 sent=45888 fail=0 hi=5 rtt_avg=27us get_avg=0us get_max=3ms
2026-10-02T19:50:22.486Z raft-obs: wait_timeouts=0 pump_hold_max=739us lock_wait_max=1us drain_max=739us tick_max=1us apply_max=736us persist_max=510us applies_in_worst=1 arc_miss=0 arc_term_miss=0 opid_replay=0 fin_q=0 fin_done=0 fin_drop=0 fin_full=0 pub_p50=0us pub_max=0us inbox_drop=0
2026-10-02T19:50:25.499Z kv-compact: start l0=261 inputs=2 range=1 l0only=1
2026-10-02T19:50:25.516Z kv-compact: end bytes=6728898 ms=17 l0=260 l1=304 rc=0
2026-10-02T19:50:25.516Z kv-compact: start l0=260 inputs=2 range=2 l0only=1
2026-10-02T19:50:25.526Z kv-compact: end bytes=3842454 ms=10 l0=259 l1=304 rc=0
2026-10-02T19:50:27.490Z raft-obs: tx->0 enq=46524 drop=0 sent=46255 fail=0 hi=6 rtt_avg=28us get_avg=0us get_max=3ms
2026-10-02T19:50:27.490Z raft-obs: tx->3 enq=46295 drop=0 sent=46079 fail=0 hi=5 rtt_avg=27us get_avg=0us get_max=3ms
2026-10-02T19:50:27.490Z raft-obs: wait_timeouts=0 pump_hold_max=6992us lock_wait_max=1us drain_max=6992us tick_max=1us apply_max=6988us persist_max=615us applies_in_worst=1 arc_miss=0 arc_term_miss=0 opid_replay=0 fin_q=0 fin_done=0 fin_drop=0 fin_full=0 pub_p50=0us pub_max=0us inbox_drop=0
2026-10-02T19:50:32.490Z raft-obs: tx->0 enq=46714 drop=0 sent=46445 fail=0 hi=6 rtt_avg=28us get_avg=0us get_max=3ms
2026-10-02T19:50:32.490Z raft-obs: tx->3 enq=46485 drop=0 sent=46269 fail=0 hi=5 rtt_avg=28us get_avg=0us get_max=3ms
2026-10-02T19:50:32.490Z raft-obs: wait_timeouts=0 pump_hold_max=466us lock_wait_max=1us drain_max=465us tick_max=7us apply_max=193us persist_max=1070us applies_in_worst=1 arc_miss=0 arc_term_miss=0 opid_replay=0 fin_q=0 fin_done=0 fin_drop=0 fin_full=0 pub_p50=0us pub_max=0us inbox_drop=0
2026-10-02T19:50:37.491Z raft-obs: tx->0 enq=46905 drop=0 sent=46636 fail=0 hi=6 rtt_avg=28us get_avg=0us get_max=3ms
2026-10-02T19:50:37.491Z raft-obs: tx->3 enq=46676 drop=0 sent=46459 fail=0 hi=5 rtt_avg=28us get_avg=0us get_max=3ms
2026-10-02T19:50:37.491Z raft-obs: wait_timeouts=0 pump_hold_max=475us lock_wait_max=1us drain_max=475us tick_max=1us apply_max=211us persist_max=753us applies_in_worst=1 arc_miss=0 arc_term_miss=0 opid_replay=0 fin_q=0 fin_done=0 fin_drop=0 fin_full=0 pub_p50=0us pub_max=0us inbox_drop=0
2026-10-02T19:50:42.494Z raft-obs: tx->0 enq=47095 drop=0 sent=46826 fail=0 hi=6 rtt_avg=28us get_avg=0us get_max=3ms
2026-10-02T19:50:42.494Z raft-obs: tx->3 enq=46866 drop=0 sent=46650 fail=0 hi=5 rtt_avg=28us get_avg=0us get_max=3ms
2026-10-02T19:50:42.494Z raft-obs: wait_timeouts=0 pump_hold_max=440us lock_wait_max=4us drain_max=440us tick_max=1us apply_max=298us persist_max=523us applies_in_worst=1 arc_miss=0 arc_term_miss=0 opid_replay=0 fin_q=0 fin_done=0 fin_drop=0 fin_full=0 pub_p50=0us pub_max=0us inbox_drop=0
2026-10-02T19:50:47.498Z raft-obs: tx->0 enq=47286 drop=0 sent=47017 fail=0 hi=6 rtt_avg=28us get_avg=0us get_max=3ms
2026-10-02T19:50:47.498Z raft-obs: tx->3 enq=47057 drop=0 sent=46841 fail=0 hi=5 rtt_avg=28us get_avg=0us get_max=3ms
2026-10-02T19:50:47.498Z raft-obs: wait_timeouts=0 pump_hold_max=448us lock_wait_max=4us drain_max=448us tick_max=4us apply_max=296us persist_max=532us applies_in_worst=1 arc_miss=0 arc_term_miss=0 opid_replay=0 fin_q=0 fin_done=0 fin_drop=0 fin_full=0 pub_p50=0us pub_max=0us inbox_drop=0
2026-10-02T19:50:52.501Z raft-obs: tx->0 enq=47470 drop=0 sent=47201 fail=0 hi=6 rtt_avg=28us get_avg=0us get_max=3ms
2026-10-02T19:50:52.501Z raft-obs: tx->3 enq=47247 drop=0 sent=47031 fail=0 hi=5 rtt_avg=28us get_avg=0us get_max=3ms
2026-10-02T19:50:52.501Z raft-obs: wait_timeouts=0 pump_hold_max=422us lock_wait_max=4us drain_max=422us tick_max=1us apply_max=377us persist_max=522us applies_in_worst=1 arc_miss=0 arc_term_miss=0 opid_replay=0 fin_q=0 fin_done=0 fin_drop=0 fin_full=0 pub_p50=0us pub_max=0us inbox_drop=0
2026-10-02T19:50:57.503Z raft-obs: tx->0 enq=47656 drop=0 sent=47387 fail=0 hi=6 rtt_avg=28us get_avg=0us get_max=3ms
2026-10-02T19:50:57.503Z raft-obs: tx->3 enq=47438 drop=0 sent=47222 fail=0 hi=5 rtt_avg=28us get_avg=0us get_max=3ms
2026-10-02T19:50:57.503Z raft-obs: wait_timeouts=0 pump_hold_max=422us lock_wait_max=1us drain_max=422us tick_max=1us apply_max=404us persist_max=519us applies_in_worst=1 arc_miss=0 arc_term_miss=0 opid_replay=0 fin_q=0 fin_done=0 fin_drop=0 fin_full=0 pub_p50=0us pub_max=0us inbox_drop=0
2026-10-02T19:51:02.506Z raft-obs: tx->0 enq=47839 drop=0 sent=47569 fail=0 hi=6 rtt_avg=28us get_avg=0us get_max=3ms
2026-10-02T19:51:02.506Z raft-obs: tx->3 enq=47628 drop=0 sent=47412 fail=0 hi=5 rtt_avg=28us get_avg=0us get_max=3ms
2026-10-02T19:51:02.506Z raft-obs: wait_timeouts=0 pump_hold_max=441us lock_wait_max=1us drain_max=441us tick_max=1us apply_max=429us persist_max=532us applies_in_worst=1 arc_miss=0 arc_term_miss=0 opid_replay=0 fin_q=0 fin_done=0 fin_drop=0 fin_full=0 pub_p50=0us pub_max=0us inbox_drop=0
2026-10-02T19:51:07.510Z raft-obs: tx->0 enq=48025 drop=0 sent=47756 fail=0 hi=6 rtt_avg=28us get_avg=0us get_max=3ms
2026-10-02T19:51:07.510Z raft-obs: tx->3 enq=47814 drop=0 sent=47598 fail=0 hi=5 rtt_avg=28us get_avg=0us get_max=3ms
2026-10-02T19:51:07.510Z raft-obs: wait_timeouts=0 pump_hold_max=514us lock_wait_max=8us drain_max=513us tick_max=1us apply_max=509us persist_max=637us applies_in_worst=1 arc_miss=0 arc_term_miss=0 opid_replay=0 fin_q=0 fin_done=0 fin_drop=0 fin_full=0 pub_p50=0us pub_max=0us inbox_drop=0
2026-10-02T19:51:12.510Z raft-obs: tx->0 enq=48216 drop=0 sent=47947 fail=0 hi=6 rtt_avg=28us get_avg=0us get_max=3ms
2026-10-02T19:51:12.510Z raft-obs: tx->3 enq=47999 drop=0 sent=47782 fail=0 hi=5 rtt_avg=28us get_avg=0us get_max=3ms
2026-10-02T19:51:12.510Z raft-obs: wait_timeouts=0 pump_hold_max=589us lock_wait_max=1us drain_max=589us tick_max=1us apply_max=583us persist_max=635us applies_in_worst=1 arc_miss=0 arc_term_miss=0 opid_replay=0 fin_q=0 fin_done=0 fin_drop=0 fin_full=0 pub_p50=0us pub_max=0us inbox_drop=0
2026-10-02T19:51:17.514Z raft-obs: tx->0 enq=48406 drop=0 sent=48137 fail=0 hi=6 rtt_avg=28us get_avg=0us get_max=3ms
2026-10-02T19:51:17.514Z raft-obs: tx->3 enq=48182 drop=0 sent=47966 fail=0 hi=5 rtt_avg=28us get_avg=0us get_max=3ms
2026-10-02T19:51:17.514Z raft-obs: wait_timeouts=0 pump_hold_max=523us lock_wait_max=1us drain_max=523us tick_max=1us apply_max=514us persist_max=624us applies_in_worst=1 arc_miss=0 arc_term_miss=0 opid_replay=0 fin_q=0 fin_done=0 fin_drop=0 fin_full=0 pub_p50=0us pub_max=0us inbox_drop=0
2026-10-02T19:51:22.514Z raft-obs: tx->0 enq=48596 drop=0 sent=48327 fail=0 hi=6 rtt_avg=28us get_avg=0us get_max=3ms
2026-10-02T19:51:22.514Z raft-obs: tx->3 enq=48367 drop=0 sent=48151 fail=0 hi=5 rtt_avg=28us get_avg=0us get_max=3ms
2026-10-02T19:51:22.514Z raft-obs: wait_timeouts=0 pump_hold_max=879us lock_wait_max=4us drain_max=879us tick_max=1us apply_max=692us persist_max=569us applies_in_worst=1 arc_miss=0 arc_term_miss=0 opid_replay=0 fin_q=0 fin_done=0 fin_drop=0 fin_full=0 pub_p50=0us pub_max=0us inbox_drop=0
2026-10-02T19:51:27.515Z raft-obs: tx->0 enq=48787 drop=0 sent=48518 fail=0 hi=6 rtt_avg=28us get_avg=0us get_max=3ms
2026-10-02T19:51:27.515Z raft-obs: tx->3 enq=48558 drop=0 sent=48342 fail=0 hi=5 rtt_avg=28us get_avg=0us get_max=3ms
2026-10-02T19:51:27.515Z raft-obs: wait_timeouts=0 pump_hold_max=740us lock_wait_max=4us drain_max=740us tick_max=1us apply_max=735us persist_max=639us applies_in_worst=1 arc_miss=0 arc_term_miss=0 opid_replay=0 fin_q=0 fin_done=0 fin_drop=0 fin_full=0 pub_p50=0us pub_max=0us inbox_drop=0
2026-10-02T19:51:32.519Z raft-obs: tx->0 enq=48977 drop=0 sent=48708 fail=0 hi=6 rtt_avg=28us get_avg=0us get_max=3ms
2026-10-02T19:51:32.519Z raft-obs: tx->3 enq=48748 drop=0 sent=48532 fail=0 hi=5 rtt_avg=28us get_avg=0us get_max=3ms
2026-10-02T19:51:32.519Z raft-obs: wait_timeouts=0 pump_hold_max=738us lock_wait_max=17us drain_max=738us tick_max=1us apply_max=734us persist_max=586us applies_in_worst=1 arc_miss=0 arc_term_miss=0 opid_replay=0 fin_q=0 fin_done=0 fin_drop=0 fin_full=0 pub_p50=0us pub_max=0us inbox_drop=0
2026-10-02T19:51:37.523Z raft-obs: tx->0 enq=49168 drop=0 sent=48899 fail=0 hi=6 rtt_avg=28us get_avg=0us get_max=3ms
2026-10-02T19:51:37.523Z raft-obs: tx->3 enq=48938 drop=0 sent=48722 fail=0 hi=5 rtt_avg=28us get_avg=0us get_max=3ms
2026-10-02T19:51:37.523Z raft-obs: wait_timeouts=0 pump_hold_max=803us lock_wait_max=1us drain_max=803us tick_max=1us apply_max=798us persist_max=569us applies_in_worst=1 arc_miss=0 arc_term_miss=0 opid_replay=0 fin_q=0 fin_done=0 fin_drop=0 fin_full=0 pub_p50=0us pub_max=0us inbox_drop=0
2026-10-02T19:51:37.865Z kv-compact: start l0=261 inputs=2 range=1 l0only=1
2026-10-02T19:51:37.884Z kv-compact: end bytes=7691970 ms=19 l0=260 l1=304 rc=0
2026-10-02T19:51:37.884Z kv-compact: start l0=260 inputs=2 range=2 l0only=1
2026-10-02T19:51:37.896Z kv-compact: end bytes=4802754 ms=12 l0=259 l1=304 rc=0
2026-10-02T19:51:42.523Z raft-obs: tx->0 enq=49358 drop=0 sent=49089 fail=0 hi=6 rtt_avg=28us get_avg=0us get_max=3ms
2026-10-02T19:51:42.523Z raft-obs: tx->3 enq=49128 drop=0 sent=48912 fail=0 hi=5 rtt_avg=28us get_avg=0us get_max=3ms
2026-10-02T19:51:42.523Z raft-obs: wait_timeouts=0 pump_hold_max=7452us lock_wait_max=1us drain_max=7451us tick_max=1us apply_max=7447us persist_max=636us applies_in_worst=1 arc_miss=0 arc_term_miss=0 opid_replay=0 fin_q=0 fin_done=0 fin_drop=0 fin_full=0 pub_p50=0us pub_max=0us inbox_drop=0
2026-10-02T19:51:47.526Z raft-obs: tx->0 enq=49549 drop=0 sent=49280 fail=0 hi=6 rtt_avg=28us get_avg=0us get_max=3ms
2026-10-02T19:51:47.526Z raft-obs: tx->3 enq=49319 drop=0 sent=49103 fail=0 hi=5 rtt_avg=28us get_avg=0us get_max=3ms
2026-10-02T19:51:47.526Z raft-obs: wait_timeouts=0 pump_hold_max=547us lock_wait_max=1us drain_max=547us tick_max=1us apply_max=211us persist_max=586us applies_in_worst=1 arc_miss=0 arc_term_miss=0 opid_replay=0 fin_q=0 fin_done=0 fin_drop=0 fin_full=0 pub_p50=0us pub_max=0us inbox_drop=0
2026-10-02T19:51:52.526Z raft-obs: tx->0 enq=49739 drop=0 sent=49470 fail=0 hi=6 rtt_avg=28us get_avg=0us get_max=3ms
2026-10-02T19:51:52.526Z raft-obs: tx->3 enq=49509 drop=0 sent=49293 fail=0 hi=5 rtt_avg=28us get_avg=0us get_max=3ms
2026-10-02T19:51:52.526Z raft-obs: wait_timeouts=0 pump_hold_max=592us lock_wait_max=1us drain_max=592us tick_max=1us apply_max=262us persist_max=583us applies_in_worst=1 arc_miss=0 arc_term_miss=0 opid_replay=0 fin_q=0 fin_done=0 fin_drop=0 fin_full=0 pub_p50=0us pub_max=0us inbox_drop=0
2026-10-02T19:51:57.526Z raft-obs: tx->0 enq=49930 drop=0 sent=49661 fail=0 hi=6 rtt_avg=28us get_avg=0us get_max=3ms
2026-10-02T19:51:57.526Z raft-obs: tx->3 enq=49700 drop=0 sent=49483 fail=0 hi=5 rtt_avg=28us get_avg=0us get_max=3ms
2026-10-02T19:51:57.526Z raft-obs: wait_timeouts=0 pump_hold_max=435us lock_wait_max=1us drain_max=435us tick_max=1us apply_max=302us persist_max=519us applies_in_worst=1 arc_miss=0 arc_term_miss=0 opid_replay=0 fin_q=0 fin_done=0 fin_drop=0 fin_full=0 pub_p50=0us pub_max=0us inbox_drop=0
[ perf record: Woken up 87 times to write data ]
[ perf record: Captured and wrote 24.682 MB /tmp/efs-perf/efsd.data (149356 samples) ]
2026-10-02T19:52:02.530Z raft-obs: tx->0 enq=50120 drop=0 sent=49851 fail=0 hi=6 rtt_avg=28us get_avg=0us get_max=3ms
2026-10-02T19:52:02.530Z raft-obs: tx->3 enq=49890 drop=0 sent=49674 fail=0 hi=5 rtt_avg=28us get_avg=0us get_max=3ms
2026-10-02T19:52:02.530Z raft-obs: wait_timeouts=0 pump_hold_max=448us lock_wait_max=1us drain_max=448us tick_max=1us apply_max=227us persist_max=522us applies_in_worst=1 arc_miss=0 arc_term_miss=0 opid_replay=0 fin_q=0 fin_done=0 fin_drop=0 fin_full=0 pub_p50=0us pub_max=0us inbox_drop=0
2026-10-02T19:52:07.534Z raft-obs: tx->0 enq=50311 drop=0 sent=50042 fail=0 hi=6 rtt_avg=28us get_avg=0us get_max=3ms
2026-10-02T19:52:07.534Z raft-obs: tx->3 enq=50081 drop=0 sent=49865 fail=0 hi=5 rtt_avg=28us get_avg=0us get_max=3ms
2026-10-02T19:52:07.534Z raft-obs: wait_timeouts=0 pump_hold_max=474us lock_wait_max=1us drain_max=474us tick_max=1us apply_max=387us persist_max=510us applies_in_worst=1 arc_miss=0 arc_term_miss=0 opid_replay=0 fin_q=0 fin_done=0 fin_drop=0 fin_full=0 pub_p50=0us pub_max=0us inbox_drop=0
2026-10-02T19:52:12.534Z raft-obs: tx->0 enq=50502 drop=0 sent=50233 fail=0 hi=6 rtt_avg=28us get_avg=0us get_max=3ms
2026-10-02T19:52:12.534Z raft-obs: tx->3 enq=50272 drop=0 sent=50056 fail=0 hi=5 rtt_avg=28us get_avg=0us get_max=3ms
2026-10-02T19:52:12.534Z raft-obs: wait_timeouts=0 pump_hold_max=437us lock_wait_max=4us drain_max=437us tick_max=1us apply_max=264us persist_max=537us applies_in_worst=1 arc_miss=0 arc_term_miss=0 opid_replay=0 fin_q=0 fin_done=0 fin_drop=0 fin_full=0 pub_p50=0us pub_max=0us inbox_drop=0
2026-10-02T19:52:16.294Z shutdown: 4 conn threads still live after drain timeout; forcing teardown
