2026-10-02T19:22:34.130Z Loaded 4 persisted cluster node(s) from /data1/01/efs/meta/cluster_nodes.bin
2026-10-02T19:22:34.130Z   persisted node 1: 172.16.223.57:19810
2026-10-02T19:22:34.130Z   persisted node 2: 172.16.223.58:19810
2026-10-02T19:22:34.130Z   persisted node 3: 172.16.223.59:19810
2026-10-02T19:22:34.130Z   persisted node 4: 172.16.223.60:19810
2026-10-02T19:22:34.130Z Trying to rejoin via persisted peer 172.16.223.57:19810 (node 1)...
2026-10-02T19:22:37.544Z efs: RDMA transport up on mlx5_2 port 1 (lid 2169, 36 x 84 KiB bufs/conn)
2026-10-02T19:22:37.548Z Joined cluster with 4 nodes
2026-10-02T19:22:37.548Z Rejoined cluster via 172.16.223.57:19810
2026-10-02T19:22:37.551Z heartbeat: enabled (2000 ms interval)
2026-10-02T19:22:47.068Z raft-obs: g0 term 0->130 role FOLLOWER->FOLLOWER leader=-1 commit=4266279 applied=4266279 t=1790968967068ms
2026-10-02T19:22:47.068Z raft-obs: g2 term 0->69 role FOLLOWER->FOLLOWER leader=-1 commit=4501293 applied=4501293 t=1790968967068ms
2026-10-02T19:22:47.068Z raft-host: up raft_id=1 n=4 boot=4352380945742176 salt=7462687444795235770 g0=hosted g2=hosted
2026-10-02T19:22:47.068Z raft-obs: wait_timeouts=0 pump_hold_max=11us lock_wait_max=4us drain_max=10us tick_max=1us apply_max=0us persist_max=0us applies_in_worst=0 arc_miss=0 arc_term_miss=0 opid_replay=0 fin_q=0 fin_done=0 fin_drop=0 fin_full=0 pub_p50=0us pub_max=0us inbox_drop=0
2026-10-02T19:22:47.068Z efsd node 2 listening on 172.16.223.58:19810, storage=/data1/01/efs,/data1/02/efs,/data1/03/efs,/data1/04/efs,/data1/05/efs,/data1/06/efs (6 paths, stripe=leastq), used=748531154944, quota=39582418599936, direct_io=on, writers=20 shared, build=efc0f499cbae-dirty
2026-10-02T19:22:47.078Z raft-obs: wait_timeouts=0 pump_hold_max=1us lock_wait_max=0us drain_max=1us tick_max=0us apply_max=0us persist_max=1us applies_in_worst=0 arc_miss=0 arc_term_miss=0 opid_replay=0 fin_q=0 fin_done=0 fin_drop=0 fin_full=0 pub_p50=0us pub_max=0us inbox_drop=0
2026-10-02T19:22:47.083Z raft-obs: wait_timeouts=0 pump_hold_max=1us lock_wait_max=0us drain_max=0us tick_max=1us apply_max=0us persist_max=0us applies_in_worst=0 arc_miss=0 arc_term_miss=0 opid_replay=0 fin_q=0 fin_done=0 fin_drop=0 fin_full=0 pub_p50=0us pub_max=0us inbox_drop=0
2026-10-02T19:22:47.093Z raft-obs: wait_timeouts=0 pump_hold_max=1us lock_wait_max=0us drain_max=0us tick_max=1us apply_max=0us persist_max=0us applies_in_worst=0 arc_miss=0 arc_term_miss=0 opid_replay=0 fin_q=0 fin_done=0 fin_drop=0 fin_full=0 pub_p50=0us pub_max=0us inbox_drop=0
2026-10-02T19:22:47.104Z raft-obs: wait_timeouts=0 pump_hold_max=16us lock_wait_max=6us drain_max=12us tick_max=4us apply_max=0us persist_max=0us applies_in_worst=0 arc_miss=0 arc_term_miss=0 opid_replay=0 fin_q=0 fin_done=0 fin_drop=0 fin_full=0 pub_p50=0us pub_max=0us inbox_drop=0
2026-10-02T19:22:47.104Z efsd: RDMA transport up on mlx5_2 port 1 (lid 2169)
2026-10-02T19:22:47.118Z raft-obs: g2 term 69->70 role FOLLOWER->FOLLOWER leader=-1 commit=4501293 applied=4501293 t=1790968967118ms
2026-10-02T19:22:47.118Z raft-obs: tx->3 enq=1 drop=0 sent=0 fail=0 hi=1 rtt_avg=0us get_avg=0us get_max=0ms
2026-10-02T19:22:47.118Z raft-obs: wait_timeouts=0 pump_hold_max=13753us lock_wait_max=0us drain_max=13753us tick_max=0us apply_max=0us persist_max=0us applies_in_worst=0 arc_miss=0 arc_term_miss=0 opid_replay=0 fin_q=0 fin_done=0 fin_drop=0 fin_full=0 pub_p50=0us pub_max=0us inbox_drop=0
2026-10-02T19:22:47.129Z raft-obs: g0 term 130->144 role FOLLOWER->FOLLOWER leader=0 commit=4266279 applied=4266279 t=1790968967129ms
2026-10-02T19:22:47.129Z raft-obs: g2 term 70->75 role FOLLOWER->FOLLOWER leader=3 commit=4501293 applied=4501293 t=1790968967129ms
2026-10-02T19:22:52.121Z raft-obs: tx->0 enq=116 drop=0 sent=115 fail=0 hi=6 rtt_avg=32us get_avg=27us get_max=3ms
2026-10-02T19:22:52.121Z raft-obs: tx->3 enq=108 drop=0 sent=108 fail=0 hi=6 rtt_avg=32us get_avg=27us get_max=2ms
2026-10-02T19:22:52.121Z raft-obs: wait_timeouts=0 pump_hold_max=10473us lock_wait_max=8us drain_max=10473us tick_max=1us apply_max=0us persist_max=265us applies_in_worst=0 arc_miss=0 arc_term_miss=0 opid_replay=0 fin_q=0 fin_done=0 fin_drop=0 fin_full=0 pub_p50=0us pub_max=0us inbox_drop=0
2026-10-02T19:22:57.123Z raft-obs: tx->0 enq=215 drop=0 sent=214 fail=0 hi=6 rtt_avg=31us get_avg=14us get_max=3ms
2026-10-02T19:22:57.123Z raft-obs: tx->3 enq=207 drop=0 sent=207 fail=0 hi=6 rtt_avg=30us get_avg=14us get_max=2ms
2026-10-02T19:22:57.123Z raft-obs: wait_timeouts=0 pump_hold_max=4us lock_wait_max=3us drain_max=3us tick_max=1us apply_max=0us persist_max=1us applies_in_worst=0 arc_miss=0 arc_term_miss=0 opid_replay=0 fin_q=0 fin_done=0 fin_drop=0 fin_full=0 pub_p50=0us pub_max=0us inbox_drop=0
2026-10-02T19:23:02.124Z raft-obs: tx->0 enq=314 drop=0 sent=313 fail=0 hi=6 rtt_avg=30us get_avg=10us get_max=3ms
2026-10-02T19:23:02.124Z raft-obs: tx->3 enq=306 drop=0 sent=306 fail=0 hi=6 rtt_avg=29us get_avg=10us get_max=2ms
2026-10-02T19:23:02.124Z raft-obs: wait_timeouts=0 pump_hold_max=7us lock_wait_max=1us drain_max=7us tick_max=7us apply_max=0us persist_max=3us applies_in_worst=0 arc_miss=0 arc_term_miss=0 opid_replay=0 fin_q=0 fin_done=0 fin_drop=0 fin_full=0 pub_p50=0us pub_max=0us inbox_drop=0
2026-10-02T19:23:07.125Z raft-obs: tx->0 enq=413 drop=0 sent=411 fail=0 hi=6 rtt_avg=30us get_avg=7us get_max=3ms
2026-10-02T19:23:07.125Z raft-obs: tx->3 enq=405 drop=0 sent=405 fail=0 hi=6 rtt_avg=29us get_avg=7us get_max=2ms
2026-10-02T19:23:07.125Z raft-obs: wait_timeouts=0 pump_hold_max=8us lock_wait_max=4us drain_max=7us tick_max=1us apply_max=0us persist_max=5us applies_in_worst=0 arc_miss=0 arc_term_miss=0 opid_replay=0 fin_q=0 fin_done=0 fin_drop=0 fin_full=0 pub_p50=0us pub_max=0us inbox_drop=0
2026-10-02T19:23:12.125Z raft-obs: tx->0 enq=511 drop=0 sent=510 fail=0 hi=6 rtt_avg=29us get_avg=6us get_max=3ms
2026-10-02T19:23:12.125Z raft-obs: tx->3 enq=503 drop=0 sent=503 fail=0 hi=6 rtt_avg=28us get_avg=6us get_max=2ms
2026-10-02T19:23:12.125Z raft-obs: wait_timeouts=0 pump_hold_max=6us lock_wait_max=1us drain_max=6us tick_max=1us apply_max=0us persist_max=17us applies_in_worst=0 arc_miss=0 arc_term_miss=0 opid_replay=0 fin_q=0 fin_done=0 fin_drop=0 fin_full=0 pub_p50=0us pub_max=0us inbox_drop=0
2026-10-02T19:23:17.126Z raft-obs: tx->0 enq=610 drop=0 sent=609 fail=0 hi=6 rtt_avg=29us get_avg=5us get_max=3ms
2026-10-02T19:23:17.126Z raft-obs: tx->3 enq=602 drop=0 sent=602 fail=0 hi=6 rtt_avg=28us get_avg=5us get_max=2ms
2026-10-02T19:23:17.126Z raft-obs: wait_timeouts=0 pump_hold_max=5us lock_wait_max=1us drain_max=5us tick_max=1us apply_max=0us persist_max=1us applies_in_worst=0 arc_miss=0 arc_term_miss=0 opid_replay=0 fin_q=0 fin_done=0 fin_drop=0 fin_full=0 pub_p50=0us pub_max=0us inbox_drop=0
2026-10-02T19:23:22.127Z raft-obs: tx->0 enq=709 drop=0 sent=708 fail=0 hi=6 rtt_avg=29us get_avg=4us get_max=3ms
2026-10-02T19:23:22.127Z raft-obs: tx->3 enq=701 drop=0 sent=701 fail=0 hi=6 rtt_avg=28us get_avg=4us get_max=2ms
2026-10-02T19:23:22.127Z raft-obs: wait_timeouts=0 pump_hold_max=4us lock_wait_max=1us drain_max=3us tick_max=1us apply_max=0us persist_max=1us applies_in_worst=0 arc_miss=0 arc_term_miss=0 opid_replay=0 fin_q=0 fin_done=0 fin_drop=0 fin_full=0 pub_p50=0us pub_max=0us inbox_drop=0
2026-10-02T19:23:27.129Z raft-obs: tx->0 enq=808 drop=0 sent=807 fail=0 hi=6 rtt_avg=29us get_avg=4us get_max=3ms
2026-10-02T19:23:27.129Z raft-obs: tx->3 enq=800 drop=0 sent=800 fail=0 hi=6 rtt_avg=28us get_avg=3us get_max=2ms
2026-10-02T19:23:27.129Z raft-obs: wait_timeouts=0 pump_hold_max=20us lock_wait_max=6us drain_max=9us tick_max=20us apply_max=0us persist_max=4us applies_in_worst=0 arc_miss=0 arc_term_miss=0 opid_replay=0 fin_q=0 fin_done=0 fin_drop=0 fin_full=0 pub_p50=0us pub_max=0us inbox_drop=0
2026-10-02T19:23:32.129Z raft-obs: tx->0 enq=907 drop=0 sent=905 fail=0 hi=6 rtt_avg=29us get_avg=3us get_max=3ms
2026-10-02T19:23:32.129Z raft-obs: tx->3 enq=899 drop=0 sent=899 fail=0 hi=6 rtt_avg=28us get_avg=3us get_max=2ms
2026-10-02T19:23:32.129Z raft-obs: wait_timeouts=0 pump_hold_max=3us lock_wait_max=3us drain_max=3us tick_max=1us apply_max=0us persist_max=5us applies_in_worst=0 arc_miss=0 arc_term_miss=0 opid_replay=0 fin_q=0 fin_done=0 fin_drop=0 fin_full=0 pub_p50=0us pub_max=0us inbox_drop=0
2026-10-02T19:23:37.130Z raft-obs: tx->0 enq=1005 drop=0 sent=1004 fail=0 hi=6 rtt_avg=29us get_avg=3us get_max=3ms
2026-10-02T19:23:37.130Z raft-obs: tx->3 enq=997 drop=0 sent=997 fail=0 hi=6 rtt_avg=28us get_avg=3us get_max=2ms
2026-10-02T19:23:37.130Z raft-obs: wait_timeouts=0 pump_hold_max=4us lock_wait_max=1us drain_max=3us tick_max=1us apply_max=0us persist_max=1us applies_in_worst=0 arc_miss=0 arc_term_miss=0 opid_replay=0 fin_q=0 fin_done=0 fin_drop=0 fin_full=0 pub_p50=0us pub_max=0us inbox_drop=0
2026-10-02T19:23:42.131Z raft-obs: tx->0 enq=1104 drop=0 sent=1103 fail=0 hi=6 rtt_avg=28us get_avg=3us get_max=3ms
2026-10-02T19:23:42.131Z raft-obs: tx->3 enq=1096 drop=0 sent=1096 fail=0 hi=6 rtt_avg=28us get_avg=2us get_max=2ms
2026-10-02T19:23:42.131Z raft-obs: wait_timeouts=0 pump_hold_max=9us lock_wait_max=1us drain_max=8us tick_max=6us apply_max=0us persist_max=1us applies_in_worst=0 arc_miss=0 arc_term_miss=0 opid_replay=0 fin_q=0 fin_done=0 fin_drop=0 fin_full=0 pub_p50=0us pub_max=0us inbox_drop=0
2026-10-02T19:23:47.132Z raft-obs: tx->0 enq=1203 drop=0 sent=1202 fail=0 hi=6 rtt_avg=28us get_avg=2us get_max=3ms
2026-10-02T19:23:47.132Z raft-obs: tx->3 enq=1195 drop=0 sent=1195 fail=0 hi=6 rtt_avg=28us get_avg=2us get_max=2ms
2026-10-02T19:23:47.132Z raft-obs: wait_timeouts=0 pump_hold_max=5us lock_wait_max=1us drain_max=5us tick_max=1us apply_max=0us persist_max=1us applies_in_worst=0 arc_miss=0 arc_term_miss=0 opid_replay=0 fin_q=0 fin_done=0 fin_drop=0 fin_full=0 pub_p50=0us pub_max=0us inbox_drop=0
2026-10-02T19:23:52.133Z raft-obs: tx->0 enq=1302 drop=0 sent=1301 fail=0 hi=6 rtt_avg=28us get_avg=2us get_max=3ms
2026-10-02T19:23:52.133Z raft-obs: tx->3 enq=1294 drop=0 sent=1294 fail=0 hi=6 rtt_avg=28us get_avg=2us get_max=2ms
2026-10-02T19:23:52.133Z raft-obs: wait_timeouts=0 pump_hold_max=6us lock_wait_max=6us drain_max=6us tick_max=1us apply_max=0us persist_max=4us applies_in_worst=0 arc_miss=0 arc_term_miss=0 opid_replay=0 fin_q=0 fin_done=0 fin_drop=0 fin_full=0 pub_p50=0us pub_max=0us inbox_drop=0
2026-10-02T19:23:57.133Z raft-obs: tx->0 enq=1400 drop=0 sent=1399 fail=0 hi=6 rtt_avg=28us get_avg=2us get_max=3ms
2026-10-02T19:23:57.133Z raft-obs: tx->3 enq=1393 drop=0 sent=1392 fail=0 hi=6 rtt_avg=28us get_avg=2us get_max=2ms
2026-10-02T19:23:57.133Z raft-obs: wait_timeouts=0 pump_hold_max=11us lock_wait_max=1us drain_max=11us tick_max=1us apply_max=0us persist_max=1us applies_in_worst=0 arc_miss=0 arc_term_miss=0 opid_replay=0 fin_q=0 fin_done=0 fin_drop=0 fin_full=0 pub_p50=0us pub_max=0us inbox_drop=0
2026-10-02T19:24:02.134Z raft-obs: tx->0 enq=1499 drop=0 sent=1498 fail=0 hi=6 rtt_avg=28us get_avg=2us get_max=3ms
2026-10-02T19:24:02.134Z raft-obs: tx->3 enq=1491 drop=0 sent=1491 fail=0 hi=6 rtt_avg=28us get_avg=2us get_max=2ms
2026-10-02T19:24:02.134Z raft-obs: wait_timeouts=0 pump_hold_max=3us lock_wait_max=7us drain_max=3us tick_max=1us apply_max=0us persist_max=4us applies_in_worst=0 arc_miss=0 arc_term_miss=0 opid_replay=0 fin_q=0 fin_done=0 fin_drop=0 fin_full=0 pub_p50=0us pub_max=0us inbox_drop=0
2026-10-02T19:24:07.135Z raft-obs: tx->0 enq=1598 drop=0 sent=1597 fail=0 hi=6 rtt_avg=28us get_avg=2us get_max=3ms
2026-10-02T19:24:07.135Z raft-obs: tx->3 enq=1590 drop=0 sent=1590 fail=0 hi=6 rtt_avg=28us get_avg=2us get_max=2ms
2026-10-02T19:24:07.135Z raft-obs: wait_timeouts=0 pump_hold_max=6us lock_wait_max=7us drain_max=6us tick_max=1us apply_max=0us persist_max=1us applies_in_worst=0 arc_miss=0 arc_term_miss=0 opid_replay=0 fin_q=0 fin_done=0 fin_drop=0 fin_full=0 pub_p50=0us pub_max=0us inbox_drop=0
2026-10-02T19:24:12.136Z raft-obs: tx->0 enq=1697 drop=0 sent=1696 fail=0 hi=6 rtt_avg=28us get_avg=2us get_max=3ms
2026-10-02T19:24:12.136Z raft-obs: tx->3 enq=1689 drop=0 sent=1689 fail=0 hi=6 rtt_avg=28us get_avg=2us get_max=2ms
2026-10-02T19:24:12.136Z raft-obs: wait_timeouts=0 pump_hold_max=5us lock_wait_max=1us drain_max=5us tick_max=1us apply_max=0us persist_max=1us applies_in_worst=0 arc_miss=0 arc_term_miss=0 opid_replay=0 fin_q=0 fin_done=0 fin_drop=0 fin_full=0 pub_p50=0us pub_max=0us inbox_drop=0
2026-10-02T19:24:17.137Z raft-obs: tx->0 enq=1796 drop=0 sent=1795 fail=0 hi=6 rtt_avg=28us get_avg=1us get_max=3ms
2026-10-02T19:24:17.137Z raft-obs: tx->3 enq=1788 drop=0 sent=1788 fail=0 hi=6 rtt_avg=28us get_avg=1us get_max=2ms
2026-10-02T19:24:17.137Z raft-obs: wait_timeouts=0 pump_hold_max=6us lock_wait_max=6us drain_max=5us tick_max=6us apply_max=0us persist_max=17us applies_in_worst=0 arc_miss=0 arc_term_miss=0 opid_replay=0 fin_q=0 fin_done=0 fin_drop=0 fin_full=0 pub_p50=0us pub_max=0us inbox_drop=0
2026-10-02T19:24:22.138Z raft-obs: tx->0 enq=1894 drop=0 sent=1893 fail=0 hi=6 rtt_avg=28us get_avg=1us get_max=3ms
2026-10-02T19:24:22.138Z raft-obs: tx->3 enq=1886 drop=0 sent=1886 fail=0 hi=6 rtt_avg=28us get_avg=1us get_max=2ms
2026-10-02T19:24:22.138Z raft-obs: wait_timeouts=0 pump_hold_max=9us lock_wait_max=1us drain_max=9us tick_max=1us apply_max=0us persist_max=1us applies_in_worst=0 arc_miss=0 arc_term_miss=0 opid_replay=0 fin_q=0 fin_done=0 fin_drop=0 fin_full=0 pub_p50=0us pub_max=0us inbox_drop=0
2026-10-02T19:24:27.139Z raft-obs: tx->0 enq=1993 drop=0 sent=1992 fail=0 hi=6 rtt_avg=28us get_avg=1us get_max=3ms
2026-10-02T19:24:27.139Z raft-obs: tx->3 enq=1985 drop=0 sent=1985 fail=0 hi=6 rtt_avg=28us get_avg=1us get_max=2ms
2026-10-02T19:24:27.139Z raft-obs: wait_timeouts=0 pump_hold_max=6us lock_wait_max=1us drain_max=6us tick_max=3us apply_max=0us persist_max=7us applies_in_worst=0 arc_miss=0 arc_term_miss=0 opid_replay=0 fin_q=0 fin_done=0 fin_drop=0 fin_full=0 pub_p50=0us pub_max=0us inbox_drop=0
2026-10-02T19:24:32.140Z raft-obs: tx->0 enq=2092 drop=0 sent=2091 fail=0 hi=6 rtt_avg=28us get_avg=1us get_max=3ms
2026-10-02T19:24:32.140Z raft-obs: tx->3 enq=2084 drop=0 sent=2084 fail=0 hi=6 rtt_avg=28us get_avg=1us get_max=2ms
2026-10-02T19:24:32.140Z raft-obs: wait_timeouts=0 pump_hold_max=7us lock_wait_max=1us drain_max=5us tick_max=6us apply_max=0us persist_max=1us applies_in_worst=0 arc_miss=0 arc_term_miss=0 opid_replay=0 fin_q=0 fin_done=0 fin_drop=0 fin_full=0 pub_p50=0us pub_max=0us inbox_drop=0
2026-10-02T19:24:37.141Z raft-obs: tx->0 enq=2191 drop=0 sent=2190 fail=0 hi=6 rtt_avg=28us get_avg=1us get_max=3ms
2026-10-02T19:24:37.141Z raft-obs: tx->3 enq=2183 drop=0 sent=2183 fail=0 hi=6 rtt_avg=28us get_avg=1us get_max=2ms
2026-10-02T19:24:37.141Z raft-obs: wait_timeouts=0 pump_hold_max=5us lock_wait_max=1us drain_max=5us tick_max=1us apply_max=0us persist_max=4us applies_in_worst=0 arc_miss=0 arc_term_miss=0 opid_replay=0 fin_q=0 fin_done=0 fin_drop=0 fin_full=0 pub_p50=0us pub_max=0us inbox_drop=0
2026-10-02T19:24:42.142Z raft-obs: tx->0 enq=2290 drop=0 sent=2289 fail=0 hi=6 rtt_avg=28us get_avg=1us get_max=3ms
2026-10-02T19:24:42.142Z raft-obs: tx->3 enq=2282 drop=0 sent=2282 fail=0 hi=6 rtt_avg=28us get_avg=1us get_max=2ms
2026-10-02T19:24:42.142Z raft-obs: wait_timeouts=0 pump_hold_max=5us lock_wait_max=1us drain_max=5us tick_max=1us apply_max=0us persist_max=3us applies_in_worst=0 arc_miss=0 arc_term_miss=0 opid_replay=0 fin_q=0 fin_done=0 fin_drop=0 fin_full=0 pub_p50=0us pub_max=0us inbox_drop=0
2026-10-02T19:24:47.143Z raft-obs: tx->0 enq=2388 drop=0 sent=2387 fail=0 hi=6 rtt_avg=28us get_avg=1us get_max=3ms
2026-10-02T19:24:47.143Z raft-obs: tx->3 enq=2380 drop=0 sent=2380 fail=0 hi=6 rtt_avg=28us get_avg=1us get_max=2ms
2026-10-02T19:24:47.143Z raft-obs: wait_timeouts=0 pump_hold_max=6us lock_wait_max=1us drain_max=5us tick_max=4us apply_max=0us persist_max=1us applies_in_worst=0 arc_miss=0 arc_term_miss=0 opid_replay=0 fin_q=0 fin_done=0 fin_drop=0 fin_full=0 pub_p50=0us pub_max=0us inbox_drop=0
2026-10-02T19:24:52.144Z raft-obs: tx->0 enq=2487 drop=0 sent=2486 fail=0 hi=6 rtt_avg=28us get_avg=1us get_max=3ms
2026-10-02T19:24:52.144Z raft-obs: tx->3 enq=2479 drop=0 sent=2479 fail=0 hi=6 rtt_avg=28us get_avg=1us get_max=2ms
2026-10-02T19:24:52.144Z raft-obs: wait_timeouts=0 pump_hold_max=14us lock_wait_max=1us drain_max=14us tick_max=1us apply_max=0us persist_max=1us applies_in_worst=0 arc_miss=0 arc_term_miss=0 opid_replay=0 fin_q=0 fin_done=0 fin_drop=0 fin_full=0 pub_p50=0us pub_max=0us inbox_drop=0
2026-10-02T19:24:57.145Z raft-obs: tx->0 enq=2586 drop=0 sent=2585 fail=0 hi=6 rtt_avg=28us get_avg=1us get_max=3ms
2026-10-02T19:24:57.145Z raft-obs: tx->3 enq=2578 drop=0 sent=2578 fail=0 hi=6 rtt_avg=28us get_avg=1us get_max=2ms
2026-10-02T19:24:57.145Z raft-obs: wait_timeouts=0 pump_hold_max=5us lock_wait_max=1us drain_max=5us tick_max=1us apply_max=0us persist_max=5us applies_in_worst=0 arc_miss=0 arc_term_miss=0 opid_replay=0 fin_q=0 fin_done=0 fin_drop=0 fin_full=0 pub_p50=0us pub_max=0us inbox_drop=0
2026-10-02T19:25:02.147Z raft-obs: tx->0 enq=2685 drop=0 sent=2684 fail=0 hi=6 rtt_avg=27us get_avg=1us get_max=3ms
2026-10-02T19:25:02.147Z raft-obs: tx->3 enq=2677 drop=0 sent=2677 fail=0 hi=6 rtt_avg=28us get_avg=1us get_max=2ms
2026-10-02T19:25:02.147Z raft-obs: wait_timeouts=0 pump_hold_max=5us lock_wait_max=1us drain_max=5us tick_max=1us apply_max=0us persist_max=1us applies_in_worst=0 arc_miss=0 arc_term_miss=0 opid_replay=0 fin_q=0 fin_done=0 fin_drop=0 fin_full=0 pub_p50=0us pub_max=0us inbox_drop=0
2026-10-02T19:25:07.148Z raft-obs: tx->0 enq=2784 drop=0 sent=2783 fail=0 hi=6 rtt_avg=27us get_avg=1us get_max=3ms
2026-10-02T19:25:07.148Z raft-obs: tx->3 enq=2776 drop=0 sent=2776 fail=0 hi=6 rtt_avg=28us get_avg=1us get_max=2ms
2026-10-02T19:25:07.148Z raft-obs: wait_timeouts=0 pump_hold_max=5us lock_wait_max=1us drain_max=5us tick_max=1us apply_max=0us persist_max=1us applies_in_worst=0 arc_miss=0 arc_term_miss=0 opid_replay=0 fin_q=0 fin_done=0 fin_drop=0 fin_full=0 pub_p50=0us pub_max=0us inbox_drop=0
2026-10-02T19:25:12.149Z raft-obs: tx->0 enq=2882 drop=0 sent=2881 fail=0 hi=6 rtt_avg=27us get_avg=1us get_max=3ms
2026-10-02T19:25:12.149Z raft-obs: tx->3 enq=2874 drop=0 sent=2874 fail=0 hi=6 rtt_avg=28us get_avg=1us get_max=2ms
2026-10-02T19:25:12.149Z raft-obs: wait_timeouts=0 pump_hold_max=7us lock_wait_max=4us drain_max=7us tick_max=1us apply_max=0us persist_max=3us applies_in_worst=0 arc_miss=0 arc_term_miss=0 opid_replay=0 fin_q=0 fin_done=0 fin_drop=0 fin_full=0 pub_p50=0us pub_max=0us inbox_drop=0
2026-10-02T19:25:17.150Z raft-obs: tx->0 enq=2981 drop=0 sent=2980 fail=0 hi=6 rtt_avg=27us get_avg=1us get_max=3ms
2026-10-02T19:25:17.150Z raft-obs: tx->3 enq=2973 drop=0 sent=2973 fail=0 hi=6 rtt_avg=28us get_avg=1us get_max=2ms
2026-10-02T19:25:17.150Z raft-obs: wait_timeouts=0 pump_hold_max=10us lock_wait_max=3us drain_max=10us tick_max=1us apply_max=0us persist_max=8us applies_in_worst=0 arc_miss=0 arc_term_miss=0 opid_replay=0 fin_q=0 fin_done=0 fin_drop=0 fin_full=0 pub_p50=0us pub_max=0us inbox_drop=0
2026-10-02T19:25:22.151Z raft-obs: tx->0 enq=3080 drop=0 sent=3079 fail=0 hi=6 rtt_avg=27us get_avg=1us get_max=3ms
2026-10-02T19:25:22.151Z raft-obs: tx->3 enq=3072 drop=0 sent=3072 fail=0 hi=6 rtt_avg=28us get_avg=1us get_max=2ms
2026-10-02T19:25:22.151Z raft-obs: wait_timeouts=0 pump_hold_max=9us lock_wait_max=1us drain_max=9us tick_max=1us apply_max=0us persist_max=1us applies_in_worst=0 arc_miss=0 arc_term_miss=0 opid_replay=0 fin_q=0 fin_done=0 fin_drop=0 fin_full=0 pub_p50=0us pub_max=0us inbox_drop=0
2026-10-02T19:25:27.152Z raft-obs: tx->0 enq=3179 drop=0 sent=3178 fail=0 hi=6 rtt_avg=27us get_avg=1us get_max=3ms
2026-10-02T19:25:27.152Z raft-obs: tx->3 enq=3171 drop=0 sent=3171 fail=0 hi=6 rtt_avg=28us get_avg=1us get_max=2ms
2026-10-02T19:25:27.152Z raft-obs: wait_timeouts=0 pump_hold_max=7us lock_wait_max=1us drain_max=5us tick_max=5us apply_max=0us persist_max=18us applies_in_worst=0 arc_miss=0 arc_term_miss=0 opid_replay=0 fin_q=0 fin_done=0 fin_drop=0 fin_full=0 pub_p50=0us pub_max=0us inbox_drop=0
2026-10-02T19:25:32.153Z raft-obs: tx->0 enq=3278 drop=0 sent=3277 fail=0 hi=6 rtt_avg=27us get_avg=1us get_max=3ms
2026-10-02T19:25:32.153Z raft-obs: tx->3 enq=3270 drop=0 sent=3270 fail=0 hi=6 rtt_avg=28us get_avg=1us get_max=2ms
2026-10-02T19:25:32.153Z raft-obs: wait_timeouts=0 pump_hold_max=6us lock_wait_max=1us drain_max=6us tick_max=1us apply_max=0us persist_max=1us applies_in_worst=0 arc_miss=0 arc_term_miss=0 opid_replay=0 fin_q=0 fin_done=0 fin_drop=0 fin_full=0 pub_p50=0us pub_max=0us inbox_drop=0
2026-10-02T19:25:37.154Z raft-obs: tx->0 enq=3377 drop=0 sent=3375 fail=0 hi=6 rtt_avg=27us get_avg=1us get_max=3ms
2026-10-02T19:25:37.154Z raft-obs: tx->3 enq=3368 drop=0 sent=3368 fail=0 hi=6 rtt_avg=28us get_avg=1us get_max=2ms
2026-10-02T19:25:37.154Z raft-obs: wait_timeouts=0 pump_hold_max=19us lock_wait_max=1us drain_max=19us tick_max=1us apply_max=0us persist_max=1us applies_in_worst=0 arc_miss=0 arc_term_miss=0 opid_replay=0 fin_q=0 fin_done=0 fin_drop=0 fin_full=0 pub_p50=0us pub_max=0us inbox_drop=0
2026-10-02T19:25:42.155Z raft-obs: tx->0 enq=3475 drop=0 sent=3474 fail=0 hi=6 rtt_avg=27us get_avg=1us get_max=3ms
2026-10-02T19:25:42.155Z raft-obs: tx->3 enq=3467 drop=0 sent=3467 fail=0 hi=6 rtt_avg=28us get_avg=1us get_max=2ms
2026-10-02T19:25:42.155Z raft-obs: wait_timeouts=0 pump_hold_max=7us lock_wait_max=1us drain_max=7us tick_max=1us apply_max=0us persist_max=3us applies_in_worst=0 arc_miss=0 arc_term_miss=0 opid_replay=0 fin_q=0 fin_done=0 fin_drop=0 fin_full=0 pub_p50=0us pub_max=0us inbox_drop=0
2026-10-02T19:25:47.156Z raft-obs: tx->0 enq=3574 drop=0 sent=3573 fail=0 hi=6 rtt_avg=27us get_avg=1us get_max=3ms
2026-10-02T19:25:47.156Z raft-obs: tx->3 enq=3566 drop=0 sent=3566 fail=0 hi=6 rtt_avg=28us get_avg=1us get_max=2ms
2026-10-02T19:25:47.156Z raft-obs: wait_timeouts=0 pump_hold_max=6us lock_wait_max=1us drain_max=6us tick_max=5us apply_max=0us persist_max=1us applies_in_worst=0 arc_miss=0 arc_term_miss=0 opid_replay=0 fin_q=0 fin_done=0 fin_drop=0 fin_full=0 pub_p50=0us pub_max=0us inbox_drop=0
2026-10-02T19:25:52.157Z raft-obs: tx->0 enq=3673 drop=0 sent=3672 fail=0 hi=6 rtt_avg=27us get_avg=1us get_max=3ms
2026-10-02T19:25:52.157Z raft-obs: tx->3 enq=3665 drop=0 sent=3665 fail=0 hi=6 rtt_avg=28us get_avg=1us get_max=2ms
2026-10-02T19:25:52.157Z raft-obs: wait_timeouts=0 pump_hold_max=5us lock_wait_max=1us drain_max=5us tick_max=1us apply_max=0us persist_max=1us applies_in_worst=0 arc_miss=0 arc_term_miss=0 opid_replay=0 fin_q=0 fin_done=0 fin_drop=0 fin_full=0 pub_p50=0us pub_max=0us inbox_drop=0
2026-10-02T19:25:57.159Z raft-obs: tx->0 enq=3772 drop=0 sent=3771 fail=0 hi=6 rtt_avg=27us get_avg=1us get_max=3ms
2026-10-02T19:25:57.159Z raft-obs: tx->3 enq=3764 drop=0 sent=3764 fail=0 hi=6 rtt_avg=28us get_avg=1us get_max=2ms
2026-10-02T19:25:57.159Z raft-obs: wait_timeouts=0 pump_hold_max=7us lock_wait_max=1us drain_max=7us tick_max=1us apply_max=0us persist_max=1us applies_in_worst=0 arc_miss=0 arc_term_miss=0 opid_replay=0 fin_q=0 fin_done=0 fin_drop=0 fin_full=0 pub_p50=0us pub_max=0us inbox_drop=0
2026-10-02T19:26:02.160Z raft-obs: tx->0 enq=3871 drop=0 sent=3869 fail=0 hi=6 rtt_avg=27us get_avg=1us get_max=3ms
2026-10-02T19:26:02.160Z raft-obs: tx->3 enq=3862 drop=0 sent=3862 fail=0 hi=6 rtt_avg=28us get_avg=1us get_max=2ms
2026-10-02T19:26:02.160Z raft-obs: wait_timeouts=0 pump_hold_max=8us lock_wait_max=1us drain_max=8us tick_max=1us apply_max=0us persist_max=5us applies_in_worst=0 arc_miss=0 arc_term_miss=0 opid_replay=0 fin_q=0 fin_done=0 fin_drop=0 fin_full=0 pub_p50=0us pub_max=0us inbox_drop=0
2026-10-02T19:26:07.161Z raft-obs: tx->0 enq=3969 drop=0 sent=3968 fail=0 hi=6 rtt_avg=27us get_avg=1us get_max=3ms
2026-10-02T19:26:07.161Z raft-obs: tx->3 enq=3961 drop=0 sent=3961 fail=0 hi=6 rtt_avg=28us get_avg=0us get_max=2ms
2026-10-02T19:26:07.161Z raft-obs: wait_timeouts=0 pump_hold_max=10us lock_wait_max=1us drain_max=9us tick_max=4us apply_max=0us persist_max=4us applies_in_worst=0 arc_miss=0 arc_term_miss=0 opid_replay=0 fin_q=0 fin_done=0 fin_drop=0 fin_full=0 pub_p50=0us pub_max=0us inbox_drop=0
2026-10-02T19:26:12.162Z raft-obs: tx->0 enq=4068 drop=0 sent=4067 fail=0 hi=6 rtt_avg=27us get_avg=1us get_max=3ms
2026-10-02T19:26:12.162Z raft-obs: tx->3 enq=4060 drop=0 sent=4060 fail=0 hi=6 rtt_avg=28us get_avg=0us get_max=2ms
2026-10-02T19:26:12.162Z raft-obs: wait_timeouts=0 pump_hold_max=7us lock_wait_max=1us drain_max=7us tick_max=1us apply_max=0us persist_max=1us applies_in_worst=0 arc_miss=0 arc_term_miss=0 opid_replay=0 fin_q=0 fin_done=0 fin_drop=0 fin_full=0 pub_p50=0us pub_max=0us inbox_drop=0
2026-10-02T19:26:17.163Z raft-obs: tx->0 enq=4167 drop=0 sent=4166 fail=0 hi=6 rtt_avg=27us get_avg=1us get_max=3ms
2026-10-02T19:26:17.163Z raft-obs: tx->3 enq=4159 drop=0 sent=4159 fail=0 hi=6 rtt_avg=28us get_avg=0us get_max=2ms
2026-10-02T19:26:17.163Z raft-obs: wait_timeouts=0 pump_hold_max=9us lock_wait_max=4us drain_max=9us tick_max=1us apply_max=0us persist_max=14us applies_in_worst=0 arc_miss=0 arc_term_miss=0 opid_replay=0 fin_q=0 fin_done=0 fin_drop=0 fin_full=0 pub_p50=0us pub_max=0us inbox_drop=0
2026-10-02T19:26:22.164Z raft-obs: tx->0 enq=4266 drop=0 sent=4265 fail=0 hi=6 rtt_avg=27us get_avg=0us get_max=3ms
2026-10-02T19:26:22.164Z raft-obs: tx->3 enq=4258 drop=0 sent=4258 fail=0 hi=6 rtt_avg=28us get_avg=0us get_max=2ms
2026-10-02T19:26:22.164Z raft-obs: wait_timeouts=0 pump_hold_max=6us lock_wait_max=1us drain_max=6us tick_max=1us apply_max=0us persist_max=1us applies_in_worst=0 arc_miss=0 arc_term_miss=0 opid_replay=0 fin_q=0 fin_done=0 fin_drop=0 fin_full=0 pub_p50=0us pub_max=0us inbox_drop=0
2026-10-02T19:26:27.165Z raft-obs: tx->0 enq=4364 drop=0 sent=4363 fail=0 hi=6 rtt_avg=27us get_avg=0us get_max=3ms
2026-10-02T19:26:27.165Z raft-obs: tx->3 enq=4356 drop=0 sent=4356 fail=0 hi=6 rtt_avg=28us get_avg=0us get_max=2ms
2026-10-02T19:26:27.165Z raft-obs: wait_timeouts=0 pump_hold_max=6us lock_wait_max=1us drain_max=6us tick_max=1us apply_max=0us persist_max=1us applies_in_worst=0 arc_miss=0 arc_term_miss=0 opid_replay=0 fin_q=0 fin_done=0 fin_drop=0 fin_full=0 pub_p50=0us pub_max=0us inbox_drop=0
2026-10-02T19:26:32.167Z raft-obs: tx->0 enq=4463 drop=0 sent=4462 fail=0 hi=6 rtt_avg=27us get_avg=0us get_max=3ms
2026-10-02T19:26:32.167Z raft-obs: tx->3 enq=4455 drop=0 sent=4455 fail=0 hi=6 rtt_avg=28us get_avg=0us get_max=2ms
2026-10-02T19:26:32.167Z raft-obs: wait_timeouts=0 pump_hold_max=10us lock_wait_max=17us drain_max=10us tick_max=1us apply_max=0us persist_max=1us applies_in_worst=0 arc_miss=0 arc_term_miss=0 opid_replay=0 fin_q=0 fin_done=0 fin_drop=0 fin_full=0 pub_p50=0us pub_max=0us inbox_drop=0
2026-10-02T19:26:37.168Z raft-obs: tx->0 enq=4562 drop=0 sent=4561 fail=0 hi=6 rtt_avg=27us get_avg=0us get_max=3ms
2026-10-02T19:26:37.168Z raft-obs: tx->3 enq=4554 drop=0 sent=4554 fail=0 hi=6 rtt_avg=28us get_avg=0us get_max=2ms
2026-10-02T19:26:37.168Z raft-obs: wait_timeouts=0 pump_hold_max=7us lock_wait_max=1us drain_max=6us tick_max=1us apply_max=0us persist_max=1us applies_in_worst=0 arc_miss=0 arc_term_miss=0 opid_replay=0 fin_q=0 fin_done=0 fin_drop=0 fin_full=0 pub_p50=0us pub_max=0us inbox_drop=0
2026-10-02T19:26:42.169Z raft-obs: tx->0 enq=4661 drop=0 sent=4660 fail=0 hi=6 rtt_avg=27us get_avg=0us get_max=3ms
2026-10-02T19:26:42.169Z raft-obs: tx->3 enq=4653 drop=0 sent=4653 fail=0 hi=6 rtt_avg=28us get_avg=0us get_max=2ms
2026-10-02T19:26:42.169Z raft-obs: wait_timeouts=0 pump_hold_max=7us lock_wait_max=1us drain_max=7us tick_max=1us apply_max=0us persist_max=1us applies_in_worst=0 arc_miss=0 arc_term_miss=0 opid_replay=0 fin_q=0 fin_done=0 fin_drop=0 fin_full=0 pub_p50=0us pub_max=0us inbox_drop=0
2026-10-02T19:26:47.170Z raft-obs: tx->0 enq=4760 drop=0 sent=4759 fail=0 hi=6 rtt_avg=27us get_avg=0us get_max=3ms
2026-10-02T19:26:47.170Z raft-obs: tx->3 enq=4752 drop=0 sent=4752 fail=0 hi=6 rtt_avg=28us get_avg=0us get_max=2ms
2026-10-02T19:26:47.170Z raft-obs: wait_timeouts=0 pump_hold_max=8us lock_wait_max=1us drain_max=8us tick_max=5us apply_max=0us persist_max=1us applies_in_worst=0 arc_miss=0 arc_term_miss=0 opid_replay=0 fin_q=0 fin_done=0 fin_drop=0 fin_full=0 pub_p50=0us pub_max=0us inbox_drop=0
2026-10-02T19:26:52.171Z raft-obs: tx->0 enq=4858 drop=0 sent=4857 fail=0 hi=6 rtt_avg=27us get_avg=0us get_max=3ms
2026-10-02T19:26:52.171Z raft-obs: tx->3 enq=4850 drop=0 sent=4850 fail=0 hi=6 rtt_avg=28us get_avg=0us get_max=2ms
2026-10-02T19:26:52.171Z raft-obs: wait_timeouts=0 pump_hold_max=5us lock_wait_max=1us drain_max=5us tick_max=4us apply_max=0us persist_max=1us applies_in_worst=0 arc_miss=0 arc_term_miss=0 opid_replay=0 fin_q=0 fin_done=0 fin_drop=0 fin_full=0 pub_p50=0us pub_max=0us inbox_drop=0
2026-10-02T19:26:57.172Z raft-obs: tx->0 enq=4957 drop=0 sent=4956 fail=0 hi=6 rtt_avg=27us get_avg=0us get_max=3ms
2026-10-02T19:26:57.172Z raft-obs: tx->3 enq=4949 drop=0 sent=4949 fail=0 hi=6 rtt_avg=28us get_avg=0us get_max=2ms
2026-10-02T19:26:57.172Z raft-obs: wait_timeouts=0 pump_hold_max=8us lock_wait_max=1us drain_max=8us tick_max=1us apply_max=0us persist_max=4us applies_in_worst=0 arc_miss=0 arc_term_miss=0 opid_replay=0 fin_q=0 fin_done=0 fin_drop=0 fin_full=0 pub_p50=0us pub_max=0us inbox_drop=0
2026-10-02T19:27:02.173Z raft-obs: tx->0 enq=5056 drop=0 sent=5055 fail=0 hi=6 rtt_avg=27us get_avg=0us get_max=3ms
2026-10-02T19:27:02.173Z raft-obs: tx->3 enq=5048 drop=0 sent=5048 fail=0 hi=6 rtt_avg=28us get_avg=0us get_max=2ms
2026-10-02T19:27:02.173Z raft-obs: wait_timeouts=0 pump_hold_max=6us lock_wait_max=1us drain_max=6us tick_max=1us apply_max=0us persist_max=1us applies_in_worst=0 arc_miss=0 arc_term_miss=0 opid_replay=0 fin_q=0 fin_done=0 fin_drop=0 fin_full=0 pub_p50=0us pub_max=0us inbox_drop=0
2026-10-02T19:27:07.175Z raft-obs: tx->0 enq=5155 drop=0 sent=5154 fail=0 hi=6 rtt_avg=27us get_avg=0us get_max=3ms
2026-10-02T19:27:07.175Z raft-obs: tx->3 enq=5147 drop=0 sent=5147 fail=0 hi=6 rtt_avg=28us get_avg=0us get_max=2ms
2026-10-02T19:27:07.175Z raft-obs: wait_timeouts=0 pump_hold_max=6us lock_wait_max=1us drain_max=6us tick_max=4us apply_max=0us persist_max=1us applies_in_worst=0 arc_miss=0 arc_term_miss=0 opid_replay=0 fin_q=0 fin_done=0 fin_drop=0 fin_full=0 pub_p50=0us pub_max=0us inbox_drop=0
2026-10-02T19:27:12.176Z raft-obs: tx->0 enq=5254 drop=0 sent=5253 fail=0 hi=6 rtt_avg=27us get_avg=0us get_max=3ms
2026-10-02T19:27:12.176Z raft-obs: tx->3 enq=5246 drop=0 sent=5246 fail=0 hi=6 rtt_avg=28us get_avg=0us get_max=2ms
2026-10-02T19:27:12.176Z raft-obs: wait_timeouts=0 pump_hold_max=10us lock_wait_max=4us drain_max=10us tick_max=1us apply_max=0us persist_max=1us applies_in_worst=0 arc_miss=0 arc_term_miss=0 opid_replay=0 fin_q=0 fin_done=0 fin_drop=0 fin_full=0 pub_p50=0us pub_max=0us inbox_drop=0
2026-10-02T19:27:17.177Z raft-obs: tx->0 enq=5353 drop=0 sent=5351 fail=0 hi=6 rtt_avg=27us get_avg=0us get_max=3ms
2026-10-02T19:27:17.177Z raft-obs: tx->3 enq=5344 drop=0 sent=5344 fail=0 hi=6 rtt_avg=28us get_avg=0us get_max=2ms
2026-10-02T19:27:17.177Z raft-obs: wait_timeouts=0 pump_hold_max=7us lock_wait_max=1us drain_max=7us tick_max=1us apply_max=0us persist_max=5us applies_in_worst=0 arc_miss=0 arc_term_miss=0 opid_replay=0 fin_q=0 fin_done=0 fin_drop=0 fin_full=0 pub_p50=0us pub_max=0us inbox_drop=0
2026-10-02T19:27:22.178Z raft-obs: tx->0 enq=5451 drop=0 sent=5450 fail=0 hi=6 rtt_avg=27us get_avg=0us get_max=3ms
2026-10-02T19:27:22.178Z raft-obs: tx->3 enq=5443 drop=0 sent=5443 fail=0 hi=6 rtt_avg=28us get_avg=0us get_max=2ms
2026-10-02T19:27:22.178Z raft-obs: wait_timeouts=0 pump_hold_max=6us lock_wait_max=4us drain_max=6us tick_max=1us apply_max=0us persist_max=1us applies_in_worst=0 arc_miss=0 arc_term_miss=0 opid_replay=0 fin_q=0 fin_done=0 fin_drop=0 fin_full=0 pub_p50=0us pub_max=0us inbox_drop=0
2026-10-02T19:27:27.179Z raft-obs: tx->0 enq=5550 drop=0 sent=5549 fail=0 hi=6 rtt_avg=27us get_avg=0us get_max=3ms
2026-10-02T19:27:27.179Z raft-obs: tx->3 enq=5542 drop=0 sent=5542 fail=0 hi=6 rtt_avg=28us get_avg=0us get_max=2ms
2026-10-02T19:27:27.179Z raft-obs: wait_timeouts=0 pump_hold_max=21us lock_wait_max=1us drain_max=21us tick_max=1us apply_max=0us persist_max=1us applies_in_worst=0 arc_miss=0 arc_term_miss=0 opid_replay=0 fin_q=0 fin_done=0 fin_drop=0 fin_full=0 pub_p50=0us pub_max=0us inbox_drop=0
2026-10-02T19:27:32.180Z raft-obs: tx->0 enq=5649 drop=0 sent=5648 fail=0 hi=6 rtt_avg=27us get_avg=0us get_max=3ms
2026-10-02T19:27:32.180Z raft-obs: tx->3 enq=5641 drop=0 sent=5641 fail=0 hi=6 rtt_avg=28us get_avg=0us get_max=2ms
2026-10-02T19:27:32.180Z raft-obs: wait_timeouts=0 pump_hold_max=6us lock_wait_max=1us drain_max=6us tick_max=1us apply_max=0us persist_max=1us applies_in_worst=0 arc_miss=0 arc_term_miss=0 opid_replay=0 fin_q=0 fin_done=0 fin_drop=0 fin_full=0 pub_p50=0us pub_max=0us inbox_drop=0
2026-10-02T19:27:37.181Z raft-obs: tx->0 enq=5748 drop=0 sent=5747 fail=0 hi=6 rtt_avg=27us get_avg=0us get_max=3ms
2026-10-02T19:27:37.181Z raft-obs: tx->3 enq=5740 drop=0 sent=5740 fail=0 hi=6 rtt_avg=28us get_avg=0us get_max=2ms
2026-10-02T19:27:37.181Z raft-obs: wait_timeouts=0 pump_hold_max=31us lock_wait_max=1us drain_max=31us tick_max=5us apply_max=0us persist_max=1us applies_in_worst=0 arc_miss=0 arc_term_miss=0 opid_replay=0 fin_q=0 fin_done=0 fin_drop=0 fin_full=0 pub_p50=0us pub_max=0us inbox_drop=0
2026-10-02T19:27:42.182Z raft-obs: tx->0 enq=5846 drop=0 sent=5845 fail=0 hi=6 rtt_avg=27us get_avg=0us get_max=3ms
2026-10-02T19:27:42.182Z raft-obs: tx->3 enq=5838 drop=0 sent=5838 fail=0 hi=6 rtt_avg=28us get_avg=0us get_max=2ms
2026-10-02T19:27:42.182Z raft-obs: wait_timeouts=0 pump_hold_max=7us lock_wait_max=7us drain_max=7us tick_max=1us apply_max=0us persist_max=1us applies_in_worst=0 arc_miss=0 arc_term_miss=0 opid_replay=0 fin_q=0 fin_done=0 fin_drop=0 fin_full=0 pub_p50=0us pub_max=0us inbox_drop=0
2026-10-02T19:27:47.183Z raft-obs: tx->0 enq=5945 drop=0 sent=5944 fail=0 hi=6 rtt_avg=27us get_avg=0us get_max=3ms
2026-10-02T19:27:47.183Z raft-obs: tx->3 enq=5937 drop=0 sent=5937 fail=0 hi=6 rtt_avg=28us get_avg=0us get_max=2ms
2026-10-02T19:27:47.183Z raft-obs: wait_timeouts=0 pump_hold_max=6us lock_wait_max=1us drain_max=6us tick_max=3us apply_max=0us persist_max=1us applies_in_worst=0 arc_miss=0 arc_term_miss=0 opid_replay=0 fin_q=0 fin_done=0 fin_drop=0 fin_full=0 pub_p50=0us pub_max=0us inbox_drop=0
2026-10-02T19:27:52.185Z raft-obs: tx->0 enq=6044 drop=0 sent=6043 fail=0 hi=6 rtt_avg=27us get_avg=0us get_max=3ms
2026-10-02T19:27:52.185Z raft-obs: tx->3 enq=6036 drop=0 sent=6036 fail=0 hi=6 rtt_avg=28us get_avg=0us get_max=2ms
2026-10-02T19:27:52.185Z raft-obs: wait_timeouts=0 pump_hold_max=23us lock_wait_max=4us drain_max=5us tick_max=22us apply_max=0us persist_max=1us applies_in_worst=0 arc_miss=0 arc_term_miss=0 opid_replay=0 fin_q=0 fin_done=0 fin_drop=0 fin_full=0 pub_p50=0us pub_max=0us inbox_drop=0
2026-10-02T19:27:57.186Z raft-obs: tx->0 enq=6143 drop=0 sent=6142 fail=0 hi=6 rtt_avg=27us get_avg=0us get_max=3ms
2026-10-02T19:27:57.186Z raft-obs: tx->3 enq=6135 drop=0 sent=6135 fail=0 hi=6 rtt_avg=28us get_avg=0us get_max=2ms
2026-10-02T19:27:57.186Z raft-obs: wait_timeouts=0 pump_hold_max=9us lock_wait_max=1us drain_max=9us tick_max=1us apply_max=0us persist_max=5us applies_in_worst=0 arc_miss=0 arc_term_miss=0 opid_replay=0 fin_q=0 fin_done=0 fin_drop=0 fin_full=0 pub_p50=0us pub_max=0us inbox_drop=0
2026-10-02T19:28:02.187Z raft-obs: tx->0 enq=6242 drop=0 sent=6241 fail=0 hi=6 rtt_avg=27us get_avg=0us get_max=3ms
2026-10-02T19:28:02.187Z raft-obs: tx->3 enq=6234 drop=0 sent=6234 fail=0 hi=6 rtt_avg=28us get_avg=0us get_max=2ms
2026-10-02T19:28:02.187Z raft-obs: wait_timeouts=0 pump_hold_max=6us lock_wait_max=1us drain_max=5us tick_max=1us apply_max=0us persist_max=4us applies_in_worst=0 arc_miss=0 arc_term_miss=0 opid_replay=0 fin_q=0 fin_done=0 fin_drop=0 fin_full=0 pub_p50=0us pub_max=0us inbox_drop=0
2026-10-02T19:28:07.188Z raft-obs: tx->0 enq=6341 drop=0 sent=6339 fail=0 hi=6 rtt_avg=27us get_avg=0us get_max=3ms
2026-10-02T19:28:07.188Z raft-obs: tx->3 enq=6332 drop=0 sent=6332 fail=0 hi=6 rtt_avg=28us get_avg=0us get_max=2ms
2026-10-02T19:28:07.188Z raft-obs: wait_timeouts=0 pump_hold_max=5us lock_wait_max=3us drain_max=5us tick_max=1us apply_max=0us persist_max=7us applies_in_worst=0 arc_miss=0 arc_term_miss=0 opid_replay=0 fin_q=0 fin_done=0 fin_drop=0 fin_full=0 pub_p50=0us pub_max=0us inbox_drop=0
2026-10-02T19:28:12.189Z raft-obs: tx->0 enq=6439 drop=0 sent=6438 fail=0 hi=6 rtt_avg=27us get_avg=0us get_max=3ms
2026-10-02T19:28:12.189Z raft-obs: tx->3 enq=6431 drop=0 sent=6431 fail=0 hi=6 rtt_avg=28us get_avg=0us get_max=2ms
2026-10-02T19:28:12.189Z raft-obs: wait_timeouts=0 pump_hold_max=13us lock_wait_max=1us drain_max=13us tick_max=4us apply_max=0us persist_max=1us applies_in_worst=0 arc_miss=0 arc_term_miss=0 opid_replay=0 fin_q=0 fin_done=0 fin_drop=0 fin_full=0 pub_p50=0us pub_max=0us inbox_drop=0
2026-10-02T19:28:17.190Z raft-obs: tx->0 enq=6538 drop=0 sent=6537 fail=0 hi=6 rtt_avg=27us get_avg=0us get_max=3ms
2026-10-02T19:28:17.190Z raft-obs: tx->3 enq=6530 drop=0 sent=6530 fail=0 hi=6 rtt_avg=28us get_avg=0us get_max=2ms
2026-10-02T19:28:17.190Z raft-obs: wait_timeouts=0 pump_hold_max=6us lock_wait_max=6us drain_max=6us tick_max=1us apply_max=0us persist_max=3us applies_in_worst=0 arc_miss=0 arc_term_miss=0 opid_replay=0 fin_q=0 fin_done=0 fin_drop=0 fin_full=0 pub_p50=0us pub_max=0us inbox_drop=0
2026-10-02T19:28:22.191Z raft-obs: tx->0 enq=6637 drop=0 sent=6636 fail=0 hi=6 rtt_avg=27us get_avg=0us get_max=3ms
2026-10-02T19:28:22.191Z raft-obs: tx->3 enq=6629 drop=0 sent=6629 fail=0 hi=6 rtt_avg=28us get_avg=0us get_max=2ms
2026-10-02T19:28:22.191Z raft-obs: wait_timeouts=0 pump_hold_max=9us lock_wait_max=1us drain_max=9us tick_max=1us apply_max=0us persist_max=1us applies_in_worst=0 arc_miss=0 arc_term_miss=0 opid_replay=0 fin_q=0 fin_done=0 fin_drop=0 fin_full=0 pub_p50=0us pub_max=0us inbox_drop=0
2026-10-02T19:28:27.192Z raft-obs: tx->0 enq=6736 drop=0 sent=6735 fail=0 hi=6 rtt_avg=27us get_avg=0us get_max=3ms
2026-10-02T19:28:27.192Z raft-obs: tx->3 enq=6728 drop=0 sent=6728 fail=0 hi=6 rtt_avg=28us get_avg=0us get_max=2ms
2026-10-02T19:28:27.192Z raft-obs: wait_timeouts=0 pump_hold_max=6us lock_wait_max=1us drain_max=6us tick_max=1us apply_max=0us persist_max=5us applies_in_worst=0 arc_miss=0 arc_term_miss=0 opid_replay=0 fin_q=0 fin_done=0 fin_drop=0 fin_full=0 pub_p50=0us pub_max=0us inbox_drop=0
2026-10-02T19:28:32.193Z raft-obs: tx->0 enq=6834 drop=0 sent=6833 fail=0 hi=6 rtt_avg=27us get_avg=0us get_max=3ms
2026-10-02T19:28:32.193Z raft-obs: tx->3 enq=6826 drop=0 sent=6826 fail=0 hi=6 rtt_avg=28us get_avg=0us get_max=2ms
2026-10-02T19:28:32.193Z raft-obs: wait_timeouts=0 pump_hold_max=16us lock_wait_max=1us drain_max=6us tick_max=13us apply_max=0us persist_max=4us applies_in_worst=0 arc_miss=0 arc_term_miss=0 opid_replay=0 fin_q=0 fin_done=0 fin_drop=0 fin_full=0 pub_p50=0us pub_max=0us inbox_drop=0
2026-10-02T19:28:37.195Z raft-obs: tx->0 enq=6933 drop=0 sent=6932 fail=0 hi=6 rtt_avg=27us get_avg=0us get_max=3ms
2026-10-02T19:28:37.195Z raft-obs: tx->3 enq=6925 drop=0 sent=6925 fail=0 hi=6 rtt_avg=28us get_avg=0us get_max=2ms
2026-10-02T19:28:37.195Z raft-obs: wait_timeouts=0 pump_hold_max=6us lock_wait_max=1us drain_max=6us tick_max=1us apply_max=0us persist_max=5us applies_in_worst=0 arc_miss=0 arc_term_miss=0 opid_replay=0 fin_q=0 fin_done=0 fin_drop=0 fin_full=0 pub_p50=0us pub_max=0us inbox_drop=0
2026-10-02T19:28:42.196Z raft-obs: tx->0 enq=7032 drop=0 sent=7031 fail=0 hi=6 rtt_avg=27us get_avg=0us get_max=3ms
2026-10-02T19:28:42.196Z raft-obs: tx->3 enq=7024 drop=0 sent=7024 fail=0 hi=6 rtt_avg=28us get_avg=0us get_max=2ms
2026-10-02T19:28:42.196Z raft-obs: wait_timeouts=0 pump_hold_max=5us lock_wait_max=1us drain_max=5us tick_max=1us apply_max=0us persist_max=1us applies_in_worst=0 arc_miss=0 arc_term_miss=0 opid_replay=0 fin_q=0 fin_done=0 fin_drop=0 fin_full=0 pub_p50=0us pub_max=0us inbox_drop=0
2026-10-02T19:28:47.197Z raft-obs: tx->0 enq=7131 drop=0 sent=7130 fail=0 hi=6 rtt_avg=27us get_avg=0us get_max=3ms
2026-10-02T19:28:47.197Z raft-obs: tx->3 enq=7123 drop=0 sent=7123 fail=0 hi=6 rtt_avg=28us get_avg=0us get_max=2ms
2026-10-02T19:28:47.197Z raft-obs: wait_timeouts=0 pump_hold_max=6us lock_wait_max=1us drain_max=6us tick_max=1us apply_max=0us persist_max=1us applies_in_worst=0 arc_miss=0 arc_term_miss=0 opid_replay=0 fin_q=0 fin_done=0 fin_drop=0 fin_full=0 pub_p50=0us pub_max=0us inbox_drop=0
2026-10-02T19:28:52.198Z raft-obs: tx->0 enq=7230 drop=0 sent=7229 fail=0 hi=6 rtt_avg=27us get_avg=0us get_max=3ms
2026-10-02T19:28:52.198Z raft-obs: tx->3 enq=7222 drop=0 sent=7222 fail=0 hi=6 rtt_avg=28us get_avg=0us get_max=2ms
2026-10-02T19:28:52.198Z raft-obs: wait_timeouts=0 pump_hold_max=12us lock_wait_max=1us drain_max=12us tick_max=1us apply_max=0us persist_max=5us applies_in_worst=0 arc_miss=0 arc_term_miss=0 opid_replay=0 fin_q=0 fin_done=0 fin_drop=0 fin_full=0 pub_p50=0us pub_max=0us inbox_drop=0
2026-10-02T19:28:57.199Z raft-obs: tx->0 enq=7328 drop=0 sent=7327 fail=0 hi=6 rtt_avg=27us get_avg=0us get_max=3ms
2026-10-02T19:28:57.199Z raft-obs: tx->3 enq=7320 drop=0 sent=7320 fail=0 hi=6 rtt_avg=28us get_avg=0us get_max=2ms
2026-10-02T19:28:57.199Z raft-obs: wait_timeouts=0 pump_hold_max=13us lock_wait_max=1us drain_max=13us tick_max=1us apply_max=0us persist_max=1us applies_in_worst=0 arc_miss=0 arc_term_miss=0 opid_replay=0 fin_q=0 fin_done=0 fin_drop=0 fin_full=0 pub_p50=0us pub_max=0us inbox_drop=0
2026-10-02T19:29:02.200Z raft-obs: tx->0 enq=7427 drop=0 sent=7426 fail=0 hi=6 rtt_avg=27us get_avg=0us get_max=3ms
2026-10-02T19:29:02.200Z raft-obs: tx->3 enq=7419 drop=0 sent=7419 fail=0 hi=6 rtt_avg=28us get_avg=0us get_max=2ms
2026-10-02T19:29:02.200Z raft-obs: wait_timeouts=0 pump_hold_max=13us lock_wait_max=1us drain_max=13us tick_max=4us apply_max=0us persist_max=1us applies_in_worst=0 arc_miss=0 arc_term_miss=0 opid_replay=0 fin_q=0 fin_done=0 fin_drop=0 fin_full=0 pub_p50=0us pub_max=0us inbox_drop=0
2026-10-02T19:29:07.201Z raft-obs: tx->0 enq=7526 drop=0 sent=7525 fail=0 hi=6 rtt_avg=27us get_avg=0us get_max=3ms
2026-10-02T19:29:07.201Z raft-obs: tx->3 enq=7518 drop=0 sent=7518 fail=0 hi=6 rtt_avg=28us get_avg=0us get_max=2ms
2026-10-02T19:29:07.201Z raft-obs: wait_timeouts=0 pump_hold_max=11us lock_wait_max=1us drain_max=11us tick_max=1us apply_max=0us persist_max=1us applies_in_worst=0 arc_miss=0 arc_term_miss=0 opid_replay=0 fin_q=0 fin_done=0 fin_drop=0 fin_full=0 pub_p50=0us pub_max=0us inbox_drop=0
2026-10-02T19:29:12.202Z raft-obs: tx->0 enq=7625 drop=0 sent=7624 fail=0 hi=6 rtt_avg=27us get_avg=0us get_max=3ms
2026-10-02T19:29:12.202Z raft-obs: tx->3 enq=7617 drop=0 sent=7617 fail=0 hi=6 rtt_avg=28us get_avg=0us get_max=2ms
2026-10-02T19:29:12.202Z raft-obs: wait_timeouts=0 pump_hold_max=8us lock_wait_max=1us drain_max=8us tick_max=1us apply_max=0us persist_max=5us applies_in_worst=0 arc_miss=0 arc_term_miss=0 opid_replay=0 fin_q=0 fin_done=0 fin_drop=0 fin_full=0 pub_p50=0us pub_max=0us inbox_drop=0
2026-10-02T19:29:17.204Z raft-obs: tx->0 enq=7724 drop=0 sent=7723 fail=0 hi=6 rtt_avg=28us get_avg=0us get_max=3ms
2026-10-02T19:29:17.204Z raft-obs: tx->3 enq=7716 drop=0 sent=7716 fail=0 hi=6 rtt_avg=28us get_avg=0us get_max=2ms
2026-10-02T19:29:17.204Z raft-obs: wait_timeouts=0 pump_hold_max=9us lock_wait_max=1us drain_max=9us tick_max=1us apply_max=0us persist_max=8us applies_in_worst=0 arc_miss=0 arc_term_miss=0 opid_replay=0 fin_q=0 fin_done=0 fin_drop=0 fin_full=0 pub_p50=0us pub_max=0us inbox_drop=0
2026-10-02T19:29:22.205Z raft-obs: tx->0 enq=7822 drop=0 sent=7821 fail=0 hi=6 rtt_avg=28us get_avg=0us get_max=3ms
2026-10-02T19:29:22.205Z raft-obs: tx->3 enq=7814 drop=0 sent=7814 fail=0 hi=6 rtt_avg=28us get_avg=0us get_max=2ms
2026-10-02T19:29:22.205Z raft-obs: wait_timeouts=0 pump_hold_max=16us lock_wait_max=1us drain_max=15us tick_max=1us apply_max=0us persist_max=1us applies_in_worst=0 arc_miss=0 arc_term_miss=0 opid_replay=0 fin_q=0 fin_done=0 fin_drop=0 fin_full=0 pub_p50=0us pub_max=0us inbox_drop=0
2026-10-02T19:29:27.206Z raft-obs: tx->0 enq=7921 drop=0 sent=7920 fail=0 hi=6 rtt_avg=28us get_avg=0us get_max=3ms
2026-10-02T19:29:27.206Z raft-obs: tx->3 enq=7913 drop=0 sent=7913 fail=0 hi=6 rtt_avg=28us get_avg=0us get_max=2ms
2026-10-02T19:29:27.206Z raft-obs: wait_timeouts=0 pump_hold_max=22us lock_wait_max=1us drain_max=22us tick_max=1us apply_max=0us persist_max=1us applies_in_worst=0 arc_miss=0 arc_term_miss=0 opid_replay=0 fin_q=0 fin_done=0 fin_drop=0 fin_full=0 pub_p50=0us pub_max=0us inbox_drop=0
2026-10-02T19:29:32.207Z raft-obs: tx->0 enq=8020 drop=0 sent=8019 fail=0 hi=6 rtt_avg=28us get_avg=0us get_max=3ms
2026-10-02T19:29:32.207Z raft-obs: tx->3 enq=8012 drop=0 sent=8012 fail=0 hi=6 rtt_avg=28us get_avg=0us get_max=2ms
2026-10-02T19:29:32.207Z raft-obs: wait_timeouts=0 pump_hold_max=6us lock_wait_max=1us drain_max=6us tick_max=1us apply_max=0us persist_max=4us applies_in_worst=0 arc_miss=0 arc_term_miss=0 opid_replay=0 fin_q=0 fin_done=0 fin_drop=0 fin_full=0 pub_p50=0us pub_max=0us inbox_drop=0
2026-10-02T19:29:37.208Z raft-obs: tx->0 enq=8119 drop=0 sent=8118 fail=0 hi=6 rtt_avg=28us get_avg=0us get_max=3ms
2026-10-02T19:29:37.208Z raft-obs: tx->3 enq=8111 drop=0 sent=8111 fail=0 hi=6 rtt_avg=28us get_avg=0us get_max=2ms
2026-10-02T19:29:37.208Z raft-obs: wait_timeouts=0 pump_hold_max=13us lock_wait_max=1us drain_max=13us tick_max=1us apply_max=0us persist_max=1us applies_in_worst=0 arc_miss=0 arc_term_miss=0 opid_replay=0 fin_q=0 fin_done=0 fin_drop=0 fin_full=0 pub_p50=0us pub_max=0us inbox_drop=0
2026-10-02T19:29:42.209Z raft-obs: tx->0 enq=8218 drop=0 sent=8217 fail=0 hi=6 rtt_avg=28us get_avg=0us get_max=3ms
2026-10-02T19:29:42.209Z raft-obs: tx->3 enq=8210 drop=0 sent=8210 fail=0 hi=6 rtt_avg=28us get_avg=0us get_max=2ms
2026-10-02T19:29:42.209Z raft-obs: wait_timeouts=0 pump_hold_max=5us lock_wait_max=1us drain_max=5us tick_max=1us apply_max=0us persist_max=1us applies_in_worst=0 arc_miss=0 arc_term_miss=0 opid_replay=0 fin_q=0 fin_done=0 fin_drop=0 fin_full=0 pub_p50=0us pub_max=0us inbox_drop=0
2026-10-02T19:29:47.210Z raft-obs: tx->0 enq=8316 drop=0 sent=8315 fail=0 hi=6 rtt_avg=28us get_avg=0us get_max=3ms
2026-10-02T19:29:47.210Z raft-obs: tx->3 enq=8308 drop=0 sent=8308 fail=0 hi=6 rtt_avg=28us get_avg=0us get_max=2ms
2026-10-02T19:29:47.210Z raft-obs: wait_timeouts=0 pump_hold_max=8us lock_wait_max=1us drain_max=8us tick_max=1us apply_max=0us persist_max=1us applies_in_worst=0 arc_miss=0 arc_term_miss=0 opid_replay=0 fin_q=0 fin_done=0 fin_drop=0 fin_full=0 pub_p50=0us pub_max=0us inbox_drop=0
2026-10-02T19:29:52.211Z raft-obs: tx->0 enq=8415 drop=0 sent=8414 fail=0 hi=6 rtt_avg=28us get_avg=0us get_max=3ms
2026-10-02T19:29:52.211Z raft-obs: tx->3 enq=8407 drop=0 sent=8407 fail=0 hi=6 rtt_avg=28us get_avg=0us get_max=2ms
2026-10-02T19:29:52.211Z raft-obs: wait_timeouts=0 pump_hold_max=6us lock_wait_max=1us drain_max=6us tick_max=1us apply_max=0us persist_max=1us applies_in_worst=0 arc_miss=0 arc_term_miss=0 opid_replay=0 fin_q=0 fin_done=0 fin_drop=0 fin_full=0 pub_p50=0us pub_max=0us inbox_drop=0
2026-10-02T19:29:57.212Z raft-obs: tx->0 enq=8514 drop=0 sent=8513 fail=0 hi=6 rtt_avg=28us get_avg=0us get_max=3ms
2026-10-02T19:29:57.212Z raft-obs: tx->3 enq=8506 drop=0 sent=8506 fail=0 hi=6 rtt_avg=28us get_avg=0us get_max=2ms
2026-10-02T19:29:57.212Z raft-obs: wait_timeouts=0 pump_hold_max=5us lock_wait_max=1us drain_max=5us tick_max=1us apply_max=0us persist_max=1us applies_in_worst=0 arc_miss=0 arc_term_miss=0 opid_replay=0 fin_q=0 fin_done=0 fin_drop=0 fin_full=0 pub_p50=0us pub_max=0us inbox_drop=0
2026-10-02T19:30:02.213Z raft-obs: tx->0 enq=8613 drop=0 sent=8612 fail=0 hi=6 rtt_avg=28us get_avg=0us get_max=3ms
2026-10-02T19:30:02.213Z raft-obs: tx->3 enq=8605 drop=0 sent=8605 fail=0 hi=6 rtt_avg=28us get_avg=0us get_max=2ms
2026-10-02T19:30:02.213Z raft-obs: wait_timeouts=0 pump_hold_max=11us lock_wait_max=1us drain_max=11us tick_max=1us apply_max=0us persist_max=1us applies_in_worst=0 arc_miss=0 arc_term_miss=0 opid_replay=0 fin_q=0 fin_done=0 fin_drop=0 fin_full=0 pub_p50=0us pub_max=0us inbox_drop=0
2026-10-02T19:30:07.214Z raft-obs: tx->0 enq=8712 drop=0 sent=8711 fail=0 hi=6 rtt_avg=28us get_avg=0us get_max=3ms
2026-10-02T19:30:07.214Z raft-obs: tx->3 enq=8704 drop=0 sent=8704 fail=0 hi=6 rtt_avg=28us get_avg=0us get_max=2ms
2026-10-02T19:30:07.214Z raft-obs: wait_timeouts=0 pump_hold_max=5us lock_wait_max=6us drain_max=5us tick_max=1us apply_max=0us persist_max=1us applies_in_worst=0 arc_miss=0 arc_term_miss=0 opid_replay=0 fin_q=0 fin_done=0 fin_drop=0 fin_full=0 pub_p50=0us pub_max=0us inbox_drop=0
2026-10-02T19:30:12.215Z raft-obs: tx->0 enq=8811 drop=0 sent=8809 fail=0 hi=6 rtt_avg=28us get_avg=0us get_max=3ms
2026-10-02T19:30:12.215Z raft-obs: tx->3 enq=8802 drop=0 sent=8802 fail=0 hi=6 rtt_avg=28us get_avg=0us get_max=2ms
2026-10-02T19:30:12.215Z raft-obs: wait_timeouts=0 pump_hold_max=9us lock_wait_max=1us drain_max=9us tick_max=4us apply_max=0us persist_max=1us applies_in_worst=0 arc_miss=0 arc_term_miss=0 opid_replay=0 fin_q=0 fin_done=0 fin_drop=0 fin_full=0 pub_p50=0us pub_max=0us inbox_drop=0
2026-10-02T19:30:17.216Z raft-obs: tx->0 enq=8909 drop=0 sent=8908 fail=0 hi=6 rtt_avg=28us get_avg=0us get_max=3ms
2026-10-02T19:30:17.216Z raft-obs: tx->3 enq=8901 drop=0 sent=8901 fail=0 hi=6 rtt_avg=28us get_avg=0us get_max=2ms
2026-10-02T19:30:17.216Z raft-obs: wait_timeouts=0 pump_hold_max=33us lock_wait_max=1us drain_max=33us tick_max=1us apply_max=0us persist_max=1us applies_in_worst=0 arc_miss=0 arc_term_miss=0 opid_replay=0 fin_q=0 fin_done=0 fin_drop=0 fin_full=0 pub_p50=0us pub_max=0us inbox_drop=0
2026-10-02T19:30:22.217Z raft-obs: tx->0 enq=9008 drop=0 sent=9007 fail=0 hi=6 rtt_avg=28us get_avg=0us get_max=3ms
2026-10-02T19:30:22.217Z raft-obs: tx->3 enq=9000 drop=0 sent=9000 fail=0 hi=6 rtt_avg=28us get_avg=0us get_max=2ms
2026-10-02T19:30:22.217Z raft-obs: wait_timeouts=0 pump_hold_max=5us lock_wait_max=1us drain_max=5us tick_max=1us apply_max=0us persist_max=1us applies_in_worst=0 arc_miss=0 arc_term_miss=0 opid_replay=0 fin_q=0 fin_done=0 fin_drop=0 fin_full=0 pub_p50=0us pub_max=0us inbox_drop=0
2026-10-02T19:30:27.218Z raft-obs: tx->0 enq=9107 drop=0 sent=9106 fail=0 hi=6 rtt_avg=28us get_avg=0us get_max=3ms
2026-10-02T19:30:27.218Z raft-obs: tx->3 enq=9099 drop=0 sent=9099 fail=0 hi=6 rtt_avg=28us get_avg=0us get_max=2ms
2026-10-02T19:30:27.218Z raft-obs: wait_timeouts=0 pump_hold_max=5us lock_wait_max=1us drain_max=5us tick_max=1us apply_max=0us persist_max=3us applies_in_worst=0 arc_miss=0 arc_term_miss=0 opid_replay=0 fin_q=0 fin_done=0 fin_drop=0 fin_full=0 pub_p50=0us pub_max=0us inbox_drop=0
2026-10-02T19:30:32.219Z raft-obs: tx->0 enq=9206 drop=0 sent=9205 fail=0 hi=6 rtt_avg=28us get_avg=0us get_max=3ms
2026-10-02T19:30:32.219Z raft-obs: tx->3 enq=9198 drop=0 sent=9198 fail=0 hi=6 rtt_avg=28us get_avg=0us get_max=2ms
2026-10-02T19:30:32.219Z raft-obs: wait_timeouts=0 pump_hold_max=6us lock_wait_max=1us drain_max=5us tick_max=1us apply_max=0us persist_max=1us applies_in_worst=0 arc_miss=0 arc_term_miss=0 opid_replay=0 fin_q=0 fin_done=0 fin_drop=0 fin_full=0 pub_p50=0us pub_max=0us inbox_drop=0
2026-10-02T19:30:37.221Z raft-obs: tx->0 enq=9304 drop=0 sent=9303 fail=0 hi=6 rtt_avg=28us get_avg=0us get_max=3ms
2026-10-02T19:30:37.221Z raft-obs: tx->3 enq=9296 drop=0 sent=9296 fail=0 hi=6 rtt_avg=28us get_avg=0us get_max=2ms
2026-10-02T19:30:37.221Z raft-obs: wait_timeouts=0 pump_hold_max=12us lock_wait_max=1us drain_max=12us tick_max=1us apply_max=0us persist_max=10us applies_in_worst=0 arc_miss=0 arc_term_miss=0 opid_replay=0 fin_q=0 fin_done=0 fin_drop=0 fin_full=0 pub_p50=0us pub_max=0us inbox_drop=0
2026-10-02T19:30:42.222Z raft-obs: tx->0 enq=9403 drop=0 sent=9402 fail=0 hi=6 rtt_avg=28us get_avg=0us get_max=3ms
2026-10-02T19:30:42.222Z raft-obs: tx->3 enq=9395 drop=0 sent=9395 fail=0 hi=6 rtt_avg=28us get_avg=0us get_max=2ms
2026-10-02T19:30:42.222Z raft-obs: wait_timeouts=0 pump_hold_max=13us lock_wait_max=1us drain_max=13us tick_max=1us apply_max=0us persist_max=3us applies_in_worst=0 arc_miss=0 arc_term_miss=0 opid_replay=0 fin_q=0 fin_done=0 fin_drop=0 fin_full=0 pub_p50=0us pub_max=0us inbox_drop=0
2026-10-02T19:30:47.223Z raft-obs: tx->0 enq=9502 drop=0 sent=9501 fail=0 hi=6 rtt_avg=28us get_avg=0us get_max=3ms
2026-10-02T19:30:47.223Z raft-obs: tx->3 enq=9494 drop=0 sent=9494 fail=0 hi=6 rtt_avg=28us get_avg=0us get_max=2ms
2026-10-02T19:30:47.223Z raft-obs: wait_timeouts=0 pump_hold_max=9us lock_wait_max=1us drain_max=9us tick_max=1us apply_max=0us persist_max=3us applies_in_worst=0 arc_miss=0 arc_term_miss=0 opid_replay=0 fin_q=0 fin_done=0 fin_drop=0 fin_full=0 pub_p50=0us pub_max=0us inbox_drop=0
2026-10-02T19:30:52.224Z raft-obs: tx->0 enq=9601 drop=0 sent=9600 fail=0 hi=6 rtt_avg=28us get_avg=0us get_max=3ms
2026-10-02T19:30:52.224Z raft-obs: tx->3 enq=9593 drop=0 sent=9593 fail=0 hi=6 rtt_avg=28us get_avg=0us get_max=2ms
2026-10-02T19:30:52.224Z raft-obs: wait_timeouts=0 pump_hold_max=11us lock_wait_max=1us drain_max=11us tick_max=1us apply_max=0us persist_max=1us applies_in_worst=0 arc_miss=0 arc_term_miss=0 opid_replay=0 fin_q=0 fin_done=0 fin_drop=0 fin_full=0 pub_p50=0us pub_max=0us inbox_drop=0
2026-10-02T19:30:57.225Z raft-obs: tx->0 enq=9700 drop=0 sent=9699 fail=0 hi=6 rtt_avg=28us get_avg=0us get_max=3ms
2026-10-02T19:30:57.225Z raft-obs: tx->3 enq=9692 drop=0 sent=9692 fail=0 hi=6 rtt_avg=28us get_avg=0us get_max=2ms
2026-10-02T19:30:57.225Z raft-obs: wait_timeouts=0 pump_hold_max=9us lock_wait_max=1us drain_max=9us tick_max=1us apply_max=0us persist_max=4us applies_in_worst=0 arc_miss=0 arc_term_miss=0 opid_replay=0 fin_q=0 fin_done=0 fin_drop=0 fin_full=0 pub_p50=0us pub_max=0us inbox_drop=0
2026-10-02T19:31:02.226Z raft-obs: tx->0 enq=9798 drop=0 sent=9797 fail=0 hi=6 rtt_avg=28us get_avg=0us get_max=3ms
2026-10-02T19:31:02.226Z raft-obs: tx->3 enq=9790 drop=0 sent=9790 fail=0 hi=6 rtt_avg=28us get_avg=0us get_max=2ms
2026-10-02T19:31:02.226Z raft-obs: wait_timeouts=0 pump_hold_max=6us lock_wait_max=1us drain_max=6us tick_max=1us apply_max=0us persist_max=20us applies_in_worst=0 arc_miss=0 arc_term_miss=0 opid_replay=0 fin_q=0 fin_done=0 fin_drop=0 fin_full=0 pub_p50=0us pub_max=0us inbox_drop=0
2026-10-02T19:31:07.227Z raft-obs: tx->0 enq=9897 drop=0 sent=9896 fail=0 hi=6 rtt_avg=28us get_avg=0us get_max=3ms
2026-10-02T19:31:07.227Z raft-obs: tx->3 enq=9889 drop=0 sent=9889 fail=0 hi=6 rtt_avg=28us get_avg=0us get_max=2ms
2026-10-02T19:31:07.227Z raft-obs: wait_timeouts=0 pump_hold_max=9us lock_wait_max=19us drain_max=9us tick_max=1us apply_max=0us persist_max=1us applies_in_worst=0 arc_miss=0 arc_term_miss=0 opid_replay=0 fin_q=0 fin_done=0 fin_drop=0 fin_full=0 pub_p50=0us pub_max=0us inbox_drop=0
2026-10-02T19:31:12.229Z raft-obs: tx->0 enq=9996 drop=0 sent=9995 fail=0 hi=6 rtt_avg=28us get_avg=0us get_max=3ms
2026-10-02T19:31:12.229Z raft-obs: tx->3 enq=9988 drop=0 sent=9988 fail=0 hi=6 rtt_avg=28us get_avg=0us get_max=2ms
2026-10-02T19:31:12.229Z raft-obs: wait_timeouts=0 pump_hold_max=9us lock_wait_max=1us drain_max=9us tick_max=3us apply_max=0us persist_max=1us applies_in_worst=0 arc_miss=0 arc_term_miss=0 opid_replay=0 fin_q=0 fin_done=0 fin_drop=0 fin_full=0 pub_p50=0us pub_max=0us inbox_drop=0
2026-10-02T19:31:17.230Z raft-obs: tx->0 enq=10095 drop=0 sent=10094 fail=0 hi=6 rtt_avg=28us get_avg=0us get_max=3ms
2026-10-02T19:31:17.230Z raft-obs: tx->3 enq=10087 drop=0 sent=10087 fail=0 hi=6 rtt_avg=28us get_avg=0us get_max=2ms
2026-10-02T19:31:17.230Z raft-obs: wait_timeouts=0 pump_hold_max=9us lock_wait_max=1us drain_max=9us tick_max=1us apply_max=0us persist_max=5us applies_in_worst=0 arc_miss=0 arc_term_miss=0 opid_replay=0 fin_q=0 fin_done=0 fin_drop=0 fin_full=0 pub_p50=0us pub_max=0us inbox_drop=0
2026-10-02T19:31:22.231Z raft-obs: tx->0 enq=10194 drop=0 sent=10193 fail=0 hi=6 rtt_avg=28us get_avg=0us get_max=3ms
2026-10-02T19:31:22.231Z raft-obs: tx->3 enq=10186 drop=0 sent=10186 fail=0 hi=6 rtt_avg=28us get_avg=0us get_max=2ms
2026-10-02T19:31:22.231Z raft-obs: wait_timeouts=0 pump_hold_max=10us lock_wait_max=1us drain_max=5us tick_max=7us apply_max=0us persist_max=1us applies_in_worst=0 arc_miss=0 arc_term_miss=0 opid_replay=0 fin_q=0 fin_done=0 fin_drop=0 fin_full=0 pub_p50=0us pub_max=0us inbox_drop=0
2026-10-02T19:31:27.232Z raft-obs: tx->0 enq=10292 drop=0 sent=10291 fail=0 hi=6 rtt_avg=28us get_avg=0us get_max=3ms
2026-10-02T19:31:27.232Z raft-obs: tx->3 enq=10284 drop=0 sent=10284 fail=0 hi=6 rtt_avg=28us get_avg=0us get_max=2ms
2026-10-02T19:31:27.232Z raft-obs: wait_timeouts=0 pump_hold_max=35us lock_wait_max=1us drain_max=35us tick_max=1us apply_max=0us persist_max=5us applies_in_worst=0 arc_miss=0 arc_term_miss=0 opid_replay=0 fin_q=0 fin_done=0 fin_drop=0 fin_full=0 pub_p50=0us pub_max=0us inbox_drop=0
2026-10-02T19:31:32.233Z raft-obs: tx->0 enq=10391 drop=0 sent=10390 fail=0 hi=6 rtt_avg=28us get_avg=0us get_max=3ms
2026-10-02T19:31:32.233Z raft-obs: tx->3 enq=10383 drop=0 sent=10383 fail=0 hi=6 rtt_avg=28us get_avg=0us get_max=2ms
2026-10-02T19:31:32.233Z raft-obs: wait_timeouts=0 pump_hold_max=8us lock_wait_max=1us drain_max=8us tick_max=1us apply_max=0us persist_max=1us applies_in_worst=0 arc_miss=0 arc_term_miss=0 opid_replay=0 fin_q=0 fin_done=0 fin_drop=0 fin_full=0 pub_p50=0us pub_max=0us inbox_drop=0
2026-10-02T19:31:37.235Z raft-obs: tx->0 enq=10490 drop=0 sent=10489 fail=0 hi=6 rtt_avg=28us get_avg=0us get_max=3ms
2026-10-02T19:31:37.235Z raft-obs: tx->3 enq=10482 drop=0 sent=10482 fail=0 hi=6 rtt_avg=28us get_avg=0us get_max=2ms
2026-10-02T19:31:37.235Z raft-obs: wait_timeouts=0 pump_hold_max=8us lock_wait_max=1us drain_max=8us tick_max=1us apply_max=0us persist_max=1us applies_in_worst=0 arc_miss=0 arc_term_miss=0 opid_replay=0 fin_q=0 fin_done=0 fin_drop=0 fin_full=0 pub_p50=0us pub_max=0us inbox_drop=0
2026-10-02T19:31:42.236Z raft-obs: tx->0 enq=10589 drop=0 sent=10588 fail=0 hi=6 rtt_avg=28us get_avg=0us get_max=3ms
2026-10-02T19:31:42.236Z raft-obs: tx->3 enq=10581 drop=0 sent=10581 fail=0 hi=6 rtt_avg=28us get_avg=0us get_max=2ms
2026-10-02T19:31:42.236Z raft-obs: wait_timeouts=0 pump_hold_max=6us lock_wait_max=1us drain_max=6us tick_max=1us apply_max=0us persist_max=1us applies_in_worst=0 arc_miss=0 arc_term_miss=0 opid_replay=0 fin_q=0 fin_done=0 fin_drop=0 fin_full=0 pub_p50=0us pub_max=0us inbox_drop=0
2026-10-02T19:31:47.237Z raft-obs: tx->0 enq=10688 drop=0 sent=10687 fail=0 hi=6 rtt_avg=28us get_avg=0us get_max=3ms
2026-10-02T19:31:47.237Z raft-obs: tx->3 enq=10680 drop=0 sent=10680 fail=0 hi=6 rtt_avg=28us get_avg=0us get_max=2ms
2026-10-02T19:31:47.237Z raft-obs: wait_timeouts=0 pump_hold_max=33us lock_wait_max=4us drain_max=33us tick_max=1us apply_max=0us persist_max=1us applies_in_worst=0 arc_miss=0 arc_term_miss=0 opid_replay=0 fin_q=0 fin_done=0 fin_drop=0 fin_full=0 pub_p50=0us pub_max=0us inbox_drop=0
2026-10-02T19:31:52.238Z raft-obs: tx->0 enq=10787 drop=0 sent=10785 fail=0 hi=6 rtt_avg=28us get_avg=0us get_max=3ms
2026-10-02T19:31:52.238Z raft-obs: tx->3 enq=10778 drop=0 sent=10778 fail=0 hi=6 rtt_avg=28us get_avg=0us get_max=2ms
2026-10-02T19:31:52.238Z raft-obs: wait_timeouts=0 pump_hold_max=7us lock_wait_max=20us drain_max=7us tick_max=1us apply_max=0us persist_max=1us applies_in_worst=0 arc_miss=0 arc_term_miss=0 opid_replay=0 fin_q=0 fin_done=0 fin_drop=0 fin_full=0 pub_p50=0us pub_max=0us inbox_drop=0
2026-10-02T19:31:57.239Z raft-obs: tx->0 enq=10885 drop=0 sent=10884 fail=0 hi=6 rtt_avg=28us get_avg=0us get_max=3ms
2026-10-02T19:31:57.239Z raft-obs: tx->3 enq=10877 drop=0 sent=10877 fail=0 hi=6 rtt_avg=28us get_avg=0us get_max=2ms
2026-10-02T19:31:57.239Z raft-obs: wait_timeouts=0 pump_hold_max=10us lock_wait_max=1us drain_max=10us tick_max=1us apply_max=0us persist_max=1us applies_in_worst=0 arc_miss=0 arc_term_miss=0 opid_replay=0 fin_q=0 fin_done=0 fin_drop=0 fin_full=0 pub_p50=0us pub_max=0us inbox_drop=0
2026-10-02T19:32:02.240Z raft-obs: tx->0 enq=10984 drop=0 sent=10983 fail=0 hi=6 rtt_avg=28us get_avg=0us get_max=3ms
2026-10-02T19:32:02.240Z raft-obs: tx->3 enq=10976 drop=0 sent=10976 fail=0 hi=6 rtt_avg=28us get_avg=0us get_max=2ms
2026-10-02T19:32:02.240Z raft-obs: wait_timeouts=0 pump_hold_max=5us lock_wait_max=1us drain_max=5us tick_max=1us apply_max=0us persist_max=4us applies_in_worst=0 arc_miss=0 arc_term_miss=0 opid_replay=0 fin_q=0 fin_done=0 fin_drop=0 fin_full=0 pub_p50=0us pub_max=0us inbox_drop=0
2026-10-02T19:32:07.241Z raft-obs: tx->0 enq=11083 drop=0 sent=11082 fail=0 hi=6 rtt_avg=28us get_avg=0us get_max=3ms
2026-10-02T19:32:07.241Z raft-obs: tx->3 enq=11075 drop=0 sent=11075 fail=0 hi=6 rtt_avg=28us get_avg=0us get_max=2ms
2026-10-02T19:32:07.241Z raft-obs: wait_timeouts=0 pump_hold_max=10us lock_wait_max=1us drain_max=10us tick_max=1us apply_max=0us persist_max=1us applies_in_worst=0 arc_miss=0 arc_term_miss=0 opid_replay=0 fin_q=0 fin_done=0 fin_drop=0 fin_full=0 pub_p50=0us pub_max=0us inbox_drop=0
2026-10-02T19:32:12.242Z raft-obs: tx->0 enq=11182 drop=0 sent=11181 fail=0 hi=6 rtt_avg=28us get_avg=0us get_max=3ms
2026-10-02T19:32:12.242Z raft-obs: tx->3 enq=11174 drop=0 sent=11174 fail=0 hi=6 rtt_avg=28us get_avg=0us get_max=2ms
2026-10-02T19:32:12.242Z raft-obs: wait_timeouts=0 pump_hold_max=13us lock_wait_max=3us drain_max=13us tick_max=1us apply_max=0us persist_max=18us applies_in_worst=0 arc_miss=0 arc_term_miss=0 opid_replay=0 fin_q=0 fin_done=0 fin_drop=0 fin_full=0 pub_p50=0us pub_max=0us inbox_drop=0
2026-10-02T19:32:17.243Z raft-obs: tx->0 enq=11280 drop=0 sent=11279 fail=0 hi=6 rtt_avg=28us get_avg=0us get_max=3ms
2026-10-02T19:32:17.243Z raft-obs: tx->3 enq=11272 drop=0 sent=11272 fail=0 hi=6 rtt_avg=28us get_avg=0us get_max=2ms
2026-10-02T19:32:17.243Z raft-obs: wait_timeouts=0 pump_hold_max=5us lock_wait_max=1us drain_max=5us tick_max=1us apply_max=0us persist_max=8us applies_in_worst=0 arc_miss=0 arc_term_miss=0 opid_replay=0 fin_q=0 fin_done=0 fin_drop=0 fin_full=0 pub_p50=0us pub_max=0us inbox_drop=0
2026-10-02T19:32:22.244Z raft-obs: tx->0 enq=11379 drop=0 sent=11378 fail=0 hi=6 rtt_avg=28us get_avg=0us get_max=3ms
2026-10-02T19:32:22.244Z raft-obs: tx->3 enq=11371 drop=0 sent=11371 fail=0 hi=6 rtt_avg=28us get_avg=0us get_max=2ms
2026-10-02T19:32:22.244Z raft-obs: wait_timeouts=0 pump_hold_max=8us lock_wait_max=1us drain_max=8us tick_max=1us apply_max=0us persist_max=1us applies_in_worst=0 arc_miss=0 arc_term_miss=0 opid_replay=0 fin_q=0 fin_done=0 fin_drop=0 fin_full=0 pub_p50=0us pub_max=0us inbox_drop=0
2026-10-02T19:32:27.245Z raft-obs: tx->0 enq=11478 drop=0 sent=11477 fail=0 hi=6 rtt_avg=28us get_avg=0us get_max=3ms
2026-10-02T19:32:27.245Z raft-obs: tx->3 enq=11470 drop=0 sent=11470 fail=0 hi=6 rtt_avg=28us get_avg=0us get_max=2ms
2026-10-02T19:32:27.245Z raft-obs: wait_timeouts=0 pump_hold_max=12us lock_wait_max=4us drain_max=12us tick_max=1us apply_max=0us persist_max=1us applies_in_worst=0 arc_miss=0 arc_term_miss=0 opid_replay=0 fin_q=0 fin_done=0 fin_drop=0 fin_full=0 pub_p50=0us pub_max=0us inbox_drop=0
2026-10-02T19:32:32.246Z raft-obs: tx->0 enq=11577 drop=0 sent=11576 fail=0 hi=6 rtt_avg=28us get_avg=0us get_max=3ms
2026-10-02T19:32:32.246Z raft-obs: tx->3 enq=11569 drop=0 sent=11569 fail=0 hi=6 rtt_avg=28us get_avg=0us get_max=2ms
2026-10-02T19:32:32.246Z raft-obs: wait_timeouts=0 pump_hold_max=5us lock_wait_max=1us drain_max=5us tick_max=1us apply_max=0us persist_max=1us applies_in_worst=0 arc_miss=0 arc_term_miss=0 opid_replay=0 fin_q=0 fin_done=0 fin_drop=0 fin_full=0 pub_p50=0us pub_max=0us inbox_drop=0
2026-10-02T19:32:37.247Z raft-obs: tx->0 enq=11676 drop=0 sent=11675 fail=0 hi=6 rtt_avg=28us get_avg=0us get_max=3ms
2026-10-02T19:32:37.247Z raft-obs: tx->3 enq=11668 drop=0 sent=11668 fail=0 hi=6 rtt_avg=28us get_avg=0us get_max=2ms
2026-10-02T19:32:37.247Z raft-obs: wait_timeouts=0 pump_hold_max=5us lock_wait_max=1us drain_max=5us tick_max=1us apply_max=0us persist_max=1us applies_in_worst=0 arc_miss=0 arc_term_miss=0 opid_replay=0 fin_q=0 fin_done=0 fin_drop=0 fin_full=0 pub_p50=0us pub_max=0us inbox_drop=0
2026-10-02T19:32:42.248Z raft-obs: tx->0 enq=11774 drop=0 sent=11773 fail=0 hi=6 rtt_avg=28us get_avg=0us get_max=3ms
2026-10-02T19:32:42.248Z raft-obs: tx->3 enq=11767 drop=0 sent=11766 fail=0 hi=6 rtt_avg=28us get_avg=0us get_max=2ms
2026-10-02T19:32:42.248Z raft-obs: wait_timeouts=0 pump_hold_max=9us lock_wait_max=1us drain_max=9us tick_max=1us apply_max=0us persist_max=3us applies_in_worst=0 arc_miss=0 arc_term_miss=0 opid_replay=0 fin_q=0 fin_done=0 fin_drop=0 fin_full=0 pub_p50=0us pub_max=0us inbox_drop=0
2026-10-02T19:32:47.250Z raft-obs: tx->0 enq=11873 drop=0 sent=11872 fail=0 hi=6 rtt_avg=28us get_avg=0us get_max=3ms
2026-10-02T19:32:47.250Z raft-obs: tx->3 enq=11865 drop=0 sent=11865 fail=0 hi=6 rtt_avg=28us get_avg=0us get_max=2ms
2026-10-02T19:32:47.250Z raft-obs: wait_timeouts=0 pump_hold_max=11us lock_wait_max=7us drain_max=11us tick_max=1us apply_max=0us persist_max=1us applies_in_worst=0 arc_miss=0 arc_term_miss=0 opid_replay=0 fin_q=0 fin_done=0 fin_drop=0 fin_full=0 pub_p50=0us pub_max=0us inbox_drop=0
2026-10-02T19:32:52.251Z raft-obs: tx->0 enq=11972 drop=0 sent=11971 fail=0 hi=6 rtt_avg=28us get_avg=0us get_max=3ms
2026-10-02T19:32:52.251Z raft-obs: tx->3 enq=11964 drop=0 sent=11964 fail=0 hi=6 rtt_avg=28us get_avg=0us get_max=2ms
2026-10-02T19:32:52.251Z raft-obs: wait_timeouts=0 pump_hold_max=11us lock_wait_max=3us drain_max=10us tick_max=1us apply_max=0us persist_max=1us applies_in_worst=0 arc_miss=0 arc_term_miss=0 opid_replay=0 fin_q=0 fin_done=0 fin_drop=0 fin_full=0 pub_p50=0us pub_max=0us inbox_drop=0
2026-10-02T19:32:57.251Z raft-obs: tx->0 enq=12071 drop=0 sent=12070 fail=0 hi=6 rtt_avg=28us get_avg=0us get_max=3ms
2026-10-02T19:32:57.251Z raft-obs: tx->3 enq=12063 drop=0 sent=12063 fail=0 hi=6 rtt_avg=28us get_avg=0us get_max=2ms
2026-10-02T19:32:57.251Z raft-obs: wait_timeouts=0 pump_hold_max=5us lock_wait_max=4us drain_max=5us tick_max=1us apply_max=0us persist_max=1us applies_in_worst=0 arc_miss=0 arc_term_miss=0 opid_replay=0 fin_q=0 fin_done=0 fin_drop=0 fin_full=0 pub_p50=0us pub_max=0us inbox_drop=0
2026-10-02T19:33:02.253Z raft-obs: tx->0 enq=12170 drop=0 sent=12169 fail=0 hi=6 rtt_avg=28us get_avg=0us get_max=3ms
2026-10-02T19:33:02.253Z raft-obs: tx->3 enq=12162 drop=0 sent=12162 fail=0 hi=6 rtt_avg=28us get_avg=0us get_max=2ms
2026-10-02T19:33:02.253Z raft-obs: wait_timeouts=0 pump_hold_max=13us lock_wait_max=1us drain_max=13us tick_max=1us apply_max=0us persist_max=1us applies_in_worst=0 arc_miss=0 arc_term_miss=0 opid_replay=0 fin_q=0 fin_done=0 fin_drop=0 fin_full=0 pub_p50=0us pub_max=0us inbox_drop=0
2026-10-02T19:33:07.253Z raft-obs: tx->0 enq=12268 drop=0 sent=12267 fail=0 hi=6 rtt_avg=28us get_avg=0us get_max=3ms
2026-10-02T19:33:07.253Z raft-obs: tx->3 enq=12260 drop=0 sent=12260 fail=0 hi=6 rtt_avg=28us get_avg=0us get_max=2ms
2026-10-02T19:33:07.253Z raft-obs: wait_timeouts=0 pump_hold_max=5us lock_wait_max=1us drain_max=5us tick_max=1us apply_max=0us persist_max=1us applies_in_worst=0 arc_miss=0 arc_term_miss=0 opid_replay=0 fin_q=0 fin_done=0 fin_drop=0 fin_full=0 pub_p50=0us pub_max=0us inbox_drop=0
2026-10-02T19:33:12.255Z raft-obs: tx->0 enq=12367 drop=0 sent=12366 fail=0 hi=6 rtt_avg=28us get_avg=0us get_max=3ms
2026-10-02T19:33:12.255Z raft-obs: tx->3 enq=12359 drop=0 sent=12359 fail=0 hi=6 rtt_avg=28us get_avg=0us get_max=2ms
2026-10-02T19:33:12.255Z raft-obs: wait_timeouts=0 pump_hold_max=6us lock_wait_max=1us drain_max=5us tick_max=1us apply_max=0us persist_max=1us applies_in_worst=0 arc_miss=0 arc_term_miss=0 opid_replay=0 fin_q=0 fin_done=0 fin_drop=0 fin_full=0 pub_p50=0us pub_max=0us inbox_drop=0
2026-10-02T19:33:17.256Z raft-obs: tx->0 enq=12466 drop=0 sent=12465 fail=0 hi=6 rtt_avg=28us get_avg=0us get_max=3ms
2026-10-02T19:33:17.256Z raft-obs: tx->3 enq=12458 drop=0 sent=12458 fail=0 hi=6 rtt_avg=28us get_avg=0us get_max=2ms
2026-10-02T19:33:17.256Z raft-obs: wait_timeouts=0 pump_hold_max=5us lock_wait_max=1us drain_max=5us tick_max=1us apply_max=0us persist_max=5us applies_in_worst=0 arc_miss=0 arc_term_miss=0 opid_replay=0 fin_q=0 fin_done=0 fin_drop=0 fin_full=0 pub_p50=0us pub_max=0us inbox_drop=0
2026-10-02T19:33:22.257Z raft-obs: tx->0 enq=12565 drop=0 sent=12564 fail=0 hi=6 rtt_avg=28us get_avg=0us get_max=3ms
2026-10-02T19:33:22.257Z raft-obs: tx->3 enq=12557 drop=0 sent=12557 fail=0 hi=6 rtt_avg=28us get_avg=0us get_max=2ms
2026-10-02T19:33:22.257Z raft-obs: wait_timeouts=0 pump_hold_max=5us lock_wait_max=1us drain_max=5us tick_max=3us apply_max=0us persist_max=1us applies_in_worst=0 arc_miss=0 arc_term_miss=0 opid_replay=0 fin_q=0 fin_done=0 fin_drop=0 fin_full=0 pub_p50=0us pub_max=0us inbox_drop=0
2026-10-02T19:33:27.258Z raft-obs: tx->0 enq=12664 drop=0 sent=12663 fail=0 hi=6 rtt_avg=28us get_avg=0us get_max=3ms
2026-10-02T19:33:27.258Z raft-obs: tx->3 enq=12656 drop=0 sent=12656 fail=0 hi=6 rtt_avg=28us get_avg=0us get_max=2ms
2026-10-02T19:33:27.258Z raft-obs: wait_timeouts=0 pump_hold_max=6us lock_wait_max=1us drain_max=6us tick_max=3us apply_max=0us persist_max=1us applies_in_worst=0 arc_miss=0 arc_term_miss=0 opid_replay=0 fin_q=0 fin_done=0 fin_drop=0 fin_full=0 pub_p50=0us pub_max=0us inbox_drop=0
2026-10-02T19:33:32.259Z raft-obs: tx->0 enq=12762 drop=0 sent=12761 fail=0 hi=6 rtt_avg=28us get_avg=0us get_max=3ms
2026-10-02T19:33:32.259Z raft-obs: tx->3 enq=12754 drop=0 sent=12754 fail=0 hi=6 rtt_avg=28us get_avg=0us get_max=2ms
2026-10-02T19:33:32.259Z raft-obs: wait_timeouts=0 pump_hold_max=5us lock_wait_max=1us drain_max=5us tick_max=1us apply_max=0us persist_max=1us applies_in_worst=0 arc_miss=0 arc_term_miss=0 opid_replay=0 fin_q=0 fin_done=0 fin_drop=0 fin_full=0 pub_p50=0us pub_max=0us inbox_drop=0
2026-10-02T19:33:37.260Z raft-obs: tx->0 enq=12861 drop=0 sent=12860 fail=0 hi=6 rtt_avg=28us get_avg=0us get_max=3ms
2026-10-02T19:33:37.260Z raft-obs: tx->3 enq=12853 drop=0 sent=12853 fail=0 hi=6 rtt_avg=28us get_avg=0us get_max=2ms
2026-10-02T19:33:37.260Z raft-obs: wait_timeouts=0 pump_hold_max=13us lock_wait_max=1us drain_max=13us tick_max=1us apply_max=0us persist_max=1us applies_in_worst=0 arc_miss=0 arc_term_miss=0 opid_replay=0 fin_q=0 fin_done=0 fin_drop=0 fin_full=0 pub_p50=0us pub_max=0us inbox_drop=0
2026-10-02T19:33:42.261Z raft-obs: tx->0 enq=12960 drop=0 sent=12959 fail=0 hi=6 rtt_avg=28us get_avg=0us get_max=3ms
2026-10-02T19:33:42.261Z raft-obs: tx->3 enq=12952 drop=0 sent=12952 fail=0 hi=6 rtt_avg=28us get_avg=0us get_max=2ms
2026-10-02T19:33:42.261Z raft-obs: wait_timeouts=0 pump_hold_max=6us lock_wait_max=1us drain_max=6us tick_max=3us apply_max=0us persist_max=1us applies_in_worst=0 arc_miss=0 arc_term_miss=0 opid_replay=0 fin_q=0 fin_done=0 fin_drop=0 fin_full=0 pub_p50=0us pub_max=0us inbox_drop=0
2026-10-02T19:33:47.262Z raft-obs: tx->0 enq=13059 drop=0 sent=13058 fail=0 hi=6 rtt_avg=28us get_avg=0us get_max=3ms
2026-10-02T19:33:47.262Z raft-obs: tx->3 enq=13051 drop=0 sent=13051 fail=0 hi=6 rtt_avg=28us get_avg=0us get_max=2ms
2026-10-02T19:33:47.262Z raft-obs: wait_timeouts=0 pump_hold_max=9us lock_wait_max=6us drain_max=9us tick_max=1us apply_max=0us persist_max=1us applies_in_worst=0 arc_miss=0 arc_term_miss=0 opid_replay=0 fin_q=0 fin_done=0 fin_drop=0 fin_full=0 pub_p50=0us pub_max=0us inbox_drop=0
2026-10-02T19:33:52.263Z raft-obs: tx->0 enq=13158 drop=0 sent=13157 fail=0 hi=6 rtt_avg=28us get_avg=0us get_max=3ms
2026-10-02T19:33:52.263Z raft-obs: tx->3 enq=13150 drop=0 sent=13150 fail=0 hi=6 rtt_avg=28us get_avg=0us get_max=2ms
2026-10-02T19:33:52.263Z raft-obs: wait_timeouts=0 pump_hold_max=8us lock_wait_max=9us drain_max=8us tick_max=1us apply_max=0us persist_max=1us applies_in_worst=0 arc_miss=0 arc_term_miss=0 opid_replay=0 fin_q=0 fin_done=0 fin_drop=0 fin_full=0 pub_p50=0us pub_max=0us inbox_drop=0
2026-10-02T19:33:57.264Z raft-obs: tx->0 enq=13256 drop=0 sent=13255 fail=0 hi=6 rtt_avg=28us get_avg=0us get_max=3ms
2026-10-02T19:33:57.264Z raft-obs: tx->3 enq=13248 drop=0 sent=13248 fail=0 hi=6 rtt_avg=28us get_avg=0us get_max=2ms
2026-10-02T19:33:57.264Z raft-obs: wait_timeouts=0 pump_hold_max=6us lock_wait_max=1us drain_max=6us tick_max=1us apply_max=0us persist_max=8us applies_in_worst=0 arc_miss=0 arc_term_miss=0 opid_replay=0 fin_q=0 fin_done=0 fin_drop=0 fin_full=0 pub_p50=0us pub_max=0us inbox_drop=0
2026-10-02T19:34:02.265Z raft-obs: tx->0 enq=13355 drop=0 sent=13354 fail=0 hi=6 rtt_avg=28us get_avg=0us get_max=3ms
2026-10-02T19:34:02.265Z raft-obs: tx->3 enq=13347 drop=0 sent=13347 fail=0 hi=6 rtt_avg=28us get_avg=0us get_max=2ms
2026-10-02T19:34:02.265Z raft-obs: wait_timeouts=0 pump_hold_max=6us lock_wait_max=3us drain_max=5us tick_max=1us apply_max=0us persist_max=1us applies_in_worst=0 arc_miss=0 arc_term_miss=0 opid_replay=0 fin_q=0 fin_done=0 fin_drop=0 fin_full=0 pub_p50=0us pub_max=0us inbox_drop=0
2026-10-02T19:34:07.266Z raft-obs: tx->0 enq=13454 drop=0 sent=13453 fail=0 hi=6 rtt_avg=28us get_avg=0us get_max=3ms
2026-10-02T19:34:07.266Z raft-obs: tx->3 enq=13446 drop=0 sent=13446 fail=0 hi=6 rtt_avg=28us get_avg=0us get_max=2ms
2026-10-02T19:34:07.266Z raft-obs: wait_timeouts=0 pump_hold_max=6us lock_wait_max=1us drain_max=6us tick_max=3us apply_max=0us persist_max=5us applies_in_worst=0 arc_miss=0 arc_term_miss=0 opid_replay=0 fin_q=0 fin_done=0 fin_drop=0 fin_full=0 pub_p50=0us pub_max=0us inbox_drop=0
2026-10-02T19:34:12.267Z raft-obs: tx->0 enq=13553 drop=0 sent=13552 fail=0 hi=6 rtt_avg=28us get_avg=0us get_max=3ms
2026-10-02T19:34:12.267Z raft-obs: tx->3 enq=13545 drop=0 sent=13545 fail=0 hi=6 rtt_avg=28us get_avg=0us get_max=2ms
2026-10-02T19:34:12.267Z raft-obs: wait_timeouts=0 pump_hold_max=5us lock_wait_max=1us drain_max=5us tick_max=5us apply_max=0us persist_max=1us applies_in_worst=0 arc_miss=0 arc_term_miss=0 opid_replay=0 fin_q=0 fin_done=0 fin_drop=0 fin_full=0 pub_p50=0us pub_max=0us inbox_drop=0
2026-10-02T19:34:17.268Z raft-obs: tx->0 enq=13652 drop=0 sent=13651 fail=0 hi=6 rtt_avg=28us get_avg=0us get_max=3ms
2026-10-02T19:34:17.268Z raft-obs: tx->3 enq=13644 drop=0 sent=13644 fail=0 hi=6 rtt_avg=28us get_avg=0us get_max=2ms
2026-10-02T19:34:17.268Z raft-obs: wait_timeouts=0 pump_hold_max=5us lock_wait_max=1us drain_max=5us tick_max=1us apply_max=0us persist_max=1us applies_in_worst=0 arc_miss=0 arc_term_miss=0 opid_replay=0 fin_q=0 fin_done=0 fin_drop=0 fin_full=0 pub_p50=0us pub_max=0us inbox_drop=0
2026-10-02T19:34:22.269Z raft-obs: tx->0 enq=13750 drop=0 sent=13749 fail=0 hi=6 rtt_avg=28us get_avg=0us get_max=3ms
2026-10-02T19:34:22.269Z raft-obs: tx->3 enq=13742 drop=0 sent=13742 fail=0 hi=6 rtt_avg=28us get_avg=0us get_max=2ms
2026-10-02T19:34:22.269Z raft-obs: wait_timeouts=0 pump_hold_max=7us lock_wait_max=1us drain_max=7us tick_max=1us apply_max=0us persist_max=1us applies_in_worst=0 arc_miss=0 arc_term_miss=0 opid_replay=0 fin_q=0 fin_done=0 fin_drop=0 fin_full=0 pub_p50=0us pub_max=0us inbox_drop=0
2026-10-02T19:34:27.270Z raft-obs: tx->0 enq=13849 drop=0 sent=13848 fail=0 hi=6 rtt_avg=28us get_avg=0us get_max=3ms
2026-10-02T19:34:27.270Z raft-obs: tx->3 enq=13841 drop=0 sent=13841 fail=0 hi=6 rtt_avg=28us get_avg=0us get_max=2ms
2026-10-02T19:34:27.270Z raft-obs: wait_timeouts=0 pump_hold_max=6us lock_wait_max=1us drain_max=6us tick_max=1us apply_max=0us persist_max=1us applies_in_worst=0 arc_miss=0 arc_term_miss=0 opid_replay=0 fin_q=0 fin_done=0 fin_drop=0 fin_full=0 pub_p50=0us pub_max=0us inbox_drop=0
2026-10-02T19:34:32.271Z raft-obs: tx->0 enq=13948 drop=0 sent=13947 fail=0 hi=6 rtt_avg=28us get_avg=0us get_max=3ms
2026-10-02T19:34:32.271Z raft-obs: tx->3 enq=13940 drop=0 sent=13940 fail=0 hi=6 rtt_avg=29us get_avg=0us get_max=2ms
2026-10-02T19:34:32.271Z raft-obs: wait_timeouts=0 pump_hold_max=7us lock_wait_max=1us drain_max=7us tick_max=4us apply_max=0us persist_max=1us applies_in_worst=0 arc_miss=0 arc_term_miss=0 opid_replay=0 fin_q=0 fin_done=0 fin_drop=0 fin_full=0 pub_p50=0us pub_max=0us inbox_drop=0
2026-10-02T19:34:37.271Z raft-obs: tx->0 enq=14047 drop=0 sent=14046 fail=0 hi=6 rtt_avg=28us get_avg=0us get_max=3ms
2026-10-02T19:34:37.271Z raft-obs: tx->3 enq=14039 drop=0 sent=14039 fail=0 hi=6 rtt_avg=29us get_avg=0us get_max=2ms
2026-10-02T19:34:37.271Z raft-obs: wait_timeouts=0 pump_hold_max=4us lock_wait_max=1us drain_max=4us tick_max=1us apply_max=0us persist_max=1us applies_in_worst=0 arc_miss=0 arc_term_miss=0 opid_replay=0 fin_q=0 fin_done=0 fin_drop=0 fin_full=0 pub_p50=0us pub_max=0us inbox_drop=0
2026-10-02T19:34:42.272Z raft-obs: tx->0 enq=14146 drop=0 sent=14145 fail=0 hi=6 rtt_avg=28us get_avg=0us get_max=3ms
2026-10-02T19:34:42.272Z raft-obs: tx->3 enq=14138 drop=0 sent=14138 fail=0 hi=6 rtt_avg=29us get_avg=0us get_max=2ms
2026-10-02T19:34:42.272Z raft-obs: wait_timeouts=0 pump_hold_max=8us lock_wait_max=1us drain_max=8us tick_max=1us apply_max=0us persist_max=1us applies_in_worst=0 arc_miss=0 arc_term_miss=0 opid_replay=0 fin_q=0 fin_done=0 fin_drop=0 fin_full=0 pub_p50=0us pub_max=0us inbox_drop=0
2026-10-02T19:34:47.273Z raft-obs: tx->0 enq=14244 drop=0 sent=14243 fail=0 hi=6 rtt_avg=28us get_avg=0us get_max=3ms
2026-10-02T19:34:47.273Z raft-obs: tx->3 enq=14236 drop=0 sent=14236 fail=0 hi=6 rtt_avg=29us get_avg=0us get_max=2ms
2026-10-02T19:34:47.273Z raft-obs: wait_timeouts=0 pump_hold_max=7us lock_wait_max=3us drain_max=7us tick_max=1us apply_max=0us persist_max=1us applies_in_worst=0 arc_miss=0 arc_term_miss=0 opid_replay=0 fin_q=0 fin_done=0 fin_drop=0 fin_full=0 pub_p50=0us pub_max=0us inbox_drop=0
2026-10-02T19:34:52.274Z raft-obs: tx->0 enq=14343 drop=0 sent=14342 fail=0 hi=6 rtt_avg=28us get_avg=0us get_max=3ms
2026-10-02T19:34:52.274Z raft-obs: tx->3 enq=14335 drop=0 sent=14335 fail=0 hi=6 rtt_avg=29us get_avg=0us get_max=2ms
2026-10-02T19:34:52.274Z raft-obs: wait_timeouts=0 pump_hold_max=10us lock_wait_max=1us drain_max=10us tick_max=1us apply_max=0us persist_max=5us applies_in_worst=0 arc_miss=0 arc_term_miss=0 opid_replay=0 fin_q=0 fin_done=0 fin_drop=0 fin_full=0 pub_p50=0us pub_max=0us inbox_drop=0
2026-10-02T19:34:57.275Z raft-obs: tx->0 enq=14442 drop=0 sent=14441 fail=0 hi=6 rtt_avg=28us get_avg=0us get_max=3ms
2026-10-02T19:34:57.275Z raft-obs: tx->3 enq=14434 drop=0 sent=14434 fail=0 hi=6 rtt_avg=29us get_avg=0us get_max=2ms
2026-10-02T19:34:57.275Z raft-obs: wait_timeouts=0 pump_hold_max=22us lock_wait_max=3us drain_max=22us tick_max=1us apply_max=0us persist_max=10us applies_in_worst=0 arc_miss=0 arc_term_miss=0 opid_replay=0 fin_q=0 fin_done=0 fin_drop=0 fin_full=0 pub_p50=0us pub_max=0us inbox_drop=0
2026-10-02T19:35:02.276Z raft-obs: tx->0 enq=14541 drop=0 sent=14540 fail=0 hi=6 rtt_avg=28us get_avg=0us get_max=3ms
2026-10-02T19:35:02.276Z raft-obs: tx->3 enq=14533 drop=0 sent=14533 fail=0 hi=6 rtt_avg=29us get_avg=0us get_max=2ms
2026-10-02T19:35:02.276Z raft-obs: wait_timeouts=0 pump_hold_max=11us lock_wait_max=1us drain_max=11us tick_max=1us apply_max=0us persist_max=1us applies_in_worst=0 arc_miss=0 arc_term_miss=0 opid_replay=0 fin_q=0 fin_done=0 fin_drop=0 fin_full=0 pub_p50=0us pub_max=0us inbox_drop=0
2026-10-02T19:35:07.277Z raft-obs: tx->0 enq=14640 drop=0 sent=14639 fail=0 hi=6 rtt_avg=28us get_avg=0us get_max=3ms
2026-10-02T19:35:07.277Z raft-obs: tx->3 enq=14632 drop=0 sent=14632 fail=0 hi=6 rtt_avg=29us get_avg=0us get_max=2ms
2026-10-02T19:35:07.277Z raft-obs: wait_timeouts=0 pump_hold_max=4us lock_wait_max=1us drain_max=3us tick_max=1us apply_max=0us persist_max=6us applies_in_worst=0 arc_miss=0 arc_term_miss=0 opid_replay=0 fin_q=0 fin_done=0 fin_drop=0 fin_full=0 pub_p50=0us pub_max=0us inbox_drop=0
2026-10-02T19:35:12.278Z raft-obs: tx->0 enq=14739 drop=0 sent=14737 fail=0 hi=6 rtt_avg=28us get_avg=0us get_max=3ms
2026-10-02T19:35:12.278Z raft-obs: tx->3 enq=14730 drop=0 sent=14730 fail=0 hi=6 rtt_avg=29us get_avg=0us get_max=2ms
2026-10-02T19:35:12.278Z raft-obs: wait_timeouts=0 pump_hold_max=6us lock_wait_max=1us drain_max=6us tick_max=1us apply_max=0us persist_max=3us applies_in_worst=0 arc_miss=0 arc_term_miss=0 opid_replay=0 fin_q=0 fin_done=0 fin_drop=0 fin_full=0 pub_p50=0us pub_max=0us inbox_drop=0
2026-10-02T19:35:17.279Z raft-obs: tx->0 enq=14837 drop=0 sent=14836 fail=0 hi=6 rtt_avg=28us get_avg=0us get_max=3ms
2026-10-02T19:35:17.279Z raft-obs: tx->3 enq=14829 drop=0 sent=14829 fail=0 hi=6 rtt_avg=29us get_avg=0us get_max=2ms
2026-10-02T19:35:17.279Z raft-obs: wait_timeouts=0 pump_hold_max=7us lock_wait_max=2us drain_max=6us tick_max=1us apply_max=0us persist_max=1us applies_in_worst=0 arc_miss=0 arc_term_miss=0 opid_replay=0 fin_q=0 fin_done=0 fin_drop=0 fin_full=0 pub_p50=0us pub_max=0us inbox_drop=0
2026-10-02T19:35:22.280Z raft-obs: tx->0 enq=14936 drop=0 sent=14935 fail=0 hi=6 rtt_avg=28us get_avg=0us get_max=3ms
2026-10-02T19:35:22.280Z raft-obs: tx->3 enq=14928 drop=0 sent=14928 fail=0 hi=6 rtt_avg=29us get_avg=0us get_max=2ms
2026-10-02T19:35:22.280Z raft-obs: wait_timeouts=0 pump_hold_max=4us lock_wait_max=1us drain_max=3us tick_max=1us apply_max=0us persist_max=1us applies_in_worst=0 arc_miss=0 arc_term_miss=0 opid_replay=0 fin_q=0 fin_done=0 fin_drop=0 fin_full=0 pub_p50=0us pub_max=0us inbox_drop=0
2026-10-02T19:35:27.280Z raft-obs: tx->0 enq=15035 drop=0 sent=15034 fail=0 hi=6 rtt_avg=28us get_avg=0us get_max=3ms
2026-10-02T19:35:27.280Z raft-obs: tx->3 enq=15027 drop=0 sent=15027 fail=0 hi=6 rtt_avg=29us get_avg=0us get_max=2ms
2026-10-02T19:35:27.280Z raft-obs: wait_timeouts=0 pump_hold_max=4us lock_wait_max=1us drain_max=4us tick_max=1us apply_max=0us persist_max=1us applies_in_worst=0 arc_miss=0 arc_term_miss=0 opid_replay=0 fin_q=0 fin_done=0 fin_drop=0 fin_full=0 pub_p50=0us pub_max=0us inbox_drop=0
2026-10-02T19:35:32.281Z raft-obs: tx->0 enq=15134 drop=0 sent=15133 fail=0 hi=6 rtt_avg=28us get_avg=0us get_max=3ms
2026-10-02T19:35:32.281Z raft-obs: tx->3 enq=15126 drop=0 sent=15126 fail=0 hi=6 rtt_avg=29us get_avg=0us get_max=2ms
2026-10-02T19:35:32.281Z raft-obs: wait_timeouts=0 pump_hold_max=28us lock_wait_max=1us drain_max=27us tick_max=1us apply_max=0us persist_max=1us applies_in_worst=0 arc_miss=0 arc_term_miss=0 opid_replay=0 fin_q=0 fin_done=0 fin_drop=0 fin_full=0 pub_p50=0us pub_max=0us inbox_drop=0
2026-10-02T19:35:37.282Z raft-obs: tx->0 enq=15232 drop=0 sent=15231 fail=0 hi=6 rtt_avg=28us get_avg=0us get_max=3ms
2026-10-02T19:35:37.282Z raft-obs: tx->3 enq=15224 drop=0 sent=15224 fail=0 hi=6 rtt_avg=29us get_avg=0us get_max=2ms
2026-10-02T19:35:37.282Z raft-obs: wait_timeouts=0 pump_hold_max=7us lock_wait_max=1us drain_max=4us tick_max=7us apply_max=0us persist_max=1us applies_in_worst=0 arc_miss=0 arc_term_miss=0 opid_replay=0 fin_q=0 fin_done=0 fin_drop=0 fin_full=0 pub_p50=0us pub_max=0us inbox_drop=0
2026-10-02T19:35:42.283Z raft-obs: tx->0 enq=15331 drop=0 sent=15330 fail=0 hi=6 rtt_avg=28us get_avg=0us get_max=3ms
2026-10-02T19:35:42.283Z raft-obs: tx->3 enq=15323 drop=0 sent=15323 fail=0 hi=6 rtt_avg=29us get_avg=0us get_max=2ms
2026-10-02T19:35:42.283Z raft-obs: wait_timeouts=0 pump_hold_max=6us lock_wait_max=3us drain_max=6us tick_max=1us apply_max=0us persist_max=1us applies_in_worst=0 arc_miss=0 arc_term_miss=0 opid_replay=0 fin_q=0 fin_done=0 fin_drop=0 fin_full=0 pub_p50=0us pub_max=0us inbox_drop=0
2026-10-02T19:35:47.284Z raft-obs: tx->0 enq=15430 drop=0 sent=15429 fail=0 hi=6 rtt_avg=28us get_avg=0us get_max=3ms
2026-10-02T19:35:47.284Z raft-obs: tx->3 enq=15422 drop=0 sent=15422 fail=0 hi=6 rtt_avg=29us get_avg=0us get_max=2ms
2026-10-02T19:35:47.284Z raft-obs: wait_timeouts=0 pump_hold_max=6us lock_wait_max=1us drain_max=4us tick_max=6us apply_max=0us persist_max=1us applies_in_worst=0 arc_miss=0 arc_term_miss=0 opid_replay=0 fin_q=0 fin_done=0 fin_drop=0 fin_full=0 pub_p50=0us pub_max=0us inbox_drop=0
2026-10-02T19:35:52.285Z raft-obs: tx->0 enq=15529 drop=0 sent=15528 fail=0 hi=6 rtt_avg=28us get_avg=0us get_max=3ms
2026-10-02T19:35:52.285Z raft-obs: tx->3 enq=15521 drop=0 sent=15521 fail=0 hi=6 rtt_avg=29us get_avg=0us get_max=2ms
2026-10-02T19:35:52.285Z raft-obs: wait_timeouts=0 pump_hold_max=8us lock_wait_max=1us drain_max=8us tick_max=1us apply_max=0us persist_max=1us applies_in_worst=0 arc_miss=0 arc_term_miss=0 opid_replay=0 fin_q=0 fin_done=0 fin_drop=0 fin_full=0 pub_p50=0us pub_max=0us inbox_drop=0
2026-10-02T19:35:57.285Z raft-obs: tx->0 enq=15628 drop=0 sent=15627 fail=0 hi=6 rtt_avg=28us get_avg=0us get_max=3ms
2026-10-02T19:35:57.285Z raft-obs: tx->3 enq=15620 drop=0 sent=15620 fail=0 hi=6 rtt_avg=29us get_avg=0us get_max=2ms
2026-10-02T19:35:57.285Z raft-obs: wait_timeouts=0 pump_hold_max=10us lock_wait_max=1us drain_max=9us tick_max=3us apply_max=0us persist_max=4us applies_in_worst=0 arc_miss=0 arc_term_miss=0 opid_replay=0 fin_q=0 fin_done=0 fin_drop=0 fin_full=0 pub_p50=0us pub_max=0us inbox_drop=0
2026-10-02T19:36:02.286Z raft-obs: tx->0 enq=15726 drop=0 sent=15725 fail=0 hi=6 rtt_avg=28us get_avg=0us get_max=3ms
2026-10-02T19:36:02.286Z raft-obs: tx->3 enq=15718 drop=0 sent=15718 fail=0 hi=6 rtt_avg=29us get_avg=0us get_max=2ms
2026-10-02T19:36:02.286Z raft-obs: wait_timeouts=0 pump_hold_max=6us lock_wait_max=1us drain_max=6us tick_max=1us apply_max=0us persist_max=1us applies_in_worst=0 arc_miss=0 arc_term_miss=0 opid_replay=0 fin_q=0 fin_done=0 fin_drop=0 fin_full=0 pub_p50=0us pub_max=0us inbox_drop=0
2026-10-02T19:36:07.287Z raft-obs: tx->0 enq=15825 drop=0 sent=15824 fail=0 hi=6 rtt_avg=28us get_avg=0us get_max=3ms
2026-10-02T19:36:07.287Z raft-obs: tx->3 enq=15817 drop=0 sent=15817 fail=0 hi=6 rtt_avg=29us get_avg=0us get_max=2ms
2026-10-02T19:36:07.287Z raft-obs: wait_timeouts=0 pump_hold_max=7us lock_wait_max=1us drain_max=7us tick_max=1us apply_max=0us persist_max=1us applies_in_worst=0 arc_miss=0 arc_term_miss=0 opid_replay=0 fin_q=0 fin_done=0 fin_drop=0 fin_full=0 pub_p50=0us pub_max=0us inbox_drop=0
2026-10-02T19:36:12.288Z raft-obs: tx->0 enq=15924 drop=0 sent=15923 fail=0 hi=6 rtt_avg=28us get_avg=0us get_max=3ms
2026-10-02T19:36:12.288Z raft-obs: tx->3 enq=15916 drop=0 sent=15916 fail=0 hi=6 rtt_avg=29us get_avg=0us get_max=2ms
2026-10-02T19:36:12.288Z raft-obs: wait_timeouts=0 pump_hold_max=6us lock_wait_max=1us drain_max=6us tick_max=6us apply_max=0us persist_max=1us applies_in_worst=0 arc_miss=0 arc_term_miss=0 opid_replay=0 fin_q=0 fin_done=0 fin_drop=0 fin_full=0 pub_p50=0us pub_max=0us inbox_drop=0
2026-10-02T19:36:17.289Z raft-obs: tx->0 enq=16023 drop=0 sent=16022 fail=0 hi=6 rtt_avg=28us get_avg=0us get_max=3ms
2026-10-02T19:36:17.289Z raft-obs: tx->3 enq=16015 drop=0 sent=16015 fail=0 hi=6 rtt_avg=29us get_avg=0us get_max=2ms
2026-10-02T19:36:17.289Z raft-obs: wait_timeouts=0 pump_hold_max=3us lock_wait_max=1us drain_max=3us tick_max=1us apply_max=0us persist_max=10us applies_in_worst=0 arc_miss=0 arc_term_miss=0 opid_replay=0 fin_q=0 fin_done=0 fin_drop=0 fin_full=0 pub_p50=0us pub_max=0us inbox_drop=0
2026-10-02T19:36:22.290Z raft-obs: tx->0 enq=16122 drop=0 sent=16121 fail=0 hi=6 rtt_avg=28us get_avg=0us get_max=3ms
2026-10-02T19:36:22.290Z raft-obs: tx->3 enq=16114 drop=0 sent=16114 fail=0 hi=6 rtt_avg=29us get_avg=0us get_max=2ms
2026-10-02T19:36:22.290Z raft-obs: wait_timeouts=0 pump_hold_max=6us lock_wait_max=1us drain_max=6us tick_max=1us apply_max=0us persist_max=1us applies_in_worst=0 arc_miss=0 arc_term_miss=0 opid_replay=0 fin_q=0 fin_done=0 fin_drop=0 fin_full=0 pub_p50=0us pub_max=0us inbox_drop=0
2026-10-02T19:36:27.291Z raft-obs: tx->0 enq=16220 drop=0 sent=16219 fail=0 hi=6 rtt_avg=28us get_avg=0us get_max=3ms
2026-10-02T19:36:27.291Z raft-obs: tx->3 enq=16212 drop=0 sent=16212 fail=0 hi=6 rtt_avg=29us get_avg=0us get_max=2ms
2026-10-02T19:36:27.291Z raft-obs: wait_timeouts=0 pump_hold_max=3us lock_wait_max=1us drain_max=3us tick_max=1us apply_max=0us persist_max=1us applies_in_worst=0 arc_miss=0 arc_term_miss=0 opid_replay=0 fin_q=0 fin_done=0 fin_drop=0 fin_full=0 pub_p50=0us pub_max=0us inbox_drop=0
2026-10-02T19:36:32.292Z raft-obs: tx->0 enq=16319 drop=0 sent=16318 fail=0 hi=6 rtt_avg=28us get_avg=0us get_max=3ms
2026-10-02T19:36:32.292Z raft-obs: tx->3 enq=16311 drop=0 sent=16311 fail=0 hi=6 rtt_avg=29us get_avg=0us get_max=2ms
2026-10-02T19:36:32.292Z raft-obs: wait_timeouts=0 pump_hold_max=7us lock_wait_max=5us drain_max=6us tick_max=7us apply_max=0us persist_max=3us applies_in_worst=0 arc_miss=0 arc_term_miss=0 opid_replay=0 fin_q=0 fin_done=0 fin_drop=0 fin_full=0 pub_p50=0us pub_max=0us inbox_drop=0
2026-10-02T19:36:37.293Z raft-obs: tx->0 enq=16418 drop=0 sent=16417 fail=0 hi=6 rtt_avg=28us get_avg=0us get_max=3ms
2026-10-02T19:36:37.293Z raft-obs: tx->3 enq=16410 drop=0 sent=16410 fail=0 hi=6 rtt_avg=29us get_avg=0us get_max=2ms
2026-10-02T19:36:37.293Z raft-obs: wait_timeouts=0 pump_hold_max=13us lock_wait_max=1us drain_max=13us tick_max=1us apply_max=0us persist_max=1us applies_in_worst=0 arc_miss=0 arc_term_miss=0 opid_replay=0 fin_q=0 fin_done=0 fin_drop=0 fin_full=0 pub_p50=0us pub_max=0us inbox_drop=0
2026-10-02T19:36:42.294Z raft-obs: tx->0 enq=16517 drop=0 sent=16516 fail=0 hi=6 rtt_avg=28us get_avg=0us get_max=3ms
2026-10-02T19:36:42.294Z raft-obs: tx->3 enq=16509 drop=0 sent=16509 fail=0 hi=6 rtt_avg=29us get_avg=0us get_max=2ms
2026-10-02T19:36:42.294Z raft-obs: wait_timeouts=0 pump_hold_max=7us lock_wait_max=1us drain_max=7us tick_max=1us apply_max=0us persist_max=1us applies_in_worst=0 arc_miss=0 arc_term_miss=0 opid_replay=0 fin_q=0 fin_done=0 fin_drop=0 fin_full=0 pub_p50=0us pub_max=0us inbox_drop=0
2026-10-02T19:36:47.294Z raft-obs: tx->0 enq=16616 drop=0 sent=16615 fail=0 hi=6 rtt_avg=28us get_avg=0us get_max=3ms
2026-10-02T19:36:47.294Z raft-obs: tx->3 enq=16608 drop=0 sent=16608 fail=0 hi=6 rtt_avg=29us get_avg=0us get_max=2ms
2026-10-02T19:36:47.294Z raft-obs: wait_timeouts=0 pump_hold_max=3us lock_wait_max=2us drain_max=3us tick_max=1us apply_max=0us persist_max=1us applies_in_worst=0 arc_miss=0 arc_term_miss=0 opid_replay=0 fin_q=0 fin_done=0 fin_drop=0 fin_full=0 pub_p50=0us pub_max=0us inbox_drop=0
2026-10-02T19:36:52.295Z raft-obs: tx->0 enq=16714 drop=0 sent=16713 fail=0 hi=6 rtt_avg=28us get_avg=0us get_max=3ms
2026-10-02T19:36:52.295Z raft-obs: tx->3 enq=16706 drop=0 sent=16706 fail=0 hi=6 rtt_avg=29us get_avg=0us get_max=2ms
2026-10-02T19:36:52.295Z raft-obs: wait_timeouts=0 pump_hold_max=18us lock_wait_max=1us drain_max=7us tick_max=17us apply_max=0us persist_max=1us applies_in_worst=0 arc_miss=0 arc_term_miss=0 opid_replay=0 fin_q=0 fin_done=0 fin_drop=0 fin_full=0 pub_p50=0us pub_max=0us inbox_drop=0
2026-10-02T19:36:57.296Z raft-obs: tx->0 enq=16813 drop=0 sent=16812 fail=0 hi=6 rtt_avg=28us get_avg=0us get_max=3ms
2026-10-02T19:36:57.296Z raft-obs: tx->3 enq=16805 drop=0 sent=16805 fail=0 hi=6 rtt_avg=29us get_avg=0us get_max=2ms
2026-10-02T19:36:57.296Z raft-obs: wait_timeouts=0 pump_hold_max=6us lock_wait_max=1us drain_max=6us tick_max=1us apply_max=0us persist_max=1us applies_in_worst=0 arc_miss=0 arc_term_miss=0 opid_replay=0 fin_q=0 fin_done=0 fin_drop=0 fin_full=0 pub_p50=0us pub_max=0us inbox_drop=0
2026-10-02T19:37:02.297Z raft-obs: tx->0 enq=16912 drop=0 sent=16911 fail=0 hi=6 rtt_avg=28us get_avg=0us get_max=3ms
2026-10-02T19:37:02.297Z raft-obs: tx->3 enq=16904 drop=0 sent=16904 fail=0 hi=6 rtt_avg=29us get_avg=0us get_max=2ms
2026-10-02T19:37:02.297Z raft-obs: wait_timeouts=0 pump_hold_max=6us lock_wait_max=5us drain_max=6us tick_max=1us apply_max=0us persist_max=1us applies_in_worst=0 arc_miss=0 arc_term_miss=0 opid_replay=0 fin_q=0 fin_done=0 fin_drop=0 fin_full=0 pub_p50=0us pub_max=0us inbox_drop=0
2026-10-02T19:37:07.298Z raft-obs: tx->0 enq=17011 drop=0 sent=17010 fail=0 hi=6 rtt_avg=28us get_avg=0us get_max=3ms
2026-10-02T19:37:07.298Z raft-obs: tx->3 enq=17003 drop=0 sent=17003 fail=0 hi=6 rtt_avg=29us get_avg=0us get_max=2ms
2026-10-02T19:37:07.298Z raft-obs: wait_timeouts=0 pump_hold_max=3us lock_wait_max=1us drain_max=3us tick_max=1us apply_max=0us persist_max=3us applies_in_worst=0 arc_miss=0 arc_term_miss=0 opid_replay=0 fin_q=0 fin_done=0 fin_drop=0 fin_full=0 pub_p50=0us pub_max=0us inbox_drop=0
2026-10-02T19:37:12.299Z raft-obs: tx->0 enq=17110 drop=0 sent=17109 fail=0 hi=6 rtt_avg=28us get_avg=0us get_max=3ms
2026-10-02T19:37:12.299Z raft-obs: tx->3 enq=17102 drop=0 sent=17102 fail=0 hi=6 rtt_avg=29us get_avg=0us get_max=2ms
2026-10-02T19:37:12.299Z raft-obs: wait_timeouts=0 pump_hold_max=3us lock_wait_max=1us drain_max=3us tick_max=1us apply_max=0us persist_max=1us applies_in_worst=0 arc_miss=0 arc_term_miss=0 opid_replay=0 fin_q=0 fin_done=0 fin_drop=0 fin_full=0 pub_p50=0us pub_max=0us inbox_drop=0
2026-10-02T19:37:17.300Z raft-obs: tx->0 enq=17208 drop=0 sent=17207 fail=0 hi=6 rtt_avg=28us get_avg=0us get_max=3ms
2026-10-02T19:37:17.300Z raft-obs: tx->3 enq=17200 drop=0 sent=17200 fail=0 hi=6 rtt_avg=29us get_avg=0us get_max=2ms
2026-10-02T19:37:17.300Z raft-obs: wait_timeouts=0 pump_hold_max=4us lock_wait_max=1us drain_max=3us tick_max=1us apply_max=0us persist_max=1us applies_in_worst=0 arc_miss=0 arc_term_miss=0 opid_replay=0 fin_q=0 fin_done=0 fin_drop=0 fin_full=0 pub_p50=0us pub_max=0us inbox_drop=0
2026-10-02T19:37:22.301Z raft-obs: tx->0 enq=17307 drop=0 sent=17306 fail=0 hi=6 rtt_avg=28us get_avg=0us get_max=3ms
2026-10-02T19:37:22.301Z raft-obs: tx->3 enq=17299 drop=0 sent=17299 fail=0 hi=6 rtt_avg=29us get_avg=0us get_max=2ms
2026-10-02T19:37:22.301Z raft-obs: wait_timeouts=0 pump_hold_max=9us lock_wait_max=1us drain_max=8us tick_max=1us apply_max=0us persist_max=3us applies_in_worst=0 arc_miss=0 arc_term_miss=0 opid_replay=0 fin_q=0 fin_done=0 fin_drop=0 fin_full=0 pub_p50=0us pub_max=0us inbox_drop=0
2026-10-02T19:37:27.302Z raft-obs: tx->0 enq=17406 drop=0 sent=17405 fail=0 hi=6 rtt_avg=28us get_avg=0us get_max=3ms
2026-10-02T19:37:27.302Z raft-obs: tx->3 enq=17398 drop=0 sent=17398 fail=0 hi=6 rtt_avg=29us get_avg=0us get_max=2ms
2026-10-02T19:37:27.302Z raft-obs: wait_timeouts=0 pump_hold_max=3us lock_wait_max=1us drain_max=3us tick_max=1us apply_max=0us persist_max=4us applies_in_worst=0 arc_miss=0 arc_term_miss=0 opid_replay=0 fin_q=0 fin_done=0 fin_drop=0 fin_full=0 pub_p50=0us pub_max=0us inbox_drop=0
2026-10-02T19:37:32.303Z raft-obs: tx->0 enq=17505 drop=0 sent=17504 fail=0 hi=6 rtt_avg=28us get_avg=0us get_max=3ms
2026-10-02T19:37:32.303Z raft-obs: tx->3 enq=17497 drop=0 sent=17497 fail=0 hi=6 rtt_avg=29us get_avg=0us get_max=2ms
2026-10-02T19:37:32.303Z raft-obs: wait_timeouts=0 pump_hold_max=12us lock_wait_max=1us drain_max=12us tick_max=1us apply_max=0us persist_max=1us applies_in_worst=0 arc_miss=0 arc_term_miss=0 opid_replay=0 fin_q=0 fin_done=0 fin_drop=0 fin_full=0 pub_p50=0us pub_max=0us inbox_drop=0
2026-10-02T19:37:37.304Z raft-obs: tx->0 enq=17604 drop=0 sent=17603 fail=0 hi=6 rtt_avg=28us get_avg=0us get_max=3ms
2026-10-02T19:37:37.304Z raft-obs: tx->3 enq=17596 drop=0 sent=17596 fail=0 hi=6 rtt_avg=29us get_avg=0us get_max=2ms
2026-10-02T19:37:37.304Z raft-obs: wait_timeouts=0 pump_hold_max=21us lock_wait_max=8us drain_max=21us tick_max=1us apply_max=0us persist_max=1us applies_in_worst=0 arc_miss=0 arc_term_miss=0 opid_replay=0 fin_q=0 fin_done=0 fin_drop=0 fin_full=0 pub_p50=0us pub_max=0us inbox_drop=0
2026-10-02T19:37:42.305Z raft-obs: tx->0 enq=17702 drop=0 sent=17701 fail=0 hi=6 rtt_avg=28us get_avg=0us get_max=3ms
2026-10-02T19:37:42.305Z raft-obs: tx->3 enq=17694 drop=0 sent=17694 fail=0 hi=6 rtt_avg=29us get_avg=0us get_max=2ms
2026-10-02T19:37:42.305Z raft-obs: wait_timeouts=0 pump_hold_max=9us lock_wait_max=1us drain_max=9us tick_max=3us apply_max=0us persist_max=1us applies_in_worst=0 arc_miss=0 arc_term_miss=0 opid_replay=0 fin_q=0 fin_done=0 fin_drop=0 fin_full=0 pub_p50=0us pub_max=0us inbox_drop=0
2026-10-02T19:37:47.305Z raft-obs: tx->0 enq=17801 drop=0 sent=17800 fail=0 hi=6 rtt_avg=28us get_avg=0us get_max=3ms
2026-10-02T19:37:47.306Z raft-obs: tx->3 enq=17793 drop=0 sent=17793 fail=0 hi=6 rtt_avg=29us get_avg=0us get_max=2ms
2026-10-02T19:37:47.306Z raft-obs: wait_timeouts=0 pump_hold_max=4us lock_wait_max=6us drain_max=4us tick_max=3us apply_max=0us persist_max=1us applies_in_worst=0 arc_miss=0 arc_term_miss=0 opid_replay=0 fin_q=0 fin_done=0 fin_drop=0 fin_full=0 pub_p50=0us pub_max=0us inbox_drop=0
2026-10-02T19:37:52.307Z raft-obs: tx->0 enq=17900 drop=0 sent=17899 fail=0 hi=6 rtt_avg=28us get_avg=0us get_max=3ms
2026-10-02T19:37:52.307Z raft-obs: tx->3 enq=17892 drop=0 sent=17892 fail=0 hi=6 rtt_avg=29us get_avg=0us get_max=2ms
2026-10-02T19:37:52.307Z raft-obs: wait_timeouts=0 pump_hold_max=23us lock_wait_max=1us drain_max=23us tick_max=1us apply_max=0us persist_max=1us applies_in_worst=0 arc_miss=0 arc_term_miss=0 opid_replay=0 fin_q=0 fin_done=0 fin_drop=0 fin_full=0 pub_p50=0us pub_max=0us inbox_drop=0
2026-10-02T19:37:57.308Z raft-obs: tx->0 enq=17999 drop=0 sent=17998 fail=0 hi=6 rtt_avg=28us get_avg=0us get_max=3ms
2026-10-02T19:37:57.308Z raft-obs: tx->3 enq=17991 drop=0 sent=17991 fail=0 hi=6 rtt_avg=29us get_avg=0us get_max=2ms
2026-10-02T19:37:57.308Z raft-obs: wait_timeouts=0 pump_hold_max=7us lock_wait_max=1us drain_max=7us tick_max=1us apply_max=0us persist_max=4us applies_in_worst=0 arc_miss=0 arc_term_miss=0 opid_replay=0 fin_q=0 fin_done=0 fin_drop=0 fin_full=0 pub_p50=0us pub_max=0us inbox_drop=0
2026-10-02T19:38:02.309Z raft-obs: tx->0 enq=18098 drop=0 sent=18097 fail=0 hi=6 rtt_avg=28us get_avg=0us get_max=3ms
2026-10-02T19:38:02.309Z raft-obs: tx->3 enq=18090 drop=0 sent=18090 fail=0 hi=6 rtt_avg=29us get_avg=0us get_max=2ms
2026-10-02T19:38:02.309Z raft-obs: wait_timeouts=0 pump_hold_max=31us lock_wait_max=1us drain_max=31us tick_max=6us apply_max=0us persist_max=1us applies_in_worst=0 arc_miss=0 arc_term_miss=0 opid_replay=0 fin_q=0 fin_done=0 fin_drop=0 fin_full=0 pub_p50=0us pub_max=0us inbox_drop=0
2026-10-02T19:38:07.309Z raft-obs: tx->0 enq=18196 drop=0 sent=18195 fail=0 hi=6 rtt_avg=28us get_avg=0us get_max=3ms
2026-10-02T19:38:07.309Z raft-obs: tx->3 enq=18188 drop=0 sent=18188 fail=0 hi=6 rtt_avg=29us get_avg=0us get_max=2ms
2026-10-02T19:38:07.310Z raft-obs: wait_timeouts=0 pump_hold_max=5us lock_wait_max=3us drain_max=5us tick_max=1us apply_max=0us persist_max=1us applies_in_worst=0 arc_miss=0 arc_term_miss=0 opid_replay=0 fin_q=0 fin_done=0 fin_drop=0 fin_full=0 pub_p50=0us pub_max=0us inbox_drop=0
2026-10-02T19:38:12.311Z raft-obs: tx->0 enq=18295 drop=0 sent=18294 fail=0 hi=6 rtt_avg=28us get_avg=0us get_max=3ms
2026-10-02T19:38:12.311Z raft-obs: tx->3 enq=18287 drop=0 sent=18287 fail=0 hi=6 rtt_avg=29us get_avg=0us get_max=2ms
2026-10-02T19:38:12.311Z raft-obs: wait_timeouts=0 pump_hold_max=7us lock_wait_max=1us drain_max=7us tick_max=1us apply_max=0us persist_max=1us applies_in_worst=0 arc_miss=0 arc_term_miss=0 opid_replay=0 fin_q=0 fin_done=0 fin_drop=0 fin_full=0 pub_p50=0us pub_max=0us inbox_drop=0
2026-10-02T19:38:17.312Z raft-obs: tx->0 enq=18394 drop=0 sent=18393 fail=0 hi=6 rtt_avg=28us get_avg=0us get_max=3ms
2026-10-02T19:38:17.312Z raft-obs: tx->3 enq=18386 drop=0 sent=18386 fail=0 hi=6 rtt_avg=29us get_avg=0us get_max=2ms
2026-10-02T19:38:17.312Z raft-obs: wait_timeouts=0 pump_hold_max=8us lock_wait_max=1us drain_max=8us tick_max=1us apply_max=0us persist_max=1us applies_in_worst=0 arc_miss=0 arc_term_miss=0 opid_replay=0 fin_q=0 fin_done=0 fin_drop=0 fin_full=0 pub_p50=0us pub_max=0us inbox_drop=0
2026-10-02T19:38:22.313Z raft-obs: tx->0 enq=18493 drop=0 sent=18492 fail=0 hi=6 rtt_avg=28us get_avg=0us get_max=3ms
2026-10-02T19:38:22.313Z raft-obs: tx->3 enq=18485 drop=0 sent=18485 fail=0 hi=6 rtt_avg=29us get_avg=0us get_max=2ms
2026-10-02T19:38:22.313Z raft-obs: wait_timeouts=0 pump_hold_max=3us lock_wait_max=1us drain_max=3us tick_max=1us apply_max=0us persist_max=1us applies_in_worst=0 arc_miss=0 arc_term_miss=0 opid_replay=0 fin_q=0 fin_done=0 fin_drop=0 fin_full=0 pub_p50=0us pub_max=0us inbox_drop=0
2026-10-02T19:38:27.314Z raft-obs: tx->0 enq=18592 drop=0 sent=18591 fail=0 hi=6 rtt_avg=28us get_avg=0us get_max=3ms
2026-10-02T19:38:27.314Z raft-obs: tx->3 enq=18584 drop=0 sent=18584 fail=0 hi=6 rtt_avg=29us get_avg=0us get_max=2ms
2026-10-02T19:38:27.314Z raft-obs: wait_timeouts=0 pump_hold_max=30us lock_wait_max=1us drain_max=10us tick_max=27us apply_max=0us persist_max=1us applies_in_worst=0 arc_miss=0 arc_term_miss=0 opid_replay=0 fin_q=0 fin_done=0 fin_drop=0 fin_full=0 pub_p50=0us pub_max=0us inbox_drop=0
2026-10-02T19:38:32.315Z raft-obs: tx->0 enq=18690 drop=0 sent=18689 fail=0 hi=6 rtt_avg=28us get_avg=0us get_max=3ms
2026-10-02T19:38:32.315Z raft-obs: tx->3 enq=18682 drop=0 sent=18682 fail=0 hi=6 rtt_avg=29us get_avg=0us get_max=2ms
2026-10-02T19:38:32.315Z raft-obs: wait_timeouts=0 pump_hold_max=9us lock_wait_max=1us drain_max=9us tick_max=1us apply_max=0us persist_max=1us applies_in_worst=0 arc_miss=0 arc_term_miss=0 opid_replay=0 fin_q=0 fin_done=0 fin_drop=0 fin_full=0 pub_p50=0us pub_max=0us inbox_drop=0
2026-10-02T19:38:37.316Z raft-obs: tx->0 enq=18789 drop=0 sent=18788 fail=0 hi=6 rtt_avg=28us get_avg=0us get_max=3ms
2026-10-02T19:38:37.316Z raft-obs: tx->3 enq=18781 drop=0 sent=18781 fail=0 hi=6 rtt_avg=29us get_avg=0us get_max=2ms
2026-10-02T19:38:37.316Z raft-obs: wait_timeouts=0 pump_hold_max=6us lock_wait_max=3us drain_max=6us tick_max=1us apply_max=0us persist_max=1us applies_in_worst=0 arc_miss=0 arc_term_miss=0 opid_replay=0 fin_q=0 fin_done=0 fin_drop=0 fin_full=0 pub_p50=0us pub_max=0us inbox_drop=0
2026-10-02T19:38:42.317Z raft-obs: tx->0 enq=18888 drop=0 sent=18887 fail=0 hi=6 rtt_avg=28us get_avg=0us get_max=3ms
2026-10-02T19:38:42.317Z raft-obs: tx->3 enq=18880 drop=0 sent=18880 fail=0 hi=6 rtt_avg=29us get_avg=0us get_max=2ms
2026-10-02T19:38:42.317Z raft-obs: wait_timeouts=0 pump_hold_max=7us lock_wait_max=1us drain_max=7us tick_max=3us apply_max=0us persist_max=6us applies_in_worst=0 arc_miss=0 arc_term_miss=0 opid_replay=0 fin_q=0 fin_done=0 fin_drop=0 fin_full=0 pub_p50=0us pub_max=0us inbox_drop=0
2026-10-02T19:38:47.317Z raft-obs: tx->0 enq=18987 drop=0 sent=18986 fail=0 hi=6 rtt_avg=28us get_avg=0us get_max=3ms
2026-10-02T19:38:47.317Z raft-obs: tx->3 enq=18979 drop=0 sent=18979 fail=0 hi=6 rtt_avg=29us get_avg=0us get_max=2ms
2026-10-02T19:38:47.317Z raft-obs: wait_timeouts=0 pump_hold_max=26us lock_wait_max=3us drain_max=26us tick_max=1us apply_max=0us persist_max=1us applies_in_worst=0 arc_miss=0 arc_term_miss=0 opid_replay=0 fin_q=0 fin_done=0 fin_drop=0 fin_full=0 pub_p50=0us pub_max=0us inbox_drop=0
2026-10-02T19:38:52.318Z raft-obs: tx->0 enq=19086 drop=0 sent=19085 fail=0 hi=6 rtt_avg=28us get_avg=0us get_max=3ms
2026-10-02T19:38:52.318Z raft-obs: tx->3 enq=19078 drop=0 sent=19078 fail=0 hi=6 rtt_avg=29us get_avg=0us get_max=2ms
2026-10-02T19:38:52.318Z raft-obs: wait_timeouts=0 pump_hold_max=29us lock_wait_max=5us drain_max=29us tick_max=1us apply_max=0us persist_max=1us applies_in_worst=0 arc_miss=0 arc_term_miss=0 opid_replay=0 fin_q=0 fin_done=0 fin_drop=0 fin_full=0 pub_p50=0us pub_max=0us inbox_drop=0
2026-10-02T19:38:57.319Z raft-obs: tx->0 enq=19184 drop=0 sent=19183 fail=0 hi=6 rtt_avg=28us get_avg=0us get_max=3ms
2026-10-02T19:38:57.319Z raft-obs: tx->3 enq=19176 drop=0 sent=19176 fail=0 hi=6 rtt_avg=29us get_avg=0us get_max=2ms
2026-10-02T19:38:57.319Z raft-obs: wait_timeouts=0 pump_hold_max=8us lock_wait_max=3us drain_max=8us tick_max=1us apply_max=0us persist_max=1us applies_in_worst=0 arc_miss=0 arc_term_miss=0 opid_replay=0 fin_q=0 fin_done=0 fin_drop=0 fin_full=0 pub_p50=0us pub_max=0us inbox_drop=0
2026-10-02T19:38:59.205Z raft-host: apply lane-fence rc=-2 index=4266281 ino=315182
2026-10-02T19:38:59.211Z raft-host: apply lane-fence rc=-2 index=4266282 ino=294702
2026-10-02T19:38:59.212Z raft-host: apply lane-fence rc=-2 index=4266283 ino=323374
2026-10-02T19:38:59.213Z raft-host: apply lane-fence rc=-2 index=4266284 ino=298798
2026-10-02T19:38:59.214Z raft-host: apply lane-fence rc=-2 index=4266285 ino=327470
2026-10-02T19:38:59.216Z raft-host: apply lane-fence rc=-2 index=4266286 ino=339758
2026-10-02T19:38:59.216Z raft-host: apply lane-fence rc=-2 index=4266287 ino=286510
2026-10-02T19:38:59.217Z raft-host: apply lane-fence rc=-2 index=4266288 ino=319278
2026-10-02T19:38:59.218Z raft-host: apply lane-fence rc=-2 index=4266289 ino=306990
2026-10-02T19:38:59.220Z raft-host: apply lane-fence rc=-2 index=4266290 ino=302894
2026-10-02T19:38:59.220Z raft-host: apply lane-fence rc=-2 index=4266291 ino=290606
2026-10-02T19:38:59.222Z raft-host: apply lane-fence rc=-2 index=4266292 ino=311086
2026-10-02T19:38:59.223Z raft-host: apply lane-fence rc=-2 index=4266293 ino=343854
2026-10-02T19:38:59.223Z raft-host: apply lane-fence rc=-2 index=4266294 ino=335662
2026-10-02T19:38:59.225Z raft-host: apply lane-fence rc=-2 index=4266295 ino=347950
2026-10-02T19:38:59.225Z raft-host: apply lane-fence rc=-2 index=4266296 ino=331566
2026-10-02T19:39:02.323Z raft-obs: tx->0 enq=19315 drop=0 sent=19314 fail=0 hi=6 rtt_avg=28us get_avg=0us get_max=3ms
2026-10-02T19:39:02.323Z raft-obs: tx->3 enq=19275 drop=0 sent=19275 fail=0 hi=6 rtt_avg=29us get_avg=0us get_max=2ms
2026-10-02T19:39:02.324Z raft-obs: wait_timeouts=0 pump_hold_max=527us lock_wait_max=1us drain_max=527us tick_max=1us apply_max=525us persist_max=250us applies_in_worst=1 arc_miss=0 arc_term_miss=0 opid_replay=0 fin_q=0 fin_done=0 fin_drop=0 fin_full=0 pub_p50=0us pub_max=0us inbox_drop=0
2026-10-02T19:39:07.324Z raft-obs: tx->0 enq=19414 drop=0 sent=19412 fail=0 hi=6 rtt_avg=28us get_avg=0us get_max=3ms
2026-10-02T19:39:07.324Z raft-obs: tx->3 enq=19374 drop=0 sent=19374 fail=0 hi=6 rtt_avg=29us get_avg=0us get_max=2ms
2026-10-02T19:39:07.324Z raft-obs: wait_timeouts=0 pump_hold_max=4us lock_wait_max=1us drain_max=4us tick_max=1us apply_max=0us persist_max=1us applies_in_worst=0 arc_miss=0 arc_term_miss=0 opid_replay=0 fin_q=0 fin_done=0 fin_drop=0 fin_full=0 pub_p50=0us pub_max=0us inbox_drop=0
2026-10-02T19:39:11.430Z kv-compact: start l0=270 inputs=3 range=2 l0only=0
2026-10-02T19:39:11.436Z kv-compact: end bytes=2041334 ms=6 l0=268 l1=300 rc=0
2026-10-02T19:39:11.436Z kv-compact: start l0=268 inputs=1 range=1 l0only=0
2026-10-02T19:39:11.439Z kv-compact: end bytes=1057920 ms=3 l0=267 l1=301 rc=0
2026-10-02T19:39:11.439Z kv-compact: start l0=267 inputs=2 range=258 l0only=1
2026-10-02T19:39:11.460Z kv-compact: end bytes=19146827 ms=21 l0=266 l1=301 rc=0
2026-10-02T19:39:11.460Z kv-compact: start l0=266 inputs=2 range=263 l0only=1
2026-10-02T19:39:11.477Z kv-compact: end bytes=13937201 ms=17 l0=265 l1=301 rc=0
2026-10-02T19:39:11.477Z kv-compact: start l0=265 inputs=2 range=270 l0only=1
2026-10-02T19:39:11.495Z kv-compact: end bytes=13600983 ms=18 l0=264 l1=301 rc=0
2026-10-02T19:39:11.495Z kv-compact: start l0=264 inputs=2 range=257 l0only=1
2026-10-02T19:39:11.512Z kv-compact: end bytes=12746016 ms=16 l0=263 l1=301 rc=0
2026-10-02T19:39:11.512Z kv-compact: start l0=263 inputs=2 range=266 l0only=1
2026-10-02T19:39:11.526Z kv-compact: end bytes=12222535 ms=14 l0=262 l1=301 rc=0
2026-10-02T19:39:11.526Z kv-compact: start l0=262 inputs=2 range=260 l0only=1
2026-10-02T19:39:11.540Z kv-compact: end bytes=11614964 ms=14 l0=261 l1=301 rc=0
2026-10-02T19:39:11.540Z kv-compact: start l0=261 inputs=2 range=264 l0only=1
2026-10-02T19:39:11.550Z kv-compact: end bytes=8251226 ms=10 l0=260 l1=301 rc=0
2026-10-02T19:39:11.550Z kv-compact: start l0=260 inputs=2 range=267 l0only=1
2026-10-02T19:39:11.559Z kv-compact: end bytes=6627529 ms=9 l0=259 l1=301 rc=0
2026-10-02T19:39:11.690Z kv-compact: start l0=267 inputs=2 range=2 l0only=0
2026-10-02T19:39:11.696Z kv-compact: end bytes=3247734 ms=6 l0=266 l1=301 rc=0
2026-10-02T19:39:11.696Z kv-compact: start l0=266 inputs=2 range=1 l0only=0
2026-10-02T19:39:11.700Z kv-compact: end bytes=2227200 ms=4 l0=265 l1=301 rc=0
2026-10-02T19:39:11.700Z kv-compact: start l0=265 inputs=2 range=263 l0only=1
2026-10-02T19:39:11.719Z kv-compact: end bytes=13992171 ms=19 l0=264 l1=301 rc=0
2026-10-02T19:39:11.719Z kv-compact: start l0=264 inputs=2 range=270 l0only=1
2026-10-02T19:39:11.737Z kv-compact: end bytes=13685521 ms=18 l0=263 l1=301 rc=0
2026-10-02T19:39:11.737Z kv-compact: start l0=263 inputs=2 range=257 l0only=1
2026-10-02T19:39:11.757Z kv-compact: end bytes=12872823 ms=19 l0=262 l1=301 rc=0
2026-10-02T19:39:11.757Z kv-compact: start l0=262 inputs=2 range=260 l0only=1
2026-10-02T19:39:11.761Z store: put O_DIRECT zero-copy (payload+digest writev) len=65536
2026-10-02T19:39:11.771Z kv-compact: end bytes=11720622 ms=14 l0=261 l1=301 rc=0
2026-10-02T19:39:11.771Z kv-compact: start l0=261 inputs=2 range=264 l0only=1
2026-10-02T19:39:11.782Z kv-compact: end bytes=8293495 ms=11 l0=260 l1=301 rc=0
2026-10-02T19:39:11.782Z kv-compact: start l0=260 inputs=2 range=267 l0only=1
2026-10-02T19:39:11.792Z kv-compact: end bytes=6754336 ms=10 l0=259 l1=301 rc=0
2026-10-02T19:39:11.901Z kv-compact: start l0=267 inputs=2 range=2 l0only=0
2026-10-02T19:39:11.908Z kv-compact: end bytes=4454134 ms=8 l0=266 l1=301 rc=0
2026-10-02T19:39:11.909Z kv-compact: start l0=266 inputs=2 range=1 l0only=0
2026-10-02T19:39:11.915Z kv-compact: end bytes=3396480 ms=6 l0=265 l1=301 rc=0
2026-10-02T19:39:11.915Z kv-compact: start l0=265 inputs=2 range=270 l0only=1
2026-10-02T19:39:11.935Z kv-compact: end bytes=13815016 ms=20 l0=264 l1=301 rc=0
2026-10-02T19:39:11.935Z kv-compact: start l0=264 inputs=2 range=257 l0only=1
2026-10-02T19:39:11.954Z kv-compact: end bytes=12970033 ms=19 l0=263 l1=301 rc=0
2026-10-02T19:39:11.954Z kv-compact: start l0=263 inputs=2 range=260 l0only=1
2026-10-02T19:39:11.969Z kv-compact: end bytes=11784040 ms=15 l0=262 l1=301 rc=0
2026-10-02T19:39:11.969Z kv-compact: start l0=262 inputs=2 range=261 l0only=1
2026-10-02T19:39:11.982Z kv-compact: end bytes=10565360 ms=13 l0=261 l1=301 rc=0
2026-10-02T19:39:11.982Z kv-compact: start l0=261 inputs=2 range=264 l0only=1
2026-10-02T19:39:11.994Z kv-compact: end bytes=8420302 ms=11 l0=260 l1=301 rc=0
2026-10-02T19:39:11.994Z kv-compact: start l0=260 inputs=2 range=267 l0only=1
2026-10-02T19:39:12.004Z kv-compact: end bytes=6838874 ms=10 l0=259 l1=301 rc=0
2026-10-02T19:39:12.178Z kv-compact: start l0=267 inputs=2 range=1 l0only=0
2026-10-02T19:39:12.186Z kv-compact: end bytes=4640000 ms=8 l0=266 l1=301 rc=0
2026-10-02T19:39:12.186Z kv-compact: start l0=266 inputs=2 range=2 l0only=0
2026-10-02T19:39:12.197Z kv-compact: end bytes=5586294 ms=11 l0=265 l1=301 rc=0
2026-10-02T19:39:12.197Z kv-compact: start l0=265 inputs=2 range=258 l0only=1
2026-10-02T19:39:12.222Z kv-compact: end bytes=19189096 ms=25 l0=264 l1=301 rc=0
2026-10-02T19:39:12.222Z kv-compact: start l0=264 inputs=2 range=270 l0only=1
2026-10-02T19:39:12.243Z kv-compact: end bytes=13903778 ms=21 l0=263 l1=301 rc=0
2026-10-02T19:39:12.243Z kv-compact: start l0=263 inputs=2 range=257 l0only=1
2026-10-02T19:39:12.262Z kv-compact: end bytes=13041899 ms=19 l0=262 l1=301 rc=0
2026-10-02T19:39:12.262Z kv-compact: start l0=262 inputs=2 range=261 l0only=1
2026-10-02T19:39:12.277Z kv-compact: end bytes=10692167 ms=15 l0=261 l1=301 rc=0
2026-10-02T19:39:12.277Z kv-compact: start l0=261 inputs=2 range=264 l0only=1
2026-10-02T19:39:12.289Z kv-compact: end bytes=8504840 ms=12 l0=260 l1=301 rc=0
2026-10-02T19:39:12.289Z kv-compact: start l0=260 inputs=2 range=267 l0only=1
2026-10-02T19:39:12.301Z kv-compact: end bytes=6965681 ms=11 l0=259 l1=301 rc=0
2026-10-02T19:39:12.329Z raft-obs: tx->0 enq=19551 drop=0 sent=19550 fail=0 hi=6 rtt_avg=28us get_avg=0us get_max=3ms
2026-10-02T19:39:12.329Z raft-obs: tx->3 enq=19579 drop=0 sent=19576 fail=0 hi=6 rtt_avg=29us get_avg=0us get_max=2ms
2026-10-02T19:39:12.329Z raft-obs: wait_timeouts=0 pump_hold_max=21143us lock_wait_max=1us drain_max=21143us tick_max=3us apply_max=21140us persist_max=2754us applies_in_worst=1 arc_miss=0 arc_term_miss=0 opid_replay=0 fin_q=0 fin_done=0 fin_drop=0 fin_full=0 pub_p50=0us pub_max=0us inbox_drop=0
2026-10-02T19:39:12.383Z kv-compact: start l0=266 inputs=5 range=258 l0only=0
2026-10-02T19:39:12.634Z kv-compact: end bytes=172481171 ms=251 l0=264 l1=301 rc=0
2026-10-02T19:39:12.634Z kv-compact: start l0=264 inputs=2 range=2 l0only=0
2026-10-02T19:39:12.656Z kv-compact: end bytes=6848374 ms=22 l0=271 l1=301 rc=0
2026-10-02T19:39:12.656Z kv-compact: start l0=271 inputs=3 range=1 l0only=0
2026-10-02T19:39:12.668Z kv-compact: end bytes=6997120 ms=12 l0=269 l1=301 rc=0
2026-10-02T19:39:12.668Z kv-compact: start l0=269 inputs=2 range=2 l0only=0
2026-10-02T19:39:12.681Z kv-compact: end bytes=7980498 ms=13 l0=268 l1=301 rc=0
2026-10-02T19:39:12.681Z kv-compact: start l0=268 inputs=3 range=270 l0only=1
2026-10-02T19:39:12.703Z kv-compact: end bytes=14153196 ms=22 l0=266 l1=301 rc=0
2026-10-02T19:39:12.704Z kv-compact: start l0=266 inputs=3 range=267 l0only=1
2026-10-02T19:39:12.715Z kv-compact: end bytes=7177026 ms=11 l0=264 l1=301 rc=0
2026-10-02T19:39:12.715Z kv-compact: start l0=264 inputs=2 range=263 l0only=1
2026-10-02T19:39:12.734Z kv-compact: end bytes=14106277 ms=19 l0=263 l1=301 rc=0
2026-10-02T19:39:12.734Z kv-compact: start l0=263 inputs=2 range=257 l0only=1
2026-10-02T19:39:12.754Z kv-compact: end bytes=13126437 ms=20 l0=262 l1=301 rc=0
2026-10-02T19:39:12.754Z kv-compact: start l0=262 inputs=2 range=260 l0only=1
2026-10-02T19:39:12.769Z kv-compact: end bytes=11868578 ms=15 l0=261 l1=301 rc=0
2026-10-02T19:39:12.769Z kv-compact: start l0=261 inputs=2 range=261 l0only=1
2026-10-02T19:39:12.784Z kv-compact: end bytes=10776705 ms=14 l0=260 l1=301 rc=0
2026-10-02T19:39:12.784Z kv-compact: start l0=260 inputs=2 range=264 l0only=1
2026-10-02T19:39:12.796Z kv-compact: end bytes=8631647 ms=12 l0=259 l1=301 rc=0
2026-10-02T19:39:12.865Z kv-compact: start l0=267 inputs=2 range=2 l0only=0
2026-10-02T19:39:12.880Z kv-compact: end bytes=9186898 ms=15 l0=266 l1=301 rc=0
2026-10-02T19:39:12.880Z kv-compact: start l0=266 inputs=2 range=1 l0only=0
2026-10-02T19:39:12.893Z kv-compact: end bytes=8135950 ms=13 l0=265 l1=301 rc=0
2026-10-02T19:39:12.893Z kv-compact: start l0=265 inputs=2 range=270 l0only=1
2026-10-02T19:39:12.915Z kv-compact: end bytes=14237734 ms=22 l0=264 l1=301 rc=0
2026-10-02T19:39:12.915Z kv-compact: start l0=264 inputs=2 range=263 l0only=1
2026-10-02T19:39:12.934Z kv-compact: end bytes=14161247 ms=19 l0=263 l1=301 rc=0
2026-10-02T19:39:12.934Z kv-compact: start l0=263 inputs=2 range=257 l0only=1
2026-10-02T19:39:12.954Z kv-compact: end bytes=13253244 ms=20 l0=262 l1=301 rc=0
2026-10-02T19:39:12.954Z kv-compact: start l0=262 inputs=2 range=260 l0only=1
2026-10-02T19:39:12.970Z kv-compact: end bytes=11974236 ms=16 l0=261 l1=301 rc=0
2026-10-02T19:39:12.970Z kv-compact: start l0=261 inputs=2 range=264 l0only=1
2026-10-02T19:39:12.982Z kv-compact: end bytes=8673916 ms=13 l0=260 l1=301 rc=0
2026-10-02T19:39:12.983Z kv-compact: start l0=260 inputs=2 range=267 l0only=1
2026-10-02T19:39:12.994Z kv-compact: end bytes=7303833 ms=11 l0=259 l1=301 rc=0
2026-10-02T19:39:13.151Z kv-compact: start l0=267 inputs=2 range=2 l0only=0
2026-10-02T19:39:13.167Z kv-compact: end bytes=10393298 ms=16 l0=266 l1=301 rc=0
2026-10-02T19:39:13.167Z kv-compact: start l0=266 inputs=2 range=1 l0only=0
2026-10-02T19:39:13.183Z kv-compact: end bytes=9298560 ms=16 l0=265 l1=301 rc=0
2026-10-02T19:39:13.183Z kv-compact: start l0=265 inputs=2 range=270 l0only=1
2026-10-02T19:39:13.205Z kv-compact: end bytes=14364541 ms=22 l0=264 l1=301 rc=0
2026-10-02T19:39:13.205Z kv-compact: start l0=264 inputs=2 range=257 l0only=1
2026-10-02T19:39:13.226Z kv-compact: end bytes=13350454 ms=21 l0=263 l1=301 rc=0
2026-10-02T19:39:13.226Z kv-compact: start l0=263 inputs=2 range=260 l0only=1
2026-10-02T19:39:13.243Z kv-compact: end bytes=12037654 ms=17 l0=262 l1=301 rc=0
2026-10-02T19:39:13.243Z kv-compact: start l0=262 inputs=2 range=261 l0only=1
2026-10-02T19:39:13.257Z kv-compact: end bytes=10818974 ms=14 l0=261 l1=301 rc=0
2026-10-02T19:39:13.257Z kv-compact: start l0=261 inputs=2 range=264 l0only=1
2026-10-02T19:39:13.270Z kv-compact: end bytes=8800723 ms=13 l0=260 l1=301 rc=0
2026-10-02T19:39:13.270Z kv-compact: start l0=260 inputs=2 range=267 l0only=1
2026-10-02T19:39:13.282Z kv-compact: end bytes=7388371 ms=12 l0=259 l1=301 rc=0
2026-10-02T19:39:13.363Z kv-compact: start l0=267 inputs=2 range=1 l0only=0
2026-10-02T19:39:13.380Z kv-compact: end bytes=10542080 ms=17 l0=266 l1=301 rc=0
2026-10-02T19:39:13.380Z kv-compact: start l0=266 inputs=2 range=270 l0only=1
2026-10-02T19:39:13.403Z kv-compact: end bytes=14453303 ms=23 l0=265 l1=301 rc=0
2026-10-02T19:39:13.403Z kv-compact: start l0=265 inputs=2 range=257 l0only=1
2026-10-02T19:39:13.423Z kv-compact: end bytes=13422320 ms=20 l0=264 l1=301 rc=0
2026-10-02T19:39:13.423Z kv-compact: start l0=264 inputs=2 range=261 l0only=1
2026-10-02T19:39:13.438Z kv-compact: end bytes=10945781 ms=15 l0=263 l1=301 rc=0
2026-10-02T19:39:13.438Z kv-compact: start l0=263 inputs=2 range=264 l0only=1
2026-10-02T19:39:13.450Z kv-compact: end bytes=8885261 ms=12 l0=262 l1=301 rc=0
2026-10-02T19:39:13.450Z kv-compact: start l0=262 inputs=2 range=267 l0only=1
2026-10-02T19:39:13.462Z kv-compact: end bytes=7515178 ms=12 l0=261 l1=301 rc=0
2026-10-02T19:39:13.462Z kv-compact: start l0=261 inputs=2 range=258 l0only=1
2026-10-02T19:39:13.464Z kv-compact: end bytes=46522 ms=2 l0=260 l1=301 rc=0
2026-10-02T19:39:13.622Z kv-compact: start l0=267 inputs=3 range=2 l0only=0
2026-10-02T19:39:13.643Z kv-compact: end bytes=12787538 ms=21 l0=265 l1=301 rc=0
2026-10-02T19:39:13.643Z kv-compact: start l0=265 inputs=2 range=270 l0only=1
2026-10-02T19:39:13.666Z kv-compact: end bytes=14575886 ms=23 l0=264 l1=301 rc=0
2026-10-02T19:39:13.666Z kv-compact: start l0=264 inputs=2 range=261 l0only=1
2026-10-02T19:39:13.681Z kv-compact: end bytes=11030319 ms=15 l0=263 l1=301 rc=0
2026-10-02T19:39:13.681Z kv-compact: start l0=263 inputs=2 range=264 l0only=1
2026-10-02T19:39:13.694Z kv-compact: end bytes=9012068 ms=13 l0=262 l1=301 rc=0
2026-10-02T19:39:13.694Z kv-compact: start l0=262 inputs=2 range=267 l0only=1
2026-10-02T19:39:13.706Z kv-compact: end bytes=7599716 ms=12 l0=261 l1=301 rc=0
2026-10-02T19:39:13.706Z kv-compact: start l0=261 inputs=2 range=258 l0only=1
2026-10-02T19:39:13.708Z kv-compact: end bytes=169076 ms=2 l0=260 l1=301 rc=0
2026-10-02T19:39:13.766Z raft-host: gc-pass ms=5 reap=0 frag=0 spread=0 recover=0 fscans=0 fsegs=0 fkeys=0 femit=0 ftomb=0 scans=0 segs=0 keys=0 emit=0 tomb=0
2026-10-02T19:39:13.835Z kv-compact: start l0=268 inputs=3 range=1 l0only=0
2026-10-02T19:39:13.856Z kv-compact: end bytes=12899200 ms=21 l0=266 l1=301 rc=0
2026-10-02T19:39:13.856Z kv-compact: start l0=266 inputs=2 range=270 l0only=1
2026-10-02T19:39:13.878Z kv-compact: end bytes=14702721 ms=22 l0=265 l1=301 rc=0
2026-10-02T19:39:13.878Z kv-compact: start l0=265 inputs=2 range=263 l0only=1
2026-10-02T19:39:13.898Z kv-compact: end bytes=14275353 ms=20 l0=264 l1=301 rc=0
2026-10-02T19:39:13.898Z kv-compact: start l0=264 inputs=2 range=257 l0only=1
2026-10-02T19:39:13.918Z kv-compact: end bytes=13506858 ms=20 l0=263 l1=301 rc=0
2026-10-02T19:39:13.918Z kv-compact: start l0=263 inputs=2 range=260 l0only=1
2026-10-02T19:39:13.934Z kv-compact: end bytes=12122192 ms=16 l0=262 l1=301 rc=0
2026-10-02T19:39:13.934Z kv-compact: start l0=262 inputs=2 range=267 l0only=1
2026-10-02T19:39:13.947Z kv-compact: end bytes=7726523 ms=13 l0=261 l1=301 rc=0
2026-10-02T19:39:13.947Z kv-compact: start l0=261 inputs=2 range=258 l0only=1
2026-10-02T19:39:13.949Z kv-compact: end bytes=173329 ms=2 l0=260 l1=301 rc=0
2026-10-02T19:39:14.101Z kv-compact: start l0=268 inputs=3 range=2 l0only=0
2026-10-02T19:39:14.126Z kv-compact: end bytes=15126062 ms=25 l0=266 l1=301 rc=0
2026-10-02T19:39:14.126Z kv-compact: start l0=266 inputs=2 range=270 l0only=1
2026-10-02T19:39:14.148Z kv-compact: end bytes=14787259 ms=22 l0=265 l1=301 rc=0
2026-10-02T19:39:14.148Z kv-compact: start l0=265 inputs=2 range=263 l0only=1
2026-10-02T19:39:14.168Z kv-compact: end bytes=14330323 ms=20 l0=264 l1=301 rc=0
2026-10-02T19:39:14.168Z kv-compact: start l0=264 inputs=2 range=257 l0only=1
2026-10-02T19:39:14.188Z kv-compact: end bytes=13633665 ms=20 l0=263 l1=301 rc=0
2026-10-02T19:39:14.188Z kv-compact: start l0=263 inputs=2 range=260 l0only=1
2026-10-02T19:39:14.205Z kv-compact: end bytes=12227850 ms=17 l0=262 l1=301 rc=0
2026-10-02T19:39:14.205Z kv-compact: start l0=262 inputs=2 range=264 l0only=1
2026-10-02T19:39:14.218Z kv-compact: end bytes=9054337 ms=13 l0=261 l1=301 rc=0
2026-10-02T19:39:14.218Z kv-compact: start l0=261 inputs=2 range=267 l0only=1
2026-10-02T19:39:14.230Z kv-compact: end bytes=7853330 ms=12 l0=260 l1=301 rc=0
2026-10-02T19:39:14.324Z kv-compact: start l0=268 inputs=3 range=1 l0only=0
2026-10-02T19:39:14.349Z kv-compact: end bytes=15200640 ms=25 l0=266 l1=301 rc=0
2026-10-02T19:39:14.349Z kv-compact: start l0=266 inputs=2 range=270 l0only=1
2026-10-02T19:39:14.372Z kv-compact: end bytes=14914066 ms=23 l0=265 l1=301 rc=0
2026-10-02T19:39:14.372Z kv-compact: start l0=265 inputs=2 range=257 l0only=1
2026-10-02T19:39:14.393Z kv-compact: end bytes=13730875 ms=21 l0=264 l1=301 rc=0
2026-10-02T19:39:14.393Z kv-compact: start l0=264 inputs=2 range=260 l0only=1
2026-10-02T19:39:14.411Z kv-compact: end bytes=12291268 ms=18 l0=263 l1=301 rc=0
2026-10-02T19:39:14.411Z kv-compact: start l0=263 inputs=2 range=261 l0only=1
2026-10-02T19:39:14.426Z kv-compact: end bytes=11072588 ms=15 l0=262 l1=301 rc=0
2026-10-02T19:39:14.426Z kv-compact: start l0=262 inputs=2 range=264 l0only=1
2026-10-02T19:39:14.439Z kv-compact: end bytes=9181144 ms=13 l0=261 l1=301 rc=0
2026-10-02T19:39:14.440Z kv-compact: start l0=261 inputs=2 range=267 l0only=1
2026-10-02T19:39:14.453Z kv-compact: end bytes=7937868 ms=13 l0=260 l1=301 rc=0
2026-10-02T19:39:14.605Z kv-compact: start l0=268 inputs=3 range=2 l0only=0
2026-10-02T19:39:14.634Z kv-compact: end bytes=17464622 ms=29 l0=266 l1=301 rc=0
2026-10-02T19:39:14.634Z kv-compact: start l0=266 inputs=2 range=270 l0only=1
2026-10-02T19:39:14.658Z kv-compact: end bytes=15002828 ms=24 l0=265 l1=301 rc=0
2026-10-02T19:39:14.658Z kv-compact: start l0=265 inputs=2 range=257 l0only=1
2026-10-02T19:39:14.680Z kv-compact: end bytes=13802741 ms=22 l0=264 l1=301 rc=0
2026-10-02T19:39:14.680Z kv-compact: start l0=264 inputs=2 range=261 l0only=1
2026-10-02T19:39:14.698Z kv-compact: end bytes=11199395 ms=18 l0=263 l1=301 rc=0
2026-10-02T19:39:14.698Z kv-compact: start l0=263 inputs=2 range=264 l0only=1
2026-10-02T19:39:14.712Z kv-compact: end bytes=9265682 ms=13 l0=262 l1=301 rc=0
2026-10-02T19:39:14.712Z kv-compact: start l0=262 inputs=2 range=267 l0only=1
2026-10-02T19:39:14.725Z kv-compact: end bytes=8064675 ms=13 l0=261 l1=301 rc=0
2026-10-02T19:39:14.725Z kv-compact: start l0=261 inputs=2 range=258 l0only=1
2026-10-02T19:39:14.727Z kv-compact: end bytes=215598 ms=2 l0=260 l1=301 rc=0
2026-10-02T19:39:14.778Z raft-host: gc-pass ms=9 reap=0 frag=0 spread=0 recover=0 fscans=0 fsegs=0 fkeys=0 femit=0 ftomb=0 scans=0 segs=0 keys=0 emit=0 tomb=0
2026-10-02T19:39:14.812Z kv-compact: start l0=267 inputs=3 range=1 l0only=0
2026-10-02T19:39:14.841Z kv-compact: end bytes=17557760 ms=29 l0=265 l1=301 rc=0
2026-10-02T19:39:14.841Z kv-compact: start l0=265 inputs=2 range=270 l0only=1
2026-10-02T19:39:14.865Z kv-compact: end bytes=15125411 ms=24 l0=264 l1=301 rc=0
2026-10-02T19:39:14.865Z kv-compact: start l0=264 inputs=2 range=261 l0only=1
2026-10-02T19:39:14.881Z kv-compact: end bytes=11283933 ms=16 l0=263 l1=301 rc=0
2026-10-02T19:39:14.881Z kv-compact: start l0=263 inputs=2 range=264 l0only=1
2026-10-02T19:39:14.894Z kv-compact: end bytes=9392489 ms=13 l0=262 l1=301 rc=0
2026-10-02T19:39:14.894Z kv-compact: start l0=262 inputs=2 range=267 l0only=1
2026-10-02T19:39:14.908Z kv-compact: end bytes=8149213 ms=14 l0=261 l1=301 rc=0
2026-10-02T19:39:14.908Z kv-compact: start l0=261 inputs=2 range=258 l0only=1
2026-10-02T19:39:14.911Z kv-compact: end bytes=338152 ms=3 l0=260 l1=301 rc=0
2026-10-02T19:39:15.087Z kv-compact: start l0=270 inputs=3 range=2 l0only=0
2026-10-02T19:39:15.118Z kv-compact: end bytes=19673226 ms=31 l0=268 l1=301 rc=0
2026-10-02T19:39:15.118Z kv-compact: start l0=268 inputs=2 range=270 l0only=1
2026-10-02T19:39:15.142Z kv-compact: end bytes=15318375 ms=24 l0=267 l1=301 rc=0
2026-10-02T19:39:15.142Z kv-compact: start l0=267 inputs=2 range=263 l0only=1
2026-10-02T19:39:15.162Z kv-compact: end bytes=14414861 ms=20 l0=266 l1=301 rc=0
2026-10-02T19:39:15.162Z kv-compact: start l0=266 inputs=2 range=257 l0only=1
2026-10-02T19:39:15.184Z kv-compact: end bytes=13952511 ms=22 l0=265 l1=301 rc=0
2026-10-02T19:39:15.184Z kv-compact: start l0=265 inputs=2 range=260 l0only=1
2026-10-02T19:39:15.201Z kv-compact: end bytes=12397550 ms=17 l0=264 l1=301 rc=0
2026-10-02T19:39:15.201Z kv-compact: start l0=264 inputs=2 range=261 l0only=1
2026-10-02T19:39:15.217Z kv-compact: end bytes=11313244 ms=16 l0=263 l1=301 rc=0
2026-10-02T19:39:15.217Z kv-compact: start l0=263 inputs=2 range=264 l0only=1
2026-10-02T19:39:15.231Z kv-compact: end bytes=9482685 ms=14 l0=262 l1=301 rc=0
2026-10-02T19:39:15.231Z kv-compact: start l0=262 inputs=2 range=267 l0only=1
2026-10-02T19:39:15.244Z kv-compact: end bytes=8407772 ms=14 l0=261 l1=301 rc=0
2026-10-02T19:39:15.245Z kv-compact: start l0=261 inputs=2 range=258 l0only=1
2026-10-02T19:39:15.247Z kv-compact: end bytes=342405 ms=2 l0=260 l1=301 rc=0
2026-10-02T19:39:15.334Z kv-compact: start l0=270 inputs=2 range=270 l0only=1
2026-10-02T19:39:15.343Z raft-host: apply-sleep us=83138 group=0 idx=4266417 applied=4266415
2026-10-02T19:39:15.359Z kv-compact: end bytes=15927025 ms=25 l0=269 l1=301 rc=0
2026-10-02T19:39:15.359Z kv-compact: start l0=269 inputs=2 range=263 l0only=1
2026-10-02T19:39:15.379Z kv-compact: end bytes=14618203 ms=21 l0=268 l1=301 rc=0
2026-10-02T19:39:15.380Z kv-compact: start l0=268 inputs=2 range=257 l0only=1
2026-10-02T19:39:15.403Z kv-compact: end bytes=14391107 ms=23 l0=267 l1=301 rc=0
2026-10-02T19:39:15.403Z kv-compact: start l0=267 inputs=2 range=260 l0only=1
2026-10-02T19:39:15.421Z kv-compact: end bytes=12679524 ms=18 l0=266 l1=301 rc=0
2026-10-02T19:39:15.421Z kv-compact: start l0=266 inputs=2 range=261 l0only=1
2026-10-02T19:39:15.431Z raft-host: apply-sleep us=88116 group=2 idx=4501447 applied=4501441
2026-10-02T19:39:15.431Z raft-host: apply-sleep us=88145 group=2 idx=4501446 applied=4501441
2026-10-02T19:39:15.431Z report-split nrec=8192 pack_ms=116 push_ms=69 finish_ms=334 skip=0 stale=0 inval=0 rc=0 fail=-/0
2026-10-02T19:39:15.431Z raft-host: apply-sleep us=88157 group=2 idx=4501442 applied=4501441
2026-10-02T19:39:15.431Z report-split nrec=8194 pack_ms=121 push_ms=64 finish_ms=333 skip=0 stale=0 inval=0 rc=0 fail=-/0
2026-10-02T19:39:15.438Z kv-compact: end bytes=11645468 ms=17 l0=265 l1=301 rc=0
2026-10-02T19:39:15.438Z kv-compact: start l0=265 inputs=2 range=264 l0only=1
2026-10-02T19:39:15.452Z kv-compact: end bytes=9851966 ms=14 l0=264 l1=301 rc=0
2026-10-02T19:39:15.452Z kv-compact: start l0=264 inputs=2 range=267 l0only=1
2026-10-02T19:39:15.467Z kv-compact: end bytes=8961282 ms=15 l0=263 l1=301 rc=0
2026-10-02T19:39:15.467Z kv-compact: start l0=263 inputs=2 range=1 l0only=1
2026-10-02T19:39:15.467Z raft-host: apply-sleep us=36223 group=0 idx=4266421 applied=4266420
2026-10-02T19:39:15.467Z report-split nrec=8193 pack_ms=94 push_ms=143 finish_ms=282 skip=0 stale=0 inval=0 rc=0 fail=-/0
2026-10-02T19:39:15.467Z raft-host: apply-sleep us=36198 group=2 idx=4501448 applied=4501447
2026-10-02T19:39:15.467Z report-split nrec=8192 pack_ms=94 push_ms=144 finish_ms=282 skip=0 stale=0 inval=0 rc=0 fail=-/0
2026-10-02T19:39:15.471Z kv-compact: end bytes=1289920 ms=4 l0=262 l1=301 rc=0
2026-10-02T19:39:15.471Z kv-compact: start l0=262 inputs=2 range=258 l0only=1
2026-10-02T19:39:15.474Z kv-compact: end bytes=505212 ms=3 l0=261 l1=301 rc=0
2026-10-02T19:39:15.495Z raft-host: apply-sleep us=39143 group=2 idx=4501449 applied=4501447
2026-10-02T19:39:15.495Z raft-host: apply-sleep us=30235 group=2 idx=4501449 applied=4501447
2026-10-02T19:39:15.510Z raft-host: apply-sleep us=21836 group=2 idx=4501450 applied=4501448
2026-10-02T19:39:15.529Z kv-compact: start l0=271 inputs=2 range=270 l0only=1
2026-10-02T19:39:15.555Z kv-compact: end bytes=16360569 ms=26 l0=270 l1=301 rc=0
2026-10-02T19:39:15.556Z kv-compact: start l0=270 inputs=2 range=263 l0only=1
2026-10-02T19:39:15.577Z kv-compact: end bytes=14717465 ms=21 l0=269 l1=301 rc=0
2026-10-02T19:39:15.577Z kv-compact: start l0=269 inputs=2 range=257 l0only=1
2026-10-02T19:39:15.601Z kv-compact: end bytes=14682281 ms=24 l0=268 l1=301 rc=0
2026-10-02T19:39:15.601Z kv-compact: start l0=268 inputs=2 range=260 l0only=1
2026-10-02T19:39:15.620Z kv-compact: end bytes=12848214 ms=19 l0=267 l1=301 rc=0
2026-10-02T19:39:15.620Z kv-compact: start l0=267 inputs=2 range=261 l0only=1
2026-10-02T19:39:15.638Z kv-compact: end bytes=11917737 ms=18 l0=266 l1=301 rc=0
2026-10-02T19:39:15.638Z kv-compact: start l0=266 inputs=2 range=264 l0only=1
2026-10-02T19:39:15.653Z kv-compact: end bytes=10138886 ms=15 l0=265 l1=301 rc=0
2026-10-02T19:39:15.653Z kv-compact: start l0=265 inputs=2 range=267 l0only=1
2026-10-02T19:39:15.669Z kv-compact: end bytes=9486900 ms=16 l0=264 l1=301 rc=0
2026-10-02T19:39:15.669Z kv-compact: start l0=264 inputs=2 range=1 l0only=1
2026-10-02T19:39:15.673Z kv-compact: end bytes=1705170 ms=4 l0=263 l1=301 rc=0
2026-10-02T19:39:15.673Z kv-compact: start l0=263 inputs=2 range=2 l0only=1
2026-10-02T19:39:15.676Z kv-compact: end bytes=742400 ms=3 l0=262 l1=301 rc=0
2026-10-02T19:39:15.676Z kv-compact: start l0=262 inputs=2 range=258 l0only=1
2026-10-02T19:39:15.679Z kv-compact: end bytes=630828 ms=3 l0=261 l1=301 rc=0
2026-10-02T19:39:15.742Z kv-compact: start l0=271 inputs=3 range=1 l0only=0
2026-10-02T19:39:15.774Z kv-compact: end bytes=20202560 ms=32 l0=269 l1=301 rc=0
2026-10-02T19:39:15.774Z kv-compact: start l0=269 inputs=2 range=270 l0only=1
2026-10-02T19:39:15.800Z kv-compact: end bytes=16575155 ms=26 l0=268 l1=301 rc=0
2026-10-02T19:39:15.800Z kv-compact: start l0=268 inputs=2 range=257 l0only=1
2026-10-02T19:39:15.824Z kv-compact: end bytes=14881118 ms=24 l0=267 l1=301 rc=0
2026-10-02T19:39:15.824Z kv-compact: start l0=267 inputs=2 range=263 l0only=1
2026-10-02T19:39:15.835Z raft-host: gc-pass ms=53 reap=0 frag=0 spread=0 recover=0 fscans=0 fsegs=0 fkeys=0 femit=0 ftomb=0 scans=0 segs=0 keys=0 emit=0 tomb=0
2026-10-02T19:39:15.845Z kv-compact: end bytes=14746700 ms=21 l0=266 l1=301 rc=0
2026-10-02T19:39:15.845Z kv-compact: start l0=266 inputs=2 range=260 l0only=1
2026-10-02T19:39:15.864Z kv-compact: end bytes=12990569 ms=19 l0=265 l1=301 rc=0
2026-10-02T19:39:15.864Z kv-compact: start l0=265 inputs=2 range=261 l0only=1
2026-10-02T19:39:15.882Z kv-compact: end bytes=11989968 ms=18 l0=264 l1=301 rc=0
2026-10-02T19:39:15.882Z kv-compact: start l0=264 inputs=2 range=264 l0only=1
2026-10-02T19:39:15.897Z kv-compact: end bytes=10324644 ms=15 l0=263 l1=301 rc=0
2026-10-02T19:39:15.897Z kv-compact: start l0=263 inputs=2 range=267 l0only=1
2026-10-02T19:39:15.914Z kv-compact: end bytes=9713968 ms=17 l0=262 l1=301 rc=0
2026-10-02T19:39:15.914Z kv-compact: start l0=262 inputs=2 range=2 l0only=1
2026-10-02T19:39:15.918Z kv-compact: end bytes=1670400 ms=4 l0=261 l1=301 rc=0
2026-10-02T19:39:15.918Z kv-compact: start l0=261 inputs=2 range=258 l0only=1
2026-10-02T19:39:15.921Z kv-compact: end bytes=659656 ms=3 l0=260 l1=301 rc=0
2026-10-02T19:39:15.991Z kv-compact: start l0=270 inputs=2 range=270 l0only=1
2026-10-02T19:39:16.019Z kv-compact: end bytes=17128258 ms=28 l0=269 l1=301 rc=0
2026-10-02T19:39:16.019Z kv-compact: start l0=269 inputs=2 range=257 l0only=1
2026-10-02T19:39:16.043Z kv-compact: end bytes=15295793 ms=24 l0=268 l1=301 rc=0
2026-10-02T19:39:16.044Z kv-compact: start l0=268 inputs=2 range=263 l0only=1
2026-10-02T19:39:16.065Z kv-compact: end bytes=14861207 ms=21 l0=267 l1=301 rc=0
2026-10-02T19:39:16.065Z kv-compact: start l0=267 inputs=2 range=260 l0only=1
2026-10-02T19:39:16.084Z kv-compact: end bytes=13257657 ms=19 l0=266 l1=301 rc=0
2026-10-02T19:39:16.084Z kv-compact: start l0=266 inputs=2 range=261 l0only=1
2026-10-02T19:39:16.102Z kv-compact: end bytes=12291593 ms=18 l0=265 l1=301 rc=0
2026-10-02T19:39:16.102Z kv-compact: start l0=265 inputs=2 range=264 l0only=1
2026-10-02T19:39:16.103Z raft-host: apply-sleep us=68672 group=0 idx=4266442 applied=4266441
2026-10-02T19:39:16.103Z report-split nrec=9049 pack_ms=200 push_ms=43 finish_ms=346 skip=0 stale=0 inval=0 rc=0 fail=-/0
2026-10-02T19:39:16.117Z kv-compact: end bytes=10713321 ms=15 l0=264 l1=301 rc=0
2026-10-02T19:39:16.117Z kv-compact: start l0=264 inputs=2 range=267 l0only=1
2026-10-02T19:39:16.134Z kv-compact: end bytes=10339769 ms=17 l0=263 l1=301 rc=0
2026-10-02T19:39:16.134Z kv-compact: start l0=263 inputs=2 range=2 l0only=1
2026-10-02T19:39:16.139Z kv-compact: end bytes=1856000 ms=5 l0=262 l1=301 rc=0
2026-10-02T19:39:16.139Z kv-compact: start l0=262 inputs=2 range=258 l0only=1
2026-10-02T19:39:16.142Z kv-compact: end bytes=797991 ms=3 l0=261 l1=301 rc=0
2026-10-02T19:39:16.172Z raft-host: apply-sleep us=69272 group=2 idx=4501473 applied=4501470
2026-10-02T19:39:16.172Z report-split nrec=8679 pack_ms=245 push_ms=216 finish_ms=196 skip=0 stale=0 inval=0 rc=0 fail=-/0
2026-10-02T19:39:16.172Z raft-host: apply-sleep us=69298 group=2 idx=4501471 applied=4501470
2026-10-02T19:39:16.172Z raft-host: apply-sleep us=48304 group=2 idx=4501474 applied=4501470
2026-10-02T19:39:16.172Z report-split nrec=8664 pack_ms=254 push_ms=208 finish_ms=196 skip=0 stale=0 inval=0 rc=0 fail=-/0
2026-10-02T19:39:16.173Z raft-host: apply-sleep us=69352 group=2 idx=4501472 applied=4501470
2026-10-02T19:39:16.173Z report-split nrec=9304 pack_ms=270 push_ms=212 finish_ms=176 skip=0 stale=0 inval=0 rc=0 fail=-/0
2026-10-02T19:39:16.192Z kv-compact: start l0=271 inputs=2 range=270 l0only=1
2026-10-02T19:39:16.202Z raft-host: apply-sleep us=29066 group=0 idx=4266451 applied=4266449
2026-10-02T19:39:16.220Z kv-compact: end bytes=17711693 ms=27 l0=270 l1=301 rc=0
2026-10-02T19:39:16.220Z kv-compact: start l0=270 inputs=2 range=257 l0only=1
2026-10-02T19:39:16.246Z kv-compact: end bytes=15641167 ms=26 l0=269 l1=301 rc=0
2026-10-02T19:39:16.246Z kv-compact: start l0=269 inputs=2 range=263 l0only=1
2026-10-02T19:39:16.268Z kv-compact: end bytes=14958393 ms=22 l0=268 l1=301 rc=0
2026-10-02T19:39:16.268Z kv-compact: start l0=268 inputs=2 range=260 l0only=1
2026-10-02T19:39:16.289Z kv-compact: end bytes=13437843 ms=21 l0=267 l1=301 rc=0
2026-10-02T19:39:16.289Z kv-compact: start l0=267 inputs=2 range=261 l0only=1
2026-10-02T19:39:16.307Z kv-compact: end bytes=12584385 ms=18 l0=266 l1=301 rc=0
2026-10-02T19:39:16.307Z kv-compact: start l0=266 inputs=2 range=264 l0only=1
2026-10-02T19:39:16.323Z kv-compact: end bytes=11062322 ms=16 l0=265 l1=301 rc=0
2026-10-02T19:39:16.323Z kv-compact: start l0=265 inputs=2 range=267 l0only=1
2026-10-02T19:39:16.341Z kv-compact: end bytes=10878985 ms=18 l0=264 l1=301 rc=0
2026-10-02T19:39:16.341Z kv-compact: start l0=264 inputs=2 range=2 l0only=1
2026-10-02T19:39:16.347Z kv-compact: end bytes=2227200 ms=6 l0=263 l1=301 rc=0
2026-10-02T19:39:16.347Z kv-compact: start l0=263 inputs=2 range=258 l0only=1
2026-10-02T19:39:16.350Z kv-compact: end bytes=972220 ms=3 l0=262 l1=301 rc=0
2026-10-02T19:39:16.350Z kv-compact: start l0=262 inputs=2 range=1 l0only=1
2026-10-02T19:39:16.352Z kv-compact: end bytes=584640 ms=2 l0=261 l1=301 rc=0
2026-10-02T19:39:16.426Z kv-compact: start l0=271 inputs=3 range=2 l0only=0
2026-10-02T19:39:16.461Z kv-compact: end bytes=22828426 ms=36 l0=269 l1=301 rc=0
2026-10-02T19:39:16.462Z kv-compact: start l0=269 inputs=2 range=270 l0only=1
2026-10-02T19:39:16.490Z kv-compact: end bytes=17923788 ms=28 l0=268 l1=301 rc=0
2026-10-02T19:39:16.490Z kv-compact: start l0=268 inputs=2 range=257 l0only=1
2026-10-02T19:39:16.515Z kv-compact: end bytes=15819519 ms=26 l0=267 l1=301 rc=0
2026-10-02T19:39:16.516Z kv-compact: start l0=267 inputs=2 range=263 l0only=1
2026-10-02T19:39:16.537Z kv-compact: end bytes=14987221 ms=21 l0=266 l1=301 rc=0
2026-10-02T19:39:16.538Z kv-compact: start l0=266 inputs=2 range=260 l0only=1
2026-10-02T19:39:16.558Z kv-compact: end bytes=13494211 ms=20 l0=265 l1=301 rc=0
2026-10-02T19:39:16.558Z kv-compact: start l0=265 inputs=2 range=261 l0only=1
2026-10-02T19:39:16.576Z kv-compact: end bytes=12737934 ms=18 l0=264 l1=301 rc=0
2026-10-02T19:39:16.576Z kv-compact: start l0=264 inputs=2 range=264 l0only=1
2026-10-02T19:39:16.593Z kv-compact: end bytes=11240513 ms=17 l0=263 l1=301 rc=0
2026-10-02T19:39:16.593Z kv-compact: start l0=263 inputs=2 range=267 l0only=1
2026-10-02T19:39:16.613Z kv-compact: end bytes=11113640 ms=20 l0=262 l1=301 rc=0
2026-10-02T19:39:16.613Z kv-compact: start l0=262 inputs=2 range=1 l0only=1
2026-10-02T19:39:16.617Z kv-compact: end bytes=1586880 ms=4 l0=261 l1=301 rc=0
2026-10-02T19:39:16.617Z kv-compact: start l0=261 inputs=2 range=258 l0only=1
2026-10-02T19:39:16.620Z kv-compact: end bytes=1001048 ms=3 l0=260 l1=301 rc=0
2026-10-02T19:39:16.684Z kv-compact: start l0=270 inputs=2 range=270 l0only=1
2026-10-02T19:39:16.715Z kv-compact: end bytes=18546776 ms=31 l0=269 l1=301 rc=0
2026-10-02T19:39:16.715Z kv-compact: start l0=269 inputs=2 range=257 l0only=1
2026-10-02T19:39:16.742Z kv-compact: end bytes=16222127 ms=27 l0=268 l1=301 rc=0
2026-10-02T19:39:16.742Z kv-compact: start l0=268 inputs=2 range=263 l0only=1
2026-10-02T19:39:16.762Z kv-compact: end bytes=15117582 ms=20 l0=267 l1=301 rc=0
2026-10-02T19:39:16.763Z kv-compact: start l0=267 inputs=2 range=260 l0only=1
2026-10-02T19:39:16.783Z kv-compact: end bytes=13734477 ms=20 l0=266 l1=301 rc=0
2026-10-02T19:39:16.783Z kv-compact: start l0=266 inputs=2 range=261 l0only=1
2026-10-02T19:39:16.802Z kv-compact: end bytes=13059525 ms=19 l0=265 l1=301 rc=0
2026-10-02T19:39:16.802Z kv-compact: start l0=265 inputs=2 range=267 l0only=1
2026-10-02T19:39:16.822Z kv-compact: end bytes=11679234 ms=20 l0=264 l1=301 rc=0
2026-10-02T19:39:16.822Z kv-compact: start l0=264 inputs=2 range=264 l0only=1
2026-10-02T19:39:16.840Z kv-compact: end bytes=11621055 ms=18 l0=263 l1=301 rc=0
2026-10-02T19:39:16.840Z kv-compact: start l0=263 inputs=2 range=1 l0only=1
2026-10-02T19:39:16.844Z kv-compact: end bytes=1772480 ms=4 l0=262 l1=301 rc=0
2026-10-02T19:39:16.844Z kv-compact: start l0=262 inputs=2 range=258 l0only=1
2026-10-02T19:39:16.848Z kv-compact: end bytes=1130519 ms=4 l0=261 l1=301 rc=0
2026-10-02T19:39:16.886Z kv-compact: start l0=271 inputs=2 range=270 l0only=1
2026-10-02T19:39:16.890Z raft-host: apply-sleep us=109011 group=0 idx=4266467 applied=4266464
2026-10-02T19:39:16.890Z raft-host: gc-pass ms=51 reap=0 frag=0 spread=0 recover=0 fscans=0 fsegs=0 fkeys=0 femit=0 ftomb=0 scans=0 segs=0 keys=0 emit=0 tomb=0
2026-10-02T19:39:16.916Z kv-compact: end bytes=19042541 ms=30 l0=270 l1=301 rc=0
2026-10-02T19:39:16.916Z kv-compact: start l0=270 inputs=2 range=257 l0only=1
2026-10-02T19:39:16.943Z kv-compact: end bytes=16506073 ms=27 l0=269 l1=301 rc=0
2026-10-02T19:39:16.943Z kv-compact: start l0=269 inputs=2 range=263 l0only=1
2026-10-02T19:39:16.964Z kv-compact: end bytes=15195779 ms=21 l0=268 l1=301 rc=0
2026-10-02T19:39:16.964Z kv-compact: start l0=268 inputs=2 range=260 l0only=1
2026-10-02T19:39:16.968Z raft-host: apply-sleep us=77819 group=0 idx=4266473 applied=4266470
2026-10-02T19:39:16.968Z report-split nrec=10569 pack_ms=162 push_ms=152 finish_ms=422 skip=0 stale=0 inval=0 rc=0 fail=-/0
2026-10-02T19:39:16.968Z raft-host: apply-sleep us=77905 group=2 idx=4501497 applied=4501496
2026-10-02T19:39:16.968Z report-split nrec=10351 pack_ms=185 push_ms=135 finish_ms=415 skip=0 stale=0 inval=0 rc=0 fail=-/0
2026-10-02T19:39:16.983Z kv-compact: end bytes=13919180 ms=19 l0=267 l1=301 rc=0
2026-10-02T19:39:16.983Z kv-compact: start l0=267 inputs=2 range=261 l0only=1
2026-10-02T19:39:17.000Z kv-compact: end bytes=13403687 ms=17 l0=266 l1=301 rc=0
2026-10-02T19:39:17.000Z kv-compact: start l0=266 inputs=2 range=267 l0only=1
2026-10-02T19:39:17.022Z kv-compact: end bytes=12237535 ms=21 l0=265 l1=301 rc=0
2026-10-02T19:39:17.022Z kv-compact: start l0=265 inputs=2 range=264 l0only=1
2026-10-02T19:39:17.037Z raft-host: apply-sleep us=69740 group=2 idx=4501502 applied=4501499
2026-10-02T19:39:17.037Z report-split nrec=10246 pack_ms=186 push_ms=280 finish_ms=339 skip=0 stale=0 inval=0 rc=0 fail=-/0
2026-10-02T19:39:17.037Z raft-host: apply-sleep us=38154 group=2 idx=4501503 applied=4501499
2026-10-02T19:39:17.037Z raft-host: apply-sleep us=69779 group=2 idx=4501501 applied=4501499
2026-10-02T19:39:17.037Z report-split nrec=10311 pack_ms=188 push_ms=285 finish_ms=333 skip=0 stale=0 inval=0 rc=0 fail=-/0
2026-10-02T19:39:17.041Z kv-compact: end bytes=11969014 ms=19 l0=264 l1=301 rc=0
2026-10-02T19:39:17.041Z kv-compact: start l0=264 inputs=2 range=1 l0only=1
2026-10-02T19:39:17.056Z kv-compact: end bytes=2146452 ms=16 l0=273 l1=301 rc=0
2026-10-02T19:39:17.057Z kv-compact: start l0=273 inputs=3 range=1 l0only=0
2026-10-02T19:39:17.067Z raft-host: apply-sleep us=55212 group=2 idx=4501504 applied=4501499
2026-10-02T19:39:17.067Z raft-host: apply-sleep us=29929 group=0 idx=4266483 applied=4266481
2026-10-02T19:39:17.093Z kv-compact: end bytes=23097920 ms=36 l0=271 l1=301 rc=0
2026-10-02T19:39:17.093Z kv-compact: start l0=271 inputs=3 range=258 l0only=1
2026-10-02T19:39:17.098Z kv-compact: end bytes=1490329 ms=5 l0=269 l1=301 rc=0
2026-10-02T19:39:17.098Z kv-compact: start l0=269 inputs=3 range=2 l0only=1
2026-10-02T19:39:17.102Z kv-compact: end bytes=1484800 ms=4 l0=267 l1=301 rc=0
2026-10-02T19:39:17.102Z kv-compact: start l0=267 inputs=2 range=270 l0only=1
2026-10-02T19:39:17.134Z kv-compact: end bytes=19331861 ms=32 l0=266 l1=301 rc=0
2026-10-02T19:39:17.134Z kv-compact: start l0=266 inputs=2 range=257 l0only=1
2026-10-02T19:39:17.160Z kv-compact: end bytes=16636483 ms=26 l0=265 l1=301 rc=0
2026-10-02T19:39:17.160Z kv-compact: start l0=265 inputs=2 range=263 l0only=1
2026-10-02T19:39:17.181Z kv-compact: end bytes=15244723 ms=21 l0=264 l1=301 rc=0
2026-10-02T19:39:17.181Z kv-compact: start l0=264 inputs=2 range=260 l0only=1
2026-10-02T19:39:17.201Z kv-compact: end bytes=14076799 ms=20 l0=263 l1=301 rc=0
2026-10-02T19:39:17.201Z kv-compact: start l0=263 inputs=2 range=261 l0only=1
2026-10-02T19:39:17.221Z kv-compact: end bytes=13553438 ms=20 l0=262 l1=301 rc=0
2026-10-02T19:39:17.221Z kv-compact: start l0=262 inputs=2 range=267 l0only=1
2026-10-02T19:39:17.243Z kv-compact: end bytes=12515273 ms=22 l0=261 l1=301 rc=0
2026-10-02T19:39:17.243Z kv-compact: start l0=261 inputs=2 range=264 l0only=1
2026-10-02T19:39:17.262Z kv-compact: end bytes=12181869 ms=20 l0=260 l1=301 rc=0
2026-10-02T19:39:17.288Z kv-compact: start l0=270 inputs=2 range=270 l0only=1
2026-10-02T19:39:17.319Z kv-compact: end bytes=19460230 ms=31 l0=269 l1=301 rc=0
2026-10-02T19:39:17.319Z kv-compact: start l0=269 inputs=2 range=257 l0only=1
2026-10-02T19:39:17.344Z kv-compact: end bytes=16721021 ms=25 l0=268 l1=301 rc=0
2026-10-02T19:39:17.344Z kv-compact: start l0=268 inputs=2 range=263 l0only=1
2026-10-02T19:39:17.366Z kv-compact: end bytes=15329261 ms=22 l0=267 l1=301 rc=0
2026-10-02T19:39:17.366Z kv-compact: start l0=267 inputs=2 range=260 l0only=1
2026-10-02T19:39:17.384Z raft-obs: tx->0 enq=19965 drop=0 sent=19923 fail=0 hi=6 rtt_avg=28us get_avg=0us get_max=3ms
2026-10-02T19:39:17.384Z raft-obs: tx->3 enq=19988 drop=0 sent=19934 fail=0 hi=6 rtt_avg=29us get_avg=0us get_max=2ms
2026-10-02T19:39:17.384Z raft-obs: wait_timeouts=0 pump_hold_max=143507us lock_wait_max=1us drain_max=143506us tick_max=1us apply_max=131519us persist_max=11222us applies_in_worst=11 arc_miss=0 arc_term_miss=0 opid_replay=0 fin_q=0 fin_done=0 fin_drop=0 fin_full=0 pub_p50=254374us pub_max=344544us inbox_drop=0
2026-10-02T19:39:17.388Z kv-compact: end bytes=14119068 ms=22 l0=266 l1=301 rc=0
2026-10-02T19:39:17.388Z kv-compact: start l0=266 inputs=2 range=261 l0only=1
2026-10-02T19:39:17.408Z kv-compact: end bytes=13588215 ms=20 l0=265 l1=301 rc=0
2026-10-02T19:39:17.408Z kv-compact: start l0=265 inputs=2 range=267 l0only=1
2026-10-02T19:39:17.428Z kv-compact: end bytes=12602557 ms=20 l0=264 l1=301 rc=0
2026-10-02T19:39:17.428Z kv-compact: start l0=264 inputs=2 range=264 l0only=1
2026-10-02T19:39:17.447Z kv-compact: end bytes=12227206 ms=19 l0=263 l1=301 rc=0
2026-10-02T19:39:17.447Z kv-compact: start l0=263 inputs=2 range=2 l0only=1
2026-10-02T19:39:17.452Z kv-compact: end bytes=2598420 ms=5 l0=262 l1=301 rc=0
2026-10-02T19:39:17.452Z kv-compact: start l0=262 inputs=2 range=258 l0only=1
2026-10-02T19:39:17.457Z kv-compact: end bytes=1533971 ms=5 l0=261 l1=301 rc=0
2026-10-02T19:39:17.587Z kv-compact: start l0=271 inputs=2 range=270 l0only=1
2026-10-02T19:39:17.619Z kv-compact: end bytes=20046857 ms=32 l0=270 l1=301 rc=0
2026-10-02T19:39:17.619Z kv-compact: start l0=270 inputs=2 range=257 l0only=1
2026-10-02T19:39:17.646Z kv-compact: end bytes=17147721 ms=27 l0=269 l1=301 rc=0
2026-10-02T19:39:17.646Z kv-compact: start l0=269 inputs=2 range=263 l0only=1
2026-10-02T19:39:17.668Z kv-compact: end bytes=15457453 ms=22 l0=268 l1=301 rc=0
2026-10-02T19:39:17.668Z kv-compact: start l0=268 inputs=2 range=260 l0only=1
2026-10-02T19:39:17.689Z kv-compact: end bytes=14410637 ms=21 l0=267 l1=301 rc=0
2026-10-02T19:39:17.689Z kv-compact: start l0=267 inputs=2 range=261 l0only=1
2026-10-02T19:39:17.708Z kv-compact: end bytes=13889366 ms=19 l0=266 l1=301 rc=0
2026-10-02T19:39:17.708Z kv-compact: start l0=266 inputs=2 range=267 l0only=1
2026-10-02T19:39:17.729Z kv-compact: end bytes=13258662 ms=21 l0=265 l1=301 rc=0
2026-10-02T19:39:17.729Z kv-compact: start l0=265 inputs=2 range=264 l0only=1
2026-10-02T19:39:17.748Z kv-compact: end bytes=12639814 ms=19 l0=264 l1=301 rc=0
2026-10-02T19:39:17.748Z kv-compact: start l0=264 inputs=2 range=2 l0only=1
2026-10-02T19:39:17.754Z kv-compact: end bytes=2784020 ms=6 l0=263 l1=301 rc=0
2026-10-02T19:39:17.754Z kv-compact: start l0=263 inputs=2 range=258 l0only=1
2026-10-02T19:39:17.759Z kv-compact: end bytes=1660146 ms=5 l0=262 l1=301 rc=0
2026-10-02T19:39:17.759Z kv-compact: start l0=262 inputs=2 range=1 l0only=1
2026-10-02T19:39:17.764Z kv-compact: end bytes=1438400 ms=5 l0=261 l1=301 rc=0
2026-10-02T19:39:17.787Z kv-compact: start l0=271 inputs=3 range=2 l0only=0
2026-10-02T19:39:17.827Z kv-compact: end bytes=25983590 ms=40 l0=269 l1=301 rc=0
2026-10-02T19:39:17.827Z kv-compact: start l0=269 inputs=2 range=270 l0only=1
2026-10-02T19:39:17.859Z kv-compact: end bytes=20655891 ms=32 l0=268 l1=301 rc=0
2026-10-02T19:39:17.859Z kv-compact: start l0=268 inputs=2 range=257 l0only=1
2026-10-02T19:39:17.885Z kv-compact: end bytes=17509043 ms=26 l0=267 l1=301 rc=0
2026-10-02T19:39:17.885Z kv-compact: start l0=267 inputs=2 range=263 l0only=1
2026-10-02T19:39:17.891Z raft-host: apply-sleep us=195794 group=0 idx=4266501 applied=4266495
2026-10-02T19:39:17.891Z raft-host: apply-sleep us=195827 group=0 idx=4266499 applied=4266495
2026-10-02T19:39:17.891Z report-split nrec=11206 pack_ms=270 push_ms=185 finish_ms=339 skip=0 stale=0 inval=0 rc=0 fail=-/0
2026-10-02T19:39:17.891Z report-split nrec=11393 pack_ms=280 push_ms=186 finish_ms=329 skip=0 stale=0 inval=0 rc=0 fail=-/0
2026-10-02T19:39:17.891Z raft-host: apply-sleep us=195847 group=0 idx=4266500 applied=4266495
2026-10-02T19:39:17.891Z report-split nrec=11487 pack_ms=285 push_ms=179 finish_ms=331 skip=0 stale=0 inval=0 rc=0 fail=-/0
2026-10-02T19:39:17.906Z kv-compact: end bytes=15601993 ms=21 l0=266 l1=301 rc=0
2026-10-02T19:39:17.906Z kv-compact: start l0=266 inputs=2 range=260 l0only=1
2026-10-02T19:39:17.926Z kv-compact: end bytes=14615465 ms=20 l0=265 l1=301 rc=0
2026-10-02T19:39:17.926Z kv-compact: start l0=265 inputs=2 range=261 l0only=1
2026-10-02T19:39:17.946Z kv-compact: end bytes=14203334 ms=20 l0=264 l1=301 rc=0
2026-10-02T19:39:17.946Z kv-compact: start l0=264 inputs=2 range=267 l0only=1
2026-10-02T19:39:17.976Z kv-compact: end bytes=13796845 ms=30 l0=273 l1=301 rc=0
2026-10-02T19:39:17.976Z kv-compact: start l0=273 inputs=3 range=264 l0only=1
2026-10-02T19:39:17.977Z raft-host: apply-sleep us=280701 group=0 idx=4266504 applied=4266495
2026-10-02T19:39:17.977Z report-split nrec=12395 pack_ms=305 push_ms=222 finish_ms=358 skip=0 stale=0 inval=0 rc=0 fail=-/0
2026-10-02T19:39:17.977Z raft-host: gc-pass ms=84 reap=0 frag=0 spread=0 recover=0 fscans=0 fsegs=0 fkeys=0 femit=0 ftomb=0 scans=0 segs=0 keys=0 emit=0 tomb=0
2026-10-02T19:39:17.995Z kv-compact: end bytes=13222822 ms=19 l0=271 l1=301 rc=0
2026-10-02T19:39:17.995Z kv-compact: start l0=271 inputs=3 range=1 l0only=1
2026-10-02T19:39:18.000Z kv-compact: end bytes=2143680 ms=5 l0=269 l1=301 rc=0
2026-10-02T19:39:18.000Z kv-compact: start l0=269 inputs=3 range=258 l0only=1
2026-10-02T19:39:18.002Z raft-host: apply-sleep us=57691 group=2 idx=4501534 applied=4501531
2026-10-02T19:39:18.002Z raft-host: apply-sleep us=61109 group=2 idx=4501534 applied=4501531
2026-10-02T19:39:18.002Z raft-host: apply-sleep us=73258 group=2 idx=4501533 applied=4501531
2026-10-02T19:39:18.005Z kv-compact: end bytes=1963506 ms=5 l0=267 l1=301 rc=0
2026-10-02T19:39:18.005Z kv-compact: start l0=267 inputs=2 range=270 l0only=1
2026-10-02T19:39:18.021Z raft-host: apply-sleep us=22999 group=2 idx=4501535 applied=4501532
2026-10-02T19:39:18.038Z kv-compact: end bytes=21084238 ms=33 l0=266 l1=301 rc=0
2026-10-02T19:39:18.038Z kv-compact: start l0=266 inputs=2 range=257 l0only=1
2026-10-02T19:39:18.065Z kv-compact: end bytes=17907500 ms=27 l0=265 l1=301 rc=0
2026-10-02T19:39:18.065Z kv-compact: start l0=265 inputs=2 range=263 l0only=1
2026-10-02T19:39:18.088Z kv-compact: end bytes=15780307 ms=23 l0=264 l1=301 rc=0
2026-10-02T19:39:18.088Z kv-compact: start l0=264 inputs=2 range=260 l0only=1
2026-10-02T19:39:18.110Z kv-compact: end bytes=14906801 ms=23 l0=263 l1=301 rc=0
2026-10-02T19:39:18.111Z kv-compact: start l0=263 inputs=2 range=261 l0only=1
2026-10-02T19:39:18.132Z kv-compact: end bytes=14397661 ms=21 l0=262 l1=301 rc=0
2026-10-02T19:39:18.132Z kv-compact: start l0=262 inputs=2 range=267 l0only=1
2026-10-02T19:39:18.156Z kv-compact: end bytes=14226319 ms=24 l0=261 l1=301 rc=0
2026-10-02T19:39:18.199Z kv-compact: start l0=271 inputs=3 range=1 l0only=0
2026-10-02T19:39:18.241Z kv-compact: end bytes=26238040 ms=42 l0=269 l1=301 rc=0
2026-10-02T19:39:18.241Z kv-compact: start l0=269 inputs=2 range=270 l0only=1
2026-10-02T19:39:18.272Z kv-compact: end bytes=21225287 ms=31 l0=268 l1=301 rc=0
2026-10-02T19:39:18.272Z kv-compact: start l0=268 inputs=2 range=257 l0only=1
2026-10-02T19:39:18.301Z kv-compact: end bytes=18036418 ms=29 l0=267 l1=301 rc=0
2026-10-02T19:39:18.301Z kv-compact: start l0=267 inputs=2 range=263 l0only=1
2026-10-02T19:39:18.324Z kv-compact: end bytes=15789806 ms=22 l0=266 l1=301 rc=0
2026-10-02T19:39:18.324Z kv-compact: start l0=266 inputs=2 range=260 l0only=1
2026-10-02T19:39:18.345Z kv-compact: end bytes=15054887 ms=22 l0=265 l1=301 rc=0
2026-10-02T19:39:18.346Z kv-compact: start l0=265 inputs=2 range=261 l0only=1
2026-10-02T19:39:18.365Z kv-compact: end bytes=14428412 ms=19 l0=264 l1=301 rc=0
2026-10-02T19:39:18.366Z kv-compact: start l0=264 inputs=2 range=267 l0only=1
2026-10-02T19:39:18.388Z kv-compact: end bytes=14424932 ms=22 l0=263 l1=301 rc=0
2026-10-02T19:39:18.388Z kv-compact: start l0=263 inputs=2 range=264 l0only=1
2026-10-02T19:39:18.408Z kv-compact: end bytes=13358880 ms=20 l0=262 l1=301 rc=0
2026-10-02T19:39:18.408Z kv-compact: start l0=262 inputs=2 range=258 l0only=1
2026-10-02T19:39:18.413Z kv-compact: end bytes=1986368 ms=5 l0=261 l1=301 rc=0
2026-10-02T19:39:18.413Z kv-compact: start l0=261 inputs=2 range=2 l0only=1
2026-10-02T19:39:18.416Z kv-compact: end bytes=1484800 ms=4 l0=260 l1=301 rc=0
2026-10-02T19:39:18.466Z kv-compact: start l0=270 inputs=2 range=270 l0only=1
2026-10-02T19:39:18.501Z kv-compact: end bytes=21858587 ms=35 l0=269 l1=301 rc=0
2026-10-02T19:39:18.501Z kv-compact: start l0=269 inputs=2 range=257 l0only=1
2026-10-02T19:39:18.529Z kv-compact: end bytes=18392389 ms=28 l0=268 l1=301 rc=0
2026-10-02T19:39:18.529Z kv-compact: start l0=268 inputs=2 range=263 l0only=1
2026-10-02T19:39:18.551Z kv-compact: end bytes=15947586 ms=22 l0=267 l1=301 rc=0
2026-10-02T19:39:18.551Z kv-compact: start l0=267 inputs=2 range=260 l0only=1
2026-10-02T19:39:18.573Z kv-compact: end bytes=15385071 ms=22 l0=266 l1=301 rc=0
2026-10-02T19:39:18.573Z kv-compact: start l0=266 inputs=2 range=267 l0only=1
2026-10-02T19:39:18.598Z kv-compact: end bytes=14915338 ms=25 l0=265 l1=301 rc=0
2026-10-02T19:39:18.598Z kv-compact: start l0=265 inputs=2 range=261 l0only=1
2026-10-02T19:39:18.618Z kv-compact: end bytes=14673454 ms=20 l0=264 l1=301 rc=0
2026-10-02T19:39:18.618Z kv-compact: start l0=264 inputs=2 range=264 l0only=1
2026-10-02T19:39:18.639Z kv-compact: end bytes=13727013 ms=22 l0=263 l1=301 rc=0
2026-10-02T19:39:18.640Z kv-compact: start l0=263 inputs=2 range=258 l0only=1
2026-10-02T19:39:18.645Z kv-compact: end bytes=2152520 ms=5 l0=262 l1=301 rc=0
2026-10-02T19:39:18.645Z kv-compact: start l0=262 inputs=2 range=2 l0only=1
2026-10-02T19:39:18.650Z kv-compact: end bytes=1670400 ms=5 l0=261 l1=301 rc=0
2026-10-02T19:39:18.673Z kv-compact: start l0=271 inputs=5 range=270 l0only=0
2026-10-02T19:39:18.685Z raft-host: apply-sleep us=166699 group=2 idx=4501548 applied=4501545
2026-10-02T19:39:18.685Z report-split nrec=9261 pack_ms=171 push_ms=65 finish_ms=425 skip=0 stale=0 inval=0 rc=0 fail=-/0
2026-10-02T19:39:18.685Z raft-host: apply-sleep us=77063 group=2 idx=4501551 applied=4501547
2026-10-02T19:39:18.685Z raft-host: apply-sleep us=77853 group=0 idx=4266532 applied=4266530
2026-10-02T19:39:18.685Z raft-host: apply-sleep us=77340 group=0 idx=4266531 applied=4266530
2026-10-02T19:39:18.685Z report-split nrec=9175 pack_ms=243 push_ms=203 finish_ms=214 skip=0 stale=0 inval=0 rc=0 fail=-/0
2026-10-02T19:39:18.722Z raft-host: apply-sleep us=37354 group=2 idx=4501554 applied=4501552
2026-10-02T19:39:18.722Z report-split nrec=8520 pack_ms=223 push_ms=186 finish_ms=289 skip=0 stale=0 inval=0 rc=0 fail=-/0
2026-10-02T19:39:18.722Z raft-host: apply-sleep us=37389 group=0 idx=4266534 applied=4266533
2026-10-02T19:39:18.722Z report-split nrec=8610 pack_ms=201 push_ms=198 finish_ms=289 skip=0 stale=0 inval=0 rc=0 fail=-/0
2026-10-02T19:39:18.744Z raft-host: apply-sleep us=22779 group=2 idx=4501557 applied=4501552
2026-10-02T19:39:18.744Z raft-host: apply-sleep us=32565 group=2 idx=4501557 applied=4501552
2026-10-02T19:39:18.954Z kv-compact: end bytes=183765416 ms=281 l0=279 l1=301 rc=0
2026-10-02T19:39:18.954Z kv-compact: start l0=279 inputs=3 range=257 l0only=1
2026-10-02T19:39:18.985Z kv-compact: end bytes=18984647 ms=31 l0=277 l1=301 rc=0
2026-10-02T19:39:18.985Z kv-compact: start l0=277 inputs=3 range=263 l0only=1
2026-10-02T19:39:18.994Z raft-host: gc-pass ms=14 reap=0 frag=0 spread=0 recover=0 fscans=0 fsegs=0 fkeys=0 femit=0 ftomb=0 scans=0 segs=0 keys=0 emit=0 tomb=0
2026-10-02T19:39:19.007Z kv-compact: end bytes=16190696 ms=22 l0=275 l1=301 rc=0
2026-10-02T19:39:19.007Z kv-compact: start l0=275 inputs=3 range=260 l0only=1
2026-10-02T19:39:19.029Z kv-compact: end bytes=15622546 ms=22 l0=273 l1=301 rc=0
2026-10-02T19:39:19.030Z kv-compact: start l0=273 inputs=3 range=267 l0only=1
2026-10-02T19:39:19.056Z kv-compact: end bytes=15606450 ms=26 l0=271 l1=301 rc=0
2026-10-02T19:39:19.056Z kv-compact: start l0=271 inputs=3 range=261 l0only=1
2026-10-02T19:39:19.078Z kv-compact: end bytes=15058988 ms=22 l0=269 l1=301 rc=0
2026-10-02T19:39:19.078Z kv-compact: start l0=269 inputs=3 range=264 l0only=1
2026-10-02T19:39:19.099Z kv-compact: end bytes=14180782 ms=21 l0=267 l1=301 rc=0
2026-10-02T19:39:19.099Z kv-compact: start l0=267 inputs=3 range=2 l0only=1
2026-10-02T19:39:19.106Z kv-compact: end bytes=3155200 ms=6 l0=265 l1=301 rc=0
2026-10-02T19:39:19.106Z kv-compact: start l0=265 inputs=3 range=258 l0only=1
2026-10-02T19:39:19.111Z kv-compact: end bytes=2303055 ms=5 l0=263 l1=301 rc=0
2026-10-02T19:39:19.111Z kv-compact: start l0=263 inputs=3 range=1 l0only=1
2026-10-02T19:39:19.115Z kv-compact: end bytes=1617624 ms=4 l0=261 l1=301 rc=0
2026-10-02T19:39:19.138Z kv-compact: start l0=271 inputs=3 range=2 l0only=0
2026-10-02T19:39:19.183Z kv-compact: end bytes=29695590 ms=45 l0=269 l1=301 rc=0
2026-10-02T19:39:19.183Z kv-compact: start l0=269 inputs=2 range=257 l0only=1
2026-10-02T19:39:19.212Z kv-compact: end bytes=19271227 ms=29 l0=268 l1=301 rc=0
2026-10-02T19:39:19.213Z kv-compact: start l0=268 inputs=2 range=263 l0only=1
2026-10-02T19:39:19.234Z kv-compact: end bytes=16279246 ms=21 l0=267 l1=301 rc=0
2026-10-02T19:39:19.234Z kv-compact: start l0=267 inputs=2 range=267 l0only=1
2026-10-02T19:39:19.260Z kv-compact: end bytes=15952452 ms=26 l0=266 l1=301 rc=0
2026-10-02T19:39:19.260Z kv-compact: start l0=266 inputs=2 range=260 l0only=1
2026-10-02T19:39:19.283Z kv-compact: end bytes=15806086 ms=23 l0=265 l1=301 rc=0
2026-10-02T19:39:19.283Z kv-compact: start l0=265 inputs=2 range=261 l0only=1
2026-10-02T19:39:19.305Z kv-compact: end bytes=15240522 ms=22 l0=264 l1=301 rc=0
2026-10-02T19:39:19.305Z kv-compact: start l0=264 inputs=2 range=264 l0only=1
2026-10-02T19:39:19.326Z kv-compact: end bytes=14392130 ms=21 l0=263 l1=301 rc=0
2026-10-02T19:39:19.326Z kv-compact: start l0=263 inputs=2 range=258 l0only=1
2026-10-02T19:39:19.342Z kv-compact: end bytes=2472440 ms=16 l0=272 l1=301 rc=0
2026-10-02T19:39:19.342Z kv-compact: start l0=272 inputs=3 range=1 l0only=1
2026-10-02T19:39:19.348Z kv-compact: end bytes=2545624 ms=6 l0=270 l1=301 rc=0
2026-10-02T19:39:19.348Z kv-compact: start l0=270 inputs=3 range=270 l0only=1
2026-10-02T19:39:19.351Z kv-compact: end bytes=1040101 ms=3 l0=268 l1=301 rc=0
2026-10-02T19:39:19.351Z kv-compact: start l0=268 inputs=2 range=257 l0only=1
2026-10-02T19:39:19.382Z kv-compact: end bytes=19635892 ms=31 l0=267 l1=301 rc=0
2026-10-02T19:39:19.382Z kv-compact: start l0=267 inputs=2 range=267 l0only=1
2026-10-02T19:39:19.408Z kv-compact: end bytes=16513537 ms=26 l0=266 l1=301 rc=0
2026-10-02T19:39:19.408Z kv-compact: start l0=266 inputs=2 range=263 l0only=1
2026-10-02T19:39:19.430Z kv-compact: end bytes=16467294 ms=22 l0=265 l1=301 rc=0
2026-10-02T19:39:19.430Z kv-compact: start l0=265 inputs=2 range=260 l0only=1
2026-10-02T19:39:19.453Z kv-compact: end bytes=16074956 ms=23 l0=264 l1=301 rc=0
2026-10-02T19:39:19.453Z kv-compact: start l0=264 inputs=2 range=261 l0only=1
2026-10-02T19:39:19.474Z kv-compact: end bytes=15522198 ms=21 l0=263 l1=301 rc=0
2026-10-02T19:39:19.474Z kv-compact: start l0=263 inputs=2 range=264 l0only=1
2026-10-02T19:39:19.497Z kv-compact: end bytes=14751569 ms=23 l0=262 l1=301 rc=0
2026-10-02T19:39:19.497Z kv-compact: start l0=262 inputs=2 range=258 l0only=1
2026-10-02T19:39:19.503Z kv-compact: end bytes=2612027 ms=6 l0=261 l1=301 rc=0
2026-10-02T19:39:19.515Z kv-compact: start l0=271 inputs=2 range=257 l0only=1
2026-10-02T19:39:19.521Z raft-host: apply-sleep us=67380 group=2 idx=4501578 applied=4501575
2026-10-02T19:39:19.521Z report-split nrec=8457 pack_ms=193 push_ms=194 finish_ms=361 skip=0 stale=0 inval=0 rc=0 fail=-/0
2026-10-02T19:39:19.521Z raft-host: apply-sleep us=67398 group=0 idx=4266558 applied=4266557
2026-10-02T19:39:19.521Z report-split nrec=9276 pack_ms=213 push_ms=195 finish_ms=354 skip=0 stale=0 inval=0 rc=0 fail=-/0
2026-10-02T19:39:19.544Z kv-compact: end bytes=19839396 ms=28 l0=270 l1=301 rc=0
2026-10-02T19:39:19.544Z kv-compact: start l0=270 inputs=2 range=267 l0only=1
2026-10-02T19:39:19.556Z raft-host: apply-sleep us=35084 group=0 idx=4266564 applied=4266561
2026-10-02T19:39:19.556Z report-split nrec=9614 pack_ms=237 push_ms=281 finish_ms=279 skip=0 stale=0 inval=0 rc=0 fail=-/0
2026-10-02T19:39:19.556Z raft-host: apply-sleep us=35106 group=0 idx=4266563 applied=4266561
2026-10-02T19:39:19.556Z report-split nrec=8755 pack_ms=209 push_ms=306 finish_ms=282 skip=0 stale=0 inval=0 rc=0 fail=-/0
2026-10-02T19:39:19.571Z kv-compact: end bytes=16960504 ms=27 l0=269 l1=301 rc=0
2026-10-02T19:39:19.571Z kv-compact: start l0=269 inputs=2 range=263 l0only=1
2026-10-02T19:39:19.580Z raft-host: apply-sleep us=26557 group=2 idx=4501584 applied=4501581
2026-10-02T19:39:19.580Z raft-host: apply-sleep us=23501 group=0 idx=4266570 applied=4266567
2026-10-02T19:39:19.594Z kv-compact: end bytes=16601085 ms=23 l0=268 l1=301 rc=0
2026-10-02T19:39:19.594Z kv-compact: start l0=268 inputs=2 range=260 l0only=1
2026-10-02T19:39:19.619Z kv-compact: end bytes=16210196 ms=25 l0=267 l1=301 rc=0
2026-10-02T19:39:19.619Z kv-compact: start l0=267 inputs=2 range=261 l0only=1
2026-10-02T19:39:19.642Z kv-compact: end bytes=15714841 ms=23 l0=266 l1=301 rc=0
2026-10-02T19:39:19.642Z kv-compact: start l0=266 inputs=2 range=264 l0only=1
2026-10-02T19:39:19.673Z kv-compact: end bytes=15002172 ms=31 l0=275 l1=301 rc=0
2026-10-02T19:39:19.674Z kv-compact: start l0=275 inputs=4 range=1 l0only=0
2026-10-02T19:39:19.722Z kv-compact: end bytes=30568320 ms=49 l0=272 l1=301 rc=0
2026-10-02T19:39:19.723Z kv-compact: start l0=272 inputs=3 range=258 l0only=1
2026-10-02T19:39:19.730Z kv-compact: end bytes=2802825 ms=7 l0=270 l1=301 rc=0
2026-10-02T19:39:19.730Z kv-compact: start l0=270 inputs=3 range=2 l0only=1
2026-10-02T19:39:19.735Z kv-compact: end bytes=2041620 ms=5 l0=268 l1=301 rc=0
2026-10-02T19:39:19.735Z kv-compact: start l0=268 inputs=3 range=270 l0only=1
2026-10-02T19:39:19.739Z kv-compact: end bytes=1526697 ms=4 l0=266 l1=301 rc=0
2026-10-02T19:39:19.739Z kv-compact: start l0=266 inputs=2 range=257 l0only=1
2026-10-02T19:39:19.771Z kv-compact: end bytes=19940034 ms=32 l0=265 l1=301 rc=0
2026-10-02T19:39:19.771Z kv-compact: start l0=265 inputs=2 range=267 l0only=1
2026-10-02T19:39:19.799Z kv-compact: end bytes=17092519 ms=28 l0=264 l1=301 rc=0
2026-10-02T19:39:19.799Z kv-compact: start l0=264 inputs=2 range=263 l0only=1
2026-10-02T19:39:19.830Z kv-compact: end bytes=16729757 ms=31 l0=263 l1=301 rc=0
2026-10-02T19:39:19.830Z kv-compact: start l0=263 inputs=2 range=260 l0only=1
2026-10-02T19:39:19.853Z kv-compact: end bytes=16305521 ms=23 l0=262 l1=301 rc=0
2026-10-02T19:39:19.853Z kv-compact: start l0=262 inputs=2 range=261 l0only=1
2026-10-02T19:39:19.876Z kv-compact: end bytes=15729331 ms=23 l0=261 l1=301 rc=0
2026-10-02T19:39:19.876Z kv-compact: start l0=261 inputs=2 range=264 l0only=1
2026-10-02T19:39:19.899Z kv-compact: end bytes=15026644 ms=23 l0=260 l1=301 rc=0
2026-10-02T19:39:19.992Z kv-compact: start l0=270 inputs=2 range=257 l0only=1
2026-10-02T19:39:20.016Z raft-host: gc-pass ms=19 reap=0 frag=0 spread=0 recover=0 fscans=0 fsegs=0 fkeys=0 femit=0 ftomb=0 scans=0 segs=0 keys=0 emit=0 tomb=0
2026-10-02T19:39:20.022Z kv-compact: end bytes=20277503 ms=31 l0=269 l1=301 rc=0
2026-10-02T19:39:20.023Z kv-compact: start l0=269 inputs=2 range=267 l0only=1
2026-10-02T19:39:20.050Z kv-compact: end bytes=17396017 ms=27 l0=268 l1=301 rc=0
2026-10-02T19:39:20.050Z kv-compact: start l0=268 inputs=2 range=263 l0only=1
2026-10-02T19:39:20.072Z kv-compact: end bytes=16873362 ms=22 l0=267 l1=301 rc=0
2026-10-02T19:39:20.072Z kv-compact: start l0=267 inputs=2 range=260 l0only=1
2026-10-02T19:39:20.096Z kv-compact: end bytes=16498251 ms=24 l0=266 l1=301 rc=0
2026-10-02T19:39:20.096Z kv-compact: start l0=266 inputs=2 range=261 l0only=1
2026-10-02T19:39:20.118Z kv-compact: end bytes=15843319 ms=22 l0=265 l1=301 rc=0
2026-10-02T19:39:20.118Z kv-compact: start l0=265 inputs=2 range=264 l0only=1
2026-10-02T19:39:20.141Z kv-compact: end bytes=15157859 ms=23 l0=264 l1=301 rc=0
2026-10-02T19:39:20.141Z kv-compact: start l0=264 inputs=2 range=258 l0only=1
2026-10-02T19:39:20.147Z kv-compact: end bytes=2873343 ms=6 l0=263 l1=301 rc=0
2026-10-02T19:39:20.147Z kv-compact: start l0=263 inputs=2 range=2 l0only=1
2026-10-02T19:39:20.153Z kv-compact: end bytes=2784020 ms=6 l0=262 l1=301 rc=0
2026-10-02T19:39:20.153Z kv-compact: start l0=262 inputs=2 range=270 l0only=1
2026-10-02T19:39:20.157Z kv-compact: end bytes=1804994 ms=4 l0=261 l1=301 rc=0
2026-10-02T19:39:20.189Z kv-compact: start l0=271 inputs=5 range=257 l0only=0
2026-10-02T19:39:20.217Z raft-host: apply-sleep us=103120 group=2 idx=4501600 applied=4501596
2026-10-02T19:39:20.217Z report-split nrec=9163 pack_ms=225 push_ms=105 finish_ms=305 skip=0 stale=0 inval=0 rc=0 fail=-/0
2026-10-02T19:39:20.289Z raft-host: apply-sleep us=72031 group=2 idx=4501603 applied=4501600
2026-10-02T19:39:20.289Z raft-host: apply-sleep us=72055 group=2 idx=4501604 applied=4501600
2026-10-02T19:39:20.289Z report-split nrec=8827 pack_ms=268 push_ms=162 finish_ms=260 skip=0 stale=0 inval=0 rc=0 fail=-/0
2026-10-02T19:39:20.289Z raft-host: apply-sleep us=72062 group=2 idx=4501602 applied=4501600
2026-10-02T19:39:20.289Z report-split nrec=8808 pack_ms=222 push_ms=182 finish_ms=258 skip=0 stale=0 inval=0 rc=0 fail=-/0
2026-10-02T19:39:20.289Z raft-host: apply-sleep us=45196 group=2 idx=4501605 applied=4501600
2026-10-02T19:39:20.289Z report-split nrec=8911 pack_ms=225 push_ms=176 finish_ms=261 skip=0 stale=0 inval=0 rc=0 fail=-/0
2026-10-02T19:39:20.330Z raft-host: apply-sleep us=41118 group=0 idx=4266593 applied=4266591
2026-10-02T19:39:20.451Z kv-compact: end bytes=172645056 ms=262 l0=279 l1=301 rc=0
2026-10-02T19:39:20.451Z kv-compact: start l0=279 inputs=3 range=267 l0only=1
2026-10-02T19:39:20.480Z kv-compact: end bytes=18456744 ms=29 l0=277 l1=301 rc=0
2026-10-02T19:39:20.480Z kv-compact: start l0=277 inputs=3 range=263 l0only=1
2026-10-02T19:39:20.482Z raft-host: apply-sleep us=24276 group=2 idx=4501611 applied=4501610
2026-10-02T19:39:20.503Z kv-compact: end bytes=17192625 ms=23 l0=275 l1=301 rc=0
2026-10-02T19:39:20.503Z kv-compact: start l0=275 inputs=3 range=260 l0only=1
2026-10-02T19:39:20.527Z kv-compact: end bytes=16924505 ms=24 l0=273 l1=301 rc=0
2026-10-02T19:39:20.527Z kv-compact: start l0=273 inputs=3 range=261 l0only=1
2026-10-02T19:39:20.550Z kv-compact: end bytes=16267876 ms=23 l0=281 l1=301 rc=0
2026-10-02T19:39:20.550Z kv-compact: start l0=281 inputs=5 range=2 l0only=0
2026-10-02T19:39:20.552Z raft-host: apply-sleep us=82589 group=2 idx=4501612 applied=4501610
2026-10-02T19:39:20.552Z raft-host: apply-sleep us=70544 group=0 idx=4266600 applied=4266597
2026-10-02T19:39:20.552Z raft-host: apply-sleep us=108505 group=2 idx=4501613 applied=4501610
2026-10-02T19:39:20.552Z report-split nrec=8732 pack_ms=87 push_ms=23 finish_ms=109 skip=0 stale=0 inval=0 rc=0 fail=-/0
2026-10-02T19:39:20.607Z kv-compact: end bytes=33964354 ms=57 l0=277 l1=301 rc=0
2026-10-02T19:39:20.607Z kv-compact: start l0=277 inputs=4 range=264 l0only=1
2026-10-02T19:39:20.633Z kv-compact: end bytes=16042654 ms=26 l0=274 l1=301 rc=0
2026-10-02T19:39:20.633Z kv-compact: start l0=274 inputs=4 range=258 l0only=1
2026-10-02T19:39:20.642Z kv-compact: end bytes=3356665 ms=9 l0=271 l1=301 rc=0
2026-10-02T19:39:20.642Z kv-compact: start l0=271 inputs=4 range=270 l0only=1
2026-10-02T19:39:20.650Z kv-compact: end bytes=3062092 ms=8 l0=268 l1=301 rc=0
2026-10-02T19:39:20.650Z kv-compact: start l0=268 inputs=4 range=1 l0only=1
2026-10-02T19:39:20.655Z kv-compact: end bytes=2245760 ms=6 l0=265 l1=301 rc=0
2026-10-02T19:39:20.656Z kv-compact: start l0=265 inputs=2 range=267 l0only=1
2026-10-02T19:39:20.687Z kv-compact: end bytes=18822255 ms=31 l0=264 l1=301 rc=0
2026-10-02T19:39:20.687Z kv-compact: start l0=264 inputs=2 range=263 l0only=1
2026-10-02T19:39:20.712Z kv-compact: end bytes=17282463 ms=25 l0=263 l1=301 rc=0
2026-10-02T19:39:20.712Z kv-compact: start l0=263 inputs=2 range=260 l0only=1
2026-10-02T19:39:20.736Z kv-compact: end bytes=17081728 ms=24 l0=262 l1=301 rc=0
2026-10-02T19:39:20.736Z kv-compact: start l0=262 inputs=2 range=261 l0only=1
2026-10-02T19:39:20.759Z kv-compact: end bytes=16437979 ms=23 l0=261 l1=301 rc=0
2026-10-02T19:39:20.759Z kv-compact: start l0=261 inputs=2 range=257 l0only=1
2026-10-02T19:39:20.761Z kv-compact: end bytes=514787 ms=2 l0=260 l1=301 rc=0
2026-10-02T19:39:20.857Z kv-compact: start l0=270 inputs=2 range=267 l0only=1
2026-10-02T19:39:20.886Z kv-compact: end bytes=19070047 ms=29 l0=269 l1=301 rc=0
2026-10-02T19:39:20.886Z kv-compact: start l0=269 inputs=2 range=263 l0only=1
2026-10-02T19:39:20.909Z kv-compact: end bytes=17339135 ms=23 l0=268 l1=301 rc=0
2026-10-02T19:39:20.909Z kv-compact: start l0=268 inputs=2 range=260 l0only=1
2026-10-02T19:39:20.933Z kv-compact: end bytes=17143713 ms=24 l0=267 l1=301 rc=0
2026-10-02T19:39:20.933Z kv-compact: start l0=267 inputs=2 range=261 l0only=1
2026-10-02T19:39:20.956Z kv-compact: end bytes=16589171 ms=23 l0=266 l1=301 rc=0
2026-10-02T19:39:20.956Z kv-compact: start l0=266 inputs=2 range=264 l0only=1
2026-10-02T19:39:20.979Z kv-compact: end bytes=16221216 ms=23 l0=265 l1=301 rc=0
2026-10-02T19:39:20.979Z kv-compact: start l0=265 inputs=2 range=258 l0only=1
2026-10-02T19:39:20.986Z kv-compact: end bytes=3399652 ms=7 l0=264 l1=301 rc=0
2026-10-02T19:39:20.986Z kv-compact: start l0=264 inputs=2 range=270 l0only=1
2026-10-02T19:39:20.993Z kv-compact: end bytes=3282314 ms=7 l0=263 l1=301 rc=0
2026-10-02T19:39:20.993Z kv-compact: start l0=263 inputs=2 range=1 l0only=1
2026-10-02T19:39:21.000Z kv-compact: end bytes=3180690 ms=7 l0=262 l1=301 rc=0
2026-10-02T19:39:21.000Z kv-compact: start l0=262 inputs=2 range=257 l0only=1
2026-10-02T19:39:21.003Z kv-compact: end bytes=695648 ms=3 l0=261 l1=301 rc=0
2026-10-02T19:39:21.065Z kv-compact: start l0=271 inputs=2 range=267 l0only=1
2026-10-02T19:39:21.081Z raft-host: gc-pass ms=62 reap=0 frag=0 spread=0 recover=0 fscans=0 fsegs=0 fkeys=0 femit=0 ftomb=0 scans=0 segs=0 keys=0 emit=0 tomb=0
2026-10-02T19:39:21.094Z kv-compact: end bytes=19626389 ms=29 l0=270 l1=301 rc=0
2026-10-02T19:39:21.094Z kv-compact: start l0=270 inputs=2 range=263 l0only=1
2026-10-02T19:39:21.117Z kv-compact: end bytes=17498203 ms=23 l0=269 l1=301 rc=0
2026-10-02T19:39:21.117Z kv-compact: start l0=269 inputs=2 range=260 l0only=1
2026-10-02T19:39:21.141Z kv-compact: end bytes=17343997 ms=24 l0=268 l1=301 rc=0
2026-10-02T19:39:21.141Z kv-compact: start l0=268 inputs=2 range=261 l0only=1
2026-10-02T19:39:21.164Z kv-compact: end bytes=16847341 ms=23 l0=267 l1=301 rc=0
2026-10-02T19:39:21.164Z kv-compact: start l0=267 inputs=2 range=264 l0only=1
2026-10-02T19:39:21.171Z raft-host: apply-sleep us=88721 group=0 idx=4266619 applied=4266618
2026-10-02T19:39:21.171Z raft-host: apply-sleep us=89061 group=0 idx=4266620 applied=4266618
2026-10-02T19:39:21.188Z kv-compact: end bytes=16563267 ms=24 l0=266 l1=301 rc=0
2026-10-02T19:39:21.188Z kv-compact: start l0=266 inputs=2 range=270 l0only=1
2026-10-02T19:39:21.195Z kv-compact: end bytes=3717418 ms=7 l0=265 l1=301 rc=0
2026-10-02T19:39:21.195Z kv-compact: start l0=265 inputs=2 range=258 l0only=1
2026-10-02T19:39:21.202Z kv-compact: end bytes=3603887 ms=7 l0=264 l1=301 rc=0
2026-10-02T19:39:21.202Z kv-compact: start l0=264 inputs=2 range=1 l0only=1
2026-10-02T19:39:21.210Z kv-compact: end bytes=3553408 ms=7 l0=263 l1=301 rc=0
2026-10-02T19:39:21.210Z kv-compact: start l0=263 inputs=2 range=2 l0only=1
2026-10-02T19:39:21.214Z kv-compact: end bytes=1299200 ms=4 l0=262 l1=301 rc=0
2026-10-02T19:39:21.214Z kv-compact: start l0=262 inputs=2 range=257 l0only=1
2026-10-02T19:39:21.218Z kv-compact: end bytes=1009876 ms=4 l0=261 l1=301 rc=0
2026-10-02T19:39:21.237Z raft-host: apply-sleep us=65743 group=2 idx=4501633 applied=4501630
2026-10-02T19:39:21.237Z report-split nrec=8192 pack_ms=209 push_ms=133 finish_ms=338 skip=0 stale=0 inval=0 rc=0 fail=-/0
2026-10-02T19:39:21.237Z raft-host: apply-sleep us=64525 group=0 idx=4266623 applied=4266620
2026-10-02T19:39:21.237Z raft-host: apply-sleep us=155753 group=0 idx=4266621 applied=4266618
2026-10-02T19:39:21.237Z report-split nrec=8192 pack_ms=186 push_ms=22 finish_ms=458 skip=0 stale=0 inval=0 rc=0 fail=-/0
2026-10-02T19:39:21.237Z raft-host: apply-sleep us=65793 group=2 idx=4501632 applied=4501630
2026-10-02T19:39:21.237Z report-split nrec=8195 pack_ms=208 push_ms=119 finish_ms=339 skip=0 stale=0 inval=0 rc=0 fail=-/0
2026-10-02T19:39:21.237Z report-split nrec=8192 pack_ms=152 push_ms=192 finish_ms=261 skip=0 stale=0 inval=0 rc=0 fail=-/0
2026-10-02T19:39:21.261Z kv-compact: start l0=271 inputs=3 range=1 l0only=0
2026-10-02T19:39:21.295Z raft-host: apply-sleep us=25425 group=2 idx=4501637 applied=4501634
2026-10-02T19:39:21.311Z kv-compact: end bytes=34438080 ms=50 l0=269 l1=301 rc=0
2026-10-02T19:39:21.311Z kv-compact: start l0=269 inputs=2 range=267 l0only=1
2026-10-02T19:39:21.342Z kv-compact: end bytes=20122469 ms=31 l0=268 l1=301 rc=0
2026-10-02T19:39:21.342Z kv-compact: start l0=268 inputs=2 range=263 l0only=1
2026-10-02T19:39:21.366Z kv-compact: end bytes=17617504 ms=24 l0=267 l1=301 rc=0
2026-10-02T19:39:21.366Z kv-compact: start l0=267 inputs=2 range=260 l0only=1
2026-10-02T19:39:21.391Z kv-compact: end bytes=17535265 ms=25 l0=266 l1=301 rc=0
2026-10-02T19:39:21.391Z kv-compact: start l0=266 inputs=2 range=261 l0only=1
2026-10-02T19:39:21.415Z kv-compact: end bytes=17063564 ms=24 l0=265 l1=301 rc=0
2026-10-02T19:39:21.415Z kv-compact: start l0=265 inputs=2 range=264 l0only=1
2026-10-02T19:39:21.440Z kv-compact: end bytes=16979861 ms=25 l0=273 l1=301 rc=0
2026-10-02T19:39:21.440Z kv-compact: start l0=273 inputs=3 range=270 l0only=1
2026-10-02T19:39:21.449Z kv-compact: end bytes=4305766 ms=9 l0=271 l1=301 rc=0
2026-10-02T19:39:21.449Z kv-compact: start l0=271 inputs=3 range=258 l0only=1
2026-10-02T19:39:21.458Z kv-compact: end bytes=3978312 ms=9 l0=269 l1=301 rc=0
2026-10-02T19:39:21.458Z kv-compact: start l0=269 inputs=3 range=2 l0only=1
2026-10-02T19:39:21.464Z kv-compact: end bytes=2923220 ms=6 l0=267 l1=301 rc=0
2026-10-02T19:39:21.464Z kv-compact: start l0=267 inputs=3 range=257 l0only=1
2026-10-02T19:39:21.468Z kv-compact: end bytes=1336991 ms=4 l0=265 l1=301 rc=0
2026-10-02T19:39:21.468Z kv-compact: start l0=265 inputs=2 range=267 l0only=1
2026-10-02T19:39:21.499Z kv-compact: end bytes=20209148 ms=31 l0=264 l1=301 rc=0
2026-10-02T19:39:21.499Z kv-compact: start l0=264 inputs=2 range=263 l0only=1
2026-10-02T19:39:21.522Z kv-compact: end bytes=17659773 ms=23 l0=263 l1=301 rc=0
2026-10-02T19:39:21.522Z kv-compact: start l0=263 inputs=2 range=261 l0only=1
2026-10-02T19:39:21.545Z kv-compact: end bytes=17148102 ms=23 l0=262 l1=301 rc=0
2026-10-02T19:39:21.545Z kv-compact: start l0=262 inputs=2 range=264 l0only=1
2026-10-02T19:39:21.570Z kv-compact: end bytes=17064399 ms=25 l0=261 l1=301 rc=0
2026-10-02T19:39:21.690Z kv-compact: start l0=271 inputs=2 range=267 l0only=1
2026-10-02T19:39:21.694Z raft-host: apply-sleep us=126453 group=2 idx=4501645 applied=4501643
2026-10-02T19:39:21.721Z kv-compact: end bytes=20742950 ms=31 l0=270 l1=301 rc=0
2026-10-02T19:39:21.721Z kv-compact: start l0=270 inputs=2 range=263 l0only=1
2026-10-02T19:39:21.745Z kv-compact: end bytes=17826173 ms=24 l0=269 l1=301 rc=0
2026-10-02T19:39:21.745Z kv-compact: start l0=269 inputs=2 range=260 l0only=1
2026-10-02T19:39:21.762Z raft-host: apply-sleep us=68338 group=0 idx=4266637 applied=4266635
2026-10-02T19:39:21.769Z kv-compact: end bytes=17770734 ms=24 l0=268 l1=301 rc=0
2026-10-02T19:39:21.769Z kv-compact: start l0=268 inputs=2 range=264 l0only=1
2026-10-02T19:39:21.794Z kv-compact: end bytes=17362732 ms=25 l0=267 l1=301 rc=0
2026-10-02T19:39:21.794Z kv-compact: start l0=267 inputs=2 range=261 l0only=1
2026-10-02T19:39:21.819Z kv-compact: end bytes=17356758 ms=25 l0=266 l1=301 rc=0
2026-10-02T19:39:21.819Z kv-compact: start l0=266 inputs=2 range=270 l0only=1
2026-10-02T19:39:21.829Z kv-compact: end bytes=4768533 ms=10 l0=265 l1=301 rc=0
2026-10-02T19:39:21.829Z kv-compact: start l0=265 inputs=2 range=258 l0only=1
2026-10-02T19:39:21.837Z kv-compact: end bytes=4179079 ms=8 l0=264 l1=301 rc=0
2026-10-02T19:39:21.837Z kv-compact: start l0=264 inputs=2 range=2 l0only=1
2026-10-02T19:39:21.840Z raft-host: apply-sleep us=75597 group=2 idx=4501652 applied=4501650
2026-10-02T19:39:21.844Z kv-compact: end bytes=3340820 ms=7 l0=263 l1=301 rc=0
2026-10-02T19:39:21.844Z kv-compact: start l0=263 inputs=2 range=257 l0only=1
2026-10-02T19:39:21.848Z kv-compact: end bytes=1650301 ms=4 l0=262 l1=301 rc=0
2026-10-02T19:39:21.848Z kv-compact: start l0=262 inputs=2 range=1 l0only=1
2026-10-02T19:39:21.852Z kv-compact: end bytes=1494080 ms=4 l0=261 l1=301 rc=0
2026-10-02T19:39:21.891Z kv-compact: start l0=271 inputs=2 range=267 l0only=1
2026-10-02T19:39:21.902Z raft-host: apply-sleep us=135764 group=0 idx=4266643 applied=4266637
2026-10-02T19:39:21.902Z raft-host: apply-sleep us=136652 group=0 idx=4266641 applied=4266637
2026-10-02T19:39:21.902Z report-split nrec=9849 pack_ms=251 push_ms=166 finish_ms=187 skip=0 stale=0 inval=0 rc=0 fail=-/0
2026-10-02T19:39:21.902Z raft-host: apply-sleep us=61598 group=0 idx=4266642 applied=4266640
2026-10-02T19:39:21.902Z report-split nrec=9598 pack_ms=204 push_ms=88 finish_ms=311 skip=0 stale=0 inval=0 rc=0 fail=-/0
2026-10-02T19:39:21.902Z report-split nrec=9514 pack_ms=220 push_ms=166 finish_ms=191 skip=0 stale=0 inval=0 rc=0 fail=-/0
2026-10-02T19:39:21.923Z kv-compact: end bytes=21238434 ms=32 l0=270 l1=301 rc=0
2026-10-02T19:39:21.923Z kv-compact: start l0=270 inputs=2 range=260 l0only=1
2026-10-02T19:39:21.947Z kv-compact: end bytes=18000246 ms=24 l0=269 l1=301 rc=0
2026-10-02T19:39:21.947Z kv-compact: start l0=269 inputs=2 range=263 l0only=1
2026-10-02T19:39:21.971Z kv-compact: end bytes=17942415 ms=24 l0=268 l1=301 rc=0
2026-10-02T19:39:21.971Z kv-compact: start l0=268 inputs=2 range=264 l0only=1
2026-10-02T19:39:21.997Z kv-compact: end bytes=17767808 ms=26 l0=267 l1=301 rc=0
2026-10-02T19:39:21.997Z kv-compact: start l0=267 inputs=2 range=261 l0only=1
2026-10-02T19:39:22.000Z raft-host: apply-sleep us=66857 group=2 idx=4501657 applied=4501655
2026-10-02T19:39:22.000Z raft-host: apply-sleep us=58649 group=2 idx=4501658 applied=4501655
2026-10-02T19:39:22.022Z kv-compact: end bytes=17572337 ms=25 l0=266 l1=301 rc=0
2026-10-02T19:39:22.022Z kv-compact: start l0=266 inputs=2 range=270 l0only=1
2026-10-02T19:39:22.029Z raft-host: apply-sleep us=29321 group=0 idx=4266649 applied=4266647
2026-10-02T19:39:22.029Z raft-host: apply-sleep us=29294 group=0 idx=4266649 applied=4266647
2026-10-02T19:39:22.032Z kv-compact: end bytes=5252747 ms=10 l0=265 l1=301 rc=0
2026-10-02T19:39:22.032Z kv-compact: start l0=265 inputs=2 range=258 l0only=1
2026-10-02T19:39:22.042Z kv-compact: end bytes=4371957 ms=10 l0=264 l1=301 rc=0
2026-10-02T19:39:22.042Z kv-compact: start l0=264 inputs=2 range=2 l0only=1
2026-10-02T19:39:22.050Z kv-compact: end bytes=3712020 ms=8 l0=263 l1=301 rc=0
2026-10-02T19:39:22.050Z kv-compact: start l0=263 inputs=2 range=257 l0only=1
2026-10-02T19:39:22.055Z kv-compact: end bytes=1982370 ms=5 l0=262 l1=301 rc=0
2026-10-02T19:39:22.055Z kv-compact: start l0=262 inputs=2 range=1 l0only=1
2026-10-02T19:39:22.059Z kv-compact: end bytes=1865280 ms=4 l0=261 l1=301 rc=0
2026-10-02T19:39:22.099Z raft-host: apply-sleep us=69524 group=2 idx=4501660 applied=4501659
2026-10-02T19:39:22.099Z raft-host: gc-pass ms=15 reap=0 frag=0 spread=0 recover=0 fscans=0 fsegs=0 fkeys=0 femit=0 ftomb=0 scans=0 segs=0 keys=0 emit=0 tomb=0
2026-10-02T19:39:22.117Z kv-compact: start l0=271 inputs=3 range=2 l0only=0
2026-10-02T19:39:22.124Z raft-host: apply-sleep us=25056 group=0 idx=4266652 applied=4266651
2026-10-02T19:39:22.124Z report-split nrec=8192 pack_ms=68 push_ms=123 finish_ms=168 skip=0 stale=0 inval=0 rc=0 fail=-/0
2026-10-02T19:39:22.174Z kv-compact: end bytes=38279518 ms=57 l0=269 l1=301 rc=0
2026-10-02T19:39:22.174Z kv-compact: start l0=269 inputs=2 range=267 l0only=1
2026-10-02T19:39:22.198Z raft-host: apply-sleep us=73541 group=2 idx=4501662 applied=4501660
2026-10-02T19:39:22.206Z kv-compact: end bytes=21567539 ms=32 l0=268 l1=301 rc=0
2026-10-02T19:39:22.206Z kv-compact: start l0=268 inputs=2 range=260 l0only=1
2026-10-02T19:39:22.232Z kv-compact: end bytes=18165197 ms=25 l0=267 l1=301 rc=0
2026-10-02T19:39:22.232Z kv-compact: start l0=267 inputs=2 range=263 l0only=1
2026-10-02T19:39:22.256Z kv-compact: end bytes=18104233 ms=24 l0=266 l1=301 rc=0
2026-10-02T19:39:22.256Z kv-compact: start l0=266 inputs=2 range=264 l0only=1
2026-10-02T19:39:22.266Z raft-host: apply-sleep us=67756 group=0 idx=4266659 applied=4266657
2026-10-02T19:39:22.281Z kv-compact: end bytes=17995623 ms=25 l0=265 l1=301 rc=0
2026-10-02T19:39:22.281Z kv-compact: start l0=265 inputs=2 range=261 l0only=1
2026-10-02T19:39:22.306Z kv-compact: end bytes=17708221 ms=25 l0=264 l1=301 rc=0
2026-10-02T19:39:22.306Z kv-compact: start l0=264 inputs=2 range=270 l0only=1
2026-10-02T19:39:22.316Z kv-compact: end bytes=5582079 ms=10 l0=263 l1=301 rc=0
2026-10-02T19:39:22.316Z kv-compact: start l0=263 inputs=2 range=258 l0only=1
2026-10-02T19:39:22.325Z kv-compact: end bytes=4496410 ms=9 l0=262 l1=301 rc=0
2026-10-02T19:39:22.325Z kv-compact: start l0=262 inputs=2 range=1 l0only=1
2026-10-02T19:39:22.330Z kv-compact: end bytes=2611838 ms=5 l0=261 l1=301 rc=0
2026-10-02T19:39:22.330Z kv-compact: start l0=261 inputs=2 range=257 l0only=1
2026-10-02T19:39:22.335Z kv-compact: end bytes=2260390 ms=5 l0=260 l1=301 rc=0
2026-10-02T19:39:22.352Z kv-compact: start l0=270 inputs=2 range=267 l0only=1
2026-10-02T19:39:22.385Z kv-compact: end bytes=22018009 ms=33 l0=269 l1=301 rc=0
2026-10-02T19:39:22.385Z kv-compact: start l0=269 inputs=2 range=260 l0only=1
2026-10-02T19:39:22.410Z kv-compact: end bytes=18377643 ms=25 l0=268 l1=301 rc=0
2026-10-02T19:39:22.410Z kv-compact: start l0=268 inputs=2 range=264 l0only=1
2026-10-02T19:39:22.425Z raft-obs: tx->0 enq=20534 drop=0 sent=20399 fail=0 hi=6 rtt_avg=28us get_avg=0us get_max=3ms
2026-10-02T19:39:22.425Z raft-obs: tx->3 enq=20483 drop=0 sent=20355 fail=0 hi=6 rtt_avg=29us get_avg=0us get_max=2ms
2026-10-02T19:39:22.425Z raft-host: apply-sleep us=42366 group=2 idx=4501668 applied=4501667
2026-10-02T19:39:22.425Z raft-host: apply-sleep us=42400 group=0 idx=4266665 applied=4266663
2026-10-02T19:39:22.425Z raft-obs: wait_timeouts=0 pump_hold_max=157591us lock_wait_max=1us drain_max=157590us tick_max=1us apply_max=151437us persist_max=12335us applies_in_worst=10 arc_miss=0 arc_term_miss=0 opid_replay=0 fin_q=0 fin_done=0 fin_drop=0 fin_full=0 pub_p50=254410us pub_max=358105us inbox_drop=0
2026-10-02T19:39:22.425Z report-split nrec=8633 pack_ms=143 push_ms=44 finish_ms=207 skip=0 stale=0 inval=0 rc=0 fail=-/0
2026-10-02T19:39:22.425Z report-split nrec=9015 pack_ms=142 push_ms=45 finish_ms=206 skip=0 stale=0 inval=0 rc=0 fail=-/0
2026-10-02T19:39:22.436Z kv-compact: end bytes=18369069 ms=26 l0=267 l1=301 rc=0
2026-10-02T19:39:22.436Z kv-compact: start l0=267 inputs=2 range=263 l0only=1
2026-10-02T19:39:22.460Z kv-compact: end bytes=18208722 ms=24 l0=266 l1=301 rc=0
2026-10-02T19:39:22.460Z kv-compact: start l0=266 inputs=2 range=261 l0only=1
2026-10-02T19:39:22.484Z kv-compact: end bytes=17905124 ms=24 l0=265 l1=301 rc=0
2026-10-02T19:39:22.484Z kv-compact: start l0=265 inputs=2 range=270 l0only=1
2026-10-02T19:39:22.496Z kv-compact: end bytes=6047295 ms=12 l0=264 l1=301 rc=0
2026-10-02T19:39:22.496Z kv-compact: start l0=264 inputs=2 range=258 l0only=1
2026-10-02T19:39:22.504Z kv-compact: end bytes=4693957 ms=8 l0=263 l1=301 rc=0
2026-10-02T19:39:22.504Z kv-compact: start l0=263 inputs=2 range=1 l0only=1
2026-10-02T19:39:22.510Z kv-compact: end bytes=2987328 ms=6 l0=262 l1=301 rc=0
2026-10-02T19:39:22.510Z kv-compact: start l0=262 inputs=2 range=257 l0only=1
2026-10-02T19:39:22.516Z kv-compact: end bytes=2564848 ms=6 l0=261 l1=301 rc=0
2026-10-02T19:39:22.528Z raft-host: apply-sleep us=85791 group=2 idx=4501672 applied=4501671
2026-10-02T19:39:22.547Z kv-compact: start l0=271 inputs=2 range=267 l0only=1
2026-10-02T19:39:22.559Z raft-host: apply-sleep us=52936 group=2 idx=4501674 applied=4501671
2026-10-02T19:39:22.559Z raft-host: apply-sleep us=30851 group=0 idx=4266671 applied=4266670
2026-10-02T19:39:22.580Z kv-compact: end bytes=22355961 ms=33 l0=270 l1=301 rc=0
2026-10-02T19:39:22.580Z kv-compact: start l0=270 inputs=2 range=264 l0only=1
2026-10-02T19:39:22.607Z kv-compact: end bytes=18630459 ms=27 l0=269 l1=301 rc=0
2026-10-02T19:39:22.607Z kv-compact: start l0=269 inputs=2 range=260 l0only=1
2026-10-02T19:39:22.612Z raft-host: apply-sleep us=52882 group=0 idx=4266672 applied=4266671
2026-10-02T19:39:22.612Z raft-host: apply-sleep us=52460 group=2 idx=4501675 applied=4501674
2026-10-02T19:39:22.633Z kv-compact: end bytes=18585346 ms=26 l0=268 l1=301 rc=0
2026-10-02T19:39:22.633Z kv-compact: start l0=268 inputs=2 range=263 l0only=1
2026-10-02T19:39:22.642Z raft-host: apply-sleep us=29932 group=0 idx=4266674 applied=4266672
2026-10-02T19:39:22.642Z report-split nrec=8192 pack_ms=74 push_ms=138 finish_ms=162 skip=0 stale=0 inval=0 rc=0 fail=-/0
2026-10-02T19:39:22.657Z kv-compact: end bytes=18288256 ms=24 l0=267 l1=301 rc=0
2026-10-02T19:39:22.657Z kv-compact: start l0=267 inputs=2 range=261 l0only=1
2026-10-02T19:39:22.682Z kv-compact: end bytes=18034729 ms=25 l0=266 l1=301 rc=0
2026-10-02T19:39:22.682Z kv-compact: start l0=266 inputs=2 range=270 l0only=1
2026-10-02T19:39:22.693Z kv-compact: end bytes=6385975 ms=11 l0=265 l1=301 rc=0
2026-10-02T19:39:22.693Z kv-compact: start l0=265 inputs=2 range=258 l0only=1
2026-10-02T19:39:22.702Z kv-compact: end bytes=4813097 ms=9 l0=264 l1=301 rc=0
2026-10-02T19:39:22.702Z kv-compact: start l0=264 inputs=2 range=1 l0only=1
2026-10-02T19:39:22.709Z kv-compact: end bytes=3729728 ms=7 l0=263 l1=301 rc=0
2026-10-02T19:39:22.709Z kv-compact: start l0=263 inputs=2 range=257 l0only=1
2026-10-02T19:39:22.715Z kv-compact: end bytes=2804624 ms=6 l0=262 l1=301 rc=0
2026-10-02T19:39:22.715Z kv-compact: start l0=262 inputs=2 range=2 l0only=1
2026-10-02T19:39:22.718Z kv-compact: end bytes=1150720 ms=3 l0=261 l1=301 rc=0
2026-10-02T19:39:22.734Z raft-host: apply-sleep us=80824 group=2 idx=4501679 applied=4501677
2026-10-02T19:39:22.764Z kv-compact: start l0=271 inputs=5 range=267 l0only=0
2026-10-02T19:39:22.771Z raft-host: apply-sleep us=41854 group=2 idx=4501680 applied=4501678
2026-10-02T19:39:22.771Z raft-host: apply-sleep us=37366 group=0 idx=4266677 applied=4266676
2026-10-02T19:39:23.044Z kv-compact: end bytes=180375770 ms=279 l0=279 l1=301 rc=0
2026-10-02T19:39:23.044Z kv-compact: start l0=279 inputs=4 range=1 l0only=0
2026-10-02T19:39:23.104Z kv-compact: end bytes=39421440 ms=60 l0=276 l1=301 rc=0
2026-10-02T19:39:23.104Z kv-compact: start l0=276 inputs=3 range=264 l0only=1
2026-10-02T19:39:23.123Z raft-host: apply-sleep us=145915 group=0 idx=4266683 applied=4266680
2026-10-02T19:39:23.123Z raft-host: gc-pass ms=21 reap=0 frag=0 spread=0 recover=0 fscans=0 fsegs=0 fkeys=0 femit=0 ftomb=0 scans=0 segs=0 keys=0 emit=0 tomb=0
2026-10-02T19:39:23.123Z report-split nrec=8192 pack_ms=58 push_ms=69 finish_ms=214 skip=0 stale=0 inval=0 rc=0 fail=-/0
2026-10-02T19:39:23.123Z raft-host: apply-sleep us=55161 group=2 idx=4501691 applied=4501687
2026-10-02T19:39:23.123Z report-split nrec=8193 pack_ms=81 push_ms=124 finish_ms=145 skip=0 stale=0 inval=0 rc=0 fail=-/0
2026-10-02T19:39:23.132Z kv-compact: end bytes=19309657 ms=29 l0=274 l1=301 rc=0
2026-10-02T19:39:23.133Z kv-compact: start l0=274 inputs=3 range=260 l0only=1
2026-10-02T19:39:23.159Z kv-compact: end bytes=18858885 ms=26 l0=272 l1=301 rc=0
2026-10-02T19:39:23.159Z kv-compact: start l0=272 inputs=3 range=263 l0only=1
2026-10-02T19:39:23.184Z kv-compact: end bytes=18462619 ms=25 l0=270 l1=301 rc=0
2026-10-02T19:39:23.184Z kv-compact: start l0=270 inputs=3 range=261 l0only=1
2026-10-02T19:39:23.199Z raft-host: apply-sleep us=75491 group=0 idx=4266687 applied=4266684
2026-10-02T19:39:23.199Z report-split nrec=8193 pack_ms=124 push_ms=54 finish_ms=459 skip=0 stale=0 inval=0 rc=0 fail=-/0
2026-10-02T19:39:23.210Z kv-compact: end bytes=18413897 ms=26 l0=268 l1=301 rc=0
2026-10-02T19:39:23.210Z kv-compact: start l0=268 inputs=3 range=270 l0only=1
2026-10-02T19:39:23.222Z kv-compact: end bytes=7126826 ms=12 l0=266 l1=301 rc=0
2026-10-02T19:39:23.222Z kv-compact: start l0=266 inputs=3 range=258 l0only=1
2026-10-02T19:39:23.236Z kv-compact: end bytes=5019660 ms=14 l0=274 l1=301 rc=0
2026-10-02T19:39:23.236Z kv-compact: start l0=274 inputs=4 range=257 l0only=1
2026-10-02T19:39:23.244Z kv-compact: end bytes=3686360 ms=8 l0=271 l1=301 rc=0
2026-10-02T19:39:23.244Z kv-compact: start l0=271 inputs=4 range=2 l0only=1
2026-10-02T19:39:23.248Z raft-host: apply-sleep us=22490 group=2 idx=4501695 applied=4501693
2026-10-02T19:39:23.248Z raft-host: apply-sleep us=49556 group=2 idx=4501695 applied=4501693
2026-10-02T19:39:23.248Z report-split nrec=8193 pack_ms=125 push_ms=331 finish_ms=178 skip=0 stale=0 inval=0 rc=0 fail=-/0
2026-10-02T19:39:23.251Z kv-compact: end bytes=2737600 ms=7 l0=268 l1=301 rc=0
2026-10-02T19:39:23.251Z kv-compact: start l0=268 inputs=2 range=264 l0only=1
2026-10-02T19:39:23.279Z kv-compact: end bytes=19716108 ms=28 l0=267 l1=301 rc=0
2026-10-02T19:39:23.279Z kv-compact: start l0=267 inputs=2 range=260 l0only=1
2026-10-02T19:39:23.305Z kv-compact: end bytes=19069795 ms=27 l0=266 l1=301 rc=0
2026-10-02T19:39:23.306Z kv-compact: start l0=266 inputs=2 range=261 l0only=1
2026-10-02T19:39:23.335Z kv-compact: end bytes=18698471 ms=29 l0=265 l1=301 rc=0
2026-10-02T19:39:23.335Z kv-compact: start l0=265 inputs=2 range=263 l0only=1
2026-10-02T19:39:23.360Z kv-compact: end bytes=18591741 ms=26 l0=264 l1=301 rc=0
2026-10-02T19:39:23.361Z kv-compact: start l0=264 inputs=2 range=270 l0only=1
2026-10-02T19:39:23.374Z kv-compact: end bytes=7762058 ms=13 l0=263 l1=301 rc=0
2026-10-02T19:39:23.374Z kv-compact: start l0=263 inputs=2 range=258 l0only=1
2026-10-02T19:39:23.384Z kv-compact: end bytes=5195150 ms=10 l0=262 l1=301 rc=0
2026-10-02T19:39:23.384Z kv-compact: start l0=262 inputs=2 range=267 l0only=1
2026-10-02T19:39:23.388Z kv-compact: end bytes=942976 ms=4 l0=261 l1=301 rc=0
2026-10-02T19:39:23.450Z kv-compact: start l0=271 inputs=2 range=264 l0only=1
2026-10-02T19:39:23.478Z kv-compact: end bytes=19952704 ms=28 l0=270 l1=301 rc=0
2026-10-02T19:39:23.478Z kv-compact: start l0=270 inputs=2 range=260 l0only=1
2026-10-02T19:39:23.504Z kv-compact: end bytes=19169454 ms=26 l0=269 l1=301 rc=0
2026-10-02T19:39:23.504Z kv-compact: start l0=269 inputs=2 range=261 l0only=1
2026-10-02T19:39:23.530Z kv-compact: end bytes=18897641 ms=26 l0=268 l1=301 rc=0
2026-10-02T19:39:23.530Z kv-compact: start l0=268 inputs=2 range=263 l0only=1
2026-10-02T19:39:23.543Z raft-host: apply-sleep us=59813 group=2 idx=4501703 applied=4501701
2026-10-02T19:39:23.543Z report-split nrec=8192 pack_ms=72 push_ms=17 finish_ms=189 skip=0 stale=0 inval=0 rc=0 fail=-/0
2026-10-02T19:39:23.556Z kv-compact: end bytes=18653243 ms=26 l0=267 l1=301 rc=0
2026-10-02T19:39:23.556Z kv-compact: start l0=267 inputs=2 range=270 l0only=1
2026-10-02T19:39:23.571Z kv-compact: end bytes=8104753 ms=15 l0=266 l1=301 rc=0
2026-10-02T19:39:23.571Z kv-compact: start l0=266 inputs=2 range=258 l0only=1
2026-10-02T19:39:23.580Z kv-compact: end bytes=5356646 ms=9 l0=265 l1=301 rc=0
2026-10-02T19:39:23.580Z kv-compact: start l0=265 inputs=2 range=257 l0only=1
2026-10-02T19:39:23.588Z kv-compact: end bytes=3836090 ms=8 l0=264 l1=301 rc=0
2026-10-02T19:39:23.588Z kv-compact: start l0=264 inputs=2 range=2 l0only=1
2026-10-02T19:39:23.595Z kv-compact: end bytes=3480000 ms=7 l0=263 l1=301 rc=0
2026-10-02T19:39:23.595Z kv-compact: start l0=263 inputs=2 range=267 l0only=1
2026-10-02T19:39:23.597Z raft-host: apply-sleep us=54608 group=0 idx=4266705 applied=4266704
2026-10-02T19:39:23.597Z report-split nrec=8192 pack_ms=72 push_ms=73 finish_ms=161 skip=0 stale=0 inval=0 rc=0 fail=-/0
2026-10-02T19:39:23.600Z kv-compact: end bytes=1277467 ms=5 l0=262 l1=301 rc=0
2026-10-02T19:39:23.600Z kv-compact: start l0=262 inputs=2 range=1 l0only=1
2026-10-02T19:39:23.603Z kv-compact: end bytes=932158 ms=3 l0=261 l1=301 rc=0
2026-10-02T19:39:23.629Z kv-compact: start l0=271 inputs=2 range=264 l0only=1
2026-10-02T19:39:23.658Z kv-compact: end bytes=20248776 ms=29 l0=270 l1=301 rc=0
2026-10-02T19:39:23.658Z kv-compact: start l0=270 inputs=2 range=260 l0only=1
2026-10-02T19:39:23.685Z kv-compact: end bytes=19311456 ms=27 l0=269 l1=301 rc=0
2026-10-02T19:39:23.685Z kv-compact: start l0=269 inputs=2 range=261 l0only=1
2026-10-02T19:39:23.711Z kv-compact: end bytes=19093987 ms=26 l0=268 l1=301 rc=0
2026-10-02T19:39:23.711Z kv-compact: start l0=268 inputs=2 range=263 l0only=1
2026-10-02T19:39:23.737Z kv-compact: end bytes=18743886 ms=26 l0=267 l1=301 rc=0
2026-10-02T19:39:23.737Z kv-compact: start l0=267 inputs=2 range=270 l0only=1
2026-10-02T19:39:23.751Z kv-compact: end bytes=8555566 ms=14 l0=266 l1=301 rc=0
2026-10-02T19:39:23.751Z kv-compact: start l0=266 inputs=2 range=258 l0only=1
2026-10-02T19:39:23.762Z kv-compact: end bytes=5501311 ms=11 l0=265 l1=301 rc=0
2026-10-02T19:39:23.762Z kv-compact: start l0=265 inputs=2 range=257 l0only=1
2026-10-02T19:39:23.770Z kv-compact: end bytes=4059558 ms=8 l0=264 l1=301 rc=0
2026-10-02T19:39:23.770Z kv-compact: start l0=264 inputs=2 range=2 l0only=1
2026-10-02T19:39:23.777Z kv-compact: end bytes=4036800 ms=8 l0=263 l1=301 rc=0
2026-10-02T19:39:23.778Z kv-compact: start l0=263 inputs=2 range=267 l0only=1
2026-10-02T19:39:23.782Z kv-compact: end bytes=1635010 ms=4 l0=262 l1=301 rc=0
2026-10-02T19:39:23.782Z kv-compact: start l0=262 inputs=2 range=1 l0only=1
2026-10-02T19:39:23.786Z kv-compact: end bytes=1604608 ms=4 l0=261 l1=301 rc=0
2026-10-02T19:39:23.884Z kv-compact: start l0=270 inputs=3 range=2 l0only=0
2026-10-02T19:39:23.947Z kv-compact: end bytes=43504122 ms=63 l0=268 l1=301 rc=0
2026-10-02T19:39:23.948Z kv-compact: start l0=268 inputs=2 range=264 l0only=1
2026-10-02T19:39:23.976Z kv-compact: end bytes=20265701 ms=28 l0=267 l1=301 rc=0
2026-10-02T19:39:23.976Z kv-compact: start l0=267 inputs=2 range=260 l0only=1
2026-10-02T19:39:23.989Z raft-host: apply-sleep us=50326 group=2 idx=4501715 applied=4501714
2026-10-02T19:39:23.989Z raft-host: apply-sleep us=37966 group=2 idx=4501716 applied=4501714
2026-10-02T19:39:24.001Z kv-compact: end bytes=19395994 ms=25 l0=266 l1=301 rc=0
2026-10-02T19:39:24.001Z kv-compact: start l0=266 inputs=2 range=263 l0only=1
2026-10-02T19:39:24.016Z raft-host: apply-sleep us=26912 group=0 idx=4266719 applied=4266718
2026-10-02T19:39:24.016Z raft-host: apply-sleep us=26887 group=0 idx=4266719 applied=4266718
2026-10-02T19:39:24.025Z kv-compact: end bytes=18828424 ms=24 l0=265 l1=301 rc=0
2026-10-02T19:39:24.025Z kv-compact: start l0=265 inputs=2 range=270 l0only=1
2026-10-02T19:39:24.040Z kv-compact: end bytes=8657028 ms=15 l0=264 l1=301 rc=0
2026-10-02T19:39:24.040Z kv-compact: start l0=264 inputs=2 range=258 l0only=1
2026-10-02T19:39:24.050Z kv-compact: end bytes=5543580 ms=10 l0=263 l1=301 rc=0
2026-10-02T19:39:24.050Z kv-compact: start l0=263 inputs=2 range=257 l0only=1
2026-10-02T19:39:24.057Z kv-compact: end bytes=4144096 ms=7 l0=262 l1=301 rc=0
2026-10-02T19:39:24.057Z kv-compact: start l0=262 inputs=2 range=1 l0only=1
2026-10-02T19:39:24.062Z kv-compact: end bytes=2792448 ms=6 l0=261 l1=301 rc=0
2026-10-02T19:39:24.063Z kv-compact: start l0=261 inputs=2 range=267 l0only=1
2026-10-02T19:39:24.067Z kv-compact: end bytes=1761817 ms=4 l0=260 l1=301 rc=0
2026-10-02T19:39:24.092Z raft-host: apply-sleep us=74601 group=2 idx=4501718 applied=4501717
2026-10-02T19:39:24.092Z report-split nrec=8194 pack_ms=48 push_ms=49 finish_ms=127 skip=0 stale=0 inval=0 rc=0 fail=-/0
2026-10-02T19:39:24.092Z raft-host: apply-sleep us=65586 group=2 idx=4501718 applied=4501717
2026-10-02T19:39:24.121Z raft-host: apply-sleep us=29736 group=0 idx=4266722 applied=4266721
2026-10-02T19:39:24.137Z kv-compact: start l0=270 inputs=5 range=260 l0only=0
2026-10-02T19:39:24.143Z raft-host: apply-sleep us=27494 group=2 idx=4501720 applied=4501718
2026-10-02T19:39:24.143Z raft-host: gc-pass ms=17 reap=0 frag=0 spread=0 recover=0 fscans=0 fsegs=0 fkeys=0 femit=0 ftomb=0 scans=0 segs=0 keys=0 emit=0 tomb=0
2026-10-02T19:39:24.398Z kv-compact: end bytes=162963435 ms=261 l0=278 l1=301 rc=0
2026-10-02T19:39:24.398Z kv-compact: start l0=278 inputs=3 range=264 l0only=1
2026-10-02T19:39:24.436Z kv-compact: end bytes=20838143 ms=38 l0=276 l1=301 rc=0
2026-10-02T19:39:24.436Z kv-compact: start l0=276 inputs=3 range=261 l0only=1
2026-10-02T19:39:24.441Z raft-host: apply-sleep us=207141 group=2 idx=4501725 applied=4501720
2026-10-02T19:39:24.441Z report-split nrec=8192 pack_ms=144 push_ms=67 finish_ms=211 skip=0 stale=0 inval=0 rc=0 fail=-/0
2026-10-02T19:39:24.463Z kv-compact: end bytes=19438527 ms=27 l0=274 l1=301 rc=0
2026-10-02T19:39:24.463Z kv-compact: start l0=274 inputs=3 range=263 l0only=1
2026-10-02T19:39:24.489Z kv-compact: end bytes=19110670 ms=26 l0=272 l1=301 rc=0
2026-10-02T19:39:24.489Z kv-compact: start l0=272 inputs=3 range=270 l0only=1
2026-10-02T19:39:24.499Z raft-host: apply-sleep us=265147 group=2 idx=4501726 applied=4501720
2026-10-02T19:39:24.499Z report-split nrec=8192 pack_ms=146 push_ms=68 finish_ms=267 skip=0 stale=0 inval=0 rc=0 fail=-/0
2026-10-02T19:39:24.500Z raft-host: apply-sleep us=40968 group=2 idx=4501728 applied=4501725
2026-10-02T19:39:24.505Z kv-compact: end bytes=9615248 ms=16 l0=270 l1=301 rc=0
2026-10-02T19:39:24.505Z kv-compact: start l0=270 inputs=3 range=258 l0only=1
2026-10-02T19:39:24.516Z kv-compact: end bytes=5773649 ms=10 l0=268 l1=301 rc=0
2026-10-02T19:39:24.516Z kv-compact: start l0=268 inputs=3 range=257 l0only=1
2026-10-02T19:39:24.525Z kv-compact: end bytes=4709380 ms=9 l0=266 l1=301 rc=0
2026-10-02T19:39:24.525Z kv-compact: start l0=266 inputs=3 range=1 l0only=1
2026-10-02T19:39:24.533Z kv-compact: end bytes=3906048 ms=8 l0=264 l1=301 rc=0
2026-10-02T19:39:24.533Z kv-compact: start l0=264 inputs=3 range=267 l0only=1
2026-10-02T19:39:24.539Z kv-compact: end bytes=2580427 ms=6 l0=262 l1=301 rc=0
2026-10-02T19:39:24.539Z kv-compact: start l0=262 inputs=2 range=2 l0only=1
2026-10-02T19:39:24.542Z kv-compact: end bytes=1039360 ms=4 l0=261 l1=301 rc=0
2026-10-02T19:39:24.598Z kv-compact: start l0=271 inputs=5 range=264 l0only=0
2026-10-02T19:39:24.605Z raft-host: apply-sleep us=104930 group=0 idx=4266735 applied=4266732
2026-10-02T19:39:24.605Z raft-host: apply-sleep us=103940 group=2 idx=4501730 applied=4501728
2026-10-02T19:39:24.605Z raft-host: apply-sleep us=61114 group=2 idx=4501730 applied=4501728
2026-10-02T19:39:24.635Z raft-host: apply-sleep us=133579 group=0 idx=4266736 applied=4266732
2026-10-02T19:39:24.635Z report-split nrec=8384 pack_ms=98 push_ms=201 finish_ms=189 skip=0 stale=0 inval=0 rc=0 fail=-/0
2026-10-02T19:39:24.635Z raft-host: apply-sleep us=29912 group=0 idx=4266737 applied=4266735
2026-10-02T19:39:24.635Z report-split nrec=8193 pack_ms=101 push_ms=93 finish_ms=316 skip=0 stale=0 inval=0 rc=0 fail=-/0
2026-10-02T19:39:24.635Z raft-host: apply-sleep us=29881 group=0 idx=4266739 applied=4266735
2026-10-02T19:39:24.864Z kv-compact: end bytes=171090117 ms=266 l0=279 l1=301 rc=0
2026-10-02T19:39:24.864Z kv-compact: start l0=279 inputs=3 range=261 l0only=1
2026-10-02T19:39:24.892Z kv-compact: end bytes=19792405 ms=28 l0=277 l1=301 rc=0
2026-10-02T19:39:24.892Z kv-compact: start l0=277 inputs=3 range=263 l0only=1
2026-10-02T19:39:24.918Z kv-compact: end bytes=19321902 ms=26 l0=275 l1=301 rc=0
2026-10-02T19:39:24.918Z kv-compact: start l0=275 inputs=3 range=270 l0only=1
2026-10-02T19:39:24.936Z kv-compact: end bytes=10550188 ms=18 l0=273 l1=301 rc=0
2026-10-02T19:39:24.936Z kv-compact: start l0=273 inputs=3 range=258 l0only=1
2026-10-02T19:39:24.947Z kv-compact: end bytes=6009192 ms=11 l0=271 l1=301 rc=0
2026-10-02T19:39:24.947Z kv-compact: start l0=271 inputs=3 range=257 l0only=1
2026-10-02T19:39:24.957Z kv-compact: end bytes=5345108 ms=10 l0=269 l1=301 rc=0
2026-10-02T19:39:24.957Z kv-compact: start l0=269 inputs=3 range=1 l0only=1
2026-10-02T19:39:24.966Z kv-compact: end bytes=4840978 ms=9 l0=267 l1=301 rc=0
2026-10-02T19:39:24.966Z kv-compact: start l0=267 inputs=3 range=267 l0only=1
2026-10-02T19:39:24.973Z kv-compact: end bytes=3469228 ms=7 l0=265 l1=301 rc=0
2026-10-02T19:39:24.973Z kv-compact: start l0=265 inputs=3 range=2 l0only=1
2026-10-02T19:39:24.978Z kv-compact: end bytes=2152960 ms=5 l0=263 l1=301 rc=0
2026-10-02T19:39:24.978Z kv-compact: start l0=263 inputs=3 range=260 l0only=1
2026-10-02T19:39:24.981Z kv-compact: end bytes=657209 ms=3 l0=261 l1=301 rc=0
2026-10-02T19:39:25.056Z kv-compact: start l0=271 inputs=3 range=1 l0only=0
2026-10-02T19:39:25.060Z raft-host: apply-sleep us=67532 group=2 idx=4501742 applied=4501741
2026-10-02T19:39:25.060Z report-split nrec=8675 pack_ms=119 push_ms=48 finish_ms=286 skip=0 stale=0 inval=0 rc=0 fail=-/0
2026-10-02T19:39:25.115Z raft-host: apply-sleep us=65599 group=2 idx=4501746 applied=4501741
2026-10-02T19:39:25.120Z kv-compact: end bytes=44544000 ms=64 l0=269 l1=301 rc=0
2026-10-02T19:39:25.120Z kv-compact: start l0=269 inputs=2 range=261 l0only=1
2026-10-02T19:39:25.139Z raft-host: apply-sleep us=23572 group=0 idx=4266760 applied=4266759
2026-10-02T19:39:25.139Z raft-host: apply-sleep us=22756 group=0 idx=4266761 applied=4266759
2026-10-02T19:39:25.139Z report-split nrec=8193 pack_ms=163 push_ms=105 finish_ms=234 skip=0 stale=0 inval=0 rc=0 fail=-/0
2026-10-02T19:39:25.148Z kv-compact: end bytes=20071988 ms=27 l0=268 l1=301 rc=0
2026-10-02T19:39:25.148Z kv-compact: start l0=268 inputs=2 range=263 l0only=1
2026-10-02T19:39:25.157Z raft-host: gc-pass ms=11 reap=0 frag=0 spread=0 recover=0 fscans=0 fsegs=0 fkeys=0 femit=0 ftomb=0 scans=0 segs=0 keys=0 emit=0 tomb=0
2026-10-02T19:39:25.170Z report-split nrec=8221 pack_ms=158 push_ms=185 finish_ms=166 skip=0 stale=0 inval=0 rc=0 fail=-/0
2026-10-02T19:39:25.173Z kv-compact: end bytes=19464548 ms=25 l0=267 l1=301 rc=0
2026-10-02T19:39:25.173Z kv-compact: start l0=267 inputs=2 range=270 l0only=1
2026-10-02T19:39:25.192Z kv-compact: end bytes=11141789 ms=19 l0=266 l1=301 rc=0
2026-10-02T19:39:25.192Z kv-compact: start l0=266 inputs=2 range=258 l0only=1
2026-10-02T19:39:25.203Z kv-compact: end bytes=6167133 ms=11 l0=265 l1=301 rc=0
2026-10-02T19:39:25.203Z kv-compact: start l0=265 inputs=2 range=257 l0only=1
2026-10-02T19:39:25.214Z kv-compact: end bytes=5688682 ms=10 l0=264 l1=301 rc=0
2026-10-02T19:39:25.214Z kv-compact: start l0=264 inputs=2 range=267 l0only=1
2026-10-02T19:39:25.222Z kv-compact: end bytes=4057614 ms=8 l0=263 l1=301 rc=0
2026-10-02T19:39:25.222Z kv-compact: start l0=263 inputs=2 range=2 l0only=1
2026-10-02T19:39:25.226Z kv-compact: end bytes=2366400 ms=4 l0=262 l1=301 rc=0
2026-10-02T19:39:25.226Z kv-compact: start l0=262 inputs=2 range=260 l0only=1
2026-10-02T19:39:25.229Z kv-compact: end bytes=880154 ms=3 l0=261 l1=301 rc=0
2026-10-02T19:39:25.229Z kv-compact: start l0=261 inputs=2 range=264 l0only=1
2026-10-02T19:39:25.233Z kv-compact: end bytes=560141 ms=4 l0=260 l1=301 rc=0
2026-10-02T19:39:25.253Z kv-compact: start l0=270 inputs=5 range=261 l0only=0
2026-10-02T19:39:25.335Z raft-host: apply-sleep us=26384 group=0 idx=4266767 applied=4266765
2026-10-02T19:39:25.335Z report-split nrec=8192 pack_ms=93 push_ms=21 finish_ms=80 skip=0 stale=0 inval=0 rc=0 fail=-/0
2026-10-02T19:39:25.501Z kv-compact: end bytes=168703519 ms=248 l0=278 l1=301 rc=0
2026-10-02T19:39:25.501Z kv-compact: start l0=278 inputs=3 range=263 l0only=1
2026-10-02T19:39:25.527Z kv-compact: end bytes=19574350 ms=26 l0=276 l1=301 rc=0
2026-10-02T19:39:25.527Z kv-compact: start l0=276 inputs=3 range=270 l0only=1
2026-10-02T19:39:25.535Z raft-host: apply-sleep us=43871 group=0 idx=4266772 applied=4266770
2026-10-02T19:39:25.547Z kv-compact: end bytes=11677375 ms=20 l0=274 l1=301 rc=0
2026-10-02T19:39:25.547Z kv-compact: start l0=274 inputs=3 range=258 l0only=1
2026-10-02T19:39:25.559Z kv-compact: end bytes=6375641 ms=12 l0=272 l1=301 rc=0
2026-10-02T19:39:25.559Z kv-compact: start l0=272 inputs=3 range=257 l0only=1
2026-10-02T19:39:25.570Z kv-compact: end bytes=6036777 ms=11 l0=270 l1=301 rc=0
2026-10-02T19:39:25.570Z kv-compact: start l0=270 inputs=3 range=267 l0only=1
2026-10-02T19:39:25.579Z kv-compact: end bytes=4682942 ms=9 l0=268 l1=301 rc=0
2026-10-02T19:39:25.579Z kv-compact: start l0=268 inputs=3 range=2 l0only=1
2026-10-02T19:39:25.587Z kv-compact: end bytes=4036800 ms=8 l0=266 l1=301 rc=0
2026-10-02T19:39:25.587Z kv-compact: start l0=266 inputs=3 range=260 l0only=1
2026-10-02T19:39:25.591Z kv-compact: end bytes=1052773 ms=4 l0=264 l1=301 rc=0
2026-10-02T19:39:25.591Z kv-compact: start l0=264 inputs=3 range=264 l0only=1
2026-10-02T19:39:25.594Z kv-compact: end bytes=988169 ms=3 l0=262 l1=301 rc=0
2026-10-02T19:39:25.594Z kv-compact: start l0=262 inputs=2 range=1 l0only=1
2026-10-02T19:39:25.598Z kv-compact: end bytes=1670400 ms=4 l0=261 l1=301 rc=0
2026-10-02T19:39:25.684Z raft-host: apply-sleep us=67370 group=0 idx=4266775 applied=4266773
2026-10-02T19:39:25.684Z report-split nrec=8194 pack_ms=73 push_ms=10 finish_ms=169 skip=0 stale=0 inval=0 rc=0 fail=-/0
2026-10-02T19:39:25.684Z raft-host: apply-sleep us=30811 group=2 idx=4501764 applied=4501763
2026-10-02T19:39:25.705Z kv-compact: start l0=271 inputs=2 range=263 l0only=1
2026-10-02T19:39:25.713Z raft-host: apply-sleep us=28862 group=0 idx=4266776 applied=4266775
2026-10-02T19:39:25.731Z kv-compact: end bytes=19677229 ms=26 l0=270 l1=301 rc=0
2026-10-02T19:39:25.731Z kv-compact: start l0=270 inputs=2 range=270 l0only=1
2026-10-02T19:39:25.751Z kv-compact: end bytes=12096384 ms=20 l0=269 l1=301 rc=0
2026-10-02T19:39:25.751Z kv-compact: start l0=269 inputs=2 range=258 l0only=1
2026-10-02T19:39:25.763Z kv-compact: end bytes=6531898 ms=12 l0=268 l1=301 rc=0
2026-10-02T19:39:25.763Z kv-compact: start l0=268 inputs=2 range=257 l0only=1
2026-10-02T19:39:25.774Z kv-compact: end bytes=6282463 ms=11 l0=267 l1=301 rc=0
2026-10-02T19:39:25.774Z kv-compact: start l0=267 inputs=2 range=267 l0only=1
2026-10-02T19:39:25.784Z kv-compact: end bytes=5138981 ms=9 l0=266 l1=301 rc=0
2026-10-02T19:39:25.784Z kv-compact: start l0=266 inputs=2 range=2 l0only=1
2026-10-02T19:39:25.786Z raft-host: apply-sleep us=23801 group=0 idx=4266778 applied=4266777
2026-10-02T19:39:25.792Z kv-compact: end bytes=4565760 ms=8 l0=265 l1=301 rc=0
2026-10-02T19:39:25.792Z kv-compact: start l0=265 inputs=2 range=1 l0only=1
2026-10-02T19:39:25.797Z kv-compact: end bytes=2227200 ms=5 l0=264 l1=301 rc=0
2026-10-02T19:39:25.797Z kv-compact: start l0=264 inputs=2 range=264 l0only=1
2026-10-02T19:39:25.801Z kv-compact: end bytes=1270248 ms=4 l0=263 l1=301 rc=0
2026-10-02T19:39:25.801Z kv-compact: start l0=263 inputs=2 range=260 l0only=1
2026-10-02T19:39:25.804Z kv-compact: end bytes=1212378 ms=3 l0=262 l1=301 rc=0
2026-10-02T19:39:25.804Z kv-compact: start l0=262 inputs=2 range=261 l0only=1
2026-10-02T19:39:25.806Z kv-compact: end bytes=388352 ms=2 l0=261 l1=301 rc=0
2026-10-02T19:39:25.808Z raft-host: apply-sleep us=22298 group=2 idx=4501768 applied=4501767
2026-10-02T19:39:25.808Z report-split nrec=8194 pack_ms=82 push_ms=69 finish_ms=120 skip=0 stale=0 inval=0 rc=0 fail=-/0
2026-10-02T19:39:25.928Z kv-compact: start l0=271 inputs=2 range=263 l0only=1
2026-10-02T19:39:25.931Z raft-host: apply-sleep us=60209 group=2 idx=4501772 applied=4501771
2026-10-02T19:39:25.953Z kv-compact: end bytes=19817225 ms=25 l0=270 l1=301 rc=0
2026-10-02T19:39:25.953Z kv-compact: start l0=270 inputs=2 range=270 l0only=1
2026-10-02T19:39:25.959Z raft-host: apply-sleep us=85969 group=0 idx=4266782 applied=4266781
2026-10-02T19:39:25.959Z report-split nrec=8192 pack_ms=64 push_ms=78 finish_ms=102 skip=0 stale=0 inval=0 rc=0 fail=-/0
2026-10-02T19:39:25.959Z raft-host: apply-sleep us=27936 group=0 idx=4266785 applied=4266781
2026-10-02T19:39:25.975Z kv-compact: end bytes=12544327 ms=22 l0=269 l1=301 rc=0
2026-10-02T19:39:25.975Z kv-compact: start l0=269 inputs=2 range=258 l0only=1
2026-10-02T19:39:25.987Z kv-compact: end bytes=6683647 ms=12 l0=268 l1=301 rc=0
2026-10-02T19:39:25.987Z kv-compact: start l0=268 inputs=2 range=257 l0only=1
2026-10-02T19:39:25.999Z kv-compact: end bytes=6519938 ms=12 l0=267 l1=301 rc=0
2026-10-02T19:39:25.999Z kv-compact: start l0=267 inputs=2 range=267 l0only=1
2026-10-02T19:39:26.009Z kv-compact: end bytes=5607556 ms=10 l0=266 l1=301 rc=0
2026-10-02T19:39:26.009Z kv-compact: start l0=266 inputs=2 range=2 l0only=1
2026-10-02T19:39:26.018Z kv-compact: end bytes=5122580 ms=9 l0=265 l1=301 rc=0
2026-10-02T19:39:26.018Z kv-compact: start l0=265 inputs=2 range=1 l0only=1
2026-10-02T19:39:26.023Z kv-compact: end bytes=2784000 ms=5 l0=264 l1=301 rc=0
2026-10-02T19:39:26.023Z kv-compact: start l0=264 inputs=2 range=264 l0only=1
2026-10-02T19:39:26.027Z kv-compact: end bytes=1544156 ms=4 l0=263 l1=301 rc=0
2026-10-02T19:39:26.027Z kv-compact: start l0=263 inputs=2 range=260 l0only=1
2026-10-02T19:39:26.031Z kv-compact: end bytes=1365355 ms=4 l0=262 l1=301 rc=0
2026-10-02T19:39:26.031Z kv-compact: start l0=262 inputs=2 range=261 l0only=1
2026-10-02T19:39:26.033Z kv-compact: end bytes=552760 ms=2 l0=261 l1=301 rc=0
2026-10-02T19:39:26.062Z raft-host: apply-sleep us=43379 group=2 idx=4501777 applied=4501775
2026-10-02T19:39:26.172Z kv-compact: start l0=271 inputs=3 range=2 l0only=0
2026-10-02T19:39:26.198Z raft-host: apply-sleep us=45384 group=0 idx=4266792 applied=4266791
2026-10-02T19:39:26.198Z raft-host: gc-pass ms=37 reap=0 frag=0 spread=0 recover=0 fscans=0 fsegs=0 fkeys=0 femit=0 ftomb=0 scans=0 segs=0 keys=0 emit=0 tomb=0
2026-10-02T19:39:26.198Z report-split nrec=8192 pack_ms=113 push_ms=61 finish_ms=149 skip=0 stale=0 inval=0 rc=0 fail=-/0
2026-10-02T19:39:26.244Z kv-compact: end bytes=49248406 ms=72 l0=269 l1=301 rc=0
2026-10-02T19:39:26.244Z kv-compact: start l0=269 inputs=2 range=263 l0only=1
2026-10-02T19:39:26.272Z kv-compact: end bytes=19951908 ms=27 l0=268 l1=301 rc=0
2026-10-02T19:39:26.272Z kv-compact: start l0=268 inputs=2 range=270 l0only=1
2026-10-02T19:39:26.293Z kv-compact: end bytes=12920671 ms=21 l0=267 l1=301 rc=0
2026-10-02T19:39:26.293Z kv-compact: start l0=267 inputs=2 range=257 l0only=1
2026-10-02T19:39:26.305Z kv-compact: end bytes=6830359 ms=12 l0=266 l1=301 rc=0
2026-10-02T19:39:26.305Z kv-compact: start l0=266 inputs=2 range=258 l0only=1
2026-10-02T19:39:26.317Z kv-compact: end bytes=6786687 ms=12 l0=265 l1=301 rc=0
2026-10-02T19:39:26.317Z kv-compact: start l0=265 inputs=2 range=267 l0only=1
2026-10-02T19:39:26.328Z kv-compact: end bytes=6076769 ms=11 l0=264 l1=301 rc=0
2026-10-02T19:39:26.328Z kv-compact: start l0=264 inputs=2 range=1 l0only=1
2026-10-02T19:39:26.335Z kv-compact: end bytes=3347730 ms=7 l0=263 l1=301 rc=0
2026-10-02T19:39:26.335Z kv-compact: start l0=263 inputs=2 range=264 l0only=1
2026-10-02T19:39:26.340Z kv-compact: end bytes=1755205 ms=5 l0=262 l1=301 rc=0
2026-10-02T19:39:26.340Z kv-compact: start l0=262 inputs=2 range=260 l0only=1
2026-10-02T19:39:26.344Z kv-compact: end bytes=1552162 ms=4 l0=261 l1=301 rc=0
2026-10-02T19:39:26.344Z kv-compact: start l0=261 inputs=2 range=261 l0only=1
2026-10-02T19:39:26.346Z kv-compact: end bytes=708085 ms=2 l0=260 l1=301 rc=0
2026-10-02T19:39:26.354Z raft-host: apply-sleep us=39326 group=0 idx=4266799 applied=4266798
2026-10-02T19:39:26.354Z report-split nrec=8194 pack_ms=125 push_ms=123 finish_ms=144 skip=0 stale=0 inval=0 rc=0 fail=-/0
2026-10-02T19:39:26.376Z kv-compact: start l0=270 inputs=2 range=263 l0only=1
2026-10-02T19:39:26.402Z kv-compact: end bytes=20104140 ms=26 l0=269 l1=301 rc=0
2026-10-02T19:39:26.402Z kv-compact: start l0=269 inputs=2 range=270 l0only=1
2026-10-02T19:39:26.411Z raft-host: apply-sleep us=20580 group=0 idx=4266801 applied=4266800
2026-10-02T19:39:26.411Z report-split nrec=8195 pack_ms=102 push_ms=91 finish_ms=134 skip=0 stale=0 inval=0 rc=0 fail=-/0
2026-10-02T19:39:26.423Z kv-compact: end bytes=13380896 ms=21 l0=268 l1=301 rc=0
2026-10-02T19:39:26.423Z kv-compact: start l0=268 inputs=2 range=257 l0only=1
2026-10-02T19:39:26.436Z kv-compact: end bytes=7157759 ms=13 l0=267 l1=301 rc=0
2026-10-02T19:39:26.436Z kv-compact: start l0=267 inputs=2 range=258 l0only=1
2026-10-02T19:39:26.448Z kv-compact: end bytes=6920478 ms=12 l0=266 l1=301 rc=0
2026-10-02T19:39:26.448Z kv-compact: start l0=266 inputs=2 range=267 l0only=1
2026-10-02T19:39:26.460Z kv-compact: end bytes=6617200 ms=12 l0=265 l1=301 rc=0
2026-10-02T19:39:26.460Z kv-compact: start l0=265 inputs=2 range=1 l0only=1
2026-10-02T19:39:26.467Z kv-compact: end bytes=3720448 ms=8 l0=264 l1=301 rc=0
2026-10-02T19:39:26.468Z kv-compact: start l0=264 inputs=2 range=264 l0only=1
2026-10-02T19:39:26.472Z kv-compact: end bytes=2048610 ms=4 l0=263 l1=301 rc=0
2026-10-02T19:39:26.472Z kv-compact: start l0=263 inputs=2 range=260 l0only=1
2026-10-02T19:39:26.477Z kv-compact: end bytes=1771491 ms=4 l0=262 l1=301 rc=0
2026-10-02T19:39:26.477Z kv-compact: start l0=262 inputs=2 range=261 l0only=1
2026-10-02T19:39:26.480Z kv-compact: end bytes=908329 ms=3 l0=261 l1=301 rc=0
2026-10-02T19:39:26.572Z kv-compact: start l0=271 inputs=2 range=263 l0only=1
2026-10-02T19:39:26.596Z raft-host: apply-sleep us=40575 group=0 idx=4266806 applied=4266805
2026-10-02T19:39:26.599Z kv-compact: end bytes=20211453 ms=27 l0=270 l1=301 rc=0
2026-10-02T19:39:26.599Z kv-compact: start l0=270 inputs=2 range=270 l0only=1
2026-10-02T19:39:26.605Z report-split nrec=8235 pack_ms=43 push_ms=13 finish_ms=93 skip=0 stale=0 inval=0 rc=0 fail=-/0
2026-10-02T19:39:26.621Z kv-compact: end bytes=13707578 ms=22 l0=269 l1=301 rc=0
2026-10-02T19:39:26.621Z kv-compact: start l0=269 inputs=2 range=257 l0only=1
2026-10-02T19:39:26.634Z kv-compact: end bytes=7372298 ms=13 l0=268 l1=301 rc=0
2026-10-02T19:39:26.634Z kv-compact: start l0=268 inputs=2 range=267 l0only=1
2026-10-02T19:39:26.646Z kv-compact: end bytes=7011663 ms=12 l0=267 l1=301 rc=0
2026-10-02T19:39:26.646Z kv-compact: start l0=267 inputs=2 range=258 l0only=1
2026-10-02T19:39:26.658Z kv-compact: end bytes=6997114 ms=12 l0=266 l1=301 rc=0
2026-10-02T19:39:26.658Z kv-compact: start l0=266 inputs=2 range=1 l0only=1
2026-10-02T19:39:26.666Z kv-compact: end bytes=4462848 ms=8 l0=265 l1=301 rc=0
2026-10-02T19:39:26.666Z kv-compact: start l0=265 inputs=2 range=264 l0only=1
2026-10-02T19:39:26.671Z kv-compact: end bytes=2214883 ms=5 l0=264 l1=301 rc=0
2026-10-02T19:39:26.671Z kv-compact: start l0=264 inputs=2 range=260 l0only=1
2026-10-02T19:39:26.676Z kv-compact: end bytes=1960706 ms=5 l0=263 l1=301 rc=0
2026-10-02T19:39:26.676Z kv-compact: start l0=263 inputs=2 range=2 l0only=1
2026-10-02T19:39:26.679Z kv-compact: end bytes=1234240 ms=3 l0=262 l1=301 rc=0
2026-10-02T19:39:26.679Z kv-compact: start l0=262 inputs=2 range=261 l0only=1
2026-10-02T19:39:26.682Z kv-compact: end bytes=1026047 ms=3 l0=261 l1=301 rc=0
2026-10-02T19:39:26.777Z kv-compact: start l0=271 inputs=2 range=263 l0only=1
2026-10-02T19:39:26.804Z kv-compact: end bytes=20238984 ms=27 l0=270 l1=301 rc=0
2026-10-02T19:39:26.804Z kv-compact: start l0=270 inputs=2 range=270 l0only=1
2026-10-02T19:39:26.826Z kv-compact: end bytes=13901113 ms=22 l0=269 l1=301 rc=0
2026-10-02T19:39:26.826Z kv-compact: start l0=269 inputs=2 range=257 l0only=1
2026-10-02T19:39:26.839Z kv-compact: end bytes=7556173 ms=13 l0=268 l1=301 rc=0
2026-10-02T19:39:26.839Z kv-compact: start l0=268 inputs=2 range=267 l0only=1
2026-10-02T19:39:26.851Z kv-compact: end bytes=7233051 ms=12 l0=267 l1=301 rc=0
2026-10-02T19:39:26.851Z kv-compact: start l0=267 inputs=2 range=258 l0only=1
2026-10-02T19:39:26.863Z kv-compact: end bytes=7033339 ms=13 l0=266 l1=301 rc=0
2026-10-02T19:39:26.864Z kv-compact: start l0=266 inputs=2 range=1 l0only=1
2026-10-02T19:39:26.872Z kv-compact: end bytes=5502208 ms=8 l0=265 l1=301 rc=0
2026-10-02T19:39:26.872Z kv-compact: start l0=265 inputs=2 range=264 l0only=1
2026-10-02T19:39:26.877Z kv-compact: end bytes=2399630 ms=4 l0=264 l1=301 rc=0
2026-10-02T19:39:26.877Z kv-compact: start l0=264 inputs=2 range=2 l0only=1
2026-10-02T19:39:26.882Z kv-compact: end bytes=2162240 ms=5 l0=263 l1=301 rc=0
2026-10-02T19:39:26.882Z kv-compact: start l0=263 inputs=2 range=260 l0only=1
2026-10-02T19:39:26.887Z kv-compact: end bytes=2090807 ms=5 l0=262 l1=301 rc=0
2026-10-02T19:39:26.887Z kv-compact: start l0=262 inputs=2 range=261 l0only=1
2026-10-02T19:39:26.891Z kv-compact: end bytes=1080465 ms=4 l0=261 l1=301 rc=0
2026-10-02T19:39:26.903Z raft-host: apply-sleep us=35263 group=2 idx=4501805 applied=4501803
2026-10-02T19:39:26.903Z report-split nrec=8192 pack_ms=59 push_ms=20 finish_ms=91 skip=0 stale=0 inval=0 rc=0 fail=-/0
2026-10-02T19:39:26.903Z raft-host: apply-sleep us=23962 group=2 idx=4501805 applied=4501803
2026-10-02T19:39:27.043Z kv-compact: start l0=271 inputs=3 range=1 l0only=0
2026-10-02T19:39:27.109Z report-split nrec=8192 pack_ms=67 push_ms=43 finish_ms=93 skip=0 stale=0 inval=0 rc=0 fail=-/0
2026-10-02T19:39:27.114Z kv-compact: end bytes=50631680 ms=71 l0=269 l1=301 rc=0
2026-10-02T19:39:27.114Z kv-compact: start l0=269 inputs=2 range=263 l0only=1
2026-10-02T19:39:27.140Z kv-compact: end bytes=20326085 ms=26 l0=268 l1=301 rc=0
2026-10-02T19:39:27.140Z kv-compact: start l0=268 inputs=2 range=270 l0only=1
2026-10-02T19:39:27.164Z kv-compact: end bytes=14261035 ms=23 l0=267 l1=301 rc=0
2026-10-02T19:39:27.164Z kv-compact: start l0=267 inputs=2 range=257 l0only=1
2026-10-02T19:39:27.178Z kv-compact: end bytes=7911513 ms=14 l0=266 l1=301 rc=0
2026-10-02T19:39:27.178Z kv-compact: start l0=266 inputs=2 range=267 l0only=1
2026-10-02T19:39:27.192Z kv-compact: end bytes=7673473 ms=14 l0=265 l1=301 rc=0
2026-10-02T19:39:27.192Z kv-compact: start l0=265 inputs=2 range=258 l0only=1
2026-10-02T19:39:27.205Z kv-compact: end bytes=7137345 ms=13 l0=264 l1=301 rc=0
2026-10-02T19:39:27.205Z kv-compact: start l0=264 inputs=2 range=2 l0only=1
2026-10-02T19:39:27.211Z kv-compact: end bytes=2719040 ms=6 l0=263 l1=301 rc=0
2026-10-02T19:39:27.211Z kv-compact: start l0=263 inputs=2 range=264 l0only=1
2026-10-02T19:39:27.216Z kv-compact: end bytes=2664269 ms=5 l0=262 l1=301 rc=0
2026-10-02T19:39:27.216Z kv-compact: start l0=262 inputs=2 range=260 l0only=1
2026-10-02T19:39:27.222Z kv-compact: end bytes=2228784 ms=6 l0=261 l1=301 rc=0
2026-10-02T19:39:27.222Z kv-compact: start l0=261 inputs=2 range=261 l0only=1
2026-10-02T19:39:27.225Z kv-compact: end bytes=1277670 ms=3 l0=260 l1=301 rc=0
2026-10-02T19:39:27.248Z kv-compact: start l0=270 inputs=2 range=263 l0only=1
2026-10-02T19:39:27.250Z raft-host: gc-pass ms=49 reap=0 frag=0 spread=0 recover=0 fscans=0 fsegs=0 fkeys=0 femit=0 ftomb=0 scans=0 segs=0 keys=0 emit=0 tomb=0
2026-10-02T19:39:27.275Z kv-compact: end bytes=20388875 ms=27 l0=269 l1=301 rc=0
2026-10-02T19:39:27.275Z kv-compact: start l0=269 inputs=2 range=270 l0only=1
2026-10-02T19:39:27.299Z kv-compact: end bytes=14582243 ms=24 l0=268 l1=301 rc=0
2026-10-02T19:39:27.299Z kv-compact: start l0=268 inputs=2 range=257 l0only=1
2026-10-02T19:39:27.312Z kv-compact: end bytes=8164370 ms=13 l0=267 l1=301 rc=0
2026-10-02T19:39:27.312Z kv-compact: start l0=267 inputs=2 range=267 l0only=1
2026-10-02T19:39:27.318Z raft-host: apply-sleep us=39405 group=2 idx=4501817 applied=4501815
2026-10-02T19:39:27.326Z kv-compact: end bytes=8050226 ms=14 l0=266 l1=301 rc=0
2026-10-02T19:39:27.326Z kv-compact: start l0=266 inputs=2 range=258 l0only=1
2026-10-02T19:39:27.331Z report-split nrec=8192 pack_ms=74 push_ms=41 finish_ms=72 skip=0 stale=0 inval=0 rc=0 fail=-/0
2026-10-02T19:39:27.339Z kv-compact: end bytes=7214625 ms=13 l0=265 l1=301 rc=0
2026-10-02T19:39:27.339Z kv-compact: start l0=265 inputs=2 range=2 l0only=1
2026-10-02T19:39:27.345Z kv-compact: end bytes=3461440 ms=6 l0=264 l1=301 rc=0
2026-10-02T19:39:27.345Z kv-compact: start l0=264 inputs=2 range=264 l0only=1
2026-10-02T19:39:27.352Z kv-compact: end bytes=2866107 ms=7 l0=263 l1=301 rc=0
2026-10-02T19:39:27.352Z kv-compact: start l0=263 inputs=2 range=260 l0only=1
2026-10-02T19:39:27.357Z kv-compact: end bytes=2330053 ms=5 l0=262 l1=301 rc=0
2026-10-02T19:39:27.357Z kv-compact: start l0=262 inputs=2 range=261 l0only=1
2026-10-02T19:39:27.361Z kv-compact: end bytes=1478544 ms=4 l0=261 l1=301 rc=0
2026-10-02T19:39:27.436Z kv-compact: start l0=271 inputs=2 range=263 l0only=1
2026-10-02T19:39:27.439Z raft-obs: tx->0 enq=21082 drop=0 sent=20863 fail=0 hi=6 rtt_avg=28us get_avg=0us get_max=3ms
2026-10-02T19:39:27.439Z raft-obs: tx->3 enq=20997 drop=0 sent=20777 fail=0 hi=6 rtt_avg=29us get_avg=0us get_max=2ms
2026-10-02T19:39:27.439Z raft-obs: wait_timeouts=0 pump_hold_max=128100us lock_wait_max=1us drain_max=128099us tick_max=1us apply_max=123881us persist_max=16283us applies_in_worst=9 arc_miss=0 arc_term_miss=0 opid_replay=0 fin_q=0 fin_done=0 fin_drop=0 fin_full=0 pub_p50=139266us pub_max=459526us inbox_drop=0
2026-10-02T19:39:27.463Z kv-compact: end bytes=20470663 ms=27 l0=270 l1=301 rc=0
2026-10-02T19:39:27.463Z kv-compact: start l0=270 inputs=2 range=270 l0only=1
2026-10-02T19:39:27.484Z raft-host: apply-sleep us=26595 group=2 idx=4501821 applied=4501820
2026-10-02T19:39:27.487Z kv-compact: end bytes=14943775 ms=24 l0=269 l1=301 rc=0
2026-10-02T19:39:27.487Z kv-compact: start l0=269 inputs=2 range=267 l0only=1
2026-10-02T19:39:27.487Z report-split nrec=8192 pack_ms=43 push_ms=28 finish_ms=83 skip=0 stale=0 inval=0 rc=0 fail=-/0
2026-10-02T19:39:27.501Z kv-compact: end bytes=8485174 ms=15 l0=268 l1=301 rc=0
2026-10-02T19:39:27.502Z kv-compact: start l0=268 inputs=2 range=257 l0only=1
2026-10-02T19:39:27.515Z kv-compact: end bytes=8432435 ms=13 l0=267 l1=301 rc=0
2026-10-02T19:39:27.515Z kv-compact: start l0=267 inputs=2 range=258 l0only=1
2026-10-02T19:39:27.528Z kv-compact: end bytes=7376811 ms=13 l0=266 l1=301 rc=0
2026-10-02T19:39:27.528Z kv-compact: start l0=266 inputs=2 range=2 l0only=1
2026-10-02T19:39:27.536Z kv-compact: end bytes=4083200 ms=8 l0=265 l1=301 rc=0
2026-10-02T19:39:27.536Z kv-compact: start l0=265 inputs=2 range=264 l0only=1
2026-10-02T19:39:27.542Z kv-compact: end bytes=3176913 ms=6 l0=264 l1=301 rc=0
2026-10-02T19:39:27.542Z kv-compact: start l0=264 inputs=2 range=260 l0only=1
2026-10-02T19:39:27.548Z kv-compact: end bytes=2465481 ms=6 l0=263 l1=301 rc=0
2026-10-02T19:39:27.548Z kv-compact: start l0=263 inputs=2 range=261 l0only=1
2026-10-02T19:39:27.552Z kv-compact: end bytes=1679841 ms=4 l0=262 l1=301 rc=0
2026-10-02T19:39:27.552Z kv-compact: start l0=262 inputs=2 range=1 l0only=1
2026-10-02T19:39:27.556Z kv-compact: end bytes=1306130 ms=3 l0=261 l1=301 rc=0
2026-10-02T19:39:27.616Z raft-host: apply-sleep us=31425 group=2 idx=4501825 applied=4501824
2026-10-02T19:39:27.643Z kv-compact: start l0=271 inputs=2 range=263 l0only=1
2026-10-02T19:39:27.650Z raft-host: apply-sleep us=34002 group=0 idx=4266844 applied=4266843
2026-10-02T19:39:27.671Z kv-compact: end bytes=20524115 ms=28 l0=270 l1=301 rc=0
2026-10-02T19:39:27.671Z kv-compact: start l0=270 inputs=2 range=270 l0only=1
2026-10-02T19:39:27.696Z kv-compact: end bytes=15226182 ms=25 l0=269 l1=301 rc=0
2026-10-02T19:39:27.696Z kv-compact: start l0=269 inputs=2 range=267 l0only=1
2026-10-02T19:39:27.710Z kv-compact: end bytes=8821999 ms=14 l0=268 l1=301 rc=0
2026-10-02T19:39:27.711Z kv-compact: start l0=268 inputs=2 range=257 l0only=1
2026-10-02T19:39:27.725Z kv-compact: end bytes=8632397 ms=14 l0=267 l1=301 rc=0
2026-10-02T19:39:27.725Z kv-compact: start l0=267 inputs=2 range=258 l0only=1
2026-10-02T19:39:27.738Z kv-compact: end bytes=7511126 ms=12 l0=266 l1=301 rc=0
2026-10-02T19:39:27.738Z kv-compact: start l0=266 inputs=2 range=2 l0only=1
2026-10-02T19:39:27.747Z kv-compact: end bytes=4946240 ms=9 l0=265 l1=301 rc=0
2026-10-02T19:39:27.747Z kv-compact: start l0=265 inputs=2 range=264 l0only=1
2026-10-02T19:39:27.750Z raft-host: apply-sleep us=47530 group=2 idx=4501828 applied=4501827
2026-10-02T19:39:27.750Z report-split nrec=8203 pack_ms=73 push_ms=22 finish_ms=129 skip=0 stale=0 inval=0 rc=0 fail=-/0
2026-10-02T19:39:27.754Z kv-compact: end bytes=3346654 ms=7 l0=264 l1=301 rc=0
2026-10-02T19:39:27.754Z kv-compact: start l0=264 inputs=2 range=260 l0only=1
2026-10-02T19:39:27.759Z kv-compact: end bytes=2551777 ms=5 l0=263 l1=301 rc=0
2026-10-02T19:39:27.759Z kv-compact: start l0=263 inputs=2 range=1 l0only=1
2026-10-02T19:39:27.764Z kv-compact: end bytes=2050048 ms=5 l0=262 l1=301 rc=0
2026-10-02T19:39:27.764Z kv-compact: start l0=262 inputs=2 range=261 l0only=1
2026-10-02T19:39:27.768Z kv-compact: end bytes=1862616 ms=4 l0=261 l1=301 rc=0
2026-10-02T19:39:27.863Z kv-compact: start l0=271 inputs=2 range=263 l0only=1
2026-10-02T19:39:27.887Z raft-host: apply-sleep us=54496 group=2 idx=4501832 applied=4501831
2026-10-02T19:39:27.887Z report-split nrec=8198 pack_ms=64 push_ms=39 finish_ms=133 skip=0 stale=0 inval=0 rc=0 fail=-/0
2026-10-02T19:39:27.887Z raft-host: apply-sleep us=44990 group=2 idx=4501833 applied=4501831
2026-10-02T19:39:27.890Z kv-compact: end bytes=20660408 ms=27 l0=270 l1=301 rc=0
2026-10-02T19:39:27.890Z kv-compact: start l0=270 inputs=2 range=270 l0only=1
2026-10-02T19:39:27.915Z kv-compact: end bytes=15651498 ms=25 l0=269 l1=301 rc=0
2026-10-02T19:39:27.915Z kv-compact: start l0=269 inputs=2 range=267 l0only=1
2026-10-02T19:39:27.931Z kv-compact: end bytes=9315068 ms=16 l0=268 l1=301 rc=0
2026-10-02T19:39:27.931Z kv-compact: start l0=268 inputs=2 range=257 l0only=1
2026-10-02T19:39:27.946Z kv-compact: end bytes=9009459 ms=15 l0=267 l1=301 rc=0
2026-10-02T19:39:27.946Z kv-compact: start l0=267 inputs=2 range=258 l0only=1
2026-10-02T19:39:27.960Z kv-compact: end bytes=7679941 ms=14 l0=266 l1=301 rc=0
2026-10-02T19:39:27.960Z kv-compact: start l0=266 inputs=2 range=2 l0only=1
2026-10-02T19:39:27.969Z kv-compact: end bytes=5317460 ms=9 l0=265 l1=301 rc=0
2026-10-02T19:39:27.969Z kv-compact: start l0=265 inputs=2 range=264 l0only=1
2026-10-02T19:39:27.977Z kv-compact: end bytes=3656022 ms=8 l0=264 l1=301 rc=0
2026-10-02T19:39:27.977Z kv-compact: start l0=264 inputs=2 range=260 l0only=1
2026-10-02T19:39:27.983Z kv-compact: end bytes=2708752 ms=6 l0=263 l1=301 rc=0
2026-10-02T19:39:27.983Z kv-compact: start l0=263 inputs=2 range=1 l0only=1
2026-10-02T19:39:27.989Z kv-compact: end bytes=2606848 ms=6 l0=262 l1=301 rc=0
2026-10-02T19:39:27.989Z kv-compact: start l0=262 inputs=2 range=261 l0only=1
2026-10-02T19:39:27.994Z kv-compact: end bytes=2051818 ms=5 l0=261 l1=301 rc=0
2026-10-02T19:39:28.090Z kv-compact: start l0=271 inputs=2 range=263 l0only=1
2026-10-02T19:39:28.118Z kv-compact: end bytes=20775610 ms=28 l0=270 l1=301 rc=0
2026-10-02T19:39:28.118Z kv-compact: start l0=270 inputs=2 range=270 l0only=1
2026-10-02T19:39:28.144Z kv-compact: end bytes=15970043 ms=26 l0=269 l1=301 rc=0
2026-10-02T19:39:28.144Z kv-compact: start l0=269 inputs=2 range=267 l0only=1
2026-10-02T19:39:28.161Z kv-compact: end bytes=9760568 ms=17 l0=268 l1=301 rc=0
2026-10-02T19:39:28.161Z kv-compact: start l0=268 inputs=2 range=257 l0only=1
2026-10-02T19:39:28.165Z raft-host: apply-sleep us=50873 group=2 idx=4501840 applied=4501839
2026-10-02T19:39:28.165Z report-split nrec=8193 pack_ms=97 push_ms=34 finish_ms=199 skip=0 stale=0 inval=0 rc=0 fail=-/0
2026-10-02T19:39:28.176Z kv-compact: end bytes=9358842 ms=15 l0=267 l1=301 rc=0
2026-10-02T19:39:28.176Z kv-compact: start l0=267 inputs=2 range=258 l0only=1
2026-10-02T19:39:28.190Z kv-compact: end bytes=7769618 ms=14 l0=266 l1=301 rc=0
2026-10-02T19:39:28.190Z kv-compact: start l0=266 inputs=2 range=2 l0only=1
2026-10-02T19:39:28.199Z raft-host: apply-sleep us=33408 group=2 idx=4501842 applied=4501841
2026-10-02T19:39:28.201Z kv-compact: end bytes=6059860 ms=10 l0=265 l1=301 rc=0
2026-10-02T19:39:28.201Z kv-compact: start l0=265 inputs=2 range=264 l0only=1
2026-10-02T19:39:28.202Z report-split nrec=8198 pack_ms=93 push_ms=87 finish_ms=125 skip=0 stale=0 inval=0 rc=0 fail=-/0
2026-10-02T19:39:28.208Z kv-compact: end bytes=3834732 ms=8 l0=264 l1=301 rc=0
2026-10-02T19:39:28.209Z kv-compact: start l0=264 inputs=2 range=1 l0only=1
2026-10-02T19:39:28.215Z kv-compact: end bytes=3182208 ms=6 l0=263 l1=301 rc=0
2026-10-02T19:39:28.215Z kv-compact: start l0=263 inputs=2 range=260 l0only=1
2026-10-02T19:39:28.221Z kv-compact: end bytes=2872775 ms=6 l0=262 l1=301 rc=0
2026-10-02T19:39:28.221Z kv-compact: start l0=262 inputs=2 range=261 l0only=1
2026-10-02T19:39:28.226Z kv-compact: end bytes=2187501 ms=5 l0=261 l1=301 rc=0
2026-10-02T19:39:28.266Z kv-compact: start l0=271 inputs=3 range=2 l0only=0
2026-10-02T19:39:28.267Z raft-host: gc-pass ms=13 reap=0 frag=0 spread=0 recover=0 fscans=0 fsegs=0 fkeys=0 femit=0 ftomb=0 scans=0 segs=0 keys=0 emit=0 tomb=0
2026-10-02T19:39:28.346Z kv-compact: end bytes=56022770 ms=80 l0=269 l1=301 rc=0
2026-10-02T19:39:28.346Z kv-compact: start l0=269 inputs=2 range=263 l0only=1
2026-10-02T19:39:28.375Z kv-compact: end bytes=20918666 ms=29 l0=268 l1=301 rc=0
2026-10-02T19:39:28.375Z kv-compact: start l0=268 inputs=2 range=270 l0only=1
2026-10-02T19:39:28.396Z raft-host: apply-sleep us=54786 group=0 idx=4266870 applied=4266867
2026-10-02T19:39:28.396Z report-split nrec=8192 pack_ms=60 push_ms=29 finish_ms=82 skip=0 stale=0 inval=0 rc=0 fail=-/0
2026-10-02T19:39:28.401Z kv-compact: end bytes=16311054 ms=26 l0=267 l1=301 rc=0
2026-10-02T19:39:28.401Z kv-compact: start l0=267 inputs=2 range=267 l0only=1
2026-10-02T19:39:28.418Z kv-compact: end bytes=10072512 ms=17 l0=266 l1=301 rc=0
2026-10-02T19:39:28.418Z kv-compact: start l0=266 inputs=2 range=257 l0only=1
2026-10-02T19:39:28.434Z kv-compact: end bytes=9651466 ms=16 l0=265 l1=301 rc=0
2026-10-02T19:39:28.434Z kv-compact: start l0=265 inputs=2 range=258 l0only=1
2026-10-02T19:39:28.447Z kv-compact: end bytes=7851406 ms=13 l0=264 l1=301 rc=0
2026-10-02T19:39:28.447Z kv-compact: start l0=264 inputs=2 range=264 l0only=1
2026-10-02T19:39:28.455Z kv-compact: end bytes=4000562 ms=8 l0=263 l1=301 rc=0
2026-10-02T19:39:28.455Z kv-compact: start l0=263 inputs=2 range=1 l0only=1
2026-10-02T19:39:28.463Z kv-compact: end bytes=3906048 ms=8 l0=262 l1=301 rc=0
2026-10-02T19:39:28.463Z kv-compact: start l0=262 inputs=2 range=260 l0only=1
2026-10-02T19:39:28.470Z kv-compact: end bytes=3059671 ms=7 l0=261 l1=301 rc=0
2026-10-02T19:39:28.470Z kv-compact: start l0=261 inputs=2 range=261 l0only=1
2026-10-02T19:39:28.476Z kv-compact: end bytes=2312209 ms=6 l0=260 l1=301 rc=0
2026-10-02T19:39:28.502Z kv-compact: start l0=270 inputs=2 range=263 l0only=1
2026-10-02T19:39:28.530Z kv-compact: end bytes=20988143 ms=28 l0=269 l1=301 rc=0
2026-10-02T19:39:28.530Z kv-compact: start l0=269 inputs=2 range=270 l0only=1
2026-10-02T19:39:28.558Z kv-compact: end bytes=16608991 ms=28 l0=268 l1=301 rc=0
2026-10-02T19:39:28.558Z kv-compact: start l0=268 inputs=2 range=267 l0only=1
2026-10-02T19:39:28.575Z kv-compact: end bytes=10441537 ms=17 l0=267 l1=301 rc=0
2026-10-02T19:39:28.575Z kv-compact: start l0=267 inputs=2 range=257 l0only=1
2026-10-02T19:39:28.592Z kv-compact: end bytes=9978631 ms=17 l0=266 l1=301 rc=0
2026-10-02T19:39:28.592Z kv-compact: start l0=266 inputs=2 range=258 l0only=1
2026-10-02T19:39:28.606Z kv-compact: end bytes=7933355 ms=14 l0=265 l1=301 rc=0
2026-10-02T19:39:28.606Z kv-compact: start l0=265 inputs=2 range=1 l0only=1
2026-10-02T19:39:28.614Z kv-compact: end bytes=4648448 ms=8 l0=264 l1=301 rc=0
2026-10-02T19:39:28.614Z kv-compact: start l0=264 inputs=2 range=264 l0only=1
2026-10-02T19:39:28.623Z kv-compact: end bytes=4207695 ms=9 l0=263 l1=301 rc=0
2026-10-02T19:39:28.623Z kv-compact: start l0=263 inputs=2 range=260 l0only=1
2026-10-02T19:39:28.630Z kv-compact: end bytes=3232758 ms=8 l0=262 l1=301 rc=0
2026-10-02T19:39:28.631Z kv-compact: start l0=262 inputs=2 range=261 l0only=1
2026-10-02T19:39:28.636Z kv-compact: end bytes=2435052 ms=5 l0=261 l1=301 rc=0
2026-10-02T19:39:28.725Z kv-compact: start l0=271 inputs=2 range=263 l0only=1
2026-10-02T19:39:28.734Z raft-host: apply-sleep us=78429 group=2 idx=4501855 applied=4501853
2026-10-02T19:39:28.734Z report-split nrec=8194 pack_ms=90 push_ms=35 finish_ms=153 skip=0 stale=0 inval=0 rc=0 fail=-/0
2026-10-02T19:39:28.753Z kv-compact: end bytes=21087802 ms=28 l0=270 l1=301 rc=0
2026-10-02T19:39:28.753Z kv-compact: start l0=270 inputs=2 range=270 l0only=1
2026-10-02T19:39:28.759Z raft-host: apply-sleep us=75976 group=2 idx=4501856 applied=4501854
2026-10-02T19:39:28.759Z report-split nrec=8198 pack_ms=106 push_ms=56 finish_ms=141 skip=0 stale=0 inval=0 rc=0 fail=-/0
2026-10-02T19:39:28.780Z kv-compact: end bytes=17086443 ms=27 l0=269 l1=301 rc=0
2026-10-02T19:39:28.780Z kv-compact: start l0=269 inputs=2 range=267 l0only=1
2026-10-02T19:39:28.797Z kv-compact: end bytes=10947969 ms=17 l0=268 l1=301 rc=0
2026-10-02T19:39:28.797Z kv-compact: start l0=268 inputs=2 range=257 l0only=1
2026-10-02T19:39:28.815Z kv-compact: end bytes=10449160 ms=18 l0=267 l1=301 rc=0
2026-10-02T19:39:28.815Z kv-compact: start l0=267 inputs=2 range=258 l0only=1
2026-10-02T19:39:28.828Z kv-compact: end bytes=8068756 ms=13 l0=266 l1=301 rc=0
2026-10-02T19:39:28.828Z kv-compact: start l0=266 inputs=2 range=1 l0only=1
2026-10-02T19:39:28.837Z kv-compact: end bytes=5022420 ms=9 l0=265 l1=301 rc=0
2026-10-02T19:39:28.837Z kv-compact: start l0=265 inputs=2 range=264 l0only=1
2026-10-02T19:39:28.846Z kv-compact: end bytes=4527367 ms=9 l0=264 l1=301 rc=0
2026-10-02T19:39:28.846Z kv-compact: start l0=264 inputs=2 range=260 l0only=1
2026-10-02T19:39:28.853Z kv-compact: end bytes=3414850 ms=7 l0=263 l1=301 rc=0
2026-10-02T19:39:28.853Z kv-compact: start l0=263 inputs=2 range=261 l0only=1
2026-10-02T19:39:28.859Z kv-compact: end bytes=2638556 ms=6 l0=262 l1=301 rc=0
2026-10-02T19:39:28.859Z kv-compact: start l0=262 inputs=2 range=2 l0only=1
2026-10-02T19:39:28.862Z kv-compact: end bytes=1141440 ms=3 l0=261 l1=301 rc=0
2026-10-02T19:39:28.918Z kv-compact: start l0=271 inputs=2 range=263 l0only=1
2026-10-02T19:39:28.946Z kv-compact: end bytes=21142703 ms=28 l0=270 l1=301 rc=0
2026-10-02T19:39:28.946Z kv-compact: start l0=270 inputs=2 range=270 l0only=1
2026-10-02T19:39:28.970Z report-split nrec=8193 pack_ms=64 push_ms=24 finish_ms=92 skip=0 stale=0 inval=0 rc=0 fail=-/0
2026-10-02T19:39:28.974Z kv-compact: end bytes=17398635 ms=28 l0=269 l1=301 rc=0
2026-10-02T19:39:28.974Z kv-compact: start l0=269 inputs=2 range=267 l0only=1
2026-10-02T19:39:28.992Z kv-compact: end bytes=11203885 ms=18 l0=268 l1=301 rc=0
2026-10-02T19:39:28.992Z kv-compact: start l0=268 inputs=2 range=257 l0only=1
2026-10-02T19:39:29.010Z kv-compact: end bytes=10725590 ms=18 l0=267 l1=301 rc=0
2026-10-02T19:39:29.010Z kv-compact: start l0=267 inputs=2 range=258 l0only=1
2026-10-02T19:39:29.024Z kv-compact: end bytes=8137342 ms=14 l0=266 l1=301 rc=0
2026-10-02T19:39:29.024Z kv-compact: start l0=266 inputs=2 range=1 l0only=1
2026-10-02T19:39:29.034Z kv-compact: end bytes=5881856 ms=10 l0=265 l1=301 rc=0
2026-10-02T19:39:29.034Z kv-compact: start l0=265 inputs=2 range=264 l0only=1
2026-10-02T19:39:29.044Z kv-compact: end bytes=4737646 ms=10 l0=264 l1=301 rc=0
2026-10-02T19:39:29.044Z kv-compact: start l0=264 inputs=2 range=260 l0only=1
2026-10-02T19:39:29.051Z kv-compact: end bytes=3545186 ms=7 l0=263 l1=301 rc=0
2026-10-02T19:39:29.051Z kv-compact: start l0=263 inputs=2 range=261 l0only=1
2026-10-02T19:39:29.057Z kv-compact: end bytes=2781128 ms=6 l0=262 l1=301 rc=0
2026-10-02T19:39:29.057Z kv-compact: start l0=262 inputs=2 range=2 l0only=1
2026-10-02T19:39:29.061Z kv-compact: end bytes=1883840 ms=4 l0=261 l1=301 rc=0
2026-10-02T19:39:29.160Z kv-compact: start l0=271 inputs=3 range=1 l0only=0
2026-10-02T19:39:29.183Z raft-host: apply-sleep us=41924 group=2 idx=4501868 applied=4501867
2026-10-02T19:39:29.241Z kv-compact: end bytes=57239040 ms=81 l0=269 l1=301 rc=0
2026-10-02T19:39:29.241Z kv-compact: start l0=269 inputs=2 range=263 l0only=1
2026-10-02T19:39:29.270Z kv-compact: end bytes=21178445 ms=29 l0=268 l1=301 rc=0
2026-10-02T19:39:29.270Z kv-compact: start l0=268 inputs=2 range=270 l0only=1
2026-10-02T19:39:29.298Z kv-compact: end bytes=17696498 ms=28 l0=267 l1=301 rc=0
2026-10-02T19:39:29.298Z kv-compact: start l0=267 inputs=2 range=267 l0only=1
2026-10-02T19:39:29.317Z kv-compact: end bytes=11465201 ms=19 l0=266 l1=301 rc=0
2026-10-02T19:39:29.317Z kv-compact: start l0=266 inputs=2 range=257 l0only=1
2026-10-02T19:39:29.322Z raft-host: gc-pass ms=52 reap=0 frag=0 spread=0 recover=0 fscans=0 fsegs=0 fkeys=0 femit=0 ftomb=0 scans=0 segs=0 keys=0 emit=0 tomb=0
2026-10-02T19:39:29.335Z kv-compact: end bytes=10938056 ms=18 l0=265 l1=301 rc=0
2026-10-02T19:39:29.335Z kv-compact: start l0=265 inputs=2 range=258 l0only=1
2026-10-02T19:39:29.350Z kv-compact: end bytes=8189828 ms=15 l0=264 l1=301 rc=0
2026-10-02T19:39:29.350Z kv-compact: start l0=264 inputs=2 range=264 l0only=1
2026-10-02T19:39:29.359Z kv-compact: end bytes=4936494 ms=9 l0=263 l1=301 rc=0
2026-10-02T19:39:29.359Z kv-compact: start l0=263 inputs=2 range=260 l0only=1
2026-10-02T19:39:29.366Z kv-compact: end bytes=3607493 ms=7 l0=262 l1=301 rc=0
2026-10-02T19:39:29.366Z kv-compact: start l0=262 inputs=2 range=261 l0only=1
2026-10-02T19:39:29.372Z kv-compact: end bytes=2944556 ms=6 l0=261 l1=301 rc=0
2026-10-02T19:39:29.372Z kv-compact: start l0=261 inputs=2 range=2 l0only=1
2026-10-02T19:39:29.377Z kv-compact: end bytes=2811840 ms=5 l0=260 l1=301 rc=0
2026-10-02T19:39:29.401Z kv-compact: start l0=270 inputs=2 range=263 l0only=1
2026-10-02T19:39:29.410Z raft-host: apply-sleep us=88570 group=2 idx=4501873 applied=4501871
2026-10-02T19:39:29.410Z report-split nrec=8193 pack_ms=55 push_ms=29 finish_ms=244 skip=0 stale=0 inval=0 rc=0 fail=-/0
2026-10-02T19:39:29.429Z kv-compact: end bytes=21285510 ms=29 l0=269 l1=301 rc=0
2026-10-02T19:39:29.430Z kv-compact: start l0=269 inputs=2 range=270 l0only=1
2026-10-02T19:39:29.459Z kv-compact: end bytes=18258636 ms=29 l0=268 l1=301 rc=0
2026-10-02T19:39:29.459Z kv-compact: start l0=268 inputs=2 range=267 l0only=1
2026-10-02T19:39:29.460Z raft-host: apply-sleep us=80139 group=2 idx=4501876 applied=4501871
2026-10-02T19:39:29.478Z kv-compact: end bytes=11956660 ms=20 l0=267 l1=301 rc=0
2026-10-02T19:39:29.479Z kv-compact: start l0=267 inputs=2 range=257 l0only=1
2026-10-02T19:39:29.499Z kv-compact: end bytes=11371790 ms=20 l0=266 l1=301 rc=0
2026-10-02T19:39:29.499Z kv-compact: start l0=266 inputs=2 range=258 l0only=1
2026-10-02T19:39:29.502Z raft-host: apply-sleep us=42392 group=2 idx=4501878 applied=4501876
2026-10-02T19:39:29.502Z report-split nrec=8195 pack_ms=82 push_ms=84 finish_ms=231 skip=0 stale=0 inval=0 rc=0 fail=-/0
2026-10-02T19:39:29.502Z raft-host: apply-sleep us=42379 group=0 idx=4266909 applied=4266908
2026-10-02T19:39:29.513Z kv-compact: end bytes=8370396 ms=14 l0=265 l1=301 rc=0
2026-10-02T19:39:29.514Z kv-compact: start l0=265 inputs=2 range=264 l0only=1
2026-10-02T19:39:29.524Z kv-compact: end bytes=5209389 ms=10 l0=264 l1=301 rc=0
2026-10-02T19:39:29.524Z kv-compact: start l0=264 inputs=2 range=260 l0only=1
2026-10-02T19:39:29.531Z kv-compact: end bytes=3783788 ms=7 l0=263 l1=301 rc=0
2026-10-02T19:39:29.531Z kv-compact: start l0=263 inputs=2 range=261 l0only=1
2026-10-02T19:39:29.538Z kv-compact: end bytes=3194515 ms=7 l0=262 l1=301 rc=0
2026-10-02T19:39:29.538Z kv-compact: start l0=262 inputs=2 range=2 l0only=1
2026-10-02T19:39:29.544Z kv-compact: end bytes=3183040 ms=6 l0=261 l1=301 rc=0
2026-10-02T19:39:29.555Z raft-host: apply-sleep us=52212 group=2 idx=4501881 applied=4501879
2026-10-02T19:39:29.555Z report-split nrec=8192 pack_ms=89 push_ms=136 finish_ms=134 skip=0 stale=0 inval=0 rc=0 fail=-/0
2026-10-02T19:39:29.588Z kv-compact: start l0=271 inputs=2 range=263 l0only=1
2026-10-02T19:39:29.617Z kv-compact: end bytes=21352647 ms=29 l0=270 l1=301 rc=0
2026-10-02T19:39:29.617Z kv-compact: start l0=270 inputs=2 range=270 l0only=1
2026-10-02T19:39:29.648Z kv-compact: end bytes=18658969 ms=31 l0=269 l1=301 rc=0
2026-10-02T19:39:29.648Z kv-compact: start l0=269 inputs=2 range=267 l0only=1
2026-10-02T19:39:29.651Z raft-host: apply-sleep us=49751 group=0 idx=4266913 applied=4266912
2026-10-02T19:39:29.669Z kv-compact: end bytes=12298522 ms=21 l0=268 l1=301 rc=0
2026-10-02T19:39:29.669Z kv-compact: start l0=268 inputs=2 range=257 l0only=1
2026-10-02T19:39:29.691Z kv-compact: end bytes=11580446 ms=23 l0=267 l1=301 rc=0
2026-10-02T19:39:29.692Z kv-compact: start l0=267 inputs=2 range=258 l0only=1
2026-10-02T19:39:29.711Z kv-compact: end bytes=8543001 ms=19 l0=266 l1=301 rc=0
2026-10-02T19:39:29.711Z kv-compact: start l0=266 inputs=2 range=264 l0only=1
2026-10-02T19:39:29.721Z kv-compact: end bytes=5468451 ms=11 l0=265 l1=301 rc=0
2026-10-02T19:39:29.722Z kv-compact: start l0=265 inputs=2 range=260 l0only=1
2026-10-02T19:39:29.729Z kv-compact: end bytes=3895039 ms=7 l0=264 l1=301 rc=0
2026-10-02T19:39:29.729Z kv-compact: start l0=264 inputs=2 range=2 l0only=1
2026-10-02T19:39:29.736Z kv-compact: end bytes=3804800 ms=7 l0=263 l1=301 rc=0
2026-10-02T19:39:29.736Z kv-compact: start l0=263 inputs=2 range=261 l0only=1
2026-10-02T19:39:29.743Z kv-compact: end bytes=3369126 ms=7 l0=262 l1=301 rc=0
2026-10-02T19:39:29.743Z kv-compact: start l0=262 inputs=2 range=1 l0only=1
2026-10-02T19:39:29.746Z kv-compact: end bytes=1113600 ms=3 l0=261 l1=301 rc=0
2026-10-02T19:39:29.851Z kv-compact: start l0=271 inputs=2 range=263 l0only=1
2026-10-02T19:39:29.879Z kv-compact: end bytes=21431859 ms=28 l0=270 l1=301 rc=0
2026-10-02T19:39:29.879Z kv-compact: start l0=270 inputs=2 range=270 l0only=1
2026-10-02T19:39:29.911Z kv-compact: end bytes=19130512 ms=32 l0=269 l1=301 rc=0
2026-10-02T19:39:29.911Z kv-compact: start l0=269 inputs=2 range=267 l0only=1
2026-10-02T19:39:29.930Z raft-host: apply-sleep us=56260 group=2 idx=4501890 applied=4501889
2026-10-02T19:39:29.930Z report-split nrec=8192 pack_ms=90 push_ms=68 finish_ms=268 skip=0 stale=0 inval=0 rc=0 fail=-/0
2026-10-02T19:39:29.932Z kv-compact: end bytes=12685446 ms=21 l0=268 l1=301 rc=0
2026-10-02T19:39:29.932Z kv-compact: start l0=268 inputs=2 range=257 l0only=1
2026-10-02T19:39:29.952Z kv-compact: end bytes=11875720 ms=20 l0=267 l1=301 rc=0
2026-10-02T19:39:29.952Z kv-compact: start l0=267 inputs=2 range=258 l0only=1
2026-10-02T19:39:29.967Z kv-compact: end bytes=8684768 ms=15 l0=266 l1=301 rc=0
2026-10-02T19:39:29.967Z kv-compact: start l0=266 inputs=2 range=264 l0only=1
2026-10-02T19:39:29.977Z kv-compact: end bytes=5699090 ms=10 l0=265 l1=301 rc=0
2026-10-02T19:39:29.977Z kv-compact: start l0=265 inputs=2 range=2 l0only=1
2026-10-02T19:39:29.985Z kv-compact: end bytes=4463700 ms=8 l0=264 l1=301 rc=0
2026-10-02T19:39:29.985Z kv-compact: start l0=264 inputs=2 range=260 l0only=1
2026-10-02T19:39:29.994Z kv-compact: end bytes=4024000 ms=9 l0=263 l1=301 rc=0
2026-10-02T19:39:29.994Z kv-compact: start l0=263 inputs=2 range=261 l0only=1
2026-10-02T19:39:29.997Z raft-host: apply-sleep us=66698 group=2 idx=4501894 applied=4501892
2026-10-02T19:39:29.997Z report-split nrec=8193 pack_ms=93 push_ms=94 finish_ms=207 skip=0 stale=0 inval=0 rc=0 fail=-/0
2026-10-02T19:39:30.001Z kv-compact: end bytes=3560320 ms=7 l0=262 l1=301 rc=0
2026-10-02T19:39:30.001Z kv-compact: start l0=262 inputs=2 range=1 l0only=1
2026-10-02T19:39:30.006Z kv-compact: end bytes=1670400 ms=5 l0=261 l1=301 rc=0
2026-10-02T19:39:30.039Z kv-compact: start l0=271 inputs=2 range=263 l0only=1
2026-10-02T19:39:30.041Z raft-host: apply-sleep us=43097 group=0 idx=4266925 applied=4266924
2026-10-02T19:39:30.052Z report-split nrec=8195 pack_ms=91 push_ms=137 finish_ms=170 skip=0 stale=0 inval=0 rc=0 fail=-/0
2026-10-02T19:39:30.067Z kv-compact: end bytes=21571533 ms=28 l0=270 l1=301 rc=0
2026-10-02T19:39:30.068Z kv-compact: start l0=270 inputs=2 range=270 l0only=1
2026-10-02T19:39:30.098Z kv-compact: end bytes=19723381 ms=30 l0=269 l1=301 rc=0
2026-10-02T19:39:30.098Z kv-compact: start l0=269 inputs=2 range=267 l0only=1
2026-10-02T19:39:30.119Z kv-compact: end bytes=13179481 ms=21 l0=268 l1=301 rc=0
2026-10-02T19:39:30.119Z kv-compact: start l0=268 inputs=2 range=257 l0only=1
2026-10-02T19:39:30.139Z kv-compact: end bytes=12247395 ms=20 l0=267 l1=301 rc=0
2026-10-02T19:39:30.139Z kv-compact: start l0=267 inputs=2 range=258 l0only=1
2026-10-02T19:39:30.155Z kv-compact: end bytes=8821457 ms=15 l0=266 l1=301 rc=0
2026-10-02T19:39:30.155Z kv-compact: start l0=266 inputs=2 range=264 l0only=1
2026-10-02T19:39:30.166Z kv-compact: end bytes=5984543 ms=11 l0=265 l1=301 rc=0
2026-10-02T19:39:30.166Z kv-compact: start l0=265 inputs=2 range=2 l0only=1
2026-10-02T19:39:30.175Z kv-compact: end bytes=4853460 ms=9 l0=264 l1=301 rc=0
2026-10-02T19:39:30.175Z kv-compact: start l0=264 inputs=2 range=260 l0only=1
2026-10-02T19:39:30.184Z kv-compact: end bytes=4239988 ms=9 l0=263 l1=301 rc=0
2026-10-02T19:39:30.184Z kv-compact: start l0=263 inputs=2 range=261 l0only=1
2026-10-02T19:39:30.192Z kv-compact: end bytes=3766078 ms=8 l0=262 l1=301 rc=0
2026-10-02T19:39:30.192Z kv-compact: start l0=262 inputs=2 range=1 l0only=1
2026-10-02T19:39:30.196Z kv-compact: end bytes=2045758 ms=4 l0=261 l1=301 rc=0
2026-10-02T19:39:30.236Z kv-compact: start l0=271 inputs=2 range=263 l0only=1
2026-10-02T19:39:30.264Z kv-compact: end bytes=21700433 ms=28 l0=270 l1=301 rc=0
2026-10-02T19:39:30.264Z kv-compact: start l0=270 inputs=2 range=270 l0only=1
2026-10-02T19:39:30.294Z kv-compact: end bytes=19861297 ms=31 l0=269 l1=301 rc=0
2026-10-02T19:39:30.295Z kv-compact: start l0=269 inputs=2 range=267 l0only=1
2026-10-02T19:39:30.315Z kv-compact: end bytes=13271425 ms=20 l0=268 l1=301 rc=0
2026-10-02T19:39:30.315Z kv-compact: start l0=268 inputs=2 range=257 l0only=1
2026-10-02T19:39:30.332Z raft-host: gc-pass ms=6 reap=0 frag=0 spread=0 recover=0 fscans=0 fsegs=0 fkeys=0 femit=0 ftomb=0 scans=0 segs=0 keys=0 emit=0 tomb=0
2026-10-02T19:39:30.335Z kv-compact: end bytes=12362912 ms=20 l0=267 l1=301 rc=0
2026-10-02T19:39:30.335Z kv-compact: start l0=267 inputs=2 range=258 l0only=1
2026-10-02T19:39:30.350Z kv-compact: end bytes=8823872 ms=15 l0=266 l1=301 rc=0
2026-10-02T19:39:30.350Z kv-compact: start l0=266 inputs=2 range=264 l0only=1
2026-10-02T19:39:30.361Z kv-compact: end bytes=5988890 ms=11 l0=265 l1=301 rc=0
2026-10-02T19:39:30.361Z kv-compact: start l0=265 inputs=2 range=2 l0only=1
2026-10-02T19:39:30.372Z kv-compact: end bytes=5967060 ms=11 l0=264 l1=301 rc=0
2026-10-02T19:39:30.372Z kv-compact: start l0=264 inputs=2 range=260 l0only=1
2026-10-02T19:39:30.380Z kv-compact: end bytes=4328229 ms=8 l0=263 l1=301 rc=0
2026-10-02T19:39:30.380Z kv-compact: start l0=263 inputs=2 range=261 l0only=1
2026-10-02T19:39:30.387Z kv-compact: end bytes=3769298 ms=7 l0=262 l1=301 rc=0
2026-10-02T19:39:30.387Z kv-compact: start l0=262 inputs=2 range=1 l0only=1
2026-10-02T19:39:30.393Z kv-compact: end bytes=3275008 ms=6 l0=261 l1=301 rc=0
2026-10-02T19:39:30.484Z kv-compact: start l0=271 inputs=5 range=263 l0only=0
2026-10-02T19:39:30.545Z report-split nrec=8195 pack_ms=27 push_ms=36 finish_ms=82 skip=0 stale=0 inval=0 rc=0 fail=-/0
2026-10-02T19:39:30.758Z kv-compact: end bytes=184049428 ms=274 l0=279 l1=301 rc=0
2026-10-02T19:39:30.758Z kv-compact: start l0=279 inputs=4 range=2 l0only=0
2026-10-02T19:39:30.783Z raft-host: apply-sleep us=28886 group=0 idx=4266951 applied=4266949
2026-10-02T19:39:30.832Z raft-host: apply-sleep us=49721 group=2 idx=4501920 applied=4501918
2026-10-02T19:39:30.833Z report-split nrec=8192 pack_ms=76 push_ms=25 finish_ms=98 skip=0 stale=0 inval=0 rc=0 fail=-/0
2026-10-02T19:39:30.855Z kv-compact: end bytes=63845774 ms=97 l0=276 l1=301 rc=0
2026-10-02T19:39:30.856Z kv-compact: start l0=276 inputs=3 range=270 l0only=1
2026-10-02T19:39:30.888Z kv-compact: end bytes=20365736 ms=32 l0=274 l1=301 rc=0
2026-10-02T19:39:30.888Z kv-compact: start l0=274 inputs=3 range=267 l0only=1
2026-10-02T19:39:30.912Z kv-compact: end bytes=13706956 ms=24 l0=272 l1=301 rc=0
2026-10-02T19:39:30.912Z kv-compact: start l0=272 inputs=3 range=257 l0only=1
2026-10-02T19:39:30.920Z raft-host: apply-sleep us=32017 group=2 idx=4501922 applied=4501920
2026-10-02T19:39:30.933Z kv-compact: end bytes=12738571 ms=21 l0=270 l1=301 rc=0
2026-10-02T19:39:30.933Z kv-compact: start l0=270 inputs=3 range=258 l0only=1
2026-10-02T19:39:30.956Z kv-compact: end bytes=8906465 ms=23 l0=278 l1=301 rc=0
2026-10-02T19:39:30.956Z kv-compact: start l0=278 inputs=4 range=264 l0only=1
2026-10-02T19:39:30.970Z kv-compact: end bytes=6647976 ms=14 l0=275 l1=301 rc=0
2026-10-02T19:39:30.970Z kv-compact: start l0=275 inputs=4 range=1 l0only=1
2026-10-02T19:39:30.977Z raft-host: apply-sleep us=56780 group=0 idx=4266954 applied=4266953
2026-10-02T19:39:30.977Z raft-host: apply-sleep us=128364 group=0 idx=4266954 applied=4266951
2026-10-02T19:39:30.977Z report-split nrec=8192 pack_ms=69 push_ms=38 finish_ms=131 skip=0 stale=0 inval=0 rc=0 fail=-/0
2026-10-02T19:39:30.981Z kv-compact: end bytes=5576448 ms=11 l0=272 l1=301 rc=0
2026-10-02T19:39:30.981Z kv-compact: start l0=272 inputs=4 range=260 l0only=1
2026-10-02T19:39:30.992Z kv-compact: end bytes=4837894 ms=11 l0=269 l1=301 rc=0
2026-10-02T19:39:30.992Z kv-compact: start l0=269 inputs=4 range=261 l0only=1
2026-10-02T19:39:31.001Z kv-compact: end bytes=4182759 ms=9 l0=266 l1=301 rc=0
2026-10-02T19:39:31.001Z kv-compact: start l0=266 inputs=2 range=270 l0only=1
2026-10-02T19:39:31.032Z kv-compact: end bytes=20976818 ms=31 l0=265 l1=301 rc=0
2026-10-02T19:39:31.032Z kv-compact: start l0=265 inputs=2 range=267 l0only=1
2026-10-02T19:39:31.056Z kv-compact: end bytes=14200669 ms=24 l0=264 l1=301 rc=0
2026-10-02T19:39:31.056Z kv-compact: start l0=264 inputs=2 range=257 l0only=1
2026-10-02T19:39:31.075Z raft-host: apply-sleep us=39019 group=2 idx=4501928 applied=4501927
2026-10-02T19:39:31.078Z kv-compact: end bytes=13050750 ms=22 l0=263 l1=301 rc=0
2026-10-02T19:39:31.078Z kv-compact: start l0=263 inputs=2 range=258 l0only=1
2026-10-02T19:39:31.093Z kv-compact: end bytes=9043959 ms=15 l0=262 l1=301 rc=0
2026-10-02T19:39:31.093Z kv-compact: start l0=262 inputs=2 range=263 l0only=1
2026-10-02T19:39:31.095Z kv-compact: end bytes=132141 ms=2 l0=261 l1=301 rc=0
2026-10-02T19:39:31.104Z raft-host: apply-sleep us=28966 group=0 idx=4266958 applied=4266957
2026-10-02T19:39:31.171Z kv-compact: start l0=271 inputs=2 range=270 l0only=1
2026-10-02T19:39:31.196Z raft-host: apply-sleep us=22549 group=2 idx=4501932 applied=4501930
2026-10-02T19:39:31.196Z report-split nrec=8192 pack_ms=74 push_ms=28 finish_ms=116 skip=0 stale=0 inval=0 rc=0 fail=-/0
2026-10-02T19:39:31.204Z kv-compact: end bytes=21362983 ms=33 l0=270 l1=301 rc=0
2026-10-02T19:39:31.204Z kv-compact: start l0=270 inputs=2 range=267 l0only=1
2026-10-02T19:39:31.226Z kv-compact: end bytes=14522843 ms=22 l0=269 l1=301 rc=0
2026-10-02T19:39:31.226Z kv-compact: start l0=269 inputs=2 range=257 l0only=1
2026-10-02T19:39:31.248Z kv-compact: end bytes=13271407 ms=22 l0=268 l1=301 rc=0
2026-10-02T19:39:31.248Z kv-compact: start l0=268 inputs=2 range=258 l0only=1
2026-10-02T19:39:31.263Z kv-compact: end bytes=9162059 ms=16 l0=267 l1=301 rc=0
2026-10-02T19:39:31.264Z kv-compact: start l0=267 inputs=2 range=264 l0only=1
2026-10-02T19:39:31.276Z kv-compact: end bytes=6825002 ms=12 l0=266 l1=301 rc=0
2026-10-02T19:39:31.276Z kv-compact: start l0=266 inputs=2 range=1 l0only=1
2026-10-02T19:39:31.282Z raft-host: apply-sleep us=52351 group=2 idx=4501934 applied=4501932
2026-10-02T19:39:31.287Z kv-compact: end bytes=6320234 ms=11 l0=265 l1=301 rc=0
2026-10-02T19:39:31.287Z kv-compact: start l0=265 inputs=2 range=260 l0only=1
2026-10-02T19:39:31.297Z kv-compact: end bytes=4943671 ms=10 l0=264 l1=301 rc=0
2026-10-02T19:39:31.297Z kv-compact: start l0=264 inputs=2 range=261 l0only=1
2026-10-02T19:39:31.306Z kv-compact: end bytes=4379836 ms=9 l0=263 l1=301 rc=0
2026-10-02T19:39:31.306Z kv-compact: start l0=263 inputs=2 range=2 l0only=1
2026-10-02T19:39:31.309Z kv-compact: end bytes=1113600 ms=3 l0=262 l1=301 rc=0
2026-10-02T19:39:31.309Z kv-compact: start l0=262 inputs=2 range=263 l0only=1
2026-10-02T19:39:31.312Z kv-compact: end bytes=197440 ms=3 l0=261 l1=301 rc=0
2026-10-02T19:39:31.352Z raft-host: gc-pass ms=17 reap=0 frag=0 spread=0 recover=0 fscans=0 fsegs=0 fkeys=0 femit=0 ftomb=0 scans=0 segs=0 keys=0 emit=0 tomb=0
2026-10-02T19:39:31.391Z kv-compact: start l0=271 inputs=2 range=270 l0only=1
2026-10-02T19:39:31.394Z raft-host: apply-sleep us=40626 group=2 idx=4501938 applied=4501936
2026-10-02T19:39:31.394Z raft-host: apply-sleep us=94890 group=0 idx=4266970 applied=4266968
2026-10-02T19:39:31.395Z report-split nrec=8193 pack_ms=94 push_ms=52 finish_ms=142 skip=0 stale=0 inval=0 rc=0 fail=-/0
2026-10-02T19:39:31.425Z kv-compact: end bytes=21825871 ms=33 l0=270 l1=301 rc=0
2026-10-02T19:39:31.425Z kv-compact: start l0=270 inputs=2 range=267 l0only=1
2026-10-02T19:39:31.432Z raft-host: apply-sleep us=37491 group=0 idx=4266973 applied=4266972
2026-10-02T19:39:31.449Z kv-compact: end bytes=14885341 ms=24 l0=269 l1=301 rc=0
2026-10-02T19:39:31.449Z kv-compact: start l0=269 inputs=2 range=257 l0only=1
2026-10-02T19:39:31.471Z kv-compact: end bytes=13491655 ms=22 l0=268 l1=301 rc=0
2026-10-02T19:39:31.471Z kv-compact: start l0=268 inputs=2 range=258 l0only=1
2026-10-02T19:39:31.486Z kv-compact: end bytes=9301733 ms=15 l0=267 l1=301 rc=0
2026-10-02T19:39:31.486Z kv-compact: start l0=267 inputs=2 range=264 l0only=1
2026-10-02T19:39:31.491Z raft-host: apply-sleep us=35106 group=2 idx=4501941 applied=4501940
2026-10-02T19:39:31.491Z raft-host: apply-sleep us=27153 group=2 idx=4501942 applied=4501940
2026-10-02T19:39:31.499Z kv-compact: end bytes=7086061 ms=14 l0=266 l1=301 rc=0
2026-10-02T19:39:31.500Z kv-compact: start l0=266 inputs=2 range=1 l0only=1
2026-10-02T19:39:31.512Z kv-compact: end bytes=6883964 ms=12 l0=265 l1=301 rc=0
2026-10-02T19:39:31.512Z kv-compact: start l0=265 inputs=2 range=260 l0only=1
2026-10-02T19:39:31.523Z kv-compact: end bytes=5178248 ms=11 l0=264 l1=301 rc=0
2026-10-02T19:39:31.523Z kv-compact: start l0=264 inputs=2 range=261 l0only=1
2026-10-02T19:39:31.532Z kv-compact: end bytes=4567971 ms=9 l0=263 l1=301 rc=0
2026-10-02T19:39:31.532Z kv-compact: start l0=263 inputs=2 range=2 l0only=1
2026-10-02T19:39:31.536Z kv-compact: end bytes=1744640 ms=4 l0=262 l1=301 rc=0
2026-10-02T19:39:31.536Z kv-compact: start l0=262 inputs=2 range=263 l0only=1
2026-10-02T19:39:31.538Z kv-compact: end bytes=266603 ms=2 l0=261 l1=301 rc=0
2026-10-02T19:39:31.544Z raft-host: apply-sleep us=52649 group=0 idx=4266976 applied=4266974
2026-10-02T19:39:31.544Z report-split nrec=8193 pack_ms=80 push_ms=59 finish_ms=104 skip=0 stale=0 inval=0 rc=0 fail=-/0
2026-10-02T19:39:31.544Z raft-host: apply-sleep us=52615 group=0 idx=4266976 applied=4266974
2026-10-02T19:39:31.544Z raft-host: apply-sleep us=51141 group=0 idx=4266976 applied=4266974
2026-10-02T19:39:31.648Z kv-compact: start l0=271 inputs=3 range=1 l0only=0
2026-10-02T19:39:31.740Z kv-compact: end bytes=64514560 ms=93 l0=269 l1=301 rc=0
2026-10-02T19:39:31.741Z kv-compact: start l0=269 inputs=2 range=270 l0only=1
2026-10-02T19:39:31.777Z kv-compact: end bytes=22384950 ms=36 l0=268 l1=301 rc=0
2026-10-02T19:39:31.777Z kv-compact: start l0=268 inputs=2 range=267 l0only=1
2026-10-02T19:39:31.784Z raft-host: apply-sleep us=95655 group=2 idx=4501947 applied=4501946
2026-10-02T19:39:31.801Z kv-compact: end bytes=15303223 ms=24 l0=267 l1=301 rc=0
2026-10-02T19:39:31.801Z kv-compact: start l0=267 inputs=2 range=257 l0only=1
2026-10-02T19:39:31.823Z kv-compact: end bytes=13750704 ms=22 l0=266 l1=301 rc=0
2026-10-02T19:39:31.823Z kv-compact: start l0=266 inputs=2 range=258 l0only=1
2026-10-02T19:39:31.839Z kv-compact: end bytes=9459922 ms=15 l0=265 l1=301 rc=0
2026-10-02T19:39:31.839Z kv-compact: start l0=265 inputs=2 range=264 l0only=1
2026-10-02T19:39:31.845Z raft-host: apply-sleep us=60930 group=0 idx=4266981 applied=4266979
2026-10-02T19:39:31.845Z report-split nrec=8192 pack_ms=74 push_ms=40 finish_ms=296 skip=0 stale=0 inval=0 rc=0 fail=-/0
2026-10-02T19:39:31.853Z kv-compact: end bytes=7368779 ms=14 l0=264 l1=301 rc=0
2026-10-02T19:39:31.853Z kv-compact: start l0=264 inputs=2 range=260 l0only=1
2026-10-02T19:39:31.863Z kv-compact: end bytes=5409605 ms=11 l0=263 l1=301 rc=0
2026-10-02T19:39:31.864Z kv-compact: start l0=263 inputs=2 range=261 l0only=1
2026-10-02T19:39:31.873Z kv-compact: end bytes=4783315 ms=9 l0=262 l1=301 rc=0
2026-10-02T19:39:31.873Z kv-compact: start l0=262 inputs=2 range=2 l0only=1
2026-10-02T19:39:31.878Z kv-compact: end bytes=2227200 ms=5 l0=261 l1=301 rc=0
2026-10-02T19:39:31.878Z kv-compact: start l0=261 inputs=2 range=263 l0only=1
2026-10-02T19:39:31.880Z kv-compact: end bytes=352121 ms=2 l0=260 l1=301 rc=0
2026-10-02T19:39:31.910Z kv-compact: start l0=270 inputs=5 range=270 l0only=0
2026-10-02T19:39:32.079Z raft-host: apply-sleep us=63777 group=0 idx=4266989 applied=4266987
2026-10-02T19:39:32.079Z report-split nrec=8192 pack_ms=122 push_ms=121 finish_ms=291 skip=0 stale=0 inval=0 rc=0 fail=-/0
2026-10-02T19:39:32.079Z raft-host: apply-sleep us=63655 group=0 idx=4266990 applied=4266987
2026-10-02T19:39:32.079Z report-split nrec=8193 pack_ms=146 push_ms=95 finish_ms=292 skip=0 stale=0 inval=0 rc=0 fail=-/0
2026-10-02T19:39:32.118Z raft-host: apply-sleep us=37784 group=2 idx=4501958 applied=4501957
2026-10-02T19:39:32.118Z raft-host: apply-sleep us=24330 group=2 idx=4501959 applied=4501957
2026-10-02T19:39:32.133Z report-split nrec=8192 pack_ms=118 push_ms=132 finish_ms=192 skip=0 stale=0 inval=0 rc=0 fail=-/0
2026-10-02T19:39:32.207Z kv-compact: end bytes=185617902 ms=297 l0=278 l1=301 rc=0
2026-10-02T19:39:32.207Z kv-compact: start l0=278 inputs=3 range=267 l0only=1
2026-10-02T19:39:32.234Z kv-compact: end bytes=16197108 ms=27 l0=276 l1=301 rc=0
2026-10-02T19:39:32.234Z kv-compact: start l0=276 inputs=3 range=257 l0only=1
2026-10-02T19:39:32.260Z kv-compact: end bytes=14347618 ms=25 l0=274 l1=301 rc=0
2026-10-02T19:39:32.260Z kv-compact: start l0=274 inputs=3 range=258 l0only=1
2026-10-02T19:39:32.270Z raft-host: apply-sleep us=23894 group=0 idx=4266998 applied=4266997
2026-10-02T19:39:32.277Z kv-compact: end bytes=9750292 ms=17 l0=272 l1=301 rc=0
2026-10-02T19:39:32.277Z kv-compact: start l0=272 inputs=3 range=264 l0only=1
2026-10-02T19:39:32.291Z kv-compact: end bytes=7888668 ms=14 l0=270 l1=301 rc=0
2026-10-02T19:39:32.291Z kv-compact: start l0=270 inputs=3 range=260 l0only=1
2026-10-02T19:39:32.302Z kv-compact: end bytes=6117770 ms=11 l0=268 l1=301 rc=0
2026-10-02T19:39:32.302Z kv-compact: start l0=268 inputs=3 range=261 l0only=1
2026-10-02T19:39:32.313Z kv-compact: end bytes=5155386 ms=11 l0=266 l1=301 rc=0
2026-10-02T19:39:32.313Z kv-compact: start l0=266 inputs=3 range=2 l0only=1
2026-10-02T19:39:32.319Z kv-compact: end bytes=3118100 ms=6 l0=264 l1=301 rc=0
2026-10-02T19:39:32.319Z kv-compact: start l0=264 inputs=3 range=263 l0only=1
2026-10-02T19:39:32.321Z kv-compact: end bytes=611521 ms=2 l0=262 l1=301 rc=0
2026-10-02T19:39:32.321Z kv-compact: start l0=262 inputs=2 range=1 l0only=1
2026-10-02T19:39:32.324Z kv-compact: end bytes=816640 ms=3 l0=261 l1=301 rc=0
2026-10-02T19:39:32.354Z kv-compact: start l0=271 inputs=2 range=267 l0only=1
2026-10-02T19:39:32.377Z raft-host: apply-sleep us=118777 group=2 idx=4501963 applied=4501962
2026-10-02T19:39:32.377Z raft-host: gc-pass ms=22 reap=0 frag=0 spread=0 recover=0 fscans=0 fsegs=0 fkeys=0 femit=0 ftomb=0 scans=0 segs=0 keys=0 emit=0 tomb=0
2026-10-02T19:39:32.382Z kv-compact: end bytes=16461805 ms=28 l0=270 l1=301 rc=0
2026-10-02T19:39:32.382Z kv-compact: start l0=270 inputs=2 range=257 l0only=1
2026-10-02T19:39:32.406Z kv-compact: end bytes=14564176 ms=24 l0=269 l1=301 rc=0
2026-10-02T19:39:32.406Z kv-compact: start l0=269 inputs=2 range=258 l0only=1
2026-10-02T19:39:32.423Z kv-compact: end bytes=9806803 ms=17 l0=268 l1=301 rc=0
2026-10-02T19:39:32.423Z kv-compact: start l0=268 inputs=2 range=264 l0only=1
2026-10-02T19:39:32.437Z kv-compact: end bytes=8000724 ms=14 l0=267 l1=301 rc=0
2026-10-02T19:39:32.437Z kv-compact: start l0=267 inputs=2 range=260 l0only=1
2026-10-02T19:39:32.447Z raft-obs: tx->0 enq=21620 drop=0 sent=21319 fail=0 hi=6 rtt_avg=28us get_avg=0us get_max=3ms
2026-10-02T19:39:32.447Z raft-host: apply-sleep us=70512 group=0 idx=4267001 applied=4266999
2026-10-02T19:39:32.448Z raft-obs: tx->3 enq=21492 drop=0 sent=21206 fail=0 hi=6 rtt_avg=29us get_avg=0us get_max=2ms
2026-10-02T19:39:32.448Z raft-obs: wait_timeouts=0 pump_hold_max=105833us lock_wait_max=1us drain_max=105832us tick_max=4us apply_max=104919us persist_max=16516us applies_in_worst=7 arc_miss=0 arc_term_miss=0 opid_replay=0 fin_q=0 fin_done=0 fin_drop=0 fin_full=0 pub_p50=115308us pub_max=235715us inbox_drop=0
2026-10-02T19:39:32.449Z kv-compact: end bytes=6329337 ms=12 l0=266 l1=301 rc=0
2026-10-02T19:39:32.449Z kv-compact: start l0=266 inputs=2 range=261 l0only=1
2026-10-02T19:39:32.459Z kv-compact: end bytes=5240394 ms=10 l0=265 l1=301 rc=0
2026-10-02T19:39:32.459Z kv-compact: start l0=265 inputs=2 range=2 l0only=1
2026-10-02T19:39:32.466Z kv-compact: end bytes=3897620 ms=7 l0=264 l1=301 rc=0
2026-10-02T19:39:32.466Z kv-compact: start l0=264 inputs=2 range=1 l0only=1
2026-10-02T19:39:32.471Z kv-compact: end bytes=1744640 ms=5 l0=263 l1=301 rc=0
2026-10-02T19:39:32.471Z kv-compact: start l0=263 inputs=2 range=270 l0only=1
2026-10-02T19:39:32.474Z kv-compact: end bytes=716932 ms=3 l0=262 l1=301 rc=0
2026-10-02T19:39:32.474Z kv-compact: start l0=262 inputs=2 range=263 l0only=1
2026-10-02T19:39:32.478Z kv-compact: end bytes=709373 ms=4 l0=261 l1=301 rc=0
2026-10-02T19:39:32.571Z kv-compact: start l0=271 inputs=2 range=267 l0only=1
2026-10-02T19:39:32.597Z kv-compact: end bytes=16793391 ms=26 l0=270 l1=301 rc=0
2026-10-02T19:39:32.597Z kv-compact: start l0=270 inputs=2 range=257 l0only=1
2026-10-02T19:39:32.618Z raft-host: apply-sleep us=73792 group=0 idx=4267009 applied=4267005
2026-10-02T19:39:32.618Z raft-host: apply-sleep us=72063 group=2 idx=4501969 applied=4501968
2026-10-02T19:39:32.621Z kv-compact: end bytes=14832898 ms=24 l0=269 l1=301 rc=0
2026-10-02T19:39:32.621Z kv-compact: start l0=269 inputs=2 range=258 l0only=1
2026-10-02T19:39:32.637Z kv-compact: end bytes=9892938 ms=16 l0=268 l1=301 rc=0
2026-10-02T19:39:32.637Z kv-compact: start l0=268 inputs=2 range=264 l0only=1
2026-10-02T19:39:32.652Z kv-compact: end bytes=8234422 ms=15 l0=267 l1=301 rc=0
2026-10-02T19:39:32.652Z kv-compact: start l0=267 inputs=2 range=260 l0only=1
2026-10-02T19:39:32.663Z kv-compact: end bytes=6662211 ms=11 l0=266 l1=301 rc=0
2026-10-02T19:39:32.663Z kv-compact: start l0=266 inputs=2 range=261 l0only=1
2026-10-02T19:39:32.673Z kv-compact: end bytes=5369838 ms=10 l0=265 l1=301 rc=0
2026-10-02T19:39:32.673Z kv-compact: start l0=265 inputs=2 range=2 l0only=1
2026-10-02T19:39:32.681Z kv-compact: end bytes=4640020 ms=8 l0=264 l1=301 rc=0
2026-10-02T19:39:32.681Z kv-compact: start l0=264 inputs=2 range=1 l0only=1
2026-10-02T19:39:32.685Z kv-compact: end bytes=2302826 ms=4 l0=263 l1=301 rc=0
2026-10-02T19:39:32.685Z kv-compact: start l0=263 inputs=2 range=270 l0only=1
2026-10-02T19:39:32.688Z kv-compact: end bytes=1046900 ms=4 l0=262 l1=301 rc=0
2026-10-02T19:39:32.689Z kv-compact: start l0=262 inputs=2 range=263 l0only=1
2026-10-02T19:39:32.691Z kv-compact: end bytes=806561 ms=2 l0=261 l1=301 rc=0
2026-10-02T19:39:32.722Z raft-host: apply-sleep us=103593 group=2 idx=4501971 applied=4501970
2026-10-02T19:39:32.722Z report-split nrec=8195 pack_ms=179 push_ms=60 finish_ms=334 skip=0 stale=0 inval=0 rc=0 fail=-/0
2026-10-02T19:39:32.722Z raft-host: apply-sleep us=103584 group=0 idx=4267012 applied=4267010
2026-10-02T19:39:32.722Z report-split nrec=8192 pack_ms=161 push_ms=93 finish_ms=332 skip=0 stale=0 inval=0 rc=0 fail=-/0
2026-10-02T19:39:32.776Z kv-compact: start l0=271 inputs=2 range=267 l0only=1
2026-10-02T19:39:32.799Z raft-host: apply-sleep us=50509 group=2 idx=4501975 applied=4501972
2026-10-02T19:39:32.799Z raft-host: apply-sleep us=42981 group=2 idx=4501975 applied=4501972
2026-10-02T19:39:32.802Z kv-compact: end bytes=17212883 ms=26 l0=270 l1=301 rc=0
2026-10-02T19:39:32.802Z kv-compact: start l0=270 inputs=2 range=257 l0only=1
2026-10-02T19:39:32.827Z kv-compact: end bytes=15141461 ms=25 l0=269 l1=301 rc=0
2026-10-02T19:39:32.827Z kv-compact: start l0=269 inputs=2 range=258 l0only=1
2026-10-02T19:39:32.829Z raft-host: apply-sleep us=30064 group=0 idx=4267022 applied=4267019
2026-10-02T19:39:32.829Z raft-host: apply-sleep us=30047 group=0 idx=4267022 applied=4267019
2026-10-02T19:39:32.829Z raft-host: apply-sleep us=30114 group=0 idx=4267020 applied=4267019
2026-10-02T19:39:32.829Z report-split nrec=8192 pack_ms=171 push_ms=107 finish_ms=279 skip=0 stale=0 inval=0 rc=0 fail=-/0
2026-10-02T19:39:32.845Z kv-compact: end bytes=10009824 ms=18 l0=268 l1=301 rc=0
2026-10-02T19:39:32.845Z kv-compact: start l0=268 inputs=2 range=264 l0only=1
2026-10-02T19:39:32.860Z kv-compact: end bytes=8617206 ms=15 l0=267 l1=301 rc=0
2026-10-02T19:39:32.860Z kv-compact: start l0=267 inputs=2 range=260 l0only=1
2026-10-02T19:39:32.874Z kv-compact: end bytes=6974477 ms=14 l0=266 l1=301 rc=0
2026-10-02T19:39:32.874Z kv-compact: start l0=266 inputs=2 range=261 l0only=1
2026-10-02T19:39:32.884Z kv-compact: end bytes=5545811 ms=10 l0=265 l1=301 rc=0
2026-10-02T19:39:32.884Z kv-compact: start l0=265 inputs=2 range=2 l0only=1
2026-10-02T19:39:32.892Z kv-compact: end bytes=5011220 ms=8 l0=264 l1=301 rc=0
2026-10-02T19:39:32.892Z kv-compact: start l0=264 inputs=2 range=1 l0only=1
2026-10-02T19:39:32.898Z kv-compact: end bytes=2866688 ms=6 l0=263 l1=301 rc=0
2026-10-02T19:39:32.898Z kv-compact: start l0=263 inputs=2 range=270 l0only=1
2026-10-02T19:39:32.902Z kv-compact: end bytes=1474407 ms=4 l0=262 l1=301 rc=0
2026-10-02T19:39:32.902Z kv-compact: start l0=262 inputs=2 range=263 l0only=1
2026-10-02T19:39:32.904Z kv-compact: end bytes=898747 ms=3 l0=261 l1=301 rc=0
2026-10-02T19:39:32.940Z raft-host: apply-sleep us=85620 group=2 idx=4501979 applied=4501977
2026-10-02T19:39:32.940Z report-split nrec=8192 pack_ms=121 push_ms=152 finish_ms=215 skip=0 stale=0 inval=0 rc=0 fail=-/0
2026-10-02T19:39:32.988Z kv-compact: start l0=271 inputs=2 range=267 l0only=1
2026-10-02T19:39:33.016Z kv-compact: end bytes=17498027 ms=28 l0=270 l1=301 rc=0
2026-10-02T19:39:33.016Z kv-compact: start l0=270 inputs=2 range=257 l0only=1
2026-10-02T19:39:33.041Z kv-compact: end bytes=15333943 ms=25 l0=269 l1=301 rc=0
2026-10-02T19:39:33.041Z kv-compact: start l0=269 inputs=2 range=258 l0only=1
2026-10-02T19:39:33.058Z kv-compact: end bytes=10073580 ms=17 l0=268 l1=301 rc=0
2026-10-02T19:39:33.058Z kv-compact: start l0=268 inputs=2 range=264 l0only=1
2026-10-02T19:39:33.074Z kv-compact: end bytes=8876674 ms=16 l0=267 l1=301 rc=0
2026-10-02T19:39:33.074Z kv-compact: start l0=267 inputs=2 range=260 l0only=1
2026-10-02T19:39:33.087Z kv-compact: end bytes=7161968 ms=14 l0=266 l1=301 rc=0
2026-10-02T19:39:33.088Z kv-compact: start l0=266 inputs=2 range=2 l0only=1
2026-10-02T19:39:33.098Z kv-compact: end bytes=5837140 ms=10 l0=265 l1=301 rc=0
2026-10-02T19:39:33.098Z kv-compact: start l0=265 inputs=2 range=261 l0only=1
2026-10-02T19:39:33.109Z kv-compact: end bytes=5683070 ms=11 l0=264 l1=301 rc=0
2026-10-02T19:39:33.109Z kv-compact: start l0=264 inputs=2 range=1 l0only=1
2026-10-02T19:39:33.116Z kv-compact: end bytes=3609088 ms=7 l0=263 l1=301 rc=0
2026-10-02T19:39:33.116Z kv-compact: start l0=263 inputs=2 range=270 l0only=1
2026-10-02T19:39:33.120Z kv-compact: end bytes=1787825 ms=4 l0=262 l1=301 rc=0
2026-10-02T19:39:33.120Z kv-compact: start l0=262 inputs=2 range=263 l0only=1
2026-10-02T19:39:33.123Z kv-compact: end bytes=952691 ms=3 l0=261 l1=301 rc=0
2026-10-02T19:39:33.205Z kv-compact: start l0=271 inputs=2 range=267 l0only=1
2026-10-02T19:39:33.233Z kv-compact: end bytes=17902546 ms=28 l0=270 l1=301 rc=0
2026-10-02T19:39:33.233Z kv-compact: start l0=270 inputs=2 range=257 l0only=1
2026-10-02T19:39:33.254Z raft-host: apply-sleep us=34312 group=0 idx=4267034 applied=4267033
2026-10-02T19:39:33.258Z kv-compact: end bytes=15627372 ms=25 l0=269 l1=301 rc=0
2026-10-02T19:39:33.258Z kv-compact: start l0=269 inputs=2 range=258 l0only=1
2026-10-02T19:39:33.266Z report-split nrec=8307 pack_ms=167 push_ms=140 finish_ms=127 skip=0 stale=0 inval=0 rc=0 fail=-/0
2026-10-02T19:39:33.274Z kv-compact: end bytes=10185636 ms=16 l0=268 l1=301 rc=0
2026-10-02T19:39:33.274Z kv-compact: start l0=268 inputs=2 range=264 l0only=1
2026-10-02T19:39:33.280Z raft-host: apply-sleep us=25662 group=0 idx=4267036 applied=4267034
2026-10-02T19:39:33.280Z report-split nrec=9423 pack_ms=189 push_ms=130 finish_ms=129 skip=0 stale=0 inval=0 rc=0 fail=-/0
2026-10-02T19:39:33.290Z kv-compact: end bytes=9251683 ms=16 l0=267 l1=301 rc=0
2026-10-02T19:39:33.290Z kv-compact: start l0=267 inputs=2 range=260 l0only=1
2026-10-02T19:39:33.304Z kv-compact: end bytes=7466097 ms=14 l0=266 l1=301 rc=0
2026-10-02T19:39:33.304Z kv-compact: start l0=266 inputs=2 range=2 l0only=1
2026-10-02T19:39:33.314Z kv-compact: end bytes=6310420 ms=10 l0=265 l1=301 rc=0
2026-10-02T19:39:33.314Z kv-compact: start l0=265 inputs=2 range=261 l0only=1
2026-10-02T19:39:33.325Z kv-compact: end bytes=5892457 ms=11 l0=264 l1=301 rc=0
2026-10-02T19:39:33.325Z kv-compact: start l0=264 inputs=2 range=1 l0only=1
2026-10-02T19:39:33.333Z kv-compact: end bytes=4119488 ms=8 l0=263 l1=301 rc=0
2026-10-02T19:39:33.333Z kv-compact: start l0=263 inputs=2 range=270 l0only=1
2026-10-02T19:39:33.338Z kv-compact: end bytes=2209823 ms=5 l0=262 l1=301 rc=0
2026-10-02T19:39:33.338Z kv-compact: start l0=262 inputs=2 range=263 l0only=1
2026-10-02T19:39:33.341Z kv-compact: end bytes=1037565 ms=3 l0=261 l1=301 rc=0
2026-10-02T19:39:33.387Z raft-host: gc-pass ms=7 reap=0 frag=0 spread=0 recover=0 fscans=0 fsegs=0 fkeys=0 femit=0 ftomb=0 scans=0 segs=0 keys=0 emit=0 tomb=0
2026-10-02T19:39:33.409Z kv-compact: start l0=271 inputs=2 range=267 l0only=1
2026-10-02T19:39:33.436Z kv-compact: end bytes=18145186 ms=27 l0=270 l1=301 rc=0
2026-10-02T19:39:33.436Z kv-compact: start l0=270 inputs=2 range=257 l0only=1
2026-10-02T19:39:33.461Z kv-compact: end bytes=15778799 ms=25 l0=269 l1=301 rc=0
2026-10-02T19:39:33.461Z kv-compact: start l0=269 inputs=2 range=258 l0only=1
2026-10-02T19:39:33.478Z kv-compact: end bytes=10275883 ms=17 l0=268 l1=301 rc=0
2026-10-02T19:39:33.478Z kv-compact: start l0=268 inputs=2 range=264 l0only=1
2026-10-02T19:39:33.493Z kv-compact: end bytes=9506833 ms=15 l0=267 l1=301 rc=0
2026-10-02T19:39:33.493Z kv-compact: start l0=267 inputs=2 range=260 l0only=1
2026-10-02T19:39:33.507Z kv-compact: end bytes=7567527 ms=14 l0=266 l1=301 rc=0
2026-10-02T19:39:33.507Z kv-compact: start l0=266 inputs=2 range=2 l0only=1
2026-10-02T19:39:33.518Z kv-compact: end bytes=7238420 ms=11 l0=265 l1=301 rc=0
2026-10-02T19:39:33.518Z kv-compact: start l0=265 inputs=2 range=261 l0only=1
2026-10-02T19:39:33.529Z kv-compact: end bytes=6049284 ms=11 l0=264 l1=301 rc=0
2026-10-02T19:39:33.529Z kv-compact: start l0=264 inputs=2 range=1 l0only=1
2026-10-02T19:39:33.538Z kv-compact: end bytes=4945408 ms=9 l0=263 l1=301 rc=0
2026-10-02T19:39:33.538Z kv-compact: start l0=263 inputs=2 range=270 l0only=1
2026-10-02T19:39:33.543Z kv-compact: end bytes=2451497 ms=5 l0=262 l1=301 rc=0
2026-10-02T19:39:33.543Z kv-compact: start l0=262 inputs=2 range=263 l0only=1
2026-10-02T19:39:33.546Z kv-compact: end bytes=1073790 ms=3 l0=261 l1=301 rc=0
2026-10-02T19:39:33.661Z kv-compact: start l0=268 inputs=3 range=2 l0only=0
2026-10-02T19:39:33.764Z kv-compact: end bytes=72197738 ms=103 l0=266 l1=302 rc=0
2026-10-02T19:39:33.764Z kv-compact: start l0=266 inputs=2 range=267 l0only=1
2026-10-02T19:39:33.793Z kv-compact: end bytes=18271964 ms=29 l0=265 l1=302 rc=0
2026-10-02T19:39:33.793Z kv-compact: start l0=265 inputs=2 range=258 l0only=1
2026-10-02T19:39:33.810Z kv-compact: end bytes=10402690 ms=17 l0=264 l1=302 rc=0
2026-10-02T19:39:33.810Z kv-compact: start l0=264 inputs=2 range=264 l0only=1
2026-10-02T19:39:33.828Z kv-compact: end bytes=9625192 ms=18 l0=263 l1=302 rc=0
2026-10-02T19:39:33.828Z kv-compact: start l0=263 inputs=2 range=1 l0only=1
2026-10-02T19:39:33.839Z kv-compact: end bytes=6207488 ms=11 l0=262 l1=302 rc=0
2026-10-02T19:39:33.839Z kv-compact: start l0=262 inputs=2 range=261 l0only=1
2026-10-02T19:39:33.849Z kv-compact: end bytes=6133822 ms=10 l0=261 l1=302 rc=0
2026-10-02T19:39:33.849Z kv-compact: start l0=261 inputs=2 range=270 l0only=1
2026-10-02T19:39:33.855Z kv-compact: end bytes=2536035 ms=6 l0=260 l1=302 rc=0
2026-10-02T19:39:33.912Z kv-compact: start l0=270 inputs=2 range=267 l0only=1
2026-10-02T19:39:33.938Z raft-host: apply-sleep us=37366 group=2 idx=4502010 applied=4502006
2026-10-02T19:39:33.938Z raft-host: apply-sleep us=65450 group=2 idx=4502008 applied=4502006
2026-10-02T19:39:33.938Z report-split nrec=8193 pack_ms=55 push_ms=21 finish_ms=197 skip=0 stale=0 inval=0 rc=0 fail=-/0
2026-10-02T19:39:33.941Z kv-compact: end bytes=18661539 ms=29 l0=269 l1=302 rc=0
2026-10-02T19:39:33.941Z kv-compact: start l0=269 inputs=2 range=257 l0only=1
2026-10-02T19:39:33.966Z kv-compact: end bytes=16062729 ms=25 l0=268 l1=302 rc=0
2026-10-02T19:39:33.966Z kv-compact: start l0=268 inputs=2 range=258 l0only=1
2026-10-02T19:39:33.979Z raft-host: apply-sleep us=41543 group=0 idx=4267059 applied=4267056
2026-10-02T19:39:33.979Z raft-host: apply-sleep us=40730 group=0 idx=4267058 applied=4267056
2026-10-02T19:39:33.983Z kv-compact: end bytes=10509755 ms=17 l0=267 l1=302 rc=0
2026-10-02T19:39:33.983Z kv-compact: start l0=267 inputs=2 range=264 l0only=1
2026-10-02T19:39:33.993Z report-split nrec=8193 pack_ms=73 push_ms=67 finish_ms=177 skip=0 stale=0 inval=0 rc=0 fail=-/0
2026-10-02T19:39:34.000Z kv-compact: end bytes=9994043 ms=17 l0=266 l1=302 rc=0
2026-10-02T19:39:34.000Z kv-compact: start l0=266 inputs=2 range=260 l0only=1
2026-10-02T19:39:34.013Z kv-compact: end bytes=7878344 ms=13 l0=265 l1=302 rc=0
2026-10-02T19:39:34.013Z kv-compact: start l0=265 inputs=2 range=1 l0only=1
2026-10-02T19:39:34.024Z kv-compact: end bytes=6638526 ms=11 l0=264 l1=302 rc=0
2026-10-02T19:39:34.024Z kv-compact: start l0=264 inputs=2 range=261 l0only=1
2026-10-02T19:39:34.036Z kv-compact: end bytes=6294822 ms=12 l0=263 l1=302 rc=0
2026-10-02T19:39:34.036Z kv-compact: start l0=263 inputs=2 range=270 l0only=1
2026-10-02T19:39:34.042Z kv-compact: end bytes=2942236 ms=6 l0=262 l1=302 rc=0
2026-10-02T19:39:34.042Z kv-compact: start l0=262 inputs=2 range=263 l0only=1
2026-10-02T19:39:34.045Z kv-compact: end bytes=1242046 ms=3 l0=261 l1=302 rc=0
2026-10-02T19:39:34.105Z kv-compact: start l0=271 inputs=2 range=267 l0only=1
2026-10-02T19:39:34.117Z raft-host: apply-sleep us=27509 group=0 idx=4267065 applied=4267064
2026-10-02T19:39:34.134Z kv-compact: end bytes=18925753 ms=30 l0=270 l1=302 rc=0
2026-10-02T19:39:34.135Z kv-compact: start l0=270 inputs=2 range=257 l0only=1
2026-10-02T19:39:34.161Z kv-compact: end bytes=16277677 ms=26 l0=269 l1=302 rc=0
2026-10-02T19:39:34.161Z kv-compact: start l0=269 inputs=2 range=258 l0only=1
2026-10-02T19:39:34.179Z kv-compact: end bytes=10566266 ms=18 l0=268 l1=302 rc=0
2026-10-02T19:39:34.179Z kv-compact: start l0=268 inputs=2 range=264 l0only=1
2026-10-02T19:39:34.182Z raft-host: apply-sleep us=51036 group=0 idx=4267067 applied=4267066
2026-10-02T19:39:34.182Z report-split nrec=8192 pack_ms=77 push_ms=35 finish_ms=88 skip=0 stale=0 inval=0 rc=0 fail=-/0
2026-10-02T19:39:34.196Z kv-compact: end bytes=10225239 ms=17 l0=267 l1=302 rc=0
2026-10-02T19:39:34.196Z kv-compact: start l0=267 inputs=2 range=260 l0only=1
2026-10-02T19:39:34.210Z kv-compact: end bytes=8019467 ms=15 l0=266 l1=302 rc=0
2026-10-02T19:39:34.211Z kv-compact: start l0=266 inputs=2 range=1 l0only=1
2026-10-02T19:39:34.223Z kv-compact: end bytes=7515136 ms=12 l0=265 l1=302 rc=0
2026-10-02T19:39:34.223Z kv-compact: start l0=265 inputs=2 range=261 l0only=1
2026-10-02T19:39:34.235Z kv-compact: end bytes=6379669 ms=12 l0=264 l1=302 rc=0
2026-10-02T19:39:34.235Z kv-compact: start l0=264 inputs=2 range=270 l0only=1
2026-10-02T19:39:34.242Z kv-compact: end bytes=3202115 ms=7 l0=263 l1=302 rc=0
2026-10-02T19:39:34.242Z kv-compact: start l0=263 inputs=2 range=263 l0only=1
2026-10-02T19:39:34.246Z kv-compact: end bytes=1416185 ms=4 l0=262 l1=302 rc=0
2026-10-02T19:39:34.246Z kv-compact: start l0=262 inputs=2 range=2 l0only=1
2026-10-02T19:39:34.249Z kv-compact: end bytes=1299220 ms=3 l0=261 l1=302 rc=0
2026-10-02T19:39:34.299Z kv-compact: start l0=271 inputs=2 range=267 l0only=1
2026-10-02T19:39:34.328Z kv-compact: end bytes=19290505 ms=30 l0=270 l1=302 rc=0
2026-10-02T19:39:34.329Z kv-compact: start l0=270 inputs=2 range=257 l0only=1
2026-10-02T19:39:34.333Z report-split nrec=8192 pack_ms=65 push_ms=52 finish_ms=96 skip=0 stale=0 inval=0 rc=0 fail=-/0
2026-10-02T19:39:34.355Z kv-compact: end bytes=16532305 ms=26 l0=269 l1=302 rc=0
2026-10-02T19:39:34.355Z kv-compact: start l0=269 inputs=2 range=258 l0only=1
2026-10-02T19:39:34.373Z kv-compact: end bytes=10663349 ms=18 l0=268 l1=302 rc=0
2026-10-02T19:39:34.373Z kv-compact: start l0=268 inputs=2 range=264 l0only=1
2026-10-02T19:39:34.391Z kv-compact: end bytes=10545146 ms=18 l0=267 l1=302 rc=0
2026-10-02T19:39:34.391Z kv-compact: start l0=267 inputs=2 range=260 l0only=1
2026-10-02T19:39:34.404Z kv-compact: end bytes=8318779 ms=13 l0=266 l1=302 rc=0
2026-10-02T19:39:34.404Z kv-compact: start l0=266 inputs=2 range=1 l0only=1
2026-10-02T19:39:34.417Z kv-compact: end bytes=8071936 ms=13 l0=265 l1=302 rc=0
2026-10-02T19:39:34.417Z kv-compact: start l0=265 inputs=2 range=261 l0only=1
2026-10-02T19:39:34.428Z kv-compact: end bytes=6525374 ms=11 l0=264 l1=302 rc=0
2026-10-02T19:39:34.428Z kv-compact: start l0=264 inputs=2 range=270 l0only=1
2026-10-02T19:39:34.435Z kv-compact: end bytes=3555401 ms=7 l0=263 l1=302 rc=0
2026-10-02T19:39:34.435Z kv-compact: start l0=263 inputs=2 range=2 l0only=1
2026-10-02T19:39:34.439Z kv-compact: end bytes=1856020 ms=4 l0=262 l1=302 rc=0
2026-10-02T19:39:34.439Z kv-compact: start l0=262 inputs=2 range=263 l0only=1
2026-10-02T19:39:34.443Z kv-compact: end bytes=1617048 ms=4 l0=261 l1=302 rc=0
2026-10-02T19:39:34.558Z kv-compact: start l0=271 inputs=3 range=1 l0only=0
2026-10-02T19:39:34.565Z raft-host: apply-sleep us=33948 group=2 idx=4502029 applied=4502027
2026-10-02T19:39:34.662Z kv-compact: end bytes=73423360 ms=104 l0=269 l1=303 rc=0
2026-10-02T19:39:34.662Z kv-compact: start l0=269 inputs=2 range=267 l0only=1
2026-10-02T19:39:34.694Z kv-compact: end bytes=19492090 ms=32 l0=268 l1=303 rc=0
2026-10-02T19:39:34.694Z kv-compact: start l0=268 inputs=2 range=257 l0only=1
2026-10-02T19:39:34.721Z kv-compact: end bytes=16709257 ms=27 l0=267 l1=303 rc=0
2026-10-02T19:39:34.721Z kv-compact: start l0=267 inputs=2 range=264 l0only=1
2026-10-02T19:39:34.739Z kv-compact: end bytes=10792777 ms=19 l0=266 l1=303 rc=0
2026-10-02T19:39:34.740Z kv-compact: start l0=266 inputs=2 range=258 l0only=1
2026-10-02T19:39:34.757Z kv-compact: end bytes=10701345 ms=17 l0=265 l1=303 rc=0
2026-10-02T19:39:34.757Z kv-compact: start l0=265 inputs=2 range=260 l0only=1
2026-10-02T19:39:34.772Z kv-compact: end bytes=8460794 ms=14 l0=264 l1=303 rc=0
2026-10-02T19:39:34.772Z kv-compact: start l0=264 inputs=2 range=261 l0only=1
2026-10-02T19:39:34.783Z kv-compact: end bytes=6582529 ms=11 l0=263 l1=303 rc=0
2026-10-02T19:39:34.783Z kv-compact: start l0=263 inputs=2 range=270 l0only=1
2026-10-02T19:39:34.791Z kv-compact: end bytes=3770609 ms=8 l0=262 l1=303 rc=0
2026-10-02T19:39:34.791Z kv-compact: start l0=262 inputs=2 range=2 l0only=1
2026-10-02T19:39:34.796Z kv-compact: end bytes=2784020 ms=5 l0=261 l1=303 rc=0
2026-10-02T19:39:34.796Z kv-compact: start l0=261 inputs=2 range=263 l0only=1
2026-10-02T19:39:34.801Z kv-compact: end bytes=1690303 ms=4 l0=260 l1=303 rc=0
2026-10-02T19:39:34.835Z kv-compact: start l0=270 inputs=2 range=267 l0only=1
2026-10-02T19:39:34.864Z kv-compact: end bytes=19924301 ms=29 l0=269 l1=303 rc=0
2026-10-02T19:39:34.864Z kv-compact: start l0=269 inputs=2 range=257 l0only=1
2026-10-02T19:39:34.892Z kv-compact: end bytes=17012185 ms=28 l0=268 l1=303 rc=0
2026-10-02T19:39:34.892Z kv-compact: start l0=268 inputs=2 range=264 l0only=1
2026-10-02T19:39:34.911Z kv-compact: end bytes=11407723 ms=19 l0=267 l1=303 rc=0
2026-10-02T19:39:34.911Z kv-compact: start l0=267 inputs=2 range=258 l0only=1
2026-10-02T19:39:34.921Z raft-host: apply-sleep us=81237 group=2 idx=4502035 applied=4502034
2026-10-02T19:39:34.935Z kv-compact: end bytes=10819358 ms=24 l0=266 l1=303 rc=0
2026-10-02T19:39:34.935Z kv-compact: start l0=266 inputs=2 range=260 l0only=1
2026-10-02T19:39:34.952Z kv-compact: end bytes=8692473 ms=17 l0=265 l1=303 rc=0
2026-10-02T19:39:34.952Z kv-compact: start l0=265 inputs=2 range=261 l0only=1
2026-10-02T19:39:34.964Z kv-compact: end bytes=6759307 ms=12 l0=264 l1=303 rc=0
2026-10-02T19:39:34.964Z kv-compact: start l0=264 inputs=2 range=270 l0only=1
2026-10-02T19:39:34.972Z kv-compact: end bytes=4194204 ms=8 l0=263 l1=303 rc=0
2026-10-02T19:39:34.972Z kv-compact: start l0=263 inputs=2 range=2 l0only=1
2026-10-02T19:39:34.978Z kv-compact: end bytes=3155220 ms=6 l0=262 l1=303 rc=0
2026-10-02T19:39:34.978Z kv-compact: start l0=262 inputs=2 range=263 l0only=1
2026-10-02T19:39:34.983Z kv-compact: end bytes=1860489 ms=5 l0=261 l1=303 rc=0
2026-10-02T19:39:35.025Z kv-compact: start l0=271 inputs=2 range=267 l0only=1
2026-10-02T19:39:35.027Z raft-host: apply-sleep us=105626 group=0 idx=4267088 applied=4267086
2026-10-02T19:39:35.027Z report-split nrec=8192 pack_ms=127 push_ms=60 finish_ms=376 skip=0 stale=0 inval=0 rc=0 fail=-/0
2026-10-02T19:39:35.027Z raft-host: apply-sleep us=105641 group=2 idx=4502037 applied=4502036
2026-10-02T19:39:35.027Z raft-host: apply-sleep us=105309 group=0 idx=4267089 applied=4267086
2026-10-02T19:39:35.027Z report-split nrec=8192 pack_ms=155 push_ms=61 finish_ms=373 skip=0 stale=0 inval=0 rc=0 fail=-/0
2026-10-02T19:39:35.055Z kv-compact: end bytes=20344028 ms=30 l0=270 l1=303 rc=0
2026-10-02T19:39:35.055Z kv-compact: start l0=270 inputs=2 range=257 l0only=1
2026-10-02T19:39:35.072Z raft-host: apply-sleep us=45156 group=2 idx=4502040 applied=4502038
2026-10-02T19:39:35.072Z report-split nrec=8193 pack_ms=141 push_ms=157 finish_ms=331 skip=0 stale=0 inval=0 rc=0 fail=-/0
2026-10-02T19:39:35.072Z raft-host: apply-sleep us=45174 group=0 idx=4267092 applied=4267091
2026-10-02T19:39:35.072Z report-split nrec=8193 pack_ms=100 push_ms=168 finish_ms=228 skip=0 stale=0 inval=0 rc=0 fail=-/0
2026-10-02T19:39:35.083Z kv-compact: end bytes=17328333 ms=28 l0=269 l1=303 rc=0
2026-10-02T19:39:35.083Z kv-compact: start l0=269 inputs=2 range=264 l0only=1
2026-10-02T19:39:35.102Z kv-compact: end bytes=11769094 ms=19 l0=268 l1=303 rc=0
2026-10-02T19:39:35.102Z kv-compact: start l0=268 inputs=2 range=258 l0only=1
2026-10-02T19:39:35.106Z raft-host: apply-sleep us=48735 group=2 idx=4502043 applied=4502038
2026-10-02T19:39:35.106Z raft-host: apply-sleep us=35758 group=2 idx=4502044 applied=4502038
2026-10-02T19:39:35.121Z kv-compact: end bytes=10947192 ms=19 l0=267 l1=303 rc=0
2026-10-02T19:39:35.121Z kv-compact: start l0=267 inputs=2 range=260 l0only=1
2026-10-02T19:39:35.132Z raft-host: apply-sleep us=26085 group=0 idx=4267100 applied=4267098
2026-10-02T19:39:35.132Z raft-host: apply-sleep us=26070 group=0 idx=4267100 applied=4267098
2026-10-02T19:39:35.132Z raft-host: apply-sleep us=26085 group=0 idx=4267100 applied=4267098
2026-10-02T19:39:35.136Z kv-compact: end bytes=8903383 ms=15 l0=266 l1=303 rc=0
2026-10-02T19:39:35.136Z kv-compact: start l0=266 inputs=2 range=261 l0only=1
2026-10-02T19:39:35.150Z kv-compact: end bytes=6993166 ms=14 l0=265 l1=303 rc=0
2026-10-02T19:39:35.150Z kv-compact: start l0=265 inputs=2 range=270 l0only=1
2026-10-02T19:39:35.154Z raft-host: apply-sleep us=22296 group=0 idx=4267101 applied=4267100
2026-10-02T19:39:35.159Z kv-compact: end bytes=4652041 ms=9 l0=264 l1=303 rc=0
2026-10-02T19:39:35.159Z kv-compact: start l0=264 inputs=2 range=2 l0only=1
2026-10-02T19:39:35.167Z kv-compact: end bytes=3526420 ms=8 l0=263 l1=303 rc=0
2026-10-02T19:39:35.167Z kv-compact: start l0=263 inputs=2 range=263 l0only=1
2026-10-02T19:39:35.174Z kv-compact: end bytes=2276522 ms=7 l0=262 l1=303 rc=0
2026-10-02T19:39:35.174Z kv-compact: start l0=262 inputs=2 range=1 l0only=1
2026-10-02T19:39:35.178Z kv-compact: end bytes=686720 ms=4 l0=261 l1=303 rc=0
2026-10-02T19:39:35.191Z kv-compact: start l0=271 inputs=2 range=267 l0only=1
2026-10-02T19:39:35.222Z kv-compact: end bytes=20530566 ms=31 l0=270 l1=303 rc=0
2026-10-02T19:39:35.223Z kv-compact: start l0=270 inputs=2 range=257 l0only=1
2026-10-02T19:39:35.250Z kv-compact: end bytes=17432569 ms=27 l0=269 l1=303 rc=0
2026-10-02T19:39:35.250Z kv-compact: start l0=269 inputs=2 range=264 l0only=1
2026-10-02T19:39:35.270Z kv-compact: end bytes=11901771 ms=20 l0=268 l1=303 rc=0
2026-10-02T19:39:35.270Z kv-compact: start l0=268 inputs=2 range=258 l0only=1
2026-10-02T19:39:35.289Z kv-compact: end bytes=11009264 ms=19 l0=267 l1=303 rc=0
2026-10-02T19:39:35.289Z kv-compact: start l0=267 inputs=2 range=260 l0only=1
2026-10-02T19:39:35.304Z kv-compact: end bytes=8933329 ms=15 l0=266 l1=303 rc=0
2026-10-02T19:39:35.304Z kv-compact: start l0=266 inputs=2 range=261 l0only=1
2026-10-02T19:39:35.317Z kv-compact: end bytes=7115937 ms=13 l0=265 l1=303 rc=0
2026-10-02T19:39:35.317Z kv-compact: start l0=265 inputs=2 range=270 l0only=1
2026-10-02T19:39:35.326Z kv-compact: end bytes=4805970 ms=9 l0=264 l1=303 rc=0
2026-10-02T19:39:35.326Z kv-compact: start l0=264 inputs=2 range=2 l0only=1
2026-10-02T19:39:35.334Z kv-compact: end bytes=4640020 ms=8 l0=263 l1=303 rc=0
2026-10-02T19:39:35.334Z kv-compact: start l0=263 inputs=2 range=263 l0only=1
2026-10-02T19:39:35.339Z kv-compact: end bytes=2301638 ms=5 l0=262 l1=303 rc=0
2026-10-02T19:39:35.339Z kv-compact: start l0=262 inputs=2 range=1 l0only=1
2026-10-02T19:39:35.343Z kv-compact: end bytes=1714450 ms=5 l0=261 l1=303 rc=0
2026-10-02T19:39:35.470Z raft-host: gc-pass ms=73 reap=0 frag=0 spread=0 recover=0 fscans=0 fsegs=0 fkeys=0 femit=0 ftomb=0 scans=0 segs=0 keys=0 emit=0 tomb=0
2026-10-02T19:39:35.492Z kv-compact: start l0=271 inputs=2 range=267 l0only=1
2026-10-02T19:39:35.525Z kv-compact: end bytes=20733352 ms=33 l0=270 l1=303 rc=0
2026-10-02T19:39:35.525Z kv-compact: start l0=270 inputs=2 range=257 l0only=1
2026-10-02T19:39:35.553Z kv-compact: end bytes=17548489 ms=28 l0=269 l1=303 rc=0
2026-10-02T19:39:35.553Z kv-compact: start l0=269 inputs=2 range=264 l0only=1
2026-10-02T19:39:35.573Z kv-compact: end bytes=12308309 ms=20 l0=268 l1=303 rc=0
2026-10-02T19:39:35.573Z kv-compact: start l0=268 inputs=2 range=258 l0only=1
2026-10-02T19:39:35.592Z kv-compact: end bytes=11144356 ms=19 l0=267 l1=303 rc=0
2026-10-02T19:39:35.592Z kv-compact: start l0=267 inputs=2 range=260 l0only=1
2026-10-02T19:39:35.607Z kv-compact: end bytes=9023167 ms=15 l0=266 l1=303 rc=0
2026-10-02T19:39:35.607Z kv-compact: start l0=266 inputs=2 range=261 l0only=1
2026-10-02T19:39:35.620Z kv-compact: end bytes=7267697 ms=13 l0=265 l1=303 rc=0
2026-10-02T19:39:35.620Z kv-compact: start l0=265 inputs=2 range=2 l0only=1
2026-10-02T19:39:35.629Z kv-compact: end bytes=5382420 ms=9 l0=264 l1=303 rc=0
2026-10-02T19:39:35.629Z kv-compact: start l0=264 inputs=2 range=270 l0only=1
2026-10-02T19:39:35.639Z kv-compact: end bytes=5056956 ms=10 l0=263 l1=303 rc=0
2026-10-02T19:39:35.639Z kv-compact: start l0=263 inputs=2 range=1 l0only=1
2026-10-02T19:39:35.644Z kv-compact: end bytes=2606848 ms=5 l0=262 l1=303 rc=0
2026-10-02T19:39:35.644Z kv-compact: start l0=262 inputs=2 range=263 l0only=1
2026-10-02T19:39:35.649Z kv-compact: end bytes=2359844 ms=5 l0=261 l1=303 rc=0
2026-10-02T19:39:35.687Z kv-compact: start l0=271 inputs=2 range=267 l0only=1
2026-10-02T19:39:35.719Z kv-compact: end bytes=21224489 ms=32 l0=270 l1=303 rc=0
2026-10-02T19:39:35.719Z kv-compact: start l0=270 inputs=2 range=257 l0only=1
2026-10-02T19:39:35.748Z kv-compact: end bytes=17845534 ms=29 l0=269 l1=303 rc=0
2026-10-02T19:39:35.748Z kv-compact: start l0=269 inputs=2 range=264 l0only=1
2026-10-02T19:39:35.770Z kv-compact: end bytes=12736891 ms=22 l0=268 l1=303 rc=0
2026-10-02T19:39:35.770Z kv-compact: start l0=268 inputs=2 range=258 l0only=1
2026-10-02T19:39:35.789Z kv-compact: end bytes=11280562 ms=19 l0=267 l1=303 rc=0
2026-10-02T19:39:35.789Z kv-compact: start l0=267 inputs=2 range=260 l0only=1
2026-10-02T19:39:35.801Z raft-host: apply-sleep us=158087 group=0 idx=4267119 applied=4267115
2026-10-02T19:39:35.801Z report-split nrec=9471 pack_ms=249 push_ms=115 finish_ms=302 skip=0 stale=0 inval=0 rc=0 fail=-/0
2026-10-02T19:39:35.801Z raft-host: apply-sleep us=103396 group=0 idx=4267121 applied=4267117
2026-10-02T19:39:35.806Z kv-compact: end bytes=9226671 ms=17 l0=266 l1=303 rc=0
2026-10-02T19:39:35.806Z kv-compact: start l0=266 inputs=2 range=261 l0only=1
2026-10-02T19:39:35.819Z kv-compact: end bytes=7513792 ms=13 l0=265 l1=303 rc=0
2026-10-02T19:39:35.819Z kv-compact: start l0=265 inputs=2 range=2 l0only=1
2026-10-02T19:39:35.828Z kv-compact: end bytes=5753620 ms=9 l0=264 l1=303 rc=0
2026-10-02T19:39:35.828Z kv-compact: start l0=264 inputs=2 range=270 l0only=1
2026-10-02T19:39:35.844Z kv-compact: end bytes=5531671 ms=15 l0=263 l1=303 rc=0
2026-10-02T19:39:35.844Z kv-compact: start l0=263 inputs=2 range=1 l0only=1
2026-10-02T19:39:35.850Z kv-compact: end bytes=2792448 ms=6 l0=262 l1=303 rc=0
2026-10-02T19:39:35.850Z kv-compact: start l0=262 inputs=2 range=263 l0only=1
2026-10-02T19:39:35.856Z kv-compact: end bytes=2772098 ms=6 l0=261 l1=303 rc=0
2026-10-02T19:39:35.881Z kv-compact: start l0=271 inputs=2 range=267 l0only=1
2026-10-02T19:39:35.882Z raft-host: apply-sleep us=80985 group=2 idx=4502065 applied=4502061
2026-10-02T19:39:35.882Z report-split nrec=9043 pack_ms=278 push_ms=165 finish_ms=305 skip=0 stale=0 inval=0 rc=0 fail=-/0
2026-10-02T19:39:35.882Z raft-host: apply-sleep us=60250 group=2 idx=4502067 applied=4502061
2026-10-02T19:39:35.882Z raft-host: apply-sleep us=81033 group=2 idx=4502063 applied=4502061
2026-10-02T19:39:35.882Z report-split nrec=8916 pack_ms=252 push_ms=159 finish_ms=314 skip=0 stale=0 inval=0 rc=0 fail=-/0
2026-10-02T19:39:35.882Z raft-host: apply-sleep us=81066 group=2 idx=4502064 applied=4502061
2026-10-02T19:39:35.882Z report-split nrec=9630 pack_ms=276 push_ms=170 finish_ms=302 skip=0 stale=0 inval=0 rc=0 fail=-/0
2026-10-02T19:39:35.914Z kv-compact: end bytes=21707898 ms=33 l0=270 l1=303 rc=0
2026-10-02T19:39:35.914Z kv-compact: start l0=270 inputs=2 range=257 l0only=1
2026-10-02T19:39:35.941Z kv-compact: end bytes=18159162 ms=27 l0=269 l1=303 rc=0
2026-10-02T19:39:35.941Z kv-compact: start l0=269 inputs=2 range=264 l0only=1
2026-10-02T19:39:35.963Z kv-compact: end bytes=13090695 ms=22 l0=268 l1=303 rc=0
2026-10-02T19:39:35.963Z kv-compact: start l0=268 inputs=2 range=258 l0only=1
2026-10-02T19:39:35.983Z kv-compact: end bytes=11459520 ms=20 l0=267 l1=303 rc=0
2026-10-02T19:39:35.983Z kv-compact: start l0=267 inputs=2 range=260 l0only=1
2026-10-02T19:39:36.000Z kv-compact: end bytes=9432107 ms=17 l0=266 l1=303 rc=0
2026-10-02T19:39:36.000Z kv-compact: start l0=266 inputs=2 range=261 l0only=1
2026-10-02T19:39:36.015Z kv-compact: end bytes=7719228 ms=15 l0=265 l1=303 rc=0
2026-10-02T19:39:36.015Z kv-compact: start l0=265 inputs=2 range=2 l0only=1
2026-10-02T19:39:36.025Z kv-compact: end bytes=6078440 ms=10 l0=264 l1=303 rc=0
2026-10-02T19:39:36.025Z kv-compact: start l0=264 inputs=2 range=270 l0only=1
2026-10-02T19:39:36.036Z kv-compact: end bytes=6014823 ms=11 l0=263 l1=303 rc=0
2026-10-02T19:39:36.036Z kv-compact: start l0=263 inputs=2 range=1 l0only=1
2026-10-02T19:39:36.043Z kv-compact: end bytes=3163648 ms=7 l0=262 l1=303 rc=0
2026-10-02T19:39:36.043Z kv-compact: start l0=262 inputs=2 range=263 l0only=1
2026-10-02T19:39:36.049Z kv-compact: end bytes=3072202 ms=6 l0=261 l1=303 rc=0
2026-10-02T19:39:36.102Z kv-compact: start l0=271 inputs=2 range=267 l0only=1
2026-10-02T19:39:36.136Z kv-compact: end bytes=21861022 ms=34 l0=270 l1=303 rc=0
2026-10-02T19:39:36.136Z kv-compact: start l0=270 inputs=2 range=257 l0only=1
2026-10-02T19:39:36.165Z kv-compact: end bytes=18296669 ms=29 l0=269 l1=303 rc=0
2026-10-02T19:39:36.165Z kv-compact: start l0=269 inputs=2 range=264 l0only=1
2026-10-02T19:39:36.186Z kv-compact: end bytes=13187617 ms=21 l0=268 l1=303 rc=0
2026-10-02T19:39:36.186Z kv-compact: start l0=268 inputs=2 range=258 l0only=1
2026-10-02T19:39:36.206Z kv-compact: end bytes=11481738 ms=20 l0=267 l1=303 rc=0
2026-10-02T19:39:36.206Z kv-compact: start l0=267 inputs=2 range=260 l0only=1
2026-10-02T19:39:36.222Z kv-compact: end bytes=9549489 ms=16 l0=266 l1=303 rc=0
2026-10-02T19:39:36.222Z kv-compact: start l0=266 inputs=2 range=261 l0only=1
2026-10-02T19:39:36.236Z kv-compact: end bytes=7752716 ms=14 l0=265 l1=303 rc=0
2026-10-02T19:39:36.236Z kv-compact: start l0=265 inputs=2 range=2 l0only=1
2026-10-02T19:39:36.248Z kv-compact: end bytes=7052840 ms=12 l0=264 l1=303 rc=0
2026-10-02T19:39:36.248Z kv-compact: start l0=264 inputs=2 range=270 l0only=1
2026-10-02T19:39:36.259Z kv-compact: end bytes=6185137 ms=11 l0=263 l1=303 rc=0
2026-10-02T19:39:36.259Z kv-compact: start l0=263 inputs=2 range=1 l0only=1
2026-10-02T19:39:36.267Z kv-compact: end bytes=4277248 ms=8 l0=262 l1=303 rc=0
2026-10-02T19:39:36.267Z kv-compact: start l0=262 inputs=2 range=263 l0only=1
2026-10-02T19:39:36.274Z kv-compact: end bytes=3218651 ms=7 l0=261 l1=303 rc=0
2026-10-02T19:39:36.322Z kv-compact: start l0=271 inputs=2 range=267 l0only=1
2026-10-02T19:39:36.357Z kv-compact: end bytes=22214504 ms=35 l0=270 l1=303 rc=0
2026-10-02T19:39:36.357Z kv-compact: start l0=270 inputs=2 range=257 l0only=1
2026-10-02T19:39:36.388Z kv-compact: end bytes=18572958 ms=30 l0=269 l1=303 rc=0
2026-10-02T19:39:36.388Z kv-compact: start l0=269 inputs=2 range=264 l0only=1
2026-10-02T19:39:36.411Z kv-compact: end bytes=13464537 ms=23 l0=268 l1=303 rc=0
2026-10-02T19:39:36.411Z kv-compact: start l0=268 inputs=2 range=258 l0only=1
2026-10-02T19:39:36.427Z raft-host: apply-sleep us=72079 group=2 idx=4502082 applied=4502079
2026-10-02T19:39:36.427Z report-split nrec=9084 pack_ms=208 push_ms=65 finish_ms=256 skip=0 stale=0 inval=0 rc=0 fail=-/0
2026-10-02T19:39:36.431Z kv-compact: end bytes=11574474 ms=20 l0=267 l1=303 rc=0
2026-10-02T19:39:36.431Z kv-compact: start l0=267 inputs=2 range=260 l0only=1
2026-10-02T19:39:36.448Z kv-compact: end bytes=9730379 ms=17 l0=266 l1=303 rc=0
2026-10-02T19:39:36.448Z kv-compact: start l0=266 inputs=2 range=261 l0only=1
2026-10-02T19:39:36.462Z kv-compact: end bytes=7891176 ms=14 l0=265 l1=303 rc=0
2026-10-02T19:39:36.462Z kv-compact: start l0=265 inputs=2 range=2 l0only=1
2026-10-02T19:39:36.474Z kv-compact: end bytes=7609640 ms=13 l0=264 l1=303 rc=0
2026-10-02T19:39:36.475Z kv-compact: start l0=264 inputs=2 range=270 l0only=1
2026-10-02T19:39:36.486Z kv-compact: end bytes=6509478 ms=11 l0=263 l1=303 rc=0
2026-10-02T19:39:36.486Z kv-compact: start l0=263 inputs=2 range=1 l0only=1
2026-10-02T19:39:36.494Z kv-compact: end bytes=4834048 ms=8 l0=262 l1=303 rc=0
2026-10-02T19:39:36.494Z kv-compact: start l0=262 inputs=2 range=263 l0only=1
2026-10-02T19:39:36.512Z kv-compact: end bytes=3606766 ms=18 l0=271 l1=303 rc=0
2026-10-02T19:39:36.512Z kv-compact: start l0=271 inputs=5 range=267 l0only=0
2026-10-02T19:39:36.515Z raft-host: gc-pass ms=41 reap=0 frag=0 spread=0 recover=0 fscans=0 fsegs=0 fkeys=0 femit=0 ftomb=0 scans=0 segs=0 keys=0 emit=0 tomb=0
2026-10-02T19:39:36.559Z raft-host: apply-sleep us=44740 group=2 idx=4502085 applied=4502084
2026-10-02T19:39:36.559Z report-split nrec=8435 pack_ms=170 push_ms=166 finish_ms=287 skip=0 stale=0 inval=0 rc=0 fail=-/0
2026-10-02T19:39:36.559Z raft-host: apply-sleep us=44755 group=0 idx=4267150 applied=4267147
2026-10-02T19:39:36.559Z report-split nrec=9134 pack_ms=202 push_ms=222 finish_ms=198 skip=0 stale=0 inval=0 rc=0 fail=-/0
2026-10-02T19:39:36.559Z raft-host: apply-sleep us=44798 group=2 idx=4502086 applied=4502084
2026-10-02T19:39:36.559Z report-split nrec=8245 pack_ms=207 push_ms=110 finish_ms=289 skip=0 stale=0 inval=0 rc=0 fail=-/0
2026-10-02T19:39:36.796Z kv-compact: end bytes=181514373 ms=284 l0=279 l1=303 rc=0
2026-10-02T19:39:36.796Z kv-compact: start l0=279 inputs=3 range=257 l0only=1
2026-10-02T19:39:36.827Z kv-compact: end bytes=19162070 ms=31 l0=277 l1=303 rc=0
2026-10-02T19:39:36.827Z kv-compact: start l0=277 inputs=3 range=264 l0only=1
2026-10-02T19:39:36.850Z kv-compact: end bytes=14053327 ms=23 l0=275 l1=303 rc=0
2026-10-02T19:39:36.850Z kv-compact: start l0=275 inputs=3 range=258 l0only=1
2026-10-02T19:39:36.870Z kv-compact: end bytes=11794239 ms=20 l0=273 l1=303 rc=0
2026-10-02T19:39:36.870Z kv-compact: start l0=273 inputs=3 range=260 l0only=1
2026-10-02T19:39:36.883Z report-split nrec=8196 pack_ms=92 push_ms=28 finish_ms=83 skip=0 stale=0 inval=0 rc=0 fail=-/0
2026-10-02T19:39:36.888Z kv-compact: end bytes=10152108 ms=17 l0=271 l1=303 rc=0
2026-10-02T19:39:36.888Z kv-compact: start l0=271 inputs=3 range=2 l0only=1
2026-10-02T19:39:36.903Z kv-compact: end bytes=8723240 ms=14 l0=269 l1=303 rc=0
2026-10-02T19:39:36.903Z kv-compact: start l0=269 inputs=3 range=261 l0only=1
2026-10-02T19:39:36.918Z kv-compact: end bytes=8221226 ms=15 l0=267 l1=303 rc=0
2026-10-02T19:39:36.918Z kv-compact: start l0=267 inputs=3 range=270 l0only=1
2026-10-02T19:39:36.932Z kv-compact: end bytes=7319804 ms=14 l0=265 l1=303 rc=0
2026-10-02T19:39:36.932Z kv-compact: start l0=265 inputs=3 range=1 l0only=1
2026-10-02T19:39:36.942Z kv-compact: end bytes=5798336 ms=10 l0=263 l1=303 rc=0
2026-10-02T19:39:36.942Z kv-compact: start l0=263 inputs=3 range=263 l0only=1
2026-10-02T19:39:36.950Z kv-compact: end bytes=4049677 ms=8 l0=261 l1=303 rc=0
2026-10-02T19:39:37.005Z kv-compact: start l0=271 inputs=3 range=2 l0only=0
2026-10-02T19:39:37.029Z kv-compact: end bytes=14591458 ms=24 l0=269 l1=303 rc=0
2026-10-02T19:39:37.029Z kv-compact: start l0=269 inputs=2 range=257 l0only=1
2026-10-02T19:39:37.058Z kv-compact: end bytes=19389737 ms=29 l0=268 l1=303 rc=0
2026-10-02T19:39:37.058Z kv-compact: start l0=268 inputs=2 range=264 l0only=1
2026-10-02T19:39:37.082Z kv-compact: end bytes=14273266 ms=24 l0=267 l1=303 rc=0
2026-10-02T19:39:37.082Z kv-compact: start l0=267 inputs=2 range=258 l0only=1
2026-10-02T19:39:37.101Z kv-compact: end bytes=11855902 ms=19 l0=266 l1=303 rc=0
2026-10-02T19:39:37.101Z kv-compact: start l0=266 inputs=2 range=260 l0only=1
2026-10-02T19:39:37.118Z kv-compact: end bytes=10280616 ms=17 l0=265 l1=303 rc=0
2026-10-02T19:39:37.118Z kv-compact: start l0=265 inputs=2 range=261 l0only=1
2026-10-02T19:39:37.133Z kv-compact: end bytes=8356070 ms=15 l0=264 l1=303 rc=0
2026-10-02T19:39:37.133Z kv-compact: start l0=264 inputs=2 range=270 l0only=1
2026-10-02T19:39:37.147Z kv-compact: end bytes=7609939 ms=14 l0=263 l1=303 rc=0
2026-10-02T19:39:37.147Z kv-compact: start l0=263 inputs=2 range=1 l0only=1
2026-10-02T19:39:37.158Z kv-compact: end bytes=6698496 ms=11 l0=262 l1=303 rc=0
2026-10-02T19:39:37.158Z kv-compact: start l0=262 inputs=2 range=263 l0only=1
2026-10-02T19:39:37.166Z kv-compact: end bytes=4111018 ms=8 l0=261 l1=303 rc=0
2026-10-02T19:39:37.166Z kv-compact: start l0=261 inputs=2 range=267 l0only=1
2026-10-02T19:39:37.169Z kv-compact: end bytes=533740 ms=4 l0=260 l1=303 rc=0
2026-10-02T19:39:37.175Z raft-host: apply-sleep us=20348 group=0 idx=4267170 applied=4267169
2026-10-02T19:39:37.234Z kv-compact: start l0=270 inputs=2 range=257 l0only=1
2026-10-02T19:39:37.247Z raft-host: apply-sleep us=71464 group=2 idx=4502102 applied=4502101
2026-10-02T19:39:37.247Z report-split nrec=8194 pack_ms=78 push_ms=15 finish_ms=195 skip=0 stale=0 inval=0 rc=0 fail=-/0
2026-10-02T19:39:37.247Z raft-host: apply-sleep us=71480 group=2 idx=4502103 applied=4502101
2026-10-02T19:39:37.247Z report-split nrec=8192 pack_ms=74 push_ms=46 finish_ms=142 skip=0 stale=0 inval=0 rc=0 fail=-/0
2026-10-02T19:39:37.265Z kv-compact: end bytes=19702077 ms=31 l0=269 l1=303 rc=0
2026-10-02T19:39:37.265Z kv-compact: start l0=269 inputs=2 range=264 l0only=1
2026-10-02T19:39:37.289Z kv-compact: end bytes=14636730 ms=24 l0=268 l1=303 rc=0
2026-10-02T19:39:37.289Z kv-compact: start l0=268 inputs=2 range=258 l0only=1
2026-10-02T19:39:37.309Z kv-compact: end bytes=11996616 ms=20 l0=267 l1=303 rc=0
2026-10-02T19:39:37.309Z kv-compact: start l0=267 inputs=2 range=260 l0only=1
2026-10-02T19:39:37.327Z kv-compact: end bytes=10492331 ms=18 l0=266 l1=303 rc=0
2026-10-02T19:39:37.327Z kv-compact: start l0=266 inputs=2 range=261 l0only=1
2026-10-02T19:39:37.342Z kv-compact: end bytes=8609088 ms=15 l0=265 l1=303 rc=0
2026-10-02T19:39:37.342Z kv-compact: start l0=265 inputs=2 range=270 l0only=1
2026-10-02T19:39:37.356Z kv-compact: end bytes=8105423 ms=14 l0=264 l1=303 rc=0
2026-10-02T19:39:37.357Z kv-compact: start l0=264 inputs=2 range=1 l0only=1
2026-10-02T19:39:37.368Z kv-compact: end bytes=7069696 ms=11 l0=263 l1=303 rc=0
2026-10-02T19:39:37.368Z kv-compact: start l0=263 inputs=2 range=263 l0only=1
2026-10-02T19:39:37.376Z kv-compact: end bytes=4360568 ms=8 l0=262 l1=303 rc=0
2026-10-02T19:39:37.376Z kv-compact: start l0=262 inputs=2 range=267 l0only=1
2026-10-02T19:39:37.380Z kv-compact: end bytes=1031197 ms=4 l0=261 l1=303 rc=0
2026-10-02T19:39:37.440Z kv-compact: start l0=271 inputs=2 range=257 l0only=1
2026-10-02T19:39:37.441Z raft-host: apply-sleep us=21187 group=0 idx=4267179 applied=4267178
2026-10-02T19:39:37.453Z raft-obs: tx->0 enq=22165 drop=0 sent=21772 fail=0 hi=6 rtt_avg=28us get_avg=0us get_max=3ms
2026-10-02T19:39:37.453Z raft-obs: tx->3 enq=21926 drop=0 sent=21587 fail=0 hi=6 rtt_avg=29us get_avg=0us get_max=2ms
2026-10-02T19:39:37.453Z raft-obs: wait_timeouts=0 pump_hold_max=117535us lock_wait_max=3us drain_max=117534us tick_max=1us apply_max=109878us persist_max=14554us applies_in_worst=9 arc_miss=0 arc_term_miss=0 opid_replay=0 fin_q=0 fin_done=0 fin_drop=0 fin_full=0 pub_p50=196056us pub_max=373384us inbox_drop=0
2026-10-02T19:39:37.472Z kv-compact: end bytes=19787655 ms=32 l0=270 l1=303 rc=0
2026-10-02T19:39:37.472Z kv-compact: start l0=270 inputs=2 range=264 l0only=1
2026-10-02T19:39:37.495Z kv-compact: end bytes=14756044 ms=23 l0=269 l1=303 rc=0
2026-10-02T19:39:37.495Z kv-compact: start l0=269 inputs=2 range=258 l0only=1
2026-10-02T19:39:37.516Z kv-compact: end bytes=12098542 ms=20 l0=268 l1=303 rc=0
2026-10-02T19:39:37.516Z kv-compact: start l0=268 inputs=2 range=260 l0only=1
2026-10-02T19:39:37.533Z kv-compact: end bytes=10518091 ms=17 l0=267 l1=303 rc=0
2026-10-02T19:39:37.533Z kv-compact: start l0=267 inputs=2 range=261 l0only=1
2026-10-02T19:39:37.543Z raft-host: gc-pass ms=25 reap=0 frag=0 spread=0 recover=0 fscans=0 fsegs=0 fkeys=0 femit=0 ftomb=0 scans=0 segs=0 keys=0 emit=0 tomb=0
2026-10-02T19:39:37.548Z kv-compact: end bytes=8719708 ms=15 l0=266 l1=303 rc=0
2026-10-02T19:39:37.548Z kv-compact: start l0=266 inputs=2 range=270 l0only=1
2026-10-02T19:39:37.561Z kv-compact: end bytes=8250658 ms=13 l0=265 l1=303 rc=0
2026-10-02T19:39:37.561Z kv-compact: start l0=265 inputs=2 range=1 l0only=1
2026-10-02T19:39:37.575Z kv-compact: end bytes=8136896 ms=14 l0=264 l1=303 rc=0
2026-10-02T19:39:37.575Z kv-compact: start l0=264 inputs=2 range=263 l0only=1
2026-10-02T19:39:37.583Z kv-compact: end bytes=4377795 ms=8 l0=263 l1=303 rc=0
2026-10-02T19:39:37.583Z kv-compact: start l0=263 inputs=2 range=2 l0only=1
2026-10-02T19:39:37.588Z kv-compact: end bytes=1447680 ms=5 l0=262 l1=303 rc=0
2026-10-02T19:39:37.588Z kv-compact: start l0=262 inputs=2 range=267 l0only=1
2026-10-02T19:39:37.592Z kv-compact: end bytes=1199418 ms=4 l0=261 l1=303 rc=0
2026-10-02T19:39:37.596Z raft-host: apply-sleep us=22348 group=0 idx=4267185 applied=4267183
2026-10-02T19:39:37.621Z raft-host: apply-sleep us=24820 group=2 idx=4502114 applied=4502113
2026-10-02T19:39:37.621Z report-split nrec=8194 pack_ms=44 push_ms=29 finish_ms=104 skip=0 stale=0 inval=0 rc=0 fail=-/0
2026-10-02T19:39:37.678Z kv-compact: start l0=271 inputs=2 range=257 l0only=1
2026-10-02T19:39:37.707Z raft-host: apply-sleep us=40196 group=2 idx=4502116 applied=4502115
2026-10-02T19:39:37.710Z kv-compact: end bytes=19982948 ms=32 l0=270 l1=303 rc=0
2026-10-02T19:39:37.710Z kv-compact: start l0=270 inputs=2 range=264 l0only=1
2026-10-02T19:39:37.734Z kv-compact: end bytes=14996504 ms=24 l0=269 l1=303 rc=0
2026-10-02T19:39:37.734Z kv-compact: start l0=269 inputs=2 range=258 l0only=1
2026-10-02T19:39:37.754Z kv-compact: end bytes=12228395 ms=20 l0=268 l1=303 rc=0
2026-10-02T19:39:37.754Z kv-compact: start l0=268 inputs=2 range=260 l0only=1
2026-10-02T19:39:37.771Z kv-compact: end bytes=10649145 ms=17 l0=267 l1=303 rc=0
2026-10-02T19:39:37.771Z kv-compact: start l0=267 inputs=2 range=261 l0only=1
2026-10-02T19:39:37.777Z raft-host: apply-sleep us=41794 group=0 idx=4267193 applied=4267189
2026-10-02T19:39:37.777Z raft-host: apply-sleep us=31239 group=0 idx=4267193 applied=4267191
2026-10-02T19:39:37.777Z report-split nrec=8192 pack_ms=62 push_ms=56 finish_ms=88 skip=0 stale=0 inval=0 rc=0 fail=-/0
2026-10-02T19:39:37.787Z kv-compact: end bytes=8935622 ms=16 l0=266 l1=303 rc=0
2026-10-02T19:39:37.787Z kv-compact: start l0=266 inputs=2 range=1 l0only=1
2026-10-02T19:39:37.801Z kv-compact: end bytes=8741482 ms=14 l0=265 l1=303 rc=0
2026-10-02T19:39:37.801Z kv-compact: start l0=265 inputs=2 range=270 l0only=1
2026-10-02T19:39:37.817Z kv-compact: end bytes=8617912 ms=16 l0=264 l1=303 rc=0
2026-10-02T19:39:37.817Z kv-compact: start l0=264 inputs=2 range=263 l0only=1
2026-10-02T19:39:37.827Z kv-compact: end bytes=4517382 ms=10 l0=263 l1=303 rc=0
2026-10-02T19:39:37.827Z kv-compact: start l0=263 inputs=2 range=2 l0only=1
2026-10-02T19:39:37.831Z kv-compact: end bytes=2190080 ms=4 l0=262 l1=303 rc=0
2026-10-02T19:39:37.831Z kv-compact: start l0=262 inputs=2 range=267 l0only=1
2026-10-02T19:39:37.835Z kv-compact: end bytes=1539590 ms=3 l0=261 l1=303 rc=0
2026-10-02T19:39:37.850Z raft-host: apply-sleep us=68276 group=2 idx=4502120 applied=4502118
2026-10-02T19:39:37.912Z kv-compact: start l0=271 inputs=4 range=1 l0only=0
2026-10-02T19:39:37.913Z raft-host: apply-sleep us=63131 group=0 idx=4267199 applied=4267195
2026-10-02T19:39:37.913Z raft-host: apply-sleep us=39499 group=2 idx=4502122 applied=4502120
2026-10-02T19:39:37.981Z raft-host: apply-sleep us=68154 group=0 idx=4267201 applied=4267199
2026-10-02T19:39:38.039Z kv-compact: end bytes=82592000 ms=127 l0=269 l1=303 rc=0
2026-10-02T19:39:38.039Z kv-compact: start l0=269 inputs=2 range=257 l0only=1
2026-10-02T19:39:38.070Z kv-compact: end bytes=20274160 ms=31 l0=268 l1=303 rc=0
2026-10-02T19:39:38.070Z kv-compact: start l0=268 inputs=2 range=264 l0only=1
2026-10-02T19:39:38.095Z kv-compact: end bytes=15294924 ms=25 l0=267 l1=303 rc=0
2026-10-02T19:39:38.095Z kv-compact: start l0=267 inputs=2 range=258 l0only=1
2026-10-02T19:39:38.115Z kv-compact: end bytes=12385296 ms=20 l0=266 l1=303 rc=0
2026-10-02T19:39:38.115Z kv-compact: start l0=266 inputs=2 range=260 l0only=1
2026-10-02T19:39:38.134Z kv-compact: end bytes=10821093 ms=19 l0=265 l1=303 rc=0
2026-10-02T19:39:38.134Z kv-compact: start l0=265 inputs=2 range=261 l0only=1
2026-10-02T19:39:38.159Z kv-compact: end bytes=9107409 ms=25 l0=274 l1=303 rc=0
2026-10-02T19:39:38.159Z kv-compact: start l0=274 inputs=3 range=270 l0only=1
2026-10-02T19:39:38.160Z raft-host: apply-sleep us=118775 group=2 idx=4502126 applied=4502125
2026-10-02T19:39:38.160Z report-split nrec=8193 pack_ms=106 push_ms=36 finish_ms=306 skip=0 stale=0 inval=0 rc=0 fail=-/0
2026-10-02T19:39:38.175Z kv-compact: end bytes=9467067 ms=16 l0=272 l1=303 rc=0
2026-10-02T19:39:38.176Z kv-compact: start l0=272 inputs=3 range=263 l0only=1
2026-10-02T19:39:38.185Z kv-compact: end bytes=4852597 ms=9 l0=270 l1=303 rc=0
2026-10-02T19:39:38.185Z kv-compact: start l0=270 inputs=3 range=2 l0only=1
2026-10-02T19:39:38.191Z kv-compact: end bytes=3118100 ms=6 l0=268 l1=303 rc=0
2026-10-02T19:39:38.191Z kv-compact: start l0=268 inputs=3 range=267 l0only=1
2026-10-02T19:39:38.197Z kv-compact: end bytes=2409903 ms=6 l0=266 l1=303 rc=0
2026-10-02T19:39:38.197Z kv-compact: start l0=266 inputs=2 range=257 l0only=1
2026-10-02T19:39:38.228Z kv-compact: end bytes=20594117 ms=31 l0=265 l1=303 rc=0
2026-10-02T19:39:38.228Z kv-compact: start l0=265 inputs=2 range=264 l0only=1
2026-10-02T19:39:38.254Z kv-compact: end bytes=15582953 ms=26 l0=264 l1=303 rc=0
2026-10-02T19:39:38.254Z kv-compact: start l0=264 inputs=2 range=258 l0only=1
2026-10-02T19:39:38.275Z kv-compact: end bytes=12509266 ms=21 l0=263 l1=303 rc=0
2026-10-02T19:39:38.275Z kv-compact: start l0=263 inputs=2 range=260 l0only=1
2026-10-02T19:39:38.293Z kv-compact: end bytes=11048029 ms=18 l0=262 l1=303 rc=0
2026-10-02T19:39:38.293Z kv-compact: start l0=262 inputs=2 range=261 l0only=1
2026-10-02T19:39:38.308Z kv-compact: end bytes=9293203 ms=16 l0=261 l1=303 rc=0
2026-10-02T19:39:38.330Z raft-host: apply-sleep us=145593 group=2 idx=4502130 applied=4502126
2026-10-02T19:39:38.330Z raft-host: apply-sleep us=87008 group=2 idx=4502131 applied=4502129
2026-10-02T19:39:38.330Z report-split nrec=8194 pack_ms=117 push_ms=88 finish_ms=344 skip=0 stale=0 inval=0 rc=0 fail=-/0
2026-10-02T19:39:38.351Z kv-compact: start l0=271 inputs=2 range=257 l0only=1
2026-10-02T19:39:38.373Z raft-host: apply-sleep us=43038 group=0 idx=4267216 applied=4267213
2026-10-02T19:39:38.383Z kv-compact: end bytes=20872573 ms=32 l0=270 l1=303 rc=0
2026-10-02T19:39:38.383Z kv-compact: start l0=270 inputs=2 range=264 l0only=1
2026-10-02T19:39:38.408Z kv-compact: end bytes=15808675 ms=25 l0=269 l1=303 rc=0
2026-10-02T19:39:38.408Z kv-compact: start l0=269 inputs=2 range=258 l0only=1
2026-10-02T19:39:38.423Z raft-host: apply-sleep us=72223 group=2 idx=4502135 applied=4502132
2026-10-02T19:39:38.423Z raft-host: apply-sleep us=49625 group=2 idx=4502135 applied=4502134
2026-10-02T19:39:38.423Z report-split nrec=8192 pack_ms=112 push_ms=135 finish_ms=260 skip=0 stale=0 inval=0 rc=0 fail=-/0
2026-10-02T19:39:38.429Z kv-compact: end bytes=12611823 ms=21 l0=268 l1=303 rc=0
2026-10-02T19:39:38.429Z kv-compact: start l0=268 inputs=2 range=260 l0only=1
2026-10-02T19:39:38.448Z kv-compact: end bytes=11265334 ms=19 l0=267 l1=303 rc=0
2026-10-02T19:39:38.448Z kv-compact: start l0=267 inputs=2 range=270 l0only=1
2026-10-02T19:39:38.465Z kv-compact: end bytes=9847758 ms=17 l0=266 l1=303 rc=0
2026-10-02T19:39:38.465Z kv-compact: start l0=266 inputs=2 range=261 l0only=1
2026-10-02T19:39:38.480Z kv-compact: end bytes=9446797 ms=15 l0=265 l1=303 rc=0
2026-10-02T19:39:38.480Z kv-compact: start l0=265 inputs=2 range=263 l0only=1
2026-10-02T19:39:38.490Z kv-compact: end bytes=5008693 ms=10 l0=264 l1=303 rc=0
2026-10-02T19:39:38.490Z kv-compact: start l0=264 inputs=2 range=2 l0only=1
2026-10-02T19:39:38.497Z raft-host: apply-sleep us=74348 group=2 idx=4502137 applied=4502135
2026-10-02T19:39:38.497Z report-split nrec=8192 pack_ms=54 push_ms=209 finish_ms=251 skip=0 stale=0 inval=0 rc=0 fail=-/0
2026-10-02T19:39:38.497Z raft-host: apply-sleep us=54836 group=2 idx=4502137 applied=4502135
2026-10-02T19:39:38.497Z raft-host: apply-sleep us=74390 group=0 idx=4267219 applied=4267218
2026-10-02T19:39:38.497Z kv-compact: end bytes=3767700 ms=7 l0=263 l1=303 rc=0
2026-10-02T19:39:38.497Z kv-compact: start l0=263 inputs=2 range=267 l0only=1
2026-10-02T19:39:38.503Z kv-compact: end bytes=2824335 ms=6 l0=262 l1=303 rc=0
2026-10-02T19:39:38.503Z kv-compact: start l0=262 inputs=2 range=1 l0only=1
2026-10-02T19:39:38.507Z kv-compact: end bytes=1113600 ms=4 l0=261 l1=303 rc=0
2026-10-02T19:39:38.571Z kv-compact: start l0=271 inputs=2 range=257 l0only=1
2026-10-02T19:39:38.575Z raft-host: apply-sleep us=77643 group=0 idx=4267221 applied=4267219
2026-10-02T19:39:38.575Z raft-host: gc-pass ms=28 reap=0 frag=0 spread=0 recover=0 fscans=0 fsegs=0 fkeys=0 femit=0 ftomb=0 scans=0 segs=0 keys=0 emit=0 tomb=0
2026-10-02T19:39:38.604Z kv-compact: end bytes=21151029 ms=33 l0=270 l1=303 rc=0
2026-10-02T19:39:38.604Z kv-compact: start l0=270 inputs=2 range=264 l0only=1
2026-10-02T19:39:38.629Z kv-compact: end bytes=16035202 ms=25 l0=269 l1=303 rc=0
2026-10-02T19:39:38.629Z kv-compact: start l0=269 inputs=2 range=258 l0only=1
2026-10-02T19:39:38.650Z kv-compact: end bytes=12714541 ms=21 l0=268 l1=303 rc=0
2026-10-02T19:39:38.650Z kv-compact: start l0=268 inputs=2 range=260 l0only=1
2026-10-02T19:39:38.670Z kv-compact: end bytes=11483473 ms=20 l0=267 l1=303 rc=0
2026-10-02T19:39:38.670Z kv-compact: start l0=267 inputs=2 range=270 l0only=1
2026-10-02T19:39:38.688Z kv-compact: end bytes=10271684 ms=18 l0=266 l1=303 rc=0
2026-10-02T19:39:38.688Z kv-compact: start l0=266 inputs=2 range=261 l0only=1
2026-10-02T19:39:38.704Z kv-compact: end bytes=9600713 ms=16 l0=265 l1=303 rc=0
2026-10-02T19:39:38.704Z kv-compact: start l0=265 inputs=2 range=263 l0only=1
2026-10-02T19:39:38.714Z kv-compact: end bytes=5153841 ms=10 l0=264 l1=303 rc=0
2026-10-02T19:39:38.714Z kv-compact: start l0=264 inputs=2 range=2 l0only=1
2026-10-02T19:39:38.722Z kv-compact: end bytes=4417300 ms=8 l0=263 l1=303 rc=0
2026-10-02T19:39:38.722Z kv-compact: start l0=263 inputs=2 range=267 l0only=1
2026-10-02T19:39:38.731Z kv-compact: end bytes=3196793 ms=9 l0=262 l1=303 rc=0
2026-10-02T19:39:38.731Z kv-compact: start l0=262 inputs=2 range=1 l0only=1
2026-10-02T19:39:38.736Z kv-compact: end bytes=1670400 ms=5 l0=261 l1=303 rc=0
2026-10-02T19:39:38.785Z kv-compact: start l0=271 inputs=2 range=257 l0only=1
2026-10-02T19:39:38.820Z kv-compact: end bytes=21412828 ms=35 l0=270 l1=303 rc=0
2026-10-02T19:39:38.820Z kv-compact: start l0=270 inputs=2 range=264 l0only=1
2026-10-02T19:39:38.847Z kv-compact: end bytes=16295230 ms=27 l0=269 l1=303 rc=0
2026-10-02T19:39:38.847Z kv-compact: start l0=269 inputs=2 range=258 l0only=1
2026-10-02T19:39:38.869Z kv-compact: end bytes=12792948 ms=22 l0=268 l1=303 rc=0
2026-10-02T19:39:38.869Z kv-compact: start l0=268 inputs=2 range=260 l0only=1
2026-10-02T19:39:38.869Z raft-host: apply-sleep us=53373 group=0 idx=4267228 applied=4267227
2026-10-02T19:39:38.869Z report-split nrec=9030 pack_ms=120 push_ms=96 finish_ms=278 skip=0 stale=0 inval=0 rc=0 fail=-/0
2026-10-02T19:39:38.890Z kv-compact: end bytes=11642950 ms=21 l0=267 l1=303 rc=0
2026-10-02T19:39:38.890Z kv-compact: start l0=267 inputs=2 range=270 l0only=1
2026-10-02T19:39:38.908Z kv-compact: end bytes=10569460 ms=18 l0=266 l1=303 rc=0
2026-10-02T19:39:38.908Z kv-compact: start l0=266 inputs=2 range=261 l0only=1
2026-10-02T19:39:38.925Z kv-compact: end bytes=9718404 ms=17 l0=265 l1=303 rc=0
2026-10-02T19:39:38.925Z kv-compact: start l0=265 inputs=2 range=263 l0only=1
2026-10-02T19:39:38.936Z kv-compact: end bytes=5231926 ms=11 l0=264 l1=303 rc=0
2026-10-02T19:39:38.936Z kv-compact: start l0=264 inputs=2 range=2 l0only=1
2026-10-02T19:39:38.945Z kv-compact: end bytes=5159700 ms=9 l0=263 l1=303 rc=0
2026-10-02T19:39:38.945Z kv-compact: start l0=263 inputs=2 range=267 l0only=1
2026-10-02T19:39:38.952Z kv-compact: end bytes=3535689 ms=7 l0=262 l1=303 rc=0
2026-10-02T19:39:38.952Z kv-compact: start l0=262 inputs=2 range=1 l0only=1
2026-10-02T19:39:38.957Z kv-compact: end bytes=2412800 ms=5 l0=261 l1=303 rc=0
2026-10-02T19:39:38.970Z kv-compact: start l0=271 inputs=5 range=257 l0only=0
2026-10-02T19:39:39.016Z raft-host: apply-sleep us=29949 group=2 idx=4502153 applied=4502152
2026-10-02T19:39:39.016Z report-split nrec=9071 pack_ms=65 push_ms=263 finish_ms=188 skip=0 stale=0 inval=0 rc=0 fail=-/0
2026-10-02T19:39:39.016Z raft-host: apply-sleep us=29965 group=0 idx=4267238 applied=4267235
2026-10-02T19:39:39.016Z report-split nrec=8659 pack_ms=110 push_ms=197 finish_ms=133 skip=0 stale=0 inval=0 rc=0 fail=-/0
2026-10-02T19:39:39.252Z kv-compact: end bytes=173599086 ms=282 l0=279 l1=303 rc=0
2026-10-02T19:39:39.252Z kv-compact: start l0=279 inputs=3 range=264 l0only=1
2026-10-02T19:39:39.279Z kv-compact: end bytes=16760620 ms=27 l0=277 l1=303 rc=0
2026-10-02T19:39:39.279Z kv-compact: start l0=277 inputs=3 range=258 l0only=1
2026-10-02T19:39:39.301Z kv-compact: end bytes=12943161 ms=22 l0=275 l1=303 rc=0
2026-10-02T19:39:39.301Z kv-compact: start l0=275 inputs=3 range=260 l0only=1
2026-10-02T19:39:39.321Z kv-compact: end bytes=11909653 ms=20 l0=273 l1=303 rc=0
2026-10-02T19:39:39.321Z kv-compact: start l0=273 inputs=3 range=270 l0only=1
2026-10-02T19:39:39.341Z kv-compact: end bytes=11197432 ms=20 l0=271 l1=303 rc=0
2026-10-02T19:39:39.341Z kv-compact: start l0=271 inputs=3 range=261 l0only=1
2026-10-02T19:39:39.359Z kv-compact: end bytes=10070450 ms=18 l0=269 l1=303 rc=0
2026-10-02T19:39:39.359Z kv-compact: start l0=269 inputs=3 range=2 l0only=1
2026-10-02T19:39:39.370Z kv-compact: end bytes=6644500 ms=11 l0=267 l1=303 rc=0
2026-10-02T19:39:39.370Z kv-compact: start l0=267 inputs=3 range=263 l0only=1
2026-10-02T19:39:39.380Z kv-compact: end bytes=5381817 ms=9 l0=265 l1=303 rc=0
2026-10-02T19:39:39.380Z kv-compact: start l0=265 inputs=3 range=267 l0only=1
2026-10-02T19:39:39.389Z kv-compact: end bytes=4151753 ms=9 l0=263 l1=303 rc=0
2026-10-02T19:39:39.389Z kv-compact: start l0=263 inputs=3 range=1 l0only=1
2026-10-02T19:39:39.397Z kv-compact: end bytes=3971008 ms=8 l0=261 l1=303 rc=0
2026-10-02T19:39:39.452Z kv-compact: start l0=271 inputs=2 range=264 l0only=1
2026-10-02T19:39:39.479Z kv-compact: end bytes=16922277 ms=27 l0=270 l1=303 rc=0
2026-10-02T19:39:39.479Z kv-compact: start l0=270 inputs=2 range=258 l0only=1
2026-10-02T19:39:39.488Z raft-host: apply-sleep us=125376 group=2 idx=4502167 applied=4502164
2026-10-02T19:39:39.500Z kv-compact: end bytes=13062797 ms=21 l0=269 l1=303 rc=0
2026-10-02T19:39:39.500Z kv-compact: start l0=269 inputs=2 range=260 l0only=1
2026-10-02T19:39:39.519Z kv-compact: end bytes=11962139 ms=19 l0=268 l1=303 rc=0
2026-10-02T19:39:39.519Z kv-compact: start l0=268 inputs=2 range=270 l0only=1
2026-10-02T19:39:39.536Z raft-host: apply-sleep us=48148 group=0 idx=4267258 applied=4267255
2026-10-02T19:39:39.539Z kv-compact: end bytes=11424892 ms=20 l0=267 l1=303 rc=0
2026-10-02T19:39:39.539Z kv-compact: start l0=267 inputs=2 range=261 l0only=1
2026-10-02T19:39:39.557Z kv-compact: end bytes=10207474 ms=18 l0=266 l1=303 rc=0
2026-10-02T19:39:39.557Z kv-compact: start l0=266 inputs=2 range=2 l0only=1
2026-10-02T19:39:39.569Z kv-compact: end bytes=7572500 ms=12 l0=265 l1=303 rc=0
2026-10-02T19:39:39.569Z kv-compact: start l0=265 inputs=2 range=263 l0only=1
2026-10-02T19:39:39.578Z kv-compact: end bytes=5416915 ms=9 l0=264 l1=303 rc=0
2026-10-02T19:39:39.578Z kv-compact: start l0=264 inputs=2 range=1 l0only=1
2026-10-02T19:39:39.587Z kv-compact: end bytes=5019648 ms=8 l0=263 l1=303 rc=0
2026-10-02T19:39:39.587Z kv-compact: start l0=263 inputs=2 range=267 l0only=1
2026-10-02T19:39:39.595Z kv-compact: end bytes=4348942 ms=8 l0=262 l1=303 rc=0
2026-10-02T19:39:39.595Z kv-compact: start l0=262 inputs=2 range=257 l0only=1
2026-10-02T19:39:39.597Z kv-compact: end bytes=222699 ms=2 l0=261 l1=303 rc=0
2026-10-02T19:39:39.649Z kv-compact: start l0=271 inputs=2 range=264 l0only=1
2026-10-02T19:39:39.656Z raft-host: gc-pass ms=78 reap=0 frag=0 spread=0 recover=0 fscans=0 fsegs=0 fkeys=0 femit=0 ftomb=0 scans=0 segs=0 keys=0 emit=0 tomb=0
2026-10-02T19:39:39.676Z kv-compact: end bytes=17218852 ms=27 l0=270 l1=303 rc=0
2026-10-02T19:39:39.676Z kv-compact: start l0=270 inputs=2 range=258 l0only=1
2026-10-02T19:39:39.698Z kv-compact: end bytes=13242486 ms=22 l0=269 l1=303 rc=0
2026-10-02T19:39:39.698Z kv-compact: start l0=269 inputs=2 range=260 l0only=1
2026-10-02T19:39:39.717Z kv-compact: end bytes=12103980 ms=19 l0=268 l1=303 rc=0
2026-10-02T19:39:39.717Z kv-compact: start l0=268 inputs=2 range=270 l0only=1
2026-10-02T19:39:39.718Z raft-host: apply-sleep us=66331 group=2 idx=4502173 applied=4502169
2026-10-02T19:39:39.718Z raft-host: apply-sleep us=61719 group=2 idx=4502173 applied=4502171
2026-10-02T19:39:39.718Z report-split nrec=8192 pack_ms=144 push_ms=37 finish_ms=281 skip=0 stale=0 inval=0 rc=0 fail=-/0
2026-10-02T19:39:39.737Z kv-compact: end bytes=11772739 ms=20 l0=267 l1=303 rc=0
2026-10-02T19:39:39.737Z kv-compact: start l0=267 inputs=2 range=261 l0only=1
2026-10-02T19:39:39.754Z kv-compact: end bytes=10392228 ms=17 l0=266 l1=303 rc=0
2026-10-02T19:39:39.754Z kv-compact: start l0=266 inputs=2 range=2 l0only=1
2026-10-02T19:39:39.767Z kv-compact: end bytes=8314900 ms=13 l0=265 l1=303 rc=0
2026-10-02T19:39:39.767Z kv-compact: start l0=265 inputs=2 range=1 l0only=1
2026-10-02T19:39:39.776Z kv-compact: end bytes=5576448 ms=9 l0=264 l1=303 rc=0
2026-10-02T19:39:39.776Z kv-compact: start l0=264 inputs=2 range=263 l0only=1
2026-10-02T19:39:39.783Z raft-host: apply-sleep us=64901 group=2 idx=4502175 applied=4502174
2026-10-02T19:39:39.783Z report-split nrec=8192 pack_ms=167 push_ms=96 finish_ms=292 skip=0 stale=0 inval=0 rc=0 fail=-/0
2026-10-02T19:39:39.783Z raft-host: apply-sleep us=64885 group=0 idx=4267264 applied=4267262
2026-10-02T19:39:39.787Z kv-compact: end bytes=5511905 ms=11 l0=263 l1=303 rc=0
2026-10-02T19:39:39.787Z kv-compact: start l0=263 inputs=2 range=267 l0only=1
2026-10-02T19:39:39.796Z kv-compact: end bytes=4704285 ms=9 l0=262 l1=303 rc=0
2026-10-02T19:39:39.796Z kv-compact: start l0=262 inputs=2 range=257 l0only=1
2026-10-02T19:39:39.799Z kv-compact: end bytes=433909 ms=3 l0=261 l1=303 rc=0
2026-10-02T19:39:39.851Z kv-compact: start l0=271 inputs=2 range=264 l0only=1
2026-10-02T19:39:39.863Z raft-host: apply-sleep us=86589 group=2 idx=4502179 applied=4502174
2026-10-02T19:39:39.879Z kv-compact: end bytes=17537954 ms=28 l0=270 l1=303 rc=0
2026-10-02T19:39:39.879Z kv-compact: start l0=270 inputs=2 range=258 l0only=1
2026-10-02T19:39:39.901Z kv-compact: end bytes=13388352 ms=22 l0=269 l1=303 rc=0
2026-10-02T19:39:39.901Z kv-compact: start l0=269 inputs=2 range=260 l0only=1
2026-10-02T19:39:39.910Z raft-host: apply-sleep us=46539 group=0 idx=4267267 applied=4267265
2026-10-02T19:39:39.910Z report-split nrec=8192 pack_ms=169 push_ms=153 finish_ms=250 skip=0 stale=0 inval=0 rc=0 fail=-/0
2026-10-02T19:39:39.910Z raft-host: apply-sleep us=46560 group=2 idx=4502180 applied=4502179
2026-10-02T19:39:39.910Z report-split nrec=4987 pack_ms=86 push_ms=106 finish_ms=180 skip=0 stale=0 inval=0 rc=0 fail=-/0
2026-10-02T19:39:39.910Z raft-host: apply-sleep us=46561 group=0 idx=4267270 applied=4267265
2026-10-02T19:39:39.921Z kv-compact: end bytes=12318754 ms=20 l0=268 l1=303 rc=0
2026-10-02T19:39:39.921Z kv-compact: start l0=268 inputs=2 range=270 l0only=1
2026-10-02T19:39:39.941Z kv-compact: end bytes=12280326 ms=20 l0=267 l1=303 rc=0
2026-10-02T19:39:39.941Z kv-compact: start l0=267 inputs=2 range=261 l0only=1
2026-10-02T19:39:39.959Z kv-compact: end bytes=10612154 ms=18 l0=266 l1=303 rc=0
2026-10-02T19:39:39.959Z kv-compact: start l0=266 inputs=2 range=2 l0only=1
2026-10-02T19:39:39.972Z kv-compact: end bytes=8686120 ms=13 l0=265 l1=303 rc=0
2026-10-02T19:39:39.972Z kv-compact: start l0=265 inputs=2 range=1 l0only=1
2026-10-02T19:39:39.982Z kv-compact: end bytes=5947648 ms=10 l0=264 l1=303 rc=0
2026-10-02T19:39:39.982Z kv-compact: start l0=264 inputs=2 range=263 l0only=1
2026-10-02T19:39:39.985Z raft-host: apply-sleep us=60967 group=2 idx=4502183 applied=4502182
2026-10-02T19:39:39.993Z kv-compact: end bytes=5688448 ms=11 l0=263 l1=303 rc=0
2026-10-02T19:39:39.993Z kv-compact: start l0=263 inputs=2 range=267 l0only=1
2026-10-02T19:39:40.002Z kv-compact: end bytes=5221504 ms=9 l0=262 l1=303 rc=0
2026-10-02T19:39:40.002Z kv-compact: start l0=262 inputs=2 range=257 l0only=1
2026-10-02T19:39:40.006Z kv-compact: end bytes=801300 ms=4 l0=261 l1=303 rc=0
2026-10-02T19:39:40.041Z kv-compact: start l0=271 inputs=2 range=264 l0only=1
2026-10-02T19:39:40.044Z raft-host: apply-sleep us=59237 group=0 idx=4267273 applied=4267272
2026-10-02T19:39:40.078Z kv-compact: end bytes=17678024 ms=37 l0=270 l1=303 rc=0
2026-10-02T19:39:40.078Z kv-compact: start l0=270 inputs=2 range=258 l0only=1
2026-10-02T19:39:40.100Z kv-compact: end bytes=13448405 ms=22 l0=269 l1=303 rc=0
2026-10-02T19:39:40.100Z kv-compact: start l0=269 inputs=2 range=270 l0only=1
2026-10-02T19:39:40.109Z raft-host: apply-sleep us=93856 group=2 idx=4502186 applied=4502183
2026-10-02T19:39:40.120Z kv-compact: end bytes=12569495 ms=20 l0=268 l1=303 rc=0
2026-10-02T19:39:40.120Z kv-compact: start l0=268 inputs=2 range=260 l0only=1
2026-10-02T19:39:40.140Z kv-compact: end bytes=12496994 ms=20 l0=267 l1=303 rc=0
2026-10-02T19:39:40.140Z kv-compact: start l0=267 inputs=2 range=261 l0only=1
2026-10-02T19:39:40.158Z kv-compact: end bytes=10700865 ms=18 l0=266 l1=303 rc=0
2026-10-02T19:39:40.159Z kv-compact: start l0=266 inputs=2 range=2 l0only=1
2026-10-02T19:39:40.168Z raft-host: apply-sleep us=58596 group=0 idx=4267276 applied=4267275
2026-10-02T19:39:40.168Z raft-host: apply-sleep us=58153 group=2 idx=4502188 applied=4502186
2026-10-02T19:39:40.173Z kv-compact: end bytes=9428520 ms=14 l0=265 l1=303 rc=0
2026-10-02T19:39:40.173Z kv-compact: start l0=265 inputs=2 range=1 l0only=1
2026-10-02T19:39:40.183Z report-split nrec=8193 pack_ms=86 push_ms=117 finish_ms=195 skip=0 stale=0 inval=0 rc=0 fail=-/0
2026-10-02T19:39:40.185Z kv-compact: end bytes=6875648 ms=12 l0=264 l1=303 rc=0
2026-10-02T19:39:40.185Z kv-compact: start l0=264 inputs=2 range=263 l0only=1
2026-10-02T19:39:40.195Z kv-compact: end bytes=5836742 ms=10 l0=263 l1=303 rc=0
2026-10-02T19:39:40.195Z kv-compact: start l0=263 inputs=2 range=267 l0only=1
2026-10-02T19:39:40.205Z kv-compact: end bytes=5500369 ms=10 l0=262 l1=303 rc=0
2026-10-02T19:39:40.205Z kv-compact: start l0=262 inputs=2 range=257 l0only=1
2026-10-02T19:39:40.208Z kv-compact: end bytes=984887 ms=3 l0=261 l1=303 rc=0
2026-10-02T19:39:40.259Z raft-host: apply-sleep us=75666 group=2 idx=4502190 applied=4502189
2026-10-02T19:39:40.283Z kv-compact: start l0=271 inputs=2 range=264 l0only=1
2026-10-02T19:39:40.302Z raft-host: apply-sleep us=43439 group=0 idx=4267280 applied=4267279
2026-10-02T19:39:40.311Z kv-compact: end bytes=17991169 ms=28 l0=270 l1=303 rc=0
2026-10-02T19:39:40.311Z kv-compact: start l0=270 inputs=2 range=258 l0only=1
2026-10-02T19:39:40.333Z kv-compact: end bytes=13593466 ms=21 l0=269 l1=303 rc=0
2026-10-02T19:39:40.333Z kv-compact: start l0=269 inputs=2 range=270 l0only=1
2026-10-02T19:39:40.352Z raft-host: apply-sleep us=51045 group=2 idx=4502193 applied=4502192
2026-10-02T19:39:40.352Z report-split nrec=8192 pack_ms=85 push_ms=98 finish_ms=257 skip=0 stale=0 inval=0 rc=0 fail=-/0
2026-10-02T19:39:40.354Z kv-compact: end bytes=13084138 ms=21 l0=268 l1=303 rc=0
2026-10-02T19:39:40.354Z kv-compact: start l0=268 inputs=2 range=260 l0only=1
2026-10-02T19:39:40.375Z kv-compact: end bytes=12755808 ms=21 l0=267 l1=303 rc=0
2026-10-02T19:39:40.375Z kv-compact: start l0=267 inputs=2 range=261 l0only=1
2026-10-02T19:39:40.392Z raft-host: apply-sleep us=39321 group=0 idx=4267287 applied=4267285
2026-10-02T19:39:40.392Z report-split nrec=5072 pack_ms=66 push_ms=82 finish_ms=197 skip=0 stale=0 inval=0 rc=0 fail=-/0
2026-10-02T19:39:40.394Z kv-compact: end bytes=10917732 ms=19 l0=266 l1=303 rc=0
2026-10-02T19:39:40.394Z kv-compact: start l0=266 inputs=2 range=2 l0only=1
2026-10-02T19:39:40.410Z kv-compact: end bytes=9799720 ms=16 l0=265 l1=303 rc=0
2026-10-02T19:39:40.410Z kv-compact: start l0=265 inputs=2 range=1 l0only=1
2026-10-02T19:39:40.422Z kv-compact: end bytes=7248234 ms=12 l0=264 l1=303 rc=0
2026-10-02T19:39:40.422Z kv-compact: start l0=264 inputs=2 range=267 l0only=1
2026-10-02T19:39:40.433Z kv-compact: end bytes=6003742 ms=11 l0=263 l1=303 rc=0
2026-10-02T19:39:40.433Z kv-compact: start l0=263 inputs=2 range=263 l0only=1
2026-10-02T19:39:40.444Z kv-compact: end bytes=5981803 ms=11 l0=262 l1=303 rc=0
2026-10-02T19:39:40.444Z kv-compact: start l0=262 inputs=2 range=257 l0only=1
2026-10-02T19:39:40.448Z kv-compact: end bytes=1360650 ms=4 l0=261 l1=303 rc=0
2026-10-02T19:39:40.454Z raft-host: apply-sleep us=50067 group=2 idx=4502196 applied=4502195
2026-10-02T19:39:40.482Z kv-compact: start l0=271 inputs=3 range=2 l0only=0
2026-10-02T19:39:40.492Z raft-host: apply-sleep us=38415 group=0 idx=4267293 applied=4267291
2026-10-02T19:39:40.520Z kv-compact: end bytes=24947866 ms=38 l0=269 l1=303 rc=0
2026-10-02T19:39:40.520Z kv-compact: start l0=269 inputs=2 range=264 l0only=1
2026-10-02T19:39:40.550Z kv-compact: end bytes=18295224 ms=30 l0=268 l1=303 rc=0
2026-10-02T19:39:40.550Z kv-compact: start l0=268 inputs=2 range=258 l0only=1
2026-10-02T19:39:40.574Z kv-compact: end bytes=13702785 ms=24 l0=267 l1=303 rc=0
2026-10-02T19:39:40.574Z kv-compact: start l0=267 inputs=2 range=270 l0only=1
2026-10-02T19:39:40.596Z kv-compact: end bytes=13469820 ms=22 l0=266 l1=303 rc=0
2026-10-02T19:39:40.596Z kv-compact: start l0=266 inputs=2 range=260 l0only=1
2026-10-02T19:39:40.618Z kv-compact: end bytes=12962941 ms=22 l0=265 l1=303 rc=0
2026-10-02T19:39:40.618Z kv-compact: start l0=265 inputs=2 range=261 l0only=1
2026-10-02T19:39:40.636Z kv-compact: end bytes=11081952 ms=18 l0=264 l1=303 rc=0
2026-10-02T19:39:40.636Z kv-compact: start l0=264 inputs=2 range=1 l0only=1
2026-10-02T19:39:40.648Z kv-compact: end bytes=7812096 ms=12 l0=263 l1=303 rc=0
2026-10-02T19:39:40.648Z kv-compact: start l0=263 inputs=2 range=267 l0only=1
2026-10-02T19:39:40.660Z kv-compact: end bytes=6399245 ms=12 l0=262 l1=303 rc=0
2026-10-02T19:39:40.660Z kv-compact: start l0=262 inputs=2 range=263 l0only=1
2026-10-02T19:39:40.670Z kv-compact: end bytes=6140958 ms=10 l0=261 l1=303 rc=0
2026-10-02T19:39:40.670Z kv-compact: start l0=261 inputs=2 range=257 l0only=1
2026-10-02T19:39:40.674Z kv-compact: end bytes=1634938 ms=4 l0=260 l1=303 rc=0
2026-10-02T19:39:40.688Z raft-host: gc-pass ms=28 reap=0 frag=0 spread=0 recover=0 fscans=0 fsegs=0 fkeys=0 femit=0 ftomb=0 scans=0 segs=0 keys=0 emit=0 tomb=0
2026-10-02T19:39:40.703Z kv-compact: start l0=270 inputs=2 range=264 l0only=1
2026-10-02T19:39:40.732Z kv-compact: end bytes=18547437 ms=29 l0=269 l1=303 rc=0
2026-10-02T19:39:40.732Z kv-compact: start l0=269 inputs=2 range=270 l0only=1
2026-10-02T19:39:40.735Z raft-host: apply-sleep us=46991 group=0 idx=4267299 applied=4267298
2026-10-02T19:39:40.735Z report-split nrec=4175 pack_ms=54 push_ms=43 finish_ms=143 skip=0 stale=0 inval=0 rc=0 fail=-/0
2026-10-02T19:39:40.754Z kv-compact: end bytes=13821853 ms=22 l0=268 l1=303 rc=0
2026-10-02T19:39:40.754Z kv-compact: start l0=268 inputs=2 range=258 l0only=1
2026-10-02T19:39:40.777Z kv-compact: end bytes=13795521 ms=23 l0=267 l1=303 rc=0
2026-10-02T19:39:40.777Z kv-compact: start l0=267 inputs=2 range=260 l0only=1
2026-10-02T19:39:40.799Z kv-compact: end bytes=13143348 ms=22 l0=266 l1=303 rc=0
2026-10-02T19:39:40.799Z kv-compact: start l0=266 inputs=2 range=261 l0only=1
2026-10-02T19:39:40.819Z kv-compact: end bytes=11220412 ms=20 l0=265 l1=303 rc=0
2026-10-02T19:39:40.819Z kv-compact: start l0=265 inputs=2 range=1 l0only=1
2026-10-02T19:39:40.833Z kv-compact: end bytes=8368896 ms=14 l0=264 l1=303 rc=0
2026-10-02T19:39:40.833Z kv-compact: start l0=264 inputs=2 range=267 l0only=1
2026-10-02T19:39:40.845Z kv-compact: end bytes=6791776 ms=12 l0=263 l1=303 rc=0
2026-10-02T19:39:40.845Z kv-compact: start l0=263 inputs=2 range=263 l0only=1
2026-10-02T19:39:40.857Z kv-compact: end bytes=6232889 ms=11 l0=262 l1=303 rc=0
2026-10-02T19:39:40.858Z kv-compact: start l0=262 inputs=2 range=257 l0only=1
2026-10-02T19:39:40.862Z kv-compact: end bytes=1934429 ms=4 l0=261 l1=303 rc=0
2026-10-02T19:39:40.899Z kv-compact: start l0=271 inputs=2 range=264 l0only=1
2026-10-02T19:39:40.927Z kv-compact: end bytes=18820097 ms=28 l0=270 l1=303 rc=0
2026-10-02T19:39:40.927Z kv-compact: start l0=270 inputs=2 range=270 l0only=1
2026-10-02T19:39:40.950Z kv-compact: end bytes=14209070 ms=23 l0=269 l1=303 rc=0
2026-10-02T19:39:40.950Z kv-compact: start l0=269 inputs=2 range=258 l0only=1
2026-10-02T19:39:40.973Z kv-compact: end bytes=13897434 ms=23 l0=268 l1=303 rc=0
2026-10-02T19:39:40.973Z kv-compact: start l0=268 inputs=2 range=260 l0only=1
2026-10-02T19:39:40.995Z kv-compact: end bytes=13338567 ms=22 l0=267 l1=303 rc=0
2026-10-02T19:39:40.995Z kv-compact: start l0=267 inputs=2 range=261 l0only=1
2026-10-02T19:39:41.013Z kv-compact: end bytes=11415631 ms=18 l0=266 l1=303 rc=0
2026-10-02T19:39:41.013Z kv-compact: start l0=266 inputs=2 range=1 l0only=1
2026-10-02T19:39:41.028Z kv-compact: end bytes=9046336 ms=15 l0=265 l1=303 rc=0
2026-10-02T19:39:41.028Z kv-compact: start l0=265 inputs=2 range=267 l0only=1
2026-10-02T19:39:41.040Z kv-compact: end bytes=7160875 ms=12 l0=264 l1=303 rc=0
2026-10-02T19:39:41.040Z kv-compact: start l0=264 inputs=2 range=263 l0only=1
2026-10-02T19:39:41.051Z kv-compact: end bytes=6335285 ms=11 l0=263 l1=303 rc=0
2026-10-02T19:39:41.051Z kv-compact: start l0=263 inputs=2 range=257 l0only=1
2026-10-02T19:39:41.056Z kv-compact: end bytes=2198011 ms=5 l0=262 l1=303 rc=0
2026-10-02T19:39:41.056Z kv-compact: start l0=262 inputs=2 range=2 l0only=1
2026-10-02T19:39:41.059Z kv-compact: end bytes=1299200 ms=3 l0=261 l1=303 rc=0
2026-10-02T19:39:41.114Z kv-compact: start l0=271 inputs=2 range=264 l0only=1
2026-10-02T19:39:41.143Z kv-compact: end bytes=19133094 ms=29 l0=270 l1=303 rc=0
2026-10-02T19:39:41.143Z kv-compact: start l0=270 inputs=2 range=270 l0only=1
2026-10-02T19:39:41.167Z kv-compact: end bytes=14608438 ms=24 l0=269 l1=303 rc=0
2026-10-02T19:39:41.167Z kv-compact: start l0=269 inputs=2 range=258 l0only=1
2026-10-02T19:39:41.189Z kv-compact: end bytes=13998703 ms=22 l0=268 l1=303 rc=0
2026-10-02T19:39:41.189Z kv-compact: start l0=268 inputs=2 range=260 l0only=1
2026-10-02T19:39:41.212Z kv-compact: end bytes=13490390 ms=22 l0=267 l1=303 rc=0
2026-10-02T19:39:41.212Z kv-compact: start l0=267 inputs=2 range=261 l0only=1
2026-10-02T19:39:41.231Z kv-compact: end bytes=11609723 ms=19 l0=266 l1=303 rc=0
2026-10-02T19:39:41.231Z kv-compact: start l0=266 inputs=2 range=1 l0only=1
2026-10-02T19:39:41.246Z kv-compact: end bytes=9668096 ms=15 l0=265 l1=303 rc=0
2026-10-02T19:39:41.246Z kv-compact: start l0=265 inputs=2 range=267 l0only=1
2026-10-02T19:39:41.258Z kv-compact: end bytes=7537702 ms=12 l0=264 l1=303 rc=0
2026-10-02T19:39:41.259Z kv-compact: start l0=264 inputs=2 range=263 l0only=1
2026-10-02T19:39:41.270Z kv-compact: end bytes=6436232 ms=11 l0=263 l1=303 rc=0
2026-10-02T19:39:41.270Z kv-compact: start l0=263 inputs=2 range=257 l0only=1
2026-10-02T19:39:41.276Z kv-compact: end bytes=2485281 ms=6 l0=262 l1=303 rc=0
2026-10-02T19:39:41.276Z kv-compact: start l0=262 inputs=2 range=2 l0only=1
2026-10-02T19:39:41.281Z kv-compact: end bytes=1883840 ms=5 l0=261 l1=303 rc=0
2026-10-02T19:39:41.324Z kv-compact: start l0=271 inputs=2 range=264 l0only=1
2026-10-02T19:39:41.353Z kv-compact: end bytes=19396899 ms=29 l0=270 l1=303 rc=0
2026-10-02T19:39:41.353Z kv-compact: start l0=270 inputs=2 range=270 l0only=1
2026-10-02T19:39:41.377Z kv-compact: end bytes=14962081 ms=23 l0=269 l1=303 rc=0
2026-10-02T19:39:41.377Z kv-compact: start l0=269 inputs=2 range=258 l0only=1
2026-10-02T19:39:41.399Z kv-compact: end bytes=14138055 ms=22 l0=268 l1=303 rc=0
2026-10-02T19:39:41.399Z kv-compact: start l0=268 inputs=2 range=260 l0only=1
2026-10-02T19:39:41.421Z kv-compact: end bytes=13636417 ms=22 l0=267 l1=303 rc=0
2026-10-02T19:39:41.421Z kv-compact: start l0=267 inputs=2 range=261 l0only=1
2026-10-02T19:39:41.440Z kv-compact: end bytes=11797536 ms=19 l0=266 l1=303 rc=0
2026-10-02T19:39:41.440Z kv-compact: start l0=266 inputs=2 range=1 l0only=1
2026-10-02T19:39:41.456Z kv-compact: end bytes=10224896 ms=16 l0=265 l1=303 rc=0
2026-10-02T19:39:41.456Z kv-compact: start l0=265 inputs=2 range=267 l0only=1
2026-10-02T19:39:41.470Z kv-compact: end bytes=7941342 ms=14 l0=264 l1=303 rc=0
2026-10-02T19:39:41.470Z kv-compact: start l0=264 inputs=2 range=263 l0only=1
2026-10-02T19:39:41.481Z kv-compact: end bytes=6533798 ms=11 l0=263 l1=303 rc=0
2026-10-02T19:39:41.481Z kv-compact: start l0=263 inputs=2 range=257 l0only=1
2026-10-02T19:39:41.487Z kv-compact: end bytes=2737093 ms=6 l0=262 l1=303 rc=0
2026-10-02T19:39:41.487Z kv-compact: start l0=262 inputs=2 range=2 l0only=1
2026-10-02T19:39:41.492Z kv-compact: end bytes=2598400 ms=5 l0=261 l1=303 rc=0
2026-10-02T19:39:41.529Z kv-compact: start l0=271 inputs=4 range=1 l0only=0
2026-10-02T19:39:41.556Z report-split nrec=56586 pack_ms=607 push_ms=652 finish_ms=91 skip=0 stale=0 inval=0 rc=0 fail=-/0
2026-10-02T19:39:41.668Z kv-compact: end bytes=93304310 ms=139 l0=269 l1=303 rc=0
2026-10-02T19:39:41.668Z kv-compact: start l0=269 inputs=2 range=264 l0only=1
2026-10-02T19:39:41.698Z kv-compact: end bytes=19680507 ms=30 l0=268 l1=303 rc=0
2026-10-02T19:39:41.698Z kv-compact: start l0=268 inputs=2 range=270 l0only=1
2026-10-02T19:39:41.722Z kv-compact: end bytes=15368106 ms=24 l0=277 l1=303 rc=0
2026-10-02T19:39:41.722Z kv-compact: start l0=277 inputs=3 range=258 l0only=1
2026-10-02T19:39:41.731Z raft-host: apply-sleep us=33773 group=2 idx=4502233 applied=4502232
2026-10-02T19:39:41.731Z raft-host: gc-pass ms=40 reap=0 frag=0 spread=0 recover=0 fscans=0 fsegs=0 fkeys=0 femit=0 ftomb=0 scans=0 segs=0 keys=0 emit=0 tomb=0
2026-10-02T19:39:41.740Z report-split nrec=5153 pack_ms=17 push_ms=25 finish_ms=82 skip=0 stale=0 inval=0 rc=0 fail=-/0
2026-10-02T19:39:41.746Z kv-compact: end bytes=14437776 ms=24 l0=275 l1=303 rc=0
2026-10-02T19:39:41.746Z kv-compact: start l0=275 inputs=3 range=260 l0only=1
2026-10-02T19:39:41.769Z kv-compact: end bytes=13894822 ms=23 l0=273 l1=303 rc=0
2026-10-02T19:39:41.770Z kv-compact: start l0=273 inputs=3 range=261 l0only=1
2026-10-02T19:39:41.791Z kv-compact: end bytes=12183231 ms=21 l0=271 l1=303 rc=0
2026-10-02T19:39:41.791Z kv-compact: start l0=271 inputs=3 range=267 l0only=1
2026-10-02T19:39:41.806Z kv-compact: end bytes=8628751 ms=15 l0=269 l1=303 rc=0
2026-10-02T19:39:41.806Z kv-compact: start l0=269 inputs=3 range=263 l0only=1
2026-10-02T19:39:41.818Z kv-compact: end bytes=6706551 ms=12 l0=267 l1=303 rc=0
2026-10-02T19:39:41.818Z kv-compact: start l0=267 inputs=3 range=2 l0only=1
2026-10-02T19:39:41.825Z kv-compact: end bytes=3897600 ms=7 l0=265 l1=303 rc=0
2026-10-02T19:39:41.825Z kv-compact: start l0=265 inputs=3 range=257 l0only=1
2026-10-02T19:39:41.832Z kv-compact: end bytes=3127420 ms=7 l0=263 l1=303 rc=0
2026-10-02T19:39:41.832Z kv-compact: start l0=263 inputs=2 range=264 l0only=1
2026-10-02T19:39:41.862Z kv-compact: end bytes=19911555 ms=30 l0=262 l1=303 rc=0
2026-10-02T19:39:41.862Z kv-compact: start l0=262 inputs=2 range=270 l0only=1
2026-10-02T19:39:41.887Z kv-compact: end bytes=15651422 ms=25 l0=261 l1=303 rc=0
2026-10-02T19:39:42.045Z kv-compact: start l0=271 inputs=2 range=264 l0only=1
2026-10-02T19:39:42.075Z kv-compact: end bytes=20380870 ms=30 l0=270 l1=303 rc=0
2026-10-02T19:39:42.075Z kv-compact: start l0=270 inputs=2 range=270 l0only=1
2026-10-02T19:39:42.101Z kv-compact: end bytes=16324269 ms=26 l0=269 l1=303 rc=0
2026-10-02T19:39:42.101Z kv-compact: start l0=269 inputs=2 range=258 l0only=1
2026-10-02T19:39:42.125Z kv-compact: end bytes=14645466 ms=24 l0=268 l1=303 rc=0
2026-10-02T19:39:42.125Z kv-compact: start l0=268 inputs=2 range=260 l0only=1
2026-10-02T19:39:42.147Z kv-compact: end bytes=14206840 ms=22 l0=267 l1=303 rc=0
2026-10-02T19:39:42.147Z kv-compact: start l0=267 inputs=2 range=261 l0only=1
2026-10-02T19:39:42.167Z kv-compact: end bytes=12495249 ms=20 l0=266 l1=303 rc=0
2026-10-02T19:39:42.167Z kv-compact: start l0=266 inputs=2 range=267 l0only=1
2026-10-02T19:39:42.183Z kv-compact: end bytes=9306078 ms=16 l0=265 l1=303 rc=0
2026-10-02T19:39:42.183Z kv-compact: start l0=265 inputs=2 range=263 l0only=1
2026-10-02T19:39:42.195Z kv-compact: end bytes=6913758 ms=12 l0=264 l1=303 rc=0
2026-10-02T19:39:42.195Z kv-compact: start l0=264 inputs=2 range=2 l0only=1
2026-10-02T19:39:42.202Z kv-compact: end bytes=3905936 ms=7 l0=263 l1=303 rc=0
2026-10-02T19:39:42.202Z kv-compact: start l0=263 inputs=2 range=257 l0only=1
2026-10-02T19:39:42.209Z kv-compact: end bytes=3592388 ms=7 l0=262 l1=303 rc=0
2026-10-02T19:39:42.209Z kv-compact: start l0=262 inputs=2 range=1 l0only=1
2026-10-02T19:39:42.212Z kv-compact: end bytes=907222 ms=3 l0=261 l1=303 rc=0
2026-10-02T19:39:42.372Z kv-compact: start l0=270 inputs=2 range=264 l0only=1
2026-10-02T19:39:42.404Z kv-compact: end bytes=20850346 ms=32 l0=269 l1=303 rc=0
2026-10-02T19:39:42.404Z kv-compact: start l0=269 inputs=2 range=270 l0only=1
2026-10-02T19:39:42.432Z kv-compact: end bytes=17004333 ms=28 l0=268 l1=303 rc=0
2026-10-02T19:39:42.432Z kv-compact: start l0=268 inputs=2 range=258 l0only=1
2026-10-02T19:39:42.457Z kv-compact: end bytes=14854283 ms=25 l0=267 l1=303 rc=0
2026-10-02T19:39:42.457Z kv-compact: start l0=267 inputs=2 range=260 l0only=1
2026-10-02T19:39:42.480Z kv-compact: end bytes=14520307 ms=23 l0=266 l1=303 rc=0
2026-10-02T19:39:42.480Z kv-compact: start l0=266 inputs=2 range=261 l0only=1
2026-10-02T19:39:42.481Z raft-obs: tx->0 enq=22820 drop=0 sent=22314 fail=0 hi=6 rtt_avg=28us get_avg=0us get_max=3ms
2026-10-02T19:39:42.481Z raft-obs: tx->3 enq=22486 drop=0 sent=22071 fail=0 hi=6 rtt_avg=29us get_avg=0us get_max=2ms
2026-10-02T19:39:42.481Z raft-obs: wait_timeouts=0 pump_hold_max=118477us lock_wait_max=1us drain_max=118476us tick_max=2us apply_max=112270us persist_max=17106us applies_in_worst=8 arc_miss=0 arc_term_miss=0 opid_replay=0 fin_q=0 fin_done=0 fin_drop=0 fin_full=0 pub_p50=180115us pub_max=287173us inbox_drop=0
2026-10-02T19:39:42.501Z kv-compact: end bytes=12808394 ms=21 l0=265 l1=303 rc=0
2026-10-02T19:39:42.501Z kv-compact: start l0=265 inputs=2 range=267 l0only=1
2026-10-02T19:39:42.517Z kv-compact: end bytes=9984210 ms=16 l0=264 l1=303 rc=0
2026-10-02T19:39:42.517Z kv-compact: start l0=264 inputs=2 range=263 l0only=1
2026-10-02T19:39:42.529Z kv-compact: end bytes=7123380 ms=12 l0=263 l1=303 rc=0
2026-10-02T19:39:42.529Z kv-compact: start l0=263 inputs=2 range=257 l0only=1
2026-10-02T19:39:42.536Z kv-compact: end bytes=4063313 ms=8 l0=262 l1=303 rc=0
2026-10-02T19:39:42.537Z kv-compact: start l0=262 inputs=2 range=2 l0only=1
2026-10-02T19:39:42.543Z kv-compact: end bytes=3906068 ms=6 l0=261 l1=303 rc=0
2026-10-02T19:39:42.638Z report-split nrec=60004 pack_ms=495 push_ms=339 finish_ms=55 skip=0 stale=0 inval=0 rc=0 fail=-/0
2026-10-02T19:39:42.690Z kv-compact: start l0=269 inputs=2 range=264 l0only=1
2026-10-02T19:39:42.707Z report-split nrec=714 pack_ms=2 push_ms=0 finish_ms=12 skip=0 stale=0 inval=0 rc=0 fail=-/0
2026-10-02T19:39:42.721Z kv-compact: end bytes=21316763 ms=31 l0=268 l1=303 rc=0
2026-10-02T19:39:42.721Z kv-compact: start l0=268 inputs=2 range=270 l0only=1
2026-10-02T19:39:42.748Z kv-compact: end bytes=17688261 ms=27 l0=267 l1=303 rc=0
2026-10-02T19:39:42.748Z kv-compact: start l0=267 inputs=2 range=258 l0only=1
2026-10-02T19:39:42.772Z kv-compact: end bytes=15063100 ms=24 l0=266 l1=303 rc=0
2026-10-02T19:39:42.772Z kv-compact: start l0=266 inputs=2 range=260 l0only=1
2026-10-02T19:39:42.795Z kv-compact: end bytes=14833613 ms=23 l0=265 l1=303 rc=0
2026-10-02T19:39:42.795Z kv-compact: start l0=265 inputs=2 range=261 l0only=1
2026-10-02T19:39:42.815Z kv-compact: end bytes=13122183 ms=20 l0=264 l1=303 rc=0
2026-10-02T19:39:42.816Z kv-compact: start l0=264 inputs=2 range=267 l0only=1
2026-10-02T19:39:42.832Z kv-compact: end bytes=10659605 ms=16 l0=263 l1=303 rc=0
2026-10-02T19:39:42.832Z kv-compact: start l0=263 inputs=2 range=263 l0only=1
2026-10-02T19:39:42.844Z kv-compact: end bytes=7332197 ms=13 l0=262 l1=303 rc=0
2026-10-02T19:39:42.845Z kv-compact: start l0=262 inputs=2 range=257 l0only=1
2026-10-02T19:39:42.854Z kv-compact: end bytes=4537941 ms=9 l0=261 l1=303 rc=0
2026-10-02T19:39:43.038Z kv-compact: start l0=270 inputs=4 range=264 l0only=0
2026-10-02T19:39:43.238Z kv-compact: end bytes=136115603 ms=200 l0=268 l1=304 rc=0
2026-10-02T19:39:43.238Z kv-compact: start l0=268 inputs=2 range=270 l0only=1
2026-10-02T19:39:43.266Z kv-compact: end bytes=18360436 ms=29 l0=267 l1=304 rc=0
2026-10-02T19:39:43.267Z kv-compact: start l0=267 inputs=2 range=258 l0only=1
2026-10-02T19:39:43.277Z raft-host: apply-sleep us=59061 group=2 idx=4502272 applied=4502270
2026-10-02T19:39:43.277Z report-split nrec=38631 pack_ms=185 push_ms=248 finish_ms=90 skip=0 stale=0 inval=0 rc=0 fail=-/0
2026-10-02T19:39:43.291Z kv-compact: end bytes=15270468 ms=24 l0=266 l1=304 rc=0
2026-10-02T19:39:43.291Z kv-compact: start l0=266 inputs=2 range=260 l0only=1
2026-10-02T19:39:43.315Z kv-compact: end bytes=15144665 ms=24 l0=265 l1=304 rc=0
2026-10-02T19:39:43.315Z kv-compact: start l0=265 inputs=2 range=261 l0only=1
2026-10-02T19:39:43.337Z kv-compact: end bytes=13432913 ms=22 l0=264 l1=304 rc=0
2026-10-02T19:39:43.337Z kv-compact: start l0=264 inputs=2 range=267 l0only=1
2026-10-02T19:39:43.355Z kv-compact: end bytes=11335161 ms=18 l0=263 l1=304 rc=0
2026-10-02T19:39:43.355Z kv-compact: start l0=263 inputs=2 range=263 l0only=1
2026-10-02T19:39:43.367Z kv-compact: end bytes=7539565 ms=12 l0=262 l1=304 rc=0
2026-10-02T19:39:43.367Z kv-compact: start l0=262 inputs=2 range=257 l0only=1
2026-10-02T19:39:43.383Z kv-compact: end bytes=5002909 ms=16 l0=270 l1=304 rc=0
2026-10-02T19:39:43.383Z kv-compact: start l0=270 inputs=2 range=270 l0only=1
2026-10-02T19:39:43.412Z kv-compact: end bytes=19031967 ms=29 l0=269 l1=304 rc=0
2026-10-02T19:39:43.412Z kv-compact: start l0=269 inputs=2 range=258 l0only=1
2026-10-02T19:39:43.437Z kv-compact: end bytes=15478319 ms=25 l0=268 l1=304 rc=0
2026-10-02T19:39:43.437Z kv-compact: start l0=268 inputs=2 range=260 l0only=1
2026-10-02T19:39:43.461Z kv-compact: end bytes=15455556 ms=24 l0=267 l1=304 rc=0
2026-10-02T19:39:43.461Z kv-compact: start l0=267 inputs=2 range=261 l0only=1
2026-10-02T19:39:43.483Z kv-compact: end bytes=13745253 ms=22 l0=266 l1=304 rc=0
2026-10-02T19:39:43.483Z kv-compact: start l0=266 inputs=2 range=267 l0only=1
2026-10-02T19:39:43.502Z kv-compact: end bytes=12013293 ms=19 l0=265 l1=304 rc=0
2026-10-02T19:39:43.502Z kv-compact: start l0=265 inputs=2 range=263 l0only=1
2026-10-02T19:39:43.514Z kv-compact: end bytes=7746289 ms=12 l0=264 l1=304 rc=0
2026-10-02T19:39:43.514Z kv-compact: start l0=264 inputs=2 range=257 l0only=1
2026-10-02T19:39:43.523Z kv-compact: end bytes=5466750 ms=9 l0=263 l1=304 rc=0
2026-10-02T19:39:43.523Z kv-compact: start l0=263 inputs=2 range=2 l0only=1
2026-10-02T19:39:43.527Z raft-host: apply-sleep us=21285 group=2 idx=4502280 applied=4502279
2026-10-02T19:39:43.529Z kv-compact: end bytes=3914516 ms=6 l0=262 l1=304 rc=0
2026-10-02T19:39:43.529Z kv-compact: start l0=262 inputs=2 range=1 l0only=1
2026-10-02T19:39:43.532Z kv-compact: end bytes=915670 ms=3 l0=261 l1=304 rc=0
2026-10-02T19:39:43.542Z report-split nrec=16192 pack_ms=65 push_ms=91 finish_ms=69 skip=0 stale=0 inval=0 rc=0 fail=-/0
2026-10-02T19:39:43.572Z report-split nrec=544 pack_ms=1 push_ms=0 finish_ms=22 skip=0 stale=0 inval=0 rc=0 fail=-/0
2026-10-02T19:39:43.616Z raft-host: apply-sleep us=38550 group=2 idx=4502282 applied=4502281
2026-10-02T19:39:43.616Z report-split nrec=3574 pack_ms=19 push_ms=0 finish_ms=45 skip=0 stale=0 inval=0 rc=0 fail=-/0
2026-10-02T19:39:43.634Z report-split nrec=792 pack_ms=2 push_ms=0 finish_ms=13 skip=0 stale=0 inval=0 rc=0 fail=-/0
2026-10-02T19:39:44.167Z kv-compact: start l0=270 inputs=2 range=270 l0only=1
2026-10-02T19:39:44.184Z report-split nrec=2784 pack_ms=6 push_ms=0 finish_ms=52 skip=0 stale=0 inval=0 rc=0 fail=-/0
2026-10-02T19:39:44.196Z kv-compact: end bytes=19712514 ms=29 l0=269 l1=304 rc=0
2026-10-02T19:39:44.196Z kv-compact: start l0=269 inputs=2 range=260 l0only=1
2026-10-02T19:39:44.220Z kv-compact: end bytes=15765159 ms=24 l0=268 l1=304 rc=0
2026-10-02T19:39:44.220Z kv-compact: start l0=268 inputs=2 range=258 l0only=1
2026-10-02T19:39:44.235Z report-split nrec=3122 pack_ms=11 push_ms=0 finish_ms=33 skip=0 stale=0 inval=0 rc=0 fail=-/0
2026-10-02T19:39:44.244Z kv-compact: end bytes=15686653 ms=24 l0=267 l1=304 rc=0
2026-10-02T19:39:44.244Z kv-compact: start l0=267 inputs=2 range=261 l0only=1
2026-10-02T19:39:44.266Z kv-compact: end bytes=14056788 ms=22 l0=266 l1=304 rc=0
2026-10-02T19:39:44.266Z kv-compact: start l0=266 inputs=2 range=267 l0only=1
2026-10-02T19:39:44.285Z kv-compact: end bytes=12678545 ms=20 l0=265 l1=304 rc=0
2026-10-02T19:39:44.286Z kv-compact: start l0=265 inputs=2 range=263 l0only=1
2026-10-02T19:39:44.298Z kv-compact: end bytes=7952208 ms=12 l0=264 l1=304 rc=0
2026-10-02T19:39:44.299Z kv-compact: start l0=264 inputs=2 range=257 l0only=1
2026-10-02T19:39:44.308Z kv-compact: end bytes=5939607 ms=9 l0=263 l1=304 rc=0
2026-10-02T19:39:44.308Z kv-compact: start l0=263 inputs=2 range=264 l0only=1
2026-10-02T19:39:44.311Z kv-compact: end bytes=937143 ms=3 l0=262 l1=304 rc=0
2026-10-02T19:39:44.311Z kv-compact: start l0=262 inputs=2 range=1 l0only=1
2026-10-02T19:39:44.313Z kv-compact: end bytes=924118 ms=2 l0=261 l1=304 rc=0
2026-10-02T19:39:47.482Z raft-obs: tx->0 enq=23051 drop=0 sent=22537 fail=0 hi=6 rtt_avg=28us get_avg=0us get_max=3ms
2026-10-02T19:39:47.482Z raft-obs: tx->3 enq=22711 drop=0 sent=22292 fail=0 hi=6 rtt_avg=29us get_avg=0us get_max=2ms
2026-10-02T19:39:47.482Z raft-obs: wait_timeouts=0 pump_hold_max=42516us lock_wait_max=1us drain_max=42516us tick_max=1us apply_max=41152us persist_max=7838us applies_in_worst=3 arc_miss=0 arc_term_miss=0 opid_replay=0 fin_q=0 fin_done=0 fin_drop=0 fin_full=0 pub_p50=119046us pub_max=90204us inbox_drop=0
2026-10-02T19:39:52.486Z raft-obs: tx->0 enq=23242 drop=0 sent=22728 fail=0 hi=6 rtt_avg=28us get_avg=0us get_max=3ms
2026-10-02T19:39:52.486Z raft-obs: tx->3 enq=22902 drop=0 sent=22483 fail=0 hi=6 rtt_avg=29us get_avg=0us get_max=2ms
2026-10-02T19:39:52.486Z raft-obs: wait_timeouts=0 pump_hold_max=470us lock_wait_max=1us drain_max=469us tick_max=1us apply_max=252us persist_max=529us applies_in_worst=1 arc_miss=0 arc_term_miss=0 opid_replay=0 fin_q=0 fin_done=0 fin_drop=0 fin_full=0 pub_p50=119046us pub_max=0us inbox_drop=0
2026-10-02T19:39:57.487Z raft-obs: tx->0 enq=23432 drop=0 sent=22918 fail=0 hi=6 rtt_avg=28us get_avg=0us get_max=3ms
2026-10-02T19:39:57.487Z raft-obs: tx->3 enq=23093 drop=0 sent=22673 fail=0 hi=6 rtt_avg=29us get_avg=0us get_max=2ms
2026-10-02T19:39:57.487Z raft-obs: wait_timeouts=0 pump_hold_max=474us lock_wait_max=1us drain_max=474us tick_max=1us apply_max=443us persist_max=536us applies_in_worst=1 arc_miss=0 arc_term_miss=0 opid_replay=0 fin_q=0 fin_done=0 fin_drop=0 fin_full=0 pub_p50=119046us pub_max=0us inbox_drop=0
2026-10-02T19:40:02.490Z raft-obs: tx->0 enq=23622 drop=0 sent=23108 fail=0 hi=6 rtt_avg=28us get_avg=0us get_max=3ms
2026-10-02T19:40:02.490Z raft-obs: tx->3 enq=23283 drop=0 sent=22864 fail=0 hi=6 rtt_avg=29us get_avg=0us get_max=2ms
2026-10-02T19:40:02.490Z raft-obs: wait_timeouts=0 pump_hold_max=746us lock_wait_max=4us drain_max=745us tick_max=1us apply_max=741us persist_max=538us applies_in_worst=1 arc_miss=0 arc_term_miss=0 opid_replay=0 fin_q=0 fin_done=0 fin_drop=0 fin_full=0 pub_p50=119046us pub_max=0us inbox_drop=0
2026-10-02T19:40:07.493Z raft-obs: tx->0 enq=23812 drop=0 sent=23298 fail=0 hi=6 rtt_avg=28us get_avg=0us get_max=3ms
2026-10-02T19:40:07.493Z raft-obs: tx->3 enq=23473 drop=0 sent=23054 fail=0 hi=6 rtt_avg=29us get_avg=0us get_max=2ms
2026-10-02T19:40:07.493Z raft-obs: wait_timeouts=0 pump_hold_max=551us lock_wait_max=1us drain_max=551us tick_max=1us apply_max=548us persist_max=513us applies_in_worst=1 arc_miss=0 arc_term_miss=0 opid_replay=0 fin_q=0 fin_done=0 fin_drop=0 fin_full=0 pub_p50=119046us pub_max=0us inbox_drop=0
2026-10-02T19:40:12.496Z raft-obs: tx->0 enq=24003 drop=0 sent=23489 fail=0 hi=6 rtt_avg=28us get_avg=0us get_max=3ms
2026-10-02T19:40:12.496Z raft-obs: tx->3 enq=23659 drop=0 sent=23240 fail=0 hi=6 rtt_avg=29us get_avg=0us get_max=2ms
2026-10-02T19:40:12.496Z raft-obs: wait_timeouts=0 pump_hold_max=412us lock_wait_max=1us drain_max=412us tick_max=1us apply_max=353us persist_max=637us applies_in_worst=1 arc_miss=0 arc_term_miss=0 opid_replay=0 fin_q=0 fin_done=0 fin_drop=0 fin_full=0 pub_p50=119046us pub_max=0us inbox_drop=0
2026-10-02T19:40:17.499Z raft-obs: tx->0 enq=24193 drop=0 sent=23679 fail=0 hi=6 rtt_avg=28us get_avg=0us get_max=3ms
2026-10-02T19:40:17.499Z raft-obs: tx->3 enq=23844 drop=0 sent=23424 fail=0 hi=6 rtt_avg=29us get_avg=0us get_max=2ms
2026-10-02T19:40:17.499Z raft-obs: wait_timeouts=0 pump_hold_max=599us lock_wait_max=6us drain_max=599us tick_max=1us apply_max=597us persist_max=629us applies_in_worst=1 arc_miss=0 arc_term_miss=0 opid_replay=0 fin_q=0 fin_done=0 fin_drop=0 fin_full=0 pub_p50=119046us pub_max=0us inbox_drop=0
2026-10-02T19:40:22.501Z raft-obs: tx->0 enq=24378 drop=0 sent=23864 fail=0 hi=6 rtt_avg=28us get_avg=0us get_max=3ms
2026-10-02T19:40:22.501Z raft-obs: tx->3 enq=24027 drop=0 sent=23608 fail=0 hi=6 rtt_avg=29us get_avg=0us get_max=2ms
2026-10-02T19:40:22.501Z raft-obs: wait_timeouts=0 pump_hold_max=635us lock_wait_max=1us drain_max=634us tick_max=1us apply_max=631us persist_max=617us applies_in_worst=1 arc_miss=0 arc_term_miss=0 opid_replay=0 fin_q=0 fin_done=0 fin_drop=0 fin_full=0 pub_p50=119046us pub_max=0us inbox_drop=0
2026-10-02T19:40:27.502Z raft-obs: tx->0 enq=24561 drop=0 sent=24046 fail=0 hi=6 rtt_avg=28us get_avg=0us get_max=3ms
2026-10-02T19:40:27.502Z raft-obs: tx->3 enq=24212 drop=0 sent=23793 fail=0 hi=6 rtt_avg=29us get_avg=0us get_max=2ms
2026-10-02T19:40:27.502Z raft-obs: wait_timeouts=0 pump_hold_max=651us lock_wait_max=1us drain_max=651us tick_max=12us apply_max=648us persist_max=544us applies_in_worst=1 arc_miss=0 arc_term_miss=0 opid_replay=0 fin_q=0 fin_done=0 fin_drop=0 fin_full=0 pub_p50=119046us pub_max=0us inbox_drop=0
2026-10-02T19:40:32.504Z raft-obs: tx->0 enq=24742 drop=0 sent=24228 fail=0 hi=6 rtt_avg=28us get_avg=0us get_max=3ms
2026-10-02T19:40:32.504Z raft-obs: tx->3 enq=24402 drop=0 sent=23983 fail=0 hi=6 rtt_avg=29us get_avg=0us get_max=2ms
2026-10-02T19:40:32.504Z raft-obs: wait_timeouts=0 pump_hold_max=739us lock_wait_max=1us drain_max=739us tick_max=1us apply_max=736us persist_max=759us applies_in_worst=1 arc_miss=0 arc_term_miss=0 opid_replay=0 fin_q=0 fin_done=0 fin_drop=0 fin_full=0 pub_p50=119046us pub_max=0us inbox_drop=0
2026-10-02T19:40:37.508Z raft-obs: tx->0 enq=24930 drop=0 sent=24416 fail=0 hi=6 rtt_avg=28us get_avg=0us get_max=3ms
2026-10-02T19:40:37.508Z raft-obs: tx->3 enq=24592 drop=0 sent=24173 fail=0 hi=6 rtt_avg=29us get_avg=0us get_max=2ms
2026-10-02T19:40:37.508Z raft-obs: wait_timeouts=0 pump_hold_max=766us lock_wait_max=1us drain_max=766us tick_max=1us apply_max=763us persist_max=554us applies_in_worst=1 arc_miss=0 arc_term_miss=0 opid_replay=0 fin_q=0 fin_done=0 fin_drop=0 fin_full=0 pub_p50=119046us pub_max=0us inbox_drop=0
2026-10-02T19:40:40.171Z kv-compact: start l0=271 inputs=2 range=270 l0only=1
2026-10-02T19:40:40.200Z kv-compact: end bytes=19864015 ms=29 l0=270 l1=304 rc=0
2026-10-02T19:40:40.200Z kv-compact: start l0=270 inputs=2 range=260 l0only=1
2026-10-02T19:40:40.224Z kv-compact: end bytes=15835999 ms=24 l0=269 l1=304 rc=0
2026-10-02T19:40:40.225Z kv-compact: start l0=269 inputs=2 range=258 l0only=1
2026-10-02T19:40:40.248Z kv-compact: end bytes=15734953 ms=23 l0=268 l1=304 rc=0
2026-10-02T19:40:40.248Z kv-compact: start l0=268 inputs=2 range=261 l0only=1
2026-10-02T19:40:40.271Z kv-compact: end bytes=14129077 ms=23 l0=267 l1=304 rc=0
2026-10-02T19:40:40.271Z kv-compact: start l0=267 inputs=2 range=267 l0only=1
2026-10-02T19:40:40.291Z kv-compact: end bytes=12836969 ms=20 l0=266 l1=304 rc=0
2026-10-02T19:40:40.291Z kv-compact: start l0=266 inputs=2 range=263 l0only=1
2026-10-02T19:40:40.304Z kv-compact: end bytes=7999220 ms=13 l0=265 l1=304 rc=0
2026-10-02T19:40:40.304Z kv-compact: start l0=265 inputs=2 range=257 l0only=1
2026-10-02T19:40:40.314Z kv-compact: end bytes=6042808 ms=10 l0=264 l1=304 rc=0
2026-10-02T19:40:40.314Z kv-compact: start l0=264 inputs=2 range=2 l0only=1
2026-10-02T19:40:40.322Z kv-compact: end bytes=4657940 ms=8 l0=263 l1=304 rc=0
2026-10-02T19:40:40.322Z kv-compact: start l0=263 inputs=2 range=1 l0only=1
2026-10-02T19:40:40.326Z kv-compact: end bytes=1661866 ms=4 l0=262 l1=304 rc=0
2026-10-02T19:40:40.326Z kv-compact: start l0=262 inputs=2 range=264 l0only=1
2026-10-02T19:40:40.329Z kv-compact: end bytes=1048394 ms=3 l0=261 l1=304 rc=0
2026-10-02T19:40:42.458Z raft-host: apply-sleep us=39167 group=2 idx=4502934 applied=4502933
2026-10-02T19:40:42.458Z report-split nrec=8192 pack_ms=17 push_ms=7 finish_ms=75 skip=0 stale=0 inval=0 rc=0 fail=-/0
2026-10-02T19:40:42.509Z raft-obs: tx->0 enq=25122 drop=0 sent=24608 fail=0 hi=6 rtt_avg=28us get_avg=0us get_max=3ms
2026-10-02T19:40:42.509Z raft-obs: tx->3 enq=24788 drop=0 sent=24369 fail=0 hi=6 rtt_avg=29us get_avg=0us get_max=2ms
2026-10-02T19:40:42.509Z raft-obs: wait_timeouts=0 pump_hold_max=17088us lock_wait_max=5us drain_max=17088us tick_max=1us apply_max=16194us persist_max=727us applies_in_worst=1 arc_miss=0 arc_term_miss=0 opid_replay=0 fin_q=0 fin_done=0 fin_drop=0 fin_full=0 pub_p50=90204us pub_max=75901us inbox_drop=0
2026-10-02T19:40:43.852Z raft-host: apply-sleep us=41789 group=2 idx=4502950 applied=4502949
2026-10-02T19:40:43.852Z report-split nrec=8192 pack_ms=18 push_ms=6 finish_ms=75 skip=0 stale=0 inval=0 rc=0 fail=-/0
2026-10-02T19:40:45.070Z kv-compact: start l0=271 inputs=2 range=270 l0only=1
2026-10-02T19:40:45.100Z kv-compact: end bytes=20500294 ms=30 l0=270 l1=304 rc=0
2026-10-02T19:40:45.101Z kv-compact: start l0=270 inputs=2 range=260 l0only=1
2026-10-02T19:40:45.120Z raft-host: apply-sleep us=39164 group=2 idx=4502966 applied=4502965
2026-10-02T19:40:45.120Z report-split nrec=8192 pack_ms=18 push_ms=7 finish_ms=88 skip=0 stale=0 inval=0 rc=0 fail=-/0
2026-10-02T19:40:45.125Z kv-compact: end bytes=16130656 ms=24 l0=269 l1=304 rc=0
2026-10-02T19:40:45.125Z kv-compact: start l0=269 inputs=2 range=258 l0only=1
2026-10-02T19:40:45.150Z kv-compact: end bytes=15931230 ms=25 l0=268 l1=304 rc=0
2026-10-02T19:40:45.150Z kv-compact: start l0=268 inputs=2 range=261 l0only=1
2026-10-02T19:40:45.173Z kv-compact: end bytes=14423734 ms=23 l0=267 l1=304 rc=0
2026-10-02T19:40:45.173Z kv-compact: start l0=267 inputs=2 range=267 l0only=1
2026-10-02T19:40:45.193Z kv-compact: end bytes=13477727 ms=20 l0=266 l1=304 rc=0
2026-10-02T19:40:45.193Z kv-compact: start l0=266 inputs=2 range=263 l0only=1
2026-10-02T19:40:45.206Z kv-compact: end bytes=8195658 ms=13 l0=265 l1=304 rc=0
2026-10-02T19:40:45.206Z kv-compact: start l0=265 inputs=2 range=257 l0only=1
2026-10-02T19:40:45.216Z kv-compact: end bytes=6482298 ms=10 l0=264 l1=304 rc=0
2026-10-02T19:40:45.216Z kv-compact: start l0=264 inputs=2 range=2 l0only=1
2026-10-02T19:40:45.224Z kv-compact: end bytes=4725524 ms=8 l0=263 l1=304 rc=0
2026-10-02T19:40:45.224Z kv-compact: start l0=263 inputs=2 range=1 l0only=1
2026-10-02T19:40:45.228Z kv-compact: end bytes=1726678 ms=4 l0=262 l1=304 rc=0
2026-10-02T19:40:45.228Z kv-compact: start l0=262 inputs=2 range=264 l0only=1
2026-10-02T19:40:45.231Z kv-compact: end bytes=1492714 ms=3 l0=261 l1=304 rc=0
2026-10-02T19:40:46.532Z raft-host: apply-sleep us=23979 group=0 idx=4268075 applied=4268074
2026-10-02T19:40:46.532Z report-split nrec=8192 pack_ms=39 push_ms=18 finish_ms=63 skip=0 stale=0 inval=0 rc=0 fail=-/0
2026-10-02T19:40:47.510Z raft-obs: tx->0 enq=25319 drop=0 sent=24804 fail=0 hi=6 rtt_avg=28us get_avg=0us get_max=3ms
2026-10-02T19:40:47.510Z raft-obs: tx->3 enq=24985 drop=0 sent=24566 fail=0 hi=6 rtt_avg=29us get_avg=0us get_max=2ms
2026-10-02T19:40:47.510Z raft-obs: wait_timeouts=0 pump_hold_max=32750us lock_wait_max=1us drain_max=32749us tick_max=4us apply_max=31008us persist_max=2188us applies_in_worst=1 arc_miss=0 arc_term_miss=0 opid_replay=0 fin_q=0 fin_done=0 fin_drop=0 fin_full=0 pub_p50=88860us pub_max=88860us inbox_drop=0
2026-10-02T19:40:47.628Z kv-compact: start l0=271 inputs=2 range=270 l0only=1
2026-10-02T19:40:47.634Z raft-host: apply-sleep us=27163 group=0 idx=4268091 applied=4268090
2026-10-02T19:40:47.634Z report-split nrec=8192 pack_ms=29 push_ms=20 finish_ms=80 skip=0 stale=0 inval=0 rc=0 fail=-/0
2026-10-02T19:40:47.660Z kv-compact: end bytes=21166512 ms=32 l0=270 l1=304 rc=0
2026-10-02T19:40:47.660Z kv-compact: start l0=270 inputs=2 range=260 l0only=1
2026-10-02T19:40:47.684Z kv-compact: end bytes=16435429 ms=25 l0=269 l1=304 rc=0
2026-10-02T19:40:47.685Z kv-compact: start l0=269 inputs=2 range=258 l0only=1
2026-10-02T19:40:47.709Z kv-compact: end bytes=16134573 ms=24 l0=268 l1=304 rc=0
2026-10-02T19:40:47.709Z kv-compact: start l0=268 inputs=2 range=261 l0only=1
2026-10-02T19:40:47.732Z kv-compact: end bytes=14728507 ms=23 l0=267 l1=304 rc=0
2026-10-02T19:40:47.732Z kv-compact: start l0=267 inputs=2 range=267 l0only=1
2026-10-02T19:40:47.753Z kv-compact: end bytes=14132353 ms=21 l0=266 l1=304 rc=0
2026-10-02T19:40:47.753Z kv-compact: start l0=266 inputs=2 range=263 l0only=1
2026-10-02T19:40:47.766Z kv-compact: end bytes=8398840 ms=13 l0=265 l1=304 rc=0
2026-10-02T19:40:47.766Z kv-compact: start l0=265 inputs=2 range=257 l0only=1
2026-10-02T19:40:47.777Z kv-compact: end bytes=6945173 ms=11 l0=264 l1=304 rc=0
2026-10-02T19:40:47.777Z kv-compact: start l0=264 inputs=2 range=2 l0only=1
2026-10-02T19:40:47.785Z kv-compact: end bytes=4759316 ms=8 l0=263 l1=304 rc=0
2026-10-02T19:40:47.785Z kv-compact: start l0=263 inputs=2 range=264 l0only=1
2026-10-02T19:40:47.789Z kv-compact: end bytes=1944158 ms=4 l0=262 l1=304 rc=0
2026-10-02T19:40:47.789Z kv-compact: start l0=262 inputs=2 range=1 l0only=1
2026-10-02T19:40:47.794Z kv-compact: end bytes=1760470 ms=5 l0=261 l1=304 rc=0
2026-10-02T19:40:48.711Z report-split nrec=8192 pack_ms=20 push_ms=6 finish_ms=61 skip=0 stale=0 inval=0 rc=0 fail=-/0
2026-10-02T19:40:50.066Z raft-host: apply-sleep us=41990 group=2 idx=4503030 applied=4503029
2026-10-02T19:40:50.066Z report-split nrec=8192 pack_ms=18 push_ms=6 finish_ms=76 skip=0 stale=0 inval=0 rc=0 fail=-/0
2026-10-02T19:40:51.380Z kv-compact: start l0=271 inputs=2 range=270 l0only=1
2026-10-02T19:40:51.413Z kv-compact: end bytes=21806648 ms=33 l0=270 l1=304 rc=0
2026-10-02T19:40:51.413Z kv-compact: start l0=270 inputs=2 range=260 l0only=1
2026-10-02T19:40:51.438Z kv-compact: end bytes=16734889 ms=25 l0=269 l1=304 rc=0
2026-10-02T19:40:51.438Z kv-compact: start l0=269 inputs=2 range=258 l0only=1
2026-10-02T19:40:51.439Z raft-host: apply-sleep us=43720 group=2 idx=4503046 applied=4503045
2026-10-02T19:40:51.439Z report-split nrec=8192 pack_ms=18 push_ms=7 finish_ms=88 skip=0 stale=0 inval=0 rc=0 fail=-/0
2026-10-02T19:40:51.463Z kv-compact: end bytes=16333891 ms=25 l0=268 l1=304 rc=0
2026-10-02T19:40:51.463Z kv-compact: start l0=268 inputs=2 range=261 l0only=1
2026-10-02T19:40:51.487Z kv-compact: end bytes=15027484 ms=24 l0=267 l1=304 rc=0
2026-10-02T19:40:51.487Z kv-compact: start l0=267 inputs=2 range=267 l0only=1
2026-10-02T19:40:51.509Z kv-compact: end bytes=14788911 ms=22 l0=266 l1=304 rc=0
2026-10-02T19:40:51.509Z kv-compact: start l0=266 inputs=2 range=263 l0only=1
2026-10-02T19:40:51.522Z kv-compact: end bytes=8598480 ms=13 l0=265 l1=304 rc=0
2026-10-02T19:40:51.522Z kv-compact: start l0=265 inputs=2 range=257 l0only=1
2026-10-02T19:40:51.533Z kv-compact: end bytes=7385991 ms=11 l0=264 l1=304 rc=0
2026-10-02T19:40:51.534Z kv-compact: start l0=264 inputs=2 range=2 l0only=1
2026-10-02T19:40:51.542Z kv-compact: end bytes=4810004 ms=8 l0=263 l1=304 rc=0
2026-10-02T19:40:51.542Z kv-compact: start l0=263 inputs=2 range=264 l0only=1
2026-10-02T19:40:51.546Z kv-compact: end bytes=2401076 ms=4 l0=262 l1=304 rc=0
2026-10-02T19:40:51.546Z kv-compact: start l0=262 inputs=2 range=1 l0only=1
2026-10-02T19:40:51.551Z kv-compact: end bytes=1811158 ms=5 l0=261 l1=304 rc=0
2026-10-02T19:40:52.512Z raft-obs: tx->0 enq=25519 drop=0 sent=25005 fail=0 hi=6 rtt_avg=28us get_avg=0us get_max=3ms
2026-10-02T19:40:52.512Z raft-obs: tx->3 enq=25186 drop=0 sent=24767 fail=0 hi=6 rtt_avg=29us get_avg=0us get_max=2ms
2026-10-02T19:40:52.512Z raft-obs: wait_timeouts=0 pump_hold_max=29896us lock_wait_max=1us drain_max=29895us tick_max=1us apply_max=29876us persist_max=1664us applies_in_worst=1 arc_miss=0 arc_term_miss=0 opid_replay=0 fin_q=0 fin_done=0 fin_drop=0 fin_full=0 pub_p50=75901us pub_max=88198us inbox_drop=0
2026-10-02T19:40:53.021Z raft-host: apply-sleep us=24802 group=0 idx=4268157 applied=4268156
2026-10-02T19:40:53.021Z report-split nrec=8192 pack_ms=19 push_ms=6 finish_ms=291 skip=0 stale=0 inval=0 rc=0 fail=-/0
2026-10-02T19:40:53.937Z raft-host: gc-pass ms=8 reap=0 frag=0 spread=0 recover=0 fscans=0 fsegs=0 fkeys=0 femit=0 ftomb=0 scans=0 segs=0 keys=0 emit=0 tomb=0
2026-10-02T19:40:53.981Z kv-compact: start l0=271 inputs=2 range=270 l0only=1
2026-10-02T19:40:53.997Z raft-host: apply-sleep us=59859 group=2 idx=4503078 applied=4503077
2026-10-02T19:40:53.997Z report-split nrec=8192 pack_ms=18 push_ms=6 finish_ms=98 skip=0 stale=0 inval=0 rc=0 fail=-/0
2026-10-02T19:40:54.014Z kv-compact: end bytes=22467231 ms=33 l0=270 l1=304 rc=0
2026-10-02T19:40:54.014Z kv-compact: start l0=270 inputs=2 range=260 l0only=1
2026-10-02T19:40:54.040Z kv-compact: end bytes=17039662 ms=26 l0=269 l1=304 rc=0
2026-10-02T19:40:54.040Z kv-compact: start l0=269 inputs=2 range=258 l0only=1
2026-10-02T19:40:54.066Z kv-compact: end bytes=16537073 ms=26 l0=268 l1=304 rc=0
2026-10-02T19:40:54.066Z kv-compact: start l0=268 inputs=2 range=267 l0only=1
2026-10-02T19:40:54.089Z kv-compact: end bytes=15449172 ms=23 l0=267 l1=304 rc=0
2026-10-02T19:40:54.089Z kv-compact: start l0=267 inputs=2 range=261 l0only=1
2026-10-02T19:40:54.111Z kv-compact: end bytes=15332257 ms=23 l0=266 l1=304 rc=0
2026-10-02T19:40:54.112Z kv-compact: start l0=266 inputs=2 range=263 l0only=1
2026-10-02T19:40:54.125Z kv-compact: end bytes=8801662 ms=13 l0=265 l1=304 rc=0
2026-10-02T19:40:54.125Z kv-compact: start l0=265 inputs=2 range=257 l0only=1
2026-10-02T19:40:54.136Z kv-compact: end bytes=7843392 ms=11 l0=264 l1=304 rc=0
2026-10-02T19:40:54.136Z kv-compact: start l0=264 inputs=2 range=2 l0only=1
2026-10-02T19:40:54.144Z kv-compact: end bytes=4843796 ms=8 l0=263 l1=304 rc=0
2026-10-02T19:40:54.144Z kv-compact: start l0=263 inputs=2 range=264 l0only=1
2026-10-02T19:40:54.149Z kv-compact: end bytes=2858155 ms=5 l0=262 l1=304 rc=0
2026-10-02T19:40:54.149Z kv-compact: start l0=262 inputs=2 range=1 l0only=1
2026-10-02T19:40:54.154Z kv-compact: end bytes=1844950 ms=5 l0=261 l1=304 rc=0
2026-10-02T19:40:57.514Z raft-obs: tx->0 enq=25712 drop=0 sent=25198 fail=0 hi=6 rtt_avg=28us get_avg=0us get_max=3ms
2026-10-02T19:40:57.514Z raft-obs: tx->3 enq=25382 drop=0 sent=24963 fail=0 hi=6 rtt_avg=29us get_avg=0us get_max=2ms
2026-10-02T19:40:57.515Z raft-obs: wait_timeouts=0 pump_hold_max=24191us lock_wait_max=1us drain_max=24191us tick_max=5us apply_max=24171us persist_max=1569us applies_in_worst=2 arc_miss=0 arc_term_miss=0 opid_replay=0 fin_q=0 fin_done=0 fin_drop=0 fin_full=0 pub_p50=75901us pub_max=287398us inbox_drop=0
2026-10-02T19:41:02.514Z raft-obs: tx->0 enq=25902 drop=0 sent=25388 fail=0 hi=6 rtt_avg=28us get_avg=0us get_max=3ms
2026-10-02T19:41:02.514Z raft-obs: tx->3 enq=25572 drop=0 sent=25153 fail=0 hi=6 rtt_avg=29us get_avg=0us get_max=2ms
2026-10-02T19:41:02.514Z raft-obs: wait_timeouts=0 pump_hold_max=453us lock_wait_max=1us drain_max=453us tick_max=1us apply_max=309us persist_max=515us applies_in_worst=1 arc_miss=0 arc_term_miss=0 opid_replay=0 fin_q=0 fin_done=0 fin_drop=0 fin_full=0 pub_p50=75901us pub_max=0us inbox_drop=0
2026-10-02T19:41:07.514Z raft-obs: tx->0 enq=26092 drop=0 sent=25578 fail=0 hi=6 rtt_avg=28us get_avg=0us get_max=3ms
2026-10-02T19:41:07.514Z raft-obs: tx->3 enq=25762 drop=0 sent=25343 fail=0 hi=6 rtt_avg=29us get_avg=0us get_max=2ms
2026-10-02T19:41:07.514Z raft-obs: wait_timeouts=0 pump_hold_max=509us lock_wait_max=1us drain_max=509us tick_max=1us apply_max=306us persist_max=518us applies_in_worst=1 arc_miss=0 arc_term_miss=0 opid_replay=0 fin_q=0 fin_done=0 fin_drop=0 fin_full=0 pub_p50=75901us pub_max=0us inbox_drop=0
2026-10-02T19:41:12.517Z raft-obs: tx->0 enq=26282 drop=0 sent=25768 fail=0 hi=6 rtt_avg=28us get_avg=0us get_max=3ms
2026-10-02T19:41:12.517Z raft-obs: tx->3 enq=25952 drop=0 sent=25533 fail=0 hi=6 rtt_avg=29us get_avg=0us get_max=2ms
2026-10-02T19:41:12.517Z raft-obs: wait_timeouts=0 pump_hold_max=449us lock_wait_max=1us drain_max=449us tick_max=1us apply_max=380us persist_max=755us applies_in_worst=1 arc_miss=0 arc_term_miss=0 opid_replay=0 fin_q=0 fin_done=0 fin_drop=0 fin_full=0 pub_p50=75901us pub_max=0us inbox_drop=0
2026-10-02T19:41:17.517Z raft-obs: tx->0 enq=26472 drop=0 sent=25958 fail=0 hi=6 rtt_avg=28us get_avg=0us get_max=3ms
2026-10-02T19:41:17.517Z raft-obs: tx->3 enq=26139 drop=0 sent=25720 fail=0 hi=6 rtt_avg=29us get_avg=0us get_max=2ms
2026-10-02T19:41:17.517Z raft-obs: wait_timeouts=0 pump_hold_max=427us lock_wait_max=1us drain_max=426us tick_max=1us apply_max=422us persist_max=526us applies_in_worst=1 arc_miss=0 arc_term_miss=0 opid_replay=0 fin_q=0 fin_done=0 fin_drop=0 fin_full=0 pub_p50=75901us pub_max=0us inbox_drop=0
2026-10-02T19:41:22.427Z raft-host: applied session index=4503390 kind=8 shard=0 ino=839470
2026-10-02T19:41:22.520Z raft-obs: tx->0 enq=26659 drop=0 sent=26145 fail=0 hi=6 rtt_avg=28us get_avg=0us get_max=3ms
2026-10-02T19:41:22.520Z raft-obs: tx->3 enq=26325 drop=0 sent=25906 fail=0 hi=6 rtt_avg=29us get_avg=0us get_max=2ms
2026-10-02T19:41:22.520Z raft-obs: wait_timeouts=0 pump_hold_max=925us lock_wait_max=1us drain_max=925us tick_max=1us apply_max=922us persist_max=756us applies_in_worst=1 arc_miss=0 arc_term_miss=0 opid_replay=0 fin_q=0 fin_done=0 fin_drop=0 fin_full=0 pub_p50=75901us pub_max=0us inbox_drop=0
2026-10-02T19:41:27.522Z raft-obs: tx->0 enq=26841 drop=0 sent=26327 fail=0 hi=6 rtt_avg=28us get_avg=0us get_max=3ms
2026-10-02T19:41:27.522Z raft-obs: tx->3 enq=26507 drop=0 sent=26088 fail=0 hi=6 rtt_avg=29us get_avg=0us get_max=2ms
2026-10-02T19:41:27.522Z raft-obs: wait_timeouts=0 pump_hold_max=430us lock_wait_max=5us drain_max=430us tick_max=1us apply_max=308us persist_max=580us applies_in_worst=1 arc_miss=0 arc_term_miss=0 opid_replay=0 fin_q=0 fin_done=0 fin_drop=0 fin_full=0 pub_p50=75901us pub_max=0us inbox_drop=0
2026-10-02T19:41:32.526Z raft-obs: tx->0 enq=27023 drop=0 sent=26509 fail=0 hi=6 rtt_avg=28us get_avg=0us get_max=3ms
2026-10-02T19:41:32.526Z raft-obs: tx->3 enq=26692 drop=0 sent=26273 fail=0 hi=6 rtt_avg=29us get_avg=0us get_max=2ms
2026-10-02T19:41:32.526Z raft-obs: wait_timeouts=0 pump_hold_max=483us lock_wait_max=4us drain_max=483us tick_max=1us apply_max=481us persist_max=515us applies_in_worst=1 arc_miss=0 arc_term_miss=0 opid_replay=0 fin_q=0 fin_done=0 fin_drop=0 fin_full=0 pub_p50=75901us pub_max=0us inbox_drop=0
2026-10-02T19:41:35.140Z raft-host: applied session index=4503531 kind=9 shard=0 ino=839470
2026-10-02T19:41:37.527Z raft-obs: tx->0 enq=27209 drop=0 sent=26695 fail=0 hi=6 rtt_avg=28us get_avg=0us get_max=3ms
2026-10-02T19:41:37.527Z raft-obs: tx->3 enq=26884 drop=0 sent=26465 fail=0 hi=6 rtt_avg=29us get_avg=0us get_max=2ms
2026-10-02T19:41:37.527Z raft-obs: wait_timeouts=0 pump_hold_max=429us lock_wait_max=1us drain_max=429us tick_max=1us apply_max=347us persist_max=825us applies_in_worst=1 arc_miss=0 arc_term_miss=0 opid_replay=0 fin_q=0 fin_done=0 fin_drop=0 fin_full=0 pub_p50=75901us pub_max=0us inbox_drop=0
2026-10-02T19:41:42.527Z raft-obs: tx->0 enq=27399 drop=0 sent=26885 fail=0 hi=6 rtt_avg=28us get_avg=0us get_max=3ms
2026-10-02T19:41:42.527Z raft-obs: tx->3 enq=27075 drop=0 sent=26656 fail=0 hi=6 rtt_avg=29us get_avg=0us get_max=2ms
2026-10-02T19:41:42.527Z raft-obs: wait_timeouts=0 pump_hold_max=428us lock_wait_max=1us drain_max=428us tick_max=4us apply_max=367us persist_max=768us applies_in_worst=1 arc_miss=0 arc_term_miss=0 opid_replay=0 fin_q=0 fin_done=0 fin_drop=0 fin_full=0 pub_p50=75901us pub_max=0us inbox_drop=0
2026-10-02T19:41:47.529Z raft-obs: tx->0 enq=27589 drop=0 sent=27075 fail=0 hi=6 rtt_avg=28us get_avg=0us get_max=3ms
2026-10-02T19:41:47.529Z raft-obs: tx->3 enq=27265 drop=0 sent=26846 fail=0 hi=6 rtt_avg=29us get_avg=0us get_max=2ms
2026-10-02T19:41:47.529Z raft-obs: wait_timeouts=0 pump_hold_max=452us lock_wait_max=1us drain_max=452us tick_max=1us apply_max=422us persist_max=509us applies_in_worst=1 arc_miss=0 arc_term_miss=0 opid_replay=0 fin_q=0 fin_done=0 fin_drop=0 fin_full=0 pub_p50=75901us pub_max=0us inbox_drop=0
2026-10-02T19:41:52.530Z raft-obs: tx->0 enq=27779 drop=0 sent=27265 fail=0 hi=6 rtt_avg=28us get_avg=0us get_max=3ms
2026-10-02T19:41:52.530Z raft-obs: tx->3 enq=27455 drop=0 sent=27036 fail=0 hi=6 rtt_avg=29us get_avg=0us get_max=2ms
2026-10-02T19:41:52.530Z raft-obs: wait_timeouts=0 pump_hold_max=430us lock_wait_max=1us drain_max=430us tick_max=5us apply_max=426us persist_max=755us applies_in_worst=1 arc_miss=0 arc_term_miss=0 opid_replay=0 fin_q=0 fin_done=0 fin_drop=0 fin_full=0 pub_p50=75901us pub_max=0us inbox_drop=0
2026-10-02T19:41:57.532Z raft-obs: tx->0 enq=27969 drop=0 sent=27455 fail=0 hi=6 rtt_avg=28us get_avg=0us get_max=3ms
2026-10-02T19:41:57.532Z raft-obs: tx->3 enq=27645 drop=0 sent=27226 fail=0 hi=6 rtt_avg=29us get_avg=0us get_max=2ms
2026-10-02T19:41:57.532Z raft-obs: wait_timeouts=0 pump_hold_max=749us lock_wait_max=1us drain_max=749us tick_max=4us apply_max=746us persist_max=616us applies_in_worst=1 arc_miss=0 arc_term_miss=0 opid_replay=0 fin_q=0 fin_done=0 fin_drop=0 fin_full=0 pub_p50=75901us pub_max=0us inbox_drop=0
2026-10-02T19:41:58.232Z kv-compact: start l0=271 inputs=2 range=270 l0only=1
2026-10-02T19:41:58.266Z kv-compact: end bytes=22544720 ms=34 l0=270 l1=304 rc=0
2026-10-02T19:41:58.266Z kv-compact: start l0=270 inputs=2 range=260 l0only=1
2026-10-02T19:41:58.292Z kv-compact: end bytes=17072989 ms=26 l0=269 l1=304 rc=0
2026-10-02T19:41:58.292Z kv-compact: start l0=269 inputs=2 range=258 l0only=1
2026-10-02T19:41:58.317Z kv-compact: end bytes=16559613 ms=25 l0=268 l1=304 rc=0
2026-10-02T19:41:58.318Z kv-compact: start l0=268 inputs=2 range=267 l0only=1
2026-10-02T19:41:58.340Z kv-compact: end bytes=15517114 ms=22 l0=267 l1=304 rc=0
2026-10-02T19:41:58.340Z kv-compact: start l0=267 inputs=2 range=261 l0only=1
2026-10-02T19:41:58.365Z kv-compact: end bytes=15366067 ms=25 l0=266 l1=304 rc=0
2026-10-02T19:41:58.365Z kv-compact: start l0=266 inputs=2 range=263 l0only=1
2026-10-02T19:41:58.378Z kv-compact: end bytes=8823880 ms=13 l0=265 l1=304 rc=0
2026-10-02T19:41:58.378Z kv-compact: start l0=265 inputs=2 range=257 l0only=1
2026-10-02T19:41:58.390Z kv-compact: end bytes=7898293 ms=12 l0=264 l1=304 rc=0
2026-10-02T19:41:58.390Z kv-compact: start l0=264 inputs=2 range=2 l0only=1
2026-10-02T19:41:58.400Z kv-compact: end bytes=5702588 ms=10 l0=263 l1=304 rc=0
2026-10-02T19:41:58.400Z kv-compact: start l0=263 inputs=2 range=264 l0only=1
2026-10-02T19:41:58.405Z kv-compact: end bytes=2903879 ms=5 l0=262 l1=304 rc=0
2026-10-02T19:41:58.405Z kv-compact: start l0=262 inputs=2 range=1 l0only=1
2026-10-02T19:41:58.412Z kv-compact: end bytes=2702356 ms=7 l0=261 l1=304 rc=0
2026-10-02T19:42:02.535Z raft-obs: tx->0 enq=28159 drop=0 sent=27645 fail=0 hi=6 rtt_avg=28us get_avg=0us get_max=3ms
2026-10-02T19:42:02.535Z raft-obs: tx->3 enq=27835 drop=0 sent=27416 fail=0 hi=6 rtt_avg=29us get_avg=0us get_max=2ms
2026-10-02T19:42:02.535Z raft-obs: wait_timeouts=0 pump_hold_max=10067us lock_wait_max=1us drain_max=10066us tick_max=1us apply_max=10062us persist_max=748us applies_in_worst=1 arc_miss=0 arc_term_miss=0 opid_replay=0 fin_q=0 fin_done=0 fin_drop=0 fin_full=0 pub_p50=75901us pub_max=0us inbox_drop=0
2026-10-02T19:42:07.538Z raft-obs: tx->0 enq=28349 drop=0 sent=27835 fail=0 hi=6 rtt_avg=28us get_avg=0us get_max=3ms
2026-10-02T19:42:07.538Z raft-obs: tx->3 enq=28025 drop=0 sent=27606 fail=0 hi=6 rtt_avg=29us get_avg=0us get_max=2ms
2026-10-02T19:42:07.538Z raft-obs: wait_timeouts=0 pump_hold_max=433us lock_wait_max=3us drain_max=433us tick_max=1us apply_max=239us persist_max=512us applies_in_worst=1 arc_miss=0 arc_term_miss=0 opid_replay=0 fin_q=0 fin_done=0 fin_drop=0 fin_full=0 pub_p50=75901us pub_max=0us inbox_drop=0
2026-10-02T19:42:12.539Z raft-obs: tx->0 enq=28539 drop=0 sent=28025 fail=0 hi=6 rtt_avg=28us get_avg=0us get_max=3ms
2026-10-02T19:42:12.539Z raft-obs: tx->3 enq=28216 drop=0 sent=27797 fail=0 hi=6 rtt_avg=29us get_avg=0us get_max=2ms
2026-10-02T19:42:12.539Z raft-obs: wait_timeouts=0 pump_hold_max=467us lock_wait_max=1us drain_max=466us tick_max=1us apply_max=244us persist_max=556us applies_in_worst=1 arc_miss=0 arc_term_miss=0 opid_replay=0 fin_q=0 fin_done=0 fin_drop=0 fin_full=0 pub_p50=75901us pub_max=0us inbox_drop=0
2026-10-02T19:42:17.539Z raft-obs: tx->0 enq=28729 drop=0 sent=28215 fail=0 hi=6 rtt_avg=28us get_avg=0us get_max=3ms
2026-10-02T19:42:17.539Z raft-obs: tx->3 enq=28406 drop=0 sent=27987 fail=0 hi=6 rtt_avg=29us get_avg=0us get_max=2ms
2026-10-02T19:42:17.539Z raft-obs: wait_timeouts=0 pump_hold_max=458us lock_wait_max=1us drain_max=458us tick_max=4us apply_max=326us persist_max=780us applies_in_worst=1 arc_miss=0 arc_term_miss=0 opid_replay=0 fin_q=0 fin_done=0 fin_drop=0 fin_full=0 pub_p50=75901us pub_max=0us inbox_drop=0
2026-10-02T19:42:22.539Z raft-obs: tx->0 enq=28919 drop=0 sent=28405 fail=0 hi=6 rtt_avg=28us get_avg=0us get_max=3ms
2026-10-02T19:42:22.539Z raft-obs: tx->3 enq=28596 drop=0 sent=28177 fail=0 hi=6 rtt_avg=29us get_avg=0us get_max=2ms
2026-10-02T19:42:22.539Z raft-obs: wait_timeouts=0 pump_hold_max=453us lock_wait_max=1us drain_max=453us tick_max=1us apply_max=377us persist_max=764us applies_in_worst=1 arc_miss=0 arc_term_miss=0 opid_replay=0 fin_q=0 fin_done=0 fin_drop=0 fin_full=0 pub_p50=75901us pub_max=0us inbox_drop=0
2026-10-02T19:42:27.543Z raft-obs: tx->0 enq=29101 drop=0 sent=28587 fail=0 hi=6 rtt_avg=28us get_avg=0us get_max=3ms
2026-10-02T19:42:27.543Z raft-obs: tx->3 enq=28781 drop=0 sent=28362 fail=0 hi=6 rtt_avg=29us get_avg=0us get_max=2ms
2026-10-02T19:42:27.543Z raft-obs: wait_timeouts=0 pump_hold_max=417us lock_wait_max=1us drain_max=417us tick_max=5us apply_max=413us persist_max=534us applies_in_worst=1 arc_miss=0 arc_term_miss=0 opid_replay=0 fin_q=0 fin_done=0 fin_drop=0 fin_full=0 pub_p50=75901us pub_max=0us inbox_drop=0
2026-10-02T19:42:32.544Z raft-obs: tx->0 enq=29282 drop=0 sent=28767 fail=0 hi=6 rtt_avg=28us get_avg=0us get_max=3ms
2026-10-02T19:42:32.544Z raft-obs: tx->3 enq=28965 drop=0 sent=28546 fail=0 hi=6 rtt_avg=29us get_avg=0us get_max=2ms
2026-10-02T19:42:32.544Z raft-obs: wait_timeouts=0 pump_hold_max=405us lock_wait_max=1us drain_max=405us tick_max=1us apply_max=313us persist_max=528us applies_in_worst=1 arc_miss=0 arc_term_miss=0 opid_replay=0 fin_q=0 fin_done=0 fin_drop=0 fin_full=0 pub_p50=75901us pub_max=0us inbox_drop=0
2026-10-02T19:42:37.548Z raft-obs: tx->0 enq=29466 drop=0 sent=28952 fail=0 hi=6 rtt_avg=28us get_avg=0us get_max=3ms
2026-10-02T19:42:37.548Z raft-obs: tx->3 enq=29147 drop=0 sent=28728 fail=0 hi=6 rtt_avg=29us get_avg=0us get_max=2ms
2026-10-02T19:42:37.548Z raft-obs: wait_timeouts=0 pump_hold_max=502us lock_wait_max=4us drain_max=501us tick_max=1us apply_max=498us persist_max=730us applies_in_worst=1 arc_miss=0 arc_term_miss=0 opid_replay=0 fin_q=0 fin_done=0 fin_drop=0 fin_full=0 pub_p50=75901us pub_max=0us inbox_drop=0
2026-10-02T19:42:42.551Z raft-obs: tx->0 enq=29656 drop=0 sent=29142 fail=0 hi=6 rtt_avg=28us get_avg=0us get_max=3ms
2026-10-02T19:42:42.551Z raft-obs: tx->3 enq=29334 drop=0 sent=28915 fail=0 hi=6 rtt_avg=29us get_avg=0us get_max=2ms
2026-10-02T19:42:42.551Z raft-obs: wait_timeouts=0 pump_hold_max=510us lock_wait_max=1us drain_max=510us tick_max=4us apply_max=506us persist_max=526us applies_in_worst=1 arc_miss=0 arc_term_miss=0 opid_replay=0 fin_q=0 fin_done=0 fin_drop=0 fin_full=0 pub_p50=75901us pub_max=0us inbox_drop=0
2026-10-02T19:42:47.553Z raft-obs: tx->0 enq=29846 drop=0 sent=29332 fail=0 hi=6 rtt_avg=28us get_avg=0us get_max=3ms
2026-10-02T19:42:47.553Z raft-obs: tx->3 enq=29524 drop=0 sent=29105 fail=0 hi=6 rtt_avg=29us get_avg=0us get_max=2ms
2026-10-02T19:42:47.553Z raft-obs: wait_timeouts=0 pump_hold_max=589us lock_wait_max=1us drain_max=589us tick_max=4us apply_max=585us persist_max=758us applies_in_worst=1 arc_miss=0 arc_term_miss=0 opid_replay=0 fin_q=0 fin_done=0 fin_drop=0 fin_full=0 pub_p50=75901us pub_max=0us inbox_drop=0
2026-10-02T19:42:52.554Z raft-obs: tx->0 enq=30036 drop=0 sent=29522 fail=0 hi=6 rtt_avg=28us get_avg=0us get_max=3ms
2026-10-02T19:42:52.554Z raft-obs: tx->3 enq=29714 drop=0 sent=29295 fail=0 hi=6 rtt_avg=29us get_avg=0us get_max=2ms
2026-10-02T19:42:52.554Z raft-obs: wait_timeouts=0 pump_hold_max=617us lock_wait_max=1us drain_max=617us tick_max=1us apply_max=614us persist_max=551us applies_in_worst=1 arc_miss=0 arc_term_miss=0 opid_replay=0 fin_q=0 fin_done=0 fin_drop=0 fin_full=0 pub_p50=75901us pub_max=0us inbox_drop=0
2026-10-02T19:42:57.554Z raft-obs: tx->0 enq=30226 drop=0 sent=29712 fail=0 hi=6 rtt_avg=28us get_avg=0us get_max=3ms
2026-10-02T19:42:57.554Z raft-obs: tx->3 enq=29904 drop=0 sent=29485 fail=0 hi=6 rtt_avg=29us get_avg=0us get_max=2ms
2026-10-02T19:42:57.554Z raft-obs: wait_timeouts=0 pump_hold_max=689us lock_wait_max=1us drain_max=689us tick_max=4us apply_max=686us persist_max=548us applies_in_worst=1 arc_miss=0 arc_term_miss=0 opid_replay=0 fin_q=0 fin_done=0 fin_drop=0 fin_full=0 pub_p50=75901us pub_max=0us inbox_drop=0
2026-10-02T19:43:02.558Z raft-obs: tx->0 enq=30417 drop=0 sent=29903 fail=0 hi=6 rtt_avg=28us get_avg=0us get_max=3ms
2026-10-02T19:43:02.558Z raft-obs: tx->3 enq=30094 drop=0 sent=29675 fail=0 hi=6 rtt_avg=29us get_avg=0us get_max=2ms
2026-10-02T19:43:02.558Z raft-obs: wait_timeouts=0 pump_hold_max=448us lock_wait_max=1us drain_max=448us tick_max=1us apply_max=445us persist_max=531us applies_in_worst=1 arc_miss=0 arc_term_miss=0 opid_replay=0 fin_q=0 fin_done=0 fin_drop=0 fin_full=0 pub_p50=75901us pub_max=0us inbox_drop=0
2026-10-02T19:43:07.562Z raft-obs: tx->0 enq=30607 drop=0 sent=30093 fail=0 hi=6 rtt_avg=28us get_avg=0us get_max=3ms
2026-10-02T19:43:07.562Z raft-obs: tx->3 enq=30285 drop=0 sent=29866 fail=0 hi=6 rtt_avg=29us get_avg=0us get_max=2ms
2026-10-02T19:43:07.562Z raft-obs: wait_timeouts=0 pump_hold_max=579us lock_wait_max=1us drain_max=579us tick_max=3us apply_max=576us persist_max=515us applies_in_worst=1 arc_miss=0 arc_term_miss=0 opid_replay=0 fin_q=0 fin_done=0 fin_drop=0 fin_full=0 pub_p50=75901us pub_max=0us inbox_drop=0
2026-10-02T19:43:10.849Z kv-compact: start l0=263 inputs=2 range=2 l0only=1
2026-10-02T19:43:10.862Z kv-compact: end bytes=6667046 ms=13 l0=262 l1=304 rc=0
2026-10-02T19:43:10.862Z kv-compact: start l0=262 inputs=2 range=1 l0only=1
2026-10-02T19:43:10.871Z kv-compact: end bytes=3661270 ms=9 l0=261 l1=304 rc=0
2026-10-02T19:43:12.565Z raft-obs: tx->0 enq=30797 drop=0 sent=30283 fail=0 hi=6 rtt_avg=28us get_avg=0us get_max=3ms
2026-10-02T19:43:12.565Z raft-obs: tx->3 enq=30475 drop=0 sent=30056 fail=0 hi=6 rtt_avg=29us get_avg=0us get_max=2ms
2026-10-02T19:43:12.566Z raft-obs: wait_timeouts=0 pump_hold_max=6634us lock_wait_max=8us drain_max=6634us tick_max=1us apply_max=6629us persist_max=750us applies_in_worst=1 arc_miss=0 arc_term_miss=0 opid_replay=0 fin_q=0 fin_done=0 fin_drop=0 fin_full=0 pub_p50=75901us pub_max=0us inbox_drop=0
2026-10-02T19:43:17.567Z raft-obs: tx->0 enq=30987 drop=0 sent=30473 fail=0 hi=6 rtt_avg=28us get_avg=0us get_max=3ms
2026-10-02T19:43:17.567Z raft-obs: tx->3 enq=30665 drop=0 sent=30246 fail=0 hi=6 rtt_avg=29us get_avg=0us get_max=2ms
2026-10-02T19:43:17.567Z raft-obs: wait_timeouts=0 pump_hold_max=477us lock_wait_max=1us drain_max=477us tick_max=1us apply_max=214us persist_max=530us applies_in_worst=1 arc_miss=0 arc_term_miss=0 opid_replay=0 fin_q=0 fin_done=0 fin_drop=0 fin_full=0 pub_p50=75901us pub_max=0us inbox_drop=0
2026-10-02T19:43:22.569Z raft-obs: tx->0 enq=31177 drop=0 sent=30663 fail=0 hi=6 rtt_avg=28us get_avg=0us get_max=3ms
2026-10-02T19:43:22.569Z raft-obs: tx->3 enq=30855 drop=0 sent=30436 fail=0 hi=6 rtt_avg=29us get_avg=0us get_max=2ms
2026-10-02T19:43:22.569Z raft-obs: wait_timeouts=0 pump_hold_max=432us lock_wait_max=1us drain_max=432us tick_max=1us apply_max=187us persist_max=524us applies_in_worst=1 arc_miss=0 arc_term_miss=0 opid_replay=0 fin_q=0 fin_done=0 fin_drop=0 fin_full=0 pub_p50=75901us pub_max=0us inbox_drop=0
2026-10-02T19:43:27.572Z raft-obs: tx->0 enq=31367 drop=0 sent=30853 fail=0 hi=6 rtt_avg=28us get_avg=0us get_max=3ms
2026-10-02T19:43:27.572Z raft-obs: tx->3 enq=31046 drop=0 sent=30626 fail=0 hi=6 rtt_avg=29us get_avg=0us get_max=2ms
2026-10-02T19:43:27.572Z raft-obs: wait_timeouts=0 pump_hold_max=411us lock_wait_max=1us drain_max=411us tick_max=1us apply_max=318us persist_max=528us applies_in_worst=1 arc_miss=0 arc_term_miss=0 opid_replay=0 fin_q=0 fin_done=0 fin_drop=0 fin_full=0 pub_p50=75901us pub_max=0us inbox_drop=0
2026-10-02T19:43:32.577Z raft-obs: tx->0 enq=31551 drop=0 sent=31037 fail=0 hi=6 rtt_avg=28us get_avg=0us get_max=3ms
2026-10-02T19:43:32.577Z raft-obs: tx->3 enq=31236 drop=0 sent=30817 fail=0 hi=6 rtt_avg=29us get_avg=0us get_max=2ms
2026-10-02T19:43:32.577Z raft-obs: wait_timeouts=0 pump_hold_max=415us lock_wait_max=1us drain_max=415us tick_max=4us apply_max=341us persist_max=750us applies_in_worst=1 arc_miss=0 arc_term_miss=0 opid_replay=0 fin_q=0 fin_done=0 fin_drop=0 fin_full=0 pub_p50=75901us pub_max=0us inbox_drop=0
2026-10-02T19:43:37.579Z raft-obs: tx->0 enq=31733 drop=0 sent=31219 fail=0 hi=6 rtt_avg=28us get_avg=0us get_max=3ms
2026-10-02T19:43:37.580Z raft-obs: tx->3 enq=31423 drop=0 sent=31004 fail=0 hi=6 rtt_avg=29us get_avg=0us get_max=2ms
2026-10-02T19:43:37.580Z raft-obs: wait_timeouts=0 pump_hold_max=439us lock_wait_max=1us drain_max=439us tick_max=10us apply_max=392us persist_max=583us applies_in_worst=1 arc_miss=0 arc_term_miss=0 opid_replay=0 fin_q=0 fin_done=0 fin_drop=0 fin_full=0 pub_p50=75901us pub_max=0us inbox_drop=0
2026-10-02T19:43:42.579Z raft-obs: tx->0 enq=31915 drop=0 sent=31401 fail=0 hi=6 rtt_avg=28us get_avg=0us get_max=3ms
2026-10-02T19:43:42.579Z raft-obs: tx->3 enq=31606 drop=0 sent=31186 fail=0 hi=6 rtt_avg=29us get_avg=0us get_max=2ms
2026-10-02T19:43:42.579Z raft-obs: wait_timeouts=0 pump_hold_max=475us lock_wait_max=1us drain_max=474us tick_max=1us apply_max=471us persist_max=734us applies_in_worst=1 arc_miss=0 arc_term_miss=0 opid_replay=0 fin_q=0 fin_done=0 fin_drop=0 fin_full=0 pub_p50=75901us pub_max=0us inbox_drop=0
2026-10-02T19:43:47.580Z raft-obs: tx->0 enq=32105 drop=0 sent=31591 fail=0 hi=6 rtt_avg=28us get_avg=0us get_max=3ms
2026-10-02T19:43:47.580Z raft-obs: tx->3 enq=31787 drop=0 sent=31368 fail=0 hi=6 rtt_avg=29us get_avg=0us get_max=2ms
2026-10-02T19:43:47.580Z raft-obs: wait_timeouts=0 pump_hold_max=632us lock_wait_max=1us drain_max=632us tick_max=4us apply_max=484us persist_max=738us applies_in_worst=1 arc_miss=0 arc_term_miss=0 opid_replay=0 fin_q=0 fin_done=0 fin_drop=0 fin_full=0 pub_p50=75901us pub_max=0us inbox_drop=0
2026-10-02T19:43:52.584Z raft-obs: tx->0 enq=32295 drop=0 sent=31781 fail=0 hi=6 rtt_avg=28us get_avg=0us get_max=3ms
2026-10-02T19:43:52.584Z raft-obs: tx->3 enq=31974 drop=0 sent=31555 fail=0 hi=6 rtt_avg=29us get_avg=0us get_max=2ms
2026-10-02T19:43:52.584Z raft-obs: wait_timeouts=0 pump_hold_max=552us lock_wait_max=1us drain_max=552us tick_max=1us apply_max=547us persist_max=530us applies_in_worst=1 arc_miss=0 arc_term_miss=0 opid_replay=0 fin_q=0 fin_done=0 fin_drop=0 fin_full=0 pub_p50=75901us pub_max=0us inbox_drop=0
2026-10-02T19:43:57.584Z raft-obs: tx->0 enq=32485 drop=0 sent=31971 fail=0 hi=6 rtt_avg=28us get_avg=0us get_max=3ms
2026-10-02T19:43:57.584Z raft-obs: tx->3 enq=32164 drop=0 sent=31745 fail=0 hi=6 rtt_avg=29us get_avg=0us get_max=2ms
2026-10-02T19:43:57.584Z raft-obs: wait_timeouts=0 pump_hold_max=558us lock_wait_max=1us drain_max=558us tick_max=1us apply_max=556us persist_max=754us applies_in_worst=1 arc_miss=0 arc_term_miss=0 opid_replay=0 fin_q=0 fin_done=0 fin_drop=0 fin_full=0 pub_p50=75901us pub_max=0us inbox_drop=0
2026-10-02T19:44:02.584Z raft-obs: tx->0 enq=32676 drop=0 sent=32162 fail=0 hi=6 rtt_avg=28us get_avg=0us get_max=3ms
2026-10-02T19:44:02.584Z raft-obs: tx->3 enq=32354 drop=0 sent=31935 fail=0 hi=6 rtt_avg=29us get_avg=0us get_max=2ms
2026-10-02T19:44:02.584Z raft-obs: wait_timeouts=0 pump_hold_max=656us lock_wait_max=1us drain_max=656us tick_max=4us apply_max=651us persist_max=518us applies_in_worst=1 arc_miss=0 arc_term_miss=0 opid_replay=0 fin_q=0 fin_done=0 fin_drop=0 fin_full=0 pub_p50=75901us pub_max=0us inbox_drop=0
2026-10-02T19:44:07.584Z raft-obs: tx->0 enq=32866 drop=0 sent=32352 fail=0 hi=6 rtt_avg=28us get_avg=0us get_max=3ms
2026-10-02T19:44:07.584Z raft-obs: tx->3 enq=32545 drop=0 sent=32126 fail=0 hi=6 rtt_avg=29us get_avg=0us get_max=2ms
2026-10-02T19:44:07.584Z raft-obs: wait_timeouts=0 pump_hold_max=683us lock_wait_max=7us drain_max=683us tick_max=1us apply_max=678us persist_max=643us applies_in_worst=1 arc_miss=0 arc_term_miss=0 opid_replay=0 fin_q=0 fin_done=0 fin_drop=0 fin_full=0 pub_p50=75901us pub_max=0us inbox_drop=0
2026-10-02T19:44:12.584Z raft-obs: tx->0 enq=33056 drop=0 sent=32542 fail=0 hi=6 rtt_avg=28us get_avg=0us get_max=3ms
2026-10-02T19:44:12.584Z raft-obs: tx->3 enq=32735 drop=0 sent=32316 fail=0 hi=6 rtt_avg=29us get_avg=0us get_max=2ms
2026-10-02T19:44:12.584Z raft-obs: wait_timeouts=0 pump_hold_max=670us lock_wait_max=1us drain_max=670us tick_max=1us apply_max=667us persist_max=550us applies_in_worst=1 arc_miss=0 arc_term_miss=0 opid_replay=0 fin_q=0 fin_done=0 fin_drop=0 fin_full=0 pub_p50=75901us pub_max=0us inbox_drop=0
2026-10-02T19:44:17.586Z raft-obs: tx->0 enq=33246 drop=0 sent=32732 fail=0 hi=6 rtt_avg=28us get_avg=0us get_max=3ms
2026-10-02T19:44:17.586Z raft-obs: tx->3 enq=32925 drop=0 sent=32506 fail=0 hi=6 rtt_avg=29us get_avg=0us get_max=2ms
2026-10-02T19:44:17.586Z raft-obs: wait_timeouts=0 pump_hold_max=876us lock_wait_max=4us drain_max=876us tick_max=1us apply_max=717us persist_max=756us applies_in_worst=1 arc_miss=0 arc_term_miss=0 opid_replay=0 fin_q=0 fin_done=0 fin_drop=0 fin_full=0 pub_p50=75901us pub_max=0us inbox_drop=0
2026-10-02T19:44:22.589Z raft-obs: tx->0 enq=33436 drop=0 sent=32922 fail=0 hi=6 rtt_avg=28us get_avg=0us get_max=3ms
2026-10-02T19:44:22.589Z raft-obs: tx->3 enq=33116 drop=0 sent=32697 fail=0 hi=6 rtt_avg=29us get_avg=0us get_max=2ms
2026-10-02T19:44:22.589Z raft-obs: wait_timeouts=0 pump_hold_max=875us lock_wait_max=1us drain_max=875us tick_max=1us apply_max=871us persist_max=526us applies_in_worst=1 arc_miss=0 arc_term_miss=0 opid_replay=0 fin_q=0 fin_done=0 fin_drop=0 fin_full=0 pub_p50=75901us pub_max=0us inbox_drop=0
2026-10-02T19:44:23.387Z kv-compact: start l0=263 inputs=2 range=2 l0only=1
2026-10-02T19:44:23.403Z kv-compact: end bytes=7631504 ms=16 l0=262 l1=304 rc=0
2026-10-02T19:44:23.403Z kv-compact: start l0=262 inputs=2 range=1 l0only=1
2026-10-02T19:44:23.414Z kv-compact: end bytes=4620052 ms=11 l0=261 l1=304 rc=0
2026-10-02T19:44:27.590Z raft-obs: tx->0 enq=33626 drop=0 sent=33112 fail=0 hi=6 rtt_avg=28us get_avg=0us get_max=3ms
2026-10-02T19:44:27.590Z raft-obs: tx->3 enq=33307 drop=0 sent=32888 fail=0 hi=6 rtt_avg=29us get_avg=0us get_max=2ms
2026-10-02T19:44:27.590Z raft-obs: wait_timeouts=0 pump_hold_max=6557us lock_wait_max=6us drain_max=6556us tick_max=1us apply_max=6551us persist_max=561us applies_in_worst=1 arc_miss=0 arc_term_miss=0 opid_replay=0 fin_q=0 fin_done=0 fin_drop=0 fin_full=0 pub_p50=75901us pub_max=0us inbox_drop=0
2026-10-02T19:44:32.592Z raft-obs: tx->0 enq=33817 drop=0 sent=33303 fail=0 hi=6 rtt_avg=28us get_avg=0us get_max=3ms
2026-10-02T19:44:32.592Z raft-obs: tx->3 enq=33497 drop=0 sent=33078 fail=0 hi=6 rtt_avg=29us get_avg=0us get_max=2ms
2026-10-02T19:44:32.592Z raft-obs: wait_timeouts=0 pump_hold_max=419us lock_wait_max=1us drain_max=418us tick_max=1us apply_max=243us persist_max=528us applies_in_worst=1 arc_miss=0 arc_term_miss=0 opid_replay=0 fin_q=0 fin_done=0 fin_drop=0 fin_full=0 pub_p50=75901us pub_max=0us inbox_drop=0
2026-10-02T19:44:37.592Z raft-obs: tx->0 enq=34007 drop=0 sent=33493 fail=0 hi=6 rtt_avg=28us get_avg=0us get_max=3ms
2026-10-02T19:44:37.592Z raft-obs: tx->3 enq=33688 drop=0 sent=33269 fail=0 hi=6 rtt_avg=29us get_avg=0us get_max=2ms
2026-10-02T19:44:37.592Z raft-obs: wait_timeouts=0 pump_hold_max=461us lock_wait_max=1us drain_max=461us tick_max=1us apply_max=298us persist_max=557us applies_in_worst=1 arc_miss=0 arc_term_miss=0 opid_replay=0 fin_q=0 fin_done=0 fin_drop=0 fin_full=0 pub_p50=75901us pub_max=0us inbox_drop=0
2026-10-02T19:44:42.593Z raft-obs: tx->0 enq=34189 drop=0 sent=33675 fail=0 hi=6 rtt_avg=28us get_avg=0us get_max=3ms
2026-10-02T19:44:42.593Z raft-obs: tx->3 enq=33878 drop=0 sent=33459 fail=0 hi=6 rtt_avg=29us get_avg=0us get_max=2ms
2026-10-02T19:44:42.593Z raft-obs: wait_timeouts=0 pump_hold_max=469us lock_wait_max=1us drain_max=469us tick_max=6us apply_max=358us persist_max=524us applies_in_worst=1 arc_miss=0 arc_term_miss=0 opid_replay=0 fin_q=0 fin_done=0 fin_drop=0 fin_full=0 pub_p50=75901us pub_max=0us inbox_drop=0
2026-10-02T19:44:47.598Z raft-obs: tx->0 enq=34373 drop=0 sent=33859 fail=0 hi=6 rtt_avg=28us get_avg=0us get_max=3ms
2026-10-02T19:44:47.598Z raft-obs: tx->3 enq=34068 drop=0 sent=33649 fail=0 hi=6 rtt_avg=29us get_avg=0us get_max=2ms
2026-10-02T19:44:47.598Z raft-obs: wait_timeouts=0 pump_hold_max=443us lock_wait_max=1us drain_max=443us tick_max=1us apply_max=390us persist_max=620us applies_in_worst=1 arc_miss=0 arc_term_miss=0 opid_replay=0 fin_q=0 fin_done=0 fin_drop=0 fin_full=0 pub_p50=75901us pub_max=0us inbox_drop=0
2026-10-02T19:44:52.603Z raft-obs: tx->0 enq=34557 drop=0 sent=34043 fail=0 hi=6 rtt_avg=28us get_avg=0us get_max=3ms
2026-10-02T19:44:52.603Z raft-obs: tx->3 enq=34254 drop=0 sent=33835 fail=0 hi=6 rtt_avg=29us get_avg=0us get_max=2ms
2026-10-02T19:44:52.603Z raft-obs: wait_timeouts=0 pump_hold_max=458us lock_wait_max=7us drain_max=457us tick_max=1us apply_max=452us persist_max=522us applies_in_worst=1 arc_miss=0 arc_term_miss=0 opid_replay=0 fin_q=0 fin_done=0 fin_drop=0 fin_full=0 pub_p50=75901us pub_max=0us inbox_drop=0
2026-10-02T19:44:57.605Z raft-obs: tx->0 enq=34745 drop=0 sent=34231 fail=0 hi=6 rtt_avg=28us get_avg=0us get_max=3ms
2026-10-02T19:44:57.605Z raft-obs: tx->3 enq=34438 drop=0 sent=34019 fail=0 hi=6 rtt_avg=29us get_avg=0us get_max=2ms
2026-10-02T19:44:57.605Z raft-obs: wait_timeouts=0 pump_hold_max=490us lock_wait_max=1us drain_max=490us tick_max=4us apply_max=484us persist_max=533us applies_in_worst=1 arc_miss=0 arc_term_miss=0 opid_replay=0 fin_q=0 fin_done=0 fin_drop=0 fin_full=0 pub_p50=75901us pub_max=0us inbox_drop=0
2026-10-02T19:45:02.607Z raft-obs: tx->0 enq=34936 drop=0 sent=34422 fail=0 hi=6 rtt_avg=28us get_avg=0us get_max=3ms
2026-10-02T19:45:02.607Z raft-obs: tx->3 enq=34621 drop=0 sent=34201 fail=0 hi=6 rtt_avg=29us get_avg=0us get_max=2ms
2026-10-02T19:45:02.607Z raft-obs: wait_timeouts=0 pump_hold_max=543us lock_wait_max=1us drain_max=543us tick_max=1us apply_max=538us persist_max=522us applies_in_worst=1 arc_miss=0 arc_term_miss=0 opid_replay=0 fin_q=0 fin_done=0 fin_drop=0 fin_full=0 pub_p50=75901us pub_max=0us inbox_drop=0
2026-10-02T19:45:07.610Z raft-obs: tx->0 enq=35126 drop=0 sent=34612 fail=0 hi=6 rtt_avg=28us get_avg=0us get_max=3ms
2026-10-02T19:45:07.610Z raft-obs: tx->3 enq=34807 drop=0 sent=34388 fail=0 hi=6 rtt_avg=29us get_avg=0us get_max=2ms
2026-10-02T19:45:07.610Z raft-obs: wait_timeouts=0 pump_hold_max=614us lock_wait_max=1us drain_max=613us tick_max=9us apply_max=493us persist_max=654us applies_in_worst=1 arc_miss=0 arc_term_miss=0 opid_replay=0 fin_q=0 fin_done=0 fin_drop=0 fin_full=0 pub_p50=75901us pub_max=0us inbox_drop=0
2026-10-02T19:45:12.613Z raft-obs: tx->0 enq=35316 drop=0 sent=34802 fail=0 hi=6 rtt_avg=28us get_avg=0us get_max=3ms
2026-10-02T19:45:12.613Z raft-obs: tx->3 enq=34997 drop=0 sent=34578 fail=0 hi=6 rtt_avg=29us get_avg=0us get_max=2ms
2026-10-02T19:45:12.613Z raft-obs: wait_timeouts=0 pump_hold_max=633us lock_wait_max=1us drain_max=633us tick_max=1us apply_max=627us persist_max=683us applies_in_worst=1 arc_miss=0 arc_term_miss=0 opid_replay=0 fin_q=0 fin_done=0 fin_drop=0 fin_full=0 pub_p50=75901us pub_max=0us inbox_drop=0
2026-10-02T19:45:17.613Z raft-obs: tx->0 enq=35507 drop=0 sent=34992 fail=0 hi=6 rtt_avg=28us get_avg=0us get_max=3ms
2026-10-02T19:45:17.613Z raft-obs: tx->3 enq=35188 drop=0 sent=34769 fail=0 hi=6 rtt_avg=29us get_avg=0us get_max=2ms
2026-10-02T19:45:17.613Z raft-obs: wait_timeouts=0 pump_hold_max=675us lock_wait_max=4us drain_max=675us tick_max=4us apply_max=670us persist_max=614us applies_in_worst=1 arc_miss=0 arc_term_miss=0 opid_replay=0 fin_q=0 fin_done=0 fin_drop=0 fin_full=0 pub_p50=75901us pub_max=0us inbox_drop=0
2026-10-02T19:45:22.614Z raft-obs: tx->0 enq=35697 drop=0 sent=35183 fail=0 hi=6 rtt_avg=28us get_avg=0us get_max=3ms
2026-10-02T19:45:22.614Z raft-obs: tx->3 enq=35378 drop=0 sent=34959 fail=0 hi=6 rtt_avg=29us get_avg=0us get_max=2ms
2026-10-02T19:45:22.614Z raft-obs: wait_timeouts=0 pump_hold_max=566us lock_wait_max=1us drain_max=566us tick_max=4us apply_max=562us persist_max=537us applies_in_worst=1 arc_miss=0 arc_term_miss=0 opid_replay=0 fin_q=0 fin_done=0 fin_drop=0 fin_full=0 pub_p50=75901us pub_max=0us inbox_drop=0
2026-10-02T19:45:27.617Z raft-obs: tx->0 enq=35887 drop=0 sent=35373 fail=0 hi=6 rtt_avg=28us get_avg=0us get_max=3ms
2026-10-02T19:45:27.617Z raft-obs: tx->3 enq=35569 drop=0 sent=35150 fail=0 hi=6 rtt_avg=29us get_avg=0us get_max=2ms
2026-10-02T19:45:27.617Z raft-obs: wait_timeouts=0 pump_hold_max=619us lock_wait_max=2us drain_max=619us tick_max=1us apply_max=422us persist_max=514us applies_in_worst=1 arc_miss=0 arc_term_miss=0 opid_replay=0 fin_q=0 fin_done=0 fin_drop=0 fin_full=0 pub_p50=75901us pub_max=0us inbox_drop=0
2026-10-02T19:45:32.621Z raft-obs: tx->0 enq=36078 drop=0 sent=35564 fail=0 hi=6 rtt_avg=28us get_avg=0us get_max=3ms
2026-10-02T19:45:32.621Z raft-obs: tx->3 enq=35759 drop=0 sent=35340 fail=0 hi=6 rtt_avg=29us get_avg=0us get_max=2ms
2026-10-02T19:45:32.621Z raft-obs: wait_timeouts=0 pump_hold_max=480us lock_wait_max=1us drain_max=480us tick_max=1us apply_max=477us persist_max=518us applies_in_worst=1 arc_miss=0 arc_term_miss=0 opid_replay=0 fin_q=0 fin_done=0 fin_drop=0 fin_full=0 pub_p50=75901us pub_max=0us inbox_drop=0
2026-10-02T19:45:35.845Z kv-compact: start l0=263 inputs=2 range=2 l0only=1
2026-10-02T19:45:35.862Z kv-compact: end bytes=8594576 ms=17 l0=262 l1=304 rc=0
2026-10-02T19:45:35.862Z kv-compact: start l0=262 inputs=2 range=1 l0only=1
2026-10-02T19:45:35.876Z kv-compact: end bytes=5580352 ms=14 l0=261 l1=304 rc=0
2026-10-02T19:45:37.621Z raft-obs: tx->0 enq=36268 drop=0 sent=35754 fail=0 hi=6 rtt_avg=28us get_avg=0us get_max=3ms
2026-10-02T19:45:37.621Z raft-obs: tx->3 enq=35950 drop=0 sent=35530 fail=0 hi=6 rtt_avg=29us get_avg=0us get_max=2ms
2026-10-02T19:45:37.621Z raft-obs: wait_timeouts=0 pump_hold_max=6573us lock_wait_max=4us drain_max=6572us tick_max=1us apply_max=6568us persist_max=521us applies_in_worst=1 arc_miss=0 arc_term_miss=0 opid_replay=0 fin_q=0 fin_done=0 fin_drop=0 fin_full=0 pub_p50=75901us pub_max=0us inbox_drop=0
2026-10-02T19:45:42.625Z raft-obs: tx->0 enq=36458 drop=0 sent=35944 fail=0 hi=6 rtt_avg=28us get_avg=0us get_max=3ms
2026-10-02T19:45:42.625Z raft-obs: tx->3 enq=36141 drop=0 sent=35721 fail=0 hi=6 rtt_avg=29us get_avg=0us get_max=2ms
2026-10-02T19:45:42.625Z raft-obs: wait_timeouts=0 pump_hold_max=611us lock_wait_max=5us drain_max=611us tick_max=1us apply_max=259us persist_max=733us applies_in_worst=1 arc_miss=0 arc_term_miss=0 opid_replay=0 fin_q=0 fin_done=0 fin_drop=0 fin_full=0 pub_p50=75901us pub_max=0us inbox_drop=0
2026-10-02T19:45:47.629Z raft-obs: tx->0 enq=36649 drop=0 sent=36135 fail=0 hi=6 rtt_avg=28us get_avg=0us get_max=3ms
2026-10-02T19:45:47.629Z raft-obs: tx->3 enq=36332 drop=0 sent=35911 fail=0 hi=6 rtt_avg=29us get_avg=0us get_max=2ms
2026-10-02T19:45:47.629Z raft-obs: wait_timeouts=0 pump_hold_max=394us lock_wait_max=1us drain_max=394us tick_max=1us apply_max=318us persist_max=531us applies_in_worst=1 arc_miss=0 arc_term_miss=0 opid_replay=0 fin_q=0 fin_done=0 fin_drop=0 fin_full=0 pub_p50=75901us pub_max=0us inbox_drop=0
2026-10-02T19:45:52.631Z raft-obs: tx->0 enq=36839 drop=0 sent=36325 fail=0 hi=6 rtt_avg=28us get_avg=0us get_max=3ms
2026-10-02T19:45:52.631Z raft-obs: tx->3 enq=36522 drop=0 sent=36102 fail=0 hi=6 rtt_avg=29us get_avg=0us get_max=2ms
2026-10-02T19:45:52.631Z raft-obs: wait_timeouts=0 pump_hold_max=438us lock_wait_max=5us drain_max=438us tick_max=1us apply_max=338us persist_max=520us applies_in_worst=1 arc_miss=0 arc_term_miss=0 opid_replay=0 fin_q=0 fin_done=0 fin_drop=0 fin_full=0 pub_p50=75901us pub_max=0us inbox_drop=0
2026-10-02T19:45:57.634Z raft-obs: tx->0 enq=37025 drop=0 sent=36511 fail=0 hi=6 rtt_avg=28us get_avg=0us get_max=3ms
2026-10-02T19:45:57.634Z raft-obs: tx->3 enq=36713 drop=0 sent=36293 fail=0 hi=6 rtt_avg=29us get_avg=0us get_max=2ms
2026-10-02T19:45:57.634Z raft-obs: wait_timeouts=0 pump_hold_max=389us lock_wait_max=1us drain_max=389us tick_max=1us apply_max=335us persist_max=521us applies_in_worst=1 arc_miss=0 arc_term_miss=0 opid_replay=0 fin_q=0 fin_done=0 fin_drop=0 fin_full=0 pub_p50=75901us pub_max=0us inbox_drop=0
2026-10-02T19:46:02.636Z raft-obs: tx->0 enq=37209 drop=0 sent=36695 fail=0 hi=6 rtt_avg=28us get_avg=0us get_max=3ms
2026-10-02T19:46:02.636Z raft-obs: tx->3 enq=36903 drop=0 sent=36483 fail=0 hi=6 rtt_avg=29us get_avg=0us get_max=2ms
2026-10-02T19:46:02.636Z raft-obs: wait_timeouts=0 pump_hold_max=399us lock_wait_max=4us drain_max=399us tick_max=1us apply_max=258us persist_max=507us applies_in_worst=1 arc_miss=0 arc_term_miss=0 opid_replay=0 fin_q=0 fin_done=0 fin_drop=0 fin_full=0 pub_p50=75901us pub_max=0us inbox_drop=0
2026-10-02T19:46:07.638Z raft-obs: tx->0 enq=37393 drop=0 sent=36879 fail=0 hi=6 rtt_avg=28us get_avg=0us get_max=3ms
2026-10-02T19:46:07.638Z raft-obs: tx->3 enq=37094 drop=0 sent=36674 fail=0 hi=6 rtt_avg=29us get_avg=0us get_max=2ms
2026-10-02T19:46:07.638Z raft-obs: wait_timeouts=0 pump_hold_max=401us lock_wait_max=5us drain_max=401us tick_max=1us apply_max=300us persist_max=546us applies_in_worst=1 arc_miss=0 arc_term_miss=0 opid_replay=0 fin_q=0 fin_done=0 fin_drop=0 fin_full=0 pub_p50=75901us pub_max=0us inbox_drop=0
2026-10-02T19:46:12.641Z raft-obs: tx->0 enq=37578 drop=0 sent=37064 fail=0 hi=6 rtt_avg=28us get_avg=0us get_max=3ms
2026-10-02T19:46:12.642Z raft-obs: tx->3 enq=37281 drop=0 sent=36861 fail=0 hi=6 rtt_avg=29us get_avg=0us get_max=2ms
2026-10-02T19:46:12.642Z raft-obs: wait_timeouts=0 pump_hold_max=378us lock_wait_max=1us drain_max=378us tick_max=4us apply_max=321us persist_max=532us applies_in_worst=1 arc_miss=0 arc_term_miss=0 opid_replay=0 fin_q=0 fin_done=0 fin_drop=0 fin_full=0 pub_p50=75901us pub_max=0us inbox_drop=0
2026-10-02T19:46:17.644Z raft-obs: tx->0 enq=37769 drop=0 sent=37255 fail=0 hi=6 rtt_avg=28us get_avg=0us get_max=3ms
2026-10-02T19:46:17.644Z raft-obs: tx->3 enq=37465 drop=0 sent=37045 fail=0 hi=6 rtt_avg=29us get_avg=0us get_max=2ms
2026-10-02T19:46:17.644Z raft-obs: wait_timeouts=0 pump_hold_max=417us lock_wait_max=3us drain_max=417us tick_max=1us apply_max=329us persist_max=573us applies_in_worst=1 arc_miss=0 arc_term_miss=0 opid_replay=0 fin_q=0 fin_done=0 fin_drop=0 fin_full=0 pub_p50=75901us pub_max=0us inbox_drop=0
2026-10-02T19:46:22.644Z raft-obs: tx->0 enq=37959 drop=0 sent=37445 fail=0 hi=6 rtt_avg=28us get_avg=0us get_max=3ms
2026-10-02T19:46:22.644Z raft-obs: tx->3 enq=37648 drop=0 sent=37228 fail=0 hi=6 rtt_avg=29us get_avg=0us get_max=2ms
2026-10-02T19:46:22.644Z raft-obs: wait_timeouts=0 pump_hold_max=441us lock_wait_max=7us drain_max=441us tick_max=4us apply_max=359us persist_max=635us applies_in_worst=1 arc_miss=0 arc_term_miss=0 opid_replay=0 fin_q=0 fin_done=0 fin_drop=0 fin_full=0 pub_p50=75901us pub_max=0us inbox_drop=0
2026-10-02T19:46:27.646Z raft-obs: tx->0 enq=38150 drop=0 sent=37636 fail=0 hi=6 rtt_avg=28us get_avg=0us get_max=3ms
2026-10-02T19:46:27.646Z raft-obs: tx->3 enq=37832 drop=0 sent=37412 fail=0 hi=6 rtt_avg=29us get_avg=0us get_max=2ms
2026-10-02T19:46:27.646Z raft-obs: wait_timeouts=0 pump_hold_max=623us lock_wait_max=1us drain_max=623us tick_max=1us apply_max=399us persist_max=751us applies_in_worst=1 arc_miss=0 arc_term_miss=0 opid_replay=0 fin_q=0 fin_done=0 fin_drop=0 fin_full=0 pub_p50=75901us pub_max=0us inbox_drop=0
2026-10-02T19:46:32.646Z raft-obs: tx->0 enq=38340 drop=0 sent=37826 fail=0 hi=6 rtt_avg=28us get_avg=0us get_max=3ms
2026-10-02T19:46:32.646Z raft-obs: tx->3 enq=38023 drop=0 sent=37603 fail=0 hi=6 rtt_avg=29us get_avg=0us get_max=2ms
2026-10-02T19:46:32.646Z raft-obs: wait_timeouts=0 pump_hold_max=436us lock_wait_max=1us drain_max=436us tick_max=1us apply_max=433us persist_max=529us applies_in_worst=1 arc_miss=0 arc_term_miss=0 opid_replay=0 fin_q=0 fin_done=0 fin_drop=0 fin_full=0 pub_p50=75901us pub_max=0us inbox_drop=0
2026-10-02T19:46:37.648Z raft-obs: tx->0 enq=38531 drop=0 sent=38017 fail=0 hi=6 rtt_avg=28us get_avg=0us get_max=3ms
2026-10-02T19:46:37.648Z raft-obs: tx->3 enq=38213 drop=0 sent=37793 fail=0 hi=6 rtt_avg=29us get_avg=0us get_max=2ms
2026-10-02T19:46:37.648Z raft-obs: wait_timeouts=0 pump_hold_max=712us lock_wait_max=1us drain_max=712us tick_max=1us apply_max=708us persist_max=554us applies_in_worst=2 arc_miss=0 arc_term_miss=0 opid_replay=0 fin_q=0 fin_done=0 fin_drop=0 fin_full=0 pub_p50=75901us pub_max=0us inbox_drop=0
2026-10-02T19:46:42.650Z raft-obs: tx->0 enq=38721 drop=0 sent=38207 fail=0 hi=6 rtt_avg=28us get_avg=0us get_max=3ms
2026-10-02T19:46:42.650Z raft-obs: tx->3 enq=38404 drop=0 sent=37983 fail=0 hi=6 rtt_avg=29us get_avg=0us get_max=2ms
2026-10-02T19:46:42.650Z raft-obs: wait_timeouts=0 pump_hold_max=813us lock_wait_max=1us drain_max=813us tick_max=1us apply_max=809us persist_max=520us applies_in_worst=1 arc_miss=0 arc_term_miss=0 opid_replay=0 fin_q=0 fin_done=0 fin_drop=0 fin_full=0 pub_p50=75901us pub_max=0us inbox_drop=0
2026-10-02T19:46:47.650Z raft-obs: tx->0 enq=38912 drop=0 sent=38398 fail=0 hi=6 rtt_avg=28us get_avg=0us get_max=3ms
2026-10-02T19:46:47.650Z raft-obs: tx->3 enq=38594 drop=0 sent=38174 fail=0 hi=6 rtt_avg=29us get_avg=0us get_max=2ms
2026-10-02T19:46:47.650Z raft-obs: wait_timeouts=0 pump_hold_max=824us lock_wait_max=4us drain_max=824us tick_max=1us apply_max=821us persist_max=526us applies_in_worst=1 arc_miss=0 arc_term_miss=0 opid_replay=0 fin_q=0 fin_done=0 fin_drop=0 fin_full=0 pub_p50=75901us pub_max=0us inbox_drop=0
2026-10-02T19:46:48.222Z kv-compact: start l0=263 inputs=2 range=2 l0only=1
2026-10-02T19:46:48.242Z kv-compact: end bytes=9554876 ms=20 l0=262 l1=304 rc=0
2026-10-02T19:46:48.242Z kv-compact: start l0=262 inputs=2 range=1 l0only=1
2026-10-02T19:46:48.259Z kv-compact: end bytes=6543424 ms=17 l0=261 l1=304 rc=0
2026-10-02T19:46:52.654Z raft-obs: tx->0 enq=39102 drop=0 sent=38588 fail=0 hi=6 rtt_avg=28us get_avg=0us get_max=3ms
2026-10-02T19:46:52.654Z raft-obs: tx->3 enq=38784 drop=0 sent=38364 fail=0 hi=6 rtt_avg=29us get_avg=0us get_max=2ms
2026-10-02T19:46:52.654Z raft-obs: wait_timeouts=0 pump_hold_max=7662us lock_wait_max=1us drain_max=7661us tick_max=1us apply_max=7654us persist_max=765us applies_in_worst=1 arc_miss=0 arc_term_miss=0 opid_replay=0 fin_q=0 fin_done=0 fin_drop=0 fin_full=0 pub_p50=75901us pub_max=0us inbox_drop=0
2026-10-02T19:46:57.654Z raft-obs: tx->0 enq=39292 drop=0 sent=38778 fail=0 hi=6 rtt_avg=28us get_avg=0us get_max=3ms
2026-10-02T19:46:57.654Z raft-obs: tx->3 enq=38974 drop=0 sent=38554 fail=0 hi=6 rtt_avg=29us get_avg=0us get_max=2ms
2026-10-02T19:46:57.654Z raft-obs: wait_timeouts=0 pump_hold_max=435us lock_wait_max=1us drain_max=435us tick_max=1us apply_max=174us persist_max=516us applies_in_worst=1 arc_miss=0 arc_term_miss=0 opid_replay=0 fin_q=0 fin_done=0 fin_drop=0 fin_full=0 pub_p50=75901us pub_max=0us inbox_drop=0
2026-10-02T19:47:02.656Z raft-obs: tx->0 enq=39483 drop=0 sent=38969 fail=0 hi=6 rtt_avg=28us get_avg=0us get_max=3ms
2026-10-02T19:47:02.656Z raft-obs: tx->3 enq=39165 drop=0 sent=38745 fail=0 hi=6 rtt_avg=29us get_avg=0us get_max=2ms
2026-10-02T19:47:02.656Z raft-obs: wait_timeouts=0 pump_hold_max=421us lock_wait_max=1us drain_max=421us tick_max=1us apply_max=227us persist_max=516us applies_in_worst=1 arc_miss=0 arc_term_miss=0 opid_replay=0 fin_q=0 fin_done=0 fin_drop=0 fin_full=0 pub_p50=75901us pub_max=0us inbox_drop=0
2026-10-02T19:47:07.657Z raft-obs: tx->0 enq=39673 drop=0 sent=39159 fail=0 hi=6 rtt_avg=28us get_avg=0us get_max=3ms
2026-10-02T19:47:07.657Z raft-obs: tx->3 enq=39355 drop=0 sent=38935 fail=0 hi=6 rtt_avg=29us get_avg=0us get_max=2ms
2026-10-02T19:47:07.657Z raft-obs: wait_timeouts=0 pump_hold_max=445us lock_wait_max=1us drain_max=445us tick_max=1us apply_max=202us persist_max=1140us applies_in_worst=1 arc_miss=0 arc_term_miss=0 opid_replay=0 fin_q=0 fin_done=0 fin_drop=0 fin_full=0 pub_p50=75901us pub_max=0us inbox_drop=0
2026-10-02T19:47:12.657Z raft-obs: tx->0 enq=39864 drop=0 sent=39350 fail=0 hi=6 rtt_avg=28us get_avg=0us get_max=3ms
2026-10-02T19:47:12.657Z raft-obs: tx->3 enq=39546 drop=0 sent=39125 fail=0 hi=6 rtt_avg=29us get_avg=0us get_max=2ms
2026-10-02T19:47:12.657Z raft-obs: wait_timeouts=0 pump_hold_max=490us lock_wait_max=1us drain_max=490us tick_max=4us apply_max=444us persist_max=753us applies_in_worst=2 arc_miss=0 arc_term_miss=0 opid_replay=0 fin_q=0 fin_done=0 fin_drop=0 fin_full=0 pub_p50=75901us pub_max=0us inbox_drop=0
2026-10-02T19:47:17.657Z raft-obs: tx->0 enq=40049 drop=0 sent=39535 fail=0 hi=6 rtt_avg=28us get_avg=0us get_max=3ms
2026-10-02T19:47:17.657Z raft-obs: tx->3 enq=39736 drop=0 sent=39316 fail=0 hi=6 rtt_avg=29us get_avg=0us get_max=2ms
2026-10-02T19:47:17.657Z raft-obs: wait_timeouts=0 pump_hold_max=405us lock_wait_max=4us drain_max=405us tick_max=1us apply_max=324us persist_max=542us applies_in_worst=1 arc_miss=0 arc_term_miss=0 opid_replay=0 fin_q=0 fin_done=0 fin_drop=0 fin_full=0 pub_p50=75901us pub_max=0us inbox_drop=0
2026-10-02T19:47:22.657Z raft-obs: tx->0 enq=40235 drop=0 sent=39721 fail=0 hi=6 rtt_avg=28us get_avg=0us get_max=3ms
2026-10-02T19:47:22.657Z raft-obs: tx->3 enq=39926 drop=0 sent=39506 fail=0 hi=6 rtt_avg=29us get_avg=0us get_max=2ms
2026-10-02T19:47:22.657Z raft-obs: wait_timeouts=0 pump_hold_max=444us lock_wait_max=4us drain_max=444us tick_max=1us apply_max=285us persist_max=518us applies_in_worst=1 arc_miss=0 arc_term_miss=0 opid_replay=0 fin_q=0 fin_done=0 fin_drop=0 fin_full=0 pub_p50=75901us pub_max=0us inbox_drop=0
2026-10-02T19:47:27.659Z raft-obs: tx->0 enq=40417 drop=0 sent=39903 fail=0 hi=6 rtt_avg=28us get_avg=0us get_max=3ms
2026-10-02T19:47:27.659Z raft-obs: tx->3 enq=40114 drop=0 sent=39693 fail=0 hi=6 rtt_avg=29us get_avg=0us get_max=2ms
2026-10-02T19:47:27.659Z raft-obs: wait_timeouts=0 pump_hold_max=434us lock_wait_max=4us drain_max=433us tick_max=1us apply_max=320us persist_max=1166us applies_in_worst=1 arc_miss=0 arc_term_miss=0 opid_replay=0 fin_q=0 fin_done=0 fin_drop=0 fin_full=0 pub_p50=75901us pub_max=0us inbox_drop=0
2026-10-02T19:47:32.661Z raft-obs: tx->0 enq=40602 drop=0 sent=40088 fail=0 hi=6 rtt_avg=28us get_avg=0us get_max=3ms
2026-10-02T19:47:32.661Z raft-obs: tx->3 enq=40299 drop=0 sent=39879 fail=0 hi=6 rtt_avg=29us get_avg=0us get_max=2ms
2026-10-02T19:47:32.661Z raft-obs: wait_timeouts=0 pump_hold_max=546us lock_wait_max=8us drain_max=546us tick_max=1us apply_max=542us persist_max=560us applies_in_worst=1 arc_miss=0 arc_term_miss=0 opid_replay=0 fin_q=0 fin_done=0 fin_drop=0 fin_full=0 pub_p50=75901us pub_max=0us inbox_drop=0
2026-10-02T19:47:37.661Z raft-obs: tx->0 enq=40793 drop=0 sent=40279 fail=0 hi=6 rtt_avg=28us get_avg=0us get_max=3ms
2026-10-02T19:47:37.661Z raft-obs: tx->3 enq=40481 drop=0 sent=40061 fail=0 hi=6 rtt_avg=29us get_avg=0us get_max=2ms
2026-10-02T19:47:37.661Z raft-obs: wait_timeouts=0 pump_hold_max=726us lock_wait_max=1us drain_max=725us tick_max=1us apply_max=623us persist_max=541us applies_in_worst=1 arc_miss=0 arc_term_miss=0 opid_replay=0 fin_q=0 fin_done=0 fin_drop=0 fin_full=0 pub_p50=75901us pub_max=0us inbox_drop=0
2026-10-02T19:47:42.662Z raft-obs: tx->0 enq=40983 drop=0 sent=40469 fail=0 hi=6 rtt_avg=28us get_avg=0us get_max=3ms
2026-10-02T19:47:42.662Z raft-obs: tx->3 enq=40665 drop=0 sent=40245 fail=0 hi=6 rtt_avg=29us get_avg=0us get_max=2ms
2026-10-02T19:47:42.662Z raft-obs: wait_timeouts=0 pump_hold_max=410us lock_wait_max=3us drain_max=410us tick_max=1us apply_max=397us persist_max=509us applies_in_worst=1 arc_miss=0 arc_term_miss=0 opid_replay=0 fin_q=0 fin_done=0 fin_drop=0 fin_full=0 pub_p50=75901us pub_max=0us inbox_drop=0
2026-10-02T19:47:47.662Z raft-obs: tx->0 enq=41173 drop=0 sent=40659 fail=0 hi=6 rtt_avg=28us get_avg=0us get_max=3ms
2026-10-02T19:47:47.662Z raft-obs: tx->3 enq=40855 drop=0 sent=40435 fail=0 hi=6 rtt_avg=29us get_avg=0us get_max=2ms
2026-10-02T19:47:47.662Z raft-obs: wait_timeouts=0 pump_hold_max=653us lock_wait_max=3us drain_max=653us tick_max=4us apply_max=434us persist_max=738us applies_in_worst=1 arc_miss=0 arc_term_miss=0 opid_replay=0 fin_q=0 fin_done=0 fin_drop=0 fin_full=0 pub_p50=75901us pub_max=0us inbox_drop=0
2026-10-02T19:47:52.663Z raft-obs: tx->0 enq=41363 drop=0 sent=40849 fail=0 hi=6 rtt_avg=28us get_avg=0us get_max=3ms
2026-10-02T19:47:52.663Z raft-obs: tx->3 enq=41045 drop=0 sent=40625 fail=0 hi=6 rtt_avg=29us get_avg=0us get_max=2ms
2026-10-02T19:47:52.663Z raft-obs: wait_timeouts=0 pump_hold_max=452us lock_wait_max=1us drain_max=452us tick_max=1us apply_max=450us persist_max=508us applies_in_worst=1 arc_miss=0 arc_term_miss=0 opid_replay=0 fin_q=0 fin_done=0 fin_drop=0 fin_full=0 pub_p50=75901us pub_max=0us inbox_drop=0
2026-10-02T19:47:57.664Z raft-obs: tx->0 enq=41554 drop=0 sent=41040 fail=0 hi=6 rtt_avg=28us get_avg=0us get_max=3ms
2026-10-02T19:47:57.664Z raft-obs: tx->3 enq=41235 drop=0 sent=40815 fail=0 hi=6 rtt_avg=29us get_avg=0us get_max=2ms
2026-10-02T19:47:57.664Z raft-obs: wait_timeouts=0 pump_hold_max=491us lock_wait_max=4us drain_max=491us tick_max=1us apply_max=488us persist_max=526us applies_in_worst=1 arc_miss=0 arc_term_miss=0 opid_replay=0 fin_q=0 fin_done=0 fin_drop=0 fin_full=0 pub_p50=75901us pub_max=0us inbox_drop=0
2026-10-02T19:48:00.671Z kv-compact: start l0=263 inputs=2 range=2 l0only=1
2026-10-02T19:48:00.694Z kv-compact: end bytes=10516562 ms=23 l0=262 l1=304 rc=0
2026-10-02T19:48:00.694Z kv-compact: start l0=262 inputs=2 range=1 l0only=1
2026-10-02T19:48:00.713Z kv-compact: end bytes=7505110 ms=19 l0=261 l1=304 rc=0
2026-10-02T19:48:02.665Z raft-obs: tx->0 enq=41744 drop=0 sent=41230 fail=0 hi=6 rtt_avg=28us get_avg=0us get_max=3ms
2026-10-02T19:48:02.665Z raft-obs: tx->3 enq=41425 drop=0 sent=41005 fail=0 hi=6 rtt_avg=29us get_avg=0us get_max=2ms
2026-10-02T19:48:02.665Z raft-obs: wait_timeouts=0 pump_hold_max=6812us lock_wait_max=1us drain_max=6811us tick_max=1us apply_max=6802us persist_max=761us applies_in_worst=1 arc_miss=0 arc_term_miss=0 opid_replay=0 fin_q=0 fin_done=0 fin_drop=0 fin_full=0 pub_p50=75901us pub_max=0us inbox_drop=0
2026-10-02T19:48:07.666Z raft-obs: tx->0 enq=41934 drop=0 sent=41420 fail=0 hi=6 rtt_avg=28us get_avg=0us get_max=3ms
2026-10-02T19:48:07.666Z raft-obs: tx->3 enq=41615 drop=0 sent=41195 fail=0 hi=6 rtt_avg=29us get_avg=0us get_max=2ms
2026-10-02T19:48:07.666Z raft-obs: wait_timeouts=0 pump_hold_max=430us lock_wait_max=2us drain_max=430us tick_max=1us apply_max=150us persist_max=592us applies_in_worst=1 arc_miss=0 arc_term_miss=0 opid_replay=0 fin_q=0 fin_done=0 fin_drop=0 fin_full=0 pub_p50=75901us pub_max=0us inbox_drop=0
2026-10-02T19:48:12.669Z raft-obs: tx->0 enq=42124 drop=0 sent=41610 fail=0 hi=6 rtt_avg=28us get_avg=0us get_max=3ms
2026-10-02T19:48:12.669Z raft-obs: tx->3 enq=41805 drop=0 sent=41385 fail=0 hi=6 rtt_avg=29us get_avg=0us get_max=2ms
2026-10-02T19:48:12.669Z raft-obs: wait_timeouts=0 pump_hold_max=424us lock_wait_max=1us drain_max=424us tick_max=1us apply_max=234us persist_max=554us applies_in_worst=1 arc_miss=0 arc_term_miss=0 opid_replay=0 fin_q=0 fin_done=0 fin_drop=0 fin_full=0 pub_p50=75901us pub_max=0us inbox_drop=0
2026-10-02T19:48:17.671Z raft-obs: tx->0 enq=42314 drop=0 sent=41800 fail=0 hi=6 rtt_avg=28us get_avg=0us get_max=3ms
2026-10-02T19:48:17.671Z raft-obs: tx->3 enq=41996 drop=0 sent=41576 fail=0 hi=6 rtt_avg=29us get_avg=0us get_max=2ms
2026-10-02T19:48:17.671Z raft-obs: wait_timeouts=0 pump_hold_max=418us lock_wait_max=1us drain_max=418us tick_max=1us apply_max=286us persist_max=1610us applies_in_worst=1 arc_miss=0 arc_term_miss=0 opid_replay=0 fin_q=0 fin_done=0 fin_drop=0 fin_full=0 pub_p50=75901us pub_max=0us inbox_drop=0
2026-10-02T19:48:22.673Z raft-obs: tx->0 enq=42504 drop=0 sent=41990 fail=0 hi=6 rtt_avg=28us get_avg=0us get_max=3ms
2026-10-02T19:48:22.673Z raft-obs: tx->3 enq=42186 drop=0 sent=41766 fail=0 hi=6 rtt_avg=29us get_avg=0us get_max=2ms
2026-10-02T19:48:22.673Z raft-obs: wait_timeouts=0 pump_hold_max=422us lock_wait_max=1us drain_max=422us tick_max=5us apply_max=261us persist_max=754us applies_in_worst=1 arc_miss=0 arc_term_miss=0 opid_replay=0 fin_q=0 fin_done=0 fin_drop=0 fin_full=0 pub_p50=75901us pub_max=0us inbox_drop=0
2026-10-02T19:48:27.675Z raft-obs: tx->0 enq=42691 drop=0 sent=42177 fail=0 hi=6 rtt_avg=28us get_avg=0us get_max=3ms
2026-10-02T19:48:27.675Z raft-obs: tx->3 enq=42376 drop=0 sent=41956 fail=0 hi=6 rtt_avg=29us get_avg=0us get_max=2ms
2026-10-02T19:48:27.675Z raft-obs: wait_timeouts=0 pump_hold_max=479us lock_wait_max=1us drain_max=479us tick_max=1us apply_max=360us persist_max=652us applies_in_worst=1 arc_miss=0 arc_term_miss=0 opid_replay=0 fin_q=0 fin_done=0 fin_drop=0 fin_full=0 pub_p50=75901us pub_max=0us inbox_drop=0
2026-10-02T19:48:32.675Z raft-obs: tx->0 enq=42875 drop=0 sent=42360 fail=0 hi=6 rtt_avg=28us get_avg=0us get_max=3ms
2026-10-02T19:48:32.675Z raft-obs: tx->3 enq=42566 drop=0 sent=42146 fail=0 hi=6 rtt_avg=29us get_avg=0us get_max=2ms
2026-10-02T19:48:32.675Z raft-obs: wait_timeouts=0 pump_hold_max=456us lock_wait_max=1us drain_max=456us tick_max=1us apply_max=396us persist_max=522us applies_in_worst=1 arc_miss=0 arc_term_miss=0 opid_replay=0 fin_q=0 fin_done=0 fin_drop=0 fin_full=0 pub_p50=75901us pub_max=0us inbox_drop=0
2026-10-02T19:48:37.676Z raft-obs: tx->0 enq=43056 drop=0 sent=42541 fail=0 hi=6 rtt_avg=28us get_avg=0us get_max=3ms
2026-10-02T19:48:37.676Z raft-obs: tx->3 enq=42757 drop=0 sent=42337 fail=0 hi=6 rtt_avg=29us get_avg=0us get_max=2ms
2026-10-02T19:48:37.676Z raft-obs: wait_timeouts=0 pump_hold_max=452us lock_wait_max=1us drain_max=451us tick_max=1us apply_max=269us persist_max=633us applies_in_worst=1 arc_miss=0 arc_term_miss=0 opid_replay=0 fin_q=0 fin_done=0 fin_drop=0 fin_full=0 pub_p50=75901us pub_max=0us inbox_drop=0
2026-10-02T19:48:42.678Z raft-obs: tx->0 enq=43242 drop=0 sent=42728 fail=0 hi=6 rtt_avg=28us get_avg=0us get_max=3ms
2026-10-02T19:48:42.678Z raft-obs: tx->3 enq=42939 drop=0 sent=42519 fail=0 hi=6 rtt_avg=29us get_avg=0us get_max=2ms
2026-10-02T19:48:42.678Z raft-obs: wait_timeouts=0 pump_hold_max=420us lock_wait_max=1us drain_max=420us tick_max=4us apply_max=301us persist_max=627us applies_in_worst=1 arc_miss=0 arc_term_miss=0 opid_replay=0 fin_q=0 fin_done=0 fin_drop=0 fin_full=0 pub_p50=75901us pub_max=0us inbox_drop=0
2026-10-02T19:48:47.679Z raft-obs: tx->0 enq=43432 drop=0 sent=42918 fail=0 hi=6 rtt_avg=28us get_avg=0us get_max=3ms
2026-10-02T19:48:47.679Z raft-obs: tx->3 enq=43123 drop=0 sent=42703 fail=0 hi=6 rtt_avg=29us get_avg=0us get_max=2ms
2026-10-02T19:48:47.679Z raft-obs: wait_timeouts=0 pump_hold_max=547us lock_wait_max=2us drain_max=547us tick_max=1us apply_max=537us persist_max=625us applies_in_worst=1 arc_miss=0 arc_term_miss=0 opid_replay=0 fin_q=0 fin_done=0 fin_drop=0 fin_full=0 pub_p50=75901us pub_max=0us inbox_drop=0
2026-10-02T19:48:52.681Z raft-obs: tx->0 enq=43622 drop=0 sent=43108 fail=0 hi=6 rtt_avg=28us get_avg=0us get_max=3ms
2026-10-02T19:48:52.681Z raft-obs: tx->3 enq=43307 drop=0 sent=42887 fail=0 hi=6 rtt_avg=29us get_avg=0us get_max=2ms
2026-10-02T19:48:52.681Z raft-obs: wait_timeouts=0 pump_hold_max=641us lock_wait_max=1us drain_max=641us tick_max=5us apply_max=636us persist_max=524us applies_in_worst=1 arc_miss=0 arc_term_miss=0 opid_replay=0 fin_q=0 fin_done=0 fin_drop=0 fin_full=0 pub_p50=75901us pub_max=0us inbox_drop=0
2026-10-02T19:48:57.682Z raft-obs: tx->0 enq=43813 drop=0 sent=43299 fail=0 hi=6 rtt_avg=28us get_avg=0us get_max=3ms
2026-10-02T19:48:57.682Z raft-obs: tx->3 enq=43496 drop=0 sent=43075 fail=0 hi=6 rtt_avg=29us get_avg=0us get_max=2ms
2026-10-02T19:48:57.682Z raft-obs: wait_timeouts=0 pump_hold_max=659us lock_wait_max=1us drain_max=659us tick_max=1us apply_max=655us persist_max=518us applies_in_worst=1 arc_miss=0 arc_term_miss=0 opid_replay=0 fin_q=0 fin_done=0 fin_drop=0 fin_full=0 pub_p50=75901us pub_max=0us inbox_drop=0
2026-10-02T19:49:02.683Z raft-obs: tx->0 enq=44003 drop=0 sent=43489 fail=0 hi=6 rtt_avg=28us get_avg=0us get_max=3ms
2026-10-02T19:49:02.683Z raft-obs: tx->3 enq=43686 drop=0 sent=43266 fail=0 hi=6 rtt_avg=29us get_avg=0us get_max=2ms
2026-10-02T19:49:02.683Z raft-obs: wait_timeouts=0 pump_hold_max=782us lock_wait_max=4us drain_max=782us tick_max=1us apply_max=778us persist_max=532us applies_in_worst=1 arc_miss=0 arc_term_miss=0 opid_replay=0 fin_q=0 fin_done=0 fin_drop=0 fin_full=0 pub_p50=75901us pub_max=0us inbox_drop=0
2026-10-02T19:49:07.687Z raft-obs: tx->0 enq=44194 drop=0 sent=43680 fail=0 hi=6 rtt_avg=28us get_avg=0us get_max=3ms
2026-10-02T19:49:07.687Z raft-obs: tx->3 enq=43876 drop=0 sent=43456 fail=0 hi=6 rtt_avg=29us get_avg=0us get_max=2ms
2026-10-02T19:49:07.687Z raft-obs: wait_timeouts=0 pump_hold_max=704us lock_wait_max=1us drain_max=704us tick_max=1us apply_max=701us persist_max=521us applies_in_worst=1 arc_miss=0 arc_term_miss=0 opid_replay=0 fin_q=0 fin_done=0 fin_drop=0 fin_full=0 pub_p50=75901us pub_max=0us inbox_drop=0
2026-10-02T19:49:12.691Z raft-obs: tx->0 enq=44384 drop=0 sent=43870 fail=0 hi=6 rtt_avg=28us get_avg=0us get_max=3ms
2026-10-02T19:49:12.691Z raft-obs: tx->3 enq=44067 drop=0 sent=43647 fail=0 hi=6 rtt_avg=29us get_avg=0us get_max=2ms
2026-10-02T19:49:12.691Z raft-obs: wait_timeouts=0 pump_hold_max=783us lock_wait_max=1us drain_max=783us tick_max=4us apply_max=779us persist_max=513us applies_in_worst=1 arc_miss=0 arc_term_miss=0 opid_replay=0 fin_q=0 fin_done=0 fin_drop=0 fin_full=0 pub_p50=75901us pub_max=0us inbox_drop=0
2026-10-02T19:49:13.123Z kv-compact: start l0=263 inputs=2 range=2 l0only=1
2026-10-02T19:49:13.148Z kv-compact: end bytes=11476862 ms=24 l0=262 l1=304 rc=0
2026-10-02T19:49:13.148Z kv-compact: start l0=262 inputs=2 range=1 l0only=1
2026-10-02T19:49:13.169Z kv-compact: end bytes=8468182 ms=21 l0=261 l1=304 rc=0
2026-10-02T19:49:17.691Z raft-obs: tx->0 enq=44575 drop=0 sent=44061 fail=0 hi=6 rtt_avg=28us get_avg=0us get_max=3ms
2026-10-02T19:49:17.691Z raft-obs: tx->3 enq=44257 drop=0 sent=43837 fail=0 hi=6 rtt_avg=29us get_avg=0us get_max=2ms
2026-10-02T19:49:17.691Z raft-obs: wait_timeouts=0 pump_hold_max=6813us lock_wait_max=1us drain_max=6812us tick_max=1us apply_max=6808us persist_max=528us applies_in_worst=1 arc_miss=0 arc_term_miss=0 opid_replay=0 fin_q=0 fin_done=0 fin_drop=0 fin_full=0 pub_p50=75901us pub_max=0us inbox_drop=0
2026-10-02T19:49:22.691Z raft-obs: tx->0 enq=44765 drop=0 sent=44251 fail=0 hi=6 rtt_avg=28us get_avg=0us get_max=3ms
2026-10-02T19:49:22.691Z raft-obs: tx->3 enq=44448 drop=0 sent=44028 fail=0 hi=6 rtt_avg=29us get_avg=0us get_max=2ms
2026-10-02T19:49:22.691Z raft-obs: wait_timeouts=0 pump_hold_max=431us lock_wait_max=1us drain_max=431us tick_max=1us apply_max=286us persist_max=751us applies_in_worst=1 arc_miss=0 arc_term_miss=0 opid_replay=0 fin_q=0 fin_done=0 fin_drop=0 fin_full=0 pub_p50=75901us pub_max=0us inbox_drop=0
2026-10-02T19:49:27.695Z raft-obs: tx->0 enq=44955 drop=0 sent=44441 fail=0 hi=6 rtt_avg=28us get_avg=0us get_max=3ms
2026-10-02T19:49:27.695Z raft-obs: tx->3 enq=44638 drop=0 sent=44218 fail=0 hi=6 rtt_avg=29us get_avg=0us get_max=2ms
2026-10-02T19:49:27.695Z raft-obs: wait_timeouts=0 pump_hold_max=409us lock_wait_max=3us drain_max=409us tick_max=5us apply_max=350us persist_max=739us applies_in_worst=1 arc_miss=0 arc_term_miss=0 opid_replay=0 fin_q=0 fin_done=0 fin_drop=0 fin_full=0 pub_p50=75901us pub_max=0us inbox_drop=0
2026-10-02T19:49:32.695Z raft-obs: tx->0 enq=45146 drop=0 sent=44631 fail=0 hi=6 rtt_avg=28us get_avg=0us get_max=3ms
2026-10-02T19:49:32.695Z raft-obs: tx->3 enq=44828 drop=0 sent=44408 fail=0 hi=6 rtt_avg=29us get_avg=0us get_max=2ms
2026-10-02T19:49:32.695Z raft-obs: wait_timeouts=0 pump_hold_max=502us lock_wait_max=3us drain_max=502us tick_max=1us apply_max=390us persist_max=554us applies_in_worst=1 arc_miss=0 arc_term_miss=0 opid_replay=0 fin_q=0 fin_done=0 fin_drop=0 fin_full=0 pub_p50=75901us pub_max=0us inbox_drop=0
2026-10-02T19:49:37.699Z raft-obs: tx->0 enq=45336 drop=0 sent=44822 fail=0 hi=6 rtt_avg=28us get_avg=0us get_max=3ms
2026-10-02T19:49:37.699Z raft-obs: tx->3 enq=45019 drop=0 sent=44599 fail=0 hi=6 rtt_avg=29us get_avg=0us get_max=2ms
2026-10-02T19:49:37.699Z raft-obs: wait_timeouts=0 pump_hold_max=464us lock_wait_max=1us drain_max=464us tick_max=1us apply_max=415us persist_max=518us applies_in_worst=1 arc_miss=0 arc_term_miss=0 opid_replay=0 fin_q=0 fin_done=0 fin_drop=0 fin_full=0 pub_p50=75901us pub_max=0us inbox_drop=0
2026-10-02T19:49:42.703Z raft-obs: tx->0 enq=45523 drop=0 sent=45009 fail=0 hi=6 rtt_avg=28us get_avg=0us get_max=3ms
2026-10-02T19:49:42.703Z raft-obs: tx->3 enq=45209 drop=0 sent=44789 fail=0 hi=6 rtt_avg=29us get_avg=0us get_max=2ms
2026-10-02T19:49:42.703Z raft-obs: wait_timeouts=0 pump_hold_max=401us lock_wait_max=1us drain_max=401us tick_max=1us apply_max=280us persist_max=540us applies_in_worst=1 arc_miss=0 arc_term_miss=0 opid_replay=0 fin_q=0 fin_done=0 fin_drop=0 fin_full=0 pub_p50=75901us pub_max=0us inbox_drop=0
2026-10-02T19:49:47.704Z raft-obs: tx->0 enq=45707 drop=0 sent=45193 fail=0 hi=6 rtt_avg=28us get_avg=0us get_max=3ms
2026-10-02T19:49:47.704Z raft-obs: tx->3 enq=45400 drop=0 sent=44979 fail=0 hi=6 rtt_avg=29us get_avg=0us get_max=2ms
2026-10-02T19:49:47.704Z raft-obs: wait_timeouts=0 pump_hold_max=446us lock_wait_max=5us drain_max=445us tick_max=1us apply_max=318us persist_max=753us applies_in_worst=1 arc_miss=0 arc_term_miss=0 opid_replay=0 fin_q=0 fin_done=0 fin_drop=0 fin_full=0 pub_p50=75901us pub_max=0us inbox_drop=0
2026-10-02T19:49:52.706Z raft-obs: tx->0 enq=45889 drop=0 sent=45375 fail=0 hi=6 rtt_avg=28us get_avg=0us get_max=3ms
2026-10-02T19:49:52.706Z raft-obs: tx->3 enq=45590 drop=0 sent=45170 fail=0 hi=6 rtt_avg=29us get_avg=0us get_max=2ms
2026-10-02T19:49:52.706Z raft-obs: wait_timeouts=0 pump_hold_max=436us lock_wait_max=1us drain_max=436us tick_max=1us apply_max=338us persist_max=510us applies_in_worst=1 arc_miss=0 arc_term_miss=0 opid_replay=0 fin_q=0 fin_done=0 fin_drop=0 fin_full=0 pub_p50=75901us pub_max=0us inbox_drop=0
2026-10-02T19:49:57.709Z raft-obs: tx->0 enq=46075 drop=0 sent=45561 fail=0 hi=6 rtt_avg=28us get_avg=0us get_max=3ms
2026-10-02T19:49:57.709Z raft-obs: tx->3 enq=45777 drop=0 sent=45357 fail=0 hi=6 rtt_avg=29us get_avg=0us get_max=2ms
2026-10-02T19:49:57.709Z raft-obs: wait_timeouts=0 pump_hold_max=425us lock_wait_max=1us drain_max=425us tick_max=1us apply_max=342us persist_max=557us applies_in_worst=1 arc_miss=0 arc_term_miss=0 opid_replay=0 fin_q=0 fin_done=0 fin_drop=0 fin_full=0 pub_p50=75901us pub_max=0us inbox_drop=0
2026-10-02T19:50:02.711Z raft-obs: tx->0 enq=46265 drop=0 sent=45751 fail=0 hi=6 rtt_avg=28us get_avg=0us get_max=3ms
2026-10-02T19:50:02.711Z raft-obs: tx->3 enq=45963 drop=0 sent=45543 fail=0 hi=6 rtt_avg=29us get_avg=0us get_max=2ms
2026-10-02T19:50:02.711Z raft-obs: wait_timeouts=0 pump_hold_max=405us lock_wait_max=3us drain_max=405us tick_max=4us apply_max=376us persist_max=518us applies_in_worst=1 arc_miss=0 arc_term_miss=0 opid_replay=0 fin_q=0 fin_done=0 fin_drop=0 fin_full=0 pub_p50=75901us pub_max=0us inbox_drop=0
2026-10-02T19:50:07.712Z raft-obs: tx->0 enq=46456 drop=0 sent=45941 fail=0 hi=6 rtt_avg=28us get_avg=0us get_max=3ms
2026-10-02T19:50:07.712Z raft-obs: tx->3 enq=46145 drop=0 sent=45725 fail=0 hi=6 rtt_avg=29us get_avg=0us get_max=2ms
2026-10-02T19:50:07.713Z raft-obs: wait_timeouts=0 pump_hold_max=427us lock_wait_max=5us drain_max=427us tick_max=60us apply_max=419us persist_max=519us applies_in_worst=1 arc_miss=0 arc_term_miss=0 opid_replay=0 fin_q=0 fin_done=0 fin_drop=0 fin_full=0 pub_p50=75901us pub_max=0us inbox_drop=0
2026-10-02T19:50:12.715Z raft-obs: tx->0 enq=46646 drop=0 sent=46132 fail=0 hi=6 rtt_avg=28us get_avg=0us get_max=3ms
2026-10-02T19:50:12.715Z raft-obs: tx->3 enq=46331 drop=0 sent=45911 fail=0 hi=6 rtt_avg=29us get_avg=0us get_max=2ms
2026-10-02T19:50:12.715Z raft-obs: wait_timeouts=0 pump_hold_max=443us lock_wait_max=1us drain_max=443us tick_max=1us apply_max=441us persist_max=517us applies_in_worst=1 arc_miss=0 arc_term_miss=0 opid_replay=0 fin_q=0 fin_done=0 fin_drop=0 fin_full=0 pub_p50=75901us pub_max=0us inbox_drop=0
2026-10-02T19:50:17.719Z raft-obs: tx->0 enq=46837 drop=0 sent=46323 fail=0 hi=6 rtt_avg=28us get_avg=0us get_max=3ms
2026-10-02T19:50:17.719Z raft-obs: tx->3 enq=46519 drop=0 sent=46099 fail=0 hi=6 rtt_avg=29us get_avg=0us get_max=2ms
2026-10-02T19:50:17.719Z raft-obs: wait_timeouts=0 pump_hold_max=631us lock_wait_max=1us drain_max=631us tick_max=1us apply_max=627us persist_max=532us applies_in_worst=1 arc_miss=0 arc_term_miss=0 opid_replay=0 fin_q=0 fin_done=0 fin_drop=0 fin_full=0 pub_p50=75901us pub_max=0us inbox_drop=0
2026-10-02T19:50:22.719Z raft-obs: tx->0 enq=47027 drop=0 sent=46513 fail=0 hi=6 rtt_avg=28us get_avg=0us get_max=3ms
2026-10-02T19:50:22.719Z raft-obs: tx->3 enq=46710 drop=0 sent=46290 fail=0 hi=6 rtt_avg=29us get_avg=0us get_max=2ms
2026-10-02T19:50:22.719Z raft-obs: wait_timeouts=0 pump_hold_max=833us lock_wait_max=1us drain_max=833us tick_max=4us apply_max=829us persist_max=524us applies_in_worst=1 arc_miss=0 arc_term_miss=0 opid_replay=0 fin_q=0 fin_done=0 fin_drop=0 fin_full=0 pub_p50=75901us pub_max=0us inbox_drop=0
2026-10-02T19:50:25.499Z kv-compact: start l0=263 inputs=4 range=2 l0only=0
2026-10-02T19:50:25.610Z kv-compact: end bytes=58432708 ms=111 l0=261 l1=303 rc=0
2026-10-02T19:50:25.610Z kv-compact: start l0=261 inputs=2 range=1 l0only=1
2026-10-02T19:50:25.633Z kv-compact: end bytes=9431254 ms=23 l0=260 l1=303 rc=0
2026-10-02T19:50:27.722Z raft-obs: tx->0 enq=47217 drop=0 sent=46703 fail=0 hi=6 rtt_avg=28us get_avg=0us get_max=3ms
2026-10-02T19:50:27.722Z raft-obs: tx->3 enq=46900 drop=0 sent=46480 fail=0 hi=6 rtt_avg=29us get_avg=0us get_max=2ms
2026-10-02T19:50:27.722Z raft-obs: wait_timeouts=0 pump_hold_max=6772us lock_wait_max=1us drain_max=6771us tick_max=1us apply_max=6767us persist_max=607us applies_in_worst=1 arc_miss=0 arc_term_miss=0 opid_replay=0 fin_q=0 fin_done=0 fin_drop=0 fin_full=0 pub_p50=75901us pub_max=0us inbox_drop=0
2026-10-02T19:50:32.723Z raft-obs: tx->0 enq=47408 drop=0 sent=46894 fail=0 hi=6 rtt_avg=28us get_avg=0us get_max=3ms
2026-10-02T19:50:32.723Z raft-obs: tx->3 enq=47091 drop=0 sent=46671 fail=0 hi=6 rtt_avg=29us get_avg=0us get_max=2ms
2026-10-02T19:50:32.723Z raft-obs: wait_timeouts=0 pump_hold_max=436us lock_wait_max=1us drain_max=436us tick_max=4us apply_max=137us persist_max=616us applies_in_worst=1 arc_miss=0 arc_term_miss=0 opid_replay=0 fin_q=0 fin_done=0 fin_drop=0 fin_full=0 pub_p50=75901us pub_max=0us inbox_drop=0
2026-10-02T19:50:37.724Z raft-obs: tx->0 enq=47598 drop=0 sent=47084 fail=0 hi=6 rtt_avg=28us get_avg=0us get_max=3ms
2026-10-02T19:50:37.724Z raft-obs: tx->3 enq=47281 drop=0 sent=46861 fail=0 hi=6 rtt_avg=29us get_avg=0us get_max=2ms
2026-10-02T19:50:37.724Z raft-obs: wait_timeouts=0 pump_hold_max=490us lock_wait_max=1us drain_max=490us tick_max=1us apply_max=186us persist_max=551us applies_in_worst=1 arc_miss=0 arc_term_miss=0 opid_replay=0 fin_q=0 fin_done=0 fin_drop=0 fin_full=0 pub_p50=75901us pub_max=0us inbox_drop=0
2026-10-02T19:50:42.727Z raft-obs: tx->0 enq=47789 drop=0 sent=47275 fail=0 hi=6 rtt_avg=28us get_avg=0us get_max=3ms
2026-10-02T19:50:42.727Z raft-obs: tx->3 enq=47472 drop=0 sent=47052 fail=0 hi=6 rtt_avg=29us get_avg=0us get_max=2ms
2026-10-02T19:50:42.727Z raft-obs: wait_timeouts=0 pump_hold_max=421us lock_wait_max=1us drain_max=421us tick_max=1us apply_max=196us persist_max=513us applies_in_worst=1 arc_miss=0 arc_term_miss=0 opid_replay=0 fin_q=0 fin_done=0 fin_drop=0 fin_full=0 pub_p50=75901us pub_max=0us inbox_drop=0
2026-10-02T19:50:47.728Z raft-obs: tx->0 enq=47980 drop=0 sent=47466 fail=0 hi=6 rtt_avg=28us get_avg=0us get_max=3ms
2026-10-02T19:50:47.728Z raft-obs: tx->3 enq=47662 drop=0 sent=47242 fail=0 hi=6 rtt_avg=29us get_avg=0us get_max=2ms
2026-10-02T19:50:47.728Z raft-obs: wait_timeouts=0 pump_hold_max=417us lock_wait_max=4us drain_max=417us tick_max=3us apply_max=227us persist_max=555us applies_in_worst=1 arc_miss=0 arc_term_miss=0 opid_replay=0 fin_q=0 fin_done=0 fin_drop=0 fin_full=0 pub_p50=75901us pub_max=0us inbox_drop=0
2026-10-02T19:50:52.732Z raft-obs: tx->0 enq=48170 drop=0 sent=47656 fail=0 hi=6 rtt_avg=28us get_avg=0us get_max=3ms
2026-10-02T19:50:52.732Z raft-obs: tx->3 enq=47853 drop=0 sent=47433 fail=0 hi=6 rtt_avg=29us get_avg=0us get_max=2ms
2026-10-02T19:50:52.732Z raft-obs: wait_timeouts=0 pump_hold_max=407us lock_wait_max=1us drain_max=407us tick_max=1us apply_max=259us persist_max=518us applies_in_worst=1 arc_miss=0 arc_term_miss=0 opid_replay=0 fin_q=0 fin_done=0 fin_drop=0 fin_full=0 pub_p50=75901us pub_max=0us inbox_drop=0
2026-10-02T19:50:57.732Z raft-obs: tx->0 enq=48361 drop=0 sent=47846 fail=0 hi=6 rtt_avg=28us get_avg=0us get_max=3ms
2026-10-02T19:50:57.732Z raft-obs: tx->3 enq=48043 drop=0 sent=47623 fail=0 hi=6 rtt_avg=29us get_avg=0us get_max=2ms
2026-10-02T19:50:57.732Z raft-obs: wait_timeouts=0 pump_hold_max=392us lock_wait_max=4us drain_max=392us tick_max=1us apply_max=271us persist_max=556us applies_in_worst=1 arc_miss=0 arc_term_miss=0 opid_replay=0 fin_q=0 fin_done=0 fin_drop=0 fin_full=0 pub_p50=75901us pub_max=0us inbox_drop=0
2026-10-02T19:51:02.734Z raft-obs: tx->0 enq=48551 drop=0 sent=48037 fail=0 hi=6 rtt_avg=28us get_avg=0us get_max=3ms
2026-10-02T19:51:02.734Z raft-obs: tx->3 enq=48234 drop=0 sent=47814 fail=0 hi=6 rtt_avg=29us get_avg=0us get_max=2ms
2026-10-02T19:51:02.734Z raft-obs: wait_timeouts=0 pump_hold_max=573us lock_wait_max=1us drain_max=573us tick_max=4us apply_max=299us persist_max=572us applies_in_worst=1 arc_miss=0 arc_term_miss=0 opid_replay=0 fin_q=0 fin_done=0 fin_drop=0 fin_full=0 pub_p50=75901us pub_max=0us inbox_drop=0
2026-10-02T19:51:07.739Z raft-obs: tx->0 enq=48737 drop=0 sent=48223 fail=0 hi=6 rtt_avg=28us get_avg=0us get_max=3ms
2026-10-02T19:51:07.739Z raft-obs: tx->3 enq=48424 drop=0 sent=48004 fail=0 hi=6 rtt_avg=29us get_avg=0us get_max=2ms
2026-10-02T19:51:07.739Z raft-obs: wait_timeouts=0 pump_hold_max=427us lock_wait_max=1us drain_max=427us tick_max=4us apply_max=330us persist_max=538us applies_in_worst=1 arc_miss=0 arc_term_miss=0 opid_replay=0 fin_q=0 fin_done=0 fin_drop=0 fin_full=0 pub_p50=75901us pub_max=0us inbox_drop=0
2026-10-02T19:51:12.740Z raft-obs: tx->0 enq=48921 drop=0 sent=48407 fail=0 hi=6 rtt_avg=28us get_avg=0us get_max=3ms
2026-10-02T19:51:12.740Z raft-obs: tx->3 enq=48615 drop=0 sent=48195 fail=0 hi=6 rtt_avg=29us get_avg=0us get_max=2ms
2026-10-02T19:51:12.740Z raft-obs: wait_timeouts=0 pump_hold_max=401us lock_wait_max=1us drain_max=401us tick_max=1us apply_max=344us persist_max=525us applies_in_worst=1 arc_miss=0 arc_term_miss=0 opid_replay=0 fin_q=0 fin_done=0 fin_drop=0 fin_full=0 pub_p50=75901us pub_max=0us inbox_drop=0
2026-10-02T19:51:17.744Z raft-obs: tx->0 enq=49105 drop=0 sent=48591 fail=0 hi=6 rtt_avg=28us get_avg=0us get_max=3ms
2026-10-02T19:51:17.744Z raft-obs: tx->3 enq=48805 drop=0 sent=48385 fail=0 hi=6 rtt_avg=29us get_avg=0us get_max=2ms
2026-10-02T19:51:17.744Z raft-obs: wait_timeouts=0 pump_hold_max=421us lock_wait_max=1us drain_max=421us tick_max=1us apply_max=384us persist_max=529us applies_in_worst=1 arc_miss=0 arc_term_miss=0 opid_replay=0 fin_q=0 fin_done=0 fin_drop=0 fin_full=0 pub_p50=75901us pub_max=0us inbox_drop=0
2026-10-02T19:51:22.744Z raft-obs: tx->0 enq=49290 drop=0 sent=48776 fail=0 hi=6 rtt_avg=28us get_avg=0us get_max=3ms
2026-10-02T19:51:22.744Z raft-obs: tx->3 enq=48991 drop=0 sent=48571 fail=0 hi=6 rtt_avg=29us get_avg=0us get_max=2ms
2026-10-02T19:51:22.744Z raft-obs: wait_timeouts=0 pump_hold_max=427us lock_wait_max=1us drain_max=427us tick_max=1us apply_max=408us persist_max=597us applies_in_worst=1 arc_miss=0 arc_term_miss=0 opid_replay=0 fin_q=0 fin_done=0 fin_drop=0 fin_full=0 pub_p50=75901us pub_max=0us inbox_drop=0
2026-10-02T19:51:27.746Z raft-obs: tx->0 enq=49481 drop=0 sent=48966 fail=0 hi=6 rtt_avg=28us get_avg=0us get_max=3ms
2026-10-02T19:51:27.746Z raft-obs: tx->3 enq=49175 drop=0 sent=48755 fail=0 hi=6 rtt_avg=29us get_avg=0us get_max=2ms
2026-10-02T19:51:27.746Z raft-obs: wait_timeouts=0 pump_hold_max=751us lock_wait_max=1us drain_max=751us tick_max=1us apply_max=745us persist_max=520us applies_in_worst=1 arc_miss=0 arc_term_miss=0 opid_replay=0 fin_q=0 fin_done=0 fin_drop=0 fin_full=0 pub_p50=75901us pub_max=0us inbox_drop=0
2026-10-02T19:51:32.745Z raft-obs: tx->0 enq=49671 drop=0 sent=49157 fail=0 hi=6 rtt_avg=28us get_avg=0us get_max=3ms
2026-10-02T19:51:32.745Z raft-obs: tx->3 enq=49355 drop=0 sent=48935 fail=0 hi=6 rtt_avg=29us get_avg=0us get_max=2ms
2026-10-02T19:51:32.745Z raft-obs: wait_timeouts=0 pump_hold_max=863us lock_wait_max=1us drain_max=863us tick_max=1us apply_max=858us persist_max=521us applies_in_worst=1 arc_miss=0 arc_term_miss=0 opid_replay=0 fin_q=0 fin_done=0 fin_drop=0 fin_full=0 pub_p50=75901us pub_max=0us inbox_drop=0
2026-10-02T19:51:37.746Z raft-obs: tx->0 enq=49861 drop=0 sent=49347 fail=0 hi=6 rtt_avg=28us get_avg=0us get_max=3ms
2026-10-02T19:51:37.746Z raft-obs: tx->3 enq=49543 drop=0 sent=49123 fail=0 hi=6 rtt_avg=29us get_avg=0us get_max=2ms
2026-10-02T19:51:37.746Z raft-obs: wait_timeouts=0 pump_hold_max=699us lock_wait_max=1us drain_max=699us tick_max=1us apply_max=694us persist_max=514us applies_in_worst=1 arc_miss=0 arc_term_miss=0 opid_replay=0 fin_q=0 fin_done=0 fin_drop=0 fin_full=0 pub_p50=75901us pub_max=0us inbox_drop=0
2026-10-02T19:51:37.864Z kv-compact: start l0=262 inputs=2 range=1 l0only=1
2026-10-02T19:51:37.889Z kv-compact: end bytes=10394326 ms=25 l0=261 l1=303 rc=0
2026-10-02T19:51:42.746Z raft-obs: tx->0 enq=50052 drop=0 sent=49538 fail=0 hi=6 rtt_avg=28us get_avg=0us get_max=3ms
2026-10-02T19:51:42.746Z raft-obs: tx->3 enq=49734 drop=0 sent=49314 fail=0 hi=6 rtt_avg=29us get_avg=0us get_max=2ms
2026-10-02T19:51:42.746Z raft-obs: wait_timeouts=0 pump_hold_max=6654us lock_wait_max=1us drain_max=6654us tick_max=4us apply_max=6650us persist_max=555us applies_in_worst=1 arc_miss=0 arc_term_miss=0 opid_replay=0 fin_q=0 fin_done=0 fin_drop=0 fin_full=0 pub_p50=75901us pub_max=0us inbox_drop=0
2026-10-02T19:51:47.749Z raft-obs: tx->0 enq=50242 drop=0 sent=49728 fail=0 hi=6 rtt_avg=28us get_avg=0us get_max=3ms
2026-10-02T19:51:47.749Z raft-obs: tx->3 enq=49924 drop=0 sent=49504 fail=0 hi=6 rtt_avg=29us get_avg=0us get_max=2ms
2026-10-02T19:51:47.749Z raft-obs: wait_timeouts=0 pump_hold_max=444us lock_wait_max=1us drain_max=444us tick_max=5us apply_max=226us persist_max=532us applies_in_worst=1 arc_miss=0 arc_term_miss=0 opid_replay=0 fin_q=0 fin_done=0 fin_drop=0 fin_full=0 pub_p50=75901us pub_max=0us inbox_drop=0
2026-10-02T19:51:52.750Z raft-obs: tx->0 enq=50433 drop=0 sent=49919 fail=0 hi=6 rtt_avg=28us get_avg=0us get_max=3ms
2026-10-02T19:51:52.750Z raft-obs: tx->3 enq=50114 drop=0 sent=49694 fail=0 hi=6 rtt_avg=29us get_avg=0us get_max=2ms
2026-10-02T19:51:52.750Z raft-obs: wait_timeouts=0 pump_hold_max=485us lock_wait_max=1us drain_max=485us tick_max=1us apply_max=263us persist_max=530us applies_in_worst=1 arc_miss=0 arc_term_miss=0 opid_replay=0 fin_q=0 fin_done=0 fin_drop=0 fin_full=0 pub_p50=75901us pub_max=0us inbox_drop=0
2026-10-02T19:51:57.754Z raft-obs: tx->0 enq=50623 drop=0 sent=50109 fail=0 hi=6 rtt_avg=28us get_avg=0us get_max=3ms
2026-10-02T19:51:57.754Z raft-obs: tx->3 enq=50305 drop=0 sent=49885 fail=0 hi=6 rtt_avg=29us get_avg=0us get_max=2ms
2026-10-02T19:51:57.754Z raft-obs: wait_timeouts=0 pump_hold_max=428us lock_wait_max=1us drain_max=428us tick_max=1us apply_max=317us persist_max=522us applies_in_worst=1 arc_miss=0 arc_term_miss=0 opid_replay=0 fin_q=0 fin_done=0 fin_drop=0 fin_full=0 pub_p50=75901us pub_max=0us inbox_drop=0
[ perf record: Woken up 104 times to write data ]
[ perf record: Captured and wrote 29.340 MB /tmp/efs-perf/efsd.data (181645 samples) ]
2026-10-02T19:52:02.757Z raft-obs: tx->0 enq=50814 drop=0 sent=50300 fail=0 hi=6 rtt_avg=28us get_avg=0us get_max=3ms
2026-10-02T19:52:02.757Z raft-obs: tx->3 enq=50495 drop=0 sent=50075 fail=0 hi=6 rtt_avg=29us get_avg=0us get_max=2ms
2026-10-02T19:52:02.757Z raft-obs: wait_timeouts=0 pump_hold_max=435us lock_wait_max=1us drain_max=435us tick_max=1us apply_max=222us persist_max=701us applies_in_worst=1 arc_miss=0 arc_term_miss=0 opid_replay=0 fin_q=0 fin_done=0 fin_drop=0 fin_full=0 pub_p50=75901us pub_max=0us inbox_drop=0
2026-10-02T19:52:07.761Z raft-obs: tx->0 enq=51005 drop=0 sent=50491 fail=0 hi=6 rtt_avg=28us get_avg=0us get_max=3ms
2026-10-02T19:52:07.761Z raft-obs: tx->3 enq=50687 drop=0 sent=50267 fail=0 hi=6 rtt_avg=29us get_avg=0us get_max=2ms
2026-10-02T19:52:07.761Z raft-obs: wait_timeouts=0 pump_hold_max=447us lock_wait_max=1us drain_max=447us tick_max=1us apply_max=256us persist_max=629us applies_in_worst=1 arc_miss=0 arc_term_miss=0 opid_replay=0 fin_q=0 fin_done=0 fin_drop=0 fin_full=0 pub_p50=75901us pub_max=0us inbox_drop=0
2026-10-02T19:52:12.762Z raft-obs: tx->0 enq=51196 drop=0 sent=50682 fail=0 hi=6 rtt_avg=28us get_avg=0us get_max=3ms
2026-10-02T19:52:12.762Z raft-obs: tx->3 enq=50878 drop=0 sent=50458 fail=0 hi=6 rtt_avg=29us get_avg=0us get_max=2ms
2026-10-02T19:52:12.762Z raft-obs: wait_timeouts=0 pump_hold_max=426us lock_wait_max=1us drain_max=426us tick_max=1us apply_max=273us persist_max=605us applies_in_worst=1 arc_miss=0 arc_term_miss=0 opid_replay=0 fin_q=0 fin_done=0 fin_drop=0 fin_full=0 pub_p50=75901us pub_max=0us inbox_drop=0
2026-10-02T19:52:16.335Z shutdown: 4 conn threads still live after drain timeout; forcing teardown
