2026-10-02T19:22:32.878Z Loaded 4 persisted cluster node(s) from /data1/01/efs/meta/cluster_nodes.bin
2026-10-02T19:22:32.878Z   persisted node 1: 172.16.223.57:19810
2026-10-02T19:22:32.878Z   persisted node 2: 172.16.223.58:19810
2026-10-02T19:22:32.878Z   persisted node 3: 172.16.223.59:19810
2026-10-02T19:22:32.878Z   persisted node 4: 172.16.223.60:19810
2026-10-02T19:22:32.878Z Trying to rejoin via persisted peer 172.16.223.58:19810 (node 2)...
2026-10-02T19:22:32.878Z Cannot connect to peer 172.16.223.58:19810
2026-10-02T19:22:32.878Z Failed to rejoin via 172.16.223.58:19810
2026-10-02T19:22:32.878Z Trying to rejoin via persisted peer 172.16.223.59:19810 (node 3)...
2026-10-02T19:22:32.878Z Cannot connect to peer 172.16.223.59:19810
2026-10-02T19:22:32.878Z Failed to rejoin via 172.16.223.59:19810
2026-10-02T19:22:32.878Z Trying to rejoin via persisted peer 172.16.223.60:19810 (node 4)...
2026-10-02T19:22:32.878Z Cannot connect to peer 172.16.223.60:19810
2026-10-02T19:22:32.878Z Failed to rejoin via 172.16.223.60:19810
2026-10-02T19:22:32.878Z Could not rejoin any of the 3 persisted peer(s)
2026-10-02T19:22:32.878Z Could not rejoin cluster from persisted peers; starting as standalone and retrying in background
2026-10-02T19:22:32.879Z heartbeat: enabled (2000 ms interval)
2026-10-02T19:22:37.523Z raft-obs: g0 term 0->130 role FOLLOWER->FOLLOWER leader=-1 commit=4266279 applied=4266279 t=1790968957523ms
2026-10-02T19:22:37.523Z raft-host: up raft_id=0 n=4 boot=4642115538754587 salt=5058809657200042695 g0=hosted g2=off
2026-10-02T19:22:37.523Z raft-obs: wait_timeouts=0 pump_hold_max=5us lock_wait_max=2us drain_max=5us tick_max=0us apply_max=0us persist_max=0us applies_in_worst=0 arc_miss=0 arc_term_miss=0 opid_replay=0 fin_q=0 fin_done=0 fin_drop=0 fin_full=0 pub_p50=0us pub_max=0us inbox_drop=0
2026-10-02T19:22:37.523Z efsd node 1 listening on 172.16.223.57:19810, storage=/data1/01/efs,/data1/02/efs,/data1/03/efs,/data1/04/efs,/data1/05/efs,/data1/06/efs (6 paths, stripe=leastq), used=796139716608, quota=39582418599936, direct_io=on, writers=20 shared, build=efc0f499cbae-dirty
2026-10-02T19:22:37.528Z raft-obs: wait_timeouts=0 pump_hold_max=1us lock_wait_max=0us drain_max=1us tick_max=0us apply_max=0us persist_max=1us applies_in_worst=0 arc_miss=0 arc_term_miss=0 opid_replay=0 fin_q=0 fin_done=0 fin_drop=0 fin_full=0 pub_p50=0us pub_max=0us inbox_drop=0
2026-10-02T19:22:37.533Z raft-obs: wait_timeouts=0 pump_hold_max=1us lock_wait_max=0us drain_max=1us tick_max=0us apply_max=0us persist_max=0us applies_in_worst=0 arc_miss=0 arc_term_miss=0 opid_replay=0 fin_q=0 fin_done=0 fin_drop=0 fin_full=0 pub_p50=0us pub_max=0us inbox_drop=0
2026-10-02T19:22:37.543Z raft-obs: wait_timeouts=0 pump_hold_max=6us lock_wait_max=2us drain_max=6us tick_max=0us apply_max=0us persist_max=0us applies_in_worst=0 arc_miss=0 arc_term_miss=0 opid_replay=0 fin_q=0 fin_done=0 fin_drop=0 fin_full=0 pub_p50=0us pub_max=0us inbox_drop=0
2026-10-02T19:22:37.543Z efsd: RDMA transport up on mlx5_2 port 1 (lid 2159)
2026-10-02T19:22:37.563Z raft-obs: wait_timeouts=0 pump_hold_max=1us lock_wait_max=1us drain_max=0us tick_max=1us apply_max=0us persist_max=1us applies_in_worst=0 arc_miss=0 arc_term_miss=0 opid_replay=0 fin_q=0 fin_done=0 fin_drop=0 fin_full=0 pub_p50=0us pub_max=0us inbox_drop=0
2026-10-02T19:22:37.579Z raft-obs: wait_timeouts=0 pump_hold_max=1us lock_wait_max=0us drain_max=1us tick_max=0us apply_max=0us persist_max=1us applies_in_worst=0 arc_miss=0 arc_term_miss=0 opid_replay=0 fin_q=0 fin_done=0 fin_drop=0 fin_full=0 pub_p50=0us pub_max=0us inbox_drop=0
2026-10-02T19:22:37.599Z raft-obs: wait_timeouts=0 pump_hold_max=1us lock_wait_max=0us drain_max=0us tick_max=1us apply_max=0us persist_max=1us applies_in_worst=0 arc_miss=0 arc_term_miss=0 opid_replay=0 fin_q=0 fin_done=0 fin_drop=0 fin_full=0 pub_p50=0us pub_max=0us inbox_drop=0
2026-10-02T19:22:37.639Z raft-obs: wait_timeouts=0 pump_hold_max=1us lock_wait_max=1us drain_max=0us tick_max=1us apply_max=0us persist_max=1us applies_in_worst=0 arc_miss=0 arc_term_miss=0 opid_replay=0 fin_q=0 fin_done=0 fin_drop=0 fin_full=0 pub_p50=0us pub_max=0us inbox_drop=0
2026-10-02T19:22:37.700Z raft-obs: wait_timeouts=0 pump_hold_max=1us lock_wait_max=0us drain_max=0us tick_max=1us apply_max=0us persist_max=1us applies_in_worst=0 arc_miss=0 arc_term_miss=0 opid_replay=0 fin_q=0 fin_done=0 fin_drop=0 fin_full=0 pub_p50=0us pub_max=0us inbox_drop=0
2026-10-02T19:22:37.710Z raft-obs: wait_timeouts=0 pump_hold_max=1us lock_wait_max=1us drain_max=1us tick_max=0us apply_max=0us persist_max=1us applies_in_worst=0 arc_miss=0 arc_term_miss=0 opid_replay=0 fin_q=0 fin_done=0 fin_drop=0 fin_full=0 pub_p50=0us pub_max=0us inbox_drop=0
2026-10-02T19:22:37.756Z raft-obs: wait_timeouts=0 pump_hold_max=1us lock_wait_max=1us drain_max=1us tick_max=0us apply_max=0us persist_max=1us applies_in_worst=0 arc_miss=0 arc_term_miss=0 opid_replay=0 fin_q=0 fin_done=0 fin_drop=0 fin_full=0 pub_p50=0us pub_max=0us inbox_drop=0
2026-10-02T19:22:37.821Z raft-obs: wait_timeouts=0 pump_hold_max=1us lock_wait_max=1us drain_max=0us tick_max=1us apply_max=0us persist_max=1us applies_in_worst=0 arc_miss=0 arc_term_miss=0 opid_replay=0 fin_q=0 fin_done=0 fin_drop=0 fin_full=0 pub_p50=0us pub_max=0us inbox_drop=0
2026-10-02T19:22:37.831Z raft-obs: wait_timeouts=0 pump_hold_max=1us lock_wait_max=0us drain_max=1us tick_max=0us apply_max=0us persist_max=0us applies_in_worst=0 arc_miss=0 arc_term_miss=0 opid_replay=0 fin_q=0 fin_done=0 fin_drop=0 fin_full=0 pub_p50=0us pub_max=0us inbox_drop=0
2026-10-02T19:22:37.857Z raft-obs: wait_timeouts=0 pump_hold_max=1us lock_wait_max=1us drain_max=1us tick_max=0us apply_max=0us persist_max=1us applies_in_worst=0 arc_miss=0 arc_term_miss=0 opid_replay=0 fin_q=0 fin_done=0 fin_drop=0 fin_full=0 pub_p50=0us pub_max=0us inbox_drop=0
2026-10-02T19:22:37.882Z raft-obs: wait_timeouts=0 pump_hold_max=1us lock_wait_max=0us drain_max=1us tick_max=0us apply_max=0us persist_max=1us applies_in_worst=0 arc_miss=0 arc_term_miss=0 opid_replay=0 fin_q=0 fin_done=0 fin_drop=0 fin_full=0 pub_p50=0us pub_max=0us inbox_drop=0
2026-10-02T19:22:37.897Z raft-obs: wait_timeouts=0 pump_hold_max=1us lock_wait_max=1us drain_max=1us tick_max=0us apply_max=0us persist_max=1us applies_in_worst=0 arc_miss=0 arc_term_miss=0 opid_replay=0 fin_q=0 fin_done=0 fin_drop=0 fin_full=0 pub_p50=0us pub_max=0us inbox_drop=0
2026-10-02T19:22:37.922Z raft-obs: wait_timeouts=0 pump_hold_max=1us lock_wait_max=0us drain_max=0us tick_max=1us apply_max=0us persist_max=0us applies_in_worst=0 arc_miss=0 arc_term_miss=0 opid_replay=0 fin_q=0 fin_done=0 fin_drop=0 fin_full=0 pub_p50=0us pub_max=0us inbox_drop=0
2026-10-02T19:22:37.963Z raft-obs: wait_timeouts=0 pump_hold_max=3us lock_wait_max=0us drain_max=3us tick_max=0us apply_max=0us persist_max=1us applies_in_worst=0 arc_miss=0 arc_term_miss=0 opid_replay=0 fin_q=0 fin_done=0 fin_drop=0 fin_full=0 pub_p50=0us pub_max=0us inbox_drop=0
2026-10-02T19:22:37.973Z raft-obs: wait_timeouts=0 pump_hold_max=1us lock_wait_max=0us drain_max=1us tick_max=0us apply_max=0us persist_max=0us applies_in_worst=0 arc_miss=0 arc_term_miss=0 opid_replay=0 fin_q=0 fin_done=0 fin_drop=0 fin_full=0 pub_p50=0us pub_max=0us inbox_drop=0
2026-10-02T19:22:37.983Z raft-obs: wait_timeouts=0 pump_hold_max=1us lock_wait_max=0us drain_max=1us tick_max=0us apply_max=0us persist_max=0us applies_in_worst=0 arc_miss=0 arc_term_miss=0 opid_replay=0 fin_q=0 fin_done=0 fin_drop=0 fin_full=0 pub_p50=0us pub_max=0us inbox_drop=0
2026-10-02T19:22:37.988Z raft-obs: wait_timeouts=0 pump_hold_max=1us lock_wait_max=0us drain_max=0us tick_max=1us apply_max=0us persist_max=0us applies_in_worst=0 arc_miss=0 arc_term_miss=0 opid_replay=0 fin_q=0 fin_done=0 fin_drop=0 fin_full=0 pub_p50=0us pub_max=0us inbox_drop=0
2026-10-02T19:22:38.014Z raft-obs: wait_timeouts=0 pump_hold_max=1us lock_wait_max=0us drain_max=1us tick_max=0us apply_max=0us persist_max=1us applies_in_worst=0 arc_miss=0 arc_term_miss=0 opid_replay=0 fin_q=0 fin_done=0 fin_drop=0 fin_full=0 pub_p50=0us pub_max=0us inbox_drop=0
2026-10-02T19:22:38.019Z raft-obs: wait_timeouts=0 pump_hold_max=1us lock_wait_max=0us drain_max=1us tick_max=0us apply_max=0us persist_max=1us applies_in_worst=0 arc_miss=0 arc_term_miss=0 opid_replay=0 fin_q=0 fin_done=0 fin_drop=0 fin_full=0 pub_p50=0us pub_max=0us inbox_drop=0
2026-10-02T19:22:38.056Z raft-obs: g0 term 130->131 role FOLLOWER->CANDIDATE leader=-1 commit=4266279 applied=4266279 t=1790968958056ms
2026-10-02T19:22:38.056Z raft-obs: tx->1 enq=1 drop=0 sent=0 fail=0 hi=1 rtt_avg=0us get_avg=0us get_max=0ms
2026-10-02T19:22:38.056Z raft-obs: tx->2 enq=1 drop=0 sent=0 fail=0 hi=1 rtt_avg=0us get_avg=0us get_max=0ms
2026-10-02T19:22:38.056Z raft-obs: wait_timeouts=0 pump_hold_max=6704us lock_wait_max=0us drain_max=0us tick_max=6704us apply_max=0us persist_max=1us applies_in_worst=0 arc_miss=0 arc_term_miss=0 opid_replay=0 fin_q=0 fin_done=0 fin_drop=0 fin_full=0 pub_p50=0us pub_max=0us inbox_drop=0
2026-10-02T19:22:38.875Z raft-obs: g0 term 131->132 role CANDIDATE->CANDIDATE leader=-1 commit=4266279 applied=4266279 t=1790968958875ms
2026-10-02T19:22:39.598Z raft-obs: g0 term 132->133 role CANDIDATE->CANDIDATE leader=-1 commit=4266279 applied=4266279 t=1790968959598ms
2026-10-02T19:22:40.256Z raft-obs: g0 term 133->134 role CANDIDATE->CANDIDATE leader=-1 commit=4266279 applied=4266279 t=1790968960256ms
2026-10-02T19:22:41.166Z raft-obs: g0 term 134->135 role CANDIDATE->CANDIDATE leader=-1 commit=4266279 applied=4266279 t=1790968961166ms
2026-10-02T19:22:41.793Z raft-obs: g0 term 135->136 role CANDIDATE->CANDIDATE leader=-1 commit=4266279 applied=4266279 t=1790968961793ms
2026-10-02T19:22:42.405Z raft-obs: g0 term 136->137 role CANDIDATE->CANDIDATE leader=-1 commit=4266279 applied=4266279 t=1790968962405ms
2026-10-02T19:22:42.911Z raft-obs: g0 term 137->138 role CANDIDATE->CANDIDATE leader=-1 commit=4266279 applied=4266279 t=1790968962911ms
2026-10-02T19:22:43.058Z raft-obs: tx->1 enq=8 drop=0 sent=0 fail=0 hi=7 rtt_avg=0us get_avg=0us get_max=0ms
2026-10-02T19:22:43.058Z raft-obs: tx->2 enq=8 drop=0 sent=0 fail=0 hi=7 rtt_avg=0us get_avg=0us get_max=0ms
2026-10-02T19:22:43.058Z raft-obs: wait_timeouts=0 pump_hold_max=322us lock_wait_max=1us drain_max=1us tick_max=322us apply_max=0us persist_max=1us applies_in_worst=0 arc_miss=0 arc_term_miss=0 opid_replay=0 fin_q=0 fin_done=0 fin_drop=0 fin_full=0 pub_p50=0us pub_max=0us inbox_drop=0
2026-10-02T19:22:43.639Z raft-obs: g0 term 138->139 role CANDIDATE->CANDIDATE leader=-1 commit=4266279 applied=4266279 t=1790968963639ms
2026-10-02T19:22:44.636Z raft-obs: g0 term 139->140 role CANDIDATE->CANDIDATE leader=-1 commit=4266279 applied=4266279 t=1790968964636ms
2026-10-02T19:22:45.141Z raft-obs: g0 term 140->141 role CANDIDATE->CANDIDATE leader=-1 commit=4266279 applied=4266279 t=1790968965141ms
2026-10-02T19:22:45.673Z raft-obs: g0 term 141->142 role CANDIDATE->CANDIDATE leader=-1 commit=4266279 applied=4266279 t=1790968965673ms
2026-10-02T19:22:46.224Z raft-obs: g0 term 142->143 role CANDIDATE->CANDIDATE leader=-1 commit=4266279 applied=4266279 t=1790968966224ms
2026-10-02T19:22:46.876Z raft-obs: g0 term 143->144 role CANDIDATE->CANDIDATE leader=-1 commit=4266279 applied=4266279 t=1790968966876ms
2026-10-02T19:22:46.990Z efs: RDMA transport up on mlx5_2 port 1 (lid 2159, 36 x 84 KiB bufs/conn)
2026-10-02T19:22:47.014Z raft-obs: g0 term 144->144 role CANDIDATE->LEADER leader=0 commit=4266279 applied=4266279 t=1790968967014ms
2026-10-02T19:22:47.620Z raft-host: gc-pass ms=69 reap=0 frag=0 spread=0 recover=69 fscans=1 fsegs=2 fkeys=2172 femit=0 ftomb=2172 scans=194 segs=354 keys=9961 emit=0 tomb=9961
2026-10-02T19:22:48.061Z raft-obs: tx->1 enq=36 drop=0 sent=36 fail=0 hi=15 rtt_avg=31us get_avg=251364us get_max=9049ms
2026-10-02T19:22:48.061Z raft-obs: tx->2 enq=36 drop=0 sent=36 fail=0 hi=13 rtt_avg=29us get_avg=248176us get_max=8934ms
2026-10-02T19:22:48.061Z raft-obs: wait_timeouts=0 pump_hold_max=286us lock_wait_max=1us drain_max=286us tick_max=265us apply_max=0us persist_max=261us applies_in_worst=0 arc_miss=0 arc_term_miss=0 opid_replay=0 fin_q=0 fin_done=0 fin_drop=0 fin_full=0 pub_p50=0us pub_max=0us inbox_drop=0
2026-10-02T19:22:48.692Z raft-host: gc-pass ms=69 reap=0 frag=0 spread=0 recover=69 fscans=1 fsegs=2 fkeys=2172 femit=0 ftomb=2172 scans=194 segs=368 keys=8986 emit=0 tomb=8986
2026-10-02T19:22:49.764Z raft-host: gc-pass ms=69 reap=0 frag=0 spread=0 recover=69 fscans=1 fsegs=2 fkeys=2172 femit=0 ftomb=2172 scans=194 segs=386 keys=10847 emit=0 tomb=10847
2026-10-02T19:22:50.837Z raft-host: gc-pass ms=69 reap=0 frag=0 spread=0 recover=69 fscans=1 fsegs=2 fkeys=2172 femit=0 ftomb=2172 scans=194 segs=386 keys=12011 emit=0 tomb=12011
2026-10-02T19:22:51.909Z raft-host: gc-pass ms=69 reap=0 frag=0 spread=0 recover=69 fscans=1 fsegs=2 fkeys=2172 femit=0 ftomb=2172 scans=194 segs=386 keys=13346 emit=0 tomb=13346
2026-10-02T19:22:52.982Z raft-host: gc-pass ms=70 reap=0 frag=0 spread=0 recover=69 fscans=1 fsegs=2 fkeys=2172 femit=0 ftomb=2172 scans=194 segs=386 keys=21703 emit=0 tomb=21703
2026-10-02T19:22:53.063Z raft-obs: tx->1 enq=135 drop=0 sent=135 fail=0 hi=15 rtt_avg=36us get_avg=67030us get_max=9049ms
2026-10-02T19:22:53.063Z raft-obs: tx->2 enq=135 drop=0 sent=135 fail=0 hi=13 rtt_avg=35us get_avg=66180us get_max=8934ms
2026-10-02T19:22:53.063Z raft-obs: wait_timeouts=0 pump_hold_max=20us lock_wait_max=1us drain_max=20us tick_max=10us apply_max=0us persist_max=1us applies_in_worst=0 arc_miss=0 arc_term_miss=0 opid_replay=0 fin_q=0 fin_done=0 fin_drop=0 fin_full=0 pub_p50=0us pub_max=0us inbox_drop=0
2026-10-02T19:22:54.053Z raft-host: gc-pass ms=68 reap=0 frag=0 spread=0 recover=68 fscans=1 fsegs=2 fkeys=2172 femit=0 ftomb=2172 scans=194 segs=386 keys=2172 emit=0 tomb=2172
2026-10-02T19:22:55.125Z raft-host: gc-pass ms=68 reap=0 frag=0 spread=0 recover=68 fscans=1 fsegs=2 fkeys=2172 femit=0 ftomb=2172 scans=194 segs=383 keys=2172 emit=0 tomb=2172
2026-10-02T19:22:56.197Z raft-host: gc-pass ms=69 reap=0 frag=0 spread=0 recover=69 fscans=1 fsegs=2 fkeys=2172 femit=0 ftomb=2172 scans=194 segs=386 keys=12835 emit=0 tomb=12835
2026-10-02T19:22:57.269Z raft-host: gc-pass ms=69 reap=0 frag=0 spread=0 recover=69 fscans=1 fsegs=2 fkeys=2172 femit=0 ftomb=2172 scans=194 segs=386 keys=7762 emit=0 tomb=7762
2026-10-02T19:22:58.064Z raft-obs: tx->1 enq=234 drop=0 sent=233 fail=0 hi=15 rtt_avg=35us get_avg=38837us get_max=9049ms
2026-10-02T19:22:58.064Z raft-obs: tx->2 enq=234 drop=0 sent=233 fail=0 hi=13 rtt_avg=34us get_avg=38345us get_max=8934ms
2026-10-02T19:22:58.064Z raft-obs: wait_timeouts=0 pump_hold_max=8us lock_wait_max=6us drain_max=1us tick_max=8us apply_max=0us persist_max=1us applies_in_worst=0 arc_miss=0 arc_term_miss=0 opid_replay=0 fin_q=0 fin_done=0 fin_drop=0 fin_full=0 pub_p50=0us pub_max=0us inbox_drop=0
2026-10-02T19:22:58.342Z raft-host: gc-pass ms=69 reap=0 frag=0 spread=0 recover=69 fscans=1 fsegs=2 fkeys=2172 femit=0 ftomb=2172 scans=194 segs=386 keys=14219 emit=0 tomb=14219
2026-10-02T19:22:59.414Z raft-host: gc-pass ms=69 reap=0 frag=0 spread=0 recover=69 fscans=1 fsegs=2 fkeys=2172 femit=0 ftomb=2172 scans=194 segs=386 keys=12756 emit=0 tomb=12756
2026-10-02T19:23:00.486Z raft-host: gc-pass ms=68 reap=0 frag=0 spread=0 recover=68 fscans=1 fsegs=2 fkeys=2172 femit=0 ftomb=2172 scans=194 segs=236 keys=2172 emit=0 tomb=2172
2026-10-02T19:23:01.557Z raft-host: gc-pass ms=68 reap=0 frag=0 spread=0 recover=68 fscans=1 fsegs=2 fkeys=2172 femit=0 ftomb=2172 scans=194 segs=380 keys=2172 emit=0 tomb=2172
2026-10-02T19:23:02.629Z raft-host: gc-pass ms=68 reap=0 frag=0 spread=0 recover=68 fscans=1 fsegs=2 fkeys=2172 femit=0 ftomb=2172 scans=194 segs=335 keys=2172 emit=0 tomb=2172
2026-10-02T19:23:03.065Z raft-obs: tx->1 enq=332 drop=0 sent=332 fail=0 hi=15 rtt_avg=35us get_avg=27256us get_max=9049ms
2026-10-02T19:23:03.065Z raft-obs: tx->2 enq=332 drop=0 sent=332 fail=0 hi=13 rtt_avg=34us get_avg=26910us get_max=8934ms
2026-10-02T19:23:03.065Z raft-obs: wait_timeouts=0 pump_hold_max=20us lock_wait_max=1us drain_max=2us tick_max=20us apply_max=0us persist_max=5us applies_in_worst=0 arc_miss=0 arc_term_miss=0 opid_replay=0 fin_q=0 fin_done=0 fin_drop=0 fin_full=0 pub_p50=0us pub_max=0us inbox_drop=0
2026-10-02T19:23:03.701Z raft-host: gc-pass ms=69 reap=0 frag=0 spread=0 recover=68 fscans=1 fsegs=2 fkeys=2172 femit=0 ftomb=2172 scans=194 segs=380 keys=2172 emit=0 tomb=2172
2026-10-02T19:23:04.773Z raft-host: gc-pass ms=69 reap=0 frag=0 spread=0 recover=68 fscans=1 fsegs=2 fkeys=2172 femit=0 ftomb=2172 scans=194 segs=386 keys=6095 emit=0 tomb=6095
2026-10-02T19:23:05.844Z raft-host: gc-pass ms=69 reap=0 frag=0 spread=0 recover=68 fscans=1 fsegs=2 fkeys=2172 femit=0 ftomb=2172 scans=194 segs=383 keys=5157 emit=0 tomb=5157
2026-10-02T19:23:06.916Z raft-host: gc-pass ms=68 reap=0 frag=0 spread=0 recover=68 fscans=1 fsegs=2 fkeys=2172 femit=0 ftomb=2172 scans=194 segs=257 keys=2172 emit=0 tomb=2172
2026-10-02T19:23:07.987Z raft-host: gc-pass ms=68 reap=0 frag=0 spread=0 recover=68 fscans=1 fsegs=2 fkeys=2172 femit=0 ftomb=2172 scans=194 segs=377 keys=2172 emit=0 tomb=2172
2026-10-02T19:23:08.066Z raft-obs: tx->1 enq=431 drop=0 sent=431 fail=0 hi=15 rtt_avg=34us get_avg=20995us get_max=9049ms
2026-10-02T19:23:08.066Z raft-obs: tx->2 enq=431 drop=0 sent=431 fail=0 hi=13 rtt_avg=33us get_avg=20729us get_max=8934ms
2026-10-02T19:23:08.066Z raft-obs: wait_timeouts=0 pump_hold_max=8us lock_wait_max=1us drain_max=8us tick_max=6us apply_max=0us persist_max=1us applies_in_worst=0 arc_miss=0 arc_term_miss=0 opid_replay=0 fin_q=0 fin_done=0 fin_drop=0 fin_full=0 pub_p50=0us pub_max=0us inbox_drop=0
2026-10-02T19:23:09.059Z raft-host: gc-pass ms=68 reap=0 frag=0 spread=0 recover=68 fscans=1 fsegs=2 fkeys=2172 femit=0 ftomb=2172 scans=194 segs=338 keys=2172 emit=0 tomb=2172
2026-10-02T19:23:10.130Z raft-host: gc-pass ms=68 reap=0 frag=0 spread=0 recover=68 fscans=1 fsegs=2 fkeys=2172 femit=0 ftomb=2172 scans=194 segs=359 keys=2172 emit=0 tomb=2172
2026-10-02T19:23:11.202Z raft-host: gc-pass ms=68 reap=0 frag=0 spread=0 recover=68 fscans=1 fsegs=2 fkeys=2172 femit=0 ftomb=2172 scans=194 segs=368 keys=2172 emit=0 tomb=2172
2026-10-02T19:23:12.273Z raft-host: gc-pass ms=68 reap=0 frag=0 spread=0 recover=68 fscans=1 fsegs=2 fkeys=2172 femit=0 ftomb=2172 scans=194 segs=314 keys=2172 emit=0 tomb=2172
2026-10-02T19:23:13.067Z raft-obs: tx->1 enq=530 drop=0 sent=530 fail=0 hi=15 rtt_avg=34us get_avg=17074us get_max=9049ms
2026-10-02T19:23:13.067Z raft-obs: tx->2 enq=530 drop=0 sent=530 fail=0 hi=13 rtt_avg=33us get_avg=16857us get_max=8934ms
2026-10-02T19:23:13.067Z raft-obs: wait_timeouts=0 pump_hold_max=13us lock_wait_max=1us drain_max=13us tick_max=4us apply_max=0us persist_max=1us applies_in_worst=0 arc_miss=0 arc_term_miss=0 opid_replay=0 fin_q=0 fin_done=0 fin_drop=0 fin_full=0 pub_p50=0us pub_max=0us inbox_drop=0
2026-10-02T19:23:13.345Z raft-host: gc-pass ms=69 reap=0 frag=0 spread=0 recover=69 fscans=1 fsegs=2 fkeys=2172 femit=0 ftomb=2172 scans=194 segs=386 keys=9038 emit=0 tomb=9038
2026-10-02T19:23:14.418Z raft-host: gc-pass ms=69 reap=0 frag=0 spread=0 recover=69 fscans=1 fsegs=2 fkeys=2172 femit=0 ftomb=2172 scans=194 segs=386 keys=9651 emit=0 tomb=9651
2026-10-02T19:23:15.489Z raft-host: gc-pass ms=68 reap=0 frag=0 spread=0 recover=68 fscans=1 fsegs=2 fkeys=2172 femit=0 ftomb=2172 scans=194 segs=341 keys=2172 emit=0 tomb=2172
2026-10-02T19:23:16.560Z raft-host: gc-pass ms=68 reap=0 frag=0 spread=0 recover=68 fscans=1 fsegs=2 fkeys=2172 femit=0 ftomb=2172 scans=194 segs=218 keys=2172 emit=0 tomb=2172
2026-10-02T19:23:17.632Z raft-host: gc-pass ms=68 reap=0 frag=0 spread=0 recover=68 fscans=1 fsegs=2 fkeys=2172 femit=0 ftomb=2172 scans=194 segs=386 keys=3792 emit=0 tomb=3792
2026-10-02T19:23:18.068Z raft-obs: tx->1 enq=629 drop=0 sent=629 fail=0 hi=15 rtt_avg=34us get_avg=14386us get_max=9049ms
2026-10-02T19:23:18.068Z raft-obs: tx->2 enq=629 drop=0 sent=629 fail=0 hi=13 rtt_avg=33us get_avg=14204us get_max=8934ms
2026-10-02T19:23:18.068Z raft-obs: wait_timeouts=0 pump_hold_max=5us lock_wait_max=1us drain_max=2us tick_max=5us apply_max=0us persist_max=1us applies_in_worst=0 arc_miss=0 arc_term_miss=0 opid_replay=0 fin_q=0 fin_done=0 fin_drop=0 fin_full=0 pub_p50=0us pub_max=0us inbox_drop=0
2026-10-02T19:23:18.704Z raft-host: gc-pass ms=68 reap=0 frag=0 spread=0 recover=68 fscans=1 fsegs=2 fkeys=2172 femit=0 ftomb=2172 scans=194 segs=386 keys=3682 emit=0 tomb=3682
2026-10-02T19:23:19.776Z raft-host: gc-pass ms=69 reap=0 frag=0 spread=0 recover=69 fscans=1 fsegs=2 fkeys=2172 femit=0 ftomb=2172 scans=194 segs=386 keys=11116 emit=0 tomb=11116
2026-10-02T19:23:20.848Z raft-host: gc-pass ms=69 reap=0 frag=0 spread=0 recover=69 fscans=1 fsegs=2 fkeys=2172 femit=0 ftomb=2172 scans=194 segs=386 keys=14810 emit=0 tomb=14810
2026-10-02T19:23:23.069Z raft-obs: tx->1 enq=728 drop=0 sent=727 fail=0 hi=15 rtt_avg=34us get_avg=12447us get_max=9049ms
2026-10-02T19:23:23.069Z raft-obs: tx->2 enq=728 drop=0 sent=727 fail=0 hi=13 rtt_avg=33us get_avg=12289us get_max=8934ms
2026-10-02T19:23:23.069Z raft-obs: wait_timeouts=0 pump_hold_max=17us lock_wait_max=1us drain_max=1us tick_max=17us apply_max=0us persist_max=1us applies_in_worst=0 arc_miss=0 arc_term_miss=0 opid_replay=0 fin_q=0 fin_done=0 fin_drop=0 fin_full=0 pub_p50=0us pub_max=0us inbox_drop=0
2026-10-02T19:23:28.070Z raft-obs: tx->1 enq=826 drop=0 sent=826 fail=0 hi=15 rtt_avg=34us get_avg=10955us get_max=9049ms
2026-10-02T19:23:28.070Z raft-obs: tx->2 enq=826 drop=0 sent=826 fail=0 hi=13 rtt_avg=33us get_avg=10816us get_max=8934ms
2026-10-02T19:23:28.070Z raft-obs: wait_timeouts=0 pump_hold_max=16us lock_wait_max=1us drain_max=2us tick_max=16us apply_max=0us persist_max=1us applies_in_worst=0 arc_miss=0 arc_term_miss=0 opid_replay=0 fin_q=0 fin_done=0 fin_drop=0 fin_full=0 pub_p50=0us pub_max=0us inbox_drop=0
2026-10-02T19:23:33.071Z raft-obs: tx->1 enq=925 drop=0 sent=925 fail=0 hi=15 rtt_avg=34us get_avg=9783us get_max=9049ms
2026-10-02T19:23:33.071Z raft-obs: tx->2 enq=925 drop=0 sent=925 fail=0 hi=13 rtt_avg=33us get_avg=9659us get_max=8934ms
2026-10-02T19:23:33.071Z raft-obs: wait_timeouts=0 pump_hold_max=12us lock_wait_max=1us drain_max=1us tick_max=12us apply_max=0us persist_max=1us applies_in_worst=0 arc_miss=0 arc_term_miss=0 opid_replay=0 fin_q=0 fin_done=0 fin_drop=0 fin_full=0 pub_p50=0us pub_max=0us inbox_drop=0
2026-10-02T19:23:38.072Z raft-obs: tx->1 enq=1024 drop=0 sent=1024 fail=0 hi=15 rtt_avg=34us get_avg=8837us get_max=9049ms
2026-10-02T19:23:38.072Z raft-obs: tx->2 enq=1024 drop=0 sent=1024 fail=0 hi=13 rtt_avg=33us get_avg=8725us get_max=8934ms
2026-10-02T19:23:38.072Z raft-obs: wait_timeouts=0 pump_hold_max=5us lock_wait_max=1us drain_max=2us tick_max=5us apply_max=0us persist_max=1us applies_in_worst=0 arc_miss=0 arc_term_miss=0 opid_replay=0 fin_q=0 fin_done=0 fin_drop=0 fin_full=0 pub_p50=0us pub_max=0us inbox_drop=0
2026-10-02T19:23:43.073Z raft-obs: tx->1 enq=1123 drop=0 sent=1123 fail=0 hi=15 rtt_avg=34us get_avg=8058us get_max=9049ms
2026-10-02T19:23:43.073Z raft-obs: tx->2 enq=1123 drop=0 sent=1123 fail=0 hi=13 rtt_avg=33us get_avg=7956us get_max=8934ms
2026-10-02T19:23:43.073Z raft-obs: wait_timeouts=0 pump_hold_max=7us lock_wait_max=1us drain_max=7us tick_max=5us apply_max=0us persist_max=1us applies_in_worst=0 arc_miss=0 arc_term_miss=0 opid_replay=0 fin_q=0 fin_done=0 fin_drop=0 fin_full=0 pub_p50=0us pub_max=0us inbox_drop=0
2026-10-02T19:23:48.074Z raft-obs: tx->1 enq=1222 drop=0 sent=1221 fail=0 hi=15 rtt_avg=34us get_avg=7411us get_max=9049ms
2026-10-02T19:23:48.074Z raft-obs: tx->2 enq=1222 drop=0 sent=1221 fail=0 hi=13 rtt_avg=33us get_avg=7317us get_max=8934ms
2026-10-02T19:23:48.074Z raft-obs: wait_timeouts=0 pump_hold_max=9us lock_wait_max=1us drain_max=1us tick_max=9us apply_max=0us persist_max=5us applies_in_worst=0 arc_miss=0 arc_term_miss=0 opid_replay=0 fin_q=0 fin_done=0 fin_drop=0 fin_full=0 pub_p50=0us pub_max=0us inbox_drop=0
2026-10-02T19:23:53.074Z raft-obs: tx->1 enq=1320 drop=0 sent=1320 fail=0 hi=15 rtt_avg=34us get_avg=6855us get_max=9049ms
2026-10-02T19:23:53.074Z raft-obs: tx->2 enq=1320 drop=0 sent=1320 fail=0 hi=13 rtt_avg=33us get_avg=6768us get_max=8934ms
2026-10-02T19:23:53.074Z raft-obs: wait_timeouts=0 pump_hold_max=5us lock_wait_max=1us drain_max=3us tick_max=5us apply_max=0us persist_max=3us applies_in_worst=0 arc_miss=0 arc_term_miss=0 opid_replay=0 fin_q=0 fin_done=0 fin_drop=0 fin_full=0 pub_p50=0us pub_max=0us inbox_drop=0
2026-10-02T19:23:58.075Z raft-obs: tx->1 enq=1419 drop=0 sent=1419 fail=0 hi=15 rtt_avg=34us get_avg=6377us get_max=9049ms
2026-10-02T19:23:58.075Z raft-obs: tx->2 enq=1419 drop=0 sent=1419 fail=0 hi=13 rtt_avg=33us get_avg=6296us get_max=8934ms
2026-10-02T19:23:58.075Z raft-obs: wait_timeouts=0 pump_hold_max=7us lock_wait_max=1us drain_max=3us tick_max=7us apply_max=0us persist_max=3us applies_in_worst=0 arc_miss=0 arc_term_miss=0 opid_replay=0 fin_q=0 fin_done=0 fin_drop=0 fin_full=0 pub_p50=0us pub_max=0us inbox_drop=0
2026-10-02T19:24:03.076Z raft-obs: tx->1 enq=1518 drop=0 sent=1518 fail=0 hi=15 rtt_avg=33us get_avg=5961us get_max=9049ms
2026-10-02T19:24:03.076Z raft-obs: tx->2 enq=1518 drop=0 sent=1518 fail=0 hi=13 rtt_avg=32us get_avg=5885us get_max=8934ms
2026-10-02T19:24:03.076Z raft-obs: wait_timeouts=0 pump_hold_max=7us lock_wait_max=1us drain_max=2us tick_max=7us apply_max=0us persist_max=1us applies_in_worst=0 arc_miss=0 arc_term_miss=0 opid_replay=0 fin_q=0 fin_done=0 fin_drop=0 fin_full=0 pub_p50=0us pub_max=0us inbox_drop=0
2026-10-02T19:24:08.077Z raft-obs: tx->1 enq=1617 drop=0 sent=1617 fail=0 hi=15 rtt_avg=33us get_avg=5596us get_max=9049ms
2026-10-02T19:24:08.077Z raft-obs: tx->2 enq=1617 drop=0 sent=1617 fail=0 hi=13 rtt_avg=32us get_avg=5525us get_max=8934ms
2026-10-02T19:24:08.077Z raft-obs: wait_timeouts=0 pump_hold_max=7us lock_wait_max=1us drain_max=2us tick_max=7us apply_max=0us persist_max=1us applies_in_worst=0 arc_miss=0 arc_term_miss=0 opid_replay=0 fin_q=0 fin_done=0 fin_drop=0 fin_full=0 pub_p50=0us pub_max=0us inbox_drop=0
2026-10-02T19:24:13.078Z raft-obs: tx->1 enq=1716 drop=0 sent=1715 fail=0 hi=15 rtt_avg=33us get_avg=5276us get_max=9049ms
2026-10-02T19:24:13.078Z raft-obs: tx->2 enq=1716 drop=0 sent=1715 fail=0 hi=13 rtt_avg=32us get_avg=5209us get_max=8934ms
2026-10-02T19:24:13.078Z raft-obs: wait_timeouts=0 pump_hold_max=12us lock_wait_max=1us drain_max=5us tick_max=12us apply_max=0us persist_max=1us applies_in_worst=0 arc_miss=0 arc_term_miss=0 opid_replay=0 fin_q=0 fin_done=0 fin_drop=0 fin_full=0 pub_p50=0us pub_max=0us inbox_drop=0
2026-10-02T19:24:18.079Z raft-obs: tx->1 enq=1814 drop=0 sent=1814 fail=0 hi=15 rtt_avg=34us get_avg=4988us get_max=9049ms
2026-10-02T19:24:18.079Z raft-obs: tx->2 enq=1814 drop=0 sent=1814 fail=0 hi=13 rtt_avg=32us get_avg=4925us get_max=8934ms
2026-10-02T19:24:18.079Z raft-obs: wait_timeouts=0 pump_hold_max=5us lock_wait_max=1us drain_max=4us tick_max=5us apply_max=0us persist_max=5us applies_in_worst=0 arc_miss=0 arc_term_miss=0 opid_replay=0 fin_q=0 fin_done=0 fin_drop=0 fin_full=0 pub_p50=0us pub_max=0us inbox_drop=0
2026-10-02T19:24:23.080Z raft-obs: tx->1 enq=1913 drop=0 sent=1913 fail=0 hi=15 rtt_avg=33us get_avg=4730us get_max=9049ms
2026-10-02T19:24:23.080Z raft-obs: tx->2 enq=1913 drop=0 sent=1913 fail=0 hi=13 rtt_avg=32us get_avg=4670us get_max=8934ms
2026-10-02T19:24:23.080Z raft-obs: wait_timeouts=0 pump_hold_max=7us lock_wait_max=1us drain_max=2us tick_max=7us apply_max=0us persist_max=5us applies_in_worst=0 arc_miss=0 arc_term_miss=0 opid_replay=0 fin_q=0 fin_done=0 fin_drop=0 fin_full=0 pub_p50=0us pub_max=0us inbox_drop=0
2026-10-02T19:24:28.081Z raft-obs: tx->1 enq=2012 drop=0 sent=2012 fail=0 hi=15 rtt_avg=34us get_avg=4497us get_max=9049ms
2026-10-02T19:24:28.081Z raft-obs: tx->2 enq=2012 drop=0 sent=2012 fail=0 hi=13 rtt_avg=32us get_avg=4440us get_max=8934ms
2026-10-02T19:24:28.081Z raft-obs: wait_timeouts=0 pump_hold_max=6us lock_wait_max=1us drain_max=2us tick_max=5us apply_max=0us persist_max=1us applies_in_worst=0 arc_miss=0 arc_term_miss=0 opid_replay=0 fin_q=0 fin_done=0 fin_drop=0 fin_full=0 pub_p50=0us pub_max=0us inbox_drop=0
2026-10-02T19:24:33.082Z raft-obs: tx->1 enq=2111 drop=0 sent=2111 fail=0 hi=15 rtt_avg=34us get_avg=4286us get_max=9049ms
2026-10-02T19:24:33.082Z raft-obs: tx->2 enq=2111 drop=0 sent=2111 fail=0 hi=13 rtt_avg=32us get_avg=4232us get_max=8934ms
2026-10-02T19:24:33.082Z raft-obs: wait_timeouts=0 pump_hold_max=10us lock_wait_max=1us drain_max=2us tick_max=10us apply_max=0us persist_max=1us applies_in_worst=0 arc_miss=0 arc_term_miss=0 opid_replay=0 fin_q=0 fin_done=0 fin_drop=0 fin_full=0 pub_p50=0us pub_max=0us inbox_drop=0
2026-10-02T19:24:38.083Z raft-obs: tx->1 enq=2210 drop=0 sent=2209 fail=0 hi=15 rtt_avg=34us get_avg=4096us get_max=9049ms
2026-10-02T19:24:38.083Z raft-obs: tx->2 enq=2210 drop=0 sent=2209 fail=0 hi=13 rtt_avg=33us get_avg=4044us get_max=8934ms
2026-10-02T19:24:38.083Z raft-obs: wait_timeouts=0 pump_hold_max=17us lock_wait_max=6us drain_max=4us tick_max=17us apply_max=0us persist_max=1us applies_in_worst=0 arc_miss=0 arc_term_miss=0 opid_replay=0 fin_q=0 fin_done=0 fin_drop=0 fin_full=0 pub_p50=0us pub_max=0us inbox_drop=0
2026-10-02T19:24:43.084Z raft-obs: tx->1 enq=2308 drop=0 sent=2308 fail=0 hi=15 rtt_avg=34us get_avg=3921us get_max=9049ms
2026-10-02T19:24:43.084Z raft-obs: tx->2 enq=2308 drop=0 sent=2308 fail=0 hi=13 rtt_avg=33us get_avg=3871us get_max=8934ms
2026-10-02T19:24:43.084Z raft-obs: wait_timeouts=0 pump_hold_max=9us lock_wait_max=1us drain_max=8us tick_max=9us apply_max=0us persist_max=3us applies_in_worst=0 arc_miss=0 arc_term_miss=0 opid_replay=0 fin_q=0 fin_done=0 fin_drop=0 fin_full=0 pub_p50=0us pub_max=0us inbox_drop=0
2026-10-02T19:24:48.085Z raft-obs: tx->1 enq=2407 drop=0 sent=2407 fail=0 hi=15 rtt_avg=34us get_avg=3759us get_max=9049ms
2026-10-02T19:24:48.085Z raft-obs: tx->2 enq=2407 drop=0 sent=2407 fail=0 hi=13 rtt_avg=33us get_avg=3712us get_max=8934ms
2026-10-02T19:24:48.085Z raft-obs: wait_timeouts=0 pump_hold_max=23us lock_wait_max=1us drain_max=2us tick_max=23us apply_max=0us persist_max=1us applies_in_worst=0 arc_miss=0 arc_term_miss=0 opid_replay=0 fin_q=0 fin_done=0 fin_drop=0 fin_full=0 pub_p50=0us pub_max=0us inbox_drop=0
2026-10-02T19:24:53.086Z raft-obs: tx->1 enq=2506 drop=0 sent=2506 fail=0 hi=15 rtt_avg=34us get_avg=3611us get_max=9049ms
2026-10-02T19:24:53.086Z raft-obs: tx->2 enq=2506 drop=0 sent=2506 fail=0 hi=13 rtt_avg=33us get_avg=3565us get_max=8934ms
2026-10-02T19:24:53.086Z raft-obs: wait_timeouts=0 pump_hold_max=7us lock_wait_max=1us drain_max=1us tick_max=7us apply_max=0us persist_max=8us applies_in_worst=0 arc_miss=0 arc_term_miss=0 opid_replay=0 fin_q=0 fin_done=0 fin_drop=0 fin_full=0 pub_p50=0us pub_max=0us inbox_drop=0
2026-10-02T19:24:58.087Z raft-obs: tx->1 enq=2605 drop=0 sent=2605 fail=0 hi=15 rtt_avg=34us get_avg=3474us get_max=9049ms
2026-10-02T19:24:58.087Z raft-obs: tx->2 enq=2605 drop=0 sent=2605 fail=0 hi=13 rtt_avg=33us get_avg=3429us get_max=8934ms
2026-10-02T19:24:58.087Z raft-obs: wait_timeouts=0 pump_hold_max=12us lock_wait_max=1us drain_max=2us tick_max=12us apply_max=0us persist_max=1us applies_in_worst=0 arc_miss=0 arc_term_miss=0 opid_replay=0 fin_q=0 fin_done=0 fin_drop=0 fin_full=0 pub_p50=0us pub_max=0us inbox_drop=0
2026-10-02T19:25:03.088Z raft-obs: tx->1 enq=2704 drop=0 sent=2703 fail=0 hi=15 rtt_avg=34us get_avg=3348us get_max=9049ms
2026-10-02T19:25:03.088Z raft-obs: tx->2 enq=2704 drop=0 sent=2703 fail=0 hi=13 rtt_avg=33us get_avg=3305us get_max=8934ms
2026-10-02T19:25:03.088Z raft-obs: wait_timeouts=0 pump_hold_max=4us lock_wait_max=1us drain_max=2us tick_max=4us apply_max=0us persist_max=5us applies_in_worst=0 arc_miss=0 arc_term_miss=0 opid_replay=0 fin_q=0 fin_done=0 fin_drop=0 fin_full=0 pub_p50=0us pub_max=0us inbox_drop=0
2026-10-02T19:25:08.089Z raft-obs: tx->1 enq=2802 drop=0 sent=2802 fail=0 hi=15 rtt_avg=34us get_avg=3229us get_max=9049ms
2026-10-02T19:25:08.089Z raft-obs: tx->2 enq=2802 drop=0 sent=2802 fail=0 hi=13 rtt_avg=33us get_avg=3188us get_max=8934ms
2026-10-02T19:25:08.089Z raft-obs: wait_timeouts=0 pump_hold_max=9us lock_wait_max=1us drain_max=2us tick_max=9us apply_max=0us persist_max=1us applies_in_worst=0 arc_miss=0 arc_term_miss=0 opid_replay=0 fin_q=0 fin_done=0 fin_drop=0 fin_full=0 pub_p50=0us pub_max=0us inbox_drop=0
2026-10-02T19:25:13.090Z raft-obs: tx->1 enq=2901 drop=0 sent=2901 fail=0 hi=15 rtt_avg=34us get_avg=3119us get_max=9049ms
2026-10-02T19:25:13.090Z raft-obs: tx->2 enq=2901 drop=0 sent=2901 fail=0 hi=13 rtt_avg=33us get_avg=3080us get_max=8934ms
2026-10-02T19:25:13.090Z raft-obs: wait_timeouts=0 pump_hold_max=8us lock_wait_max=1us drain_max=2us tick_max=8us apply_max=0us persist_max=1us applies_in_worst=0 arc_miss=0 arc_term_miss=0 opid_replay=0 fin_q=0 fin_done=0 fin_drop=0 fin_full=0 pub_p50=0us pub_max=0us inbox_drop=0
2026-10-02T19:25:18.091Z raft-obs: tx->1 enq=3000 drop=0 sent=3000 fail=0 hi=15 rtt_avg=34us get_avg=3016us get_max=9049ms
2026-10-02T19:25:18.092Z raft-obs: tx->2 enq=3000 drop=0 sent=3000 fail=0 hi=13 rtt_avg=33us get_avg=2978us get_max=8934ms
2026-10-02T19:25:18.092Z raft-obs: wait_timeouts=0 pump_hold_max=13us lock_wait_max=1us drain_max=13us tick_max=5us apply_max=0us persist_max=9us applies_in_worst=0 arc_miss=0 arc_term_miss=0 opid_replay=0 fin_q=0 fin_done=0 fin_drop=0 fin_full=0 pub_p50=0us pub_max=0us inbox_drop=0
2026-10-02T19:25:23.092Z raft-obs: tx->1 enq=3099 drop=0 sent=3099 fail=0 hi=15 rtt_avg=34us get_avg=2920us get_max=9049ms
2026-10-02T19:25:23.092Z raft-obs: tx->2 enq=3099 drop=0 sent=3099 fail=0 hi=13 rtt_avg=33us get_avg=2883us get_max=8934ms
2026-10-02T19:25:23.092Z raft-obs: wait_timeouts=0 pump_hold_max=7us lock_wait_max=1us drain_max=4us tick_max=7us apply_max=0us persist_max=3us applies_in_worst=0 arc_miss=0 arc_term_miss=0 opid_replay=0 fin_q=0 fin_done=0 fin_drop=0 fin_full=0 pub_p50=0us pub_max=0us inbox_drop=0
2026-10-02T19:25:28.093Z raft-obs: tx->1 enq=3198 drop=0 sent=3197 fail=0 hi=15 rtt_avg=34us get_avg=2830us get_max=9049ms
2026-10-02T19:25:28.093Z raft-obs: tx->2 enq=3198 drop=0 sent=3197 fail=0 hi=13 rtt_avg=33us get_avg=2794us get_max=8934ms
2026-10-02T19:25:28.093Z raft-obs: wait_timeouts=0 pump_hold_max=8us lock_wait_max=1us drain_max=3us tick_max=8us apply_max=0us persist_max=1us applies_in_worst=0 arc_miss=0 arc_term_miss=0 opid_replay=0 fin_q=0 fin_done=0 fin_drop=0 fin_full=0 pub_p50=0us pub_max=0us inbox_drop=0
2026-10-02T19:25:33.095Z raft-obs: tx->1 enq=3296 drop=0 sent=3296 fail=0 hi=15 rtt_avg=34us get_avg=2745us get_max=9049ms
2026-10-02T19:25:33.095Z raft-obs: tx->2 enq=3296 drop=0 sent=3296 fail=0 hi=13 rtt_avg=33us get_avg=2710us get_max=8934ms
2026-10-02T19:25:33.095Z raft-obs: wait_timeouts=0 pump_hold_max=20us lock_wait_max=1us drain_max=2us tick_max=20us apply_max=0us persist_max=1us applies_in_worst=0 arc_miss=0 arc_term_miss=0 opid_replay=0 fin_q=0 fin_done=0 fin_drop=0 fin_full=0 pub_p50=0us pub_max=0us inbox_drop=0
2026-10-02T19:25:38.096Z raft-obs: tx->1 enq=3395 drop=0 sent=3395 fail=0 hi=15 rtt_avg=34us get_avg=2665us get_max=9049ms
2026-10-02T19:25:38.096Z raft-obs: tx->2 enq=3395 drop=0 sent=3395 fail=0 hi=13 rtt_avg=33us get_avg=2631us get_max=8934ms
2026-10-02T19:25:38.096Z raft-obs: wait_timeouts=0 pump_hold_max=13us lock_wait_max=1us drain_max=1us tick_max=13us apply_max=0us persist_max=6us applies_in_worst=0 arc_miss=0 arc_term_miss=0 opid_replay=0 fin_q=0 fin_done=0 fin_drop=0 fin_full=0 pub_p50=0us pub_max=0us inbox_drop=0
2026-10-02T19:25:43.097Z raft-obs: tx->1 enq=3494 drop=0 sent=3494 fail=0 hi=15 rtt_avg=34us get_avg=2590us get_max=9049ms
2026-10-02T19:25:43.097Z raft-obs: tx->2 enq=3494 drop=0 sent=3494 fail=0 hi=13 rtt_avg=33us get_avg=2557us get_max=8934ms
2026-10-02T19:25:43.097Z raft-obs: wait_timeouts=0 pump_hold_max=6us lock_wait_max=1us drain_max=2us tick_max=6us apply_max=0us persist_max=1us applies_in_worst=0 arc_miss=0 arc_term_miss=0 opid_replay=0 fin_q=0 fin_done=0 fin_drop=0 fin_full=0 pub_p50=0us pub_max=0us inbox_drop=0
2026-10-02T19:25:48.098Z raft-obs: tx->1 enq=3593 drop=0 sent=3593 fail=0 hi=15 rtt_avg=34us get_avg=2518us get_max=9049ms
2026-10-02T19:25:48.098Z raft-obs: tx->2 enq=3593 drop=0 sent=3593 fail=0 hi=13 rtt_avg=33us get_avg=2486us get_max=8934ms
2026-10-02T19:25:48.098Z raft-obs: wait_timeouts=0 pump_hold_max=11us lock_wait_max=3us drain_max=8us tick_max=11us apply_max=0us persist_max=1us applies_in_worst=0 arc_miss=0 arc_term_miss=0 opid_replay=0 fin_q=0 fin_done=0 fin_drop=0 fin_full=0 pub_p50=0us pub_max=0us inbox_drop=0
2026-10-02T19:25:53.099Z raft-obs: tx->1 enq=3692 drop=0 sent=3691 fail=0 hi=15 rtt_avg=34us get_avg=2451us get_max=9049ms
2026-10-02T19:25:53.099Z raft-obs: tx->2 enq=3692 drop=0 sent=3691 fail=0 hi=13 rtt_avg=33us get_avg=2420us get_max=8934ms
2026-10-02T19:25:53.099Z raft-obs: wait_timeouts=0 pump_hold_max=25us lock_wait_max=1us drain_max=2us tick_max=25us apply_max=0us persist_max=1us applies_in_worst=0 arc_miss=0 arc_term_miss=0 opid_replay=0 fin_q=0 fin_done=0 fin_drop=0 fin_full=0 pub_p50=0us pub_max=0us inbox_drop=0
2026-10-02T19:25:58.100Z raft-obs: tx->1 enq=3790 drop=0 sent=3790 fail=0 hi=15 rtt_avg=34us get_avg=2387us get_max=9049ms
2026-10-02T19:25:58.100Z raft-obs: tx->2 enq=3790 drop=0 sent=3790 fail=0 hi=13 rtt_avg=33us get_avg=2357us get_max=8934ms
2026-10-02T19:25:58.100Z raft-obs: wait_timeouts=0 pump_hold_max=5us lock_wait_max=1us drain_max=2us tick_max=5us apply_max=0us persist_max=1us applies_in_worst=0 arc_miss=0 arc_term_miss=0 opid_replay=0 fin_q=0 fin_done=0 fin_drop=0 fin_full=0 pub_p50=0us pub_max=0us inbox_drop=0
2026-10-02T19:26:03.101Z raft-obs: tx->1 enq=3889 drop=0 sent=3889 fail=0 hi=15 rtt_avg=34us get_avg=2327us get_max=9049ms
2026-10-02T19:26:03.101Z raft-obs: tx->2 enq=3889 drop=0 sent=3889 fail=0 hi=13 rtt_avg=33us get_avg=2297us get_max=8934ms
2026-10-02T19:26:03.101Z raft-obs: wait_timeouts=0 pump_hold_max=5us lock_wait_max=1us drain_max=5us tick_max=5us apply_max=0us persist_max=1us applies_in_worst=0 arc_miss=0 arc_term_miss=0 opid_replay=0 fin_q=0 fin_done=0 fin_drop=0 fin_full=0 pub_p50=0us pub_max=0us inbox_drop=0
2026-10-02T19:26:08.102Z raft-obs: tx->1 enq=3988 drop=0 sent=3988 fail=0 hi=15 rtt_avg=34us get_avg=2269us get_max=9049ms
2026-10-02T19:26:08.102Z raft-obs: tx->2 enq=3988 drop=0 sent=3988 fail=0 hi=13 rtt_avg=33us get_avg=2240us get_max=8934ms
2026-10-02T19:26:08.102Z raft-obs: wait_timeouts=0 pump_hold_max=6us lock_wait_max=1us drain_max=1us tick_max=6us apply_max=0us persist_max=1us applies_in_worst=0 arc_miss=0 arc_term_miss=0 opid_replay=0 fin_q=0 fin_done=0 fin_drop=0 fin_full=0 pub_p50=0us pub_max=0us inbox_drop=0
2026-10-02T19:26:13.104Z raft-obs: tx->1 enq=4087 drop=0 sent=4087 fail=0 hi=15 rtt_avg=34us get_avg=2214us get_max=9049ms
2026-10-02T19:26:13.104Z raft-obs: tx->2 enq=4087 drop=0 sent=4087 fail=0 hi=13 rtt_avg=33us get_avg=2186us get_max=8934ms
2026-10-02T19:26:13.104Z raft-obs: wait_timeouts=0 pump_hold_max=5us lock_wait_max=1us drain_max=2us tick_max=5us apply_max=0us persist_max=1us applies_in_worst=0 arc_miss=0 arc_term_miss=0 opid_replay=0 fin_q=0 fin_done=0 fin_drop=0 fin_full=0 pub_p50=0us pub_max=0us inbox_drop=0
2026-10-02T19:26:18.105Z raft-obs: tx->1 enq=4186 drop=0 sent=4185 fail=0 hi=15 rtt_avg=34us get_avg=2162us get_max=9049ms
2026-10-02T19:26:18.105Z raft-obs: tx->2 enq=4186 drop=0 sent=4185 fail=0 hi=13 rtt_avg=33us get_avg=2135us get_max=8934ms
2026-10-02T19:26:18.105Z raft-obs: wait_timeouts=0 pump_hold_max=5us lock_wait_max=1us drain_max=1us tick_max=5us apply_max=0us persist_max=1us applies_in_worst=0 arc_miss=0 arc_term_miss=0 opid_replay=0 fin_q=0 fin_done=0 fin_drop=0 fin_full=0 pub_p50=0us pub_max=0us inbox_drop=0
2026-10-02T19:26:23.106Z raft-obs: tx->1 enq=4284 drop=0 sent=4284 fail=0 hi=15 rtt_avg=34us get_avg=2112us get_max=9049ms
2026-10-02T19:26:23.106Z raft-obs: tx->2 enq=4284 drop=0 sent=4284 fail=0 hi=13 rtt_avg=33us get_avg=2085us get_max=8934ms
2026-10-02T19:26:23.106Z raft-obs: wait_timeouts=0 pump_hold_max=8us lock_wait_max=1us drain_max=2us tick_max=8us apply_max=0us persist_max=1us applies_in_worst=0 arc_miss=0 arc_term_miss=0 opid_replay=0 fin_q=0 fin_done=0 fin_drop=0 fin_full=0 pub_p50=0us pub_max=0us inbox_drop=0
2026-10-02T19:26:28.107Z raft-obs: tx->1 enq=4383 drop=0 sent=4383 fail=0 hi=15 rtt_avg=34us get_avg=2064us get_max=9049ms
2026-10-02T19:26:28.107Z raft-obs: tx->2 enq=4383 drop=0 sent=4383 fail=0 hi=13 rtt_avg=33us get_avg=2038us get_max=8934ms
2026-10-02T19:26:28.107Z raft-obs: wait_timeouts=0 pump_hold_max=5us lock_wait_max=7us drain_max=2us tick_max=5us apply_max=0us persist_max=1us applies_in_worst=0 arc_miss=0 arc_term_miss=0 opid_replay=0 fin_q=0 fin_done=0 fin_drop=0 fin_full=0 pub_p50=0us pub_max=0us inbox_drop=0
2026-10-02T19:26:33.108Z raft-obs: tx->1 enq=4482 drop=0 sent=4482 fail=0 hi=15 rtt_avg=34us get_avg=2019us get_max=9049ms
2026-10-02T19:26:33.108Z raft-obs: tx->2 enq=4482 drop=0 sent=4482 fail=0 hi=13 rtt_avg=33us get_avg=1993us get_max=8934ms
2026-10-02T19:26:33.108Z raft-obs: wait_timeouts=0 pump_hold_max=5us lock_wait_max=1us drain_max=2us tick_max=4us apply_max=0us persist_max=1us applies_in_worst=0 arc_miss=0 arc_term_miss=0 opid_replay=0 fin_q=0 fin_done=0 fin_drop=0 fin_full=0 pub_p50=0us pub_max=0us inbox_drop=0
2026-10-02T19:26:38.109Z raft-obs: tx->1 enq=4581 drop=0 sent=4581 fail=0 hi=15 rtt_avg=34us get_avg=1975us get_max=9049ms
2026-10-02T19:26:38.109Z raft-obs: tx->2 enq=4581 drop=0 sent=4581 fail=0 hi=13 rtt_avg=33us get_avg=1950us get_max=8934ms
2026-10-02T19:26:38.109Z raft-obs: wait_timeouts=0 pump_hold_max=11us lock_wait_max=1us drain_max=2us tick_max=11us apply_max=0us persist_max=1us applies_in_worst=0 arc_miss=0 arc_term_miss=0 opid_replay=0 fin_q=0 fin_done=0 fin_drop=0 fin_full=0 pub_p50=0us pub_max=0us inbox_drop=0
2026-10-02T19:26:43.110Z raft-obs: tx->1 enq=4680 drop=0 sent=4679 fail=0 hi=15 rtt_avg=34us get_avg=1934us get_max=9049ms
2026-10-02T19:26:43.110Z raft-obs: tx->2 enq=4680 drop=0 sent=4679 fail=0 hi=13 rtt_avg=33us get_avg=1909us get_max=8934ms
2026-10-02T19:26:43.110Z raft-obs: wait_timeouts=0 pump_hold_max=15us lock_wait_max=1us drain_max=1us tick_max=15us apply_max=0us persist_max=1us applies_in_worst=0 arc_miss=0 arc_term_miss=0 opid_replay=0 fin_q=0 fin_done=0 fin_drop=0 fin_full=0 pub_p50=0us pub_max=0us inbox_drop=0
2026-10-02T19:26:48.112Z raft-obs: tx->1 enq=4778 drop=0 sent=4778 fail=0 hi=15 rtt_avg=34us get_avg=1894us get_max=9049ms
2026-10-02T19:26:48.112Z raft-obs: tx->2 enq=4778 drop=0 sent=4778 fail=0 hi=13 rtt_avg=33us get_avg=1870us get_max=8934ms
2026-10-02T19:26:48.112Z raft-obs: wait_timeouts=0 pump_hold_max=5us lock_wait_max=1us drain_max=2us tick_max=5us apply_max=0us persist_max=1us applies_in_worst=0 arc_miss=0 arc_term_miss=0 opid_replay=0 fin_q=0 fin_done=0 fin_drop=0 fin_full=0 pub_p50=0us pub_max=0us inbox_drop=0
2026-10-02T19:26:53.113Z raft-obs: tx->1 enq=4877 drop=0 sent=4877 fail=0 hi=15 rtt_avg=34us get_avg=1855us get_max=9049ms
2026-10-02T19:26:53.113Z raft-obs: tx->2 enq=4877 drop=0 sent=4877 fail=0 hi=13 rtt_avg=33us get_avg=1832us get_max=8934ms
2026-10-02T19:26:53.113Z raft-obs: wait_timeouts=0 pump_hold_max=12us lock_wait_max=1us drain_max=5us tick_max=12us apply_max=0us persist_max=1us applies_in_worst=0 arc_miss=0 arc_term_miss=0 opid_replay=0 fin_q=0 fin_done=0 fin_drop=0 fin_full=0 pub_p50=0us pub_max=0us inbox_drop=0
2026-10-02T19:26:58.114Z raft-obs: tx->1 enq=4976 drop=0 sent=4976 fail=0 hi=15 rtt_avg=34us get_avg=1818us get_max=9049ms
2026-10-02T19:26:58.114Z raft-obs: tx->2 enq=4976 drop=0 sent=4976 fail=0 hi=13 rtt_avg=33us get_avg=1795us get_max=8934ms
2026-10-02T19:26:58.114Z raft-obs: wait_timeouts=0 pump_hold_max=13us lock_wait_max=1us drain_max=2us tick_max=13us apply_max=0us persist_max=1us applies_in_worst=0 arc_miss=0 arc_term_miss=0 opid_replay=0 fin_q=0 fin_done=0 fin_drop=0 fin_full=0 pub_p50=0us pub_max=0us inbox_drop=0
2026-10-02T19:27:03.115Z raft-obs: tx->1 enq=5075 drop=0 sent=5075 fail=0 hi=15 rtt_avg=34us get_avg=1783us get_max=9049ms
2026-10-02T19:27:03.115Z raft-obs: tx->2 enq=5075 drop=0 sent=5075 fail=0 hi=13 rtt_avg=33us get_avg=1760us get_max=8934ms
2026-10-02T19:27:03.115Z raft-obs: wait_timeouts=0 pump_hold_max=5us lock_wait_max=1us drain_max=2us tick_max=5us apply_max=0us persist_max=3us applies_in_worst=0 arc_miss=0 arc_term_miss=0 opid_replay=0 fin_q=0 fin_done=0 fin_drop=0 fin_full=0 pub_p50=0us pub_max=0us inbox_drop=0
2026-10-02T19:27:08.116Z raft-obs: tx->1 enq=5174 drop=0 sent=5173 fail=0 hi=15 rtt_avg=34us get_avg=1749us get_max=9049ms
2026-10-02T19:27:08.116Z raft-obs: tx->2 enq=5174 drop=0 sent=5173 fail=0 hi=13 rtt_avg=33us get_avg=1727us get_max=8934ms
2026-10-02T19:27:08.116Z raft-obs: wait_timeouts=0 pump_hold_max=8us lock_wait_max=1us drain_max=2us tick_max=8us apply_max=0us persist_max=1us applies_in_worst=0 arc_miss=0 arc_term_miss=0 opid_replay=0 fin_q=0 fin_done=0 fin_drop=0 fin_full=0 pub_p50=0us pub_max=0us inbox_drop=0
2026-10-02T19:27:13.117Z raft-obs: tx->1 enq=5272 drop=0 sent=5272 fail=0 hi=15 rtt_avg=34us get_avg=1716us get_max=9049ms
2026-10-02T19:27:13.117Z raft-obs: tx->2 enq=5272 drop=0 sent=5272 fail=0 hi=13 rtt_avg=33us get_avg=1694us get_max=8934ms
2026-10-02T19:27:13.117Z raft-obs: wait_timeouts=0 pump_hold_max=7us lock_wait_max=1us drain_max=2us tick_max=7us apply_max=0us persist_max=1us applies_in_worst=0 arc_miss=0 arc_term_miss=0 opid_replay=0 fin_q=0 fin_done=0 fin_drop=0 fin_full=0 pub_p50=0us pub_max=0us inbox_drop=0
2026-10-02T19:27:18.118Z raft-obs: tx->1 enq=5371 drop=0 sent=5371 fail=0 hi=15 rtt_avg=34us get_avg=1685us get_max=9049ms
2026-10-02T19:27:18.118Z raft-obs: tx->2 enq=5371 drop=0 sent=5371 fail=0 hi=13 rtt_avg=33us get_avg=1663us get_max=8934ms
2026-10-02T19:27:18.118Z raft-obs: wait_timeouts=0 pump_hold_max=9us lock_wait_max=1us drain_max=1us tick_max=9us apply_max=0us persist_max=4us applies_in_worst=0 arc_miss=0 arc_term_miss=0 opid_replay=0 fin_q=0 fin_done=0 fin_drop=0 fin_full=0 pub_p50=0us pub_max=0us inbox_drop=0
2026-10-02T19:27:23.119Z raft-obs: tx->1 enq=5470 drop=0 sent=5470 fail=0 hi=15 rtt_avg=34us get_avg=1654us get_max=9049ms
2026-10-02T19:27:23.119Z raft-obs: tx->2 enq=5470 drop=0 sent=5470 fail=0 hi=13 rtt_avg=33us get_avg=1633us get_max=8934ms
2026-10-02T19:27:23.119Z raft-obs: wait_timeouts=0 pump_hold_max=19us lock_wait_max=1us drain_max=3us tick_max=19us apply_max=0us persist_max=1us applies_in_worst=0 arc_miss=0 arc_term_miss=0 opid_replay=0 fin_q=0 fin_done=0 fin_drop=0 fin_full=0 pub_p50=0us pub_max=0us inbox_drop=0
2026-10-02T19:27:28.120Z raft-obs: tx->1 enq=5569 drop=0 sent=5569 fail=0 hi=15 rtt_avg=34us get_avg=1625us get_max=9049ms
2026-10-02T19:27:28.120Z raft-obs: tx->2 enq=5569 drop=0 sent=5569 fail=0 hi=13 rtt_avg=33us get_avg=1604us get_max=8934ms
2026-10-02T19:27:28.120Z raft-obs: wait_timeouts=0 pump_hold_max=5us lock_wait_max=3us drain_max=2us tick_max=5us apply_max=0us persist_max=3us applies_in_worst=0 arc_miss=0 arc_term_miss=0 opid_replay=0 fin_q=0 fin_done=0 fin_drop=0 fin_full=0 pub_p50=0us pub_max=0us inbox_drop=0
2026-10-02T19:27:33.122Z raft-obs: tx->1 enq=5668 drop=0 sent=5667 fail=0 hi=15 rtt_avg=34us get_avg=1597us get_max=9049ms
2026-10-02T19:27:33.122Z raft-obs: tx->2 enq=5668 drop=0 sent=5667 fail=0 hi=13 rtt_avg=33us get_avg=1576us get_max=8934ms
2026-10-02T19:27:33.122Z raft-obs: wait_timeouts=0 pump_hold_max=5us lock_wait_max=1us drain_max=2us tick_max=5us apply_max=0us persist_max=10us applies_in_worst=0 arc_miss=0 arc_term_miss=0 opid_replay=0 fin_q=0 fin_done=0 fin_drop=0 fin_full=0 pub_p50=0us pub_max=0us inbox_drop=0
2026-10-02T19:27:38.123Z raft-obs: tx->1 enq=5766 drop=0 sent=5766 fail=0 hi=15 rtt_avg=34us get_avg=1569us get_max=9049ms
2026-10-02T19:27:38.123Z raft-obs: tx->2 enq=5766 drop=0 sent=5766 fail=0 hi=13 rtt_avg=33us get_avg=1549us get_max=8934ms
2026-10-02T19:27:38.123Z raft-obs: wait_timeouts=0 pump_hold_max=10us lock_wait_max=1us drain_max=2us tick_max=10us apply_max=0us persist_max=5us applies_in_worst=0 arc_miss=0 arc_term_miss=0 opid_replay=0 fin_q=0 fin_done=0 fin_drop=0 fin_full=0 pub_p50=0us pub_max=0us inbox_drop=0
2026-10-02T19:27:43.124Z raft-obs: tx->1 enq=5865 drop=0 sent=5865 fail=0 hi=15 rtt_avg=34us get_avg=1543us get_max=9049ms
2026-10-02T19:27:43.124Z raft-obs: tx->2 enq=5865 drop=0 sent=5865 fail=0 hi=13 rtt_avg=33us get_avg=1523us get_max=8934ms
2026-10-02T19:27:43.124Z raft-obs: wait_timeouts=0 pump_hold_max=8us lock_wait_max=1us drain_max=2us tick_max=8us apply_max=0us persist_max=3us applies_in_worst=0 arc_miss=0 arc_term_miss=0 opid_replay=0 fin_q=0 fin_done=0 fin_drop=0 fin_full=0 pub_p50=0us pub_max=0us inbox_drop=0
2026-10-02T19:27:48.125Z raft-obs: tx->1 enq=5964 drop=0 sent=5964 fail=0 hi=15 rtt_avg=34us get_avg=1517us get_max=9049ms
2026-10-02T19:27:48.125Z raft-obs: tx->2 enq=5964 drop=0 sent=5964 fail=0 hi=13 rtt_avg=33us get_avg=1498us get_max=8934ms
2026-10-02T19:27:48.125Z raft-obs: wait_timeouts=0 pump_hold_max=7us lock_wait_max=5us drain_max=1us tick_max=7us apply_max=0us persist_max=8us applies_in_worst=0 arc_miss=0 arc_term_miss=0 opid_replay=0 fin_q=0 fin_done=0 fin_drop=0 fin_full=0 pub_p50=0us pub_max=0us inbox_drop=0
2026-10-02T19:27:53.126Z raft-obs: tx->1 enq=6063 drop=0 sent=6063 fail=0 hi=15 rtt_avg=34us get_avg=1492us get_max=9049ms
2026-10-02T19:27:53.126Z raft-obs: tx->2 enq=6063 drop=0 sent=6063 fail=0 hi=13 rtt_avg=33us get_avg=1473us get_max=8934ms
2026-10-02T19:27:53.126Z raft-obs: wait_timeouts=0 pump_hold_max=5us lock_wait_max=1us drain_max=3us tick_max=5us apply_max=0us persist_max=3us applies_in_worst=0 arc_miss=0 arc_term_miss=0 opid_replay=0 fin_q=0 fin_done=0 fin_drop=0 fin_full=0 pub_p50=0us pub_max=0us inbox_drop=0
2026-10-02T19:27:58.127Z raft-obs: tx->1 enq=6162 drop=0 sent=6161 fail=0 hi=15 rtt_avg=34us get_avg=1469us get_max=9049ms
2026-10-02T19:27:58.127Z raft-obs: tx->2 enq=6162 drop=0 sent=6161 fail=0 hi=13 rtt_avg=33us get_avg=1450us get_max=8934ms
2026-10-02T19:27:58.127Z raft-obs: wait_timeouts=0 pump_hold_max=9us lock_wait_max=1us drain_max=2us tick_max=9us apply_max=0us persist_max=3us applies_in_worst=0 arc_miss=0 arc_term_miss=0 opid_replay=0 fin_q=0 fin_done=0 fin_drop=0 fin_full=0 pub_p50=0us pub_max=0us inbox_drop=0
2026-10-02T19:28:03.128Z raft-obs: tx->1 enq=6260 drop=0 sent=6260 fail=0 hi=15 rtt_avg=34us get_avg=1445us get_max=9049ms
2026-10-02T19:28:03.128Z raft-obs: tx->2 enq=6260 drop=0 sent=6260 fail=0 hi=13 rtt_avg=33us get_avg=1427us get_max=8934ms
2026-10-02T19:28:03.128Z raft-obs: wait_timeouts=0 pump_hold_max=14us lock_wait_max=1us drain_max=5us tick_max=14us apply_max=0us persist_max=1us applies_in_worst=0 arc_miss=0 arc_term_miss=0 opid_replay=0 fin_q=0 fin_done=0 fin_drop=0 fin_full=0 pub_p50=0us pub_max=0us inbox_drop=0
2026-10-02T19:28:08.130Z raft-obs: tx->1 enq=6359 drop=0 sent=6359 fail=0 hi=15 rtt_avg=34us get_avg=1423us get_max=9049ms
2026-10-02T19:28:08.130Z raft-obs: tx->2 enq=6359 drop=0 sent=6359 fail=0 hi=13 rtt_avg=33us get_avg=1405us get_max=8934ms
2026-10-02T19:28:08.130Z raft-obs: wait_timeouts=0 pump_hold_max=8us lock_wait_max=1us drain_max=7us tick_max=8us apply_max=0us persist_max=6us applies_in_worst=0 arc_miss=0 arc_term_miss=0 opid_replay=0 fin_q=0 fin_done=0 fin_drop=0 fin_full=0 pub_p50=0us pub_max=0us inbox_drop=0
2026-10-02T19:28:13.131Z raft-obs: tx->1 enq=6458 drop=0 sent=6458 fail=0 hi=15 rtt_avg=34us get_avg=1401us get_max=9049ms
2026-10-02T19:28:13.131Z raft-obs: tx->2 enq=6458 drop=0 sent=6458 fail=0 hi=13 rtt_avg=33us get_avg=1383us get_max=8934ms
2026-10-02T19:28:13.131Z raft-obs: wait_timeouts=0 pump_hold_max=7us lock_wait_max=1us drain_max=2us tick_max=7us apply_max=0us persist_max=1us applies_in_worst=0 arc_miss=0 arc_term_miss=0 opid_replay=0 fin_q=0 fin_done=0 fin_drop=0 fin_full=0 pub_p50=0us pub_max=0us inbox_drop=0
2026-10-02T19:28:18.132Z raft-obs: tx->1 enq=6557 drop=0 sent=6557 fail=0 hi=15 rtt_avg=34us get_avg=1380us get_max=9049ms
2026-10-02T19:28:18.132Z raft-obs: tx->2 enq=6557 drop=0 sent=6557 fail=0 hi=13 rtt_avg=33us get_avg=1362us get_max=8934ms
2026-10-02T19:28:18.132Z raft-obs: wait_timeouts=0 pump_hold_max=5us lock_wait_max=1us drain_max=2us tick_max=5us apply_max=0us persist_max=1us applies_in_worst=0 arc_miss=0 arc_term_miss=0 opid_replay=0 fin_q=0 fin_done=0 fin_drop=0 fin_full=0 pub_p50=0us pub_max=0us inbox_drop=0
2026-10-02T19:28:23.133Z raft-obs: tx->1 enq=6656 drop=0 sent=6655 fail=0 hi=15 rtt_avg=34us get_avg=1360us get_max=9049ms
2026-10-02T19:28:23.133Z raft-obs: tx->2 enq=6656 drop=0 sent=6655 fail=0 hi=13 rtt_avg=33us get_avg=1342us get_max=8934ms
2026-10-02T19:28:23.133Z raft-obs: wait_timeouts=0 pump_hold_max=6us lock_wait_max=1us drain_max=1us tick_max=6us apply_max=0us persist_max=1us applies_in_worst=0 arc_miss=0 arc_term_miss=0 opid_replay=0 fin_q=0 fin_done=0 fin_drop=0 fin_full=0 pub_p50=0us pub_max=0us inbox_drop=0
2026-10-02T19:28:28.134Z raft-obs: tx->1 enq=6754 drop=0 sent=6754 fail=0 hi=15 rtt_avg=34us get_avg=1340us get_max=9049ms
2026-10-02T19:28:28.134Z raft-obs: tx->2 enq=6754 drop=0 sent=6754 fail=0 hi=13 rtt_avg=33us get_avg=1323us get_max=8934ms
2026-10-02T19:28:28.134Z raft-obs: wait_timeouts=0 pump_hold_max=5us lock_wait_max=5us drain_max=2us tick_max=5us apply_max=0us persist_max=1us applies_in_worst=0 arc_miss=0 arc_term_miss=0 opid_replay=0 fin_q=0 fin_done=0 fin_drop=0 fin_full=0 pub_p50=0us pub_max=0us inbox_drop=0
2026-10-02T19:28:33.135Z raft-obs: tx->1 enq=6853 drop=0 sent=6853 fail=0 hi=15 rtt_avg=34us get_avg=1320us get_max=9049ms
2026-10-02T19:28:33.135Z raft-obs: tx->2 enq=6853 drop=0 sent=6853 fail=0 hi=13 rtt_avg=33us get_avg=1303us get_max=8934ms
2026-10-02T19:28:33.135Z raft-obs: wait_timeouts=0 pump_hold_max=7us lock_wait_max=1us drain_max=2us tick_max=7us apply_max=0us persist_max=1us applies_in_worst=0 arc_miss=0 arc_term_miss=0 opid_replay=0 fin_q=0 fin_done=0 fin_drop=0 fin_full=0 pub_p50=0us pub_max=0us inbox_drop=0
2026-10-02T19:28:38.136Z raft-obs: tx->1 enq=6952 drop=0 sent=6952 fail=0 hi=15 rtt_avg=34us get_avg=1301us get_max=9049ms
2026-10-02T19:28:38.136Z raft-obs: tx->2 enq=6952 drop=0 sent=6952 fail=0 hi=13 rtt_avg=33us get_avg=1285us get_max=8934ms
2026-10-02T19:28:38.136Z raft-obs: wait_timeouts=0 pump_hold_max=6us lock_wait_max=1us drain_max=1us tick_max=6us apply_max=0us persist_max=1us applies_in_worst=0 arc_miss=0 arc_term_miss=0 opid_replay=0 fin_q=0 fin_done=0 fin_drop=0 fin_full=0 pub_p50=0us pub_max=0us inbox_drop=0
2026-10-02T19:28:43.137Z raft-obs: tx->1 enq=7051 drop=0 sent=7051 fail=0 hi=15 rtt_avg=34us get_avg=1283us get_max=9049ms
2026-10-02T19:28:43.137Z raft-obs: tx->2 enq=7051 drop=0 sent=7051 fail=0 hi=13 rtt_avg=33us get_avg=1267us get_max=8934ms
2026-10-02T19:28:43.137Z raft-obs: wait_timeouts=0 pump_hold_max=5us lock_wait_max=1us drain_max=2us tick_max=5us apply_max=0us persist_max=1us applies_in_worst=0 arc_miss=0 arc_term_miss=0 opid_replay=0 fin_q=0 fin_done=0 fin_drop=0 fin_full=0 pub_p50=0us pub_max=0us inbox_drop=0
2026-10-02T19:28:48.138Z raft-obs: tx->1 enq=7150 drop=0 sent=7149 fail=0 hi=15 rtt_avg=34us get_avg=1266us get_max=9049ms
2026-10-02T19:28:48.138Z raft-obs: tx->2 enq=7150 drop=0 sent=7149 fail=0 hi=13 rtt_avg=33us get_avg=1250us get_max=8934ms
2026-10-02T19:28:48.139Z raft-obs: wait_timeouts=0 pump_hold_max=10us lock_wait_max=17us drain_max=1us tick_max=10us apply_max=0us persist_max=1us applies_in_worst=0 arc_miss=0 arc_term_miss=0 opid_replay=0 fin_q=0 fin_done=0 fin_drop=0 fin_full=0 pub_p50=0us pub_max=0us inbox_drop=0
2026-10-02T19:28:53.140Z raft-obs: tx->1 enq=7248 drop=0 sent=7248 fail=0 hi=15 rtt_avg=34us get_avg=1248us get_max=9049ms
2026-10-02T19:28:53.140Z raft-obs: tx->2 enq=7248 drop=0 sent=7248 fail=0 hi=13 rtt_avg=33us get_avg=1232us get_max=8934ms
2026-10-02T19:28:53.140Z raft-obs: wait_timeouts=0 pump_hold_max=5us lock_wait_max=1us drain_max=5us tick_max=5us apply_max=0us persist_max=1us applies_in_worst=0 arc_miss=0 arc_term_miss=0 opid_replay=0 fin_q=0 fin_done=0 fin_drop=0 fin_full=0 pub_p50=0us pub_max=0us inbox_drop=0
2026-10-02T19:28:58.141Z raft-obs: tx->1 enq=7347 drop=0 sent=7347 fail=0 hi=15 rtt_avg=34us get_avg=1231us get_max=9049ms
2026-10-02T19:28:58.141Z raft-obs: tx->2 enq=7347 drop=0 sent=7347 fail=0 hi=13 rtt_avg=33us get_avg=1216us get_max=8934ms
2026-10-02T19:28:58.141Z raft-obs: wait_timeouts=0 pump_hold_max=16us lock_wait_max=1us drain_max=2us tick_max=16us apply_max=0us persist_max=6us applies_in_worst=0 arc_miss=0 arc_term_miss=0 opid_replay=0 fin_q=0 fin_done=0 fin_drop=0 fin_full=0 pub_p50=0us pub_max=0us inbox_drop=0
2026-10-02T19:29:03.142Z raft-obs: tx->1 enq=7446 drop=0 sent=7446 fail=0 hi=15 rtt_avg=34us get_avg=1215us get_max=9049ms
2026-10-02T19:29:03.142Z raft-obs: tx->2 enq=7446 drop=0 sent=7446 fail=0 hi=13 rtt_avg=33us get_avg=1200us get_max=8934ms
2026-10-02T19:29:03.142Z raft-obs: wait_timeouts=0 pump_hold_max=5us lock_wait_max=1us drain_max=2us tick_max=5us apply_max=0us persist_max=1us applies_in_worst=0 arc_miss=0 arc_term_miss=0 opid_replay=0 fin_q=0 fin_done=0 fin_drop=0 fin_full=0 pub_p50=0us pub_max=0us inbox_drop=0
2026-10-02T19:29:08.143Z raft-obs: tx->1 enq=7545 drop=0 sent=7545 fail=0 hi=15 rtt_avg=34us get_avg=1199us get_max=9049ms
2026-10-02T19:29:08.143Z raft-obs: tx->2 enq=7545 drop=0 sent=7545 fail=0 hi=13 rtt_avg=33us get_avg=1184us get_max=8934ms
2026-10-02T19:29:08.143Z raft-obs: wait_timeouts=0 pump_hold_max=5us lock_wait_max=1us drain_max=2us tick_max=4us apply_max=0us persist_max=1us applies_in_worst=0 arc_miss=0 arc_term_miss=0 opid_replay=0 fin_q=0 fin_done=0 fin_drop=0 fin_full=0 pub_p50=0us pub_max=0us inbox_drop=0
2026-10-02T19:29:13.144Z raft-obs: tx->1 enq=7644 drop=0 sent=7643 fail=0 hi=15 rtt_avg=34us get_avg=1184us get_max=9049ms
2026-10-02T19:29:13.144Z raft-obs: tx->2 enq=7644 drop=0 sent=7643 fail=0 hi=13 rtt_avg=33us get_avg=1169us get_max=8934ms
2026-10-02T19:29:13.144Z raft-obs: wait_timeouts=0 pump_hold_max=9us lock_wait_max=1us drain_max=2us tick_max=9us apply_max=0us persist_max=1us applies_in_worst=0 arc_miss=0 arc_term_miss=0 opid_replay=0 fin_q=0 fin_done=0 fin_drop=0 fin_full=0 pub_p50=0us pub_max=0us inbox_drop=0
2026-10-02T19:29:18.145Z raft-obs: tx->1 enq=7742 drop=0 sent=7742 fail=0 hi=15 rtt_avg=34us get_avg=1169us get_max=9049ms
2026-10-02T19:29:18.145Z raft-obs: tx->2 enq=7742 drop=0 sent=7742 fail=0 hi=13 rtt_avg=33us get_avg=1154us get_max=8934ms
2026-10-02T19:29:18.145Z raft-obs: wait_timeouts=0 pump_hold_max=8us lock_wait_max=1us drain_max=2us tick_max=8us apply_max=0us persist_max=1us applies_in_worst=0 arc_miss=0 arc_term_miss=0 opid_replay=0 fin_q=0 fin_done=0 fin_drop=0 fin_full=0 pub_p50=0us pub_max=0us inbox_drop=0
2026-10-02T19:29:23.146Z raft-obs: tx->1 enq=7841 drop=0 sent=7841 fail=0 hi=15 rtt_avg=34us get_avg=1154us get_max=9049ms
2026-10-02T19:29:23.146Z raft-obs: tx->2 enq=7841 drop=0 sent=7841 fail=0 hi=13 rtt_avg=33us get_avg=1139us get_max=8934ms
2026-10-02T19:29:23.146Z raft-obs: wait_timeouts=0 pump_hold_max=9us lock_wait_max=1us drain_max=2us tick_max=9us apply_max=0us persist_max=1us applies_in_worst=0 arc_miss=0 arc_term_miss=0 opid_replay=0 fin_q=0 fin_done=0 fin_drop=0 fin_full=0 pub_p50=0us pub_max=0us inbox_drop=0
2026-10-02T19:29:28.147Z raft-obs: tx->1 enq=7940 drop=0 sent=7940 fail=0 hi=15 rtt_avg=34us get_avg=1139us get_max=9049ms
2026-10-02T19:29:28.147Z raft-obs: tx->2 enq=7940 drop=0 sent=7940 fail=0 hi=13 rtt_avg=33us get_avg=1125us get_max=8934ms
2026-10-02T19:29:28.148Z raft-obs: wait_timeouts=0 pump_hold_max=8us lock_wait_max=1us drain_max=4us tick_max=8us apply_max=0us persist_max=5us applies_in_worst=0 arc_miss=0 arc_term_miss=0 opid_replay=0 fin_q=0 fin_done=0 fin_drop=0 fin_full=0 pub_p50=0us pub_max=0us inbox_drop=0
2026-10-02T19:29:33.149Z raft-obs: tx->1 enq=8039 drop=0 sent=8039 fail=0 hi=15 rtt_avg=34us get_avg=1125us get_max=9049ms
2026-10-02T19:29:33.149Z raft-obs: tx->2 enq=8039 drop=0 sent=8039 fail=0 hi=13 rtt_avg=33us get_avg=1111us get_max=8934ms
2026-10-02T19:29:33.149Z raft-obs: wait_timeouts=0 pump_hold_max=7us lock_wait_max=3us drain_max=2us tick_max=7us apply_max=0us persist_max=6us applies_in_worst=0 arc_miss=0 arc_term_miss=0 opid_replay=0 fin_q=0 fin_done=0 fin_drop=0 fin_full=0 pub_p50=0us pub_max=0us inbox_drop=0
2026-10-02T19:29:38.150Z raft-obs: tx->1 enq=8138 drop=0 sent=8137 fail=0 hi=15 rtt_avg=34us get_avg=1112us get_max=9049ms
2026-10-02T19:29:38.150Z raft-obs: tx->2 enq=8138 drop=0 sent=8137 fail=0 hi=13 rtt_avg=33us get_avg=1098us get_max=8934ms
2026-10-02T19:29:38.150Z raft-obs: wait_timeouts=0 pump_hold_max=5us lock_wait_max=1us drain_max=2us tick_max=5us apply_max=0us persist_max=22us applies_in_worst=0 arc_miss=0 arc_term_miss=0 opid_replay=0 fin_q=0 fin_done=0 fin_drop=0 fin_full=0 pub_p50=0us pub_max=0us inbox_drop=0
2026-10-02T19:29:43.151Z raft-obs: tx->1 enq=8236 drop=0 sent=8236 fail=0 hi=15 rtt_avg=34us get_avg=1098us get_max=9049ms
2026-10-02T19:29:43.151Z raft-obs: tx->2 enq=8236 drop=0 sent=8236 fail=0 hi=13 rtt_avg=33us get_avg=1085us get_max=8934ms
2026-10-02T19:29:43.151Z raft-obs: wait_timeouts=0 pump_hold_max=13us lock_wait_max=1us drain_max=1us tick_max=13us apply_max=0us persist_max=4us applies_in_worst=0 arc_miss=0 arc_term_miss=0 opid_replay=0 fin_q=0 fin_done=0 fin_drop=0 fin_full=0 pub_p50=0us pub_max=0us inbox_drop=0
2026-10-02T19:29:48.152Z raft-obs: tx->1 enq=8335 drop=0 sent=8335 fail=0 hi=15 rtt_avg=34us get_avg=1085us get_max=9049ms
2026-10-02T19:29:48.152Z raft-obs: tx->2 enq=8335 drop=0 sent=8335 fail=0 hi=13 rtt_avg=33us get_avg=1072us get_max=8934ms
2026-10-02T19:29:48.152Z raft-obs: wait_timeouts=0 pump_hold_max=17us lock_wait_max=1us drain_max=2us tick_max=17us apply_max=0us persist_max=1us applies_in_worst=0 arc_miss=0 arc_term_miss=0 opid_replay=0 fin_q=0 fin_done=0 fin_drop=0 fin_full=0 pub_p50=0us pub_max=0us inbox_drop=0
2026-10-02T19:29:53.153Z raft-obs: tx->1 enq=8434 drop=0 sent=8434 fail=0 hi=15 rtt_avg=34us get_avg=1073us get_max=9049ms
2026-10-02T19:29:53.153Z raft-obs: tx->2 enq=8434 drop=0 sent=8434 fail=0 hi=13 rtt_avg=33us get_avg=1059us get_max=8934ms
2026-10-02T19:29:53.153Z raft-obs: wait_timeouts=0 pump_hold_max=5us lock_wait_max=6us drain_max=2us tick_max=5us apply_max=0us persist_max=1us applies_in_worst=0 arc_miss=0 arc_term_miss=0 opid_replay=0 fin_q=0 fin_done=0 fin_drop=0 fin_full=0 pub_p50=0us pub_max=0us inbox_drop=0
2026-10-02T19:29:58.154Z raft-obs: tx->1 enq=8533 drop=0 sent=8533 fail=0 hi=15 rtt_avg=34us get_avg=1060us get_max=9049ms
2026-10-02T19:29:58.154Z raft-obs: tx->2 enq=8533 drop=0 sent=8533 fail=0 hi=13 rtt_avg=33us get_avg=1047us get_max=8934ms
2026-10-02T19:29:58.154Z raft-obs: wait_timeouts=0 pump_hold_max=15us lock_wait_max=1us drain_max=2us tick_max=15us apply_max=0us persist_max=1us applies_in_worst=0 arc_miss=0 arc_term_miss=0 opid_replay=0 fin_q=0 fin_done=0 fin_drop=0 fin_full=0 pub_p50=0us pub_max=0us inbox_drop=0
2026-10-02T19:30:03.155Z raft-obs: tx->1 enq=8632 drop=0 sent=8631 fail=0 hi=15 rtt_avg=34us get_avg=1048us get_max=9049ms
2026-10-02T19:30:03.155Z raft-obs: tx->2 enq=8632 drop=0 sent=8631 fail=0 hi=13 rtt_avg=33us get_avg=1035us get_max=8934ms
2026-10-02T19:30:03.155Z raft-obs: wait_timeouts=0 pump_hold_max=5us lock_wait_max=1us drain_max=2us tick_max=5us apply_max=0us persist_max=1us applies_in_worst=0 arc_miss=0 arc_term_miss=0 opid_replay=0 fin_q=0 fin_done=0 fin_drop=0 fin_full=0 pub_p50=0us pub_max=0us inbox_drop=0
2026-10-02T19:30:08.156Z raft-obs: tx->1 enq=8730 drop=0 sent=8730 fail=0 hi=15 rtt_avg=34us get_avg=1036us get_max=9049ms
2026-10-02T19:30:08.156Z raft-obs: tx->2 enq=8730 drop=0 sent=8730 fail=0 hi=13 rtt_avg=33us get_avg=1023us get_max=8934ms
2026-10-02T19:30:08.156Z raft-obs: wait_timeouts=0 pump_hold_max=7us lock_wait_max=1us drain_max=2us tick_max=7us apply_max=0us persist_max=1us applies_in_worst=0 arc_miss=0 arc_term_miss=0 opid_replay=0 fin_q=0 fin_done=0 fin_drop=0 fin_full=0 pub_p50=0us pub_max=0us inbox_drop=0
2026-10-02T19:30:13.157Z raft-obs: tx->1 enq=8829 drop=0 sent=8829 fail=0 hi=15 rtt_avg=34us get_avg=1025us get_max=9049ms
2026-10-02T19:30:13.157Z raft-obs: tx->2 enq=8829 drop=0 sent=8829 fail=0 hi=13 rtt_avg=33us get_avg=1012us get_max=8934ms
2026-10-02T19:30:13.157Z raft-obs: wait_timeouts=0 pump_hold_max=11us lock_wait_max=1us drain_max=2us tick_max=10us apply_max=0us persist_max=1us applies_in_worst=0 arc_miss=0 arc_term_miss=0 opid_replay=0 fin_q=0 fin_done=0 fin_drop=0 fin_full=0 pub_p50=0us pub_max=0us inbox_drop=0
2026-10-02T19:30:18.158Z raft-obs: tx->1 enq=8928 drop=0 sent=8928 fail=0 hi=15 rtt_avg=34us get_avg=1013us get_max=9049ms
2026-10-02T19:30:18.158Z raft-obs: tx->2 enq=8928 drop=0 sent=8928 fail=0 hi=13 rtt_avg=33us get_avg=1000us get_max=8934ms
2026-10-02T19:30:18.158Z raft-obs: wait_timeouts=0 pump_hold_max=6us lock_wait_max=1us drain_max=3us tick_max=4us apply_max=0us persist_max=1us applies_in_worst=0 arc_miss=0 arc_term_miss=0 opid_replay=0 fin_q=0 fin_done=0 fin_drop=0 fin_full=0 pub_p50=0us pub_max=0us inbox_drop=0
2026-10-02T19:30:23.159Z raft-obs: tx->1 enq=9027 drop=0 sent=9027 fail=0 hi=15 rtt_avg=34us get_avg=1002us get_max=9049ms
2026-10-02T19:30:23.159Z raft-obs: tx->2 enq=9027 drop=0 sent=9027 fail=0 hi=13 rtt_avg=33us get_avg=990us get_max=8934ms
2026-10-02T19:30:23.159Z raft-obs: wait_timeouts=0 pump_hold_max=9us lock_wait_max=3us drain_max=6us tick_max=9us apply_max=0us persist_max=1us applies_in_worst=0 arc_miss=0 arc_term_miss=0 opid_replay=0 fin_q=0 fin_done=0 fin_drop=0 fin_full=0 pub_p50=0us pub_max=0us inbox_drop=0
2026-10-02T19:30:28.160Z raft-obs: tx->1 enq=9126 drop=0 sent=9125 fail=0 hi=15 rtt_avg=34us get_avg=991us get_max=9049ms
2026-10-02T19:30:28.160Z raft-obs: tx->2 enq=9126 drop=0 sent=9125 fail=0 hi=13 rtt_avg=33us get_avg=979us get_max=8934ms
2026-10-02T19:30:28.160Z raft-obs: wait_timeouts=0 pump_hold_max=5us lock_wait_max=1us drain_max=2us tick_max=4us apply_max=0us persist_max=1us applies_in_worst=0 arc_miss=0 arc_term_miss=0 opid_replay=0 fin_q=0 fin_done=0 fin_drop=0 fin_full=0 pub_p50=0us pub_max=0us inbox_drop=0
2026-10-02T19:30:33.161Z raft-obs: tx->1 enq=9224 drop=0 sent=9224 fail=0 hi=15 rtt_avg=34us get_avg=981us get_max=9049ms
2026-10-02T19:30:33.161Z raft-obs: tx->2 enq=9224 drop=0 sent=9224 fail=0 hi=13 rtt_avg=33us get_avg=968us get_max=8934ms
2026-10-02T19:30:33.161Z raft-obs: wait_timeouts=0 pump_hold_max=8us lock_wait_max=1us drain_max=7us tick_max=8us apply_max=0us persist_max=1us applies_in_worst=0 arc_miss=0 arc_term_miss=0 opid_replay=0 fin_q=0 fin_done=0 fin_drop=0 fin_full=0 pub_p50=0us pub_max=0us inbox_drop=0
2026-10-02T19:30:38.162Z raft-obs: tx->1 enq=9323 drop=0 sent=9323 fail=0 hi=15 rtt_avg=34us get_avg=970us get_max=9049ms
2026-10-02T19:30:38.162Z raft-obs: tx->2 enq=9323 drop=0 sent=9323 fail=0 hi=13 rtt_avg=33us get_avg=958us get_max=8934ms
2026-10-02T19:30:38.162Z raft-obs: wait_timeouts=0 pump_hold_max=11us lock_wait_max=1us drain_max=1us tick_max=11us apply_max=0us persist_max=1us applies_in_worst=0 arc_miss=0 arc_term_miss=0 opid_replay=0 fin_q=0 fin_done=0 fin_drop=0 fin_full=0 pub_p50=0us pub_max=0us inbox_drop=0
2026-10-02T19:30:43.163Z raft-obs: tx->1 enq=9422 drop=0 sent=9422 fail=0 hi=15 rtt_avg=34us get_avg=960us get_max=9049ms
2026-10-02T19:30:43.163Z raft-obs: tx->2 enq=9422 drop=0 sent=9422 fail=0 hi=13 rtt_avg=33us get_avg=948us get_max=8934ms
2026-10-02T19:30:43.163Z raft-obs: wait_timeouts=0 pump_hold_max=5us lock_wait_max=1us drain_max=5us tick_max=5us apply_max=0us persist_max=3us applies_in_worst=0 arc_miss=0 arc_term_miss=0 opid_replay=0 fin_q=0 fin_done=0 fin_drop=0 fin_full=0 pub_p50=0us pub_max=0us inbox_drop=0
2026-10-02T19:30:48.164Z raft-obs: tx->1 enq=9521 drop=0 sent=9521 fail=0 hi=15 rtt_avg=34us get_avg=950us get_max=9049ms
2026-10-02T19:30:48.164Z raft-obs: tx->2 enq=9521 drop=0 sent=9521 fail=0 hi=13 rtt_avg=33us get_avg=938us get_max=8934ms
2026-10-02T19:30:48.164Z raft-obs: wait_timeouts=0 pump_hold_max=5us lock_wait_max=1us drain_max=5us tick_max=4us apply_max=0us persist_max=1us applies_in_worst=0 arc_miss=0 arc_term_miss=0 opid_replay=0 fin_q=0 fin_done=0 fin_drop=0 fin_full=0 pub_p50=0us pub_max=0us inbox_drop=0
2026-10-02T19:30:53.166Z raft-obs: tx->1 enq=9620 drop=0 sent=9619 fail=0 hi=15 rtt_avg=34us get_avg=941us get_max=9049ms
2026-10-02T19:30:53.166Z raft-obs: tx->2 enq=9620 drop=0 sent=9619 fail=0 hi=13 rtt_avg=33us get_avg=929us get_max=8934ms
2026-10-02T19:30:53.166Z raft-obs: wait_timeouts=0 pump_hold_max=6us lock_wait_max=1us drain_max=2us tick_max=6us apply_max=0us persist_max=1us applies_in_worst=0 arc_miss=0 arc_term_miss=0 opid_replay=0 fin_q=0 fin_done=0 fin_drop=0 fin_full=0 pub_p50=0us pub_max=0us inbox_drop=0
2026-10-02T19:30:58.167Z raft-obs: tx->1 enq=9718 drop=0 sent=9718 fail=0 hi=15 rtt_avg=34us get_avg=931us get_max=9049ms
2026-10-02T19:30:58.167Z raft-obs: tx->2 enq=9718 drop=0 sent=9718 fail=0 hi=13 rtt_avg=33us get_avg=919us get_max=8934ms
2026-10-02T19:30:58.167Z raft-obs: wait_timeouts=0 pump_hold_max=8us lock_wait_max=1us drain_max=2us tick_max=8us apply_max=0us persist_max=1us applies_in_worst=0 arc_miss=0 arc_term_miss=0 opid_replay=0 fin_q=0 fin_done=0 fin_drop=0 fin_full=0 pub_p50=0us pub_max=0us inbox_drop=0
2026-10-02T19:31:03.168Z raft-obs: tx->1 enq=9817 drop=0 sent=9817 fail=0 hi=15 rtt_avg=34us get_avg=922us get_max=9049ms
2026-10-02T19:31:03.168Z raft-obs: tx->2 enq=9817 drop=0 sent=9817 fail=0 hi=13 rtt_avg=33us get_avg=910us get_max=8934ms
2026-10-02T19:31:03.168Z raft-obs: wait_timeouts=0 pump_hold_max=5us lock_wait_max=1us drain_max=2us tick_max=4us apply_max=0us persist_max=3us applies_in_worst=0 arc_miss=0 arc_term_miss=0 opid_replay=0 fin_q=0 fin_done=0 fin_drop=0 fin_full=0 pub_p50=0us pub_max=0us inbox_drop=0
2026-10-02T19:31:08.169Z raft-obs: tx->1 enq=9916 drop=0 sent=9916 fail=0 hi=15 rtt_avg=34us get_avg=912us get_max=9049ms
2026-10-02T19:31:08.169Z raft-obs: tx->2 enq=9916 drop=0 sent=9916 fail=0 hi=13 rtt_avg=33us get_avg=901us get_max=8934ms
2026-10-02T19:31:08.169Z raft-obs: wait_timeouts=0 pump_hold_max=9us lock_wait_max=1us drain_max=2us tick_max=9us apply_max=0us persist_max=8us applies_in_worst=0 arc_miss=0 arc_term_miss=0 opid_replay=0 fin_q=0 fin_done=0 fin_drop=0 fin_full=0 pub_p50=0us pub_max=0us inbox_drop=0
2026-10-02T19:31:13.170Z raft-obs: tx->1 enq=10015 drop=0 sent=10015 fail=0 hi=15 rtt_avg=34us get_avg=903us get_max=9049ms
2026-10-02T19:31:13.170Z raft-obs: tx->2 enq=10015 drop=0 sent=10015 fail=0 hi=13 rtt_avg=33us get_avg=892us get_max=8934ms
2026-10-02T19:31:13.170Z raft-obs: wait_timeouts=0 pump_hold_max=5us lock_wait_max=1us drain_max=1us tick_max=4us apply_max=0us persist_max=1us applies_in_worst=0 arc_miss=0 arc_term_miss=0 opid_replay=0 fin_q=0 fin_done=0 fin_drop=0 fin_full=0 pub_p50=0us pub_max=0us inbox_drop=0
2026-10-02T19:31:18.172Z raft-obs: tx->1 enq=10114 drop=0 sent=10113 fail=0 hi=15 rtt_avg=34us get_avg=895us get_max=9049ms
2026-10-02T19:31:18.172Z raft-obs: tx->2 enq=10114 drop=0 sent=10113 fail=0 hi=13 rtt_avg=33us get_avg=883us get_max=8934ms
2026-10-02T19:31:18.172Z raft-obs: wait_timeouts=0 pump_hold_max=5us lock_wait_max=5us drain_max=2us tick_max=5us apply_max=0us persist_max=1us applies_in_worst=0 arc_miss=0 arc_term_miss=0 opid_replay=0 fin_q=0 fin_done=0 fin_drop=0 fin_full=0 pub_p50=0us pub_max=0us inbox_drop=0
2026-10-02T19:31:23.173Z raft-obs: tx->1 enq=10212 drop=0 sent=10212 fail=0 hi=15 rtt_avg=34us get_avg=886us get_max=9049ms
2026-10-02T19:31:23.173Z raft-obs: tx->2 enq=10212 drop=0 sent=10212 fail=0 hi=13 rtt_avg=33us get_avg=875us get_max=8934ms
2026-10-02T19:31:23.173Z raft-obs: wait_timeouts=0 pump_hold_max=13us lock_wait_max=2us drain_max=1us tick_max=13us apply_max=0us persist_max=1us applies_in_worst=0 arc_miss=0 arc_term_miss=0 opid_replay=0 fin_q=0 fin_done=0 fin_drop=0 fin_full=0 pub_p50=0us pub_max=0us inbox_drop=0
2026-10-02T19:31:28.174Z raft-obs: tx->1 enq=10311 drop=0 sent=10311 fail=0 hi=15 rtt_avg=34us get_avg=877us get_max=9049ms
2026-10-02T19:31:28.174Z raft-obs: tx->2 enq=10311 drop=0 sent=10311 fail=0 hi=13 rtt_avg=33us get_avg=866us get_max=8934ms
2026-10-02T19:31:28.174Z raft-obs: wait_timeouts=0 pump_hold_max=5us lock_wait_max=1us drain_max=2us tick_max=5us apply_max=0us persist_max=1us applies_in_worst=0 arc_miss=0 arc_term_miss=0 opid_replay=0 fin_q=0 fin_done=0 fin_drop=0 fin_full=0 pub_p50=0us pub_max=0us inbox_drop=0
2026-10-02T19:31:33.175Z raft-obs: tx->1 enq=10410 drop=0 sent=10410 fail=0 hi=15 rtt_avg=34us get_avg=869us get_max=9049ms
2026-10-02T19:31:33.175Z raft-obs: tx->2 enq=10410 drop=0 sent=10410 fail=0 hi=13 rtt_avg=33us get_avg=858us get_max=8934ms
2026-10-02T19:31:33.175Z raft-obs: wait_timeouts=0 pump_hold_max=7us lock_wait_max=1us drain_max=2us tick_max=7us apply_max=0us persist_max=1us applies_in_worst=0 arc_miss=0 arc_term_miss=0 opid_replay=0 fin_q=0 fin_done=0 fin_drop=0 fin_full=0 pub_p50=0us pub_max=0us inbox_drop=0
2026-10-02T19:31:38.176Z raft-obs: tx->1 enq=10509 drop=0 sent=10509 fail=0 hi=15 rtt_avg=34us get_avg=861us get_max=9049ms
2026-10-02T19:31:38.176Z raft-obs: tx->2 enq=10509 drop=0 sent=10509 fail=0 hi=13 rtt_avg=33us get_avg=850us get_max=8934ms
2026-10-02T19:31:38.176Z raft-obs: wait_timeouts=0 pump_hold_max=13us lock_wait_max=1us drain_max=2us tick_max=13us apply_max=0us persist_max=4us applies_in_worst=0 arc_miss=0 arc_term_miss=0 opid_replay=0 fin_q=0 fin_done=0 fin_drop=0 fin_full=0 pub_p50=0us pub_max=0us inbox_drop=0
2026-10-02T19:31:43.177Z raft-obs: tx->1 enq=10608 drop=0 sent=10607 fail=0 hi=15 rtt_avg=34us get_avg=853us get_max=9049ms
2026-10-02T19:31:43.177Z raft-obs: tx->2 enq=10608 drop=0 sent=10607 fail=0 hi=13 rtt_avg=33us get_avg=842us get_max=8934ms
2026-10-02T19:31:43.177Z raft-obs: wait_timeouts=0 pump_hold_max=5us lock_wait_max=1us drain_max=2us tick_max=5us apply_max=0us persist_max=5us applies_in_worst=0 arc_miss=0 arc_term_miss=0 opid_replay=0 fin_q=0 fin_done=0 fin_drop=0 fin_full=0 pub_p50=0us pub_max=0us inbox_drop=0
2026-10-02T19:31:48.178Z raft-obs: tx->1 enq=10706 drop=0 sent=10706 fail=0 hi=15 rtt_avg=34us get_avg=845us get_max=9049ms
2026-10-02T19:31:48.178Z raft-obs: tx->2 enq=10706 drop=0 sent=10706 fail=0 hi=13 rtt_avg=33us get_avg=834us get_max=8934ms
2026-10-02T19:31:48.178Z raft-obs: wait_timeouts=0 pump_hold_max=8us lock_wait_max=1us drain_max=1us tick_max=8us apply_max=0us persist_max=5us applies_in_worst=0 arc_miss=0 arc_term_miss=0 opid_replay=0 fin_q=0 fin_done=0 fin_drop=0 fin_full=0 pub_p50=0us pub_max=0us inbox_drop=0
2026-10-02T19:31:53.179Z raft-obs: tx->1 enq=10805 drop=0 sent=10805 fail=0 hi=15 rtt_avg=34us get_avg=837us get_max=9049ms
2026-10-02T19:31:53.179Z raft-obs: tx->2 enq=10805 drop=0 sent=10805 fail=0 hi=13 rtt_avg=33us get_avg=827us get_max=8934ms
2026-10-02T19:31:53.179Z raft-obs: wait_timeouts=0 pump_hold_max=8us lock_wait_max=1us drain_max=3us tick_max=8us apply_max=0us persist_max=1us applies_in_worst=0 arc_miss=0 arc_term_miss=0 opid_replay=0 fin_q=0 fin_done=0 fin_drop=0 fin_full=0 pub_p50=0us pub_max=0us inbox_drop=0
2026-10-02T19:31:58.180Z raft-obs: tx->1 enq=10904 drop=0 sent=10904 fail=0 hi=15 rtt_avg=34us get_avg=830us get_max=9049ms
2026-10-02T19:31:58.181Z raft-obs: tx->2 enq=10904 drop=0 sent=10904 fail=0 hi=13 rtt_avg=33us get_avg=819us get_max=8934ms
2026-10-02T19:31:58.181Z raft-obs: wait_timeouts=0 pump_hold_max=8us lock_wait_max=1us drain_max=5us tick_max=8us apply_max=0us persist_max=1us applies_in_worst=0 arc_miss=0 arc_term_miss=0 opid_replay=0 fin_q=0 fin_done=0 fin_drop=0 fin_full=0 pub_p50=0us pub_max=0us inbox_drop=0
2026-10-02T19:32:03.182Z raft-obs: tx->1 enq=11003 drop=0 sent=11003 fail=0 hi=15 rtt_avg=34us get_avg=822us get_max=9049ms
2026-10-02T19:32:03.182Z raft-obs: tx->2 enq=11003 drop=0 sent=11003 fail=0 hi=13 rtt_avg=33us get_avg=812us get_max=8934ms
2026-10-02T19:32:03.182Z raft-obs: wait_timeouts=0 pump_hold_max=7us lock_wait_max=1us drain_max=2us tick_max=7us apply_max=0us persist_max=4us applies_in_worst=0 arc_miss=0 arc_term_miss=0 opid_replay=0 fin_q=0 fin_done=0 fin_drop=0 fin_full=0 pub_p50=0us pub_max=0us inbox_drop=0
2026-10-02T19:32:08.183Z raft-obs: tx->1 enq=11102 drop=0 sent=11101 fail=0 hi=15 rtt_avg=34us get_avg=815us get_max=9049ms
2026-10-02T19:32:08.183Z raft-obs: tx->2 enq=11102 drop=0 sent=11101 fail=0 hi=13 rtt_avg=33us get_avg=805us get_max=8934ms
2026-10-02T19:32:08.183Z raft-obs: wait_timeouts=0 pump_hold_max=6us lock_wait_max=1us drain_max=3us tick_max=5us apply_max=0us persist_max=1us applies_in_worst=0 arc_miss=0 arc_term_miss=0 opid_replay=0 fin_q=0 fin_done=0 fin_drop=0 fin_full=0 pub_p50=0us pub_max=0us inbox_drop=0
2026-10-02T19:32:13.184Z raft-obs: tx->1 enq=11200 drop=0 sent=11200 fail=0 hi=15 rtt_avg=34us get_avg=808us get_max=9049ms
2026-10-02T19:32:13.184Z raft-obs: tx->2 enq=11200 drop=0 sent=11200 fail=0 hi=13 rtt_avg=33us get_avg=797us get_max=8934ms
2026-10-02T19:32:13.184Z raft-obs: wait_timeouts=0 pump_hold_max=6us lock_wait_max=1us drain_max=6us tick_max=4us apply_max=0us persist_max=8us applies_in_worst=0 arc_miss=0 arc_term_miss=0 opid_replay=0 fin_q=0 fin_done=0 fin_drop=0 fin_full=0 pub_p50=0us pub_max=0us inbox_drop=0
2026-10-02T19:32:18.185Z raft-obs: tx->1 enq=11299 drop=0 sent=11299 fail=0 hi=15 rtt_avg=34us get_avg=801us get_max=9049ms
2026-10-02T19:32:18.185Z raft-obs: tx->2 enq=11299 drop=0 sent=11299 fail=0 hi=13 rtt_avg=33us get_avg=790us get_max=8934ms
2026-10-02T19:32:18.185Z raft-obs: wait_timeouts=0 pump_hold_max=5us lock_wait_max=1us drain_max=4us tick_max=5us apply_max=0us persist_max=6us applies_in_worst=0 arc_miss=0 arc_term_miss=0 opid_replay=0 fin_q=0 fin_done=0 fin_drop=0 fin_full=0 pub_p50=0us pub_max=0us inbox_drop=0
2026-10-02T19:32:23.186Z raft-obs: tx->1 enq=11398 drop=0 sent=11398 fail=0 hi=15 rtt_avg=34us get_avg=794us get_max=9049ms
2026-10-02T19:32:23.186Z raft-obs: tx->2 enq=11398 drop=0 sent=11398 fail=0 hi=13 rtt_avg=33us get_avg=784us get_max=8934ms
2026-10-02T19:32:23.186Z raft-obs: wait_timeouts=0 pump_hold_max=5us lock_wait_max=1us drain_max=2us tick_max=5us apply_max=0us persist_max=1us applies_in_worst=0 arc_miss=0 arc_term_miss=0 opid_replay=0 fin_q=0 fin_done=0 fin_drop=0 fin_full=0 pub_p50=0us pub_max=0us inbox_drop=0
2026-10-02T19:32:28.187Z raft-obs: tx->1 enq=11497 drop=0 sent=11497 fail=0 hi=15 rtt_avg=34us get_avg=787us get_max=9049ms
2026-10-02T19:32:28.187Z raft-obs: tx->2 enq=11497 drop=0 sent=11497 fail=0 hi=13 rtt_avg=33us get_avg=777us get_max=8934ms
2026-10-02T19:32:28.187Z raft-obs: wait_timeouts=0 pump_hold_max=12us lock_wait_max=1us drain_max=2us tick_max=12us apply_max=0us persist_max=4us applies_in_worst=0 arc_miss=0 arc_term_miss=0 opid_replay=0 fin_q=0 fin_done=0 fin_drop=0 fin_full=0 pub_p50=0us pub_max=0us inbox_drop=0
2026-10-02T19:32:33.188Z raft-obs: tx->1 enq=11596 drop=0 sent=11595 fail=0 hi=15 rtt_avg=34us get_avg=780us get_max=9049ms
2026-10-02T19:32:33.188Z raft-obs: tx->2 enq=11596 drop=0 sent=11595 fail=0 hi=13 rtt_avg=33us get_avg=770us get_max=8934ms
2026-10-02T19:32:33.188Z raft-obs: wait_timeouts=0 pump_hold_max=8us lock_wait_max=1us drain_max=1us tick_max=7us apply_max=0us persist_max=4us applies_in_worst=0 arc_miss=0 arc_term_miss=0 opid_replay=0 fin_q=0 fin_done=0 fin_drop=0 fin_full=0 pub_p50=0us pub_max=0us inbox_drop=0
2026-10-02T19:32:38.189Z raft-obs: tx->1 enq=11694 drop=0 sent=11694 fail=0 hi=15 rtt_avg=34us get_avg=774us get_max=9049ms
2026-10-02T19:32:38.189Z raft-obs: tx->2 enq=11694 drop=0 sent=11694 fail=0 hi=13 rtt_avg=33us get_avg=764us get_max=8934ms
2026-10-02T19:32:38.189Z raft-obs: wait_timeouts=0 pump_hold_max=8us lock_wait_max=1us drain_max=6us tick_max=8us apply_max=0us persist_max=4us applies_in_worst=0 arc_miss=0 arc_term_miss=0 opid_replay=0 fin_q=0 fin_done=0 fin_drop=0 fin_full=0 pub_p50=0us pub_max=0us inbox_drop=0
2026-10-02T19:32:43.190Z raft-obs: tx->1 enq=11793 drop=0 sent=11793 fail=0 hi=15 rtt_avg=34us get_avg=767us get_max=9049ms
2026-10-02T19:32:43.190Z raft-obs: tx->2 enq=11793 drop=0 sent=11793 fail=0 hi=13 rtt_avg=33us get_avg=757us get_max=8934ms
2026-10-02T19:32:43.190Z raft-obs: wait_timeouts=0 pump_hold_max=8us lock_wait_max=1us drain_max=2us tick_max=8us apply_max=0us persist_max=1us applies_in_worst=0 arc_miss=0 arc_term_miss=0 opid_replay=0 fin_q=0 fin_done=0 fin_drop=0 fin_full=0 pub_p50=0us pub_max=0us inbox_drop=0
2026-10-02T19:32:48.191Z raft-obs: tx->1 enq=11892 drop=0 sent=11892 fail=0 hi=15 rtt_avg=34us get_avg=761us get_max=9049ms
2026-10-02T19:32:48.191Z raft-obs: tx->2 enq=11892 drop=0 sent=11892 fail=0 hi=13 rtt_avg=33us get_avg=751us get_max=8934ms
2026-10-02T19:32:48.191Z raft-obs: wait_timeouts=0 pump_hold_max=13us lock_wait_max=1us drain_max=1us tick_max=12us apply_max=0us persist_max=7us applies_in_worst=0 arc_miss=0 arc_term_miss=0 opid_replay=0 fin_q=0 fin_done=0 fin_drop=0 fin_full=0 pub_p50=0us pub_max=0us inbox_drop=0
2026-10-02T19:32:53.192Z raft-obs: tx->1 enq=11991 drop=0 sent=11991 fail=0 hi=15 rtt_avg=34us get_avg=754us get_max=9049ms
2026-10-02T19:32:53.192Z raft-obs: tx->2 enq=11991 drop=0 sent=11991 fail=0 hi=13 rtt_avg=33us get_avg=745us get_max=8934ms
2026-10-02T19:32:53.192Z raft-obs: wait_timeouts=0 pump_hold_max=5us lock_wait_max=1us drain_max=3us tick_max=5us apply_max=0us persist_max=5us applies_in_worst=0 arc_miss=0 arc_term_miss=0 opid_replay=0 fin_q=0 fin_done=0 fin_drop=0 fin_full=0 pub_p50=0us pub_max=0us inbox_drop=0
2026-10-02T19:32:58.193Z raft-obs: tx->1 enq=12090 drop=0 sent=12089 fail=0 hi=15 rtt_avg=34us get_avg=748us get_max=9049ms
2026-10-02T19:32:58.193Z raft-obs: tx->2 enq=12090 drop=0 sent=12089 fail=0 hi=13 rtt_avg=33us get_avg=739us get_max=8934ms
2026-10-02T19:32:58.193Z raft-obs: wait_timeouts=0 pump_hold_max=14us lock_wait_max=1us drain_max=2us tick_max=14us apply_max=0us persist_max=1us applies_in_worst=0 arc_miss=0 arc_term_miss=0 opid_replay=0 fin_q=0 fin_done=0 fin_drop=0 fin_full=0 pub_p50=0us pub_max=0us inbox_drop=0
2026-10-02T19:33:03.194Z raft-obs: tx->1 enq=12188 drop=0 sent=12188 fail=0 hi=15 rtt_avg=34us get_avg=742us get_max=9049ms
2026-10-02T19:33:03.194Z raft-obs: tx->2 enq=12188 drop=0 sent=12188 fail=0 hi=13 rtt_avg=33us get_avg=733us get_max=8934ms
2026-10-02T19:33:03.194Z raft-obs: wait_timeouts=0 pump_hold_max=16us lock_wait_max=1us drain_max=2us tick_max=15us apply_max=0us persist_max=5us applies_in_worst=0 arc_miss=0 arc_term_miss=0 opid_replay=0 fin_q=0 fin_done=0 fin_drop=0 fin_full=0 pub_p50=0us pub_max=0us inbox_drop=0
2026-10-02T19:33:08.195Z raft-obs: tx->1 enq=12287 drop=0 sent=12287 fail=0 hi=15 rtt_avg=34us get_avg=736us get_max=9049ms
2026-10-02T19:33:08.195Z raft-obs: tx->2 enq=12287 drop=0 sent=12287 fail=0 hi=13 rtt_avg=33us get_avg=727us get_max=8934ms
2026-10-02T19:33:08.195Z raft-obs: wait_timeouts=0 pump_hold_max=8us lock_wait_max=7us drain_max=2us tick_max=8us apply_max=0us persist_max=1us applies_in_worst=0 arc_miss=0 arc_term_miss=0 opid_replay=0 fin_q=0 fin_done=0 fin_drop=0 fin_full=0 pub_p50=0us pub_max=0us inbox_drop=0
2026-10-02T19:33:13.196Z raft-obs: tx->1 enq=12386 drop=0 sent=12386 fail=0 hi=15 rtt_avg=34us get_avg=730us get_max=9049ms
2026-10-02T19:33:13.196Z raft-obs: tx->2 enq=12386 drop=0 sent=12386 fail=0 hi=13 rtt_avg=33us get_avg=721us get_max=8934ms
2026-10-02T19:33:13.196Z raft-obs: wait_timeouts=0 pump_hold_max=12us lock_wait_max=1us drain_max=1us tick_max=12us apply_max=0us persist_max=1us applies_in_worst=0 arc_miss=0 arc_term_miss=0 opid_replay=0 fin_q=0 fin_done=0 fin_drop=0 fin_full=0 pub_p50=0us pub_max=0us inbox_drop=0
2026-10-02T19:33:18.197Z raft-obs: tx->1 enq=12485 drop=0 sent=12485 fail=0 hi=15 rtt_avg=34us get_avg=725us get_max=9049ms
2026-10-02T19:33:18.197Z raft-obs: tx->2 enq=12485 drop=0 sent=12485 fail=0 hi=13 rtt_avg=33us get_avg=715us get_max=8934ms
2026-10-02T19:33:18.197Z raft-obs: wait_timeouts=0 pump_hold_max=5us lock_wait_max=1us drain_max=1us tick_max=5us apply_max=0us persist_max=1us applies_in_worst=0 arc_miss=0 arc_term_miss=0 opid_replay=0 fin_q=0 fin_done=0 fin_drop=0 fin_full=0 pub_p50=0us pub_max=0us inbox_drop=0
2026-10-02T19:33:23.198Z raft-obs: tx->1 enq=12584 drop=0 sent=12583 fail=0 hi=15 rtt_avg=34us get_avg=719us get_max=9049ms
2026-10-02T19:33:23.198Z raft-obs: tx->2 enq=12584 drop=0 sent=12583 fail=0 hi=13 rtt_avg=33us get_avg=710us get_max=8934ms
2026-10-02T19:33:23.198Z raft-obs: wait_timeouts=0 pump_hold_max=5us lock_wait_max=1us drain_max=5us tick_max=5us apply_max=0us persist_max=1us applies_in_worst=0 arc_miss=0 arc_term_miss=0 opid_replay=0 fin_q=0 fin_done=0 fin_drop=0 fin_full=0 pub_p50=0us pub_max=0us inbox_drop=0
2026-10-02T19:33:28.199Z raft-obs: tx->1 enq=12682 drop=0 sent=12682 fail=0 hi=15 rtt_avg=34us get_avg=713us get_max=9049ms
2026-10-02T19:33:28.199Z raft-obs: tx->2 enq=12682 drop=0 sent=12682 fail=0 hi=13 rtt_avg=33us get_avg=704us get_max=8934ms
2026-10-02T19:33:28.199Z raft-obs: wait_timeouts=0 pump_hold_max=7us lock_wait_max=1us drain_max=4us tick_max=7us apply_max=0us persist_max=1us applies_in_worst=0 arc_miss=0 arc_term_miss=0 opid_replay=0 fin_q=0 fin_done=0 fin_drop=0 fin_full=0 pub_p50=0us pub_max=0us inbox_drop=0
2026-10-02T19:33:33.201Z raft-obs: tx->1 enq=12781 drop=0 sent=12781 fail=0 hi=15 rtt_avg=34us get_avg=708us get_max=9049ms
2026-10-02T19:33:33.201Z raft-obs: tx->2 enq=12781 drop=0 sent=12781 fail=0 hi=13 rtt_avg=33us get_avg=699us get_max=8934ms
2026-10-02T19:33:33.201Z raft-obs: wait_timeouts=0 pump_hold_max=5us lock_wait_max=1us drain_max=2us tick_max=5us apply_max=0us persist_max=1us applies_in_worst=0 arc_miss=0 arc_term_miss=0 opid_replay=0 fin_q=0 fin_done=0 fin_drop=0 fin_full=0 pub_p50=0us pub_max=0us inbox_drop=0
2026-10-02T19:33:38.202Z raft-obs: tx->1 enq=12880 drop=0 sent=12880 fail=0 hi=15 rtt_avg=34us get_avg=702us get_max=9049ms
2026-10-02T19:33:38.202Z raft-obs: tx->2 enq=12880 drop=0 sent=12880 fail=0 hi=13 rtt_avg=33us get_avg=693us get_max=8934ms
2026-10-02T19:33:38.202Z raft-obs: wait_timeouts=0 pump_hold_max=8us lock_wait_max=1us drain_max=2us tick_max=7us apply_max=0us persist_max=1us applies_in_worst=0 arc_miss=0 arc_term_miss=0 opid_replay=0 fin_q=0 fin_done=0 fin_drop=0 fin_full=0 pub_p50=0us pub_max=0us inbox_drop=0
2026-10-02T19:33:43.203Z raft-obs: tx->1 enq=12979 drop=0 sent=12979 fail=0 hi=15 rtt_avg=34us get_avg=697us get_max=9049ms
2026-10-02T19:33:43.203Z raft-obs: tx->2 enq=12979 drop=0 sent=12979 fail=0 hi=13 rtt_avg=33us get_avg=688us get_max=8934ms
2026-10-02T19:33:43.203Z raft-obs: wait_timeouts=0 pump_hold_max=5us lock_wait_max=1us drain_max=2us tick_max=5us apply_max=0us persist_max=1us applies_in_worst=0 arc_miss=0 arc_term_miss=0 opid_replay=0 fin_q=0 fin_done=0 fin_drop=0 fin_full=0 pub_p50=0us pub_max=0us inbox_drop=0
2026-10-02T19:33:48.204Z raft-obs: tx->1 enq=13078 drop=0 sent=13077 fail=0 hi=15 rtt_avg=34us get_avg=692us get_max=9049ms
2026-10-02T19:33:48.204Z raft-obs: tx->2 enq=13078 drop=0 sent=13077 fail=0 hi=13 rtt_avg=33us get_avg=683us get_max=8934ms
2026-10-02T19:33:48.204Z raft-obs: wait_timeouts=0 pump_hold_max=11us lock_wait_max=1us drain_max=2us tick_max=11us apply_max=0us persist_max=5us applies_in_worst=0 arc_miss=0 arc_term_miss=0 opid_replay=0 fin_q=0 fin_done=0 fin_drop=0 fin_full=0 pub_p50=0us pub_max=0us inbox_drop=0
2026-10-02T19:33:53.204Z raft-obs: tx->1 enq=13176 drop=0 sent=13176 fail=0 hi=15 rtt_avg=34us get_avg=687us get_max=9049ms
2026-10-02T19:33:53.204Z raft-obs: tx->2 enq=13176 drop=0 sent=13176 fail=0 hi=13 rtt_avg=33us get_avg=678us get_max=8934ms
2026-10-02T19:33:53.205Z raft-obs: wait_timeouts=0 pump_hold_max=6us lock_wait_max=1us drain_max=1us tick_max=6us apply_max=0us persist_max=1us applies_in_worst=0 arc_miss=0 arc_term_miss=0 opid_replay=0 fin_q=0 fin_done=0 fin_drop=0 fin_full=0 pub_p50=0us pub_max=0us inbox_drop=0
2026-10-02T19:33:58.206Z raft-obs: tx->1 enq=13275 drop=0 sent=13275 fail=0 hi=15 rtt_avg=34us get_avg=681us get_max=9049ms
2026-10-02T19:33:58.206Z raft-obs: tx->2 enq=13275 drop=0 sent=13275 fail=0 hi=13 rtt_avg=33us get_avg=673us get_max=8934ms
2026-10-02T19:33:58.206Z raft-obs: wait_timeouts=0 pump_hold_max=8us lock_wait_max=1us drain_max=8us tick_max=8us apply_max=0us persist_max=1us applies_in_worst=0 arc_miss=0 arc_term_miss=0 opid_replay=0 fin_q=0 fin_done=0 fin_drop=0 fin_full=0 pub_p50=0us pub_max=0us inbox_drop=0
2026-10-02T19:34:03.206Z raft-obs: tx->1 enq=13374 drop=0 sent=13374 fail=0 hi=15 rtt_avg=34us get_avg=676us get_max=9049ms
2026-10-02T19:34:03.206Z raft-obs: tx->2 enq=13374 drop=0 sent=13374 fail=0 hi=13 rtt_avg=33us get_avg=668us get_max=8934ms
2026-10-02T19:34:03.206Z raft-obs: wait_timeouts=0 pump_hold_max=5us lock_wait_max=1us drain_max=1us tick_max=4us apply_max=0us persist_max=6us applies_in_worst=0 arc_miss=0 arc_term_miss=0 opid_replay=0 fin_q=0 fin_done=0 fin_drop=0 fin_full=0 pub_p50=0us pub_max=0us inbox_drop=0
2026-10-02T19:34:08.207Z raft-obs: tx->1 enq=13473 drop=0 sent=13473 fail=0 hi=15 rtt_avg=34us get_avg=671us get_max=9049ms
2026-10-02T19:34:08.207Z raft-obs: tx->2 enq=13473 drop=0 sent=13473 fail=0 hi=13 rtt_avg=33us get_avg=663us get_max=8934ms
2026-10-02T19:34:08.207Z raft-obs: wait_timeouts=0 pump_hold_max=6us lock_wait_max=1us drain_max=2us tick_max=6us apply_max=0us persist_max=5us applies_in_worst=0 arc_miss=0 arc_term_miss=0 opid_replay=0 fin_q=0 fin_done=0 fin_drop=0 fin_full=0 pub_p50=0us pub_max=0us inbox_drop=0
2026-10-02T19:34:13.208Z raft-obs: tx->1 enq=13572 drop=0 sent=13571 fail=0 hi=15 rtt_avg=34us get_avg=667us get_max=9049ms
2026-10-02T19:34:13.208Z raft-obs: tx->2 enq=13572 drop=0 sent=13571 fail=0 hi=13 rtt_avg=33us get_avg=658us get_max=8934ms
2026-10-02T19:34:13.208Z raft-obs: wait_timeouts=0 pump_hold_max=5us lock_wait_max=1us drain_max=1us tick_max=5us apply_max=0us persist_max=8us applies_in_worst=0 arc_miss=0 arc_term_miss=0 opid_replay=0 fin_q=0 fin_done=0 fin_drop=0 fin_full=0 pub_p50=0us pub_max=0us inbox_drop=0
2026-10-02T19:34:18.209Z raft-obs: tx->1 enq=13670 drop=0 sent=13670 fail=0 hi=15 rtt_avg=34us get_avg=662us get_max=9049ms
2026-10-02T19:34:18.209Z raft-obs: tx->2 enq=13670 drop=0 sent=13670 fail=0 hi=13 rtt_avg=33us get_avg=653us get_max=8934ms
2026-10-02T19:34:18.209Z raft-obs: wait_timeouts=0 pump_hold_max=8us lock_wait_max=1us drain_max=4us tick_max=8us apply_max=0us persist_max=1us applies_in_worst=0 arc_miss=0 arc_term_miss=0 opid_replay=0 fin_q=0 fin_done=0 fin_drop=0 fin_full=0 pub_p50=0us pub_max=0us inbox_drop=0
2026-10-02T19:34:23.210Z raft-obs: tx->1 enq=13769 drop=0 sent=13769 fail=0 hi=15 rtt_avg=34us get_avg=657us get_max=9049ms
2026-10-02T19:34:23.210Z raft-obs: tx->2 enq=13769 drop=0 sent=13769 fail=0 hi=13 rtt_avg=33us get_avg=649us get_max=8934ms
2026-10-02T19:34:23.210Z raft-obs: wait_timeouts=0 pump_hold_max=4us lock_wait_max=1us drain_max=2us tick_max=4us apply_max=0us persist_max=1us applies_in_worst=0 arc_miss=0 arc_term_miss=0 opid_replay=0 fin_q=0 fin_done=0 fin_drop=0 fin_full=0 pub_p50=0us pub_max=0us inbox_drop=0
2026-10-02T19:34:28.211Z raft-obs: tx->1 enq=13868 drop=0 sent=13868 fail=0 hi=15 rtt_avg=34us get_avg=652us get_max=9049ms
2026-10-02T19:34:28.211Z raft-obs: tx->2 enq=13868 drop=0 sent=13868 fail=0 hi=13 rtt_avg=33us get_avg=644us get_max=8934ms
2026-10-02T19:34:28.211Z raft-obs: wait_timeouts=0 pump_hold_max=5us lock_wait_max=1us drain_max=2us tick_max=5us apply_max=0us persist_max=4us applies_in_worst=0 arc_miss=0 arc_term_miss=0 opid_replay=0 fin_q=0 fin_done=0 fin_drop=0 fin_full=0 pub_p50=0us pub_max=0us inbox_drop=0
2026-10-02T19:34:33.212Z raft-obs: tx->1 enq=13967 drop=0 sent=13967 fail=0 hi=15 rtt_avg=34us get_avg=648us get_max=9049ms
2026-10-02T19:34:33.212Z raft-obs: tx->2 enq=13967 drop=0 sent=13967 fail=0 hi=13 rtt_avg=33us get_avg=639us get_max=8934ms
2026-10-02T19:34:33.212Z raft-obs: wait_timeouts=0 pump_hold_max=12us lock_wait_max=1us drain_max=2us tick_max=12us apply_max=0us persist_max=1us applies_in_worst=0 arc_miss=0 arc_term_miss=0 opid_replay=0 fin_q=0 fin_done=0 fin_drop=0 fin_full=0 pub_p50=0us pub_max=0us inbox_drop=0
2026-10-02T19:34:38.213Z raft-obs: tx->1 enq=14066 drop=0 sent=14065 fail=0 hi=15 rtt_avg=34us get_avg=643us get_max=9049ms
2026-10-02T19:34:38.213Z raft-obs: tx->2 enq=14066 drop=0 sent=14065 fail=0 hi=13 rtt_avg=33us get_avg=635us get_max=8934ms
2026-10-02T19:34:38.213Z raft-obs: wait_timeouts=0 pump_hold_max=7us lock_wait_max=1us drain_max=2us tick_max=7us apply_max=0us persist_max=1us applies_in_worst=0 arc_miss=0 arc_term_miss=0 opid_replay=0 fin_q=0 fin_done=0 fin_drop=0 fin_full=0 pub_p50=0us pub_max=0us inbox_drop=0
2026-10-02T19:34:43.214Z raft-obs: tx->1 enq=14164 drop=0 sent=14164 fail=0 hi=15 rtt_avg=34us get_avg=639us get_max=9049ms
2026-10-02T19:34:43.214Z raft-obs: tx->2 enq=14164 drop=0 sent=14164 fail=0 hi=13 rtt_avg=33us get_avg=631us get_max=8934ms
2026-10-02T19:34:43.214Z raft-obs: wait_timeouts=0 pump_hold_max=5us lock_wait_max=1us drain_max=2us tick_max=5us apply_max=0us persist_max=1us applies_in_worst=0 arc_miss=0 arc_term_miss=0 opid_replay=0 fin_q=0 fin_done=0 fin_drop=0 fin_full=0 pub_p50=0us pub_max=0us inbox_drop=0
2026-10-02T19:34:48.215Z raft-obs: tx->1 enq=14263 drop=0 sent=14263 fail=0 hi=15 rtt_avg=34us get_avg=634us get_max=9049ms
2026-10-02T19:34:48.215Z raft-obs: tx->2 enq=14263 drop=0 sent=14263 fail=0 hi=13 rtt_avg=33us get_avg=626us get_max=8934ms
2026-10-02T19:34:48.215Z raft-obs: wait_timeouts=0 pump_hold_max=9us lock_wait_max=1us drain_max=1us tick_max=9us apply_max=0us persist_max=1us applies_in_worst=0 arc_miss=0 arc_term_miss=0 opid_replay=0 fin_q=0 fin_done=0 fin_drop=0 fin_full=0 pub_p50=0us pub_max=0us inbox_drop=0
2026-10-02T19:34:53.216Z raft-obs: tx->1 enq=14362 drop=0 sent=14362 fail=0 hi=15 rtt_avg=34us get_avg=630us get_max=9049ms
2026-10-02T19:34:53.216Z raft-obs: tx->2 enq=14362 drop=0 sent=14362 fail=0 hi=13 rtt_avg=33us get_avg=622us get_max=8934ms
2026-10-02T19:34:53.216Z raft-obs: wait_timeouts=0 pump_hold_max=7us lock_wait_max=1us drain_max=6us tick_max=6us apply_max=0us persist_max=1us applies_in_worst=0 arc_miss=0 arc_term_miss=0 opid_replay=0 fin_q=0 fin_done=0 fin_drop=0 fin_full=0 pub_p50=0us pub_max=0us inbox_drop=0
2026-10-02T19:34:58.217Z raft-obs: tx->1 enq=14461 drop=0 sent=14461 fail=0 hi=15 rtt_avg=34us get_avg=626us get_max=9049ms
2026-10-02T19:34:58.217Z raft-obs: tx->2 enq=14461 drop=0 sent=14461 fail=0 hi=13 rtt_avg=33us get_avg=618us get_max=8934ms
2026-10-02T19:34:58.217Z raft-obs: wait_timeouts=0 pump_hold_max=8us lock_wait_max=1us drain_max=2us tick_max=8us apply_max=0us persist_max=1us applies_in_worst=0 arc_miss=0 arc_term_miss=0 opid_replay=0 fin_q=0 fin_done=0 fin_drop=0 fin_full=0 pub_p50=0us pub_max=0us inbox_drop=0
2026-10-02T19:35:03.218Z raft-obs: tx->1 enq=14560 drop=0 sent=14559 fail=0 hi=15 rtt_avg=34us get_avg=621us get_max=9049ms
2026-10-02T19:35:03.218Z raft-obs: tx->2 enq=14560 drop=0 sent=14559 fail=0 hi=13 rtt_avg=33us get_avg=613us get_max=8934ms
2026-10-02T19:35:03.218Z raft-obs: wait_timeouts=0 pump_hold_max=8us lock_wait_max=1us drain_max=2us tick_max=7us apply_max=0us persist_max=1us applies_in_worst=0 arc_miss=0 arc_term_miss=0 opid_replay=0 fin_q=0 fin_done=0 fin_drop=0 fin_full=0 pub_p50=0us pub_max=0us inbox_drop=0
2026-10-02T19:35:08.218Z raft-obs: tx->1 enq=14658 drop=0 sent=14658 fail=0 hi=15 rtt_avg=34us get_avg=617us get_max=9049ms
2026-10-02T19:35:08.218Z raft-obs: tx->2 enq=14658 drop=0 sent=14658 fail=0 hi=13 rtt_avg=33us get_avg=609us get_max=8934ms
2026-10-02T19:35:08.218Z raft-obs: wait_timeouts=0 pump_hold_max=5us lock_wait_max=1us drain_max=3us tick_max=4us apply_max=0us persist_max=1us applies_in_worst=0 arc_miss=0 arc_term_miss=0 opid_replay=0 fin_q=0 fin_done=0 fin_drop=0 fin_full=0 pub_p50=0us pub_max=0us inbox_drop=0
2026-10-02T19:35:13.219Z raft-obs: tx->1 enq=14757 drop=0 sent=14757 fail=0 hi=15 rtt_avg=34us get_avg=613us get_max=9049ms
2026-10-02T19:35:13.219Z raft-obs: tx->2 enq=14757 drop=0 sent=14757 fail=0 hi=13 rtt_avg=33us get_avg=605us get_max=8934ms
2026-10-02T19:35:13.219Z raft-obs: wait_timeouts=0 pump_hold_max=8us lock_wait_max=1us drain_max=2us tick_max=8us apply_max=0us persist_max=4us applies_in_worst=0 arc_miss=0 arc_term_miss=0 opid_replay=0 fin_q=0 fin_done=0 fin_drop=0 fin_full=0 pub_p50=0us pub_max=0us inbox_drop=0
2026-10-02T19:35:18.220Z raft-obs: tx->1 enq=14856 drop=0 sent=14856 fail=0 hi=15 rtt_avg=34us get_avg=609us get_max=9049ms
2026-10-02T19:35:18.220Z raft-obs: tx->2 enq=14856 drop=0 sent=14856 fail=0 hi=13 rtt_avg=33us get_avg=601us get_max=8934ms
2026-10-02T19:35:18.220Z raft-obs: wait_timeouts=0 pump_hold_max=12us lock_wait_max=1us drain_max=2us tick_max=12us apply_max=0us persist_max=3us applies_in_worst=0 arc_miss=0 arc_term_miss=0 opid_replay=0 fin_q=0 fin_done=0 fin_drop=0 fin_full=0 pub_p50=0us pub_max=0us inbox_drop=0
2026-10-02T19:35:23.221Z raft-obs: tx->1 enq=14955 drop=0 sent=14955 fail=0 hi=15 rtt_avg=34us get_avg=605us get_max=9049ms
2026-10-02T19:35:23.221Z raft-obs: tx->2 enq=14955 drop=0 sent=14955 fail=0 hi=13 rtt_avg=33us get_avg=597us get_max=8934ms
2026-10-02T19:35:23.221Z raft-obs: wait_timeouts=0 pump_hold_max=23us lock_wait_max=3us drain_max=22us tick_max=8us apply_max=0us persist_max=11us applies_in_worst=0 arc_miss=0 arc_term_miss=0 opid_replay=0 fin_q=0 fin_done=0 fin_drop=0 fin_full=0 pub_p50=0us pub_max=0us inbox_drop=0
2026-10-02T19:35:28.222Z raft-obs: tx->1 enq=15054 drop=0 sent=15053 fail=0 hi=15 rtt_avg=34us get_avg=601us get_max=9049ms
2026-10-02T19:35:28.222Z raft-obs: tx->2 enq=15054 drop=0 sent=15053 fail=0 hi=13 rtt_avg=33us get_avg=593us get_max=8934ms
2026-10-02T19:35:28.222Z raft-obs: wait_timeouts=0 pump_hold_max=9us lock_wait_max=4us drain_max=9us tick_max=8us apply_max=0us persist_max=5us applies_in_worst=0 arc_miss=0 arc_term_miss=0 opid_replay=0 fin_q=0 fin_done=0 fin_drop=0 fin_full=0 pub_p50=0us pub_max=0us inbox_drop=0
2026-10-02T19:35:33.223Z raft-obs: tx->1 enq=15152 drop=0 sent=15152 fail=0 hi=15 rtt_avg=34us get_avg=597us get_max=9049ms
2026-10-02T19:35:33.223Z raft-obs: tx->2 enq=15152 drop=0 sent=15152 fail=0 hi=13 rtt_avg=33us get_avg=589us get_max=8934ms
2026-10-02T19:35:33.223Z raft-obs: wait_timeouts=0 pump_hold_max=5us lock_wait_max=1us drain_max=2us tick_max=5us apply_max=0us persist_max=1us applies_in_worst=0 arc_miss=0 arc_term_miss=0 opid_replay=0 fin_q=0 fin_done=0 fin_drop=0 fin_full=0 pub_p50=0us pub_max=0us inbox_drop=0
2026-10-02T19:35:38.224Z raft-obs: tx->1 enq=15251 drop=0 sent=15251 fail=0 hi=15 rtt_avg=34us get_avg=593us get_max=9049ms
2026-10-02T19:35:38.224Z raft-obs: tx->2 enq=15251 drop=0 sent=15251 fail=0 hi=13 rtt_avg=33us get_avg=586us get_max=8934ms
2026-10-02T19:35:38.224Z raft-obs: wait_timeouts=0 pump_hold_max=9us lock_wait_max=9us drain_max=2us tick_max=9us apply_max=0us persist_max=1us applies_in_worst=0 arc_miss=0 arc_term_miss=0 opid_replay=0 fin_q=0 fin_done=0 fin_drop=0 fin_full=0 pub_p50=0us pub_max=0us inbox_drop=0
2026-10-02T19:35:43.226Z raft-obs: tx->1 enq=15350 drop=0 sent=15350 fail=0 hi=15 rtt_avg=34us get_avg=589us get_max=9049ms
2026-10-02T19:35:43.226Z raft-obs: tx->2 enq=15350 drop=0 sent=15350 fail=0 hi=13 rtt_avg=33us get_avg=582us get_max=8934ms
2026-10-02T19:35:43.226Z raft-obs: wait_timeouts=0 pump_hold_max=6us lock_wait_max=1us drain_max=6us tick_max=4us apply_max=0us persist_max=3us applies_in_worst=0 arc_miss=0 arc_term_miss=0 opid_replay=0 fin_q=0 fin_done=0 fin_drop=0 fin_full=0 pub_p50=0us pub_max=0us inbox_drop=0
2026-10-02T19:35:48.226Z raft-obs: tx->1 enq=15449 drop=0 sent=15449 fail=0 hi=15 rtt_avg=34us get_avg=585us get_max=9049ms
2026-10-02T19:35:48.226Z raft-obs: tx->2 enq=15449 drop=0 sent=15449 fail=0 hi=13 rtt_avg=33us get_avg=578us get_max=8934ms
2026-10-02T19:35:48.226Z raft-obs: wait_timeouts=0 pump_hold_max=8us lock_wait_max=1us drain_max=6us tick_max=8us apply_max=0us persist_max=5us applies_in_worst=0 arc_miss=0 arc_term_miss=0 opid_replay=0 fin_q=0 fin_done=0 fin_drop=0 fin_full=0 pub_p50=0us pub_max=0us inbox_drop=0
2026-10-02T19:35:53.227Z raft-obs: tx->1 enq=15548 drop=0 sent=15547 fail=0 hi=15 rtt_avg=34us get_avg=582us get_max=9049ms
2026-10-02T19:35:53.227Z raft-obs: tx->2 enq=15548 drop=0 sent=15547 fail=0 hi=13 rtt_avg=33us get_avg=574us get_max=8934ms
2026-10-02T19:35:53.227Z raft-obs: wait_timeouts=0 pump_hold_max=5us lock_wait_max=1us drain_max=2us tick_max=5us apply_max=0us persist_max=3us applies_in_worst=0 arc_miss=0 arc_term_miss=0 opid_replay=0 fin_q=0 fin_done=0 fin_drop=0 fin_full=0 pub_p50=0us pub_max=0us inbox_drop=0
2026-10-02T19:35:58.228Z raft-obs: tx->1 enq=15646 drop=0 sent=15646 fail=0 hi=15 rtt_avg=34us get_avg=578us get_max=9049ms
2026-10-02T19:35:58.228Z raft-obs: tx->2 enq=15646 drop=0 sent=15646 fail=0 hi=13 rtt_avg=33us get_avg=571us get_max=8934ms
2026-10-02T19:35:58.228Z raft-obs: wait_timeouts=0 pump_hold_max=5us lock_wait_max=1us drain_max=2us tick_max=5us apply_max=0us persist_max=1us applies_in_worst=0 arc_miss=0 arc_term_miss=0 opid_replay=0 fin_q=0 fin_done=0 fin_drop=0 fin_full=0 pub_p50=0us pub_max=0us inbox_drop=0
2026-10-02T19:36:03.229Z raft-obs: tx->1 enq=15745 drop=0 sent=15745 fail=0 hi=15 rtt_avg=34us get_avg=574us get_max=9049ms
2026-10-02T19:36:03.229Z raft-obs: tx->2 enq=15745 drop=0 sent=15745 fail=0 hi=13 rtt_avg=33us get_avg=567us get_max=8934ms
2026-10-02T19:36:03.229Z raft-obs: wait_timeouts=0 pump_hold_max=7us lock_wait_max=1us drain_max=1us tick_max=7us apply_max=0us persist_max=1us applies_in_worst=0 arc_miss=0 arc_term_miss=0 opid_replay=0 fin_q=0 fin_done=0 fin_drop=0 fin_full=0 pub_p50=0us pub_max=0us inbox_drop=0
2026-10-02T19:36:08.230Z raft-obs: tx->1 enq=15844 drop=0 sent=15844 fail=0 hi=15 rtt_avg=34us get_avg=571us get_max=9049ms
2026-10-02T19:36:08.230Z raft-obs: tx->2 enq=15844 drop=0 sent=15844 fail=0 hi=13 rtt_avg=33us get_avg=564us get_max=8934ms
2026-10-02T19:36:08.230Z raft-obs: wait_timeouts=0 pump_hold_max=5us lock_wait_max=3us drain_max=5us tick_max=5us apply_max=0us persist_max=1us applies_in_worst=0 arc_miss=0 arc_term_miss=0 opid_replay=0 fin_q=0 fin_done=0 fin_drop=0 fin_full=0 pub_p50=0us pub_max=0us inbox_drop=0
2026-10-02T19:36:13.231Z raft-obs: tx->1 enq=15943 drop=0 sent=15943 fail=0 hi=15 rtt_avg=34us get_avg=567us get_max=9049ms
2026-10-02T19:36:13.231Z raft-obs: tx->2 enq=15943 drop=0 sent=15943 fail=0 hi=13 rtt_avg=33us get_avg=560us get_max=8934ms
2026-10-02T19:36:13.231Z raft-obs: wait_timeouts=0 pump_hold_max=14us lock_wait_max=1us drain_max=14us tick_max=7us apply_max=0us persist_max=1us applies_in_worst=0 arc_miss=0 arc_term_miss=0 opid_replay=0 fin_q=0 fin_done=0 fin_drop=0 fin_full=0 pub_p50=0us pub_max=0us inbox_drop=0
2026-10-02T19:36:18.232Z raft-obs: tx->1 enq=16042 drop=0 sent=16041 fail=0 hi=15 rtt_avg=34us get_avg=564us get_max=9049ms
2026-10-02T19:36:18.232Z raft-obs: tx->2 enq=16042 drop=0 sent=16041 fail=0 hi=13 rtt_avg=33us get_avg=557us get_max=8934ms
2026-10-02T19:36:18.232Z raft-obs: wait_timeouts=0 pump_hold_max=5us lock_wait_max=1us drain_max=2us tick_max=5us apply_max=0us persist_max=1us applies_in_worst=0 arc_miss=0 arc_term_miss=0 opid_replay=0 fin_q=0 fin_done=0 fin_drop=0 fin_full=0 pub_p50=0us pub_max=0us inbox_drop=0
2026-10-02T19:36:23.233Z raft-obs: tx->1 enq=16140 drop=0 sent=16140 fail=0 hi=15 rtt_avg=34us get_avg=560us get_max=9049ms
2026-10-02T19:36:23.233Z raft-obs: tx->2 enq=16140 drop=0 sent=16140 fail=0 hi=13 rtt_avg=33us get_avg=553us get_max=8934ms
2026-10-02T19:36:23.233Z raft-obs: wait_timeouts=0 pump_hold_max=5us lock_wait_max=1us drain_max=3us tick_max=5us apply_max=0us persist_max=4us applies_in_worst=0 arc_miss=0 arc_term_miss=0 opid_replay=0 fin_q=0 fin_done=0 fin_drop=0 fin_full=0 pub_p50=0us pub_max=0us inbox_drop=0
2026-10-02T19:36:28.234Z raft-obs: tx->1 enq=16239 drop=0 sent=16239 fail=0 hi=15 rtt_avg=34us get_avg=557us get_max=9049ms
2026-10-02T19:36:28.234Z raft-obs: tx->2 enq=16239 drop=0 sent=16239 fail=0 hi=13 rtt_avg=33us get_avg=550us get_max=8934ms
2026-10-02T19:36:28.234Z raft-obs: wait_timeouts=0 pump_hold_max=7us lock_wait_max=1us drain_max=2us tick_max=7us apply_max=0us persist_max=1us applies_in_worst=0 arc_miss=0 arc_term_miss=0 opid_replay=0 fin_q=0 fin_done=0 fin_drop=0 fin_full=0 pub_p50=0us pub_max=0us inbox_drop=0
2026-10-02T19:36:33.235Z raft-obs: tx->1 enq=16338 drop=0 sent=16338 fail=0 hi=15 rtt_avg=34us get_avg=554us get_max=9049ms
2026-10-02T19:36:33.235Z raft-obs: tx->2 enq=16338 drop=0 sent=16338 fail=0 hi=13 rtt_avg=33us get_avg=547us get_max=8934ms
2026-10-02T19:36:33.235Z raft-obs: wait_timeouts=0 pump_hold_max=16us lock_wait_max=3us drain_max=2us tick_max=16us apply_max=0us persist_max=1us applies_in_worst=0 arc_miss=0 arc_term_miss=0 opid_replay=0 fin_q=0 fin_done=0 fin_drop=0 fin_full=0 pub_p50=0us pub_max=0us inbox_drop=0
2026-10-02T19:36:38.235Z raft-obs: tx->1 enq=16437 drop=0 sent=16437 fail=0 hi=15 rtt_avg=34us get_avg=550us get_max=9049ms
2026-10-02T19:36:38.235Z raft-obs: tx->2 enq=16437 drop=0 sent=16437 fail=0 hi=13 rtt_avg=33us get_avg=543us get_max=8934ms
2026-10-02T19:36:38.235Z raft-obs: wait_timeouts=0 pump_hold_max=5us lock_wait_max=1us drain_max=4us tick_max=5us apply_max=0us persist_max=1us applies_in_worst=0 arc_miss=0 arc_term_miss=0 opid_replay=0 fin_q=0 fin_done=0 fin_drop=0 fin_full=0 pub_p50=0us pub_max=0us inbox_drop=0
2026-10-02T19:36:43.236Z raft-obs: tx->1 enq=16536 drop=0 sent=16535 fail=0 hi=15 rtt_avg=34us get_avg=547us get_max=9049ms
2026-10-02T19:36:43.236Z raft-obs: tx->2 enq=16536 drop=0 sent=16535 fail=0 hi=13 rtt_avg=33us get_avg=540us get_max=8934ms
2026-10-02T19:36:43.236Z raft-obs: wait_timeouts=0 pump_hold_max=8us lock_wait_max=3us drain_max=7us tick_max=8us apply_max=0us persist_max=5us applies_in_worst=0 arc_miss=0 arc_term_miss=0 opid_replay=0 fin_q=0 fin_done=0 fin_drop=0 fin_full=0 pub_p50=0us pub_max=0us inbox_drop=0
2026-10-02T19:36:48.237Z raft-obs: tx->1 enq=16634 drop=0 sent=16634 fail=0 hi=15 rtt_avg=34us get_avg=544us get_max=9049ms
2026-10-02T19:36:48.237Z raft-obs: tx->2 enq=16634 drop=0 sent=16634 fail=0 hi=13 rtt_avg=33us get_avg=537us get_max=8934ms
2026-10-02T19:36:48.237Z raft-obs: wait_timeouts=0 pump_hold_max=15us lock_wait_max=1us drain_max=2us tick_max=15us apply_max=0us persist_max=1us applies_in_worst=0 arc_miss=0 arc_term_miss=0 opid_replay=0 fin_q=0 fin_done=0 fin_drop=0 fin_full=0 pub_p50=0us pub_max=0us inbox_drop=0
2026-10-02T19:36:53.238Z raft-obs: tx->1 enq=16733 drop=0 sent=16733 fail=0 hi=15 rtt_avg=34us get_avg=541us get_max=9049ms
2026-10-02T19:36:53.238Z raft-obs: tx->2 enq=16733 drop=0 sent=16733 fail=0 hi=13 rtt_avg=33us get_avg=534us get_max=8934ms
2026-10-02T19:36:53.238Z raft-obs: wait_timeouts=0 pump_hold_max=6us lock_wait_max=4us drain_max=2us tick_max=6us apply_max=0us persist_max=1us applies_in_worst=0 arc_miss=0 arc_term_miss=0 opid_replay=0 fin_q=0 fin_done=0 fin_drop=0 fin_full=0 pub_p50=0us pub_max=0us inbox_drop=0
2026-10-02T19:36:58.239Z raft-obs: tx->1 enq=16832 drop=0 sent=16832 fail=0 hi=15 rtt_avg=34us get_avg=537us get_max=9049ms
2026-10-02T19:36:58.239Z raft-obs: tx->2 enq=16832 drop=0 sent=16832 fail=0 hi=13 rtt_avg=33us get_avg=531us get_max=8934ms
2026-10-02T19:36:58.239Z raft-obs: wait_timeouts=0 pump_hold_max=15us lock_wait_max=1us drain_max=5us tick_max=14us apply_max=0us persist_max=1us applies_in_worst=0 arc_miss=0 arc_term_miss=0 opid_replay=0 fin_q=0 fin_done=0 fin_drop=0 fin_full=0 pub_p50=0us pub_max=0us inbox_drop=0
2026-10-02T19:37:03.240Z raft-obs: tx->1 enq=16931 drop=0 sent=16931 fail=0 hi=15 rtt_avg=34us get_avg=534us get_max=9049ms
2026-10-02T19:37:03.240Z raft-obs: tx->2 enq=16931 drop=0 sent=16931 fail=0 hi=13 rtt_avg=33us get_avg=527us get_max=8934ms
2026-10-02T19:37:03.240Z raft-obs: wait_timeouts=0 pump_hold_max=23us lock_wait_max=8us drain_max=2us tick_max=23us apply_max=0us persist_max=7us applies_in_worst=0 arc_miss=0 arc_term_miss=0 opid_replay=0 fin_q=0 fin_done=0 fin_drop=0 fin_full=0 pub_p50=0us pub_max=0us inbox_drop=0
2026-10-02T19:37:08.241Z raft-obs: tx->1 enq=17030 drop=0 sent=17029 fail=0 hi=15 rtt_avg=34us get_avg=531us get_max=9049ms
2026-10-02T19:37:08.241Z raft-obs: tx->2 enq=17030 drop=0 sent=17029 fail=0 hi=13 rtt_avg=33us get_avg=524us get_max=8934ms
2026-10-02T19:37:08.241Z raft-obs: wait_timeouts=0 pump_hold_max=7us lock_wait_max=1us drain_max=2us tick_max=7us apply_max=0us persist_max=4us applies_in_worst=0 arc_miss=0 arc_term_miss=0 opid_replay=0 fin_q=0 fin_done=0 fin_drop=0 fin_full=0 pub_p50=0us pub_max=0us inbox_drop=0
2026-10-02T19:37:13.242Z raft-obs: tx->1 enq=17128 drop=0 sent=17128 fail=0 hi=15 rtt_avg=34us get_avg=528us get_max=9049ms
2026-10-02T19:37:13.242Z raft-obs: tx->2 enq=17128 drop=0 sent=17128 fail=0 hi=13 rtt_avg=33us get_avg=521us get_max=8934ms
2026-10-02T19:37:13.242Z raft-obs: wait_timeouts=0 pump_hold_max=9us lock_wait_max=1us drain_max=7us tick_max=9us apply_max=0us persist_max=1us applies_in_worst=0 arc_miss=0 arc_term_miss=0 opid_replay=0 fin_q=0 fin_done=0 fin_drop=0 fin_full=0 pub_p50=0us pub_max=0us inbox_drop=0
2026-10-02T19:37:18.243Z raft-obs: tx->1 enq=17227 drop=0 sent=17227 fail=0 hi=15 rtt_avg=34us get_avg=525us get_max=9049ms
2026-10-02T19:37:18.243Z raft-obs: tx->2 enq=17227 drop=0 sent=17227 fail=0 hi=13 rtt_avg=33us get_avg=518us get_max=8934ms
2026-10-02T19:37:18.243Z raft-obs: wait_timeouts=0 pump_hold_max=5us lock_wait_max=1us drain_max=2us tick_max=5us apply_max=0us persist_max=3us applies_in_worst=0 arc_miss=0 arc_term_miss=0 opid_replay=0 fin_q=0 fin_done=0 fin_drop=0 fin_full=0 pub_p50=0us pub_max=0us inbox_drop=0
2026-10-02T19:37:23.244Z raft-obs: tx->1 enq=17326 drop=0 sent=17326 fail=0 hi=15 rtt_avg=34us get_avg=522us get_max=9049ms
2026-10-02T19:37:23.244Z raft-obs: tx->2 enq=17326 drop=0 sent=17326 fail=0 hi=13 rtt_avg=33us get_avg=515us get_max=8934ms
2026-10-02T19:37:23.244Z raft-obs: wait_timeouts=0 pump_hold_max=5us lock_wait_max=1us drain_max=2us tick_max=5us apply_max=0us persist_max=1us applies_in_worst=0 arc_miss=0 arc_term_miss=0 opid_replay=0 fin_q=0 fin_done=0 fin_drop=0 fin_full=0 pub_p50=0us pub_max=0us inbox_drop=0
2026-10-02T19:37:28.245Z raft-obs: tx->1 enq=17425 drop=0 sent=17425 fail=0 hi=15 rtt_avg=34us get_avg=519us get_max=9049ms
2026-10-02T19:37:28.245Z raft-obs: tx->2 enq=17425 drop=0 sent=17425 fail=0 hi=13 rtt_avg=33us get_avg=513us get_max=8934ms
2026-10-02T19:37:28.245Z raft-obs: wait_timeouts=0 pump_hold_max=16us lock_wait_max=1us drain_max=2us tick_max=16us apply_max=0us persist_max=4us applies_in_worst=0 arc_miss=0 arc_term_miss=0 opid_replay=0 fin_q=0 fin_done=0 fin_drop=0 fin_full=0 pub_p50=0us pub_max=0us inbox_drop=0
2026-10-02T19:37:33.245Z raft-obs: tx->1 enq=17524 drop=0 sent=17523 fail=0 hi=15 rtt_avg=34us get_avg=516us get_max=9049ms
2026-10-02T19:37:33.246Z raft-obs: tx->2 enq=17524 drop=0 sent=17523 fail=0 hi=13 rtt_avg=33us get_avg=510us get_max=8934ms
2026-10-02T19:37:33.246Z raft-obs: wait_timeouts=0 pump_hold_max=5us lock_wait_max=1us drain_max=2us tick_max=5us apply_max=0us persist_max=1us applies_in_worst=0 arc_miss=0 arc_term_miss=0 opid_replay=0 fin_q=0 fin_done=0 fin_drop=0 fin_full=0 pub_p50=0us pub_max=0us inbox_drop=0
2026-10-02T19:37:38.247Z raft-obs: tx->1 enq=17622 drop=0 sent=17622 fail=0 hi=15 rtt_avg=34us get_avg=513us get_max=9049ms
2026-10-02T19:37:38.247Z raft-obs: tx->2 enq=17622 drop=0 sent=17622 fail=0 hi=13 rtt_avg=33us get_avg=507us get_max=8934ms
2026-10-02T19:37:38.247Z raft-obs: wait_timeouts=0 pump_hold_max=5us lock_wait_max=1us drain_max=2us tick_max=5us apply_max=0us persist_max=1us applies_in_worst=0 arc_miss=0 arc_term_miss=0 opid_replay=0 fin_q=0 fin_done=0 fin_drop=0 fin_full=0 pub_p50=0us pub_max=0us inbox_drop=0
2026-10-02T19:37:43.248Z raft-obs: tx->1 enq=17721 drop=0 sent=17721 fail=0 hi=15 rtt_avg=34us get_avg=510us get_max=9049ms
2026-10-02T19:37:43.248Z raft-obs: tx->2 enq=17721 drop=0 sent=17721 fail=0 hi=13 rtt_avg=33us get_avg=504us get_max=8934ms
2026-10-02T19:37:43.248Z raft-obs: wait_timeouts=0 pump_hold_max=8us lock_wait_max=1us drain_max=4us tick_max=8us apply_max=0us persist_max=1us applies_in_worst=0 arc_miss=0 arc_term_miss=0 opid_replay=0 fin_q=0 fin_done=0 fin_drop=0 fin_full=0 pub_p50=0us pub_max=0us inbox_drop=0
2026-10-02T19:37:48.249Z raft-obs: tx->1 enq=17820 drop=0 sent=17820 fail=0 hi=15 rtt_avg=34us get_avg=508us get_max=9049ms
2026-10-02T19:37:48.249Z raft-obs: tx->2 enq=17820 drop=0 sent=17820 fail=0 hi=13 rtt_avg=33us get_avg=501us get_max=8934ms
2026-10-02T19:37:48.249Z raft-obs: wait_timeouts=0 pump_hold_max=7us lock_wait_max=7us drain_max=3us tick_max=6us apply_max=0us persist_max=1us applies_in_worst=0 arc_miss=0 arc_term_miss=0 opid_replay=0 fin_q=0 fin_done=0 fin_drop=0 fin_full=0 pub_p50=0us pub_max=0us inbox_drop=0
2026-10-02T19:37:53.250Z raft-obs: tx->1 enq=17919 drop=0 sent=17919 fail=0 hi=15 rtt_avg=34us get_avg=505us get_max=9049ms
2026-10-02T19:37:53.250Z raft-obs: tx->2 enq=17919 drop=0 sent=17919 fail=0 hi=13 rtt_avg=33us get_avg=498us get_max=8934ms
2026-10-02T19:37:53.250Z raft-obs: wait_timeouts=0 pump_hold_max=8us lock_wait_max=1us drain_max=2us tick_max=8us apply_max=0us persist_max=5us applies_in_worst=0 arc_miss=0 arc_term_miss=0 opid_replay=0 fin_q=0 fin_done=0 fin_drop=0 fin_full=0 pub_p50=0us pub_max=0us inbox_drop=0
2026-10-02T19:37:58.251Z raft-obs: tx->1 enq=18018 drop=0 sent=18017 fail=0 hi=15 rtt_avg=34us get_avg=502us get_max=9049ms
2026-10-02T19:37:58.251Z raft-obs: tx->2 enq=18018 drop=0 sent=18017 fail=0 hi=13 rtt_avg=33us get_avg=496us get_max=8934ms
2026-10-02T19:37:58.251Z raft-obs: wait_timeouts=0 pump_hold_max=7us lock_wait_max=1us drain_max=1us tick_max=7us apply_max=0us persist_max=6us applies_in_worst=0 arc_miss=0 arc_term_miss=0 opid_replay=0 fin_q=0 fin_done=0 fin_drop=0 fin_full=0 pub_p50=0us pub_max=0us inbox_drop=0
2026-10-02T19:38:03.252Z raft-obs: tx->1 enq=18116 drop=0 sent=18116 fail=0 hi=15 rtt_avg=34us get_avg=499us get_max=9049ms
2026-10-02T19:38:03.252Z raft-obs: tx->2 enq=18116 drop=0 sent=18116 fail=0 hi=13 rtt_avg=33us get_avg=493us get_max=8934ms
2026-10-02T19:38:03.252Z raft-obs: wait_timeouts=0 pump_hold_max=5us lock_wait_max=1us drain_max=5us tick_max=5us apply_max=0us persist_max=2us applies_in_worst=0 arc_miss=0 arc_term_miss=0 opid_replay=0 fin_q=0 fin_done=0 fin_drop=0 fin_full=0 pub_p50=0us pub_max=0us inbox_drop=0
2026-10-02T19:38:08.253Z raft-obs: tx->1 enq=18215 drop=0 sent=18215 fail=0 hi=15 rtt_avg=34us get_avg=497us get_max=9049ms
2026-10-02T19:38:08.253Z raft-obs: tx->2 enq=18215 drop=0 sent=18215 fail=0 hi=13 rtt_avg=33us get_avg=490us get_max=8934ms
2026-10-02T19:38:08.253Z raft-obs: wait_timeouts=0 pump_hold_max=9us lock_wait_max=9us drain_max=2us tick_max=9us apply_max=0us persist_max=1us applies_in_worst=0 arc_miss=0 arc_term_miss=0 opid_replay=0 fin_q=0 fin_done=0 fin_drop=0 fin_full=0 pub_p50=0us pub_max=0us inbox_drop=0
2026-10-02T19:38:13.255Z raft-obs: tx->1 enq=18314 drop=0 sent=18314 fail=0 hi=15 rtt_avg=34us get_avg=494us get_max=9049ms
2026-10-02T19:38:13.255Z raft-obs: tx->2 enq=18314 drop=0 sent=18314 fail=0 hi=13 rtt_avg=33us get_avg=488us get_max=8934ms
2026-10-02T19:38:13.255Z raft-obs: wait_timeouts=0 pump_hold_max=5us lock_wait_max=1us drain_max=4us tick_max=5us apply_max=0us persist_max=1us applies_in_worst=0 arc_miss=0 arc_term_miss=0 opid_replay=0 fin_q=0 fin_done=0 fin_drop=0 fin_full=0 pub_p50=0us pub_max=0us inbox_drop=0
2026-10-02T19:38:18.256Z raft-obs: tx->1 enq=18413 drop=0 sent=18413 fail=0 hi=15 rtt_avg=34us get_avg=491us get_max=9049ms
2026-10-02T19:38:18.256Z raft-obs: tx->2 enq=18413 drop=0 sent=18413 fail=0 hi=13 rtt_avg=33us get_avg=485us get_max=8934ms
2026-10-02T19:38:18.256Z raft-obs: wait_timeouts=0 pump_hold_max=5us lock_wait_max=1us drain_max=2us tick_max=5us apply_max=0us persist_max=1us applies_in_worst=0 arc_miss=0 arc_term_miss=0 opid_replay=0 fin_q=0 fin_done=0 fin_drop=0 fin_full=0 pub_p50=0us pub_max=0us inbox_drop=0
2026-10-02T19:38:23.257Z raft-obs: tx->1 enq=18512 drop=0 sent=18511 fail=0 hi=15 rtt_avg=34us get_avg=489us get_max=9049ms
2026-10-02T19:38:23.257Z raft-obs: tx->2 enq=18512 drop=0 sent=18511 fail=0 hi=13 rtt_avg=33us get_avg=482us get_max=8934ms
2026-10-02T19:38:23.257Z raft-obs: wait_timeouts=0 pump_hold_max=5us lock_wait_max=1us drain_max=1us tick_max=4us apply_max=0us persist_max=1us applies_in_worst=0 arc_miss=0 arc_term_miss=0 opid_replay=0 fin_q=0 fin_done=0 fin_drop=0 fin_full=0 pub_p50=0us pub_max=0us inbox_drop=0
2026-10-02T19:38:28.259Z raft-obs: tx->1 enq=18610 drop=0 sent=18610 fail=0 hi=15 rtt_avg=34us get_avg=486us get_max=9049ms
2026-10-02T19:38:28.259Z raft-obs: tx->2 enq=18610 drop=0 sent=18610 fail=0 hi=13 rtt_avg=33us get_avg=480us get_max=8934ms
2026-10-02T19:38:28.259Z raft-obs: wait_timeouts=0 pump_hold_max=7us lock_wait_max=1us drain_max=1us tick_max=7us apply_max=0us persist_max=1us applies_in_worst=0 arc_miss=0 arc_term_miss=0 opid_replay=0 fin_q=0 fin_done=0 fin_drop=0 fin_full=0 pub_p50=0us pub_max=0us inbox_drop=0
2026-10-02T19:38:33.260Z raft-obs: tx->1 enq=18709 drop=0 sent=18709 fail=0 hi=15 rtt_avg=34us get_avg=483us get_max=9049ms
2026-10-02T19:38:33.260Z raft-obs: tx->2 enq=18709 drop=0 sent=18709 fail=0 hi=13 rtt_avg=33us get_avg=477us get_max=8934ms
2026-10-02T19:38:33.260Z raft-obs: wait_timeouts=0 pump_hold_max=5us lock_wait_max=4us drain_max=2us tick_max=5us apply_max=0us persist_max=1us applies_in_worst=0 arc_miss=0 arc_term_miss=0 opid_replay=0 fin_q=0 fin_done=0 fin_drop=0 fin_full=0 pub_p50=0us pub_max=0us inbox_drop=0
2026-10-02T19:38:38.261Z raft-obs: tx->1 enq=18808 drop=0 sent=18808 fail=0 hi=15 rtt_avg=34us get_avg=481us get_max=9049ms
2026-10-02T19:38:38.261Z raft-obs: tx->2 enq=18808 drop=0 sent=18808 fail=0 hi=13 rtt_avg=33us get_avg=475us get_max=8934ms
2026-10-02T19:38:38.261Z raft-obs: wait_timeouts=0 pump_hold_max=7us lock_wait_max=1us drain_max=2us tick_max=7us apply_max=0us persist_max=1us applies_in_worst=0 arc_miss=0 arc_term_miss=0 opid_replay=0 fin_q=0 fin_done=0 fin_drop=0 fin_full=0 pub_p50=0us pub_max=0us inbox_drop=0
2026-10-02T19:38:43.262Z raft-obs: tx->1 enq=18907 drop=0 sent=18907 fail=0 hi=15 rtt_avg=34us get_avg=478us get_max=9049ms
2026-10-02T19:38:43.262Z raft-obs: tx->2 enq=18907 drop=0 sent=18907 fail=0 hi=13 rtt_avg=33us get_avg=472us get_max=8934ms
2026-10-02T19:38:43.262Z raft-obs: wait_timeouts=0 pump_hold_max=8us lock_wait_max=1us drain_max=4us tick_max=8us apply_max=0us persist_max=1us applies_in_worst=0 arc_miss=0 arc_term_miss=0 opid_replay=0 fin_q=0 fin_done=0 fin_drop=0 fin_full=0 pub_p50=0us pub_max=0us inbox_drop=0
2026-10-02T19:38:48.264Z raft-obs: tx->1 enq=19006 drop=0 sent=19005 fail=0 hi=15 rtt_avg=34us get_avg=476us get_max=9049ms
2026-10-02T19:38:48.264Z raft-obs: tx->2 enq=19006 drop=0 sent=19005 fail=0 hi=13 rtt_avg=33us get_avg=470us get_max=8934ms
2026-10-02T19:38:48.264Z raft-obs: wait_timeouts=0 pump_hold_max=11us lock_wait_max=1us drain_max=7us tick_max=6us apply_max=0us persist_max=1us applies_in_worst=0 arc_miss=0 arc_term_miss=0 opid_replay=0 fin_q=0 fin_done=0 fin_drop=0 fin_full=0 pub_p50=0us pub_max=0us inbox_drop=0
2026-10-02T19:38:53.265Z raft-obs: tx->1 enq=19104 drop=0 sent=19104 fail=0 hi=15 rtt_avg=34us get_avg=473us get_max=9049ms
2026-10-02T19:38:53.265Z raft-obs: tx->2 enq=19104 drop=0 sent=19104 fail=0 hi=13 rtt_avg=33us get_avg=467us get_max=8934ms
2026-10-02T19:38:53.265Z raft-obs: wait_timeouts=0 pump_hold_max=6us lock_wait_max=1us drain_max=1us tick_max=6us apply_max=0us persist_max=4us applies_in_worst=0 arc_miss=0 arc_term_miss=0 opid_replay=0 fin_q=0 fin_done=0 fin_drop=0 fin_full=0 pub_p50=0us pub_max=0us inbox_drop=0
2026-10-02T19:38:58.266Z raft-obs: tx->1 enq=19203 drop=0 sent=19203 fail=0 hi=15 rtt_avg=34us get_avg=471us get_max=9049ms
2026-10-02T19:38:58.266Z raft-obs: tx->2 enq=19203 drop=0 sent=19203 fail=0 hi=13 rtt_avg=33us get_avg=465us get_max=8934ms
2026-10-02T19:38:58.266Z raft-obs: wait_timeouts=0 pump_hold_max=8us lock_wait_max=1us drain_max=2us tick_max=8us apply_max=0us persist_max=6us applies_in_worst=0 arc_miss=0 arc_term_miss=0 opid_replay=0 fin_q=0 fin_done=0 fin_drop=0 fin_full=0 pub_p50=0us pub_max=0us inbox_drop=0
2026-10-02T19:38:59.205Z raft-host: apply lane-fence rc=-2 index=4266281 ino=315182
2026-10-02T19:38:59.211Z raft-host: apply lane-fence rc=-2 index=4266282 ino=294702
2026-10-02T19:38:59.212Z raft-host: apply lane-fence rc=-2 index=4266283 ino=323374
2026-10-02T19:38:59.213Z raft-host: apply lane-fence rc=-2 index=4266284 ino=298798
2026-10-02T19:38:59.214Z raft-host: apply lane-fence rc=-2 index=4266285 ino=327470
2026-10-02T19:38:59.215Z raft-host: apply lane-fence rc=-2 index=4266286 ino=339758
2026-10-02T19:38:59.216Z raft-host: apply lane-fence rc=-2 index=4266287 ino=286510
2026-10-02T19:38:59.217Z raft-host: apply lane-fence rc=-2 index=4266288 ino=319278
2026-10-02T19:38:59.218Z raft-host: apply lane-fence rc=-2 index=4266289 ino=306990
2026-10-02T19:38:59.219Z raft-host: apply lane-fence rc=-2 index=4266290 ino=302894
2026-10-02T19:38:59.220Z raft-host: apply lane-fence rc=-2 index=4266291 ino=290606
2026-10-02T19:38:59.221Z raft-host: apply lane-fence rc=-2 index=4266292 ino=311086
2026-10-02T19:38:59.222Z raft-host: apply lane-fence rc=-2 index=4266293 ino=343854
2026-10-02T19:38:59.223Z raft-host: apply lane-fence rc=-2 index=4266294 ino=335662
2026-10-02T19:38:59.224Z raft-host: apply lane-fence rc=-2 index=4266295 ino=347950
2026-10-02T19:38:59.225Z raft-host: apply lane-fence rc=-2 index=4266296 ino=331566
2026-10-02T19:39:03.270Z raft-obs: tx->1 enq=19333 drop=0 sent=19333 fail=0 hi=15 rtt_avg=34us get_avg=468us get_max=9049ms
2026-10-02T19:39:03.270Z raft-obs: tx->2 enq=19333 drop=0 sent=19333 fail=0 hi=13 rtt_avg=33us get_avg=462us get_max=8934ms
2026-10-02T19:39:03.270Z raft-obs: wait_timeouts=0 pump_hold_max=110us lock_wait_max=1us drain_max=110us tick_max=7us apply_max=104us persist_max=481us applies_in_worst=1 arc_miss=0 arc_term_miss=0 opid_replay=0 fin_q=0 fin_done=0 fin_drop=0 fin_full=0 pub_p50=0us pub_max=0us inbox_drop=0
2026-10-02T19:39:08.271Z raft-obs: tx->1 enq=19432 drop=0 sent=19432 fail=0 hi=15 rtt_avg=34us get_avg=465us get_max=9049ms
2026-10-02T19:39:08.271Z raft-obs: tx->2 enq=19432 drop=0 sent=19432 fail=0 hi=13 rtt_avg=33us get_avg=460us get_max=8934ms
2026-10-02T19:39:08.271Z raft-obs: wait_timeouts=0 pump_hold_max=6us lock_wait_max=1us drain_max=2us tick_max=6us apply_max=0us persist_max=6us applies_in_worst=0 arc_miss=0 arc_term_miss=0 opid_replay=0 fin_q=0 fin_done=0 fin_drop=0 fin_full=0 pub_p50=0us pub_max=0us inbox_drop=0
2026-10-02T19:39:11.657Z raft-host: apply-sleep us=25263 group=0 idx=4266308 applied=4266307
2026-10-02T19:39:11.703Z kv-compact: start l0=146 inputs=3 range=1 l0only=0
2026-10-02T19:39:11.705Z raft-host: apply-sleep us=29989 group=0 idx=4266309 applied=4266308
2026-10-02T19:39:11.708Z kv-compact: end bytes=2255040 ms=5 l0=144 l1=158 rc=0
2026-10-02T19:39:11.708Z kv-compact: start l0=144 inputs=2 range=258 l0only=1
2026-10-02T19:39:11.720Z kv-compact: end bytes=10005948 ms=13 l0=143 l1=158 rc=0
2026-10-02T19:39:11.720Z kv-compact: start l0=143 inputs=2 range=267 l0only=1
2026-10-02T19:39:11.733Z kv-compact: end bytes=8772096 ms=12 l0=142 l1=158 rc=0
2026-10-02T19:39:11.733Z kv-compact: start l0=142 inputs=2 range=270 l0only=1
2026-10-02T19:39:11.745Z kv-compact: end bytes=8590660 ms=13 l0=141 l1=158 rc=0
2026-10-02T19:39:11.745Z kv-compact: start l0=141 inputs=2 range=257 l0only=1
2026-10-02T19:39:11.759Z kv-compact: end bytes=8413449 ms=14 l0=140 l1=158 rc=0
2026-10-02T19:39:11.759Z kv-compact: start l0=140 inputs=2 range=264 l0only=1
2026-10-02T19:39:11.761Z store: put O_DIRECT zero-copy (payload+digest writev) len=65536
2026-10-02T19:39:11.769Z kv-compact: end bytes=8140800 ms=9 l0=139 l1=158 rc=0
2026-10-02T19:39:11.769Z kv-compact: start l0=139 inputs=2 range=260 l0only=1
2026-10-02T19:39:11.779Z kv-compact: end bytes=5470841 ms=10 l0=138 l1=158 rc=0
2026-10-02T19:39:11.779Z kv-compact: start l0=138 inputs=2 range=263 l0only=1
2026-10-02T19:39:11.786Z kv-compact: end bytes=4616751 ms=8 l0=137 l1=158 rc=0
2026-10-02T19:39:11.786Z kv-compact: start l0=137 inputs=2 range=266 l0only=1
2026-10-02T19:39:11.791Z kv-compact: end bytes=2845506 ms=5 l0=136 l1=158 rc=0
2026-10-02T19:39:11.886Z raft-host: apply-sleep us=20482 group=0 idx=4266315 applied=4266314
2026-10-02T19:39:12.081Z raft-host: apply-sleep us=24135 group=0 idx=4266320 applied=4266319
2026-10-02T19:39:12.145Z kv-compact: start l0=144 inputs=2 range=1 l0only=0
2026-10-02T19:39:12.145Z raft-host: apply-sleep us=33562 group=0 idx=4266321 applied=4266320
2026-10-02T19:39:12.154Z kv-compact: end bytes=4630720 ms=8 l0=143 l1=158 rc=0
2026-10-02T19:39:12.154Z kv-compact: start l0=143 inputs=2 range=258 l0only=1
2026-10-02T19:39:12.167Z kv-compact: end bytes=10048217 ms=14 l0=142 l1=158 rc=0
2026-10-02T19:39:12.167Z kv-compact: start l0=142 inputs=2 range=267 l0only=1
2026-10-02T19:39:12.181Z kv-compact: end bytes=8856634 ms=14 l0=141 l1=158 rc=0
2026-10-02T19:39:12.181Z kv-compact: start l0=141 inputs=2 range=270 l0only=1
2026-10-02T19:39:12.196Z kv-compact: end bytes=8711131 ms=15 l0=140 l1=158 rc=0
2026-10-02T19:39:12.197Z kv-compact: start l0=140 inputs=2 range=257 l0only=1
2026-10-02T19:39:12.216Z kv-compact: end bytes=8497987 ms=20 l0=139 l1=158 rc=0
2026-10-02T19:39:12.217Z kv-compact: start l0=139 inputs=2 range=264 l0only=1
2026-10-02T19:39:12.230Z kv-compact: end bytes=8225338 ms=13 l0=138 l1=158 rc=0
2026-10-02T19:39:12.230Z kv-compact: start l0=138 inputs=2 range=261 l0only=1
2026-10-02T19:39:12.237Z kv-compact: end bytes=6063059 ms=8 l0=137 l1=158 rc=0
2026-10-02T19:39:12.237Z kv-compact: start l0=137 inputs=2 range=260 l0only=1
2026-10-02T19:39:12.248Z kv-compact: end bytes=5513110 ms=11 l0=136 l1=158 rc=0
2026-10-02T19:39:12.391Z raft-host: apply-sleep us=28877 group=0 idx=4266328 applied=4266327
2026-10-02T19:39:12.523Z raft-host: apply-sleep us=21105 group=0 idx=4266332 applied=4266331
2026-10-02T19:39:12.571Z raft-host: apply-sleep us=22208 group=0 idx=4266333 applied=4266332
2026-10-02T19:39:12.632Z kv-compact: start l0=145 inputs=2 range=1 l0only=0
2026-10-02T19:39:12.633Z raft-host: apply-sleep us=30882 group=0 idx=4266334 applied=4266333
2026-10-02T19:39:12.644Z kv-compact: end bytes=7006400 ms=12 l0=144 l1=158 rc=0
2026-10-02T19:39:12.644Z kv-compact: start l0=144 inputs=2 range=258 l0only=1
2026-10-02T19:39:12.657Z kv-compact: end bytes=10090486 ms=13 l0=143 l1=158 rc=0
2026-10-02T19:39:12.657Z kv-compact: start l0=143 inputs=2 range=267 l0only=1
2026-10-02T19:39:12.671Z kv-compact: end bytes=8983441 ms=14 l0=142 l1=158 rc=0
2026-10-02T19:39:12.671Z kv-compact: start l0=142 inputs=2 range=270 l0only=1
2026-10-02T19:39:12.686Z kv-compact: end bytes=8795669 ms=14 l0=141 l1=158 rc=0
2026-10-02T19:39:12.686Z kv-compact: start l0=141 inputs=2 range=257 l0only=1
2026-10-02T19:39:12.701Z kv-compact: end bytes=8540256 ms=15 l0=140 l1=158 rc=0
2026-10-02T19:39:12.701Z kv-compact: start l0=140 inputs=2 range=264 l0only=1
2026-10-02T19:39:12.712Z kv-compact: end bytes=8309876 ms=11 l0=139 l1=158 rc=0
2026-10-02T19:39:12.712Z kv-compact: start l0=139 inputs=2 range=261 l0only=1
2026-10-02T19:39:12.720Z kv-compact: end bytes=6107469 ms=9 l0=138 l1=158 rc=0
2026-10-02T19:39:12.720Z kv-compact: start l0=138 inputs=2 range=260 l0only=1
2026-10-02T19:39:12.731Z kv-compact: end bytes=5555379 ms=10 l0=137 l1=158 rc=0
2026-10-02T19:39:12.731Z kv-compact: start l0=137 inputs=2 range=263 l0only=1
2026-10-02T19:39:12.739Z kv-compact: end bytes=4690700 ms=9 l0=136 l1=158 rc=0
2026-10-02T19:39:12.874Z raft-host: apply-sleep us=24738 group=0 idx=4266346 applied=4266345
2026-10-02T19:39:12.880Z raft-host: gc-frag group=0 scans=1 records=256 ms=220
2026-10-02T19:39:12.880Z raft-host: gc-pass ms=220 reap=0 frag=220 spread=0 recover=0 fscans=1 fsegs=1 fkeys=257 femit=257 ftomb=0 scans=2 segs=1 keys=257 emit=257 tomb=0
2026-10-02T19:39:13.029Z raft-host: apply-sleep us=21248 group=0 idx=4266352 applied=4266351
2026-10-02T19:39:13.087Z raft-host: apply-sleep us=21886 group=0 idx=4266353 applied=4266352
2026-10-02T19:39:13.133Z kv-compact: start l0=143 inputs=2 range=1 l0only=0
2026-10-02T19:39:13.134Z raft-host: apply-sleep us=30996 group=0 idx=4266354 applied=4266353
2026-10-02T19:39:13.148Z kv-compact: end bytes=9335680 ms=15 l0=142 l1=158 rc=0
2026-10-02T19:39:13.148Z kv-compact: start l0=142 inputs=2 range=267 l0only=1
2026-10-02T19:39:13.162Z kv-compact: end bytes=9110248 ms=13 l0=141 l1=158 rc=0
2026-10-02T19:39:13.162Z kv-compact: start l0=141 inputs=2 range=270 l0only=1
2026-10-02T19:39:13.176Z kv-compact: end bytes=8922476 ms=15 l0=140 l1=158 rc=0
2026-10-02T19:39:13.176Z kv-compact: start l0=140 inputs=2 range=257 l0only=1
2026-10-02T19:39:13.192Z kv-compact: end bytes=8645914 ms=16 l0=139 l1=158 rc=0
2026-10-02T19:39:13.193Z kv-compact: start l0=139 inputs=2 range=264 l0only=1
2026-10-02T19:39:13.203Z kv-compact: end bytes=8394414 ms=11 l0=138 l1=158 rc=0
2026-10-02T19:39:13.203Z kv-compact: start l0=138 inputs=2 range=260 l0only=1
2026-10-02T19:39:13.215Z kv-compact: end bytes=5639917 ms=11 l0=137 l1=158 rc=0
2026-10-02T19:39:13.215Z kv-compact: start l0=137 inputs=2 range=263 l0only=1
2026-10-02T19:39:13.223Z kv-compact: end bytes=4701289 ms=9 l0=136 l1=158 rc=0
2026-10-02T19:39:13.271Z raft-obs: tx->1 enq=19621 drop=0 sent=19621 fail=0 hi=15 rtt_avg=34us get_avg=461us get_max=9049ms
2026-10-02T19:39:13.271Z raft-obs: tx->2 enq=19623 drop=0 sent=19623 fail=0 hi=13 rtt_avg=33us get_avg=455us get_max=8934ms
2026-10-02T19:39:13.271Z raft-obs: wait_timeouts=0 pump_hold_max=23519us lock_wait_max=64us drain_max=23518us tick_max=9us apply_max=23510us persist_max=2555us applies_in_worst=1 arc_miss=0 arc_term_miss=0 opid_replay=0 fin_q=0 fin_done=0 fin_drop=0 fin_full=0 pub_p50=0us pub_max=0us inbox_drop=0
2026-10-02T19:39:13.374Z raft-host: apply-sleep us=21636 group=0 idx=4266361 applied=4266360
2026-10-02T19:39:13.482Z raft-host: apply-sleep us=23566 group=0 idx=4266364 applied=4266363
2026-10-02T19:39:13.528Z raft-host: apply-sleep us=21032 group=0 idx=4266365 applied=4266364
2026-10-02T19:39:13.581Z raft-host: apply-sleep us=21310 group=0 idx=4266366 applied=4266365
2026-10-02T19:39:13.636Z kv-compact: start l0=143 inputs=2 range=1 l0only=0
2026-10-02T19:39:13.638Z raft-host: apply-sleep us=38300 group=0 idx=4266367 applied=4266366
2026-10-02T19:39:13.655Z kv-compact: end bytes=11711360 ms=18 l0=142 l1=158 rc=0
2026-10-02T19:39:13.655Z kv-compact: start l0=142 inputs=2 range=258 l0only=1
2026-10-02T19:39:13.668Z kv-compact: end bytes=10175024 ms=13 l0=141 l1=158 rc=0
2026-10-02T19:39:13.668Z kv-compact: start l0=141 inputs=2 range=267 l0only=1
2026-10-02T19:39:13.683Z kv-compact: end bytes=9207458 ms=14 l0=140 l1=158 rc=0
2026-10-02T19:39:13.683Z kv-compact: start l0=140 inputs=2 range=270 l0only=1
2026-10-02T19:39:13.698Z kv-compact: end bytes=9007014 ms=15 l0=139 l1=158 rc=0
2026-10-02T19:39:13.698Z kv-compact: start l0=139 inputs=2 range=257 l0only=1
2026-10-02T19:39:13.713Z kv-compact: end bytes=8667063 ms=16 l0=138 l1=158 rc=0
2026-10-02T19:39:13.713Z kv-compact: start l0=138 inputs=2 range=264 l0only=1
2026-10-02T19:39:13.725Z kv-compact: end bytes=8521221 ms=11 l0=137 l1=158 rc=0
2026-10-02T19:39:13.725Z kv-compact: start l0=137 inputs=2 range=261 l0only=1
2026-10-02T19:39:13.734Z kv-compact: end bytes=6234276 ms=9 l0=136 l1=158 rc=0
2026-10-02T19:39:13.965Z raft-host: apply-sleep us=21035 group=0 idx=4266378 applied=4266377
2026-10-02T19:39:14.068Z raft-host: apply-sleep us=24950 group=0 idx=4266382 applied=4266381
2026-10-02T19:39:14.069Z raft-host: apply-sleep us=22718 group=0 idx=4266383 applied=4266381
2026-10-02T19:39:14.117Z kv-compact: start l0=143 inputs=2 range=1 l0only=0
2026-10-02T19:39:14.119Z raft-host: apply-sleep us=33260 group=0 idx=4266384 applied=4266383
2026-10-02T19:39:14.120Z raft-host: apply-sleep us=26175 group=0 idx=4266385 applied=4266383
2026-10-02T19:39:14.138Z kv-compact: end bytes=14062680 ms=22 l0=142 l1=158 rc=0
2026-10-02T19:39:14.138Z kv-compact: start l0=142 inputs=2 range=267 l0only=1
2026-10-02T19:39:14.154Z kv-compact: end bytes=9363862 ms=16 l0=141 l1=158 rc=0
2026-10-02T19:39:14.154Z kv-compact: start l0=141 inputs=2 range=270 l0only=1
2026-10-02T19:39:14.154Z raft-host: gc-frag group=0 scans=1 records=256 ms=268
2026-10-02T19:39:14.154Z raft-host: gc-pass ms=271 reap=0 frag=268 spread=0 recover=0 fscans=1 fsegs=1 fkeys=257 femit=257 ftomb=0 scans=2 segs=1 keys=257 emit=257 tomb=0
2026-10-02T19:39:14.170Z kv-compact: end bytes=9095776 ms=16 l0=140 l1=158 rc=0
2026-10-02T19:39:14.170Z kv-compact: start l0=140 inputs=2 range=257 l0only=1
2026-10-02T19:39:14.185Z kv-compact: end bytes=8751601 ms=15 l0=139 l1=158 rc=0
2026-10-02T19:39:14.185Z kv-compact: start l0=139 inputs=2 range=264 l0only=1
2026-10-02T19:39:14.197Z kv-compact: end bytes=8563490 ms=11 l0=138 l1=158 rc=0
2026-10-02T19:39:14.197Z kv-compact: start l0=138 inputs=2 range=260 l0only=1
2026-10-02T19:39:14.208Z kv-compact: end bytes=5724455 ms=11 l0=137 l1=158 rc=0
2026-10-02T19:39:14.208Z kv-compact: start l0=137 inputs=2 range=263 l0only=1
2026-10-02T19:39:14.217Z kv-compact: end bytes=4785827 ms=8 l0=136 l1=158 rc=0
2026-10-02T19:39:14.308Z raft-host: apply-sleep us=20041 group=0 idx=4266393 applied=4266392
2026-10-02T19:39:14.508Z raft-host: apply-sleep us=23653 group=0 idx=4266398 applied=4266397
2026-10-02T19:39:14.572Z kv-compact: start l0=144 inputs=2 range=1 l0only=0
2026-10-02T19:39:14.572Z raft-host: apply-sleep us=32870 group=0 idx=4266399 applied=4266398
2026-10-02T19:39:14.597Z kv-compact: end bytes=16425600 ms=25 l0=143 l1=158 rc=0
2026-10-02T19:39:14.597Z kv-compact: start l0=143 inputs=2 range=258 l0only=1
2026-10-02T19:39:14.611Z kv-compact: end bytes=10217293 ms=14 l0=142 l1=158 rc=0
2026-10-02T19:39:14.611Z kv-compact: start l0=142 inputs=2 range=267 l0only=1
2026-10-02T19:39:14.627Z kv-compact: end bytes=9448400 ms=16 l0=141 l1=158 rc=0
2026-10-02T19:39:14.627Z kv-compact: start l0=141 inputs=2 range=270 l0only=1
2026-10-02T19:39:14.643Z kv-compact: end bytes=9218359 ms=16 l0=140 l1=158 rc=0
2026-10-02T19:39:14.643Z kv-compact: start l0=140 inputs=2 range=257 l0only=1
2026-10-02T19:39:14.659Z kv-compact: end bytes=8836139 ms=15 l0=139 l1=158 rc=0
2026-10-02T19:39:14.659Z kv-compact: start l0=139 inputs=2 range=264 l0only=1
2026-10-02T19:39:14.671Z kv-compact: end bytes=8648028 ms=12 l0=138 l1=158 rc=0
2026-10-02T19:39:14.671Z kv-compact: start l0=138 inputs=2 range=261 l0only=1
2026-10-02T19:39:14.680Z kv-compact: end bytes=6314561 ms=10 l0=137 l1=158 rc=0
2026-10-02T19:39:14.680Z kv-compact: start l0=137 inputs=2 range=260 l0only=1
2026-10-02T19:39:14.691Z kv-compact: end bytes=5766724 ms=11 l0=136 l1=158 rc=0
2026-10-02T19:39:14.820Z raft-host: apply-sleep us=29755 group=0 idx=4266406 applied=4266405
2026-10-02T19:39:14.957Z raft-host: apply-sleep us=21047 group=0 idx=4266410 applied=4266409
2026-10-02T19:39:15.009Z raft-host: apply-sleep us=23192 group=0 idx=4266411 applied=4266410
2026-10-02T19:39:15.027Z kv-compact: start l0=145 inputs=2 range=1 l0only=0
2026-10-02T19:39:15.055Z kv-compact: end bytes=18671360 ms=29 l0=144 l1=158 rc=0
2026-10-02T19:39:15.055Z kv-compact: start l0=144 inputs=2 range=258 l0only=1
2026-10-02T19:39:15.069Z kv-compact: end bytes=10259562 ms=14 l0=143 l1=158 rc=0
2026-10-02T19:39:15.069Z kv-compact: start l0=143 inputs=2 range=267 l0only=1
2026-10-02T19:39:15.085Z kv-compact: end bytes=9630296 ms=15 l0=142 l1=158 rc=0
2026-10-02T19:39:15.085Z kv-compact: start l0=142 inputs=2 range=270 l0only=1
2026-10-02T19:39:15.102Z kv-compact: end bytes=9349046 ms=17 l0=141 l1=158 rc=0
2026-10-02T19:39:15.102Z kv-compact: start l0=141 inputs=2 range=257 l0only=1
2026-10-02T19:39:15.118Z kv-compact: end bytes=8906194 ms=17 l0=140 l1=158 rc=0
2026-10-02T19:39:15.118Z kv-compact: start l0=140 inputs=2 range=264 l0only=1
2026-10-02T19:39:15.131Z kv-compact: end bytes=8768970 ms=12 l0=139 l1=158 rc=0
2026-10-02T19:39:15.131Z kv-compact: start l0=139 inputs=2 range=261 l0only=1
2026-10-02T19:39:15.140Z kv-compact: end bytes=6370184 ms=10 l0=138 l1=158 rc=0
2026-10-02T19:39:15.140Z kv-compact: start l0=138 inputs=2 range=260 l0only=1
2026-10-02T19:39:15.152Z kv-compact: end bytes=5818255 ms=11 l0=137 l1=158 rc=0
2026-10-02T19:39:15.152Z kv-compact: start l0=137 inputs=2 range=263 l0only=1
2026-10-02T19:39:15.160Z kv-compact: end bytes=4828096 ms=9 l0=136 l1=158 rc=0
2026-10-02T19:39:15.225Z raft-host: apply-sleep us=75287 group=0 idx=4266416 applied=4266415
2026-10-02T19:39:15.264Z raft-host: apply-sleep us=80845 group=0 idx=4266418 applied=4266415
2026-10-02T19:39:15.360Z raft-host: apply-sleep us=69218 group=0 idx=4266422 applied=4266418
2026-10-02T19:39:15.396Z raft-host: apply-sleep us=63104 group=0 idx=4266423 applied=4266420
2026-10-02T19:39:15.465Z raft-host: apply-sleep us=26415 group=0 idx=4266426 applied=4266425
2026-10-02T19:39:15.514Z kv-compact: start l0=145 inputs=2 range=267 l0only=1
2026-10-02T19:39:15.515Z raft-host: apply-sleep us=33681 group=0 idx=4266428 applied=4266427
2026-10-02T19:39:15.516Z raft-host: apply-sleep us=25511 group=0 idx=4266429 applied=4266427
2026-10-02T19:39:15.531Z kv-compact: end bytes=10357719 ms=18 l0=144 l1=158 rc=0
2026-10-02T19:39:15.531Z kv-compact: start l0=144 inputs=2 range=258 l0only=1
2026-10-02T19:39:15.533Z raft-host: gc-frag group=0 scans=1 records=256 ms=375
2026-10-02T19:39:15.533Z raft-host: gc-pass ms=376 reap=0 frag=376 spread=0 recover=0 fscans=1 fsegs=1 fkeys=257 femit=257 ftomb=0 scans=2 segs=1 keys=257 emit=257 tomb=0
2026-10-02T19:39:15.546Z kv-compact: end bytes=10337039 ms=14 l0=143 l1=158 rc=0
2026-10-02T19:39:15.546Z kv-compact: start l0=143 inputs=2 range=270 l0only=1
2026-10-02T19:39:15.562Z kv-compact: end bytes=9877379 ms=17 l0=142 l1=158 rc=0
2026-10-02T19:39:15.562Z kv-compact: start l0=142 inputs=2 range=264 l0only=1
2026-10-02T19:39:15.575Z kv-compact: end bytes=9261219 ms=13 l0=141 l1=158 rc=0
2026-10-02T19:39:15.575Z kv-compact: start l0=141 inputs=2 range=257 l0only=1
2026-10-02T19:39:15.592Z kv-compact: end bytes=9219990 ms=17 l0=140 l1=158 rc=0
2026-10-02T19:39:15.592Z kv-compact: start l0=140 inputs=2 range=261 l0only=1
2026-10-02T19:39:15.602Z kv-compact: end bytes=6677663 ms=10 l0=139 l1=158 rc=0
2026-10-02T19:39:15.602Z kv-compact: start l0=139 inputs=2 range=260 l0only=1
2026-10-02T19:39:15.614Z kv-compact: end bytes=5921425 ms=12 l0=138 l1=158 rc=0
2026-10-02T19:39:15.614Z kv-compact: start l0=138 inputs=2 range=263 l0only=1
2026-10-02T19:39:15.623Z kv-compact: end bytes=4876519 ms=9 l0=137 l1=158 rc=0
2026-10-02T19:39:15.704Z raft-host: apply-sleep us=50115 group=0 idx=4266436 applied=4266435
2026-10-02T19:39:15.905Z raft-host: apply-sleep us=118543 group=0 idx=4266441 applied=4266440
2026-10-02T19:39:15.905Z kv-compact: start l0=146 inputs=4 range=267 l0only=0
2026-10-02T19:39:16.040Z raft-host: apply-sleep us=60351 group=0 idx=4266446 applied=4266441
2026-10-02T19:39:16.045Z kv-compact: end bytes=90995260 ms=141 l0=144 l1=158 rc=0
2026-10-02T19:39:16.045Z kv-compact: start l0=144 inputs=2 range=258 l0only=1
2026-10-02T19:39:16.059Z kv-compact: end bytes=10364418 ms=14 l0=143 l1=158 rc=0
2026-10-02T19:39:16.060Z kv-compact: start l0=143 inputs=2 range=270 l0only=1
2026-10-02T19:39:16.077Z kv-compact: end bytes=10268710 ms=18 l0=142 l1=158 rc=0
2026-10-02T19:39:16.077Z kv-compact: start l0=142 inputs=2 range=264 l0only=1
2026-10-02T19:39:16.091Z kv-compact: end bytes=9648923 ms=13 l0=141 l1=158 rc=0
2026-10-02T19:39:16.091Z kv-compact: start l0=141 inputs=2 range=257 l0only=1
2026-10-02T19:39:16.109Z kv-compact: end bytes=9494296 ms=18 l0=140 l1=158 rc=0
2026-10-02T19:39:16.109Z kv-compact: start l0=140 inputs=2 range=261 l0only=1
2026-10-02T19:39:16.118Z kv-compact: end bytes=6841843 ms=9 l0=139 l1=158 rc=0
2026-10-02T19:39:16.118Z kv-compact: start l0=139 inputs=2 range=260 l0only=1
2026-10-02T19:39:16.127Z raft-host: apply-sleep us=36549 group=0 idx=4266450 applied=4266449
2026-10-02T19:39:16.130Z kv-compact: end bytes=6078279 ms=12 l0=138 l1=158 rc=0
2026-10-02T19:39:16.130Z kv-compact: start l0=138 inputs=2 range=263 l0only=1
2026-10-02T19:39:16.138Z kv-compact: end bytes=4879672 ms=9 l0=137 l1=158 rc=0
2026-10-02T19:39:16.138Z kv-compact: start l0=137 inputs=2 range=1 l0only=1
2026-10-02T19:39:16.142Z kv-compact: end bytes=1864448 ms=4 l0=136 l1=158 rc=0
2026-10-02T19:39:16.332Z raft-host: apply-sleep us=22341 group=0 idx=4266455 applied=4266454
2026-10-02T19:39:16.358Z kv-compact: start l0=145 inputs=4 range=257 l0only=0
2026-10-02T19:39:16.475Z raft-host: apply-sleep us=40405 group=0 idx=4266460 applied=4266457
2026-10-02T19:39:16.485Z kv-compact: end bytes=81332310 ms=127 l0=143 l1=158 rc=0
2026-10-02T19:39:16.485Z kv-compact: start l0=143 inputs=3 range=1 l0only=0
2026-10-02T19:39:16.519Z kv-compact: end bytes=21789440 ms=34 l0=141 l1=158 rc=0
2026-10-02T19:39:16.519Z kv-compact: start l0=141 inputs=2 range=270 l0only=1
2026-10-02T19:39:16.538Z kv-compact: end bytes=10601705 ms=19 l0=140 l1=158 rc=0
2026-10-02T19:39:16.538Z kv-compact: start l0=140 inputs=2 range=258 l0only=1
2026-10-02T19:39:16.553Z kv-compact: end bytes=10456537 ms=14 l0=139 l1=158 rc=0
2026-10-02T19:39:16.553Z kv-compact: start l0=139 inputs=2 range=264 l0only=1
2026-10-02T19:39:16.567Z kv-compact: end bytes=10014509 ms=15 l0=138 l1=158 rc=0
2026-10-02T19:39:16.567Z kv-compact: start l0=138 inputs=2 range=261 l0only=1
2026-10-02T19:39:16.577Z kv-compact: end bytes=7080474 ms=10 l0=137 l1=158 rc=0
2026-10-02T19:39:16.577Z kv-compact: start l0=137 inputs=2 range=260 l0only=1
2026-10-02T19:39:16.589Z kv-compact: end bytes=6149799 ms=12 l0=136 l1=158 rc=0
2026-10-02T19:39:16.589Z kv-compact: start l0=136 inputs=2 range=263 l0only=1
2026-10-02T19:39:16.598Z kv-compact: end bytes=4894426 ms=9 l0=135 l1=158 rc=0
2026-10-02T19:39:16.614Z raft-host: apply-sleep us=29212 group=0 idx=4266463 applied=4266462
2026-10-02T19:39:16.626Z raft-host: apply-sleep us=39681 group=0 idx=4266464 applied=4266462
2026-10-02T19:39:16.662Z raft-host: apply-sleep us=22195 group=0 idx=4266465 applied=4266464
2026-10-02T19:39:16.754Z raft-host: apply-sleep us=54064 group=0 idx=4266470 applied=4266468
2026-10-02T19:39:16.754Z raft-host: apply-sleep us=54083 group=0 idx=4266469 applied=4266468
2026-10-02T19:39:16.807Z kv-compact: start l0=144 inputs=4 range=270 l0only=0
2026-10-02T19:39:16.809Z raft-host: apply-sleep us=34170 group=0 idx=4266471 applied=4266470
2026-10-02T19:39:16.825Z raft-host: apply-sleep us=41514 group=0 idx=4266475 applied=4266470
2026-10-02T19:39:16.854Z raft-host: apply-sleep us=27971 group=0 idx=4266476 applied=4266475
2026-10-02T19:39:16.911Z raft-host: gc-frag group=0 scans=1 records=256 ms=375
2026-10-02T19:39:16.911Z raft-host: gc-pass ms=375 reap=0 frag=375 spread=0 recover=0 fscans=1 fsegs=1 fkeys=257 femit=257 ftomb=0 scans=2 segs=1 keys=257 emit=257 tomb=0
2026-10-02T19:39:16.949Z kv-compact: end bytes=92915534 ms=141 l0=142 l1=158 rc=0
2026-10-02T19:39:16.949Z kv-compact: start l0=142 inputs=2 range=258 l0only=1
2026-10-02T19:39:16.963Z kv-compact: end bytes=10617338 ms=15 l0=141 l1=158 rc=0
2026-10-02T19:39:16.963Z kv-compact: start l0=141 inputs=2 range=264 l0only=1
2026-10-02T19:39:16.978Z kv-compact: end bytes=10502942 ms=15 l0=140 l1=158 rc=0
2026-10-02T19:39:16.978Z kv-compact: start l0=140 inputs=2 range=261 l0only=1
2026-10-02T19:39:16.988Z kv-compact: end bytes=7421282 ms=10 l0=139 l1=158 rc=0
2026-10-02T19:39:16.988Z kv-compact: start l0=139 inputs=2 range=260 l0only=1
2026-10-02T19:39:16.989Z raft-host: apply-sleep us=23355 group=0 idx=4266482 applied=4266481
2026-10-02T19:39:17.000Z kv-compact: end bytes=6291041 ms=12 l0=138 l1=158 rc=0
2026-10-02T19:39:17.000Z kv-compact: start l0=138 inputs=2 range=263 l0only=1
2026-10-02T19:39:17.009Z kv-compact: end bytes=4915070 ms=9 l0=137 l1=158 rc=0
2026-10-02T19:39:17.009Z kv-compact: start l0=137 inputs=2 range=267 l0only=1
2026-10-02T19:39:17.012Z kv-compact: end bytes=1143043 ms=3 l0=136 l1=158 rc=0
2026-10-02T19:39:17.187Z raft-host: apply-sleep us=21332 group=0 idx=4266487 applied=4266486
2026-10-02T19:39:17.278Z kv-compact: start l0=145 inputs=2 range=258 l0only=1
2026-10-02T19:39:17.293Z kv-compact: end bytes=10683274 ms=14 l0=144 l1=158 rc=0
2026-10-02T19:39:17.293Z kv-compact: start l0=144 inputs=2 range=264 l0only=1
2026-10-02T19:39:17.308Z kv-compact: end bytes=10651103 ms=15 l0=143 l1=158 rc=0
2026-10-02T19:39:17.308Z kv-compact: start l0=143 inputs=2 range=261 l0only=1
2026-10-02T19:39:17.318Z kv-compact: end bytes=7510724 ms=11 l0=142 l1=158 rc=0
2026-10-02T19:39:17.318Z kv-compact: start l0=142 inputs=2 range=260 l0only=1
2026-10-02T19:39:17.331Z kv-compact: end bytes=6401894 ms=12 l0=141 l1=158 rc=0
2026-10-02T19:39:17.331Z kv-compact: start l0=141 inputs=2 range=263 l0only=1
2026-10-02T19:39:17.340Z kv-compact: end bytes=4973278 ms=10 l0=140 l1=158 rc=0
2026-10-02T19:39:17.340Z kv-compact: start l0=140 inputs=2 range=1 l0only=1
2026-10-02T19:39:17.345Z kv-compact: end bytes=2606848 ms=4 l0=139 l1=158 rc=0
2026-10-02T19:39:17.345Z kv-compact: start l0=139 inputs=2 range=267 l0only=1
2026-10-02T19:39:17.348Z kv-compact: end bytes=1385618 ms=4 l0=138 l1=158 rc=0
2026-10-02T19:39:17.348Z kv-compact: start l0=138 inputs=2 range=257 l0only=1
2026-10-02T19:39:17.350Z kv-compact: end bytes=399372 ms=2 l0=137 l1=158 rc=0
2026-10-02T19:39:17.392Z raft-host: apply-sleep us=79062 group=0 idx=4266493 applied=4266490
2026-10-02T19:39:17.582Z raft-host: apply-sleep us=84246 group=0 idx=4266498 applied=4266493
2026-10-02T19:39:17.656Z kv-compact: start l0=146 inputs=4 range=264 l0only=0
2026-10-02T19:39:17.685Z raft-host: apply-sleep us=51017 group=0 idx=4266503 applied=4266498
2026-10-02T19:39:17.788Z kv-compact: end bytes=90441991 ms=133 l0=144 l1=158 rc=0
2026-10-02T19:39:17.789Z kv-compact: start l0=144 inputs=3 range=1 l0only=0
2026-10-02T19:39:17.826Z kv-compact: end bytes=24721920 ms=37 l0=142 l1=158 rc=0
2026-10-02T19:39:17.826Z kv-compact: start l0=142 inputs=2 range=258 l0only=1
2026-10-02T19:39:17.841Z kv-compact: end bytes=10805670 ms=15 l0=141 l1=158 rc=0
2026-10-02T19:39:17.841Z kv-compact: start l0=141 inputs=2 range=261 l0only=1
2026-10-02T19:39:17.852Z kv-compact: end bytes=7837608 ms=12 l0=140 l1=158 rc=0
2026-10-02T19:39:17.852Z kv-compact: start l0=140 inputs=2 range=260 l0only=1
2026-10-02T19:39:17.857Z raft-host: apply-sleep us=23731 group=0 idx=4266506 applied=4266505
2026-10-02T19:39:17.865Z kv-compact: end bytes=6611894 ms=13 l0=139 l1=158 rc=0
2026-10-02T19:39:17.865Z kv-compact: start l0=139 inputs=2 range=263 l0only=1
2026-10-02T19:39:17.875Z kv-compact: end bytes=5053740 ms=10 l0=138 l1=158 rc=0
2026-10-02T19:39:17.875Z kv-compact: start l0=138 inputs=2 range=267 l0only=1
2026-10-02T19:39:17.880Z kv-compact: end bytes=2145011 ms=4 l0=137 l1=158 rc=0
2026-10-02T19:39:17.880Z kv-compact: start l0=137 inputs=2 range=270 l0only=1
2026-10-02T19:39:17.882Z kv-compact: end bytes=733074 ms=3 l0=136 l1=158 rc=0
2026-10-02T19:39:17.882Z kv-compact: start l0=136 inputs=2 range=257 l0only=1
2026-10-02T19:39:17.885Z kv-compact: end bytes=731976 ms=2 l0=135 l1=158 rc=0
2026-10-02T19:39:17.970Z raft-host: apply-sleep us=20852 group=0 idx=4266509 applied=4266508
2026-10-02T19:39:18.087Z raft-host: apply-sleep us=23363 group=0 idx=4266514 applied=4266513
2026-10-02T19:39:18.150Z kv-compact: start l0=144 inputs=2 range=258 l0only=1
2026-10-02T19:39:18.152Z raft-host: apply-sleep us=31365 group=0 idx=4266517 applied=4266515
2026-10-02T19:39:18.165Z kv-compact: end bytes=10866045 ms=16 l0=143 l1=158 rc=0
2026-10-02T19:39:18.165Z kv-compact: start l0=143 inputs=2 range=261 l0only=1
2026-10-02T19:39:18.177Z kv-compact: end bytes=7947249 ms=12 l0=142 l1=158 rc=0
2026-10-02T19:39:18.177Z kv-compact: start l0=142 inputs=2 range=260 l0only=1
2026-10-02T19:39:18.190Z kv-compact: end bytes=6840374 ms=13 l0=141 l1=158 rc=0
2026-10-02T19:39:18.190Z kv-compact: start l0=141 inputs=2 range=263 l0only=1
2026-10-02T19:39:18.200Z kv-compact: end bytes=5119750 ms=9 l0=140 l1=158 rc=0
2026-10-02T19:39:18.200Z kv-compact: start l0=140 inputs=2 range=267 l0only=1
2026-10-02T19:39:18.205Z kv-compact: end bytes=2486456 ms=6 l0=139 l1=158 rc=0
2026-10-02T19:39:18.205Z kv-compact: start l0=139 inputs=2 range=270 l0only=1
2026-10-02T19:39:18.208Z kv-compact: end bytes=1018728 ms=3 l0=138 l1=158 rc=0
2026-10-02T19:39:18.208Z kv-compact: start l0=138 inputs=2 range=257 l0only=1
2026-10-02T19:39:18.211Z kv-compact: end bytes=944205 ms=2 l0=137 l1=158 rc=0
2026-10-02T19:39:18.242Z raft-host: apply-sleep us=28739 group=0 idx=4266522 applied=4266518
2026-10-02T19:39:18.242Z raft-host: apply-sleep us=59724 group=0 idx=4266521 applied=4266518
2026-10-02T19:39:18.287Z raft-obs: tx->1 enq=20056 drop=0 sent=20055 fail=0 hi=15 rtt_avg=36us get_avg=451us get_max=9049ms
2026-10-02T19:39:18.287Z raft-obs: tx->2 enq=19993 drop=0 sent=19992 fail=0 hi=13 rtt_avg=35us get_avg=447us get_max=8934ms
2026-10-02T19:39:18.287Z raft-obs: wait_timeouts=0 pump_hold_max=37228us lock_wait_max=4978us drain_max=37228us tick_max=6us apply_max=37157us persist_max=11691us applies_in_worst=4 arc_miss=0 arc_term_miss=0 opid_replay=0 fin_q=0 fin_done=0 fin_drop=0 fin_full=0 pub_p50=0us pub_max=0us inbox_drop=0
2026-10-02T19:39:18.319Z raft-host: apply-sleep us=73430 group=0 idx=4266525 applied=4266522
2026-10-02T19:39:18.319Z raft-host: gc-frag group=0 scans=1 records=256 ms=398
2026-10-02T19:39:18.319Z raft-host: gc-pass ms=404 reap=0 frag=398 spread=0 recover=0 fscans=1 fsegs=1 fkeys=257 femit=257 ftomb=0 scans=2 segs=1 keys=257 emit=257 tomb=0
2026-10-02T19:39:18.443Z raft-host: apply-sleep us=68490 group=0 idx=4266528 applied=4266527
2026-10-02T19:39:18.600Z kv-compact: start l0=146 inputs=4 range=258 l0only=0
2026-10-02T19:39:18.601Z raft-host: apply-sleep us=63072 group=0 idx=4266533 applied=4266530
2026-10-02T19:39:18.724Z kv-compact: end bytes=90900101 ms=125 l0=144 l1=158 rc=0
2026-10-02T19:39:18.724Z kv-compact: start l0=144 inputs=2 range=261 l0only=1
2026-10-02T19:39:18.737Z kv-compact: end bytes=8180699 ms=12 l0=143 l1=158 rc=0
2026-10-02T19:39:18.737Z kv-compact: start l0=143 inputs=2 range=260 l0only=1
2026-10-02T19:39:18.750Z kv-compact: end bytes=7140470 ms=13 l0=142 l1=158 rc=0
2026-10-02T19:39:18.750Z kv-compact: start l0=142 inputs=2 range=263 l0only=1
2026-10-02T19:39:18.760Z kv-compact: end bytes=5341286 ms=9 l0=141 l1=158 rc=0
2026-10-02T19:39:18.760Z kv-compact: start l0=141 inputs=2 range=267 l0only=1
2026-10-02T19:39:18.766Z kv-compact: end bytes=3075817 ms=6 l0=140 l1=158 rc=0
2026-10-02T19:39:18.766Z kv-compact: start l0=140 inputs=2 range=1 l0only=1
2026-10-02T19:39:18.770Z kv-compact: end bytes=2161408 ms=5 l0=139 l1=158 rc=0
2026-10-02T19:39:18.770Z kv-compact: start l0=139 inputs=2 range=270 l0only=1
2026-10-02T19:39:18.772Z raft-host: apply-sleep us=20368 group=0 idx=4266539 applied=4266538
2026-10-02T19:39:18.774Z kv-compact: end bytes=1469837 ms=4 l0=138 l1=158 rc=0
2026-10-02T19:39:18.774Z kv-compact: start l0=138 inputs=2 range=257 l0only=1
2026-10-02T19:39:18.777Z kv-compact: end bytes=1214578 ms=3 l0=137 l1=158 rc=0
2026-10-02T19:39:18.777Z kv-compact: start l0=137 inputs=2 range=264 l0only=1
2026-10-02T19:39:18.780Z kv-compact: end bytes=660293 ms=2 l0=136 l1=158 rc=0
2026-10-02T19:39:18.825Z raft-host: apply-sleep us=31056 group=0 idx=4266540 applied=4266539
2026-10-02T19:39:18.943Z raft-host: apply-sleep us=31283 group=0 idx=4266544 applied=4266543
2026-10-02T19:39:18.976Z kv-compact: start l0=145 inputs=3 range=1 l0only=0
2026-10-02T19:39:19.018Z kv-compact: end bytes=28582400 ms=42 l0=143 l1=158 rc=0
2026-10-02T19:39:19.018Z kv-compact: start l0=143 inputs=2 range=261 l0only=1
2026-10-02T19:39:19.030Z kv-compact: end bytes=8346381 ms=12 l0=142 l1=158 rc=0
2026-10-02T19:39:19.030Z kv-compact: start l0=142 inputs=2 range=260 l0only=1
2026-10-02T19:39:19.044Z kv-compact: end bytes=7286014 ms=14 l0=141 l1=158 rc=0
2026-10-02T19:39:19.044Z kv-compact: start l0=141 inputs=2 range=263 l0only=1
2026-10-02T19:39:19.054Z kv-compact: end bytes=5385722 ms=10 l0=140 l1=158 rc=0
2026-10-02T19:39:19.054Z kv-compact: start l0=140 inputs=2 range=267 l0only=1
2026-10-02T19:39:19.060Z kv-compact: end bytes=3350657 ms=6 l0=139 l1=158 rc=0
2026-10-02T19:39:19.060Z kv-compact: start l0=139 inputs=2 range=270 l0only=1
2026-10-02T19:39:19.064Z kv-compact: end bytes=1680935 ms=4 l0=138 l1=158 rc=0
2026-10-02T19:39:19.064Z kv-compact: start l0=138 inputs=2 range=257 l0only=1
2026-10-02T19:39:19.067Z kv-compact: end bytes=1353501 ms=4 l0=137 l1=158 rc=0
2026-10-02T19:39:19.067Z kv-compact: start l0=137 inputs=2 range=264 l0only=1
2026-10-02T19:39:19.070Z kv-compact: end bytes=881507 ms=2 l0=136 l1=158 rc=0
2026-10-02T19:39:19.080Z raft-host: apply-sleep us=65462 group=0 idx=4266548 applied=4266546
2026-10-02T19:39:19.200Z raft-host: apply-sleep us=44291 group=0 idx=4266551 applied=4266548
2026-10-02T19:39:19.273Z raft-host: apply-sleep us=20887 group=0 idx=4266553 applied=4266552
2026-10-02T19:39:19.359Z raft-host: apply-sleep us=20004 group=0 idx=4266556 applied=4266555
2026-10-02T19:39:19.439Z raft-host: apply-sleep us=27515 group=0 idx=4266561 applied=4266560
2026-10-02T19:39:19.470Z kv-compact: start l0=145 inputs=2 range=261 l0only=1
2026-10-02T19:39:19.471Z raft-host: apply-sleep us=24613 group=0 idx=4266562 applied=4266561
2026-10-02T19:39:19.485Z kv-compact: end bytes=8567360 ms=15 l0=144 l1=158 rc=0
2026-10-02T19:39:19.485Z kv-compact: start l0=144 inputs=2 range=260 l0only=1
2026-10-02T19:39:19.499Z kv-compact: end bytes=7457962 ms=15 l0=143 l1=158 rc=0
2026-10-02T19:39:19.499Z kv-compact: start l0=143 inputs=2 range=263 l0only=1
2026-10-02T19:39:19.510Z kv-compact: end bytes=5596538 ms=11 l0=142 l1=158 rc=0
2026-10-02T19:39:19.510Z kv-compact: start l0=142 inputs=2 range=267 l0only=1
2026-10-02T19:39:19.517Z kv-compact: end bytes=3810238 ms=7 l0=141 l1=158 rc=0
2026-10-02T19:39:19.517Z kv-compact: start l0=141 inputs=2 range=270 l0only=1
2026-10-02T19:39:19.522Z kv-compact: end bytes=2051188 ms=4 l0=140 l1=158 rc=0
2026-10-02T19:39:19.522Z kv-compact: start l0=140 inputs=2 range=257 l0only=1
2026-10-02T19:39:19.525Z kv-compact: end bytes=1561370 ms=4 l0=139 l1=158 rc=0
2026-10-02T19:39:19.525Z kv-compact: start l0=139 inputs=2 range=264 l0only=1
2026-10-02T19:39:19.529Z kv-compact: end bytes=1222212 ms=3 l0=138 l1=158 rc=0
2026-10-02T19:39:19.529Z kv-compact: start l0=138 inputs=2 range=258 l0only=1
2026-10-02T19:39:19.530Z kv-compact: end bytes=222238 ms=2 l0=137 l1=158 rc=0
2026-10-02T19:39:19.547Z raft-host: gc-frag group=0 scans=1 records=256 ms=224
2026-10-02T19:39:19.547Z raft-host: gc-pass ms=225 reap=0 frag=224 spread=0 recover=0 fscans=1 fsegs=1 fkeys=257 femit=257 ftomb=0 scans=2 segs=1 keys=257 emit=257 tomb=0
2026-10-02T19:39:19.845Z raft-host: apply-sleep us=45660 group=0 idx=4266578 applied=4266577
2026-10-02T19:39:19.872Z kv-compact: start l0=146 inputs=2 range=261 l0only=1
2026-10-02T19:39:19.884Z kv-compact: end bytes=8651080 ms=12 l0=145 l1=158 rc=0
2026-10-02T19:39:19.885Z kv-compact: start l0=145 inputs=2 range=260 l0only=1
2026-10-02T19:39:19.898Z kv-compact: end bytes=7612857 ms=14 l0=144 l1=158 rc=0
2026-10-02T19:39:19.898Z kv-compact: start l0=144 inputs=2 range=263 l0only=1
2026-10-02T19:39:19.914Z kv-compact: end bytes=5746697 ms=16 l0=143 l1=158 rc=0
2026-10-02T19:39:19.914Z kv-compact: start l0=143 inputs=2 range=267 l0only=1
2026-10-02T19:39:19.922Z kv-compact: end bytes=4090391 ms=8 l0=142 l1=158 rc=0
2026-10-02T19:39:19.922Z kv-compact: start l0=142 inputs=2 range=1 l0only=1
2026-10-02T19:39:19.927Z kv-compact: end bytes=2792448 ms=5 l0=141 l1=158 rc=0
2026-10-02T19:39:19.927Z kv-compact: start l0=141 inputs=2 range=270 l0only=1
2026-10-02T19:39:19.932Z kv-compact: end bytes=2286771 ms=5 l0=140 l1=158 rc=0
2026-10-02T19:39:19.932Z kv-compact: start l0=140 inputs=2 range=257 l0only=1
2026-10-02T19:39:19.936Z kv-compact: end bytes=1740737 ms=4 l0=139 l1=158 rc=0
2026-10-02T19:39:19.936Z kv-compact: start l0=139 inputs=2 range=264 l0only=1
2026-10-02T19:39:19.939Z kv-compact: end bytes=1363074 ms=3 l0=138 l1=158 rc=0
2026-10-02T19:39:19.939Z kv-compact: start l0=138 inputs=2 range=258 l0only=1
2026-10-02T19:39:19.941Z kv-compact: end bytes=270082 ms=2 l0=137 l1=158 rc=0
2026-10-02T19:39:19.997Z raft-host: apply-sleep us=56771 group=0 idx=4266583 applied=4266580
2026-10-02T19:39:20.140Z raft-host: apply-sleep us=33510 group=0 idx=4266588 applied=4266586
2026-10-02T19:39:20.224Z raft-host: apply-sleep us=28036 group=0 idx=4266592 applied=4266591
2026-10-02T19:39:20.280Z raft-host: apply-sleep us=26787 group=0 idx=4266593 applied=4266592
2026-10-02T19:39:20.338Z kv-compact: start l0=146 inputs=3 range=1 l0only=0
2026-10-02T19:39:20.339Z raft-host: apply-sleep us=38566 group=0 idx=4266594 applied=4266593
2026-10-02T19:39:20.386Z kv-compact: end bytes=32192320 ms=47 l0=144 l1=158 rc=0
2026-10-02T19:39:20.386Z kv-compact: start l0=144 inputs=2 range=261 l0only=1
2026-10-02T19:39:20.399Z kv-compact: end bytes=8851364 ms=13 l0=143 l1=158 rc=0
2026-10-02T19:39:20.399Z kv-compact: start l0=143 inputs=2 range=260 l0only=1
2026-10-02T19:39:20.413Z kv-compact: end bytes=7804211 ms=15 l0=142 l1=158 rc=0
2026-10-02T19:39:20.413Z kv-compact: start l0=142 inputs=2 range=263 l0only=1
2026-10-02T19:39:20.424Z kv-compact: end bytes=5899003 ms=10 l0=141 l1=158 rc=0
2026-10-02T19:39:20.424Z kv-compact: start l0=141 inputs=2 range=267 l0only=1
2026-10-02T19:39:20.433Z kv-compact: end bytes=4599721 ms=9 l0=140 l1=158 rc=0
2026-10-02T19:39:20.433Z kv-compact: start l0=140 inputs=2 range=270 l0only=1
2026-10-02T19:39:20.438Z kv-compact: end bytes=2693222 ms=6 l0=139 l1=158 rc=0
2026-10-02T19:39:20.438Z kv-compact: start l0=139 inputs=2 range=257 l0only=1
2026-10-02T19:39:20.442Z kv-compact: end bytes=2014685 ms=4 l0=138 l1=158 rc=0
2026-10-02T19:39:20.442Z kv-compact: start l0=138 inputs=2 range=264 l0only=1
2026-10-02T19:39:20.446Z kv-compact: end bytes=1739199 ms=4 l0=137 l1=158 rc=0
2026-10-02T19:39:20.446Z kv-compact: start l0=137 inputs=2 range=258 l0only=1
2026-10-02T19:39:20.448Z kv-compact: end bytes=497423 ms=2 l0=136 l1=158 rc=0
2026-10-02T19:39:20.456Z raft-host: apply-sleep us=44929 group=0 idx=4266598 applied=4266597
2026-10-02T19:39:20.651Z raft-host: apply-sleep us=20854 group=0 idx=4266606 applied=4266605
2026-10-02T19:39:20.697Z raft-host: apply-sleep us=20050 group=0 idx=4266609 applied=4266607
2026-10-02T19:39:20.751Z raft-host: apply-sleep us=25837 group=0 idx=4266611 applied=4266610
2026-10-02T19:39:20.839Z kv-compact: start l0=145 inputs=2 range=261 l0only=1
2026-10-02T19:39:20.853Z kv-compact: end bytes=9002308 ms=13 l0=144 l1=158 rc=0
2026-10-02T19:39:20.853Z kv-compact: start l0=144 inputs=2 range=260 l0only=1
2026-10-02T19:39:20.868Z kv-compact: end bytes=7908701 ms=15 l0=143 l1=158 rc=0
2026-10-02T19:39:20.868Z kv-compact: start l0=143 inputs=2 range=263 l0only=1
2026-10-02T19:39:20.874Z raft-host: apply-sleep us=95735 group=0 idx=4266616 applied=4266611
2026-10-02T19:39:20.874Z raft-host: apply-sleep us=96032 group=0 idx=4266615 applied=4266611
2026-10-02T19:39:20.878Z kv-compact: end bytes=6002204 ms=11 l0=142 l1=158 rc=0
2026-10-02T19:39:20.879Z kv-compact: start l0=142 inputs=2 range=267 l0only=1
2026-10-02T19:39:20.887Z kv-compact: end bytes=4936063 ms=9 l0=141 l1=158 rc=0
2026-10-02T19:39:20.887Z kv-compact: start l0=141 inputs=2 range=270 l0only=1
2026-10-02T19:39:20.893Z kv-compact: end bytes=2973697 ms=5 l0=140 l1=158 rc=0
2026-10-02T19:39:20.893Z kv-compact: start l0=140 inputs=2 range=257 l0only=1
2026-10-02T19:39:20.898Z kv-compact: end bytes=2180763 ms=5 l0=139 l1=158 rc=0
2026-10-02T19:39:20.898Z kv-compact: start l0=139 inputs=2 range=264 l0only=1
2026-10-02T19:39:20.902Z kv-compact: end bytes=2003896 ms=4 l0=138 l1=158 rc=0
2026-10-02T19:39:20.902Z kv-compact: start l0=138 inputs=2 range=258 l0only=1
2026-10-02T19:39:20.904Z kv-compact: end bytes=596304 ms=3 l0=137 l1=158 rc=0
2026-10-02T19:39:20.915Z raft-host: apply-sleep us=37637 group=0 idx=4266617 applied=4266616
2026-10-02T19:39:20.915Z raft-host: gc-frag group=0 scans=1 records=256 ms=365
2026-10-02T19:39:20.915Z raft-host: gc-pass ms=365 reap=0 frag=365 spread=0 recover=0 fscans=1 fsegs=1 fkeys=257 femit=257 ftomb=0 scans=2 segs=1 keys=257 emit=257 tomb=0
2026-10-02T19:39:21.065Z raft-host: apply-sleep us=54706 group=0 idx=4266622 applied=4266618
2026-10-02T19:39:21.173Z raft-host: apply-sleep us=38736 group=0 idx=4266624 applied=4266623
2026-10-02T19:39:21.219Z kv-compact: start l0=146 inputs=2 range=261 l0only=1
2026-10-02T19:39:21.220Z raft-host: apply-sleep us=20021 group=0 idx=4266625 applied=4266624
2026-10-02T19:39:21.232Z kv-compact: end bytes=9249369 ms=12 l0=145 l1=158 rc=0
2026-10-02T19:39:21.232Z kv-compact: start l0=145 inputs=2 range=260 l0only=1
2026-10-02T19:39:21.247Z kv-compact: end bytes=8074370 ms=15 l0=144 l1=158 rc=0
2026-10-02T19:39:21.247Z kv-compact: start l0=144 inputs=2 range=263 l0only=1
2026-10-02T19:39:21.257Z kv-compact: end bytes=6114904 ms=11 l0=143 l1=158 rc=0
2026-10-02T19:39:21.257Z kv-compact: start l0=143 inputs=2 range=267 l0only=1
2026-10-02T19:39:21.266Z kv-compact: end bytes=5457790 ms=9 l0=142 l1=158 rc=0
2026-10-02T19:39:21.266Z kv-compact: start l0=142 inputs=2 range=270 l0only=1
2026-10-02T19:39:21.272Z kv-compact: end bytes=3366424 ms=6 l0=141 l1=158 rc=0
2026-10-02T19:39:21.273Z kv-compact: start l0=141 inputs=2 range=257 l0only=1
2026-10-02T19:39:21.277Z kv-compact: end bytes=2414052 ms=5 l0=140 l1=158 rc=0
2026-10-02T19:39:21.277Z kv-compact: start l0=140 inputs=2 range=1 l0only=1
2026-10-02T19:39:21.282Z kv-compact: end bytes=2402688 ms=4 l0=139 l1=158 rc=0
2026-10-02T19:39:21.282Z kv-compact: start l0=139 inputs=2 range=264 l0only=1
2026-10-02T19:39:21.286Z kv-compact: end bytes=2388934 ms=5 l0=138 l1=158 rc=0
2026-10-02T19:39:21.286Z kv-compact: start l0=138 inputs=2 range=258 l0only=1
2026-10-02T19:39:21.289Z kv-compact: end bytes=898445 ms=2 l0=137 l1=158 rc=0
2026-10-02T19:39:21.433Z raft-host: apply-sleep us=27244 group=0 idx=4266631 applied=4266630
2026-10-02T19:39:21.470Z raft-host: apply-sleep us=22741 group=0 idx=4266633 applied=4266631
2026-10-02T19:39:21.652Z raft-host: apply-sleep us=83186 group=0 idx=4266636 applied=4266635
2026-10-02T19:39:21.670Z kv-compact: start l0=146 inputs=2 range=261 l0only=1
2026-10-02T19:39:21.683Z kv-compact: end bytes=9398059 ms=13 l0=145 l1=158 rc=0
2026-10-02T19:39:21.683Z kv-compact: start l0=145 inputs=2 range=260 l0only=1
2026-10-02T19:39:21.698Z kv-compact: end bytes=8162437 ms=14 l0=144 l1=158 rc=0
2026-10-02T19:39:21.698Z kv-compact: start l0=144 inputs=2 range=263 l0only=1
2026-10-02T19:39:21.709Z kv-compact: end bytes=6209820 ms=11 l0=143 l1=158 rc=0
2026-10-02T19:39:21.709Z kv-compact: start l0=143 inputs=2 range=267 l0only=1
2026-10-02T19:39:21.719Z kv-compact: end bytes=5789946 ms=10 l0=142 l1=158 rc=0
2026-10-02T19:39:21.719Z kv-compact: start l0=142 inputs=2 range=1 l0only=1
2026-10-02T19:39:21.726Z kv-compact: end bytes=3971008 ms=7 l0=141 l1=158 rc=0
2026-10-02T19:39:21.726Z kv-compact: start l0=141 inputs=2 range=270 l0only=1
2026-10-02T19:39:21.732Z kv-compact: end bytes=3620930 ms=7 l0=140 l1=158 rc=0
2026-10-02T19:39:21.733Z kv-compact: start l0=140 inputs=2 range=264 l0only=1
2026-10-02T19:39:21.738Z kv-compact: end bytes=2608625 ms=5 l0=139 l1=158 rc=0
2026-10-02T19:39:21.738Z kv-compact: start l0=139 inputs=2 range=257 l0only=1
2026-10-02T19:39:21.743Z kv-compact: end bytes=2579325 ms=6 l0=138 l1=158 rc=0
2026-10-02T19:39:21.743Z kv-compact: start l0=138 inputs=2 range=258 l0only=1
2026-10-02T19:39:21.746Z kv-compact: end bytes=1090140 ms=3 l0=137 l1=158 rc=0
2026-10-02T19:39:21.752Z raft-host: apply-sleep us=41136 group=0 idx=4266640 applied=4266637
2026-10-02T19:39:21.826Z raft-host: apply-sleep us=25222 group=0 idx=4266644 applied=4266643
2026-10-02T19:39:21.890Z raft-host: apply-sleep us=28592 group=0 idx=4266646 applied=4266645
2026-10-02T19:39:21.964Z raft-host: apply-sleep us=22681 group=0 idx=4266648 applied=4266647
2026-10-02T19:39:22.017Z raft-host: apply-sleep us=37441 group=0 idx=4266650 applied=4266649
2026-10-02T19:39:22.019Z raft-host: apply-sleep us=30701 group=0 idx=4266651 applied=4266649
2026-10-02T19:39:22.095Z kv-compact: start l0=146 inputs=3 range=1 l0only=0
2026-10-02T19:39:22.096Z raft-host: apply-sleep us=39819 group=0 idx=4266654 applied=4266653
2026-10-02T19:39:22.150Z kv-compact: end bytes=37185250 ms=55 l0=144 l1=158 rc=0
2026-10-02T19:39:22.150Z kv-compact: start l0=144 inputs=2 range=261 l0only=1
2026-10-02T19:39:22.156Z raft-host: apply-sleep us=30050 group=0 idx=4266658 applied=4266657
2026-10-02T19:39:22.157Z raft-host: apply-sleep us=28919 group=0 idx=4266659 applied=4266657
2026-10-02T19:39:22.164Z kv-compact: end bytes=9572100 ms=13 l0=143 l1=158 rc=0
2026-10-02T19:39:22.164Z kv-compact: start l0=143 inputs=2 range=260 l0only=1
2026-10-02T19:39:22.179Z kv-compact: end bytes=8375689 ms=15 l0=142 l1=158 rc=0
2026-10-02T19:39:22.179Z kv-compact: start l0=142 inputs=2 range=263 l0only=1
2026-10-02T19:39:22.189Z kv-compact: end bytes=6330496 ms=11 l0=141 l1=158 rc=0
2026-10-02T19:39:22.189Z kv-compact: start l0=141 inputs=2 range=267 l0only=1
2026-10-02T19:39:22.200Z kv-compact: end bytes=6237774 ms=11 l0=140 l1=158 rc=0
2026-10-02T19:39:22.200Z kv-compact: start l0=140 inputs=2 range=270 l0only=1
2026-10-02T19:39:22.207Z kv-compact: end bytes=4020941 ms=7 l0=139 l1=158 rc=0
2026-10-02T19:39:22.207Z kv-compact: start l0=139 inputs=2 range=264 l0only=1
2026-10-02T19:39:22.213Z kv-compact: end bytes=2897781 ms=6 l0=138 l1=158 rc=0
2026-10-02T19:39:22.213Z kv-compact: start l0=138 inputs=2 range=257 l0only=1
2026-10-02T19:39:22.219Z kv-compact: end bytes=2813989 ms=5 l0=137 l1=158 rc=0
2026-10-02T19:39:22.219Z kv-compact: start l0=137 inputs=2 range=258 l0only=1
2026-10-02T19:39:22.222Z kv-compact: end bytes=1273036 ms=3 l0=136 l1=158 rc=0
2026-10-02T19:39:22.225Z raft-host: apply-sleep us=43290 group=0 idx=4266660 applied=4266659
2026-10-02T19:39:22.250Z raft-host: apply-sleep us=21433 group=0 idx=4266663 applied=4266660
2026-10-02T19:39:22.250Z raft-host: gc-frag group=0 scans=1 records=256 ms=331
2026-10-02T19:39:22.250Z raft-host: gc-pass ms=331 reap=0 frag=331 spread=0 recover=0 fscans=1 fsegs=2 fkeys=258 femit=257 ftomb=1 scans=2 segs=2 keys=258 emit=257 tomb=1
2026-10-02T19:39:22.283Z raft-host: apply-sleep us=33714 group=0 idx=4266664 applied=4266662
2026-10-02T19:39:22.402Z raft-host: apply-sleep us=20982 group=0 idx=4266668 applied=4266667
2026-10-02T19:39:22.458Z raft-host: apply-sleep us=27952 group=0 idx=4266670 applied=4266669
2026-10-02T19:39:22.514Z kv-compact: start l0=145 inputs=2 range=261 l0only=1
2026-10-02T19:39:22.528Z kv-compact: end bytes=9757411 ms=14 l0=144 l1=158 rc=0
2026-10-02T19:39:22.528Z kv-compact: start l0=144 inputs=2 range=260 l0only=1
2026-10-02T19:39:22.543Z kv-compact: end bytes=8570994 ms=16 l0=143 l1=158 rc=0
2026-10-02T19:39:22.543Z kv-compact: start l0=143 inputs=2 range=267 l0only=1
2026-10-02T19:39:22.555Z kv-compact: end bytes=6712328 ms=11 l0=142 l1=158 rc=0
2026-10-02T19:39:22.555Z kv-compact: start l0=142 inputs=2 range=263 l0only=1
2026-10-02T19:39:22.566Z kv-compact: end bytes=6415182 ms=11 l0=141 l1=158 rc=0
2026-10-02T19:39:22.566Z kv-compact: start l0=141 inputs=2 range=270 l0only=1
2026-10-02T19:39:22.574Z kv-compact: end bytes=4474726 ms=8 l0=140 l1=158 rc=0
2026-10-02T19:39:22.574Z kv-compact: start l0=140 inputs=2 range=264 l0only=1
2026-10-02T19:39:22.580Z kv-compact: end bytes=3249331 ms=7 l0=139 l1=158 rc=0
2026-10-02T19:39:22.580Z kv-compact: start l0=139 inputs=2 range=257 l0only=1
2026-10-02T19:39:22.581Z raft-host: apply-sleep us=25243 group=0 idx=4266673 applied=4266672
2026-10-02T19:39:22.586Z kv-compact: end bytes=3064753 ms=6 l0=138 l1=158 rc=0
2026-10-02T19:39:22.586Z kv-compact: start l0=138 inputs=2 range=258 l0only=1
2026-10-02T19:39:22.590Z kv-compact: end bytes=1495377 ms=3 l0=137 l1=158 rc=0
2026-10-02T19:39:22.735Z raft-host: apply-sleep us=37723 group=0 idx=4266678 applied=4266677
2026-10-02T19:39:22.841Z raft-host: apply-sleep us=56554 group=0 idx=4266679 applied=4266678
2026-10-02T19:39:22.909Z raft-host: apply-sleep us=30195 group=0 idx=4266681 applied=4266680
2026-10-02T19:39:23.061Z kv-compact: start l0=146 inputs=2 range=261 l0only=1
2026-10-02T19:39:23.076Z kv-compact: end bytes=9943936 ms=15 l0=145 l1=158 rc=0
2026-10-02T19:39:23.076Z kv-compact: start l0=145 inputs=2 range=260 l0only=1
2026-10-02T19:39:23.082Z raft-host: apply-sleep us=58667 group=0 idx=4266685 applied=4266682
2026-10-02T19:39:23.092Z kv-compact: end bytes=8685143 ms=17 l0=144 l1=158 rc=0
2026-10-02T19:39:23.092Z kv-compact: start l0=144 inputs=2 range=267 l0only=1
2026-10-02T19:39:23.104Z kv-compact: end bytes=7134322 ms=11 l0=143 l1=158 rc=0
2026-10-02T19:39:23.104Z kv-compact: start l0=143 inputs=2 range=263 l0only=1
2026-10-02T19:39:23.115Z kv-compact: end bytes=6480226 ms=10 l0=142 l1=158 rc=0
2026-10-02T19:39:23.115Z kv-compact: start l0=142 inputs=2 range=270 l0only=1
2026-10-02T19:39:23.123Z kv-compact: end bytes=4855095 ms=9 l0=141 l1=158 rc=0
2026-10-02T19:39:23.123Z kv-compact: start l0=141 inputs=2 range=264 l0only=1
2026-10-02T19:39:23.130Z kv-compact: end bytes=3574725 ms=7 l0=140 l1=158 rc=0
2026-10-02T19:39:23.130Z kv-compact: start l0=140 inputs=2 range=257 l0only=1
2026-10-02T19:39:23.137Z kv-compact: end bytes=3269954 ms=6 l0=139 l1=158 rc=0
2026-10-02T19:39:23.137Z kv-compact: start l0=139 inputs=2 range=1 l0only=1
2026-10-02T19:39:23.141Z kv-compact: end bytes=2259330 ms=5 l0=138 l1=158 rc=0
2026-10-02T19:39:23.141Z kv-compact: start l0=138 inputs=2 range=258 l0only=1
2026-10-02T19:39:23.145Z kv-compact: end bytes=1609365 ms=4 l0=137 l1=158 rc=0
2026-10-02T19:39:23.195Z raft-host: apply-sleep us=58684 group=0 idx=4266689 applied=4266687
2026-10-02T19:39:23.290Z raft-obs: tx->1 enq=20637 drop=0 sent=20636 fail=0 hi=15 rtt_avg=39us get_avg=438us get_max=9049ms
2026-10-02T19:39:23.290Z raft-obs: tx->2 enq=20395 drop=0 sent=20394 fail=0 hi=13 rtt_avg=36us get_avg=438us get_max=8934ms
2026-10-02T19:39:23.290Z raft-obs: wait_timeouts=0 pump_hold_max=36561us lock_wait_max=3173us drain_max=36560us tick_max=9us apply_max=35807us persist_max=2588us applies_in_worst=3 arc_miss=0 arc_term_miss=0 opid_replay=0 fin_q=0 fin_done=0 fin_drop=0 fin_full=0 pub_p50=0us pub_max=0us inbox_drop=0
2026-10-02T19:39:23.333Z raft-host: apply-sleep us=28763 group=0 idx=4266694 applied=4266693
2026-10-02T19:39:23.335Z raft-host: apply-sleep us=26064 group=0 idx=4266695 applied=4266693
2026-10-02T19:39:23.379Z raft-host: apply-sleep us=20351 group=0 idx=4266697 applied=4266695
2026-10-02T19:39:23.420Z kv-compact: start l0=146 inputs=2 range=261 l0only=1
2026-10-02T19:39:23.421Z raft-host: apply-sleep us=42960 group=0 idx=4266698 applied=4266696
2026-10-02T19:39:23.435Z kv-compact: end bytes=10159119 ms=16 l0=145 l1=158 rc=0
2026-10-02T19:39:23.435Z kv-compact: start l0=145 inputs=2 range=260 l0only=1
2026-10-02T19:39:23.451Z kv-compact: end bytes=8824891 ms=15 l0=144 l1=158 rc=0
2026-10-02T19:39:23.451Z kv-compact: start l0=144 inputs=2 range=267 l0only=1
2026-10-02T19:39:23.464Z kv-compact: end bytes=7580057 ms=13 l0=143 l1=158 rc=0
2026-10-02T19:39:23.464Z kv-compact: start l0=143 inputs=2 range=263 l0only=1
2026-10-02T19:39:23.473Z raft-host: apply-sleep us=30611 group=0 idx=4266703 applied=4266701
2026-10-02T19:39:23.475Z kv-compact: end bytes=6561692 ms=12 l0=142 l1=158 rc=0
2026-10-02T19:39:23.475Z kv-compact: start l0=142 inputs=2 range=270 l0only=1
2026-10-02T19:39:23.484Z kv-compact: end bytes=5392203 ms=9 l0=141 l1=158 rc=0
2026-10-02T19:39:23.484Z kv-compact: start l0=141 inputs=2 range=264 l0only=1
2026-10-02T19:39:23.492Z kv-compact: end bytes=3905023 ms=7 l0=140 l1=158 rc=0
2026-10-02T19:39:23.492Z kv-compact: start l0=140 inputs=2 range=257 l0only=1
2026-10-02T19:39:23.498Z kv-compact: end bytes=3467984 ms=6 l0=139 l1=158 rc=0
2026-10-02T19:39:23.498Z kv-compact: start l0=139 inputs=2 range=1 l0only=1
2026-10-02T19:39:23.504Z kv-compact: end bytes=3312128 ms=7 l0=138 l1=158 rc=0
2026-10-02T19:39:23.504Z kv-compact: start l0=138 inputs=2 range=258 l0only=1
2026-10-02T19:39:23.508Z kv-compact: end bytes=1773833 ms=4 l0=137 l1=158 rc=0
2026-10-02T19:39:23.535Z raft-host: apply-sleep us=22064 group=0 idx=4266707 applied=4266706
2026-10-02T19:39:23.536Z raft-host: apply-sleep us=22453 group=0 idx=4266708 applied=4266706
2026-10-02T19:39:23.536Z raft-host: gc-frag group=0 scans=1 records=256 ms=283
2026-10-02T19:39:23.536Z raft-host: gc-pass ms=283 reap=0 frag=283 spread=0 recover=0 fscans=1 fsegs=2 fkeys=258 femit=257 ftomb=1 scans=2 segs=2 keys=258 emit=257 tomb=1
2026-10-02T19:39:23.796Z raft-host: apply-sleep us=22411 group=0 idx=4266714 applied=4266713
2026-10-02T19:39:23.850Z raft-host: apply-sleep us=22807 group=0 idx=4266715 applied=4266714
2026-10-02T19:39:23.908Z kv-compact: start l0=146 inputs=3 range=1 l0only=0
2026-10-02T19:39:23.909Z raft-host: apply-sleep us=38370 group=0 idx=4266716 applied=4266715
2026-10-02T19:39:23.968Z kv-compact: end bytes=42326080 ms=59 l0=144 l1=158 rc=0
2026-10-02T19:39:23.968Z kv-compact: start l0=144 inputs=2 range=261 l0only=1
2026-10-02T19:39:23.983Z kv-compact: end bytes=10264822 ms=15 l0=143 l1=158 rc=0
2026-10-02T19:39:23.983Z kv-compact: start l0=143 inputs=2 range=260 l0only=1
2026-10-02T19:39:23.999Z kv-compact: end bytes=8918680 ms=16 l0=142 l1=158 rc=0
2026-10-02T19:39:23.999Z kv-compact: start l0=142 inputs=2 range=267 l0only=1
2026-10-02T19:39:24.010Z raft-host: apply-sleep us=21373 group=0 idx=4266720 applied=4266719
2026-10-02T19:39:24.012Z kv-compact: end bytes=7812876 ms=13 l0=141 l1=158 rc=0
2026-10-02T19:39:24.012Z kv-compact: start l0=141 inputs=2 range=263 l0only=1
2026-10-02T19:39:24.024Z kv-compact: end bytes=6670294 ms=11 l0=140 l1=158 rc=0
2026-10-02T19:39:24.024Z kv-compact: start l0=140 inputs=2 range=270 l0only=1
2026-10-02T19:39:24.033Z kv-compact: end bytes=5618496 ms=10 l0=139 l1=158 rc=0
2026-10-02T19:39:24.033Z kv-compact: start l0=139 inputs=2 range=264 l0only=1
2026-10-02T19:39:24.041Z kv-compact: end bytes=4053391 ms=7 l0=138 l1=158 rc=0
2026-10-02T19:39:24.041Z kv-compact: start l0=138 inputs=2 range=257 l0only=1
2026-10-02T19:39:24.048Z kv-compact: end bytes=3583025 ms=6 l0=137 l1=158 rc=0
2026-10-02T19:39:24.048Z kv-compact: start l0=137 inputs=2 range=258 l0only=1
2026-10-02T19:39:24.052Z kv-compact: end bytes=1858284 ms=4 l0=136 l1=158 rc=0
2026-10-02T19:39:24.068Z raft-host: apply-sleep us=20502 group=0 idx=4266722 applied=4266721
2026-10-02T19:39:24.144Z raft-host: apply-sleep us=50896 group=0 idx=4266724 applied=4266722
2026-10-02T19:39:24.280Z raft-host: apply-sleep us=52152 group=0 idx=4266728 applied=4266725
2026-10-02T19:39:24.292Z kv-compact: start l0=145 inputs=4 range=260 l0only=0
2026-10-02T19:39:24.410Z kv-compact: end bytes=73726588 ms=117 l0=143 l1=158 rc=0
2026-10-02T19:39:24.410Z kv-compact: start l0=143 inputs=2 range=261 l0only=1
2026-10-02T19:39:24.425Z kv-compact: end bytes=10449167 ms=15 l0=142 l1=158 rc=0
2026-10-02T19:39:24.425Z kv-compact: start l0=142 inputs=2 range=267 l0only=1
2026-10-02T19:39:24.439Z kv-compact: end bytes=8284854 ms=14 l0=141 l1=158 rc=0
2026-10-02T19:39:24.439Z kv-compact: start l0=141 inputs=2 range=263 l0only=1
2026-10-02T19:39:24.451Z kv-compact: end bytes=6766980 ms=12 l0=140 l1=158 rc=0
2026-10-02T19:39:24.451Z kv-compact: start l0=140 inputs=2 range=270 l0only=1
2026-10-02T19:39:24.461Z kv-compact: end bytes=6165661 ms=11 l0=139 l1=158 rc=0
2026-10-02T19:39:24.461Z kv-compact: start l0=139 inputs=2 range=264 l0only=1
2026-10-02T19:39:24.465Z raft-host: apply-sleep us=89208 group=0 idx=4266735 applied=4266732
2026-10-02T19:39:24.469Z kv-compact: end bytes=4402204 ms=8 l0=138 l1=158 rc=0
2026-10-02T19:39:24.469Z kv-compact: start l0=138 inputs=2 range=257 l0only=1
2026-10-02T19:39:24.476Z kv-compact: end bytes=3840068 ms=7 l0=137 l1=158 rc=0
2026-10-02T19:39:24.476Z kv-compact: start l0=137 inputs=2 range=258 l0only=1
2026-10-02T19:39:24.480Z kv-compact: end bytes=1981127 ms=4 l0=136 l1=158 rc=0
2026-10-02T19:39:24.702Z raft-host: apply-sleep us=30670 group=0 idx=4266745 applied=4266744
2026-10-02T19:39:24.704Z raft-host: apply-sleep us=20848 group=0 idx=4266746 applied=4266744
2026-10-02T19:39:24.763Z kv-compact: start l0=145 inputs=2 range=261 l0only=1
2026-10-02T19:39:24.779Z kv-compact: end bytes=10635766 ms=16 l0=144 l1=158 rc=0
2026-10-02T19:39:24.779Z kv-compact: start l0=144 inputs=2 range=267 l0only=1
2026-10-02T19:39:24.793Z kv-compact: end bytes=8761823 ms=14 l0=143 l1=158 rc=0
2026-10-02T19:39:24.793Z kv-compact: start l0=143 inputs=2 range=263 l0only=1
2026-10-02T19:39:24.806Z kv-compact: end bytes=6864385 ms=12 l0=142 l1=158 rc=0
2026-10-02T19:39:24.806Z kv-compact: start l0=142 inputs=2 range=270 l0only=1
2026-10-02T19:39:24.811Z raft-host: apply-sleep us=37503 group=0 idx=4266752 applied=4266749
2026-10-02T19:39:24.811Z raft-host: apply-sleep us=37523 group=0 idx=4266751 applied=4266749
2026-10-02T19:39:24.817Z kv-compact: end bytes=6698175 ms=11 l0=141 l1=158 rc=0
2026-10-02T19:39:24.817Z kv-compact: start l0=141 inputs=2 range=264 l0only=1
2026-10-02T19:39:24.826Z kv-compact: end bytes=4754881 ms=9 l0=140 l1=158 rc=0
2026-10-02T19:39:24.826Z kv-compact: start l0=140 inputs=2 range=257 l0only=1
2026-10-02T19:39:24.832Z raft-host: gc-frag group=0 scans=1 records=256 ms=292
2026-10-02T19:39:24.832Z raft-host: gc-pass ms=292 reap=0 frag=292 spread=0 recover=0 fscans=1 fsegs=2 fkeys=257 femit=257 ftomb=0 scans=2 segs=2 keys=257 emit=257 tomb=0
2026-10-02T19:39:24.833Z kv-compact: end bytes=4104839 ms=8 l0=139 l1=158 rc=0
2026-10-02T19:39:24.833Z kv-compact: start l0=139 inputs=2 range=258 l0only=1
2026-10-02T19:39:24.838Z kv-compact: end bytes=2105419 ms=4 l0=138 l1=158 rc=0
2026-10-02T19:39:24.838Z kv-compact: start l0=138 inputs=2 range=1 l0only=1
2026-10-02T19:39:24.842Z kv-compact: end bytes=1890770 ms=4 l0=137 l1=158 rc=0
2026-10-02T19:39:24.918Z raft-host: apply-sleep us=30788 group=0 idx=4266755 applied=4266754
2026-10-02T19:39:25.003Z raft-host: apply-sleep us=25352 group=0 idx=4266757 applied=4266756
2026-10-02T19:39:25.101Z raft-host: apply-sleep us=26641 group=0 idx=4266760 applied=4266759
2026-10-02T19:39:25.150Z raft-host: apply-sleep us=22292 group=0 idx=4266762 applied=4266761
2026-10-02T19:39:25.242Z kv-compact: start l0=146 inputs=2 range=261 l0only=1
2026-10-02T19:39:25.244Z raft-host: apply-sleep us=47675 group=0 idx=4266765 applied=4266764
2026-10-02T19:39:25.258Z kv-compact: end bytes=10836298 ms=15 l0=145 l1=158 rc=0
2026-10-02T19:39:25.258Z kv-compact: start l0=145 inputs=2 range=267 l0only=1
2026-10-02T19:39:25.273Z kv-compact: end bytes=9216339 ms=16 l0=144 l1=158 rc=0
2026-10-02T19:39:25.273Z kv-compact: start l0=144 inputs=2 range=270 l0only=1
2026-10-02T19:39:25.285Z kv-compact: end bytes=7133095 ms=11 l0=143 l1=158 rc=0
2026-10-02T19:39:25.285Z kv-compact: start l0=143 inputs=2 range=263 l0only=1
2026-10-02T19:39:25.296Z kv-compact: end bytes=6948427 ms=12 l0=142 l1=158 rc=0
2026-10-02T19:39:25.296Z kv-compact: start l0=142 inputs=2 range=264 l0only=1
2026-10-02T19:39:25.305Z kv-compact: end bytes=5061351 ms=8 l0=141 l1=158 rc=0
2026-10-02T19:39:25.305Z kv-compact: start l0=141 inputs=2 range=257 l0only=1
2026-10-02T19:39:25.310Z raft-host: apply-sleep us=21047 group=0 idx=4266766 applied=4266765
2026-10-02T19:39:25.313Z kv-compact: end bytes=4336605 ms=9 l0=140 l1=158 rc=0
2026-10-02T19:39:25.313Z kv-compact: start l0=140 inputs=2 range=1 l0only=1
2026-10-02T19:39:25.319Z kv-compact: end bytes=3070848 ms=5 l0=139 l1=158 rc=0
2026-10-02T19:39:25.319Z kv-compact: start l0=139 inputs=2 range=258 l0only=1
2026-10-02T19:39:25.324Z kv-compact: end bytes=2211196 ms=5 l0=138 l1=158 rc=0
2026-10-02T19:39:25.324Z kv-compact: start l0=138 inputs=2 range=260 l0only=1
2026-10-02T19:39:25.326Z kv-compact: end bytes=340947 ms=3 l0=137 l1=158 rc=0
2026-10-02T19:39:25.353Z raft-host: apply-sleep us=27870 group=0 idx=4266768 applied=4266767
2026-10-02T19:39:25.432Z raft-host: apply-sleep us=20294 group=0 idx=4266770 applied=4266769
2026-10-02T19:39:25.483Z raft-host: apply-sleep us=24255 group=0 idx=4266772 applied=4266770
2026-10-02T19:39:25.706Z kv-compact: start l0=146 inputs=2 range=261 l0only=1
2026-10-02T19:39:25.709Z raft-host: apply-sleep us=39689 group=0 idx=4266777 applied=4266776
2026-10-02T19:39:25.722Z kv-compact: end bytes=11045128 ms=16 l0=145 l1=158 rc=0
2026-10-02T19:39:25.722Z kv-compact: start l0=145 inputs=2 range=267 l0only=1
2026-10-02T19:39:25.738Z kv-compact: end bytes=9549213 ms=16 l0=144 l1=158 rc=0
2026-10-02T19:39:25.738Z kv-compact: start l0=144 inputs=2 range=270 l0only=1
2026-10-02T19:39:25.751Z kv-compact: end bytes=7474456 ms=13 l0=143 l1=158 rc=0
2026-10-02T19:39:25.751Z kv-compact: start l0=143 inputs=2 range=263 l0only=1
2026-10-02T19:39:25.763Z kv-compact: end bytes=7012505 ms=11 l0=142 l1=158 rc=0
2026-10-02T19:39:25.763Z kv-compact: start l0=142 inputs=2 range=264 l0only=1
2026-10-02T19:39:25.765Z raft-host: apply-sleep us=25604 group=0 idx=4266779 applied=4266777
2026-10-02T19:39:25.772Z kv-compact: end bytes=5321387 ms=10 l0=141 l1=158 rc=0
2026-10-02T19:39:25.772Z kv-compact: start l0=141 inputs=2 range=1 l0only=1
2026-10-02T19:39:25.781Z kv-compact: end bytes=4537088 ms=8 l0=140 l1=158 rc=0
2026-10-02T19:39:25.781Z kv-compact: start l0=140 inputs=2 range=257 l0only=1
2026-10-02T19:39:25.789Z kv-compact: end bytes=4483115 ms=9 l0=139 l1=158 rc=0
2026-10-02T19:39:25.789Z kv-compact: start l0=139 inputs=2 range=258 l0only=1
2026-10-02T19:39:25.794Z kv-compact: end bytes=2378327 ms=5 l0=138 l1=158 rc=0
2026-10-02T19:39:25.794Z kv-compact: start l0=138 inputs=2 range=260 l0only=1
2026-10-02T19:39:25.796Z kv-compact: end bytes=446590 ms=2 l0=137 l1=158 rc=0
2026-10-02T19:39:25.856Z raft-host: apply-sleep us=40005 group=0 idx=4266781 applied=4266780
2026-10-02T19:39:25.885Z raft-host: apply-sleep us=24688 group=0 idx=4266783 applied=4266781
2026-10-02T19:39:26.004Z raft-host: apply-sleep us=39157 group=0 idx=4266789 applied=4266787
2026-10-02T19:39:26.042Z raft-host: apply-sleep us=37093 group=0 idx=4266790 applied=4266789
2026-10-02T19:39:26.102Z kv-compact: start l0=146 inputs=4 range=261 l0only=0
2026-10-02T19:39:26.105Z raft-host: apply-sleep us=37669 group=0 idx=4266794 applied=4266791
2026-10-02T19:39:26.161Z raft-host: apply-sleep us=56975 group=0 idx=4266795 applied=4266793
2026-10-02T19:39:26.163Z raft-host: apply-sleep us=54249 group=0 idx=4266796 applied=4266794
2026-10-02T19:39:26.163Z raft-host: gc-frag group=0 scans=1 records=256 ms=328
2026-10-02T19:39:26.163Z raft-host: gc-pass ms=328 reap=0 frag=328 spread=0 recover=0 fscans=1 fsegs=2 fkeys=258 femit=257 ftomb=1 scans=2 segs=2 keys=258 emit=257 tomb=1
2026-10-02T19:39:26.234Z kv-compact: end bytes=90212458 ms=132 l0=144 l1=158 rc=0
2026-10-02T19:39:26.234Z kv-compact: start l0=144 inputs=3 range=1 l0only=0
2026-10-02T19:39:26.270Z raft-host: apply-sleep us=54894 group=0 idx=4266798 applied=4266797
2026-10-02T19:39:26.302Z kv-compact: end bytes=47854350 ms=69 l0=142 l1=158 rc=0
2026-10-02T19:39:26.302Z kv-compact: start l0=142 inputs=2 range=267 l0only=1
2026-10-02T19:39:26.319Z kv-compact: end bytes=10043979 ms=17 l0=141 l1=158 rc=0
2026-10-02T19:39:26.319Z kv-compact: start l0=141 inputs=2 range=270 l0only=1
2026-10-02T19:39:26.326Z raft-host: apply-sleep us=29403 group=0 idx=4266800 applied=4266799
2026-10-02T19:39:26.332Z kv-compact: end bytes=7903930 ms=13 l0=140 l1=158 rc=0
2026-10-02T19:39:26.332Z kv-compact: start l0=140 inputs=2 range=263 l0only=1
2026-10-02T19:39:26.345Z kv-compact: end bytes=7143324 ms=13 l0=139 l1=158 rc=0
2026-10-02T19:39:26.345Z kv-compact: start l0=139 inputs=2 range=264 l0only=1
2026-10-02T19:39:26.355Z kv-compact: end bytes=5646760 ms=9 l0=138 l1=158 rc=0
2026-10-02T19:39:26.355Z kv-compact: start l0=138 inputs=2 range=257 l0only=1
2026-10-02T19:39:26.363Z kv-compact: end bytes=4738226 ms=9 l0=137 l1=158 rc=0
2026-10-02T19:39:26.364Z kv-compact: start l0=137 inputs=2 range=258 l0only=1
2026-10-02T19:39:26.369Z kv-compact: end bytes=2496984 ms=5 l0=136 l1=158 rc=0
2026-10-02T19:39:26.369Z kv-compact: start l0=136 inputs=2 range=260 l0only=1
2026-10-02T19:39:26.371Z kv-compact: end bytes=594509 ms=2 l0=135 l1=158 rc=0
2026-10-02T19:39:26.438Z raft-host: apply-sleep us=20586 group=0 idx=4266803 applied=4266802
2026-10-02T19:39:26.482Z raft-host: apply-sleep us=20393 group=0 idx=4266804 applied=4266803
2026-10-02T19:39:26.574Z kv-compact: start l0=144 inputs=2 range=267 l0only=1
2026-10-02T19:39:26.576Z raft-host: apply-sleep us=45809 group=0 idx=4266807 applied=4266805
2026-10-02T19:39:26.591Z kv-compact: end bytes=10461217 ms=17 l0=143 l1=158 rc=0
2026-10-02T19:39:26.591Z kv-compact: start l0=143 inputs=2 range=270 l0only=1
2026-10-02T19:39:26.605Z kv-compact: end bytes=8269326 ms=14 l0=142 l1=158 rc=0
2026-10-02T19:39:26.605Z kv-compact: start l0=142 inputs=2 range=263 l0only=1
2026-10-02T19:39:26.618Z kv-compact: end bytes=7258043 ms=12 l0=141 l1=158 rc=0
2026-10-02T19:39:26.618Z kv-compact: start l0=141 inputs=2 range=264 l0only=1
2026-10-02T19:39:26.628Z kv-compact: end bytes=5935945 ms=11 l0=140 l1=158 rc=0
2026-10-02T19:39:26.628Z kv-compact: start l0=140 inputs=2 range=257 l0only=1
2026-10-02T19:39:26.637Z kv-compact: end bytes=5007988 ms=8 l0=139 l1=158 rc=0
2026-10-02T19:39:26.637Z kv-compact: start l0=139 inputs=2 range=258 l0only=1
2026-10-02T19:39:26.642Z kv-compact: end bytes=2602922 ms=5 l0=138 l1=158 rc=0
2026-10-02T19:39:26.642Z kv-compact: start l0=138 inputs=2 range=260 l0only=1
2026-10-02T19:39:26.644Z kv-compact: end bytes=805942 ms=3 l0=137 l1=158 rc=0
2026-10-02T19:39:26.912Z raft-host: apply-sleep us=33341 group=0 idx=4266816 applied=4266815
2026-10-02T19:39:26.968Z raft-host: apply-sleep us=26443 group=0 idx=4266817 applied=4266816
2026-10-02T19:39:27.050Z kv-compact: start l0=146 inputs=2 range=267 l0only=1
2026-10-02T19:39:27.051Z raft-host: apply-sleep us=37102 group=0 idx=4266819 applied=4266818
2026-10-02T19:39:27.068Z kv-compact: end bytes=10763588 ms=18 l0=145 l1=158 rc=0
2026-10-02T19:39:27.068Z kv-compact: start l0=145 inputs=2 range=270 l0only=1
2026-10-02T19:39:27.082Z kv-compact: end bytes=8541107 ms=15 l0=144 l1=158 rc=0
2026-10-02T19:39:27.082Z kv-compact: start l0=144 inputs=2 range=263 l0only=1
2026-10-02T19:39:27.094Z kv-compact: end bytes=7299098 ms=12 l0=143 l1=158 rc=0
2026-10-02T19:39:27.094Z kv-compact: start l0=143 inputs=2 range=264 l0only=1
2026-10-02T19:39:27.105Z kv-compact: end bytes=6155050 ms=10 l0=142 l1=158 rc=0
2026-10-02T19:39:27.105Z kv-compact: start l0=142 inputs=2 range=257 l0only=1
2026-10-02T19:39:27.109Z raft-host: apply-sleep us=20049 group=0 idx=4266821 applied=4266820
2026-10-02T19:39:27.114Z kv-compact: end bytes=5245476 ms=9 l0=141 l1=158 rc=0
2026-10-02T19:39:27.114Z kv-compact: start l0=141 inputs=2 range=1 l0only=1
2026-10-02T19:39:27.119Z kv-compact: end bytes=2887598 ms=6 l0=140 l1=158 rc=0
2026-10-02T19:39:27.119Z kv-compact: start l0=140 inputs=2 range=258 l0only=1
2026-10-02T19:39:27.125Z kv-compact: end bytes=2666517 ms=5 l0=139 l1=158 rc=0
2026-10-02T19:39:27.125Z kv-compact: start l0=139 inputs=2 range=260 l0only=1
2026-10-02T19:39:27.127Z kv-compact: end bytes=920017 ms=3 l0=138 l1=158 rc=0
2026-10-02T19:39:27.127Z kv-compact: start l0=138 inputs=2 range=261 l0only=1
2026-10-02T19:39:27.129Z kv-compact: end bytes=279048 ms=2 l0=137 l1=158 rc=0
2026-10-02T19:39:27.212Z raft-host: apply-sleep us=20452 group=0 idx=4266825 applied=4266823
2026-10-02T19:39:27.307Z raft-host: apply-sleep us=29796 group=0 idx=4266830 applied=4266828
2026-10-02T19:39:27.451Z kv-compact: start l0=146 inputs=2 range=267 l0only=1
2026-10-02T19:39:27.453Z raft-host: apply-sleep us=45706 group=0 idx=4266838 applied=4266835
2026-10-02T19:39:27.454Z raft-host: apply-sleep us=33513 group=0 idx=4266839 applied=4266836
2026-10-02T19:39:27.454Z raft-host: gc-frag group=0 scans=1 records=256 ms=288
2026-10-02T19:39:27.454Z raft-host: gc-pass ms=288 reap=0 frag=288 spread=0 recover=0 fscans=1 fsegs=2 fkeys=258 femit=257 ftomb=1 scans=2 segs=2 keys=258 emit=257 tomb=1
2026-10-02T19:39:27.468Z kv-compact: end bytes=11158788 ms=18 l0=145 l1=158 rc=0
2026-10-02T19:39:27.468Z kv-compact: start l0=145 inputs=2 range=270 l0only=1
2026-10-02T19:39:27.483Z kv-compact: end bytes=8883802 ms=15 l0=144 l1=158 rc=0
2026-10-02T19:39:27.483Z kv-compact: start l0=144 inputs=2 range=263 l0only=1
2026-10-02T19:39:27.495Z kv-compact: end bytes=7357541 ms=12 l0=143 l1=158 rc=0
2026-10-02T19:39:27.495Z kv-compact: start l0=143 inputs=2 range=264 l0only=1
2026-10-02T19:39:27.506Z kv-compact: end bytes=6490265 ms=11 l0=142 l1=158 rc=0
2026-10-02T19:39:27.506Z kv-compact: start l0=142 inputs=2 range=257 l0only=1
2026-10-02T19:39:27.515Z kv-compact: end bytes=5575204 ms=9 l0=141 l1=158 rc=0
2026-10-02T19:39:27.515Z kv-compact: start l0=141 inputs=2 range=1 l0only=1
2026-10-02T19:39:27.523Z kv-compact: end bytes=4102314 ms=7 l0=140 l1=158 rc=0
2026-10-02T19:39:27.523Z kv-compact: start l0=140 inputs=2 range=258 l0only=1
2026-10-02T19:39:27.528Z kv-compact: end bytes=2808767 ms=6 l0=139 l1=158 rc=0
2026-10-02T19:39:27.528Z kv-compact: start l0=139 inputs=2 range=260 l0only=1
2026-10-02T19:39:27.531Z kv-compact: end bytes=1028786 ms=3 l0=138 l1=158 rc=0
2026-10-02T19:39:27.531Z kv-compact: start l0=138 inputs=2 range=261 l0only=1
2026-10-02T19:39:27.534Z kv-compact: end bytes=491077 ms=2 l0=137 l1=158 rc=0
2026-10-02T19:39:27.643Z raft-host: apply-sleep us=49539 group=0 idx=4266845 applied=4266844
2026-10-02T19:39:27.682Z raft-host: apply-sleep us=22799 group=0 idx=4266848 applied=4266846
2026-10-02T19:39:27.801Z raft-host: apply-sleep us=43085 group=0 idx=4266851 applied=4266849
2026-10-02T19:39:27.882Z kv-compact: start l0=146 inputs=4 range=267 l0only=0
2026-10-02T19:39:27.882Z raft-host: apply-sleep us=52943 group=0 idx=4266853 applied=4266852
2026-10-02T19:39:27.960Z raft-host: apply-sleep us=22407 group=0 idx=4266856 applied=4266855
2026-10-02T19:39:28.014Z raft-host: apply-sleep us=25874 group=0 idx=4266858 applied=4266857
2026-10-02T19:39:28.028Z kv-compact: end bytes=92674003 ms=146 l0=144 l1=158 rc=0
2026-10-02T19:39:28.028Z kv-compact: start l0=144 inputs=2 range=270 l0only=1
2026-10-02T19:39:28.043Z kv-compact: end bytes=9171757 ms=16 l0=143 l1=158 rc=0
2026-10-02T19:39:28.043Z kv-compact: start l0=143 inputs=2 range=263 l0only=1
2026-10-02T19:39:28.056Z kv-compact: end bytes=7447144 ms=12 l0=142 l1=158 rc=0
2026-10-02T19:39:28.056Z kv-compact: start l0=142 inputs=2 range=264 l0only=1
2026-10-02T19:39:28.068Z kv-compact: end bytes=6736682 ms=12 l0=141 l1=158 rc=0
2026-10-02T19:39:28.068Z kv-compact: start l0=141 inputs=2 range=257 l0only=1
2026-10-02T19:39:28.074Z raft-host: apply-sleep us=22807 group=0 idx=4266861 applied=4266860
2026-10-02T19:39:28.078Z kv-compact: end bytes=5837312 ms=10 l0=140 l1=158 rc=0
2026-10-02T19:39:28.078Z kv-compact: start l0=140 inputs=2 range=1 l0only=1
2026-10-02T19:39:28.087Z kv-compact: end bytes=5531566 ms=8 l0=139 l1=158 rc=0
2026-10-02T19:39:28.087Z kv-compact: start l0=139 inputs=2 range=258 l0only=1
2026-10-02T19:39:28.093Z kv-compact: end bytes=2932663 ms=6 l0=138 l1=158 rc=0
2026-10-02T19:39:28.093Z kv-compact: start l0=138 inputs=2 range=260 l0only=1
2026-10-02T19:39:28.096Z kv-compact: end bytes=1117421 ms=3 l0=137 l1=158 rc=0
2026-10-02T19:39:28.096Z kv-compact: start l0=137 inputs=2 range=261 l0only=1
2026-10-02T19:39:28.098Z kv-compact: end bytes=656377 ms=3 l0=136 l1=158 rc=0
2026-10-02T19:39:28.153Z raft-host: apply-sleep us=40081 group=0 idx=4266863 applied=4266862
2026-10-02T19:39:28.228Z raft-host: apply-sleep us=21771 group=0 idx=4266865 applied=4266864
2026-10-02T19:39:28.281Z raft-host: apply-sleep us=36249 group=0 idx=4266866 applied=4266865
2026-10-02T19:39:28.305Z kv-compact: start l0=145 inputs=3 range=1 l0only=0
2026-10-02T19:39:28.310Z raft-obs: tx->1 enq=21179 drop=0 sent=21178 fail=0 hi=15 rtt_avg=41us get_avg=427us get_max=9049ms
2026-10-02T19:39:28.310Z raft-obs: tx->2 enq=20865 drop=0 sent=20864 fail=0 hi=13 rtt_avg=37us get_avg=428us get_max=8934ms
2026-10-02T19:39:28.310Z raft-obs: wait_timeouts=0 pump_hold_max=39059us lock_wait_max=3739us drain_max=39059us tick_max=3us apply_max=38888us persist_max=4832us applies_in_worst=4 arc_miss=0 arc_term_miss=0 opid_replay=0 fin_q=0 fin_done=0 fin_drop=0 fin_full=0 pub_p50=0us pub_max=0us inbox_drop=0
2026-10-02T19:39:28.350Z raft-host: apply-sleep us=37954 group=0 idx=4266868 applied=4266867
2026-10-02T19:39:28.381Z kv-compact: end bytes=54677760 ms=77 l0=143 l1=158 rc=0
2026-10-02T19:39:28.382Z kv-compact: start l0=143 inputs=2 range=270 l0only=1
2026-10-02T19:39:28.398Z kv-compact: end bytes=9521301 ms=16 l0=142 l1=158 rc=0
2026-10-02T19:39:28.398Z kv-compact: start l0=142 inputs=2 range=263 l0only=1
2026-10-02T19:39:28.411Z kv-compact: end bytes=7539967 ms=14 l0=141 l1=158 rc=0
2026-10-02T19:39:28.411Z kv-compact: start l0=141 inputs=2 range=264 l0only=1
2026-10-02T19:39:28.423Z kv-compact: end bytes=6957252 ms=12 l0=140 l1=158 rc=0
2026-10-02T19:39:28.423Z kv-compact: start l0=140 inputs=2 range=257 l0only=1
2026-10-02T19:39:28.434Z kv-compact: end bytes=6217124 ms=10 l0=139 l1=158 rc=0
2026-10-02T19:39:28.434Z kv-compact: start l0=139 inputs=2 range=258 l0only=1
2026-10-02T19:39:28.439Z kv-compact: end bytes=3019603 ms=6 l0=138 l1=158 rc=0
2026-10-02T19:39:28.439Z kv-compact: start l0=138 inputs=2 range=260 l0only=1
2026-10-02T19:39:28.443Z kv-compact: end bytes=1254197 ms=3 l0=137 l1=158 rc=0
2026-10-02T19:39:28.443Z kv-compact: start l0=137 inputs=2 range=261 l0only=1
2026-10-02T19:39:28.445Z kv-compact: end bytes=789645 ms=2 l0=136 l1=158 rc=0
2026-10-02T19:39:28.508Z raft-host: apply-sleep us=26980 group=0 idx=4266873 applied=4266872
2026-10-02T19:39:28.510Z raft-host: apply-sleep us=26739 group=0 idx=4266874 applied=4266872
2026-10-02T19:39:28.575Z raft-host: apply-sleep us=40242 group=0 idx=4266876 applied=4266875
2026-10-02T19:39:28.578Z raft-host: apply-sleep us=42936 group=0 idx=4266878 applied=4266875
2026-10-02T19:39:28.657Z raft-host: apply-sleep us=42517 group=0 idx=4266881 applied=4266879
2026-10-02T19:39:28.679Z kv-compact: start l0=145 inputs=2 range=270 l0only=1
2026-10-02T19:39:28.680Z raft-host: apply-sleep us=46968 group=0 idx=4266883 applied=4266879
2026-10-02T19:39:28.695Z kv-compact: end bytes=9904729 ms=16 l0=144 l1=158 rc=0
2026-10-02T19:39:28.695Z kv-compact: start l0=144 inputs=2 range=263 l0only=1
2026-10-02T19:39:28.708Z kv-compact: end bytes=7598571 ms=14 l0=143 l1=158 rc=0
2026-10-02T19:39:28.708Z kv-compact: start l0=143 inputs=2 range=264 l0only=1
2026-10-02T19:39:28.721Z kv-compact: end bytes=7283203 ms=12 l0=142 l1=158 rc=0
2026-10-02T19:39:28.721Z kv-compact: start l0=142 inputs=2 range=257 l0only=1
2026-10-02T19:39:28.732Z kv-compact: end bytes=6673807 ms=12 l0=141 l1=158 rc=0
2026-10-02T19:39:28.732Z kv-compact: start l0=141 inputs=2 range=258 l0only=1
2026-10-02T19:39:28.738Z kv-compact: end bytes=3132786 ms=6 l0=140 l1=158 rc=0
2026-10-02T19:39:28.739Z kv-compact: start l0=140 inputs=2 range=260 l0only=1
2026-10-02T19:39:28.742Z kv-compact: end bytes=1436442 ms=4 l0=139 l1=158 rc=0
2026-10-02T19:39:28.742Z kv-compact: start l0=139 inputs=2 range=261 l0only=1
2026-10-02T19:39:28.743Z raft-host: apply-sleep us=22266 group=0 idx=4266886 applied=4266885
2026-10-02T19:39:28.745Z kv-compact: end bytes=960171 ms=3 l0=138 l1=158 rc=0
2026-10-02T19:39:28.745Z kv-compact: start l0=138 inputs=2 range=267 l0only=1
2026-10-02T19:39:28.748Z kv-compact: end bytes=804087 ms=2 l0=137 l1=158 rc=0
2026-10-02T19:39:28.789Z raft-host: gc-frag group=0 scans=1 records=256 ms=330
2026-10-02T19:39:28.789Z raft-host: gc-pass ms=331 reap=0 frag=330 spread=0 recover=0 fscans=1 fsegs=1 fkeys=257 femit=257 ftomb=0 scans=2 segs=1 keys=257 emit=257 tomb=0
2026-10-02T19:39:28.867Z raft-host: apply-sleep us=31714 group=0 idx=4266893 applied=4266892
2026-10-02T19:39:28.935Z raft-host: apply-sleep us=20259 group=0 idx=4266895 applied=4266894
2026-10-02T19:39:29.037Z raft-host: apply-sleep us=20813 group=0 idx=4266898 applied=4266897
2026-10-02T19:39:29.169Z kv-compact: start l0=146 inputs=2 range=270 l0only=1
2026-10-02T19:39:29.171Z raft-host: apply-sleep us=53437 group=0 idx=4266901 applied=4266900
2026-10-02T19:39:29.186Z kv-compact: end bytes=10167977 ms=16 l0=145 l1=158 rc=0
2026-10-02T19:39:29.186Z kv-compact: start l0=145 inputs=2 range=263 l0only=1
2026-10-02T19:39:29.199Z kv-compact: end bytes=7629644 ms=14 l0=144 l1=158 rc=0
2026-10-02T19:39:29.199Z kv-compact: start l0=144 inputs=2 range=264 l0only=1
2026-10-02T19:39:29.212Z kv-compact: end bytes=7516666 ms=13 l0=143 l1=158 rc=0
2026-10-02T19:39:29.212Z kv-compact: start l0=143 inputs=2 range=257 l0only=1
2026-10-02T19:39:29.224Z kv-compact: end bytes=6945018 ms=12 l0=142 l1=158 rc=0
2026-10-02T19:39:29.224Z kv-compact: start l0=142 inputs=2 range=258 l0only=1
2026-10-02T19:39:29.231Z kv-compact: end bytes=3217359 ms=6 l0=141 l1=158 rc=0
2026-10-02T19:39:29.231Z kv-compact: start l0=141 inputs=2 range=1 l0only=1
2026-10-02T19:39:29.236Z kv-compact: end bytes=2708928 ms=5 l0=140 l1=158 rc=0
2026-10-02T19:39:29.236Z kv-compact: start l0=140 inputs=2 range=260 l0only=1
2026-10-02T19:39:29.240Z kv-compact: end bytes=1514386 ms=4 l0=139 l1=158 rc=0
2026-10-02T19:39:29.240Z kv-compact: start l0=139 inputs=2 range=267 l0only=1
2026-10-02T19:39:29.242Z raft-host: apply-sleep us=48070 group=0 idx=4266904 applied=4266902
2026-10-02T19:39:29.244Z kv-compact: end bytes=1098471 ms=4 l0=138 l1=158 rc=0
2026-10-02T19:39:29.244Z kv-compact: start l0=138 inputs=2 range=261 l0only=1
2026-10-02T19:39:29.247Z kv-compact: end bytes=1092211 ms=3 l0=137 l1=158 rc=0
2026-10-02T19:39:29.316Z raft-host: apply-sleep us=27153 group=0 idx=4266906 applied=4266905
2026-10-02T19:39:29.384Z raft-host: apply-sleep us=23171 group=0 idx=4266908 applied=4266907
2026-10-02T19:39:29.524Z raft-host: apply-sleep us=38103 group=0 idx=4266911 applied=4266910
2026-10-02T19:39:29.575Z raft-host: apply-sleep us=30145 group=0 idx=4266912 applied=4266911
2026-10-02T19:39:29.588Z kv-compact: start l0=146 inputs=2 range=270 l0only=1
2026-10-02T19:39:29.605Z kv-compact: end bytes=10521137 ms=17 l0=145 l1=158 rc=0
2026-10-02T19:39:29.605Z kv-compact: start l0=145 inputs=2 range=264 l0only=1
2026-10-02T19:39:29.617Z kv-compact: end bytes=7816696 ms=13 l0=144 l1=158 rc=0
2026-10-02T19:39:29.617Z kv-compact: start l0=144 inputs=2 range=263 l0only=1
2026-10-02T19:39:29.630Z kv-compact: end bytes=7681003 ms=13 l0=143 l1=158 rc=0
2026-10-02T19:39:29.630Z kv-compact: start l0=143 inputs=2 range=257 l0only=1
2026-10-02T19:39:29.643Z kv-compact: end bytes=7266052 ms=13 l0=142 l1=158 rc=0
2026-10-02T19:39:29.643Z kv-compact: start l0=142 inputs=2 range=1 l0only=1
2026-10-02T19:39:29.650Z kv-compact: end bytes=3906048 ms=7 l0=141 l1=158 rc=0
2026-10-02T19:39:29.650Z kv-compact: start l0=141 inputs=2 range=258 l0only=1
2026-10-02T19:39:29.657Z kv-compact: end bytes=3380900 ms=6 l0=140 l1=158 rc=0
2026-10-02T19:39:29.657Z kv-compact: start l0=140 inputs=2 range=260 l0only=1
2026-10-02T19:39:29.660Z kv-compact: end bytes=1617587 ms=4 l0=139 l1=158 rc=0
2026-10-02T19:39:29.661Z kv-compact: start l0=139 inputs=2 range=267 l0only=1
2026-10-02T19:39:29.664Z kv-compact: end bytes=1504453 ms=4 l0=138 l1=158 rc=0
2026-10-02T19:39:29.664Z kv-compact: start l0=138 inputs=2 range=261 l0only=1
2026-10-02T19:39:29.668Z kv-compact: end bytes=1330920 ms=3 l0=137 l1=158 rc=0
2026-10-02T19:39:29.812Z raft-host: apply-sleep us=69409 group=0 idx=4266919 applied=4266918
2026-10-02T19:39:29.878Z raft-host: apply-sleep us=26588 group=0 idx=4266921 applied=4266920
2026-10-02T19:39:29.927Z raft-host: apply-sleep us=35021 group=0 idx=4266923 applied=4266922
2026-10-02T19:39:29.929Z raft-host: apply-sleep us=24755 group=0 idx=4266924 applied=4266922
2026-10-02T19:39:30.007Z raft-host: apply-sleep us=38055 group=0 idx=4266927 applied=4266925
2026-10-02T19:39:30.045Z kv-compact: start l0=146 inputs=2 range=270 l0only=1
2026-10-02T19:39:30.046Z raft-host: apply-sleep us=30979 group=0 idx=4266929 applied=4266928
2026-10-02T19:39:30.061Z raft-host: gc-frag group=0 scans=1 records=256 ms=268
2026-10-02T19:39:30.061Z raft-host: gc-pass ms=268 reap=0 frag=268 spread=0 recover=0 fscans=1 fsegs=2 fkeys=258 femit=257 ftomb=1 scans=2 segs=2 keys=258 emit=257 tomb=1
2026-10-02T19:39:30.063Z kv-compact: end bytes=10915674 ms=17 l0=145 l1=158 rc=0
2026-10-02T19:39:30.063Z kv-compact: start l0=145 inputs=2 range=264 l0only=1
2026-10-02T19:39:30.076Z kv-compact: end bytes=8152146 ms=14 l0=144 l1=158 rc=0
2026-10-02T19:39:30.076Z kv-compact: start l0=144 inputs=2 range=263 l0only=1
2026-10-02T19:39:30.089Z kv-compact: end bytes=7782198 ms=13 l0=143 l1=158 rc=0
2026-10-02T19:39:30.089Z kv-compact: start l0=143 inputs=2 range=257 l0only=1
2026-10-02T19:39:30.102Z kv-compact: end bytes=7622289 ms=12 l0=142 l1=158 rc=0
2026-10-02T19:39:30.102Z kv-compact: start l0=142 inputs=2 range=1 l0only=1
2026-10-02T19:39:30.111Z kv-compact: end bytes=4970898 ms=9 l0=141 l1=158 rc=0
2026-10-02T19:39:30.111Z kv-compact: start l0=141 inputs=2 range=258 l0only=1
2026-10-02T19:39:30.117Z kv-compact: end bytes=3498591 ms=7 l0=140 l1=158 rc=0
2026-10-02T19:39:30.117Z kv-compact: start l0=140 inputs=2 range=267 l0only=1
2026-10-02T19:39:30.122Z kv-compact: end bytes=2000409 ms=4 l0=139 l1=158 rc=0
2026-10-02T19:39:30.122Z kv-compact: start l0=139 inputs=2 range=260 l0only=1
2026-10-02T19:39:30.126Z kv-compact: end bytes=1743328 ms=4 l0=138 l1=158 rc=0
2026-10-02T19:39:30.126Z kv-compact: start l0=138 inputs=2 range=261 l0only=1
2026-10-02T19:39:30.129Z kv-compact: end bytes=1506410 ms=4 l0=137 l1=158 rc=0
2026-10-02T19:39:30.411Z raft-host: apply-sleep us=21923 group=0 idx=4266941 applied=4266940
2026-10-02T19:39:30.498Z raft-host: apply-sleep us=54591 group=0 idx=4266943 applied=4266942
2026-10-02T19:39:30.518Z kv-compact: start l0=146 inputs=3 range=1 l0only=0
2026-10-02T19:39:30.584Z raft-host: apply-sleep us=20110 group=0 idx=4266946 applied=4266945
2026-10-02T19:39:30.606Z kv-compact: end bytes=61656320 ms=88 l0=144 l1=158 rc=0
2026-10-02T19:39:30.606Z kv-compact: start l0=144 inputs=2 range=270 l0only=1
2026-10-02T19:39:30.624Z kv-compact: end bytes=11077009 ms=18 l0=143 l1=158 rc=0
2026-10-02T19:39:30.624Z kv-compact: start l0=143 inputs=2 range=264 l0only=1
2026-10-02T19:39:30.638Z kv-compact: end bytes=8258332 ms=14 l0=142 l1=158 rc=0
2026-10-02T19:39:30.638Z kv-compact: start l0=142 inputs=2 range=263 l0only=1
2026-10-02T19:39:30.651Z kv-compact: end bytes=7837347 ms=14 l0=141 l1=158 rc=0
2026-10-02T19:39:30.651Z kv-compact: start l0=141 inputs=2 range=257 l0only=1
2026-10-02T19:39:30.660Z raft-host: apply-sleep us=20082 group=0 idx=4266948 applied=4266947
2026-10-02T19:39:30.664Z kv-compact: end bytes=7775878 ms=13 l0=140 l1=158 rc=0
2026-10-02T19:39:30.664Z kv-compact: start l0=140 inputs=2 range=258 l0only=1
2026-10-02T19:39:30.671Z kv-compact: end bytes=3524512 ms=7 l0=139 l1=158 rc=0
2026-10-02T19:39:30.671Z kv-compact: start l0=139 inputs=2 range=267 l0only=1
2026-10-02T19:39:30.676Z kv-compact: end bytes=2174897 ms=4 l0=138 l1=158 rc=0
2026-10-02T19:39:30.676Z kv-compact: start l0=138 inputs=2 range=260 l0only=1
2026-10-02T19:39:30.680Z kv-compact: end bytes=1895734 ms=4 l0=137 l1=158 rc=0
2026-10-02T19:39:30.680Z kv-compact: start l0=137 inputs=2 range=261 l0only=1
2026-10-02T19:39:30.684Z kv-compact: end bytes=1545050 ms=4 l0=136 l1=158 rc=0
2026-10-02T19:39:30.754Z raft-host: apply-sleep us=22704 group=0 idx=4266950 applied=4266949
2026-10-02T19:39:30.839Z raft-host: apply-sleep us=24188 group=0 idx=4266953 applied=4266951
2026-10-02T19:39:30.958Z raft-host: apply-sleep us=56784 group=0 idx=4266955 applied=4266954
2026-10-02T19:39:30.999Z kv-compact: start l0=145 inputs=2 range=270 l0only=1
2026-10-02T19:39:31.001Z raft-host: apply-sleep us=20632 group=0 idx=4266956 applied=4266955
2026-10-02T19:39:31.017Z kv-compact: end bytes=11400725 ms=19 l0=144 l1=158 rc=0
2026-10-02T19:39:31.017Z kv-compact: start l0=144 inputs=2 range=264 l0only=1
2026-10-02T19:39:31.031Z kv-compact: end bytes=8575354 ms=14 l0=143 l1=158 rc=0
2026-10-02T19:39:31.031Z kv-compact: start l0=143 inputs=2 range=257 l0only=1
2026-10-02T19:39:31.045Z kv-compact: end bytes=8012152 ms=13 l0=142 l1=158 rc=0
2026-10-02T19:39:31.045Z kv-compact: start l0=142 inputs=2 range=263 l0only=1
2026-10-02T19:39:31.058Z kv-compact: end bytes=7884198 ms=14 l0=141 l1=158 rc=0
2026-10-02T19:39:31.058Z kv-compact: start l0=141 inputs=2 range=258 l0only=1
2026-10-02T19:39:31.065Z kv-compact: end bytes=3618053 ms=7 l0=140 l1=158 rc=0
2026-10-02T19:39:31.065Z kv-compact: start l0=140 inputs=2 range=267 l0only=1
2026-10-02T19:39:31.071Z kv-compact: end bytes=2586167 ms=5 l0=139 l1=158 rc=0
2026-10-02T19:39:31.071Z kv-compact: start l0=139 inputs=2 range=260 l0only=1
2026-10-02T19:39:31.075Z kv-compact: end bytes=2102458 ms=5 l0=138 l1=158 rc=0
2026-10-02T19:39:31.075Z kv-compact: start l0=138 inputs=2 range=261 l0only=1
2026-10-02T19:39:31.079Z kv-compact: end bytes=1726906 ms=3 l0=137 l1=158 rc=0
2026-10-02T19:39:31.100Z raft-host: apply-sleep us=27479 group=0 idx=4266959 applied=4266958
2026-10-02T19:39:31.159Z raft-host: apply-sleep us=33639 group=0 idx=4266962 applied=4266960
2026-10-02T19:39:31.234Z raft-host: apply-sleep us=24219 group=0 idx=4266967 applied=4266964
2026-10-02T19:39:31.234Z raft-host: apply-sleep us=24524 group=0 idx=4266966 applied=4266964
2026-10-02T19:39:31.349Z raft-host: apply-sleep us=37976 group=0 idx=4266972 applied=4266971
2026-10-02T19:39:31.349Z raft-host: gc-frag group=0 scans=1 records=256 ms=285
2026-10-02T19:39:31.349Z raft-host: gc-pass ms=285 reap=0 frag=285 spread=0 recover=0 fscans=1 fsegs=2 fkeys=257 femit=257 ftomb=0 scans=2 segs=2 keys=257 emit=257 tomb=0
2026-10-02T19:39:31.382Z raft-host: apply-sleep us=54285 group=0 idx=4266973 applied=4266971
2026-10-02T19:39:31.440Z kv-compact: start l0=146 inputs=4 range=270 l0only=0
2026-10-02T19:39:31.473Z raft-host: apply-sleep us=28065 group=0 idx=4266975 applied=4266974
2026-10-02T19:39:31.578Z raft-host: apply-sleep us=41349 group=0 idx=4266978 applied=4266977
2026-10-02T19:39:31.586Z kv-compact: end bytes=93989238 ms=146 l0=144 l1=158 rc=0
2026-10-02T19:39:31.586Z kv-compact: start l0=144 inputs=2 range=264 l0only=1
2026-10-02T19:39:31.601Z kv-compact: end bytes=8848658 ms=15 l0=143 l1=158 rc=0
2026-10-02T19:39:31.601Z kv-compact: start l0=143 inputs=2 range=257 l0only=1
2026-10-02T19:39:31.615Z kv-compact: end bytes=8204386 ms=14 l0=142 l1=158 rc=0
2026-10-02T19:39:31.615Z kv-compact: start l0=142 inputs=2 range=263 l0only=1
2026-10-02T19:39:31.629Z kv-compact: end bytes=7930727 ms=14 l0=141 l1=158 rc=0
2026-10-02T19:39:31.629Z kv-compact: start l0=141 inputs=2 range=258 l0only=1
2026-10-02T19:39:31.637Z kv-compact: end bytes=3796615 ms=7 l0=140 l1=158 rc=0
2026-10-02T19:39:31.637Z kv-compact: start l0=140 inputs=2 range=267 l0only=1
2026-10-02T19:39:31.643Z kv-compact: end bytes=2952319 ms=7 l0=139 l1=158 rc=0
2026-10-02T19:39:31.643Z kv-compact: start l0=139 inputs=2 range=1 l0only=1
2026-10-02T19:39:31.649Z kv-compact: end bytes=2606848 ms=5 l0=138 l1=158 rc=0
2026-10-02T19:39:31.649Z kv-compact: start l0=138 inputs=2 range=260 l0only=1
2026-10-02T19:39:31.654Z kv-compact: end bytes=2315783 ms=5 l0=137 l1=158 rc=0
2026-10-02T19:39:31.654Z kv-compact: start l0=137 inputs=2 range=261 l0only=1
2026-10-02T19:39:31.658Z kv-compact: end bytes=1908279 ms=4 l0=136 l1=158 rc=0
2026-10-02T19:39:31.800Z raft-host: apply-sleep us=20700 group=0 idx=4266983 applied=4266982
2026-10-02T19:39:31.836Z kv-compact: start l0=145 inputs=2 range=264 l0only=1
2026-10-02T19:39:31.851Z kv-compact: end bytes=9223070 ms=16 l0=144 l1=158 rc=0
2026-10-02T19:39:31.851Z kv-compact: start l0=144 inputs=2 range=257 l0only=1
2026-10-02T19:39:31.865Z kv-compact: end bytes=8471002 ms=14 l0=143 l1=158 rc=0
2026-10-02T19:39:31.865Z kv-compact: start l0=143 inputs=2 range=263 l0only=1
2026-10-02T19:39:31.879Z kv-compact: end bytes=8039489 ms=14 l0=142 l1=158 rc=0
2026-10-02T19:39:31.879Z kv-compact: start l0=142 inputs=2 range=258 l0only=1
2026-10-02T19:39:31.887Z kv-compact: end bytes=3929923 ms=7 l0=141 l1=158 rc=0
2026-10-02T19:39:31.887Z kv-compact: start l0=141 inputs=2 range=267 l0only=1
2026-10-02T19:39:31.888Z raft-host: apply-sleep us=33285 group=0 idx=4266987 applied=4266985
2026-10-02T19:39:31.893Z kv-compact: end bytes=3459556 ms=7 l0=140 l1=158 rc=0
2026-10-02T19:39:31.893Z kv-compact: start l0=140 inputs=2 range=1 l0only=1
2026-10-02T19:39:31.899Z kv-compact: end bytes=3349248 ms=6 l0=139 l1=158 rc=0
2026-10-02T19:39:31.899Z kv-compact: start l0=139 inputs=2 range=260 l0only=1
2026-10-02T19:39:31.905Z kv-compact: end bytes=2763685 ms=5 l0=138 l1=158 rc=0
2026-10-02T19:39:31.905Z kv-compact: start l0=138 inputs=2 range=261 l0only=1
2026-10-02T19:39:31.909Z kv-compact: end bytes=2150188 ms=5 l0=137 l1=158 rc=0
2026-10-02T19:39:31.991Z raft-host: apply-sleep us=31403 group=0 idx=4266991 applied=4266990
2026-10-02T19:39:32.042Z raft-host: apply-sleep us=30838 group=0 idx=4266992 applied=4266991
2026-10-02T19:39:32.237Z raft-host: apply-sleep us=31057 group=0 idx=4266998 applied=4266997
2026-10-02T19:39:32.315Z kv-compact: start l0=146 inputs=2 range=264 l0only=1
2026-10-02T19:39:32.317Z raft-host: apply-sleep us=31340 group=0 idx=4267000 applied=4266999
2026-10-02T19:39:32.331Z kv-compact: end bytes=9427057 ms=16 l0=145 l1=158 rc=0
2026-10-02T19:39:32.331Z kv-compact: start l0=145 inputs=2 range=257 l0only=1
2026-10-02T19:39:32.345Z kv-compact: end bytes=8689036 ms=14 l0=144 l1=158 rc=0
2026-10-02T19:39:32.345Z kv-compact: start l0=144 inputs=2 range=263 l0only=1
2026-10-02T19:39:32.359Z kv-compact: end bytes=8122652 ms=14 l0=143 l1=158 rc=0
2026-10-02T19:39:32.359Z kv-compact: start l0=143 inputs=2 range=1 l0only=1
2026-10-02T19:39:32.367Z kv-compact: end bytes=4704128 ms=8 l0=142 l1=158 rc=0
2026-10-02T19:39:32.367Z kv-compact: start l0=142 inputs=2 range=258 l0only=1
2026-10-02T19:39:32.375Z kv-compact: end bytes=4011872 ms=7 l0=141 l1=158 rc=0
2026-10-02T19:39:32.375Z kv-compact: start l0=141 inputs=2 range=267 l0only=1
2026-10-02T19:39:32.382Z kv-compact: end bytes=3829064 ms=8 l0=140 l1=158 rc=0
2026-10-02T19:39:32.382Z kv-compact: start l0=140 inputs=2 range=260 l0only=1
2026-10-02T19:39:32.389Z kv-compact: end bytes=3111049 ms=6 l0=139 l1=158 rc=0
2026-10-02T19:39:32.389Z kv-compact: start l0=139 inputs=2 range=261 l0only=1
2026-10-02T19:39:32.394Z kv-compact: end bytes=2273031 ms=5 l0=138 l1=158 rc=0
2026-10-02T19:39:32.394Z kv-compact: start l0=138 inputs=2 range=270 l0only=1
2026-10-02T19:39:32.396Z kv-compact: end bytes=730498 ms=3 l0=137 l1=158 rc=0
2026-10-02T19:39:32.460Z raft-host: apply-sleep us=49756 group=0 idx=4267007 applied=4267005
2026-10-02T19:39:32.483Z raft-host: apply-sleep us=62116 group=0 idx=4267008 applied=4267006
2026-10-02T19:39:32.617Z raft-host: apply-sleep us=68230 group=0 idx=4267015 applied=4267010
2026-10-02T19:39:32.619Z raft-host: apply-sleep us=39462 group=0 idx=4267016 applied=4267012
2026-10-02T19:39:32.660Z raft-host: gc-frag group=0 scans=1 records=256 ms=308
2026-10-02T19:39:32.660Z raft-host: gc-pass ms=308 reap=0 frag=308 spread=0 recover=0 fscans=1 fsegs=3 fkeys=258 femit=257 ftomb=1 scans=2 segs=3 keys=258 emit=257 tomb=1
2026-10-02T19:39:32.693Z raft-host: apply-sleep us=26846 group=0 idx=4267019 applied=4267018
2026-10-02T19:39:32.776Z kv-compact: start l0=146 inputs=2 range=264 l0only=1
2026-10-02T19:39:32.792Z kv-compact: end bytes=9724994 ms=17 l0=145 l1=158 rc=0
2026-10-02T19:39:32.792Z kv-compact: start l0=145 inputs=2 range=257 l0only=1
2026-10-02T19:39:32.807Z kv-compact: end bytes=8965050 ms=15 l0=144 l1=158 rc=0
2026-10-02T19:39:32.807Z kv-compact: start l0=144 inputs=2 range=263 l0only=1
2026-10-02T19:39:32.821Z kv-compact: end bytes=8173689 ms=14 l0=143 l1=158 rc=0
2026-10-02T19:39:32.821Z kv-compact: start l0=143 inputs=2 range=1 l0only=1
2026-10-02T19:39:32.831Z kv-compact: end bytes=5770496 ms=10 l0=142 l1=158 rc=0
2026-10-02T19:39:32.831Z kv-compact: start l0=142 inputs=2 range=267 l0only=1
2026-10-02T19:39:32.839Z kv-compact: end bytes=4229880 ms=7 l0=141 l1=158 rc=0
2026-10-02T19:39:32.839Z kv-compact: start l0=141 inputs=2 range=258 l0only=1
2026-10-02T19:39:32.847Z kv-compact: end bytes=4113785 ms=8 l0=140 l1=158 rc=0
2026-10-02T19:39:32.847Z kv-compact: start l0=140 inputs=2 range=260 l0only=1
2026-10-02T19:39:32.854Z kv-compact: end bytes=3566605 ms=6 l0=139 l1=158 rc=0
2026-10-02T19:39:32.854Z kv-compact: start l0=139 inputs=2 range=261 l0only=1
2026-10-02T19:39:32.859Z kv-compact: end bytes=2427269 ms=5 l0=138 l1=158 rc=0
2026-10-02T19:39:32.859Z kv-compact: start l0=138 inputs=2 range=270 l0only=1
2026-10-02T19:39:32.862Z kv-compact: end bytes=1080331 ms=4 l0=137 l1=158 rc=0
2026-10-02T19:39:32.981Z raft-host: apply-sleep us=36651 group=0 idx=4267029 applied=4267026
2026-10-02T19:39:33.135Z raft-host: apply-sleep us=34408 group=0 idx=4267032 applied=4267031
2026-10-02T19:39:33.228Z kv-compact: start l0=146 inputs=2 range=264 l0only=1
2026-10-02T19:39:33.231Z raft-host: apply-sleep us=37302 group=0 idx=4267035 applied=4267033
2026-10-02T19:39:33.245Z kv-compact: end bytes=10023018 ms=17 l0=145 l1=158 rc=0
2026-10-02T19:39:33.246Z kv-compact: start l0=145 inputs=2 range=257 l0only=1
2026-10-02T19:39:33.261Z kv-compact: end bytes=9179267 ms=15 l0=144 l1=158 rc=0
2026-10-02T19:39:33.261Z kv-compact: start l0=144 inputs=2 range=263 l0only=1
2026-10-02T19:39:33.275Z kv-compact: end bytes=8216837 ms=15 l0=143 l1=158 rc=0
2026-10-02T19:39:33.275Z kv-compact: start l0=143 inputs=2 range=1 l0only=1
2026-10-02T19:39:33.287Z kv-compact: end bytes=7078976 ms=11 l0=142 l1=158 rc=0
2026-10-02T19:39:33.287Z kv-compact: start l0=142 inputs=2 range=267 l0only=1
2026-10-02T19:39:33.295Z kv-compact: end bytes=4573399 ms=9 l0=141 l1=158 rc=0
2026-10-02T19:39:33.295Z kv-compact: start l0=141 inputs=2 range=258 l0only=1
2026-10-02T19:39:33.302Z kv-compact: end bytes=4199920 ms=7 l0=140 l1=158 rc=0
2026-10-02T19:39:33.303Z kv-compact: start l0=140 inputs=2 range=260 l0only=1
2026-10-02T19:39:33.310Z kv-compact: end bytes=3918799 ms=7 l0=139 l1=158 rc=0
2026-10-02T19:39:33.310Z kv-compact: start l0=139 inputs=2 range=261 l0only=1
2026-10-02T19:39:33.315Z kv-compact: end bytes=2597050 ms=6 l0=138 l1=158 rc=0
2026-10-02T19:39:33.315Z kv-compact: start l0=138 inputs=2 range=270 l0only=1
2026-10-02T19:39:33.316Z raft-obs: tx->1 enq=21756 drop=0 sent=21755 fail=0 hi=15 rtt_avg=43us get_avg=416us get_max=9049ms
2026-10-02T19:39:33.316Z raft-obs: tx->2 enq=21318 drop=0 sent=21317 fail=0 hi=13 rtt_avg=38us get_avg=419us get_max=8934ms
2026-10-02T19:39:33.316Z raft-obs: wait_timeouts=0 pump_hold_max=37456us lock_wait_max=2449us drain_max=37456us tick_max=116us apply_max=37393us persist_max=15640us applies_in_worst=3 arc_miss=0 arc_term_miss=0 opid_replay=0 fin_q=0 fin_done=0 fin_drop=0 fin_full=0 pub_p50=0us pub_max=0us inbox_drop=0
2026-10-02T19:39:33.319Z kv-compact: end bytes=1381059 ms=3 l0=137 l1=158 rc=0
2026-10-02T19:39:33.639Z raft-host: apply-sleep us=23679 group=0 idx=4267046 applied=4267045
2026-10-02T19:39:33.706Z kv-compact: start l0=146 inputs=3 range=1 l0only=0
2026-10-02T19:39:33.712Z raft-host: apply-sleep us=23323 group=0 idx=4267049 applied=4267047
2026-10-02T19:39:33.742Z raft-host: apply-sleep us=31245 group=0 idx=4267050 applied=4267048
2026-10-02T19:39:33.805Z kv-compact: end bytes=70862080 ms=100 l0=144 l1=159 rc=0
2026-10-02T19:39:33.805Z kv-compact: start l0=144 inputs=2 range=264 l0only=1
2026-10-02T19:39:33.823Z kv-compact: end bytes=10137824 ms=17 l0=143 l1=159 rc=0
2026-10-02T19:39:33.823Z kv-compact: start l0=143 inputs=2 range=257 l0only=1
2026-10-02T19:39:33.827Z raft-host: apply-sleep us=28315 group=0 idx=4267055 applied=4267053
2026-10-02T19:39:33.838Z kv-compact: end bytes=9203417 ms=15 l0=142 l1=159 rc=0
2026-10-02T19:39:33.838Z kv-compact: start l0=142 inputs=2 range=263 l0only=1
2026-10-02T19:39:33.852Z kv-compact: end bytes=8264902 ms=14 l0=141 l1=159 rc=0
2026-10-02T19:39:33.852Z kv-compact: start l0=141 inputs=2 range=267 l0only=1
2026-10-02T19:39:33.861Z kv-compact: end bytes=4740437 ms=10 l0=140 l1=159 rc=0
2026-10-02T19:39:33.861Z kv-compact: start l0=140 inputs=2 range=258 l0only=1
2026-10-02T19:39:33.861Z raft-host: apply-sleep us=28834 group=0 idx=4267056 applied=4267055
2026-10-02T19:39:33.869Z kv-compact: end bytes=4295889 ms=8 l0=139 l1=159 rc=0
2026-10-02T19:39:33.869Z kv-compact: start l0=139 inputs=2 range=260 l0only=1
2026-10-02T19:39:33.877Z kv-compact: end bytes=3968387 ms=7 l0=138 l1=159 rc=0
2026-10-02T19:39:33.877Z kv-compact: start l0=138 inputs=2 range=261 l0only=1
2026-10-02T19:39:33.882Z kv-compact: end bytes=2699137 ms=6 l0=137 l1=159 rc=0
2026-10-02T19:39:33.882Z kv-compact: start l0=137 inputs=2 range=270 l0only=1
2026-10-02T19:39:33.886Z kv-compact: end bytes=1502493 ms=4 l0=136 l1=159 rc=0
2026-10-02T19:39:33.896Z raft-host: apply-sleep us=25433 group=0 idx=4267057 applied=4267056
2026-10-02T19:39:33.908Z raft-host: apply-sleep us=21736 group=0 idx=4267059 applied=4267056
2026-10-02T19:39:33.939Z raft-host: apply-sleep us=24611 group=0 idx=4267060 applied=4267059
2026-10-02T19:39:33.957Z raft-host: gc-frag group=0 scans=1 records=256 ms=294
2026-10-02T19:39:33.957Z raft-host: gc-pass ms=294 reap=0 frag=294 spread=0 recover=0 fscans=1 fsegs=2 fkeys=258 femit=257 ftomb=1 scans=2 segs=2 keys=258 emit=257 tomb=1
2026-10-02T19:39:34.115Z raft-host: apply-sleep us=32716 group=0 idx=4267066 applied=4267065
2026-10-02T19:39:34.145Z kv-compact: start l0=145 inputs=2 range=264 l0only=1
2026-10-02T19:39:34.162Z kv-compact: end bytes=10348090 ms=16 l0=144 l1=159 rc=0
2026-10-02T19:39:34.162Z kv-compact: start l0=144 inputs=2 range=257 l0only=1
2026-10-02T19:39:34.178Z kv-compact: end bytes=9413448 ms=16 l0=143 l1=159 rc=0
2026-10-02T19:39:34.178Z kv-compact: start l0=143 inputs=2 range=263 l0only=1
2026-10-02T19:39:34.180Z raft-host: apply-sleep us=26241 group=0 idx=4267068 applied=4267067
2026-10-02T19:39:34.193Z kv-compact: end bytes=8438064 ms=16 l0=142 l1=159 rc=0
2026-10-02T19:39:34.193Z kv-compact: start l0=142 inputs=2 range=267 l0only=1
2026-10-02T19:39:34.203Z kv-compact: end bytes=5118961 ms=10 l0=141 l1=159 rc=0
2026-10-02T19:39:34.203Z kv-compact: start l0=141 inputs=2 range=258 l0only=1
2026-10-02T19:39:34.211Z kv-compact: end bytes=4379770 ms=8 l0=140 l1=159 rc=0
2026-10-02T19:39:34.211Z kv-compact: start l0=140 inputs=2 range=260 l0only=1
2026-10-02T19:39:34.219Z kv-compact: end bytes=4251673 ms=7 l0=139 l1=159 rc=0
2026-10-02T19:39:34.219Z kv-compact: start l0=139 inputs=2 range=261 l0only=1
2026-10-02T19:39:34.225Z kv-compact: end bytes=2825200 ms=5 l0=138 l1=159 rc=0
2026-10-02T19:39:34.225Z kv-compact: start l0=138 inputs=2 range=270 l0only=1
2026-10-02T19:39:34.229Z kv-compact: end bytes=1839533 ms=4 l0=137 l1=159 rc=0
2026-10-02T19:39:34.253Z raft-host: apply-sleep us=29703 group=0 idx=4267070 applied=4267069
2026-10-02T19:39:34.303Z raft-host: apply-sleep us=25850 group=0 idx=4267073 applied=4267071
2026-10-02T19:39:34.447Z raft-host: apply-sleep us=22278 group=0 idx=4267076 applied=4267075
2026-10-02T19:39:34.502Z raft-host: apply-sleep us=21614 group=0 idx=4267077 applied=4267076
2026-10-02T19:39:34.565Z raft-host: apply-sleep us=41154 group=0 idx=4267078 applied=4267077
2026-10-02T19:39:34.596Z kv-compact: start l0=146 inputs=2 range=264 l0only=1
2026-10-02T19:39:34.614Z kv-compact: end bytes=10602805 ms=18 l0=145 l1=159 rc=0
2026-10-02T19:39:34.614Z kv-compact: start l0=145 inputs=2 range=257 l0only=1
2026-10-02T19:39:34.629Z kv-compact: end bytes=9634514 ms=16 l0=144 l1=159 rc=0
2026-10-02T19:39:34.629Z kv-compact: start l0=144 inputs=2 range=263 l0only=1
2026-10-02T19:39:34.644Z kv-compact: end bytes=8602928 ms=14 l0=143 l1=159 rc=0
2026-10-02T19:39:34.644Z kv-compact: start l0=143 inputs=2 range=267 l0only=1
2026-10-02T19:39:34.654Z kv-compact: end bytes=5399832 ms=11 l0=142 l1=159 rc=0
2026-10-02T19:39:34.654Z kv-compact: start l0=142 inputs=2 range=260 l0only=1
2026-10-02T19:39:34.662Z kv-compact: end bytes=4507837 ms=8 l0=141 l1=159 rc=0
2026-10-02T19:39:34.662Z kv-compact: start l0=141 inputs=2 range=258 l0only=1
2026-10-02T19:39:34.668Z raft-host: apply-sleep us=56210 group=0 idx=4267081 applied=4267079
2026-10-02T19:39:34.671Z kv-compact: end bytes=4447712 ms=8 l0=140 l1=159 rc=0
2026-10-02T19:39:34.671Z kv-compact: start l0=140 inputs=2 range=261 l0only=1
2026-10-02T19:39:34.677Z kv-compact: end bytes=2927274 ms=6 l0=139 l1=159 rc=0
2026-10-02T19:39:34.677Z kv-compact: start l0=139 inputs=2 range=1 l0only=1
2026-10-02T19:39:34.682Z kv-compact: end bytes=2792448 ms=6 l0=138 l1=159 rc=0
2026-10-02T19:39:34.682Z kv-compact: start l0=138 inputs=2 range=270 l0only=1
2026-10-02T19:39:34.687Z kv-compact: end bytes=2087292 ms=4 l0=137 l1=159 rc=0
2026-10-02T19:39:34.785Z raft-host: apply-sleep us=65489 group=0 idx=4267085 applied=4267084
2026-10-02T19:39:34.913Z raft-host: apply-sleep us=55741 group=0 idx=4267091 applied=4267086
2026-10-02T19:39:34.990Z kv-compact: start l0=146 inputs=2 range=264 l0only=1
2026-10-02T19:39:34.990Z raft-host: apply-sleep us=26462 group=0 idx=4267093 applied=4267092
2026-10-02T19:39:35.008Z kv-compact: end bytes=10912247 ms=19 l0=145 l1=159 rc=0
2026-10-02T19:39:35.008Z kv-compact: start l0=145 inputs=2 range=257 l0only=1
2026-10-02T19:39:35.024Z kv-compact: end bytes=9925367 ms=15 l0=144 l1=159 rc=0
2026-10-02T19:39:35.024Z kv-compact: start l0=144 inputs=2 range=263 l0only=1
2026-10-02T19:39:35.039Z kv-compact: end bytes=9079166 ms=15 l0=143 l1=159 rc=0
2026-10-02T19:39:35.039Z kv-compact: start l0=143 inputs=2 range=267 l0only=1
2026-10-02T19:39:35.049Z kv-compact: end bytes=5875513 ms=10 l0=142 l1=159 rc=0
2026-10-02T19:39:35.049Z kv-compact: start l0=142 inputs=2 range=260 l0only=1
2026-10-02T19:39:35.057Z kv-compact: end bytes=4741609 ms=8 l0=141 l1=159 rc=0
2026-10-02T19:39:35.057Z kv-compact: start l0=141 inputs=2 range=258 l0only=1
2026-10-02T19:39:35.064Z kv-compact: end bytes=4571682 ms=8 l0=140 l1=159 rc=0
2026-10-02T19:39:35.064Z kv-compact: start l0=140 inputs=2 range=1 l0only=1
2026-10-02T19:39:35.071Z kv-compact: end bytes=3488448 ms=6 l0=139 l1=159 rc=0
2026-10-02T19:39:35.071Z kv-compact: start l0=139 inputs=2 range=261 l0only=1
2026-10-02T19:39:35.077Z kv-compact: end bytes=3144265 ms=6 l0=138 l1=159 rc=0
2026-10-02T19:39:35.077Z kv-compact: start l0=138 inputs=2 range=270 l0only=1
2026-10-02T19:39:35.082Z kv-compact: end bytes=2502115 ms=5 l0=137 l1=159 rc=0
2026-10-02T19:39:35.190Z raft-host: gc-frag group=0 scans=1 records=256 ms=230
2026-10-02T19:39:35.190Z raft-host: gc-pass ms=230 reap=0 frag=230 spread=0 recover=0 fscans=1 fsegs=3 fkeys=258 femit=257 ftomb=1 scans=2 segs=3 keys=258 emit=257 tomb=1
2026-10-02T19:39:35.344Z raft-host: apply-sleep us=30518 group=0 idx=4267110 applied=4267109
2026-10-02T19:39:35.445Z kv-compact: start l0=146 inputs=2 range=264 l0only=1
2026-10-02T19:39:35.463Z kv-compact: end bytes=11131381 ms=18 l0=145 l1=159 rc=0
2026-10-02T19:39:35.463Z kv-compact: start l0=145 inputs=2 range=257 l0only=1
2026-10-02T19:39:35.480Z kv-compact: end bytes=10032110 ms=17 l0=144 l1=159 rc=0
2026-10-02T19:39:35.480Z kv-compact: start l0=144 inputs=2 range=263 l0only=1
2026-10-02T19:39:35.495Z kv-compact: end bytes=9172224 ms=16 l0=143 l1=159 rc=0
2026-10-02T19:39:35.495Z kv-compact: start l0=143 inputs=2 range=267 l0only=1
2026-10-02T19:39:35.506Z kv-compact: end bytes=6148260 ms=11 l0=142 l1=159 rc=0
2026-10-02T19:39:35.506Z kv-compact: start l0=142 inputs=2 range=1 l0only=1
2026-10-02T19:39:35.508Z raft-host: apply-sleep us=60487 group=0 idx=4267115 applied=4267112
2026-10-02T19:39:35.516Z kv-compact: end bytes=5213696 ms=9 l0=141 l1=159 rc=0
2026-10-02T19:39:35.516Z kv-compact: start l0=141 inputs=2 range=260 l0only=1
2026-10-02T19:39:35.524Z kv-compact: end bytes=4835633 ms=8 l0=140 l1=159 rc=0
2026-10-02T19:39:35.524Z kv-compact: start l0=140 inputs=2 range=258 l0only=1
2026-10-02T19:39:35.533Z kv-compact: end bytes=4709672 ms=9 l0=139 l1=159 rc=0
2026-10-02T19:39:35.533Z kv-compact: start l0=139 inputs=2 range=261 l0only=1
2026-10-02T19:39:35.540Z kv-compact: end bytes=3277945 ms=6 l0=138 l1=159 rc=0
2026-10-02T19:39:35.540Z kv-compact: start l0=138 inputs=2 range=270 l0only=1
2026-10-02T19:39:35.546Z kv-compact: end bytes=2747331 ms=6 l0=137 l1=159 rc=0
2026-10-02T19:39:35.643Z raft-host: apply-sleep us=59517 group=0 idx=4267120 applied=4267118
2026-10-02T19:39:35.761Z raft-host: apply-sleep us=38490 group=0 idx=4267124 applied=4267121
2026-10-02T19:39:35.834Z raft-host: apply-sleep us=31537 group=0 idx=4267125 applied=4267124
2026-10-02T19:39:35.871Z kv-compact: start l0=146 inputs=3 range=264 l0only=0
2026-10-02T19:39:35.872Z raft-host: apply-sleep us=29647 group=0 idx=4267126 applied=4267125
2026-10-02T19:39:35.972Z kv-compact: end bytes=67366349 ms=101 l0=144 l1=160 rc=0
2026-10-02T19:39:35.972Z kv-compact: start l0=144 inputs=4 range=257 l0only=0
2026-10-02T19:39:36.064Z raft-host: apply-sleep us=23147 group=0 idx=4267132 applied=4267131
2026-10-02T19:39:36.103Z kv-compact: end bytes=82633798 ms=130 l0=142 l1=160 rc=0
2026-10-02T19:39:36.103Z kv-compact: start l0=142 inputs=2 range=263 l0only=1
2026-10-02T19:39:36.119Z kv-compact: end bytes=9730015 ms=17 l0=141 l1=160 rc=0
2026-10-02T19:39:36.119Z kv-compact: start l0=141 inputs=2 range=267 l0only=1
2026-10-02T19:39:36.131Z kv-compact: end bytes=6597481 ms=11 l0=140 l1=160 rc=0
2026-10-02T19:39:36.131Z kv-compact: start l0=140 inputs=2 range=1 l0only=1
2026-10-02T19:39:36.141Z kv-compact: end bytes=6086016 ms=10 l0=139 l1=160 rc=0
2026-10-02T19:39:36.141Z kv-compact: start l0=139 inputs=2 range=260 l0only=1
2026-10-02T19:39:36.150Z kv-compact: end bytes=4998243 ms=9 l0=138 l1=160 rc=0
2026-10-02T19:39:36.150Z kv-compact: start l0=138 inputs=2 range=258 l0only=1
2026-10-02T19:39:36.158Z kv-compact: end bytes=4817864 ms=9 l0=137 l1=160 rc=0
2026-10-02T19:39:36.158Z kv-compact: start l0=137 inputs=2 range=261 l0only=1
2026-10-02T19:39:36.165Z kv-compact: end bytes=3482180 ms=7 l0=136 l1=160 rc=0
2026-10-02T19:39:36.165Z kv-compact: start l0=136 inputs=2 range=270 l0only=1
2026-10-02T19:39:36.171Z kv-compact: end bytes=3071102 ms=6 l0=135 l1=160 rc=0
2026-10-02T19:39:36.216Z kv-compact: start l0=144 inputs=2 range=263 l0only=1
2026-10-02T19:39:36.221Z raft-host: apply-sleep us=74825 group=0 idx=4267137 applied=4267136
2026-10-02T19:39:36.233Z kv-compact: end bytes=10083175 ms=17 l0=143 l1=160 rc=0
2026-10-02T19:39:36.233Z kv-compact: start l0=143 inputs=2 range=1 l0only=1
2026-10-02T19:39:36.245Z kv-compact: end bytes=7440896 ms=12 l0=142 l1=160 rc=0
2026-10-02T19:39:36.245Z kv-compact: start l0=142 inputs=2 range=267 l0only=1
2026-10-02T19:39:36.258Z kv-compact: end bytes=6914398 ms=12 l0=141 l1=160 rc=0
2026-10-02T19:39:36.258Z kv-compact: start l0=141 inputs=2 range=260 l0only=1
2026-10-02T19:39:36.268Z kv-compact: end bytes=5153534 ms=10 l0=140 l1=160 rc=0
2026-10-02T19:39:36.268Z kv-compact: start l0=140 inputs=2 range=258 l0only=1
2026-10-02T19:39:36.281Z kv-compact: end bytes=4894017 ms=13 l0=139 l1=160 rc=0
2026-10-02T19:39:36.281Z kv-compact: start l0=139 inputs=2 range=261 l0only=1
2026-10-02T19:39:36.290Z kv-compact: end bytes=3595846 ms=9 l0=138 l1=160 rc=0
2026-10-02T19:39:36.290Z kv-compact: start l0=138 inputs=2 range=270 l0only=1
2026-10-02T19:39:36.297Z kv-compact: end bytes=3379752 ms=7 l0=137 l1=160 rc=0
2026-10-02T19:39:36.319Z raft-host: apply-sleep us=73028 group=0 idx=4267139 applied=4267138
2026-10-02T19:39:36.363Z raft-host: apply-sleep us=56673 group=0 idx=4267144 applied=4267138
2026-10-02T19:39:36.377Z raft-host: apply-sleep us=31445 group=0 idx=4267145 applied=4267142
2026-10-02T19:39:36.433Z raft-host: apply-sleep us=30612 group=0 idx=4267148 applied=4267145
2026-10-02T19:39:36.480Z raft-host: apply-sleep us=67398 group=0 idx=4267149 applied=4267147
2026-10-02T19:39:36.486Z raft-host: apply-sleep us=27491 group=0 idx=4267151 applied=4267148
2026-10-02T19:39:36.547Z raft-host: apply-sleep us=34921 group=0 idx=4267152 applied=4267151
2026-10-02T19:39:36.588Z raft-host: gc-frag group=0 scans=1 records=256 ms=366
2026-10-02T19:39:36.588Z raft-host: gc-pass ms=394 reap=0 frag=366 spread=0 recover=0 fscans=1 fsegs=4 fkeys=258 femit=257 ftomb=1 scans=2 segs=4 keys=258 emit=257 tomb=1
2026-10-02T19:39:36.664Z raft-host: apply-sleep us=23564 group=0 idx=4267157 applied=4267156
2026-10-02T19:39:36.728Z kv-compact: start l0=146 inputs=4 range=263 l0only=0
2026-10-02T19:39:36.728Z raft-host: apply-sleep us=37652 group=0 idx=4267159 applied=4267157
2026-10-02T19:39:36.856Z kv-compact: end bytes=86163688 ms=129 l0=144 l1=160 rc=0
2026-10-02T19:39:36.856Z kv-compact: start l0=144 inputs=2 range=1 l0only=1
2026-10-02T19:39:36.870Z kv-compact: end bytes=8507264 ms=13 l0=143 l1=160 rc=0
2026-10-02T19:39:36.870Z kv-compact: start l0=143 inputs=2 range=267 l0only=1
2026-10-02T19:39:36.883Z kv-compact: end bytes=7307486 ms=12 l0=142 l1=160 rc=0
2026-10-02T19:39:36.883Z kv-compact: start l0=142 inputs=2 range=260 l0only=1
2026-10-02T19:39:36.887Z raft-host: apply-sleep us=44938 group=0 idx=4267163 applied=4267161
2026-10-02T19:39:36.893Z kv-compact: end bytes=5376872 ms=10 l0=141 l1=160 rc=0
2026-10-02T19:39:36.893Z kv-compact: start l0=141 inputs=2 range=258 l0only=1
2026-10-02T19:39:36.902Z kv-compact: end bytes=4993837 ms=9 l0=140 l1=160 rc=0
2026-10-02T19:39:36.902Z kv-compact: start l0=140 inputs=2 range=261 l0only=1
2026-10-02T19:39:36.909Z kv-compact: end bytes=3745898 ms=8 l0=139 l1=160 rc=0
2026-10-02T19:39:36.909Z kv-compact: start l0=139 inputs=2 range=270 l0only=1
2026-10-02T19:39:36.916Z kv-compact: end bytes=3723574 ms=7 l0=138 l1=160 rc=0
2026-10-02T19:39:36.916Z kv-compact: start l0=138 inputs=2 range=264 l0only=1
2026-10-02T19:39:36.918Z kv-compact: end bytes=482475 ms=2 l0=137 l1=160 rc=0
2026-10-02T19:39:36.918Z kv-compact: start l0=137 inputs=2 range=257 l0only=1
2026-10-02T19:39:36.921Z kv-compact: end bytes=479648 ms=2 l0=136 l1=160 rc=0
2026-10-02T19:39:36.965Z raft-host: apply-sleep us=20615 group=0 idx=4267165 applied=4267164
2026-10-02T19:39:37.034Z raft-host: apply-sleep us=37103 group=0 idx=4267167 applied=4267166
2026-10-02T19:39:37.145Z raft-host: apply-sleep us=45628 group=0 idx=4267171 applied=4267169
2026-10-02T19:39:37.171Z kv-compact: start l0=145 inputs=4 range=1 l0only=0
2026-10-02T19:39:37.255Z raft-host: apply-sleep us=47626 group=0 idx=4267174 applied=4267173
2026-10-02T19:39:37.291Z kv-compact: end bytes=80401920 ms=120 l0=143 l1=160 rc=0
2026-10-02T19:39:37.291Z kv-compact: start l0=143 inputs=2 range=267 l0only=1
2026-10-02T19:39:37.305Z kv-compact: end bytes=7699125 ms=13 l0=142 l1=160 rc=0
2026-10-02T19:39:37.305Z kv-compact: start l0=142 inputs=2 range=260 l0only=1
2026-10-02T19:39:37.315Z kv-compact: end bytes=5539303 ms=10 l0=141 l1=160 rc=0
2026-10-02T19:39:37.315Z kv-compact: start l0=141 inputs=2 range=258 l0only=1
2026-10-02T19:39:37.324Z kv-compact: end bytes=5093013 ms=9 l0=140 l1=160 rc=0
2026-10-02T19:39:37.324Z kv-compact: start l0=140 inputs=2 range=270 l0only=1
2026-10-02T19:39:37.332Z kv-compact: end bytes=4065303 ms=7 l0=139 l1=160 rc=0
2026-10-02T19:39:37.332Z kv-compact: start l0=139 inputs=2 range=261 l0only=1
2026-10-02T19:39:37.339Z kv-compact: end bytes=3937414 ms=8 l0=138 l1=160 rc=0
2026-10-02T19:39:37.339Z kv-compact: start l0=138 inputs=2 range=264 l0only=1
2026-10-02T19:39:37.343Z kv-compact: end bytes=817413 ms=3 l0=137 l1=160 rc=0
2026-10-02T19:39:37.343Z kv-compact: start l0=137 inputs=2 range=257 l0only=1
2026-10-02T19:39:37.345Z kv-compact: end bytes=722720 ms=3 l0=136 l1=160 rc=0
2026-10-02T19:39:37.419Z raft-host: apply-sleep us=20174 group=0 idx=4267179 applied=4267178
2026-10-02T19:39:37.508Z raft-host: apply-sleep us=26979 group=0 idx=4267182 applied=4267181
2026-10-02T19:39:37.578Z raft-host: apply-sleep us=30891 group=0 idx=4267184 applied=4267183
2026-10-02T19:39:37.647Z kv-compact: start l0=145 inputs=2 range=267 l0only=1
2026-10-02T19:39:37.661Z kv-compact: end bytes=7988294 ms=13 l0=144 l1=160 rc=0
2026-10-02T19:39:37.661Z kv-compact: start l0=144 inputs=2 range=260 l0only=1
2026-10-02T19:39:37.671Z kv-compact: end bytes=5627531 ms=10 l0=143 l1=160 rc=0
2026-10-02T19:39:37.671Z kv-compact: start l0=143 inputs=2 range=258 l0only=1
2026-10-02T19:39:37.675Z raft-host: apply-sleep us=25681 group=0 idx=4267188 applied=4267187
2026-10-02T19:39:37.675Z raft-host: apply-sleep us=25702 group=0 idx=4267189 applied=4267187
2026-10-02T19:39:37.680Z kv-compact: end bytes=5236799 ms=9 l0=142 l1=160 rc=0
2026-10-02T19:39:37.680Z kv-compact: start l0=142 inputs=2 range=270 l0only=1
2026-10-02T19:39:37.688Z kv-compact: end bytes=4325331 ms=9 l0=141 l1=160 rc=0
2026-10-02T19:39:37.688Z kv-compact: start l0=141 inputs=2 range=261 l0only=1
2026-10-02T19:39:37.696Z kv-compact: end bytes=4110180 ms=7 l0=140 l1=160 rc=0
2026-10-02T19:39:37.696Z kv-compact: start l0=140 inputs=2 range=264 l0only=1
2026-10-02T19:39:37.699Z kv-compact: end bytes=1006559 ms=3 l0=139 l1=160 rc=0
2026-10-02T19:39:37.699Z kv-compact: start l0=139 inputs=2 range=257 l0only=1
2026-10-02T19:39:37.702Z kv-compact: end bytes=840608 ms=3 l0=138 l1=160 rc=0
2026-10-02T19:39:37.702Z kv-compact: start l0=138 inputs=2 range=263 l0only=1
2026-10-02T19:39:37.704Z kv-compact: end bytes=319791 ms=2 l0=137 l1=160 rc=0
2026-10-02T19:39:37.803Z raft-host: apply-sleep us=24772 group=0 idx=4267197 applied=4267195
2026-10-02T19:39:37.840Z raft-host: apply-sleep us=20421 group=0 idx=4267199 applied=4267198
2026-10-02T19:39:37.840Z raft-host: gc-frag group=0 scans=1 records=256 ms=249
2026-10-02T19:39:37.840Z raft-host: gc-pass ms=249 reap=0 frag=249 spread=0 recover=0 fscans=1 fsegs=2 fkeys=257 femit=257 ftomb=0 scans=2 segs=2 keys=257 emit=257 tomb=0
2026-10-02T19:39:37.879Z raft-host: apply-sleep us=30668 group=0 idx=4267200 applied=4267199
2026-10-02T19:39:37.947Z raft-host: apply-sleep us=27038 group=0 idx=4267204 applied=4267201
2026-10-02T19:39:37.999Z raft-host: apply-sleep us=26588 group=0 idx=4267205 applied=4267204
2026-10-02T19:39:38.027Z kv-compact: start l0=146 inputs=2 range=267 l0only=1
2026-10-02T19:39:38.041Z kv-compact: end bytes=8456817 ms=14 l0=145 l1=160 rc=0
2026-10-02T19:39:38.041Z kv-compact: start l0=145 inputs=2 range=260 l0only=1
2026-10-02T19:39:38.051Z kv-compact: end bytes=5791912 ms=10 l0=144 l1=160 rc=0
2026-10-02T19:39:38.051Z kv-compact: start l0=144 inputs=2 range=258 l0only=1
2026-10-02T19:39:38.061Z kv-compact: end bytes=5346923 ms=9 l0=143 l1=160 rc=0
2026-10-02T19:39:38.061Z kv-compact: start l0=143 inputs=2 range=270 l0only=1
2026-10-02T19:39:38.070Z kv-compact: end bytes=4696523 ms=8 l0=142 l1=160 rc=0
2026-10-02T19:39:38.070Z kv-compact: start l0=142 inputs=2 range=261 l0only=1
2026-10-02T19:39:38.078Z kv-compact: end bytes=4275044 ms=8 l0=141 l1=160 rc=0
2026-10-02T19:39:38.078Z kv-compact: start l0=141 inputs=2 range=1 l0only=1
2026-10-02T19:39:38.083Z kv-compact: end bytes=2792448 ms=6 l0=140 l1=160 rc=0
2026-10-02T19:39:38.083Z kv-compact: start l0=140 inputs=2 range=264 l0only=1
2026-10-02T19:39:38.086Z kv-compact: end bytes=1324125 ms=3 l0=139 l1=160 rc=0
2026-10-02T19:39:38.086Z kv-compact: start l0=139 inputs=2 range=257 l0only=1
2026-10-02T19:39:38.090Z kv-compact: end bytes=1103179 ms=3 l0=138 l1=160 rc=0
2026-10-02T19:39:38.090Z kv-compact: start l0=138 inputs=2 range=263 l0only=1
2026-10-02T19:39:38.092Z kv-compact: end bytes=485252 ms=2 l0=137 l1=160 rc=0
2026-10-02T19:39:38.097Z raft-host: apply-sleep us=51498 group=0 idx=4267210 applied=4267207
2026-10-02T19:39:38.204Z raft-host: apply-sleep us=30336 group=0 idx=4267213 applied=4267212
2026-10-02T19:39:38.306Z raft-host: apply-sleep us=33660 group=0 idx=4267216 applied=4267215
2026-10-02T19:39:38.316Z raft-obs: tx->1 enq=22298 drop=0 sent=22298 fail=0 hi=15 rtt_avg=45us get_avg=406us get_max=9049ms
2026-10-02T19:39:38.316Z raft-obs: tx->2 enq=21776 drop=0 sent=21776 fail=0 hi=13 rtt_avg=40us get_avg=410us get_max=8934ms
2026-10-02T19:39:38.316Z raft-obs: wait_timeouts=0 pump_hold_max=36774us lock_wait_max=10244us drain_max=36773us tick_max=2us apply_max=36386us persist_max=9952us applies_in_worst=3 arc_miss=0 arc_term_miss=0 opid_replay=0 fin_q=0 fin_done=0 fin_drop=0 fin_full=0 pub_p50=0us pub_max=0us inbox_drop=0
2026-10-02T19:39:38.340Z raft-host: apply-sleep us=20273 group=0 idx=4267217 applied=4267216
2026-10-02T19:39:38.490Z kv-compact: start l0=146 inputs=2 range=267 l0only=1
2026-10-02T19:39:38.491Z raft-host: apply-sleep us=37394 group=0 idx=4267221 applied=4267220
2026-10-02T19:39:38.505Z kv-compact: end bytes=8846685 ms=14 l0=145 l1=160 rc=0
2026-10-02T19:39:38.505Z kv-compact: start l0=145 inputs=2 range=260 l0only=1
2026-10-02T19:39:38.515Z kv-compact: end bytes=6025697 ms=10 l0=144 l1=160 rc=0
2026-10-02T19:39:38.515Z kv-compact: start l0=144 inputs=2 range=258 l0only=1
2026-10-02T19:39:38.525Z kv-compact: end bytes=5446260 ms=10 l0=143 l1=160 rc=0
2026-10-02T19:39:38.525Z kv-compact: start l0=143 inputs=2 range=270 l0only=1
2026-10-02T19:39:38.534Z kv-compact: end bytes=5036803 ms=9 l0=142 l1=160 rc=0
2026-10-02T19:39:38.534Z kv-compact: start l0=142 inputs=2 range=261 l0only=1
2026-10-02T19:39:38.541Z kv-compact: end bytes=4423808 ms=8 l0=141 l1=160 rc=0
2026-10-02T19:39:38.541Z kv-compact: start l0=141 inputs=2 range=1 l0only=1
2026-10-02T19:39:38.548Z kv-compact: end bytes=4035968 ms=7 l0=140 l1=160 rc=0
2026-10-02T19:39:38.548Z kv-compact: start l0=140 inputs=2 range=264 l0only=1
2026-10-02T19:39:38.552Z kv-compact: end bytes=1602966 ms=3 l0=139 l1=160 rc=0
2026-10-02T19:39:38.552Z kv-compact: start l0=139 inputs=2 range=257 l0only=1
2026-10-02T19:39:38.555Z kv-compact: end bytes=1344802 ms=4 l0=138 l1=160 rc=0
2026-10-02T19:39:38.555Z kv-compact: start l0=138 inputs=2 range=263 l0only=1
2026-10-02T19:39:38.557Z kv-compact: end bytes=638468 ms=2 l0=137 l1=160 rc=0
2026-10-02T19:39:38.613Z raft-host: apply-sleep us=24979 group=0 idx=4267225 applied=4267224
2026-10-02T19:39:38.700Z raft-host: apply-sleep us=39732 group=0 idx=4267227 applied=4267226
2026-10-02T19:39:38.770Z raft-host: apply-sleep us=41449 group=0 idx=4267231 applied=4267227
2026-10-02T19:39:38.877Z kv-compact: start l0=146 inputs=2 range=267 l0only=1
2026-10-02T19:39:38.877Z raft-host: apply-sleep us=42625 group=0 idx=4267233 applied=4267232
2026-10-02T19:39:38.893Z kv-compact: end bytes=9306485 ms=16 l0=145 l1=160 rc=0
2026-10-02T19:39:38.893Z kv-compact: start l0=145 inputs=2 range=260 l0only=1
2026-10-02T19:39:38.903Z kv-compact: end bytes=6228805 ms=10 l0=144 l1=160 rc=0
2026-10-02T19:39:38.903Z kv-compact: start l0=144 inputs=2 range=258 l0only=1
2026-10-02T19:39:38.913Z kv-compact: end bytes=5553647 ms=9 l0=143 l1=160 rc=0
2026-10-02T19:39:38.913Z kv-compact: start l0=143 inputs=2 range=270 l0only=1
2026-10-02T19:39:38.922Z kv-compact: end bytes=5400750 ms=10 l0=142 l1=160 rc=0
2026-10-02T19:39:38.922Z kv-compact: start l0=142 inputs=2 range=1 l0only=1
2026-10-02T19:39:38.931Z kv-compact: end bytes=5205248 ms=9 l0=141 l1=160 rc=0
2026-10-02T19:39:38.931Z kv-compact: start l0=141 inputs=2 range=261 l0only=1
2026-10-02T19:39:38.939Z kv-compact: end bytes=4584647 ms=8 l0=140 l1=160 rc=0
2026-10-02T19:39:38.939Z kv-compact: start l0=140 inputs=2 range=264 l0only=1
2026-10-02T19:39:38.944Z kv-compact: end bytes=1926529 ms=4 l0=139 l1=160 rc=0
2026-10-02T19:39:38.944Z kv-compact: start l0=139 inputs=2 range=257 l0only=1
2026-10-02T19:39:38.948Z kv-compact: end bytes=1602364 ms=4 l0=138 l1=160 rc=0
2026-10-02T19:39:38.948Z kv-compact: start l0=138 inputs=2 range=263 l0only=1
2026-10-02T19:39:38.950Z kv-compact: end bytes=746517 ms=3 l0=137 l1=160 rc=0
2026-10-02T19:39:38.950Z raft-host: apply-sleep us=34553 group=0 idx=4267236 applied=4267235
2026-10-02T19:39:38.952Z raft-host: apply-sleep us=31484 group=0 idx=4267237 applied=4267235
2026-10-02T19:39:39.103Z raft-host: gc-frag group=0 scans=1 records=256 ms=259
2026-10-02T19:39:39.103Z raft-host: gc-pass ms=259 reap=0 frag=259 spread=0 recover=0 fscans=1 fsegs=3 fkeys=258 femit=257 ftomb=1 scans=2 segs=3 keys=258 emit=257 tomb=1
2026-10-02T19:39:39.128Z raft-host: apply-sleep us=20574 group=0 idx=4267248 applied=4267247
2026-10-02T19:39:39.277Z raft-host: apply-sleep us=20702 group=0 idx=4267252 applied=4267251
2026-10-02T19:39:39.371Z kv-compact: start l0=146 inputs=2 range=267 l0only=1
2026-10-02T19:39:39.387Z kv-compact: end bytes=9488779 ms=16 l0=145 l1=160 rc=0
2026-10-02T19:39:39.387Z kv-compact: start l0=145 inputs=2 range=1 l0only=1
2026-10-02T19:39:39.399Z kv-compact: end bytes=7255296 ms=12 l0=144 l1=160 rc=0
2026-10-02T19:39:39.399Z kv-compact: start l0=144 inputs=2 range=260 l0only=1
2026-10-02T19:39:39.410Z kv-compact: end bytes=6270343 ms=10 l0=143 l1=160 rc=0
2026-10-02T19:39:39.410Z kv-compact: start l0=143 inputs=2 range=258 l0only=1
2026-10-02T19:39:39.419Z kv-compact: end bytes=5624091 ms=10 l0=142 l1=160 rc=0
2026-10-02T19:39:39.419Z kv-compact: start l0=142 inputs=2 range=270 l0only=1
2026-10-02T19:39:39.427Z raft-host: apply-sleep us=47178 group=0 idx=4267256 applied=4267255
2026-10-02T19:39:39.430Z kv-compact: end bytes=5611116 ms=10 l0=141 l1=160 rc=0
2026-10-02T19:39:39.430Z kv-compact: start l0=141 inputs=2 range=261 l0only=1
2026-10-02T19:39:39.438Z kv-compact: end bytes=4711206 ms=9 l0=140 l1=160 rc=0
2026-10-02T19:39:39.438Z kv-compact: start l0=140 inputs=2 range=264 l0only=1
2026-10-02T19:39:39.443Z kv-compact: end bytes=2081263 ms=4 l0=139 l1=160 rc=0
2026-10-02T19:39:39.443Z kv-compact: start l0=139 inputs=2 range=257 l0only=1
2026-10-02T19:39:39.447Z kv-compact: end bytes=1700017 ms=4 l0=138 l1=160 rc=0
2026-10-02T19:39:39.447Z kv-compact: start l0=138 inputs=2 range=263 l0only=1
2026-10-02T19:39:39.449Z kv-compact: end bytes=774871 ms=3 l0=137 l1=160 rc=0
2026-10-02T19:39:39.588Z raft-host: apply-sleep us=62148 group=0 idx=4267261 applied=4267260
2026-10-02T19:39:39.705Z raft-host: apply-sleep us=30793 group=0 idx=4267264 applied=4267263
2026-10-02T19:39:39.785Z kv-compact: start l0=146 inputs=2 range=267 l0only=1
2026-10-02T19:39:39.787Z raft-host: apply-sleep us=43951 group=0 idx=4267266 applied=4267265
2026-10-02T19:39:39.802Z kv-compact: end bytes=9980674 ms=16 l0=145 l1=160 rc=0
2026-10-02T19:39:39.802Z kv-compact: start l0=145 inputs=2 range=1 l0only=1
2026-10-02T19:39:39.815Z kv-compact: end bytes=8238976 ms=13 l0=144 l1=160 rc=0
2026-10-02T19:39:39.815Z kv-compact: start l0=144 inputs=2 range=260 l0only=1
2026-10-02T19:39:39.826Z kv-compact: end bytes=6451951 ms=11 l0=143 l1=160 rc=0
2026-10-02T19:39:39.826Z kv-compact: start l0=143 inputs=2 range=270 l0only=1
2026-10-02T19:39:39.836Z kv-compact: end bytes=5981094 ms=11 l0=142 l1=160 rc=0
2026-10-02T19:39:39.836Z kv-compact: start l0=142 inputs=2 range=258 l0only=1
2026-10-02T19:39:39.847Z kv-compact: end bytes=5790652 ms=10 l0=141 l1=160 rc=0
2026-10-02T19:39:39.847Z kv-compact: start l0=141 inputs=2 range=261 l0only=1
2026-10-02T19:39:39.856Z kv-compact: end bytes=4941040 ms=9 l0=140 l1=160 rc=0
2026-10-02T19:39:39.856Z kv-compact: start l0=140 inputs=2 range=264 l0only=1
2026-10-02T19:39:39.861Z kv-compact: end bytes=2435389 ms=5 l0=139 l1=160 rc=0
2026-10-02T19:39:39.861Z kv-compact: start l0=139 inputs=2 range=257 l0only=1
2026-10-02T19:39:39.865Z kv-compact: end bytes=1945381 ms=5 l0=138 l1=160 rc=0
2026-10-02T19:39:39.865Z kv-compact: start l0=138 inputs=2 range=263 l0only=1
2026-10-02T19:39:39.868Z kv-compact: end bytes=929205 ms=3 l0=137 l1=160 rc=0
2026-10-02T19:39:39.906Z raft-host: apply-sleep us=25001 group=0 idx=4267272 applied=4267271
2026-10-02T19:39:40.047Z raft-host: apply-sleep us=31936 group=0 idx=4267276 applied=4267275
2026-10-02T19:39:40.148Z raft-host: apply-sleep us=45792 group=0 idx=4267277 applied=4267276
2026-10-02T19:39:40.206Z kv-compact: start l0=146 inputs=2 range=267 l0only=1
2026-10-02T19:39:40.210Z raft-host: apply-sleep us=36054 group=0 idx=4267282 applied=4267279
2026-10-02T19:39:40.223Z kv-compact: end bytes=10396919 ms=18 l0=145 l1=160 rc=0
2026-10-02T19:39:40.223Z kv-compact: start l0=145 inputs=2 range=1 l0only=1
2026-10-02T19:39:40.238Z kv-compact: end bytes=9483882 ms=15 l0=144 l1=160 rc=0
2026-10-02T19:39:40.238Z kv-compact: start l0=144 inputs=2 range=260 l0only=1
2026-10-02T19:39:40.250Z kv-compact: end bytes=6647653 ms=11 l0=143 l1=160 rc=0
2026-10-02T19:39:40.250Z kv-compact: start l0=143 inputs=2 range=270 l0only=1
2026-10-02T19:39:40.260Z kv-compact: end bytes=6367185 ms=11 l0=142 l1=160 rc=0
2026-10-02T19:39:40.260Z kv-compact: start l0=142 inputs=2 range=258 l0only=1
2026-10-02T19:39:40.271Z kv-compact: end bytes=5888218 ms=10 l0=141 l1=160 rc=0
2026-10-02T19:39:40.271Z kv-compact: start l0=141 inputs=2 range=261 l0only=1
2026-10-02T19:39:40.271Z raft-host: apply-sleep us=41886 group=0 idx=4267283 applied=4267282
2026-10-02T19:39:40.280Z kv-compact: end bytes=5086101 ms=10 l0=140 l1=160 rc=0
2026-10-02T19:39:40.280Z kv-compact: start l0=140 inputs=2 range=264 l0only=1
2026-10-02T19:39:40.283Z raft-host: apply-sleep us=46636 group=0 idx=4267284 applied=4267282
2026-10-02T19:39:40.286Z kv-compact: end bytes=2677694 ms=5 l0=139 l1=160 rc=0
2026-10-02T19:39:40.286Z kv-compact: start l0=139 inputs=2 range=257 l0only=1
2026-10-02T19:39:40.290Z kv-compact: end bytes=2194535 ms=5 l0=138 l1=160 rc=0
2026-10-02T19:39:40.290Z kv-compact: start l0=138 inputs=2 range=263 l0only=1
2026-10-02T19:39:40.293Z kv-compact: end bytes=1073879 ms=3 l0=137 l1=160 rc=0
2026-10-02T19:39:40.311Z raft-host: apply-sleep us=23001 group=0 idx=4267286 applied=4267285
2026-10-02T19:39:40.392Z raft-host: apply-sleep us=25270 group=0 idx=4267291 applied=4267290
2026-10-02T19:39:40.409Z raft-host: gc-frag group=0 scans=1 records=256 ms=303
2026-10-02T19:39:40.409Z raft-host: gc-pass ms=303 reap=0 frag=303 spread=0 recover=0 fscans=1 fsegs=3 fkeys=258 femit=257 ftomb=1 scans=2 segs=3 keys=258 emit=257 tomb=1
2026-10-02T19:39:40.474Z raft-host: apply-sleep us=41199 group=0 idx=4267294 applied=4267293
2026-10-02T19:39:40.518Z raft-host: apply-sleep us=28597 group=0 idx=4267296 applied=4267295
2026-10-02T19:39:40.584Z raft-host: apply-sleep us=22628 group=0 idx=4267297 applied=4267296
2026-10-02T19:39:40.658Z kv-compact: start l0=146 inputs=4 range=1 l0only=0
2026-10-02T19:39:40.665Z raft-host: apply-sleep us=32164 group=0 idx=4267301 applied=4267298
2026-10-02T19:39:40.791Z kv-compact: end bytes=90869760 ms=133 l0=144 l1=160 rc=0
2026-10-02T19:39:40.791Z kv-compact: start l0=144 inputs=2 range=267 l0only=1
2026-10-02T19:39:40.797Z raft-host: apply-sleep us=32650 group=0 idx=4267304 applied=4267303
2026-10-02T19:39:40.809Z kv-compact: end bytes=10824783 ms=18 l0=143 l1=160 rc=0
2026-10-02T19:39:40.809Z kv-compact: start l0=143 inputs=2 range=260 l0only=1
2026-10-02T19:39:40.821Z kv-compact: end bytes=6851244 ms=12 l0=142 l1=160 rc=0
2026-10-02T19:39:40.821Z kv-compact: start l0=142 inputs=2 range=270 l0only=1
2026-10-02T19:39:40.833Z kv-compact: end bytes=6740792 ms=12 l0=141 l1=160 rc=0
2026-10-02T19:39:40.833Z kv-compact: start l0=141 inputs=2 range=258 l0only=1
2026-10-02T19:39:40.844Z kv-compact: end bytes=5995283 ms=10 l0=140 l1=160 rc=0
2026-10-02T19:39:40.844Z kv-compact: start l0=140 inputs=2 range=261 l0only=1
2026-10-02T19:39:40.853Z kv-compact: end bytes=5246618 ms=9 l0=139 l1=160 rc=0
2026-10-02T19:39:40.853Z kv-compact: start l0=139 inputs=2 range=264 l0only=1
2026-10-02T19:39:40.853Z raft-host: apply-sleep us=33082 group=0 idx=4267306 applied=4267304
2026-10-02T19:39:40.859Z kv-compact: end bytes=2996400 ms=5 l0=138 l1=160 rc=0
2026-10-02T19:39:40.859Z kv-compact: start l0=138 inputs=2 range=257 l0only=1
2026-10-02T19:39:40.864Z kv-compact: end bytes=2494491 ms=6 l0=137 l1=160 rc=0
2026-10-02T19:39:40.864Z kv-compact: start l0=137 inputs=2 range=263 l0only=1
2026-10-02T19:39:40.867Z kv-compact: end bytes=1188511 ms=3 l0=136 l1=160 rc=0
2026-10-02T19:39:40.949Z raft-host: apply-sleep us=26239 group=0 idx=4267308 applied=4267307
2026-10-02T19:39:41.057Z raft-host: apply-sleep us=30824 group=0 idx=4267311 applied=4267310
2026-10-02T19:39:41.096Z kv-compact: start l0=145 inputs=2 range=267 l0only=1
2026-10-02T19:39:41.114Z kv-compact: end bytes=11193882 ms=18 l0=144 l1=160 rc=0
2026-10-02T19:39:41.114Z kv-compact: start l0=144 inputs=2 range=270 l0only=1
2026-10-02T19:39:41.126Z kv-compact: end bytes=7060786 ms=12 l0=143 l1=160 rc=0
2026-10-02T19:39:41.126Z kv-compact: start l0=143 inputs=2 range=260 l0only=1
2026-10-02T19:39:41.134Z raft-host: apply-sleep us=30815 group=0 idx=4267313 applied=4267312
2026-10-02T19:39:41.138Z kv-compact: end bytes=7037608 ms=12 l0=142 l1=160 rc=0
2026-10-02T19:39:41.138Z kv-compact: start l0=142 inputs=2 range=258 l0only=1
2026-10-02T19:39:41.148Z kv-compact: end bytes=6093815 ms=11 l0=141 l1=160 rc=0
2026-10-02T19:39:41.148Z kv-compact: start l0=141 inputs=2 range=261 l0only=1
2026-10-02T19:39:41.158Z kv-compact: end bytes=5436685 ms=9 l0=140 l1=160 rc=0
2026-10-02T19:39:41.158Z kv-compact: start l0=140 inputs=2 range=264 l0only=1
2026-10-02T19:39:41.164Z kv-compact: end bytes=3317769 ms=6 l0=139 l1=160 rc=0
2026-10-02T19:39:41.164Z kv-compact: start l0=139 inputs=2 range=257 l0only=1
2026-10-02T19:39:41.169Z kv-compact: end bytes=2723198 ms=6 l0=138 l1=160 rc=0
2026-10-02T19:39:41.169Z kv-compact: start l0=138 inputs=2 range=263 l0only=1
2026-10-02T19:39:41.173Z kv-compact: end bytes=1287043 ms=3 l0=137 l1=160 rc=0
2026-10-02T19:39:41.225Z raft-host: apply-sleep us=27250 group=0 idx=4267316 applied=4267315
2026-10-02T19:39:41.310Z raft-host: apply-sleep us=38988 group=0 idx=4267318 applied=4267317
2026-10-02T19:39:41.415Z raft-host: apply-sleep us=32987 group=0 idx=4267321 applied=4267320
2026-10-02T19:39:41.515Z kv-compact: start l0=146 inputs=4 range=267 l0only=0
2026-10-02T19:39:41.516Z raft-host: apply-sleep us=54702 group=0 idx=4267324 applied=4267323
2026-10-02T19:39:41.517Z raft-host: apply-sleep us=35043 group=0 idx=4267325 applied=4267323
2026-10-02T19:39:41.655Z kv-compact: end bytes=92546597 ms=139 l0=144 l1=160 rc=0
2026-10-02T19:39:41.655Z kv-compact: start l0=144 inputs=2 range=270 l0only=1
2026-10-02T19:39:41.665Z raft-host: apply-sleep us=25346 group=0 idx=4267334 applied=4267332
2026-10-02T19:39:41.667Z kv-compact: end bytes=7433428 ms=13 l0=143 l1=160 rc=0
2026-10-02T19:39:41.667Z kv-compact: start l0=143 inputs=2 range=260 l0only=1
2026-10-02T19:39:41.679Z kv-compact: end bytes=7183796 ms=12 l0=142 l1=160 rc=0
2026-10-02T19:39:41.679Z kv-compact: start l0=142 inputs=2 range=258 l0only=1
2026-10-02T19:39:41.690Z kv-compact: end bytes=6232040 ms=10 l0=141 l1=160 rc=0
2026-10-02T19:39:41.690Z kv-compact: start l0=141 inputs=2 range=261 l0only=1
2026-10-02T19:39:41.700Z kv-compact: end bytes=5622727 ms=10 l0=140 l1=160 rc=0
2026-10-02T19:39:41.700Z kv-compact: start l0=140 inputs=2 range=264 l0only=1
2026-10-02T19:39:41.707Z kv-compact: end bytes=3602182 ms=8 l0=139 l1=160 rc=0
2026-10-02T19:39:41.707Z kv-compact: start l0=139 inputs=2 range=257 l0only=1
2026-10-02T19:39:41.713Z kv-compact: end bytes=2921228 ms=6 l0=138 l1=160 rc=0
2026-10-02T19:39:41.713Z kv-compact: start l0=138 inputs=2 range=1 l0only=1
2026-10-02T19:39:41.719Z kv-compact: end bytes=2571946 ms=5 l0=137 l1=160 rc=0
2026-10-02T19:39:41.719Z kv-compact: start l0=137 inputs=2 range=263 l0only=1
2026-10-02T19:39:41.722Z kv-compact: end bytes=1383160 ms=4 l0=136 l1=160 rc=0
2026-10-02T19:39:41.726Z raft-host: apply-sleep us=43701 group=0 idx=4267337 applied=4267336
2026-10-02T19:39:41.726Z raft-host: gc-frag group=0 scans=1 records=256 ms=310
2026-10-02T19:39:41.726Z raft-host: gc-pass ms=314 reap=0 frag=310 spread=0 recover=0 fscans=1 fsegs=3 fkeys=257 femit=257 ftomb=0 scans=2 segs=3 keys=257 emit=257 tomb=0
2026-10-02T19:39:41.992Z kv-compact: start l0=145 inputs=2 range=270 l0only=1
2026-10-02T19:39:42.005Z kv-compact: end bytes=7859198 ms=13 l0=144 l1=160 rc=0
2026-10-02T19:39:42.005Z kv-compact: start l0=144 inputs=2 range=260 l0only=1
2026-10-02T19:39:42.018Z kv-compact: end bytes=7394867 ms=12 l0=143 l1=160 rc=0
2026-10-02T19:39:42.018Z kv-compact: start l0=143 inputs=2 range=258 l0only=1
2026-10-02T19:39:42.028Z kv-compact: end bytes=6416794 ms=11 l0=142 l1=160 rc=0
2026-10-02T19:39:42.029Z kv-compact: start l0=142 inputs=2 range=261 l0only=1
2026-10-02T19:39:42.038Z kv-compact: end bytes=5878643 ms=10 l0=141 l1=160 rc=0
2026-10-02T19:39:42.038Z kv-compact: start l0=141 inputs=2 range=264 l0only=1
2026-10-02T19:39:42.046Z kv-compact: end bytes=3997846 ms=7 l0=140 l1=160 rc=0
2026-10-02T19:39:42.046Z kv-compact: start l0=140 inputs=2 range=1 l0only=1
2026-10-02T19:39:42.052Z kv-compact: end bytes=3349248 ms=6 l0=139 l1=160 rc=0
2026-10-02T19:39:42.052Z kv-compact: start l0=139 inputs=2 range=257 l0only=1
2026-10-02T19:39:42.058Z kv-compact: end bytes=3198792 ms=6 l0=138 l1=160 rc=0
2026-10-02T19:39:42.058Z kv-compact: start l0=138 inputs=2 range=263 l0only=1
2026-10-02T19:39:42.062Z kv-compact: end bytes=1524840 ms=4 l0=137 l1=160 rc=0
2026-10-02T19:39:42.779Z kv-compact: start l0=146 inputs=2 range=270 l0only=1
2026-10-02T19:39:42.794Z kv-compact: end bytes=8486776 ms=14 l0=145 l1=160 rc=0
2026-10-02T19:39:42.794Z kv-compact: start l0=145 inputs=2 range=260 l0only=1
2026-10-02T19:39:42.807Z kv-compact: end bytes=7708495 ms=12 l0=144 l1=160 rc=0
2026-10-02T19:39:42.807Z kv-compact: start l0=144 inputs=2 range=258 l0only=1
2026-10-02T19:39:42.818Z kv-compact: end bytes=6625933 ms=12 l0=143 l1=160 rc=0
2026-10-02T19:39:42.818Z kv-compact: start l0=143 inputs=2 range=261 l0only=1
2026-10-02T19:39:42.829Z kv-compact: end bytes=6192432 ms=10 l0=142 l1=160 rc=0
2026-10-02T19:39:42.829Z kv-compact: start l0=142 inputs=2 range=264 l0only=1
2026-10-02T19:39:42.837Z kv-compact: end bytes=4520774 ms=8 l0=141 l1=160 rc=0
2026-10-02T19:39:42.837Z kv-compact: start l0=141 inputs=2 range=257 l0only=1
2026-10-02T19:39:42.844Z kv-compact: end bytes=3616748 ms=6 l0=140 l1=160 rc=0
2026-10-02T19:39:42.844Z kv-compact: start l0=140 inputs=2 range=1 l0only=1
2026-10-02T19:39:42.849Z kv-compact: end bytes=3350634 ms=6 l0=139 l1=160 rc=0
2026-10-02T19:39:42.849Z kv-compact: start l0=139 inputs=2 range=263 l0only=1
2026-10-02T19:39:42.853Z kv-compact: end bytes=1734301 ms=4 l0=138 l1=160 rc=0
2026-10-02T19:39:42.853Z kv-compact: start l0=138 inputs=2 range=267 l0only=1
2026-10-02T19:39:42.856Z kv-compact: end bytes=1272638 ms=3 l0=137 l1=160 rc=0
2026-10-02T19:39:42.997Z raft-host: gc-frag group=0 scans=1 records=256 ms=268
2026-10-02T19:39:42.997Z raft-host: gc-pass ms=268 reap=0 frag=268 spread=0 recover=0 fscans=1 fsegs=3 fkeys=258 femit=257 ftomb=1 scans=2 segs=3 keys=258 emit=257 tomb=1
2026-10-02T19:39:43.319Z raft-obs: tx->1 enq=22886 drop=0 sent=22886 fail=0 hi=15 rtt_avg=47us get_avg=395us get_max=9049ms
2026-10-02T19:39:43.319Z raft-obs: tx->2 enq=22198 drop=0 sent=22198 fail=0 hi=13 rtt_avg=41us get_avg=402us get_max=8934ms
2026-10-02T19:39:43.319Z raft-obs: wait_timeouts=0 pump_hold_max=34221us lock_wait_max=2703us drain_max=34221us tick_max=4us apply_max=34049us persist_max=2319us applies_in_worst=3 arc_miss=0 arc_term_miss=0 opid_replay=0 fin_q=0 fin_done=0 fin_drop=0 fin_full=0 pub_p50=0us pub_max=0us inbox_drop=0
2026-10-02T19:39:43.351Z kv-compact: start l0=146 inputs=2 range=270 l0only=1
2026-10-02T19:39:43.366Z kv-compact: end bytes=9111617 ms=14 l0=145 l1=160 rc=0
2026-10-02T19:39:43.366Z kv-compact: start l0=145 inputs=2 range=260 l0only=1
2026-10-02T19:39:43.379Z kv-compact: end bytes=8020835 ms=14 l0=144 l1=160 rc=0
2026-10-02T19:39:43.379Z kv-compact: start l0=144 inputs=2 range=258 l0only=1
2026-10-02T19:39:43.390Z kv-compact: end bytes=6834267 ms=11 l0=143 l1=160 rc=0
2026-10-02T19:39:43.390Z kv-compact: start l0=143 inputs=2 range=261 l0only=1
2026-10-02T19:39:43.401Z kv-compact: end bytes=6504933 ms=11 l0=142 l1=160 rc=0
2026-10-02T19:39:43.401Z kv-compact: start l0=142 inputs=2 range=264 l0only=1
2026-10-02T19:39:43.410Z kv-compact: end bytes=5041448 ms=8 l0=141 l1=160 rc=0
2026-10-02T19:39:43.410Z kv-compact: start l0=141 inputs=2 range=257 l0only=1
2026-10-02T19:39:43.417Z kv-compact: end bytes=4033094 ms=7 l0=140 l1=160 rc=0
2026-10-02T19:39:43.417Z kv-compact: start l0=140 inputs=2 range=1 l0only=1
2026-10-02T19:39:43.422Z kv-compact: end bytes=3357696 ms=6 l0=139 l1=160 rc=0
2026-10-02T19:39:43.422Z kv-compact: start l0=139 inputs=2 range=267 l0only=1
2026-10-02T19:39:43.426Z kv-compact: end bytes=2001968 ms=4 l0=138 l1=160 rc=0
2026-10-02T19:39:43.426Z kv-compact: start l0=138 inputs=2 range=263 l0only=1
2026-10-02T19:39:43.430Z kv-compact: end bytes=1942152 ms=4 l0=137 l1=160 rc=0
2026-10-02T19:39:44.341Z raft-host: gc-frag group=0 scans=2 records=512 ms=341
2026-10-02T19:39:44.341Z raft-host: gc-pass ms=341 reap=0 frag=341 spread=0 recover=0 fscans=2 fsegs=6 fkeys=516 femit=514 ftomb=2 scans=3 segs=6 keys=516 emit=514 tomb=2
2026-10-02T19:39:45.614Z raft-host: gc-frag group=0 scans=2 records=512 ms=270
2026-10-02T19:39:45.614Z raft-host: gc-pass ms=270 reap=0 frag=270 spread=0 recover=0 fscans=2 fsegs=6 fkeys=516 femit=514 ftomb=2 scans=3 segs=6 keys=516 emit=514 tomb=2
2026-10-02T19:39:46.884Z raft-host: gc-frag group=0 scans=2 records=512 ms=267
2026-10-02T19:39:46.884Z raft-host: gc-pass ms=267 reap=0 frag=267 spread=0 recover=0 fscans=2 fsegs=6 fkeys=516 femit=514 ftomb=2 scans=3 segs=6 keys=516 emit=514 tomb=2
2026-10-02T19:39:48.154Z raft-host: gc-frag group=0 scans=2 records=512 ms=266
2026-10-02T19:39:48.154Z raft-host: gc-pass ms=266 reap=0 frag=266 spread=0 recover=0 fscans=2 fsegs=6 fkeys=516 femit=514 ftomb=2 scans=3 segs=6 keys=516 emit=514 tomb=2
2026-10-02T19:39:48.321Z raft-obs: tx->1 enq=23091 drop=0 sent=23091 fail=0 hi=15 rtt_avg=47us get_avg=392us get_max=9049ms
2026-10-02T19:39:48.321Z raft-obs: tx->2 enq=22403 drop=0 sent=22403 fail=0 hi=13 rtt_avg=40us get_avg=399us get_max=8934ms
2026-10-02T19:39:48.321Z raft-obs: wait_timeouts=0 pump_hold_max=23193us lock_wait_max=335us drain_max=23193us tick_max=5us apply_max=23147us persist_max=717us applies_in_worst=1 arc_miss=0 arc_term_miss=0 opid_replay=0 fin_q=0 fin_done=0 fin_drop=0 fin_full=0 pub_p50=0us pub_max=0us inbox_drop=0
2026-10-02T19:39:49.429Z raft-host: gc-frag group=0 scans=2 records=512 ms=272
2026-10-02T19:39:49.429Z raft-host: gc-pass ms=272 reap=0 frag=272 spread=0 recover=0 fscans=2 fsegs=6 fkeys=516 femit=514 ftomb=2 scans=3 segs=6 keys=516 emit=514 tomb=2
2026-10-02T19:39:50.701Z raft-host: gc-frag group=0 scans=2 records=512 ms=269
2026-10-02T19:39:50.701Z raft-host: gc-pass ms=269 reap=0 frag=269 spread=0 recover=0 fscans=2 fsegs=6 fkeys=516 femit=514 ftomb=2 scans=3 segs=6 keys=516 emit=514 tomb=2
2026-10-02T19:39:51.975Z raft-host: gc-frag group=0 scans=2 records=512 ms=270
2026-10-02T19:39:51.975Z raft-host: gc-pass ms=270 reap=0 frag=270 spread=0 recover=0 fscans=2 fsegs=6 fkeys=516 femit=514 ftomb=2 scans=3 segs=6 keys=516 emit=514 tomb=2
2026-10-02T19:39:53.247Z raft-host: gc-frag group=0 scans=2 records=512 ms=269
2026-10-02T19:39:53.247Z raft-host: gc-pass ms=269 reap=0 frag=269 spread=0 recover=0 fscans=2 fsegs=6 fkeys=516 femit=514 ftomb=2 scans=3 segs=6 keys=516 emit=514 tomb=2
2026-10-02T19:39:53.323Z raft-obs: tx->1 enq=23281 drop=0 sent=23281 fail=0 hi=15 rtt_avg=47us get_avg=388us get_max=9049ms
2026-10-02T19:39:53.323Z raft-obs: tx->2 enq=22593 drop=0 sent=22593 fail=0 hi=13 rtt_avg=40us get_avg=395us get_max=8934ms
2026-10-02T19:39:53.323Z raft-obs: wait_timeouts=0 pump_hold_max=364us lock_wait_max=259us drain_max=364us tick_max=6us apply_max=357us persist_max=515us applies_in_worst=1 arc_miss=0 arc_term_miss=0 opid_replay=0 fin_q=0 fin_done=0 fin_drop=0 fin_full=0 pub_p50=0us pub_max=0us inbox_drop=0
2026-10-02T19:39:54.520Z raft-host: gc-frag group=0 scans=2 records=512 ms=270
2026-10-02T19:39:54.520Z raft-host: gc-pass ms=270 reap=0 frag=270 spread=0 recover=0 fscans=2 fsegs=6 fkeys=516 femit=514 ftomb=2 scans=3 segs=6 keys=516 emit=514 tomb=2
2026-10-02T19:39:55.793Z raft-host: gc-frag group=0 scans=2 records=512 ms=269
2026-10-02T19:39:55.793Z raft-host: gc-pass ms=269 reap=0 frag=269 spread=0 recover=0 fscans=2 fsegs=6 fkeys=516 femit=514 ftomb=2 scans=3 segs=6 keys=516 emit=514 tomb=2
2026-10-02T19:39:57.068Z raft-host: gc-frag group=0 scans=2 records=512 ms=272
2026-10-02T19:39:57.068Z raft-host: gc-pass ms=272 reap=0 frag=272 spread=0 recover=0 fscans=2 fsegs=6 fkeys=516 femit=514 ftomb=2 scans=3 segs=6 keys=516 emit=514 tomb=2
2026-10-02T19:39:58.327Z raft-obs: tx->1 enq=23468 drop=0 sent=23468 fail=0 hi=15 rtt_avg=47us get_avg=385us get_max=9049ms
2026-10-02T19:39:58.327Z raft-obs: tx->2 enq=22780 drop=0 sent=22780 fail=0 hi=13 rtt_avg=40us get_avg=392us get_max=8934ms
2026-10-02T19:39:58.327Z raft-obs: wait_timeouts=0 pump_hold_max=363us lock_wait_max=297us drain_max=363us tick_max=10us apply_max=356us persist_max=521us applies_in_worst=1 arc_miss=0 arc_term_miss=0 opid_replay=0 fin_q=0 fin_done=0 fin_drop=0 fin_full=0 pub_p50=0us pub_max=0us inbox_drop=0
2026-10-02T19:39:58.340Z raft-host: gc-frag group=0 scans=2 records=512 ms=269
2026-10-02T19:39:58.340Z raft-host: gc-pass ms=269 reap=0 frag=269 spread=0 recover=0 fscans=2 fsegs=6 fkeys=516 femit=514 ftomb=2 scans=3 segs=6 keys=516 emit=514 tomb=2
2026-10-02T19:39:59.613Z raft-host: gc-frag group=0 scans=2 records=512 ms=269
2026-10-02T19:39:59.613Z raft-host: gc-pass ms=269 reap=0 frag=269 spread=0 recover=0 fscans=2 fsegs=6 fkeys=516 femit=514 ftomb=2 scans=3 segs=6 keys=516 emit=514 tomb=2
2026-10-02T19:40:00.887Z raft-host: gc-frag group=0 scans=2 records=512 ms=270
2026-10-02T19:40:00.887Z raft-host: gc-pass ms=270 reap=0 frag=270 spread=0 recover=0 fscans=2 fsegs=6 fkeys=516 femit=514 ftomb=2 scans=3 segs=6 keys=516 emit=514 tomb=2
2026-10-02T19:40:02.159Z raft-host: gc-frag group=0 scans=2 records=512 ms=269
2026-10-02T19:40:02.159Z raft-host: gc-pass ms=269 reap=0 frag=269 spread=0 recover=0 fscans=2 fsegs=6 fkeys=516 femit=514 ftomb=2 scans=3 segs=6 keys=516 emit=514 tomb=2
2026-10-02T19:40:03.328Z raft-obs: tx->1 enq=23652 drop=0 sent=23652 fail=0 hi=15 rtt_avg=47us get_avg=382us get_max=9049ms
2026-10-02T19:40:03.328Z raft-obs: tx->2 enq=22964 drop=0 sent=22964 fail=0 hi=13 rtt_avg=40us get_avg=389us get_max=8934ms
2026-10-02T19:40:03.328Z raft-obs: wait_timeouts=0 pump_hold_max=360us lock_wait_max=328us drain_max=360us tick_max=15us apply_max=354us persist_max=514us applies_in_worst=1 arc_miss=0 arc_term_miss=0 opid_replay=0 fin_q=0 fin_done=0 fin_drop=0 fin_full=0 pub_p50=0us pub_max=0us inbox_drop=0
2026-10-02T19:40:03.431Z raft-host: gc-frag group=0 scans=2 records=512 ms=269
2026-10-02T19:40:03.431Z raft-host: gc-pass ms=269 reap=0 frag=269 spread=0 recover=0 fscans=2 fsegs=6 fkeys=516 femit=514 ftomb=2 scans=3 segs=6 keys=516 emit=514 tomb=2
2026-10-02T19:40:04.704Z raft-host: gc-frag group=0 scans=2 records=512 ms=270
2026-10-02T19:40:04.704Z raft-host: gc-pass ms=270 reap=0 frag=270 spread=0 recover=0 fscans=2 fsegs=6 fkeys=516 femit=514 ftomb=2 scans=3 segs=6 keys=516 emit=514 tomb=2
2026-10-02T19:40:05.976Z raft-host: gc-frag group=0 scans=2 records=512 ms=269
2026-10-02T19:40:05.976Z raft-host: gc-pass ms=270 reap=0 frag=269 spread=0 recover=0 fscans=2 fsegs=6 fkeys=516 femit=514 ftomb=2 scans=3 segs=6 keys=516 emit=514 tomb=2
2026-10-02T19:40:07.249Z raft-host: gc-frag group=0 scans=2 records=512 ms=269
2026-10-02T19:40:07.249Z raft-host: gc-pass ms=269 reap=0 frag=269 spread=0 recover=0 fscans=2 fsegs=6 fkeys=516 femit=514 ftomb=2 scans=3 segs=6 keys=516 emit=514 tomb=2
2026-10-02T19:40:08.329Z raft-obs: tx->1 enq=23834 drop=0 sent=23834 fail=0 hi=15 rtt_avg=47us get_avg=379us get_max=9049ms
2026-10-02T19:40:08.329Z raft-obs: tx->2 enq=23146 drop=0 sent=23146 fail=0 hi=13 rtt_avg=40us get_avg=386us get_max=8934ms
2026-10-02T19:40:08.329Z raft-obs: wait_timeouts=0 pump_hold_max=415us lock_wait_max=324us drain_max=415us tick_max=5us apply_max=408us persist_max=1041us applies_in_worst=1 arc_miss=0 arc_term_miss=0 opid_replay=0 fin_q=0 fin_done=0 fin_drop=0 fin_full=0 pub_p50=0us pub_max=0us inbox_drop=0
2026-10-02T19:40:08.520Z raft-host: gc-frag group=0 scans=2 records=512 ms=268
2026-10-02T19:40:08.521Z raft-host: gc-pass ms=268 reap=0 frag=268 spread=0 recover=0 fscans=2 fsegs=6 fkeys=516 femit=514 ftomb=2 scans=3 segs=6 keys=516 emit=514 tomb=2
2026-10-02T19:40:09.794Z raft-host: gc-frag group=0 scans=2 records=512 ms=270
2026-10-02T19:40:09.794Z raft-host: gc-pass ms=270 reap=0 frag=270 spread=0 recover=0 fscans=2 fsegs=6 fkeys=516 femit=514 ftomb=2 scans=3 segs=6 keys=516 emit=514 tomb=2
2026-10-02T19:40:11.066Z raft-host: gc-frag group=0 scans=2 records=512 ms=269
2026-10-02T19:40:11.066Z raft-host: gc-pass ms=269 reap=0 frag=269 spread=0 recover=0 fscans=2 fsegs=6 fkeys=516 femit=514 ftomb=2 scans=3 segs=6 keys=516 emit=514 tomb=2
2026-10-02T19:40:12.339Z raft-host: gc-frag group=0 scans=2 records=512 ms=269
2026-10-02T19:40:12.339Z raft-host: gc-pass ms=270 reap=0 frag=269 spread=0 recover=0 fscans=2 fsegs=6 fkeys=516 femit=514 ftomb=2 scans=3 segs=6 keys=516 emit=514 tomb=2
2026-10-02T19:40:13.332Z raft-obs: tx->1 enq=24019 drop=0 sent=24019 fail=0 hi=15 rtt_avg=46us get_avg=377us get_max=9049ms
2026-10-02T19:40:13.332Z raft-obs: tx->2 enq=23331 drop=0 sent=23331 fail=0 hi=13 rtt_avg=40us get_avg=383us get_max=8934ms
2026-10-02T19:40:13.332Z raft-obs: wait_timeouts=0 pump_hold_max=242us lock_wait_max=279us drain_max=242us tick_max=8us apply_max=237us persist_max=510us applies_in_worst=1 arc_miss=0 arc_term_miss=0 opid_replay=0 fin_q=0 fin_done=0 fin_drop=0 fin_full=0 pub_p50=0us pub_max=0us inbox_drop=0
2026-10-02T19:40:13.614Z raft-host: gc-frag group=0 scans=2 records=512 ms=272
2026-10-02T19:40:13.614Z raft-host: gc-pass ms=272 reap=0 frag=272 spread=0 recover=0 fscans=2 fsegs=6 fkeys=516 femit=514 ftomb=2 scans=3 segs=6 keys=516 emit=514 tomb=2
2026-10-02T19:40:14.889Z raft-host: gc-frag group=0 scans=2 records=512 ms=272
2026-10-02T19:40:14.889Z raft-host: gc-pass ms=272 reap=0 frag=272 spread=0 recover=0 fscans=2 fsegs=6 fkeys=516 femit=514 ftomb=2 scans=3 segs=6 keys=516 emit=514 tomb=2
2026-10-02T19:40:16.166Z raft-host: gc-frag group=0 scans=2 records=512 ms=273
2026-10-02T19:40:16.166Z raft-host: gc-pass ms=273 reap=0 frag=273 spread=0 recover=0 fscans=2 fsegs=6 fkeys=516 femit=514 ftomb=2 scans=3 segs=6 keys=516 emit=514 tomb=2
2026-10-02T19:40:17.439Z raft-host: gc-frag group=0 scans=2 records=512 ms=270
2026-10-02T19:40:17.439Z raft-host: gc-pass ms=270 reap=0 frag=270 spread=0 recover=0 fscans=2 fsegs=6 fkeys=516 femit=514 ftomb=2 scans=3 segs=6 keys=516 emit=514 tomb=2
2026-10-02T19:40:18.336Z raft-obs: tx->1 enq=24209 drop=0 sent=24209 fail=0 hi=15 rtt_avg=46us get_avg=374us get_max=9049ms
2026-10-02T19:40:18.336Z raft-obs: tx->2 enq=23521 drop=0 sent=23521 fail=0 hi=13 rtt_avg=40us get_avg=380us get_max=8934ms
2026-10-02T19:40:18.336Z raft-obs: wait_timeouts=0 pump_hold_max=383us lock_wait_max=288us drain_max=383us tick_max=6us apply_max=375us persist_max=522us applies_in_worst=1 arc_miss=0 arc_term_miss=0 opid_replay=0 fin_q=0 fin_done=0 fin_drop=0 fin_full=0 pub_p50=0us pub_max=0us inbox_drop=0
2026-10-02T19:40:18.712Z raft-host: gc-frag group=0 scans=2 records=512 ms=270
2026-10-02T19:40:18.712Z raft-host: gc-pass ms=270 reap=0 frag=270 spread=0 recover=0 fscans=2 fsegs=6 fkeys=516 femit=514 ftomb=2 scans=3 segs=6 keys=516 emit=514 tomb=2
2026-10-02T19:40:19.986Z raft-host: gc-frag group=0 scans=2 records=512 ms=271
2026-10-02T19:40:19.986Z raft-host: gc-pass ms=271 reap=0 frag=271 spread=0 recover=0 fscans=2 fsegs=6 fkeys=516 femit=514 ftomb=2 scans=3 segs=6 keys=516 emit=514 tomb=2
2026-10-02T19:40:21.263Z raft-host: gc-frag group=0 scans=2 records=512 ms=273
2026-10-02T19:40:21.263Z raft-host: gc-pass ms=273 reap=0 frag=273 spread=0 recover=0 fscans=2 fsegs=6 fkeys=516 femit=514 ftomb=2 scans=3 segs=6 keys=516 emit=514 tomb=2
2026-10-02T19:40:22.538Z raft-host: gc-frag group=0 scans=2 records=512 ms=272
2026-10-02T19:40:22.538Z raft-host: gc-pass ms=272 reap=0 frag=272 spread=0 recover=0 fscans=2 fsegs=6 fkeys=516 femit=514 ftomb=2 scans=3 segs=6 keys=516 emit=514 tomb=2
2026-10-02T19:40:23.338Z raft-obs: tx->1 enq=24399 drop=0 sent=24399 fail=0 hi=15 rtt_avg=46us get_avg=371us get_max=9049ms
2026-10-02T19:40:23.338Z raft-obs: tx->2 enq=23711 drop=0 sent=23711 fail=0 hi=13 rtt_avg=40us get_avg=377us get_max=8934ms
2026-10-02T19:40:23.338Z raft-obs: wait_timeouts=0 pump_hold_max=377us lock_wait_max=250us drain_max=377us tick_max=7us apply_max=372us persist_max=525us applies_in_worst=1 arc_miss=0 arc_term_miss=0 opid_replay=0 fin_q=0 fin_done=0 fin_drop=0 fin_full=0 pub_p50=0us pub_max=0us inbox_drop=0
2026-10-02T19:40:23.814Z raft-host: gc-frag group=0 scans=2 records=512 ms=273
2026-10-02T19:40:23.814Z raft-host: gc-pass ms=273 reap=0 frag=273 spread=0 recover=0 fscans=2 fsegs=6 fkeys=516 femit=514 ftomb=2 scans=3 segs=6 keys=516 emit=514 tomb=2
2026-10-02T19:40:25.089Z raft-host: gc-frag group=0 scans=2 records=512 ms=271
2026-10-02T19:40:25.089Z raft-host: gc-pass ms=272 reap=0 frag=271 spread=0 recover=0 fscans=2 fsegs=6 fkeys=516 femit=514 ftomb=2 scans=3 segs=6 keys=516 emit=514 tomb=2
2026-10-02T19:40:26.363Z raft-host: gc-frag group=0 scans=2 records=512 ms=271
2026-10-02T19:40:26.363Z raft-host: gc-pass ms=271 reap=0 frag=271 spread=0 recover=0 fscans=2 fsegs=6 fkeys=516 femit=514 ftomb=2 scans=3 segs=6 keys=516 emit=514 tomb=2
2026-10-02T19:40:27.639Z raft-host: gc-frag group=0 scans=2 records=512 ms=273
2026-10-02T19:40:27.639Z raft-host: gc-pass ms=273 reap=0 frag=273 spread=0 recover=0 fscans=2 fsegs=6 fkeys=516 femit=514 ftomb=2 scans=3 segs=6 keys=516 emit=514 tomb=2
2026-10-02T19:40:28.338Z raft-obs: tx->1 enq=24589 drop=0 sent=24589 fail=0 hi=15 rtt_avg=46us get_avg=368us get_max=9049ms
2026-10-02T19:40:28.338Z raft-obs: tx->2 enq=23901 drop=0 sent=23901 fail=0 hi=13 rtt_avg=40us get_avg=374us get_max=8934ms
2026-10-02T19:40:28.338Z raft-obs: wait_timeouts=0 pump_hold_max=233us lock_wait_max=316us drain_max=233us tick_max=11us apply_max=226us persist_max=618us applies_in_worst=1 arc_miss=0 arc_term_miss=0 opid_replay=0 fin_q=0 fin_done=0 fin_drop=0 fin_full=0 pub_p50=0us pub_max=0us inbox_drop=0
2026-10-02T19:40:28.918Z raft-host: gc-frag group=0 scans=2 records=512 ms=275
2026-10-02T19:40:28.918Z raft-host: gc-pass ms=275 reap=0 frag=275 spread=0 recover=0 fscans=2 fsegs=6 fkeys=516 femit=514 ftomb=2 scans=3 segs=6 keys=516 emit=514 tomb=2
2026-10-02T19:40:30.192Z raft-host: gc-frag group=0 scans=2 records=512 ms=271
2026-10-02T19:40:30.192Z raft-host: gc-pass ms=271 reap=0 frag=271 spread=0 recover=0 fscans=2 fsegs=6 fkeys=516 femit=514 ftomb=2 scans=3 segs=6 keys=516 emit=514 tomb=2
2026-10-02T19:40:31.467Z raft-host: gc-frag group=0 scans=2 records=512 ms=272
2026-10-02T19:40:31.468Z raft-host: gc-pass ms=272 reap=0 frag=272 spread=0 recover=0 fscans=2 fsegs=6 fkeys=516 femit=514 ftomb=2 scans=3 segs=6 keys=516 emit=514 tomb=2
2026-10-02T19:40:32.741Z raft-host: gc-frag group=0 scans=2 records=512 ms=270
2026-10-02T19:40:32.741Z raft-host: gc-pass ms=270 reap=0 frag=270 spread=0 recover=0 fscans=2 fsegs=6 fkeys=516 femit=514 ftomb=2 scans=3 segs=6 keys=516 emit=514 tomb=2
2026-10-02T19:40:33.338Z raft-obs: tx->1 enq=24779 drop=0 sent=24779 fail=0 hi=15 rtt_avg=46us get_avg=365us get_max=9049ms
2026-10-02T19:40:33.338Z raft-obs: tx->2 enq=24091 drop=0 sent=24091 fail=0 hi=13 rtt_avg=40us get_avg=371us get_max=8934ms
2026-10-02T19:40:33.338Z raft-obs: wait_timeouts=0 pump_hold_max=254us lock_wait_max=291us drain_max=253us tick_max=5us apply_max=244us persist_max=592us applies_in_worst=1 arc_miss=0 arc_term_miss=0 opid_replay=0 fin_q=0 fin_done=0 fin_drop=0 fin_full=0 pub_p50=0us pub_max=0us inbox_drop=0
2026-10-02T19:40:34.014Z raft-host: gc-frag group=0 scans=2 records=512 ms=270
2026-10-02T19:40:34.014Z raft-host: gc-pass ms=270 reap=0 frag=270 spread=0 recover=0 fscans=2 fsegs=6 fkeys=516 femit=514 ftomb=2 scans=3 segs=6 keys=516 emit=514 tomb=2
2026-10-02T19:40:35.287Z raft-host: gc-frag group=0 scans=2 records=512 ms=270
2026-10-02T19:40:35.287Z raft-host: gc-pass ms=270 reap=0 frag=270 spread=0 recover=0 fscans=2 fsegs=6 fkeys=516 femit=514 ftomb=2 scans=3 segs=6 keys=516 emit=514 tomb=2
2026-10-02T19:40:36.561Z raft-host: gc-frag group=0 scans=2 records=512 ms=271
2026-10-02T19:40:36.561Z raft-host: gc-pass ms=271 reap=0 frag=271 spread=0 recover=0 fscans=2 fsegs=6 fkeys=516 femit=514 ftomb=2 scans=3 segs=6 keys=516 emit=514 tomb=2
2026-10-02T19:40:37.838Z raft-host: gc-frag group=0 scans=2 records=512 ms=274
2026-10-02T19:40:37.838Z raft-host: gc-pass ms=274 reap=0 frag=274 spread=0 recover=0 fscans=2 fsegs=6 fkeys=516 femit=514 ftomb=2 scans=3 segs=6 keys=516 emit=514 tomb=2
2026-10-02T19:40:38.340Z raft-obs: tx->1 enq=24970 drop=0 sent=24969 fail=0 hi=15 rtt_avg=46us get_avg=362us get_max=9049ms
2026-10-02T19:40:38.340Z raft-obs: tx->2 enq=24282 drop=0 sent=24281 fail=0 hi=13 rtt_avg=40us get_avg=368us get_max=8934ms
2026-10-02T19:40:38.340Z raft-obs: wait_timeouts=0 pump_hold_max=362us lock_wait_max=266us drain_max=362us tick_max=5us apply_max=358us persist_max=525us applies_in_worst=1 arc_miss=0 arc_term_miss=0 opid_replay=0 fin_q=0 fin_done=0 fin_drop=0 fin_full=0 pub_p50=0us pub_max=0us inbox_drop=0
2026-10-02T19:40:39.113Z raft-host: gc-frag group=0 scans=2 records=512 ms=272
2026-10-02T19:40:39.113Z raft-host: gc-pass ms=272 reap=0 frag=272 spread=0 recover=0 fscans=2 fsegs=6 fkeys=516 femit=514 ftomb=2 scans=3 segs=6 keys=516 emit=514 tomb=2
2026-10-02T19:40:40.393Z raft-host: gc-frag group=0 scans=2 records=512 ms=277
2026-10-02T19:40:40.393Z raft-host: gc-pass ms=277 reap=0 frag=277 spread=0 recover=0 fscans=2 fsegs=6 fkeys=516 femit=514 ftomb=2 scans=3 segs=6 keys=516 emit=514 tomb=2
2026-10-02T19:40:41.672Z raft-host: gc-frag group=0 scans=2 records=512 ms=275
2026-10-02T19:40:41.672Z raft-host: gc-pass ms=276 reap=0 frag=275 spread=0 recover=0 fscans=2 fsegs=6 fkeys=516 femit=514 ftomb=2 scans=3 segs=6 keys=516 emit=514 tomb=2
2026-10-02T19:40:42.385Z kv-compact: start l0=146 inputs=2 range=270 l0only=1
2026-10-02T19:40:42.400Z kv-compact: end bytes=9484037 ms=15 l0=145 l1=160 rc=0
2026-10-02T19:40:42.400Z kv-compact: start l0=145 inputs=2 range=260 l0only=1
2026-10-02T19:40:42.414Z kv-compact: end bytes=8206884 ms=14 l0=144 l1=160 rc=0
2026-10-02T19:40:42.414Z kv-compact: start l0=144 inputs=2 range=258 l0only=1
2026-10-02T19:40:42.425Z kv-compact: end bytes=6959051 ms=12 l0=143 l1=160 rc=0
2026-10-02T19:40:42.425Z kv-compact: start l0=143 inputs=2 range=261 l0only=1
2026-10-02T19:40:42.436Z kv-compact: end bytes=6692109 ms=10 l0=142 l1=160 rc=0
2026-10-02T19:40:42.436Z kv-compact: start l0=142 inputs=2 range=264 l0only=1
2026-10-02T19:40:42.445Z kv-compact: end bytes=5352925 ms=8 l0=141 l1=160 rc=0
2026-10-02T19:40:42.445Z kv-compact: start l0=141 inputs=2 range=257 l0only=1
2026-10-02T19:40:42.452Z kv-compact: end bytes=4281374 ms=8 l0=140 l1=160 rc=0
2026-10-02T19:40:42.452Z kv-compact: start l0=140 inputs=2 range=1 l0only=1
2026-10-02T19:40:42.459Z kv-compact: end bytes=4134912 ms=7 l0=139 l1=160 rc=0
2026-10-02T19:40:42.459Z kv-compact: start l0=139 inputs=2 range=267 l0only=1
2026-10-02T19:40:42.464Z kv-compact: end bytes=2436941 ms=4 l0=138 l1=160 rc=0
2026-10-02T19:40:42.464Z kv-compact: start l0=138 inputs=2 range=263 l0only=1
2026-10-02T19:40:42.468Z kv-compact: end bytes=2065648 ms=5 l0=137 l1=160 rc=0
2026-10-02T19:40:42.951Z raft-host: gc-frag group=0 scans=2 records=512 ms=275
2026-10-02T19:40:42.951Z raft-host: gc-pass ms=275 reap=0 frag=275 spread=0 recover=0 fscans=2 fsegs=6 fkeys=516 femit=514 ftomb=2 scans=3 segs=6 keys=516 emit=514 tomb=2
2026-10-02T19:40:43.341Z raft-obs: tx->1 enq=25161 drop=0 sent=25161 fail=0 hi=15 rtt_avg=46us get_avg=359us get_max=9049ms
2026-10-02T19:40:43.341Z raft-obs: tx->2 enq=24473 drop=0 sent=24473 fail=0 hi=13 rtt_avg=40us get_avg=365us get_max=8934ms
2026-10-02T19:40:43.341Z raft-obs: wait_timeouts=0 pump_hold_max=18108us lock_wait_max=1431us drain_max=18108us tick_max=4us apply_max=17957us persist_max=691us applies_in_worst=1 arc_miss=0 arc_term_miss=0 opid_replay=0 fin_q=0 fin_done=0 fin_drop=0 fin_full=0 pub_p50=0us pub_max=0us inbox_drop=0
2026-10-02T19:40:44.231Z raft-host: gc-frag group=0 scans=2 records=512 ms=277
2026-10-02T19:40:44.231Z raft-host: gc-pass ms=277 reap=0 frag=277 spread=0 recover=0 fscans=2 fsegs=6 fkeys=516 femit=514 ftomb=2 scans=3 segs=6 keys=516 emit=514 tomb=2
2026-10-02T19:40:45.511Z raft-host: gc-frag group=0 scans=2 records=512 ms=278
2026-10-02T19:40:45.512Z raft-host: gc-pass ms=278 reap=0 frag=278 spread=0 recover=0 fscans=2 fsegs=6 fkeys=516 femit=514 ftomb=2 scans=3 segs=6 keys=516 emit=514 tomb=2
2026-10-02T19:40:46.801Z raft-host: gc-frag group=0 scans=2 records=512 ms=281
2026-10-02T19:40:46.801Z raft-host: gc-pass ms=286 reap=0 frag=281 spread=0 recover=0 fscans=2 fsegs=6 fkeys=516 femit=514 ftomb=2 scans=3 segs=6 keys=516 emit=514 tomb=2
2026-10-02T19:40:47.611Z kv-compact: start l0=146 inputs=2 range=270 l0only=1
2026-10-02T19:40:47.627Z kv-compact: end bytes=10094388 ms=16 l0=145 l1=160 rc=0
2026-10-02T19:40:47.627Z kv-compact: start l0=145 inputs=2 range=260 l0only=1
2026-10-02T19:40:47.641Z kv-compact: end bytes=8511979 ms=13 l0=144 l1=160 rc=0
2026-10-02T19:40:47.641Z kv-compact: start l0=144 inputs=2 range=258 l0only=1
2026-10-02T19:40:47.652Z kv-compact: end bytes=7162394 ms=12 l0=143 l1=160 rc=0
2026-10-02T19:40:47.652Z kv-compact: start l0=143 inputs=2 range=261 l0only=1
2026-10-02T19:40:47.663Z kv-compact: end bytes=6997204 ms=11 l0=142 l1=160 rc=0
2026-10-02T19:40:47.663Z kv-compact: start l0=142 inputs=2 range=264 l0only=1
2026-10-02T19:40:47.673Z kv-compact: end bytes=5861363 ms=9 l0=141 l1=160 rc=0
2026-10-02T19:40:47.673Z kv-compact: start l0=141 inputs=2 range=257 l0only=1
2026-10-02T19:40:47.681Z kv-compact: end bytes=4688221 ms=8 l0=140 l1=160 rc=0
2026-10-02T19:40:47.681Z kv-compact: start l0=140 inputs=2 range=1 l0only=1
2026-10-02T19:40:47.688Z kv-compact: end bytes=4202496 ms=8 l0=139 l1=160 rc=0
2026-10-02T19:40:47.688Z kv-compact: start l0=139 inputs=2 range=267 l0only=1
2026-10-02T19:40:47.693Z kv-compact: end bytes=3148883 ms=5 l0=138 l1=160 rc=0
2026-10-02T19:40:47.693Z kv-compact: start l0=138 inputs=2 range=263 l0only=1
2026-10-02T19:40:47.698Z kv-compact: end bytes=2269152 ms=4 l0=137 l1=160 rc=0
2026-10-02T19:40:48.081Z raft-host: gc-frag group=0 scans=2 records=512 ms=277
2026-10-02T19:40:48.081Z raft-host: gc-pass ms=277 reap=0 frag=277 spread=0 recover=0 fscans=2 fsegs=6 fkeys=516 femit=514 ftomb=2 scans=3 segs=6 keys=516 emit=514 tomb=2
2026-10-02T19:40:48.344Z raft-obs: tx->1 enq=25362 drop=0 sent=25362 fail=0 hi=15 rtt_avg=46us get_avg=357us get_max=9049ms
2026-10-02T19:40:48.344Z raft-obs: tx->2 enq=24673 drop=0 sent=24673 fail=0 hi=13 rtt_avg=40us get_avg=362us get_max=8934ms
2026-10-02T19:40:48.344Z raft-obs: wait_timeouts=0 pump_hold_max=24506us lock_wait_max=1255us drain_max=24505us tick_max=5us apply_max=24425us persist_max=1101us applies_in_worst=1 arc_miss=0 arc_term_miss=0 opid_replay=0 fin_q=0 fin_done=0 fin_drop=0 fin_full=0 pub_p50=0us pub_max=0us inbox_drop=0
2026-10-02T19:40:49.362Z raft-host: gc-frag group=0 scans=2 records=512 ms=278
2026-10-02T19:40:49.362Z raft-host: gc-pass ms=278 reap=0 frag=278 spread=0 recover=0 fscans=2 fsegs=6 fkeys=516 femit=514 ftomb=2 scans=3 segs=6 keys=516 emit=514 tomb=2
2026-10-02T19:40:50.640Z raft-host: gc-frag group=0 scans=2 records=512 ms=275
2026-10-02T19:40:50.640Z raft-host: gc-pass ms=275 reap=0 frag=275 spread=0 recover=0 fscans=2 fsegs=6 fkeys=516 femit=514 ftomb=2 scans=3 segs=6 keys=516 emit=514 tomb=2
2026-10-02T19:40:51.923Z raft-host: gc-frag group=0 scans=2 records=512 ms=280
2026-10-02T19:40:51.924Z raft-host: gc-pass ms=280 reap=0 frag=280 spread=0 recover=0 fscans=2 fsegs=6 fkeys=516 femit=514 ftomb=2 scans=3 segs=6 keys=516 emit=514 tomb=2
2026-10-02T19:40:53.218Z raft-host: gc-frag group=0 scans=2 records=512 ms=291
2026-10-02T19:40:53.218Z raft-host: gc-pass ms=291 reap=0 frag=291 spread=0 recover=0 fscans=2 fsegs=6 fkeys=516 femit=514 ftomb=2 scans=3 segs=6 keys=516 emit=514 tomb=2
2026-10-02T19:40:53.345Z raft-obs: tx->1 enq=25559 drop=0 sent=25559 fail=0 hi=15 rtt_avg=46us get_avg=354us get_max=9049ms
2026-10-02T19:40:53.345Z raft-obs: tx->2 enq=24870 drop=0 sent=24870 fail=0 hi=13 rtt_avg=40us get_avg=359us get_max=8934ms
2026-10-02T19:40:53.345Z raft-obs: wait_timeouts=0 pump_hold_max=12197us lock_wait_max=1541us drain_max=12197us tick_max=8us apply_max=12166us persist_max=722us applies_in_worst=2 arc_miss=0 arc_term_miss=0 opid_replay=0 fin_q=0 fin_done=0 fin_drop=0 fin_full=0 pub_p50=0us pub_max=0us inbox_drop=0
2026-10-02T19:40:53.956Z kv-compact: start l0=146 inputs=2 range=270 l0only=1
2026-10-02T19:40:53.972Z kv-compact: end bytes=10699104 ms=17 l0=145 l1=160 rc=0
2026-10-02T19:40:53.973Z kv-compact: start l0=145 inputs=2 range=260 l0only=1
2026-10-02T19:40:53.987Z kv-compact: end bytes=8814337 ms=14 l0=144 l1=160 rc=0
2026-10-02T19:40:53.987Z kv-compact: start l0=144 inputs=2 range=258 l0only=1
2026-10-02T19:40:53.998Z kv-compact: end bytes=7363966 ms=12 l0=143 l1=160 rc=0
2026-10-02T19:40:53.998Z kv-compact: start l0=143 inputs=2 range=261 l0only=1
2026-10-02T19:40:54.010Z kv-compact: end bytes=7299562 ms=11 l0=142 l1=160 rc=0
2026-10-02T19:40:54.010Z kv-compact: start l0=142 inputs=2 range=264 l0only=1
2026-10-02T19:40:54.020Z kv-compact: end bytes=6365293 ms=10 l0=141 l1=160 rc=0
2026-10-02T19:40:54.020Z kv-compact: start l0=141 inputs=2 range=257 l0only=1
2026-10-02T19:40:54.028Z kv-compact: end bytes=5091204 ms=8 l0=140 l1=160 rc=0
2026-10-02T19:40:54.028Z kv-compact: start l0=140 inputs=2 range=1 l0only=1
2026-10-02T19:40:54.036Z kv-compact: end bytes=4286976 ms=8 l0=139 l1=160 rc=0
2026-10-02T19:40:54.036Z kv-compact: start l0=139 inputs=2 range=267 l0only=1
2026-10-02T19:40:54.042Z kv-compact: end bytes=3854385 ms=7 l0=138 l1=160 rc=0
2026-10-02T19:40:54.042Z kv-compact: start l0=138 inputs=2 range=263 l0only=1
2026-10-02T19:40:54.047Z kv-compact: end bytes=2470724 ms=4 l0=137 l1=160 rc=0
2026-10-02T19:40:54.492Z raft-host: gc-frag group=0 scans=2 records=512 ms=271
2026-10-02T19:40:54.492Z raft-host: gc-pass ms=271 reap=0 frag=271 spread=0 recover=0 fscans=2 fsegs=6 fkeys=516 femit=514 ftomb=2 scans=3 segs=6 keys=516 emit=514 tomb=2
2026-10-02T19:40:55.765Z raft-host: gc-frag group=0 scans=2 records=512 ms=270
2026-10-02T19:40:55.765Z raft-host: gc-pass ms=270 reap=0 frag=270 spread=0 recover=0 fscans=2 fsegs=6 fkeys=516 femit=514 ftomb=2 scans=3 segs=6 keys=516 emit=514 tomb=2
2026-10-02T19:40:57.043Z raft-host: gc-frag group=0 scans=2 records=512 ms=275
2026-10-02T19:40:57.043Z raft-host: gc-pass ms=275 reap=0 frag=275 spread=0 recover=0 fscans=2 fsegs=6 fkeys=516 femit=514 ftomb=2 scans=3 segs=6 keys=516 emit=514 tomb=2
2026-10-02T19:40:58.319Z raft-host: gc-frag group=0 scans=2 records=512 ms=272
2026-10-02T19:40:58.319Z raft-host: gc-pass ms=273 reap=0 frag=272 spread=0 recover=0 fscans=2 fsegs=6 fkeys=516 femit=514 ftomb=2 scans=3 segs=6 keys=516 emit=514 tomb=2
2026-10-02T19:40:58.345Z raft-obs: tx->1 enq=25751 drop=0 sent=25751 fail=0 hi=15 rtt_avg=46us get_avg=351us get_max=9049ms
2026-10-02T19:40:58.345Z raft-obs: tx->2 enq=25062 drop=0 sent=25062 fail=0 hi=13 rtt_avg=40us get_avg=356us get_max=8934ms
2026-10-02T19:40:58.345Z raft-obs: wait_timeouts=0 pump_hold_max=21421us lock_wait_max=420us drain_max=21421us tick_max=5us apply_max=21399us persist_max=639us applies_in_worst=1 arc_miss=0 arc_term_miss=0 opid_replay=0 fin_q=0 fin_done=0 fin_drop=0 fin_full=0 pub_p50=0us pub_max=0us inbox_drop=0
2026-10-02T19:40:59.594Z raft-host: gc-frag group=0 scans=2 records=512 ms=272
2026-10-02T19:40:59.594Z raft-host: gc-pass ms=272 reap=0 frag=272 spread=0 recover=0 fscans=2 fsegs=6 fkeys=516 femit=514 ftomb=2 scans=3 segs=6 keys=516 emit=514 tomb=2
2026-10-02T19:41:00.869Z raft-host: gc-frag group=0 scans=2 records=512 ms=272
2026-10-02T19:41:00.869Z raft-host: gc-pass ms=272 reap=0 frag=272 spread=0 recover=0 fscans=2 fsegs=6 fkeys=516 femit=514 ftomb=2 scans=3 segs=6 keys=516 emit=514 tomb=2
2026-10-02T19:41:02.145Z raft-host: gc-frag group=0 scans=2 records=512 ms=272
2026-10-02T19:41:02.145Z raft-host: gc-pass ms=272 reap=0 frag=272 spread=0 recover=0 fscans=2 fsegs=6 fkeys=516 femit=514 ftomb=2 scans=3 segs=6 keys=516 emit=514 tomb=2
2026-10-02T19:41:03.348Z raft-obs: tx->1 enq=25933 drop=0 sent=25933 fail=0 hi=15 rtt_avg=46us get_avg=349us get_max=9049ms
2026-10-02T19:41:03.348Z raft-obs: tx->2 enq=25244 drop=0 sent=25244 fail=0 hi=13 rtt_avg=40us get_avg=354us get_max=8934ms
2026-10-02T19:41:03.348Z raft-obs: wait_timeouts=0 pump_hold_max=119us lock_wait_max=299us drain_max=119us tick_max=9us apply_max=114us persist_max=528us applies_in_worst=1 arc_miss=0 arc_term_miss=0 opid_replay=0 fin_q=0 fin_done=0 fin_drop=0 fin_full=0 pub_p50=0us pub_max=0us inbox_drop=0
2026-10-02T19:41:03.420Z raft-host: gc-frag group=0 scans=2 records=512 ms=272
2026-10-02T19:41:03.420Z raft-host: gc-pass ms=272 reap=0 frag=272 spread=0 recover=0 fscans=2 fsegs=6 fkeys=516 femit=514 ftomb=2 scans=3 segs=6 keys=516 emit=514 tomb=2
2026-10-02T19:41:04.695Z raft-host: gc-frag group=0 scans=2 records=512 ms=272
2026-10-02T19:41:04.695Z raft-host: gc-pass ms=272 reap=0 frag=272 spread=0 recover=0 fscans=2 fsegs=6 fkeys=516 femit=514 ftomb=2 scans=3 segs=6 keys=516 emit=514 tomb=2
2026-10-02T19:41:05.970Z raft-host: gc-frag group=0 scans=2 records=512 ms=271
2026-10-02T19:41:05.970Z raft-host: gc-pass ms=271 reap=0 frag=271 spread=0 recover=0 fscans=2 fsegs=6 fkeys=516 femit=514 ftomb=2 scans=3 segs=6 keys=516 emit=514 tomb=2
2026-10-02T19:41:07.246Z raft-host: gc-frag group=0 scans=2 records=512 ms=273
2026-10-02T19:41:07.246Z raft-host: gc-pass ms=273 reap=0 frag=273 spread=0 recover=0 fscans=2 fsegs=6 fkeys=516 femit=514 ftomb=2 scans=3 segs=6 keys=516 emit=514 tomb=2
2026-10-02T19:41:08.352Z raft-obs: tx->1 enq=26115 drop=0 sent=26115 fail=0 hi=15 rtt_avg=45us get_avg=346us get_max=9049ms
2026-10-02T19:41:08.352Z raft-obs: tx->2 enq=25426 drop=0 sent=25426 fail=0 hi=13 rtt_avg=39us get_avg=351us get_max=8934ms
2026-10-02T19:41:08.352Z raft-obs: wait_timeouts=0 pump_hold_max=224us lock_wait_max=1us drain_max=224us tick_max=5us apply_max=194us persist_max=628us applies_in_worst=1 arc_miss=0 arc_term_miss=0 opid_replay=0 fin_q=0 fin_done=0 fin_drop=0 fin_full=0 pub_p50=0us pub_max=0us inbox_drop=0
2026-10-02T19:41:08.520Z raft-host: gc-frag group=0 scans=2 records=512 ms=271
2026-10-02T19:41:08.520Z raft-host: gc-pass ms=271 reap=0 frag=271 spread=0 recover=0 fscans=2 fsegs=6 fkeys=516 femit=514 ftomb=2 scans=3 segs=6 keys=516 emit=514 tomb=2
2026-10-02T19:41:09.797Z raft-host: gc-frag group=0 scans=2 records=512 ms=274
2026-10-02T19:41:09.797Z raft-host: gc-pass ms=274 reap=0 frag=274 spread=0 recover=0 fscans=2 fsegs=6 fkeys=516 femit=514 ftomb=2 scans=3 segs=6 keys=516 emit=514 tomb=2
2026-10-02T19:41:11.071Z raft-host: gc-frag group=0 scans=2 records=512 ms=271
2026-10-02T19:41:11.071Z raft-host: gc-pass ms=271 reap=0 frag=271 spread=0 recover=0 fscans=2 fsegs=6 fkeys=516 femit=514 ftomb=2 scans=3 segs=6 keys=516 emit=514 tomb=2
2026-10-02T19:41:12.345Z raft-host: gc-frag group=0 scans=2 records=512 ms=270
2026-10-02T19:41:12.345Z raft-host: gc-pass ms=270 reap=0 frag=270 spread=0 recover=0 fscans=2 fsegs=6 fkeys=516 femit=514 ftomb=2 scans=3 segs=6 keys=516 emit=514 tomb=2
2026-10-02T19:41:13.353Z raft-obs: tx->1 enq=26298 drop=0 sent=26298 fail=0 hi=15 rtt_avg=45us get_avg=344us get_max=9049ms
2026-10-02T19:41:13.353Z raft-obs: tx->2 enq=25609 drop=0 sent=25609 fail=0 hi=13 rtt_avg=39us get_avg=349us get_max=8934ms
2026-10-02T19:41:13.353Z raft-obs: wait_timeouts=0 pump_hold_max=136us lock_wait_max=177us drain_max=136us tick_max=5us apply_max=131us persist_max=510us applies_in_worst=1 arc_miss=0 arc_term_miss=0 opid_replay=0 fin_q=0 fin_done=0 fin_drop=0 fin_full=0 pub_p50=0us pub_max=0us inbox_drop=0
2026-10-02T19:41:13.619Z raft-host: gc-frag group=0 scans=2 records=512 ms=271
2026-10-02T19:41:13.619Z raft-host: gc-pass ms=271 reap=0 frag=271 spread=0 recover=0 fscans=2 fsegs=6 fkeys=516 femit=514 ftomb=2 scans=3 segs=6 keys=516 emit=514 tomb=2
2026-10-02T19:41:14.894Z raft-host: gc-frag group=0 scans=2 records=512 ms=272
2026-10-02T19:41:14.894Z raft-host: gc-pass ms=272 reap=0 frag=272 spread=0 recover=0 fscans=2 fsegs=6 fkeys=516 femit=514 ftomb=2 scans=3 segs=6 keys=516 emit=514 tomb=2
2026-10-02T19:41:16.167Z raft-host: gc-frag group=0 scans=2 records=512 ms=269
2026-10-02T19:41:16.167Z raft-host: gc-pass ms=269 reap=0 frag=269 spread=0 recover=0 fscans=2 fsegs=6 fkeys=516 femit=514 ftomb=2 scans=3 segs=6 keys=516 emit=514 tomb=2
2026-10-02T19:41:17.442Z raft-host: gc-frag group=0 scans=2 records=512 ms=272
2026-10-02T19:41:17.442Z raft-host: gc-pass ms=272 reap=0 frag=272 spread=0 recover=0 fscans=2 fsegs=6 fkeys=516 femit=514 ftomb=2 scans=3 segs=6 keys=516 emit=514 tomb=2
2026-10-02T19:41:18.354Z raft-obs: tx->1 enq=26489 drop=0 sent=26488 fail=0 hi=15 rtt_avg=45us get_avg=341us get_max=9049ms
2026-10-02T19:41:18.354Z raft-obs: tx->2 enq=25800 drop=0 sent=25799 fail=0 hi=13 rtt_avg=39us get_avg=346us get_max=8934ms
2026-10-02T19:41:18.354Z raft-obs: wait_timeouts=0 pump_hold_max=234us lock_wait_max=241us drain_max=234us tick_max=11us apply_max=224us persist_max=528us applies_in_worst=1 arc_miss=0 arc_term_miss=0 opid_replay=0 fin_q=0 fin_done=0 fin_drop=0 fin_full=0 pub_p50=0us pub_max=0us inbox_drop=0
2026-10-02T19:41:18.714Z raft-host: gc-frag group=0 scans=2 records=512 ms=269
2026-10-02T19:41:18.714Z raft-host: gc-pass ms=269 reap=0 frag=269 spread=0 recover=0 fscans=2 fsegs=6 fkeys=516 femit=514 ftomb=2 scans=3 segs=6 keys=516 emit=514 tomb=2
2026-10-02T19:41:19.991Z raft-host: gc-frag group=0 scans=2 records=512 ms=273
2026-10-02T19:41:19.991Z raft-host: gc-pass ms=273 reap=0 frag=273 spread=0 recover=0 fscans=2 fsegs=6 fkeys=516 femit=514 ftomb=2 scans=3 segs=6 keys=516 emit=514 tomb=2
2026-10-02T19:41:21.264Z raft-host: gc-frag group=0 scans=2 records=512 ms=270
2026-10-02T19:41:21.264Z raft-host: gc-pass ms=270 reap=0 frag=270 spread=0 recover=0 fscans=2 fsegs=6 fkeys=516 femit=514 ftomb=2 scans=3 segs=6 keys=516 emit=514 tomb=2
2026-10-02T19:41:22.540Z raft-host: gc-frag group=0 scans=2 records=512 ms=273
2026-10-02T19:41:22.540Z raft-host: gc-pass ms=273 reap=0 frag=273 spread=0 recover=0 fscans=2 fsegs=6 fkeys=516 femit=514 ftomb=2 scans=3 segs=6 keys=516 emit=514 tomb=2
2026-10-02T19:41:23.356Z raft-obs: tx->1 enq=26679 drop=0 sent=26679 fail=0 hi=15 rtt_avg=45us get_avg=339us get_max=9049ms
2026-10-02T19:41:23.356Z raft-obs: tx->2 enq=25990 drop=0 sent=25990 fail=0 hi=13 rtt_avg=39us get_avg=344us get_max=8934ms
2026-10-02T19:41:23.356Z raft-obs: wait_timeouts=0 pump_hold_max=201us lock_wait_max=285us drain_max=201us tick_max=14us apply_max=193us persist_max=525us applies_in_worst=1 arc_miss=0 arc_term_miss=0 opid_replay=0 fin_q=0 fin_done=0 fin_drop=0 fin_full=0 pub_p50=0us pub_max=0us inbox_drop=0
2026-10-02T19:41:23.815Z raft-host: gc-frag group=0 scans=2 records=512 ms=271
2026-10-02T19:41:23.815Z raft-host: gc-pass ms=271 reap=0 frag=271 spread=0 recover=0 fscans=2 fsegs=6 fkeys=516 femit=514 ftomb=2 scans=3 segs=6 keys=516 emit=514 tomb=2
2026-10-02T19:41:25.090Z raft-host: gc-frag group=0 scans=2 records=512 ms=272
2026-10-02T19:41:25.090Z raft-host: gc-pass ms=272 reap=0 frag=272 spread=0 recover=0 fscans=2 fsegs=6 fkeys=516 femit=514 ftomb=2 scans=3 segs=6 keys=516 emit=514 tomb=2
2026-10-02T19:41:26.367Z raft-host: gc-frag group=0 scans=2 records=512 ms=273
2026-10-02T19:41:26.367Z raft-host: gc-pass ms=273 reap=0 frag=273 spread=0 recover=0 fscans=2 fsegs=6 fkeys=516 femit=514 ftomb=2 scans=3 segs=6 keys=516 emit=514 tomb=2
2026-10-02T19:41:27.643Z raft-host: gc-frag group=0 scans=2 records=512 ms=273
2026-10-02T19:41:27.643Z raft-host: gc-pass ms=273 reap=0 frag=273 spread=0 recover=0 fscans=2 fsegs=6 fkeys=516 femit=514 ftomb=2 scans=3 segs=6 keys=516 emit=514 tomb=2
2026-10-02T19:41:28.357Z raft-obs: tx->1 enq=26869 drop=0 sent=26869 fail=0 hi=15 rtt_avg=45us get_avg=337us get_max=9049ms
2026-10-02T19:41:28.357Z raft-obs: tx->2 enq=26180 drop=0 sent=26180 fail=0 hi=13 rtt_avg=39us get_avg=341us get_max=8934ms
2026-10-02T19:41:28.357Z raft-obs: wait_timeouts=0 pump_hold_max=192us lock_wait_max=1us drain_max=192us tick_max=5us apply_max=183us persist_max=528us applies_in_worst=1 arc_miss=0 arc_term_miss=0 opid_replay=0 fin_q=0 fin_done=0 fin_drop=0 fin_full=0 pub_p50=0us pub_max=0us inbox_drop=0
2026-10-02T19:41:28.921Z raft-host: gc-frag group=0 scans=2 records=512 ms=275
2026-10-02T19:41:28.921Z raft-host: gc-pass ms=275 reap=0 frag=275 spread=0 recover=0 fscans=2 fsegs=6 fkeys=516 femit=514 ftomb=2 scans=3 segs=6 keys=516 emit=514 tomb=2
2026-10-02T19:41:30.198Z raft-host: gc-frag group=0 scans=2 records=512 ms=273
2026-10-02T19:41:30.198Z raft-host: gc-pass ms=273 reap=0 frag=273 spread=0 recover=0 fscans=2 fsegs=6 fkeys=516 femit=514 ftomb=2 scans=3 segs=6 keys=516 emit=514 tomb=2
2026-10-02T19:41:31.473Z raft-host: gc-frag group=0 scans=2 records=512 ms=272
2026-10-02T19:41:31.473Z raft-host: gc-pass ms=272 reap=0 frag=272 spread=0 recover=0 fscans=2 fsegs=6 fkeys=516 femit=514 ftomb=2 scans=3 segs=6 keys=516 emit=514 tomb=2
2026-10-02T19:41:32.748Z raft-host: gc-frag group=0 scans=2 records=512 ms=271
2026-10-02T19:41:32.748Z raft-host: gc-pass ms=271 reap=0 frag=271 spread=0 recover=0 fscans=2 fsegs=6 fkeys=516 femit=514 ftomb=2 scans=3 segs=6 keys=516 emit=514 tomb=2
2026-10-02T19:41:33.360Z raft-obs: tx->1 enq=27059 drop=0 sent=27059 fail=0 hi=15 rtt_avg=45us get_avg=334us get_max=9049ms
2026-10-02T19:41:33.360Z raft-obs: tx->2 enq=26370 drop=0 sent=26370 fail=0 hi=13 rtt_avg=39us get_avg=339us get_max=8934ms
2026-10-02T19:41:33.360Z raft-obs: wait_timeouts=0 pump_hold_max=205us lock_wait_max=1us drain_max=205us tick_max=6us apply_max=195us persist_max=4673us applies_in_worst=1 arc_miss=0 arc_term_miss=0 opid_replay=0 fin_q=0 fin_done=0 fin_drop=0 fin_full=0 pub_p50=0us pub_max=0us inbox_drop=0
2026-10-02T19:41:34.024Z raft-host: gc-frag group=0 scans=2 records=512 ms=273
2026-10-02T19:41:34.024Z raft-host: gc-pass ms=273 reap=0 frag=273 spread=0 recover=0 fscans=2 fsegs=6 fkeys=516 femit=514 ftomb=2 scans=3 segs=6 keys=516 emit=514 tomb=2
2026-10-02T19:41:35.300Z raft-host: gc-frag group=0 scans=2 records=512 ms=272
2026-10-02T19:41:35.300Z raft-host: gc-pass ms=272 reap=0 frag=272 spread=0 recover=0 fscans=2 fsegs=6 fkeys=516 femit=514 ftomb=2 scans=3 segs=6 keys=516 emit=514 tomb=2
2026-10-02T19:41:36.575Z raft-host: gc-frag group=0 scans=2 records=512 ms=272
2026-10-02T19:41:36.575Z raft-host: gc-pass ms=272 reap=0 frag=272 spread=0 recover=0 fscans=2 fsegs=6 fkeys=516 femit=514 ftomb=2 scans=3 segs=6 keys=516 emit=514 tomb=2
2026-10-02T19:41:37.854Z raft-host: gc-frag group=0 scans=2 records=512 ms=275
2026-10-02T19:41:37.854Z raft-host: gc-pass ms=275 reap=0 frag=275 spread=0 recover=0 fscans=2 fsegs=6 fkeys=516 femit=514 ftomb=2 scans=3 segs=6 keys=516 emit=514 tomb=2
2026-10-02T19:41:38.360Z raft-obs: tx->1 enq=27249 drop=0 sent=27248 fail=0 hi=15 rtt_avg=45us get_avg=332us get_max=9049ms
2026-10-02T19:41:38.360Z raft-obs: tx->2 enq=26560 drop=0 sent=26559 fail=0 hi=13 rtt_avg=39us get_avg=336us get_max=8934ms
2026-10-02T19:41:38.360Z raft-obs: wait_timeouts=0 pump_hold_max=213us lock_wait_max=400us drain_max=213us tick_max=5us apply_max=207us persist_max=525us applies_in_worst=1 arc_miss=0 arc_term_miss=0 opid_replay=0 fin_q=0 fin_done=0 fin_drop=0 fin_full=0 pub_p50=0us pub_max=0us inbox_drop=0
2026-10-02T19:41:39.128Z raft-host: gc-frag group=0 scans=2 records=512 ms=272
2026-10-02T19:41:39.128Z raft-host: gc-pass ms=272 reap=0 frag=272 spread=0 recover=0 fscans=2 fsegs=6 fkeys=516 femit=514 ftomb=2 scans=3 segs=6 keys=516 emit=514 tomb=2
2026-10-02T19:41:40.405Z raft-host: gc-frag group=0 scans=2 records=512 ms=273
2026-10-02T19:41:40.405Z raft-host: gc-pass ms=273 reap=0 frag=273 spread=0 recover=0 fscans=2 fsegs=6 fkeys=516 femit=514 ftomb=2 scans=3 segs=6 keys=516 emit=514 tomb=2
2026-10-02T19:41:41.679Z raft-host: gc-frag group=0 scans=2 records=512 ms=271
2026-10-02T19:41:41.679Z raft-host: gc-pass ms=271 reap=0 frag=271 spread=0 recover=0 fscans=2 fsegs=6 fkeys=516 femit=514 ftomb=2 scans=3 segs=6 keys=516 emit=514 tomb=2
2026-10-02T19:41:42.956Z raft-host: gc-frag group=0 scans=2 records=512 ms=273
2026-10-02T19:41:42.956Z raft-host: gc-pass ms=273 reap=0 frag=273 spread=0 recover=0 fscans=2 fsegs=6 fkeys=516 femit=514 ftomb=2 scans=3 segs=6 keys=516 emit=514 tomb=2
2026-10-02T19:41:43.361Z raft-obs: tx->1 enq=27439 drop=0 sent=27438 fail=0 hi=15 rtt_avg=45us get_avg=330us get_max=9049ms
2026-10-02T19:41:43.361Z raft-obs: tx->2 enq=26750 drop=0 sent=26749 fail=0 hi=13 rtt_avg=39us get_avg=334us get_max=8934ms
2026-10-02T19:41:43.361Z raft-obs: wait_timeouts=0 pump_hold_max=127us lock_wait_max=1us drain_max=127us tick_max=7us apply_max=122us persist_max=510us applies_in_worst=1 arc_miss=0 arc_term_miss=0 opid_replay=0 fin_q=0 fin_done=0 fin_drop=0 fin_full=0 pub_p50=0us pub_max=0us inbox_drop=0
2026-10-02T19:41:44.231Z raft-host: gc-frag group=0 scans=2 records=512 ms=272
2026-10-02T19:41:44.231Z raft-host: gc-pass ms=272 reap=0 frag=272 spread=0 recover=0 fscans=2 fsegs=6 fkeys=516 femit=514 ftomb=2 scans=3 segs=6 keys=516 emit=514 tomb=2
2026-10-02T19:41:45.508Z raft-host: gc-frag group=0 scans=2 records=512 ms=274
2026-10-02T19:41:45.508Z raft-host: gc-pass ms=274 reap=0 frag=274 spread=0 recover=0 fscans=2 fsegs=6 fkeys=516 femit=514 ftomb=2 scans=3 segs=6 keys=516 emit=514 tomb=2
2026-10-02T19:41:46.785Z raft-host: gc-frag group=0 scans=2 records=512 ms=273
2026-10-02T19:41:46.785Z raft-host: gc-pass ms=274 reap=0 frag=273 spread=0 recover=0 fscans=2 fsegs=6 fkeys=516 femit=514 ftomb=2 scans=3 segs=6 keys=516 emit=514 tomb=2
2026-10-02T19:41:48.064Z raft-host: gc-frag group=0 scans=2 records=512 ms=277
2026-10-02T19:41:48.065Z raft-host: gc-pass ms=277 reap=0 frag=277 spread=0 recover=0 fscans=2 fsegs=6 fkeys=516 femit=514 ftomb=2 scans=3 segs=6 keys=516 emit=514 tomb=2
2026-10-02T19:41:48.364Z raft-obs: tx->1 enq=27628 drop=0 sent=27628 fail=0 hi=15 rtt_avg=45us get_avg=327us get_max=9049ms
2026-10-02T19:41:48.364Z raft-obs: tx->2 enq=26939 drop=0 sent=26939 fail=0 hi=13 rtt_avg=39us get_avg=331us get_max=8934ms
2026-10-02T19:41:48.364Z raft-obs: wait_timeouts=0 pump_hold_max=129us lock_wait_max=322us drain_max=128us tick_max=6us apply_max=123us persist_max=520us applies_in_worst=1 arc_miss=0 arc_term_miss=0 opid_replay=0 fin_q=0 fin_done=0 fin_drop=0 fin_full=0 pub_p50=0us pub_max=0us inbox_drop=0
2026-10-02T19:41:49.340Z raft-host: gc-frag group=0 scans=2 records=512 ms=273
2026-10-02T19:41:49.340Z raft-host: gc-pass ms=273 reap=0 frag=273 spread=0 recover=0 fscans=2 fsegs=6 fkeys=516 femit=514 ftomb=2 scans=3 segs=6 keys=516 emit=514 tomb=2
2026-10-02T19:41:50.616Z raft-host: gc-frag group=0 scans=2 records=512 ms=272
2026-10-02T19:41:50.616Z raft-host: gc-pass ms=272 reap=0 frag=272 spread=0 recover=0 fscans=2 fsegs=6 fkeys=516 femit=514 ftomb=2 scans=3 segs=6 keys=516 emit=514 tomb=2
2026-10-02T19:41:51.891Z raft-host: gc-frag group=0 scans=2 records=512 ms=272
2026-10-02T19:41:51.891Z raft-host: gc-pass ms=272 reap=0 frag=272 spread=0 recover=0 fscans=2 fsegs=6 fkeys=516 femit=514 ftomb=2 scans=3 segs=6 keys=516 emit=514 tomb=2
2026-10-02T19:41:53.168Z raft-host: gc-frag group=0 scans=2 records=512 ms=274
2026-10-02T19:41:53.168Z raft-host: gc-pass ms=274 reap=0 frag=274 spread=0 recover=0 fscans=2 fsegs=6 fkeys=516 femit=514 ftomb=2 scans=3 segs=6 keys=516 emit=514 tomb=2
2026-10-02T19:41:53.366Z raft-obs: tx->1 enq=27818 drop=0 sent=27818 fail=0 hi=15 rtt_avg=45us get_avg=325us get_max=9049ms
2026-10-02T19:41:53.366Z raft-obs: tx->2 enq=27129 drop=0 sent=27129 fail=0 hi=13 rtt_avg=39us get_avg=329us get_max=8934ms
2026-10-02T19:41:53.366Z raft-obs: wait_timeouts=0 pump_hold_max=200us lock_wait_max=1us drain_max=200us tick_max=6us apply_max=189us persist_max=747us applies_in_worst=1 arc_miss=0 arc_term_miss=0 opid_replay=0 fin_q=0 fin_done=0 fin_drop=0 fin_full=0 pub_p50=0us pub_max=0us inbox_drop=0
2026-10-02T19:41:54.446Z raft-host: gc-frag group=0 scans=2 records=512 ms=275
2026-10-02T19:41:54.446Z raft-host: gc-pass ms=275 reap=0 frag=275 spread=0 recover=0 fscans=2 fsegs=6 fkeys=516 femit=514 ftomb=2 scans=3 segs=6 keys=516 emit=514 tomb=2
2026-10-02T19:41:55.719Z raft-host: gc-frag group=0 scans=2 records=512 ms=270
2026-10-02T19:41:55.719Z raft-host: gc-pass ms=270 reap=0 frag=270 spread=0 recover=0 fscans=2 fsegs=6 fkeys=516 femit=514 ftomb=2 scans=3 segs=6 keys=516 emit=514 tomb=2
2026-10-02T19:41:56.995Z raft-host: gc-frag group=0 scans=2 records=512 ms=273
2026-10-02T19:41:56.995Z raft-host: gc-pass ms=273 reap=0 frag=273 spread=0 recover=0 fscans=2 fsegs=6 fkeys=516 femit=514 ftomb=2 scans=3 segs=6 keys=516 emit=514 tomb=2
2026-10-02T19:41:58.280Z raft-host: gc-frag group=0 scans=2 records=512 ms=281
2026-10-02T19:41:58.280Z raft-host: gc-pass ms=281 reap=0 frag=281 spread=0 recover=0 fscans=2 fsegs=6 fkeys=516 femit=514 ftomb=2 scans=3 segs=6 keys=516 emit=514 tomb=2
2026-10-02T19:41:58.366Z raft-obs: tx->1 enq=28008 drop=0 sent=28008 fail=0 hi=15 rtt_avg=45us get_avg=323us get_max=9049ms
2026-10-02T19:41:58.366Z raft-obs: tx->2 enq=27319 drop=0 sent=27319 fail=0 hi=13 rtt_avg=39us get_avg=327us get_max=8934ms
2026-10-02T19:41:58.366Z raft-obs: wait_timeouts=0 pump_hold_max=127us lock_wait_max=8us drain_max=127us tick_max=15us apply_max=120us persist_max=521us applies_in_worst=1 arc_miss=0 arc_term_miss=0 opid_replay=0 fin_q=0 fin_done=0 fin_drop=0 fin_full=0 pub_p50=0us pub_max=0us inbox_drop=0
2026-10-02T19:41:59.559Z raft-host: gc-frag group=0 scans=2 records=512 ms=276
2026-10-02T19:41:59.559Z raft-host: gc-pass ms=276 reap=0 frag=276 spread=0 recover=0 fscans=2 fsegs=6 fkeys=516 femit=514 ftomb=2 scans=3 segs=6 keys=516 emit=514 tomb=2
2026-10-02T19:42:00.838Z raft-host: gc-frag group=0 scans=2 records=512 ms=275
2026-10-02T19:42:00.838Z raft-host: gc-pass ms=275 reap=0 frag=275 spread=0 recover=0 fscans=2 fsegs=6 fkeys=516 femit=514 ftomb=2 scans=3 segs=6 keys=516 emit=514 tomb=2
2026-10-02T19:42:02.114Z raft-host: gc-frag group=0 scans=2 records=512 ms=273
2026-10-02T19:42:02.114Z raft-host: gc-pass ms=273 reap=0 frag=273 spread=0 recover=0 fscans=2 fsegs=6 fkeys=516 femit=514 ftomb=2 scans=3 segs=6 keys=516 emit=514 tomb=2
2026-10-02T19:42:03.366Z raft-obs: tx->1 enq=28194 drop=0 sent=28193 fail=0 hi=15 rtt_avg=45us get_avg=321us get_max=9049ms
2026-10-02T19:42:03.366Z raft-obs: tx->2 enq=27505 drop=0 sent=27504 fail=0 hi=13 rtt_avg=39us get_avg=325us get_max=8934ms
2026-10-02T19:42:03.366Z raft-obs: wait_timeouts=0 pump_hold_max=208us lock_wait_max=4us drain_max=208us tick_max=17us apply_max=200us persist_max=525us applies_in_worst=1 arc_miss=0 arc_term_miss=0 opid_replay=0 fin_q=0 fin_done=0 fin_drop=0 fin_full=0 pub_p50=0us pub_max=0us inbox_drop=0
2026-10-02T19:42:03.391Z raft-host: gc-frag group=0 scans=2 records=512 ms=273
2026-10-02T19:42:03.391Z raft-host: gc-pass ms=273 reap=0 frag=273 spread=0 recover=0 fscans=2 fsegs=6 fkeys=516 femit=514 ftomb=2 scans=3 segs=6 keys=516 emit=514 tomb=2
2026-10-02T19:42:04.666Z raft-host: gc-frag group=0 scans=2 records=512 ms=272
2026-10-02T19:42:04.666Z raft-host: gc-pass ms=272 reap=0 frag=272 spread=0 recover=0 fscans=2 fsegs=6 fkeys=516 femit=514 ftomb=2 scans=3 segs=6 keys=516 emit=514 tomb=2
2026-10-02T19:42:05.941Z raft-host: gc-frag group=0 scans=2 records=512 ms=272
2026-10-02T19:42:05.941Z raft-host: gc-pass ms=272 reap=0 frag=272 spread=0 recover=0 fscans=2 fsegs=6 fkeys=516 femit=514 ftomb=2 scans=3 segs=6 keys=516 emit=514 tomb=2
2026-10-02T19:42:07.218Z raft-host: gc-frag group=0 scans=2 records=512 ms=274
2026-10-02T19:42:07.218Z raft-host: gc-pass ms=274 reap=0 frag=274 spread=0 recover=0 fscans=2 fsegs=6 fkeys=516 femit=514 ftomb=2 scans=3 segs=6 keys=516 emit=514 tomb=2
2026-10-02T19:42:08.369Z raft-obs: tx->1 enq=28377 drop=0 sent=28377 fail=0 hi=15 rtt_avg=44us get_avg=319us get_max=9049ms
2026-10-02T19:42:08.369Z raft-obs: tx->2 enq=27688 drop=0 sent=27688 fail=0 hi=13 rtt_avg=39us get_avg=322us get_max=8934ms
2026-10-02T19:42:08.369Z raft-obs: wait_timeouts=0 pump_hold_max=126us lock_wait_max=255us drain_max=125us tick_max=10us apply_max=121us persist_max=509us applies_in_worst=1 arc_miss=0 arc_term_miss=0 opid_replay=0 fin_q=0 fin_done=0 fin_drop=0 fin_full=0 pub_p50=0us pub_max=0us inbox_drop=0
2026-10-02T19:42:08.494Z raft-host: gc-frag group=0 scans=2 records=512 ms=272
2026-10-02T19:42:08.494Z raft-host: gc-pass ms=272 reap=0 frag=272 spread=0 recover=0 fscans=2 fsegs=6 fkeys=516 femit=514 ftomb=2 scans=3 segs=6 keys=516 emit=514 tomb=2
2026-10-02T19:42:09.771Z raft-host: gc-frag group=0 scans=2 records=512 ms=274
2026-10-02T19:42:09.771Z raft-host: gc-pass ms=274 reap=0 frag=274 spread=0 recover=0 fscans=2 fsegs=6 fkeys=516 femit=514 ftomb=2 scans=3 segs=6 keys=516 emit=514 tomb=2
2026-10-02T19:42:11.048Z raft-host: gc-frag group=0 scans=2 records=512 ms=274
2026-10-02T19:42:11.048Z raft-host: gc-pass ms=274 reap=0 frag=274 spread=0 recover=0 fscans=2 fsegs=6 fkeys=516 femit=514 ftomb=2 scans=3 segs=6 keys=516 emit=514 tomb=2
2026-10-02T19:42:12.323Z raft-host: gc-frag group=0 scans=2 records=512 ms=272
2026-10-02T19:42:12.324Z raft-host: gc-pass ms=272 reap=0 frag=272 spread=0 recover=0 fscans=2 fsegs=6 fkeys=516 femit=514 ftomb=2 scans=3 segs=6 keys=516 emit=514 tomb=2
2026-10-02T19:42:13.370Z raft-obs: tx->1 enq=28557 drop=0 sent=28557 fail=0 hi=15 rtt_avg=44us get_avg=317us get_max=9049ms
2026-10-02T19:42:13.370Z raft-obs: tx->2 enq=27868 drop=0 sent=27868 fail=0 hi=13 rtt_avg=39us get_avg=320us get_max=8934ms
2026-10-02T19:42:13.370Z raft-obs: wait_timeouts=0 pump_hold_max=128us lock_wait_max=1us drain_max=128us tick_max=12us apply_max=123us persist_max=513us applies_in_worst=1 arc_miss=0 arc_term_miss=0 opid_replay=0 fin_q=0 fin_done=0 fin_drop=0 fin_full=0 pub_p50=0us pub_max=0us inbox_drop=0
2026-10-02T19:42:13.598Z raft-host: gc-frag group=0 scans=2 records=512 ms=272
2026-10-02T19:42:13.598Z raft-host: gc-pass ms=272 reap=0 frag=272 spread=0 recover=0 fscans=2 fsegs=6 fkeys=516 femit=514 ftomb=2 scans=3 segs=6 keys=516 emit=514 tomb=2
2026-10-02T19:42:14.876Z raft-host: gc-frag group=0 scans=2 records=512 ms=274
2026-10-02T19:42:14.876Z raft-host: gc-pass ms=274 reap=0 frag=274 spread=0 recover=0 fscans=2 fsegs=6 fkeys=516 femit=514 ftomb=2 scans=3 segs=6 keys=516 emit=514 tomb=2
2026-10-02T19:42:16.151Z raft-host: gc-frag group=0 scans=2 records=512 ms=271
2026-10-02T19:42:16.151Z raft-host: gc-pass ms=271 reap=0 frag=271 spread=0 recover=0 fscans=2 fsegs=6 fkeys=516 femit=514 ftomb=2 scans=3 segs=6 keys=516 emit=514 tomb=2
2026-10-02T19:42:17.427Z raft-host: gc-frag group=0 scans=2 records=512 ms=273
2026-10-02T19:42:17.427Z raft-host: gc-pass ms=273 reap=0 frag=273 spread=0 recover=0 fscans=2 fsegs=6 fkeys=516 femit=514 ftomb=2 scans=3 segs=6 keys=516 emit=514 tomb=2
2026-10-02T19:42:18.374Z raft-obs: tx->1 enq=28745 drop=0 sent=28745 fail=0 hi=15 rtt_avg=44us get_avg=315us get_max=9049ms
2026-10-02T19:42:18.374Z raft-obs: tx->2 enq=28056 drop=0 sent=28056 fail=0 hi=13 rtt_avg=39us get_avg=318us get_max=8934ms
2026-10-02T19:42:18.374Z raft-obs: wait_timeouts=0 pump_hold_max=134us lock_wait_max=1us drain_max=134us tick_max=6us apply_max=129us persist_max=510us applies_in_worst=1 arc_miss=0 arc_term_miss=0 opid_replay=0 fin_q=0 fin_done=0 fin_drop=0 fin_full=0 pub_p50=0us pub_max=0us inbox_drop=0
2026-10-02T19:42:18.703Z raft-host: gc-frag group=0 scans=2 records=512 ms=273
2026-10-02T19:42:18.703Z raft-host: gc-pass ms=273 reap=0 frag=273 spread=0 recover=0 fscans=2 fsegs=6 fkeys=516 femit=514 ftomb=2 scans=3 segs=6 keys=516 emit=514 tomb=2
2026-10-02T19:42:19.981Z raft-host: gc-frag group=0 scans=2 records=512 ms=274
2026-10-02T19:42:19.981Z raft-host: gc-pass ms=274 reap=0 frag=274 spread=0 recover=0 fscans=2 fsegs=6 fkeys=516 femit=514 ftomb=2 scans=3 segs=6 keys=516 emit=514 tomb=2
2026-10-02T19:42:21.255Z raft-host: gc-frag group=0 scans=2 records=512 ms=271
2026-10-02T19:42:21.255Z raft-host: gc-pass ms=271 reap=0 frag=271 spread=0 recover=0 fscans=2 fsegs=6 fkeys=516 femit=514 ftomb=2 scans=3 segs=6 keys=516 emit=514 tomb=2
2026-10-02T19:42:22.529Z raft-host: gc-frag group=0 scans=2 records=512 ms=271
2026-10-02T19:42:22.529Z raft-host: gc-pass ms=271 reap=0 frag=271 spread=0 recover=0 fscans=2 fsegs=6 fkeys=516 femit=514 ftomb=2 scans=3 segs=6 keys=516 emit=514 tomb=2
2026-10-02T19:42:23.375Z raft-obs: tx->1 enq=28935 drop=0 sent=28935 fail=0 hi=15 rtt_avg=44us get_avg=312us get_max=9049ms
2026-10-02T19:42:23.375Z raft-obs: tx->2 enq=28246 drop=0 sent=28246 fail=0 hi=13 rtt_avg=39us get_avg=316us get_max=8934ms
2026-10-02T19:42:23.375Z raft-obs: wait_timeouts=0 pump_hold_max=186us lock_wait_max=336us drain_max=186us tick_max=5us apply_max=180us persist_max=559us applies_in_worst=1 arc_miss=0 arc_term_miss=0 opid_replay=0 fin_q=0 fin_done=0 fin_drop=0 fin_full=0 pub_p50=0us pub_max=0us inbox_drop=0
2026-10-02T19:42:23.804Z raft-host: gc-frag group=0 scans=2 records=512 ms=271
2026-10-02T19:42:23.804Z raft-host: gc-pass ms=271 reap=0 frag=271 spread=0 recover=0 fscans=2 fsegs=6 fkeys=516 femit=514 ftomb=2 scans=3 segs=6 keys=516 emit=514 tomb=2
2026-10-02T19:42:25.078Z raft-host: gc-frag group=0 scans=2 records=512 ms=271
2026-10-02T19:42:25.078Z raft-host: gc-pass ms=271 reap=0 frag=271 spread=0 recover=0 fscans=2 fsegs=6 fkeys=516 femit=514 ftomb=2 scans=3 segs=6 keys=516 emit=514 tomb=2
2026-10-02T19:42:26.352Z raft-host: gc-frag group=0 scans=2 records=512 ms=270
2026-10-02T19:42:26.352Z raft-host: gc-pass ms=270 reap=0 frag=270 spread=0 recover=0 fscans=2 fsegs=6 fkeys=516 femit=514 ftomb=2 scans=3 segs=6 keys=516 emit=514 tomb=2
2026-10-02T19:42:27.629Z raft-host: gc-frag group=0 scans=2 records=512 ms=274
2026-10-02T19:42:27.629Z raft-host: gc-pass ms=274 reap=0 frag=274 spread=0 recover=0 fscans=2 fsegs=6 fkeys=516 femit=514 ftomb=2 scans=3 segs=6 keys=516 emit=514 tomb=2
2026-10-02T19:42:28.378Z raft-obs: tx->1 enq=29125 drop=0 sent=29125 fail=0 hi=15 rtt_avg=44us get_avg=310us get_max=9049ms
2026-10-02T19:42:28.378Z raft-obs: tx->2 enq=28436 drop=0 sent=28436 fail=0 hi=13 rtt_avg=38us get_avg=314us get_max=8934ms
2026-10-02T19:42:28.378Z raft-obs: wait_timeouts=0 pump_hold_max=134us lock_wait_max=245us drain_max=134us tick_max=7us apply_max=127us persist_max=521us applies_in_worst=1 arc_miss=0 arc_term_miss=0 opid_replay=0 fin_q=0 fin_done=0 fin_drop=0 fin_full=0 pub_p50=0us pub_max=0us inbox_drop=0
2026-10-02T19:42:28.904Z raft-host: gc-frag group=0 scans=2 records=512 ms=272
2026-10-02T19:42:28.904Z raft-host: gc-pass ms=272 reap=0 frag=272 spread=0 recover=0 fscans=2 fsegs=6 fkeys=516 femit=514 ftomb=2 scans=3 segs=6 keys=516 emit=514 tomb=2
2026-10-02T19:42:30.179Z raft-host: gc-frag group=0 scans=2 records=512 ms=271
2026-10-02T19:42:30.179Z raft-host: gc-pass ms=271 reap=0 frag=271 spread=0 recover=0 fscans=2 fsegs=6 fkeys=516 femit=514 ftomb=2 scans=3 segs=6 keys=516 emit=514 tomb=2
2026-10-02T19:42:31.453Z raft-host: gc-frag group=0 scans=2 records=512 ms=271
2026-10-02T19:42:31.453Z raft-host: gc-pass ms=271 reap=0 frag=271 spread=0 recover=0 fscans=2 fsegs=6 fkeys=516 femit=514 ftomb=2 scans=3 segs=6 keys=516 emit=514 tomb=2
2026-10-02T19:42:32.726Z raft-host: gc-frag group=0 scans=2 records=512 ms=270
2026-10-02T19:42:32.726Z raft-host: gc-pass ms=270 reap=0 frag=270 spread=0 recover=0 fscans=2 fsegs=6 fkeys=516 femit=514 ftomb=2 scans=3 segs=6 keys=516 emit=514 tomb=2
2026-10-02T19:42:33.380Z raft-obs: tx->1 enq=29315 drop=0 sent=29315 fail=0 hi=15 rtt_avg=44us get_avg=308us get_max=9049ms
2026-10-02T19:42:33.380Z raft-obs: tx->2 enq=28626 drop=0 sent=28626 fail=0 hi=13 rtt_avg=38us get_avg=312us get_max=8934ms
2026-10-02T19:42:33.380Z raft-obs: wait_timeouts=0 pump_hold_max=172us lock_wait_max=263us drain_max=172us tick_max=5us apply_max=162us persist_max=533us applies_in_worst=1 arc_miss=0 arc_term_miss=0 opid_replay=0 fin_q=0 fin_done=0 fin_drop=0 fin_full=0 pub_p50=0us pub_max=0us inbox_drop=0
2026-10-02T19:42:34.002Z raft-host: gc-frag group=0 scans=2 records=512 ms=273
2026-10-02T19:42:34.002Z raft-host: gc-pass ms=273 reap=0 frag=273 spread=0 recover=0 fscans=2 fsegs=6 fkeys=516 femit=514 ftomb=2 scans=3 segs=6 keys=516 emit=514 tomb=2
2026-10-02T19:42:35.278Z raft-host: gc-frag group=0 scans=2 records=512 ms=272
2026-10-02T19:42:35.278Z raft-host: gc-pass ms=272 reap=0 frag=272 spread=0 recover=0 fscans=2 fsegs=6 fkeys=516 femit=514 ftomb=2 scans=3 segs=6 keys=516 emit=514 tomb=2
2026-10-02T19:42:36.553Z raft-host: gc-frag group=0 scans=2 records=512 ms=272
2026-10-02T19:42:36.553Z raft-host: gc-pass ms=273 reap=0 frag=272 spread=0 recover=0 fscans=2 fsegs=6 fkeys=516 femit=514 ftomb=2 scans=3 segs=6 keys=516 emit=514 tomb=2
2026-10-02T19:42:37.827Z raft-host: gc-frag group=0 scans=2 records=512 ms=271
2026-10-02T19:42:37.827Z raft-host: gc-pass ms=271 reap=0 frag=271 spread=0 recover=0 fscans=2 fsegs=6 fkeys=516 femit=514 ftomb=2 scans=3 segs=6 keys=516 emit=514 tomb=2
2026-10-02T19:42:38.380Z raft-obs: tx->1 enq=29505 drop=0 sent=29505 fail=0 hi=15 rtt_avg=44us get_avg=306us get_max=9049ms
2026-10-02T19:42:38.380Z raft-obs: tx->2 enq=28816 drop=0 sent=28816 fail=0 hi=13 rtt_avg=38us get_avg=310us get_max=8934ms
2026-10-02T19:42:38.380Z raft-obs: wait_timeouts=0 pump_hold_max=135us lock_wait_max=307us drain_max=134us tick_max=6us apply_max=130us persist_max=514us applies_in_worst=1 arc_miss=0 arc_term_miss=0 opid_replay=0 fin_q=0 fin_done=0 fin_drop=0 fin_full=0 pub_p50=0us pub_max=0us inbox_drop=0
2026-10-02T19:42:39.102Z raft-host: gc-frag group=0 scans=2 records=512 ms=272
2026-10-02T19:42:39.102Z raft-host: gc-pass ms=272 reap=0 frag=272 spread=0 recover=0 fscans=2 fsegs=6 fkeys=516 femit=514 ftomb=2 scans=3 segs=6 keys=516 emit=514 tomb=2
2026-10-02T19:42:40.376Z raft-host: gc-frag group=0 scans=2 records=512 ms=271
2026-10-02T19:42:40.376Z raft-host: gc-pass ms=271 reap=0 frag=271 spread=0 recover=0 fscans=2 fsegs=6 fkeys=516 femit=514 ftomb=2 scans=3 segs=6 keys=516 emit=514 tomb=2
2026-10-02T19:42:41.651Z raft-host: gc-frag group=0 scans=2 records=512 ms=272
2026-10-02T19:42:41.651Z raft-host: gc-pass ms=272 reap=0 frag=272 spread=0 recover=0 fscans=2 fsegs=6 fkeys=516 femit=514 ftomb=2 scans=3 segs=6 keys=516 emit=514 tomb=2
2026-10-02T19:42:42.922Z raft-host: gc-frag group=0 scans=2 records=512 ms=268
2026-10-02T19:42:42.922Z raft-host: gc-pass ms=268 reap=0 frag=268 spread=0 recover=0 fscans=2 fsegs=6 fkeys=516 femit=514 ftomb=2 scans=3 segs=6 keys=516 emit=514 tomb=2
2026-10-02T19:42:43.384Z raft-obs: tx->1 enq=29696 drop=0 sent=29696 fail=0 hi=15 rtt_avg=44us get_avg=304us get_max=9049ms
2026-10-02T19:42:43.384Z raft-obs: tx->2 enq=29007 drop=0 sent=29007 fail=0 hi=13 rtt_avg=38us get_avg=308us get_max=8934ms
2026-10-02T19:42:43.384Z raft-obs: wait_timeouts=0 pump_hold_max=147us lock_wait_max=301us drain_max=147us tick_max=18us apply_max=138us persist_max=512us applies_in_worst=1 arc_miss=0 arc_term_miss=0 opid_replay=0 fin_q=0 fin_done=0 fin_drop=0 fin_full=0 pub_p50=0us pub_max=0us inbox_drop=0
2026-10-02T19:42:44.197Z raft-host: gc-frag group=0 scans=2 records=512 ms=271
2026-10-02T19:42:44.197Z raft-host: gc-pass ms=271 reap=0 frag=271 spread=0 recover=0 fscans=2 fsegs=6 fkeys=516 femit=514 ftomb=2 scans=3 segs=6 keys=516 emit=514 tomb=2
2026-10-02T19:42:45.473Z raft-host: gc-frag group=0 scans=2 records=512 ms=273
2026-10-02T19:42:45.473Z raft-host: gc-pass ms=273 reap=0 frag=273 spread=0 recover=0 fscans=2 fsegs=6 fkeys=516 femit=514 ftomb=2 scans=3 segs=6 keys=516 emit=514 tomb=2
2026-10-02T19:42:46.748Z raft-host: gc-frag group=0 scans=2 records=512 ms=271
2026-10-02T19:42:46.748Z raft-host: gc-pass ms=271 reap=0 frag=271 spread=0 recover=0 fscans=2 fsegs=6 fkeys=516 femit=514 ftomb=2 scans=3 segs=6 keys=516 emit=514 tomb=2
2026-10-02T19:42:48.024Z raft-host: gc-frag group=0 scans=2 records=512 ms=273
2026-10-02T19:42:48.024Z raft-host: gc-pass ms=273 reap=0 frag=273 spread=0 recover=0 fscans=2 fsegs=6 fkeys=516 femit=514 ftomb=2 scans=3 segs=6 keys=516 emit=514 tomb=2
2026-10-02T19:42:48.384Z raft-obs: tx->1 enq=29886 drop=0 sent=29886 fail=0 hi=15 rtt_avg=44us get_avg=303us get_max=9049ms
2026-10-02T19:42:48.384Z raft-obs: tx->2 enq=29197 drop=0 sent=29197 fail=0 hi=13 rtt_avg=38us get_avg=306us get_max=8934ms
2026-10-02T19:42:48.384Z raft-obs: wait_timeouts=0 pump_hold_max=207us lock_wait_max=327us drain_max=206us tick_max=10us apply_max=200us persist_max=512us applies_in_worst=1 arc_miss=0 arc_term_miss=0 opid_replay=0 fin_q=0 fin_done=0 fin_drop=0 fin_full=0 pub_p50=0us pub_max=0us inbox_drop=0
2026-10-02T19:42:49.303Z raft-host: gc-frag group=0 scans=2 records=512 ms=275
2026-10-02T19:42:49.303Z raft-host: gc-pass ms=275 reap=0 frag=275 spread=0 recover=0 fscans=2 fsegs=6 fkeys=516 femit=514 ftomb=2 scans=3 segs=6 keys=516 emit=514 tomb=2
2026-10-02T19:42:50.582Z raft-host: gc-frag group=0 scans=2 records=512 ms=276
2026-10-02T19:42:50.582Z raft-host: gc-pass ms=276 reap=0 frag=276 spread=0 recover=0 fscans=2 fsegs=6 fkeys=516 femit=514 ftomb=2 scans=3 segs=6 keys=516 emit=514 tomb=2
2026-10-02T19:42:51.860Z raft-host: gc-frag group=0 scans=2 records=512 ms=275
2026-10-02T19:42:51.860Z raft-host: gc-pass ms=275 reap=0 frag=275 spread=0 recover=0 fscans=2 fsegs=6 fkeys=516 femit=514 ftomb=2 scans=3 segs=6 keys=516 emit=514 tomb=2
2026-10-02T19:42:53.133Z raft-host: gc-frag group=0 scans=2 records=512 ms=270
2026-10-02T19:42:53.133Z raft-host: gc-pass ms=270 reap=0 frag=270 spread=0 recover=0 fscans=2 fsegs=6 fkeys=516 femit=514 ftomb=2 scans=3 segs=6 keys=516 emit=514 tomb=2
2026-10-02T19:42:53.387Z raft-obs: tx->1 enq=30076 drop=0 sent=30075 fail=0 hi=15 rtt_avg=44us get_avg=301us get_max=9049ms
2026-10-02T19:42:53.387Z raft-obs: tx->2 enq=29387 drop=0 sent=29386 fail=0 hi=13 rtt_avg=38us get_avg=304us get_max=8934ms
2026-10-02T19:42:53.387Z raft-obs: wait_timeouts=0 pump_hold_max=204us lock_wait_max=332us drain_max=204us tick_max=9us apply_max=197us persist_max=551us applies_in_worst=1 arc_miss=0 arc_term_miss=0 opid_replay=0 fin_q=0 fin_done=0 fin_drop=0 fin_full=0 pub_p50=0us pub_max=0us inbox_drop=0
2026-10-02T19:42:54.406Z raft-host: gc-frag group=0 scans=2 records=512 ms=269
2026-10-02T19:42:54.406Z raft-host: gc-pass ms=269 reap=0 frag=269 spread=0 recover=0 fscans=2 fsegs=6 fkeys=516 femit=514 ftomb=2 scans=3 segs=6 keys=516 emit=514 tomb=2
2026-10-02T19:42:55.678Z raft-host: gc-frag group=0 scans=2 records=512 ms=268
2026-10-02T19:42:55.678Z raft-host: gc-pass ms=268 reap=0 frag=268 spread=0 recover=0 fscans=2 fsegs=6 fkeys=516 femit=514 ftomb=2 scans=3 segs=6 keys=516 emit=514 tomb=2
2026-10-02T19:42:56.953Z raft-host: gc-frag group=0 scans=2 records=512 ms=272
2026-10-02T19:42:56.953Z raft-host: gc-pass ms=272 reap=0 frag=272 spread=0 recover=0 fscans=2 fsegs=6 fkeys=516 femit=514 ftomb=2 scans=3 segs=6 keys=516 emit=514 tomb=2
2026-10-02T19:42:58.226Z raft-host: gc-frag group=0 scans=2 records=512 ms=271
2026-10-02T19:42:58.227Z raft-host: gc-pass ms=271 reap=0 frag=271 spread=0 recover=0 fscans=2 fsegs=6 fkeys=516 femit=514 ftomb=2 scans=3 segs=6 keys=516 emit=514 tomb=2
2026-10-02T19:42:58.389Z raft-obs: tx->1 enq=30266 drop=0 sent=30266 fail=0 hi=15 rtt_avg=44us get_avg=299us get_max=9049ms
2026-10-02T19:42:58.389Z raft-obs: tx->2 enq=29577 drop=0 sent=29577 fail=0 hi=13 rtt_avg=38us get_avg=302us get_max=8934ms
2026-10-02T19:42:58.389Z raft-obs: wait_timeouts=0 pump_hold_max=198us lock_wait_max=184us drain_max=198us tick_max=6us apply_max=190us persist_max=525us applies_in_worst=1 arc_miss=0 arc_term_miss=0 opid_replay=0 fin_q=0 fin_done=0 fin_drop=0 fin_full=0 pub_p50=0us pub_max=0us inbox_drop=0
2026-10-02T19:42:59.501Z raft-host: gc-frag group=0 scans=2 records=512 ms=271
2026-10-02T19:42:59.501Z raft-host: gc-pass ms=271 reap=0 frag=271 spread=0 recover=0 fscans=2 fsegs=6 fkeys=516 femit=514 ftomb=2 scans=3 segs=6 keys=516 emit=514 tomb=2
2026-10-02T19:43:00.774Z raft-host: gc-frag group=0 scans=2 records=512 ms=270
2026-10-02T19:43:00.774Z raft-host: gc-pass ms=270 reap=0 frag=270 spread=0 recover=0 fscans=2 fsegs=6 fkeys=516 femit=514 ftomb=2 scans=3 segs=6 keys=516 emit=514 tomb=2
2026-10-02T19:43:02.047Z raft-host: gc-frag group=0 scans=2 records=512 ms=270
2026-10-02T19:43:02.047Z raft-host: gc-pass ms=270 reap=0 frag=270 spread=0 recover=0 fscans=2 fsegs=6 fkeys=516 femit=514 ftomb=2 scans=3 segs=6 keys=516 emit=514 tomb=2
2026-10-02T19:43:03.321Z raft-host: gc-frag group=0 scans=2 records=512 ms=271
2026-10-02T19:43:03.321Z raft-host: gc-pass ms=271 reap=0 frag=271 spread=0 recover=0 fscans=2 fsegs=6 fkeys=516 femit=514 ftomb=2 scans=3 segs=6 keys=516 emit=514 tomb=2
2026-10-02T19:43:03.393Z raft-obs: tx->1 enq=30456 drop=0 sent=30456 fail=0 hi=15 rtt_avg=44us get_avg=297us get_max=9049ms
2026-10-02T19:43:03.393Z raft-obs: tx->2 enq=29767 drop=0 sent=29767 fail=0 hi=13 rtt_avg=38us get_avg=300us get_max=8934ms
2026-10-02T19:43:03.393Z raft-obs: wait_timeouts=0 pump_hold_max=219us lock_wait_max=363us drain_max=219us tick_max=5us apply_max=211us persist_max=737us applies_in_worst=1 arc_miss=0 arc_term_miss=0 opid_replay=0 fin_q=0 fin_done=0 fin_drop=0 fin_full=0 pub_p50=0us pub_max=0us inbox_drop=0
2026-10-02T19:43:04.594Z raft-host: gc-frag group=0 scans=2 records=512 ms=269
2026-10-02T19:43:04.594Z raft-host: gc-pass ms=269 reap=0 frag=269 spread=0 recover=0 fscans=2 fsegs=6 fkeys=516 femit=514 ftomb=2 scans=3 segs=6 keys=516 emit=514 tomb=2
2026-10-02T19:43:05.869Z raft-host: gc-frag group=0 scans=2 records=512 ms=271
2026-10-02T19:43:05.869Z raft-host: gc-pass ms=271 reap=0 frag=271 spread=0 recover=0 fscans=2 fsegs=6 fkeys=516 femit=514 ftomb=2 scans=3 segs=6 keys=516 emit=514 tomb=2
2026-10-02T19:43:07.144Z raft-host: gc-frag group=0 scans=2 records=512 ms=272
2026-10-02T19:43:07.144Z raft-host: gc-pass ms=272 reap=0 frag=272 spread=0 recover=0 fscans=2 fsegs=6 fkeys=516 femit=514 ftomb=2 scans=3 segs=6 keys=516 emit=514 tomb=2
2026-10-02T19:43:08.393Z raft-obs: tx->1 enq=30642 drop=0 sent=30641 fail=0 hi=15 rtt_avg=43us get_avg=295us get_max=9049ms
2026-10-02T19:43:08.393Z raft-obs: tx->2 enq=29953 drop=0 sent=29952 fail=0 hi=13 rtt_avg=38us get_avg=298us get_max=8934ms
2026-10-02T19:43:08.393Z raft-obs: wait_timeouts=0 pump_hold_max=127us lock_wait_max=301us drain_max=127us tick_max=10us apply_max=122us persist_max=525us applies_in_worst=1 arc_miss=0 arc_term_miss=0 opid_replay=0 fin_q=0 fin_done=0 fin_drop=0 fin_full=0 pub_p50=0us pub_max=0us inbox_drop=0
2026-10-02T19:43:08.417Z raft-host: gc-frag group=0 scans=2 records=512 ms=270
2026-10-02T19:43:08.417Z raft-host: gc-pass ms=270 reap=0 frag=270 spread=0 recover=0 fscans=2 fsegs=6 fkeys=516 femit=514 ftomb=2 scans=3 segs=6 keys=516 emit=514 tomb=2
2026-10-02T19:43:09.694Z raft-host: gc-frag group=0 scans=2 records=512 ms=273
2026-10-02T19:43:09.694Z raft-host: gc-pass ms=273 reap=0 frag=273 spread=0 recover=0 fscans=2 fsegs=6 fkeys=516 femit=514 ftomb=2 scans=3 segs=6 keys=516 emit=514 tomb=2
2026-10-02T19:43:10.969Z raft-host: gc-frag group=0 scans=2 records=512 ms=272
2026-10-02T19:43:10.969Z raft-host: gc-pass ms=272 reap=0 frag=272 spread=0 recover=0 fscans=2 fsegs=6 fkeys=516 femit=514 ftomb=2 scans=3 segs=6 keys=516 emit=514 tomb=2
2026-10-02T19:43:12.241Z raft-host: gc-frag group=0 scans=2 records=512 ms=269
2026-10-02T19:43:12.241Z raft-host: gc-pass ms=269 reap=0 frag=269 spread=0 recover=0 fscans=2 fsegs=6 fkeys=516 femit=514 ftomb=2 scans=3 segs=6 keys=516 emit=514 tomb=2
2026-10-02T19:43:13.397Z raft-obs: tx->1 enq=30825 drop=0 sent=30825 fail=0 hi=15 rtt_avg=43us get_avg=293us get_max=9049ms
2026-10-02T19:43:13.397Z raft-obs: tx->2 enq=30136 drop=0 sent=30136 fail=0 hi=13 rtt_avg=38us get_avg=296us get_max=8934ms
2026-10-02T19:43:13.397Z raft-obs: wait_timeouts=0 pump_hold_max=164us lock_wait_max=371us drain_max=164us tick_max=8us apply_max=158us persist_max=519us applies_in_worst=1 arc_miss=0 arc_term_miss=0 opid_replay=0 fin_q=0 fin_done=0 fin_drop=0 fin_full=0 pub_p50=0us pub_max=0us inbox_drop=0
2026-10-02T19:43:13.517Z raft-host: gc-frag group=0 scans=2 records=512 ms=273
2026-10-02T19:43:13.517Z raft-host: gc-pass ms=273 reap=0 frag=273 spread=0 recover=0 fscans=2 fsegs=6 fkeys=516 femit=514 ftomb=2 scans=3 segs=6 keys=516 emit=514 tomb=2
2026-10-02T19:43:14.790Z raft-host: gc-frag group=0 scans=2 records=512 ms=270
2026-10-02T19:43:14.790Z raft-host: gc-pass ms=270 reap=0 frag=270 spread=0 recover=0 fscans=2 fsegs=6 fkeys=516 femit=514 ftomb=2 scans=3 segs=6 keys=516 emit=514 tomb=2
2026-10-02T19:43:15.846Z kv-compact: start l0=146 inputs=2 range=270 l0only=1
2026-10-02T19:43:15.863Z kv-compact: end bytes=10713111 ms=17 l0=145 l1=160 rc=0
2026-10-02T19:43:15.863Z kv-compact: start l0=145 inputs=2 range=260 l0only=1
2026-10-02T19:43:15.876Z kv-compact: end bytes=8821260 ms=14 l0=144 l1=160 rc=0
2026-10-02T19:43:15.876Z kv-compact: start l0=144 inputs=2 range=258 l0only=1
2026-10-02T19:43:15.888Z kv-compact: end bytes=7368796 ms=12 l0=143 l1=160 rc=0
2026-10-02T19:43:15.888Z kv-compact: start l0=143 inputs=2 range=261 l0only=1
2026-10-02T19:43:15.900Z kv-compact: end bytes=7306807 ms=12 l0=142 l1=160 rc=0
2026-10-02T19:43:15.900Z kv-compact: start l0=142 inputs=2 range=264 l0only=1
2026-10-02T19:43:15.910Z kv-compact: end bytes=6377207 ms=10 l0=141 l1=160 rc=0
2026-10-02T19:43:15.911Z kv-compact: start l0=141 inputs=2 range=1 l0only=1
2026-10-02T19:43:15.922Z kv-compact: end bytes=6165204 ms=12 l0=140 l1=160 rc=0
2026-10-02T19:43:15.923Z kv-compact: start l0=140 inputs=2 range=257 l0only=1
2026-10-02T19:43:15.931Z kv-compact: end bytes=5100542 ms=8 l0=139 l1=160 rc=0
2026-10-02T19:43:15.931Z kv-compact: start l0=139 inputs=2 range=267 l0only=1
2026-10-02T19:43:15.937Z kv-compact: end bytes=3870807 ms=6 l0=138 l1=160 rc=0
2026-10-02T19:43:15.938Z kv-compact: start l0=138 inputs=2 range=263 l0only=1
2026-10-02T19:43:15.942Z kv-compact: end bytes=2475232 ms=5 l0=137 l1=160 rc=0
2026-10-02T19:43:16.073Z raft-host: gc-frag group=0 scans=2 records=512 ms=279
2026-10-02T19:43:16.073Z raft-host: gc-pass ms=279 reap=0 frag=279 spread=0 recover=0 fscans=2 fsegs=6 fkeys=516 femit=514 ftomb=2 scans=3 segs=6 keys=516 emit=514 tomb=2
2026-10-02T19:43:17.349Z raft-host: gc-frag group=0 scans=2 records=512 ms=272
2026-10-02T19:43:17.349Z raft-host: gc-pass ms=273 reap=0 frag=272 spread=0 recover=0 fscans=2 fsegs=6 fkeys=516 femit=514 ftomb=2 scans=3 segs=6 keys=516 emit=514 tomb=2
2026-10-02T19:43:18.397Z raft-obs: tx->1 enq=31006 drop=0 sent=31005 fail=0 hi=15 rtt_avg=43us get_avg=292us get_max=9049ms
2026-10-02T19:43:18.397Z raft-obs: tx->2 enq=30317 drop=0 sent=30316 fail=0 hi=13 rtt_avg=38us get_avg=294us get_max=8934ms
2026-10-02T19:43:18.397Z raft-obs: wait_timeouts=0 pump_hold_max=8204us lock_wait_max=354us drain_max=8204us tick_max=11us apply_max=8197us persist_max=524us applies_in_worst=1 arc_miss=0 arc_term_miss=0 opid_replay=0 fin_q=0 fin_done=0 fin_drop=0 fin_full=0 pub_p50=0us pub_max=0us inbox_drop=0
2026-10-02T19:43:18.623Z raft-host: gc-frag group=0 scans=2 records=512 ms=271
2026-10-02T19:43:18.623Z raft-host: gc-pass ms=271 reap=0 frag=271 spread=0 recover=0 fscans=2 fsegs=6 fkeys=516 femit=514 ftomb=2 scans=3 segs=6 keys=516 emit=514 tomb=2
2026-10-02T19:43:19.900Z raft-host: gc-frag group=0 scans=2 records=512 ms=274
2026-10-02T19:43:19.900Z raft-host: gc-pass ms=274 reap=0 frag=274 spread=0 recover=0 fscans=2 fsegs=6 fkeys=516 femit=514 ftomb=2 scans=3 segs=6 keys=516 emit=514 tomb=2
2026-10-02T19:43:21.175Z raft-host: gc-frag group=0 scans=2 records=512 ms=272
2026-10-02T19:43:21.175Z raft-host: gc-pass ms=272 reap=0 frag=272 spread=0 recover=0 fscans=2 fsegs=6 fkeys=516 femit=514 ftomb=2 scans=3 segs=6 keys=516 emit=514 tomb=2
2026-10-02T19:43:22.448Z raft-host: gc-frag group=0 scans=2 records=512 ms=269
2026-10-02T19:43:22.448Z raft-host: gc-pass ms=270 reap=0 frag=270 spread=0 recover=0 fscans=2 fsegs=6 fkeys=516 femit=514 ftomb=2 scans=3 segs=6 keys=516 emit=514 tomb=2
2026-10-02T19:43:23.400Z raft-obs: tx->1 enq=31193 drop=0 sent=31193 fail=0 hi=15 rtt_avg=43us get_avg=290us get_max=9049ms
2026-10-02T19:43:23.400Z raft-obs: tx->2 enq=30504 drop=0 sent=30504 fail=0 hi=13 rtt_avg=38us get_avg=293us get_max=8934ms
2026-10-02T19:43:23.400Z raft-obs: wait_timeouts=0 pump_hold_max=125us lock_wait_max=325us drain_max=125us tick_max=9us apply_max=117us persist_max=606us applies_in_worst=1 arc_miss=0 arc_term_miss=0 opid_replay=0 fin_q=0 fin_done=0 fin_drop=0 fin_full=0 pub_p50=0us pub_max=0us inbox_drop=0
2026-10-02T19:43:23.722Z raft-host: gc-frag group=0 scans=2 records=512 ms=271
2026-10-02T19:43:23.722Z raft-host: gc-pass ms=271 reap=0 frag=271 spread=0 recover=0 fscans=2 fsegs=6 fkeys=516 femit=514 ftomb=2 scans=3 segs=6 keys=516 emit=514 tomb=2
2026-10-02T19:43:24.995Z raft-host: gc-frag group=0 scans=2 records=512 ms=269
2026-10-02T19:43:24.995Z raft-host: gc-pass ms=269 reap=0 frag=269 spread=0 recover=0 fscans=2 fsegs=6 fkeys=516 femit=514 ftomb=2 scans=3 segs=6 keys=516 emit=514 tomb=2
2026-10-02T19:43:26.267Z raft-host: gc-frag group=0 scans=2 records=512 ms=269
2026-10-02T19:43:26.267Z raft-host: gc-pass ms=269 reap=0 frag=269 spread=0 recover=0 fscans=2 fsegs=6 fkeys=516 femit=514 ftomb=2 scans=3 segs=6 keys=516 emit=514 tomb=2
2026-10-02T19:43:27.542Z raft-host: gc-frag group=0 scans=2 records=512 ms=271
2026-10-02T19:43:27.542Z raft-host: gc-pass ms=271 reap=0 frag=271 spread=0 recover=0 fscans=2 fsegs=6 fkeys=516 femit=514 ftomb=2 scans=3 segs=6 keys=516 emit=514 tomb=2
2026-10-02T19:43:28.403Z raft-obs: tx->1 enq=31384 drop=0 sent=31383 fail=0 hi=15 rtt_avg=43us get_avg=288us get_max=9049ms
2026-10-02T19:43:28.403Z raft-obs: tx->2 enq=30695 drop=0 sent=30694 fail=0 hi=13 rtt_avg=38us get_avg=291us get_max=8934ms
2026-10-02T19:43:28.403Z raft-obs: wait_timeouts=0 pump_hold_max=141us lock_wait_max=285us drain_max=141us tick_max=9us apply_max=135us persist_max=536us applies_in_worst=1 arc_miss=0 arc_term_miss=0 opid_replay=0 fin_q=0 fin_done=0 fin_drop=0 fin_full=0 pub_p50=0us pub_max=0us inbox_drop=0
2026-10-02T19:43:28.815Z raft-host: gc-frag group=0 scans=2 records=512 ms=269
2026-10-02T19:43:28.815Z raft-host: gc-pass ms=270 reap=0 frag=270 spread=0 recover=0 fscans=2 fsegs=6 fkeys=516 femit=514 ftomb=2 scans=3 segs=6 keys=516 emit=514 tomb=2
2026-10-02T19:43:30.091Z raft-host: gc-frag group=0 scans=2 records=512 ms=274
2026-10-02T19:43:30.091Z raft-host: gc-pass ms=274 reap=0 frag=274 spread=0 recover=0 fscans=2 fsegs=6 fkeys=516 femit=514 ftomb=2 scans=3 segs=6 keys=516 emit=514 tomb=2
2026-10-02T19:43:31.366Z raft-host: gc-frag group=0 scans=2 records=512 ms=271
2026-10-02T19:43:31.366Z raft-host: gc-pass ms=271 reap=0 frag=271 spread=0 recover=0 fscans=2 fsegs=6 fkeys=516 femit=514 ftomb=2 scans=3 segs=6 keys=516 emit=514 tomb=2
2026-10-02T19:43:32.638Z raft-host: gc-frag group=0 scans=2 records=512 ms=269
2026-10-02T19:43:32.638Z raft-host: gc-pass ms=269 reap=0 frag=269 spread=0 recover=0 fscans=2 fsegs=6 fkeys=516 femit=514 ftomb=2 scans=3 segs=6 keys=516 emit=514 tomb=2
2026-10-02T19:43:33.403Z raft-obs: tx->1 enq=31574 drop=0 sent=31574 fail=0 hi=15 rtt_avg=43us get_avg=286us get_max=9049ms
2026-10-02T19:43:33.403Z raft-obs: tx->2 enq=30885 drop=0 sent=30885 fail=0 hi=13 rtt_avg=38us get_avg=289us get_max=8934ms
2026-10-02T19:43:33.403Z raft-obs: wait_timeouts=0 pump_hold_max=145us lock_wait_max=256us drain_max=145us tick_max=14us apply_max=137us persist_max=516us applies_in_worst=1 arc_miss=0 arc_term_miss=0 opid_replay=0 fin_q=0 fin_done=0 fin_drop=0 fin_full=0 pub_p50=0us pub_max=0us inbox_drop=0
2026-10-02T19:43:33.912Z raft-host: gc-frag group=0 scans=2 records=512 ms=270
2026-10-02T19:43:33.912Z raft-host: gc-pass ms=270 reap=0 frag=270 spread=0 recover=0 fscans=2 fsegs=6 fkeys=516 femit=514 ftomb=2 scans=3 segs=6 keys=516 emit=514 tomb=2
2026-10-02T19:43:35.185Z raft-host: gc-frag group=0 scans=2 records=512 ms=270
2026-10-02T19:43:35.185Z raft-host: gc-pass ms=270 reap=0 frag=270 spread=0 recover=0 fscans=2 fsegs=6 fkeys=516 femit=514 ftomb=2 scans=3 segs=6 keys=516 emit=514 tomb=2
2026-10-02T19:43:36.457Z raft-host: gc-frag group=0 scans=2 records=512 ms=269
2026-10-02T19:43:36.457Z raft-host: gc-pass ms=269 reap=0 frag=269 spread=0 recover=0 fscans=2 fsegs=6 fkeys=516 femit=514 ftomb=2 scans=3 segs=6 keys=516 emit=514 tomb=2
2026-10-02T19:43:37.733Z raft-host: gc-frag group=0 scans=2 records=512 ms=272
2026-10-02T19:43:37.733Z raft-host: gc-pass ms=272 reap=0 frag=272 spread=0 recover=0 fscans=2 fsegs=6 fkeys=516 femit=514 ftomb=2 scans=3 segs=6 keys=516 emit=514 tomb=2
2026-10-02T19:43:38.406Z raft-obs: tx->1 enq=31764 drop=0 sent=31764 fail=0 hi=15 rtt_avg=43us get_avg=285us get_max=9049ms
2026-10-02T19:43:38.406Z raft-obs: tx->2 enq=31075 drop=0 sent=31075 fail=0 hi=13 rtt_avg=38us get_avg=287us get_max=8934ms
2026-10-02T19:43:38.406Z raft-obs: wait_timeouts=0 pump_hold_max=132us lock_wait_max=248us drain_max=132us tick_max=5us apply_max=125us persist_max=531us applies_in_worst=1 arc_miss=0 arc_term_miss=0 opid_replay=0 fin_q=0 fin_done=0 fin_drop=0 fin_full=0 pub_p50=0us pub_max=0us inbox_drop=0
2026-10-02T19:43:39.007Z raft-host: gc-frag group=0 scans=2 records=512 ms=271
2026-10-02T19:43:39.007Z raft-host: gc-pass ms=271 reap=0 frag=271 spread=0 recover=0 fscans=2 fsegs=6 fkeys=516 femit=514 ftomb=2 scans=3 segs=6 keys=516 emit=514 tomb=2
2026-10-02T19:43:40.279Z raft-host: gc-frag group=0 scans=2 records=512 ms=269
2026-10-02T19:43:40.279Z raft-host: gc-pass ms=269 reap=0 frag=269 spread=0 recover=0 fscans=2 fsegs=6 fkeys=516 femit=514 ftomb=2 scans=3 segs=6 keys=516 emit=514 tomb=2
2026-10-02T19:43:41.554Z raft-host: gc-frag group=0 scans=2 records=512 ms=272
2026-10-02T19:43:41.554Z raft-host: gc-pass ms=272 reap=0 frag=272 spread=0 recover=0 fscans=2 fsegs=6 fkeys=516 femit=514 ftomb=2 scans=3 segs=6 keys=516 emit=514 tomb=2
2026-10-02T19:43:42.827Z raft-host: gc-frag group=0 scans=2 records=512 ms=269
2026-10-02T19:43:42.827Z raft-host: gc-pass ms=269 reap=0 frag=269 spread=0 recover=0 fscans=2 fsegs=6 fkeys=516 femit=514 ftomb=2 scans=3 segs=6 keys=516 emit=514 tomb=2
2026-10-02T19:43:43.409Z raft-obs: tx->1 enq=31954 drop=0 sent=31954 fail=0 hi=15 rtt_avg=43us get_avg=283us get_max=9049ms
2026-10-02T19:43:43.410Z raft-obs: tx->2 enq=31265 drop=0 sent=31265 fail=0 hi=13 rtt_avg=38us get_avg=286us get_max=8934ms
2026-10-02T19:43:43.410Z raft-obs: wait_timeouts=0 pump_hold_max=104us lock_wait_max=325us drain_max=104us tick_max=11us apply_max=98us persist_max=523us applies_in_worst=1 arc_miss=0 arc_term_miss=0 opid_replay=0 fin_q=0 fin_done=0 fin_drop=0 fin_full=0 pub_p50=0us pub_max=0us inbox_drop=0
2026-10-02T19:43:44.100Z raft-host: gc-frag group=0 scans=2 records=512 ms=270
2026-10-02T19:43:44.100Z raft-host: gc-pass ms=270 reap=0 frag=270 spread=0 recover=0 fscans=2 fsegs=6 fkeys=516 femit=514 ftomb=2 scans=3 segs=6 keys=516 emit=514 tomb=2
2026-10-02T19:43:45.375Z raft-host: gc-frag group=0 scans=2 records=512 ms=272
2026-10-02T19:43:45.375Z raft-host: gc-pass ms=272 reap=0 frag=272 spread=0 recover=0 fscans=2 fsegs=6 fkeys=516 femit=514 ftomb=2 scans=3 segs=6 keys=516 emit=514 tomb=2
2026-10-02T19:43:46.646Z raft-host: gc-frag group=0 scans=2 records=512 ms=268
2026-10-02T19:43:46.646Z raft-host: gc-pass ms=268 reap=0 frag=268 spread=0 recover=0 fscans=2 fsegs=6 fkeys=516 femit=514 ftomb=2 scans=3 segs=6 keys=516 emit=514 tomb=2
2026-10-02T19:43:47.924Z raft-host: gc-frag group=0 scans=2 records=512 ms=275
2026-10-02T19:43:47.924Z raft-host: gc-pass ms=275 reap=0 frag=275 spread=0 recover=0 fscans=2 fsegs=6 fkeys=516 femit=514 ftomb=2 scans=3 segs=6 keys=516 emit=514 tomb=2
2026-10-02T19:43:48.411Z raft-obs: tx->1 enq=32144 drop=0 sent=32144 fail=0 hi=15 rtt_avg=43us get_avg=281us get_max=9049ms
2026-10-02T19:43:48.411Z raft-obs: tx->2 enq=31455 drop=0 sent=31455 fail=0 hi=13 rtt_avg=38us get_avg=284us get_max=8934ms
2026-10-02T19:43:48.411Z raft-obs: wait_timeouts=0 pump_hold_max=98us lock_wait_max=308us drain_max=98us tick_max=5us apply_max=91us persist_max=529us applies_in_worst=1 arc_miss=0 arc_term_miss=0 opid_replay=0 fin_q=0 fin_done=0 fin_drop=0 fin_full=0 pub_p50=0us pub_max=0us inbox_drop=0
2026-10-02T19:43:49.198Z raft-host: gc-frag group=0 scans=2 records=512 ms=270
2026-10-02T19:43:49.198Z raft-host: gc-pass ms=270 reap=0 frag=270 spread=0 recover=0 fscans=2 fsegs=6 fkeys=516 femit=514 ftomb=2 scans=3 segs=6 keys=516 emit=514 tomb=2
2026-10-02T19:43:50.469Z raft-host: gc-frag group=0 scans=2 records=512 ms=268
2026-10-02T19:43:50.469Z raft-host: gc-pass ms=268 reap=0 frag=268 spread=0 recover=0 fscans=2 fsegs=6 fkeys=516 femit=514 ftomb=2 scans=3 segs=6 keys=516 emit=514 tomb=2
2026-10-02T19:43:51.743Z raft-host: gc-frag group=0 scans=2 records=512 ms=271
2026-10-02T19:43:51.743Z raft-host: gc-pass ms=271 reap=0 frag=271 spread=0 recover=0 fscans=2 fsegs=6 fkeys=516 femit=514 ftomb=2 scans=3 segs=6 keys=516 emit=514 tomb=2
2026-10-02T19:43:53.015Z raft-host: gc-frag group=0 scans=2 records=512 ms=269
2026-10-02T19:43:53.015Z raft-host: gc-pass ms=269 reap=0 frag=269 spread=0 recover=0 fscans=2 fsegs=6 fkeys=516 femit=514 ftomb=2 scans=3 segs=6 keys=516 emit=514 tomb=2
2026-10-02T19:43:53.411Z raft-obs: tx->1 enq=32334 drop=0 sent=32334 fail=0 hi=15 rtt_avg=43us get_avg=280us get_max=9049ms
2026-10-02T19:43:53.411Z raft-obs: tx->2 enq=31645 drop=0 sent=31645 fail=0 hi=13 rtt_avg=38us get_avg=282us get_max=8934ms
2026-10-02T19:43:53.411Z raft-obs: wait_timeouts=0 pump_hold_max=125us lock_wait_max=249us drain_max=125us tick_max=9us apply_max=120us persist_max=521us applies_in_worst=1 arc_miss=0 arc_term_miss=0 opid_replay=0 fin_q=0 fin_done=0 fin_drop=0 fin_full=0 pub_p50=0us pub_max=0us inbox_drop=0
2026-10-02T19:43:54.288Z raft-host: gc-frag group=0 scans=2 records=512 ms=269
2026-10-02T19:43:54.288Z raft-host: gc-pass ms=269 reap=0 frag=269 spread=0 recover=0 fscans=2 fsegs=6 fkeys=516 femit=514 ftomb=2 scans=3 segs=6 keys=516 emit=514 tomb=2
2026-10-02T19:43:55.560Z raft-host: gc-frag group=0 scans=2 records=512 ms=269
2026-10-02T19:43:55.560Z raft-host: gc-pass ms=269 reap=0 frag=269 spread=0 recover=0 fscans=2 fsegs=6 fkeys=516 femit=514 ftomb=2 scans=3 segs=6 keys=516 emit=514 tomb=2
2026-10-02T19:43:56.833Z raft-host: gc-frag group=0 scans=2 records=512 ms=269
2026-10-02T19:43:56.833Z raft-host: gc-pass ms=269 reap=0 frag=269 spread=0 recover=0 fscans=2 fsegs=6 fkeys=516 femit=514 ftomb=2 scans=3 segs=6 keys=516 emit=514 tomb=2
2026-10-02T19:43:58.104Z raft-host: gc-frag group=0 scans=2 records=512 ms=268
2026-10-02T19:43:58.104Z raft-host: gc-pass ms=268 reap=0 frag=268 spread=0 recover=0 fscans=2 fsegs=6 fkeys=516 femit=514 ftomb=2 scans=3 segs=6 keys=516 emit=514 tomb=2
2026-10-02T19:43:58.413Z raft-obs: tx->1 enq=32525 drop=0 sent=32525 fail=0 hi=15 rtt_avg=43us get_avg=278us get_max=9049ms
2026-10-02T19:43:58.413Z raft-obs: tx->2 enq=31836 drop=0 sent=31836 fail=0 hi=13 rtt_avg=38us get_avg=280us get_max=8934ms
2026-10-02T19:43:58.413Z raft-obs: wait_timeouts=0 pump_hold_max=135us lock_wait_max=307us drain_max=135us tick_max=15us apply_max=127us persist_max=537us applies_in_worst=1 arc_miss=0 arc_term_miss=0 opid_replay=0 fin_q=0 fin_done=0 fin_drop=0 fin_full=0 pub_p50=0us pub_max=0us inbox_drop=0
2026-10-02T19:43:59.377Z raft-host: gc-frag group=0 scans=2 records=512 ms=269
2026-10-02T19:43:59.377Z raft-host: gc-pass ms=269 reap=0 frag=269 spread=0 recover=0 fscans=2 fsegs=6 fkeys=516 femit=514 ftomb=2 scans=3 segs=6 keys=516 emit=514 tomb=2
2026-10-02T19:44:00.646Z raft-host: gc-frag group=0 scans=2 records=512 ms=266
2026-10-02T19:44:00.646Z raft-host: gc-pass ms=266 reap=0 frag=266 spread=0 recover=0 fscans=2 fsegs=6 fkeys=516 femit=514 ftomb=2 scans=3 segs=6 keys=516 emit=514 tomb=2
2026-10-02T19:44:01.921Z raft-host: gc-frag group=0 scans=2 records=512 ms=272
2026-10-02T19:44:01.921Z raft-host: gc-pass ms=272 reap=0 frag=272 spread=0 recover=0 fscans=2 fsegs=6 fkeys=516 femit=514 ftomb=2 scans=3 segs=6 keys=516 emit=514 tomb=2
2026-10-02T19:44:03.193Z raft-host: gc-frag group=0 scans=2 records=512 ms=268
2026-10-02T19:44:03.193Z raft-host: gc-pass ms=269 reap=0 frag=269 spread=0 recover=0 fscans=2 fsegs=6 fkeys=516 femit=514 ftomb=2 scans=3 segs=6 keys=516 emit=514 tomb=2
2026-10-02T19:44:03.416Z raft-obs: tx->1 enq=32715 drop=0 sent=32715 fail=0 hi=15 rtt_avg=43us get_avg=276us get_max=9049ms
2026-10-02T19:44:03.416Z raft-obs: tx->2 enq=32026 drop=0 sent=32026 fail=0 hi=13 rtt_avg=38us get_avg=279us get_max=8934ms
2026-10-02T19:44:03.416Z raft-obs: wait_timeouts=0 pump_hold_max=139us lock_wait_max=395us drain_max=139us tick_max=5us apply_max=132us persist_max=523us applies_in_worst=1 arc_miss=0 arc_term_miss=0 opid_replay=0 fin_q=0 fin_done=0 fin_drop=0 fin_full=0 pub_p50=0us pub_max=0us inbox_drop=0
2026-10-02T19:44:04.467Z raft-host: gc-frag group=0 scans=2 records=512 ms=271
2026-10-02T19:44:04.467Z raft-host: gc-pass ms=271 reap=0 frag=271 spread=0 recover=0 fscans=2 fsegs=6 fkeys=516 femit=514 ftomb=2 scans=3 segs=6 keys=516 emit=514 tomb=2
2026-10-02T19:44:05.743Z raft-host: gc-frag group=0 scans=2 records=512 ms=273
2026-10-02T19:44:05.743Z raft-host: gc-pass ms=273 reap=0 frag=273 spread=0 recover=0 fscans=2 fsegs=6 fkeys=516 femit=514 ftomb=2 scans=3 segs=6 keys=516 emit=514 tomb=2
2026-10-02T19:44:07.016Z raft-host: gc-frag group=0 scans=2 records=512 ms=270
2026-10-02T19:44:07.016Z raft-host: gc-pass ms=270 reap=0 frag=270 spread=0 recover=0 fscans=2 fsegs=6 fkeys=516 femit=514 ftomb=2 scans=3 segs=6 keys=516 emit=514 tomb=2
2026-10-02T19:44:08.288Z raft-host: gc-frag group=0 scans=2 records=512 ms=269
2026-10-02T19:44:08.288Z raft-host: gc-pass ms=269 reap=0 frag=269 spread=0 recover=0 fscans=2 fsegs=6 fkeys=516 femit=514 ftomb=2 scans=3 segs=6 keys=516 emit=514 tomb=2
2026-10-02T19:44:08.420Z raft-obs: tx->1 enq=32905 drop=0 sent=32905 fail=0 hi=15 rtt_avg=43us get_avg=275us get_max=9049ms
2026-10-02T19:44:08.420Z raft-obs: tx->2 enq=32216 drop=0 sent=32216 fail=0 hi=13 rtt_avg=38us get_avg=277us get_max=8934ms
2026-10-02T19:44:08.420Z raft-obs: wait_timeouts=0 pump_hold_max=88us lock_wait_max=286us drain_max=88us tick_max=19us apply_max=83us persist_max=520us applies_in_worst=1 arc_miss=0 arc_term_miss=0 opid_replay=0 fin_q=0 fin_done=0 fin_drop=0 fin_full=0 pub_p50=0us pub_max=0us inbox_drop=0
2026-10-02T19:44:09.563Z raft-host: gc-frag group=0 scans=2 records=512 ms=272
2026-10-02T19:44:09.563Z raft-host: gc-pass ms=272 reap=0 frag=272 spread=0 recover=0 fscans=2 fsegs=6 fkeys=516 femit=514 ftomb=2 scans=3 segs=6 keys=516 emit=514 tomb=2
2026-10-02T19:44:10.838Z raft-host: gc-frag group=0 scans=2 records=512 ms=272
2026-10-02T19:44:10.838Z raft-host: gc-pass ms=272 reap=0 frag=272 spread=0 recover=0 fscans=2 fsegs=6 fkeys=516 femit=514 ftomb=2 scans=3 segs=6 keys=516 emit=514 tomb=2
2026-10-02T19:44:12.113Z raft-host: gc-frag group=0 scans=2 records=512 ms=271
2026-10-02T19:44:12.113Z raft-host: gc-pass ms=271 reap=0 frag=271 spread=0 recover=0 fscans=2 fsegs=6 fkeys=516 femit=514 ftomb=2 scans=3 segs=6 keys=516 emit=514 tomb=2
2026-10-02T19:44:13.384Z raft-host: gc-frag group=0 scans=2 records=512 ms=268
2026-10-02T19:44:13.384Z raft-host: gc-pass ms=268 reap=0 frag=268 spread=0 recover=0 fscans=2 fsegs=6 fkeys=516 femit=514 ftomb=2 scans=3 segs=6 keys=516 emit=514 tomb=2
2026-10-02T19:44:13.420Z raft-obs: tx->1 enq=33095 drop=0 sent=33095 fail=0 hi=15 rtt_avg=43us get_avg=273us get_max=9049ms
2026-10-02T19:44:13.420Z raft-obs: tx->2 enq=32406 drop=0 sent=32406 fail=0 hi=13 rtt_avg=37us get_avg=275us get_max=8934ms
2026-10-02T19:44:13.420Z raft-obs: wait_timeouts=0 pump_hold_max=146us lock_wait_max=307us drain_max=146us tick_max=9us apply_max=140us persist_max=577us applies_in_worst=1 arc_miss=0 arc_term_miss=0 opid_replay=0 fin_q=0 fin_done=0 fin_drop=0 fin_full=0 pub_p50=0us pub_max=0us inbox_drop=0
2026-10-02T19:44:14.656Z raft-host: gc-frag group=0 scans=2 records=512 ms=268
2026-10-02T19:44:14.656Z raft-host: gc-pass ms=268 reap=0 frag=268 spread=0 recover=0 fscans=2 fsegs=6 fkeys=516 femit=514 ftomb=2 scans=3 segs=6 keys=516 emit=514 tomb=2
2026-10-02T19:44:15.928Z raft-host: gc-frag group=0 scans=2 records=512 ms=268
2026-10-02T19:44:15.928Z raft-host: gc-pass ms=268 reap=0 frag=268 spread=0 recover=0 fscans=2 fsegs=6 fkeys=516 femit=514 ftomb=2 scans=3 segs=6 keys=516 emit=514 tomb=2
2026-10-02T19:44:17.201Z raft-host: gc-frag group=0 scans=2 records=512 ms=271
2026-10-02T19:44:17.201Z raft-host: gc-pass ms=271 reap=0 frag=271 spread=0 recover=0 fscans=2 fsegs=6 fkeys=516 femit=514 ftomb=2 scans=3 segs=6 keys=516 emit=514 tomb=2
2026-10-02T19:44:18.421Z raft-obs: tx->1 enq=33279 drop=0 sent=33279 fail=0 hi=15 rtt_avg=42us get_avg=272us get_max=9049ms
2026-10-02T19:44:18.421Z raft-obs: tx->2 enq=32590 drop=0 sent=32590 fail=0 hi=13 rtt_avg=37us get_avg=274us get_max=8934ms
2026-10-02T19:44:18.421Z raft-obs: wait_timeouts=0 pump_hold_max=142us lock_wait_max=351us drain_max=142us tick_max=5us apply_max=137us persist_max=594us applies_in_worst=1 arc_miss=0 arc_term_miss=0 opid_replay=0 fin_q=0 fin_done=0 fin_drop=0 fin_full=0 pub_p50=0us pub_max=0us inbox_drop=0
2026-10-02T19:44:18.473Z raft-host: gc-frag group=0 scans=2 records=512 ms=268
2026-10-02T19:44:18.473Z raft-host: gc-pass ms=269 reap=0 frag=268 spread=0 recover=0 fscans=2 fsegs=6 fkeys=516 femit=514 ftomb=2 scans=3 segs=6 keys=516 emit=514 tomb=2
2026-10-02T19:44:19.746Z raft-host: gc-frag group=0 scans=2 records=512 ms=270
2026-10-02T19:44:19.746Z raft-host: gc-pass ms=270 reap=0 frag=270 spread=0 recover=0 fscans=2 fsegs=6 fkeys=516 femit=514 ftomb=2 scans=3 segs=6 keys=516 emit=514 tomb=2
2026-10-02T19:44:21.019Z raft-host: gc-frag group=0 scans=2 records=512 ms=270
2026-10-02T19:44:21.019Z raft-host: gc-pass ms=270 reap=0 frag=270 spread=0 recover=0 fscans=2 fsegs=6 fkeys=516 femit=514 ftomb=2 scans=3 segs=6 keys=516 emit=514 tomb=2
2026-10-02T19:44:22.292Z raft-host: gc-frag group=0 scans=2 records=512 ms=269
2026-10-02T19:44:22.292Z raft-host: gc-pass ms=269 reap=0 frag=269 spread=0 recover=0 fscans=2 fsegs=6 fkeys=516 femit=514 ftomb=2 scans=3 segs=6 keys=516 emit=514 tomb=2
2026-10-02T19:44:23.421Z raft-obs: tx->1 enq=33461 drop=0 sent=33461 fail=0 hi=15 rtt_avg=42us get_avg=270us get_max=9049ms
2026-10-02T19:44:23.421Z raft-obs: tx->2 enq=32772 drop=0 sent=32772 fail=0 hi=13 rtt_avg=37us get_avg=272us get_max=8934ms
2026-10-02T19:44:23.421Z raft-obs: wait_timeouts=0 pump_hold_max=145us lock_wait_max=273us drain_max=145us tick_max=9us apply_max=138us persist_max=625us applies_in_worst=1 arc_miss=0 arc_term_miss=0 opid_replay=0 fin_q=0 fin_done=0 fin_drop=0 fin_full=0 pub_p50=0us pub_max=0us inbox_drop=0
2026-10-02T19:44:23.570Z raft-host: gc-frag group=0 scans=2 records=512 ms=275
2026-10-02T19:44:23.570Z raft-host: gc-pass ms=275 reap=0 frag=275 spread=0 recover=0 fscans=2 fsegs=6 fkeys=516 femit=514 ftomb=2 scans=3 segs=6 keys=516 emit=514 tomb=2
2026-10-02T19:44:24.843Z raft-host: gc-frag group=0 scans=2 records=512 ms=269
2026-10-02T19:44:24.843Z raft-host: gc-pass ms=269 reap=0 frag=269 spread=0 recover=0 fscans=2 fsegs=6 fkeys=516 femit=514 ftomb=2 scans=3 segs=6 keys=516 emit=514 tomb=2
2026-10-02T19:44:26.115Z raft-host: gc-frag group=0 scans=2 records=512 ms=269
2026-10-02T19:44:26.115Z raft-host: gc-pass ms=269 reap=0 frag=269 spread=0 recover=0 fscans=2 fsegs=6 fkeys=516 femit=514 ftomb=2 scans=3 segs=6 keys=516 emit=514 tomb=2
2026-10-02T19:44:27.390Z raft-host: gc-frag group=0 scans=2 records=512 ms=271
2026-10-02T19:44:27.390Z raft-host: gc-pass ms=271 reap=0 frag=271 spread=0 recover=0 fscans=2 fsegs=6 fkeys=516 femit=514 ftomb=2 scans=3 segs=6 keys=516 emit=514 tomb=2
2026-10-02T19:44:28.421Z raft-obs: tx->1 enq=33645 drop=0 sent=33645 fail=0 hi=15 rtt_avg=42us get_avg=269us get_max=9049ms
2026-10-02T19:44:28.421Z raft-obs: tx->2 enq=32956 drop=0 sent=32956 fail=0 hi=13 rtt_avg=37us get_avg=271us get_max=8934ms
2026-10-02T19:44:28.421Z raft-obs: wait_timeouts=0 pump_hold_max=144us lock_wait_max=151us drain_max=144us tick_max=8us apply_max=137us persist_max=572us applies_in_worst=1 arc_miss=0 arc_term_miss=0 opid_replay=0 fin_q=0 fin_done=0 fin_drop=0 fin_full=0 pub_p50=0us pub_max=0us inbox_drop=0
2026-10-02T19:44:28.661Z raft-host: gc-frag group=0 scans=2 records=512 ms=268
2026-10-02T19:44:28.661Z raft-host: gc-pass ms=268 reap=0 frag=268 spread=0 recover=0 fscans=2 fsegs=6 fkeys=516 femit=514 ftomb=2 scans=3 segs=6 keys=516 emit=514 tomb=2
2026-10-02T19:44:29.937Z raft-host: gc-frag group=0 scans=2 records=512 ms=272
2026-10-02T19:44:29.937Z raft-host: gc-pass ms=272 reap=0 frag=272 spread=0 recover=0 fscans=2 fsegs=6 fkeys=516 femit=514 ftomb=2 scans=3 segs=6 keys=516 emit=514 tomb=2
2026-10-02T19:44:31.212Z raft-host: gc-frag group=0 scans=2 records=512 ms=272
2026-10-02T19:44:31.212Z raft-host: gc-pass ms=272 reap=0 frag=272 spread=0 recover=0 fscans=2 fsegs=6 fkeys=516 femit=514 ftomb=2 scans=3 segs=6 keys=516 emit=514 tomb=2
2026-10-02T19:44:32.485Z raft-host: gc-frag group=0 scans=2 records=512 ms=270
2026-10-02T19:44:32.485Z raft-host: gc-pass ms=270 reap=0 frag=270 spread=0 recover=0 fscans=2 fsegs=6 fkeys=516 femit=514 ftomb=2 scans=3 segs=6 keys=516 emit=514 tomb=2
2026-10-02T19:44:33.422Z raft-obs: tx->1 enq=33833 drop=0 sent=33833 fail=0 hi=15 rtt_avg=42us get_avg=267us get_max=9049ms
2026-10-02T19:44:33.422Z raft-obs: tx->2 enq=33144 drop=0 sent=33144 fail=0 hi=13 rtt_avg=37us get_avg=269us get_max=8934ms
2026-10-02T19:44:33.422Z raft-obs: wait_timeouts=0 pump_hold_max=160us lock_wait_max=255us drain_max=160us tick_max=7us apply_max=139us persist_max=518us applies_in_worst=1 arc_miss=0 arc_term_miss=0 opid_replay=0 fin_q=0 fin_done=0 fin_drop=0 fin_full=0 pub_p50=0us pub_max=0us inbox_drop=0
2026-10-02T19:44:33.761Z raft-host: gc-frag group=0 scans=2 records=512 ms=272
2026-10-02T19:44:33.761Z raft-host: gc-pass ms=272 reap=0 frag=272 spread=0 recover=0 fscans=2 fsegs=6 fkeys=516 femit=514 ftomb=2 scans=3 segs=6 keys=516 emit=514 tomb=2
2026-10-02T19:44:35.030Z raft-host: gc-frag group=0 scans=2 records=512 ms=266
2026-10-02T19:44:35.030Z raft-host: gc-pass ms=266 reap=0 frag=266 spread=0 recover=0 fscans=2 fsegs=6 fkeys=516 femit=514 ftomb=2 scans=3 segs=6 keys=516 emit=514 tomb=2
2026-10-02T19:44:36.303Z raft-host: gc-frag group=0 scans=2 records=512 ms=270
2026-10-02T19:44:36.303Z raft-host: gc-pass ms=270 reap=0 frag=270 spread=0 recover=0 fscans=2 fsegs=6 fkeys=516 femit=514 ftomb=2 scans=3 segs=6 keys=516 emit=514 tomb=2
2026-10-02T19:44:37.576Z raft-host: gc-frag group=0 scans=2 records=512 ms=270
2026-10-02T19:44:37.576Z raft-host: gc-pass ms=270 reap=0 frag=270 spread=0 recover=0 fscans=2 fsegs=6 fkeys=516 femit=514 ftomb=2 scans=3 segs=6 keys=516 emit=514 tomb=2
2026-10-02T19:44:38.422Z raft-obs: tx->1 enq=34023 drop=0 sent=34023 fail=0 hi=15 rtt_avg=42us get_avg=266us get_max=9049ms
2026-10-02T19:44:38.422Z raft-obs: tx->2 enq=33334 drop=0 sent=33334 fail=0 hi=13 rtt_avg=37us get_avg=268us get_max=8934ms
2026-10-02T19:44:38.422Z raft-obs: wait_timeouts=0 pump_hold_max=202us lock_wait_max=318us drain_max=202us tick_max=9us apply_max=196us persist_max=511us applies_in_worst=1 arc_miss=0 arc_term_miss=0 opid_replay=0 fin_q=0 fin_done=0 fin_drop=0 fin_full=0 pub_p50=0us pub_max=0us inbox_drop=0
2026-10-02T19:44:38.848Z raft-host: gc-frag group=0 scans=2 records=512 ms=268
2026-10-02T19:44:38.848Z raft-host: gc-pass ms=268 reap=0 frag=268 spread=0 recover=0 fscans=2 fsegs=6 fkeys=516 femit=514 ftomb=2 scans=3 segs=6 keys=516 emit=514 tomb=2
2026-10-02T19:44:40.119Z raft-host: gc-frag group=0 scans=2 records=512 ms=268
2026-10-02T19:44:40.119Z raft-host: gc-pass ms=268 reap=0 frag=268 spread=0 recover=0 fscans=2 fsegs=6 fkeys=516 femit=514 ftomb=2 scans=3 segs=6 keys=516 emit=514 tomb=2
2026-10-02T19:44:41.390Z raft-host: gc-frag group=0 scans=2 records=512 ms=267
2026-10-02T19:44:41.390Z raft-host: gc-pass ms=267 reap=0 frag=267 spread=0 recover=0 fscans=2 fsegs=6 fkeys=516 femit=514 ftomb=2 scans=3 segs=6 keys=516 emit=514 tomb=2
2026-10-02T19:44:42.661Z raft-host: gc-frag group=0 scans=2 records=512 ms=268
2026-10-02T19:44:42.661Z raft-host: gc-pass ms=268 reap=0 frag=268 spread=0 recover=0 fscans=2 fsegs=6 fkeys=516 femit=514 ftomb=2 scans=3 segs=6 keys=516 emit=514 tomb=2
2026-10-02T19:44:43.426Z raft-obs: tx->1 enq=34214 drop=0 sent=34214 fail=0 hi=15 rtt_avg=42us get_avg=264us get_max=9049ms
2026-10-02T19:44:43.426Z raft-obs: tx->2 enq=33525 drop=0 sent=33525 fail=0 hi=13 rtt_avg=37us get_avg=266us get_max=8934ms
2026-10-02T19:44:43.426Z raft-obs: wait_timeouts=0 pump_hold_max=85us lock_wait_max=291us drain_max=84us tick_max=5us apply_max=78us persist_max=514us applies_in_worst=1 arc_miss=0 arc_term_miss=0 opid_replay=0 fin_q=0 fin_done=0 fin_drop=0 fin_full=0 pub_p50=0us pub_max=0us inbox_drop=0
2026-10-02T19:44:43.932Z raft-host: gc-frag group=0 scans=2 records=512 ms=268
2026-10-02T19:44:43.932Z raft-host: gc-pass ms=268 reap=0 frag=268 spread=0 recover=0 fscans=2 fsegs=6 fkeys=516 femit=514 ftomb=2 scans=3 segs=6 keys=516 emit=514 tomb=2
2026-10-02T19:44:45.205Z raft-host: gc-frag group=0 scans=2 records=512 ms=269
2026-10-02T19:44:45.205Z raft-host: gc-pass ms=269 reap=0 frag=269 spread=0 recover=0 fscans=2 fsegs=6 fkeys=516 femit=514 ftomb=2 scans=3 segs=6 keys=516 emit=514 tomb=2
2026-10-02T19:44:46.478Z raft-host: gc-frag group=0 scans=2 records=512 ms=270
2026-10-02T19:44:46.478Z raft-host: gc-pass ms=270 reap=0 frag=270 spread=0 recover=0 fscans=2 fsegs=6 fkeys=516 femit=514 ftomb=2 scans=3 segs=6 keys=516 emit=514 tomb=2
2026-10-02T19:44:47.750Z raft-host: gc-frag group=0 scans=2 records=512 ms=269
2026-10-02T19:44:47.750Z raft-host: gc-pass ms=269 reap=0 frag=269 spread=0 recover=0 fscans=2 fsegs=6 fkeys=516 femit=514 ftomb=2 scans=3 segs=6 keys=516 emit=514 tomb=2
2026-10-02T19:44:48.429Z raft-obs: tx->1 enq=34404 drop=0 sent=34404 fail=0 hi=15 rtt_avg=42us get_avg=263us get_max=9049ms
2026-10-02T19:44:48.429Z raft-obs: tx->2 enq=33715 drop=0 sent=33715 fail=0 hi=13 rtt_avg=37us get_avg=265us get_max=8934ms
2026-10-02T19:44:48.429Z raft-obs: wait_timeouts=0 pump_hold_max=151us lock_wait_max=270us drain_max=151us tick_max=7us apply_max=143us persist_max=531us applies_in_worst=1 arc_miss=0 arc_term_miss=0 opid_replay=0 fin_q=0 fin_done=0 fin_drop=0 fin_full=0 pub_p50=0us pub_max=0us inbox_drop=0
2026-10-02T19:44:49.022Z raft-host: gc-frag group=0 scans=2 records=512 ms=268
2026-10-02T19:44:49.022Z raft-host: gc-pass ms=268 reap=0 frag=268 spread=0 recover=0 fscans=2 fsegs=6 fkeys=516 femit=514 ftomb=2 scans=3 segs=6 keys=516 emit=514 tomb=2
2026-10-02T19:44:50.292Z raft-host: gc-frag group=0 scans=2 records=512 ms=267
2026-10-02T19:44:50.292Z raft-host: gc-pass ms=267 reap=0 frag=267 spread=0 recover=0 fscans=2 fsegs=6 fkeys=516 femit=514 ftomb=2 scans=3 segs=6 keys=516 emit=514 tomb=2
2026-10-02T19:44:51.565Z raft-host: gc-frag group=0 scans=2 records=512 ms=270
2026-10-02T19:44:51.565Z raft-host: gc-pass ms=270 reap=0 frag=270 spread=0 recover=0 fscans=2 fsegs=6 fkeys=516 femit=514 ftomb=2 scans=3 segs=6 keys=516 emit=514 tomb=2
2026-10-02T19:44:52.836Z raft-host: gc-frag group=0 scans=2 records=512 ms=268
2026-10-02T19:44:52.836Z raft-host: gc-pass ms=268 reap=0 frag=268 spread=0 recover=0 fscans=2 fsegs=6 fkeys=516 femit=514 ftomb=2 scans=3 segs=6 keys=516 emit=514 tomb=2
2026-10-02T19:44:53.429Z raft-obs: tx->1 enq=34594 drop=0 sent=34594 fail=0 hi=15 rtt_avg=42us get_avg=261us get_max=9049ms
2026-10-02T19:44:53.429Z raft-obs: tx->2 enq=33905 drop=0 sent=33905 fail=0 hi=13 rtt_avg=37us get_avg=263us get_max=8934ms
2026-10-02T19:44:53.429Z raft-obs: wait_timeouts=0 pump_hold_max=87us lock_wait_max=282us drain_max=87us tick_max=11us apply_max=82us persist_max=511us applies_in_worst=1 arc_miss=0 arc_term_miss=0 opid_replay=0 fin_q=0 fin_done=0 fin_drop=0 fin_full=0 pub_p50=0us pub_max=0us inbox_drop=0
2026-10-02T19:44:54.106Z raft-host: gc-frag group=0 scans=2 records=512 ms=266
2026-10-02T19:44:54.106Z raft-host: gc-pass ms=266 reap=0 frag=266 spread=0 recover=0 fscans=2 fsegs=6 fkeys=516 femit=514 ftomb=2 scans=3 segs=6 keys=516 emit=514 tomb=2
2026-10-02T19:44:55.377Z raft-host: gc-frag group=0 scans=2 records=512 ms=268
2026-10-02T19:44:55.377Z raft-host: gc-pass ms=268 reap=0 frag=268 spread=0 recover=0 fscans=2 fsegs=6 fkeys=516 femit=514 ftomb=2 scans=3 segs=6 keys=516 emit=514 tomb=2
2026-10-02T19:44:56.649Z raft-host: gc-frag group=0 scans=2 records=512 ms=268
2026-10-02T19:44:56.649Z raft-host: gc-pass ms=269 reap=0 frag=268 spread=0 recover=0 fscans=2 fsegs=6 fkeys=516 femit=514 ftomb=2 scans=3 segs=6 keys=516 emit=514 tomb=2
2026-10-02T19:44:57.923Z raft-host: gc-frag group=0 scans=2 records=512 ms=271
2026-10-02T19:44:57.923Z raft-host: gc-pass ms=271 reap=0 frag=271 spread=0 recover=0 fscans=2 fsegs=6 fkeys=516 femit=514 ftomb=2 scans=3 segs=6 keys=516 emit=514 tomb=2
2026-10-02T19:44:58.430Z raft-obs: tx->1 enq=34785 drop=0 sent=34784 fail=0 hi=15 rtt_avg=42us get_avg=260us get_max=9049ms
2026-10-02T19:44:58.430Z raft-obs: tx->2 enq=34096 drop=0 sent=34095 fail=0 hi=13 rtt_avg=37us get_avg=262us get_max=8934ms
2026-10-02T19:44:58.430Z raft-obs: wait_timeouts=0 pump_hold_max=84us lock_wait_max=269us drain_max=84us tick_max=5us apply_max=79us persist_max=508us applies_in_worst=1 arc_miss=0 arc_term_miss=0 opid_replay=0 fin_q=0 fin_done=0 fin_drop=0 fin_full=0 pub_p50=0us pub_max=0us inbox_drop=0
2026-10-02T19:44:59.197Z raft-host: gc-frag group=0 scans=2 records=512 ms=270
2026-10-02T19:44:59.197Z raft-host: gc-pass ms=270 reap=0 frag=270 spread=0 recover=0 fscans=2 fsegs=6 fkeys=516 femit=514 ftomb=2 scans=3 segs=6 keys=516 emit=514 tomb=2
2026-10-02T19:45:00.467Z raft-host: gc-frag group=0 scans=2 records=512 ms=267
2026-10-02T19:45:00.467Z raft-host: gc-pass ms=267 reap=0 frag=267 spread=0 recover=0 fscans=2 fsegs=6 fkeys=516 femit=514 ftomb=2 scans=3 segs=6 keys=516 emit=514 tomb=2
2026-10-02T19:45:01.742Z raft-host: gc-frag group=0 scans=2 records=512 ms=272
2026-10-02T19:45:01.742Z raft-host: gc-pass ms=272 reap=0 frag=272 spread=0 recover=0 fscans=2 fsegs=6 fkeys=516 femit=514 ftomb=2 scans=3 segs=6 keys=516 emit=514 tomb=2
2026-10-02T19:45:03.013Z raft-host: gc-frag group=0 scans=2 records=512 ms=267
2026-10-02T19:45:03.013Z raft-host: gc-pass ms=267 reap=0 frag=267 spread=0 recover=0 fscans=2 fsegs=6 fkeys=516 femit=514 ftomb=2 scans=3 segs=6 keys=516 emit=514 tomb=2
2026-10-02T19:45:03.433Z raft-obs: tx->1 enq=34975 drop=0 sent=34975 fail=0 hi=15 rtt_avg=42us get_avg=258us get_max=9049ms
2026-10-02T19:45:03.433Z raft-obs: tx->2 enq=34286 drop=0 sent=34286 fail=0 hi=13 rtt_avg=37us get_avg=260us get_max=8934ms
2026-10-02T19:45:03.433Z raft-obs: wait_timeouts=0 pump_hold_max=138us lock_wait_max=332us drain_max=138us tick_max=9us apply_max=131us persist_max=529us applies_in_worst=1 arc_miss=0 arc_term_miss=0 opid_replay=0 fin_q=0 fin_done=0 fin_drop=0 fin_full=0 pub_p50=0us pub_max=0us inbox_drop=0
2026-10-02T19:45:04.284Z raft-host: gc-frag group=0 scans=2 records=512 ms=268
2026-10-02T19:45:04.284Z raft-host: gc-pass ms=268 reap=0 frag=268 spread=0 recover=0 fscans=2 fsegs=6 fkeys=516 femit=514 ftomb=2 scans=3 segs=6 keys=516 emit=514 tomb=2
2026-10-02T19:45:05.559Z raft-host: gc-frag group=0 scans=2 records=512 ms=272
2026-10-02T19:45:05.559Z raft-host: gc-pass ms=272 reap=0 frag=272 spread=0 recover=0 fscans=2 fsegs=6 fkeys=516 femit=514 ftomb=2 scans=3 segs=6 keys=516 emit=514 tomb=2
2026-10-02T19:45:06.830Z raft-host: gc-frag group=0 scans=2 records=512 ms=268
2026-10-02T19:45:06.830Z raft-host: gc-pass ms=268 reap=0 frag=268 spread=0 recover=0 fscans=2 fsegs=6 fkeys=516 femit=514 ftomb=2 scans=3 segs=6 keys=516 emit=514 tomb=2
2026-10-02T19:45:08.103Z raft-host: gc-frag group=0 scans=2 records=512 ms=270
2026-10-02T19:45:08.103Z raft-host: gc-pass ms=270 reap=0 frag=270 spread=0 recover=0 fscans=2 fsegs=6 fkeys=516 femit=514 ftomb=2 scans=3 segs=6 keys=516 emit=514 tomb=2
2026-10-02T19:45:08.437Z raft-obs: tx->1 enq=35165 drop=0 sent=35165 fail=0 hi=15 rtt_avg=42us get_avg=257us get_max=9049ms
2026-10-02T19:45:08.437Z raft-obs: tx->2 enq=34476 drop=0 sent=34476 fail=0 hi=13 rtt_avg=37us get_avg=259us get_max=8934ms
2026-10-02T19:45:08.437Z raft-obs: wait_timeouts=0 pump_hold_max=144us lock_wait_max=292us drain_max=144us tick_max=5us apply_max=138us persist_max=520us applies_in_worst=1 arc_miss=0 arc_term_miss=0 opid_replay=0 fin_q=0 fin_done=0 fin_drop=0 fin_full=0 pub_p50=0us pub_max=0us inbox_drop=0
2026-10-02T19:45:09.375Z raft-host: gc-frag group=0 scans=2 records=512 ms=269
2026-10-02T19:45:09.376Z raft-host: gc-pass ms=269 reap=0 frag=269 spread=0 recover=0 fscans=2 fsegs=6 fkeys=516 femit=514 ftomb=2 scans=3 segs=6 keys=516 emit=514 tomb=2
2026-10-02T19:45:10.645Z raft-host: gc-frag group=0 scans=2 records=512 ms=266
2026-10-02T19:45:10.645Z raft-host: gc-pass ms=266 reap=0 frag=266 spread=0 recover=0 fscans=2 fsegs=6 fkeys=516 femit=514 ftomb=2 scans=3 segs=6 keys=516 emit=514 tomb=2
2026-10-02T19:45:11.919Z raft-host: gc-frag group=0 scans=2 records=512 ms=271
2026-10-02T19:45:11.919Z raft-host: gc-pass ms=271 reap=0 frag=271 spread=0 recover=0 fscans=2 fsegs=6 fkeys=516 femit=514 ftomb=2 scans=3 segs=6 keys=516 emit=514 tomb=2
2026-10-02T19:45:13.191Z raft-host: gc-frag group=0 scans=2 records=512 ms=268
2026-10-02T19:45:13.191Z raft-host: gc-pass ms=268 reap=0 frag=268 spread=0 recover=0 fscans=2 fsegs=6 fkeys=516 femit=514 ftomb=2 scans=3 segs=6 keys=516 emit=514 tomb=2
2026-10-02T19:45:13.439Z raft-obs: tx->1 enq=35355 drop=0 sent=35355 fail=0 hi=15 rtt_avg=42us get_avg=256us get_max=9049ms
2026-10-02T19:45:13.439Z raft-obs: tx->2 enq=34666 drop=0 sent=34666 fail=0 hi=13 rtt_avg=37us get_avg=257us get_max=8934ms
2026-10-02T19:45:13.439Z raft-obs: wait_timeouts=0 pump_hold_max=149us lock_wait_max=379us drain_max=149us tick_max=5us apply_max=142us persist_max=516us applies_in_worst=1 arc_miss=0 arc_term_miss=0 opid_replay=0 fin_q=0 fin_done=0 fin_drop=0 fin_full=0 pub_p50=0us pub_max=0us inbox_drop=0
2026-10-02T19:45:14.462Z raft-host: gc-frag group=0 scans=2 records=512 ms=269
2026-10-02T19:45:14.462Z raft-host: gc-pass ms=269 reap=0 frag=269 spread=0 recover=0 fscans=2 fsegs=6 fkeys=516 femit=514 ftomb=2 scans=3 segs=6 keys=516 emit=514 tomb=2
2026-10-02T19:45:15.735Z raft-host: gc-frag group=0 scans=2 records=512 ms=269
2026-10-02T19:45:15.735Z raft-host: gc-pass ms=269 reap=0 frag=269 spread=0 recover=0 fscans=2 fsegs=6 fkeys=516 femit=514 ftomb=2 scans=3 segs=6 keys=516 emit=514 tomb=2
2026-10-02T19:45:17.005Z raft-host: gc-frag group=0 scans=2 records=512 ms=267
2026-10-02T19:45:17.005Z raft-host: gc-pass ms=267 reap=0 frag=267 spread=0 recover=0 fscans=2 fsegs=6 fkeys=516 femit=514 ftomb=2 scans=3 segs=6 keys=516 emit=514 tomb=2
2026-10-02T19:45:18.278Z raft-host: gc-frag group=0 scans=2 records=512 ms=270
2026-10-02T19:45:18.278Z raft-host: gc-pass ms=270 reap=0 frag=270 spread=0 recover=0 fscans=2 fsegs=6 fkeys=516 femit=514 ftomb=2 scans=3 segs=6 keys=516 emit=514 tomb=2
2026-10-02T19:45:18.441Z raft-obs: tx->1 enq=35546 drop=0 sent=35546 fail=0 hi=15 rtt_avg=42us get_avg=254us get_max=9049ms
2026-10-02T19:45:18.441Z raft-obs: tx->2 enq=34857 drop=0 sent=34857 fail=0 hi=13 rtt_avg=37us get_avg=256us get_max=8934ms
2026-10-02T19:45:18.441Z raft-obs: wait_timeouts=0 pump_hold_max=148us lock_wait_max=326us drain_max=148us tick_max=6us apply_max=141us persist_max=520us applies_in_worst=1 arc_miss=0 arc_term_miss=0 opid_replay=0 fin_q=0 fin_done=0 fin_drop=0 fin_full=0 pub_p50=0us pub_max=0us inbox_drop=0
2026-10-02T19:45:19.549Z raft-host: gc-frag group=0 scans=2 records=512 ms=268
2026-10-02T19:45:19.550Z raft-host: gc-pass ms=268 reap=0 frag=268 spread=0 recover=0 fscans=2 fsegs=6 fkeys=516 femit=514 ftomb=2 scans=3 segs=6 keys=516 emit=514 tomb=2
2026-10-02T19:45:20.820Z raft-host: gc-frag group=0 scans=2 records=512 ms=268
2026-10-02T19:45:20.820Z raft-host: gc-pass ms=268 reap=0 frag=268 spread=0 recover=0 fscans=2 fsegs=6 fkeys=516 femit=514 ftomb=2 scans=3 segs=6 keys=516 emit=514 tomb=2
2026-10-02T19:45:22.092Z raft-host: gc-frag group=0 scans=2 records=512 ms=269
2026-10-02T19:45:22.092Z raft-host: gc-pass ms=269 reap=0 frag=269 spread=0 recover=0 fscans=2 fsegs=6 fkeys=516 femit=514 ftomb=2 scans=3 segs=6 keys=516 emit=514 tomb=2
2026-10-02T19:45:23.362Z raft-host: gc-frag group=0 scans=2 records=512 ms=267
2026-10-02T19:45:23.362Z raft-host: gc-pass ms=267 reap=0 frag=267 spread=0 recover=0 fscans=2 fsegs=6 fkeys=516 femit=514 ftomb=2 scans=3 segs=6 keys=516 emit=514 tomb=2
2026-10-02T19:45:23.444Z raft-obs: tx->1 enq=35736 drop=0 sent=35736 fail=0 hi=15 rtt_avg=42us get_avg=253us get_max=9049ms
2026-10-02T19:45:23.444Z raft-obs: tx->2 enq=35047 drop=0 sent=35047 fail=0 hi=13 rtt_avg=37us get_avg=255us get_max=8934ms
2026-10-02T19:45:23.444Z raft-obs: wait_timeouts=0 pump_hold_max=142us lock_wait_max=302us drain_max=142us tick_max=6us apply_max=135us persist_max=521us applies_in_worst=1 arc_miss=0 arc_term_miss=0 opid_replay=0 fin_q=0 fin_done=0 fin_drop=0 fin_full=0 pub_p50=0us pub_max=0us inbox_drop=0
2026-10-02T19:45:24.631Z raft-host: gc-frag group=0 scans=2 records=512 ms=266
2026-10-02T19:45:24.631Z raft-host: gc-pass ms=266 reap=0 frag=266 spread=0 recover=0 fscans=2 fsegs=6 fkeys=516 femit=514 ftomb=2 scans=3 segs=6 keys=516 emit=514 tomb=2
2026-10-02T19:45:25.903Z raft-host: gc-frag group=0 scans=2 records=512 ms=268
2026-10-02T19:45:25.903Z raft-host: gc-pass ms=268 reap=0 frag=268 spread=0 recover=0 fscans=2 fsegs=6 fkeys=516 femit=514 ftomb=2 scans=3 segs=6 keys=516 emit=514 tomb=2
2026-10-02T19:45:27.173Z raft-host: gc-frag group=0 scans=2 records=512 ms=267
2026-10-02T19:45:27.173Z raft-host: gc-pass ms=267 reap=0 frag=267 spread=0 recover=0 fscans=2 fsegs=6 fkeys=516 femit=514 ftomb=2 scans=3 segs=6 keys=516 emit=514 tomb=2
2026-10-02T19:45:28.442Z raft-host: gc-frag group=0 scans=2 records=512 ms=265
2026-10-02T19:45:28.442Z raft-host: gc-pass ms=266 reap=0 frag=265 spread=0 recover=0 fscans=2 fsegs=6 fkeys=516 femit=514 ftomb=2 scans=3 segs=6 keys=516 emit=514 tomb=2
2026-10-02T19:45:28.447Z raft-obs: tx->1 enq=35927 drop=0 sent=35927 fail=0 hi=15 rtt_avg=42us get_avg=252us get_max=9049ms
2026-10-02T19:45:28.447Z raft-obs: tx->2 enq=35238 drop=0 sent=35238 fail=0 hi=13 rtt_avg=37us get_avg=253us get_max=8934ms
2026-10-02T19:45:28.447Z raft-obs: wait_timeouts=0 pump_hold_max=147us lock_wait_max=289us drain_max=147us tick_max=8us apply_max=140us persist_max=619us applies_in_worst=1 arc_miss=0 arc_term_miss=0 opid_replay=0 fin_q=0 fin_done=0 fin_drop=0 fin_full=0 pub_p50=0us pub_max=0us inbox_drop=0
2026-10-02T19:45:29.715Z raft-host: gc-frag group=0 scans=2 records=512 ms=270
2026-10-02T19:45:29.715Z raft-host: gc-pass ms=270 reap=0 frag=270 spread=0 recover=0 fscans=2 fsegs=6 fkeys=516 femit=514 ftomb=2 scans=3 segs=6 keys=516 emit=514 tomb=2
2026-10-02T19:45:30.986Z raft-host: gc-frag group=0 scans=2 records=512 ms=268
2026-10-02T19:45:30.986Z raft-host: gc-pass ms=268 reap=0 frag=268 spread=0 recover=0 fscans=2 fsegs=6 fkeys=516 femit=514 ftomb=2 scans=3 segs=6 keys=516 emit=514 tomb=2
2026-10-02T19:45:32.256Z raft-host: gc-frag group=0 scans=2 records=512 ms=267
2026-10-02T19:45:32.256Z raft-host: gc-pass ms=267 reap=0 frag=267 spread=0 recover=0 fscans=2 fsegs=6 fkeys=516 femit=514 ftomb=2 scans=3 segs=6 keys=516 emit=514 tomb=2
2026-10-02T19:45:33.450Z raft-obs: tx->1 enq=36109 drop=0 sent=36109 fail=0 hi=15 rtt_avg=42us get_avg=250us get_max=9049ms
2026-10-02T19:45:33.450Z raft-obs: tx->2 enq=35420 drop=0 sent=35420 fail=0 hi=13 rtt_avg=37us get_avg=252us get_max=8934ms
2026-10-02T19:45:33.450Z raft-obs: wait_timeouts=0 pump_hold_max=145us lock_wait_max=324us drain_max=145us tick_max=6us apply_max=138us persist_max=540us applies_in_worst=1 arc_miss=0 arc_term_miss=0 opid_replay=0 fin_q=0 fin_done=0 fin_drop=0 fin_full=0 pub_p50=0us pub_max=0us inbox_drop=0
2026-10-02T19:45:33.529Z raft-host: gc-frag group=0 scans=2 records=512 ms=270
2026-10-02T19:45:33.529Z raft-host: gc-pass ms=270 reap=0 frag=270 spread=0 recover=0 fscans=2 fsegs=6 fkeys=516 femit=514 ftomb=2 scans=3 segs=6 keys=516 emit=514 tomb=2
2026-10-02T19:45:34.800Z raft-host: gc-frag group=0 scans=2 records=512 ms=268
2026-10-02T19:45:34.800Z raft-host: gc-pass ms=268 reap=0 frag=268 spread=0 recover=0 fscans=2 fsegs=6 fkeys=516 femit=514 ftomb=2 scans=3 segs=6 keys=516 emit=514 tomb=2
2026-10-02T19:45:36.072Z raft-host: gc-frag group=0 scans=2 records=512 ms=268
2026-10-02T19:45:36.072Z raft-host: gc-pass ms=268 reap=0 frag=268 spread=0 recover=0 fscans=2 fsegs=6 fkeys=516 femit=514 ftomb=2 scans=3 segs=6 keys=516 emit=514 tomb=2
2026-10-02T19:45:37.342Z raft-host: gc-frag group=0 scans=2 records=512 ms=267
2026-10-02T19:45:37.342Z raft-host: gc-pass ms=267 reap=0 frag=267 spread=0 recover=0 fscans=2 fsegs=6 fkeys=516 femit=514 ftomb=2 scans=3 segs=6 keys=516 emit=514 tomb=2
2026-10-02T19:45:38.454Z raft-obs: tx->1 enq=36291 drop=0 sent=36291 fail=0 hi=15 rtt_avg=42us get_avg=249us get_max=9049ms
2026-10-02T19:45:38.454Z raft-obs: tx->2 enq=35602 drop=0 sent=35602 fail=0 hi=13 rtt_avg=37us get_avg=251us get_max=8934ms
2026-10-02T19:45:38.454Z raft-obs: wait_timeouts=0 pump_hold_max=138us lock_wait_max=289us drain_max=138us tick_max=19us apply_max=129us persist_max=506us applies_in_worst=1 arc_miss=0 arc_term_miss=0 opid_replay=0 fin_q=0 fin_done=0 fin_drop=0 fin_full=0 pub_p50=0us pub_max=0us inbox_drop=0
2026-10-02T19:45:38.612Z raft-host: gc-frag group=0 scans=2 records=512 ms=267
2026-10-02T19:45:38.612Z raft-host: gc-pass ms=267 reap=0 frag=267 spread=0 recover=0 fscans=2 fsegs=6 fkeys=516 femit=514 ftomb=2 scans=3 segs=6 keys=516 emit=514 tomb=2
2026-10-02T19:45:39.886Z kv-compact: start l0=138 inputs=2 range=1 l0only=1
2026-10-02T19:45:39.888Z raft-host: gc-frag group=0 scans=2 records=512 ms=273
2026-10-02T19:45:39.888Z raft-host: gc-pass ms=273 reap=0 frag=273 spread=0 recover=0 fscans=2 fsegs=6 fkeys=516 femit=514 ftomb=2 scans=3 segs=6 keys=516 emit=514 tomb=2
2026-10-02T19:45:39.902Z kv-compact: end bytes=8088444 ms=17 l0=137 l1=160 rc=0
2026-10-02T19:45:41.160Z raft-host: gc-frag group=0 scans=2 records=512 ms=268
2026-10-02T19:45:41.160Z raft-host: gc-pass ms=268 reap=0 frag=268 spread=0 recover=0 fscans=2 fsegs=6 fkeys=516 femit=514 ftomb=2 scans=3 segs=6 keys=516 emit=514 tomb=2
2026-10-02T19:45:42.427Z raft-host: gc-frag group=0 scans=2 records=512 ms=265
2026-10-02T19:45:42.427Z raft-host: gc-pass ms=265 reap=0 frag=265 spread=0 recover=0 fscans=2 fsegs=6 fkeys=516 femit=514 ftomb=2 scans=3 segs=6 keys=516 emit=514 tomb=2
2026-10-02T19:45:43.454Z raft-obs: tx->1 enq=36477 drop=0 sent=36477 fail=0 hi=15 rtt_avg=42us get_avg=248us get_max=9049ms
2026-10-02T19:45:43.454Z raft-obs: tx->2 enq=35788 drop=0 sent=35788 fail=0 hi=13 rtt_avg=37us get_avg=249us get_max=8934ms
2026-10-02T19:45:43.454Z raft-obs: wait_timeouts=0 pump_hold_max=5444us lock_wait_max=278us drain_max=5443us tick_max=10us apply_max=5437us persist_max=520us applies_in_worst=1 arc_miss=0 arc_term_miss=0 opid_replay=0 fin_q=0 fin_done=0 fin_drop=0 fin_full=0 pub_p50=0us pub_max=0us inbox_drop=0
2026-10-02T19:45:43.700Z raft-host: gc-frag group=0 scans=2 records=512 ms=269
2026-10-02T19:45:43.700Z raft-host: gc-pass ms=269 reap=0 frag=269 spread=0 recover=0 fscans=2 fsegs=6 fkeys=516 femit=514 ftomb=2 scans=3 segs=6 keys=516 emit=514 tomb=2
2026-10-02T19:45:44.970Z raft-host: gc-frag group=0 scans=2 records=512 ms=267
2026-10-02T19:45:44.970Z raft-host: gc-pass ms=267 reap=0 frag=267 spread=0 recover=0 fscans=2 fsegs=6 fkeys=516 femit=514 ftomb=2 scans=3 segs=6 keys=516 emit=514 tomb=2
2026-10-02T19:45:46.242Z raft-host: gc-frag group=0 scans=2 records=512 ms=269
2026-10-02T19:45:46.242Z raft-host: gc-pass ms=269 reap=0 frag=269 spread=0 recover=0 fscans=2 fsegs=6 fkeys=516 femit=514 ftomb=2 scans=3 segs=6 keys=516 emit=514 tomb=2
2026-10-02T19:45:47.512Z raft-host: gc-frag group=0 scans=2 records=512 ms=267
2026-10-02T19:45:47.512Z raft-host: gc-pass ms=267 reap=0 frag=267 spread=0 recover=0 fscans=2 fsegs=6 fkeys=516 femit=514 ftomb=2 scans=3 segs=6 keys=516 emit=514 tomb=2
2026-10-02T19:45:48.455Z raft-obs: tx->1 enq=36665 drop=0 sent=36665 fail=0 hi=15 rtt_avg=41us get_avg=247us get_max=9049ms
2026-10-02T19:45:48.455Z raft-obs: tx->2 enq=35976 drop=0 sent=35976 fail=0 hi=13 rtt_avg=37us get_avg=248us get_max=8934ms
2026-10-02T19:45:48.455Z raft-obs: wait_timeouts=0 pump_hold_max=158us lock_wait_max=262us drain_max=157us tick_max=5us apply_max=150us persist_max=535us applies_in_worst=1 arc_miss=0 arc_term_miss=0 opid_replay=0 fin_q=0 fin_done=0 fin_drop=0 fin_full=0 pub_p50=0us pub_max=0us inbox_drop=0
2026-10-02T19:45:48.785Z raft-host: gc-frag group=0 scans=2 records=512 ms=269
2026-10-02T19:45:48.785Z raft-host: gc-pass ms=269 reap=0 frag=269 spread=0 recover=0 fscans=2 fsegs=6 fkeys=516 femit=514 ftomb=2 scans=3 segs=6 keys=516 emit=514 tomb=2
2026-10-02T19:45:50.055Z raft-host: gc-frag group=0 scans=2 records=512 ms=268
2026-10-02T19:45:50.056Z raft-host: gc-pass ms=268 reap=0 frag=268 spread=0 recover=0 fscans=2 fsegs=6 fkeys=516 femit=514 ftomb=2 scans=3 segs=6 keys=516 emit=514 tomb=2
2026-10-02T19:45:51.325Z raft-host: gc-frag group=0 scans=2 records=512 ms=266
2026-10-02T19:45:51.325Z raft-host: gc-pass ms=266 reap=0 frag=266 spread=0 recover=0 fscans=2 fsegs=6 fkeys=516 femit=514 ftomb=2 scans=3 segs=6 keys=516 emit=514 tomb=2
2026-10-02T19:45:52.592Z raft-host: gc-frag group=0 scans=2 records=512 ms=264
2026-10-02T19:45:52.592Z raft-host: gc-pass ms=264 reap=0 frag=264 spread=0 recover=0 fscans=2 fsegs=6 fkeys=516 femit=514 ftomb=2 scans=3 segs=6 keys=516 emit=514 tomb=2
2026-10-02T19:45:53.458Z raft-obs: tx->1 enq=36856 drop=0 sent=36856 fail=0 hi=15 rtt_avg=41us get_avg=245us get_max=9049ms
2026-10-02T19:45:53.458Z raft-obs: tx->2 enq=36167 drop=0 sent=36167 fail=0 hi=13 rtt_avg=37us get_avg=247us get_max=8934ms
2026-10-02T19:45:53.458Z raft-obs: wait_timeouts=0 pump_hold_max=165us lock_wait_max=304us drain_max=165us tick_max=9us apply_max=157us persist_max=532us applies_in_worst=1 arc_miss=0 arc_term_miss=0 opid_replay=0 fin_q=0 fin_done=0 fin_drop=0 fin_full=0 pub_p50=0us pub_max=0us inbox_drop=0
2026-10-02T19:45:53.861Z raft-host: gc-frag group=0 scans=2 records=512 ms=266
2026-10-02T19:45:53.861Z raft-host: gc-pass ms=266 reap=0 frag=266 spread=0 recover=0 fscans=2 fsegs=6 fkeys=516 femit=514 ftomb=2 scans=3 segs=6 keys=516 emit=514 tomb=2
2026-10-02T19:45:55.130Z raft-host: gc-frag group=0 scans=2 records=512 ms=265
2026-10-02T19:45:55.130Z raft-host: gc-pass ms=265 reap=0 frag=265 spread=0 recover=0 fscans=2 fsegs=6 fkeys=516 femit=514 ftomb=2 scans=3 segs=6 keys=516 emit=514 tomb=2
2026-10-02T19:45:56.399Z raft-host: gc-frag group=0 scans=2 records=512 ms=266
2026-10-02T19:45:56.399Z raft-host: gc-pass ms=266 reap=0 frag=266 spread=0 recover=0 fscans=2 fsegs=6 fkeys=516 femit=514 ftomb=2 scans=3 segs=6 keys=516 emit=514 tomb=2
2026-10-02T19:45:57.670Z raft-host: gc-frag group=0 scans=2 records=512 ms=267
2026-10-02T19:45:57.670Z raft-host: gc-pass ms=267 reap=0 frag=267 spread=0 recover=0 fscans=2 fsegs=6 fkeys=516 femit=514 ftomb=2 scans=3 segs=6 keys=516 emit=514 tomb=2
2026-10-02T19:45:58.460Z raft-obs: tx->1 enq=37046 drop=0 sent=37046 fail=0 hi=15 rtt_avg=41us get_avg=244us get_max=9049ms
2026-10-02T19:45:58.460Z raft-obs: tx->2 enq=36357 drop=0 sent=36357 fail=0 hi=13 rtt_avg=37us get_avg=245us get_max=8934ms
2026-10-02T19:45:58.460Z raft-obs: wait_timeouts=0 pump_hold_max=158us lock_wait_max=289us drain_max=158us tick_max=5us apply_max=151us persist_max=522us applies_in_worst=1 arc_miss=0 arc_term_miss=0 opid_replay=0 fin_q=0 fin_done=0 fin_drop=0 fin_full=0 pub_p50=0us pub_max=0us inbox_drop=0
2026-10-02T19:45:58.938Z raft-host: gc-frag group=0 scans=2 records=512 ms=265
2026-10-02T19:45:58.938Z raft-host: gc-pass ms=266 reap=0 frag=265 spread=0 recover=0 fscans=2 fsegs=6 fkeys=516 femit=514 ftomb=2 scans=3 segs=6 keys=516 emit=514 tomb=2
2026-10-02T19:46:00.206Z raft-host: gc-frag group=0 scans=2 records=512 ms=264
2026-10-02T19:46:00.206Z raft-host: gc-pass ms=264 reap=0 frag=264 spread=0 recover=0 fscans=2 fsegs=6 fkeys=516 femit=514 ftomb=2 scans=3 segs=6 keys=516 emit=514 tomb=2
2026-10-02T19:46:01.479Z raft-host: gc-frag group=0 scans=2 records=512 ms=270
2026-10-02T19:46:01.479Z raft-host: gc-pass ms=270 reap=0 frag=270 spread=0 recover=0 fscans=2 fsegs=6 fkeys=516 femit=514 ftomb=2 scans=3 segs=6 keys=516 emit=514 tomb=2
2026-10-02T19:46:02.747Z raft-host: gc-frag group=0 scans=2 records=512 ms=265
2026-10-02T19:46:02.747Z raft-host: gc-pass ms=265 reap=0 frag=265 spread=0 recover=0 fscans=2 fsegs=6 fkeys=516 femit=514 ftomb=2 scans=3 segs=6 keys=516 emit=514 tomb=2
2026-10-02T19:46:03.461Z raft-obs: tx->1 enq=37237 drop=0 sent=37237 fail=0 hi=15 rtt_avg=41us get_avg=243us get_max=9049ms
2026-10-02T19:46:03.461Z raft-obs: tx->2 enq=36548 drop=0 sent=36548 fail=0 hi=13 rtt_avg=37us get_avg=244us get_max=8934ms
2026-10-02T19:46:03.461Z raft-obs: wait_timeouts=0 pump_hold_max=147us lock_wait_max=264us drain_max=147us tick_max=7us apply_max=139us persist_max=530us applies_in_worst=1 arc_miss=0 arc_term_miss=0 opid_replay=0 fin_q=0 fin_done=0 fin_drop=0 fin_full=0 pub_p50=0us pub_max=0us inbox_drop=0
2026-10-02T19:46:04.016Z raft-host: gc-frag group=0 scans=2 records=512 ms=266
2026-10-02T19:46:04.016Z raft-host: gc-pass ms=266 reap=0 frag=266 spread=0 recover=0 fscans=2 fsegs=6 fkeys=516 femit=514 ftomb=2 scans=3 segs=6 keys=516 emit=514 tomb=2
2026-10-02T19:46:05.286Z raft-host: gc-frag group=0 scans=2 records=512 ms=267
2026-10-02T19:46:05.286Z raft-host: gc-pass ms=267 reap=0 frag=267 spread=0 recover=0 fscans=2 fsegs=6 fkeys=516 femit=514 ftomb=2 scans=3 segs=6 keys=516 emit=514 tomb=2
2026-10-02T19:46:06.553Z raft-host: gc-frag group=0 scans=2 records=512 ms=264
2026-10-02T19:46:06.553Z raft-host: gc-pass ms=264 reap=0 frag=264 spread=0 recover=0 fscans=2 fsegs=6 fkeys=516 femit=514 ftomb=2 scans=3 segs=6 keys=516 emit=514 tomb=2
2026-10-02T19:46:07.824Z raft-host: gc-frag group=0 scans=2 records=512 ms=268
2026-10-02T19:46:07.824Z raft-host: gc-pass ms=268 reap=0 frag=268 spread=0 recover=0 fscans=2 fsegs=6 fkeys=516 femit=514 ftomb=2 scans=3 segs=6 keys=516 emit=514 tomb=2
2026-10-02T19:46:08.463Z raft-obs: tx->1 enq=37427 drop=0 sent=37427 fail=0 hi=15 rtt_avg=41us get_avg=242us get_max=9049ms
2026-10-02T19:46:08.463Z raft-obs: tx->2 enq=36738 drop=0 sent=36738 fail=0 hi=13 rtt_avg=37us get_avg=243us get_max=8934ms
2026-10-02T19:46:08.463Z raft-obs: wait_timeouts=0 pump_hold_max=150us lock_wait_max=284us drain_max=150us tick_max=11us apply_max=143us persist_max=520us applies_in_worst=1 arc_miss=0 arc_term_miss=0 opid_replay=0 fin_q=0 fin_done=0 fin_drop=0 fin_full=0 pub_p50=0us pub_max=0us inbox_drop=0
2026-10-02T19:46:09.093Z raft-host: gc-frag group=0 scans=2 records=512 ms=266
2026-10-02T19:46:09.093Z raft-host: gc-pass ms=266 reap=0 frag=266 spread=0 recover=0 fscans=2 fsegs=6 fkeys=516 femit=514 ftomb=2 scans=3 segs=6 keys=516 emit=514 tomb=2
2026-10-02T19:46:10.362Z raft-host: gc-frag group=0 scans=2 records=512 ms=265
2026-10-02T19:46:10.362Z raft-host: gc-pass ms=265 reap=0 frag=265 spread=0 recover=0 fscans=2 fsegs=6 fkeys=516 femit=514 ftomb=2 scans=3 segs=6 keys=516 emit=514 tomb=2
2026-10-02T19:46:11.633Z raft-host: gc-frag group=0 scans=2 records=512 ms=267
2026-10-02T19:46:11.633Z raft-host: gc-pass ms=267 reap=0 frag=267 spread=0 recover=0 fscans=2 fsegs=6 fkeys=516 femit=514 ftomb=2 scans=3 segs=6 keys=516 emit=514 tomb=2
2026-10-02T19:46:12.903Z raft-host: gc-frag group=0 scans=2 records=512 ms=267
2026-10-02T19:46:12.903Z raft-host: gc-pass ms=267 reap=0 frag=267 spread=0 recover=0 fscans=2 fsegs=6 fkeys=516 femit=514 ftomb=2 scans=3 segs=6 keys=516 emit=514 tomb=2
2026-10-02T19:46:13.465Z raft-obs: tx->1 enq=37618 drop=0 sent=37618 fail=0 hi=15 rtt_avg=41us get_avg=240us get_max=9049ms
2026-10-02T19:46:13.465Z raft-obs: tx->2 enq=36929 drop=0 sent=36929 fail=0 hi=13 rtt_avg=37us get_avg=242us get_max=8934ms
2026-10-02T19:46:13.465Z raft-obs: wait_timeouts=0 pump_hold_max=103us lock_wait_max=388us drain_max=103us tick_max=7us apply_max=97us persist_max=545us applies_in_worst=1 arc_miss=0 arc_term_miss=0 opid_replay=0 fin_q=0 fin_done=0 fin_drop=0 fin_full=0 pub_p50=0us pub_max=0us inbox_drop=0
2026-10-02T19:46:14.173Z raft-host: gc-frag group=0 scans=2 records=512 ms=267
2026-10-02T19:46:14.173Z raft-host: gc-pass ms=267 reap=0 frag=267 spread=0 recover=0 fscans=2 fsegs=6 fkeys=516 femit=514 ftomb=2 scans=3 segs=6 keys=516 emit=514 tomb=2
2026-10-02T19:46:15.442Z raft-host: gc-frag group=0 scans=2 records=512 ms=266
2026-10-02T19:46:15.442Z raft-host: gc-pass ms=266 reap=0 frag=266 spread=0 recover=0 fscans=2 fsegs=6 fkeys=516 femit=514 ftomb=2 scans=3 segs=6 keys=516 emit=514 tomb=2
2026-10-02T19:46:16.711Z raft-host: gc-frag group=0 scans=2 records=512 ms=266
2026-10-02T19:46:16.711Z raft-host: gc-pass ms=266 reap=0 frag=266 spread=0 recover=0 fscans=2 fsegs=6 fkeys=516 femit=514 ftomb=2 scans=3 segs=6 keys=516 emit=514 tomb=2
2026-10-02T19:46:17.981Z raft-host: gc-frag group=0 scans=2 records=512 ms=267
2026-10-02T19:46:17.981Z raft-host: gc-pass ms=267 reap=0 frag=267 spread=0 recover=0 fscans=2 fsegs=6 fkeys=516 femit=514 ftomb=2 scans=3 segs=6 keys=516 emit=514 tomb=2
2026-10-02T19:46:18.468Z raft-obs: tx->1 enq=37808 drop=0 sent=37808 fail=0 hi=15 rtt_avg=41us get_avg=239us get_max=9049ms
2026-10-02T19:46:18.468Z raft-obs: tx->2 enq=37119 drop=0 sent=37119 fail=0 hi=13 rtt_avg=36us get_avg=240us get_max=8934ms
2026-10-02T19:46:18.468Z raft-obs: wait_timeouts=0 pump_hold_max=149us lock_wait_max=353us drain_max=149us tick_max=9us apply_max=143us persist_max=530us applies_in_worst=1 arc_miss=0 arc_term_miss=0 opid_replay=0 fin_q=0 fin_done=0 fin_drop=0 fin_full=0 pub_p50=0us pub_max=0us inbox_drop=0
2026-10-02T19:46:19.250Z raft-host: gc-frag group=0 scans=2 records=512 ms=266
2026-10-02T19:46:19.250Z raft-host: gc-pass ms=266 reap=0 frag=266 spread=0 recover=0 fscans=2 fsegs=6 fkeys=516 femit=514 ftomb=2 scans=3 segs=6 keys=516 emit=514 tomb=2
2026-10-02T19:46:20.520Z raft-host: gc-frag group=0 scans=2 records=512 ms=266
2026-10-02T19:46:20.520Z raft-host: gc-pass ms=266 reap=0 frag=266 spread=0 recover=0 fscans=2 fsegs=6 fkeys=516 femit=514 ftomb=2 scans=3 segs=6 keys=516 emit=514 tomb=2
2026-10-02T19:46:21.788Z raft-host: gc-frag group=0 scans=2 records=512 ms=266
2026-10-02T19:46:21.789Z raft-host: gc-pass ms=266 reap=0 frag=266 spread=0 recover=0 fscans=2 fsegs=6 fkeys=516 femit=514 ftomb=2 scans=3 segs=6 keys=516 emit=514 tomb=2
2026-10-02T19:46:23.058Z raft-host: gc-frag group=0 scans=2 records=512 ms=266
2026-10-02T19:46:23.058Z raft-host: gc-pass ms=266 reap=0 frag=266 spread=0 recover=0 fscans=2 fsegs=6 fkeys=516 femit=514 ftomb=2 scans=3 segs=6 keys=516 emit=514 tomb=2
2026-10-02T19:46:23.468Z raft-obs: tx->1 enq=37999 drop=0 sent=37999 fail=0 hi=15 rtt_avg=41us get_avg=238us get_max=9049ms
2026-10-02T19:46:23.468Z raft-obs: tx->2 enq=37310 drop=0 sent=37310 fail=0 hi=13 rtt_avg=36us get_avg=239us get_max=8934ms
2026-10-02T19:46:23.468Z raft-obs: wait_timeouts=0 pump_hold_max=152us lock_wait_max=306us drain_max=152us tick_max=7us apply_max=144us persist_max=533us applies_in_worst=1 arc_miss=0 arc_term_miss=0 opid_replay=0 fin_q=0 fin_done=0 fin_drop=0 fin_full=0 pub_p50=0us pub_max=0us inbox_drop=0
2026-10-02T19:46:24.326Z raft-host: gc-frag group=0 scans=2 records=512 ms=265
2026-10-02T19:46:24.326Z raft-host: gc-pass ms=265 reap=0 frag=265 spread=0 recover=0 fscans=2 fsegs=6 fkeys=516 femit=514 ftomb=2 scans=3 segs=6 keys=516 emit=514 tomb=2
2026-10-02T19:46:25.597Z raft-host: gc-frag group=0 scans=2 records=512 ms=267
2026-10-02T19:46:25.597Z raft-host: gc-pass ms=267 reap=0 frag=267 spread=0 recover=0 fscans=2 fsegs=6 fkeys=516 femit=514 ftomb=2 scans=3 segs=6 keys=516 emit=514 tomb=2
2026-10-02T19:46:26.866Z raft-host: gc-frag group=0 scans=2 records=512 ms=266
2026-10-02T19:46:26.866Z raft-host: gc-pass ms=266 reap=0 frag=266 spread=0 recover=0 fscans=2 fsegs=6 fkeys=516 femit=514 ftomb=2 scans=3 segs=6 keys=516 emit=514 tomb=2
2026-10-02T19:46:28.136Z raft-host: gc-frag group=0 scans=2 records=512 ms=267
2026-10-02T19:46:28.136Z raft-host: gc-pass ms=267 reap=0 frag=267 spread=0 recover=0 fscans=2 fsegs=6 fkeys=516 femit=514 ftomb=2 scans=3 segs=6 keys=516 emit=514 tomb=2
2026-10-02T19:46:28.471Z raft-obs: tx->1 enq=38189 drop=0 sent=38189 fail=0 hi=15 rtt_avg=41us get_avg=237us get_max=9049ms
2026-10-02T19:46:28.471Z raft-obs: tx->2 enq=37500 drop=0 sent=37500 fail=0 hi=13 rtt_avg=36us get_avg=238us get_max=8934ms
2026-10-02T19:46:28.471Z raft-obs: wait_timeouts=0 pump_hold_max=142us lock_wait_max=339us drain_max=142us tick_max=16us apply_max=135us persist_max=521us applies_in_worst=1 arc_miss=0 arc_term_miss=0 opid_replay=0 fin_q=0 fin_done=0 fin_drop=0 fin_full=0 pub_p50=0us pub_max=0us inbox_drop=0
2026-10-02T19:46:29.407Z raft-host: gc-frag group=0 scans=2 records=512 ms=268
2026-10-02T19:46:29.407Z raft-host: gc-pass ms=268 reap=0 frag=268 spread=0 recover=0 fscans=2 fsegs=6 fkeys=516 femit=514 ftomb=2 scans=3 segs=6 keys=516 emit=514 tomb=2
2026-10-02T19:46:30.675Z raft-host: gc-frag group=0 scans=2 records=512 ms=265
2026-10-02T19:46:30.675Z raft-host: gc-pass ms=265 reap=0 frag=265 spread=0 recover=0 fscans=2 fsegs=6 fkeys=516 femit=514 ftomb=2 scans=3 segs=6 keys=516 emit=514 tomb=2
2026-10-02T19:46:31.946Z raft-host: gc-frag group=0 scans=2 records=512 ms=268
2026-10-02T19:46:31.946Z raft-host: gc-pass ms=268 reap=0 frag=268 spread=0 recover=0 fscans=2 fsegs=6 fkeys=516 femit=514 ftomb=2 scans=3 segs=6 keys=516 emit=514 tomb=2
2026-10-02T19:46:33.215Z raft-host: gc-frag group=0 scans=2 records=512 ms=266
2026-10-02T19:46:33.215Z raft-host: gc-pass ms=266 reap=0 frag=266 spread=0 recover=0 fscans=2 fsegs=6 fkeys=516 femit=514 ftomb=2 scans=3 segs=6 keys=516 emit=514 tomb=2
2026-10-02T19:46:33.474Z raft-obs: tx->1 enq=38380 drop=0 sent=38380 fail=0 hi=15 rtt_avg=41us get_avg=236us get_max=9049ms
2026-10-02T19:46:33.474Z raft-obs: tx->2 enq=37691 drop=0 sent=37691 fail=0 hi=13 rtt_avg=36us get_avg=237us get_max=8934ms
2026-10-02T19:46:33.474Z raft-obs: wait_timeouts=0 pump_hold_max=153us lock_wait_max=310us drain_max=152us tick_max=8us apply_max=146us persist_max=525us applies_in_worst=1 arc_miss=0 arc_term_miss=0 opid_replay=0 fin_q=0 fin_done=0 fin_drop=0 fin_full=0 pub_p50=0us pub_max=0us inbox_drop=0
2026-10-02T19:46:34.486Z raft-host: gc-frag group=0 scans=2 records=512 ms=267
2026-10-02T19:46:34.486Z raft-host: gc-pass ms=267 reap=0 frag=267 spread=0 recover=0 fscans=2 fsegs=6 fkeys=516 femit=514 ftomb=2 scans=3 segs=6 keys=516 emit=514 tomb=2
2026-10-02T19:46:35.756Z raft-host: gc-frag group=0 scans=2 records=512 ms=266
2026-10-02T19:46:35.756Z raft-host: gc-pass ms=266 reap=0 frag=266 spread=0 recover=0 fscans=2 fsegs=6 fkeys=516 femit=514 ftomb=2 scans=3 segs=6 keys=516 emit=514 tomb=2
2026-10-02T19:46:37.025Z raft-host: gc-frag group=0 scans=2 records=512 ms=266
2026-10-02T19:46:37.025Z raft-host: gc-pass ms=266 reap=0 frag=266 spread=0 recover=0 fscans=2 fsegs=6 fkeys=516 femit=514 ftomb=2 scans=3 segs=6 keys=516 emit=514 tomb=2
2026-10-02T19:46:38.294Z raft-host: gc-frag group=0 scans=2 records=512 ms=266
2026-10-02T19:46:38.294Z raft-host: gc-pass ms=266 reap=0 frag=266 spread=0 recover=0 fscans=2 fsegs=6 fkeys=516 femit=514 ftomb=2 scans=3 segs=6 keys=516 emit=514 tomb=2
2026-10-02T19:46:38.477Z raft-obs: tx->1 enq=38570 drop=0 sent=38570 fail=0 hi=15 rtt_avg=41us get_avg=234us get_max=9049ms
2026-10-02T19:46:38.477Z raft-obs: tx->2 enq=37881 drop=0 sent=37881 fail=0 hi=13 rtt_avg=36us get_avg=236us get_max=8934ms
2026-10-02T19:46:38.477Z raft-obs: wait_timeouts=0 pump_hold_max=86us lock_wait_max=318us drain_max=86us tick_max=7us apply_max=80us persist_max=506us applies_in_worst=1 arc_miss=0 arc_term_miss=0 opid_replay=0 fin_q=0 fin_done=0 fin_drop=0 fin_full=0 pub_p50=0us pub_max=0us inbox_drop=0
2026-10-02T19:46:39.567Z raft-host: gc-frag group=0 scans=2 records=512 ms=269
2026-10-02T19:46:39.567Z raft-host: gc-pass ms=270 reap=0 frag=269 spread=0 recover=0 fscans=2 fsegs=6 fkeys=516 femit=514 ftomb=2 scans=3 segs=6 keys=516 emit=514 tomb=2
2026-10-02T19:46:40.838Z raft-host: gc-frag group=0 scans=2 records=512 ms=268
2026-10-02T19:46:40.838Z raft-host: gc-pass ms=268 reap=0 frag=268 spread=0 recover=0 fscans=2 fsegs=6 fkeys=516 femit=514 ftomb=2 scans=3 segs=6 keys=516 emit=514 tomb=2
2026-10-02T19:46:42.108Z raft-host: gc-frag group=0 scans=2 records=512 ms=267
2026-10-02T19:46:42.108Z raft-host: gc-pass ms=267 reap=0 frag=267 spread=0 recover=0 fscans=2 fsegs=6 fkeys=516 femit=514 ftomb=2 scans=3 segs=6 keys=516 emit=514 tomb=2
2026-10-02T19:46:43.379Z raft-host: gc-frag group=0 scans=2 records=512 ms=267
2026-10-02T19:46:43.379Z raft-host: gc-pass ms=267 reap=0 frag=267 spread=0 recover=0 fscans=2 fsegs=6 fkeys=516 femit=514 ftomb=2 scans=3 segs=6 keys=516 emit=514 tomb=2
2026-10-02T19:46:43.480Z raft-obs: tx->1 enq=38761 drop=0 sent=38760 fail=0 hi=15 rtt_avg=41us get_avg=233us get_max=9049ms
2026-10-02T19:46:43.480Z raft-obs: tx->2 enq=38072 drop=0 sent=38071 fail=0 hi=13 rtt_avg=36us get_avg=234us get_max=8934ms
2026-10-02T19:46:43.480Z raft-obs: wait_timeouts=0 pump_hold_max=90us lock_wait_max=309us drain_max=90us tick_max=5us apply_max=85us persist_max=512us applies_in_worst=1 arc_miss=0 arc_term_miss=0 opid_replay=0 fin_q=0 fin_done=0 fin_drop=0 fin_full=0 pub_p50=0us pub_max=0us inbox_drop=0
2026-10-02T19:46:44.649Z raft-host: gc-frag group=0 scans=2 records=512 ms=267
2026-10-02T19:46:44.649Z raft-host: gc-pass ms=267 reap=0 frag=267 spread=0 recover=0 fscans=2 fsegs=6 fkeys=516 femit=514 ftomb=2 scans=3 segs=6 keys=516 emit=514 tomb=2
2026-10-02T19:46:45.918Z raft-host: gc-frag group=0 scans=2 records=512 ms=266
2026-10-02T19:46:45.919Z raft-host: gc-pass ms=266 reap=0 frag=266 spread=0 recover=0 fscans=2 fsegs=6 fkeys=516 femit=514 ftomb=2 scans=3 segs=6 keys=516 emit=514 tomb=2
2026-10-02T19:46:47.189Z raft-host: gc-frag group=0 scans=2 records=512 ms=267
2026-10-02T19:46:47.189Z raft-host: gc-pass ms=268 reap=0 frag=268 spread=0 recover=0 fscans=2 fsegs=6 fkeys=516 femit=514 ftomb=2 scans=3 segs=6 keys=516 emit=514 tomb=2
2026-10-02T19:46:48.458Z raft-host: gc-frag group=0 scans=2 records=512 ms=265
2026-10-02T19:46:48.458Z raft-host: gc-pass ms=265 reap=0 frag=265 spread=0 recover=0 fscans=2 fsegs=6 fkeys=516 femit=514 ftomb=2 scans=3 segs=6 keys=516 emit=514 tomb=2
2026-10-02T19:46:48.484Z raft-obs: tx->1 enq=38951 drop=0 sent=38951 fail=0 hi=15 rtt_avg=41us get_avg=232us get_max=9049ms
2026-10-02T19:46:48.484Z raft-obs: tx->2 enq=38262 drop=0 sent=38262 fail=0 hi=13 rtt_avg=36us get_avg=233us get_max=8934ms
2026-10-02T19:46:48.484Z raft-obs: wait_timeouts=0 pump_hold_max=144us lock_wait_max=346us drain_max=144us tick_max=5us apply_max=137us persist_max=533us applies_in_worst=1 arc_miss=0 arc_term_miss=0 opid_replay=0 fin_q=0 fin_done=0 fin_drop=0 fin_full=0 pub_p50=0us pub_max=0us inbox_drop=0
2026-10-02T19:46:49.733Z raft-host: gc-frag group=0 scans=2 records=512 ms=271
2026-10-02T19:46:49.733Z raft-host: gc-pass ms=272 reap=0 frag=271 spread=0 recover=0 fscans=2 fsegs=6 fkeys=516 femit=514 ftomb=2 scans=3 segs=6 keys=516 emit=514 tomb=2
2026-10-02T19:46:51.004Z raft-host: gc-frag group=0 scans=2 records=512 ms=268
2026-10-02T19:46:51.004Z raft-host: gc-pass ms=268 reap=0 frag=268 spread=0 recover=0 fscans=2 fsegs=6 fkeys=516 femit=514 ftomb=2 scans=3 segs=6 keys=516 emit=514 tomb=2
2026-10-02T19:46:52.274Z raft-host: gc-frag group=0 scans=2 records=512 ms=267
2026-10-02T19:46:52.274Z raft-host: gc-pass ms=267 reap=0 frag=267 spread=0 recover=0 fscans=2 fsegs=6 fkeys=516 femit=514 ftomb=2 scans=3 segs=6 keys=516 emit=514 tomb=2
2026-10-02T19:46:53.485Z raft-obs: tx->1 enq=39135 drop=0 sent=39135 fail=0 hi=15 rtt_avg=41us get_avg=231us get_max=9049ms
2026-10-02T19:46:53.485Z raft-obs: tx->2 enq=38446 drop=0 sent=38446 fail=0 hi=13 rtt_avg=36us get_avg=232us get_max=8934ms
2026-10-02T19:46:53.485Z raft-obs: wait_timeouts=0 pump_hold_max=146us lock_wait_max=230us drain_max=146us tick_max=40us apply_max=138us persist_max=522us applies_in_worst=1 arc_miss=0 arc_term_miss=0 opid_replay=0 fin_q=0 fin_done=0 fin_drop=0 fin_full=0 pub_p50=0us pub_max=0us inbox_drop=0
2026-10-02T19:46:53.547Z raft-host: gc-frag group=0 scans=2 records=512 ms=269
2026-10-02T19:46:53.547Z raft-host: gc-pass ms=269 reap=0 frag=269 spread=0 recover=0 fscans=2 fsegs=6 fkeys=516 femit=514 ftomb=2 scans=3 segs=6 keys=516 emit=514 tomb=2
2026-10-02T19:46:54.816Z raft-host: gc-frag group=0 scans=2 records=512 ms=266
2026-10-02T19:46:54.816Z raft-host: gc-pass ms=266 reap=0 frag=266 spread=0 recover=0 fscans=2 fsegs=6 fkeys=516 femit=514 ftomb=2 scans=3 segs=6 keys=516 emit=514 tomb=2
2026-10-02T19:46:56.086Z raft-host: gc-frag group=0 scans=2 records=512 ms=267
2026-10-02T19:46:56.086Z raft-host: gc-pass ms=267 reap=0 frag=267 spread=0 recover=0 fscans=2 fsegs=6 fkeys=516 femit=514 ftomb=2 scans=3 segs=6 keys=516 emit=514 tomb=2
2026-10-02T19:46:57.355Z raft-host: gc-frag group=0 scans=2 records=512 ms=266
2026-10-02T19:46:57.355Z raft-host: gc-pass ms=266 reap=0 frag=266 spread=0 recover=0 fscans=2 fsegs=6 fkeys=516 femit=514 ftomb=2 scans=3 segs=6 keys=516 emit=514 tomb=2
2026-10-02T19:46:58.489Z raft-obs: tx->1 enq=39317 drop=0 sent=39317 fail=0 hi=15 rtt_avg=41us get_avg=230us get_max=9049ms
2026-10-02T19:46:58.489Z raft-obs: tx->2 enq=38628 drop=0 sent=38628 fail=0 hi=13 rtt_avg=36us get_avg=231us get_max=8934ms
2026-10-02T19:46:58.489Z raft-obs: wait_timeouts=0 pump_hold_max=101us lock_wait_max=344us drain_max=101us tick_max=9us apply_max=96us persist_max=517us applies_in_worst=1 arc_miss=0 arc_term_miss=0 opid_replay=0 fin_q=0 fin_done=0 fin_drop=0 fin_full=0 pub_p50=0us pub_max=0us inbox_drop=0
2026-10-02T19:46:58.625Z raft-host: gc-frag group=0 scans=2 records=512 ms=266
2026-10-02T19:46:58.625Z raft-host: gc-pass ms=266 reap=0 frag=266 spread=0 recover=0 fscans=2 fsegs=6 fkeys=516 femit=514 ftomb=2 scans=3 segs=6 keys=516 emit=514 tomb=2
2026-10-02T19:46:59.895Z raft-host: gc-frag group=0 scans=2 records=512 ms=266
2026-10-02T19:46:59.895Z raft-host: gc-pass ms=267 reap=0 frag=266 spread=0 recover=0 fscans=2 fsegs=6 fkeys=516 femit=514 ftomb=2 scans=3 segs=6 keys=516 emit=514 tomb=2
2026-10-02T19:47:01.167Z raft-host: gc-frag group=0 scans=2 records=512 ms=269
2026-10-02T19:47:01.167Z raft-host: gc-pass ms=269 reap=0 frag=269 spread=0 recover=0 fscans=2 fsegs=6 fkeys=516 femit=514 ftomb=2 scans=3 segs=6 keys=516 emit=514 tomb=2
2026-10-02T19:47:02.438Z raft-host: gc-frag group=0 scans=2 records=512 ms=268
2026-10-02T19:47:02.438Z raft-host: gc-pass ms=268 reap=0 frag=268 spread=0 recover=0 fscans=2 fsegs=6 fkeys=516 femit=514 ftomb=2 scans=3 segs=6 keys=516 emit=514 tomb=2
2026-10-02T19:47:03.491Z raft-obs: tx->1 enq=39503 drop=0 sent=39503 fail=0 hi=15 rtt_avg=41us get_avg=229us get_max=9049ms
2026-10-02T19:47:03.491Z raft-obs: tx->2 enq=38814 drop=0 sent=38814 fail=0 hi=13 rtt_avg=36us get_avg=230us get_max=8934ms
2026-10-02T19:47:03.491Z raft-obs: wait_timeouts=0 pump_hold_max=95us lock_wait_max=297us drain_max=95us tick_max=5us apply_max=87us persist_max=588us applies_in_worst=1 arc_miss=0 arc_term_miss=0 opid_replay=0 fin_q=0 fin_done=0 fin_drop=0 fin_full=0 pub_p50=0us pub_max=0us inbox_drop=0
2026-10-02T19:47:03.705Z raft-host: gc-frag group=0 scans=2 records=512 ms=264
2026-10-02T19:47:03.706Z raft-host: gc-pass ms=265 reap=0 frag=264 spread=0 recover=0 fscans=2 fsegs=6 fkeys=516 femit=514 ftomb=2 scans=3 segs=6 keys=516 emit=514 tomb=2
2026-10-02T19:47:04.975Z raft-host: gc-frag group=0 scans=2 records=512 ms=266
2026-10-02T19:47:04.975Z raft-host: gc-pass ms=266 reap=0 frag=266 spread=0 recover=0 fscans=2 fsegs=6 fkeys=516 femit=514 ftomb=2 scans=3 segs=6 keys=516 emit=514 tomb=2
2026-10-02T19:47:06.247Z raft-host: gc-frag group=0 scans=2 records=512 ms=268
2026-10-02T19:47:06.247Z raft-host: gc-pass ms=268 reap=0 frag=268 spread=0 recover=0 fscans=2 fsegs=6 fkeys=516 femit=514 ftomb=2 scans=3 segs=6 keys=516 emit=514 tomb=2
2026-10-02T19:47:07.518Z raft-host: gc-frag group=0 scans=2 records=512 ms=268
2026-10-02T19:47:07.518Z raft-host: gc-pass ms=268 reap=0 frag=268 spread=0 recover=0 fscans=2 fsegs=6 fkeys=516 femit=514 ftomb=2 scans=3 segs=6 keys=516 emit=514 tomb=2
2026-10-02T19:47:08.496Z raft-obs: tx->1 enq=39690 drop=0 sent=39690 fail=0 hi=15 rtt_avg=41us get_avg=228us get_max=9049ms
2026-10-02T19:47:08.496Z raft-obs: tx->2 enq=39001 drop=0 sent=39001 fail=0 hi=13 rtt_avg=36us get_avg=229us get_max=8934ms
2026-10-02T19:47:08.496Z raft-obs: wait_timeouts=0 pump_hold_max=167us lock_wait_max=339us drain_max=167us tick_max=6us apply_max=160us persist_max=637us applies_in_worst=1 arc_miss=0 arc_term_miss=0 opid_replay=0 fin_q=0 fin_done=0 fin_drop=0 fin_full=0 pub_p50=0us pub_max=0us inbox_drop=0
2026-10-02T19:47:08.788Z raft-host: gc-frag group=0 scans=2 records=512 ms=267
2026-10-02T19:47:08.788Z raft-host: gc-pass ms=267 reap=0 frag=267 spread=0 recover=0 fscans=2 fsegs=6 fkeys=516 femit=514 ftomb=2 scans=3 segs=6 keys=516 emit=514 tomb=2
2026-10-02T19:47:10.057Z raft-host: gc-frag group=0 scans=2 records=512 ms=266
2026-10-02T19:47:10.057Z raft-host: gc-pass ms=266 reap=0 frag=266 spread=0 recover=0 fscans=2 fsegs=6 fkeys=516 femit=514 ftomb=2 scans=3 segs=6 keys=516 emit=514 tomb=2
2026-10-02T19:47:11.329Z raft-host: gc-frag group=0 scans=2 records=512 ms=268
2026-10-02T19:47:11.329Z raft-host: gc-pass ms=268 reap=0 frag=268 spread=0 recover=0 fscans=2 fsegs=6 fkeys=516 femit=514 ftomb=2 scans=3 segs=6 keys=516 emit=514 tomb=2
2026-10-02T19:47:12.600Z raft-host: gc-frag group=0 scans=2 records=512 ms=268
2026-10-02T19:47:12.600Z raft-host: gc-pass ms=268 reap=0 frag=268 spread=0 recover=0 fscans=2 fsegs=6 fkeys=516 femit=514 ftomb=2 scans=3 segs=6 keys=516 emit=514 tomb=2
2026-10-02T19:47:13.497Z raft-obs: tx->1 enq=39880 drop=0 sent=39880 fail=0 hi=15 rtt_avg=40us get_avg=227us get_max=9049ms
2026-10-02T19:47:13.497Z raft-obs: tx->2 enq=39191 drop=0 sent=39191 fail=0 hi=13 rtt_avg=36us get_avg=228us get_max=8934ms
2026-10-02T19:47:13.497Z raft-obs: wait_timeouts=0 pump_hold_max=163us lock_wait_max=335us drain_max=163us tick_max=8us apply_max=156us persist_max=521us applies_in_worst=1 arc_miss=0 arc_term_miss=0 opid_replay=0 fin_q=0 fin_done=0 fin_drop=0 fin_full=0 pub_p50=0us pub_max=0us inbox_drop=0
2026-10-02T19:47:13.870Z raft-host: gc-frag group=0 scans=2 records=512 ms=267
2026-10-02T19:47:13.870Z raft-host: gc-pass ms=267 reap=0 frag=267 spread=0 recover=0 fscans=2 fsegs=6 fkeys=516 femit=514 ftomb=2 scans=3 segs=6 keys=516 emit=514 tomb=2
2026-10-02T19:47:15.143Z raft-host: gc-frag group=0 scans=2 records=512 ms=270
2026-10-02T19:47:15.143Z raft-host: gc-pass ms=270 reap=0 frag=270 spread=0 recover=0 fscans=2 fsegs=6 fkeys=516 femit=514 ftomb=2 scans=3 segs=6 keys=516 emit=514 tomb=2
2026-10-02T19:47:16.414Z raft-host: gc-frag group=0 scans=2 records=512 ms=268
2026-10-02T19:47:16.414Z raft-host: gc-pass ms=268 reap=0 frag=268 spread=0 recover=0 fscans=2 fsegs=6 fkeys=516 femit=514 ftomb=2 scans=3 segs=6 keys=516 emit=514 tomb=2
2026-10-02T19:47:17.687Z raft-host: gc-frag group=0 scans=2 records=512 ms=269
2026-10-02T19:47:17.687Z raft-host: gc-pass ms=269 reap=0 frag=269 spread=0 recover=0 fscans=2 fsegs=6 fkeys=516 femit=514 ftomb=2 scans=3 segs=6 keys=516 emit=514 tomb=2
2026-10-02T19:47:18.497Z raft-obs: tx->1 enq=40071 drop=0 sent=40070 fail=0 hi=15 rtt_avg=40us get_avg=226us get_max=9049ms
2026-10-02T19:47:18.497Z raft-obs: tx->2 enq=39382 drop=0 sent=39381 fail=0 hi=13 rtt_avg=36us get_avg=227us get_max=8934ms
2026-10-02T19:47:18.497Z raft-obs: wait_timeouts=0 pump_hold_max=150us lock_wait_max=307us drain_max=150us tick_max=9us apply_max=143us persist_max=524us applies_in_worst=1 arc_miss=0 arc_term_miss=0 opid_replay=0 fin_q=0 fin_done=0 fin_drop=0 fin_full=0 pub_p50=0us pub_max=0us inbox_drop=0
2026-10-02T19:47:18.956Z raft-host: gc-frag group=0 scans=2 records=512 ms=266
2026-10-02T19:47:18.957Z raft-host: gc-pass ms=266 reap=0 frag=266 spread=0 recover=0 fscans=2 fsegs=6 fkeys=516 femit=514 ftomb=2 scans=3 segs=6 keys=516 emit=514 tomb=2
2026-10-02T19:47:20.224Z raft-host: gc-frag group=0 scans=2 records=512 ms=264
2026-10-02T19:47:20.224Z raft-host: gc-pass ms=264 reap=0 frag=264 spread=0 recover=0 fscans=2 fsegs=6 fkeys=516 femit=514 ftomb=2 scans=3 segs=6 keys=516 emit=514 tomb=2
2026-10-02T19:47:21.493Z raft-host: gc-frag group=0 scans=2 records=512 ms=265
2026-10-02T19:47:21.493Z raft-host: gc-pass ms=265 reap=0 frag=265 spread=0 recover=0 fscans=2 fsegs=6 fkeys=516 femit=514 ftomb=2 scans=3 segs=6 keys=516 emit=514 tomb=2
2026-10-02T19:47:22.761Z raft-host: gc-frag group=0 scans=2 records=512 ms=265
2026-10-02T19:47:22.761Z raft-host: gc-pass ms=265 reap=0 frag=265 spread=0 recover=0 fscans=2 fsegs=6 fkeys=516 femit=514 ftomb=2 scans=3 segs=6 keys=516 emit=514 tomb=2
2026-10-02T19:47:23.500Z raft-obs: tx->1 enq=40261 drop=0 sent=40261 fail=0 hi=15 rtt_avg=40us get_avg=225us get_max=9049ms
2026-10-02T19:47:23.500Z raft-obs: tx->2 enq=39572 drop=0 sent=39572 fail=0 hi=13 rtt_avg=36us get_avg=226us get_max=8934ms
2026-10-02T19:47:23.500Z raft-obs: wait_timeouts=0 pump_hold_max=154us lock_wait_max=287us drain_max=154us tick_max=5us apply_max=146us persist_max=530us applies_in_worst=1 arc_miss=0 arc_term_miss=0 opid_replay=0 fin_q=0 fin_done=0 fin_drop=0 fin_full=0 pub_p50=0us pub_max=0us inbox_drop=0
2026-10-02T19:47:24.033Z raft-host: gc-frag group=0 scans=2 records=512 ms=269
2026-10-02T19:47:24.033Z raft-host: gc-pass ms=269 reap=0 frag=269 spread=0 recover=0 fscans=2 fsegs=6 fkeys=516 femit=514 ftomb=2 scans=3 segs=6 keys=516 emit=514 tomb=2
2026-10-02T19:47:25.303Z raft-host: gc-frag group=0 scans=2 records=512 ms=267
2026-10-02T19:47:25.303Z raft-host: gc-pass ms=267 reap=0 frag=267 spread=0 recover=0 fscans=2 fsegs=6 fkeys=516 femit=514 ftomb=2 scans=3 segs=6 keys=516 emit=514 tomb=2
2026-10-02T19:47:26.571Z raft-host: gc-frag group=0 scans=2 records=512 ms=265
2026-10-02T19:47:26.571Z raft-host: gc-pass ms=265 reap=0 frag=265 spread=0 recover=0 fscans=2 fsegs=6 fkeys=516 femit=514 ftomb=2 scans=3 segs=6 keys=516 emit=514 tomb=2
2026-10-02T19:47:27.841Z raft-host: gc-frag group=0 scans=2 records=512 ms=266
2026-10-02T19:47:27.841Z raft-host: gc-pass ms=266 reap=0 frag=266 spread=0 recover=0 fscans=2 fsegs=6 fkeys=516 femit=514 ftomb=2 scans=3 segs=6 keys=516 emit=514 tomb=2
2026-10-02T19:47:28.504Z raft-obs: tx->1 enq=40452 drop=0 sent=40452 fail=0 hi=15 rtt_avg=40us get_avg=223us get_max=9049ms
2026-10-02T19:47:28.504Z raft-obs: tx->2 enq=39763 drop=0 sent=39763 fail=0 hi=13 rtt_avg=36us get_avg=224us get_max=8934ms
2026-10-02T19:47:28.504Z raft-obs: wait_timeouts=0 pump_hold_max=159us lock_wait_max=268us drain_max=159us tick_max=5us apply_max=152us persist_max=520us applies_in_worst=1 arc_miss=0 arc_term_miss=0 opid_replay=0 fin_q=0 fin_done=0 fin_drop=0 fin_full=0 pub_p50=0us pub_max=0us inbox_drop=0
2026-10-02T19:47:29.111Z raft-host: gc-frag group=0 scans=2 records=512 ms=266
2026-10-02T19:47:29.111Z raft-host: gc-pass ms=267 reap=0 frag=266 spread=0 recover=0 fscans=2 fsegs=6 fkeys=516 femit=514 ftomb=2 scans=3 segs=6 keys=516 emit=514 tomb=2
2026-10-02T19:47:30.381Z raft-host: gc-frag group=0 scans=2 records=512 ms=267
2026-10-02T19:47:30.381Z raft-host: gc-pass ms=267 reap=0 frag=267 spread=0 recover=0 fscans=2 fsegs=6 fkeys=516 femit=514 ftomb=2 scans=3 segs=6 keys=516 emit=514 tomb=2
2026-10-02T19:47:31.652Z raft-host: gc-frag group=0 scans=2 records=512 ms=268
2026-10-02T19:47:31.652Z raft-host: gc-pass ms=268 reap=0 frag=268 spread=0 recover=0 fscans=2 fsegs=6 fkeys=516 femit=514 ftomb=2 scans=3 segs=6 keys=516 emit=514 tomb=2
2026-10-02T19:47:32.923Z raft-host: gc-frag group=0 scans=2 records=512 ms=268
2026-10-02T19:47:32.923Z raft-host: gc-pass ms=268 reap=0 frag=268 spread=0 recover=0 fscans=2 fsegs=6 fkeys=516 femit=514 ftomb=2 scans=3 segs=6 keys=516 emit=514 tomb=2
2026-10-02T19:47:33.506Z raft-obs: tx->1 enq=40642 drop=0 sent=40642 fail=0 hi=15 rtt_avg=40us get_avg=222us get_max=9049ms
2026-10-02T19:47:33.506Z raft-obs: tx->2 enq=39953 drop=0 sent=39953 fail=0 hi=13 rtt_avg=36us get_avg=223us get_max=8934ms
2026-10-02T19:47:33.506Z raft-obs: wait_timeouts=0 pump_hold_max=89us lock_wait_max=317us drain_max=89us tick_max=5us apply_max=83us persist_max=513us applies_in_worst=1 arc_miss=0 arc_term_miss=0 opid_replay=0 fin_q=0 fin_done=0 fin_drop=0 fin_full=0 pub_p50=0us pub_max=0us inbox_drop=0
2026-10-02T19:47:34.192Z raft-host: gc-frag group=0 scans=2 records=512 ms=266
2026-10-02T19:47:34.192Z raft-host: gc-pass ms=266 reap=0 frag=266 spread=0 recover=0 fscans=2 fsegs=6 fkeys=516 femit=514 ftomb=2 scans=3 segs=6 keys=516 emit=514 tomb=2
2026-10-02T19:47:35.465Z raft-host: gc-frag group=0 scans=2 records=512 ms=270
2026-10-02T19:47:35.466Z raft-host: gc-pass ms=270 reap=0 frag=270 spread=0 recover=0 fscans=2 fsegs=6 fkeys=516 femit=514 ftomb=2 scans=3 segs=6 keys=516 emit=514 tomb=2
2026-10-02T19:47:36.737Z raft-host: gc-frag group=0 scans=2 records=512 ms=268
2026-10-02T19:47:36.737Z raft-host: gc-pass ms=269 reap=0 frag=268 spread=0 recover=0 fscans=2 fsegs=6 fkeys=516 femit=514 ftomb=2 scans=3 segs=6 keys=516 emit=514 tomb=2
2026-10-02T19:47:38.011Z raft-host: gc-frag group=0 scans=2 records=512 ms=270
2026-10-02T19:47:38.011Z raft-host: gc-pass ms=270 reap=0 frag=270 spread=0 recover=0 fscans=2 fsegs=6 fkeys=516 femit=514 ftomb=2 scans=3 segs=6 keys=516 emit=514 tomb=2
2026-10-02T19:47:38.507Z raft-obs: tx->1 enq=40832 drop=0 sent=40832 fail=0 hi=15 rtt_avg=40us get_avg=221us get_max=9049ms
2026-10-02T19:47:38.507Z raft-obs: tx->2 enq=40143 drop=0 sent=40143 fail=0 hi=13 rtt_avg=36us get_avg=222us get_max=8934ms
2026-10-02T19:47:38.507Z raft-obs: wait_timeouts=0 pump_hold_max=123us lock_wait_max=379us drain_max=123us tick_max=9us apply_max=99us persist_max=508us applies_in_worst=1 arc_miss=0 arc_term_miss=0 opid_replay=0 fin_q=0 fin_done=0 fin_drop=0 fin_full=0 pub_p50=0us pub_max=0us inbox_drop=0
2026-10-02T19:47:39.282Z raft-host: gc-frag group=0 scans=2 records=512 ms=269
2026-10-02T19:47:39.282Z raft-host: gc-pass ms=269 reap=0 frag=269 spread=0 recover=0 fscans=2 fsegs=6 fkeys=516 femit=514 ftomb=2 scans=3 segs=6 keys=516 emit=514 tomb=2
2026-10-02T19:47:40.552Z raft-host: gc-frag group=0 scans=2 records=512 ms=267
2026-10-02T19:47:40.552Z raft-host: gc-pass ms=267 reap=0 frag=267 spread=0 recover=0 fscans=2 fsegs=6 fkeys=516 femit=514 ftomb=2 scans=3 segs=6 keys=516 emit=514 tomb=2
2026-10-02T19:47:41.825Z raft-host: gc-frag group=0 scans=2 records=512 ms=270
2026-10-02T19:47:41.826Z raft-host: gc-pass ms=270 reap=0 frag=270 spread=0 recover=0 fscans=2 fsegs=6 fkeys=516 femit=514 ftomb=2 scans=3 segs=6 keys=516 emit=514 tomb=2
2026-10-02T19:47:43.099Z raft-host: gc-frag group=0 scans=2 records=512 ms=270
2026-10-02T19:47:43.099Z raft-host: gc-pass ms=270 reap=0 frag=270 spread=0 recover=0 fscans=2 fsegs=6 fkeys=516 femit=514 ftomb=2 scans=3 segs=6 keys=516 emit=514 tomb=2
2026-10-02T19:47:43.510Z raft-obs: tx->1 enq=41023 drop=0 sent=41023 fail=0 hi=15 rtt_avg=40us get_avg=220us get_max=9049ms
2026-10-02T19:47:43.510Z raft-obs: tx->2 enq=40334 drop=0 sent=40334 fail=0 hi=13 rtt_avg=36us get_avg=221us get_max=8934ms
2026-10-02T19:47:43.510Z raft-obs: wait_timeouts=0 pump_hold_max=151us lock_wait_max=287us drain_max=151us tick_max=8us apply_max=144us persist_max=519us applies_in_worst=1 arc_miss=0 arc_term_miss=0 opid_replay=0 fin_q=0 fin_done=0 fin_drop=0 fin_full=0 pub_p50=0us pub_max=0us inbox_drop=0
2026-10-02T19:47:44.371Z raft-host: gc-frag group=0 scans=2 records=512 ms=269
2026-10-02T19:47:44.371Z raft-host: gc-pass ms=269 reap=0 frag=269 spread=0 recover=0 fscans=2 fsegs=6 fkeys=516 femit=514 ftomb=2 scans=3 segs=6 keys=516 emit=514 tomb=2
2026-10-02T19:47:45.647Z raft-host: gc-frag group=0 scans=2 records=512 ms=272
2026-10-02T19:47:45.647Z raft-host: gc-pass ms=272 reap=0 frag=272 spread=0 recover=0 fscans=2 fsegs=6 fkeys=516 femit=514 ftomb=2 scans=3 segs=6 keys=516 emit=514 tomb=2
2026-10-02T19:47:46.919Z raft-host: gc-frag group=0 scans=2 records=512 ms=269
2026-10-02T19:47:46.919Z raft-host: gc-pass ms=269 reap=0 frag=269 spread=0 recover=0 fscans=2 fsegs=6 fkeys=516 femit=514 ftomb=2 scans=3 segs=6 keys=516 emit=514 tomb=2
2026-10-02T19:47:48.190Z raft-host: gc-frag group=0 scans=2 records=512 ms=268
2026-10-02T19:47:48.190Z raft-host: gc-pass ms=268 reap=0 frag=268 spread=0 recover=0 fscans=2 fsegs=6 fkeys=516 femit=514 ftomb=2 scans=3 segs=6 keys=516 emit=514 tomb=2
2026-10-02T19:47:48.510Z raft-obs: tx->1 enq=41213 drop=0 sent=41213 fail=0 hi=15 rtt_avg=40us get_avg=219us get_max=9049ms
2026-10-02T19:47:48.510Z raft-obs: tx->2 enq=40524 drop=0 sent=40524 fail=0 hi=13 rtt_avg=36us get_avg=220us get_max=8934ms
2026-10-02T19:47:48.510Z raft-obs: wait_timeouts=0 pump_hold_max=156us lock_wait_max=249us drain_max=156us tick_max=9us apply_max=148us persist_max=513us applies_in_worst=1 arc_miss=0 arc_term_miss=0 opid_replay=0 fin_q=0 fin_done=0 fin_drop=0 fin_full=0 pub_p50=0us pub_max=0us inbox_drop=0
2026-10-02T19:47:49.464Z raft-host: gc-frag group=0 scans=2 records=512 ms=270
2026-10-02T19:47:49.464Z raft-host: gc-pass ms=270 reap=0 frag=270 spread=0 recover=0 fscans=2 fsegs=6 fkeys=516 femit=514 ftomb=2 scans=3 segs=6 keys=516 emit=514 tomb=2
2026-10-02T19:47:50.737Z raft-host: gc-frag group=0 scans=2 records=512 ms=270
2026-10-02T19:47:50.737Z raft-host: gc-pass ms=270 reap=0 frag=270 spread=0 recover=0 fscans=2 fsegs=6 fkeys=516 femit=514 ftomb=2 scans=3 segs=6 keys=516 emit=514 tomb=2
2026-10-02T19:47:52.009Z raft-host: gc-frag group=0 scans=2 records=512 ms=268
2026-10-02T19:47:52.009Z raft-host: gc-pass ms=268 reap=0 frag=268 spread=0 recover=0 fscans=2 fsegs=6 fkeys=516 femit=514 ftomb=2 scans=3 segs=6 keys=516 emit=514 tomb=2
2026-10-02T19:47:53.282Z raft-host: gc-frag group=0 scans=2 records=512 ms=270
2026-10-02T19:47:53.282Z raft-host: gc-pass ms=270 reap=0 frag=270 spread=0 recover=0 fscans=2 fsegs=6 fkeys=516 femit=514 ftomb=2 scans=3 segs=6 keys=516 emit=514 tomb=2
2026-10-02T19:47:53.510Z raft-obs: tx->1 enq=41403 drop=0 sent=41403 fail=0 hi=15 rtt_avg=40us get_avg=218us get_max=9049ms
2026-10-02T19:47:53.510Z raft-obs: tx->2 enq=40714 drop=0 sent=40714 fail=0 hi=13 rtt_avg=36us get_avg=219us get_max=8934ms
2026-10-02T19:47:53.510Z raft-obs: wait_timeouts=0 pump_hold_max=137us lock_wait_max=291us drain_max=137us tick_max=5us apply_max=131us persist_max=514us applies_in_worst=1 arc_miss=0 arc_term_miss=0 opid_replay=0 fin_q=0 fin_done=0 fin_drop=0 fin_full=0 pub_p50=0us pub_max=0us inbox_drop=0
2026-10-02T19:47:54.552Z raft-host: gc-frag group=0 scans=2 records=512 ms=267
2026-10-02T19:47:54.552Z raft-host: gc-pass ms=267 reap=0 frag=267 spread=0 recover=0 fscans=2 fsegs=6 fkeys=516 femit=514 ftomb=2 scans=3 segs=6 keys=516 emit=514 tomb=2
2026-10-02T19:47:55.826Z raft-host: gc-frag group=0 scans=2 records=512 ms=271
2026-10-02T19:47:55.826Z raft-host: gc-pass ms=271 reap=0 frag=271 spread=0 recover=0 fscans=2 fsegs=6 fkeys=516 femit=514 ftomb=2 scans=3 segs=6 keys=516 emit=514 tomb=2
2026-10-02T19:47:57.101Z raft-host: gc-frag group=0 scans=2 records=512 ms=272
2026-10-02T19:47:57.102Z raft-host: gc-pass ms=272 reap=0 frag=272 spread=0 recover=0 fscans=2 fsegs=6 fkeys=516 femit=514 ftomb=2 scans=3 segs=6 keys=516 emit=514 tomb=2
2026-10-02T19:47:58.374Z raft-host: gc-frag group=0 scans=2 records=512 ms=269
2026-10-02T19:47:58.374Z raft-host: gc-pass ms=269 reap=0 frag=269 spread=0 recover=0 fscans=2 fsegs=6 fkeys=516 femit=514 ftomb=2 scans=3 segs=6 keys=516 emit=514 tomb=2
2026-10-02T19:47:58.511Z raft-obs: tx->1 enq=41593 drop=0 sent=41593 fail=0 hi=15 rtt_avg=40us get_avg=217us get_max=9049ms
2026-10-02T19:47:58.511Z raft-obs: tx->2 enq=40904 drop=0 sent=40904 fail=0 hi=13 rtt_avg=36us get_avg=218us get_max=8934ms
2026-10-02T19:47:58.511Z raft-obs: wait_timeouts=0 pump_hold_max=111us lock_wait_max=165us drain_max=111us tick_max=9us apply_max=101us persist_max=535us applies_in_worst=1 arc_miss=0 arc_term_miss=0 opid_replay=0 fin_q=0 fin_done=0 fin_drop=0 fin_full=0 pub_p50=0us pub_max=0us inbox_drop=0
2026-10-02T19:47:59.647Z raft-host: gc-frag group=0 scans=2 records=512 ms=270
2026-10-02T19:47:59.647Z raft-host: gc-pass ms=270 reap=0 frag=270 spread=0 recover=0 fscans=2 fsegs=6 fkeys=516 femit=514 ftomb=2 scans=3 segs=6 keys=516 emit=514 tomb=2
2026-10-02T19:48:00.926Z raft-host: gc-frag group=0 scans=2 records=512 ms=276
2026-10-02T19:48:00.926Z raft-host: gc-pass ms=276 reap=0 frag=276 spread=0 recover=0 fscans=2 fsegs=6 fkeys=516 femit=514 ftomb=2 scans=3 segs=6 keys=516 emit=514 tomb=2
2026-10-02T19:48:02.199Z raft-host: gc-frag group=0 scans=2 records=512 ms=269
2026-10-02T19:48:02.199Z raft-host: gc-pass ms=269 reap=0 frag=269 spread=0 recover=0 fscans=2 fsegs=6 fkeys=516 femit=514 ftomb=2 scans=3 segs=6 keys=516 emit=514 tomb=2
2026-10-02T19:48:03.473Z raft-host: gc-frag group=0 scans=2 records=512 ms=271
2026-10-02T19:48:03.473Z raft-host: gc-pass ms=271 reap=0 frag=271 spread=0 recover=0 fscans=2 fsegs=6 fkeys=516 femit=514 ftomb=2 scans=3 segs=6 keys=516 emit=514 tomb=2
2026-10-02T19:48:03.514Z raft-obs: tx->1 enq=41783 drop=0 sent=41783 fail=0 hi=15 rtt_avg=40us get_avg=216us get_max=9049ms
2026-10-02T19:48:03.514Z raft-obs: tx->2 enq=41094 drop=0 sent=41094 fail=0 hi=13 rtt_avg=36us get_avg=217us get_max=8934ms
2026-10-02T19:48:03.514Z raft-obs: wait_timeouts=0 pump_hold_max=93us lock_wait_max=319us drain_max=93us tick_max=8us apply_max=87us persist_max=513us applies_in_worst=1 arc_miss=0 arc_term_miss=0 opid_replay=0 fin_q=0 fin_done=0 fin_drop=0 fin_full=0 pub_p50=0us pub_max=0us inbox_drop=0
2026-10-02T19:48:04.706Z kv-compact: start l0=138 inputs=2 range=1 l0only=1
2026-10-02T19:48:04.728Z kv-compact: end bytes=10011816 ms=21 l0=137 l1=160 rc=0
2026-10-02T19:48:04.753Z raft-host: gc-frag group=0 scans=2 records=512 ms=277
2026-10-02T19:48:04.753Z raft-host: gc-pass ms=277 reap=0 frag=277 spread=0 recover=0 fscans=2 fsegs=6 fkeys=516 femit=514 ftomb=2 scans=3 segs=6 keys=516 emit=514 tomb=2
2026-10-02T19:48:06.028Z raft-host: gc-frag group=0 scans=2 records=512 ms=272
2026-10-02T19:48:06.028Z raft-host: gc-pass ms=272 reap=0 frag=272 spread=0 recover=0 fscans=2 fsegs=6 fkeys=516 femit=514 ftomb=2 scans=3 segs=6 keys=516 emit=514 tomb=2
2026-10-02T19:48:07.301Z raft-host: gc-frag group=0 scans=2 records=512 ms=270
2026-10-02T19:48:07.302Z raft-host: gc-pass ms=270 reap=0 frag=270 spread=0 recover=0 fscans=2 fsegs=6 fkeys=516 femit=514 ftomb=2 scans=3 segs=6 keys=516 emit=514 tomb=2
2026-10-02T19:48:08.514Z raft-obs: tx->1 enq=41967 drop=0 sent=41967 fail=0 hi=15 rtt_avg=40us get_avg=215us get_max=9049ms
2026-10-02T19:48:08.514Z raft-obs: tx->2 enq=41278 drop=0 sent=41278 fail=0 hi=13 rtt_avg=36us get_avg=216us get_max=8934ms
2026-10-02T19:48:08.514Z raft-obs: wait_timeouts=0 pump_hold_max=5951us lock_wait_max=177us drain_max=5951us tick_max=17us apply_max=5945us persist_max=538us applies_in_worst=1 arc_miss=0 arc_term_miss=0 opid_replay=0 fin_q=0 fin_done=0 fin_drop=0 fin_full=0 pub_p50=0us pub_max=0us inbox_drop=0
2026-10-02T19:48:08.577Z raft-host: gc-frag group=0 scans=2 records=512 ms=272
2026-10-02T19:48:08.577Z raft-host: gc-pass ms=272 reap=0 frag=272 spread=0 recover=0 fscans=2 fsegs=6 fkeys=516 femit=514 ftomb=2 scans=3 segs=6 keys=516 emit=514 tomb=2
2026-10-02T19:48:09.851Z raft-host: gc-frag group=0 scans=2 records=512 ms=271
2026-10-02T19:48:09.851Z raft-host: gc-pass ms=271 reap=0 frag=271 spread=0 recover=0 fscans=2 fsegs=6 fkeys=516 femit=514 ftomb=2 scans=3 segs=6 keys=516 emit=514 tomb=2
2026-10-02T19:48:11.126Z raft-host: gc-frag group=0 scans=2 records=512 ms=272
2026-10-02T19:48:11.126Z raft-host: gc-pass ms=272 reap=0 frag=272 spread=0 recover=0 fscans=2 fsegs=6 fkeys=516 femit=514 ftomb=2 scans=3 segs=6 keys=516 emit=514 tomb=2
2026-10-02T19:48:12.401Z raft-host: gc-frag group=0 scans=2 records=512 ms=271
2026-10-02T19:48:12.401Z raft-host: gc-pass ms=272 reap=0 frag=271 spread=0 recover=0 fscans=2 fsegs=6 fkeys=516 femit=514 ftomb=2 scans=3 segs=6 keys=516 emit=514 tomb=2
2026-10-02T19:48:13.514Z raft-obs: tx->1 enq=42147 drop=0 sent=42147 fail=0 hi=15 rtt_avg=40us get_avg=214us get_max=9049ms
2026-10-02T19:48:13.514Z raft-obs: tx->2 enq=41458 drop=0 sent=41458 fail=0 hi=13 rtt_avg=36us get_avg=215us get_max=8934ms
2026-10-02T19:48:13.514Z raft-obs: wait_timeouts=0 pump_hold_max=89us lock_wait_max=254us drain_max=89us tick_max=9us apply_max=83us persist_max=519us applies_in_worst=1 arc_miss=0 arc_term_miss=0 opid_replay=0 fin_q=0 fin_done=0 fin_drop=0 fin_full=0 pub_p50=0us pub_max=0us inbox_drop=0
2026-10-02T19:48:13.675Z raft-host: gc-frag group=0 scans=2 records=512 ms=271
2026-10-02T19:48:13.675Z raft-host: gc-pass ms=271 reap=0 frag=271 spread=0 recover=0 fscans=2 fsegs=6 fkeys=516 femit=514 ftomb=2 scans=3 segs=6 keys=516 emit=514 tomb=2
2026-10-02T19:48:14.949Z raft-host: gc-frag group=0 scans=2 records=512 ms=271
2026-10-02T19:48:14.949Z raft-host: gc-pass ms=271 reap=0 frag=271 spread=0 recover=0 fscans=2 fsegs=6 fkeys=516 femit=514 ftomb=2 scans=3 segs=6 keys=516 emit=514 tomb=2
2026-10-02T19:48:16.222Z raft-host: gc-frag group=0 scans=2 records=512 ms=269
2026-10-02T19:48:16.222Z raft-host: gc-pass ms=270 reap=0 frag=269 spread=0 recover=0 fscans=2 fsegs=6 fkeys=516 femit=514 ftomb=2 scans=3 segs=6 keys=516 emit=514 tomb=2
2026-10-02T19:48:17.495Z raft-host: gc-frag group=0 scans=2 records=512 ms=270
2026-10-02T19:48:17.495Z raft-host: gc-pass ms=270 reap=0 frag=270 spread=0 recover=0 fscans=2 fsegs=6 fkeys=516 femit=514 ftomb=2 scans=3 segs=6 keys=516 emit=514 tomb=2
2026-10-02T19:48:18.515Z raft-obs: tx->1 enq=42331 drop=0 sent=42331 fail=0 hi=15 rtt_avg=40us get_avg=214us get_max=9049ms
2026-10-02T19:48:18.515Z raft-obs: tx->2 enq=41642 drop=0 sent=41642 fail=0 hi=13 rtt_avg=36us get_avg=214us get_max=8934ms
2026-10-02T19:48:18.515Z raft-obs: wait_timeouts=0 pump_hold_max=147us lock_wait_max=279us drain_max=147us tick_max=11us apply_max=140us persist_max=542us applies_in_worst=1 arc_miss=0 arc_term_miss=0 opid_replay=0 fin_q=0 fin_done=0 fin_drop=0 fin_full=0 pub_p50=0us pub_max=0us inbox_drop=0
2026-10-02T19:48:18.768Z raft-host: gc-frag group=0 scans=2 records=512 ms=270
2026-10-02T19:48:18.768Z raft-host: gc-pass ms=270 reap=0 frag=270 spread=0 recover=0 fscans=2 fsegs=6 fkeys=516 femit=514 ftomb=2 scans=3 segs=6 keys=516 emit=514 tomb=2
2026-10-02T19:48:20.043Z raft-host: gc-frag group=0 scans=2 records=512 ms=272
2026-10-02T19:48:20.043Z raft-host: gc-pass ms=272 reap=0 frag=272 spread=0 recover=0 fscans=2 fsegs=6 fkeys=516 femit=514 ftomb=2 scans=3 segs=6 keys=516 emit=514 tomb=2
2026-10-02T19:48:21.321Z raft-host: gc-frag group=0 scans=2 records=512 ms=274
2026-10-02T19:48:21.321Z raft-host: gc-pass ms=275 reap=0 frag=274 spread=0 recover=0 fscans=2 fsegs=6 fkeys=516 femit=514 ftomb=2 scans=3 segs=6 keys=516 emit=514 tomb=2
2026-10-02T19:48:22.594Z raft-host: gc-frag group=0 scans=2 records=512 ms=270
2026-10-02T19:48:22.594Z raft-host: gc-pass ms=270 reap=0 frag=270 spread=0 recover=0 fscans=2 fsegs=6 fkeys=516 femit=514 ftomb=2 scans=3 segs=6 keys=516 emit=514 tomb=2
2026-10-02T19:48:23.516Z raft-obs: tx->1 enq=42521 drop=0 sent=42521 fail=0 hi=15 rtt_avg=40us get_avg=213us get_max=9049ms
2026-10-02T19:48:23.516Z raft-obs: tx->2 enq=41832 drop=0 sent=41832 fail=0 hi=13 rtt_avg=36us get_avg=213us get_max=8934ms
2026-10-02T19:48:23.516Z raft-obs: wait_timeouts=0 pump_hold_max=144us lock_wait_max=325us drain_max=144us tick_max=10us apply_max=138us persist_max=536us applies_in_worst=1 arc_miss=0 arc_term_miss=0 opid_replay=0 fin_q=0 fin_done=0 fin_drop=0 fin_full=0 pub_p50=0us pub_max=0us inbox_drop=0
2026-10-02T19:48:23.868Z raft-host: gc-frag group=0 scans=2 records=512 ms=270
2026-10-02T19:48:23.868Z raft-host: gc-pass ms=270 reap=0 frag=270 spread=0 recover=0 fscans=2 fsegs=6 fkeys=516 femit=514 ftomb=2 scans=3 segs=6 keys=516 emit=514 tomb=2
2026-10-02T19:48:25.143Z raft-host: gc-frag group=0 scans=2 records=512 ms=272
2026-10-02T19:48:25.143Z raft-host: gc-pass ms=272 reap=0 frag=272 spread=0 recover=0 fscans=2 fsegs=6 fkeys=516 femit=514 ftomb=2 scans=3 segs=6 keys=516 emit=514 tomb=2
2026-10-02T19:48:26.414Z raft-host: gc-frag group=0 scans=2 records=512 ms=268
2026-10-02T19:48:26.414Z raft-host: gc-pass ms=268 reap=0 frag=268 spread=0 recover=0 fscans=2 fsegs=6 fkeys=516 femit=514 ftomb=2 scans=3 segs=6 keys=516 emit=514 tomb=2
2026-10-02T19:48:27.689Z raft-host: gc-frag group=0 scans=2 records=512 ms=271
2026-10-02T19:48:27.689Z raft-host: gc-pass ms=271 reap=0 frag=271 spread=0 recover=0 fscans=2 fsegs=6 fkeys=516 femit=514 ftomb=2 scans=3 segs=6 keys=516 emit=514 tomb=2
2026-10-02T19:48:28.519Z raft-obs: tx->1 enq=42711 drop=0 sent=42711 fail=0 hi=15 rtt_avg=40us get_avg=212us get_max=9049ms
2026-10-02T19:48:28.519Z raft-obs: tx->2 enq=42022 drop=0 sent=42022 fail=0 hi=13 rtt_avg=36us get_avg=212us get_max=8934ms
2026-10-02T19:48:28.519Z raft-obs: wait_timeouts=0 pump_hold_max=143us lock_wait_max=304us drain_max=143us tick_max=4us apply_max=136us persist_max=538us applies_in_worst=1 arc_miss=0 arc_term_miss=0 opid_replay=0 fin_q=0 fin_done=0 fin_drop=0 fin_full=0 pub_p50=0us pub_max=0us inbox_drop=0
2026-10-02T19:48:28.962Z raft-host: gc-frag group=0 scans=2 records=512 ms=271
2026-10-02T19:48:28.962Z raft-host: gc-pass ms=271 reap=0 frag=271 spread=0 recover=0 fscans=2 fsegs=6 fkeys=516 femit=514 ftomb=2 scans=3 segs=6 keys=516 emit=514 tomb=2
2026-10-02T19:48:30.236Z raft-host: gc-frag group=0 scans=2 records=512 ms=271
2026-10-02T19:48:30.236Z raft-host: gc-pass ms=271 reap=0 frag=271 spread=0 recover=0 fscans=2 fsegs=6 fkeys=516 femit=514 ftomb=2 scans=3 segs=6 keys=516 emit=514 tomb=2
2026-10-02T19:48:31.512Z raft-host: gc-frag group=0 scans=2 records=512 ms=273
2026-10-02T19:48:31.512Z raft-host: gc-pass ms=273 reap=0 frag=273 spread=0 recover=0 fscans=2 fsegs=6 fkeys=516 femit=514 ftomb=2 scans=3 segs=6 keys=516 emit=514 tomb=2
2026-10-02T19:48:32.787Z raft-host: gc-frag group=0 scans=2 records=512 ms=271
2026-10-02T19:48:32.787Z raft-host: gc-pass ms=271 reap=0 frag=271 spread=0 recover=0 fscans=2 fsegs=6 fkeys=516 femit=514 ftomb=2 scans=3 segs=6 keys=516 emit=514 tomb=2
2026-10-02T19:48:33.521Z raft-obs: tx->1 enq=42901 drop=0 sent=42901 fail=0 hi=15 rtt_avg=40us get_avg=211us get_max=9049ms
2026-10-02T19:48:33.521Z raft-obs: tx->2 enq=42212 drop=0 sent=42212 fail=0 hi=13 rtt_avg=36us get_avg=211us get_max=8934ms
2026-10-02T19:48:33.521Z raft-obs: wait_timeouts=0 pump_hold_max=108us lock_wait_max=191us drain_max=108us tick_max=12us apply_max=102us persist_max=516us applies_in_worst=1 arc_miss=0 arc_term_miss=0 opid_replay=0 fin_q=0 fin_done=0 fin_drop=0 fin_full=0 pub_p50=0us pub_max=0us inbox_drop=0
2026-10-02T19:48:34.060Z raft-host: gc-frag group=0 scans=2 records=512 ms=270
2026-10-02T19:48:34.060Z raft-host: gc-pass ms=270 reap=0 frag=270 spread=0 recover=0 fscans=2 fsegs=6 fkeys=516 femit=514 ftomb=2 scans=3 segs=6 keys=516 emit=514 tomb=2
2026-10-02T19:48:35.334Z raft-host: gc-frag group=0 scans=2 records=512 ms=271
2026-10-02T19:48:35.334Z raft-host: gc-pass ms=271 reap=0 frag=271 spread=0 recover=0 fscans=2 fsegs=6 fkeys=516 femit=514 ftomb=2 scans=3 segs=6 keys=516 emit=514 tomb=2
2026-10-02T19:48:36.605Z raft-host: gc-frag group=0 scans=2 records=512 ms=268
2026-10-02T19:48:36.605Z raft-host: gc-pass ms=268 reap=0 frag=268 spread=0 recover=0 fscans=2 fsegs=6 fkeys=516 femit=514 ftomb=2 scans=3 segs=6 keys=516 emit=514 tomb=2
2026-10-02T19:48:37.881Z raft-host: gc-frag group=0 scans=2 records=512 ms=272
2026-10-02T19:48:37.881Z raft-host: gc-pass ms=272 reap=0 frag=272 spread=0 recover=0 fscans=2 fsegs=6 fkeys=516 femit=514 ftomb=2 scans=3 segs=6 keys=516 emit=514 tomb=2
2026-10-02T19:48:38.524Z raft-obs: tx->1 enq=43091 drop=0 sent=43091 fail=0 hi=15 rtt_avg=40us get_avg=210us get_max=9049ms
2026-10-02T19:48:38.524Z raft-obs: tx->2 enq=42402 drop=0 sent=42402 fail=0 hi=13 rtt_avg=36us get_avg=210us get_max=8934ms
2026-10-02T19:48:38.524Z raft-obs: wait_timeouts=0 pump_hold_max=89us lock_wait_max=262us drain_max=89us tick_max=5us apply_max=82us persist_max=506us applies_in_worst=1 arc_miss=0 arc_term_miss=0 opid_replay=0 fin_q=0 fin_done=0 fin_drop=0 fin_full=0 pub_p50=0us pub_max=0us inbox_drop=0
2026-10-02T19:48:39.154Z raft-host: gc-frag group=0 scans=2 records=512 ms=270
2026-10-02T19:48:39.154Z raft-host: gc-pass ms=270 reap=0 frag=270 spread=0 recover=0 fscans=2 fsegs=6 fkeys=516 femit=514 ftomb=2 scans=3 segs=6 keys=516 emit=514 tomb=2
2026-10-02T19:48:40.426Z raft-host: gc-frag group=0 scans=2 records=512 ms=269
2026-10-02T19:48:40.426Z raft-host: gc-pass ms=269 reap=0 frag=269 spread=0 recover=0 fscans=2 fsegs=6 fkeys=516 femit=514 ftomb=2 scans=3 segs=6 keys=516 emit=514 tomb=2
2026-10-02T19:48:41.700Z raft-host: gc-frag group=0 scans=2 records=512 ms=271
2026-10-02T19:48:41.700Z raft-host: gc-pass ms=271 reap=0 frag=271 spread=0 recover=0 fscans=2 fsegs=6 fkeys=516 femit=514 ftomb=2 scans=3 segs=6 keys=516 emit=514 tomb=2
2026-10-02T19:48:42.972Z raft-host: gc-frag group=0 scans=2 records=512 ms=269
2026-10-02T19:48:42.972Z raft-host: gc-pass ms=269 reap=0 frag=269 spread=0 recover=0 fscans=2 fsegs=6 fkeys=516 femit=514 ftomb=2 scans=3 segs=6 keys=516 emit=514 tomb=2
2026-10-02T19:48:43.525Z raft-obs: tx->1 enq=43281 drop=0 sent=43281 fail=0 hi=15 rtt_avg=40us get_avg=209us get_max=9049ms
2026-10-02T19:48:43.525Z raft-obs: tx->2 enq=42592 drop=0 sent=42592 fail=0 hi=13 rtt_avg=35us get_avg=210us get_max=8934ms
2026-10-02T19:48:43.525Z raft-obs: wait_timeouts=0 pump_hold_max=90us lock_wait_max=282us drain_max=90us tick_max=5us apply_max=83us persist_max=505us applies_in_worst=1 arc_miss=0 arc_term_miss=0 opid_replay=0 fin_q=0 fin_done=0 fin_drop=0 fin_full=0 pub_p50=0us pub_max=0us inbox_drop=0
2026-10-02T19:48:44.242Z raft-host: gc-frag group=0 scans=2 records=512 ms=266
2026-10-02T19:48:44.242Z raft-host: gc-pass ms=267 reap=0 frag=266 spread=0 recover=0 fscans=2 fsegs=6 fkeys=516 femit=514 ftomb=2 scans=3 segs=6 keys=516 emit=514 tomb=2
2026-10-02T19:48:45.518Z raft-host: gc-frag group=0 scans=2 records=512 ms=273
2026-10-02T19:48:45.518Z raft-host: gc-pass ms=273 reap=0 frag=273 spread=0 recover=0 fscans=2 fsegs=6 fkeys=516 femit=514 ftomb=2 scans=3 segs=6 keys=516 emit=514 tomb=2
2026-10-02T19:48:46.793Z raft-host: gc-frag group=0 scans=2 records=512 ms=271
2026-10-02T19:48:46.793Z raft-host: gc-pass ms=272 reap=0 frag=272 spread=0 recover=0 fscans=2 fsegs=6 fkeys=516 femit=514 ftomb=2 scans=3 segs=6 keys=516 emit=514 tomb=2
2026-10-02T19:48:48.065Z raft-host: gc-frag group=0 scans=2 records=512 ms=269
2026-10-02T19:48:48.065Z raft-host: gc-pass ms=269 reap=0 frag=269 spread=0 recover=0 fscans=2 fsegs=6 fkeys=516 femit=514 ftomb=2 scans=3 segs=6 keys=516 emit=514 tomb=2
2026-10-02T19:48:48.527Z raft-obs: tx->1 enq=43472 drop=0 sent=43472 fail=0 hi=15 rtt_avg=40us get_avg=208us get_max=9049ms
2026-10-02T19:48:48.527Z raft-obs: tx->2 enq=42783 drop=0 sent=42783 fail=0 hi=13 rtt_avg=35us get_avg=209us get_max=8934ms
2026-10-02T19:48:48.527Z raft-obs: wait_timeouts=0 pump_hold_max=137us lock_wait_max=313us drain_max=137us tick_max=11us apply_max=133us persist_max=522us applies_in_worst=1 arc_miss=0 arc_term_miss=0 opid_replay=0 fin_q=0 fin_done=0 fin_drop=0 fin_full=0 pub_p50=0us pub_max=0us inbox_drop=0
2026-10-02T19:48:49.337Z raft-host: gc-frag group=0 scans=2 records=512 ms=268
2026-10-02T19:48:49.337Z raft-host: gc-pass ms=268 reap=0 frag=268 spread=0 recover=0 fscans=2 fsegs=6 fkeys=516 femit=514 ftomb=2 scans=3 segs=6 keys=516 emit=514 tomb=2
2026-10-02T19:48:50.608Z raft-host: gc-frag group=0 scans=2 records=512 ms=268
2026-10-02T19:48:50.608Z raft-host: gc-pass ms=268 reap=0 frag=268 spread=0 recover=0 fscans=2 fsegs=6 fkeys=516 femit=514 ftomb=2 scans=3 segs=6 keys=516 emit=514 tomb=2
2026-10-02T19:48:51.880Z raft-host: gc-frag group=0 scans=2 records=512 ms=268
2026-10-02T19:48:51.880Z raft-host: gc-pass ms=269 reap=0 frag=268 spread=0 recover=0 fscans=2 fsegs=6 fkeys=516 femit=514 ftomb=2 scans=3 segs=6 keys=516 emit=514 tomb=2
2026-10-02T19:48:53.153Z raft-host: gc-frag group=0 scans=2 records=512 ms=270
2026-10-02T19:48:53.153Z raft-host: gc-pass ms=270 reap=0 frag=270 spread=0 recover=0 fscans=2 fsegs=6 fkeys=516 femit=514 ftomb=2 scans=3 segs=6 keys=516 emit=514 tomb=2
2026-10-02T19:48:53.528Z raft-obs: tx->1 enq=43662 drop=0 sent=43662 fail=0 hi=15 rtt_avg=40us get_avg=207us get_max=9049ms
2026-10-02T19:48:53.528Z raft-obs: tx->2 enq=42973 drop=0 sent=42973 fail=0 hi=13 rtt_avg=35us get_avg=208us get_max=8934ms
2026-10-02T19:48:53.528Z raft-obs: wait_timeouts=0 pump_hold_max=151us lock_wait_max=293us drain_max=151us tick_max=13us apply_max=144us persist_max=518us applies_in_worst=1 arc_miss=0 arc_term_miss=0 opid_replay=0 fin_q=0 fin_done=0 fin_drop=0 fin_full=0 pub_p50=0us pub_max=0us inbox_drop=0
2026-10-02T19:48:54.424Z raft-host: gc-frag group=0 scans=2 records=512 ms=268
2026-10-02T19:48:54.424Z raft-host: gc-pass ms=268 reap=0 frag=268 spread=0 recover=0 fscans=2 fsegs=6 fkeys=516 femit=514 ftomb=2 scans=3 segs=6 keys=516 emit=514 tomb=2
2026-10-02T19:48:55.695Z raft-host: gc-frag group=0 scans=2 records=512 ms=268
2026-10-02T19:48:55.695Z raft-host: gc-pass ms=268 reap=0 frag=268 spread=0 recover=0 fscans=2 fsegs=6 fkeys=516 femit=514 ftomb=2 scans=3 segs=6 keys=516 emit=514 tomb=2
2026-10-02T19:48:56.968Z raft-host: gc-frag group=0 scans=2 records=512 ms=269
2026-10-02T19:48:56.968Z raft-host: gc-pass ms=269 reap=0 frag=269 spread=0 recover=0 fscans=2 fsegs=6 fkeys=516 femit=514 ftomb=2 scans=3 segs=6 keys=516 emit=514 tomb=2
2026-10-02T19:48:58.237Z raft-host: gc-frag group=0 scans=2 records=512 ms=266
2026-10-02T19:48:58.237Z raft-host: gc-pass ms=266 reap=0 frag=266 spread=0 recover=0 fscans=2 fsegs=6 fkeys=516 femit=514 ftomb=2 scans=3 segs=6 keys=516 emit=514 tomb=2
2026-10-02T19:48:58.531Z raft-obs: tx->1 enq=43852 drop=0 sent=43852 fail=0 hi=15 rtt_avg=40us get_avg=206us get_max=9049ms
2026-10-02T19:48:58.531Z raft-obs: tx->2 enq=43163 drop=0 sent=43163 fail=0 hi=13 rtt_avg=35us get_avg=207us get_max=8934ms
2026-10-02T19:48:58.531Z raft-obs: wait_timeouts=0 pump_hold_max=151us lock_wait_max=265us drain_max=151us tick_max=5us apply_max=144us persist_max=534us applies_in_worst=1 arc_miss=0 arc_term_miss=0 opid_replay=0 fin_q=0 fin_done=0 fin_drop=0 fin_full=0 pub_p50=0us pub_max=0us inbox_drop=0
2026-10-02T19:48:59.505Z raft-host: gc-frag group=0 scans=2 records=512 ms=265
2026-10-02T19:48:59.505Z raft-host: gc-pass ms=265 reap=0 frag=265 spread=0 recover=0 fscans=2 fsegs=6 fkeys=516 femit=514 ftomb=2 scans=3 segs=6 keys=516 emit=514 tomb=2
2026-10-02T19:49:00.775Z raft-host: gc-frag group=0 scans=2 records=512 ms=266
2026-10-02T19:49:00.775Z raft-host: gc-pass ms=266 reap=0 frag=266 spread=0 recover=0 fscans=2 fsegs=6 fkeys=516 femit=514 ftomb=2 scans=3 segs=6 keys=516 emit=514 tomb=2
2026-10-02T19:49:02.044Z raft-host: gc-frag group=0 scans=2 records=512 ms=266
2026-10-02T19:49:02.044Z raft-host: gc-pass ms=266 reap=0 frag=266 spread=0 recover=0 fscans=2 fsegs=6 fkeys=516 femit=514 ftomb=2 scans=3 segs=6 keys=516 emit=514 tomb=2
2026-10-02T19:49:03.312Z raft-host: gc-frag group=0 scans=2 records=512 ms=265
2026-10-02T19:49:03.312Z raft-host: gc-pass ms=265 reap=0 frag=265 spread=0 recover=0 fscans=2 fsegs=6 fkeys=516 femit=514 ftomb=2 scans=3 segs=6 keys=516 emit=514 tomb=2
2026-10-02T19:49:03.535Z raft-obs: tx->1 enq=44043 drop=0 sent=44043 fail=0 hi=15 rtt_avg=40us get_avg=205us get_max=9049ms
2026-10-02T19:49:03.535Z raft-obs: tx->2 enq=43354 drop=0 sent=43354 fail=0 hi=13 rtt_avg=35us get_avg=206us get_max=8934ms
2026-10-02T19:49:03.535Z raft-obs: wait_timeouts=0 pump_hold_max=146us lock_wait_max=307us drain_max=146us tick_max=10us apply_max=139us persist_max=527us applies_in_worst=1 arc_miss=0 arc_term_miss=0 opid_replay=0 fin_q=0 fin_done=0 fin_drop=0 fin_full=0 pub_p50=0us pub_max=0us inbox_drop=0
2026-10-02T19:49:04.580Z raft-host: gc-frag group=0 scans=2 records=512 ms=265
2026-10-02T19:49:04.580Z raft-host: gc-pass ms=265 reap=0 frag=265 spread=0 recover=0 fscans=2 fsegs=6 fkeys=516 femit=514 ftomb=2 scans=3 segs=6 keys=516 emit=514 tomb=2
2026-10-02T19:49:05.850Z raft-host: gc-frag group=0 scans=2 records=512 ms=267
2026-10-02T19:49:05.850Z raft-host: gc-pass ms=267 reap=0 frag=267 spread=0 recover=0 fscans=2 fsegs=6 fkeys=516 femit=514 ftomb=2 scans=3 segs=6 keys=516 emit=514 tomb=2
2026-10-02T19:49:07.119Z raft-host: gc-frag group=0 scans=2 records=512 ms=266
2026-10-02T19:49:07.119Z raft-host: gc-pass ms=266 reap=0 frag=266 spread=0 recover=0 fscans=2 fsegs=6 fkeys=516 femit=514 ftomb=2 scans=3 segs=6 keys=516 emit=514 tomb=2
2026-10-02T19:49:08.387Z raft-host: gc-frag group=0 scans=2 records=512 ms=264
2026-10-02T19:49:08.387Z raft-host: gc-pass ms=264 reap=0 frag=264 spread=0 recover=0 fscans=2 fsegs=6 fkeys=516 femit=514 ftomb=2 scans=3 segs=6 keys=516 emit=514 tomb=2
2026-10-02T19:49:08.539Z raft-obs: tx->1 enq=44234 drop=0 sent=44233 fail=0 hi=15 rtt_avg=40us get_avg=204us get_max=9049ms
2026-10-02T19:49:08.539Z raft-obs: tx->2 enq=43545 drop=0 sent=43544 fail=0 hi=13 rtt_avg=35us get_avg=205us get_max=8934ms
2026-10-02T19:49:08.539Z raft-obs: wait_timeouts=0 pump_hold_max=122us lock_wait_max=311us drain_max=122us tick_max=17us apply_max=116us persist_max=524us applies_in_worst=1 arc_miss=0 arc_term_miss=0 opid_replay=0 fin_q=0 fin_done=0 fin_drop=0 fin_full=0 pub_p50=0us pub_max=0us inbox_drop=0
2026-10-02T19:49:09.658Z raft-host: gc-frag group=0 scans=2 records=512 ms=268
2026-10-02T19:49:09.658Z raft-host: gc-pass ms=268 reap=0 frag=268 spread=0 recover=0 fscans=2 fsegs=6 fkeys=516 femit=514 ftomb=2 scans=3 segs=6 keys=516 emit=514 tomb=2
2026-10-02T19:49:10.927Z raft-host: gc-frag group=0 scans=2 records=512 ms=266
2026-10-02T19:49:10.927Z raft-host: gc-pass ms=266 reap=0 frag=266 spread=0 recover=0 fscans=2 fsegs=6 fkeys=516 femit=514 ftomb=2 scans=3 segs=6 keys=516 emit=514 tomb=2
2026-10-02T19:49:12.196Z raft-host: gc-frag group=0 scans=2 records=512 ms=266
2026-10-02T19:49:12.196Z raft-host: gc-pass ms=266 reap=0 frag=266 spread=0 recover=0 fscans=2 fsegs=6 fkeys=516 femit=514 ftomb=2 scans=3 segs=6 keys=516 emit=514 tomb=2
2026-10-02T19:49:13.465Z raft-host: gc-frag group=0 scans=2 records=512 ms=265
2026-10-02T19:49:13.465Z raft-host: gc-pass ms=265 reap=0 frag=265 spread=0 recover=0 fscans=2 fsegs=6 fkeys=516 femit=514 ftomb=2 scans=3 segs=6 keys=516 emit=514 tomb=2
2026-10-02T19:49:13.541Z raft-obs: tx->1 enq=44424 drop=0 sent=44424 fail=0 hi=15 rtt_avg=40us get_avg=203us get_max=9049ms
2026-10-02T19:49:13.541Z raft-obs: tx->2 enq=43735 drop=0 sent=43735 fail=0 hi=13 rtt_avg=35us get_avg=204us get_max=8934ms
2026-10-02T19:49:13.541Z raft-obs: wait_timeouts=0 pump_hold_max=140us lock_wait_max=290us drain_max=140us tick_max=5us apply_max=132us persist_max=633us applies_in_worst=1 arc_miss=0 arc_term_miss=0 opid_replay=0 fin_q=0 fin_done=0 fin_drop=0 fin_full=0 pub_p50=0us pub_max=0us inbox_drop=0
2026-10-02T19:49:14.736Z raft-host: gc-frag group=0 scans=2 records=512 ms=268
2026-10-02T19:49:14.736Z raft-host: gc-pass ms=268 reap=0 frag=268 spread=0 recover=0 fscans=2 fsegs=6 fkeys=516 femit=514 ftomb=2 scans=3 segs=6 keys=516 emit=514 tomb=2
2026-10-02T19:49:16.006Z raft-host: gc-frag group=0 scans=2 records=512 ms=267
2026-10-02T19:49:16.006Z raft-host: gc-pass ms=267 reap=0 frag=267 spread=0 recover=0 fscans=2 fsegs=6 fkeys=516 femit=514 ftomb=2 scans=3 segs=6 keys=516 emit=514 tomb=2
2026-10-02T19:49:17.275Z raft-host: gc-frag group=0 scans=2 records=512 ms=266
2026-10-02T19:49:17.275Z raft-host: gc-pass ms=266 reap=0 frag=266 spread=0 recover=0 fscans=2 fsegs=6 fkeys=516 femit=514 ftomb=2 scans=3 segs=6 keys=516 emit=514 tomb=2
2026-10-02T19:49:18.543Z raft-obs: tx->1 enq=44612 drop=0 sent=44611 fail=0 hi=15 rtt_avg=40us get_avg=203us get_max=9049ms
2026-10-02T19:49:18.543Z raft-obs: tx->2 enq=43923 drop=0 sent=43922 fail=0 hi=13 rtt_avg=35us get_avg=203us get_max=8934ms
2026-10-02T19:49:18.543Z raft-obs: wait_timeouts=0 pump_hold_max=149us lock_wait_max=296us drain_max=149us tick_max=10us apply_max=141us persist_max=637us applies_in_worst=1 arc_miss=0 arc_term_miss=0 opid_replay=0 fin_q=0 fin_done=0 fin_drop=0 fin_full=0 pub_p50=0us pub_max=0us inbox_drop=0
2026-10-02T19:49:18.546Z raft-host: gc-frag group=0 scans=2 records=512 ms=267
2026-10-02T19:49:18.546Z raft-host: gc-pass ms=267 reap=0 frag=267 spread=0 recover=0 fscans=2 fsegs=6 fkeys=516 femit=514 ftomb=2 scans=3 segs=6 keys=516 emit=514 tomb=2
2026-10-02T19:49:19.817Z raft-host: gc-frag group=0 scans=2 records=512 ms=268
2026-10-02T19:49:19.817Z raft-host: gc-pass ms=268 reap=0 frag=268 spread=0 recover=0 fscans=2 fsegs=6 fkeys=516 femit=514 ftomb=2 scans=3 segs=6 keys=516 emit=514 tomb=2
2026-10-02T19:49:21.089Z raft-host: gc-frag group=0 scans=2 records=512 ms=268
2026-10-02T19:49:21.089Z raft-host: gc-pass ms=269 reap=0 frag=269 spread=0 recover=0 fscans=2 fsegs=6 fkeys=516 femit=514 ftomb=2 scans=3 segs=6 keys=516 emit=514 tomb=2
2026-10-02T19:49:22.359Z raft-host: gc-frag group=0 scans=2 records=512 ms=267
2026-10-02T19:49:22.359Z raft-host: gc-pass ms=267 reap=0 frag=267 spread=0 recover=0 fscans=2 fsegs=6 fkeys=516 femit=514 ftomb=2 scans=3 segs=6 keys=516 emit=514 tomb=2
2026-10-02T19:49:23.547Z raft-obs: tx->1 enq=44797 drop=0 sent=44797 fail=0 hi=15 rtt_avg=40us get_avg=202us get_max=9049ms
2026-10-02T19:49:23.547Z raft-obs: tx->2 enq=44108 drop=0 sent=44108 fail=0 hi=13 rtt_avg=35us get_avg=202us get_max=8934ms
2026-10-02T19:49:23.547Z raft-obs: wait_timeouts=0 pump_hold_max=129us lock_wait_max=298us drain_max=129us tick_max=12us apply_max=122us persist_max=538us applies_in_worst=1 arc_miss=0 arc_term_miss=0 opid_replay=0 fin_q=0 fin_done=0 fin_drop=0 fin_full=0 pub_p50=0us pub_max=0us inbox_drop=0
2026-10-02T19:49:23.630Z raft-host: gc-frag group=0 scans=2 records=512 ms=268
2026-10-02T19:49:23.631Z raft-host: gc-pass ms=268 reap=0 frag=268 spread=0 recover=0 fscans=2 fsegs=6 fkeys=516 femit=514 ftomb=2 scans=3 segs=6 keys=516 emit=514 tomb=2
2026-10-02T19:49:24.904Z raft-host: gc-frag group=0 scans=2 records=512 ms=270
2026-10-02T19:49:24.904Z raft-host: gc-pass ms=270 reap=0 frag=270 spread=0 recover=0 fscans=2 fsegs=6 fkeys=516 femit=514 ftomb=2 scans=3 segs=6 keys=516 emit=514 tomb=2
2026-10-02T19:49:26.177Z raft-host: gc-frag group=0 scans=2 records=512 ms=270
2026-10-02T19:49:26.177Z raft-host: gc-pass ms=270 reap=0 frag=270 spread=0 recover=0 fscans=2 fsegs=6 fkeys=516 femit=514 ftomb=2 scans=3 segs=6 keys=516 emit=514 tomb=2
2026-10-02T19:49:27.451Z raft-host: gc-frag group=0 scans=2 records=512 ms=271
2026-10-02T19:49:27.451Z raft-host: gc-pass ms=271 reap=0 frag=271 spread=0 recover=0 fscans=2 fsegs=6 fkeys=516 femit=514 ftomb=2 scans=3 segs=6 keys=516 emit=514 tomb=2
2026-10-02T19:49:28.548Z raft-obs: tx->1 enq=44979 drop=0 sent=44979 fail=0 hi=15 rtt_avg=40us get_avg=201us get_max=9049ms
2026-10-02T19:49:28.549Z raft-obs: tx->2 enq=44290 drop=0 sent=44290 fail=0 hi=13 rtt_avg=35us get_avg=201us get_max=8934ms
2026-10-02T19:49:28.549Z raft-obs: wait_timeouts=0 pump_hold_max=151us lock_wait_max=272us drain_max=151us tick_max=9us apply_max=143us persist_max=526us applies_in_worst=1 arc_miss=0 arc_term_miss=0 opid_replay=0 fin_q=0 fin_done=0 fin_drop=0 fin_full=0 pub_p50=0us pub_max=0us inbox_drop=0
2026-10-02T19:49:28.724Z raft-host: gc-frag group=0 scans=2 records=512 ms=269
2026-10-02T19:49:28.724Z raft-host: gc-pass ms=269 reap=0 frag=269 spread=0 recover=0 fscans=2 fsegs=6 fkeys=516 femit=514 ftomb=2 scans=3 segs=6 keys=516 emit=514 tomb=2
2026-10-02T19:49:29.996Z raft-host: gc-frag group=0 scans=2 records=512 ms=269
2026-10-02T19:49:29.996Z raft-host: gc-pass ms=269 reap=0 frag=269 spread=0 recover=0 fscans=2 fsegs=6 fkeys=516 femit=514 ftomb=2 scans=3 segs=6 keys=516 emit=514 tomb=2
2026-10-02T19:49:31.270Z raft-host: gc-frag group=0 scans=2 records=512 ms=271
2026-10-02T19:49:31.270Z raft-host: gc-pass ms=271 reap=0 frag=271 spread=0 recover=0 fscans=2 fsegs=6 fkeys=516 femit=514 ftomb=2 scans=3 segs=6 keys=516 emit=514 tomb=2
2026-10-02T19:49:32.543Z raft-host: gc-frag group=0 scans=2 records=512 ms=269
2026-10-02T19:49:32.543Z raft-host: gc-pass ms=269 reap=0 frag=269 spread=0 recover=0 fscans=2 fsegs=6 fkeys=516 femit=514 ftomb=2 scans=3 segs=6 keys=516 emit=514 tomb=2
2026-10-02T19:49:33.550Z raft-obs: tx->1 enq=45162 drop=0 sent=45162 fail=0 hi=15 rtt_avg=40us get_avg=200us get_max=9049ms
2026-10-02T19:49:33.550Z raft-obs: tx->2 enq=44473 drop=0 sent=44473 fail=0 hi=13 rtt_avg=35us get_avg=201us get_max=8934ms
2026-10-02T19:49:33.550Z raft-obs: wait_timeouts=0 pump_hold_max=130us lock_wait_max=278us drain_max=130us tick_max=10us apply_max=124us persist_max=530us applies_in_worst=1 arc_miss=0 arc_term_miss=0 opid_replay=0 fin_q=0 fin_done=0 fin_drop=0 fin_full=0 pub_p50=0us pub_max=0us inbox_drop=0
2026-10-02T19:49:33.815Z raft-host: gc-frag group=0 scans=2 records=512 ms=269
2026-10-02T19:49:33.815Z raft-host: gc-pass ms=269 reap=0 frag=269 spread=0 recover=0 fscans=2 fsegs=6 fkeys=516 femit=514 ftomb=2 scans=3 segs=6 keys=516 emit=514 tomb=2
2026-10-02T19:49:35.087Z raft-host: gc-frag group=0 scans=2 records=512 ms=269
2026-10-02T19:49:35.088Z raft-host: gc-pass ms=270 reap=0 frag=269 spread=0 recover=0 fscans=2 fsegs=6 fkeys=516 femit=514 ftomb=2 scans=3 segs=6 keys=516 emit=514 tomb=2
2026-10-02T19:49:36.359Z raft-host: gc-frag group=0 scans=2 records=512 ms=268
2026-10-02T19:49:36.359Z raft-host: gc-pass ms=268 reap=0 frag=268 spread=0 recover=0 fscans=2 fsegs=6 fkeys=516 femit=514 ftomb=2 scans=3 segs=6 keys=516 emit=514 tomb=2
2026-10-02T19:49:37.634Z raft-host: gc-frag group=0 scans=2 records=512 ms=271
2026-10-02T19:49:37.634Z raft-host: gc-pass ms=271 reap=0 frag=271 spread=0 recover=0 fscans=2 fsegs=6 fkeys=516 femit=514 ftomb=2 scans=3 segs=6 keys=516 emit=514 tomb=2
2026-10-02T19:49:38.550Z raft-obs: tx->1 enq=45353 drop=0 sent=45353 fail=0 hi=15 rtt_avg=40us get_avg=199us get_max=9049ms
2026-10-02T19:49:38.550Z raft-obs: tx->2 enq=44664 drop=0 sent=44664 fail=0 hi=13 rtt_avg=35us get_avg=200us get_max=8934ms
2026-10-02T19:49:38.550Z raft-obs: wait_timeouts=0 pump_hold_max=132us lock_wait_max=295us drain_max=132us tick_max=11us apply_max=126us persist_max=522us applies_in_worst=1 arc_miss=0 arc_term_miss=0 opid_replay=0 fin_q=0 fin_done=0 fin_drop=0 fin_full=0 pub_p50=0us pub_max=0us inbox_drop=0
2026-10-02T19:49:38.909Z raft-host: gc-frag group=0 scans=2 records=512 ms=271
2026-10-02T19:49:38.909Z raft-host: gc-pass ms=272 reap=0 frag=271 spread=0 recover=0 fscans=2 fsegs=6 fkeys=516 femit=514 ftomb=2 scans=3 segs=6 keys=516 emit=514 tomb=2
2026-10-02T19:49:40.178Z raft-host: gc-frag group=0 scans=2 records=512 ms=267
2026-10-02T19:49:40.178Z raft-host: gc-pass ms=267 reap=0 frag=267 spread=0 recover=0 fscans=2 fsegs=6 fkeys=516 femit=514 ftomb=2 scans=3 segs=6 keys=516 emit=514 tomb=2
2026-10-02T19:49:41.449Z raft-host: gc-frag group=0 scans=2 records=512 ms=268
2026-10-02T19:49:41.449Z raft-host: gc-pass ms=268 reap=0 frag=268 spread=0 recover=0 fscans=2 fsegs=6 fkeys=516 femit=514 ftomb=2 scans=3 segs=6 keys=516 emit=514 tomb=2
2026-10-02T19:49:42.722Z raft-host: gc-frag group=0 scans=2 records=512 ms=270
2026-10-02T19:49:42.722Z raft-host: gc-pass ms=270 reap=0 frag=270 spread=0 recover=0 fscans=2 fsegs=6 fkeys=516 femit=514 ftomb=2 scans=3 segs=6 keys=516 emit=514 tomb=2
2026-10-02T19:49:43.553Z raft-obs: tx->1 enq=45543 drop=0 sent=45543 fail=0 hi=15 rtt_avg=39us get_avg=198us get_max=9049ms
2026-10-02T19:49:43.553Z raft-obs: tx->2 enq=44854 drop=0 sent=44854 fail=0 hi=13 rtt_avg=35us get_avg=199us get_max=8934ms
2026-10-02T19:49:43.553Z raft-obs: wait_timeouts=0 pump_hold_max=102us lock_wait_max=322us drain_max=102us tick_max=5us apply_max=95us persist_max=639us applies_in_worst=1 arc_miss=0 arc_term_miss=0 opid_replay=0 fin_q=0 fin_done=0 fin_drop=0 fin_full=0 pub_p50=0us pub_max=0us inbox_drop=0
2026-10-02T19:49:43.994Z raft-host: gc-frag group=0 scans=2 records=512 ms=269
2026-10-02T19:49:43.994Z raft-host: gc-pass ms=269 reap=0 frag=269 spread=0 recover=0 fscans=2 fsegs=6 fkeys=516 femit=514 ftomb=2 scans=3 segs=6 keys=516 emit=514 tomb=2
2026-10-02T19:49:45.265Z raft-host: gc-frag group=0 scans=2 records=512 ms=267
2026-10-02T19:49:45.265Z raft-host: gc-pass ms=267 reap=0 frag=267 spread=0 recover=0 fscans=2 fsegs=6 fkeys=516 femit=514 ftomb=2 scans=3 segs=6 keys=516 emit=514 tomb=2
2026-10-02T19:49:46.535Z raft-host: gc-frag group=0 scans=2 records=512 ms=267
2026-10-02T19:49:46.535Z raft-host: gc-pass ms=267 reap=0 frag=267 spread=0 recover=0 fscans=2 fsegs=6 fkeys=516 femit=514 ftomb=2 scans=3 segs=6 keys=516 emit=514 tomb=2
2026-10-02T19:49:47.805Z raft-host: gc-frag group=0 scans=2 records=512 ms=267
2026-10-02T19:49:47.805Z raft-host: gc-pass ms=267 reap=0 frag=267 spread=0 recover=0 fscans=2 fsegs=6 fkeys=516 femit=514 ftomb=2 scans=3 segs=6 keys=516 emit=514 tomb=2
2026-10-02T19:49:48.555Z raft-obs: tx->1 enq=45733 drop=0 sent=45733 fail=0 hi=15 rtt_avg=39us get_avg=198us get_max=9049ms
2026-10-02T19:49:48.555Z raft-obs: tx->2 enq=45044 drop=0 sent=45044 fail=0 hi=13 rtt_avg=35us get_avg=198us get_max=8934ms
2026-10-02T19:49:48.555Z raft-obs: wait_timeouts=0 pump_hold_max=141us lock_wait_max=287us drain_max=141us tick_max=7us apply_max=134us persist_max=539us applies_in_worst=1 arc_miss=0 arc_term_miss=0 opid_replay=0 fin_q=0 fin_done=0 fin_drop=0 fin_full=0 pub_p50=0us pub_max=0us inbox_drop=0
2026-10-02T19:49:49.076Z raft-host: gc-frag group=0 scans=2 records=512 ms=268
2026-10-02T19:49:49.076Z raft-host: gc-pass ms=268 reap=0 frag=268 spread=0 recover=0 fscans=2 fsegs=6 fkeys=516 femit=514 ftomb=2 scans=3 segs=6 keys=516 emit=514 tomb=2
2026-10-02T19:49:50.348Z raft-host: gc-frag group=0 scans=2 records=512 ms=269
2026-10-02T19:49:50.348Z raft-host: gc-pass ms=269 reap=0 frag=269 spread=0 recover=0 fscans=2 fsegs=6 fkeys=516 femit=514 ftomb=2 scans=3 segs=6 keys=516 emit=514 tomb=2
2026-10-02T19:49:51.616Z raft-host: gc-frag group=0 scans=2 records=512 ms=265
2026-10-02T19:49:51.617Z raft-host: gc-pass ms=265 reap=0 frag=265 spread=0 recover=0 fscans=2 fsegs=6 fkeys=516 femit=514 ftomb=2 scans=3 segs=6 keys=516 emit=514 tomb=2
2026-10-02T19:49:52.886Z raft-host: gc-frag group=0 scans=2 records=512 ms=267
2026-10-02T19:49:52.886Z raft-host: gc-pass ms=267 reap=0 frag=267 spread=0 recover=0 fscans=2 fsegs=6 fkeys=516 femit=514 ftomb=2 scans=3 segs=6 keys=516 emit=514 tomb=2
2026-10-02T19:49:53.555Z raft-obs: tx->1 enq=45924 drop=0 sent=45924 fail=0 hi=15 rtt_avg=39us get_avg=197us get_max=9049ms
2026-10-02T19:49:53.555Z raft-obs: tx->2 enq=45235 drop=0 sent=45235 fail=0 hi=13 rtt_avg=35us get_avg=197us get_max=8934ms
2026-10-02T19:49:53.555Z raft-obs: wait_timeouts=0 pump_hold_max=189us lock_wait_max=276us drain_max=189us tick_max=12us apply_max=179us persist_max=533us applies_in_worst=1 arc_miss=0 arc_term_miss=0 opid_replay=0 fin_q=0 fin_done=0 fin_drop=0 fin_full=0 pub_p50=0us pub_max=0us inbox_drop=0
2026-10-02T19:49:54.156Z raft-host: gc-frag group=0 scans=2 records=512 ms=267
2026-10-02T19:49:54.156Z raft-host: gc-pass ms=267 reap=0 frag=267 spread=0 recover=0 fscans=2 fsegs=6 fkeys=516 femit=514 ftomb=2 scans=3 segs=6 keys=516 emit=514 tomb=2
2026-10-02T19:49:55.423Z raft-host: gc-frag group=0 scans=2 records=512 ms=263
2026-10-02T19:49:55.423Z raft-host: gc-pass ms=263 reap=0 frag=263 spread=0 recover=0 fscans=2 fsegs=6 fkeys=516 femit=514 ftomb=2 scans=3 segs=6 keys=516 emit=514 tomb=2
2026-10-02T19:49:56.691Z raft-host: gc-frag group=0 scans=2 records=512 ms=265
2026-10-02T19:49:56.691Z raft-host: gc-pass ms=265 reap=0 frag=265 spread=0 recover=0 fscans=2 fsegs=6 fkeys=516 femit=514 ftomb=2 scans=3 segs=6 keys=516 emit=514 tomb=2
2026-10-02T19:49:57.961Z raft-host: gc-frag group=0 scans=2 records=512 ms=266
2026-10-02T19:49:57.961Z raft-host: gc-pass ms=266 reap=0 frag=266 spread=0 recover=0 fscans=2 fsegs=6 fkeys=516 femit=514 ftomb=2 scans=3 segs=6 keys=516 emit=514 tomb=2
2026-10-02T19:49:58.559Z raft-obs: tx->1 enq=46114 drop=0 sent=46114 fail=0 hi=15 rtt_avg=39us get_avg=196us get_max=9049ms
2026-10-02T19:49:58.559Z raft-obs: tx->2 enq=45425 drop=0 sent=45425 fail=0 hi=13 rtt_avg=35us get_avg=196us get_max=8934ms
2026-10-02T19:49:58.559Z raft-obs: wait_timeouts=0 pump_hold_max=144us lock_wait_max=323us drain_max=144us tick_max=5us apply_max=137us persist_max=609us applies_in_worst=1 arc_miss=0 arc_term_miss=0 opid_replay=0 fin_q=0 fin_done=0 fin_drop=0 fin_full=0 pub_p50=0us pub_max=0us inbox_drop=0
2026-10-02T19:49:59.230Z raft-host: gc-frag group=0 scans=2 records=512 ms=266
2026-10-02T19:49:59.230Z raft-host: gc-pass ms=266 reap=0 frag=266 spread=0 recover=0 fscans=2 fsegs=6 fkeys=516 femit=514 ftomb=2 scans=3 segs=6 keys=516 emit=514 tomb=2
2026-10-02T19:50:00.500Z raft-host: gc-frag group=0 scans=2 records=512 ms=267
2026-10-02T19:50:00.500Z raft-host: gc-pass ms=267 reap=0 frag=267 spread=0 recover=0 fscans=2 fsegs=6 fkeys=516 femit=514 ftomb=2 scans=3 segs=6 keys=516 emit=514 tomb=2
2026-10-02T19:50:01.770Z raft-host: gc-frag group=0 scans=2 records=512 ms=267
2026-10-02T19:50:01.770Z raft-host: gc-pass ms=267 reap=0 frag=267 spread=0 recover=0 fscans=2 fsegs=6 fkeys=516 femit=514 ftomb=2 scans=3 segs=6 keys=516 emit=514 tomb=2
2026-10-02T19:50:03.038Z raft-host: gc-frag group=0 scans=2 records=512 ms=265
2026-10-02T19:50:03.038Z raft-host: gc-pass ms=265 reap=0 frag=265 spread=0 recover=0 fscans=2 fsegs=6 fkeys=516 femit=514 ftomb=2 scans=3 segs=6 keys=516 emit=514 tomb=2
2026-10-02T19:50:03.560Z raft-obs: tx->1 enq=46305 drop=0 sent=46305 fail=0 hi=15 rtt_avg=39us get_avg=195us get_max=9049ms
2026-10-02T19:50:03.560Z raft-obs: tx->2 enq=45616 drop=0 sent=45616 fail=0 hi=13 rtt_avg=35us get_avg=196us get_max=8934ms
2026-10-02T19:50:03.560Z raft-obs: wait_timeouts=0 pump_hold_max=161us lock_wait_max=308us drain_max=161us tick_max=5us apply_max=153us persist_max=611us applies_in_worst=1 arc_miss=0 arc_term_miss=0 opid_replay=0 fin_q=0 fin_done=0 fin_drop=0 fin_full=0 pub_p50=0us pub_max=0us inbox_drop=0
2026-10-02T19:50:04.312Z raft-host: gc-frag group=0 scans=2 records=512 ms=270
2026-10-02T19:50:04.312Z raft-host: gc-pass ms=270 reap=0 frag=270 spread=0 recover=0 fscans=2 fsegs=6 fkeys=516 femit=514 ftomb=2 scans=3 segs=6 keys=516 emit=514 tomb=2
2026-10-02T19:50:05.582Z raft-host: gc-frag group=0 scans=2 records=512 ms=267
2026-10-02T19:50:05.582Z raft-host: gc-pass ms=267 reap=0 frag=267 spread=0 recover=0 fscans=2 fsegs=6 fkeys=516 femit=514 ftomb=2 scans=3 segs=6 keys=516 emit=514 tomb=2
2026-10-02T19:50:06.851Z raft-host: gc-frag group=0 scans=2 records=512 ms=266
2026-10-02T19:50:06.851Z raft-host: gc-pass ms=266 reap=0 frag=266 spread=0 recover=0 fscans=2 fsegs=6 fkeys=516 femit=514 ftomb=2 scans=3 segs=6 keys=516 emit=514 tomb=2
2026-10-02T19:50:08.121Z raft-host: gc-frag group=0 scans=2 records=512 ms=266
2026-10-02T19:50:08.121Z raft-host: gc-pass ms=266 reap=0 frag=266 spread=0 recover=0 fscans=2 fsegs=6 fkeys=516 femit=514 ftomb=2 scans=3 segs=6 keys=516 emit=514 tomb=2
2026-10-02T19:50:08.561Z raft-obs: tx->1 enq=46495 drop=0 sent=46495 fail=0 hi=15 rtt_avg=39us get_avg=194us get_max=9049ms
2026-10-02T19:50:08.561Z raft-obs: tx->2 enq=45806 drop=0 sent=45806 fail=0 hi=13 rtt_avg=35us get_avg=195us get_max=8934ms
2026-10-02T19:50:08.561Z raft-obs: wait_timeouts=0 pump_hold_max=103us lock_wait_max=345us drain_max=103us tick_max=5us apply_max=96us persist_max=521us applies_in_worst=1 arc_miss=0 arc_term_miss=0 opid_replay=0 fin_q=0 fin_done=0 fin_drop=0 fin_full=0 pub_p50=0us pub_max=0us inbox_drop=0
2026-10-02T19:50:09.390Z raft-host: gc-frag group=0 scans=2 records=512 ms=266
2026-10-02T19:50:09.390Z raft-host: gc-pass ms=266 reap=0 frag=266 spread=0 recover=0 fscans=2 fsegs=6 fkeys=516 femit=514 ftomb=2 scans=3 segs=6 keys=516 emit=514 tomb=2
2026-10-02T19:50:10.658Z raft-host: gc-frag group=0 scans=2 records=512 ms=265
2026-10-02T19:50:10.658Z raft-host: gc-pass ms=265 reap=0 frag=265 spread=0 recover=0 fscans=2 fsegs=6 fkeys=516 femit=514 ftomb=2 scans=3 segs=6 keys=516 emit=514 tomb=2
2026-10-02T19:50:11.927Z raft-host: gc-frag group=0 scans=2 records=512 ms=266
2026-10-02T19:50:11.927Z raft-host: gc-pass ms=266 reap=0 frag=266 spread=0 recover=0 fscans=2 fsegs=6 fkeys=516 femit=514 ftomb=2 scans=3 segs=6 keys=516 emit=514 tomb=2
2026-10-02T19:50:13.197Z raft-host: gc-frag group=0 scans=2 records=512 ms=267
2026-10-02T19:50:13.197Z raft-host: gc-pass ms=267 reap=0 frag=267 spread=0 recover=0 fscans=2 fsegs=6 fkeys=516 femit=514 ftomb=2 scans=3 segs=6 keys=516 emit=514 tomb=2
2026-10-02T19:50:13.562Z raft-obs: tx->1 enq=46686 drop=0 sent=46686 fail=0 hi=15 rtt_avg=39us get_avg=194us get_max=9049ms
2026-10-02T19:50:13.562Z raft-obs: tx->2 enq=45997 drop=0 sent=45997 fail=0 hi=13 rtt_avg=35us get_avg=194us get_max=8934ms
2026-10-02T19:50:13.562Z raft-obs: wait_timeouts=0 pump_hold_max=121us lock_wait_max=294us drain_max=121us tick_max=6us apply_max=114us persist_max=534us applies_in_worst=1 arc_miss=0 arc_term_miss=0 opid_replay=0 fin_q=0 fin_done=0 fin_drop=0 fin_full=0 pub_p50=0us pub_max=0us inbox_drop=0
2026-10-02T19:50:14.466Z raft-host: gc-frag group=0 scans=2 records=512 ms=266
2026-10-02T19:50:14.466Z raft-host: gc-pass ms=266 reap=0 frag=266 spread=0 recover=0 fscans=2 fsegs=6 fkeys=516 femit=514 ftomb=2 scans=3 segs=6 keys=516 emit=514 tomb=2
2026-10-02T19:50:15.735Z raft-host: gc-frag group=0 scans=2 records=512 ms=266
2026-10-02T19:50:15.735Z raft-host: gc-pass ms=266 reap=0 frag=266 spread=0 recover=0 fscans=2 fsegs=6 fkeys=516 femit=514 ftomb=2 scans=3 segs=6 keys=516 emit=514 tomb=2
2026-10-02T19:50:17.005Z raft-host: gc-frag group=0 scans=2 records=512 ms=266
2026-10-02T19:50:17.005Z raft-host: gc-pass ms=266 reap=0 frag=266 spread=0 recover=0 fscans=2 fsegs=6 fkeys=516 femit=514 ftomb=2 scans=3 segs=6 keys=516 emit=514 tomb=2
2026-10-02T19:50:18.276Z raft-host: gc-frag group=0 scans=2 records=512 ms=268
2026-10-02T19:50:18.276Z raft-host: gc-pass ms=268 reap=0 frag=268 spread=0 recover=0 fscans=2 fsegs=6 fkeys=516 femit=514 ftomb=2 scans=3 segs=6 keys=516 emit=514 tomb=2
2026-10-02T19:50:18.565Z raft-obs: tx->1 enq=46876 drop=0 sent=46876 fail=0 hi=15 rtt_avg=39us get_avg=193us get_max=9049ms
2026-10-02T19:50:18.565Z raft-obs: tx->2 enq=46187 drop=0 sent=46187 fail=0 hi=13 rtt_avg=35us get_avg=193us get_max=8934ms
2026-10-02T19:50:18.565Z raft-obs: wait_timeouts=0 pump_hold_max=144us lock_wait_max=317us drain_max=144us tick_max=8us apply_max=136us persist_max=528us applies_in_worst=1 arc_miss=0 arc_term_miss=0 opid_replay=0 fin_q=0 fin_done=0 fin_drop=0 fin_full=0 pub_p50=0us pub_max=0us inbox_drop=0
2026-10-02T19:50:19.547Z raft-host: gc-frag group=0 scans=2 records=512 ms=267
2026-10-02T19:50:19.547Z raft-host: gc-pass ms=267 reap=0 frag=267 spread=0 recover=0 fscans=2 fsegs=6 fkeys=516 femit=514 ftomb=2 scans=3 segs=6 keys=516 emit=514 tomb=2
2026-10-02T19:50:20.816Z raft-host: gc-frag group=0 scans=2 records=512 ms=266
2026-10-02T19:50:20.816Z raft-host: gc-pass ms=266 reap=0 frag=266 spread=0 recover=0 fscans=2 fsegs=6 fkeys=516 femit=514 ftomb=2 scans=3 segs=6 keys=516 emit=514 tomb=2
2026-10-02T19:50:22.086Z raft-host: gc-frag group=0 scans=2 records=512 ms=266
2026-10-02T19:50:22.086Z raft-host: gc-pass ms=266 reap=0 frag=266 spread=0 recover=0 fscans=2 fsegs=6 fkeys=516 femit=514 ftomb=2 scans=3 segs=6 keys=516 emit=514 tomb=2
2026-10-02T19:50:23.354Z raft-host: gc-frag group=0 scans=2 records=512 ms=265
2026-10-02T19:50:23.354Z raft-host: gc-pass ms=265 reap=0 frag=265 spread=0 recover=0 fscans=2 fsegs=6 fkeys=516 femit=514 ftomb=2 scans=3 segs=6 keys=516 emit=514 tomb=2
2026-10-02T19:50:23.567Z raft-obs: tx->1 enq=47067 drop=0 sent=47067 fail=0 hi=15 rtt_avg=39us get_avg=192us get_max=9049ms
2026-10-02T19:50:23.567Z raft-obs: tx->2 enq=46378 drop=0 sent=46378 fail=0 hi=13 rtt_avg=35us get_avg=192us get_max=8934ms
2026-10-02T19:50:23.567Z raft-obs: wait_timeouts=0 pump_hold_max=149us lock_wait_max=338us drain_max=149us tick_max=7us apply_max=143us persist_max=525us applies_in_worst=1 arc_miss=0 arc_term_miss=0 opid_replay=0 fin_q=0 fin_done=0 fin_drop=0 fin_full=0 pub_p50=0us pub_max=0us inbox_drop=0
2026-10-02T19:50:24.622Z raft-host: gc-frag group=0 scans=2 records=512 ms=265
2026-10-02T19:50:24.622Z raft-host: gc-pass ms=265 reap=0 frag=265 spread=0 recover=0 fscans=2 fsegs=6 fkeys=516 femit=514 ftomb=2 scans=3 segs=6 keys=516 emit=514 tomb=2
2026-10-02T19:50:25.895Z raft-host: gc-frag group=0 scans=2 records=512 ms=270
2026-10-02T19:50:25.895Z raft-host: gc-pass ms=270 reap=0 frag=270 spread=0 recover=0 fscans=2 fsegs=6 fkeys=516 femit=514 ftomb=2 scans=3 segs=6 keys=516 emit=514 tomb=2
2026-10-02T19:50:27.167Z raft-host: gc-frag group=0 scans=2 records=512 ms=269
2026-10-02T19:50:27.167Z raft-host: gc-pass ms=269 reap=0 frag=269 spread=0 recover=0 fscans=2 fsegs=6 fkeys=516 femit=514 ftomb=2 scans=3 segs=6 keys=516 emit=514 tomb=2
2026-10-02T19:50:28.436Z raft-host: gc-frag group=0 scans=2 records=512 ms=266
2026-10-02T19:50:28.436Z raft-host: gc-pass ms=266 reap=0 frag=266 spread=0 recover=0 fscans=2 fsegs=6 fkeys=516 femit=514 ftomb=2 scans=3 segs=6 keys=516 emit=514 tomb=2
2026-10-02T19:50:28.568Z raft-obs: tx->1 enq=47257 drop=0 sent=47257 fail=0 hi=15 rtt_avg=39us get_avg=191us get_max=9049ms
2026-10-02T19:50:28.568Z raft-obs: tx->2 enq=46568 drop=0 sent=46568 fail=0 hi=13 rtt_avg=35us get_avg=192us get_max=8934ms
2026-10-02T19:50:28.568Z raft-obs: wait_timeouts=0 pump_hold_max=143us lock_wait_max=294us drain_max=143us tick_max=6us apply_max=137us persist_max=553us applies_in_worst=1 arc_miss=0 arc_term_miss=0 opid_replay=0 fin_q=0 fin_done=0 fin_drop=0 fin_full=0 pub_p50=0us pub_max=0us inbox_drop=0
2026-10-02T19:50:29.625Z kv-compact: start l0=138 inputs=4 range=1 l0only=0
2026-10-02T19:50:29.714Z raft-host: gc-frag group=0 scans=2 records=512 ms=274
2026-10-02T19:50:29.714Z raft-host: gc-pass ms=275 reap=0 frag=274 spread=0 recover=0 fscans=2 fsegs=6 fkeys=516 femit=514 ftomb=2 scans=3 segs=6 keys=516 emit=514 tomb=2
2026-10-02T19:50:29.736Z kv-compact: end bytes=56447340 ms=110 l0=136 l1=159 rc=0
2026-10-02T19:50:30.981Z raft-host: gc-frag group=0 scans=2 records=512 ms=264
2026-10-02T19:50:30.981Z raft-host: gc-pass ms=264 reap=0 frag=264 spread=0 recover=0 fscans=2 fsegs=2 fkeys=516 femit=514 ftomb=2 scans=3 segs=2 keys=516 emit=514 tomb=2
2026-10-02T19:50:32.250Z raft-host: gc-frag group=0 scans=2 records=512 ms=265
2026-10-02T19:50:32.250Z raft-host: gc-pass ms=265 reap=0 frag=265 spread=0 recover=0 fscans=2 fsegs=2 fkeys=516 femit=514 ftomb=2 scans=3 segs=2 keys=516 emit=514 tomb=2
2026-10-02T19:50:33.519Z raft-host: gc-frag group=0 scans=2 records=512 ms=266
2026-10-02T19:50:33.519Z raft-host: gc-pass ms=266 reap=0 frag=266 spread=0 recover=0 fscans=2 fsegs=2 fkeys=516 femit=514 ftomb=2 scans=3 segs=2 keys=516 emit=514 tomb=2
2026-10-02T19:50:33.570Z raft-obs: tx->1 enq=47448 drop=0 sent=47447 fail=0 hi=15 rtt_avg=39us get_avg=190us get_max=9049ms
2026-10-02T19:50:33.570Z raft-obs: tx->2 enq=46759 drop=0 sent=46758 fail=0 hi=13 rtt_avg=35us get_avg=191us get_max=8934ms
2026-10-02T19:50:33.570Z raft-obs: wait_timeouts=0 pump_hold_max=6164us lock_wait_max=674us drain_max=6163us tick_max=8us apply_max=6156us persist_max=902us applies_in_worst=1 arc_miss=0 arc_term_miss=0 opid_replay=0 fin_q=0 fin_done=0 fin_drop=0 fin_full=0 pub_p50=0us pub_max=0us inbox_drop=0
2026-10-02T19:50:34.789Z raft-host: gc-frag group=0 scans=2 records=512 ms=267
2026-10-02T19:50:34.789Z raft-host: gc-pass ms=267 reap=0 frag=267 spread=0 recover=0 fscans=2 fsegs=2 fkeys=516 femit=514 ftomb=2 scans=3 segs=2 keys=516 emit=514 tomb=2
2026-10-02T19:50:36.057Z raft-host: gc-frag group=0 scans=2 records=512 ms=264
2026-10-02T19:50:36.057Z raft-host: gc-pass ms=264 reap=0 frag=264 spread=0 recover=0 fscans=2 fsegs=2 fkeys=516 femit=514 ftomb=2 scans=3 segs=2 keys=516 emit=514 tomb=2
2026-10-02T19:50:37.326Z raft-host: gc-frag group=0 scans=2 records=512 ms=266
2026-10-02T19:50:37.326Z raft-host: gc-pass ms=266 reap=0 frag=266 spread=0 recover=0 fscans=2 fsegs=2 fkeys=516 femit=514 ftomb=2 scans=3 segs=2 keys=516 emit=514 tomb=2
2026-10-02T19:50:38.570Z raft-obs: tx->1 enq=47635 drop=0 sent=47634 fail=0 hi=15 rtt_avg=39us get_avg=190us get_max=9049ms
2026-10-02T19:50:38.570Z raft-obs: tx->2 enq=46946 drop=0 sent=46945 fail=0 hi=13 rtt_avg=35us get_avg=190us get_max=8934ms
2026-10-02T19:50:38.570Z raft-obs: wait_timeouts=0 pump_hold_max=80us lock_wait_max=322us drain_max=80us tick_max=8us apply_max=73us persist_max=526us applies_in_worst=1 arc_miss=0 arc_term_miss=0 opid_replay=0 fin_q=0 fin_done=0 fin_drop=0 fin_full=0 pub_p50=0us pub_max=0us inbox_drop=0
2026-10-02T19:50:38.594Z raft-host: gc-frag group=0 scans=2 records=512 ms=265
2026-10-02T19:50:38.594Z raft-host: gc-pass ms=265 reap=0 frag=265 spread=0 recover=0 fscans=2 fsegs=2 fkeys=516 femit=514 ftomb=2 scans=3 segs=2 keys=516 emit=514 tomb=2
2026-10-02T19:50:39.865Z raft-host: gc-frag group=0 scans=2 records=512 ms=268
2026-10-02T19:50:39.865Z raft-host: gc-pass ms=268 reap=0 frag=268 spread=0 recover=0 fscans=2 fsegs=2 fkeys=516 femit=514 ftomb=2 scans=3 segs=2 keys=516 emit=514 tomb=2
2026-10-02T19:50:41.133Z raft-host: gc-frag group=0 scans=2 records=512 ms=264
2026-10-02T19:50:41.133Z raft-host: gc-pass ms=264 reap=0 frag=264 spread=0 recover=0 fscans=2 fsegs=2 fkeys=516 femit=514 ftomb=2 scans=3 segs=2 keys=516 emit=514 tomb=2
2026-10-02T19:50:42.399Z raft-host: gc-frag group=0 scans=2 records=512 ms=263
2026-10-02T19:50:42.399Z raft-host: gc-pass ms=263 reap=0 frag=263 spread=0 recover=0 fscans=2 fsegs=2 fkeys=516 femit=514 ftomb=2 scans=3 segs=2 keys=516 emit=514 tomb=2
2026-10-02T19:50:43.574Z raft-obs: tx->1 enq=47819 drop=0 sent=47819 fail=0 hi=15 rtt_avg=39us get_avg=189us get_max=9049ms
2026-10-02T19:50:43.574Z raft-obs: tx->2 enq=47130 drop=0 sent=47130 fail=0 hi=13 rtt_avg=35us get_avg=189us get_max=8934ms
2026-10-02T19:50:43.574Z raft-obs: wait_timeouts=0 pump_hold_max=125us lock_wait_max=300us drain_max=125us tick_max=10us apply_max=118us persist_max=528us applies_in_worst=1 arc_miss=0 arc_term_miss=0 opid_replay=0 fin_q=0 fin_done=0 fin_drop=0 fin_full=0 pub_p50=0us pub_max=0us inbox_drop=0
2026-10-02T19:50:43.668Z raft-host: gc-frag group=0 scans=2 records=512 ms=265
2026-10-02T19:50:43.668Z raft-host: gc-pass ms=266 reap=0 frag=265 spread=0 recover=0 fscans=2 fsegs=2 fkeys=516 femit=514 ftomb=2 scans=3 segs=2 keys=516 emit=514 tomb=2
2026-10-02T19:50:44.932Z raft-host: gc-frag group=0 scans=2 records=512 ms=261
2026-10-02T19:50:44.932Z raft-host: gc-pass ms=261 reap=0 frag=261 spread=0 recover=0 fscans=2 fsegs=2 fkeys=516 femit=514 ftomb=2 scans=3 segs=2 keys=516 emit=514 tomb=2
2026-10-02T19:50:46.201Z raft-host: gc-frag group=0 scans=2 records=512 ms=265
2026-10-02T19:50:46.201Z raft-host: gc-pass ms=265 reap=0 frag=265 spread=0 recover=0 fscans=2 fsegs=2 fkeys=516 femit=514 ftomb=2 scans=3 segs=2 keys=516 emit=514 tomb=2
2026-10-02T19:50:47.469Z raft-host: gc-frag group=0 scans=2 records=512 ms=265
2026-10-02T19:50:47.469Z raft-host: gc-pass ms=265 reap=0 frag=265 spread=0 recover=0 fscans=2 fsegs=2 fkeys=516 femit=514 ftomb=2 scans=3 segs=2 keys=516 emit=514 tomb=2
2026-10-02T19:50:48.577Z raft-obs: tx->1 enq=48003 drop=0 sent=48003 fail=0 hi=15 rtt_avg=39us get_avg=188us get_max=9049ms
2026-10-02T19:50:48.577Z raft-obs: tx->2 enq=47314 drop=0 sent=47314 fail=0 hi=13 rtt_avg=35us get_avg=189us get_max=8934ms
2026-10-02T19:50:48.577Z raft-obs: wait_timeouts=0 pump_hold_max=106us lock_wait_max=383us drain_max=106us tick_max=11us apply_max=96us persist_max=574us applies_in_worst=1 arc_miss=0 arc_term_miss=0 opid_replay=0 fin_q=0 fin_done=0 fin_drop=0 fin_full=0 pub_p50=0us pub_max=0us inbox_drop=0
2026-10-02T19:50:48.741Z raft-host: gc-frag group=0 scans=2 records=512 ms=268
2026-10-02T19:50:48.741Z raft-host: gc-pass ms=268 reap=0 frag=268 spread=0 recover=0 fscans=2 fsegs=2 fkeys=516 femit=514 ftomb=2 scans=3 segs=2 keys=516 emit=514 tomb=2
2026-10-02T19:50:50.011Z raft-host: gc-frag group=0 scans=2 records=512 ms=267
2026-10-02T19:50:50.011Z raft-host: gc-pass ms=267 reap=0 frag=267 spread=0 recover=0 fscans=2 fsegs=2 fkeys=516 femit=514 ftomb=2 scans=3 segs=2 keys=516 emit=514 tomb=2
2026-10-02T19:50:51.285Z raft-host: gc-frag group=0 scans=2 records=512 ms=270
2026-10-02T19:50:51.285Z raft-host: gc-pass ms=270 reap=0 frag=270 spread=0 recover=0 fscans=2 fsegs=2 fkeys=516 femit=514 ftomb=2 scans=3 segs=2 keys=516 emit=514 tomb=2
2026-10-02T19:50:52.552Z raft-host: gc-frag group=0 scans=2 records=512 ms=264
2026-10-02T19:50:52.552Z raft-host: gc-pass ms=264 reap=0 frag=264 spread=0 recover=0 fscans=2 fsegs=2 fkeys=516 femit=514 ftomb=2 scans=3 segs=2 keys=516 emit=514 tomb=2
2026-10-02T19:50:53.577Z raft-obs: tx->1 enq=48188 drop=0 sent=48187 fail=0 hi=15 rtt_avg=39us get_avg=188us get_max=9049ms
2026-10-02T19:50:53.577Z raft-obs: tx->2 enq=47499 drop=0 sent=47498 fail=0 hi=13 rtt_avg=35us get_avg=188us get_max=8934ms
2026-10-02T19:50:53.577Z raft-obs: wait_timeouts=0 pump_hold_max=127us lock_wait_max=296us drain_max=127us tick_max=6us apply_max=117us persist_max=548us applies_in_worst=1 arc_miss=0 arc_term_miss=0 opid_replay=0 fin_q=0 fin_done=0 fin_drop=0 fin_full=0 pub_p50=0us pub_max=0us inbox_drop=0
2026-10-02T19:50:53.823Z raft-host: gc-frag group=0 scans=2 records=512 ms=268
2026-10-02T19:50:53.823Z raft-host: gc-pass ms=268 reap=0 frag=268 spread=0 recover=0 fscans=2 fsegs=2 fkeys=516 femit=514 ftomb=2 scans=3 segs=2 keys=516 emit=514 tomb=2
2026-10-02T19:50:55.093Z raft-host: gc-frag group=0 scans=2 records=512 ms=267
2026-10-02T19:50:55.093Z raft-host: gc-pass ms=267 reap=0 frag=267 spread=0 recover=0 fscans=2 fsegs=2 fkeys=516 femit=514 ftomb=2 scans=3 segs=2 keys=516 emit=514 tomb=2
2026-10-02T19:50:56.361Z raft-host: gc-frag group=0 scans=2 records=512 ms=265
2026-10-02T19:50:56.361Z raft-host: gc-pass ms=265 reap=0 frag=265 spread=0 recover=0 fscans=2 fsegs=2 fkeys=516 femit=514 ftomb=2 scans=3 segs=2 keys=516 emit=514 tomb=2
2026-10-02T19:50:57.630Z raft-host: gc-frag group=0 scans=2 records=512 ms=266
2026-10-02T19:50:57.630Z raft-host: gc-pass ms=266 reap=0 frag=266 spread=0 recover=0 fscans=2 fsegs=2 fkeys=516 femit=514 ftomb=2 scans=3 segs=2 keys=516 emit=514 tomb=2
2026-10-02T19:50:58.577Z raft-obs: tx->1 enq=48377 drop=0 sent=48377 fail=0 hi=15 rtt_avg=39us get_avg=187us get_max=9049ms
2026-10-02T19:50:58.577Z raft-obs: tx->2 enq=47688 drop=0 sent=47688 fail=0 hi=13 rtt_avg=35us get_avg=187us get_max=8934ms
2026-10-02T19:50:58.577Z raft-obs: wait_timeouts=0 pump_hold_max=136us lock_wait_max=292us drain_max=136us tick_max=5us apply_max=128us persist_max=523us applies_in_worst=1 arc_miss=0 arc_term_miss=0 opid_replay=0 fin_q=0 fin_done=0 fin_drop=0 fin_full=0 pub_p50=0us pub_max=0us inbox_drop=0
2026-10-02T19:50:58.898Z raft-host: gc-frag group=0 scans=2 records=512 ms=264
2026-10-02T19:50:58.898Z raft-host: gc-pass ms=264 reap=0 frag=264 spread=0 recover=0 fscans=2 fsegs=2 fkeys=516 femit=514 ftomb=2 scans=3 segs=2 keys=516 emit=514 tomb=2
2026-10-02T19:51:00.168Z raft-host: gc-frag group=0 scans=2 records=512 ms=267
2026-10-02T19:51:00.168Z raft-host: gc-pass ms=267 reap=0 frag=267 spread=0 recover=0 fscans=2 fsegs=2 fkeys=516 femit=514 ftomb=2 scans=3 segs=2 keys=516 emit=514 tomb=2
2026-10-02T19:51:01.436Z raft-host: gc-frag group=0 scans=2 records=512 ms=265
2026-10-02T19:51:01.436Z raft-host: gc-pass ms=265 reap=0 frag=265 spread=0 recover=0 fscans=2 fsegs=2 fkeys=516 femit=514 ftomb=2 scans=3 segs=2 keys=516 emit=514 tomb=2
2026-10-02T19:51:02.705Z raft-host: gc-frag group=0 scans=2 records=512 ms=266
2026-10-02T19:51:02.706Z raft-host: gc-pass ms=266 reap=0 frag=266 spread=0 recover=0 fscans=2 fsegs=2 fkeys=516 femit=514 ftomb=2 scans=3 segs=2 keys=516 emit=514 tomb=2
2026-10-02T19:51:03.577Z raft-obs: tx->1 enq=48568 drop=0 sent=48568 fail=0 hi=15 rtt_avg=39us get_avg=186us get_max=9049ms
2026-10-02T19:51:03.577Z raft-obs: tx->2 enq=47879 drop=0 sent=47879 fail=0 hi=13 rtt_avg=35us get_avg=186us get_max=8934ms
2026-10-02T19:51:03.577Z raft-obs: wait_timeouts=0 pump_hold_max=132us lock_wait_max=279us drain_max=132us tick_max=6us apply_max=125us persist_max=540us applies_in_worst=1 arc_miss=0 arc_term_miss=0 opid_replay=0 fin_q=0 fin_done=0 fin_drop=0 fin_full=0 pub_p50=0us pub_max=0us inbox_drop=0
2026-10-02T19:51:03.975Z raft-host: gc-frag group=0 scans=2 records=512 ms=266
2026-10-02T19:51:03.975Z raft-host: gc-pass ms=266 reap=0 frag=266 spread=0 recover=0 fscans=2 fsegs=2 fkeys=516 femit=514 ftomb=2 scans=3 segs=2 keys=516 emit=514 tomb=2
2026-10-02T19:51:05.246Z raft-host: gc-frag group=0 scans=2 records=512 ms=268
2026-10-02T19:51:05.247Z raft-host: gc-pass ms=268 reap=0 frag=268 spread=0 recover=0 fscans=2 fsegs=2 fkeys=516 femit=514 ftomb=2 scans=3 segs=2 keys=516 emit=514 tomb=2
2026-10-02T19:51:06.510Z raft-host: gc-frag group=0 scans=2 records=512 ms=261
2026-10-02T19:51:06.511Z raft-host: gc-pass ms=261 reap=0 frag=261 spread=0 recover=0 fscans=2 fsegs=2 fkeys=516 femit=514 ftomb=2 scans=3 segs=2 keys=516 emit=514 tomb=2
2026-10-02T19:51:07.778Z raft-host: gc-frag group=0 scans=2 records=512 ms=265
2026-10-02T19:51:07.778Z raft-host: gc-pass ms=265 reap=0 frag=265 spread=0 recover=0 fscans=2 fsegs=2 fkeys=516 femit=514 ftomb=2 scans=3 segs=2 keys=516 emit=514 tomb=2
2026-10-02T19:51:08.578Z raft-obs: tx->1 enq=48758 drop=0 sent=48758 fail=0 hi=15 rtt_avg=39us get_avg=185us get_max=9049ms
2026-10-02T19:51:08.578Z raft-obs: tx->2 enq=48069 drop=0 sent=48069 fail=0 hi=13 rtt_avg=35us get_avg=186us get_max=8934ms
2026-10-02T19:51:08.578Z raft-obs: wait_timeouts=0 pump_hold_max=79us lock_wait_max=232us drain_max=79us tick_max=6us apply_max=73us persist_max=519us applies_in_worst=1 arc_miss=0 arc_term_miss=0 opid_replay=0 fin_q=0 fin_done=0 fin_drop=0 fin_full=0 pub_p50=0us pub_max=0us inbox_drop=0
2026-10-02T19:51:09.045Z raft-host: gc-frag group=0 scans=2 records=512 ms=263
2026-10-02T19:51:09.045Z raft-host: gc-pass ms=263 reap=0 frag=263 spread=0 recover=0 fscans=2 fsegs=2 fkeys=516 femit=514 ftomb=2 scans=3 segs=2 keys=516 emit=514 tomb=2
2026-10-02T19:51:10.313Z raft-host: gc-frag group=0 scans=2 records=512 ms=265
2026-10-02T19:51:10.313Z raft-host: gc-pass ms=265 reap=0 frag=265 spread=0 recover=0 fscans=2 fsegs=2 fkeys=516 femit=514 ftomb=2 scans=3 segs=2 keys=516 emit=514 tomb=2
2026-10-02T19:51:11.585Z raft-host: gc-frag group=0 scans=2 records=512 ms=269
2026-10-02T19:51:11.585Z raft-host: gc-pass ms=269 reap=0 frag=269 spread=0 recover=0 fscans=2 fsegs=2 fkeys=516 femit=514 ftomb=2 scans=3 segs=2 keys=516 emit=514 tomb=2
2026-10-02T19:51:12.857Z raft-host: gc-frag group=0 scans=2 records=512 ms=268
2026-10-02T19:51:12.857Z raft-host: gc-pass ms=268 reap=0 frag=268 spread=0 recover=0 fscans=2 fsegs=2 fkeys=516 femit=514 ftomb=2 scans=3 segs=2 keys=516 emit=514 tomb=2
2026-10-02T19:51:13.581Z raft-obs: tx->1 enq=48949 drop=0 sent=48949 fail=0 hi=15 rtt_avg=39us get_avg=185us get_max=9049ms
2026-10-02T19:51:13.581Z raft-obs: tx->2 enq=48260 drop=0 sent=48260 fail=0 hi=13 rtt_avg=35us get_avg=185us get_max=8934ms
2026-10-02T19:51:13.581Z raft-obs: wait_timeouts=0 pump_hold_max=108us lock_wait_max=263us drain_max=108us tick_max=5us apply_max=100us persist_max=541us applies_in_worst=1 arc_miss=0 arc_term_miss=0 opid_replay=0 fin_q=0 fin_done=0 fin_drop=0 fin_full=0 pub_p50=0us pub_max=0us inbox_drop=0
2026-10-02T19:51:14.129Z raft-host: gc-frag group=0 scans=2 records=512 ms=269
2026-10-02T19:51:14.129Z raft-host: gc-pass ms=269 reap=0 frag=269 spread=0 recover=0 fscans=2 fsegs=2 fkeys=516 femit=514 ftomb=2 scans=3 segs=2 keys=516 emit=514 tomb=2
2026-10-02T19:51:15.399Z raft-host: gc-frag group=0 scans=2 records=512 ms=267
2026-10-02T19:51:15.399Z raft-host: gc-pass ms=267 reap=0 frag=267 spread=0 recover=0 fscans=2 fsegs=2 fkeys=516 femit=514 ftomb=2 scans=3 segs=2 keys=516 emit=514 tomb=2
2026-10-02T19:51:16.669Z raft-host: gc-frag group=0 scans=2 records=512 ms=267
2026-10-02T19:51:16.669Z raft-host: gc-pass ms=267 reap=0 frag=267 spread=0 recover=0 fscans=2 fsegs=2 fkeys=516 femit=514 ftomb=2 scans=3 segs=2 keys=516 emit=514 tomb=2
2026-10-02T19:51:17.939Z raft-host: gc-frag group=0 scans=2 records=512 ms=266
2026-10-02T19:51:17.939Z raft-host: gc-pass ms=266 reap=0 frag=266 spread=0 recover=0 fscans=2 fsegs=2 fkeys=516 femit=514 ftomb=2 scans=3 segs=2 keys=516 emit=514 tomb=2
2026-10-02T19:51:18.582Z raft-obs: tx->1 enq=49139 drop=0 sent=49139 fail=0 hi=15 rtt_avg=39us get_avg=184us get_max=9049ms
2026-10-02T19:51:18.582Z raft-obs: tx->2 enq=48450 drop=0 sent=48450 fail=0 hi=13 rtt_avg=35us get_avg=184us get_max=8934ms
2026-10-02T19:51:18.582Z raft-obs: wait_timeouts=0 pump_hold_max=122us lock_wait_max=323us drain_max=122us tick_max=7us apply_max=116us persist_max=536us applies_in_worst=1 arc_miss=0 arc_term_miss=0 opid_replay=0 fin_q=0 fin_done=0 fin_drop=0 fin_full=0 pub_p50=0us pub_max=0us inbox_drop=0
2026-10-02T19:51:19.214Z raft-host: gc-frag group=0 scans=2 records=512 ms=272
2026-10-02T19:51:19.214Z raft-host: gc-pass ms=272 reap=0 frag=272 spread=0 recover=0 fscans=2 fsegs=2 fkeys=516 femit=514 ftomb=2 scans=3 segs=2 keys=516 emit=514 tomb=2
2026-10-02T19:51:20.485Z raft-host: gc-frag group=0 scans=2 records=512 ms=268
2026-10-02T19:51:20.485Z raft-host: gc-pass ms=269 reap=0 frag=268 spread=0 recover=0 fscans=2 fsegs=2 fkeys=516 femit=514 ftomb=2 scans=3 segs=2 keys=516 emit=514 tomb=2
2026-10-02T19:51:21.756Z raft-host: gc-frag group=0 scans=2 records=512 ms=268
2026-10-02T19:51:21.756Z raft-host: gc-pass ms=268 reap=0 frag=268 spread=0 recover=0 fscans=2 fsegs=2 fkeys=516 femit=514 ftomb=2 scans=3 segs=2 keys=516 emit=514 tomb=2
2026-10-02T19:51:23.025Z raft-host: gc-frag group=0 scans=2 records=512 ms=265
2026-10-02T19:51:23.025Z raft-host: gc-pass ms=266 reap=0 frag=265 spread=0 recover=0 fscans=2 fsegs=2 fkeys=516 femit=514 ftomb=2 scans=3 segs=2 keys=516 emit=514 tomb=2
2026-10-02T19:51:23.582Z raft-obs: tx->1 enq=49330 drop=0 sent=49329 fail=0 hi=15 rtt_avg=39us get_avg=183us get_max=9049ms
2026-10-02T19:51:23.582Z raft-obs: tx->2 enq=48641 drop=0 sent=48640 fail=0 hi=13 rtt_avg=35us get_avg=183us get_max=8934ms
2026-10-02T19:51:23.582Z raft-obs: wait_timeouts=0 pump_hold_max=121us lock_wait_max=313us drain_max=121us tick_max=5us apply_max=115us persist_max=526us applies_in_worst=1 arc_miss=0 arc_term_miss=0 opid_replay=0 fin_q=0 fin_done=0 fin_drop=0 fin_full=0 pub_p50=0us pub_max=0us inbox_drop=0
2026-10-02T19:51:24.293Z raft-host: gc-frag group=0 scans=2 records=512 ms=265
2026-10-02T19:51:24.293Z raft-host: gc-pass ms=265 reap=0 frag=265 spread=0 recover=0 fscans=2 fsegs=2 fkeys=516 femit=514 ftomb=2 scans=3 segs=2 keys=516 emit=514 tomb=2
2026-10-02T19:51:25.563Z raft-host: gc-frag group=0 scans=2 records=512 ms=267
2026-10-02T19:51:25.563Z raft-host: gc-pass ms=267 reap=0 frag=267 spread=0 recover=0 fscans=2 fsegs=2 fkeys=516 femit=514 ftomb=2 scans=3 segs=2 keys=516 emit=514 tomb=2
2026-10-02T19:51:26.834Z raft-host: gc-frag group=0 scans=2 records=512 ms=268
2026-10-02T19:51:26.834Z raft-host: gc-pass ms=268 reap=0 frag=268 spread=0 recover=0 fscans=2 fsegs=2 fkeys=516 femit=514 ftomb=2 scans=3 segs=2 keys=516 emit=514 tomb=2
2026-10-02T19:51:28.103Z raft-host: gc-frag group=0 scans=2 records=512 ms=266
2026-10-02T19:51:28.103Z raft-host: gc-pass ms=266 reap=0 frag=266 spread=0 recover=0 fscans=2 fsegs=2 fkeys=516 femit=514 ftomb=2 scans=3 segs=2 keys=516 emit=514 tomb=2
2026-10-02T19:51:28.585Z raft-obs: tx->1 enq=49520 drop=0 sent=49520 fail=0 hi=15 rtt_avg=39us get_avg=182us get_max=9049ms
2026-10-02T19:51:28.585Z raft-obs: tx->2 enq=48831 drop=0 sent=48831 fail=0 hi=13 rtt_avg=35us get_avg=183us get_max=8934ms
2026-10-02T19:51:28.585Z raft-obs: wait_timeouts=0 pump_hold_max=141us lock_wait_max=317us drain_max=141us tick_max=10us apply_max=133us persist_max=530us applies_in_worst=1 arc_miss=0 arc_term_miss=0 opid_replay=0 fin_q=0 fin_done=0 fin_drop=0 fin_full=0 pub_p50=0us pub_max=0us inbox_drop=0
2026-10-02T19:51:29.375Z raft-host: gc-frag group=0 scans=2 records=512 ms=268
2026-10-02T19:51:29.375Z raft-host: gc-pass ms=268 reap=0 frag=268 spread=0 recover=0 fscans=2 fsegs=2 fkeys=516 femit=514 ftomb=2 scans=3 segs=2 keys=516 emit=514 tomb=2
2026-10-02T19:51:30.644Z raft-host: gc-frag group=0 scans=2 records=512 ms=266
2026-10-02T19:51:30.644Z raft-host: gc-pass ms=266 reap=0 frag=266 spread=0 recover=0 fscans=2 fsegs=2 fkeys=516 femit=514 ftomb=2 scans=3 segs=2 keys=516 emit=514 tomb=2
2026-10-02T19:51:31.914Z raft-host: gc-frag group=0 scans=2 records=512 ms=267
2026-10-02T19:51:31.914Z raft-host: gc-pass ms=267 reap=0 frag=267 spread=0 recover=0 fscans=2 fsegs=2 fkeys=516 femit=514 ftomb=2 scans=3 segs=2 keys=516 emit=514 tomb=2
2026-10-02T19:51:33.185Z raft-host: gc-frag group=0 scans=2 records=512 ms=268
2026-10-02T19:51:33.185Z raft-host: gc-pass ms=268 reap=0 frag=268 spread=0 recover=0 fscans=2 fsegs=2 fkeys=516 femit=514 ftomb=2 scans=3 segs=2 keys=516 emit=514 tomb=2
2026-10-02T19:51:33.586Z raft-obs: tx->1 enq=49710 drop=0 sent=49710 fail=0 hi=15 rtt_avg=39us get_avg=182us get_max=9049ms
2026-10-02T19:51:33.586Z raft-obs: tx->2 enq=49021 drop=0 sent=49021 fail=0 hi=13 rtt_avg=35us get_avg=182us get_max=8934ms
2026-10-02T19:51:33.586Z raft-obs: wait_timeouts=0 pump_hold_max=127us lock_wait_max=310us drain_max=127us tick_max=8us apply_max=121us persist_max=548us applies_in_worst=1 arc_miss=0 arc_term_miss=0 opid_replay=0 fin_q=0 fin_done=0 fin_drop=0 fin_full=0 pub_p50=0us pub_max=0us inbox_drop=0
2026-10-02T19:51:34.457Z raft-host: gc-frag group=0 scans=2 records=512 ms=268
2026-10-02T19:51:34.457Z raft-host: gc-pass ms=268 reap=0 frag=268 spread=0 recover=0 fscans=2 fsegs=2 fkeys=516 femit=514 ftomb=2 scans=3 segs=2 keys=516 emit=514 tomb=2
2026-10-02T19:51:35.725Z raft-host: gc-frag group=0 scans=2 records=512 ms=265
2026-10-02T19:51:35.725Z raft-host: gc-pass ms=265 reap=0 frag=265 spread=0 recover=0 fscans=2 fsegs=2 fkeys=516 femit=514 ftomb=2 scans=3 segs=2 keys=516 emit=514 tomb=2
2026-10-02T19:51:36.996Z raft-host: gc-frag group=0 scans=2 records=512 ms=268
2026-10-02T19:51:36.996Z raft-host: gc-pass ms=268 reap=0 frag=268 spread=0 recover=0 fscans=2 fsegs=2 fkeys=516 femit=514 ftomb=2 scans=3 segs=2 keys=516 emit=514 tomb=2
2026-10-02T19:51:38.265Z raft-host: gc-frag group=0 scans=2 records=512 ms=266
2026-10-02T19:51:38.265Z raft-host: gc-pass ms=266 reap=0 frag=266 spread=0 recover=0 fscans=2 fsegs=2 fkeys=516 femit=514 ftomb=2 scans=3 segs=2 keys=516 emit=514 tomb=2
2026-10-02T19:51:38.590Z raft-obs: tx->1 enq=49901 drop=0 sent=49901 fail=0 hi=15 rtt_avg=39us get_avg=181us get_max=9049ms
2026-10-02T19:51:38.590Z raft-obs: tx->2 enq=49212 drop=0 sent=49212 fail=0 hi=13 rtt_avg=35us get_avg=181us get_max=8934ms
2026-10-02T19:51:38.590Z raft-obs: wait_timeouts=0 pump_hold_max=85us lock_wait_max=608us drain_max=85us tick_max=6us apply_max=78us persist_max=593us applies_in_worst=1 arc_miss=0 arc_term_miss=0 opid_replay=0 fin_q=0 fin_done=0 fin_drop=0 fin_full=0 pub_p50=0us pub_max=0us inbox_drop=0
2026-10-02T19:51:39.533Z raft-host: gc-frag group=0 scans=2 records=512 ms=264
2026-10-02T19:51:39.533Z raft-host: gc-pass ms=264 reap=0 frag=264 spread=0 recover=0 fscans=2 fsegs=2 fkeys=516 femit=514 ftomb=2 scans=3 segs=2 keys=516 emit=514 tomb=2
2026-10-02T19:51:40.801Z raft-host: gc-frag group=0 scans=2 records=512 ms=265
2026-10-02T19:51:40.801Z raft-host: gc-pass ms=265 reap=0 frag=265 spread=0 recover=0 fscans=2 fsegs=2 fkeys=516 femit=514 ftomb=2 scans=3 segs=2 keys=516 emit=514 tomb=2
2026-10-02T19:51:42.071Z raft-host: gc-frag group=0 scans=2 records=512 ms=266
2026-10-02T19:51:42.071Z raft-host: gc-pass ms=266 reap=0 frag=266 spread=0 recover=0 fscans=2 fsegs=2 fkeys=516 femit=514 ftomb=2 scans=3 segs=2 keys=516 emit=514 tomb=2
2026-10-02T19:51:43.340Z raft-host: gc-frag group=0 scans=2 records=512 ms=266
2026-10-02T19:51:43.340Z raft-host: gc-pass ms=266 reap=0 frag=266 spread=0 recover=0 fscans=2 fsegs=2 fkeys=516 femit=514 ftomb=2 scans=3 segs=2 keys=516 emit=514 tomb=2
2026-10-02T19:51:43.594Z raft-obs: tx->1 enq=50092 drop=0 sent=50091 fail=0 hi=15 rtt_avg=38us get_avg=180us get_max=9049ms
2026-10-02T19:51:43.594Z raft-obs: tx->2 enq=49403 drop=0 sent=49402 fail=0 hi=13 rtt_avg=35us get_avg=181us get_max=8934ms
2026-10-02T19:51:43.594Z raft-obs: wait_timeouts=0 pump_hold_max=120us lock_wait_max=422us drain_max=120us tick_max=5us apply_max=114us persist_max=755us applies_in_worst=1 arc_miss=0 arc_term_miss=0 opid_replay=0 fin_q=0 fin_done=0 fin_drop=0 fin_full=0 pub_p50=0us pub_max=0us inbox_drop=0
2026-10-02T19:51:44.612Z raft-host: gc-frag group=0 scans=2 records=512 ms=269
2026-10-02T19:51:44.612Z raft-host: gc-pass ms=269 reap=0 frag=269 spread=0 recover=0 fscans=2 fsegs=2 fkeys=516 femit=514 ftomb=2 scans=3 segs=2 keys=516 emit=514 tomb=2
2026-10-02T19:51:45.882Z raft-host: gc-frag group=0 scans=2 records=512 ms=266
2026-10-02T19:51:45.882Z raft-host: gc-pass ms=266 reap=0 frag=266 spread=0 recover=0 fscans=2 fsegs=2 fkeys=516 femit=514 ftomb=2 scans=3 segs=2 keys=516 emit=514 tomb=2
2026-10-02T19:51:47.153Z raft-host: gc-frag group=0 scans=2 records=512 ms=268
2026-10-02T19:51:47.153Z raft-host: gc-pass ms=268 reap=0 frag=268 spread=0 recover=0 fscans=2 fsegs=2 fkeys=516 femit=514 ftomb=2 scans=3 segs=2 keys=516 emit=514 tomb=2
2026-10-02T19:51:48.422Z raft-host: gc-frag group=0 scans=2 records=512 ms=266
2026-10-02T19:51:48.422Z raft-host: gc-pass ms=266 reap=0 frag=266 spread=0 recover=0 fscans=2 fsegs=2 fkeys=516 femit=514 ftomb=2 scans=3 segs=2 keys=516 emit=514 tomb=2
2026-10-02T19:51:48.595Z raft-obs: tx->1 enq=50282 drop=0 sent=50282 fail=0 hi=15 rtt_avg=38us get_avg=180us get_max=9049ms
2026-10-02T19:51:48.595Z raft-obs: tx->2 enq=49593 drop=0 sent=49593 fail=0 hi=13 rtt_avg=35us get_avg=180us get_max=8934ms
2026-10-02T19:51:48.595Z raft-obs: wait_timeouts=0 pump_hold_max=128us lock_wait_max=295us drain_max=128us tick_max=5us apply_max=120us persist_max=620us applies_in_worst=1 arc_miss=0 arc_term_miss=0 opid_replay=0 fin_q=0 fin_done=0 fin_drop=0 fin_full=0 pub_p50=0us pub_max=0us inbox_drop=0
2026-10-02T19:51:49.694Z raft-host: gc-frag group=0 scans=2 records=512 ms=269
2026-10-02T19:51:49.694Z raft-host: gc-pass ms=269 reap=0 frag=269 spread=0 recover=0 fscans=2 fsegs=2 fkeys=516 femit=514 ftomb=2 scans=3 segs=2 keys=516 emit=514 tomb=2
2026-10-02T19:51:50.965Z raft-host: gc-frag group=0 scans=2 records=512 ms=268
2026-10-02T19:51:50.965Z raft-host: gc-pass ms=268 reap=0 frag=268 spread=0 recover=0 fscans=2 fsegs=2 fkeys=516 femit=514 ftomb=2 scans=3 segs=2 keys=516 emit=514 tomb=2
2026-10-02T19:51:52.234Z raft-host: gc-frag group=0 scans=2 records=512 ms=265
2026-10-02T19:51:52.234Z raft-host: gc-pass ms=265 reap=0 frag=265 spread=0 recover=0 fscans=2 fsegs=2 fkeys=516 femit=514 ftomb=2 scans=3 segs=2 keys=516 emit=514 tomb=2
2026-10-02T19:51:53.503Z raft-host: gc-frag group=0 scans=2 records=512 ms=267
2026-10-02T19:51:53.504Z raft-host: gc-pass ms=267 reap=0 frag=267 spread=0 recover=0 fscans=2 fsegs=2 fkeys=516 femit=514 ftomb=2 scans=3 segs=2 keys=516 emit=514 tomb=2
2026-10-02T19:51:53.595Z raft-obs: tx->1 enq=50472 drop=0 sent=50472 fail=0 hi=15 rtt_avg=38us get_avg=179us get_max=9049ms
2026-10-02T19:51:53.595Z raft-obs: tx->2 enq=49783 drop=0 sent=49783 fail=0 hi=13 rtt_avg=35us get_avg=179us get_max=8934ms
2026-10-02T19:51:53.595Z raft-obs: wait_timeouts=0 pump_hold_max=153us lock_wait_max=329us drain_max=153us tick_max=7us apply_max=148us persist_max=541us applies_in_worst=1 arc_miss=0 arc_term_miss=0 opid_replay=0 fin_q=0 fin_done=0 fin_drop=0 fin_full=0 pub_p50=0us pub_max=0us inbox_drop=0
2026-10-02T19:51:54.774Z raft-host: gc-frag group=0 scans=2 records=512 ms=268
2026-10-02T19:51:54.774Z raft-host: gc-pass ms=268 reap=0 frag=268 spread=0 recover=0 fscans=2 fsegs=2 fkeys=516 femit=514 ftomb=2 scans=3 segs=2 keys=516 emit=514 tomb=2
2026-10-02T19:51:56.045Z raft-host: gc-frag group=0 scans=2 records=512 ms=267
2026-10-02T19:51:56.045Z raft-host: gc-pass ms=267 reap=0 frag=267 spread=0 recover=0 fscans=2 fsegs=2 fkeys=516 femit=514 ftomb=2 scans=3 segs=2 keys=516 emit=514 tomb=2
2026-10-02T19:51:57.317Z raft-host: gc-frag group=0 scans=2 records=512 ms=269
2026-10-02T19:51:57.317Z raft-host: gc-pass ms=269 reap=0 frag=269 spread=0 recover=0 fscans=2 fsegs=2 fkeys=516 femit=514 ftomb=2 scans=3 segs=2 keys=516 emit=514 tomb=2
2026-10-02T19:51:58.590Z raft-host: gc-frag group=0 scans=2 records=512 ms=269
2026-10-02T19:51:58.590Z raft-host: gc-pass ms=270 reap=0 frag=269 spread=0 recover=0 fscans=2 fsegs=2 fkeys=516 femit=514 ftomb=2 scans=3 segs=2 keys=516 emit=514 tomb=2
2026-10-02T19:51:58.595Z raft-obs: tx->1 enq=50663 drop=0 sent=50663 fail=0 hi=15 rtt_avg=38us get_avg=178us get_max=9049ms
2026-10-02T19:51:58.595Z raft-obs: tx->2 enq=49974 drop=0 sent=49974 fail=0 hi=13 rtt_avg=35us get_avg=179us get_max=8934ms
2026-10-02T19:51:58.595Z raft-obs: wait_timeouts=0 pump_hold_max=137us lock_wait_max=293us drain_max=136us tick_max=12us apply_max=130us persist_max=619us applies_in_worst=1 arc_miss=0 arc_term_miss=0 opid_replay=0 fin_q=0 fin_done=0 fin_drop=0 fin_full=0 pub_p50=0us pub_max=0us inbox_drop=0
[ perf record: Woken up 81 times to write data ]
2026-10-02T19:51:59.862Z raft-host: gc-frag group=0 scans=2 records=512 ms=269
2026-10-02T19:51:59.862Z raft-host: gc-pass ms=269 reap=0 frag=269 spread=0 recover=0 fscans=2 fsegs=2 fkeys=516 femit=514 ftomb=2 scans=3 segs=2 keys=516 emit=514 tomb=2
[ perf record: Captured and wrote 23.316 MB /tmp/efs-perf/efsd.data (140755 samples) ]
2026-10-02T19:52:01.128Z raft-host: gc-frag group=0 scans=2 records=512 ms=262
2026-10-02T19:52:01.128Z raft-host: gc-pass ms=263 reap=0 frag=262 spread=0 recover=0 fscans=2 fsegs=2 fkeys=516 femit=514 ftomb=2 scans=3 segs=2 keys=516 emit=514 tomb=2
2026-10-02T19:52:02.392Z raft-host: gc-frag group=0 scans=2 records=512 ms=261
2026-10-02T19:52:02.392Z raft-host: gc-pass ms=261 reap=0 frag=261 spread=0 recover=0 fscans=2 fsegs=2 fkeys=516 femit=514 ftomb=2 scans=3 segs=2 keys=516 emit=514 tomb=2
2026-10-02T19:52:03.596Z raft-obs: tx->1 enq=50847 drop=0 sent=50847 fail=0 hi=15 rtt_avg=38us get_avg=178us get_max=9049ms
2026-10-02T19:52:03.596Z raft-obs: tx->2 enq=50158 drop=0 sent=50158 fail=0 hi=13 rtt_avg=35us get_avg=178us get_max=8934ms
2026-10-02T19:52:03.596Z raft-obs: wait_timeouts=0 pump_hold_max=90us lock_wait_max=314us drain_max=90us tick_max=10us apply_max=82us persist_max=638us applies_in_worst=1 arc_miss=0 arc_term_miss=0 opid_replay=0 fin_q=0 fin_done=0 fin_drop=0 fin_full=0 pub_p50=0us pub_max=0us inbox_drop=0
2026-10-02T19:52:03.655Z raft-host: gc-frag group=0 scans=2 records=512 ms=259
2026-10-02T19:52:03.655Z raft-host: gc-pass ms=259 reap=0 frag=259 spread=0 recover=0 fscans=2 fsegs=2 fkeys=516 femit=514 ftomb=2 scans=3 segs=2 keys=516 emit=514 tomb=2
2026-10-02T19:52:04.917Z raft-host: gc-frag group=0 scans=2 records=512 ms=259
2026-10-02T19:52:04.917Z raft-host: gc-pass ms=259 reap=0 frag=259 spread=0 recover=0 fscans=2 fsegs=2 fkeys=516 femit=514 ftomb=2 scans=3 segs=2 keys=516 emit=514 tomb=2
2026-10-02T19:52:06.178Z raft-host: gc-frag group=0 scans=2 records=512 ms=258
2026-10-02T19:52:06.178Z raft-host: gc-pass ms=258 reap=0 frag=258 spread=0 recover=0 fscans=2 fsegs=2 fkeys=516 femit=514 ftomb=2 scans=3 segs=2 keys=516 emit=514 tomb=2
2026-10-02T19:52:07.442Z raft-host: gc-frag group=0 scans=2 records=512 ms=261
2026-10-02T19:52:07.442Z raft-host: gc-pass ms=261 reap=0 frag=261 spread=0 recover=0 fscans=2 fsegs=2 fkeys=516 femit=514 ftomb=2 scans=3 segs=2 keys=516 emit=514 tomb=2
2026-10-02T19:52:08.596Z raft-obs: tx->1 enq=51033 drop=0 sent=51033 fail=0 hi=15 rtt_avg=38us get_avg=177us get_max=9049ms
2026-10-02T19:52:08.596Z raft-obs: tx->2 enq=50344 drop=0 sent=50344 fail=0 hi=13 rtt_avg=35us get_avg=177us get_max=8934ms
2026-10-02T19:52:08.596Z raft-obs: wait_timeouts=0 pump_hold_max=84us lock_wait_max=464us drain_max=84us tick_max=7us apply_max=78us persist_max=628us applies_in_worst=1 arc_miss=0 arc_term_miss=0 opid_replay=0 fin_q=0 fin_done=0 fin_drop=0 fin_full=0 pub_p50=0us pub_max=0us inbox_drop=0
2026-10-02T19:52:08.703Z raft-host: gc-frag group=0 scans=2 records=512 ms=258
2026-10-02T19:52:08.703Z raft-host: gc-pass ms=258 reap=0 frag=258 spread=0 recover=0 fscans=2 fsegs=2 fkeys=516 femit=514 ftomb=2 scans=3 segs=2 keys=516 emit=514 tomb=2
2026-10-02T19:52:09.966Z raft-host: gc-frag group=0 scans=2 records=512 ms=260
2026-10-02T19:52:09.966Z raft-host: gc-pass ms=260 reap=0 frag=260 spread=0 recover=0 fscans=2 fsegs=2 fkeys=516 femit=514 ftomb=2 scans=3 segs=2 keys=516 emit=514 tomb=2
2026-10-02T19:52:11.231Z raft-host: gc-frag group=0 scans=2 records=512 ms=261
2026-10-02T19:52:11.231Z raft-host: gc-pass ms=261 reap=0 frag=261 spread=0 recover=0 fscans=2 fsegs=2 fkeys=516 femit=514 ftomb=2 scans=3 segs=2 keys=516 emit=514 tomb=2
2026-10-02T19:52:12.492Z raft-host: gc-frag group=0 scans=2 records=512 ms=258
2026-10-02T19:52:12.492Z raft-host: gc-pass ms=258 reap=0 frag=258 spread=0 recover=0 fscans=2 fsegs=2 fkeys=516 femit=514 ftomb=2 scans=3 segs=2 keys=516 emit=514 tomb=2
2026-10-02T19:52:13.598Z raft-obs: tx->1 enq=51219 drop=0 sent=51219 fail=0 hi=15 rtt_avg=38us get_avg=176us get_max=9049ms
2026-10-02T19:52:13.598Z raft-obs: tx->2 enq=50530 drop=0 sent=50530 fail=0 hi=13 rtt_avg=34us get_avg=177us get_max=8934ms
2026-10-02T19:52:13.598Z raft-obs: wait_timeouts=0 pump_hold_max=91us lock_wait_max=428us drain_max=91us tick_max=7us apply_max=84us persist_max=544us applies_in_worst=1 arc_miss=0 arc_term_miss=0 opid_replay=0 fin_q=0 fin_done=0 fin_drop=0 fin_full=0 pub_p50=0us pub_max=0us inbox_drop=0
2026-10-02T19:52:13.760Z raft-host: gc-frag group=0 scans=2 records=512 ms=265
2026-10-02T19:52:13.760Z raft-host: gc-pass ms=265 reap=0 frag=265 spread=0 recover=0 fscans=2 fsegs=2 fkeys=516 femit=514 ftomb=2 scans=3 segs=2 keys=516 emit=514 tomb=2
2026-10-02T19:52:15.025Z raft-host: gc-frag group=0 scans=2 records=512 ms=261
2026-10-02T19:52:15.025Z raft-host: gc-pass ms=261 reap=0 frag=261 spread=0 recover=0 fscans=2 fsegs=2 fkeys=516 femit=514 ftomb=2 scans=3 segs=2 keys=516 emit=514 tomb=2
2026-10-02T19:52:15.826Z shutdown: 11 conn threads still live after drain timeout; forcing teardown
