2026-10-07T08:29:02.465Z report-irec ino=25616 size=0 only=25616 sync=1 rc=0
2026-10-07T08:29:02.465Z release ino=25616 begin
2026-10-07T08:29:02.495Z release ino=25616 rc=0
2026-10-07T08:29:03.006Z dcache ino=25616 ci=0 patch-sparse off=16 len=8 | dirty=1 hb=0 bg=0 obj=0 oseq=0 sseq=0 r=[8,24)
2026-10-07T08:29:03.024Z dcache ino=25616 ci=0 patch-sparse off=24 len=8 | dirty=1 hb=0 bg=0 obj=0 oseq=0 sseq=0 r=[8,32)
2026-10-07T08:29:03.047Z dcache ino=25616 ci=0 patch-sparse off=32 len=8 | dirty=1 hb=0 bg=0 obj=0 oseq=0 sseq=0 r=[8,40)
2026-10-07T08:29:03.047Z dcache ino=25616 ci=0 snap-copy | dirty=1 hb=0 bg=0 obj=0 oseq=0 sseq=839 r=[8,40)
2026-10-07T08:29:03.050Z dcache ino=25616 ci=0 put-record obj=40f8824285da39c7 seq=839 | dirty=0 hb=0 bg=0 obj=40f8824285da39c7 oseq=839 sseq=839 r=[8,40)
2026-10-07T08:29:03.050Z dcache ino=25616 ci=0 install len=131072 seq=839 | dirty=0 hb=0 bg=0 obj=40f8824285da39c7 oseq=839 sseq=839 r=[8,40)
2026-10-07T08:29:03.199Z report ino=25616 ci=0 only=25616 sync=1 rc=0
2026-10-07T08:29:03.199Z report-irec ino=25616 size=40 only=25616 sync=1 rc=0
2026-10-07T08:29:03.199Z release ino=25616 begin
2026-10-07T08:29:03.199Z release ino=25616 rc=0
2026-10-07T08:29:03.220Z dcache ino=25616 ci=0 snap-copy | dirty=1 hb=1 bg=0 obj=0 oseq=839 sseq=875 r=[40,48)
2026-10-07T08:29:03.221Z dcache ino=25616 ci=0 put-record obj=3923b7fe616900c9 seq=875 | dirty=0 hb=1 bg=0 obj=3923b7fe616900c9 oseq=875 sseq=875 r=[40,48)
2026-10-07T08:29:03.221Z dcache ino=25616 ci=0 install len=131072 seq=875 | dirty=0 hb=1 bg=0 obj=3923b7fe616900c9 oseq=875 sseq=875 r=[40,48)
2026-10-07T08:29:03.281Z report ino=25616 ci=0 only=25616 sync=1 rc=0
2026-10-07T08:29:03.281Z report-irec ino=25616 size=48 only=25616 sync=1 rc=0
2026-10-07T08:29:03.281Z release ino=25616 begin
2026-10-07T08:29:03.281Z release ino=25616 rc=0
2026-10-07T08:29:03.281Z release ino=25616 begin
2026-10-07T08:29:03.281Z release ino=25616 rc=0
2026-10-07T08:29:03.281Z release ino=25616 begin
2026-10-07T08:29:03.281Z release ino=25616 rc=0
2026-10-07T08:29:03.338Z dcache ino=25616 ci=0 patch-sparse off=56 len=8 | dirty=1 hb=1 bg=0 obj=0 oseq=875 sseq=875 r=[48,64)
2026-10-07T08:29:03.368Z dcache ino=25616 ci=0 patch-sparse off=64 len=8 | dirty=1 hb=1 bg=0 obj=0 oseq=875 sseq=875 r=[48,72)
2026-10-07T08:29:03.368Z dcache ino=25616 ci=0 snap-copy | dirty=1 hb=1 bg=0 obj=0 oseq=875 sseq=878 r=[48,72)
2026-10-07T08:29:03.372Z dcache ino=25616 ci=0 put-record obj=d6be23c2fe597016 seq=878 | dirty=0 hb=1 bg=0 obj=d6be23c2fe597016 oseq=878 sseq=878 r=[48,72)
2026-10-07T08:29:03.372Z dcache ino=25616 ci=0 install len=131072 seq=878 | dirty=0 hb=1 bg=0 obj=d6be23c2fe597016 oseq=878 sseq=878 r=[48,72)
2026-10-07T08:29:03.487Z report ino=25616 ci=0 only=25616 sync=1 rc=0
2026-10-07T08:29:03.487Z report-irec ino=25616 size=72 only=25616 sync=1 rc=0
2026-10-07T08:29:03.487Z release ino=25616 begin
2026-10-07T08:29:03.487Z release ino=25616 rc=0
2026-10-07T08:29:03.487Z release ino=25616 begin
2026-10-07T08:29:03.487Z release ino=25616 rc=0
2026-10-07T08:29:03.522Z dcache ino=25616 ci=0 snap-copy | dirty=1 hb=1 bg=0 obj=0 oseq=878 sseq=883 r=[72,80)
2026-10-07T08:29:03.527Z dcache ino=25616 ci=0 put-record obj=ae3d2580c728cb03 seq=883 | dirty=0 hb=1 bg=0 obj=ae3d2580c728cb03 oseq=883 sseq=883 r=[72,80)
2026-10-07T08:29:03.527Z dcache ino=25616 ci=0 install len=131072 seq=883 | dirty=0 hb=1 bg=0 obj=ae3d2580c728cb03 oseq=883 sseq=883 r=[72,80)
2026-10-07T08:29:03.589Z report ino=25616 ci=0 only=25616 sync=1 rc=0
2026-10-07T08:29:03.589Z report-irec ino=25616 size=80 only=25616 sync=1 rc=0
2026-10-07T08:29:03.589Z release ino=25616 begin
2026-10-07T08:29:03.589Z release ino=25616 rc=0
2026-10-07T08:29:03.589Z release ino=25616 begin
2026-10-07T08:29:03.589Z release ino=25616 rc=0
2026-10-07T08:29:03.627Z dcache ino=25616 ci=0 snap-copy | dirty=1 hb=1 bg=0 obj=0 oseq=883 sseq=885 r=[80,88)
2026-10-07T08:29:03.636Z dcache ino=25616 ci=0 put-record obj=d162b3da07b6ab61 seq=885 | dirty=0 hb=1 bg=0 obj=d162b3da07b6ab61 oseq=885 sseq=885 r=[80,88)
2026-10-07T08:29:03.636Z dcache ino=25616 ci=0 install len=131072 seq=885 | dirty=0 hb=1 bg=0 obj=d162b3da07b6ab61 oseq=885 sseq=885 r=[80,88)
2026-10-07T08:29:03.676Z report ino=25616 ci=0 only=25616 sync=1 rc=0
2026-10-07T08:29:03.676Z report-irec ino=25616 size=88 only=25616 sync=1 rc=0
2026-10-07T08:29:03.676Z release ino=25616 begin
2026-10-07T08:29:03.676Z release ino=25616 rc=0
2026-10-07T08:29:03.727Z dcache ino=25616 ci=0 patch-sparse off=96 len=8 | dirty=1 hb=1 bg=0 obj=0 oseq=885 sseq=885 r=[88,104)
2026-10-07T08:29:03.727Z dcache ino=25616 ci=0 snap-copy | dirty=1 hb=1 bg=0 obj=0 oseq=885 sseq=890 r=[88,104)
2026-10-07T08:29:03.736Z dcache ino=25616 ci=0 put-record obj=249ed4ba0e35a44f seq=890 | dirty=0 hb=1 bg=0 obj=249ed4ba0e35a44f oseq=890 sseq=890 r=[88,104)
2026-10-07T08:29:03.736Z dcache ino=25616 ci=0 install len=131072 seq=890 | dirty=0 hb=1 bg=0 obj=249ed4ba0e35a44f oseq=890 sseq=890 r=[88,104)
2026-10-07T08:29:03.823Z report ino=25616 ci=0 only=25616 sync=1 rc=0
2026-10-07T08:29:03.823Z report-irec ino=25616 size=104 only=25616 sync=1 rc=0
2026-10-07T08:29:03.823Z release ino=25616 begin
2026-10-07T08:29:03.823Z release ino=25616 rc=0
2026-10-07T08:29:03.823Z release ino=25616 begin
2026-10-07T08:29:03.823Z release ino=25616 rc=0
2026-10-07T08:29:03.824Z release ino=25616 begin
2026-10-07T08:29:03.824Z release ino=25616 rc=0
2026-10-07T08:29:03.853Z dcache ino=25616 ci=0 snap-copy | dirty=1 hb=1 bg=0 obj=0 oseq=890 sseq=892 r=[104,112)
2026-10-07T08:29:03.865Z dcache ino=25616 ci=0 put-record obj=5733abbee1a47c5b seq=892 | dirty=0 hb=1 bg=0 obj=5733abbee1a47c5b oseq=892 sseq=892 r=[104,112)
2026-10-07T08:29:03.865Z dcache ino=25616 ci=0 install len=131072 seq=892 | dirty=0 hb=1 bg=0 obj=5733abbee1a47c5b oseq=892 sseq=892 r=[104,112)
2026-10-07T08:29:03.907Z report ino=25616 ci=0 only=25616 sync=1 rc=0
2026-10-07T08:29:03.907Z report-irec ino=25616 size=112 only=25616 sync=1 rc=0
2026-10-07T08:29:03.907Z release ino=25616 begin
2026-10-07T08:29:03.907Z release ino=25616 rc=0
2026-10-07T08:29:03.941Z dcache ino=25616 ci=0 snap-copy | dirty=1 hb=1 bg=0 obj=0 oseq=892 sseq=895 r=[112,120)
2026-10-07T08:29:03.960Z dcache ino=25616 ci=0 put-record obj=47a277bb52c6e646 seq=895 | dirty=0 hb=1 bg=0 obj=47a277bb52c6e646 oseq=895 sseq=895 r=[112,120)
2026-10-07T08:29:03.960Z dcache ino=25616 ci=0 install len=131072 seq=895 | dirty=0 hb=1 bg=0 obj=47a277bb52c6e646 oseq=895 sseq=895 r=[112,120)
2026-10-07T08:29:04.001Z report ino=25616 ci=0 only=25616 sync=1 rc=0
2026-10-07T08:29:04.001Z report-irec ino=25616 size=120 only=25616 sync=1 rc=0
2026-10-07T08:29:04.001Z release ino=25616 begin
2026-10-07T08:29:04.001Z release ino=25616 rc=0
2026-10-07T08:29:04.046Z dcache ino=25616 ci=0 patch-sparse off=128 len=8 | dirty=1 hb=1 bg=0 obj=0 oseq=895 sseq=895 r=[120,136)
2026-10-07T08:29:04.046Z dcache ino=25616 ci=0 snap-copy | dirty=1 hb=1 bg=0 obj=0 oseq=895 sseq=897 r=[120,136)
2026-10-07T08:29:04.066Z dcache ino=25616 ci=0 put-record obj=155ae52c355e6fb4 seq=897 | dirty=0 hb=1 bg=0 obj=155ae52c355e6fb4 oseq=897 sseq=897 r=[120,136)
2026-10-07T08:29:04.066Z dcache ino=25616 ci=0 install len=131072 seq=897 | dirty=0 hb=1 bg=0 obj=155ae52c355e6fb4 oseq=897 sseq=897 r=[120,136)
2026-10-07T08:29:04.128Z report ino=25616 ci=0 only=25616 sync=1 rc=0
2026-10-07T08:29:04.128Z report-irec ino=25616 size=136 only=25616 sync=1 rc=0
2026-10-07T08:29:04.128Z dcache ino=25616 ci=0 to-rdcache len=131072 | dirty=0 hb=1 bg=155ae52c355e6fb4 obj=155ae52c355e6fb4 oseq=897 sseq=897 r=
2026-10-07T08:29:04.129Z release ino=25616 begin
2026-10-07T08:29:04.129Z release ino=25616 rc=0
2026-10-07T08:29:04.180Z dcache ino=25616 ci=0 patch-sparse off=144 len=8 | dirty=1 hb=1 bg=155ae52c355e6fb4 obj=0 oseq=897 sseq=897 r=[136,152)
2026-10-07T08:29:04.180Z dcache ino=25616 ci=0 snap-copy | dirty=1 hb=1 bg=155ae52c355e6fb4 obj=0 oseq=897 sseq=900 r=[136,152)
2026-10-07T08:29:04.181Z dcache ino=25616 ci=0 put-record obj=940e274882a10061 seq=900 | dirty=0 hb=1 bg=155ae52c355e6fb4 obj=940e274882a10061 oseq=900 sseq=900 r=[136,152)
2026-10-07T08:29:04.181Z dcache ino=25616 ci=0 install len=131072 seq=900 | dirty=0 hb=1 bg=155ae52c355e6fb4 obj=940e274882a10061 oseq=900 sseq=900 r=[136,152)
2026-10-07T08:29:04.249Z report ino=25616 ci=0 only=25616 sync=1 rc=0
2026-10-07T08:29:04.249Z report-irec ino=25616 size=152 only=25616 sync=1 rc=0
2026-10-07T08:29:04.249Z dcache ino=25616 ci=0 to-rdcache len=131072 | dirty=0 hb=1 bg=940e274882a10061 obj=940e274882a10061 oseq=900 sseq=900 r=
2026-10-07T08:29:04.249Z release ino=25616 begin
2026-10-07T08:29:04.249Z release ino=25616 rc=0
2026-10-07T08:29:04.249Z release ino=25616 begin
2026-10-07T08:29:04.249Z release ino=25616 rc=0
2026-10-07T08:29:04.273Z dcache ino=25616 ci=0 snap-copy | dirty=1 hb=1 bg=940e274882a10061 obj=0 oseq=900 sseq=903 r=[152,160)
2026-10-07T08:29:04.274Z dcache ino=25616 ci=0 put-record obj=7c3f687fcb1d4530 seq=903 | dirty=0 hb=1 bg=940e274882a10061 obj=7c3f687fcb1d4530 oseq=903 sseq=903 r=[152,160)
2026-10-07T08:29:04.274Z dcache ino=25616 ci=0 install len=131072 seq=903 | dirty=0 hb=1 bg=940e274882a10061 obj=7c3f687fcb1d4530 oseq=903 sseq=903 r=[152,160)
2026-10-07T08:29:04.325Z report ino=25616 ci=0 only=25616 sync=1 rc=0
2026-10-07T08:29:04.325Z report-irec ino=25616 size=160 only=25616 sync=1 rc=0
2026-10-07T08:29:04.325Z dcache ino=25616 ci=0 to-rdcache len=131072 | dirty=0 hb=1 bg=7c3f687fcb1d4530 obj=7c3f687fcb1d4530 oseq=903 sseq=903 r=
2026-10-07T08:29:04.325Z release ino=25616 begin
2026-10-07T08:29:04.325Z release ino=25616 rc=0
2026-10-07T08:29:04.368Z dcache ino=25616 ci=0 patch-sparse off=168 len=8 | dirty=1 hb=1 bg=7c3f687fcb1d4530 obj=0 oseq=903 sseq=903 r=[160,176)
2026-10-07T08:29:04.368Z dcache ino=25616 ci=0 snap-copy | dirty=1 hb=1 bg=7c3f687fcb1d4530 obj=0 oseq=903 sseq=905 r=[160,176)
2026-10-07T08:29:04.369Z dcache ino=25616 ci=0 put-record obj=9ac731e6eb7c07f8 seq=905 | dirty=0 hb=1 bg=7c3f687fcb1d4530 obj=9ac731e6eb7c07f8 oseq=905 sseq=905 r=[160,176)
2026-10-07T08:29:04.369Z dcache ino=25616 ci=0 install len=131072 seq=905 | dirty=0 hb=1 bg=7c3f687fcb1d4530 obj=9ac731e6eb7c07f8 oseq=905 sseq=905 r=[160,176)
2026-10-07T08:29:04.439Z report ino=25616 ci=0 only=25616 sync=1 rc=0
2026-10-07T08:29:04.439Z report-irec ino=25616 size=176 only=25616 sync=1 rc=0
2026-10-07T08:29:04.439Z dcache ino=25616 ci=0 to-rdcache len=131072 | dirty=0 hb=1 bg=9ac731e6eb7c07f8 obj=9ac731e6eb7c07f8 oseq=905 sseq=905 r=
2026-10-07T08:29:04.439Z release ino=25616 begin
2026-10-07T08:29:04.439Z release ino=25616 rc=0
2026-10-07T08:29:04.439Z release ino=25616 begin
2026-10-07T08:29:04.439Z release ino=25616 rc=0
2026-10-07T08:29:04.470Z dcache ino=25616 ci=0 snap-copy | dirty=1 hb=1 bg=9ac731e6eb7c07f8 obj=0 oseq=905 sseq=907 r=[176,184)
2026-10-07T08:29:04.471Z dcache ino=25616 ci=0 put-record obj=2a29dd236fc869bf seq=907 | dirty=0 hb=1 bg=9ac731e6eb7c07f8 obj=2a29dd236fc869bf oseq=907 sseq=907 r=[176,184)
2026-10-07T08:29:04.471Z dcache ino=25616 ci=0 install len=131072 seq=907 | dirty=0 hb=1 bg=9ac731e6eb7c07f8 obj=2a29dd236fc869bf oseq=907 sseq=907 r=[176,184)
2026-10-07T08:29:04.516Z report ino=25616 ci=0 only=25616 sync=1 rc=0
2026-10-07T08:29:04.516Z report-irec ino=25616 size=184 only=25616 sync=1 rc=0
2026-10-07T08:29:04.516Z dcache ino=25616 ci=0 to-rdcache len=131072 | dirty=0 hb=1 bg=2a29dd236fc869bf obj=2a29dd236fc869bf oseq=907 sseq=907 r=
2026-10-07T08:29:04.516Z release ino=25616 begin
2026-10-07T08:29:04.516Z release ino=25616 rc=0
2026-10-07T08:29:04.517Z release ino=25616 begin
2026-10-07T08:29:04.517Z release ino=25616 rc=0
2026-10-07T08:29:04.557Z dcache ino=25616 ci=0 patch-sparse off=192 len=8 | dirty=1 hb=1 bg=2a29dd236fc869bf obj=0 oseq=907 sseq=907 r=[184,200)
2026-10-07T08:29:04.557Z dcache ino=25616 ci=0 snap-copy | dirty=1 hb=1 bg=2a29dd236fc869bf obj=0 oseq=907 sseq=910 r=[184,200)
2026-10-07T08:29:04.558Z dcache ino=25616 ci=0 put-record obj=3e6af8d3a2325a39 seq=910 | dirty=0 hb=1 bg=2a29dd236fc869bf obj=3e6af8d3a2325a39 oseq=910 sseq=910 r=[184,200)
2026-10-07T08:29:04.558Z dcache ino=25616 ci=0 install len=131072 seq=910 | dirty=0 hb=1 bg=2a29dd236fc869bf obj=3e6af8d3a2325a39 oseq=910 sseq=910 r=[184,200)
2026-10-07T08:29:04.617Z report ino=25616 ci=0 only=25616 sync=1 rc=0
2026-10-07T08:29:04.617Z report-irec ino=25616 size=200 only=25616 sync=1 rc=0
2026-10-07T08:29:04.617Z dcache ino=25616 ci=0 to-rdcache len=131072 | dirty=0 hb=1 bg=3e6af8d3a2325a39 obj=3e6af8d3a2325a39 oseq=910 sseq=910 r=
2026-10-07T08:29:04.617Z release ino=25616 begin
2026-10-07T08:29:04.617Z release ino=25616 rc=0
2026-10-07T08:29:04.655Z dcache ino=25616 ci=0 patch-sparse off=208 len=8 | dirty=1 hb=1 bg=3e6af8d3a2325a39 obj=0 oseq=910 sseq=910 r=[200,216)
2026-10-07T08:29:04.655Z dcache ino=25616 ci=0 snap-copy | dirty=1 hb=1 bg=3e6af8d3a2325a39 obj=0 oseq=910 sseq=912 r=[200,216)
2026-10-07T08:29:04.656Z dcache ino=25616 ci=0 put-record obj=e51117049c4f4b83 seq=912 | dirty=0 hb=1 bg=3e6af8d3a2325a39 obj=e51117049c4f4b83 oseq=912 sseq=912 r=[200,216)
2026-10-07T08:29:04.656Z dcache ino=25616 ci=0 install len=131072 seq=912 | dirty=0 hb=1 bg=3e6af8d3a2325a39 obj=e51117049c4f4b83 oseq=912 sseq=912 r=[200,216)
2026-10-07T08:29:04.724Z report ino=25616 ci=0 only=25616 sync=1 rc=0
2026-10-07T08:29:04.724Z report-irec ino=25616 size=216 only=25616 sync=1 rc=0
2026-10-07T08:29:04.724Z dcache ino=25616 ci=0 to-rdcache len=131072 | dirty=0 hb=1 bg=e51117049c4f4b83 obj=e51117049c4f4b83 oseq=912 sseq=912 r=
2026-10-07T08:29:04.724Z release ino=25616 begin
2026-10-07T08:29:04.724Z release ino=25616 rc=0
2026-10-07T08:29:04.746Z dcache ino=25616 ci=0 snap-copy | dirty=1 hb=1 bg=e51117049c4f4b83 obj=0 oseq=912 sseq=915 r=[216,224)
2026-10-07T08:29:04.747Z dcache ino=25616 ci=0 put-record obj=6814ba7acffdc073 seq=915 | dirty=0 hb=1 bg=e51117049c4f4b83 obj=6814ba7acffdc073 oseq=915 sseq=915 r=[216,224)
2026-10-07T08:29:04.747Z dcache ino=25616 ci=0 install len=131072 seq=915 | dirty=0 hb=1 bg=e51117049c4f4b83 obj=6814ba7acffdc073 oseq=915 sseq=915 r=[216,224)
2026-10-07T08:29:04.789Z report ino=25616 ci=0 only=25616 sync=1 rc=0
2026-10-07T08:29:04.789Z report-irec ino=25616 size=224 only=25616 sync=1 rc=0
2026-10-07T08:29:04.789Z dcache ino=25616 ci=0 to-rdcache len=131072 | dirty=0 hb=1 bg=6814ba7acffdc073 obj=6814ba7acffdc073 oseq=915 sseq=915 r=
2026-10-07T08:29:04.789Z release ino=25616 begin
2026-10-07T08:29:04.789Z release ino=25616 rc=0
2026-10-07T08:29:04.790Z release ino=25616 begin
2026-10-07T08:29:04.790Z release ino=25616 rc=0
2026-10-07T08:29:04.790Z release ino=25616 begin
2026-10-07T08:29:04.790Z release ino=25616 rc=0
2026-10-07T08:29:04.814Z dcache ino=25616 ci=0 snap-copy | dirty=1 hb=1 bg=6814ba7acffdc073 obj=0 oseq=915 sseq=917 r=[224,232)
2026-10-07T08:29:04.815Z dcache ino=25616 ci=0 put-record obj=5334bc6aef393343 seq=917 | dirty=0 hb=1 bg=6814ba7acffdc073 obj=5334bc6aef393343 oseq=917 sseq=917 r=[224,232)
2026-10-07T08:29:04.815Z dcache ino=25616 ci=0 install len=131072 seq=917 | dirty=0 hb=1 bg=6814ba7acffdc073 obj=5334bc6aef393343 oseq=917 sseq=917 r=[224,232)
2026-10-07T08:29:04.862Z report ino=25616 ci=0 only=25616 sync=1 rc=0
2026-10-07T08:29:04.862Z report-irec ino=25616 size=232 only=25616 sync=1 rc=0
2026-10-07T08:29:04.862Z dcache ino=25616 ci=0 to-rdcache len=131072 | dirty=0 hb=1 bg=5334bc6aef393343 obj=5334bc6aef393343 oseq=917 sseq=917 r=
2026-10-07T08:29:04.862Z release ino=25616 begin
2026-10-07T08:29:04.862Z release ino=25616 rc=0
2026-10-07T08:29:04.906Z dcache ino=25616 ci=0 patch-sparse off=240 len=8 | dirty=1 hb=1 bg=5334bc6aef393343 obj=0 oseq=917 sseq=917 r=[232,248)
2026-10-07T08:29:04.906Z dcache ino=25616 ci=0 snap-copy | dirty=1 hb=1 bg=5334bc6aef393343 obj=0 oseq=917 sseq=919 r=[232,248)
2026-10-07T08:29:04.908Z dcache ino=25616 ci=0 put-record obj=722dbb44fe121a30 seq=919 | dirty=0 hb=1 bg=5334bc6aef393343 obj=722dbb44fe121a30 oseq=919 sseq=919 r=[232,248)
2026-10-07T08:29:04.908Z dcache ino=25616 ci=0 install len=131072 seq=919 | dirty=0 hb=1 bg=5334bc6aef393343 obj=722dbb44fe121a30 oseq=919 sseq=919 r=[232,248)
2026-10-07T08:29:04.978Z report ino=25616 ci=0 only=25616 sync=1 rc=0
2026-10-07T08:29:04.978Z report-irec ino=25616 size=248 only=25616 sync=1 rc=0
2026-10-07T08:29:04.978Z dcache ino=25616 ci=0 to-rdcache len=131072 | dirty=0 hb=1 bg=722dbb44fe121a30 obj=722dbb44fe121a30 oseq=919 sseq=919 r=
2026-10-07T08:29:04.978Z release ino=25616 begin
2026-10-07T08:29:04.978Z release ino=25616 rc=0
2026-10-07T08:29:05.002Z dcache ino=25616 ci=0 snap-copy | dirty=1 hb=1 bg=722dbb44fe121a30 obj=0 oseq=919 sseq=921 r=[248,256)
2026-10-07T08:29:05.003Z dcache ino=25616 ci=0 put-record obj=1d68a2f430aecb97 seq=921 | dirty=0 hb=1 bg=722dbb44fe121a30 obj=1d68a2f430aecb97 oseq=921 sseq=921 r=[248,256)
2026-10-07T08:29:05.003Z dcache ino=25616 ci=0 install len=131072 seq=921 | dirty=0 hb=1 bg=722dbb44fe121a30 obj=1d68a2f430aecb97 oseq=921 sseq=921 r=[248,256)
2026-10-07T08:29:05.044Z report ino=25616 ci=0 only=25616 sync=1 rc=0
2026-10-07T08:29:05.044Z report-irec ino=25616 size=256 only=25616 sync=1 rc=0
2026-10-07T08:29:05.044Z dcache ino=25616 ci=0 to-rdcache len=131072 | dirty=0 hb=1 bg=1d68a2f430aecb97 obj=1d68a2f430aecb97 oseq=921 sseq=921 r=
2026-10-07T08:29:05.044Z release ino=25616 begin
2026-10-07T08:29:05.044Z release ino=25616 rc=0
2026-10-07T08:29:05.045Z release ino=25616 begin
2026-10-07T08:29:05.046Z release ino=25616 rc=0
2026-10-07T08:29:05.065Z dcache ino=25616 ci=0 snap-copy | dirty=1 hb=1 bg=1d68a2f430aecb97 obj=0 oseq=921 sseq=923 r=[256,264)
2026-10-07T08:29:05.066Z dcache ino=25616 ci=0 put-record obj=b3b552a975e1b534 seq=923 | dirty=0 hb=1 bg=1d68a2f430aecb97 obj=b3b552a975e1b534 oseq=923 sseq=923 r=[256,264)
2026-10-07T08:29:05.066Z dcache ino=25616 ci=0 install len=131072 seq=923 | dirty=0 hb=1 bg=1d68a2f430aecb97 obj=b3b552a975e1b534 oseq=923 sseq=923 r=[256,264)
2026-10-07T08:29:05.108Z report ino=25616 ci=0 only=25616 sync=1 rc=0
2026-10-07T08:29:05.108Z report-irec ino=25616 size=264 only=25616 sync=1 rc=0
2026-10-07T08:29:05.108Z dcache ino=25616 ci=0 to-rdcache len=131072 | dirty=0 hb=1 bg=b3b552a975e1b534 obj=b3b552a975e1b534 oseq=923 sseq=923 r=
2026-10-07T08:29:05.108Z release ino=25616 begin
2026-10-07T08:29:05.108Z release ino=25616 rc=0
2026-10-07T08:29:05.152Z dcache ino=25616 ci=0 patch-sparse off=272 len=8 | dirty=1 hb=1 bg=b3b552a975e1b534 obj=0 oseq=923 sseq=923 r=[264,280)
2026-10-07T08:29:05.152Z dcache ino=25616 ci=0 snap-copy | dirty=1 hb=1 bg=b3b552a975e1b534 obj=0 oseq=923 sseq=926 r=[264,280)
2026-10-07T08:29:05.153Z dcache ino=25616 ci=0 put-record obj=6c97df05a200d523 seq=926 | dirty=0 hb=1 bg=b3b552a975e1b534 obj=6c97df05a200d523 oseq=926 sseq=926 r=[264,280)
2026-10-07T08:29:05.153Z dcache ino=25616 ci=0 install len=131072 seq=926 | dirty=0 hb=1 bg=b3b552a975e1b534 obj=6c97df05a200d523 oseq=926 sseq=926 r=[264,280)
2026-10-07T08:29:05.222Z report ino=25616 ci=0 only=25616 sync=1 rc=0
2026-10-07T08:29:05.222Z report-irec ino=25616 size=280 only=25616 sync=1 rc=0
2026-10-07T08:29:05.222Z dcache ino=25616 ci=0 to-rdcache len=131072 | dirty=0 hb=1 bg=6c97df05a200d523 obj=6c97df05a200d523 oseq=926 sseq=926 r=
2026-10-07T08:29:05.222Z release ino=25616 begin
2026-10-07T08:29:05.222Z release ino=25616 rc=0
2026-10-07T08:29:05.247Z dcache ino=25616 ci=0 snap-copy | dirty=1 hb=1 bg=6c97df05a200d523 obj=0 oseq=926 sseq=928 r=[280,288)
2026-10-07T08:29:05.248Z dcache ino=25616 ci=0 put-record obj=bcb0e34c3fd09978 seq=928 | dirty=0 hb=1 bg=6c97df05a200d523 obj=bcb0e34c3fd09978 oseq=928 sseq=928 r=[280,288)
2026-10-07T08:29:05.248Z dcache ino=25616 ci=0 install len=131072 seq=928 | dirty=0 hb=1 bg=6c97df05a200d523 obj=bcb0e34c3fd09978 oseq=928 sseq=928 r=[280,288)
2026-10-07T08:29:05.292Z report ino=25616 ci=0 only=25616 sync=1 rc=0
2026-10-07T08:29:05.292Z report-irec ino=25616 size=288 only=25616 sync=1 rc=0
2026-10-07T08:29:05.292Z dcache ino=25616 ci=0 to-rdcache len=131072 | dirty=0 hb=1 bg=bcb0e34c3fd09978 obj=bcb0e34c3fd09978 oseq=928 sseq=928 r=
2026-10-07T08:29:05.292Z release ino=25616 begin
2026-10-07T08:29:05.292Z release ino=25616 rc=0
2026-10-07T08:29:05.312Z dcache ino=25616 ci=0 snap-copy | dirty=1 hb=1 bg=bcb0e34c3fd09978 obj=0 oseq=928 sseq=930 r=[288,296)
2026-10-07T08:29:05.313Z dcache ino=25616 ci=0 put-record obj=1b0bd3224bd534e1 seq=930 | dirty=0 hb=1 bg=bcb0e34c3fd09978 obj=1b0bd3224bd534e1 oseq=930 sseq=930 r=[288,296)
2026-10-07T08:29:05.313Z dcache ino=25616 ci=0 install len=131072 seq=930 | dirty=0 hb=1 bg=bcb0e34c3fd09978 obj=1b0bd3224bd534e1 oseq=930 sseq=930 r=[288,296)
2026-10-07T08:29:05.360Z report ino=25616 ci=0 only=25616 sync=1 rc=0
2026-10-07T08:29:05.360Z report-irec ino=25616 size=296 only=25616 sync=1 rc=0
2026-10-07T08:29:05.360Z dcache ino=25616 ci=0 to-rdcache len=131072 | dirty=0 hb=1 bg=1b0bd3224bd534e1 obj=1b0bd3224bd534e1 oseq=930 sseq=930 r=
2026-10-07T08:29:05.360Z release ino=25616 begin
2026-10-07T08:29:05.360Z release ino=25616 rc=0
2026-10-07T08:29:05.380Z dcache ino=25616 ci=0 snap-copy | dirty=1 hb=1 bg=1b0bd3224bd534e1 obj=0 oseq=930 sseq=932 r=[296,304)
2026-10-07T08:29:05.380Z dcache ino=25616 ci=0 put-record obj=7df98f81c9db020f seq=932 | dirty=0 hb=1 bg=1b0bd3224bd534e1 obj=7df98f81c9db020f oseq=932 sseq=932 r=[296,304)
2026-10-07T08:29:05.380Z dcache ino=25616 ci=0 install len=131072 seq=932 | dirty=0 hb=1 bg=1b0bd3224bd534e1 obj=7df98f81c9db020f oseq=932 sseq=932 r=[296,304)
2026-10-07T08:29:05.428Z report ino=25616 ci=0 only=25616 sync=1 rc=0
2026-10-07T08:29:05.428Z report-irec ino=25616 size=304 only=25616 sync=1 rc=0
2026-10-07T08:29:05.428Z dcache ino=25616 ci=0 to-rdcache len=131072 | dirty=0 hb=1 bg=7df98f81c9db020f obj=7df98f81c9db020f oseq=932 sseq=932 r=
2026-10-07T08:29:05.428Z release ino=25616 begin
2026-10-07T08:29:05.428Z release ino=25616 rc=0
2026-10-07T08:29:05.428Z release ino=25616 begin
2026-10-07T08:29:05.428Z release ino=25616 rc=0
2026-10-07T08:29:05.449Z dcache ino=25616 ci=0 snap-copy | dirty=1 hb=1 bg=7df98f81c9db020f obj=0 oseq=932 sseq=934 r=[304,312)
2026-10-07T08:29:05.450Z dcache ino=25616 ci=0 put-record obj=ba2890d67262ed7e seq=934 | dirty=0 hb=1 bg=7df98f81c9db020f obj=ba2890d67262ed7e oseq=934 sseq=934 r=[304,312)
2026-10-07T08:29:05.450Z dcache ino=25616 ci=0 install len=131072 seq=934 | dirty=0 hb=1 bg=7df98f81c9db020f obj=ba2890d67262ed7e oseq=934 sseq=934 r=[304,312)
2026-10-07T08:29:05.497Z report ino=25616 ci=0 only=25616 sync=1 rc=0
2026-10-07T08:29:05.497Z report-irec ino=25616 size=312 only=25616 sync=1 rc=0
2026-10-07T08:29:05.497Z dcache ino=25616 ci=0 to-rdcache len=131072 | dirty=0 hb=1 bg=ba2890d67262ed7e obj=ba2890d67262ed7e oseq=934 sseq=934 r=
2026-10-07T08:29:05.497Z release ino=25616 begin
2026-10-07T08:29:05.497Z release ino=25616 rc=0
2026-10-07T08:29:05.518Z dcache ino=25616 ci=0 snap-copy | dirty=1 hb=1 bg=ba2890d67262ed7e obj=0 oseq=934 sseq=936 r=[312,320)
2026-10-07T08:29:05.518Z dcache ino=25616 ci=0 put-record obj=9681226f5fddf6b2 seq=936 | dirty=0 hb=1 bg=ba2890d67262ed7e obj=9681226f5fddf6b2 oseq=936 sseq=936 r=[312,320)
2026-10-07T08:29:05.518Z dcache ino=25616 ci=0 install len=131072 seq=936 | dirty=0 hb=1 bg=ba2890d67262ed7e obj=9681226f5fddf6b2 oseq=936 sseq=936 r=[312,320)
2026-10-07T08:29:05.560Z report ino=25616 ci=0 only=25616 sync=1 rc=0
2026-10-07T08:29:05.560Z report-irec ino=25616 size=320 only=25616 sync=1 rc=0
2026-10-07T08:29:05.560Z dcache ino=25616 ci=0 to-rdcache len=131072 | dirty=0 hb=1 bg=9681226f5fddf6b2 obj=9681226f5fddf6b2 oseq=936 sseq=936 r=
2026-10-07T08:29:05.560Z release ino=25616 begin
2026-10-07T08:29:05.560Z release ino=25616 rc=0
2026-10-07T08:29:05.599Z dcache ino=25616 ci=0 patch-sparse off=328 len=8 | dirty=1 hb=1 bg=9681226f5fddf6b2 obj=0 oseq=936 sseq=936 r=[320,336)
2026-10-07T08:29:05.599Z dcache ino=25616 ci=0 snap-copy | dirty=1 hb=1 bg=9681226f5fddf6b2 obj=0 oseq=936 sseq=938 r=[320,336)
2026-10-07T08:29:05.600Z dcache ino=25616 ci=0 put-record obj=1ad1f90d77092347 seq=938 | dirty=0 hb=1 bg=9681226f5fddf6b2 obj=1ad1f90d77092347 oseq=938 sseq=938 r=[320,336)
2026-10-07T08:29:05.600Z dcache ino=25616 ci=0 install len=131072 seq=938 | dirty=0 hb=1 bg=9681226f5fddf6b2 obj=1ad1f90d77092347 oseq=938 sseq=938 r=[320,336)
2026-10-07T08:29:05.680Z report ino=25616 ci=0 only=25616 sync=1 rc=0
2026-10-07T08:29:05.680Z report-irec ino=25616 size=336 only=25616 sync=1 rc=0
2026-10-07T08:29:05.680Z dcache ino=25616 ci=0 to-rdcache len=131072 | dirty=0 hb=1 bg=1ad1f90d77092347 obj=1ad1f90d77092347 oseq=938 sseq=938 r=
2026-10-07T08:29:05.680Z release ino=25616 begin
2026-10-07T08:29:05.680Z release ino=25616 rc=0
2026-10-07T08:29:05.708Z dcache ino=25616 ci=0 snap-copy | dirty=1 hb=1 bg=1ad1f90d77092347 obj=0 oseq=938 sseq=941 r=[336,344)
2026-10-07T08:29:05.709Z dcache ino=25616 ci=0 put-record obj=9d4d45f436ed892d seq=941 | dirty=0 hb=1 bg=1ad1f90d77092347 obj=9d4d45f436ed892d oseq=941 sseq=941 r=[336,344)
2026-10-07T08:29:05.709Z dcache ino=25616 ci=0 install len=131072 seq=941 | dirty=0 hb=1 bg=1ad1f90d77092347 obj=9d4d45f436ed892d oseq=941 sseq=941 r=[336,344)
2026-10-07T08:29:05.754Z report ino=25616 ci=0 only=25616 sync=1 rc=0
2026-10-07T08:29:05.754Z report-irec ino=25616 size=344 only=25616 sync=1 rc=0
2026-10-07T08:29:05.754Z dcache ino=25616 ci=0 to-rdcache len=131072 | dirty=0 hb=1 bg=9d4d45f436ed892d obj=9d4d45f436ed892d oseq=941 sseq=941 r=
2026-10-07T08:29:05.754Z release ino=25616 begin
2026-10-07T08:29:05.754Z release ino=25616 rc=0
2026-10-07T08:29:05.777Z dcache ino=25616 ci=0 snap-copy | dirty=1 hb=1 bg=9d4d45f436ed892d obj=0 oseq=941 sseq=943 r=[344,352)
2026-10-07T08:29:05.778Z dcache ino=25616 ci=0 put-record obj=cc450d270fca379c seq=943 | dirty=0 hb=1 bg=9d4d45f436ed892d obj=cc450d270fca379c oseq=943 sseq=943 r=[344,352)
2026-10-07T08:29:05.778Z dcache ino=25616 ci=0 install len=131072 seq=943 | dirty=0 hb=1 bg=9d4d45f436ed892d obj=cc450d270fca379c oseq=943 sseq=943 r=[344,352)
2026-10-07T08:29:05.821Z report ino=25616 ci=0 only=25616 sync=1 rc=0
2026-10-07T08:29:05.821Z report-irec ino=25616 size=352 only=25616 sync=1 rc=0
2026-10-07T08:29:05.821Z dcache ino=25616 ci=0 to-rdcache len=131072 | dirty=0 hb=1 bg=cc450d270fca379c obj=cc450d270fca379c oseq=943 sseq=943 r=
2026-10-07T08:29:05.821Z release ino=25616 begin
2026-10-07T08:29:05.821Z release ino=25616 rc=0
2026-10-07T08:29:05.843Z dcache ino=25616 ci=0 snap-copy | dirty=1 hb=1 bg=cc450d270fca379c obj=0 oseq=943 sseq=946 r=[352,360)
2026-10-07T08:29:05.844Z dcache ino=25616 ci=0 put-record obj=a6f1c0da452bf4f1 seq=946 | dirty=0 hb=1 bg=cc450d270fca379c obj=a6f1c0da452bf4f1 oseq=946 sseq=946 r=[352,360)
2026-10-07T08:29:05.844Z dcache ino=25616 ci=0 install len=131072 seq=946 | dirty=0 hb=1 bg=cc450d270fca379c obj=a6f1c0da452bf4f1 oseq=946 sseq=946 r=[352,360)
2026-10-07T08:29:05.893Z report ino=25616 ci=0 only=25616 sync=1 rc=0
2026-10-07T08:29:05.893Z report-irec ino=25616 size=360 only=25616 sync=1 rc=0
2026-10-07T08:29:05.893Z dcache ino=25616 ci=0 to-rdcache len=131072 | dirty=0 hb=1 bg=a6f1c0da452bf4f1 obj=a6f1c0da452bf4f1 oseq=946 sseq=946 r=
2026-10-07T08:29:05.893Z release ino=25616 begin
2026-10-07T08:29:05.893Z release ino=25616 rc=0
2026-10-07T08:29:05.916Z dcache ino=25616 ci=0 snap-copy | dirty=1 hb=1 bg=a6f1c0da452bf4f1 obj=0 oseq=946 sseq=948 r=[360,368)
2026-10-07T08:29:05.916Z dcache ino=25616 ci=0 put-record obj=fd4b3a9f72c88e6f seq=948 | dirty=0 hb=1 bg=a6f1c0da452bf4f1 obj=fd4b3a9f72c88e6f oseq=948 sseq=948 r=[360,368)
2026-10-07T08:29:05.916Z dcache ino=25616 ci=0 install len=131072 seq=948 | dirty=0 hb=1 bg=a6f1c0da452bf4f1 obj=fd4b3a9f72c88e6f oseq=948 sseq=948 r=[360,368)
2026-10-07T08:29:05.957Z report ino=25616 ci=0 only=25616 sync=1 rc=0
2026-10-07T08:29:05.957Z report-irec ino=25616 size=368 only=25616 sync=1 rc=0
2026-10-07T08:29:05.957Z dcache ino=25616 ci=0 to-rdcache len=131072 | dirty=0 hb=1 bg=fd4b3a9f72c88e6f obj=fd4b3a9f72c88e6f oseq=948 sseq=948 r=
2026-10-07T08:29:05.957Z release ino=25616 begin
2026-10-07T08:29:05.957Z release ino=25616 rc=0
2026-10-07T08:29:05.980Z dcache ino=25616 ci=0 snap-copy | dirty=1 hb=1 bg=fd4b3a9f72c88e6f obj=0 oseq=948 sseq=950 r=[368,376)
2026-10-07T08:29:05.981Z dcache ino=25616 ci=0 put-record obj=a37a3fcbe0965e6b seq=950 | dirty=0 hb=1 bg=fd4b3a9f72c88e6f obj=a37a3fcbe0965e6b oseq=950 sseq=950 r=[368,376)
2026-10-07T08:29:05.981Z dcache ino=25616 ci=0 install len=131072 seq=950 | dirty=0 hb=1 bg=fd4b3a9f72c88e6f obj=a37a3fcbe0965e6b oseq=950 sseq=950 r=[368,376)
2026-10-07T08:29:06.021Z report ino=25616 ci=0 only=25616 sync=1 rc=0
2026-10-07T08:29:06.021Z report-irec ino=25616 size=376 only=25616 sync=1 rc=0
2026-10-07T08:29:06.021Z dcache ino=25616 ci=0 to-rdcache len=131072 | dirty=0 hb=1 bg=a37a3fcbe0965e6b obj=a37a3fcbe0965e6b oseq=950 sseq=950 r=
2026-10-07T08:29:06.021Z release ino=25616 begin
2026-10-07T08:29:06.021Z release ino=25616 rc=0
2026-10-07T08:29:06.022Z release ino=25616 begin
2026-10-07T08:29:06.022Z release ino=25616 rc=0
2026-10-07T08:29:06.041Z dcache ino=25616 ci=0 snap-copy | dirty=1 hb=1 bg=a37a3fcbe0965e6b obj=0 oseq=950 sseq=952 r=[376,384)
2026-10-07T08:29:06.042Z dcache ino=25616 ci=0 put-record obj=b317c777887c93d4 seq=952 | dirty=0 hb=1 bg=a37a3fcbe0965e6b obj=b317c777887c93d4 oseq=952 sseq=952 r=[376,384)
2026-10-07T08:29:06.042Z dcache ino=25616 ci=0 install len=131072 seq=952 | dirty=0 hb=1 bg=a37a3fcbe0965e6b obj=b317c777887c93d4 oseq=952 sseq=952 r=[376,384)
2026-10-07T08:29:06.085Z report ino=25616 ci=0 only=25616 sync=1 rc=0
2026-10-07T08:29:06.085Z report-irec ino=25616 size=384 only=25616 sync=1 rc=0
2026-10-07T08:29:06.085Z dcache ino=25616 ci=0 to-rdcache len=131072 | dirty=0 hb=1 bg=b317c777887c93d4 obj=b317c777887c93d4 oseq=952 sseq=952 r=
2026-10-07T08:29:06.085Z release ino=25616 begin
2026-10-07T08:29:06.085Z release ino=25616 rc=0
2026-10-07T08:29:06.101Z dcache ino=25616 ci=0 snap-copy | dirty=1 hb=1 bg=b317c777887c93d4 obj=0 oseq=952 sseq=953 r=[384,392)
2026-10-07T08:29:06.101Z dcache ino=25616 ci=0 put-record obj=1e264206b0df5422 seq=953 | dirty=0 hb=1 bg=b317c777887c93d4 obj=1e264206b0df5422 oseq=953 sseq=953 r=[384,392)
2026-10-07T08:29:06.101Z dcache ino=25616 ci=0 install len=131072 seq=953 | dirty=0 hb=1 bg=b317c777887c93d4 obj=1e264206b0df5422 oseq=953 sseq=953 r=[384,392)
2026-10-07T08:29:06.131Z report ino=25616 ci=0 only=25616 sync=1 rc=0
2026-10-07T08:29:06.131Z report-irec ino=25616 size=392 only=25616 sync=1 rc=0
2026-10-07T08:29:06.131Z dcache ino=25616 ci=0 to-rdcache len=131072 | dirty=0 hb=1 bg=1e264206b0df5422 obj=1e264206b0df5422 oseq=953 sseq=953 r=
2026-10-07T08:29:06.131Z release ino=25616 begin
2026-10-07T08:29:06.131Z release ino=25616 rc=0
2026-10-07T08:29:06.164Z dcache ino=25616 ci=0 patch-sparse off=400 len=8 | dirty=1 hb=1 bg=1e264206b0df5422 obj=0 oseq=953 sseq=953 r=[392,408)
2026-10-07T08:29:06.165Z dcache ino=25616 ci=0 snap-copy | dirty=1 hb=1 bg=1e264206b0df5422 obj=0 oseq=953 sseq=954 r=[392,408)
2026-10-07T08:29:06.166Z dcache ino=25616 ci=0 put-record obj=851e55c38752d6b3 seq=954 | dirty=0 hb=1 bg=1e264206b0df5422 obj=851e55c38752d6b3 oseq=954 sseq=954 r=[392,408)
2026-10-07T08:29:06.166Z dcache ino=25616 ci=0 install len=131072 seq=954 | dirty=0 hb=1 bg=1e264206b0df5422 obj=851e55c38752d6b3 oseq=954 sseq=954 r=[392,408)
2026-10-07T08:29:06.208Z report ino=25616 ci=0 only=25616 sync=1 rc=0
2026-10-07T08:29:06.208Z report-irec ino=25616 size=408 only=25616 sync=1 rc=0
2026-10-07T08:29:06.208Z dcache ino=25616 ci=0 to-rdcache len=131072 | dirty=0 hb=1 bg=851e55c38752d6b3 obj=851e55c38752d6b3 oseq=954 sseq=954 r=
2026-10-07T08:29:06.208Z release ino=25616 begin
2026-10-07T08:29:06.208Z release ino=25616 rc=0
2026-10-07T08:29:06.223Z dcache ino=25616 ci=0 snap-copy | dirty=1 hb=1 bg=851e55c38752d6b3 obj=0 oseq=954 sseq=955 r=[408,416)
2026-10-07T08:29:06.224Z dcache ino=25616 ci=0 put-record obj=e6d64d63bde81b89 seq=955 | dirty=0 hb=1 bg=851e55c38752d6b3 obj=e6d64d63bde81b89 oseq=955 sseq=955 r=[408,416)
2026-10-07T08:29:06.224Z dcache ino=25616 ci=0 install len=131072 seq=955 | dirty=0 hb=1 bg=851e55c38752d6b3 obj=e6d64d63bde81b89 oseq=955 sseq=955 r=[408,416)
2026-10-07T08:29:06.255Z report ino=25616 ci=0 only=25616 sync=1 rc=0
2026-10-07T08:29:06.255Z report-irec ino=25616 size=416 only=25616 sync=1 rc=0
2026-10-07T08:29:06.255Z dcache ino=25616 ci=0 to-rdcache len=131072 | dirty=0 hb=1 bg=e6d64d63bde81b89 obj=e6d64d63bde81b89 oseq=955 sseq=955 r=
2026-10-07T08:29:06.255Z release ino=25616 begin
2026-10-07T08:29:06.255Z release ino=25616 rc=0
2026-10-07T08:29:06.269Z dcache ino=25616 ci=0 snap-copy | dirty=1 hb=1 bg=e6d64d63bde81b89 obj=0 oseq=955 sseq=956 r=[416,424)
2026-10-07T08:29:06.270Z dcache ino=25616 ci=0 put-record obj=ddb8f70e5f8b740d seq=956 | dirty=0 hb=1 bg=e6d64d63bde81b89 obj=ddb8f70e5f8b740d oseq=956 sseq=956 r=[416,424)
2026-10-07T08:29:06.270Z dcache ino=25616 ci=0 install len=131072 seq=956 | dirty=0 hb=1 bg=e6d64d63bde81b89 obj=ddb8f70e5f8b740d oseq=956 sseq=956 r=[416,424)
2026-10-07T08:29:06.299Z report ino=25616 ci=0 only=25616 sync=1 rc=0
2026-10-07T08:29:06.299Z report-irec ino=25616 size=424 only=25616 sync=1 rc=0
2026-10-07T08:29:06.299Z dcache ino=25616 ci=0 to-rdcache len=131072 | dirty=0 hb=1 bg=ddb8f70e5f8b740d obj=ddb8f70e5f8b740d oseq=956 sseq=956 r=
2026-10-07T08:29:06.299Z release ino=25616 begin
2026-10-07T08:29:06.299Z release ino=25616 rc=0
2026-10-07T08:29:06.320Z dcache ino=25616 ci=0 snap-copy | dirty=1 hb=1 bg=ddb8f70e5f8b740d obj=0 oseq=956 sseq=957 r=[424,432)
2026-10-07T08:29:06.320Z dcache ino=25616 ci=0 put-record obj=353152954b51df63 seq=957 | dirty=0 hb=1 bg=ddb8f70e5f8b740d obj=353152954b51df63 oseq=957 sseq=957 r=[424,432)
2026-10-07T08:29:06.320Z dcache ino=25616 ci=0 install len=131072 seq=957 | dirty=0 hb=1 bg=ddb8f70e5f8b740d obj=353152954b51df63 oseq=957 sseq=957 r=[424,432)
2026-10-07T08:29:06.350Z report ino=25616 ci=0 only=25616 sync=1 rc=0
2026-10-07T08:29:06.350Z report-irec ino=25616 size=432 only=25616 sync=1 rc=0
2026-10-07T08:29:06.350Z dcache ino=25616 ci=0 to-rdcache len=131072 | dirty=0 hb=1 bg=353152954b51df63 obj=353152954b51df63 oseq=957 sseq=957 r=
2026-10-07T08:29:06.350Z release ino=25616 begin
2026-10-07T08:29:06.351Z release ino=25616 rc=0
2026-10-07T08:29:06.351Z release ino=25616 begin
2026-10-07T08:29:06.351Z release ino=25616 rc=0
2026-10-07T08:29:06.366Z dcache ino=25616 ci=0 snap-copy | dirty=1 hb=1 bg=353152954b51df63 obj=0 oseq=957 sseq=958 r=[432,440)
2026-10-07T08:29:06.367Z dcache ino=25616 ci=0 put-record obj=367e9e196b45d662 seq=958 | dirty=0 hb=1 bg=353152954b51df63 obj=367e9e196b45d662 oseq=958 sseq=958 r=[432,440)
2026-10-07T08:29:06.367Z dcache ino=25616 ci=0 install len=131072 seq=958 | dirty=0 hb=1 bg=353152954b51df63 obj=367e9e196b45d662 oseq=958 sseq=958 r=[432,440)
2026-10-07T08:29:06.396Z report ino=25616 ci=0 only=25616 sync=1 rc=0
2026-10-07T08:29:06.396Z report-irec ino=25616 size=440 only=25616 sync=1 rc=0
2026-10-07T08:29:06.396Z dcache ino=25616 ci=0 to-rdcache len=131072 | dirty=0 hb=1 bg=367e9e196b45d662 obj=367e9e196b45d662 oseq=958 sseq=958 r=
2026-10-07T08:29:06.396Z release ino=25616 begin
2026-10-07T08:29:06.396Z release ino=25616 rc=0
2026-10-07T08:29:06.413Z dcache ino=25616 ci=0 snap-copy | dirty=1 hb=1 bg=367e9e196b45d662 obj=0 oseq=958 sseq=959 r=[440,448)
2026-10-07T08:29:06.414Z dcache ino=25616 ci=0 put-record obj=3d9613ef9eb7e4d9 seq=959 | dirty=0 hb=1 bg=367e9e196b45d662 obj=3d9613ef9eb7e4d9 oseq=959 sseq=959 r=[440,448)
2026-10-07T08:29:06.414Z dcache ino=25616 ci=0 install len=131072 seq=959 | dirty=0 hb=1 bg=367e9e196b45d662 obj=3d9613ef9eb7e4d9 oseq=959 sseq=959 r=[440,448)
2026-10-07T08:29:06.453Z report ino=25616 ci=0 only=25616 sync=1 rc=0
2026-10-07T08:29:06.453Z report-irec ino=25616 size=448 only=25616 sync=1 rc=0
2026-10-07T08:29:06.453Z dcache ino=25616 ci=0 to-rdcache len=131072 | dirty=0 hb=1 bg=3d9613ef9eb7e4d9 obj=3d9613ef9eb7e4d9 oseq=959 sseq=959 r=
2026-10-07T08:29:06.453Z release ino=25616 begin
2026-10-07T08:29:06.453Z release ino=25616 rc=0
2026-10-07T08:29:06.492Z dcache ino=25616 ci=0 patch-sparse off=456 len=8 | dirty=1 hb=1 bg=3d9613ef9eb7e4d9 obj=0 oseq=959 sseq=959 r=[448,464)
2026-10-07T08:29:06.506Z dcache ino=25616 ci=0 patch-sparse off=464 len=8 | dirty=1 hb=1 bg=3d9613ef9eb7e4d9 obj=0 oseq=959 sseq=959 r=[448,472)
2026-10-07T08:29:06.506Z dcache ino=25616 ci=0 snap-copy | dirty=1 hb=1 bg=3d9613ef9eb7e4d9 obj=0 oseq=959 sseq=960 r=[448,472)
2026-10-07T08:29:06.507Z dcache ino=25616 ci=0 put-record obj=fe563584303c6664 seq=960 | dirty=0 hb=1 bg=3d9613ef9eb7e4d9 obj=fe563584303c6664 oseq=960 sseq=960 r=[448,472)
2026-10-07T08:29:06.507Z dcache ino=25616 ci=0 install len=131072 seq=960 | dirty=0 hb=1 bg=3d9613ef9eb7e4d9 obj=fe563584303c6664 oseq=960 sseq=960 r=[448,472)
2026-10-07T08:29:06.572Z report ino=25616 ci=0 only=25616 sync=1 rc=0
2026-10-07T08:29:06.572Z report-irec ino=25616 size=472 only=25616 sync=1 rc=0
2026-10-07T08:29:06.572Z dcache ino=25616 ci=0 to-rdcache len=131072 | dirty=0 hb=1 bg=fe563584303c6664 obj=fe563584303c6664 oseq=960 sseq=960 r=
2026-10-07T08:29:06.572Z release ino=25616 begin
2026-10-07T08:29:06.572Z release ino=25616 rc=0
2026-10-07T08:29:06.573Z release ino=25616 begin
2026-10-07T08:29:06.573Z release ino=25616 rc=0
2026-10-07T08:29:06.573Z release ino=25616 begin
2026-10-07T08:29:06.573Z release ino=25616 rc=0
2026-10-07T08:29:06.589Z dcache ino=25616 ci=0 snap-copy | dirty=1 hb=1 bg=fe563584303c6664 obj=0 oseq=960 sseq=961 r=[472,480)
2026-10-07T08:29:06.590Z dcache ino=25616 ci=0 put-record obj=58ef665ebaca5ada seq=961 | dirty=0 hb=1 bg=fe563584303c6664 obj=58ef665ebaca5ada oseq=961 sseq=961 r=[472,480)
2026-10-07T08:29:06.590Z dcache ino=25616 ci=0 install len=131072 seq=961 | dirty=0 hb=1 bg=fe563584303c6664 obj=58ef665ebaca5ada oseq=961 sseq=961 r=[472,480)
2026-10-07T08:29:06.622Z report ino=25616 ci=0 only=25616 sync=1 rc=0
2026-10-07T08:29:06.622Z report-irec ino=25616 size=480 only=25616 sync=1 rc=0
2026-10-07T08:29:06.622Z dcache ino=25616 ci=0 to-rdcache len=131072 | dirty=0 hb=1 bg=58ef665ebaca5ada obj=58ef665ebaca5ada oseq=961 sseq=961 r=
2026-10-07T08:29:06.622Z release ino=25616 begin
2026-10-07T08:29:06.622Z release ino=25616 rc=0
2026-10-07T08:29:06.656Z dcache ino=25616 ci=0 patch-sparse off=488 len=8 | dirty=1 hb=1 bg=58ef665ebaca5ada obj=0 oseq=961 sseq=961 r=[480,496)
2026-10-07T08:29:06.673Z dcache ino=25616 ci=0 patch-sparse off=496 len=8 | dirty=1 hb=1 bg=58ef665ebaca5ada obj=0 oseq=961 sseq=961 r=[480,504)
2026-10-07T08:29:06.673Z dcache ino=25616 ci=0 snap-copy | dirty=1 hb=1 bg=58ef665ebaca5ada obj=0 oseq=961 sseq=962 r=[480,504)
2026-10-07T08:29:06.675Z dcache ino=25616 ci=0 put-record obj=ea97bceae134ec03 seq=962 | dirty=0 hb=1 bg=58ef665ebaca5ada obj=ea97bceae134ec03 oseq=962 sseq=962 r=[480,504)
2026-10-07T08:29:06.675Z dcache ino=25616 ci=0 install len=131072 seq=962 | dirty=0 hb=1 bg=58ef665ebaca5ada obj=ea97bceae134ec03 oseq=962 sseq=962 r=[480,504)
2026-10-07T08:29:06.748Z report ino=25616 ci=0 only=25616 sync=1 rc=0
2026-10-07T08:29:06.748Z report-irec ino=25616 size=504 only=25616 sync=1 rc=0
2026-10-07T08:29:06.748Z dcache ino=25616 ci=0 to-rdcache len=131072 | dirty=0 hb=1 bg=ea97bceae134ec03 obj=ea97bceae134ec03 oseq=962 sseq=962 r=
2026-10-07T08:29:06.748Z release ino=25616 begin
2026-10-07T08:29:06.748Z release ino=25616 rc=0
2026-10-07T08:29:06.749Z release ino=25616 begin
2026-10-07T08:29:06.749Z release ino=25616 rc=0
2026-10-07T08:29:06.749Z release ino=25616 begin
2026-10-07T08:29:06.749Z release ino=25616 rc=0
2026-10-07T08:29:06.764Z dcache ino=25616 ci=0 snap-copy | dirty=1 hb=1 bg=ea97bceae134ec03 obj=0 oseq=962 sseq=963 r=[504,512)
2026-10-07T08:29:06.765Z dcache ino=25616 ci=0 put-record obj=263aa922522a7513 seq=963 | dirty=0 hb=1 bg=ea97bceae134ec03 obj=263aa922522a7513 oseq=963 sseq=963 r=[504,512)
2026-10-07T08:29:06.765Z dcache ino=25616 ci=0 install len=131072 seq=963 | dirty=0 hb=1 bg=ea97bceae134ec03 obj=263aa922522a7513 oseq=963 sseq=963 r=[504,512)
2026-10-07T08:29:06.799Z report ino=25616 ci=0 only=25616 sync=1 rc=0
2026-10-07T08:29:06.799Z report-irec ino=25616 size=512 only=25616 sync=1 rc=0
2026-10-07T08:29:06.799Z dcache ino=25616 ci=0 to-rdcache len=131072 | dirty=0 hb=1 bg=263aa922522a7513 obj=263aa922522a7513 oseq=963 sseq=963 r=
2026-10-07T08:29:06.799Z release ino=25616 begin
2026-10-07T08:29:06.799Z release ino=25616 rc=0
2026-10-07T08:29:06.831Z dcache ino=25616 ci=0 patch-sparse off=520 len=8 | dirty=1 hb=1 bg=263aa922522a7513 obj=0 oseq=963 sseq=963 r=[512,528)
2026-10-07T08:29:06.848Z dcache ino=25616 ci=0 patch-sparse off=528 len=8 | dirty=1 hb=1 bg=263aa922522a7513 obj=0 oseq=963 sseq=963 r=[512,536)
2026-10-07T08:29:06.848Z dcache ino=25616 ci=0 snap-copy | dirty=1 hb=1 bg=263aa922522a7513 obj=0 oseq=963 sseq=964 r=[512,536)
2026-10-07T08:29:06.849Z dcache ino=25616 ci=0 put-record obj=44dca37271056386 seq=964 | dirty=0 hb=1 bg=263aa922522a7513 obj=44dca37271056386 oseq=964 sseq=964 r=[512,536)
2026-10-07T08:29:06.849Z dcache ino=25616 ci=0 install len=131072 seq=964 | dirty=0 hb=1 bg=263aa922522a7513 obj=44dca37271056386 oseq=964 sseq=964 r=[512,536)
2026-10-07T08:29:06.923Z report ino=25616 ci=0 only=25616 sync=1 rc=0
2026-10-07T08:29:06.923Z report-irec ino=25616 size=536 only=25616 sync=1 rc=0
2026-10-07T08:29:06.923Z dcache ino=25616 ci=0 to-rdcache len=131072 | dirty=0 hb=1 bg=44dca37271056386 obj=44dca37271056386 oseq=964 sseq=964 r=
2026-10-07T08:29:06.923Z release ino=25616 begin
2026-10-07T08:29:06.923Z release ino=25616 rc=0
2026-10-07T08:29:06.923Z release ino=25616 begin
2026-10-07T08:29:06.923Z release ino=25616 rc=0
2026-10-07T08:29:06.923Z release ino=25616 begin
2026-10-07T08:29:06.923Z release ino=25616 rc=0
2026-10-07T08:29:06.941Z dcache ino=25616 ci=0 snap-copy | dirty=1 hb=1 bg=44dca37271056386 obj=0 oseq=964 sseq=965 r=[536,544)
2026-10-07T08:29:06.942Z dcache ino=25616 ci=0 put-record obj=62fd6599e7dbfcb3 seq=965 | dirty=0 hb=1 bg=44dca37271056386 obj=62fd6599e7dbfcb3 oseq=965 sseq=965 r=[536,544)
2026-10-07T08:29:06.942Z dcache ino=25616 ci=0 install len=131072 seq=965 | dirty=0 hb=1 bg=44dca37271056386 obj=62fd6599e7dbfcb3 oseq=965 sseq=965 r=[536,544)
2026-10-07T08:29:06.974Z report ino=25616 ci=0 only=25616 sync=1 rc=0
2026-10-07T08:29:06.974Z report-irec ino=25616 size=544 only=25616 sync=1 rc=0
2026-10-07T08:29:06.974Z dcache ino=25616 ci=0 to-rdcache len=131072 | dirty=0 hb=1 bg=62fd6599e7dbfcb3 obj=62fd6599e7dbfcb3 oseq=965 sseq=965 r=
2026-10-07T08:29:06.974Z release ino=25616 begin
2026-10-07T08:29:06.974Z release ino=25616 rc=0
2026-10-07T08:29:06.991Z dcache ino=25616 ci=0 snap-copy | dirty=1 hb=1 bg=62fd6599e7dbfcb3 obj=0 oseq=965 sseq=966 r=[544,552)
2026-10-07T08:29:06.992Z dcache ino=25616 ci=0 put-record obj=c3d2a3249d2298e5 seq=966 | dirty=0 hb=1 bg=62fd6599e7dbfcb3 obj=c3d2a3249d2298e5 oseq=966 sseq=966 r=[544,552)
2026-10-07T08:29:06.992Z dcache ino=25616 ci=0 install len=131072 seq=966 | dirty=0 hb=1 bg=62fd6599e7dbfcb3 obj=c3d2a3249d2298e5 oseq=966 sseq=966 r=[544,552)
2026-10-07T08:29:07.023Z report ino=25616 ci=0 only=25616 sync=1 rc=0
2026-10-07T08:29:07.023Z report-irec ino=25616 size=552 only=25616 sync=1 rc=0
2026-10-07T08:29:07.023Z dcache ino=25616 ci=0 to-rdcache len=131072 | dirty=0 hb=1 bg=c3d2a3249d2298e5 obj=c3d2a3249d2298e5 oseq=966 sseq=966 r=
2026-10-07T08:29:07.023Z release ino=25616 begin
2026-10-07T08:29:07.023Z release ino=25616 rc=0
2026-10-07T08:29:07.055Z dcache ino=25616 ci=0 patch-sparse off=560 len=8 | dirty=1 hb=1 bg=c3d2a3249d2298e5 obj=0 oseq=966 sseq=966 r=[552,568)
2026-10-07T08:29:07.055Z dcache ino=25616 ci=0 snap-copy | dirty=1 hb=1 bg=c3d2a3249d2298e5 obj=0 oseq=966 sseq=967 r=[552,568)
2026-10-07T08:29:07.057Z dcache ino=25616 ci=0 put-record obj=c206d27c819599ec seq=967 | dirty=0 hb=1 bg=c3d2a3249d2298e5 obj=c206d27c819599ec oseq=967 sseq=967 r=[552,568)
2026-10-07T08:29:07.057Z dcache ino=25616 ci=0 install len=131072 seq=967 | dirty=0 hb=1 bg=c3d2a3249d2298e5 obj=c206d27c819599ec oseq=967 sseq=967 r=[552,568)
2026-10-07T08:29:07.103Z report ino=25616 ci=0 only=25616 sync=1 rc=0
2026-10-07T08:29:07.103Z report-irec ino=25616 size=568 only=25616 sync=1 rc=0
2026-10-07T08:29:07.103Z dcache ino=25616 ci=0 to-rdcache len=131072 | dirty=0 hb=1 bg=c206d27c819599ec obj=c206d27c819599ec oseq=967 sseq=967 r=
2026-10-07T08:29:07.103Z release ino=25616 begin
2026-10-07T08:29:07.103Z release ino=25616 rc=0
2026-10-07T08:29:07.104Z release ino=25616 begin
2026-10-07T08:29:07.104Z release ino=25616 rc=0
2026-10-07T08:29:07.135Z dcache ino=25616 ci=0 patch-sparse off=576 len=8 | dirty=1 hb=1 bg=c206d27c819599ec obj=0 oseq=967 sseq=967 r=[568,584)
2026-10-07T08:29:07.135Z dcache ino=25616 ci=0 snap-copy | dirty=1 hb=1 bg=c206d27c819599ec obj=0 oseq=967 sseq=968 r=[568,584)
2026-10-07T08:29:07.137Z dcache ino=25616 ci=0 put-record obj=d19fd1b7608331d3 seq=968 | dirty=0 hb=1 bg=c206d27c819599ec obj=d19fd1b7608331d3 oseq=968 sseq=968 r=[568,584)
2026-10-07T08:29:07.137Z dcache ino=25616 ci=0 install len=131072 seq=968 | dirty=0 hb=1 bg=c206d27c819599ec obj=d19fd1b7608331d3 oseq=968 sseq=968 r=[568,584)
2026-10-07T08:29:07.186Z report ino=25616 ci=0 only=25616 sync=1 rc=0
2026-10-07T08:29:07.186Z report-irec ino=25616 size=584 only=25616 sync=1 rc=0
2026-10-07T08:29:07.186Z dcache ino=25616 ci=0 to-rdcache len=131072 | dirty=0 hb=1 bg=d19fd1b7608331d3 obj=d19fd1b7608331d3 oseq=968 sseq=968 r=
2026-10-07T08:29:07.186Z release ino=25616 begin
2026-10-07T08:29:07.186Z release ino=25616 rc=0
2026-10-07T08:29:07.186Z release ino=25616 begin
2026-10-07T08:29:07.186Z release ino=25616 rc=0
2026-10-07T08:29:07.217Z dcache ino=25616 ci=0 patch-sparse off=592 len=8 | dirty=1 hb=1 bg=d19fd1b7608331d3 obj=0 oseq=968 sseq=968 r=[584,600)
2026-10-07T08:29:07.217Z dcache ino=25616 ci=0 snap-copy | dirty=1 hb=1 bg=d19fd1b7608331d3 obj=0 oseq=968 sseq=969 r=[584,600)
2026-10-07T08:29:07.218Z dcache ino=25616 ci=0 put-record obj=d3fa6f73ce7d0e61 seq=969 | dirty=0 hb=1 bg=d19fd1b7608331d3 obj=d3fa6f73ce7d0e61 oseq=969 sseq=969 r=[584,600)
2026-10-07T08:29:07.218Z dcache ino=25616 ci=0 install len=131072 seq=969 | dirty=0 hb=1 bg=d19fd1b7608331d3 obj=d3fa6f73ce7d0e61 oseq=969 sseq=969 r=[584,600)
2026-10-07T08:29:07.269Z report ino=25616 ci=0 only=25616 sync=1 rc=0
2026-10-07T08:29:07.269Z report-irec ino=25616 size=600 only=25616 sync=1 rc=0
2026-10-07T08:29:07.269Z dcache ino=25616 ci=0 to-rdcache len=131072 | dirty=0 hb=1 bg=d3fa6f73ce7d0e61 obj=d3fa6f73ce7d0e61 oseq=969 sseq=969 r=
2026-10-07T08:29:07.269Z release ino=25616 begin
2026-10-07T08:29:07.269Z release ino=25616 rc=0
2026-10-07T08:29:07.269Z release ino=25616 begin
2026-10-07T08:29:07.269Z release ino=25616 rc=0
2026-10-07T08:29:07.299Z dcache ino=25616 ci=0 patch-sparse off=608 len=8 | dirty=1 hb=1 bg=d3fa6f73ce7d0e61 obj=0 oseq=969 sseq=969 r=[600,616)
2026-10-07T08:29:07.299Z dcache ino=25616 ci=0 snap-copy | dirty=1 hb=1 bg=d3fa6f73ce7d0e61 obj=0 oseq=969 sseq=970 r=[600,616)
2026-10-07T08:29:07.300Z dcache ino=25616 ci=0 put-record obj=5dc84e65ffd527a seq=970 | dirty=0 hb=1 bg=d3fa6f73ce7d0e61 obj=5dc84e65ffd527a oseq=970 sseq=970 r=[600,616)
2026-10-07T08:29:07.300Z dcache ino=25616 ci=0 install len=131072 seq=970 | dirty=0 hb=1 bg=d3fa6f73ce7d0e61 obj=5dc84e65ffd527a oseq=970 sseq=970 r=[600,616)
2026-10-07T08:29:07.347Z report ino=25616 ci=0 only=25616 sync=1 rc=0
2026-10-07T08:29:07.347Z report-irec ino=25616 size=616 only=25616 sync=1 rc=0
2026-10-07T08:29:07.347Z dcache ino=25616 ci=0 to-rdcache len=131072 | dirty=0 hb=1 bg=5dc84e65ffd527a obj=5dc84e65ffd527a oseq=970 sseq=970 r=
2026-10-07T08:29:07.347Z release ino=25616 begin
2026-10-07T08:29:07.347Z release ino=25616 rc=0
2026-10-07T08:29:07.382Z dcache ino=25616 ci=0 patch-sparse off=624 len=8 | dirty=1 hb=1 bg=5dc84e65ffd527a obj=0 oseq=970 sseq=970 r=[616,632)
2026-10-07T08:29:07.382Z dcache ino=25616 ci=0 snap-copy | dirty=1 hb=1 bg=5dc84e65ffd527a obj=0 oseq=970 sseq=971 r=[616,632)
2026-10-07T08:29:07.383Z dcache ino=25616 ci=0 put-record obj=c815415f576d348b seq=971 | dirty=0 hb=1 bg=5dc84e65ffd527a obj=c815415f576d348b oseq=971 sseq=971 r=[616,632)
2026-10-07T08:29:07.383Z dcache ino=25616 ci=0 install len=131072 seq=971 | dirty=0 hb=1 bg=5dc84e65ffd527a obj=c815415f576d348b oseq=971 sseq=971 r=[616,632)
2026-10-07T08:29:07.435Z report ino=25616 ci=0 only=25616 sync=1 rc=0
2026-10-07T08:29:07.435Z report-irec ino=25616 size=632 only=25616 sync=1 rc=0
2026-10-07T08:29:07.435Z dcache ino=25616 ci=0 to-rdcache len=131072 | dirty=0 hb=1 bg=c815415f576d348b obj=c815415f576d348b oseq=971 sseq=971 r=
2026-10-07T08:29:07.435Z release ino=25616 begin
2026-10-07T08:29:07.435Z release ino=25616 rc=0
2026-10-07T08:29:07.435Z release ino=25616 begin
2026-10-07T08:29:07.435Z release ino=25616 rc=0
2026-10-07T08:29:07.453Z dcache ino=25616 ci=0 snap-copy | dirty=1 hb=1 bg=c815415f576d348b obj=0 oseq=971 sseq=972 r=[632,640)
2026-10-07T08:29:07.454Z dcache ino=25616 ci=0 put-record obj=eda3bc09817eba5f seq=972 | dirty=0 hb=1 bg=c815415f576d348b obj=eda3bc09817eba5f oseq=972 sseq=972 r=[632,640)
2026-10-07T08:29:07.454Z dcache ino=25616 ci=0 install len=131072 seq=972 | dirty=0 hb=1 bg=c815415f576d348b obj=eda3bc09817eba5f oseq=972 sseq=972 r=[632,640)
2026-10-07T08:29:07.486Z report ino=25616 ci=0 only=25616 sync=1 rc=0
2026-10-07T08:29:07.486Z report-irec ino=25616 size=640 only=25616 sync=1 rc=0
2026-10-07T08:29:07.486Z dcache ino=25616 ci=0 to-rdcache len=131072 | dirty=0 hb=1 bg=eda3bc09817eba5f obj=eda3bc09817eba5f oseq=972 sseq=972 r=
2026-10-07T08:29:07.486Z release ino=25616 begin
2026-10-07T08:29:07.486Z release ino=25616 rc=0
2026-10-07T08:29:07.486Z release ino=25616 begin
2026-10-07T08:29:07.486Z release ino=25616 rc=0
2026-10-07T08:29:07.520Z dcache ino=25616 ci=0 patch-sparse off=648 len=8 | dirty=1 hb=1 bg=eda3bc09817eba5f obj=0 oseq=972 sseq=972 r=[640,656)
2026-10-07T08:29:07.520Z dcache ino=25616 ci=0 snap-copy | dirty=1 hb=1 bg=eda3bc09817eba5f obj=0 oseq=972 sseq=973 r=[640,656)
2026-10-07T08:29:07.522Z dcache ino=25616 ci=0 put-record obj=bbbb83aa981ea29c seq=973 | dirty=0 hb=1 bg=eda3bc09817eba5f obj=bbbb83aa981ea29c oseq=973 sseq=973 r=[640,656)
2026-10-07T08:29:07.522Z dcache ino=25616 ci=0 install len=131072 seq=973 | dirty=0 hb=1 bg=eda3bc09817eba5f obj=bbbb83aa981ea29c oseq=973 sseq=973 r=[640,656)
2026-10-07T08:29:07.591Z report ino=25616 ci=0 only=25616 sync=1 rc=0
2026-10-07T08:29:07.591Z report-irec ino=25616 size=656 only=25616 sync=1 rc=0
2026-10-07T08:29:07.591Z dcache ino=25616 ci=0 to-rdcache len=131072 | dirty=0 hb=1 bg=bbbb83aa981ea29c obj=bbbb83aa981ea29c oseq=973 sseq=973 r=
2026-10-07T08:29:07.591Z release ino=25616 begin
2026-10-07T08:29:07.591Z release ino=25616 rc=0
2026-10-07T08:29:07.592Z release ino=25616 begin
2026-10-07T08:29:07.592Z release ino=25616 rc=0
2026-10-07T08:29:07.616Z dcache ino=25616 ci=0 snap-copy | dirty=1 hb=1 bg=bbbb83aa981ea29c obj=0 oseq=973 sseq=974 r=[656,664)
2026-10-07T08:29:07.617Z dcache ino=25616 ci=0 put-record obj=8fb871bccc6c3c5c seq=974 | dirty=0 hb=1 bg=bbbb83aa981ea29c obj=8fb871bccc6c3c5c oseq=974 sseq=974 r=[656,664)
2026-10-07T08:29:07.617Z dcache ino=25616 ci=0 install len=131072 seq=974 | dirty=0 hb=1 bg=bbbb83aa981ea29c obj=8fb871bccc6c3c5c oseq=974 sseq=974 r=[656,664)
2026-10-07T08:29:07.648Z report ino=25616 ci=0 only=25616 sync=1 rc=0
2026-10-07T08:29:07.648Z report-irec ino=25616 size=664 only=25616 sync=1 rc=0
2026-10-07T08:29:07.648Z dcache ino=25616 ci=0 to-rdcache len=131072 | dirty=0 hb=1 bg=8fb871bccc6c3c5c obj=8fb871bccc6c3c5c oseq=974 sseq=974 r=
2026-10-07T08:29:07.648Z release ino=25616 begin
2026-10-07T08:29:07.648Z release ino=25616 rc=0
2026-10-07T08:29:07.669Z dcache ino=25616 ci=0 snap-copy | dirty=1 hb=1 bg=8fb871bccc6c3c5c obj=0 oseq=974 sseq=975 r=[664,672)
2026-10-07T08:29:07.670Z dcache ino=25616 ci=0 put-record obj=42685c9fea2c41ad seq=975 | dirty=0 hb=1 bg=8fb871bccc6c3c5c obj=42685c9fea2c41ad oseq=975 sseq=975 r=[664,672)
2026-10-07T08:29:07.670Z dcache ino=25616 ci=0 install len=131072 seq=975 | dirty=0 hb=1 bg=8fb871bccc6c3c5c obj=42685c9fea2c41ad oseq=975 sseq=975 r=[664,672)
2026-10-07T08:29:07.703Z report ino=25616 ci=0 only=25616 sync=1 rc=0
2026-10-07T08:29:07.703Z report-irec ino=25616 size=672 only=25616 sync=1 rc=0
2026-10-07T08:29:07.703Z dcache ino=25616 ci=0 to-rdcache len=131072 | dirty=0 hb=1 bg=42685c9fea2c41ad obj=42685c9fea2c41ad oseq=975 sseq=975 r=
2026-10-07T08:29:07.703Z release ino=25616 begin
2026-10-07T08:29:07.703Z release ino=25616 rc=0
2026-10-07T08:29:07.735Z dcache ino=25616 ci=0 patch-sparse off=680 len=8 | dirty=1 hb=1 bg=42685c9fea2c41ad obj=0 oseq=975 sseq=975 r=[672,688)
2026-10-07T08:29:07.752Z dcache ino=25616 ci=0 patch-sparse off=688 len=8 | dirty=1 hb=1 bg=42685c9fea2c41ad obj=0 oseq=975 sseq=975 r=[672,696)
2026-10-07T08:29:07.752Z dcache ino=25616 ci=0 snap-copy | dirty=1 hb=1 bg=42685c9fea2c41ad obj=0 oseq=975 sseq=976 r=[672,696)
2026-10-07T08:29:07.754Z dcache ino=25616 ci=0 put-record obj=5c84506b8c536716 seq=976 | dirty=0 hb=1 bg=42685c9fea2c41ad obj=5c84506b8c536716 oseq=976 sseq=976 r=[672,696)
2026-10-07T08:29:07.754Z dcache ino=25616 ci=0 install len=131072 seq=976 | dirty=0 hb=1 bg=42685c9fea2c41ad obj=5c84506b8c536716 oseq=976 sseq=976 r=[672,696)
2026-10-07T08:29:07.824Z report ino=25616 ci=0 only=25616 sync=1 rc=0
2026-10-07T08:29:07.824Z report-irec ino=25616 size=696 only=25616 sync=1 rc=0
2026-10-07T08:29:07.824Z dcache ino=25616 ci=0 to-rdcache len=131072 | dirty=0 hb=1 bg=5c84506b8c536716 obj=5c84506b8c536716 oseq=976 sseq=976 r=
2026-10-07T08:29:07.824Z release ino=25616 begin
2026-10-07T08:29:07.824Z release ino=25616 rc=0
2026-10-07T08:29:07.845Z dcache ino=25616 ci=0 snap-copy | dirty=1 hb=1 bg=5c84506b8c536716 obj=0 oseq=976 sseq=977 r=[696,704)
2026-10-07T08:29:07.845Z dcache ino=25616 ci=0 put-record obj=2d597de7d0f0cedf seq=977 | dirty=0 hb=1 bg=5c84506b8c536716 obj=2d597de7d0f0cedf oseq=977 sseq=977 r=[696,704)
2026-10-07T08:29:07.845Z dcache ino=25616 ci=0 install len=131072 seq=977 | dirty=0 hb=1 bg=5c84506b8c536716 obj=2d597de7d0f0cedf oseq=977 sseq=977 r=[696,704)
2026-10-07T08:29:07.876Z report ino=25616 ci=0 only=25616 sync=1 rc=0
2026-10-07T08:29:07.876Z report-irec ino=25616 size=704 only=25616 sync=1 rc=0
2026-10-07T08:29:07.876Z dcache ino=25616 ci=0 to-rdcache len=131072 | dirty=0 hb=1 bg=2d597de7d0f0cedf obj=2d597de7d0f0cedf oseq=977 sseq=977 r=
2026-10-07T08:29:07.876Z release ino=25616 begin
2026-10-07T08:29:07.876Z release ino=25616 rc=0
2026-10-07T08:29:07.877Z release ino=25616 begin
2026-10-07T08:29:07.877Z release ino=25616 rc=0
2026-10-07T08:29:07.892Z dcache ino=25616 ci=0 snap-copy | dirty=1 hb=1 bg=2d597de7d0f0cedf obj=0 oseq=977 sseq=978 r=[704,712)
2026-10-07T08:29:07.893Z dcache ino=25616 ci=0 put-record obj=e5cd808912a2bdd6 seq=978 | dirty=0 hb=1 bg=2d597de7d0f0cedf obj=e5cd808912a2bdd6 oseq=978 sseq=978 r=[704,712)
2026-10-07T08:29:07.893Z dcache ino=25616 ci=0 install len=131072 seq=978 | dirty=0 hb=1 bg=2d597de7d0f0cedf obj=e5cd808912a2bdd6 oseq=978 sseq=978 r=[704,712)
2026-10-07T08:29:07.924Z report ino=25616 ci=0 only=25616 sync=1 rc=0
2026-10-07T08:29:07.924Z report-irec ino=25616 size=712 only=25616 sync=1 rc=0
2026-10-07T08:29:07.924Z dcache ino=25616 ci=0 to-rdcache len=131072 | dirty=0 hb=1 bg=e5cd808912a2bdd6 obj=e5cd808912a2bdd6 oseq=978 sseq=978 r=
2026-10-07T08:29:07.924Z release ino=25616 begin
2026-10-07T08:29:07.924Z release ino=25616 rc=0
2026-10-07T08:29:07.970Z dcache ino=25616 ci=0 patch-sparse off=720 len=8 | dirty=1 hb=1 bg=e5cd808912a2bdd6 obj=0 oseq=978 sseq=978 r=[712,728)
2026-10-07T08:29:07.970Z dcache ino=25616 ci=0 snap-copy | dirty=1 hb=1 bg=e5cd808912a2bdd6 obj=0 oseq=978 sseq=980 r=[712,728)
2026-10-07T08:29:07.971Z dcache ino=25616 ci=0 put-record obj=3709df10e7ff6d0 seq=980 | dirty=0 hb=1 bg=e5cd808912a2bdd6 obj=3709df10e7ff6d0 oseq=980 sseq=980 r=[712,728)
2026-10-07T08:29:07.971Z dcache ino=25616 ci=0 install len=131072 seq=980 | dirty=0 hb=1 bg=e5cd808912a2bdd6 obj=3709df10e7ff6d0 oseq=980 sseq=980 r=[712,728)
2026-10-07T08:29:08.020Z report ino=25616 ci=0 only=25616 sync=1 rc=0
2026-10-07T08:29:08.020Z report-irec ino=25616 size=728 only=25616 sync=1 rc=0
2026-10-07T08:29:08.020Z dcache ino=25616 ci=0 to-rdcache len=131072 | dirty=0 hb=1 bg=3709df10e7ff6d0 obj=3709df10e7ff6d0 oseq=980 sseq=980 r=
2026-10-07T08:29:08.020Z release ino=25616 begin
2026-10-07T08:29:08.020Z release ino=25616 rc=0
2026-10-07T08:29:08.020Z release ino=25616 begin
2026-10-07T08:29:08.020Z release ino=25616 rc=0
2026-10-07T08:29:08.042Z dcache ino=25616 ci=0 snap-copy | dirty=1 hb=1 bg=3709df10e7ff6d0 obj=0 oseq=980 sseq=981 r=[728,736)
2026-10-07T08:29:08.043Z dcache ino=25616 ci=0 put-record obj=ff6b2ad5b763e213 seq=981 | dirty=0 hb=1 bg=3709df10e7ff6d0 obj=ff6b2ad5b763e213 oseq=981 sseq=981 r=[728,736)
2026-10-07T08:29:08.043Z dcache ino=25616 ci=0 install len=131072 seq=981 | dirty=0 hb=1 bg=3709df10e7ff6d0 obj=ff6b2ad5b763e213 oseq=981 sseq=981 r=[728,736)
2026-10-07T08:29:08.066Z report ino=25616 ci=0 only=25616 sync=1 rc=0
2026-10-07T08:29:08.066Z report-irec ino=25616 size=736 only=25616 sync=1 rc=0
2026-10-07T08:29:08.066Z dcache ino=25616 ci=0 to-rdcache len=131072 | dirty=0 hb=1 bg=ff6b2ad5b763e213 obj=ff6b2ad5b763e213 oseq=981 sseq=981 r=
2026-10-07T08:29:08.066Z release ino=25616 begin
2026-10-07T08:29:08.066Z release ino=25616 rc=0
2026-10-07T08:29:08.067Z release ino=25616 begin
2026-10-07T08:29:08.067Z release ino=25616 rc=0
2026-10-07T08:29:08.089Z dcache ino=25616 ci=0 patch-sparse off=744 len=8 | dirty=1 hb=1 bg=ff6b2ad5b763e213 obj=0 oseq=981 sseq=981 r=[736,752)
2026-10-07T08:29:08.089Z dcache ino=25616 ci=0 snap-copy | dirty=1 hb=1 bg=ff6b2ad5b763e213 obj=0 oseq=981 sseq=982 r=[736,752)
2026-10-07T08:29:08.091Z dcache ino=25616 ci=0 put-record obj=9b18d498e5112729 seq=982 | dirty=0 hb=1 bg=ff6b2ad5b763e213 obj=9b18d498e5112729 oseq=982 sseq=982 r=[736,752)
2026-10-07T08:29:08.091Z dcache ino=25616 ci=0 install len=131072 seq=982 | dirty=0 hb=1 bg=ff6b2ad5b763e213 obj=9b18d498e5112729 oseq=982 sseq=982 r=[736,752)
2026-10-07T08:29:08.122Z report ino=25616 ci=0 only=25616 sync=1 rc=0
2026-10-07T08:29:08.122Z report-irec ino=25616 size=752 only=25616 sync=1 rc=0
2026-10-07T08:29:08.122Z dcache ino=25616 ci=0 to-rdcache len=131072 | dirty=0 hb=1 bg=9b18d498e5112729 obj=9b18d498e5112729 oseq=982 sseq=982 r=
2026-10-07T08:29:08.122Z release ino=25616 begin
2026-10-07T08:29:08.122Z release ino=25616 rc=0
2026-10-07T08:29:08.147Z dcache ino=25616 ci=0 patch-sparse off=760 len=8 | dirty=1 hb=1 bg=9b18d498e5112729 obj=0 oseq=982 sseq=982 r=[752,768)
2026-10-07T08:29:08.147Z dcache ino=25616 ci=0 snap-copy | dirty=1 hb=1 bg=9b18d498e5112729 obj=0 oseq=982 sseq=983 r=[752,768)
2026-10-07T08:29:08.148Z dcache ino=25616 ci=0 put-record obj=2b613cb271735007 seq=983 | dirty=0 hb=1 bg=9b18d498e5112729 obj=2b613cb271735007 oseq=983 sseq=983 r=[752,768)
2026-10-07T08:29:08.148Z dcache ino=25616 ci=0 install len=131072 seq=983 | dirty=0 hb=1 bg=9b18d498e5112729 obj=2b613cb271735007 oseq=983 sseq=983 r=[752,768)
2026-10-07T08:29:08.184Z report ino=25616 ci=0 only=25616 sync=1 rc=0
2026-10-07T08:29:08.184Z report-irec ino=25616 size=768 only=25616 sync=1 rc=0
2026-10-07T08:29:08.184Z dcache ino=25616 ci=0 to-rdcache len=131072 | dirty=0 hb=1 bg=2b613cb271735007 obj=2b613cb271735007 oseq=983 sseq=983 r=
2026-10-07T08:29:08.184Z release ino=25616 begin
2026-10-07T08:29:08.184Z release ino=25616 rc=0
2026-10-07T08:29:08.184Z release ino=25616 begin
2026-10-07T08:29:08.184Z release ino=25616 rc=0
2026-10-07T08:29:08.184Z release ino=25616 begin
2026-10-07T08:29:08.184Z release ino=25616 rc=0
2026-10-07T08:29:08.198Z dcache ino=25616 ci=0 snap-copy | dirty=1 hb=1 bg=2b613cb271735007 obj=0 oseq=983 sseq=984 r=[768,776)
2026-10-07T08:29:08.199Z dcache ino=25616 ci=0 put-record obj=de17426495ddc544 seq=984 | dirty=0 hb=1 bg=2b613cb271735007 obj=de17426495ddc544 oseq=984 sseq=984 r=[768,776)
2026-10-07T08:29:08.199Z dcache ino=25616 ci=0 install len=131072 seq=984 | dirty=0 hb=1 bg=2b613cb271735007 obj=de17426495ddc544 oseq=984 sseq=984 r=[768,776)
2026-10-07T08:29:08.224Z report ino=25616 ci=0 only=25616 sync=1 rc=0
2026-10-07T08:29:08.224Z report-irec ino=25616 size=776 only=25616 sync=1 rc=0
2026-10-07T08:29:08.224Z dcache ino=25616 ci=0 to-rdcache len=131072 | dirty=0 hb=1 bg=de17426495ddc544 obj=de17426495ddc544 oseq=984 sseq=984 r=
2026-10-07T08:29:08.224Z release ino=25616 begin
2026-10-07T08:29:08.224Z release ino=25616 rc=0
2026-10-07T08:29:08.244Z dcache ino=25616 ci=0 patch-sparse off=784 len=8 | dirty=1 hb=1 bg=de17426495ddc544 obj=0 oseq=984 sseq=984 r=[776,792)
2026-10-07T08:29:08.244Z dcache ino=25616 ci=0 snap-copy | dirty=1 hb=1 bg=de17426495ddc544 obj=0 oseq=984 sseq=985 r=[776,792)
2026-10-07T08:29:08.244Z dcache ino=25616 ci=0 put-record obj=5b5451b1f46de013 seq=985 | dirty=0 hb=1 bg=de17426495ddc544 obj=5b5451b1f46de013 oseq=985 sseq=985 r=[776,792)
2026-10-07T08:29:08.244Z dcache ino=25616 ci=0 install len=131072 seq=985 | dirty=0 hb=1 bg=de17426495ddc544 obj=5b5451b1f46de013 oseq=985 sseq=985 r=[776,792)
2026-10-07T08:29:08.276Z report ino=25616 ci=0 only=25616 sync=1 rc=0
2026-10-07T08:29:08.276Z report-irec ino=25616 size=792 only=25616 sync=1 rc=0
2026-10-07T08:29:08.276Z dcache ino=25616 ci=0 to-rdcache len=131072 | dirty=0 hb=1 bg=5b5451b1f46de013 obj=5b5451b1f46de013 oseq=985 sseq=985 r=
2026-10-07T08:29:08.276Z release ino=25616 begin
2026-10-07T08:29:08.276Z release ino=25616 rc=0
2026-10-07T08:29:08.291Z dcache ino=25616 ci=0 snap-copy | dirty=1 hb=1 bg=5b5451b1f46de013 obj=0 oseq=985 sseq=986 r=[792,800)
2026-10-07T08:29:08.292Z dcache ino=25616 ci=0 put-record obj=9a239deb775202f8 seq=986 | dirty=0 hb=1 bg=5b5451b1f46de013 obj=9a239deb775202f8 oseq=986 sseq=986 r=[792,800)
2026-10-07T08:29:08.292Z dcache ino=25616 ci=0 install len=131072 seq=986 | dirty=0 hb=1 bg=5b5451b1f46de013 obj=9a239deb775202f8 oseq=986 sseq=986 r=[792,800)
2026-10-07T08:29:08.315Z report ino=25616 ci=0 only=25616 sync=1 rc=0
2026-10-07T08:29:08.315Z report-irec ino=25616 size=800 only=25616 sync=1 rc=0
2026-10-07T08:29:08.315Z dcache ino=25616 ci=0 to-rdcache len=131072 | dirty=0 hb=1 bg=9a239deb775202f8 obj=9a239deb775202f8 oseq=986 sseq=986 r=
2026-10-07T08:29:08.315Z release ino=25616 begin
2026-10-07T08:29:08.315Z release ino=25616 rc=0
2026-10-07T08:29:08.315Z release ino=25616 begin
2026-10-07T08:29:08.315Z release ino=25616 rc=0
2026-10-07T08:29:08.338Z dcache ino=25616 ci=0 patch-sparse off=808 len=8 | dirty=1 hb=1 bg=9a239deb775202f8 obj=0 oseq=986 sseq=986 r=[800,816)
2026-10-07T08:29:08.338Z dcache ino=25616 ci=0 snap-copy | dirty=1 hb=1 bg=9a239deb775202f8 obj=0 oseq=986 sseq=987 r=[800,816)
2026-10-07T08:29:08.339Z dcache ino=25616 ci=0 put-record obj=849cc1ffb4ffef65 seq=987 | dirty=0 hb=1 bg=9a239deb775202f8 obj=849cc1ffb4ffef65 oseq=987 sseq=987 r=[800,816)
2026-10-07T08:29:08.339Z dcache ino=25616 ci=0 install len=131072 seq=987 | dirty=0 hb=1 bg=9a239deb775202f8 obj=849cc1ffb4ffef65 oseq=987 sseq=987 r=[800,816)
2026-10-07T08:29:08.374Z report ino=25616 ci=0 only=25616 sync=1 rc=0
2026-10-07T08:29:08.374Z report-irec ino=25616 size=816 only=25616 sync=1 rc=0
2026-10-07T08:29:08.374Z dcache ino=25616 ci=0 to-rdcache len=131072 | dirty=0 hb=1 bg=849cc1ffb4ffef65 obj=849cc1ffb4ffef65 oseq=987 sseq=987 r=
2026-10-07T08:29:08.374Z release ino=25616 begin
2026-10-07T08:29:08.374Z release ino=25616 rc=0
2026-10-07T08:29:08.400Z dcache ino=25616 ci=0 patch-sparse off=824 len=8 | dirty=1 hb=1 bg=849cc1ffb4ffef65 obj=0 oseq=987 sseq=987 r=[816,832)
2026-10-07T08:29:08.400Z dcache ino=25616 ci=0 snap-copy | dirty=1 hb=1 bg=849cc1ffb4ffef65 obj=0 oseq=987 sseq=988 r=[816,832)
2026-10-07T08:29:08.401Z dcache ino=25616 ci=0 put-record obj=47b3804286b36aea seq=988 | dirty=0 hb=1 bg=849cc1ffb4ffef65 obj=47b3804286b36aea oseq=988 sseq=988 r=[816,832)
2026-10-07T08:29:08.401Z dcache ino=25616 ci=0 install len=131072 seq=988 | dirty=0 hb=1 bg=849cc1ffb4ffef65 obj=47b3804286b36aea oseq=988 sseq=988 r=[816,832)
2026-10-07T08:29:08.437Z report ino=25616 ci=0 only=25616 sync=1 rc=0
2026-10-07T08:29:08.437Z report-irec ino=25616 size=832 only=25616 sync=1 rc=0
2026-10-07T08:29:08.437Z dcache ino=25616 ci=0 to-rdcache len=131072 | dirty=0 hb=1 bg=47b3804286b36aea obj=47b3804286b36aea oseq=988 sseq=988 r=
2026-10-07T08:29:08.437Z release ino=25616 begin
2026-10-07T08:29:08.437Z release ino=25616 rc=0
2026-10-07T08:29:08.437Z release ino=25616 begin
2026-10-07T08:29:08.437Z release ino=25616 rc=0
2026-10-07T08:29:08.446Z dcache ino=25616 ci=0 snap-copy | dirty=1 hb=1 bg=47b3804286b36aea obj=0 oseq=988 sseq=989 r=[832,840)
2026-10-07T08:29:08.446Z dcache ino=25616 ci=0 put-record obj=f30ef68685c5ba8c seq=989 | dirty=0 hb=1 bg=47b3804286b36aea obj=f30ef68685c5ba8c oseq=989 sseq=989 r=[832,840)
2026-10-07T08:29:08.446Z dcache ino=25616 ci=0 install len=131072 seq=989 | dirty=0 hb=1 bg=47b3804286b36aea obj=f30ef68685c5ba8c oseq=989 sseq=989 r=[832,840)
2026-10-07T08:29:08.468Z report ino=25616 ci=0 only=25616 sync=1 rc=0
2026-10-07T08:29:08.468Z report-irec ino=25616 size=840 only=25616 sync=1 rc=0
2026-10-07T08:29:08.468Z dcache ino=25616 ci=0 to-rdcache len=131072 | dirty=0 hb=1 bg=f30ef68685c5ba8c obj=f30ef68685c5ba8c oseq=989 sseq=989 r=
2026-10-07T08:29:08.468Z release ino=25616 begin
2026-10-07T08:29:08.468Z release ino=25616 rc=0
2026-10-07T08:29:08.492Z dcache ino=25616 ci=0 patch-sparse off=848 len=8 | dirty=1 hb=1 bg=f30ef68685c5ba8c obj=0 oseq=989 sseq=989 r=[840,856)
2026-10-07T08:29:08.492Z dcache ino=25616 ci=0 snap-copy | dirty=1 hb=1 bg=f30ef68685c5ba8c obj=0 oseq=989 sseq=990 r=[840,856)
2026-10-07T08:29:08.493Z dcache ino=25616 ci=0 put-record obj=b35f472addc32cbf seq=990 | dirty=0 hb=1 bg=f30ef68685c5ba8c obj=b35f472addc32cbf oseq=990 sseq=990 r=[840,856)
2026-10-07T08:29:08.493Z dcache ino=25616 ci=0 install len=131072 seq=990 | dirty=0 hb=1 bg=f30ef68685c5ba8c obj=b35f472addc32cbf oseq=990 sseq=990 r=[840,856)
2026-10-07T08:29:08.528Z report ino=25616 ci=0 only=25616 sync=1 rc=0
2026-10-07T08:29:08.528Z report-irec ino=25616 size=856 only=25616 sync=1 rc=0
2026-10-07T08:29:08.528Z dcache ino=25616 ci=0 to-rdcache len=131072 | dirty=0 hb=1 bg=b35f472addc32cbf obj=b35f472addc32cbf oseq=990 sseq=990 r=
2026-10-07T08:29:08.528Z release ino=25616 begin
2026-10-07T08:29:08.528Z release ino=25616 rc=0
2026-10-07T08:29:08.529Z release ino=25616 begin
2026-10-07T08:29:08.529Z release ino=25616 rc=0
2026-10-07T08:29:08.537Z dcache ino=25616 ci=0 snap-copy | dirty=1 hb=1 bg=b35f472addc32cbf obj=0 oseq=990 sseq=991 r=[856,864)
2026-10-07T08:29:08.538Z dcache ino=25616 ci=0 put-record obj=a16c919215fad634 seq=991 | dirty=0 hb=1 bg=b35f472addc32cbf obj=a16c919215fad634 oseq=991 sseq=991 r=[856,864)
2026-10-07T08:29:08.538Z dcache ino=25616 ci=0 install len=131072 seq=991 | dirty=0 hb=1 bg=b35f472addc32cbf obj=a16c919215fad634 oseq=991 sseq=991 r=[856,864)
2026-10-07T08:29:08.558Z report ino=25616 ci=0 only=25616 sync=1 rc=0
2026-10-07T08:29:08.558Z report-irec ino=25616 size=864 only=25616 sync=1 rc=0
2026-10-07T08:29:08.558Z dcache ino=25616 ci=0 to-rdcache len=131072 | dirty=0 hb=1 bg=a16c919215fad634 obj=a16c919215fad634 oseq=991 sseq=991 r=
2026-10-07T08:29:08.558Z release ino=25616 begin
2026-10-07T08:29:08.558Z release ino=25616 rc=0
2026-10-07T08:29:08.558Z release ino=25616 begin
2026-10-07T08:29:08.558Z release ino=25616 rc=0
2026-10-07T08:29:08.582Z dcache ino=25616 ci=0 patch-sparse off=872 len=8 | dirty=1 hb=1 bg=a16c919215fad634 obj=0 oseq=991 sseq=991 r=[864,880)
2026-10-07T08:29:08.582Z dcache ino=25616 ci=0 snap-copy | dirty=1 hb=1 bg=a16c919215fad634 obj=0 oseq=991 sseq=992 r=[864,880)
2026-10-07T08:29:08.583Z dcache ino=25616 ci=0 put-record obj=c7702b99cc4b9cae seq=992 | dirty=0 hb=1 bg=a16c919215fad634 obj=c7702b99cc4b9cae oseq=992 sseq=992 r=[864,880)
2026-10-07T08:29:08.583Z dcache ino=25616 ci=0 install len=131072 seq=992 | dirty=0 hb=1 bg=a16c919215fad634 obj=c7702b99cc4b9cae oseq=992 sseq=992 r=[864,880)
2026-10-07T08:29:08.619Z report ino=25616 ci=0 only=25616 sync=1 rc=0
2026-10-07T08:29:08.619Z report-irec ino=25616 size=880 only=25616 sync=1 rc=0
2026-10-07T08:29:08.619Z dcache ino=25616 ci=0 to-rdcache len=131072 | dirty=0 hb=1 bg=c7702b99cc4b9cae obj=c7702b99cc4b9cae oseq=992 sseq=992 r=
2026-10-07T08:29:08.619Z release ino=25616 begin
2026-10-07T08:29:08.619Z release ino=25616 rc=0
2026-10-07T08:29:08.620Z release ino=25616 begin
2026-10-07T08:29:08.620Z release ino=25616 rc=0
2026-10-07T08:29:08.645Z dcache ino=25616 ci=0 patch-sparse off=888 len=8 | dirty=1 hb=1 bg=c7702b99cc4b9cae obj=0 oseq=992 sseq=992 r=[880,896)
2026-10-07T08:29:08.645Z dcache ino=25616 ci=0 snap-copy | dirty=1 hb=1 bg=c7702b99cc4b9cae obj=0 oseq=992 sseq=993 r=[880,896)
2026-10-07T08:29:08.647Z dcache ino=25616 ci=0 put-record obj=8248278c6e37709e seq=993 | dirty=0 hb=1 bg=c7702b99cc4b9cae obj=8248278c6e37709e oseq=993 sseq=993 r=[880,896)
2026-10-07T08:29:08.647Z dcache ino=25616 ci=0 install len=131072 seq=993 | dirty=0 hb=1 bg=c7702b99cc4b9cae obj=8248278c6e37709e oseq=993 sseq=993 r=[880,896)
2026-10-07T08:29:08.683Z report ino=25616 ci=0 only=25616 sync=1 rc=0
2026-10-07T08:29:08.683Z report-irec ino=25616 size=896 only=25616 sync=1 rc=0
2026-10-07T08:29:08.683Z dcache ino=25616 ci=0 to-rdcache len=131072 | dirty=0 hb=1 bg=8248278c6e37709e obj=8248278c6e37709e oseq=993 sseq=993 r=
2026-10-07T08:29:08.683Z release ino=25616 begin
2026-10-07T08:29:08.683Z release ino=25616 rc=0
2026-10-07T08:29:08.684Z release ino=25616 begin
2026-10-07T08:29:08.684Z release ino=25616 rc=0
2026-10-07T08:29:08.703Z dcache ino=25616 ci=0 patch-sparse off=904 len=8 | dirty=1 hb=1 bg=8248278c6e37709e obj=0 oseq=993 sseq=993 r=[896,912)
2026-10-07T08:29:08.703Z dcache ino=25616 ci=0 snap-copy | dirty=1 hb=1 bg=8248278c6e37709e obj=0 oseq=993 sseq=994 r=[896,912)
2026-10-07T08:29:08.705Z dcache ino=25616 ci=0 put-record obj=732d42bef0171e8f seq=994 | dirty=0 hb=1 bg=8248278c6e37709e obj=732d42bef0171e8f oseq=994 sseq=994 r=[896,912)
2026-10-07T08:29:08.705Z dcache ino=25616 ci=0 install len=131072 seq=994 | dirty=0 hb=1 bg=8248278c6e37709e obj=732d42bef0171e8f oseq=994 sseq=994 r=[896,912)
2026-10-07T08:29:08.741Z report ino=25616 ci=0 only=25616 sync=1 rc=0
2026-10-07T08:29:08.741Z report-irec ino=25616 size=912 only=25616 sync=1 rc=0
2026-10-07T08:29:08.741Z dcache ino=25616 ci=0 to-rdcache len=131072 | dirty=0 hb=1 bg=732d42bef0171e8f obj=732d42bef0171e8f oseq=994 sseq=994 r=
2026-10-07T08:29:08.741Z release ino=25616 begin
2026-10-07T08:29:08.741Z release ino=25616 rc=0
2026-10-07T08:29:08.762Z dcache ino=25616 ci=0 patch-sparse off=920 len=8 | dirty=1 hb=1 bg=732d42bef0171e8f obj=0 oseq=994 sseq=994 r=[912,928)
2026-10-07T08:29:08.762Z dcache ino=25616 ci=0 snap-copy | dirty=1 hb=1 bg=732d42bef0171e8f obj=0 oseq=994 sseq=995 r=[912,928)
2026-10-07T08:29:08.764Z dcache ino=25616 ci=0 put-record obj=96a4f6bb54bd6235 seq=995 | dirty=0 hb=1 bg=732d42bef0171e8f obj=96a4f6bb54bd6235 oseq=995 sseq=995 r=[912,928)
2026-10-07T08:29:08.764Z dcache ino=25616 ci=0 install len=131072 seq=995 | dirty=0 hb=1 bg=732d42bef0171e8f obj=96a4f6bb54bd6235 oseq=995 sseq=995 r=[912,928)
2026-10-07T08:29:08.799Z report ino=25616 ci=0 only=25616 sync=1 rc=0
2026-10-07T08:29:08.799Z report-irec ino=25616 size=928 only=25616 sync=1 rc=0
2026-10-07T08:29:08.799Z dcache ino=25616 ci=0 to-rdcache len=131072 | dirty=0 hb=1 bg=96a4f6bb54bd6235 obj=96a4f6bb54bd6235 oseq=995 sseq=995 r=
2026-10-07T08:29:08.799Z release ino=25616 begin
2026-10-07T08:29:08.799Z release ino=25616 rc=0
2026-10-07T08:29:08.800Z release ino=25616 begin
2026-10-07T08:29:08.800Z release ino=25616 rc=0
2026-10-07T08:29:08.800Z release ino=25616 begin
2026-10-07T08:29:08.800Z release ino=25616 rc=0
2026-10-07T08:29:08.805Z dcache ino=25616 ci=0 snap-copy | dirty=1 hb=1 bg=96a4f6bb54bd6235 obj=0 oseq=995 sseq=996 r=[928,936)
2026-10-07T08:29:08.806Z dcache ino=25616 ci=0 put-record obj=785d45c02653f8d7 seq=996 | dirty=0 hb=1 bg=96a4f6bb54bd6235 obj=785d45c02653f8d7 oseq=996 sseq=996 r=[928,936)
2026-10-07T08:29:08.806Z dcache ino=25616 ci=0 install len=131072 seq=996 | dirty=0 hb=1 bg=96a4f6bb54bd6235 obj=785d45c02653f8d7 oseq=996 sseq=996 r=[928,936)
2026-10-07T08:29:08.830Z report ino=25616 ci=0 only=25616 sync=1 rc=0
2026-10-07T08:29:08.830Z report-irec ino=25616 size=936 only=25616 sync=1 rc=0
2026-10-07T08:29:08.830Z dcache ino=25616 ci=0 to-rdcache len=131072 | dirty=0 hb=1 bg=785d45c02653f8d7 obj=785d45c02653f8d7 oseq=996 sseq=996 r=
2026-10-07T08:29:08.830Z release ino=25616 begin
2026-10-07T08:29:08.830Z release ino=25616 rc=0
2026-10-07T08:29:08.855Z dcache ino=25616 ci=0 patch-sparse off=944 len=8 | dirty=1 hb=1 bg=785d45c02653f8d7 obj=0 oseq=996 sseq=996 r=[936,952)
2026-10-07T08:29:08.868Z dcache ino=25616 ci=0 patch-sparse off=952 len=8 | dirty=1 hb=1 bg=785d45c02653f8d7 obj=0 oseq=996 sseq=996 r=[936,960)
2026-10-07T08:29:08.868Z dcache ino=25616 ci=0 snap-copy | dirty=1 hb=1 bg=785d45c02653f8d7 obj=0 oseq=996 sseq=997 r=[936,960)
2026-10-07T08:29:08.869Z dcache ino=25616 ci=0 put-record obj=9c0a109ca988268f seq=997 | dirty=0 hb=1 bg=785d45c02653f8d7 obj=9c0a109ca988268f oseq=997 sseq=997 r=[936,960)
2026-10-07T08:29:08.869Z dcache ino=25616 ci=0 install len=131072 seq=997 | dirty=0 hb=1 bg=785d45c02653f8d7 obj=9c0a109ca988268f oseq=997 sseq=997 r=[936,960)
2026-10-07T08:29:08.913Z report ino=25616 ci=0 only=25616 sync=1 rc=0
2026-10-07T08:29:08.913Z report-irec ino=25616 size=960 only=25616 sync=1 rc=0
2026-10-07T08:29:08.913Z dcache ino=25616 ci=0 to-rdcache len=131072 | dirty=0 hb=1 bg=9c0a109ca988268f obj=9c0a109ca988268f oseq=997 sseq=997 r=
2026-10-07T08:29:08.913Z release ino=25616 begin
2026-10-07T08:29:08.913Z release ino=25616 rc=0
2026-10-07T08:29:08.913Z release ino=25616 begin
2026-10-07T08:29:08.913Z release ino=25616 rc=0
2026-10-07T08:29:08.913Z release ino=25616 begin
2026-10-07T08:29:08.913Z release ino=25616 rc=0
2026-10-07T08:29:08.927Z dcache ino=25616 ci=0 snap-copy | dirty=1 hb=1 bg=9c0a109ca988268f obj=0 oseq=997 sseq=998 r=[960,968)
2026-10-07T08:29:08.928Z dcache ino=25616 ci=0 put-record obj=297a462105f5e889 seq=998 | dirty=0 hb=1 bg=9c0a109ca988268f obj=297a462105f5e889 oseq=998 sseq=998 r=[960,968)
2026-10-07T08:29:08.928Z dcache ino=25616 ci=0 install len=131072 seq=998 | dirty=0 hb=1 bg=9c0a109ca988268f obj=297a462105f5e889 oseq=998 sseq=998 r=[960,968)
2026-10-07T08:29:08.949Z report ino=25616 ci=0 only=25616 sync=1 rc=0
2026-10-07T08:29:08.949Z report-irec ino=25616 size=968 only=25616 sync=1 rc=0
2026-10-07T08:29:08.949Z dcache ino=25616 ci=0 to-rdcache len=131072 | dirty=0 hb=1 bg=297a462105f5e889 obj=297a462105f5e889 oseq=998 sseq=998 r=
2026-10-07T08:29:08.949Z release ino=25616 begin
2026-10-07T08:29:08.949Z release ino=25616 rc=0
2026-10-07T08:29:08.973Z dcache ino=25616 ci=0 patch-sparse off=976 len=8 | dirty=1 hb=1 bg=297a462105f5e889 obj=0 oseq=998 sseq=998 r=[968,984)
2026-10-07T08:29:08.989Z dcache ino=25616 ci=0 patch-sparse off=984 len=8 | dirty=1 hb=1 bg=297a462105f5e889 obj=0 oseq=998 sseq=998 r=[968,992)
2026-10-07T08:29:08.989Z dcache ino=25616 ci=0 snap-copy | dirty=1 hb=1 bg=297a462105f5e889 obj=0 oseq=998 sseq=999 r=[968,992)
2026-10-07T08:29:08.991Z dcache ino=25616 ci=0 put-record obj=f992195d54e07d69 seq=999 | dirty=0 hb=1 bg=297a462105f5e889 obj=f992195d54e07d69 oseq=999 sseq=999 r=[968,992)
2026-10-07T08:29:08.991Z dcache ino=25616 ci=0 install len=131072 seq=999 | dirty=0 hb=1 bg=297a462105f5e889 obj=f992195d54e07d69 oseq=999 sseq=999 r=[968,992)
2026-10-07T08:29:09.035Z report ino=25616 ci=0 only=25616 sync=1 rc=0
2026-10-07T08:29:09.035Z report-irec ino=25616 size=992 only=25616 sync=1 rc=0
2026-10-07T08:29:09.035Z dcache ino=25616 ci=0 to-rdcache len=131072 | dirty=0 hb=1 bg=f992195d54e07d69 obj=f992195d54e07d69 oseq=999 sseq=999 r=
2026-10-07T08:29:09.035Z release ino=25616 begin
2026-10-07T08:29:09.035Z release ino=25616 rc=0
2026-10-07T08:29:09.035Z release ino=25616 begin
2026-10-07T08:29:09.035Z release ino=25616 rc=0
2026-10-07T08:29:09.035Z release ino=25616 begin
2026-10-07T08:29:09.035Z release ino=25616 rc=0
2026-10-07T08:29:09.048Z dcache ino=25616 ci=0 snap-copy | dirty=1 hb=1 bg=f992195d54e07d69 obj=0 oseq=999 sseq=1000 r=[992,1000)
2026-10-07T08:29:09.049Z dcache ino=25616 ci=0 put-record obj=891cd871b7b8c247 seq=1000 | dirty=0 hb=1 bg=f992195d54e07d69 obj=891cd871b7b8c247 oseq=1000 sseq=1000 r=[992,1000)
2026-10-07T08:29:09.049Z dcache ino=25616 ci=0 install len=131072 seq=1000 | dirty=0 hb=1 bg=f992195d54e07d69 obj=891cd871b7b8c247 oseq=1000 sseq=1000 r=[992,1000)
2026-10-07T08:29:09.069Z report ino=25616 ci=0 only=25616 sync=1 rc=0
2026-10-07T08:29:09.069Z report-irec ino=25616 size=1000 only=25616 sync=1 rc=0
2026-10-07T08:29:09.069Z dcache ino=25616 ci=0 to-rdcache len=131072 | dirty=0 hb=1 bg=891cd871b7b8c247 obj=891cd871b7b8c247 oseq=1000 sseq=1000 r=
2026-10-07T08:29:09.069Z release ino=25616 begin
2026-10-07T08:29:09.069Z release ino=25616 rc=0
2026-10-07T08:29:09.087Z dcache ino=25616 ci=0 patch-sparse off=1008 len=8 | dirty=1 hb=1 bg=891cd871b7b8c247 obj=0 oseq=1000 sseq=1000 r=[1000,1016)
2026-10-07T08:29:09.100Z dcache ino=25616 ci=0 patch-sparse off=1016 len=8 | dirty=1 hb=1 bg=891cd871b7b8c247 obj=0 oseq=1000 sseq=1000 r=[1000,1024)
2026-10-07T08:29:09.100Z dcache ino=25616 ci=0 snap-copy | dirty=1 hb=1 bg=891cd871b7b8c247 obj=0 oseq=1000 sseq=1001 r=[1000,1024)
2026-10-07T08:29:09.101Z dcache ino=25616 ci=0 put-record obj=1617ab692ac13309 seq=1001 | dirty=0 hb=1 bg=891cd871b7b8c247 obj=1617ab692ac13309 oseq=1001 sseq=1001 r=[1000,1024)
2026-10-07T08:29:09.101Z dcache ino=25616 ci=0 install len=131072 seq=1001 | dirty=0 hb=1 bg=891cd871b7b8c247 obj=1617ab692ac13309 oseq=1001 sseq=1001 r=[1000,1024)
2026-10-07T08:29:09.148Z report ino=25616 ci=0 only=25616 sync=1 rc=0
2026-10-07T08:29:09.148Z report-irec ino=25616 size=1024 only=25616 sync=1 rc=0
2026-10-07T08:29:09.148Z dcache ino=25616 ci=0 to-rdcache len=131072 | dirty=0 hb=1 bg=1617ab692ac13309 obj=1617ab692ac13309 oseq=1001 sseq=1001 r=
2026-10-07T08:29:09.148Z release ino=25616 begin
2026-10-07T08:29:09.148Z release ino=25616 rc=0
2026-10-07T08:29:09.149Z release ino=25616 begin
2026-10-07T08:29:09.149Z release ino=25616 rc=0
2026-10-07T08:29:09.150Z release ino=25616 begin
2026-10-07T08:29:09.150Z release ino=25616 rc=0
2026-10-07T08:29:09.161Z dcache ino=25616 ci=0 snap-copy | dirty=1 hb=1 bg=1617ab692ac13309 obj=0 oseq=1001 sseq=1002 r=[1024,1032)
2026-10-07T08:29:09.161Z dcache ino=25616 ci=0 put-record obj=f95c902af140cf21 seq=1002 | dirty=0 hb=1 bg=1617ab692ac13309 obj=f95c902af140cf21 oseq=1002 sseq=1002 r=[1024,1032)
2026-10-07T08:29:09.161Z dcache ino=25616 ci=0 install len=131072 seq=1002 | dirty=0 hb=1 bg=1617ab692ac13309 obj=f95c902af140cf21 oseq=1002 sseq=1002 r=[1024,1032)
2026-10-07T08:29:09.182Z report ino=25616 ci=0 only=25616 sync=1 rc=0
2026-10-07T08:29:09.182Z report-irec ino=25616 size=1032 only=25616 sync=1 rc=0
2026-10-07T08:29:09.182Z dcache ino=25616 ci=0 to-rdcache len=131072 | dirty=0 hb=1 bg=f95c902af140cf21 obj=f95c902af140cf21 oseq=1002 sseq=1002 r=
2026-10-07T08:29:09.182Z release ino=25616 begin
2026-10-07T08:29:09.182Z release ino=25616 rc=0
2026-10-07T08:29:09.201Z dcache ino=25616 ci=0 patch-sparse off=1040 len=8 | dirty=1 hb=1 bg=f95c902af140cf21 obj=0 oseq=1002 sseq=1002 r=[1032,1048)
2026-10-07T08:29:09.213Z dcache ino=25616 ci=0 patch-sparse off=1048 len=8 | dirty=1 hb=1 bg=f95c902af140cf21 obj=0 oseq=1002 sseq=1002 r=[1032,1056)
2026-10-07T08:29:09.213Z dcache ino=25616 ci=0 snap-copy | dirty=1 hb=1 bg=f95c902af140cf21 obj=0 oseq=1002 sseq=1003 r=[1032,1056)
2026-10-07T08:29:09.214Z dcache ino=25616 ci=0 put-record obj=a139363e93396d86 seq=1003 | dirty=0 hb=1 bg=f95c902af140cf21 obj=a139363e93396d86 oseq=1003 sseq=1003 r=[1032,1056)
2026-10-07T08:29:09.214Z dcache ino=25616 ci=0 install len=131072 seq=1003 | dirty=0 hb=1 bg=f95c902af140cf21 obj=a139363e93396d86 oseq=1003 sseq=1003 r=[1032,1056)
2026-10-07T08:29:09.262Z report ino=25616 ci=0 only=25616 sync=1 rc=0
2026-10-07T08:29:09.262Z report-irec ino=25616 size=1056 only=25616 sync=1 rc=0
2026-10-07T08:29:09.262Z dcache ino=25616 ci=0 to-rdcache len=131072 | dirty=0 hb=1 bg=a139363e93396d86 obj=a139363e93396d86 oseq=1003 sseq=1003 r=
2026-10-07T08:29:09.262Z release ino=25616 begin
2026-10-07T08:29:09.262Z release ino=25616 rc=0
2026-10-07T08:29:09.262Z release ino=25616 begin
2026-10-07T08:29:09.262Z release ino=25616 rc=0
2026-10-07T08:29:09.275Z dcache ino=25616 ci=0 snap-copy | dirty=1 hb=1 bg=a139363e93396d86 obj=0 oseq=1003 sseq=1004 r=[1056,1064)
2026-10-07T08:29:09.276Z dcache ino=25616 ci=0 put-record obj=ce838e40f89665bf seq=1004 | dirty=0 hb=1 bg=a139363e93396d86 obj=ce838e40f89665bf oseq=1004 sseq=1004 r=[1056,1064)
2026-10-07T08:29:09.276Z dcache ino=25616 ci=0 install len=131072 seq=1004 | dirty=0 hb=1 bg=a139363e93396d86 obj=ce838e40f89665bf oseq=1004 sseq=1004 r=[1056,1064)
2026-10-07T08:29:09.295Z report ino=25616 ci=0 only=25616 sync=1 rc=0
2026-10-07T08:29:09.295Z report-irec ino=25616 size=1064 only=25616 sync=1 rc=0
2026-10-07T08:29:09.295Z dcache ino=25616 ci=0 to-rdcache len=131072 | dirty=0 hb=1 bg=ce838e40f89665bf obj=ce838e40f89665bf oseq=1004 sseq=1004 r=
2026-10-07T08:29:09.295Z release ino=25616 begin
2026-10-07T08:29:09.295Z release ino=25616 rc=0
2026-10-07T08:29:09.295Z release ino=25616 begin
2026-10-07T08:29:09.295Z release ino=25616 rc=0
2026-10-07T08:29:09.318Z dcache ino=25616 ci=0 patch-sparse off=1072 len=8 | dirty=1 hb=1 bg=ce838e40f89665bf obj=0 oseq=1004 sseq=1004 r=[1064,1080)
2026-10-07T08:29:09.318Z dcache ino=25616 ci=0 snap-copy | dirty=1 hb=1 bg=ce838e40f89665bf obj=0 oseq=1004 sseq=1005 r=[1064,1080)
2026-10-07T08:29:09.320Z dcache ino=25616 ci=0 put-record obj=df7a41ba9b3ce19e seq=1005 | dirty=0 hb=1 bg=ce838e40f89665bf obj=df7a41ba9b3ce19e oseq=1005 sseq=1005 r=[1064,1080)
2026-10-07T08:29:09.320Z dcache ino=25616 ci=0 install len=131072 seq=1005 | dirty=0 hb=1 bg=ce838e40f89665bf obj=df7a41ba9b3ce19e oseq=1005 sseq=1005 r=[1064,1080)
2026-10-07T08:29:09.347Z report ino=25616 ci=0 only=25616 sync=1 rc=0
2026-10-07T08:29:09.347Z report-irec ino=25616 size=1080 only=25616 sync=1 rc=0
2026-10-07T08:29:09.347Z dcache ino=25616 ci=0 to-rdcache len=131072 | dirty=0 hb=1 bg=df7a41ba9b3ce19e obj=df7a41ba9b3ce19e oseq=1005 sseq=1005 r=
2026-10-07T08:29:09.347Z release ino=25616 begin
2026-10-07T08:29:09.347Z release ino=25616 rc=0
2026-10-07T08:29:09.347Z release ino=25616 begin
2026-10-07T08:29:09.347Z release ino=25616 rc=0
2026-10-07T08:29:09.366Z dcache ino=25616 ci=0 patch-sparse off=1088 len=8 | dirty=1 hb=1 bg=df7a41ba9b3ce19e obj=0 oseq=1005 sseq=1005 r=[1080,1096)
2026-10-07T08:29:09.366Z dcache ino=25616 ci=0 snap-copy | dirty=1 hb=1 bg=df7a41ba9b3ce19e obj=0 oseq=1005 sseq=1006 r=[1080,1096)
2026-10-07T08:29:09.368Z dcache ino=25616 ci=0 put-record obj=a7e5ffc387e25ad8 seq=1006 | dirty=0 hb=1 bg=df7a41ba9b3ce19e obj=a7e5ffc387e25ad8 oseq=1006 sseq=1006 r=[1080,1096)
2026-10-07T08:29:09.368Z dcache ino=25616 ci=0 install len=131072 seq=1006 | dirty=0 hb=1 bg=df7a41ba9b3ce19e obj=a7e5ffc387e25ad8 oseq=1006 sseq=1006 r=[1080,1096)
2026-10-07T08:29:09.405Z report ino=25616 ci=0 only=25616 sync=1 rc=0
2026-10-07T08:29:09.405Z report-irec ino=25616 size=1096 only=25616 sync=1 rc=0
2026-10-07T08:29:09.405Z dcache ino=25616 ci=0 to-rdcache len=131072 | dirty=0 hb=1 bg=a7e5ffc387e25ad8 obj=a7e5ffc387e25ad8 oseq=1006 sseq=1006 r=
2026-10-07T08:29:09.405Z release ino=25616 begin
2026-10-07T08:29:09.405Z release ino=25616 rc=0
2026-10-07T08:29:09.418Z dcache ino=25616 ci=0 patch-sparse off=1104 len=8 | dirty=1 hb=1 bg=a7e5ffc387e25ad8 obj=0 oseq=1006 sseq=1006 r=[1096,1112)
2026-10-07T08:29:09.418Z dcache ino=25616 ci=0 snap-copy | dirty=1 hb=1 bg=a7e5ffc387e25ad8 obj=0 oseq=1006 sseq=1007 r=[1096,1112)
2026-10-07T08:29:09.420Z dcache ino=25616 ci=0 put-record obj=5eb3f2473da374af seq=1007 | dirty=0 hb=1 bg=a7e5ffc387e25ad8 obj=5eb3f2473da374af oseq=1007 sseq=1007 r=[1096,1112)
2026-10-07T08:29:09.420Z dcache ino=25616 ci=0 install len=131072 seq=1007 | dirty=0 hb=1 bg=a7e5ffc387e25ad8 obj=5eb3f2473da374af oseq=1007 sseq=1007 r=[1096,1112)
2026-10-07T08:29:09.452Z report ino=25616 ci=0 only=25616 sync=1 rc=0
2026-10-07T08:29:09.452Z report-irec ino=25616 size=1112 only=25616 sync=1 rc=0
2026-10-07T08:29:09.452Z dcache ino=25616 ci=0 to-rdcache len=131072 | dirty=0 hb=1 bg=5eb3f2473da374af obj=5eb3f2473da374af oseq=1007 sseq=1007 r=
2026-10-07T08:29:09.452Z release ino=25616 begin
2026-10-07T08:29:09.452Z release ino=25616 rc=0
2026-10-07T08:29:09.463Z dcache ino=25616 ci=0 snap-copy | dirty=1 hb=1 bg=5eb3f2473da374af obj=0 oseq=1007 sseq=1008 r=[1112,1120)
2026-10-07T08:29:09.464Z dcache ino=25616 ci=0 put-record obj=a54c9639d2322d7e seq=1008 | dirty=0 hb=1 bg=5eb3f2473da374af obj=a54c9639d2322d7e oseq=1008 sseq=1008 r=[1112,1120)
2026-10-07T08:29:09.464Z dcache ino=25616 ci=0 install len=131072 seq=1008 | dirty=0 hb=1 bg=5eb3f2473da374af obj=a54c9639d2322d7e oseq=1008 sseq=1008 r=[1112,1120)
2026-10-07T08:29:09.485Z report ino=25616 ci=0 only=25616 sync=1 rc=0
2026-10-07T08:29:09.485Z report-irec ino=25616 size=1120 only=25616 sync=1 rc=0
2026-10-07T08:29:09.485Z dcache ino=25616 ci=0 to-rdcache len=131072 | dirty=0 hb=1 bg=a54c9639d2322d7e obj=a54c9639d2322d7e oseq=1008 sseq=1008 r=
2026-10-07T08:29:09.485Z release ino=25616 begin
2026-10-07T08:29:09.485Z release ino=25616 rc=0
2026-10-07T08:29:09.495Z dcache ino=25616 ci=0 snap-copy | dirty=1 hb=1 bg=a54c9639d2322d7e obj=0 oseq=1008 sseq=1009 r=[1120,1128)
2026-10-07T08:29:09.495Z dcache ino=25616 ci=0 put-record obj=c769725e942c8de4 seq=1009 | dirty=0 hb=1 bg=a54c9639d2322d7e obj=c769725e942c8de4 oseq=1009 sseq=1009 r=[1120,1128)
2026-10-07T08:29:09.495Z dcache ino=25616 ci=0 install len=131072 seq=1009 | dirty=0 hb=1 bg=a54c9639d2322d7e obj=c769725e942c8de4 oseq=1009 sseq=1009 r=[1120,1128)
2026-10-07T08:29:09.517Z report ino=25616 ci=0 only=25616 sync=1 rc=0
2026-10-07T08:29:09.517Z report-irec ino=25616 size=1128 only=25616 sync=1 rc=0
2026-10-07T08:29:09.517Z dcache ino=25616 ci=0 to-rdcache len=131072 | dirty=0 hb=1 bg=c769725e942c8de4 obj=c769725e942c8de4 oseq=1009 sseq=1009 r=
2026-10-07T08:29:09.517Z release ino=25616 begin
2026-10-07T08:29:09.517Z release ino=25616 rc=0
2026-10-07T08:29:09.517Z release ino=25616 begin
2026-10-07T08:29:09.517Z release ino=25616 rc=0
2026-10-07T08:29:09.530Z dcache ino=25616 ci=0 snap-copy | dirty=1 hb=1 bg=c769725e942c8de4 obj=0 oseq=1009 sseq=1010 r=[1128,1136)
2026-10-07T08:29:09.531Z dcache ino=25616 ci=0 put-record obj=283be9ab06b82bd seq=1010 | dirty=0 hb=1 bg=c769725e942c8de4 obj=283be9ab06b82bd oseq=1010 sseq=1010 r=[1128,1136)
2026-10-07T08:29:09.531Z dcache ino=25616 ci=0 install len=131072 seq=1010 | dirty=0 hb=1 bg=c769725e942c8de4 obj=283be9ab06b82bd oseq=1010 sseq=1010 r=[1128,1136)
2026-10-07T08:29:09.549Z report ino=25616 ci=0 only=25616 sync=1 rc=0
2026-10-07T08:29:09.549Z report-irec ino=25616 size=1136 only=25616 sync=1 rc=0
2026-10-07T08:29:09.549Z dcache ino=25616 ci=0 to-rdcache len=131072 | dirty=0 hb=1 bg=283be9ab06b82bd obj=283be9ab06b82bd oseq=1010 sseq=1010 r=
2026-10-07T08:29:09.549Z release ino=25616 begin
2026-10-07T08:29:09.549Z release ino=25616 rc=0
2026-10-07T08:29:09.549Z release ino=25616 begin
2026-10-07T08:29:09.549Z release ino=25616 rc=0
2026-10-07T08:29:09.566Z dcache ino=25616 ci=0 patch-sparse off=1144 len=8 | dirty=1 hb=1 bg=283be9ab06b82bd obj=0 oseq=1010 sseq=1010 r=[1136,1152)
2026-10-07T08:29:09.566Z dcache ino=25616 ci=0 snap-copy | dirty=1 hb=1 bg=283be9ab06b82bd obj=0 oseq=1010 sseq=1011 r=[1136,1152)
2026-10-07T08:29:09.568Z dcache ino=25616 ci=0 put-record obj=7cfc933819405858 seq=1011 | dirty=0 hb=1 bg=283be9ab06b82bd obj=7cfc933819405858 oseq=1011 sseq=1011 r=[1136,1152)
2026-10-07T08:29:09.568Z dcache ino=25616 ci=0 install len=131072 seq=1011 | dirty=0 hb=1 bg=283be9ab06b82bd obj=7cfc933819405858 oseq=1011 sseq=1011 r=[1136,1152)
2026-10-07T08:29:09.602Z report ino=25616 ci=0 only=25616 sync=1 rc=0
2026-10-07T08:29:09.602Z report-irec ino=25616 size=1152 only=25616 sync=1 rc=0
2026-10-07T08:29:09.602Z dcache ino=25616 ci=0 to-rdcache len=131072 | dirty=0 hb=1 bg=7cfc933819405858 obj=7cfc933819405858 oseq=1011 sseq=1011 r=
2026-10-07T08:29:09.602Z release ino=25616 begin
2026-10-07T08:29:09.602Z release ino=25616 rc=0
2026-10-07T08:29:09.603Z release ino=25616 begin
2026-10-07T08:29:09.603Z release ino=25616 rc=0
2026-10-07T08:29:09.622Z dcache ino=25616 ci=0 patch-sparse off=1160 len=8 | dirty=1 hb=1 bg=7cfc933819405858 obj=0 oseq=1011 sseq=1011 r=[1152,1168)
2026-10-07T08:29:09.622Z dcache ino=25616 ci=0 snap-copy | dirty=1 hb=1 bg=7cfc933819405858 obj=0 oseq=1011 sseq=1012 r=[1152,1168)
2026-10-07T08:29:09.623Z dcache ino=25616 ci=0 put-record obj=ee69f0086be5b1ea seq=1012 | dirty=0 hb=1 bg=7cfc933819405858 obj=ee69f0086be5b1ea oseq=1012 sseq=1012 r=[1152,1168)
2026-10-07T08:29:09.623Z dcache ino=25616 ci=0 install len=131072 seq=1012 | dirty=0 hb=1 bg=7cfc933819405858 obj=ee69f0086be5b1ea oseq=1012 sseq=1012 r=[1152,1168)
2026-10-07T08:29:09.659Z report ino=25616 ci=0 only=25616 sync=1 rc=0
2026-10-07T08:29:09.659Z report-irec ino=25616 size=1168 only=25616 sync=1 rc=0
2026-10-07T08:29:09.659Z dcache ino=25616 ci=0 to-rdcache len=131072 | dirty=0 hb=1 bg=ee69f0086be5b1ea obj=ee69f0086be5b1ea oseq=1012 sseq=1012 r=
2026-10-07T08:29:09.659Z release ino=25616 begin
2026-10-07T08:29:09.659Z release ino=25616 rc=0
2026-10-07T08:29:09.682Z dcache ino=25616 ci=0 patch-sparse off=1176 len=8 | dirty=1 hb=1 bg=ee69f0086be5b1ea obj=0 oseq=1012 sseq=1012 r=[1168,1184)
2026-10-07T08:29:09.682Z dcache ino=25616 ci=0 snap-copy | dirty=1 hb=1 bg=ee69f0086be5b1ea obj=0 oseq=1012 sseq=1013 r=[1168,1184)
2026-10-07T08:29:09.684Z dcache ino=25616 ci=0 put-record obj=5440a07ee2974052 seq=1013 | dirty=0 hb=1 bg=ee69f0086be5b1ea obj=5440a07ee2974052 oseq=1013 sseq=1013 r=[1168,1184)
2026-10-07T08:29:09.684Z dcache ino=25616 ci=0 install len=131072 seq=1013 | dirty=0 hb=1 bg=ee69f0086be5b1ea obj=5440a07ee2974052 oseq=1013 sseq=1013 r=[1168,1184)
2026-10-07T08:29:09.731Z report ino=25616 ci=0 only=25616 sync=1 rc=0
2026-10-07T08:29:09.731Z report-irec ino=25616 size=1184 only=25616 sync=1 rc=0
2026-10-07T08:29:09.731Z dcache ino=25616 ci=0 to-rdcache len=131072 | dirty=0 hb=1 bg=5440a07ee2974052 obj=5440a07ee2974052 oseq=1013 sseq=1013 r=
2026-10-07T08:29:09.731Z release ino=25616 begin
2026-10-07T08:29:09.731Z release ino=25616 rc=0
2026-10-07T08:29:09.741Z dcache ino=25616 ci=0 snap-copy | dirty=1 hb=1 bg=5440a07ee2974052 obj=0 oseq=1013 sseq=1014 r=[1184,1192)
2026-10-07T08:29:09.742Z dcache ino=25616 ci=0 put-record obj=e03b5376bdac2406 seq=1014 | dirty=0 hb=1 bg=5440a07ee2974052 obj=e03b5376bdac2406 oseq=1014 sseq=1014 r=[1184,1192)
2026-10-07T08:29:09.742Z dcache ino=25616 ci=0 install len=131072 seq=1014 | dirty=0 hb=1 bg=5440a07ee2974052 obj=e03b5376bdac2406 oseq=1014 sseq=1014 r=[1184,1192)
2026-10-07T08:29:09.764Z report ino=25616 ci=0 only=25616 sync=1 rc=0
2026-10-07T08:29:09.764Z report-irec ino=25616 size=1192 only=25616 sync=1 rc=0
2026-10-07T08:29:09.764Z dcache ino=25616 ci=0 to-rdcache len=131072 | dirty=0 hb=1 bg=e03b5376bdac2406 obj=e03b5376bdac2406 oseq=1014 sseq=1014 r=
2026-10-07T08:29:09.764Z release ino=25616 begin
2026-10-07T08:29:09.764Z release ino=25616 rc=0
2026-10-07T08:29:09.764Z release ino=25616 begin
2026-10-07T08:29:09.764Z release ino=25616 rc=0
2026-10-07T08:29:09.777Z dcache ino=25616 ci=0 snap-copy | dirty=1 hb=1 bg=e03b5376bdac2406 obj=0 oseq=1014 sseq=1015 r=[1192,1200)
2026-10-07T08:29:09.777Z dcache ino=25616 ci=0 put-record obj=1de3e34cec861e47 seq=1015 | dirty=0 hb=1 bg=e03b5376bdac2406 obj=1de3e34cec861e47 oseq=1015 sseq=1015 r=[1192,1200)
2026-10-07T08:29:09.777Z dcache ino=25616 ci=0 install len=131072 seq=1015 | dirty=0 hb=1 bg=e03b5376bdac2406 obj=1de3e34cec861e47 oseq=1015 sseq=1015 r=[1192,1200)
2026-10-07T08:29:09.799Z report ino=25616 ci=0 only=25616 sync=1 rc=0
2026-10-07T08:29:09.799Z report-irec ino=25616 size=1200 only=25616 sync=1 rc=0
2026-10-07T08:29:09.799Z dcache ino=25616 ci=0 to-rdcache len=131072 | dirty=0 hb=1 bg=1de3e34cec861e47 obj=1de3e34cec861e47 oseq=1015 sseq=1015 r=
2026-10-07T08:29:09.799Z release ino=25616 begin
2026-10-07T08:29:09.799Z release ino=25616 rc=0
2026-10-07T08:29:09.819Z dcache ino=25616 ci=0 patch-sparse off=1208 len=8 | dirty=1 hb=1 bg=1de3e34cec861e47 obj=0 oseq=1015 sseq=1015 r=[1200,1216)
2026-10-07T08:29:09.819Z dcache ino=25616 ci=0 snap-copy | dirty=1 hb=1 bg=1de3e34cec861e47 obj=0 oseq=1015 sseq=1016 r=[1200,1216)
2026-10-07T08:29:09.820Z dcache ino=25616 ci=0 put-record obj=d5e4902eeec65230 seq=1016 | dirty=0 hb=1 bg=1de3e34cec861e47 obj=d5e4902eeec65230 oseq=1016 sseq=1016 r=[1200,1216)
2026-10-07T08:29:09.820Z dcache ino=25616 ci=0 install len=131072 seq=1016 | dirty=0 hb=1 bg=1de3e34cec861e47 obj=d5e4902eeec65230 oseq=1016 sseq=1016 r=[1200,1216)
2026-10-07T08:29:09.851Z report ino=25616 ci=0 only=25616 sync=1 rc=0
2026-10-07T08:29:09.851Z report-irec ino=25616 size=1216 only=25616 sync=1 rc=0
2026-10-07T08:29:09.851Z dcache ino=25616 ci=0 to-rdcache len=131072 | dirty=0 hb=1 bg=d5e4902eeec65230 obj=d5e4902eeec65230 oseq=1016 sseq=1016 r=
2026-10-07T08:29:09.851Z release ino=25616 begin
2026-10-07T08:29:09.851Z release ino=25616 rc=0
2026-10-07T08:29:09.864Z dcache ino=25616 ci=0 snap-copy | dirty=1 hb=1 bg=d5e4902eeec65230 obj=0 oseq=1016 sseq=1017 r=[1216,1224)
2026-10-07T08:29:09.864Z dcache ino=25616 ci=0 put-record obj=ee3d52d412141d0b seq=1017 | dirty=0 hb=1 bg=d5e4902eeec65230 obj=ee3d52d412141d0b oseq=1017 sseq=1017 r=[1216,1224)
2026-10-07T08:29:09.864Z dcache ino=25616 ci=0 install len=131072 seq=1017 | dirty=0 hb=1 bg=d5e4902eeec65230 obj=ee3d52d412141d0b oseq=1017 sseq=1017 r=[1216,1224)
2026-10-07T08:29:09.887Z report ino=25616 ci=0 only=25616 sync=1 rc=0
2026-10-07T08:29:09.887Z report-irec ino=25616 size=1224 only=25616 sync=1 rc=0
2026-10-07T08:29:09.887Z dcache ino=25616 ci=0 to-rdcache len=131072 | dirty=0 hb=1 bg=ee3d52d412141d0b obj=ee3d52d412141d0b oseq=1017 sseq=1017 r=
2026-10-07T08:29:09.887Z release ino=25616 begin
2026-10-07T08:29:09.887Z release ino=25616 rc=0
2026-10-07T08:29:09.901Z dcache ino=25616 ci=0 snap-copy | dirty=1 hb=1 bg=ee3d52d412141d0b obj=0 oseq=1017 sseq=1018 r=[1224,1232)
2026-10-07T08:29:09.901Z dcache ino=25616 ci=0 put-record obj=81868f584b75552b seq=1018 | dirty=0 hb=1 bg=ee3d52d412141d0b obj=81868f584b75552b oseq=1018 sseq=1018 r=[1224,1232)
2026-10-07T08:29:09.901Z dcache ino=25616 ci=0 install len=131072 seq=1018 | dirty=0 hb=1 bg=ee3d52d412141d0b obj=81868f584b75552b oseq=1018 sseq=1018 r=[1224,1232)
2026-10-07T08:29:09.923Z report ino=25616 ci=0 only=25616 sync=1 rc=0
2026-10-07T08:29:09.923Z report-irec ino=25616 size=1232 only=25616 sync=1 rc=0
2026-10-07T08:29:09.923Z dcache ino=25616 ci=0 to-rdcache len=131072 | dirty=0 hb=1 bg=81868f584b75552b obj=81868f584b75552b oseq=1018 sseq=1018 r=
2026-10-07T08:29:09.923Z release ino=25616 begin
2026-10-07T08:29:09.923Z release ino=25616 rc=0
2026-10-07T08:29:09.937Z dcache ino=25616 ci=0 snap-copy | dirty=1 hb=1 bg=81868f584b75552b obj=0 oseq=1018 sseq=1019 r=[1232,1240)
2026-10-07T08:29:09.937Z dcache ino=25616 ci=0 put-record obj=b36aa6c76b7ce6cc seq=1019 | dirty=0 hb=1 bg=81868f584b75552b obj=b36aa6c76b7ce6cc oseq=1019 sseq=1019 r=[1232,1240)
2026-10-07T08:29:09.937Z dcache ino=25616 ci=0 install len=131072 seq=1019 | dirty=0 hb=1 bg=81868f584b75552b obj=b36aa6c76b7ce6cc oseq=1019 sseq=1019 r=[1232,1240)
2026-10-07T08:29:09.957Z report ino=25616 ci=0 only=25616 sync=1 rc=0
2026-10-07T08:29:09.957Z report-irec ino=25616 size=1240 only=25616 sync=1 rc=0
2026-10-07T08:29:09.957Z dcache ino=25616 ci=0 to-rdcache len=131072 | dirty=0 hb=1 bg=b36aa6c76b7ce6cc obj=b36aa6c76b7ce6cc oseq=1019 sseq=1019 r=
2026-10-07T08:29:09.957Z release ino=25616 begin
2026-10-07T08:29:09.957Z release ino=25616 rc=0
2026-10-07T08:29:09.971Z dcache ino=25616 ci=0 snap-copy | dirty=1 hb=1 bg=b36aa6c76b7ce6cc obj=0 oseq=1019 sseq=1020 r=[1240,1248)
2026-10-07T08:29:09.971Z dcache ino=25616 ci=0 put-record obj=88c3e194e31cf872 seq=1020 | dirty=0 hb=1 bg=b36aa6c76b7ce6cc obj=88c3e194e31cf872 oseq=1020 sseq=1020 r=[1240,1248)
2026-10-07T08:29:09.972Z dcache ino=25616 ci=0 install len=131072 seq=1020 | dirty=0 hb=1 bg=b36aa6c76b7ce6cc obj=88c3e194e31cf872 oseq=1020 sseq=1020 r=[1240,1248)
2026-10-07T08:29:09.990Z report ino=25616 ci=0 only=25616 sync=1 rc=0
2026-10-07T08:29:09.990Z report-irec ino=25616 size=1248 only=25616 sync=1 rc=0
2026-10-07T08:29:09.990Z dcache ino=25616 ci=0 to-rdcache len=131072 | dirty=0 hb=1 bg=88c3e194e31cf872 obj=88c3e194e31cf872 oseq=1020 sseq=1020 r=
2026-10-07T08:29:09.990Z release ino=25616 begin
2026-10-07T08:29:09.990Z release ino=25616 rc=0
2026-10-07T08:29:09.990Z release ino=25616 begin
2026-10-07T08:29:09.990Z release ino=25616 rc=0
2026-10-07T08:29:09.990Z release ino=25616 begin
2026-10-07T08:29:09.990Z release ino=25616 rc=0
2026-10-07T08:29:10.001Z dcache ino=25616 ci=0 snap-copy | dirty=1 hb=1 bg=88c3e194e31cf872 obj=0 oseq=1020 sseq=1021 r=[1248,1256)
2026-10-07T08:29:10.002Z dcache ino=25616 ci=0 put-record obj=1ef0e2c848e77e47 seq=1021 | dirty=0 hb=1 bg=88c3e194e31cf872 obj=1ef0e2c848e77e47 oseq=1021 sseq=1021 r=[1248,1256)
2026-10-07T08:29:10.002Z dcache ino=25616 ci=0 install len=131072 seq=1021 | dirty=0 hb=1 bg=88c3e194e31cf872 obj=1ef0e2c848e77e47 oseq=1021 sseq=1021 r=[1248,1256)
2026-10-07T08:29:10.021Z report ino=25616 ci=0 only=25616 sync=1 rc=0
2026-10-07T08:29:10.021Z report-irec ino=25616 size=1256 only=25616 sync=1 rc=0
2026-10-07T08:29:10.021Z dcache ino=25616 ci=0 to-rdcache len=131072 | dirty=0 hb=1 bg=1ef0e2c848e77e47 obj=1ef0e2c848e77e47 oseq=1021 sseq=1021 r=
2026-10-07T08:29:10.021Z release ino=25616 begin
2026-10-07T08:29:10.021Z release ino=25616 rc=0
2026-10-07T08:29:10.055Z dcache ino=25616 ci=0 patch-sparse off=1264 len=8 | dirty=1 hb=1 bg=1ef0e2c848e77e47 obj=0 oseq=1021 sseq=1021 r=[1256,1272)
2026-10-07T08:29:10.068Z dcache ino=25616 ci=0 patch-sparse off=1272 len=8 | dirty=1 hb=1 bg=1ef0e2c848e77e47 obj=0 oseq=1021 sseq=1021 r=[1256,1280)
2026-10-07T08:29:10.068Z dcache ino=25616 ci=0 snap-copy | dirty=1 hb=1 bg=1ef0e2c848e77e47 obj=0 oseq=1021 sseq=1022 r=[1256,1280)
2026-10-07T08:29:10.069Z dcache ino=25616 ci=0 put-record obj=cd304471c364171e seq=1022 | dirty=0 hb=1 bg=1ef0e2c848e77e47 obj=cd304471c364171e oseq=1022 sseq=1022 r=[1256,1280)
2026-10-07T08:29:10.069Z dcache ino=25616 ci=0 install len=131072 seq=1022 | dirty=0 hb=1 bg=1ef0e2c848e77e47 obj=cd304471c364171e oseq=1022 sseq=1022 r=[1256,1280)
2026-10-07T08:29:10.113Z report ino=25616 ci=0 only=25616 sync=1 rc=0
2026-10-07T08:29:10.113Z report-irec ino=25616 size=1280 only=25616 sync=1 rc=0
2026-10-07T08:29:10.113Z dcache ino=25616 ci=0 to-rdcache len=131072 | dirty=0 hb=1 bg=cd304471c364171e obj=cd304471c364171e oseq=1022 sseq=1022 r=
2026-10-07T08:29:10.113Z release ino=25616 begin
2026-10-07T08:29:10.113Z release ino=25616 rc=0
2026-10-07T08:29:10.114Z release ino=25616 begin
2026-10-07T08:29:10.114Z release ino=25616 rc=0
2026-10-07T08:29:10.125Z dcache ino=25616 ci=0 snap-copy | dirty=1 hb=1 bg=cd304471c364171e obj=0 oseq=1022 sseq=1023 r=[1280,1288)
2026-10-07T08:29:10.126Z dcache ino=25616 ci=0 put-record obj=1cc5ee74ddf50447 seq=1023 | dirty=0 hb=1 bg=cd304471c364171e obj=1cc5ee74ddf50447 oseq=1023 sseq=1023 r=[1280,1288)
2026-10-07T08:29:10.126Z dcache ino=25616 ci=0 install len=131072 seq=1023 | dirty=0 hb=1 bg=cd304471c364171e obj=1cc5ee74ddf50447 oseq=1023 sseq=1023 r=[1280,1288)
2026-10-07T08:29:10.147Z report ino=25616 ci=0 only=25616 sync=1 rc=0
2026-10-07T08:29:10.147Z report-irec ino=25616 size=1288 only=25616 sync=1 rc=0
2026-10-07T08:29:10.147Z dcache ino=25616 ci=0 to-rdcache len=131072 | dirty=0 hb=1 bg=1cc5ee74ddf50447 obj=1cc5ee74ddf50447 oseq=1023 sseq=1023 r=
2026-10-07T08:29:10.147Z release ino=25616 begin
2026-10-07T08:29:10.147Z release ino=25616 rc=0
2026-10-07T08:29:10.161Z dcache ino=25616 ci=0 snap-copy | dirty=1 hb=1 bg=1cc5ee74ddf50447 obj=0 oseq=1023 sseq=1024 r=[1288,1296)
2026-10-07T08:29:10.162Z dcache ino=25616 ci=0 put-record obj=4bb53e06dd6cb0b2 seq=1024 | dirty=0 hb=1 bg=1cc5ee74ddf50447 obj=4bb53e06dd6cb0b2 oseq=1024 sseq=1024 r=[1288,1296)
2026-10-07T08:29:10.162Z dcache ino=25616 ci=0 install len=131072 seq=1024 | dirty=0 hb=1 bg=1cc5ee74ddf50447 obj=4bb53e06dd6cb0b2 oseq=1024 sseq=1024 r=[1288,1296)
2026-10-07T08:29:10.188Z report ino=25616 ci=0 only=25616 sync=1 rc=0
2026-10-07T08:29:10.188Z report-irec ino=25616 size=1296 only=25616 sync=1 rc=0
2026-10-07T08:29:10.188Z dcache ino=25616 ci=0 to-rdcache len=131072 | dirty=0 hb=1 bg=4bb53e06dd6cb0b2 obj=4bb53e06dd6cb0b2 oseq=1024 sseq=1024 r=
2026-10-07T08:29:10.188Z release ino=25616 begin
2026-10-07T08:29:10.188Z release ino=25616 rc=0
2026-10-07T08:29:10.188Z release ino=25616 begin
2026-10-07T08:29:10.188Z release ino=25616 rc=0
2026-10-07T08:29:10.197Z dcache ino=25616 ci=0 snap-copy | dirty=1 hb=1 bg=4bb53e06dd6cb0b2 obj=0 oseq=1024 sseq=1025 r=[1296,1304)
2026-10-07T08:29:10.198Z dcache ino=25616 ci=0 put-record obj=659227fb1ce5a403 seq=1025 | dirty=0 hb=1 bg=4bb53e06dd6cb0b2 obj=659227fb1ce5a403 oseq=1025 sseq=1025 r=[1296,1304)
2026-10-07T08:29:10.198Z dcache ino=25616 ci=0 install len=131072 seq=1025 | dirty=0 hb=1 bg=4bb53e06dd6cb0b2 obj=659227fb1ce5a403 oseq=1025 sseq=1025 r=[1296,1304)
2026-10-07T08:29:10.222Z report ino=25616 ci=0 only=25616 sync=1 rc=0
2026-10-07T08:29:10.222Z report-irec ino=25616 size=1304 only=25616 sync=1 rc=0
2026-10-07T08:29:10.222Z dcache ino=25616 ci=0 to-rdcache len=131072 | dirty=0 hb=1 bg=659227fb1ce5a403 obj=659227fb1ce5a403 oseq=1025 sseq=1025 r=
2026-10-07T08:29:10.222Z release ino=25616 begin
2026-10-07T08:29:10.222Z release ino=25616 rc=0
2026-10-07T08:29:10.243Z dcache ino=25616 ci=0 patch-sparse off=1312 len=8 | dirty=1 hb=1 bg=659227fb1ce5a403 obj=0 oseq=1025 sseq=1025 r=[1304,1320)
2026-10-07T08:29:10.252Z dcache ino=25616 ci=0 patch-sparse off=1320 len=8 | dirty=1 hb=1 bg=659227fb1ce5a403 obj=0 oseq=1025 sseq=1025 r=[1304,1328)
2026-10-07T08:29:10.252Z dcache ino=25616 ci=0 snap-copy | dirty=1 hb=1 bg=659227fb1ce5a403 obj=0 oseq=1025 sseq=1026 r=[1304,1328)
2026-10-07T08:29:10.253Z dcache ino=25616 ci=0 put-record obj=f1e838374ca29548 seq=1026 | dirty=0 hb=1 bg=659227fb1ce5a403 obj=f1e838374ca29548 oseq=1026 sseq=1026 r=[1304,1328)
2026-10-07T08:29:10.253Z dcache ino=25616 ci=0 install len=131072 seq=1026 | dirty=0 hb=1 bg=659227fb1ce5a403 obj=f1e838374ca29548 oseq=1026 sseq=1026 r=[1304,1328)
2026-10-07T08:29:10.290Z report ino=25616 ci=0 only=25616 sync=1 rc=0
2026-10-07T08:29:10.290Z report-irec ino=25616 size=1328 only=25616 sync=1 rc=0
2026-10-07T08:29:10.290Z dcache ino=25616 ci=0 to-rdcache len=131072 | dirty=0 hb=1 bg=f1e838374ca29548 obj=f1e838374ca29548 oseq=1026 sseq=1026 r=
2026-10-07T08:29:10.290Z release ino=25616 begin
2026-10-07T08:29:10.290Z release ino=25616 rc=0
2026-10-07T08:29:10.290Z release ino=25616 begin
2026-10-07T08:29:10.290Z release ino=25616 rc=0
2026-10-07T08:29:10.290Z release ino=25616 begin
2026-10-07T08:29:10.290Z release ino=25616 rc=0
2026-10-07T08:29:10.303Z dcache ino=25616 ci=0 snap-copy | dirty=1 hb=1 bg=f1e838374ca29548 obj=0 oseq=1026 sseq=1027 r=[1328,1336)
2026-10-07T08:29:10.303Z dcache ino=25616 ci=0 put-record obj=58a40a1e712127fa seq=1027 | dirty=0 hb=1 bg=f1e838374ca29548 obj=58a40a1e712127fa oseq=1027 sseq=1027 r=[1328,1336)
2026-10-07T08:29:10.303Z dcache ino=25616 ci=0 install len=131072 seq=1027 | dirty=0 hb=1 bg=f1e838374ca29548 obj=58a40a1e712127fa oseq=1027 sseq=1027 r=[1328,1336)
2026-10-07T08:29:10.325Z report ino=25616 ci=0 only=25616 sync=1 rc=0
2026-10-07T08:29:10.325Z report-irec ino=25616 size=1336 only=25616 sync=1 rc=0
2026-10-07T08:29:10.325Z dcache ino=25616 ci=0 to-rdcache len=131072 | dirty=0 hb=1 bg=58a40a1e712127fa obj=58a40a1e712127fa oseq=1027 sseq=1027 r=
2026-10-07T08:29:10.325Z release ino=25616 begin
2026-10-07T08:29:10.325Z release ino=25616 rc=0
2026-10-07T08:29:10.346Z dcache ino=25616 ci=0 patch-sparse off=1344 len=8 | dirty=1 hb=1 bg=58a40a1e712127fa obj=0 oseq=1027 sseq=1027 r=[1336,1352)
2026-10-07T08:29:10.358Z dcache ino=25616 ci=0 patch-sparse off=1352 len=8 | dirty=1 hb=1 bg=58a40a1e712127fa obj=0 oseq=1027 sseq=1027 r=[1336,1360)
2026-10-07T08:29:10.358Z dcache ino=25616 ci=0 snap-copy | dirty=1 hb=1 bg=58a40a1e712127fa obj=0 oseq=1027 sseq=1028 r=[1336,1360)
2026-10-07T08:29:10.360Z dcache ino=25616 ci=0 put-record obj=a7c4ce6d6985c2a1 seq=1028 | dirty=0 hb=1 bg=58a40a1e712127fa obj=a7c4ce6d6985c2a1 oseq=1028 sseq=1028 r=[1336,1360)
2026-10-07T08:29:10.360Z dcache ino=25616 ci=0 install len=131072 seq=1028 | dirty=0 hb=1 bg=58a40a1e712127fa obj=a7c4ce6d6985c2a1 oseq=1028 sseq=1028 r=[1336,1360)
2026-10-07T08:29:10.400Z report ino=25616 ci=0 only=25616 sync=1 rc=0
2026-10-07T08:29:10.400Z report-irec ino=25616 size=1360 only=25616 sync=1 rc=0
2026-10-07T08:29:10.400Z dcache ino=25616 ci=0 to-rdcache len=131072 | dirty=0 hb=1 bg=a7c4ce6d6985c2a1 obj=a7c4ce6d6985c2a1 oseq=1028 sseq=1028 r=
2026-10-07T08:29:10.400Z release ino=25616 begin
2026-10-07T08:29:10.400Z release ino=25616 rc=0
2026-10-07T08:29:10.413Z dcache ino=25616 ci=0 snap-copy | dirty=1 hb=1 bg=a7c4ce6d6985c2a1 obj=0 oseq=1028 sseq=1029 r=[1360,1368)
2026-10-07T08:29:10.413Z dcache ino=25616 ci=0 put-record obj=b82f926c0001ddcb seq=1029 | dirty=0 hb=1 bg=a7c4ce6d6985c2a1 obj=b82f926c0001ddcb oseq=1029 sseq=1029 r=[1360,1368)
2026-10-07T08:29:10.414Z dcache ino=25616 ci=0 install len=131072 seq=1029 | dirty=0 hb=1 bg=a7c4ce6d6985c2a1 obj=b82f926c0001ddcb oseq=1029 sseq=1029 r=[1360,1368)
2026-10-07T08:29:10.437Z report ino=25616 ci=0 only=25616 sync=1 rc=0
2026-10-07T08:29:10.437Z report-irec ino=25616 size=1368 only=25616 sync=1 rc=0
2026-10-07T08:29:10.437Z dcache ino=25616 ci=0 to-rdcache len=131072 | dirty=0 hb=1 bg=b82f926c0001ddcb obj=b82f926c0001ddcb oseq=1029 sseq=1029 r=
2026-10-07T08:29:10.437Z release ino=25616 begin
2026-10-07T08:29:10.437Z release ino=25616 rc=0
2026-10-07T08:29:10.437Z release ino=25616 begin
2026-10-07T08:29:10.437Z release ino=25616 rc=0
2026-10-07T08:29:10.437Z release ino=25616 begin
2026-10-07T08:29:10.437Z release ino=25616 rc=0
2026-10-07T08:29:10.445Z dcache ino=25616 ci=0 snap-copy | dirty=1 hb=1 bg=b82f926c0001ddcb obj=0 oseq=1029 sseq=1030 r=[1368,1376)
2026-10-07T08:29:10.445Z dcache ino=25616 ci=0 put-record obj=85b244b1a8fdbac9 seq=1030 | dirty=0 hb=1 bg=b82f926c0001ddcb obj=85b244b1a8fdbac9 oseq=1030 sseq=1030 r=[1368,1376)
2026-10-07T08:29:10.445Z dcache ino=25616 ci=0 install len=131072 seq=1030 | dirty=0 hb=1 bg=b82f926c0001ddcb obj=85b244b1a8fdbac9 oseq=1030 sseq=1030 r=[1368,1376)
2026-10-07T08:29:10.468Z report ino=25616 ci=0 only=25616 sync=1 rc=0
2026-10-07T08:29:10.468Z report-irec ino=25616 size=1376 only=25616 sync=1 rc=0
2026-10-07T08:29:10.468Z dcache ino=25616 ci=0 to-rdcache len=131072 | dirty=0 hb=1 bg=85b244b1a8fdbac9 obj=85b244b1a8fdbac9 oseq=1030 sseq=1030 r=
2026-10-07T08:29:10.468Z release ino=25616 begin
2026-10-07T08:29:10.468Z release ino=25616 rc=0
2026-10-07T08:29:10.495Z dcache ino=25616 ci=0 patch-sparse off=1384 len=8 | dirty=1 hb=1 bg=85b244b1a8fdbac9 obj=0 oseq=1030 sseq=1030 r=[1376,1392)
2026-10-07T08:29:10.495Z dcache ino=25616 ci=0 snap-copy | dirty=1 hb=1 bg=85b244b1a8fdbac9 obj=0 oseq=1030 sseq=1031 r=[1376,1392)
2026-10-07T08:29:10.497Z dcache ino=25616 ci=0 put-record obj=f80b6064bcf246a6 seq=1031 | dirty=0 hb=1 bg=85b244b1a8fdbac9 obj=f80b6064bcf246a6 oseq=1031 sseq=1031 r=[1376,1392)
2026-10-07T08:29:10.497Z dcache ino=25616 ci=0 install len=131072 seq=1031 | dirty=0 hb=1 bg=85b244b1a8fdbac9 obj=f80b6064bcf246a6 oseq=1031 sseq=1031 r=[1376,1392)
2026-10-07T08:29:10.525Z report ino=25616 ci=0 only=25616 sync=1 rc=0
2026-10-07T08:29:10.525Z report-irec ino=25616 size=1392 only=25616 sync=1 rc=0
2026-10-07T08:29:10.525Z dcache ino=25616 ci=0 to-rdcache len=131072 | dirty=0 hb=1 bg=f80b6064bcf246a6 obj=f80b6064bcf246a6 oseq=1031 sseq=1031 r=
2026-10-07T08:29:10.525Z release ino=25616 begin
2026-10-07T08:29:10.525Z release ino=25616 rc=0
2026-10-07T08:29:10.525Z release ino=25616 begin
2026-10-07T08:29:10.525Z release ino=25616 rc=0
2026-10-07T08:29:10.546Z dcache ino=25616 ci=0 patch-sparse off=1400 len=8 | dirty=1 hb=1 bg=f80b6064bcf246a6 obj=0 oseq=1031 sseq=1031 r=[1392,1408)
2026-10-07T08:29:10.546Z dcache ino=25616 ci=0 snap-copy | dirty=1 hb=1 bg=f80b6064bcf246a6 obj=0 oseq=1031 sseq=1032 r=[1392,1408)
2026-10-07T08:29:10.548Z dcache ino=25616 ci=0 put-record obj=146ed37933bb9382 seq=1032 | dirty=0 hb=1 bg=f80b6064bcf246a6 obj=146ed37933bb9382 oseq=1032 sseq=1032 r=[1392,1408)
2026-10-07T08:29:10.548Z dcache ino=25616 ci=0 install len=131072 seq=1032 | dirty=0 hb=1 bg=f80b6064bcf246a6 obj=146ed37933bb9382 oseq=1032 sseq=1032 r=[1392,1408)
2026-10-07T08:29:10.577Z report ino=25616 ci=0 only=25616 sync=1 rc=0
2026-10-07T08:29:10.577Z report-irec ino=25616 size=1408 only=25616 sync=1 rc=0
2026-10-07T08:29:10.577Z dcache ino=25616 ci=0 to-rdcache len=131072 | dirty=0 hb=1 bg=146ed37933bb9382 obj=146ed37933bb9382 oseq=1032 sseq=1032 r=
2026-10-07T08:29:10.577Z release ino=25616 begin
2026-10-07T08:29:10.577Z release ino=25616 rc=0
2026-10-07T08:29:10.588Z dcache ino=25616 ci=0 snap-copy | dirty=1 hb=1 bg=146ed37933bb9382 obj=0 oseq=1032 sseq=1033 r=[1408,1416)
2026-10-07T08:29:10.589Z dcache ino=25616 ci=0 put-record obj=d636281e1161ad0d seq=1033 | dirty=0 hb=1 bg=146ed37933bb9382 obj=d636281e1161ad0d oseq=1033 sseq=1033 r=[1408,1416)
2026-10-07T08:29:10.589Z dcache ino=25616 ci=0 install len=131072 seq=1033 | dirty=0 hb=1 bg=146ed37933bb9382 obj=d636281e1161ad0d oseq=1033 sseq=1033 r=[1408,1416)
2026-10-07T08:29:10.606Z report ino=25616 ci=0 only=25616 sync=1 rc=0
2026-10-07T08:29:10.606Z report-irec ino=25616 size=1416 only=25616 sync=1 rc=0
2026-10-07T08:29:10.606Z dcache ino=25616 ci=0 to-rdcache len=131072 | dirty=0 hb=1 bg=d636281e1161ad0d obj=d636281e1161ad0d oseq=1033 sseq=1033 r=
2026-10-07T08:29:10.606Z release ino=25616 begin
2026-10-07T08:29:10.606Z release ino=25616 rc=0
2026-10-07T08:29:10.606Z release ino=25616 begin
2026-10-07T08:29:10.606Z release ino=25616 rc=0
2026-10-07T08:29:10.624Z dcache ino=25616 ci=0 patch-sparse off=1424 len=8 | dirty=1 hb=1 bg=d636281e1161ad0d obj=0 oseq=1033 sseq=1033 r=[1416,1432)
2026-10-07T08:29:10.624Z dcache ino=25616 ci=0 snap-copy | dirty=1 hb=1 bg=d636281e1161ad0d obj=0 oseq=1033 sseq=1034 r=[1416,1432)
2026-10-07T08:29:10.625Z dcache ino=25616 ci=0 put-record obj=350a6e149796443e seq=1034 | dirty=0 hb=1 bg=d636281e1161ad0d obj=350a6e149796443e oseq=1034 sseq=1034 r=[1416,1432)
2026-10-07T08:29:10.625Z dcache ino=25616 ci=0 install len=131072 seq=1034 | dirty=0 hb=1 bg=d636281e1161ad0d obj=350a6e149796443e oseq=1034 sseq=1034 r=[1416,1432)
2026-10-07T08:29:10.655Z report ino=25616 ci=0 only=25616 sync=1 rc=0
2026-10-07T08:29:10.655Z report-irec ino=25616 size=1432 only=25616 sync=1 rc=0
2026-10-07T08:29:10.655Z dcache ino=25616 ci=0 to-rdcache len=131072 | dirty=0 hb=1 bg=350a6e149796443e obj=350a6e149796443e oseq=1034 sseq=1034 r=
2026-10-07T08:29:10.655Z release ino=25616 begin
2026-10-07T08:29:10.655Z release ino=25616 rc=0
2026-10-07T08:29:10.656Z release ino=25616 begin
2026-10-07T08:29:10.656Z release ino=25616 rc=0
2026-10-07T08:29:10.668Z dcache ino=25616 ci=0 snap-copy | dirty=1 hb=1 bg=350a6e149796443e obj=0 oseq=1034 sseq=1035 r=[1432,1440)
2026-10-07T08:29:10.669Z dcache ino=25616 ci=0 put-record obj=326c9c7216a035e2 seq=1035 | dirty=0 hb=1 bg=350a6e149796443e obj=326c9c7216a035e2 oseq=1035 sseq=1035 r=[1432,1440)
2026-10-07T08:29:10.669Z dcache ino=25616 ci=0 install len=131072 seq=1035 | dirty=0 hb=1 bg=350a6e149796443e obj=326c9c7216a035e2 oseq=1035 sseq=1035 r=[1432,1440)
2026-10-07T08:29:10.689Z report ino=25616 ci=0 only=25616 sync=1 rc=0
2026-10-07T08:29:10.689Z report-irec ino=25616 size=1440 only=25616 sync=1 rc=0
2026-10-07T08:29:10.689Z dcache ino=25616 ci=0 to-rdcache len=131072 | dirty=0 hb=1 bg=326c9c7216a035e2 obj=326c9c7216a035e2 oseq=1035 sseq=1035 r=
2026-10-07T08:29:10.689Z release ino=25616 begin
2026-10-07T08:29:10.689Z release ino=25616 rc=0
2026-10-07T08:29:10.702Z dcache ino=25616 ci=0 snap-copy | dirty=1 hb=1 bg=326c9c7216a035e2 obj=0 oseq=1035 sseq=1036 r=[1440,1448)
2026-10-07T08:29:10.703Z dcache ino=25616 ci=0 put-record obj=e072c3f5ea970204 seq=1036 | dirty=0 hb=1 bg=326c9c7216a035e2 obj=e072c3f5ea970204 oseq=1036 sseq=1036 r=[1440,1448)
2026-10-07T08:29:10.703Z dcache ino=25616 ci=0 install len=131072 seq=1036 | dirty=0 hb=1 bg=326c9c7216a035e2 obj=e072c3f5ea970204 oseq=1036 sseq=1036 r=[1440,1448)
2026-10-07T08:29:10.720Z report ino=25616 ci=0 only=25616 sync=1 rc=0
2026-10-07T08:29:10.720Z report-irec ino=25616 size=1448 only=25616 sync=1 rc=0
2026-10-07T08:29:10.720Z dcache ino=25616 ci=0 to-rdcache len=131072 | dirty=0 hb=1 bg=e072c3f5ea970204 obj=e072c3f5ea970204 oseq=1036 sseq=1036 r=
2026-10-07T08:29:10.720Z release ino=25616 begin
2026-10-07T08:29:10.720Z release ino=25616 rc=0
2026-10-07T08:29:10.736Z dcache ino=25616 ci=0 patch-sparse off=1456 len=8 | dirty=1 hb=1 bg=e072c3f5ea970204 obj=0 oseq=1036 sseq=1036 r=[1448,1464)
2026-10-07T08:29:10.748Z dcache ino=25616 ci=0 patch-sparse off=1464 len=8 | dirty=1 hb=1 bg=e072c3f5ea970204 obj=0 oseq=1036 sseq=1036 r=[1448,1472)
2026-10-07T08:29:10.748Z dcache ino=25616 ci=0 snap-copy | dirty=1 hb=1 bg=e072c3f5ea970204 obj=0 oseq=1036 sseq=1037 r=[1448,1472)
2026-10-07T08:29:10.749Z dcache ino=25616 ci=0 put-record obj=93ae513c297e9e66 seq=1037 | dirty=0 hb=1 bg=e072c3f5ea970204 obj=93ae513c297e9e66 oseq=1037 sseq=1037 r=[1448,1472)
2026-10-07T08:29:10.749Z dcache ino=25616 ci=0 install len=131072 seq=1037 | dirty=0 hb=1 bg=e072c3f5ea970204 obj=93ae513c297e9e66 oseq=1037 sseq=1037 r=[1448,1472)
2026-10-07T08:29:10.785Z report ino=25616 ci=0 only=25616 sync=1 rc=0
2026-10-07T08:29:10.785Z report-irec ino=25616 size=1472 only=25616 sync=1 rc=0
2026-10-07T08:29:10.785Z dcache ino=25616 ci=0 to-rdcache len=131072 | dirty=0 hb=1 bg=93ae513c297e9e66 obj=93ae513c297e9e66 oseq=1037 sseq=1037 r=
2026-10-07T08:29:10.785Z release ino=25616 begin
2026-10-07T08:29:10.785Z release ino=25616 rc=0
2026-10-07T08:29:10.786Z release ino=25616 begin
2026-10-07T08:29:10.786Z release ino=25616 rc=0
2026-10-07T08:29:10.799Z dcache ino=25616 ci=0 snap-copy | dirty=1 hb=1 bg=93ae513c297e9e66 obj=0 oseq=1037 sseq=1038 r=[1472,1480)
2026-10-07T08:29:10.799Z dcache ino=25616 ci=0 put-record obj=2dfd7ec79bbdd821 seq=1038 | dirty=0 hb=1 bg=93ae513c297e9e66 obj=2dfd7ec79bbdd821 oseq=1038 sseq=1038 r=[1472,1480)
2026-10-07T08:29:10.799Z dcache ino=25616 ci=0 install len=131072 seq=1038 | dirty=0 hb=1 bg=93ae513c297e9e66 obj=2dfd7ec79bbdd821 oseq=1038 sseq=1038 r=[1472,1480)
2026-10-07T08:29:10.819Z report ino=25616 ci=0 only=25616 sync=1 rc=0
2026-10-07T08:29:10.819Z report-irec ino=25616 size=1480 only=25616 sync=1 rc=0
2026-10-07T08:29:10.819Z dcache ino=25616 ci=0 to-rdcache len=131072 | dirty=0 hb=1 bg=2dfd7ec79bbdd821 obj=2dfd7ec79bbdd821 oseq=1038 sseq=1038 r=
2026-10-07T08:29:10.819Z release ino=25616 begin
2026-10-07T08:29:10.819Z release ino=25616 rc=0
2026-10-07T08:29:10.842Z dcache ino=25616 ci=0 patch-sparse off=1488 len=8 | dirty=1 hb=1 bg=2dfd7ec79bbdd821 obj=0 oseq=1038 sseq=1038 r=[1480,1496)
2026-10-07T08:29:10.842Z dcache ino=25616 ci=0 snap-copy | dirty=1 hb=1 bg=2dfd7ec79bbdd821 obj=0 oseq=1038 sseq=1039 r=[1480,1496)
2026-10-07T08:29:10.844Z dcache ino=25616 ci=0 put-record obj=10de2075fde2928b seq=1039 | dirty=0 hb=1 bg=2dfd7ec79bbdd821 obj=10de2075fde2928b oseq=1039 sseq=1039 r=[1480,1496)
2026-10-07T08:29:10.844Z dcache ino=25616 ci=0 install len=131072 seq=1039 | dirty=0 hb=1 bg=2dfd7ec79bbdd821 obj=10de2075fde2928b oseq=1039 sseq=1039 r=[1480,1496)
2026-10-07T08:29:10.875Z report ino=25616 ci=0 only=25616 sync=1 rc=0
2026-10-07T08:29:10.875Z report-irec ino=25616 size=1496 only=25616 sync=1 rc=0
2026-10-07T08:29:10.875Z dcache ino=25616 ci=0 to-rdcache len=131072 | dirty=0 hb=1 bg=10de2075fde2928b obj=10de2075fde2928b oseq=1039 sseq=1039 r=
2026-10-07T08:29:10.875Z release ino=25616 begin
2026-10-07T08:29:10.875Z release ino=25616 rc=0
2026-10-07T08:29:10.876Z release ino=25616 begin
2026-10-07T08:29:10.876Z release ino=25616 rc=0
2026-10-07T08:29:10.876Z release ino=25616 begin
2026-10-07T08:29:10.876Z release ino=25616 rc=0
2026-10-07T08:29:10.884Z dcache ino=25616 ci=0 snap-copy | dirty=1 hb=1 bg=10de2075fde2928b obj=0 oseq=1039 sseq=1040 r=[1496,1504)
2026-10-07T08:29:10.885Z dcache ino=25616 ci=0 put-record obj=5f2f9387a214a1f5 seq=1040 | dirty=0 hb=1 bg=10de2075fde2928b obj=5f2f9387a214a1f5 oseq=1040 sseq=1040 r=[1496,1504)
2026-10-07T08:29:10.885Z dcache ino=25616 ci=0 install len=131072 seq=1040 | dirty=0 hb=1 bg=10de2075fde2928b obj=5f2f9387a214a1f5 oseq=1040 sseq=1040 r=[1496,1504)
2026-10-07T08:29:10.906Z report ino=25616 ci=0 only=25616 sync=1 rc=0
2026-10-07T08:29:10.906Z report-irec ino=25616 size=1504 only=25616 sync=1 rc=0
2026-10-07T08:29:10.906Z dcache ino=25616 ci=0 to-rdcache len=131072 | dirty=0 hb=1 bg=5f2f9387a214a1f5 obj=5f2f9387a214a1f5 oseq=1040 sseq=1040 r=
2026-10-07T08:29:10.906Z release ino=25616 begin
2026-10-07T08:29:10.906Z release ino=25616 rc=0
2026-10-07T08:29:10.920Z dcache ino=25616 ci=0 snap-copy | dirty=1 hb=1 bg=5f2f9387a214a1f5 obj=0 oseq=1040 sseq=1041 r=[1504,1512)
2026-10-07T08:29:10.920Z dcache ino=25616 ci=0 put-record obj=9816a4da452773af seq=1041 | dirty=0 hb=1 bg=5f2f9387a214a1f5 obj=9816a4da452773af oseq=1041 sseq=1041 r=[1504,1512)
2026-10-07T08:29:10.920Z dcache ino=25616 ci=0 install len=131072 seq=1041 | dirty=0 hb=1 bg=5f2f9387a214a1f5 obj=9816a4da452773af oseq=1041 sseq=1041 r=[1504,1512)
2026-10-07T08:29:10.940Z report ino=25616 ci=0 only=25616 sync=1 rc=0
2026-10-07T08:29:10.940Z report-irec ino=25616 size=1512 only=25616 sync=1 rc=0
2026-10-07T08:29:10.940Z dcache ino=25616 ci=0 to-rdcache len=131072 | dirty=0 hb=1 bg=9816a4da452773af obj=9816a4da452773af oseq=1041 sseq=1041 r=
2026-10-07T08:29:10.940Z release ino=25616 begin
2026-10-07T08:29:10.940Z release ino=25616 rc=0
2026-10-07T08:29:10.953Z dcache ino=25616 ci=0 snap-copy | dirty=1 hb=1 bg=9816a4da452773af obj=0 oseq=1041 sseq=1042 r=[1512,1520)
2026-10-07T08:29:10.954Z dcache ino=25616 ci=0 put-record obj=bc3d1b44da9a6c65 seq=1042 | dirty=0 hb=1 bg=9816a4da452773af obj=bc3d1b44da9a6c65 oseq=1042 sseq=1042 r=[1512,1520)
2026-10-07T08:29:10.954Z dcache ino=25616 ci=0 install len=131072 seq=1042 | dirty=0 hb=1 bg=9816a4da452773af obj=bc3d1b44da9a6c65 oseq=1042 sseq=1042 r=[1512,1520)
2026-10-07T08:29:10.973Z report ino=25616 ci=0 only=25616 sync=1 rc=0
2026-10-07T08:29:10.973Z report-irec ino=25616 size=1520 only=25616 sync=1 rc=0
2026-10-07T08:29:10.973Z dcache ino=25616 ci=0 to-rdcache len=131072 | dirty=0 hb=1 bg=bc3d1b44da9a6c65 obj=bc3d1b44da9a6c65 oseq=1042 sseq=1042 r=
2026-10-07T08:29:10.973Z release ino=25616 begin
2026-10-07T08:29:10.973Z release ino=25616 rc=0
2026-10-07T08:29:10.995Z dcache ino=25616 ci=0 patch-sparse off=1528 len=8 | dirty=1 hb=1 bg=bc3d1b44da9a6c65 obj=0 oseq=1042 sseq=1042 r=[1520,1536)
2026-10-07T08:29:10.995Z dcache ino=25616 ci=0 snap-copy | dirty=1 hb=1 bg=bc3d1b44da9a6c65 obj=0 oseq=1042 sseq=1043 r=[1520,1536)
2026-10-07T08:29:10.996Z dcache ino=25616 ci=0 put-record obj=44b6e992d9ae34ac seq=1043 | dirty=0 hb=1 bg=bc3d1b44da9a6c65 obj=44b6e992d9ae34ac oseq=1043 sseq=1043 r=[1520,1536)
2026-10-07T08:29:10.996Z dcache ino=25616 ci=0 install len=131072 seq=1043 | dirty=0 hb=1 bg=bc3d1b44da9a6c65 obj=44b6e992d9ae34ac oseq=1043 sseq=1043 r=[1520,1536)
2026-10-07T08:29:11.031Z report ino=25616 ci=0 only=25616 sync=1 rc=0
2026-10-07T08:29:11.031Z report-irec ino=25616 size=1536 only=25616 sync=1 rc=0
2026-10-07T08:29:11.031Z dcache ino=25616 ci=0 to-rdcache len=131072 | dirty=0 hb=1 bg=44b6e992d9ae34ac obj=44b6e992d9ae34ac oseq=1043 sseq=1043 r=
2026-10-07T08:29:11.031Z release ino=25616 begin
2026-10-07T08:29:11.031Z release ino=25616 rc=0
2026-10-07T08:29:11.045Z dcache ino=25616 ci=0 snap-copy | dirty=1 hb=1 bg=44b6e992d9ae34ac obj=0 oseq=1043 sseq=1044 r=[1536,1544)
2026-10-07T08:29:11.045Z dcache ino=25616 ci=0 put-record obj=5174b1c40df0d3b0 seq=1044 | dirty=0 hb=1 bg=44b6e992d9ae34ac obj=5174b1c40df0d3b0 oseq=1044 sseq=1044 r=[1536,1544)
2026-10-07T08:29:11.045Z dcache ino=25616 ci=0 install len=131072 seq=1044 | dirty=0 hb=1 bg=44b6e992d9ae34ac obj=5174b1c40df0d3b0 oseq=1044 sseq=1044 r=[1536,1544)
2026-10-07T08:29:11.065Z report ino=25616 ci=0 only=25616 sync=1 rc=0
2026-10-07T08:29:11.065Z report-irec ino=25616 size=1544 only=25616 sync=1 rc=0
2026-10-07T08:29:11.065Z dcache ino=25616 ci=0 to-rdcache len=131072 | dirty=0 hb=1 bg=5174b1c40df0d3b0 obj=5174b1c40df0d3b0 oseq=1044 sseq=1044 r=
2026-10-07T08:29:11.065Z release ino=25616 begin
2026-10-07T08:29:11.065Z release ino=25616 rc=0
2026-10-07T08:29:11.078Z dcache ino=25616 ci=0 snap-copy | dirty=1 hb=1 bg=5174b1c40df0d3b0 obj=0 oseq=1044 sseq=1045 r=[1544,1552)
2026-10-07T08:29:11.079Z dcache ino=25616 ci=0 put-record obj=c46d52dbb9213c16 seq=1045 | dirty=0 hb=1 bg=5174b1c40df0d3b0 obj=c46d52dbb9213c16 oseq=1045 sseq=1045 r=[1544,1552)
2026-10-07T08:29:11.079Z dcache ino=25616 ci=0 install len=131072 seq=1045 | dirty=0 hb=1 bg=5174b1c40df0d3b0 obj=c46d52dbb9213c16 oseq=1045 sseq=1045 r=[1544,1552)
2026-10-07T08:29:11.108Z report ino=25616 ci=0 only=25616 sync=1 rc=0
2026-10-07T08:29:11.108Z report-irec ino=25616 size=1552 only=25616 sync=1 rc=0
2026-10-07T08:29:11.108Z dcache ino=25616 ci=0 to-rdcache len=131072 | dirty=0 hb=1 bg=c46d52dbb9213c16 obj=c46d52dbb9213c16 oseq=1045 sseq=1045 r=
2026-10-07T08:29:11.108Z release ino=25616 begin
2026-10-07T08:29:11.108Z release ino=25616 rc=0
2026-10-07T08:29:11.122Z dcache ino=25616 ci=0 snap-copy | dirty=1 hb=1 bg=c46d52dbb9213c16 obj=0 oseq=1045 sseq=1046 r=[1552,1560)
2026-10-07T08:29:11.122Z dcache ino=25616 ci=0 put-record obj=5a41a7706808d55 seq=1046 | dirty=0 hb=1 bg=c46d52dbb9213c16 obj=5a41a7706808d55 oseq=1046 sseq=1046 r=[1552,1560)
2026-10-07T08:29:11.122Z dcache ino=25616 ci=0 install len=131072 seq=1046 | dirty=0 hb=1 bg=c46d52dbb9213c16 obj=5a41a7706808d55 oseq=1046 sseq=1046 r=[1552,1560)
2026-10-07T08:29:11.142Z report ino=25616 ci=0 only=25616 sync=1 rc=0
2026-10-07T08:29:11.142Z report-irec ino=25616 size=1560 only=25616 sync=1 rc=0
2026-10-07T08:29:11.142Z dcache ino=25616 ci=0 to-rdcache len=131072 | dirty=0 hb=1 bg=5a41a7706808d55 obj=5a41a7706808d55 oseq=1046 sseq=1046 r=
2026-10-07T08:29:11.142Z release ino=25616 begin
2026-10-07T08:29:11.142Z release ino=25616 rc=0
2026-10-07T08:29:11.142Z release ino=25616 begin
2026-10-07T08:29:11.155Z release ino=25616 rc=0
2026-10-07T08:29:11.181Z dcache ino=25616 ci=0 snap-copy | dirty=1 hb=1 bg=5a41a7706808d55 obj=0 oseq=1046 sseq=1047 r=[1560,1568)
2026-10-07T08:29:11.182Z dcache ino=25616 ci=0 put-record obj=60dfe28fe383ad22 seq=1047 | dirty=0 hb=1 bg=5a41a7706808d55 obj=60dfe28fe383ad22 oseq=1047 sseq=1047 r=[1560,1568)
2026-10-07T08:29:11.182Z dcache ino=25616 ci=0 install len=131072 seq=1047 | dirty=0 hb=1 bg=5a41a7706808d55 obj=60dfe28fe383ad22 oseq=1047 sseq=1047 r=[1560,1568)
2026-10-07T08:29:11.198Z report ino=25616 ci=0 only=25616 sync=1 rc=0
2026-10-07T08:29:11.198Z report-irec ino=25616 size=1568 only=25616 sync=1 rc=0
2026-10-07T08:29:11.198Z dcache ino=25616 ci=0 to-rdcache len=131072 | dirty=0 hb=1 bg=60dfe28fe383ad22 obj=60dfe28fe383ad22 oseq=1047 sseq=1047 r=
2026-10-07T08:29:11.198Z release ino=25616 begin
2026-10-07T08:29:11.198Z release ino=25616 rc=0
2026-10-07T08:29:11.206Z dcache ino=25616 ci=0 snap-copy | dirty=1 hb=1 bg=60dfe28fe383ad22 obj=0 oseq=1047 sseq=1048 r=[1568,1576)
2026-10-07T08:29:11.206Z dcache ino=25616 ci=0 put-record obj=39138a6721283a0c seq=1048 | dirty=0 hb=1 bg=60dfe28fe383ad22 obj=39138a6721283a0c oseq=1048 sseq=1048 r=[1568,1576)
2026-10-07T08:29:11.206Z dcache ino=25616 ci=0 install len=131072 seq=1048 | dirty=0 hb=1 bg=60dfe28fe383ad22 obj=39138a6721283a0c oseq=1048 sseq=1048 r=[1568,1576)
2026-10-07T08:29:11.224Z report ino=25616 ci=0 only=25616 sync=1 rc=0
2026-10-07T08:29:11.224Z report-irec ino=25616 size=1576 only=25616 sync=1 rc=0
2026-10-07T08:29:11.224Z dcache ino=25616 ci=0 to-rdcache len=131072 | dirty=0 hb=1 bg=39138a6721283a0c obj=39138a6721283a0c oseq=1048 sseq=1048 r=
2026-10-07T08:29:11.224Z release ino=25616 begin
2026-10-07T08:29:11.232Z release ino=25616 rc=0
2026-10-07T08:29:11.261Z dcache ino=25616 ci=0 snap-copy | dirty=1 hb=1 bg=39138a6721283a0c obj=0 oseq=1048 sseq=1049 r=[1576,1584)
2026-10-07T08:29:11.262Z dcache ino=25616 ci=0 put-record obj=43b401847c4d4819 seq=1049 | dirty=0 hb=1 bg=39138a6721283a0c obj=43b401847c4d4819 oseq=1049 sseq=1049 r=[1576,1584)
2026-10-07T08:29:11.262Z dcache ino=25616 ci=0 install len=131072 seq=1049 | dirty=0 hb=1 bg=39138a6721283a0c obj=43b401847c4d4819 oseq=1049 sseq=1049 r=[1576,1584)
2026-10-07T08:29:11.282Z report ino=25616 ci=0 only=25616 sync=1 rc=0
2026-10-07T08:29:11.282Z report-irec ino=25616 size=1584 only=25616 sync=1 rc=0
2026-10-07T08:29:11.282Z dcache ino=25616 ci=0 to-rdcache len=131072 | dirty=0 hb=1 bg=43b401847c4d4819 obj=43b401847c4d4819 oseq=1049 sseq=1049 r=
2026-10-07T08:29:11.282Z release ino=25616 begin
2026-10-07T08:29:11.294Z release ino=25616 rc=0
2026-10-07T08:29:11.316Z dcache ino=25616 ci=0 snap-copy | dirty=1 hb=1 bg=43b401847c4d4819 obj=0 oseq=1049 sseq=1050 r=[1584,1592)
2026-10-07T08:29:11.317Z dcache ino=25616 ci=0 put-record obj=5a6d170cc5b0dc82 seq=1050 | dirty=0 hb=1 bg=43b401847c4d4819 obj=5a6d170cc5b0dc82 oseq=1050 sseq=1050 r=[1584,1592)
2026-10-07T08:29:11.317Z dcache ino=25616 ci=0 install len=131072 seq=1050 | dirty=0 hb=1 bg=43b401847c4d4819 obj=5a6d170cc5b0dc82 oseq=1050 sseq=1050 r=[1584,1592)
2026-10-07T08:29:11.337Z report ino=25616 ci=0 only=25616 sync=1 rc=0
2026-10-07T08:29:11.337Z report-irec ino=25616 size=1592 only=25616 sync=1 rc=0
2026-10-07T08:29:11.337Z dcache ino=25616 ci=0 to-rdcache len=131072 | dirty=0 hb=1 bg=5a6d170cc5b0dc82 obj=5a6d170cc5b0dc82 oseq=1050 sseq=1050 r=
2026-10-07T08:29:11.337Z release ino=25616 begin
2026-10-07T08:29:11.350Z release ino=25616 rc=0
2026-10-07T08:29:11.371Z dcache ino=25616 ci=0 snap-copy | dirty=1 hb=1 bg=5a6d170cc5b0dc82 obj=0 oseq=1050 sseq=1051 r=[1592,1600)
2026-10-07T08:29:11.372Z dcache ino=25616 ci=0 put-record obj=b7564c47a884f93f seq=1051 | dirty=0 hb=1 bg=5a6d170cc5b0dc82 obj=b7564c47a884f93f oseq=1051 sseq=1051 r=[1592,1600)
2026-10-07T08:29:11.372Z dcache ino=25616 ci=0 install len=131072 seq=1051 | dirty=0 hb=1 bg=5a6d170cc5b0dc82 obj=b7564c47a884f93f oseq=1051 sseq=1051 r=[1592,1600)
2026-10-07T08:29:11.397Z report ino=25616 ci=0 only=25616 sync=1 rc=0
2026-10-07T08:29:11.397Z report-irec ino=25616 size=1600 only=25616 sync=1 rc=0
2026-10-07T08:29:11.397Z dcache ino=25616 ci=0 to-rdcache len=131072 | dirty=0 hb=1 bg=b7564c47a884f93f obj=b7564c47a884f93f oseq=1051 sseq=1051 r=
2026-10-07T08:29:11.397Z release ino=25616 begin
2026-10-07T08:29:11.408Z release ino=25616 rc=0
2026-10-07T08:29:11.432Z dcache ino=25616 ci=0 snap-copy | dirty=1 hb=1 bg=b7564c47a884f93f obj=0 oseq=1051 sseq=1052 r=[1600,1608)
2026-10-07T08:29:11.433Z dcache ino=25616 ci=0 put-record obj=2f1f5f1e458493c9 seq=1052 | dirty=0 hb=1 bg=b7564c47a884f93f obj=2f1f5f1e458493c9 oseq=1052 sseq=1052 r=[1600,1608)
2026-10-07T08:29:11.433Z dcache ino=25616 ci=0 install len=131072 seq=1052 | dirty=0 hb=1 bg=b7564c47a884f93f obj=2f1f5f1e458493c9 oseq=1052 sseq=1052 r=[1600,1608)
2026-10-07T08:29:11.453Z report ino=25616 ci=0 only=25616 sync=1 rc=0
2026-10-07T08:29:11.453Z report-irec ino=25616 size=1608 only=25616 sync=1 rc=0
2026-10-07T08:29:11.453Z dcache ino=25616 ci=0 to-rdcache len=131072 | dirty=0 hb=1 bg=2f1f5f1e458493c9 obj=2f1f5f1e458493c9 oseq=1052 sseq=1052 r=
2026-10-07T08:29:11.453Z release ino=25616 begin
2026-10-07T08:29:11.466Z release ino=25616 rc=0
2026-10-07T08:29:11.479Z release ino=25616 begin
2026-10-07T08:29:11.491Z release ino=25616 rc=0
