2026-10-08T02:25:08.128Z Joined cluster with 2 nodes
2026-10-08T02:25:08.128Z heartbeat: enabled (2000 ms interval)
2026-10-08T02:25:08.129Z raft-host: up raft_id=1 n=4 boot=5435547278647823 salt=7879351395801026946 g0=hosted g2=hosted
2026-10-08T02:25:08.129Z kv-obs: mt_bytes=0 l0_bytes=0 l0=0 l1=0
2026-10-08T02:25:08.129Z efsd (no git metadata, branch unknown, built 2026-10-08T02:21:25Z on nuc), build=unknown: node 2 listening on 127.0.0.1:26691, storage=/data1/efs/gc-direct-8pmayjh5/n2 (1 paths, stripe=none), used=0, quota=1073741824, direct_io=on, writers=4 shared
2026-10-08T02:25:10.129Z gc-health: stage=0 group=0 elapsed_ms=0 last_pass_age_ms=994 passes=2 sampled=1 pending=0,0 reap=0,0 removed=0 file_bytes=0 payload_bytes=0 delete_errors=0 sweep_errors=0 reap_errors=0 ack_errors=0 missing_exports=0
2026-10-08T02:25:13.131Z kv-obs: mt_bytes=364 l0_bytes=0 l0=0 l1=0
2026-10-08T02:25:13.220Z raft-host: gc-pass ms=69 orphan=0 reap=0 frag=0 spread=0 recover=69 fscans=0 fsegs=0 fkeys=0 femit=0 ftomb=0 scans=194 segs=0 keys=0 emit=0 tomb=0 reap_scan=0 reap_sweep=0 reap_fence=0 reap_done=0
2026-10-08T02:25:14.295Z raft-host: gc-pass ms=69 orphan=0 reap=0 frag=0 spread=0 recover=69 fscans=0 fsegs=0 fkeys=0 femit=0 ftomb=0 scans=194 segs=0 keys=0 emit=0 tomb=0 reap_scan=0 reap_sweep=0 reap_fence=0 reap_done=0
2026-10-08T02:25:15.369Z raft-host: gc-pass ms=69 orphan=0 reap=0 frag=0 spread=0 recover=69 fscans=0 fsegs=0 fkeys=0 femit=0 ftomb=0 scans=194 segs=0 keys=0 emit=0 tomb=0 reap_scan=0 reap_sweep=0 reap_fence=0 reap_done=0
2026-10-08T02:25:16.444Z raft-host: gc-pass ms=69 orphan=0 reap=0 frag=0 spread=0 recover=69 fscans=0 fsegs=0 fkeys=0 femit=0 ftomb=0 scans=194 segs=0 keys=0 emit=0 tomb=0 reap_scan=0 reap_sweep=0 reap_fence=0 reap_done=0
2026-10-08T02:25:17.518Z raft-host: gc-pass ms=69 orphan=0 reap=0 frag=0 spread=0 recover=69 fscans=0 fsegs=0 fkeys=0 femit=0 ftomb=0 scans=194 segs=0 keys=0 emit=0 tomb=0 reap_scan=0 reap_sweep=0 reap_fence=0 reap_done=0
2026-10-08T02:25:18.593Z raft-host: gc-pass ms=69 orphan=0 reap=0 frag=0 spread=0 recover=69 fscans=0 fsegs=0 fkeys=0 femit=0 ftomb=0 scans=194 segs=0 keys=0 emit=0 tomb=0 reap_scan=0 reap_sweep=0 reap_fence=0 reap_done=0
2026-10-08T02:25:19.666Z raft-host: gc-pass ms=68 orphan=0 reap=0 frag=0 spread=0 recover=68 fscans=0 fsegs=0 fkeys=0 femit=0 ftomb=0 scans=194 segs=0 keys=0 emit=0 tomb=0 reap_scan=0 reap_sweep=0 reap_fence=0 reap_done=0
2026-10-08T02:25:20.741Z raft-host: gc-pass ms=69 orphan=0 reap=0 frag=0 spread=0 recover=69 fscans=0 fsegs=0 fkeys=0 femit=0 ftomb=0 scans=194 segs=0 keys=0 emit=0 tomb=0 reap_scan=0 reap_sweep=0 reap_fence=0 reap_done=0
2026-10-08T02:25:21.814Z raft-host: gc-pass ms=68 orphan=0 reap=0 frag=0 spread=0 recover=68 fscans=0 fsegs=0 fkeys=0 femit=0 ftomb=0 scans=194 segs=0 keys=0 emit=0 tomb=0 reap_scan=0 reap_sweep=0 reap_fence=0 reap_done=0
2026-10-08T02:25:22.888Z raft-host: gc-pass ms=69 orphan=0 reap=0 frag=0 spread=0 recover=69 fscans=0 fsegs=0 fkeys=0 femit=0 ftomb=0 scans=194 segs=0 keys=0 emit=0 tomb=0 reap_scan=0 reap_sweep=0 reap_fence=0 reap_done=0
2026-10-08T02:25:23.963Z raft-host: gc-pass ms=69 orphan=0 reap=0 frag=0 spread=0 recover=69 fscans=0 fsegs=0 fkeys=0 femit=0 ftomb=0 scans=194 segs=0 keys=0 emit=0 tomb=0 reap_scan=0 reap_sweep=0 reap_fence=0 reap_done=0
2026-10-08T02:25:25.037Z raft-host: gc-pass ms=69 orphan=0 reap=0 frag=0 spread=0 recover=69 fscans=0 fsegs=0 fkeys=0 femit=0 ftomb=0 scans=194 segs=0 keys=0 emit=0 tomb=0 reap_scan=0 reap_sweep=0 reap_fence=0 reap_done=0
2026-10-08T02:25:26.112Z raft-host: gc-pass ms=69 orphan=0 reap=0 frag=0 spread=0 recover=69 fscans=0 fsegs=0 fkeys=0 femit=0 ftomb=0 scans=194 segs=0 keys=0 emit=0 tomb=0 reap_scan=0 reap_sweep=0 reap_fence=0 reap_done=0
2026-10-08T02:25:26.132Z gc-health: stage=0 group=0 elapsed_ms=0 last_pass_age_ms=20 passes=18 sampled=1 pending=0,0 reap=0,0 removed=0 file_bytes=0 payload_bytes=0 delete_errors=0 sweep_errors=0 reap_errors=0 ack_errors=0 missing_exports=0
2026-10-08T02:25:27.185Z raft-host: gc-pass ms=69 orphan=0 reap=0 frag=0 spread=0 recover=69 fscans=0 fsegs=0 fkeys=0 femit=0 ftomb=0 scans=194 segs=0 keys=0 emit=0 tomb=0 reap_scan=0 reap_sweep=0 reap_fence=0 reap_done=0
2026-10-08T02:25:28.260Z raft-host: gc-pass ms=69 orphan=0 reap=0 frag=0 spread=0 recover=69 fscans=0 fsegs=0 fkeys=0 femit=0 ftomb=0 scans=194 segs=0 keys=0 emit=0 tomb=0 reap_scan=0 reap_sweep=0 reap_fence=0 reap_done=0
2026-10-08T02:25:29.334Z raft-host: gc-pass ms=68 orphan=0 reap=0 frag=0 spread=0 recover=68 fscans=0 fsegs=0 fkeys=0 femit=0 ftomb=0 scans=194 segs=0 keys=0 emit=0 tomb=0 reap_scan=0 reap_sweep=0 reap_fence=0 reap_done=0
2026-10-08T02:25:30.408Z raft-host: gc-pass ms=69 orphan=0 reap=0 frag=0 spread=0 recover=69 fscans=0 fsegs=0 fkeys=0 femit=0 ftomb=0 scans=194 segs=0 keys=0 emit=0 tomb=0 reap_scan=0 reap_sweep=0 reap_fence=0 reap_done=0
2026-10-08T02:25:31.482Z raft-host: gc-pass ms=69 orphan=0 reap=0 frag=0 spread=0 recover=69 fscans=0 fsegs=0 fkeys=0 femit=0 ftomb=0 scans=194 segs=0 keys=0 emit=0 tomb=0 reap_scan=0 reap_sweep=0 reap_fence=0 reap_done=0
2026-10-08T02:25:32.555Z raft-host: gc-pass ms=68 orphan=0 reap=0 frag=0 spread=0 recover=68 fscans=0 fsegs=0 fkeys=0 femit=0 ftomb=0 scans=194 segs=0 keys=0 emit=0 tomb=0 reap_scan=0 reap_sweep=0 reap_fence=0 reap_done=0
2026-10-08T02:25:33.630Z raft-host: gc-pass ms=69 orphan=0 reap=0 frag=0 spread=0 recover=69 fscans=0 fsegs=0 fkeys=0 femit=0 ftomb=0 scans=194 segs=0 keys=0 emit=0 tomb=0 reap_scan=0 reap_sweep=0 reap_fence=0 reap_done=0
2026-10-08T02:25:34.704Z raft-host: gc-pass ms=69 orphan=0 reap=0 frag=0 spread=0 recover=69 fscans=0 fsegs=0 fkeys=0 femit=0 ftomb=0 scans=194 segs=0 keys=0 emit=0 tomb=0 reap_scan=0 reap_sweep=0 reap_fence=0 reap_done=0
2026-10-08T02:25:35.779Z raft-host: gc-pass ms=69 orphan=0 reap=0 frag=0 spread=0 recover=69 fscans=0 fsegs=0 fkeys=0 femit=0 ftomb=0 scans=194 segs=0 keys=0 emit=0 tomb=0 reap_scan=0 reap_sweep=0 reap_fence=0 reap_done=0
2026-10-08T02:25:36.853Z raft-host: gc-pass ms=69 orphan=0 reap=0 frag=0 spread=0 recover=69 fscans=0 fsegs=0 fkeys=0 femit=0 ftomb=0 scans=194 segs=0 keys=0 emit=0 tomb=0 reap_scan=0 reap_sweep=0 reap_fence=0 reap_done=0
2026-10-08T02:25:37.927Z raft-host: gc-pass ms=69 orphan=0 reap=0 frag=0 spread=0 recover=69 fscans=0 fsegs=0 fkeys=0 femit=0 ftomb=0 scans=194 segs=0 keys=0 emit=0 tomb=0 reap_scan=0 reap_sweep=0 reap_fence=0 reap_done=0
2026-10-08T02:25:39.000Z raft-host: gc-pass ms=68 orphan=0 reap=0 frag=0 spread=0 recover=68 fscans=0 fsegs=0 fkeys=0 femit=0 ftomb=0 scans=194 segs=0 keys=0 emit=0 tomb=0 reap_scan=0 reap_sweep=0 reap_fence=0 reap_done=0
2026-10-08T02:25:40.074Z raft-host: gc-pass ms=69 orphan=0 reap=0 frag=0 spread=0 recover=69 fscans=0 fsegs=0 fkeys=0 femit=0 ftomb=0 scans=194 segs=0 keys=0 emit=0 tomb=0 reap_scan=0 reap_sweep=0 reap_fence=0 reap_done=0
2026-10-08T02:25:41.149Z raft-host: gc-pass ms=69 orphan=0 reap=0 frag=0 spread=0 recover=69 fscans=0 fsegs=0 fkeys=0 femit=0 ftomb=0 scans=194 segs=0 keys=0 emit=0 tomb=0 reap_scan=0 reap_sweep=0 reap_fence=0 reap_done=0
2026-10-08T02:25:42.136Z gc-health: stage=0 group=0 elapsed_ms=0 last_pass_age_ms=986 passes=32 sampled=1 pending=0,0 reap=0,0 removed=0 file_bytes=0 payload_bytes=0 delete_errors=0 sweep_errors=0 reap_errors=0 ack_errors=0 missing_exports=0
2026-10-08T02:25:42.223Z raft-host: gc-pass ms=69 orphan=0 reap=0 frag=0 spread=0 recover=69 fscans=0 fsegs=0 fkeys=0 femit=0 ftomb=0 scans=194 segs=0 keys=0 emit=0 tomb=0 reap_scan=0 reap_sweep=0 reap_fence=0 reap_done=0
2026-10-08T02:25:43.298Z raft-host: gc-pass ms=69 orphan=0 reap=0 frag=0 spread=0 recover=69 fscans=0 fsegs=0 fkeys=0 femit=0 ftomb=0 scans=194 segs=0 keys=0 emit=0 tomb=0 reap_scan=0 reap_sweep=0 reap_fence=0 reap_done=0
2026-10-08T02:25:44.372Z raft-host: gc-pass ms=69 orphan=0 reap=0 frag=0 spread=0 recover=69 fscans=0 fsegs=0 fkeys=0 femit=0 ftomb=0 scans=194 segs=0 keys=0 emit=0 tomb=0 reap_scan=0 reap_sweep=0 reap_fence=0 reap_done=0
2026-10-08T02:25:45.446Z raft-host: gc-pass ms=69 orphan=0 reap=0 frag=0 spread=0 recover=69 fscans=0 fsegs=0 fkeys=0 femit=0 ftomb=0 scans=194 segs=0 keys=0 emit=0 tomb=0 reap_scan=0 reap_sweep=0 reap_fence=0 reap_done=0
2026-10-08T02:25:46.521Z raft-host: gc-pass ms=68 orphan=0 reap=0 frag=0 spread=0 recover=68 fscans=0 fsegs=0 fkeys=0 femit=0 ftomb=0 scans=194 segs=0 keys=0 emit=0 tomb=0 reap_scan=0 reap_sweep=0 reap_fence=0 reap_done=0
2026-10-08T02:25:58.139Z gc-health: stage=0 group=0 elapsed_ms=0 last_pass_age_ms=562 passes=48 sampled=1 pending=0,0 reap=0,0 removed=0 file_bytes=0 payload_bytes=0 delete_errors=0 sweep_errors=0 reap_errors=0 ack_errors=0 missing_exports=0
2026-10-08T02:26:14.143Z gc-health: stage=0 group=0 elapsed_ms=0 last_pass_age_ms=490 passes=64 sampled=1 pending=0,0 reap=0,0 removed=0 file_bytes=0 payload_bytes=0 delete_errors=0 sweep_errors=0 reap_errors=0 ack_errors=0 missing_exports=0
2026-10-08T02:26:30.147Z gc-health: stage=0 group=0 elapsed_ms=0 last_pass_age_ms=414 passes=80 sampled=1 pending=0,0 reap=0,0 removed=0 file_bytes=0 payload_bytes=0 delete_errors=0 sweep_errors=0 reap_errors=0 ack_errors=0 missing_exports=0
2026-10-08T02:26:46.151Z gc-health: stage=0 group=0 elapsed_ms=0 last_pass_age_ms=340 passes=96 sampled=1 pending=0,0 reap=0,0 removed=0 file_bytes=0 payload_bytes=0 delete_errors=0 sweep_errors=0 reap_errors=0 ack_errors=0 missing_exports=0
2026-10-08T02:27:02.155Z gc-health: stage=0 group=0 elapsed_ms=0 last_pass_age_ms=265 passes=112 sampled=1 pending=0,0 reap=0,0 removed=0 file_bytes=0 payload_bytes=0 delete_errors=0 sweep_errors=0 reap_errors=0 ack_errors=0 missing_exports=0
2026-10-08T02:27:12.254Z raft-host: applied session index=8 kind=8 shard=0 ino=5434
2026-10-08T02:27:12.255Z store: put O_DIRECT bounce copy (buf align=4032 len=65536)
2026-10-08T02:27:12.256Z iostats: get ops=0 bytes=0 errors=0 avg_us=0 p50_us=0 max_us=0 put ops=1 bytes=65536 errors=0 avg_us=803 p50_us=803 max_us=803 wdisk ops=1 bytes=65536 errors=0 avg_us=677 p50_us=677 max_us=677
2026-10-08T02:27:12.283Z raft-host: applied session index=10 kind=9 shard=0 ino=5434
2026-10-08T02:27:12.297Z raft-host: applied session index=12 kind=8 shard=0 ino=9530
2026-10-08T02:27:12.323Z raft-host: applied session index=14 kind=9 shard=0 ino=9530
2026-10-08T02:27:12.338Z raft-host: applied session index=16 kind=8 shard=0 ino=13626
2026-10-08T02:27:12.361Z raft-host: applied session index=18 kind=9 shard=0 ino=13626
2026-10-08T02:27:12.379Z raft-host: applied session index=20 kind=8 shard=0 ino=17722
2026-10-08T02:27:12.400Z raft-host: applied session index=22 kind=9 shard=0 ino=17722
2026-10-08T02:27:12.428Z raft-host: applied session index=24 kind=8 shard=0 ino=21818
2026-10-08T02:27:12.454Z raft-host: applied session index=26 kind=9 shard=0 ino=21818
2026-10-08T02:27:12.470Z raft-host: applied session index=28 kind=8 shard=0 ino=25914
2026-10-08T02:27:12.496Z raft-host: applied session index=30 kind=9 shard=0 ino=25914
2026-10-08T02:27:12.513Z raft-host: applied session index=32 kind=8 shard=0 ino=30010
2026-10-08T02:27:12.537Z raft-host: applied session index=34 kind=9 shard=0 ino=30010
2026-10-08T02:27:12.564Z raft-host: applied session index=36 kind=8 shard=0 ino=34106
2026-10-08T02:27:12.588Z raft-host: applied session index=38 kind=9 shard=0 ino=34106
2026-10-08T02:27:12.606Z raft-host: applied session index=40 kind=8 shard=0 ino=38202
2026-10-08T02:27:12.632Z raft-host: applied session index=42 kind=9 shard=0 ino=38202
2026-10-08T02:27:12.649Z raft-host: applied session index=44 kind=8 shard=0 ino=42298
2026-10-08T02:27:12.675Z raft-host: applied session index=46 kind=9 shard=0 ino=42298
2026-10-08T02:27:12.698Z raft-host: applied session index=48 kind=8 shard=0 ino=46394
2026-10-08T02:27:12.722Z raft-host: applied session index=50 kind=9 shard=0 ino=46394
2026-10-08T02:27:12.740Z raft-host: applied session index=52 kind=8 shard=0 ino=50490
2026-10-08T02:27:12.767Z raft-host: applied session index=54 kind=9 shard=0 ino=50490
2026-10-08T02:27:12.784Z raft-host: applied session index=56 kind=8 shard=0 ino=54586
2026-10-08T02:27:12.811Z raft-host: applied session index=58 kind=9 shard=0 ino=54586
2026-10-08T02:27:12.841Z raft-host: applied session index=60 kind=8 shard=0 ino=58682
2026-10-08T02:27:12.876Z raft-host: applied session index=62 kind=9 shard=0 ino=58682
2026-10-08T02:27:12.899Z raft-host: applied session index=64 kind=8 shard=0 ino=62778
2026-10-08T02:27:12.919Z raft-host: applied session index=66 kind=9 shard=0 ino=62778
2026-10-08T02:27:12.951Z raft-host: applied session index=68 kind=8 shard=0 ino=66874
2026-10-08T02:27:12.975Z raft-host: applied session index=70 kind=9 shard=0 ino=66874
2026-10-08T02:27:12.998Z raft-host: applied session index=72 kind=8 shard=0 ino=70970
2026-10-08T02:27:13.025Z raft-host: applied session index=74 kind=9 shard=0 ino=70970
2026-10-08T02:27:13.054Z raft-host: applied session index=76 kind=8 shard=0 ino=75066
2026-10-08T02:27:13.079Z raft-host: applied session index=78 kind=9 shard=0 ino=75066
2026-10-08T02:27:13.099Z raft-host: applied session index=80 kind=8 shard=0 ino=79162
2026-10-08T02:27:13.122Z raft-host: applied session index=82 kind=9 shard=0 ino=79162
2026-10-08T02:27:13.144Z raft-host: applied session index=84 kind=8 shard=0 ino=83258
2026-10-08T02:27:13.167Z raft-host: applied session index=86 kind=9 shard=0 ino=83258
2026-10-08T02:27:13.180Z kv-obs: mt_bytes=18764 l0_bytes=0 l0=0 l1=0
2026-10-08T02:27:13.189Z raft-host: applied session index=88 kind=8 shard=0 ino=87354
2026-10-08T02:27:13.213Z raft-host: applied session index=90 kind=9 shard=0 ino=87354
2026-10-08T02:27:13.230Z raft-host: applied session index=92 kind=8 shard=0 ino=91450
2026-10-08T02:27:13.256Z raft-host: applied session index=94 kind=9 shard=0 ino=91450
2026-10-08T02:27:13.273Z raft-host: applied session index=96 kind=8 shard=0 ino=95546
2026-10-08T02:27:13.298Z raft-host: applied session index=98 kind=9 shard=0 ino=95546
2026-10-08T02:27:13.322Z raft-host: applied session index=100 kind=8 shard=0 ino=99642
2026-10-08T02:27:13.342Z raft-host: applied session index=102 kind=9 shard=0 ino=99642
2026-10-08T02:27:13.366Z raft-host: applied session index=104 kind=8 shard=0 ino=103738
2026-10-08T02:27:13.387Z raft-host: applied session index=106 kind=9 shard=0 ino=103738
2026-10-08T02:27:13.408Z raft-host: applied session index=108 kind=8 shard=0 ino=107834
2026-10-08T02:27:13.434Z raft-host: applied session index=110 kind=9 shard=0 ino=107834
2026-10-08T02:27:13.456Z raft-host: applied session index=112 kind=8 shard=0 ino=111930
2026-10-08T02:27:13.481Z raft-host: applied session index=114 kind=9 shard=0 ino=111930
2026-10-08T02:27:13.496Z raft-host: applied session index=116 kind=8 shard=0 ino=116026
2026-10-08T02:27:13.522Z raft-host: applied session index=118 kind=9 shard=0 ino=116026
2026-10-08T02:27:13.537Z raft-host: applied session index=120 kind=8 shard=0 ino=120122
2026-10-08T02:27:13.563Z raft-host: applied session index=122 kind=9 shard=0 ino=120122
2026-10-08T02:27:13.589Z raft-host: applied session index=124 kind=8 shard=0 ino=124218
2026-10-08T02:27:13.614Z raft-host: applied session index=126 kind=9 shard=0 ino=124218
2026-10-08T02:27:13.631Z raft-host: applied session index=128 kind=8 shard=0 ino=128314
2026-10-08T02:27:13.658Z raft-host: applied session index=130 kind=9 shard=0 ino=128314
2026-10-08T02:27:13.673Z raft-host: applied session index=132 kind=8 shard=0 ino=132410
2026-10-08T02:27:13.697Z raft-host: applied session index=134 kind=9 shard=0 ino=132410
2026-10-08T02:27:13.722Z raft-host: applied session index=136 kind=8 shard=0 ino=136506
2026-10-08T02:27:13.745Z raft-host: applied session index=138 kind=9 shard=0 ino=136506
2026-10-08T02:27:13.764Z raft-host: applied session index=140 kind=8 shard=0 ino=140602
2026-10-08T02:27:13.790Z raft-host: applied session index=142 kind=9 shard=0 ino=140602
2026-10-08T02:27:13.805Z raft-host: applied session index=144 kind=8 shard=0 ino=144698
2026-10-08T02:27:13.829Z raft-host: applied session index=146 kind=9 shard=0 ino=144698
2026-10-08T02:27:13.853Z raft-host: applied session index=148 kind=8 shard=0 ino=148794
2026-10-08T02:27:13.875Z raft-host: applied session index=150 kind=9 shard=0 ino=148794
2026-10-08T02:27:13.893Z raft-host: applied session index=152 kind=8 shard=0 ino=152890
2026-10-08T02:27:13.922Z raft-host: applied session index=154 kind=9 shard=0 ino=152890
2026-10-08T02:27:13.940Z raft-host: applied session index=156 kind=8 shard=0 ino=156986
2026-10-08T02:27:13.964Z raft-host: applied session index=158 kind=9 shard=0 ino=156986
2026-10-08T02:27:13.985Z raft-host: applied session index=160 kind=8 shard=0 ino=161082
2026-10-08T02:27:14.015Z raft-host: applied session index=162 kind=9 shard=0 ino=161082
2026-10-08T02:27:14.037Z raft-host: applied session index=164 kind=8 shard=0 ino=165178
2026-10-08T02:27:14.061Z raft-host: applied session index=166 kind=9 shard=0 ino=165178
2026-10-08T02:27:14.080Z raft-host: applied session index=168 kind=8 shard=0 ino=169274
2026-10-08T02:27:14.103Z raft-host: applied session index=170 kind=9 shard=0 ino=169274
2026-10-08T02:27:14.124Z raft-host: applied session index=172 kind=8 shard=0 ino=173370
2026-10-08T02:27:14.144Z raft-host: applied session index=174 kind=9 shard=0 ino=173370
2026-10-08T02:27:14.165Z raft-host: applied session index=176 kind=8 shard=0 ino=177466
2026-10-08T02:27:14.190Z raft-host: applied session index=178 kind=9 shard=0 ino=177466
2026-10-08T02:27:14.206Z raft-host: applied session index=180 kind=8 shard=0 ino=181562
2026-10-08T02:27:14.232Z raft-host: applied session index=182 kind=9 shard=0 ino=181562
2026-10-08T02:27:14.253Z raft-host: applied session index=184 kind=8 shard=0 ino=185658
2026-10-08T02:27:14.279Z raft-host: applied session index=186 kind=9 shard=0 ino=185658
2026-10-08T02:27:14.298Z raft-host: applied session index=188 kind=8 shard=0 ino=189754
2026-10-08T02:27:14.318Z raft-host: applied session index=190 kind=9 shard=0 ino=189754
2026-10-08T02:27:14.346Z raft-host: applied session index=192 kind=8 shard=0 ino=193850
2026-10-08T02:27:14.374Z raft-host: applied session index=194 kind=9 shard=0 ino=193850
2026-10-08T02:27:14.396Z raft-host: applied session index=196 kind=8 shard=0 ino=197946
2026-10-08T02:27:14.419Z raft-host: applied session index=198 kind=9 shard=0 ino=197946
2026-10-08T02:27:14.440Z raft-host: applied session index=200 kind=8 shard=0 ino=202042
2026-10-08T02:27:14.462Z raft-host: applied session index=202 kind=9 shard=0 ino=202042
2026-10-08T02:27:14.489Z raft-host: applied session index=204 kind=8 shard=0 ino=206138
2026-10-08T02:27:14.515Z raft-host: applied session index=206 kind=9 shard=0 ino=206138
2026-10-08T02:27:14.537Z raft-host: applied session index=208 kind=8 shard=0 ino=210234
2026-10-08T02:27:14.562Z raft-host: applied session index=210 kind=9 shard=0 ino=210234
2026-10-08T02:27:14.579Z raft-host: applied session index=212 kind=8 shard=0 ino=214330
2026-10-08T02:27:14.603Z raft-host: applied session index=214 kind=9 shard=0 ino=214330
2026-10-08T02:27:14.627Z raft-host: applied session index=216 kind=8 shard=0 ino=218426
2026-10-08T02:27:14.654Z raft-host: applied session index=218 kind=9 shard=0 ino=218426
2026-10-08T02:27:14.671Z raft-host: applied session index=220 kind=8 shard=0 ino=222522
2026-10-08T02:27:14.696Z raft-host: applied session index=222 kind=9 shard=0 ino=222522
2026-10-08T02:27:14.720Z raft-host: applied session index=224 kind=8 shard=0 ino=226618
2026-10-08T02:27:14.744Z raft-host: applied session index=226 kind=9 shard=0 ino=226618
2026-10-08T02:27:14.769Z raft-host: applied session index=228 kind=8 shard=0 ino=230714
2026-10-08T02:27:14.794Z raft-host: applied session index=230 kind=9 shard=0 ino=230714
2026-10-08T02:27:14.816Z raft-host: applied session index=232 kind=8 shard=0 ino=234810
2026-10-08T02:27:14.841Z raft-host: applied session index=234 kind=9 shard=0 ino=234810
2026-10-08T02:27:14.861Z raft-host: applied session index=236 kind=8 shard=0 ino=238906
2026-10-08T02:27:14.885Z raft-host: applied session index=238 kind=9 shard=0 ino=238906
2026-10-08T02:27:14.906Z raft-host: applied session index=240 kind=8 shard=0 ino=243002
2026-10-08T02:27:14.934Z raft-host: applied session index=242 kind=9 shard=0 ino=243002
2026-10-08T02:27:14.950Z raft-host: applied session index=244 kind=8 shard=0 ino=247098
2026-10-08T02:27:14.973Z raft-host: applied session index=246 kind=9 shard=0 ino=247098
2026-10-08T02:27:14.995Z raft-host: applied session index=248 kind=8 shard=0 ino=251194
2026-10-08T02:27:15.019Z raft-host: applied session index=250 kind=9 shard=0 ino=251194
2026-10-08T02:27:15.039Z raft-host: applied session index=252 kind=8 shard=0 ino=255290
2026-10-08T02:27:15.062Z raft-host: applied session index=254 kind=9 shard=0 ino=255290
2026-10-08T02:27:15.085Z raft-host: applied session index=256 kind=8 shard=0 ino=259386
2026-10-08T02:27:15.110Z raft-host: applied session index=258 kind=9 shard=0 ino=259386
2026-10-08T02:27:15.131Z raft-host: applied session index=260 kind=8 shard=0 ino=263482
2026-10-08T02:27:15.156Z raft-host: applied session index=262 kind=9 shard=0 ino=263482
2026-10-08T02:27:15.181Z raft-host: applied session index=264 kind=8 shard=0 ino=267578
2026-10-08T02:27:15.208Z raft-host: applied session index=266 kind=9 shard=0 ino=267578
2026-10-08T02:27:15.227Z raft-host: applied session index=268 kind=8 shard=0 ino=271674
2026-10-08T02:27:15.248Z raft-host: applied session index=270 kind=9 shard=0 ino=271674
2026-10-08T02:27:15.268Z raft-host: applied session index=272 kind=8 shard=0 ino=275770
2026-10-08T02:27:15.291Z raft-host: applied session index=274 kind=9 shard=0 ino=275770
2026-10-08T02:27:15.311Z raft-host: applied session index=276 kind=8 shard=0 ino=279866
2026-10-08T02:27:15.343Z raft-host: applied session index=278 kind=9 shard=0 ino=279866
2026-10-08T02:27:15.361Z raft-host: applied session index=280 kind=8 shard=0 ino=283962
2026-10-08T02:27:15.387Z raft-host: applied session index=282 kind=9 shard=0 ino=283962
2026-10-08T02:27:15.407Z raft-host: applied session index=284 kind=8 shard=0 ino=288058
2026-10-08T02:27:15.430Z raft-host: applied session index=286 kind=9 shard=0 ino=288058
2026-10-08T02:27:15.451Z raft-host: applied session index=288 kind=8 shard=0 ino=292154
2026-10-08T02:27:15.473Z raft-host: applied session index=290 kind=9 shard=0 ino=292154
2026-10-08T02:27:15.498Z raft-host: applied session index=292 kind=8 shard=0 ino=296250
2026-10-08T02:27:15.521Z raft-host: applied session index=294 kind=9 shard=0 ino=296250
2026-10-08T02:27:15.543Z raft-host: applied session index=296 kind=8 shard=0 ino=300346
2026-10-08T02:27:15.566Z raft-host: applied session index=298 kind=9 shard=0 ino=300346
2026-10-08T02:27:15.588Z raft-host: applied session index=300 kind=8 shard=0 ino=304442
2026-10-08T02:27:15.610Z raft-host: applied session index=302 kind=9 shard=0 ino=304442
2026-10-08T02:27:15.629Z raft-host: applied session index=304 kind=8 shard=0 ino=308538
2026-10-08T02:27:15.652Z raft-host: applied session index=306 kind=9 shard=0 ino=308538
2026-10-08T02:27:15.673Z raft-host: applied session index=308 kind=8 shard=0 ino=312634
2026-10-08T02:27:15.696Z raft-host: applied session index=310 kind=9 shard=0 ino=312634
2026-10-08T02:27:15.713Z raft-host: applied session index=312 kind=8 shard=0 ino=316730
2026-10-08T02:27:15.740Z raft-host: applied session index=314 kind=9 shard=0 ino=316730
2026-10-08T02:27:15.765Z raft-host: applied session index=316 kind=8 shard=0 ino=320826
2026-10-08T02:27:15.793Z raft-host: applied session index=318 kind=9 shard=0 ino=320826
2026-10-08T02:27:15.812Z raft-host: applied session index=320 kind=8 shard=0 ino=324922
2026-10-08T02:27:15.835Z raft-host: applied session index=322 kind=9 shard=0 ino=324922
2026-10-08T02:27:15.855Z raft-host: applied session index=324 kind=8 shard=0 ino=329018
2026-10-08T02:27:15.886Z raft-host: applied session index=326 kind=9 shard=0 ino=329018
2026-10-08T02:27:15.909Z raft-host: applied session index=328 kind=8 shard=0 ino=333114
2026-10-08T02:27:15.935Z raft-host: applied session index=330 kind=9 shard=0 ino=333114
2026-10-08T02:27:15.956Z raft-host: applied session index=332 kind=8 shard=0 ino=337210
2026-10-08T02:27:15.980Z raft-host: applied session index=334 kind=9 shard=0 ino=337210
2026-10-08T02:27:16.002Z raft-host: applied session index=336 kind=8 shard=0 ino=341306
2026-10-08T02:27:16.025Z raft-host: applied session index=338 kind=9 shard=0 ino=341306
2026-10-08T02:27:16.052Z raft-host: applied session index=340 kind=8 shard=0 ino=345402
2026-10-08T02:27:16.076Z raft-host: applied session index=342 kind=9 shard=0 ino=345402
2026-10-08T02:27:16.099Z raft-host: applied session index=344 kind=8 shard=0 ino=349498
2026-10-08T02:27:16.121Z raft-host: applied session index=346 kind=9 shard=0 ino=349498
2026-10-08T02:27:16.144Z raft-host: applied session index=348 kind=8 shard=0 ino=353594
2026-10-08T02:27:16.168Z raft-host: applied session index=350 kind=9 shard=0 ino=353594
2026-10-08T02:27:16.184Z raft-host: applied session index=352 kind=8 shard=0 ino=357690
2026-10-08T02:27:16.213Z raft-host: applied session index=354 kind=9 shard=0 ino=357690
2026-10-08T02:27:16.235Z raft-host: applied session index=356 kind=8 shard=0 ino=361786
2026-10-08T02:27:16.261Z raft-host: applied session index=358 kind=9 shard=0 ino=361786
2026-10-08T02:27:16.278Z raft-host: applied session index=360 kind=8 shard=0 ino=365882
2026-10-08T02:27:16.308Z raft-host: applied session index=362 kind=9 shard=0 ino=365882
2026-10-08T02:27:16.335Z raft-host: applied session index=364 kind=8 shard=0 ino=369978
2026-10-08T02:27:16.360Z raft-host: applied session index=366 kind=9 shard=0 ino=369978
2026-10-08T02:27:16.379Z raft-host: applied session index=368 kind=8 shard=0 ino=374074
2026-10-08T02:27:16.402Z raft-host: applied session index=370 kind=9 shard=0 ino=374074
2026-10-08T02:27:16.423Z raft-host: applied session index=372 kind=8 shard=0 ino=378170
2026-10-08T02:27:16.446Z raft-host: applied session index=374 kind=9 shard=0 ino=378170
2026-10-08T02:27:16.468Z raft-host: applied session index=376 kind=8 shard=0 ino=382266
2026-10-08T02:27:16.488Z raft-host: applied session index=378 kind=9 shard=0 ino=382266
2026-10-08T02:27:16.502Z raft-host: applied session index=380 kind=8 shard=0 ino=386362
2026-10-08T02:27:16.527Z raft-host: applied session index=382 kind=9 shard=0 ino=386362
2026-10-08T02:27:16.550Z raft-host: applied session index=384 kind=8 shard=0 ino=390458
2026-10-08T02:27:16.579Z raft-host: applied session index=386 kind=9 shard=0 ino=390458
2026-10-08T02:27:16.594Z raft-host: applied session index=388 kind=8 shard=0 ino=394554
2026-10-08T02:27:16.622Z raft-host: applied session index=390 kind=9 shard=0 ino=394554
2026-10-08T02:27:16.644Z raft-host: applied session index=392 kind=8 shard=0 ino=398650
2026-10-08T02:27:16.671Z raft-host: applied session index=394 kind=9 shard=0 ino=398650
2026-10-08T02:27:16.688Z raft-host: applied session index=396 kind=8 shard=0 ino=402746
2026-10-08T02:27:16.715Z raft-host: applied session index=398 kind=9 shard=0 ino=402746
2026-10-08T02:27:16.740Z raft-host: applied session index=400 kind=8 shard=0 ino=406842
2026-10-08T02:27:16.764Z raft-host: applied session index=402 kind=9 shard=0 ino=406842
2026-10-08T02:27:16.783Z raft-host: applied session index=404 kind=8 shard=0 ino=410938
2026-10-08T02:27:16.809Z raft-host: applied session index=406 kind=9 shard=0 ino=410938
2026-10-08T02:27:16.832Z raft-host: applied session index=408 kind=8 shard=0 ino=415034
2026-10-08T02:27:16.861Z raft-host: applied session index=410 kind=9 shard=0 ino=415034
2026-10-08T02:27:16.885Z raft-host: applied session index=412 kind=8 shard=0 ino=419130
2026-10-08T02:27:16.910Z raft-host: applied session index=414 kind=9 shard=0 ino=419130
2026-10-08T02:27:16.928Z raft-host: applied session index=416 kind=8 shard=0 ino=423226
2026-10-08T02:27:16.954Z raft-host: applied session index=418 kind=9 shard=0 ino=423226
2026-10-08T02:27:16.979Z raft-host: applied session index=420 kind=8 shard=0 ino=427322
2026-10-08T02:27:17.004Z raft-host: applied session index=422 kind=9 shard=0 ino=427322
2026-10-08T02:27:17.022Z raft-host: applied session index=424 kind=8 shard=0 ino=431418
2026-10-08T02:27:17.049Z raft-host: applied session index=426 kind=9 shard=0 ino=431418
2026-10-08T02:27:17.073Z raft-host: applied session index=428 kind=8 shard=0 ino=435514
2026-10-08T02:27:17.099Z raft-host: applied session index=430 kind=9 shard=0 ino=435514
2026-10-08T02:27:17.115Z raft-host: applied session index=432 kind=8 shard=0 ino=439610
2026-10-08T02:27:17.143Z raft-host: applied session index=434 kind=9 shard=0 ino=439610
2026-10-08T02:27:17.169Z raft-host: applied session index=436 kind=8 shard=0 ino=443706
2026-10-08T02:27:17.195Z raft-host: applied session index=438 kind=9 shard=0 ino=443706
2026-10-08T02:27:17.216Z raft-host: applied session index=440 kind=8 shard=0 ino=447802
2026-10-08T02:27:17.238Z raft-host: applied session index=442 kind=9 shard=0 ino=447802
2026-10-08T02:27:17.258Z raft-host: applied session index=444 kind=8 shard=0 ino=451898
2026-10-08T02:27:17.258Z iostats: get ops=0 bytes=0 errors=0 avg_us=0 p50_us=0 max_us=0 put ops=79 bytes=5177344 errors=0 avg_us=424 p50_us=399 max_us=803 wdisk ops=79 bytes=5177344 errors=0 avg_us=366 p50_us=341 max_us=677
2026-10-08T02:27:17.285Z raft-host: applied session index=446 kind=9 shard=0 ino=451898
2026-10-08T02:27:17.309Z raft-host: applied session index=448 kind=8 shard=0 ino=455994
2026-10-08T02:27:17.334Z raft-host: applied session index=450 kind=9 shard=0 ino=455994
2026-10-08T02:27:17.348Z raft-host: applied session index=452 kind=8 shard=0 ino=460090
2026-10-08T02:27:17.370Z raft-host: applied session index=454 kind=9 shard=0 ino=460090
2026-10-08T02:27:17.394Z raft-host: applied session index=456 kind=8 shard=0 ino=464186
2026-10-08T02:27:17.419Z raft-host: applied session index=458 kind=9 shard=0 ino=464186
2026-10-08T02:27:17.437Z raft-host: applied session index=460 kind=8 shard=0 ino=468282
2026-10-08T02:27:17.461Z raft-host: applied session index=462 kind=9 shard=0 ino=468282
2026-10-08T02:27:17.484Z raft-host: applied session index=464 kind=8 shard=0 ino=472378
2026-10-08T02:27:17.508Z raft-host: applied session index=466 kind=9 shard=0 ino=472378
2026-10-08T02:27:17.530Z raft-host: applied session index=468 kind=8 shard=0 ino=476474
2026-10-08T02:27:17.551Z raft-host: applied session index=470 kind=9 shard=0 ino=476474
2026-10-08T02:27:17.571Z raft-host: applied session index=472 kind=8 shard=0 ino=480570
2026-10-08T02:27:17.614Z raft-host: applied session index=474 kind=9 shard=0 ino=480570
2026-10-08T02:27:17.635Z raft-host: applied session index=476 kind=8 shard=0 ino=484666
2026-10-08T02:27:17.662Z raft-host: applied session index=478 kind=9 shard=0 ino=484666
2026-10-08T02:27:17.688Z raft-host: applied session index=480 kind=8 shard=0 ino=488762
2026-10-08T02:27:17.711Z raft-host: applied session index=482 kind=9 shard=0 ino=488762
2026-10-08T02:27:17.733Z raft-host: applied session index=484 kind=8 shard=0 ino=492858
2026-10-08T02:27:17.757Z raft-host: applied session index=486 kind=9 shard=0 ino=492858
2026-10-08T02:27:17.779Z raft-host: applied session index=488 kind=8 shard=0 ino=496954
2026-10-08T02:27:17.803Z raft-host: applied session index=490 kind=9 shard=0 ino=496954
2026-10-08T02:27:17.826Z raft-host: applied session index=492 kind=8 shard=0 ino=501050
2026-10-08T02:27:17.851Z raft-host: applied session index=494 kind=9 shard=0 ino=501050
2026-10-08T02:27:17.870Z raft-host: applied session index=496 kind=8 shard=0 ino=505146
2026-10-08T02:27:17.895Z raft-host: applied session index=498 kind=9 shard=0 ino=505146
2026-10-08T02:27:17.915Z raft-host: applied session index=500 kind=8 shard=0 ino=509242
2026-10-08T02:27:17.940Z raft-host: applied session index=502 kind=9 shard=0 ino=509242
2026-10-08T02:27:17.963Z raft-host: applied session index=504 kind=8 shard=0 ino=513338
2026-10-08T02:27:17.986Z raft-host: applied session index=506 kind=9 shard=0 ino=513338
2026-10-08T02:27:17.999Z raft-host: applied session index=508 kind=8 shard=0 ino=517434
2026-10-08T02:27:18.026Z raft-host: applied session index=510 kind=9 shard=0 ino=517434
2026-10-08T02:27:18.044Z raft-host: applied session index=512 kind=8 shard=0 ino=521530
2026-10-08T02:27:18.072Z raft-host: applied session index=514 kind=9 shard=0 ino=521530
2026-10-08T02:27:18.088Z raft-host: applied session index=516 kind=8 shard=0 ino=525626
2026-10-08T02:27:18.115Z raft-host: applied session index=518 kind=9 shard=0 ino=525626
2026-10-08T02:27:18.140Z raft-host: applied session index=520 kind=8 shard=0 ino=529722
2026-10-08T02:27:18.158Z gc-health: stage=0 group=0 elapsed_ms=0 last_pass_age_ms=199 passes=128 sampled=1 pending=0,0 reap=0,0 removed=0 file_bytes=0 payload_bytes=0 delete_errors=0 sweep_errors=0 reap_errors=0 ack_errors=0 missing_exports=0
2026-10-08T02:27:18.165Z raft-host: applied session index=522 kind=9 shard=0 ino=529722
2026-10-08T02:27:18.183Z kv-obs: mt_bytes=109373 l0_bytes=0 l0=0 l1=0
2026-10-08T02:27:18.187Z raft-host: applied session index=524 kind=8 shard=0 ino=533818
2026-10-08T02:27:18.213Z raft-host: applied session index=526 kind=9 shard=0 ino=533818
2026-10-08T02:27:18.231Z raft-host: applied session index=528 kind=8 shard=0 ino=537914
2026-10-08T02:27:18.252Z raft-host: applied session index=530 kind=9 shard=0 ino=537914
2026-10-08T02:27:18.274Z raft-host: applied session index=532 kind=8 shard=0 ino=542010
2026-10-08T02:27:18.301Z raft-host: applied session index=534 kind=9 shard=0 ino=542010
2026-10-08T02:27:18.323Z raft-host: applied session index=536 kind=8 shard=0 ino=546106
2026-10-08T02:27:18.345Z raft-host: applied session index=538 kind=9 shard=0 ino=546106
2026-10-08T02:27:18.366Z raft-host: applied session index=540 kind=8 shard=0 ino=550202
2026-10-08T02:27:18.390Z raft-host: applied session index=542 kind=9 shard=0 ino=550202
2026-10-08T02:27:18.416Z raft-host: applied session index=544 kind=8 shard=0 ino=554298
2026-10-08T02:27:18.443Z raft-host: applied session index=546 kind=9 shard=0 ino=554298
2026-10-08T02:27:18.460Z raft-host: applied session index=548 kind=8 shard=0 ino=558394
2026-10-08T02:27:18.486Z raft-host: applied session index=550 kind=9 shard=0 ino=558394
2026-10-08T02:27:18.503Z raft-host: applied session index=552 kind=8 shard=0 ino=562490
2026-10-08T02:27:18.531Z raft-host: applied session index=554 kind=9 shard=0 ino=562490
2026-10-08T02:27:18.547Z raft-host: applied session index=556 kind=8 shard=0 ino=566586
2026-10-08T02:27:18.570Z raft-host: applied session index=558 kind=9 shard=0 ino=566586
2026-10-08T02:27:18.588Z raft-host: applied session index=560 kind=8 shard=0 ino=570682
2026-10-08T02:27:18.610Z raft-host: applied session index=562 kind=9 shard=0 ino=570682
2026-10-08T02:27:18.638Z raft-host: applied session index=564 kind=8 shard=0 ino=574778
2026-10-08T02:27:18.658Z raft-host: applied session index=566 kind=9 shard=0 ino=574778
2026-10-08T02:27:18.697Z raft-host: applied session index=568 kind=8 shard=0 ino=578874
2026-10-08T02:27:18.728Z raft-host: applied session index=570 kind=9 shard=0 ino=578874
2026-10-08T02:27:18.751Z raft-host: applied session index=572 kind=8 shard=0 ino=582970
2026-10-08T02:27:18.775Z raft-host: applied session index=574 kind=9 shard=0 ino=582970
2026-10-08T02:27:18.793Z raft-host: applied session index=576 kind=8 shard=0 ino=587066
2026-10-08T02:27:18.816Z raft-host: applied session index=578 kind=9 shard=0 ino=587066
2026-10-08T02:27:18.837Z raft-host: applied session index=580 kind=8 shard=0 ino=591162
2026-10-08T02:27:18.867Z raft-host: applied session index=582 kind=9 shard=0 ino=591162
2026-10-08T02:27:18.890Z raft-host: applied session index=584 kind=8 shard=0 ino=595258
2026-10-08T02:27:18.918Z raft-host: applied session index=586 kind=9 shard=0 ino=595258
2026-10-08T02:27:18.940Z raft-host: applied session index=588 kind=8 shard=0 ino=599354
2026-10-08T02:27:18.968Z raft-host: applied session index=590 kind=9 shard=0 ino=599354
2026-10-08T02:27:18.983Z raft-host: applied session index=592 kind=8 shard=0 ino=603450
2026-10-08T02:27:19.008Z raft-host: applied session index=594 kind=9 shard=0 ino=603450
2026-10-08T02:27:19.027Z raft-host: applied session index=596 kind=8 shard=0 ino=607546
2026-10-08T02:27:19.056Z raft-host: applied session index=598 kind=9 shard=0 ino=607546
2026-10-08T02:27:19.075Z raft-host: applied session index=600 kind=8 shard=0 ino=611642
2026-10-08T02:27:19.101Z raft-host: applied session index=602 kind=9 shard=0 ino=611642
2026-10-08T02:27:19.114Z raft-host: applied session index=604 kind=8 shard=0 ino=615738
2026-10-08T02:27:19.138Z raft-host: applied session index=606 kind=9 shard=0 ino=615738
2026-10-08T02:27:19.165Z raft-host: applied session index=608 kind=8 shard=0 ino=619834
2026-10-08T02:27:19.195Z raft-host: applied session index=610 kind=9 shard=0 ino=619834
2026-10-08T02:27:19.206Z raft-host: applied session index=612 kind=8 shard=0 ino=623930
2026-10-08T02:27:19.233Z raft-host: applied session index=614 kind=9 shard=0 ino=623930
2026-10-08T02:27:19.257Z raft-host: applied session index=616 kind=8 shard=0 ino=628026
2026-10-08T02:27:19.280Z raft-host: applied session index=618 kind=9 shard=0 ino=628026
2026-10-08T02:27:19.307Z raft-host: applied session index=620 kind=8 shard=0 ino=632122
2026-10-08T02:27:19.332Z raft-host: applied session index=622 kind=9 shard=0 ino=632122
2026-10-08T02:27:19.356Z raft-host: applied session index=624 kind=8 shard=0 ino=636218
2026-10-08T02:27:19.379Z raft-host: applied session index=626 kind=9 shard=0 ino=636218
2026-10-08T02:27:19.404Z raft-host: applied session index=628 kind=8 shard=0 ino=640314
2026-10-08T02:27:19.427Z raft-host: applied session index=630 kind=9 shard=0 ino=640314
2026-10-08T02:27:19.451Z raft-host: applied session index=632 kind=8 shard=0 ino=644410
2026-10-08T02:27:19.479Z raft-host: applied session index=634 kind=9 shard=0 ino=644410
2026-10-08T02:27:19.498Z raft-host: applied session index=636 kind=8 shard=0 ino=648506
2026-10-08T02:27:19.524Z raft-host: applied session index=638 kind=9 shard=0 ino=648506
2026-10-08T02:27:19.542Z raft-host: applied session index=640 kind=8 shard=0 ino=652602
2026-10-08T02:27:19.571Z raft-host: applied session index=642 kind=9 shard=0 ino=652602
2026-10-08T02:27:19.591Z raft-host: applied session index=644 kind=8 shard=0 ino=656698
2026-10-08T02:27:19.612Z raft-host: applied session index=646 kind=9 shard=0 ino=656698
2026-10-08T02:27:19.640Z raft-host: applied session index=648 kind=8 shard=0 ino=660794
2026-10-08T02:27:19.666Z raft-host: applied session index=650 kind=9 shard=0 ino=660794
2026-10-08T02:27:19.686Z raft-host: applied session index=652 kind=8 shard=0 ino=664890
2026-10-08T02:27:19.708Z raft-host: applied session index=654 kind=9 shard=0 ino=664890
2026-10-08T02:27:19.731Z raft-host: applied session index=656 kind=8 shard=0 ino=668986
2026-10-08T02:27:19.751Z raft-host: applied session index=658 kind=9 shard=0 ino=668986
2026-10-08T02:27:19.769Z raft-host: applied session index=660 kind=8 shard=0 ino=673082
2026-10-08T02:27:19.796Z raft-host: applied session index=662 kind=9 shard=0 ino=673082
2026-10-08T02:27:19.819Z raft-host: applied session index=664 kind=8 shard=0 ino=677178
2026-10-08T02:27:19.845Z raft-host: applied session index=666 kind=9 shard=0 ino=677178
2026-10-08T02:27:19.865Z raft-host: applied session index=668 kind=8 shard=0 ino=681274
2026-10-08T02:27:19.890Z raft-host: applied session index=670 kind=9 shard=0 ino=681274
2026-10-08T02:27:19.909Z raft-host: applied session index=672 kind=8 shard=0 ino=685370
2026-10-08T02:27:19.933Z raft-host: applied session index=674 kind=9 shard=0 ino=685370
2026-10-08T02:27:19.959Z raft-host: applied session index=676 kind=8 shard=0 ino=689466
2026-10-08T02:27:20.006Z raft-host: applied session index=679 kind=9 shard=0 ino=689466
2026-10-08T02:27:20.018Z raft-host: applied session index=680 kind=8 shard=0 ino=693562
2026-10-08T02:27:20.039Z raft-host: applied session index=682 kind=9 shard=0 ino=693562
2026-10-08T02:27:20.060Z raft-host: applied session index=684 kind=8 shard=0 ino=697658
2026-10-08T02:27:20.086Z raft-host: applied session index=686 kind=9 shard=0 ino=697658
2026-10-08T02:27:20.111Z raft-host: applied session index=688 kind=8 shard=0 ino=701754
2026-10-08T02:27:20.136Z raft-host: applied session index=690 kind=9 shard=0 ino=701754
2026-10-08T02:27:20.155Z raft-host: applied session index=692 kind=8 shard=0 ino=705850
2026-10-08T02:27:20.179Z raft-host: applied session index=694 kind=9 shard=0 ino=705850
2026-10-08T02:27:20.196Z raft-host: applied session index=696 kind=8 shard=0 ino=709946
2026-10-08T02:27:20.222Z raft-host: applied session index=698 kind=9 shard=0 ino=709946
2026-10-08T02:27:20.248Z raft-host: applied session index=700 kind=8 shard=0 ino=714042
2026-10-08T02:27:20.273Z raft-host: applied session index=702 kind=9 shard=0 ino=714042
2026-10-08T02:27:20.290Z raft-host: applied session index=704 kind=8 shard=0 ino=718138
2026-10-08T02:27:20.316Z raft-host: applied session index=706 kind=9 shard=0 ino=718138
2026-10-08T02:27:20.336Z raft-host: applied session index=708 kind=8 shard=0 ino=722234
2026-10-08T02:27:20.358Z raft-host: applied session index=710 kind=9 shard=0 ino=722234
2026-10-08T02:27:20.384Z raft-host: applied session index=712 kind=8 shard=0 ino=726330
2026-10-08T02:27:20.422Z raft-host: applied session index=714 kind=9 shard=0 ino=726330
2026-10-08T02:27:20.453Z raft-host: applied session index=716 kind=8 shard=0 ino=730426
2026-10-08T02:27:20.482Z raft-host: applied session index=718 kind=9 shard=0 ino=730426
2026-10-08T02:27:20.503Z raft-host: applied session index=720 kind=8 shard=0 ino=734522
2026-10-08T02:27:20.531Z raft-host: applied session index=722 kind=9 shard=0 ino=734522
2026-10-08T02:27:20.547Z raft-host: applied session index=724 kind=8 shard=0 ino=738618
2026-10-08T02:27:20.576Z raft-host: applied session index=726 kind=9 shard=0 ino=738618
2026-10-08T02:27:20.596Z raft-host: applied session index=728 kind=8 shard=0 ino=742714
2026-10-08T02:27:20.620Z raft-host: applied session index=730 kind=9 shard=0 ino=742714
2026-10-08T02:27:20.640Z raft-host: applied session index=732 kind=8 shard=0 ino=746810
2026-10-08T02:27:20.666Z raft-host: applied session index=734 kind=9 shard=0 ino=746810
2026-10-08T02:27:20.689Z raft-host: applied session index=736 kind=8 shard=0 ino=750906
2026-10-08T02:27:20.713Z raft-host: applied session index=738 kind=9 shard=0 ino=750906
2026-10-08T02:27:20.735Z raft-host: applied session index=740 kind=8 shard=0 ino=755002
2026-10-08T02:27:20.759Z raft-host: applied session index=742 kind=9 shard=0 ino=755002
2026-10-08T02:27:20.782Z raft-host: applied session index=744 kind=8 shard=0 ino=759098
2026-10-08T02:27:20.803Z raft-host: applied session index=746 kind=9 shard=0 ino=759098
2026-10-08T02:27:20.819Z raft-host: applied session index=748 kind=8 shard=0 ino=763194
2026-10-08T02:27:20.846Z raft-host: applied session index=750 kind=9 shard=0 ino=763194
2026-10-08T02:27:20.864Z raft-host: applied session index=752 kind=8 shard=0 ino=767290
2026-10-08T02:27:20.887Z raft-host: applied session index=754 kind=9 shard=0 ino=767290
2026-10-08T02:27:20.911Z raft-host: applied session index=756 kind=8 shard=0 ino=771386
2026-10-08T02:27:20.936Z raft-host: applied session index=758 kind=9 shard=0 ino=771386
2026-10-08T02:27:20.960Z raft-host: applied session index=760 kind=8 shard=0 ino=775482
2026-10-08T02:27:20.986Z raft-host: applied session index=762 kind=9 shard=0 ino=775482
2026-10-08T02:27:21.007Z raft-host: applied session index=764 kind=8 shard=0 ino=779578
2026-10-08T02:27:21.030Z raft-host: applied session index=766 kind=9 shard=0 ino=779578
2026-10-08T02:27:21.051Z raft-host: applied session index=768 kind=8 shard=0 ino=783674
2026-10-08T02:27:21.070Z raft-host: applied session index=770 kind=9 shard=0 ino=783674
2026-10-08T02:27:21.096Z raft-host: applied session index=772 kind=8 shard=0 ino=787770
2026-10-08T02:27:21.122Z raft-host: applied session index=774 kind=9 shard=0 ino=787770
2026-10-08T02:27:21.146Z raft-host: applied session index=776 kind=8 shard=0 ino=791866
2026-10-08T02:27:21.172Z raft-host: applied session index=778 kind=9 shard=0 ino=791866
2026-10-08T02:27:21.190Z raft-host: applied session index=780 kind=8 shard=0 ino=795962
2026-10-08T02:27:21.215Z raft-host: applied session index=782 kind=9 shard=0 ino=795962
2026-10-08T02:27:21.235Z raft-host: applied session index=784 kind=8 shard=0 ino=800058
2026-10-08T02:27:21.260Z raft-host: applied session index=786 kind=9 shard=0 ino=800058
2026-10-08T02:27:21.279Z raft-host: applied session index=788 kind=8 shard=0 ino=804154
2026-10-08T02:27:21.301Z raft-host: applied session index=790 kind=9 shard=0 ino=804154
2026-10-08T02:27:21.324Z raft-host: applied session index=792 kind=8 shard=0 ino=808250
2026-10-08T02:27:21.350Z raft-host: applied session index=794 kind=9 shard=0 ino=808250
2026-10-08T02:27:21.372Z raft-host: applied session index=796 kind=8 shard=0 ino=812346
2026-10-08T02:27:21.394Z raft-host: applied session index=798 kind=9 shard=0 ino=812346
2026-10-08T02:27:21.413Z raft-host: applied session index=800 kind=8 shard=0 ino=816442
2026-10-08T02:27:21.437Z raft-host: applied session index=802 kind=9 shard=0 ino=816442
2026-10-08T02:27:21.458Z raft-host: applied session index=804 kind=8 shard=0 ino=820538
2026-10-08T02:27:21.482Z raft-host: applied session index=806 kind=9 shard=0 ino=820538
2026-10-08T02:27:21.507Z raft-host: applied session index=808 kind=8 shard=0 ino=824634
2026-10-08T02:27:21.533Z raft-host: applied session index=810 kind=9 shard=0 ino=824634
2026-10-08T02:27:21.558Z raft-host: applied session index=812 kind=8 shard=0 ino=828730
2026-10-08T02:27:21.583Z raft-host: applied session index=814 kind=9 shard=0 ino=828730
2026-10-08T02:27:21.597Z raft-host: applied session index=816 kind=8 shard=0 ino=832826
2026-10-08T02:27:21.622Z raft-host: applied session index=818 kind=9 shard=0 ino=832826
2026-10-08T02:27:21.649Z raft-host: applied session index=820 kind=8 shard=0 ino=836922
2026-10-08T02:27:21.674Z raft-host: applied session index=822 kind=9 shard=0 ino=836922
2026-10-08T02:27:21.695Z raft-host: applied session index=824 kind=8 shard=0 ino=841018
2026-10-08T02:27:21.715Z raft-host: applied session index=826 kind=9 shard=0 ino=841018
2026-10-08T02:27:21.738Z raft-host: applied session index=828 kind=8 shard=0 ino=845114
2026-10-08T02:27:21.763Z raft-host: applied session index=830 kind=9 shard=0 ino=845114
2026-10-08T02:27:21.780Z raft-host: applied session index=832 kind=8 shard=0 ino=849210
2026-10-08T02:27:21.803Z raft-host: applied session index=834 kind=9 shard=0 ino=849210
2026-10-08T02:27:21.823Z raft-host: applied session index=836 kind=8 shard=0 ino=853306
2026-10-08T02:27:21.852Z raft-host: applied session index=838 kind=9 shard=0 ino=853306
2026-10-08T02:27:21.876Z raft-host: applied session index=840 kind=8 shard=0 ino=857402
2026-10-08T02:27:21.904Z raft-host: applied session index=842 kind=9 shard=0 ino=857402
2026-10-08T02:27:21.920Z raft-host: applied session index=844 kind=8 shard=0 ino=861498
2026-10-08T02:27:21.949Z raft-host: applied session index=846 kind=9 shard=0 ino=861498
2026-10-08T02:27:21.970Z raft-host: applied session index=848 kind=8 shard=0 ino=865594
2026-10-08T02:27:21.993Z raft-host: applied session index=850 kind=9 shard=0 ino=865594
2026-10-08T02:27:22.015Z raft-host: applied session index=852 kind=8 shard=0 ino=869690
2026-10-08T02:27:22.044Z raft-host: applied session index=854 kind=9 shard=0 ino=869690
2026-10-08T02:27:22.062Z raft-host: applied session index=856 kind=8 shard=0 ino=873786
2026-10-08T02:27:22.091Z raft-host: applied session index=858 kind=9 shard=0 ino=873786
2026-10-08T02:27:22.112Z raft-host: applied session index=860 kind=8 shard=0 ino=877882
2026-10-08T02:27:22.139Z raft-host: applied session index=862 kind=9 shard=0 ino=877882
2026-10-08T02:27:22.160Z raft-host: applied session index=864 kind=8 shard=0 ino=881978
2026-10-08T02:27:22.183Z raft-host: applied session index=866 kind=9 shard=0 ino=881978
2026-10-08T02:27:22.199Z raft-host: applied session index=868 kind=8 shard=0 ino=886074
2026-10-08T02:27:22.225Z raft-host: applied session index=870 kind=9 shard=0 ino=886074
2026-10-08T02:27:22.249Z raft-host: applied session index=872 kind=8 shard=0 ino=890170
2026-10-08T02:27:22.261Z iostats: get ops=0 bytes=0 errors=0 avg_us=0 p50_us=0 max_us=0 put ops=169 bytes=11075584 errors=0 avg_us=434 p50_us=436 max_us=803 wdisk ops=169 bytes=11075584 errors=0 avg_us=375 p50_us=373 max_us=704
2026-10-08T02:27:22.276Z raft-host: applied session index=874 kind=9 shard=0 ino=890170
2026-10-08T02:27:22.296Z raft-host: applied session index=876 kind=8 shard=0 ino=894266
2026-10-08T02:27:22.321Z raft-host: applied session index=878 kind=9 shard=0 ino=894266
2026-10-08T02:27:22.344Z raft-host: applied session index=880 kind=8 shard=0 ino=898362
2026-10-08T02:27:22.367Z raft-host: applied session index=882 kind=9 shard=0 ino=898362
2026-10-08T02:27:22.382Z raft-host: applied session index=884 kind=8 shard=0 ino=902458
2026-10-08T02:27:22.409Z raft-host: applied session index=886 kind=9 shard=0 ino=902458
2026-10-08T02:27:22.435Z raft-host: applied session index=888 kind=8 shard=0 ino=906554
2026-10-08T02:27:22.463Z raft-host: applied session index=890 kind=9 shard=0 ino=906554
2026-10-08T02:27:22.486Z raft-host: applied session index=892 kind=8 shard=0 ino=910650
2026-10-08T02:27:22.514Z raft-host: applied session index=894 kind=9 shard=0 ino=910650
2026-10-08T02:27:22.534Z raft-host: applied session index=896 kind=8 shard=0 ino=914746
2026-10-08T02:27:22.562Z raft-host: applied session index=898 kind=9 shard=0 ino=914746
2026-10-08T02:27:22.586Z raft-host: applied session index=900 kind=8 shard=0 ino=918842
2026-10-08T02:27:22.610Z raft-host: applied session index=902 kind=9 shard=0 ino=918842
2026-10-08T02:27:22.632Z raft-host: applied session index=904 kind=8 shard=0 ino=922938
2026-10-08T02:27:22.656Z raft-host: applied session index=906 kind=9 shard=0 ino=922938
2026-10-08T02:27:22.679Z raft-host: applied session index=908 kind=8 shard=0 ino=927034
2026-10-08T02:27:22.703Z raft-host: applied session index=910 kind=9 shard=0 ino=927034
2026-10-08T02:27:22.719Z raft-host: applied session index=912 kind=8 shard=0 ino=931130
2026-10-08T02:27:22.743Z raft-host: applied session index=914 kind=9 shard=0 ino=931130
2026-10-08T02:27:22.769Z raft-host: applied session index=916 kind=8 shard=0 ino=935226
2026-10-08T02:27:22.797Z raft-host: applied session index=918 kind=9 shard=0 ino=935226
2026-10-08T02:27:22.816Z raft-host: applied session index=920 kind=8 shard=0 ino=939322
2026-10-08T02:27:22.841Z raft-host: applied session index=922 kind=9 shard=0 ino=939322
2026-10-08T02:27:22.862Z raft-host: applied session index=924 kind=8 shard=0 ino=943418
2026-10-08T02:27:22.890Z raft-host: applied session index=926 kind=9 shard=0 ino=943418
2026-10-08T02:27:22.912Z raft-host: applied session index=928 kind=8 shard=0 ino=947514
2026-10-08T02:27:22.936Z raft-host: applied session index=930 kind=9 shard=0 ino=947514
2026-10-08T02:27:22.961Z raft-host: applied session index=932 kind=8 shard=0 ino=951610
2026-10-08T02:27:22.991Z raft-host: applied session index=934 kind=9 shard=0 ino=951610
2026-10-08T02:27:23.014Z raft-host: applied session index=936 kind=8 shard=0 ino=955706
2026-10-08T02:27:23.042Z raft-host: applied session index=938 kind=9 shard=0 ino=955706
2026-10-08T02:27:23.063Z raft-host: applied session index=940 kind=8 shard=0 ino=959802
2026-10-08T02:27:23.091Z raft-host: applied session index=942 kind=9 shard=0 ino=959802
2026-10-08T02:27:23.115Z raft-host: applied session index=944 kind=8 shard=0 ino=963898
2026-10-08T02:27:23.140Z raft-host: applied session index=946 kind=9 shard=0 ino=963898
2026-10-08T02:27:23.158Z raft-host: applied session index=948 kind=8 shard=0 ino=967994
2026-10-08T02:27:23.183Z raft-host: applied session index=950 kind=9 shard=0 ino=967994
2026-10-08T02:27:23.183Z kv-obs: mt_bytes=198128 l0_bytes=0 l0=0 l1=0
2026-10-08T02:27:23.198Z raft-host: applied session index=952 kind=8 shard=0 ino=972090
2026-10-08T02:27:23.224Z raft-host: applied session index=954 kind=9 shard=0 ino=972090
2026-10-08T02:27:23.246Z raft-host: applied session index=956 kind=8 shard=0 ino=976186
2026-10-08T02:27:23.273Z raft-host: applied session index=958 kind=9 shard=0 ino=976186
2026-10-08T02:27:23.292Z raft-host: applied session index=960 kind=8 shard=0 ino=980282
2026-10-08T02:27:23.316Z raft-host: applied session index=962 kind=9 shard=0 ino=980282
2026-10-08T02:27:23.339Z raft-host: applied session index=964 kind=8 shard=0 ino=984378
2026-10-08T02:27:23.362Z raft-host: applied session index=966 kind=9 shard=0 ino=984378
2026-10-08T02:27:23.374Z raft-host: applied session index=968 kind=8 shard=0 ino=988474
2026-10-08T02:27:23.399Z raft-host: applied session index=970 kind=9 shard=0 ino=988474
2026-10-08T02:27:23.423Z raft-host: applied session index=972 kind=8 shard=0 ino=992570
2026-10-08T02:27:23.449Z raft-host: applied session index=974 kind=9 shard=0 ino=992570
2026-10-08T02:27:23.470Z raft-host: applied session index=976 kind=8 shard=0 ino=996666
2026-10-08T02:27:23.494Z raft-host: applied session index=978 kind=9 shard=0 ino=996666
2026-10-08T02:27:23.517Z raft-host: applied session index=980 kind=8 shard=0 ino=1000762
2026-10-08T02:27:23.538Z raft-host: applied session index=982 kind=9 shard=0 ino=1000762
2026-10-08T02:27:23.563Z raft-host: applied session index=984 kind=8 shard=0 ino=1004858
2026-10-08T02:27:23.589Z raft-host: applied session index=986 kind=9 shard=0 ino=1004858
2026-10-08T02:27:23.605Z raft-host: applied session index=988 kind=8 shard=0 ino=1008954
2026-10-08T02:27:23.633Z raft-host: applied session index=990 kind=9 shard=0 ino=1008954
2026-10-08T02:27:23.649Z raft-host: applied session index=992 kind=8 shard=0 ino=1013050
2026-10-08T02:27:23.675Z raft-host: applied session index=994 kind=9 shard=0 ino=1013050
2026-10-08T02:27:23.691Z raft-host: applied session index=996 kind=8 shard=0 ino=1017146
2026-10-08T02:27:23.716Z raft-host: applied session index=998 kind=9 shard=0 ino=1017146
2026-10-08T02:27:23.737Z raft-host: applied session index=1000 kind=8 shard=0 ino=1021242
2026-10-08T02:27:23.759Z raft-host: applied session index=1002 kind=9 shard=0 ino=1021242
2026-10-08T02:27:23.786Z raft-host: applied session index=1004 kind=8 shard=0 ino=1025338
2026-10-08T02:27:23.812Z raft-host: applied session index=1006 kind=9 shard=0 ino=1025338
2026-10-08T02:27:23.830Z raft-host: applied session index=1008 kind=8 shard=0 ino=1029434
2026-10-08T02:27:23.857Z raft-host: applied session index=1010 kind=9 shard=0 ino=1029434
2026-10-08T02:27:23.872Z raft-host: applied session index=1012 kind=8 shard=0 ino=1033530
2026-10-08T02:27:23.896Z raft-host: applied session index=1014 kind=9 shard=0 ino=1033530
2026-10-08T02:27:23.923Z raft-host: applied session index=1016 kind=8 shard=0 ino=1037626
2026-10-08T02:27:23.949Z raft-host: applied session index=1018 kind=9 shard=0 ino=1037626
2026-10-08T02:27:23.975Z raft-host: applied session index=1020 kind=8 shard=0 ino=1041722
2026-10-08T02:27:23.997Z raft-host: applied session index=1022 kind=9 shard=0 ino=1041722
2026-10-08T02:27:24.022Z raft-host: applied session index=1024 kind=8 shard=0 ino=1045818
2026-10-08T02:27:24.050Z raft-host: applied session index=1026 kind=9 shard=0 ino=1045818
2026-10-08T02:27:24.068Z raft-host: applied session index=1028 kind=8 shard=0 ino=1049914
2026-10-08T02:27:24.092Z raft-host: applied session index=1030 kind=9 shard=0 ino=1049914
2026-10-08T02:27:27.263Z iostats: get ops=0 bytes=0 errors=0 avg_us=0 p50_us=0 max_us=0 put ops=192 bytes=12582912 errors=0 avg_us=437 p50_us=471 max_us=803 wdisk ops=192 bytes=12582912 errors=0 avg_us=379 p50_us=418 max_us=704
2026-10-08T02:27:28.183Z kv-obs: mt_bytes=188110 l0_bytes=0 l0=0 l1=0
2026-10-08T02:27:32.265Z iostats: get ops=0 bytes=0 errors=0 avg_us=0 p50_us=0 max_us=0 put ops=192 bytes=12582912 errors=0 avg_us=437 p50_us=471 max_us=803 wdisk ops=192 bytes=12582912 errors=0 avg_us=379 p50_us=418 max_us=704
2026-10-08T02:27:33.186Z kv-obs: mt_bytes=172231 l0_bytes=0 l0=0 l1=0
2026-10-08T02:27:34.161Z gc-health: stage=0 group=0 elapsed_ms=0 last_pass_age_ms=142 passes=144 sampled=1 pending=0,0 reap=0,0 removed=109 file_bytes=7589888 payload_bytes=7143424 delete_errors=0 sweep_errors=0 reap_errors=0 ack_errors=0 missing_exports=0
2026-10-08T02:27:37.267Z iostats: get ops=0 bytes=0 errors=0 avg_us=0 p50_us=0 max_us=0 put ops=192 bytes=12582912 errors=0 avg_us=437 p50_us=471 max_us=803 wdisk ops=192 bytes=12582912 errors=0 avg_us=379 p50_us=418 max_us=704
2026-10-08T02:27:38.186Z kv-obs: mt_bytes=157539 l0_bytes=0 l0=0 l1=0
2026-10-08T02:27:42.270Z iostats: get ops=0 bytes=0 errors=0 avg_us=0 p50_us=0 max_us=0 put ops=192 bytes=12582912 errors=0 avg_us=437 p50_us=471 max_us=803 wdisk ops=192 bytes=12582912 errors=0 avg_us=379 p50_us=418 max_us=704
2026-10-08T02:27:43.191Z kv-obs: mt_bytes=141790 l0_bytes=0 l0=0 l1=0
2026-10-08T02:27:44.647Z raft-host: applied session index=80 kind=8 shard=0 ino=6683
2026-10-08T02:27:44.649Z raft-host: applied session index=82 kind=9 shard=0 ino=6683
2026-10-08T02:27:44.650Z raft-host: applied session index=84 kind=8 shard=0 ino=10779
2026-10-08T02:27:44.652Z raft-host: applied session index=86 kind=9 shard=0 ino=10779
2026-10-08T02:27:44.653Z raft-host: applied session index=88 kind=8 shard=0 ino=14875
2026-10-08T02:27:44.657Z raft-host: applied session index=90 kind=9 shard=0 ino=14875
2026-10-08T02:27:44.657Z raft-host: applied session index=92 kind=8 shard=0 ino=18971
2026-10-08T02:27:44.659Z raft-host: applied session index=94 kind=9 shard=0 ino=18971
2026-10-08T02:27:44.660Z raft-host: applied session index=96 kind=8 shard=0 ino=23067
2026-10-08T02:27:44.662Z raft-host: applied session index=98 kind=9 shard=0 ino=23067
2026-10-08T02:27:44.663Z raft-host: applied session index=100 kind=8 shard=0 ino=27163
2026-10-08T02:27:44.665Z raft-host: applied session index=102 kind=9 shard=0 ino=27163
2026-10-08T02:27:44.666Z raft-host: applied session index=104 kind=8 shard=0 ino=31259
2026-10-08T02:27:44.668Z raft-host: applied session index=106 kind=9 shard=0 ino=31259
2026-10-08T02:27:44.669Z raft-host: applied session index=108 kind=8 shard=0 ino=35355
2026-10-08T02:27:44.671Z raft-host: applied session index=110 kind=9 shard=0 ino=35355
2026-10-08T02:27:44.672Z raft-host: applied session index=112 kind=8 shard=0 ino=39451
2026-10-08T02:27:44.674Z raft-host: applied session index=114 kind=9 shard=0 ino=39451
2026-10-08T02:27:44.675Z raft-host: applied session index=116 kind=8 shard=0 ino=43547
2026-10-08T02:27:44.677Z raft-host: applied session index=118 kind=9 shard=0 ino=43547
2026-10-08T02:27:44.678Z raft-host: applied session index=120 kind=8 shard=0 ino=47643
2026-10-08T02:27:44.680Z raft-host: applied session index=122 kind=9 shard=0 ino=47643
2026-10-08T02:27:44.681Z raft-host: applied session index=124 kind=8 shard=0 ino=51739
2026-10-08T02:27:44.683Z raft-host: applied session index=126 kind=9 shard=0 ino=51739
2026-10-08T02:27:44.684Z raft-host: applied session index=128 kind=8 shard=0 ino=55835
2026-10-08T02:27:44.686Z raft-host: applied session index=130 kind=9 shard=0 ino=55835
2026-10-08T02:27:44.687Z raft-host: applied session index=132 kind=8 shard=0 ino=59931
2026-10-08T02:27:44.689Z raft-host: applied session index=134 kind=9 shard=0 ino=59931
2026-10-08T02:27:44.690Z raft-host: applied session index=136 kind=8 shard=0 ino=64027
2026-10-08T02:27:44.692Z raft-host: applied session index=138 kind=9 shard=0 ino=64027
2026-10-08T02:27:44.693Z raft-host: applied session index=140 kind=8 shard=0 ino=68123
2026-10-08T02:27:44.696Z raft-host: applied session index=142 kind=9 shard=0 ino=68123
2026-10-08T02:27:44.696Z raft-host: applied session index=144 kind=8 shard=0 ino=72219
2026-10-08T02:27:44.699Z raft-host: applied session index=146 kind=9 shard=0 ino=72219
2026-10-08T02:27:44.700Z raft-host: applied session index=148 kind=8 shard=0 ino=76315
2026-10-08T02:27:44.701Z raft-host: applied session index=150 kind=9 shard=0 ino=76315
2026-10-08T02:27:44.702Z raft-host: applied session index=152 kind=8 shard=0 ino=80411
2026-10-08T02:27:44.705Z raft-host: applied session index=154 kind=9 shard=0 ino=80411
2026-10-08T02:27:44.706Z raft-host: applied session index=156 kind=8 shard=0 ino=84507
2026-10-08T02:27:44.708Z raft-host: applied session index=158 kind=9 shard=0 ino=84507
2026-10-08T02:27:44.708Z raft-host: applied session index=159 kind=8 shard=0 ino=6683
2026-10-08T02:27:44.714Z raft-host: applied session index=163 kind=9 shard=0 ino=6683
2026-10-08T02:27:44.715Z raft-host: applied session index=164 kind=8 shard=0 ino=10779
2026-10-08T02:27:44.720Z raft-host: applied session index=168 kind=9 shard=0 ino=10779
2026-10-08T02:27:44.721Z raft-host: applied session index=169 kind=8 shard=0 ino=14875
2026-10-08T02:27:44.726Z raft-host: applied session index=173 kind=9 shard=0 ino=14875
2026-10-08T02:27:44.727Z raft-host: applied session index=174 kind=8 shard=0 ino=18971
2026-10-08T02:27:44.734Z raft-host: applied session index=178 kind=9 shard=0 ino=18971
2026-10-08T02:27:44.734Z raft-host: applied session index=179 kind=8 shard=0 ino=23067
2026-10-08T02:27:44.741Z raft-host: applied session index=183 kind=9 shard=0 ino=23067
2026-10-08T02:27:44.742Z raft-host: applied session index=184 kind=8 shard=0 ino=27163
2026-10-08T02:27:44.752Z raft-host: applied session index=188 kind=9 shard=0 ino=27163
2026-10-08T02:27:44.753Z raft-host: applied session index=189 kind=8 shard=0 ino=31259
2026-10-08T02:27:44.763Z raft-host: applied session index=193 kind=9 shard=0 ino=31259
2026-10-08T02:27:44.763Z raft-host: applied session index=194 kind=8 shard=0 ino=35355
2026-10-08T02:27:44.773Z raft-host: applied session index=198 kind=9 shard=0 ino=35355
2026-10-08T02:27:44.774Z raft-host: applied session index=199 kind=8 shard=0 ino=39451
2026-10-08T02:27:44.784Z raft-host: applied session index=203 kind=9 shard=0 ino=39451
2026-10-08T02:27:44.785Z raft-host: applied session index=204 kind=8 shard=0 ino=43547
2026-10-08T02:27:44.795Z raft-host: applied session index=208 kind=9 shard=0 ino=43547
2026-10-08T02:27:44.795Z raft-host: applied session index=209 kind=8 shard=0 ino=47643
2026-10-08T02:27:44.805Z raft-host: applied session index=213 kind=9 shard=0 ino=47643
2026-10-08T02:27:44.805Z raft-host: applied session index=214 kind=8 shard=0 ino=51739
2026-10-08T02:27:44.811Z raft-host: applied session index=218 kind=9 shard=0 ino=51739
2026-10-08T02:27:44.812Z raft-host: applied session index=219 kind=8 shard=0 ino=55835
2026-10-08T02:27:44.818Z raft-host: applied session index=223 kind=9 shard=0 ino=55835
2026-10-08T02:27:44.819Z raft-host: applied session index=224 kind=8 shard=0 ino=59931
2026-10-08T02:27:44.825Z raft-host: applied session index=228 kind=9 shard=0 ino=59931
2026-10-08T02:27:44.825Z raft-host: applied session index=229 kind=8 shard=0 ino=64027
2026-10-08T02:27:44.831Z raft-host: applied session index=233 kind=9 shard=0 ino=64027
2026-10-08T02:27:44.831Z raft-host: applied session index=234 kind=8 shard=0 ino=68123
2026-10-08T02:27:44.837Z raft-host: applied session index=238 kind=9 shard=0 ino=68123
2026-10-08T02:27:44.838Z raft-host: applied session index=239 kind=8 shard=0 ino=72219
2026-10-08T02:27:44.847Z raft-host: applied session index=243 kind=9 shard=0 ino=72219
2026-10-08T02:27:44.848Z raft-host: applied session index=244 kind=8 shard=0 ino=76315
2026-10-08T02:27:44.853Z raft-host: applied session index=248 kind=9 shard=0 ino=76315
2026-10-08T02:27:44.854Z raft-host: applied session index=249 kind=8 shard=0 ino=80411
2026-10-08T02:27:44.861Z raft-host: applied session index=253 kind=9 shard=0 ino=80411
2026-10-08T02:27:44.862Z raft-host: applied session index=254 kind=8 shard=0 ino=84507
2026-10-08T02:27:44.868Z raft-host: applied session index=258 kind=9 shard=0 ino=84507
2026-10-08T02:27:45.282Z raft-host: rmdir parent=2587 name=d1 rc=-13 hint=2
2026-10-08T02:27:45.692Z raft-host: gc-pass ms=628 orphan=0 reap=625 frag=2 spread=0 recover=0 fscans=1 fsegs=0 fkeys=40 femit=40 ftomb=0 scans=3 segs=0 keys=60 emit=60 tomb=0 reap_scan=0 reap_sweep=10 reap_fence=603 reap_done=12
2026-10-08T02:27:47.272Z iostats: get ops=40 bytes=2621440 errors=0 avg_us=896 p50_us=753 max_us=4137 put ops=232 bytes=15204352 errors=0 avg_us=428 p50_us=426 max_us=803 wdisk ops=232 bytes=15204352 errors=0 avg_us=370 p50_us=373 max_us=704
2026-10-08T02:27:47.320Z raft-host: applied session index=1955 kind=8 shard=0 ino=6352
2026-10-08T02:27:47.341Z raft-host: applied session index=1957 kind=9 shard=0 ino=6352
2026-10-08T02:27:47.369Z raft-host: applied session index=1959 kind=8 shard=0 ino=10448
2026-10-08T02:27:47.397Z raft-host: applied session index=1961 kind=9 shard=0 ino=10448
2026-10-08T02:27:47.422Z raft-host: applied session index=1963 kind=8 shard=0 ino=14544
2026-10-08T02:27:47.448Z raft-host: applied session index=1965 kind=9 shard=0 ino=14544
2026-10-08T02:27:47.466Z raft-host: applied session index=1967 kind=8 shard=0 ino=18640
2026-10-08T02:27:47.491Z raft-host: applied session index=1969 kind=9 shard=0 ino=18640
2026-10-08T02:27:47.506Z raft-host: applied session index=1971 kind=8 shard=0 ino=22736
2026-10-08T02:27:47.535Z raft-host: applied session index=1973 kind=9 shard=0 ino=22736
2026-10-08T02:27:47.551Z raft-host: applied session index=1975 kind=8 shard=0 ino=26832
2026-10-08T02:27:47.575Z raft-host: applied session index=1977 kind=9 shard=0 ino=26832
2026-10-08T02:27:47.603Z raft-host: applied session index=1979 kind=8 shard=0 ino=30928
2026-10-08T02:27:47.630Z raft-host: applied session index=1981 kind=9 shard=0 ino=30928
2026-10-08T02:27:47.651Z raft-host: applied session index=1983 kind=8 shard=0 ino=35024
2026-10-08T02:27:47.675Z raft-host: applied session index=1985 kind=9 shard=0 ino=35024
2026-10-08T02:27:47.699Z raft-host: applied session index=1987 kind=8 shard=0 ino=39120
2026-10-08T02:27:47.721Z raft-host: applied session index=1989 kind=9 shard=0 ino=39120
2026-10-08T02:27:47.741Z raft-host: applied session index=1991 kind=8 shard=0 ino=43216
2026-10-08T02:27:47.770Z raft-host: applied session index=1993 kind=9 shard=0 ino=43216
2026-10-08T02:27:47.795Z raft-host: applied session index=1995 kind=8 shard=0 ino=47312
2026-10-08T02:27:47.825Z raft-host: applied session index=1997 kind=9 shard=0 ino=47312
2026-10-08T02:27:47.840Z raft-host: applied session index=1999 kind=8 shard=0 ino=51408
2026-10-08T02:27:47.882Z raft-host: applied session index=2001 kind=9 shard=0 ino=51408
2026-10-08T02:27:47.904Z raft-host: applied session index=2003 kind=8 shard=0 ino=55504
2026-10-08T02:27:47.929Z raft-host: applied session index=2005 kind=9 shard=0 ino=55504
2026-10-08T02:27:47.953Z raft-host: applied session index=2007 kind=8 shard=0 ino=59600
2026-10-08T02:27:47.980Z raft-host: applied session index=2009 kind=9 shard=0 ino=59600
2026-10-08T02:27:47.996Z raft-host: applied session index=2011 kind=8 shard=0 ino=63696
2026-10-08T02:27:48.026Z raft-host: applied session index=2013 kind=9 shard=0 ino=63696
2026-10-08T02:27:48.045Z raft-host: applied session index=2015 kind=8 shard=0 ino=67792
2026-10-08T02:27:48.071Z raft-host: applied session index=2017 kind=9 shard=0 ino=67792
2026-10-08T02:27:48.087Z raft-host: applied session index=2019 kind=8 shard=0 ino=71888
2026-10-08T02:27:48.115Z raft-host: applied session index=2021 kind=9 shard=0 ino=71888
2026-10-08T02:27:48.139Z raft-host: applied session index=2023 kind=8 shard=0 ino=75984
2026-10-08T02:27:48.164Z raft-host: applied session index=2025 kind=9 shard=0 ino=75984
2026-10-08T02:27:48.181Z raft-host: applied session index=2027 kind=8 shard=0 ino=80080
2026-10-08T02:27:48.194Z kv-obs: mt_bytes=202054 l0_bytes=0 l0=0 l1=0
2026-10-08T02:27:48.205Z raft-host: applied session index=2029 kind=9 shard=0 ino=80080
2026-10-08T02:27:48.230Z raft-host: applied session index=2031 kind=8 shard=0 ino=84176
2026-10-08T02:27:48.255Z raft-host: applied session index=2033 kind=9 shard=0 ino=84176
2026-10-08T02:27:48.268Z raft-host: applied session index=2034 kind=8 shard=0 ino=6352
2026-10-08T02:27:48.312Z raft-host: applied session index=2038 kind=9 shard=0 ino=6352
2026-10-08T02:27:48.323Z raft-host: applied session index=2039 kind=8 shard=0 ino=10448
2026-10-08T02:27:48.366Z raft-host: applied session index=2043 kind=9 shard=0 ino=10448
2026-10-08T02:27:48.377Z raft-host: applied session index=2044 kind=8 shard=0 ino=14544
2026-10-08T02:27:48.422Z raft-host: applied session index=2048 kind=9 shard=0 ino=14544
2026-10-08T02:27:48.433Z raft-host: applied session index=2049 kind=8 shard=0 ino=18640
2026-10-08T02:27:48.480Z raft-host: applied session index=2053 kind=9 shard=0 ino=18640
2026-10-08T02:27:48.491Z raft-host: applied session index=2054 kind=8 shard=0 ino=22736
2026-10-08T02:27:48.539Z raft-host: applied session index=2058 kind=9 shard=0 ino=22736
2026-10-08T02:27:48.552Z raft-host: applied session index=2059 kind=8 shard=0 ino=26832
2026-10-08T02:27:48.604Z raft-host: applied session index=2063 kind=9 shard=0 ino=26832
2026-10-08T02:27:48.615Z raft-host: applied session index=2064 kind=8 shard=0 ino=30928
2026-10-08T02:27:48.664Z raft-host: applied session index=2068 kind=9 shard=0 ino=30928
2026-10-08T02:27:48.679Z raft-host: applied session index=2069 kind=8 shard=0 ino=35024
2026-10-08T02:27:48.725Z raft-host: applied session index=2073 kind=9 shard=0 ino=35024
2026-10-08T02:27:48.738Z raft-host: applied session index=2074 kind=8 shard=0 ino=39120
2026-10-08T02:27:48.782Z raft-host: applied session index=2078 kind=9 shard=0 ino=39120
2026-10-08T02:27:48.794Z raft-host: applied session index=2079 kind=8 shard=0 ino=43216
2026-10-08T02:27:48.840Z raft-host: applied session index=2083 kind=9 shard=0 ino=43216
2026-10-08T02:27:48.850Z raft-host: applied session index=2084 kind=8 shard=0 ino=47312
2026-10-08T02:27:48.896Z raft-host: applied session index=2088 kind=9 shard=0 ino=47312
2026-10-08T02:27:48.905Z raft-host: applied session index=2089 kind=8 shard=0 ino=51408
2026-10-08T02:27:48.959Z raft-host: applied session index=2093 kind=9 shard=0 ino=51408
2026-10-08T02:27:48.971Z raft-host: applied session index=2094 kind=8 shard=0 ino=55504
2026-10-08T02:27:49.024Z raft-host: applied session index=2098 kind=9 shard=0 ino=55504
2026-10-08T02:27:49.036Z raft-host: applied session index=2099 kind=8 shard=0 ino=59600
2026-10-08T02:27:49.082Z raft-host: applied session index=2103 kind=9 shard=0 ino=59600
2026-10-08T02:27:49.093Z raft-host: applied session index=2104 kind=8 shard=0 ino=63696
2026-10-08T02:27:49.143Z raft-host: applied session index=2108 kind=9 shard=0 ino=63696
2026-10-08T02:27:49.152Z raft-host: applied session index=2109 kind=8 shard=0 ino=67792
2026-10-08T02:27:49.193Z raft-host: applied session index=2113 kind=9 shard=0 ino=67792
2026-10-08T02:27:49.206Z raft-host: applied session index=2114 kind=8 shard=0 ino=71888
2026-10-08T02:27:49.252Z raft-host: applied session index=2118 kind=9 shard=0 ino=71888
2026-10-08T02:27:49.261Z raft-host: applied session index=2119 kind=8 shard=0 ino=75984
2026-10-08T02:27:49.312Z raft-host: applied session index=2123 kind=9 shard=0 ino=75984
2026-10-08T02:27:49.327Z raft-host: applied session index=2124 kind=8 shard=0 ino=80080
2026-10-08T02:27:49.375Z raft-host: applied session index=2128 kind=9 shard=0 ino=80080
2026-10-08T02:27:49.386Z raft-host: applied session index=2129 kind=8 shard=0 ino=84176
2026-10-08T02:27:49.432Z raft-host: applied session index=2133 kind=9 shard=0 ino=84176
2026-10-08T02:27:50.162Z gc-health: stage=0 group=0 elapsed_ms=0 last_pass_age_ms=454 passes=159 sampled=1 pending=0,0 reap=0,0 removed=244 file_bytes=16990208 payload_bytes=15990784 delete_errors=0 sweep_errors=0 reap_errors=0 ack_errors=0 missing_exports=0
2026-10-08T02:27:51.607Z raft-host: applied session index=533 kind=8 shard=0 ino=6077
2026-10-08T02:27:51.609Z raft-host: applied session index=535 kind=9 shard=0 ino=6077
2026-10-08T02:27:51.610Z raft-host: applied session index=537 kind=8 shard=0 ino=10173
2026-10-08T02:27:51.612Z raft-host: applied session index=539 kind=9 shard=0 ino=10173
2026-10-08T02:27:51.613Z raft-host: applied session index=541 kind=8 shard=0 ino=14269
2026-10-08T02:27:51.615Z raft-host: applied session index=543 kind=9 shard=0 ino=14269
2026-10-08T02:27:51.616Z raft-host: applied session index=545 kind=8 shard=0 ino=18365
2026-10-08T02:27:51.618Z raft-host: applied session index=547 kind=9 shard=0 ino=18365
2026-10-08T02:27:51.619Z raft-host: applied session index=549 kind=8 shard=0 ino=22461
2026-10-08T02:27:51.621Z raft-host: applied session index=551 kind=9 shard=0 ino=22461
2026-10-08T02:27:51.622Z raft-host: applied session index=553 kind=8 shard=0 ino=26557
2026-10-08T02:27:51.624Z raft-host: applied session index=555 kind=9 shard=0 ino=26557
2026-10-08T02:27:51.625Z raft-host: applied session index=557 kind=8 shard=0 ino=30653
2026-10-08T02:27:51.627Z raft-host: applied session index=559 kind=9 shard=0 ino=30653
2026-10-08T02:27:51.628Z raft-host: applied session index=561 kind=8 shard=0 ino=34749
2026-10-08T02:27:51.630Z raft-host: applied session index=563 kind=9 shard=0 ino=34749
2026-10-08T02:27:51.631Z raft-host: applied session index=565 kind=8 shard=0 ino=38845
2026-10-08T02:27:51.634Z raft-host: applied session index=567 kind=9 shard=0 ino=38845
2026-10-08T02:27:51.634Z raft-host: applied session index=569 kind=8 shard=0 ino=42941
2026-10-08T02:27:51.636Z raft-host: applied session index=571 kind=9 shard=0 ino=42941
2026-10-08T02:27:51.637Z raft-host: applied session index=573 kind=8 shard=0 ino=47037
2026-10-08T02:27:51.639Z raft-host: applied session index=575 kind=9 shard=0 ino=47037
2026-10-08T02:27:51.640Z raft-host: applied session index=577 kind=8 shard=0 ino=51133
2026-10-08T02:27:51.642Z raft-host: applied session index=579 kind=9 shard=0 ino=51133
2026-10-08T02:27:51.643Z raft-host: applied session index=581 kind=8 shard=0 ino=55229
2026-10-08T02:27:51.646Z raft-host: applied session index=583 kind=9 shard=0 ino=55229
2026-10-08T02:27:51.646Z raft-host: applied session index=585 kind=8 shard=0 ino=59325
2026-10-08T02:27:51.648Z raft-host: applied session index=587 kind=9 shard=0 ino=59325
2026-10-08T02:27:51.649Z raft-host: applied session index=589 kind=8 shard=0 ino=63421
2026-10-08T02:27:51.651Z raft-host: applied session index=591 kind=9 shard=0 ino=63421
2026-10-08T02:27:51.652Z raft-host: applied session index=593 kind=8 shard=0 ino=67517
2026-10-08T02:27:51.654Z raft-host: applied session index=595 kind=9 shard=0 ino=67517
2026-10-08T02:27:51.655Z raft-host: applied session index=597 kind=8 shard=0 ino=71613
2026-10-08T02:27:51.657Z raft-host: applied session index=599 kind=9 shard=0 ino=71613
2026-10-08T02:27:51.658Z raft-host: applied session index=601 kind=8 shard=0 ino=75709
2026-10-08T02:27:51.660Z raft-host: applied session index=603 kind=9 shard=0 ino=75709
2026-10-08T02:27:51.661Z raft-host: applied session index=605 kind=8 shard=0 ino=79805
2026-10-08T02:27:51.663Z raft-host: applied session index=607 kind=9 shard=0 ino=79805
2026-10-08T02:27:51.664Z raft-host: applied session index=609 kind=8 shard=0 ino=83901
2026-10-08T02:27:51.667Z raft-host: applied session index=611 kind=9 shard=0 ino=83901
2026-10-08T02:27:51.667Z raft-host: applied session index=612 kind=8 shard=0 ino=6077
2026-10-08T02:27:51.673Z raft-host: applied session index=616 kind=9 shard=0 ino=6077
2026-10-08T02:27:51.674Z raft-host: applied session index=617 kind=8 shard=0 ino=10173
2026-10-08T02:27:51.680Z raft-host: applied session index=621 kind=9 shard=0 ino=10173
2026-10-08T02:27:51.681Z raft-host: applied session index=622 kind=8 shard=0 ino=14269
2026-10-08T02:27:51.686Z raft-host: applied session index=626 kind=9 shard=0 ino=14269
2026-10-08T02:27:51.687Z raft-host: applied session index=627 kind=8 shard=0 ino=18365
2026-10-08T02:27:51.693Z raft-host: applied session index=631 kind=9 shard=0 ino=18365
2026-10-08T02:27:51.694Z raft-host: applied session index=632 kind=8 shard=0 ino=22461
2026-10-08T02:27:51.699Z raft-host: applied session index=636 kind=9 shard=0 ino=22461
2026-10-08T02:27:51.700Z raft-host: applied session index=637 kind=8 shard=0 ino=26557
2026-10-08T02:27:51.706Z raft-host: applied session index=641 kind=9 shard=0 ino=26557
2026-10-08T02:27:51.707Z raft-host: applied session index=642 kind=8 shard=0 ino=30653
2026-10-08T02:27:51.713Z raft-host: applied session index=646 kind=9 shard=0 ino=30653
2026-10-08T02:27:51.714Z raft-host: applied session index=647 kind=8 shard=0 ino=34749
2026-10-08T02:27:51.719Z raft-host: applied session index=651 kind=9 shard=0 ino=34749
2026-10-08T02:27:51.719Z raft-host: gc-pass ms=5 orphan=0 reap=0 frag=0 spread=0 recover=5 fscans=0 fsegs=0 fkeys=0 femit=0 ftomb=0 scans=17 segs=0 keys=46 emit=0 tomb=46 reap_scan=0 reap_sweep=0 reap_fence=0 reap_done=0
2026-10-08T02:27:51.720Z raft-host: applied session index=652 kind=8 shard=0 ino=38845
2026-10-08T02:27:51.727Z raft-host: applied session index=656 kind=9 shard=0 ino=38845
2026-10-08T02:27:51.727Z raft-host: applied session index=657 kind=8 shard=0 ino=42941
2026-10-08T02:27:51.734Z raft-host: applied session index=661 kind=9 shard=0 ino=42941
2026-10-08T02:27:51.734Z raft-host: applied session index=662 kind=8 shard=0 ino=47037
2026-10-08T02:27:51.740Z raft-host: applied session index=666 kind=9 shard=0 ino=47037
2026-10-08T02:27:51.740Z raft-host: applied session index=667 kind=8 shard=0 ino=51133
2026-10-08T02:27:51.746Z raft-host: applied session index=671 kind=9 shard=0 ino=51133
2026-10-08T02:27:51.747Z raft-host: applied session index=672 kind=8 shard=0 ino=55229
2026-10-08T02:27:51.754Z raft-host: applied session index=676 kind=9 shard=0 ino=55229
2026-10-08T02:27:51.754Z raft-host: applied session index=677 kind=8 shard=0 ino=59325
2026-10-08T02:27:51.759Z raft-host: applied session index=681 kind=9 shard=0 ino=59325
2026-10-08T02:27:51.760Z raft-host: applied session index=682 kind=8 shard=0 ino=63421
2026-10-08T02:27:51.766Z raft-host: applied session index=686 kind=9 shard=0 ino=63421
2026-10-08T02:27:51.766Z raft-host: applied session index=687 kind=8 shard=0 ino=67517
2026-10-08T02:27:51.772Z raft-host: applied session index=691 kind=9 shard=0 ino=67517
2026-10-08T02:27:51.773Z raft-host: applied session index=692 kind=8 shard=0 ino=71613
2026-10-08T02:27:51.783Z raft-host: applied session index=696 kind=9 shard=0 ino=71613
2026-10-08T02:27:51.784Z raft-host: applied session index=697 kind=8 shard=0 ino=75709
2026-10-08T02:27:51.794Z raft-host: applied session index=701 kind=9 shard=0 ino=75709
2026-10-08T02:27:51.795Z raft-host: applied session index=702 kind=8 shard=0 ino=79805
2026-10-08T02:27:51.806Z raft-host: applied session index=706 kind=9 shard=0 ino=79805
2026-10-08T02:27:51.806Z raft-host: applied session index=707 kind=8 shard=0 ino=83901
2026-10-08T02:27:51.816Z raft-host: applied session index=711 kind=9 shard=0 ino=83901
2026-10-08T02:27:52.231Z raft-host: rmdir parent=1981 name=d0 rc=-13 hint=2
2026-10-08T02:27:52.275Z iostats: get ops=120 bytes=7864320 errors=0 avg_us=838 p50_us=765 max_us=4137 put ops=312 bytes=20447232 errors=0 avg_us=412 p50_us=340 max_us=1134 wdisk ops=312 bytes=20447232 errors=0 avg_us=357 p50_us=286 max_us=1108
2026-10-08T02:27:53.198Z kv-obs: mt_bytes=235605 l0_bytes=0 l0=0 l1=0
2026-10-08T02:27:53.343Z raft-host: gc-pass ms=619 orphan=0 reap=610 frag=2 spread=0 recover=6 fscans=1 fsegs=0 fkeys=80 femit=40 ftomb=40 scans=21 segs=0 keys=138 emit=60 tomb=78 reap_scan=0 reap_sweep=9 reap_fence=590 reap_done=10
2026-10-08T02:27:54.669Z raft-host: applied session index=840 kind=8 shard=0 ino=4097
2026-10-08T02:27:54.678Z raft-host: applied session index=842 kind=8 shard=0 ino=4097
2026-10-08T02:27:54.691Z raft-host: apply publish rc=-14 index=845 ino=4097 ci=0 why=6 span=0+0 exp=6a46fa78c8e4594 base_n=0
2026-10-08T02:27:54.706Z raft-host: apply publish rc=-14 index=848 ino=4097 ci=0 why=6 span=0+0 exp=f0f7de9e63d165ef base_n=0
2026-10-08T02:27:54.721Z raft-host: apply publish rc=-14 index=851 ino=4097 ci=0 why=6 span=0+0 exp=a81ba2a05d1df129 base_n=0
2026-10-08T02:27:54.737Z raft-host: apply publish rc=-14 index=854 ino=4097 ci=0 why=6 span=0+0 exp=66f34a97afa0092c base_n=0
2026-10-08T02:27:54.751Z raft-host: apply publish rc=-14 index=857 ino=4097 ci=0 why=6 span=0+0 exp=3d13eb791a2f447d base_n=0
2026-10-08T02:27:54.768Z raft-host: apply publish rc=-14 index=860 ino=4097 ci=0 why=6 span=0+0 exp=299a74c3889c6c2a base_n=0
2026-10-08T02:27:54.793Z raft-host: apply publish rc=-14 index=863 ino=4097 ci=0 why=6 span=0+0 exp=a9f8baa1a34f79e4 base_n=0
2026-10-08T02:27:54.813Z raft-host: apply publish rc=-14 index=866 ino=4097 ci=0 why=6 span=0+0 exp=ee2d4fdfc265a0ea base_n=0
2026-10-08T02:27:54.837Z raft-host: apply publish rc=-14 index=869 ino=4097 ci=0 why=6 span=0+0 exp=d38468b429d723fc base_n=0
2026-10-08T02:27:54.850Z raft-host: applied session index=872 kind=9 shard=0 ino=4097
2026-10-08T02:27:54.850Z raft-host: applied session index=873 kind=9 shard=0 ino=4097
2026-10-08T02:27:55.082Z raft-host: applied session index=875 kind=8 shard=0 ino=8193
2026-10-08T02:27:55.139Z raft-host: applied session index=878 kind=9 shard=0 ino=8193
2026-10-08T02:27:55.151Z raft-host: applied session index=879 kind=8 shard=0 ino=8193
2026-10-08T02:27:55.191Z raft-host: applied session index=880 kind=9 shard=0 ino=8193
2026-10-08T02:27:55.201Z raft-host: applied session index=882 kind=8 shard=0 ino=12289
2026-10-08T02:27:55.212Z raft-host: applied session index=886 kind=9 shard=0 ino=12289
2026-10-08T02:27:55.223Z raft-host: applied session index=887 kind=8 shard=0 ino=12289
2026-10-08T02:27:55.225Z raft-host: applied session index=888 kind=9 shard=0 ino=12289
2026-10-08T02:27:55.454Z raft-host: gc-pass ms=102 orphan=0 reap=36 frag=65 spread=0 recover=0 fscans=1 fsegs=0 fkeys=102 femit=22 ftomb=80 scans=3 segs=0 keys=143 emit=23 tomb=120 reap_scan=0 reap_sweep=1 reap_fence=34 reap_done=1
2026-10-08T02:27:55.497Z raft-host: applied session index=894 kind=8 shard=0 ino=16385
2026-10-08T02:27:55.512Z raft-host: applied session index=898 kind=9 shard=0 ino=16385
2026-10-08T02:27:55.532Z raft-host: applied session index=899 kind=8 shard=0 ino=16385
2026-10-08T02:27:55.533Z raft-host: applied session index=900 kind=9 shard=0 ino=16385
2026-10-08T02:27:56.500Z raft-host: gc-pass ms=39 orphan=0 reap=37 frag=1 spread=0 recover=1 fscans=1 fsegs=0 fkeys=75 femit=2 ftomb=73 scans=6 segs=0 keys=187 emit=3 tomb=184 reap_scan=0 reap_sweep=1 reap_fence=34 reap_done=1
2026-10-08T02:27:56.559Z raft-host: applied session index=906 kind=8 shard=0 ino=20481
2026-10-08T02:27:56.567Z raft-host: applied session index=910 kind=9 shard=0 ino=20481
2026-10-08T02:27:56.582Z raft-host: applied session index=911 kind=8 shard=0 ino=20481
2026-10-08T02:27:56.584Z raft-host: applied session index=912 kind=9 shard=0 ino=20481
2026-10-08T02:27:57.280Z iostats: get ops=212 bytes=13893632 errors=0 avg_us=1178 p50_us=1968 max_us=4137 put ops=403 bytes=26411008 errors=0 avg_us=619 p50_us=1598 max_us=4239 wdisk ops=403 bytes=26411008 errors=0 avg_us=435 p50_us=980 max_us=1359
2026-10-08T02:27:57.542Z raft-host: gc-pass ms=38 orphan=0 reap=37 frag=1 spread=0 recover=0 fscans=1 fsegs=0 fkeys=71 femit=2 ftomb=69 scans=3 segs=0 keys=114 emit=3 tomb=111 reap_scan=0 reap_sweep=0 reap_fence=35 reap_done=1
2026-10-08T02:27:57.606Z raft-host: applied session index=918 kind=8 shard=0 ino=24577
2026-10-08T02:27:57.613Z raft-host: applied session index=922 kind=9 shard=0 ino=24577
2026-10-08T02:27:57.630Z raft-host: applied session index=923 kind=8 shard=0 ino=24577
2026-10-08T02:27:57.632Z raft-host: applied session index=924 kind=9 shard=0 ino=24577
2026-10-08T02:27:58.200Z kv-obs: mt_bytes=260004 l0_bytes=0 l0=0 l1=0
2026-10-08T02:27:58.585Z raft-host: gc-pass ms=37 orphan=0 reap=35 frag=1 spread=0 recover=0 fscans=1 fsegs=0 fkeys=67 femit=2 ftomb=65 scans=3 segs=0 keys=111 emit=3 tomb=108 reap_scan=0 reap_sweep=1 reap_fence=32 reap_done=1
2026-10-08T02:27:58.654Z raft-host: applied session index=930 kind=8 shard=0 ino=28673
2026-10-08T02:27:58.665Z raft-host: applied session index=934 kind=9 shard=0 ino=28673
2026-10-08T02:27:58.679Z raft-host: applied session index=935 kind=8 shard=0 ino=28673
2026-10-08T02:27:58.681Z raft-host: applied session index=936 kind=9 shard=0 ino=28673
2026-10-08T02:27:59.626Z raft-host: gc-pass ms=35 orphan=0 reap=35 frag=0 spread=0 recover=0 fscans=1 fsegs=0 fkeys=63 femit=2 ftomb=61 scans=3 segs=0 keys=108 emit=3 tomb=105 reap_scan=0 reap_sweep=0 reap_fence=33 reap_done=0
2026-10-08T02:27:59.703Z raft-host: applied session index=942 kind=8 shard=0 ino=32769
2026-10-08T02:27:59.712Z raft-host: applied session index=946 kind=9 shard=0 ino=32769
2026-10-08T02:27:59.726Z raft-host: applied session index=947 kind=8 shard=0 ino=32769
2026-10-08T02:27:59.728Z raft-host: applied session index=948 kind=9 shard=0 ino=32769
2026-10-08T02:28:00.668Z raft-host: gc-pass ms=37 orphan=0 reap=36 frag=1 spread=0 recover=0 fscans=1 fsegs=0 fkeys=59 femit=2 ftomb=57 scans=3 segs=0 keys=105 emit=3 tomb=102 reap_scan=0 reap_sweep=1 reap_fence=33 reap_done=1
2026-10-08T02:28:00.752Z raft-host: applied session index=954 kind=8 shard=0 ino=36865
2026-10-08T02:28:00.763Z raft-host: applied session index=958 kind=9 shard=0 ino=36865
2026-10-08T02:28:00.776Z raft-host: applied session index=959 kind=8 shard=0 ino=36865
2026-10-08T02:28:00.778Z raft-host: applied session index=960 kind=9 shard=0 ino=36865
2026-10-08T02:28:01.713Z raft-host: gc-pass ms=39 orphan=0 reap=37 frag=1 spread=0 recover=0 fscans=1 fsegs=0 fkeys=55 femit=2 ftomb=53 scans=3 segs=0 keys=102 emit=3 tomb=99 reap_scan=0 reap_sweep=1 reap_fence=34 reap_done=1
2026-10-08T02:28:01.801Z raft-host: applied session index=966 kind=8 shard=0 ino=40961
2026-10-08T02:28:01.815Z raft-host: applied session index=970 kind=9 shard=0 ino=40961
2026-10-08T02:28:01.828Z raft-host: applied session index=971 kind=8 shard=0 ino=40961
2026-10-08T02:28:01.832Z raft-host: applied session index=972 kind=9 shard=0 ino=40961
2026-10-08T02:28:02.283Z iostats: get ops=222 bytes=14548992 errors=0 avg_us=1221 p50_us=1968 max_us=6719 put ops=413 bytes=27066368 errors=0 avg_us=615 p50_us=1598 max_us=4239 wdisk ops=413 bytes=27066368 errors=0 avg_us=434 p50_us=980 max_us=1359
2026-10-08T02:28:02.754Z raft-host: gc-pass ms=37 orphan=0 reap=36 frag=1 spread=0 recover=0 fscans=1 fsegs=0 fkeys=51 femit=2 ftomb=49 scans=3 segs=0 keys=99 emit=3 tomb=96 reap_scan=0 reap_sweep=1 reap_fence=33 reap_done=1
2026-10-08T02:28:02.855Z raft-host: applied session index=978 kind=8 shard=0 ino=45057
2026-10-08T02:28:02.870Z raft-host: applied session index=982 kind=9 shard=0 ino=45057
2026-10-08T02:28:02.883Z raft-host: applied session index=983 kind=8 shard=0 ino=45057
2026-10-08T02:28:02.884Z raft-host: applied session index=984 kind=9 shard=0 ino=45057
2026-10-08T02:28:03.201Z kv-obs: mt_bytes=263134 l0_bytes=0 l0=0 l1=0
2026-10-08T02:28:03.799Z raft-host: gc-pass ms=40 orphan=0 reap=39 frag=1 spread=0 recover=0 fscans=1 fsegs=0 fkeys=47 femit=2 ftomb=45 scans=3 segs=0 keys=96 emit=3 tomb=93 reap_scan=0 reap_sweep=1 reap_fence=36 reap_done=1
2026-10-08T02:28:03.907Z raft-host: applied session index=990 kind=8 shard=0 ino=49153
2026-10-08T02:28:03.917Z raft-host: applied session index=994 kind=9 shard=0 ino=49153
2026-10-08T02:28:03.931Z raft-host: applied session index=995 kind=8 shard=0 ino=49153
2026-10-08T02:28:03.933Z raft-host: applied session index=996 kind=9 shard=0 ino=49153
2026-10-08T02:28:04.842Z raft-host: gc-pass ms=37 orphan=0 reap=36 frag=0 spread=0 recover=0 fscans=1 fsegs=0 fkeys=43 femit=2 ftomb=41 scans=3 segs=0 keys=93 emit=3 tomb=90 reap_scan=0 reap_sweep=1 reap_fence=34 reap_done=0
2026-10-08T02:28:04.954Z raft-host: applied session index=1002 kind=8 shard=0 ino=53249
2026-10-08T02:28:04.965Z raft-host: applied session index=1006 kind=9 shard=0 ino=53249
2026-10-08T02:28:04.978Z raft-host: applied session index=1007 kind=8 shard=0 ino=53249
2026-10-08T02:28:04.980Z raft-host: applied session index=1008 kind=9 shard=0 ino=53249
2026-10-08T02:28:05.886Z raft-host: gc-pass ms=39 orphan=0 reap=38 frag=1 spread=0 recover=0 fscans=1 fsegs=0 fkeys=39 femit=2 ftomb=37 scans=3 segs=0 keys=90 emit=3 tomb=87 reap_scan=0 reap_sweep=1 reap_fence=35 reap_done=1
2026-10-08T02:28:06.017Z raft-host: applied session index=1014 kind=8 shard=0 ino=57345
2026-10-08T02:28:06.027Z raft-host: applied session index=1018 kind=9 shard=0 ino=57345
2026-10-08T02:28:06.040Z raft-host: applied session index=1019 kind=8 shard=0 ino=57345
2026-10-08T02:28:06.043Z raft-host: applied session index=1020 kind=9 shard=0 ino=57345
2026-10-08T02:28:06.165Z gc-health: stage=0 group=0 elapsed_ms=0 last_pass_age_ms=279 passes=174 sampled=1 pending=63,0 reap=1,0 removed=355 file_bytes=24719360 payload_bytes=23265280 delete_errors=0 sweep_errors=0 reap_errors=0 ack_errors=0 missing_exports=0
2026-10-08T02:28:06.926Z raft-host: gc-pass ms=35 orphan=0 reap=34 frag=0 spread=0 recover=0 fscans=1 fsegs=0 fkeys=35 femit=2 ftomb=33 scans=3 segs=0 keys=87 emit=3 tomb=84 reap_scan=0 reap_sweep=0 reap_fence=33 reap_done=0
2026-10-08T02:28:07.078Z raft-host: applied session index=1026 kind=8 shard=0 ino=61441
2026-10-08T02:28:07.288Z iostats: get ops=230 bytes=15073280 errors=0 avg_us=1237 p50_us=1968 max_us=6719 put ops=475 bytes=31129600 errors=0 avg_us=810 p50_us=1800 max_us=5787 wdisk ops=475 bytes=31129600 errors=0 avg_us=499 p50_us=1016 max_us=2064
2026-10-08T02:28:08.084Z raft-host: applied session index=1046 kind=9 shard=0 ino=61441
2026-10-08T02:28:08.205Z kv-obs: mt_bytes=289249 l0_bytes=0 l0=0 l1=0
2026-10-08T02:28:09.512Z raft-host: gc-pass ms=573 orphan=0 reap=571 frag=2 spread=0 recover=0 fscans=1 fsegs=0 fkeys=161 femit=37 ftomb=124 scans=3 segs=0 keys=215 emit=38 tomb=177 reap_scan=0 reap_sweep=534 reap_fence=36 reap_done=0
2026-10-08T02:28:09.614Z raft-host: applied session index=1082 kind=8 shard=0 ino=65537
2026-10-08T02:28:09.659Z raft-host: applied session index=1085 kind=9 shard=0 ino=65537
2026-10-08T02:28:11.072Z raft-host: gc-pass ms=555 orphan=0 reap=548 frag=6 spread=0 recover=0 fscans=1 fsegs=0 fkeys=61 femit=36 ftomb=25 scans=3 segs=0 keys=116 emit=37 tomb=79 reap_scan=0 reap_sweep=512 reap_fence=35 reap_done=0
2026-10-08T02:28:12.289Z iostats: get ops=232 bytes=15204352 errors=0 avg_us=1235 p50_us=1968 max_us=6719 put ops=531 bytes=34799616 errors=0 avg_us=1023 p50_us=2864 max_us=5787 wdisk ops=531 bytes=34799616 errors=0 avg_us=555 p50_us=1054 max_us=2064
2026-10-08T02:28:12.395Z raft-host: gc-pass ms=319 orphan=0 reap=316 frag=1 spread=0 recover=1 fscans=2 fsegs=0 fkeys=218 femit=18 ftomb=200 scans=7 segs=0 keys=297 emit=19 tomb=278 reap_scan=0 reap_sweep=316 reap_fence=0 reap_done=0
2026-10-08T02:28:13.209Z kv-obs: mt_bytes=302113 l0_bytes=0 l0=0 l1=0
2026-10-08T02:28:13.713Z Loaded 4 persisted cluster node(s) from /data1/efs/gc-direct-8pmayjh5/n2/meta/cluster_nodes.bin
2026-10-08T02:28:13.713Z   persisted node 1: 127.0.0.1:26690
2026-10-08T02:28:13.713Z   persisted node 2: 127.0.0.1:26691
2026-10-08T02:28:13.713Z   persisted node 3: 127.0.0.1:26692
2026-10-08T02:28:13.713Z   persisted node 4: 127.0.0.1:26693
2026-10-08T02:28:13.716Z Joined cluster with 4 nodes
2026-10-08T02:28:13.717Z heartbeat: enabled (2000 ms interval)
2026-10-08T02:28:13.735Z raft-host: up raft_id=1 n=4 boot=5435547278647824 salt=2625170623253906666 g0=hosted g2=hosted
2026-10-08T02:28:13.735Z efsd (no git metadata, branch unknown, built 2026-10-08T02:21:25Z on nuc), build=unknown: node 2 listening on 127.0.0.1:26691, storage=/data1/efs/gc-direct-8pmayjh5/n2 (1 paths, stripe=none), used=4194304, quota=1073741824, direct_io=on, writers=4 shared
2026-10-08T02:28:13.736Z kv-obs: mt_bytes=302113 l0_bytes=0 l0=0 l1=0
2026-10-08T02:28:14.669Z iostats: get ops=0 bytes=0 errors=0 avg_us=0 p50_us=0 max_us=0 put ops=0 bytes=0 errors=0 avg_us=0 p50_us=0 max_us=0 wdisk ops=0 bytes=0 errors=0 avg_us=0 p50_us=0 max_us=0
2026-10-08T02:28:14.746Z raft-host: gc-pass ms=5 orphan=0 reap=0 frag=5 spread=0 recover=0 fscans=2 fsegs=0 fkeys=738 femit=72 ftomb=666 scans=5 segs=0 keys=5101 emit=530 tomb=4571 reap_scan=0 reap_sweep=0 reap_fence=0 reap_done=0
2026-10-08T02:28:15.717Z gc-health: stage=0 group=2 elapsed_ms=0 last_pass_age_ms=971 passes=2 sampled=2 pending=0,0 reap=0,0 removed=0 file_bytes=0 payload_bytes=0 delete_errors=0 sweep_errors=0 reap_errors=0 ack_errors=0 missing_exports=0
2026-10-08T02:28:18.737Z kv-obs: mt_bytes=296065 l0_bytes=0 l0=0 l1=0
2026-10-08T02:28:18.832Z raft-host: gc-pass ms=69 orphan=0 reap=0 frag=0 spread=0 recover=69 fscans=0 fsegs=0 fkeys=0 femit=0 ftomb=0 scans=194 segs=0 keys=276 emit=0 tomb=276 reap_scan=0 reap_sweep=0 reap_fence=0 reap_done=0
2026-10-08T02:28:19.669Z iostats: get ops=0 bytes=0 errors=0 avg_us=0 p50_us=0 max_us=0 put ops=0 bytes=0 errors=0 avg_us=0 p50_us=0 max_us=0 wdisk ops=0 bytes=0 errors=0 avg_us=0 p50_us=0 max_us=0
2026-10-08T02:28:19.906Z raft-host: gc-pass ms=69 orphan=0 reap=0 frag=0 spread=0 recover=69 fscans=0 fsegs=0 fkeys=0 femit=0 ftomb=0 scans=194 segs=0 keys=279 emit=0 tomb=279 reap_scan=0 reap_sweep=0 reap_fence=0 reap_done=0
2026-10-08T02:28:20.979Z raft-host: gc-pass ms=69 orphan=0 reap=0 frag=0 spread=0 recover=69 fscans=0 fsegs=0 fkeys=0 femit=0 ftomb=0 scans=194 segs=0 keys=276 emit=0 tomb=276 reap_scan=0 reap_sweep=0 reap_fence=0 reap_done=0
2026-10-08T02:28:22.052Z raft-host: gc-pass ms=68 orphan=0 reap=0 frag=0 spread=0 recover=68 fscans=0 fsegs=0 fkeys=0 femit=0 ftomb=0 scans=194 segs=0 keys=276 emit=0 tomb=276 reap_scan=0 reap_sweep=0 reap_fence=0 reap_done=0
2026-10-08T02:28:23.126Z raft-host: gc-pass ms=69 orphan=0 reap=0 frag=0 spread=0 recover=69 fscans=0 fsegs=0 fkeys=0 femit=0 ftomb=0 scans=194 segs=0 keys=282 emit=0 tomb=282 reap_scan=0 reap_sweep=0 reap_fence=0 reap_done=0
2026-10-08T02:28:24.199Z raft-host: gc-pass ms=68 orphan=0 reap=0 frag=0 spread=0 recover=68 fscans=0 fsegs=0 fkeys=0 femit=0 ftomb=0 scans=194 segs=0 keys=279 emit=0 tomb=279 reap_scan=0 reap_sweep=0 reap_fence=0 reap_done=0
2026-10-08T02:28:24.669Z iostats: get ops=0 bytes=0 errors=0 avg_us=0 p50_us=0 max_us=0 put ops=0 bytes=0 errors=0 avg_us=0 p50_us=0 max_us=0 wdisk ops=0 bytes=0 errors=0 avg_us=0 p50_us=0 max_us=0
2026-10-08T02:28:25.274Z raft-host: gc-pass ms=70 orphan=0 reap=0 frag=0 spread=0 recover=70 fscans=0 fsegs=0 fkeys=0 femit=0 ftomb=0 scans=194 segs=0 keys=276 emit=0 tomb=276 reap_scan=0 reap_sweep=0 reap_fence=0 reap_done=0
2026-10-08T02:28:26.022Z raft-host: applied session index=1448 kind=8 shard=0 ino=8193
2026-10-08T02:28:26.065Z raft-host: applied session index=1449 kind=9 shard=0 ino=8193
2026-10-08T02:28:26.071Z raft-host: applied session index=1450 kind=8 shard=0 ino=4097
2026-10-08T02:28:26.073Z raft-host: applied session index=1451 kind=9 shard=0 ino=4097
2026-10-08T02:28:26.347Z raft-host: gc-pass ms=68 orphan=0 reap=0 frag=0 spread=0 recover=68 fscans=0 fsegs=0 fkeys=0 femit=0 ftomb=0 scans=194 segs=0 keys=276 emit=0 tomb=276 reap_scan=0 reap_sweep=0 reap_fence=0 reap_done=0
2026-10-08T02:28:26.827Z raft-host: applied session index=1457 kind=8 shard=0 ino=69633
2026-10-08T02:28:26.830Z store: put O_DIRECT bounce copy (buf align=3520 len=65536)
2026-10-08T02:28:26.866Z raft-host: applied session index=1460 kind=9 shard=0 ino=69633
2026-10-08T02:28:27.421Z raft-host: gc-pass ms=69 orphan=0 reap=0 frag=0 spread=0 recover=69 fscans=0 fsegs=0 fkeys=0 femit=0 ftomb=0 scans=194 segs=0 keys=276 emit=0 tomb=276 reap_scan=0 reap_sweep=0 reap_fence=0 reap_done=0
2026-10-08T02:28:27.918Z raft-host: apply-sleep us=20695 group=2 idx=2732 applied=2731
2026-10-08T02:28:28.518Z raft-host: gc-pass ms=92 orphan=0 reap=0 frag=23 spread=0 recover=69 fscans=1 fsegs=0 fkeys=405 femit=36 ftomb=369 scans=195 segs=0 keys=681 emit=36 tomb=645 reap_scan=0 reap_sweep=0 reap_fence=0 reap_done=0
2026-10-08T02:28:28.741Z kv-obs: mt_bytes=316226 l0_bytes=0 l0=0 l1=0
2026-10-08T02:28:29.388Z raft-host: apply-sleep us=20781 group=2 idx=2765 applied=2764
2026-10-08T02:28:29.592Z raft-host: gc-pass ms=68 orphan=0 reap=0 frag=0 spread=0 recover=68 fscans=2 fsegs=0 fkeys=654 femit=18 ftomb=636 scans=196 segs=0 keys=933 emit=18 tomb=915 reap_scan=0 reap_sweep=0 reap_fence=0 reap_done=0
2026-10-08T02:28:29.671Z iostats: get ops=30 bytes=1966080 errors=0 avg_us=1684 p50_us=1779 max_us=3374 put ops=54 bytes=3538944 errors=0 avg_us=1907 p50_us=1881 max_us=4399 wdisk ops=54 bytes=3538944 errors=0 avg_us=985 p50_us=1069 max_us=2342
2026-10-08T02:28:30.413Z Loaded 4 persisted cluster node(s) from /data1/efs/gc-direct-8pmayjh5/n2/meta/cluster_nodes.bin
2026-10-08T02:28:30.413Z   persisted node 1: 127.0.0.1:26690
2026-10-08T02:28:30.413Z   persisted node 2: 127.0.0.1:26691
2026-10-08T02:28:30.413Z   persisted node 3: 127.0.0.1:26692
2026-10-08T02:28:30.413Z   persisted node 4: 127.0.0.1:26693
2026-10-08T02:28:30.415Z Joined cluster with 4 nodes
2026-10-08T02:28:30.416Z heartbeat: enabled (2000 ms interval)
2026-10-08T02:28:30.436Z raft-host: up raft_id=1 n=4 boot=5435547278647825 salt=16846412337497118021 g0=hosted g2=hosted
2026-10-08T02:28:30.436Z efsd (no git metadata, branch unknown, built 2026-10-08T02:21:25Z on nuc), build=unknown: node 2 listening on 127.0.0.1:26691, storage=/data1/efs/gc-direct-8pmayjh5/n2 (1 paths, stripe=none), used=3538944, quota=1073741824, direct_io=on, writers=4 shared
2026-10-08T02:28:30.436Z kv-obs: mt_bytes=316226 l0_bytes=0 l0=0 l1=0
2026-10-08T02:28:31.387Z iostats: get ops=0 bytes=0 errors=0 avg_us=0 p50_us=0 max_us=0 put ops=0 bytes=0 errors=0 avg_us=0 p50_us=0 max_us=0 wdisk ops=0 bytes=0 errors=0 avg_us=0 p50_us=0 max_us=0
2026-10-08T02:28:31.505Z raft-host: gc-pass ms=64 orphan=0 reap=0 frag=64 spread=0 recover=0 fscans=2 fsegs=0 fkeys=810 femit=36 ftomb=774 scans=5 segs=0 keys=5392 emit=509 tomb=4883 reap_scan=0 reap_sweep=0 reap_fence=0 reap_done=0
2026-10-08T02:28:32.416Z gc-health: stage=0 group=2 elapsed_ms=0 last_pass_age_ms=911 passes=2 sampled=2 pending=0,0 reap=0,0 removed=0 file_bytes=0 payload_bytes=0 delete_errors=0 sweep_errors=0 reap_errors=0 ack_errors=0 missing_exports=0
2026-10-08T02:28:35.438Z kv-obs: mt_bytes=314210 l0_bytes=0 l0=0 l1=0
2026-10-08T02:28:35.595Z raft-host: gc-pass ms=69 orphan=0 reap=0 frag=0 spread=0 recover=69 fscans=0 fsegs=0 fkeys=0 femit=0 ftomb=0 scans=194 segs=0 keys=276 emit=0 tomb=276 reap_scan=0 reap_sweep=0 reap_fence=0 reap_done=0
2026-10-08T02:28:36.390Z iostats: get ops=0 bytes=0 errors=0 avg_us=0 p50_us=0 max_us=0 put ops=0 bytes=0 errors=0 avg_us=0 p50_us=0 max_us=0 wdisk ops=0 bytes=0 errors=0 avg_us=0 p50_us=0 max_us=0
2026-10-08T02:28:36.669Z raft-host: gc-pass ms=69 orphan=0 reap=0 frag=0 spread=0 recover=69 fscans=0 fsegs=0 fkeys=0 femit=0 ftomb=0 scans=194 segs=0 keys=279 emit=0 tomb=279 reap_scan=0 reap_sweep=0 reap_fence=0 reap_done=0
2026-10-08T02:28:37.743Z raft-host: gc-pass ms=69 orphan=0 reap=0 frag=0 spread=0 recover=69 fscans=0 fsegs=0 fkeys=0 femit=0 ftomb=0 scans=194 segs=0 keys=276 emit=0 tomb=276 reap_scan=0 reap_sweep=0 reap_fence=0 reap_done=0
2026-10-08T02:28:38.816Z raft-host: gc-pass ms=68 orphan=0 reap=0 frag=0 spread=0 recover=68 fscans=0 fsegs=0 fkeys=0 femit=0 ftomb=0 scans=194 segs=0 keys=276 emit=0 tomb=276 reap_scan=0 reap_sweep=0 reap_fence=0 reap_done=0
2026-10-08T02:28:39.890Z raft-host: gc-pass ms=69 orphan=0 reap=0 frag=0 spread=0 recover=69 fscans=0 fsegs=0 fkeys=0 femit=0 ftomb=0 scans=194 segs=0 keys=282 emit=0 tomb=282 reap_scan=0 reap_sweep=0 reap_fence=0 reap_done=0
2026-10-08T02:28:40.964Z raft-host: gc-pass ms=68 orphan=0 reap=0 frag=0 spread=0 recover=68 fscans=0 fsegs=0 fkeys=0 femit=0 ftomb=0 scans=194 segs=0 keys=279 emit=0 tomb=279 reap_scan=0 reap_sweep=0 reap_fence=0 reap_done=0
2026-10-08T02:28:41.390Z iostats: get ops=0 bytes=0 errors=0 avg_us=0 p50_us=0 max_us=0 put ops=0 bytes=0 errors=0 avg_us=0 p50_us=0 max_us=0 wdisk ops=0 bytes=0 errors=0 avg_us=0 p50_us=0 max_us=0
2026-10-08T02:28:42.038Z raft-host: gc-pass ms=69 orphan=0 reap=0 frag=0 spread=0 recover=69 fscans=0 fsegs=0 fkeys=0 femit=0 ftomb=0 scans=194 segs=0 keys=276 emit=0 tomb=276 reap_scan=0 reap_sweep=0 reap_fence=0 reap_done=0
2026-10-08T02:28:43.112Z raft-host: gc-pass ms=68 orphan=0 reap=0 frag=0 spread=0 recover=68 fscans=0 fsegs=0 fkeys=0 femit=0 ftomb=0 scans=194 segs=0 keys=276 emit=0 tomb=276 reap_scan=0 reap_sweep=0 reap_fence=0 reap_done=0
2026-10-08T02:28:44.195Z raft-host: gc-pass ms=78 orphan=0 reap=0 frag=9 spread=0 recover=69 fscans=1 fsegs=0 fkeys=441 femit=36 ftomb=405 scans=195 segs=0 keys=717 emit=36 tomb=681 reap_scan=0 reap_sweep=0 reap_fence=0 reap_done=0
2026-10-08T02:28:45.269Z raft-host: gc-pass ms=69 orphan=0 reap=0 frag=0 spread=0 recover=69 fscans=0 fsegs=0 fkeys=0 femit=0 ftomb=0 scans=194 segs=0 keys=276 emit=0 tomb=276 reap_scan=0 reap_sweep=0 reap_fence=0 reap_done=0
2026-10-08T02:28:45.445Z kv-obs: mt_bytes=302219 l0_bytes=0 l0=0 l1=0
2026-10-08T02:28:45.930Z Loaded 4 persisted cluster node(s) from /data1/efs/gc-direct-8pmayjh5/n2/meta/cluster_nodes.bin
2026-10-08T02:28:45.930Z   persisted node 1: 127.0.0.1:26690
2026-10-08T02:28:45.930Z   persisted node 2: 127.0.0.1:26691
2026-10-08T02:28:45.930Z   persisted node 3: 127.0.0.1:26692
2026-10-08T02:28:45.930Z   persisted node 4: 127.0.0.1:26693
2026-10-08T02:28:45.932Z Joined cluster with 4 nodes
2026-10-08T02:28:45.933Z heartbeat: enabled (2000 ms interval)
2026-10-08T02:28:45.954Z kv-obs: mt_bytes=302219 l0_bytes=0 l0=0 l1=0
2026-10-08T02:28:45.954Z raft-host: up raft_id=1 n=4 boot=5435547278647826 salt=10166777555139162011 g0=hosted g2=hosted
2026-10-08T02:28:45.954Z efsd (no git metadata, branch unknown, built 2026-10-08T02:21:25Z on nuc), build=unknown: node 2 listening on 127.0.0.1:26691, storage=/data1/efs/gc-direct-8pmayjh5/n2 (1 paths, stripe=none), used=0, quota=1073741824, direct_io=on, writers=4 shared
2026-10-08T02:28:47.933Z gc-health: stage=0 group=2 elapsed_ms=0 last_pass_age_ms=974 passes=2 sampled=2 pending=0,0 reap=0,0 removed=0 file_bytes=0 payload_bytes=0 delete_errors=0 sweep_errors=0 reap_errors=0 ack_errors=0 missing_exports=0
2026-10-08T02:28:49.710Z iostats: get ops=0 bytes=0 errors=0 avg_us=0 p50_us=0 max_us=0 put ops=1 bytes=0 errors=1 avg_us=882 p50_us=882 max_us=882 wdisk ops=1 bytes=65536 errors=1 avg_us=569 p50_us=569 max_us=569
