# pass ino ci frag node rc
1 82861 51153 0 2 0
1 82861 51153 1 3 0
1 82861 51153 2 4 0
1 82861 52379 0 4 0
1 82861 52379 1 1 0
1 82861 52379 2 2 0
1 82861 29551 0 4 0
1 82861 29551 1 1 0
1 82861 29551 2 2 0
1 82861 46963 0 4 0
1 82861 46963 1 1 0
1 82861 46963 2 2 0
1 82861 18853 0 2 0
1 82861 18853 1 3 0
1 82861 18853 2 4 0
1 82861 33063 0 4 0
1 82861 33063 1 1 0
1 82861 33063 2 2 0
1 82861 50127 0 4 0
1 82861 50127 1 1 0
1 82861 50127 2 2 0
1 82861 12999 0 4 0
1 82861 12999 1 1 0
1 82861 12999 2 2 0
1 82861 76529 0 2 0
1 82861 76529 1 3 0
1 82861 76529 2 4 0
1 82861 4561 0 2 0
1 82861 4561 1 3 0
1 82861 4561 2 4 0
1 82861 26433 0 2 0
1 82861 26433 1 3 0
1 82861 26433 2 4 0
1 82861 81011 0 4 0
1 82861 81011 1 1 0
1 82861 81011 2 2 0
1 82861 13219 0 4 0
1 82861 13219 1 1 0
1 82861 13219 2 2 0
1 82861 57645 0 2 0
1 82861 57645 1 3 0
1 82861 57645 2 4 0
1 82861 5733 0 2 0
1 82861 5733 1 3 0
1 82861 5733 2 4 0
1 82861 6189 0 2 0
1 82861 6189 1 3 0
1 82861 6189 2 4 0
1 82861 49813 0 2 0
1 82861 49813 1 3 0
1 82861 49813 2 4 0
1 82861 25803 0 4 0
1 82861 25803 1 1 0
1 82861 25803 2 2 0
1 82861 71165 0 2 0
1 82861 71165 1 3 0
1 82861 71165 2 4 0
1 82861 67553 0 2 0
1 82861 67553 1 3 0
1 82861 67553 2 4 0
1 82861 8925 0 2 0
1 82861 8925 1 3 0
1 82861 8925 2 4 0
1 82861 43241 0 2 0
1 82861 43241 1 3 0
1 82861 43241 2 4 0
1 82861 65301 0 2 0
1 82861 65301 1 3 0
1 82861 65301 2 4 0
1 82861 1421 0 2 0
1 82861 1421 1 3 0
1 82861 1421 2 4 0
1 82861 10459 0 4 0
1 82861 10459 1 1 0
1 82861 10459 2 2 0
1 82861 17037 0 2 0
1 82861 17037 1 3 0
1 82861 17037 2 4 0
1 82861 51607 0 4 0
1 82861 51607 1 1 0
1 82861 51607 2 2 0
1 82861 69223 0 4 0
1 82861 69223 1 1 0
1 82861 69223 2 2 0
1 82861 13867 0 4 0
1 82861 13867 1 1 0
1 82861 13867 2 2 0
1 82861 43033 0 2 0
1 82861 43033 1 3 0
1 82861 43033 2 4 0
1 82861 80589 0 2 0
1 82861 80589 1 3 0
1 82861 80589 2 4 0
1 82861 73859 0 4 0
1 82861 73859 1 1 0
1 82861 73859 2 2 0
1 82861 74357 0 2 0
1 82861 74357 1 3 0
1 82861 74357 2 4 0
1 82861 26575 0 4 0
1 82861 26575 1 1 0
1 82861 26575 2 2 0
1 82861 56913 0 2 0
1 82861 56913 1 3 0
1 82861 56913 2 4 0
1 82861 29855 0 4 0
1 82861 29855 1 1 0
1 82861 29855 2 2 0
1 82861 1777 0 2 0
1 82861 1777 1 3 0
1 82861 1777 2 4 0
1 82861 12047 0 4 0
1 82861 12047 1 1 0
1 82861 12047 2 2 0
1 82861 22785 0 2 0
1 82861 22785 1 3 0
1 82861 22785 2 4 0
1 82861 54385 0 2 0
1 82861 54385 1 3 0
1 82861 54385 2 4 0
1 82861 79643 0 4 0
1 82861 79643 1 1 0
1 82861 79643 2 2 0
1 82861 11679 0 4 0
1 82861 11679 1 1 0
1 82861 11679 2 2 0
1 82861 32595 0 4 0
1 82861 32595 1 1 0
1 82861 32595 2 2 0
1 82861 3431 0 4 0
1 82861 3431 1 1 0
1 82861 3431 2 2 0
1 82861 24167 0 4 0
1 82861 24167 1 1 0
1 82861 24167 2 2 0
1 82861 63901 0 2 0
1 82861 63901 1 3 0
1 82861 63901 2 4 0
1 82861 29797 0 2 0
1 82861 29797 1 3 0
1 82861 29797 2 4 0
1 82861 60113 0 2 0
1 82861 60113 1 3 0
1 82861 60113 2 4 0
1 82861 8279 0 4 0
1 82861 8279 1 1 0
1 82861 8279 2 2 0
1 82861 71365 0 2 0
1 82861 71365 1 3 0
1 82861 71365 2 4 0
1 82861 70975 0 4 0
1 82861 70975 1 1 0
1 82861 70975 2 2 0
1 82861 22771 0 4 0
1 82861 22771 1 1 0
1 82861 22771 2 2 0
1 82861 70221 0 2 0
1 82861 70221 1 3 0
1 82861 70221 2 4 0
1 82861 49993 0 2 0
1 82861 49993 1 3 0
1 82861 49993 2 4 0
1 82861 67065 0 2 0
1 82861 67065 1 3 0
1 82861 67065 2 4 0
1 82861 73785 0 2 0
1 82861 73785 1 3 0
1 82861 73785 2 4 0
1 82861 32977 0 2 0
1 82861 32977 1 3 0
1 82861 32977 2 4 0
1 82861 45103 0 4 0
1 82861 45103 1 1 0
1 82861 45103 2 2 0
1 82861 57403 0 4 0
1 82861 57403 1 1 0
1 82861 57403 2 2 0
1 82861 61011 0 4 0
1 82861 61011 1 1 0
1 82861 61011 2 2 0
1 82861 20561 0 2 0
1 82861 20561 1 3 0
1 82861 20561 2 4 0
1 82861 8637 0 2 0
1 82861 8637 1 3 0
1 82861 8637 2 4 0
1 82861 65331 0 4 0
1 82861 65331 1 1 0
1 82861 65331 2 2 0
1 82861 33531 0 4 0
1 82861 33531 1 1 0
1 82861 33531 2 2 0
1 82861 19891 0 4 0
1 82861 19891 1 1 0
1 82861 19891 2 2 0
1 82861 44027 0 4 0
1 82861 44027 1 1 0
1 82861 44027 2 2 0
1 82861 74225 0 2 0
1 82861 74225 1 3 0
1 82861 74225 2 4 0
1 82861 42021 0 2 0
1 82861 42021 1 3 0
1 82861 42021 2 4 0
1 82861 325 0 2 0
1 82861 325 1 3 0
1 82861 325 2 4 0
1 82861 70201 0 2 0
1 82861 70201 1 3 0
1 82861 70201 2 4 0
1 82861 72289 0 2 0
1 82861 72289 1 3 0
1 82861 72289 2 4 0
1 82861 42395 0 4 0
1 82861 42395 1 1 0
1 82861 42395 2 2 0
1 82861 76739 0 4 0
1 82861 76739 1 1 0
1 82861 76739 2 2 0
1 82861 1863 0 4 0
1 82861 1863 1 1 0
1 82861 1863 2 2 0
1 82861 4089 0 2 0
1 82861 4089 1 3 0
1 82861 4089 2 4 0
1 82861 5871 0 4 0
1 82861 5871 1 1 0
1 82861 5871 2 2 0
1 82861 37777 0 2 0
1 82861 37777 1 3 0
1 82861 37777 2 4 0
1 82861 32865 0 2 0
1 82861 32865 1 3 0
1 82861 32865 2 4 0
1 82861 73511 0 4 0
1 82861 73511 1 1 0
1 82861 73511 2 2 0
1 82861 54941 0 2 0
1 82861 54941 1 3 0
1 82861 54941 2 4 0
1 82861 12743 0 4 0
1 82861 12743 1 1 0
1 82861 12743 2 2 0
1 82861 73131 0 4 0
1 82861 73131 1 1 0
1 82861 73131 2 2 0
1 82861 39793 0 2 0
1 82861 39793 1 3 0
1 82861 39793 2 4 0
1 82861 10749 0 2 0
1 82861 10749 1 3 0
1 82861 10749 2 4 0
1 82861 24919 0 4 0
1 82861 24919 1 1 0
1 82861 24919 2 2 0
1 82861 9245 0 2 0
1 82861 9245 1 3 0
1 82861 9245 2 4 0
1 82861 45119 0 4 0
1 82861 45119 1 1 0
1 82861 45119 2 2 0
1 82861 60733 0 2 0
1 82861 60733 1 3 0
1 82861 60733 2 4 0
1 82861 34125 0 2 0
1 82861 34125 1 3 0
1 82861 34125 2 4 0
1 82861 24495 0 4 0
1 82861 24495 1 1 0
1 82861 24495 2 2 0
1 82861 11053 0 2 0
1 82861 11053 1 3 0
1 82861 11053 2 4 0
1 82861 71747 0 4 0
1 82861 71747 1 1 0
1 82861 71747 2 2 0
1 82861 5515 0 4 0
1 82861 5515 1 1 0
1 82861 5515 2 2 0
1 82861 24871 0 4 0
1 82861 24871 1 1 0
1 82861 24871 2 2 0
1 82861 14667 0 4 0
1 82861 14667 1 1 0
1 82861 14667 2 2 0
1 82861 53423 0 4 0
1 82861 53423 1 1 0
1 82861 53423 2 2 0
1 82861 43903 0 4 0
1 82861 43903 1 1 0
1 82861 43903 2 2 0
1 82861 42481 0 2 0
1 82861 42481 1 3 0
1 82861 42481 2 4 0
1 82861 61217 0 2 0
1 82861 61217 1 3 0
1 82861 61217 2 4 0
1 82861 56615 0 4 0
1 82861 56615 1 1 0
1 82861 56615 2 2 0
1 82861 52411 0 4 0
1 82861 52411 1 1 0
1 82861 52411 2 2 0
1 82861 7357 0 2 0
1 82861 7357 1 3 0
1 82861 7357 2 4 0
1 82861 66179 0 4 0
1 82861 66179 1 1 0
1 82861 66179 2 2 0
1 82861 23571 0 4 0
1 82861 23571 1 1 0
1 82861 23571 2 2 0
1 82861 76575 0 4 0
1 82861 76575 1 1 0
1 82861 76575 2 2 0
1 82861 19427 0 4 0
1 82861 19427 1 1 0
1 82861 19427 2 2 0
1 82861 25013 0 2 0
1 82861 25013 1 3 0
1 82861 25013 2 4 0
1 82861 14693 0 2 0
1 82861 14693 1 3 0
1 82861 14693 2 4 0
1 82861 22315 0 4 0
1 82861 22315 1 1 0
1 82861 22315 2 2 0
1 82861 36255 0 4 0
1 82861 36255 1 1 0
1 82861 36255 2 2 0
1 82861 57039 0 4 0
1 82861 57039 1 1 0
1 82861 57039 2 2 0
1 82861 69345 0 2 0
1 82861 69345 1 3 0
1 82861 69345 2 4 0
1 82861 11311 0 4 0
1 82861 11311 1 1 0
1 82861 11311 2 2 0
1 82861 17567 0 4 0
1 82861 17567 1 1 0
1 82861 17567 2 2 0
1 82861 63735 0 4 0
1 82861 63735 1 1 0
1 82861 63735 2 2 0
1 82861 8425 0 2 0
1 82861 8425 1 3 0
1 82861 8425 2 4 0
1 82861 74695 0 4 0
1 82861 74695 1 1 0
1 82861 74695 2 2 0
1 82861 10713 0 2 0
1 82861 10713 1 3 0
1 82861 10713 2 4 0
1 82861 60631 0 4 0
1 82861 60631 1 1 0
1 82861 60631 2 2 0
1 82861 80453 0 2 0
1 82861 80453 1 3 0
1 82861 80453 2 4 0
1 82861 79259 0 4 0
1 82861 79259 1 1 0
1 82861 79259 2 2 0
1 82861 10405 0 2 0
1 82861 10405 1 3 0
1 82861 10405 2 4 0
1 82861 47699 0 4 0
1 82861 47699 1 1 0
1 82861 47699 2 2 0
1 82861 30503 0 4 0
1 82861 30503 1 1 0
1 82861 30503 2 2 0
1 82861 28781 0 2 0
1 82861 28781 1 3 0
1 82861 28781 2 4 0
1 82861 17433 0 2 0
1 82861 17433 1 3 0
1 82861 17433 2 4 0
1 82861 60175 0 4 0
1 82861 60175 1 1 0
1 82861 60175 2 2 0
1 82861 73149 0 2 0
1 82861 73149 1 3 0
1 82861 73149 2 4 0
1 82861 30585 0 2 0
1 82861 30585 1 3 0
1 82861 30585 2 4 0
1 82861 12837 0 2 0
1 82861 12837 1 3 0
1 82861 12837 2 4 0
1 82861 66707 0 4 0
1 82861 66707 1 1 0
1 82861 66707 2 2 0
1 82861 24121 0 2 0
1 82861 24121 1 3 0
1 82861 24121 2 4 0
1 82861 45627 0 4 0
1 82861 45627 1 1 0
1 82861 45627 2 2 0
1 82861 8781 0 2 0
1 82861 8781 1 3 0
1 82861 8781 2 4 0
1 82861 57441 0 2 0
1 82861 57441 1 3 0
1 82861 57441 2 4 0
1 82861 26927 0 4 0
1 82861 26927 1 1 0
1 82861 26927 2 2 0
1 82861 68043 0 4 0
1 82861 68043 1 1 0
1 82861 68043 2 2 0
1 82861 38725 0 2 0
1 82861 38725 1 3 0
1 82861 38725 2 4 0
1 82861 8277 0 2 0
1 82861 8277 1 3 0
1 82861 8277 2 4 0
1 82861 26039 0 4 0
1 82861 26039 1 1 0
1 82861 26039 2 2 0
1 82861 74199 0 4 0
1 82861 74199 1 1 0
1 82861 74199 2 2 0
1 82861 36387 0 4 0
1 82861 36387 1 1 0
1 82861 36387 2 2 0
1 82861 72777 0 2 0
1 82861 72777 1 3 0
1 82861 72777 2 4 0
1 82861 51307 0 4 0
1 82861 51307 1 1 0
1 82861 51307 2 2 0
1 82861 21057 0 2 0
1 82861 21057 1 3 0
1 82861 21057 2 4 0
1 82861 16303 0 4 0
1 82861 16303 1 1 0
1 82861 16303 2 2 0
1 82861 64717 0 2 0
1 82861 64717 1 3 0
1 82861 64717 2 4 0
1 82861 33035 0 4 0
1 82861 33035 1 1 0
1 82861 33035 2 2 0
1 82861 27953 0 2 0
1 82861 27953 1 3 0
1 82861 27953 2 4 0
1 82861 6607 0 4 0
1 82861 6607 1 1 0
1 82861 6607 2 2 0
1 82861 40365 0 2 0
1 82861 40365 1 3 0
1 82861 40365 2 4 0
1 82861 22193 0 2 0
1 82861 22193 1 3 0
1 82861 22193 2 4 0
1 82861 45295 0 4 0
1 82861 45295 1 1 0
1 82861 45295 2 2 0
1 82861 34945 0 2 0
1 82861 34945 1 3 0
1 82861 34945 2 4 0
1 82861 62403 0 4 0
1 82861 62403 1 1 0
1 82861 62403 2 2 0
1 82861 8579 0 4 0
1 82861 8579 1 1 0
1 82861 8579 2 2 0
1 82861 55703 0 4 0
1 82861 55703 1 1 0
1 82861 55703 2 2 0
1 82861 61203 0 4 0
1 82861 61203 1 1 0
1 82861 61203 2 2 0
1 82861 79317 0 2 0
1 82861 79317 1 3 0
1 82861 79317 2 4 0
1 82861 80505 0 2 0
1 82861 80505 1 3 0
1 82861 80505 2 4 0
1 82861 57699 0 4 0
1 82861 57699 1 1 0
1 82861 57699 2 2 0
1 82861 49943 0 4 0
1 82861 49943 1 1 0
1 82861 49943 2 2 0
1 82861 12115 0 4 0
1 82861 12115 1 1 0
1 82861 12115 2 2 0
1 82861 68079 0 4 0
1 82861 68079 1 1 0
1 82861 68079 2 2 0
1 82861 78425 0 2 0
1 82861 78425 1 3 0
1 82861 78425 2 4 0
1 82861 55265 0 2 0
1 82861 55265 1 3 0
1 82861 55265 2 4 0
1 82861 12343 0 4 0
1 82861 12343 1 1 0
1 82861 12343 2 2 0
1 82861 66947 0 4 0
1 82861 66947 1 1 0
1 82861 66947 2 2 0
1 82861 4993 0 2 0
1 82861 4993 1 3 0
1 82861 4993 2 4 0
1 82861 31647 0 4 0
1 82861 31647 1 1 0
1 82861 31647 2 2 0
1 82861 63121 0 2 0
1 82861 63121 1 3 0
1 82861 63121 2 4 0
1 82861 18127 0 4 0
1 82861 18127 1 1 0
1 82861 18127 2 2 0
1 82861 11615 0 4 0
1 82861 11615 1 1 0
1 82861 11615 2 2 0
1 82861 311 0 4 0
1 82861 311 1 1 0
1 82861 311 2 2 0
1 82861 43409 0 2 0
1 82861 43409 1 3 0
1 82861 43409 2 4 0
1 82861 29637 0 2 0
1 82861 29637 1 3 0
1 82861 29637 2 4 0
1 82861 80977 0 2 0
1 82861 80977 1 3 0
1 82861 80977 2 4 0
1 82861 10761 0 2 0
1 82861 10761 1 3 0
1 82861 10761 2 4 0
1 82861 57867 0 4 0
1 82861 57867 1 1 0
1 82861 57867 2 2 0
1 82861 54873 0 2 0
1 82861 54873 1 3 0
1 82861 54873 2 4 0
1 82861 49487 0 4 0
1 82861 49487 1 1 0
1 82861 49487 2 2 0
1 82861 49835 0 4 0
1 82861 49835 1 1 0
1 82861 49835 2 2 0
1 82861 2737 0 2 0
1 82861 2737 1 3 0
1 82861 2737 2 4 0
1 82861 48829 0 2 0
1 82861 48829 1 3 0
1 82861 48829 2 4 0
1 82861 27591 0 4 0
1 82861 27591 1 1 0
1 82861 27591 2 2 0
1 82861 66129 0 2 0
1 82861 66129 1 3 0
1 82861 66129 2 4 0
1 82861 1663 0 4 0
1 82861 1663 1 1 0
1 82861 1663 2 2 0
1 82861 22895 0 4 0
1 82861 22895 1 1 0
1 82861 22895 2 2 0
1 82861 14803 0 4 0
1 82861 14803 1 1 0
1 82861 14803 2 2 0
1 82861 12523 0 4 0
1 82861 12523 1 1 0
1 82861 12523 2 2 0
1 82861 62099 0 4 0
1 82861 62099 1 1 0
1 82861 62099 2 2 0
1 82861 553 0 2 0
1 82861 553 1 3 0
1 82861 553 2 4 0
1 82861 11651 0 4 0
1 82861 11651 1 1 0
1 82861 11651 2 2 0
1 82861 45213 0 2 0
1 82861 45213 1 3 0
1 82861 45213 2 4 0
1 82861 74539 0 4 0
1 82861 74539 1 1 0
1 82861 74539 2 2 0
1 82861 41937 0 2 0
1 82861 41937 1 3 0
1 82861 41937 2 4 0
1 82861 67647 0 4 0
1 82861 67647 1 1 0
1 82861 67647 2 2 0
1 82861 62813 0 2 0
1 82861 62813 1 3 0
1 82861 62813 2 4 0
1 82861 9989 0 2 0
1 82861 9989 1 3 0
1 82861 9989 2 4 0
1 82861 40837 0 2 0
1 82861 40837 1 3 0
1 82861 40837 2 4 0
1 82861 63813 0 2 0
1 82861 63813 1 3 0
1 82861 63813 2 4 0
1 82861 49223 0 4 0
1 82861 49223 1 1 0
1 82861 49223 2 2 0
1 82861 11919 0 4 0
1 82861 11919 1 1 0
1 82861 11919 2 2 0
1 82861 24517 0 2 0
1 82861 24517 1 3 0
1 82861 24517 2 4 0
1 82861 46705 0 2 0
1 82861 46705 1 3 0
1 82861 46705 2 4 0
1 82861 11847 0 4 0
1 82861 11847 1 1 0
1 82861 11847 2 2 0
1 82861 25121 0 2 0
1 82861 25121 1 3 0
1 82861 25121 2 4 0
1 82861 63255 0 4 0
1 82861 63255 1 1 0
1 82861 63255 2 2 0
1 82861 31135 0 4 0
1 82861 31135 1 1 0
1 82861 31135 2 2 0
1 82861 20103 0 4 0
1 82861 20103 1 1 0
1 82861 20103 2 2 0
1 82861 69377 0 2 0
1 82861 69377 1 3 0
1 82861 69377 2 4 0
1 82861 54753 0 2 0
1 82861 54753 1 3 0
1 82861 54753 2 4 0
1 82861 51061 0 2 0
1 82861 51061 1 3 0
1 82861 51061 2 4 0
1 82861 56017 0 2 0
1 82861 56017 1 3 0
1 82861 56017 2 4 0
1 82861 45181 0 2 0
1 82861 45181 1 3 0
1 82861 45181 2 4 0
1 82861 9731 0 4 0
1 82861 9731 1 1 0
1 82861 9731 2 2 0
1 82861 68935 0 4 0
1 82861 68935 1 1 0
1 82861 68935 2 2 0
1 82861 9793 0 2 0
1 82861 9793 1 3 0
1 82861 9793 2 4 0
1 82861 31831 0 4 0
1 82861 31831 1 1 0
1 82861 31831 2 2 0
1 82861 75485 0 2 0
1 82861 75485 1 3 0
1 82861 75485 2 4 0
1 82861 25631 0 4 0
1 82861 25631 1 1 0
1 82861 25631 2 2 0
1 82861 16299 0 4 0
1 82861 16299 1 1 0
1 82861 16299 2 2 0
1 82861 33773 0 2 0
1 82861 33773 1 3 0
1 82861 33773 2 4 0
1 82861 46267 0 4 0
1 82861 46267 1 1 0
1 82861 46267 2 2 0
1 82861 25355 0 4 0
1 82861 25355 1 1 0
1 82861 25355 2 2 0
1 82861 43125 0 2 0
1 82861 43125 1 3 0
1 82861 43125 2 4 0
1 82861 77375 0 4 0
1 82861 77375 1 1 0
1 82861 77375 2 2 0
1 82861 24413 0 2 0
1 82861 24413 1 3 0
1 82861 24413 2 4 0
1 82861 79855 0 4 0
1 82861 79855 1 1 0
1 82861 79855 2 2 0
1 82861 27819 0 4 0
1 82861 27819 1 1 0
1 82861 27819 2 2 0
1 82861 30013 0 2 0
1 82861 30013 1 3 0
1 82861 30013 2 4 0
1 82861 58863 0 4 0
1 82861 58863 1 1 0
1 82861 58863 2 2 0
1 82861 7353 0 2 0
1 82861 7353 1 3 0
1 82861 7353 2 4 0
1 82861 73129 0 2 0
1 82861 73129 1 3 0
1 82861 73129 2 4 0
1 82861 49351 0 4 0
1 82861 49351 1 1 0
1 82861 49351 2 2 0
1 82861 16787 0 4 0
1 82861 16787 1 1 0
1 82861 16787 2 2 0
1 82861 31407 0 4 0
1 82861 31407 1 1 0
1 82861 31407 2 2 0
1 82861 4291 0 4 0
1 82861 4291 1 1 0
1 82861 4291 2 2 0
1 82861 26245 0 2 0
1 82861 26245 1 3 0
1 82861 26245 2 4 0
1 82861 78739 0 4 0
1 82861 78739 1 1 0
1 82861 78739 2 2 0
1 82861 77429 0 2 0
1 82861 77429 1 3 0
1 82861 77429 2 4 0
1 82861 5061 0 2 0
1 82861 5061 1 3 0
1 82861 5061 2 4 0
1 82861 3753 0 2 0
1 82861 3753 1 3 0
1 82861 3753 2 4 0
1 82861 23081 0 2 0
1 82861 23081 1 3 0
1 82861 23081 2 4 0
1 82861 11635 0 4 0
1 82861 11635 1 1 0
1 82861 11635 2 2 0
1 82861 3263 0 4 0
1 82861 3263 1 1 0
1 82861 3263 2 2 0
1 82861 3549 0 2 0
1 82861 3549 1 3 0
1 82861 3549 2 4 0
1 82861 61033 0 2 0
1 82861 61033 1 3 0
1 82861 61033 2 4 0
1 82861 76101 0 2 0
1 82861 76101 1 3 0
1 82861 76101 2 4 0
1 82861 39629 0 2 0
1 82861 39629 1 3 0
1 82861 39629 2 4 0
1 82861 64167 0 4 0
1 82861 64167 1 1 0
1 82861 64167 2 2 0
1 82861 4939 0 4 0
1 82861 4939 1 1 0
1 82861 4939 2 2 0
1 82861 56123 0 4 0
1 82861 56123 1 1 0
1 82861 56123 2 2 0
1 82861 52963 0 4 0
1 82861 52963 1 1 0
1 82861 52963 2 2 0
1 82861 24963 0 4 0
1 82861 24963 1 1 0
1 82861 24963 2 2 0
1 82861 34837 0 2 0
1 82861 34837 1 3 0
1 82861 34837 2 4 0
1 82861 48885 0 2 0
1 82861 48885 1 3 0
1 82861 48885 2 4 0
1 82861 65007 0 4 0
1 82861 65007 1 1 0
1 82861 65007 2 2 0
1 82861 47081 0 2 0
1 82861 47081 1 3 0
1 82861 47081 2 4 0
1 82861 13051 0 4 0
1 82861 13051 1 1 0
1 82861 13051 2 2 0
1 82861 67595 0 4 0
1 82861 67595 1 1 0
1 82861 67595 2 2 0
1 82861 42959 0 4 0
1 82861 42959 1 1 0
1 82861 42959 2 2 0
1 82861 18169 0 2 0
1 82861 18169 1 3 0
1 82861 18169 2 4 0
1 82861 39059 0 4 0
1 82861 39059 1 1 0
1 82861 39059 2 2 0
1 82861 70157 0 2 0
1 82861 70157 1 3 0
1 82861 70157 2 4 0
1 82861 50275 0 4 0
1 82861 50275 1 1 0
1 82861 50275 2 2 0
1 82861 73351 0 4 0
1 82861 73351 1 1 0
1 82861 73351 2 2 0
1 82861 66643 0 4 0
1 82861 66643 1 1 0
1 82861 66643 2 2 0
1 82861 80667 0 4 0
1 82861 80667 1 1 0
1 82861 80667 2 2 0
1 82861 1161 0 2 0
1 82861 1161 1 3 0
1 82861 1161 2 4 0
1 82861 26297 0 2 0
1 82861 26297 1 3 0
1 82861 26297 2 4 0
1 82861 74043 0 4 0
1 82861 74043 1 1 0
1 82861 74043 2 2 0
1 82861 68187 0 4 0
1 82861 68187 1 1 0
1 82861 68187 2 2 0
1 82861 18181 0 2 0
1 82861 18181 1 3 0
1 82861 18181 2 4 0
1 82861 42061 0 2 0
1 82861 42061 1 3 0
1 82861 42061 2 4 0
1 82861 43267 0 4 0
1 82861 43267 1 1 0
1 82861 43267 2 2 0
1 82861 81091 0 4 0
1 82861 81091 1 1 0
1 82861 81091 2 2 0
1 82861 48215 0 4 0
1 82861 48215 1 1 0
1 82861 48215 2 2 0
1 82861 21719 0 4 0
1 82861 21719 1 1 0
1 82861 21719 2 2 0
1 82861 58615 0 4 0
1 82861 58615 1 1 0
1 82861 58615 2 2 0
1 82861 48113 0 2 0
1 82861 48113 1 3 0
1 82861 48113 2 4 0
1 82861 9497 0 2 0
1 82861 9497 1 3 0
1 82861 9497 2 4 0
1 82861 15237 0 2 0
1 82861 15237 1 3 0
1 82861 15237 2 4 0
1 82861 78397 0 2 0
1 82861 78397 1 3 0
1 82861 78397 2 4 0
1 82861 42925 0 2 0
1 82861 42925 1 3 0
1 82861 42925 2 4 0
1 82861 68083 0 4 0
1 82861 68083 1 1 0
1 82861 68083 2 2 0
1 82861 53757 0 2 0
1 82861 53757 1 3 0
1 82861 53757 2 4 0
1 82861 2571 0 4 0
1 82861 2571 1 1 0
1 82861 2571 2 2 0
1 82861 33009 0 2 0
1 82861 33009 1 3 0
1 82861 33009 2 4 0
1 82861 29269 0 2 0
1 82861 29269 1 3 0
1 82861 29269 2 4 0
1 82861 30615 0 4 0
1 82861 30615 1 1 0
1 82861 30615 2 2 0
1 82861 3751 0 4 0
1 82861 3751 1 1 0
1 82861 3751 2 2 0
1 82861 659 0 4 0
1 82861 659 1 1 0
1 82861 659 2 2 0
1 82861 47375 0 4 0
1 82861 47375 1 1 0
1 82861 47375 2 2 0
1 82861 80177 0 2 0
1 82861 80177 1 3 0
1 82861 80177 2 4 0
1 82861 60573 0 2 0
1 82861 60573 1 3 0
1 82861 60573 2 4 0
1 82861 72961 0 2 0
1 82861 72961 1 3 0
1 82861 72961 2 4 0
1 82861 10953 0 2 0
1 82861 10953 1 3 0
1 82861 10953 2 4 0
1 82861 50073 0 2 0
1 82861 50073 1 3 0
1 82861 50073 2 4 0
1 82861 56377 0 2 0
1 82861 56377 1 3 0
1 82861 56377 2 4 0
1 82861 61075 0 4 0
1 82861 61075 1 1 0
1 82861 61075 2 2 0
1 82861 74575 0 4 0
1 82861 74575 1 1 0
1 82861 74575 2 2 0
1 82861 51567 0 4 0
1 82861 51567 1 1 0
1 82861 51567 2 2 0
1 82861 189 0 2 0
1 82861 189 1 3 0
1 82861 189 2 4 0
1 82861 54883 0 4 0
1 82861 54883 1 1 0
1 82861 54883 2 2 0
1 82861 28651 0 4 0
1 82861 28651 1 1 0
1 82861 28651 2 2 0
1 82861 23731 0 4 0
1 82861 23731 1 1 0
1 82861 23731 2 2 0
1 82861 14453 0 2 0
1 82861 14453 1 3 0
1 82861 14453 2 4 0
1 82861 78011 0 4 0
1 82861 78011 1 1 0
1 82861 78011 2 2 0
1 82861 56101 0 2 0
1 82861 56101 1 3 0
1 82861 56101 2 4 0
1 82861 54113 0 2 0
1 82861 54113 1 3 0
1 82861 54113 2 4 0
1 82861 55621 0 2 0
1 82861 55621 1 3 0
1 82861 55621 2 4 0
1 82861 50189 0 2 0
1 82861 50189 1 3 0
1 82861 50189 2 4 0
1 82861 38533 0 2 0
1 82861 38533 1 3 0
1 82861 38533 2 4 0
1 82861 66459 0 4 0
1 82861 66459 1 1 0
1 82861 66459 2 2 0
1 82861 17863 0 4 0
1 82861 17863 1 1 0
1 82861 17863 2 2 0
1 82861 35187 0 4 0
1 82861 35187 1 1 0
1 82861 35187 2 2 0
1 82861 15135 0 4 0
1 82861 15135 1 1 0
1 82861 15135 2 2 0
1 82861 14501 0 2 0
1 82861 14501 1 3 0
1 82861 14501 2 4 0
1 82861 11701 0 2 0
1 82861 11701 1 3 0
1 82861 11701 2 4 0
1 82861 19079 0 4 0
1 82861 19079 1 1 0
1 82861 19079 2 2 0
1 82861 78645 0 2 0
1 82861 78645 1 3 0
1 82861 78645 2 4 0
1 82861 70569 0 2 0
1 82861 70569 1 3 0
1 82861 70569 2 4 0
1 82861 58025 0 2 0
1 82861 58025 1 3 0
1 82861 58025 2 4 0
1 82861 29549 0 2 0
1 82861 29549 1 3 0
1 82861 29549 2 4 0
1 82861 34769 0 2 0
1 82861 34769 1 3 0
1 82861 34769 2 4 0
1 82861 23417 0 2 0
1 82861 23417 1 3 0
1 82861 23417 2 4 0
1 82861 501 0 2 0
1 82861 501 1 3 0
1 82861 501 2 4 0
1 82861 80379 0 4 0
1 82861 80379 1 1 0
1 82861 80379 2 2 0
1 82861 76949 0 2 0
1 82861 76949 1 3 0
1 82861 76949 2 4 0
1 82861 24749 0 2 0
1 82861 24749 1 3 0
1 82861 24749 2 4 0
1 82861 17637 0 2 0
1 82861 17637 1 3 0
1 82861 17637 2 4 0
1 82861 81007 0 4 0
1 82861 81007 1 1 0
1 82861 81007 2 2 0
1 82861 55953 0 2 0
1 82861 55953 1 3 0
1 82861 55953 2 4 0
1 82861 37113 0 2 0
1 82861 37113 1 3 0
1 82861 37113 2 4 0
1 82861 46783 0 4 0
1 82861 46783 1 1 0
1 82861 46783 2 2 0
1 82861 7905 0 2 0
1 82861 7905 1 3 0
1 82861 7905 2 4 0
1 82861 2069 0 2 0
1 82861 2069 1 3 0
1 82861 2069 2 4 0
1 82861 78457 0 2 0
1 82861 78457 1 3 0
1 82861 78457 2 4 0
1 82861 55411 0 4 0
1 82861 55411 1 1 0
1 82861 55411 2 2 0
1 82861 40999 0 4 0
1 82861 40999 1 1 0
1 82861 40999 2 2 0
1 82861 48069 0 2 0
1 82861 48069 1 3 0
1 82861 48069 2 4 0
1 82861 28087 0 4 0
1 82861 28087 1 1 0
1 82861 28087 2 2 0
1 82861 11401 0 2 0
1 82861 11401 1 3 0
1 82861 11401 2 4 0
1 82861 26277 0 2 0
1 82861 26277 1 3 0
1 82861 26277 2 4 0
1 82861 35719 0 4 0
1 82861 35719 1 1 0
1 82861 35719 2 2 0
1 82861 47281 0 2 0
1 82861 47281 1 3 0
1 82861 47281 2 4 0
1 82861 77441 0 2 0
1 82861 77441 1 3 0
1 82861 77441 2 4 0
1 82861 53677 0 2 0
1 82861 53677 1 3 0
1 82861 53677 2 4 0
1 82861 44115 0 4 0
1 82861 44115 1 1 0
1 82861 44115 2 2 0
1 82861 43413 0 2 0
1 82861 43413 1 3 0
1 82861 43413 2 4 0
1 82861 18387 0 4 0
1 82861 18387 1 1 0
1 82861 18387 2 2 0
1 82861 14117 0 2 0
1 82861 14117 1 3 0
1 82861 14117 2 4 0
1 82861 41125 0 2 0
1 82861 41125 1 3 0
1 82861 41125 2 4 0
1 82861 12913 0 2 0
1 82861 12913 1 3 0
1 82861 12913 2 4 0
1 82861 52631 0 4 0
1 82861 52631 1 1 0
1 82861 52631 2 2 0
1 82861 42663 0 4 0
1 82861 42663 1 1 0
1 82861 42663 2 2 0
1 82861 22075 0 4 0
1 82861 22075 1 1 0
1 82861 22075 2 2 0
1 82861 41221 0 2 0
1 82861 41221 1 3 0
1 82861 41221 2 4 0
1 82861 19515 0 4 0
1 82861 19515 1 1 0
1 82861 19515 2 2 0
1 82861 11333 0 2 0
1 82861 11333 1 3 0
1 82861 11333 2 4 0
1 82861 32855 0 4 0
1 82861 32855 1 1 0
1 82861 32855 2 2 0
1 82861 62909 0 2 0
1 82861 62909 1 3 0
1 82861 62909 2 4 0
1 82861 69563 0 4 0
1 82861 69563 1 1 0
1 82861 69563 2 2 0
1 82861 51579 0 4 0
1 82861 51579 1 1 0
1 82861 51579 2 2 0
1 82861 70207 0 4 0
1 82861 70207 1 1 0
1 82861 70207 2 2 0
1 82861 77131 0 4 0
1 82861 77131 1 1 0
1 82861 77131 2 2 0
1 82861 9093 0 2 0
1 82861 9093 1 3 0
1 82861 9093 2 4 0
1 82861 28121 0 2 0
1 82861 28121 1 3 0
1 82861 28121 2 4 0
1 82861 72653 0 2 0
1 82861 72653 1 3 0
1 82861 72653 2 4 0
1 82861 44017 0 2 0
1 82861 44017 1 3 0
1 82861 44017 2 4 0
1 82861 5099 0 4 0
1 82861 5099 1 1 0
1 82861 5099 2 2 0
1 82861 5047 0 4 0
1 82861 5047 1 1 0
1 82861 5047 2 2 0
1 82861 56323 0 4 0
1 82861 56323 1 1 0
1 82861 56323 2 2 0
1 82861 26539 0 4 0
1 82861 26539 1 1 0
1 82861 26539 2 2 0
1 82861 23545 0 2 0
1 82861 23545 1 3 0
1 82861 23545 2 4 0
1 82861 63867 0 4 0
1 82861 63867 1 1 0
1 82861 63867 2 2 0
1 82861 15817 0 2 0
1 82861 15817 1 3 0
1 82861 15817 2 4 0
1 82861 10949 0 2 0
1 82861 10949 1 3 0
1 82861 10949 2 4 0
1 82861 46893 0 2 0
1 82861 46893 1 3 0
1 82861 46893 2 4 0
1 82861 64897 0 2 0
1 82861 64897 1 3 0
1 82861 64897 2 4 0
1 82861 32401 0 2 0
1 82861 32401 1 3 0
1 82861 32401 2 4 0
1 82861 14303 0 4 0
1 82861 14303 1 1 0
1 82861 14303 2 2 0
1 82861 67793 0 2 0
1 82861 67793 1 3 0
1 82861 67793 2 4 0
1 82861 70227 0 4 0
1 82861 70227 1 1 0
1 82861 70227 2 2 0
1 82861 14703 0 4 0
1 82861 14703 1 1 0
1 82861 14703 2 2 0
1 82861 64199 0 4 0
1 82861 64199 1 1 0
1 82861 64199 2 2 0
1 82861 25159 0 4 0
1 82861 25159 1 1 0
1 82861 25159 2 2 0
1 82861 35539 0 4 0
1 82861 35539 1 1 0
1 82861 35539 2 2 0
1 82861 45461 0 2 0
1 82861 45461 1 3 0
1 82861 45461 2 4 0
1 82861 67085 0 2 0
1 82861 67085 1 3 0
1 82861 67085 2 4 0
1 82861 24021 0 2 0
1 82861 24021 1 3 0
1 82861 24021 2 4 0
1 82861 30597 0 2 0
1 82861 30597 1 3 0
1 82861 30597 2 4 0
1 82861 65621 0 2 0
1 82861 65621 1 3 0
1 82861 65621 2 4 0
1 82861 52405 0 2 0
1 82861 52405 1 3 0
1 82861 52405 2 4 0
1 82861 30651 0 4 0
1 82861 30651 1 1 0
1 82861 30651 2 2 0
1 82861 70487 0 4 0
1 82861 70487 1 1 0
1 82861 70487 2 2 0
1 82861 53107 0 4 0
1 82861 53107 1 1 0
1 82861 53107 2 2 0
1 82861 22829 0 2 0
1 82861 22829 1 3 0
1 82861 22829 2 4 0
1 82861 79097 0 2 0
1 82861 79097 1 3 0
1 82861 79097 2 4 0
1 82861 17027 0 4 0
1 82861 17027 1 1 0
1 82861 17027 2 2 0
1 82861 18593 0 2 0
1 82861 18593 1 3 0
1 82861 18593 2 4 0
1 82861 51709 0 2 0
1 82861 51709 1 3 0
1 82861 51709 2 4 0
1 82861 21305 0 2 0
1 82861 21305 1 3 0
1 82861 21305 2 4 0
1 82861 19391 0 4 0
1 82861 19391 1 1 0
1 82861 19391 2 2 0
1 82861 14323 0 4 0
1 82861 14323 1 1 0
1 82861 14323 2 2 0
1 82861 64785 0 2 0
1 82861 64785 1 3 0
1 82861 64785 2 4 0
1 82861 80963 0 4 0
1 82861 80963 1 1 0
1 82861 80963 2 2 0
1 82861 31849 0 2 0
1 82861 31849 1 3 0
1 82861 31849 2 4 0
1 82861 66485 0 2 0
1 82861 66485 1 3 0
1 82861 66485 2 4 0
1 82861 3779 0 4 0
1 82861 3779 1 1 0
1 82861 3779 2 2 0
1 82861 48635 0 4 0
1 82861 48635 1 1 0
1 82861 48635 2 2 0
1 82861 45281 0 2 0
1 82861 45281 1 3 0
1 82861 45281 2 4 0
1 82861 66575 0 4 0
1 82861 66575 1 1 0
1 82861 66575 2 2 0
1 82861 41251 0 4 0
1 82861 41251 1 1 0
1 82861 41251 2 2 0
1 82861 51993 0 2 0
1 82861 51993 1 3 0
1 82861 51993 2 4 0
1 82861 29985 0 2 0
1 82861 29985 1 3 0
1 82861 29985 2 4 0
1 82861 7611 0 4 0
1 82861 7611 1 1 0
1 82861 7611 2 2 0
1 82861 64801 0 2 0
1 82861 64801 1 3 0
1 82861 64801 2 4 0
1 82861 29381 0 2 0
1 82861 29381 1 3 0
1 82861 29381 2 4 0
1 82861 5117 0 2 0
1 82861 5117 1 3 0
1 82861 5117 2 4 0
1 82861 25207 0 4 0
1 82861 25207 1 1 0
1 82861 25207 2 2 0
1 82861 44043 0 4 0
1 82861 44043 1 1 0
1 82861 44043 2 2 0
1 82861 727 0 4 0
1 82861 727 1 1 0
1 82861 727 2 2 0
1 82861 49765 0 2 0
1 82861 49765 1 3 0
1 82861 49765 2 4 0
1 82861 80311 0 4 0
1 82861 80311 1 1 0
1 82861 80311 2 2 0
1 82861 80935 0 4 0
1 82861 80935 1 1 0
1 82861 80935 2 2 0
1 82861 60491 0 4 0
1 82861 60491 1 1 0
1 82861 60491 2 2 0
1 82861 53387 0 4 0
1 82861 53387 1 1 0
1 82861 53387 2 2 0
1 82861 19611 0 4 0
1 82861 19611 1 1 0
1 82861 19611 2 2 0
1 82861 72703 0 4 0
1 82861 72703 1 1 0
1 82861 72703 2 2 0
1 82861 56609 0 2 0
1 82861 56609 1 3 0
1 82861 56609 2 4 0
1 82861 74325 0 2 0
1 82861 74325 1 3 0
1 82861 74325 2 4 0
1 82861 24965 0 2 0
1 82861 24965 1 3 0
1 82861 24965 2 4 0
1 82861 18767 0 4 0
1 82861 18767 1 1 0
1 82861 18767 2 2 0
1 82861 53703 0 4 0
1 82861 53703 1 1 0
1 82861 53703 2 2 0
1 82861 63581 0 2 0
1 82861 63581 1 3 0
1 82861 63581 2 4 0
1 82861 6805 0 2 0
1 82861 6805 1 3 0
1 82861 6805 2 4 0
1 82861 28407 0 4 0
1 82861 28407 1 1 0
1 82861 28407 2 2 0
1 82861 59533 0 2 0
1 82861 59533 1 3 0
1 82861 59533 2 4 0
1 82861 45031 0 4 0
1 82861 45031 1 1 0
1 82861 45031 2 2 0
1 82861 25435 0 4 0
1 82861 25435 1 1 0
1 82861 25435 2 2 0
1 82861 17579 0 4 0
1 82861 17579 1 1 0
1 82861 17579 2 2 0
1 82861 71935 0 4 0
1 82861 71935 1 1 0
1 82861 71935 2 2 0
1 82861 3235 0 4 0
1 82861 3235 1 1 0
1 82861 3235 2 2 0
1 82861 18943 0 4 0
1 82861 18943 1 1 0
1 82861 18943 2 2 0
1 82861 58579 0 4 0
1 82861 58579 1 1 0
1 82861 58579 2 2 0
1 82861 68019 0 4 0
1 82861 68019 1 1 0
1 82861 68019 2 2 0
1 82861 33739 0 4 0
1 82861 33739 1 1 0
1 82861 33739 2 2 0
1 82861 56883 0 4 0
1 82861 56883 1 1 0
1 82861 56883 2 2 0
1 82861 46707 0 4 0
1 82861 46707 1 1 0
1 82861 46707 2 2 0
1 82861 17005 0 2 0
1 82861 17005 1 3 0
1 82861 17005 2 4 0
1 82861 2919 0 4 0
1 82861 2919 1 1 0
1 82861 2919 2 2 0
1 82861 9761 0 2 0
1 82861 9761 1 3 0
1 82861 9761 2 4 0
1 82861 27495 0 4 0
1 82861 27495 1 1 0
1 82861 27495 2 2 0
1 82861 80831 0 4 0
1 82861 80831 1 1 0
1 82861 80831 2 2 0
1 82861 28215 0 4 0
1 82861 28215 1 1 0
1 82861 28215 2 2 0
1 82861 62773 0 2 0
1 82861 62773 1 3 0
1 82861 62773 2 4 0
1 82861 69413 0 2 0
1 82861 69413 1 3 0
1 82861 69413 2 4 0
1 82861 56633 0 2 0
1 82861 56633 1 3 0
1 82861 56633 2 4 0
1 82861 57693 0 2 0
1 82861 57693 1 3 0
1 82861 57693 2 4 0
1 82861 10357 0 2 0
1 82861 10357 1 3 0
1 82861 10357 2 4 0
1 82861 20483 0 4 0
1 82861 20483 1 1 0
1 82861 20483 2 2 0
1 82861 53711 0 4 0
1 82861 53711 1 1 0
1 82861 53711 2 2 0
1 82861 77875 0 4 0
1 82861 77875 1 1 0
1 82861 77875 2 2 0
1 82861 5647 0 4 0
1 82861 5647 1 1 0
1 82861 5647 2 2 0
1 82861 69943 0 4 0
1 82861 69943 1 1 0
1 82861 69943 2 2 0
1 82861 10897 0 2 0
1 82861 10897 1 3 0
1 82861 10897 2 4 0
1 82861 68271 0 4 0
1 82861 68271 1 1 0
1 82861 68271 2 2 0
1 82861 57209 0 2 0
1 82861 57209 1 3 0
1 82861 57209 2 4 0
1 82861 47105 0 2 0
1 82861 47105 1 3 0
1 82861 47105 2 4 0
1 82861 60221 0 2 0
1 82861 60221 1 3 0
1 82861 60221 2 4 0
1 82861 10113 0 2 0
1 82861 10113 1 3 0
1 82861 10113 2 4 0
1 82861 73749 0 2 0
1 82861 73749 1 3 0
1 82861 73749 2 4 0
1 82861 11317 0 2 0
1 82861 11317 1 3 0
1 82861 11317 2 4 0
1 82861 72685 0 2 0
1 82861 72685 1 3 0
1 82861 72685 2 4 0
1 82861 58603 0 4 0
1 82861 58603 1 1 0
1 82861 58603 2 2 0
1 82861 43487 0 4 0
1 82861 43487 1 1 0
1 82861 43487 2 2 0
1 82861 69835 0 4 0
1 82861 69835 1 1 0
1 82861 69835 2 2 0
1 82861 51321 0 2 0
1 82861 51321 1 3 0
1 82861 51321 2 4 0
1 82861 50305 0 2 0
1 82861 50305 1 3 0
1 82861 50305 2 4 0
1 82861 43957 0 2 0
1 82861 43957 1 3 0
1 82861 43957 2 4 0
1 82861 17443 0 4 0
1 82861 17443 1 1 0
1 82861 17443 2 2 0
1 82861 52011 0 4 0
1 82861 52011 1 1 0
1 82861 52011 2 2 0
1 82861 25659 0 4 0
1 82861 25659 1 1 0
1 82861 25659 2 2 0
1 82861 40893 0 2 0
1 82861 40893 1 3 0
1 82861 40893 2 4 0
1 82861 67113 0 2 0
1 82861 67113 1 3 0
1 82861 67113 2 4 0
1 82861 44013 0 2 0
1 82861 44013 1 3 0
1 82861 44013 2 4 0
1 82861 77921 0 2 0
1 82861 77921 1 3 0
1 82861 77921 2 4 0
1 82861 7147 0 4 0
1 82861 7147 1 1 0
1 82861 7147 2 2 0
1 82861 49455 0 4 0
1 82861 49455 1 1 0
1 82861 49455 2 2 0
1 82861 37019 0 4 0
1 82861 37019 1 1 0
1 82861 37019 2 2 0
1 82861 5785 0 2 0
1 82861 5785 1 3 0
1 82861 5785 2 4 0
1 82861 29377 0 2 0
1 82861 29377 1 3 0
1 82861 29377 2 4 0
1 82861 77569 0 2 0
1 82861 77569 1 3 0
1 82861 77569 2 4 0
1 82861 81895 0 4 0
1 82861 81895 1 1 0
1 82861 81895 2 2 0
1 82861 57571 0 4 0
1 82861 57571 1 1 0
1 82861 57571 2 2 0
1 82861 53817 0 2 0
1 82861 53817 1 3 0
1 82861 53817 2 4 0
1 82861 26659 0 4 0
1 82861 26659 1 1 0
1 82861 26659 2 2 0
1 82861 44453 0 2 0
1 82861 44453 1 3 0
1 82861 44453 2 4 0
1 82861 60277 0 2 0
1 82861 60277 1 3 0
1 82861 60277 2 4 0
1 82861 40035 0 4 0
1 82861 40035 1 1 0
1 82861 40035 2 2 0
1 82861 16627 0 4 0
1 82861 16627 1 1 0
1 82861 16627 2 2 0
1 82861 23883 0 4 0
1 82861 23883 1 1 0
1 82861 23883 2 2 0
1 82861 36899 0 4 0
1 82861 36899 1 1 0
1 82861 36899 2 2 0
1 82861 39531 0 4 0
1 82861 39531 1 1 0
1 82861 39531 2 2 0
1 82861 7725 0 2 0
1 82861 7725 1 3 0
1 82861 7725 2 4 0
1 82861 26997 0 2 0
1 82861 26997 1 3 0
1 82861 26997 2 4 0
1 82861 18167 0 4 0
1 82861 18167 1 1 0
1 82861 18167 2 2 0
1 82861 5977 0 2 0
1 82861 5977 1 3 0
1 82861 5977 2 4 0
1 82861 72193 0 2 0
1 82861 72193 1 3 0
1 82861 72193 2 4 0
1 82861 53869 0 2 0
1 82861 53869 1 3 0
1 82861 53869 2 4 0
2 82861 13023 0 4 0
2 82861 13023 1 1 0
2 82861 13023 2 2 0
2 82861 59399 0 4 0
2 82861 59399 1 1 0
2 82861 59399 2 2 0
2 82861 65981 0 2 0
2 82861 65981 1 3 0
2 82861 65981 2 4 0
2 82861 67381 0 2 0
2 82861 67381 1 3 0
2 82861 67381 2 4 0
2 82861 39981 0 2 0
2 82861 39981 1 3 0
2 82861 39981 2 4 0
2 82861 78025 0 2 0
2 82861 78025 1 3 0
2 82861 78025 2 4 0
2 82861 50995 0 4 0
2 82861 50995 1 1 0
2 82861 50995 2 2 0
2 82861 72121 0 2 0
2 82861 72121 1 3 0
2 82861 72121 2 4 0
2 82861 58763 0 4 0
2 82861 58763 1 1 0
2 82861 58763 2 2 0
2 82861 25211 0 4 0
2 82861 25211 1 1 0
2 82861 25211 2 2 0
2 82861 38155 0 4 0
2 82861 38155 1 1 0
2 82861 38155 2 2 0
2 82861 72533 0 2 0
2 82861 72533 1 3 0
2 82861 72533 2 4 0
2 82861 21151 0 4 0
2 82861 21151 1 1 0
2 82861 21151 2 2 0
2 82861 28399 0 4 0
2 82861 28399 1 1 0
2 82861 28399 2 2 0
2 82861 7907 0 4 0
2 82861 7907 1 1 0
2 82861 7907 2 2 0
2 82861 32507 0 4 0
2 82861 32507 1 1 0
2 82861 32507 2 2 0
2 82861 48979 0 4 0
2 82861 48979 1 1 0
2 82861 48979 2 2 0
2 82861 12825 0 2 0
2 82861 12825 1 3 0
2 82861 12825 2 4 0
2 82861 50311 0 4 0
2 82861 50311 1 1 0
2 82861 50311 2 2 0
2 82861 72645 0 2 0
2 82861 72645 1 3 0
2 82861 72645 2 4 0
2 82861 2099 0 4 0
2 82861 2099 1 1 0
2 82861 2099 2 2 0
2 82861 42669 0 2 0
2 82861 42669 1 3 0
2 82861 42669 2 4 0
2 82861 9195 0 4 0
2 82861 9195 1 1 0
2 82861 9195 2 2 0
2 82861 1731 0 4 0
2 82861 1731 1 1 0
2 82861 1731 2 2 0
2 82861 29685 0 2 0
2 82861 29685 1 3 0
2 82861 29685 2 4 0
2 82861 38569 0 2 0
2 82861 38569 1 3 0
2 82861 38569 2 4 0
2 82861 8405 0 2 0
2 82861 8405 1 3 0
2 82861 8405 2 4 0
2 82861 36579 0 4 0
2 82861 36579 1 1 0
2 82861 36579 2 2 0
2 82861 12229 0 2 0
2 82861 12229 1 3 0
2 82861 12229 2 4 0
2 82861 63635 0 4 0
2 82861 63635 1 1 0
2 82861 63635 2 2 0
2 82861 2403 0 4 0
2 82861 2403 1 1 0
2 82861 2403 2 2 0
2 82861 61013 0 2 0
2 82861 61013 1 3 0
2 82861 61013 2 4 0
2 82861 49973 0 2 0
2 82861 49973 1 3 0
2 82861 49973 2 4 0
2 82861 36865 0 2 0
2 82861 36865 1 3 0
2 82861 36865 2 4 0
2 82861 31603 0 4 0
2 82861 31603 1 1 0
2 82861 31603 2 2 0
2 82861 22195 0 4 0
2 82861 22195 1 1 0
2 82861 22195 2 2 0
2 82861 51957 0 2 0
2 82861 51957 1 3 0
2 82861 51957 2 4 0
2 82861 68313 0 2 0
2 82861 68313 1 3 0
2 82861 68313 2 4 0
2 82861 28169 0 2 0
2 82861 28169 1 3 0
2 82861 28169 2 4 0
2 82861 76771 0 4 0
2 82861 76771 1 1 0
2 82861 76771 2 2 0
2 82861 32711 0 4 0
2 82861 32711 1 1 0
2 82861 32711 2 2 0
2 82861 11953 0 2 0
2 82861 11953 1 3 0
2 82861 11953 2 4 0
2 82861 55229 0 2 0
2 82861 55229 1 3 0
2 82861 55229 2 4 0
2 82861 43115 0 4 0
2 82861 43115 1 1 0
2 82861 43115 2 2 0
2 82861 7401 0 2 0
2 82861 7401 1 3 0
2 82861 7401 2 4 0
2 82861 20495 0 4 0
2 82861 20495 1 1 0
2 82861 20495 2 2 0
2 82861 32513 0 2 0
2 82861 32513 1 3 0
2 82861 32513 2 4 0
2 82861 55405 0 2 0
2 82861 55405 1 3 0
2 82861 55405 2 4 0
2 82861 48861 0 2 0
2 82861 48861 1 3 0
2 82861 48861 2 4 0
2 82861 18485 0 2 0
2 82861 18485 1 3 0
2 82861 18485 2 4 0
2 82861 3005 0 2 0
2 82861 3005 1 3 0
2 82861 3005 2 4 0
2 82861 22013 0 2 0
2 82861 22013 1 3 0
2 82861 22013 2 4 0
2 82861 5287 0 4 0
2 82861 5287 1 1 0
2 82861 5287 2 2 0
2 82861 78827 0 4 0
2 82861 78827 1 1 0
2 82861 78827 2 2 0
2 82861 10061 0 2 0
2 82861 10061 1 3 0
2 82861 10061 2 4 0
2 82861 13193 0 2 0
2 82861 13193 1 3 0
2 82861 13193 2 4 0
2 82861 68051 0 4 0
2 82861 68051 1 1 0
2 82861 68051 2 2 0
2 82861 75857 0 2 0
2 82861 75857 1 3 0
2 82861 75857 2 4 0
2 82861 64185 0 2 0
2 82861 64185 1 3 0
2 82861 64185 2 4 0
2 82861 7619 0 4 0
2 82861 7619 1 1 0
2 82861 7619 2 2 0
2 82861 48259 0 4 0
2 82861 48259 1 1 0
2 82861 48259 2 2 0
2 82861 66689 0 2 0
2 82861 66689 1 3 0
2 82861 66689 2 4 0
2 82861 79151 0 4 0
2 82861 79151 1 1 0
2 82861 79151 2 2 0
2 82861 39729 0 2 0
2 82861 39729 1 3 0
2 82861 39729 2 4 0
2 82861 80193 0 2 0
2 82861 80193 1 3 0
2 82861 80193 2 4 0
2 82861 66613 0 2 0
2 82861 66613 1 3 0
2 82861 66613 2 4 0
2 82861 14675 0 4 0
2 82861 14675 1 1 0
2 82861 14675 2 2 0
2 82861 19291 0 4 0
2 82861 19291 1 1 0
2 82861 19291 2 2 0
2 82861 28529 0 2 0
2 82861 28529 1 3 0
2 82861 28529 2 4 0
2 82861 67783 0 4 0
2 82861 67783 1 1 0
2 82861 67783 2 2 0
2 82861 21705 0 2 0
2 82861 21705 1 3 0
2 82861 21705 2 4 0
2 82861 81151 0 4 0
2 82861 81151 1 1 0
2 82861 81151 2 2 0
2 82861 50809 0 2 0
2 82861 50809 1 3 0
2 82861 50809 2 4 0
2 82861 56805 0 2 0
2 82861 56805 1 3 0
2 82861 56805 2 4 0
2 82861 56199 0 4 0
2 82861 56199 1 1 0
2 82861 56199 2 2 0
2 82861 33727 0 4 0
2 82861 33727 1 1 0
2 82861 33727 2 2 0
2 82861 34087 0 4 0
2 82861 34087 1 1 0
2 82861 34087 2 2 0
2 82861 7237 0 2 0
2 82861 7237 1 3 0
2 82861 7237 2 4 0
2 82861 78787 0 4 0
2 82861 78787 1 1 0
2 82861 78787 2 2 0
2 82861 44739 0 4 0
2 82861 44739 1 1 0
2 82861 44739 2 2 0
2 82861 28665 0 2 0
2 82861 28665 1 3 0
2 82861 28665 2 4 0
2 82861 35625 0 2 0
2 82861 35625 1 3 0
2 82861 35625 2 4 0
2 82861 16279 0 4 0
2 82861 16279 1 1 0
2 82861 16279 2 2 0
2 82861 78609 0 2 0
2 82861 78609 1 3 0
2 82861 78609 2 4 0
2 82861 4987 0 4 0
2 82861 4987 1 1 0
2 82861 4987 2 2 0
2 82861 41393 0 2 0
2 82861 41393 1 3 0
2 82861 41393 2 4 0
2 82861 3981 0 2 0
2 82861 3981 1 3 0
2 82861 3981 2 4 0
2 82861 22609 0 2 0
2 82861 22609 1 3 0
2 82861 22609 2 4 0
2 82861 40191 0 4 0
2 82861 40191 1 1 0
2 82861 40191 2 2 0
2 82861 64129 0 2 0
2 82861 64129 1 3 0
2 82861 64129 2 4 0
2 82861 30537 0 2 0
2 82861 30537 1 3 0
2 82861 30537 2 4 0
2 82861 24231 0 4 0
2 82861 24231 1 1 0
2 82861 24231 2 2 0
2 82861 41291 0 4 0
2 82861 41291 1 1 0
2 82861 41291 2 2 0
2 82861 15747 0 4 0
2 82861 15747 1 1 0
2 82861 15747 2 2 0
2 82861 47189 0 2 0
2 82861 47189 1 3 0
2 82861 47189 2 4 0
2 82861 76965 0 2 0
2 82861 76965 1 3 0
2 82861 76965 2 4 0
2 82861 31425 0 2 0
2 82861 31425 1 3 0
2 82861 31425 2 4 0
2 82861 34447 0 4 0
2 82861 34447 1 1 0
2 82861 34447 2 2 0
2 82861 519 0 4 0
2 82861 519 1 1 0
2 82861 519 2 2 0
2 82861 32883 0 4 0
2 82861 32883 1 1 0
2 82861 32883 2 2 0
2 82861 69387 0 4 0
2 82861 69387 1 1 0
2 82861 69387 2 2 0
2 82861 48549 0 2 0
2 82861 48549 1 3 0
2 82861 48549 2 4 0
2 82861 6149 0 2 0
2 82861 6149 1 3 0
2 82861 6149 2 4 0
2 82861 27841 0 2 0
2 82861 27841 1 3 0
2 82861 27841 2 4 0
2 82861 68755 0 4 0
2 82861 68755 1 1 0
2 82861 68755 2 2 0
2 82861 44401 0 2 0
2 82861 44401 1 3 0
2 82861 44401 2 4 0
2 82861 12033 0 2 0
2 82861 12033 1 3 0
2 82861 12033 2 4 0
2 82861 81321 0 2 0
2 82861 81321 1 3 0
2 82861 81321 2 4 0
2 82861 48133 0 2 0
2 82861 48133 1 3 0
2 82861 48133 2 4 0
2 82861 42919 0 4 0
2 82861 42919 1 1 0
2 82861 42919 2 2 0
2 82861 71273 0 2 0
2 82861 71273 1 3 0
2 82861 71273 2 4 0
2 82861 13309 0 2 0
2 82861 13309 1 3 0
2 82861 13309 2 4 0
2 82861 80623 0 4 0
2 82861 80623 1 1 0
2 82861 80623 2 2 0
2 82861 27805 0 2 0
2 82861 27805 1 3 0
2 82861 27805 2 4 0
2 82861 18949 0 2 0
2 82861 18949 1 3 0
2 82861 18949 2 4 0
2 82861 73823 0 4 0
2 82861 73823 1 1 0
2 82861 73823 2 2 0
2 82861 12503 0 4 0
2 82861 12503 1 1 0
2 82861 12503 2 2 0
2 82861 49263 0 4 0
2 82861 49263 1 1 0
2 82861 49263 2 2 0
2 82861 60001 0 2 0
2 82861 60001 1 3 0
2 82861 60001 2 4 0
2 82861 4355 0 4 0
2 82861 4355 1 1 0
2 82861 4355 2 2 0
2 82861 64151 0 4 0
2 82861 64151 1 1 0
2 82861 64151 2 2 0
2 82861 70301 0 2 0
2 82861 70301 1 3 0
2 82861 70301 2 4 0
2 82861 14267 0 4 0
2 82861 14267 1 1 0
2 82861 14267 2 2 0
2 82861 9865 0 2 0
2 82861 9865 1 3 0
2 82861 9865 2 4 0
2 82861 39445 0 2 0
2 82861 39445 1 3 0
2 82861 39445 2 4 0
2 82861 74687 0 4 0
2 82861 74687 1 1 0
2 82861 74687 2 2 0
2 82861 71845 0 2 0
2 82861 71845 1 3 0
2 82861 71845 2 4 0
2 82861 40571 0 4 0
2 82861 40571 1 1 0
2 82861 40571 2 2 0
2 82861 21155 0 4 0
2 82861 21155 1 1 0
2 82861 21155 2 2 0
2 82861 33193 0 2 0
2 82861 33193 1 3 0
2 82861 33193 2 4 0
2 82861 81865 0 2 0
2 82861 81865 1 3 0
2 82861 81865 2 4 0
2 82861 36749 0 2 0
2 82861 36749 1 3 0
2 82861 36749 2 4 0
2 82861 16471 0 4 0
2 82861 16471 1 1 0
2 82861 16471 2 2 0
2 82861 37963 0 4 0
2 82861 37963 1 1 0
2 82861 37963 2 2 0
2 82861 64227 0 4 0
2 82861 64227 1 1 0
2 82861 64227 2 2 0
2 82861 3365 0 2 0
2 82861 3365 1 3 0
2 82861 3365 2 4 0
2 82861 42343 0 4 0
2 82861 42343 1 1 0
2 82861 42343 2 2 0
2 82861 47027 0 4 0
2 82861 47027 1 1 0
2 82861 47027 2 2 0
2 82861 46729 0 2 0
2 82861 46729 1 3 0
2 82861 46729 2 4 0
2 82861 15573 0 2 0
2 82861 15573 1 3 0
2 82861 15573 2 4 0
2 82861 6473 0 2 0
2 82861 6473 1 3 0
2 82861 6473 2 4 0
2 82861 49233 0 2 0
2 82861 49233 1 3 0
2 82861 49233 2 4 0
2 82861 15187 0 4 0
2 82861 15187 1 1 0
2 82861 15187 2 2 0
2 82861 66329 0 2 0
2 82861 66329 1 3 0
2 82861 66329 2 4 0
2 82861 42507 0 4 0
2 82861 42507 1 1 0
2 82861 42507 2 2 0
2 82861 45185 0 2 0
2 82861 45185 1 3 0
2 82861 45185 2 4 0
2 82861 33097 0 2 0
2 82861 33097 1 3 0
2 82861 33097 2 4 0
2 82861 51651 0 4 0
2 82861 51651 1 1 0
2 82861 51651 2 2 0
2 82861 8465 0 2 0
2 82861 8465 1 3 0
2 82861 8465 2 4 0
2 82861 49329 0 2 0
2 82861 49329 1 3 0
2 82861 49329 2 4 0
2 82861 10231 0 4 0
2 82861 10231 1 1 0
2 82861 10231 2 2 0
2 82861 80167 0 4 0
2 82861 80167 1 1 0
2 82861 80167 2 2 0
2 82861 79513 0 2 0
2 82861 79513 1 3 0
2 82861 79513 2 4 0
2 82861 60749 0 2 0
2 82861 60749 1 3 0
2 82861 60749 2 4 0
2 82861 72337 0 2 0
2 82861 72337 1 3 0
2 82861 72337 2 4 0
2 82861 57907 0 4 0
2 82861 57907 1 1 0
2 82861 57907 2 2 0
2 82861 21259 0 4 0
2 82861 21259 1 1 0
2 82861 21259 2 2 0
2 82861 75477 0 2 0
2 82861 75477 1 3 0
2 82861 75477 2 4 0
2 82861 22297 0 2 0
2 82861 22297 1 3 0
2 82861 22297 2 4 0
2 82861 25697 0 2 0
2 82861 25697 1 3 0
2 82861 25697 2 4 0
2 82861 67911 0 4 0
2 82861 67911 1 1 0
2 82861 67911 2 2 0
2 82861 77343 0 4 0
2 82861 77343 1 1 0
2 82861 77343 2 2 0
2 82861 33371 0 4 0
2 82861 33371 1 1 0
2 82861 33371 2 2 0
2 82861 2113 0 2 0
2 82861 2113 1 3 0
2 82861 2113 2 4 0
2 82861 20801 0 2 0
2 82861 20801 1 3 0
2 82861 20801 2 4 0
2 82861 61211 0 4 0
2 82861 61211 1 1 0
2 82861 61211 2 2 0
2 82861 36707 0 4 0
2 82861 36707 1 1 0
2 82861 36707 2 2 0
2 82861 68613 0 2 0
2 82861 68613 1 3 0
2 82861 68613 2 4 0
2 82861 62309 0 2 0
2 82861 62309 1 3 0
2 82861 62309 2 4 0
2 82861 75109 0 2 0
2 82861 75109 1 3 0
2 82861 75109 2 4 0
2 82861 9097 0 2 0
2 82861 9097 1 3 0
2 82861 9097 2 4 0
2 82861 54193 0 2 0
2 82861 54193 1 3 0
2 82861 54193 2 4 0
2 82861 66441 0 2 0
2 82861 66441 1 3 0
2 82861 66441 2 4 0
2 82861 52339 0 4 0
2 82861 52339 1 1 0
2 82861 52339 2 2 0
2 82861 49623 0 4 0
2 82861 49623 1 1 0
2 82861 49623 2 2 0
2 82861 12225 0 2 0
2 82861 12225 1 3 0
2 82861 12225 2 4 0
2 82861 32091 0 4 0
2 82861 32091 1 1 0
2 82861 32091 2 2 0
2 82861 9443 0 4 0
2 82861 9443 1 1 0
2 82861 9443 2 2 0
2 82861 76199 0 4 0
2 82861 76199 1 1 0
2 82861 76199 2 2 0
2 82861 77801 0 2 0
2 82861 77801 1 3 0
2 82861 77801 2 4 0
2 82861 74783 0 4 0
2 82861 74783 1 1 0
2 82861 74783 2 2 0
2 82861 25937 0 2 0
2 82861 25937 1 3 0
2 82861 25937 2 4 0
2 82861 30811 0 4 0
2 82861 30811 1 1 0
2 82861 30811 2 2 0
2 82861 67259 0 4 0
2 82861 67259 1 1 0
2 82861 67259 2 2 0
2 82861 7241 0 2 0
2 82861 7241 1 3 0
2 82861 7241 2 4 0
2 82861 315 0 4 0
2 82861 315 1 1 0
2 82861 315 2 2 0
2 82861 34947 0 4 0
2 82861 34947 1 1 0
2 82861 34947 2 2 0
2 82861 56595 0 4 0
2 82861 56595 1 1 0
2 82861 56595 2 2 0
2 82861 28969 0 2 0
2 82861 28969 1 3 0
2 82861 28969 2 4 0
2 82861 72909 0 2 0
2 82861 72909 1 3 0
2 82861 72909 2 4 0
2 82861 71827 0 4 0
2 82861 71827 1 1 0
2 82861 71827 2 2 0
2 82861 72789 0 2 0
2 82861 72789 1 3 0
2 82861 72789 2 4 0
2 82861 53833 0 2 0
2 82861 53833 1 3 0
2 82861 53833 2 4 0
2 82861 34749 0 2 0
2 82861 34749 1 3 0
2 82861 34749 2 4 0
2 82861 39131 0 4 0
2 82861 39131 1 1 0
2 82861 39131 2 2 0
2 82861 40195 0 4 0
2 82861 40195 1 1 0
2 82861 40195 2 2 0
2 82861 55525 0 2 0
2 82861 55525 1 3 0
2 82861 55525 2 4 0
2 82861 77261 0 2 0
2 82861 77261 1 3 0
2 82861 77261 2 4 0
2 82861 54727 0 4 0
2 82861 54727 1 1 0
2 82861 54727 2 2 0
2 82861 48383 0 4 0
2 82861 48383 1 1 0
2 82861 48383 2 2 0
2 82861 6079 0 4 0
2 82861 6079 1 1 0
2 82861 6079 2 2 0
2 82861 38197 0 2 0
2 82861 38197 1 3 0
2 82861 38197 2 4 0
2 82861 68249 0 2 0
2 82861 68249 1 3 0
2 82861 68249 2 4 0
2 82861 7999 0 4 0
2 82861 7999 1 1 0
2 82861 7999 2 2 0
2 82861 76013 0 2 0
2 82861 76013 1 3 0
2 82861 76013 2 4 0
2 82861 72869 0 2 0
2 82861 72869 1 3 0
2 82861 72869 2 4 0
2 82861 1497 0 2 0
2 82861 1497 1 3 0
2 82861 1497 2 4 0
2 82861 33235 0 4 0
2 82861 33235 1 1 0
2 82861 33235 2 2 0
2 82861 34775 0 4 0
2 82861 34775 1 1 0
2 82861 34775 2 2 0
2 82861 67605 0 2 0
2 82861 67605 1 3 0
2 82861 67605 2 4 0
2 82861 22603 0 4 0
2 82861 22603 1 1 0
2 82861 22603 2 2 0
2 82861 35517 0 2 0
2 82861 35517 1 3 0
2 82861 35517 2 4 0
2 82861 9559 0 4 0
2 82861 9559 1 1 0
2 82861 9559 2 2 0
2 82861 56931 0 4 0
2 82861 56931 1 1 0
2 82861 56931 2 2 0
2 82861 22365 0 2 0
2 82861 22365 1 3 0
2 82861 22365 2 4 0
2 82861 68581 0 2 0
2 82861 68581 1 3 0
2 82861 68581 2 4 0
2 82861 48167 0 4 0
2 82861 48167 1 1 0
2 82861 48167 2 2 0
2 82861 40953 0 2 0
2 82861 40953 1 3 0
2 82861 40953 2 4 0
2 82861 61781 0 2 0
2 82861 61781 1 3 0
2 82861 61781 2 4 0
2 82861 6447 0 4 0
2 82861 6447 1 1 0
2 82861 6447 2 2 0
2 82861 56447 0 4 0
2 82861 56447 1 1 0
2 82861 56447 2 2 0
2 82861 51251 0 4 0
2 82861 51251 1 1 0
2 82861 51251 2 2 0
2 82861 24401 0 2 0
2 82861 24401 1 3 0
2 82861 24401 2 4 0
2 82861 43623 0 4 0
2 82861 43623 1 1 0
2 82861 43623 2 2 0
2 82861 40391 0 4 0
2 82861 40391 1 1 0
2 82861 40391 2 2 0
2 82861 67099 0 4 0
2 82861 67099 1 1 0
2 82861 67099 2 2 0
2 82861 63981 0 2 0
2 82861 63981 1 3 0
2 82861 63981 2 4 0
2 82861 66807 0 4 0
2 82861 66807 1 1 0
2 82861 66807 2 2 0
2 82861 72325 0 2 0
2 82861 72325 1 3 0
2 82861 72325 2 4 0
2 82861 22865 0 2 0
2 82861 22865 1 3 0
2 82861 22865 2 4 0
2 82861 24615 0 4 0
2 82861 24615 1 1 0
2 82861 24615 2 2 0
2 82861 60663 0 4 0
2 82861 60663 1 1 0
2 82861 60663 2 2 0
2 82861 14413 0 2 0
2 82861 14413 1 3 0
2 82861 14413 2 4 0
2 82861 65651 0 4 0
2 82861 65651 1 1 0
2 82861 65651 2 2 0
2 82861 56825 0 2 0
2 82861 56825 1 3 0
2 82861 56825 2 4 0
2 82861 54561 0 2 0
2 82861 54561 1 3 0
2 82861 54561 2 4 0
2 82861 55743 0 4 0
2 82861 55743 1 1 0
2 82861 55743 2 2 0
2 82861 6059 0 4 0
2 82861 6059 1 1 0
2 82861 6059 2 2 0
2 82861 68039 0 4 0
2 82861 68039 1 1 0
2 82861 68039 2 2 0
2 82861 6099 0 4 0
2 82861 6099 1 1 0
2 82861 6099 2 2 0
2 82861 571 0 4 0
2 82861 571 1 1 0
2 82861 571 2 2 0
2 82861 32553 0 2 0
2 82861 32553 1 3 0
2 82861 32553 2 4 0
2 82861 69855 0 4 0
2 82861 69855 1 1 0
2 82861 69855 2 2 0
2 82861 35771 0 4 0
2 82861 35771 1 1 0
2 82861 35771 2 2 0
2 82861 14777 0 2 0
2 82861 14777 1 3 0
2 82861 14777 2 4 0
2 82861 61711 0 4 0
2 82861 61711 1 1 0
2 82861 61711 2 2 0
2 82861 58547 0 4 0
2 82861 58547 1 1 0
2 82861 58547 2 2 0
2 82861 16339 0 4 0
2 82861 16339 1 1 0
2 82861 16339 2 2 0
2 82861 67819 0 4 0
2 82861 67819 1 1 0
2 82861 67819 2 2 0
2 82861 35865 0 2 0
2 82861 35865 1 3 0
2 82861 35865 2 4 0
2 82861 30705 0 2 0
2 82861 30705 1 3 0
2 82861 30705 2 4 0
2 82861 36081 0 2 0
2 82861 36081 1 3 0
2 82861 36081 2 4 0
2 82861 6841 0 2 0
2 82861 6841 1 3 0
2 82861 6841 2 4 0
2 82861 37353 0 2 0
2 82861 37353 1 3 0
2 82861 37353 2 4 0
2 82861 24157 0 2 0
2 82861 24157 1 3 0
2 82861 24157 2 4 0
2 82861 37983 0 4 0
2 82861 37983 1 1 0
2 82861 37983 2 2 0
2 82861 20057 0 2 0
2 82861 20057 1 3 0
2 82861 20057 2 4 0
2 82861 46427 0 4 0
2 82861 46427 1 1 0
2 82861 46427 2 2 0
2 82861 66587 0 4 0
2 82861 66587 1 1 0
2 82861 66587 2 2 0
2 82861 63509 0 2 0
2 82861 63509 1 3 0
2 82861 63509 2 4 0
2 82861 26837 0 2 0
2 82861 26837 1 3 0
2 82861 26837 2 4 0
2 82861 37491 0 4 0
2 82861 37491 1 1 0
2 82861 37491 2 2 0
2 82861 74221 0 2 0
2 82861 74221 1 3 0
2 82861 74221 2 4 0
2 82861 54795 0 4 0
2 82861 54795 1 1 0
2 82861 54795 2 2 0
2 82861 54349 0 2 0
2 82861 54349 1 3 0
2 82861 54349 2 4 0
2 82861 10207 0 4 0
2 82861 10207 1 1 0
2 82861 10207 2 2 0
2 82861 3529 0 2 0
2 82861 3529 1 3 0
2 82861 3529 2 4 0
2 82861 54961 0 2 0
2 82861 54961 1 3 0
2 82861 54961 2 4 0
2 82861 40913 0 2 0
2 82861 40913 1 3 0
2 82861 40913 2 4 0
2 82861 49557 0 2 0
2 82861 49557 1 3 0
2 82861 49557 2 4 0
2 82861 74717 0 2 0
2 82861 74717 1 3 0
2 82861 74717 2 4 0
2 82861 39325 0 2 0
2 82861 39325 1 3 0
2 82861 39325 2 4 0
2 82861 45735 0 4 0
2 82861 45735 1 1 0
2 82861 45735 2 2 0
2 82861 41309 0 2 0
2 82861 41309 1 3 0
2 82861 41309 2 4 0
2 82861 58965 0 2 0
2 82861 58965 1 3 0
2 82861 58965 2 4 0
2 82861 9979 0 4 0
2 82861 9979 1 1 0
2 82861 9979 2 2 0
2 82861 63231 0 4 0
2 82861 63231 1 1 0
2 82861 63231 2 2 0
2 82861 48849 0 2 0
2 82861 48849 1 3 0
2 82861 48849 2 4 0
2 82861 26921 0 2 0
2 82861 26921 1 3 0
2 82861 26921 2 4 0
2 82861 74915 0 4 0
2 82861 74915 1 1 0
2 82861 74915 2 2 0
2 82861 8459 0 4 0
2 82861 8459 1 1 0
2 82861 8459 2 2 0
2 82861 18619 0 4 0
2 82861 18619 1 1 0
2 82861 18619 2 2 0
2 82861 13771 0 4 0
2 82861 13771 1 1 0
2 82861 13771 2 2 0
2 82861 16857 0 2 0
2 82861 16857 1 3 0
2 82861 16857 2 4 0
2 82861 8847 0 4 0
2 82861 8847 1 1 0
2 82861 8847 2 2 0
2 82861 15217 0 2 0
2 82861 15217 1 3 0
2 82861 15217 2 4 0
2 82861 11151 0 4 0
2 82861 11151 1 1 0
2 82861 11151 2 2 0
2 82861 19727 0 4 0
2 82861 19727 1 1 0
2 82861 19727 2 2 0
2 82861 44327 0 4 0
2 82861 44327 1 1 0
2 82861 44327 2 2 0
2 82861 2735 0 4 0
2 82861 2735 1 1 0
2 82861 2735 2 2 0
2 82861 69721 0 2 0
2 82861 69721 1 3 0
2 82861 69721 2 4 0
2 82861 54853 0 2 0
2 82861 54853 1 3 0
2 82861 54853 2 4 0
2 82861 6613 0 2 0
2 82861 6613 1 3 0
2 82861 6613 2 4 0
2 82861 2177 0 2 0
2 82861 2177 1 3 0
2 82861 2177 2 4 0
2 82861 6253 0 2 0
2 82861 6253 1 3 0
2 82861 6253 2 4 0
2 82861 50219 0 4 0
2 82861 50219 1 1 0
2 82861 50219 2 2 0
2 82861 46619 0 4 0
2 82861 46619 1 1 0
2 82861 46619 2 2 0
2 82861 68989 0 2 0
2 82861 68989 1 3 0
2 82861 68989 2 4 0
2 82861 50549 0 2 0
2 82861 50549 1 3 0
2 82861 50549 2 4 0
2 82861 54517 0 2 0
2 82861 54517 1 3 0
2 82861 54517 2 4 0
2 82861 61623 0 4 0
2 82861 61623 1 1 0
2 82861 61623 2 2 0
2 82861 40235 0 4 0
2 82861 40235 1 1 0
2 82861 40235 2 2 0
2 82861 8645 0 2 0
2 82861 8645 1 3 0
2 82861 8645 2 4 0
2 82861 78119 0 4 0
2 82861 78119 1 1 0
2 82861 78119 2 2 0
2 82861 31873 0 2 0
2 82861 31873 1 3 0
2 82861 31873 2 4 0
2 82861 71243 0 4 0
2 82861 71243 1 1 0
2 82861 71243 2 2 0
2 82861 849 0 2 0
2 82861 849 1 3 0
2 82861 849 2 4 0
2 82861 52921 0 2 0
2 82861 52921 1 3 0
2 82861 52921 2 4 0
2 82861 61887 0 4 0
2 82861 61887 1 1 0
2 82861 61887 2 2 0
2 82861 71519 0 4 0
2 82861 71519 1 1 0
2 82861 71519 2 2 0
2 82861 75065 0 2 0
2 82861 75065 1 3 0
2 82861 75065 2 4 0
2 82861 38963 0 4 0
2 82861 38963 1 1 0
2 82861 38963 2 2 0
2 82861 30023 0 4 0
2 82861 30023 1 1 0
2 82861 30023 2 2 0
2 82861 66217 0 2 0
2 82861 66217 1 3 0
2 82861 66217 2 4 0
2 82861 59005 0 2 0
2 82861 59005 1 3 0
2 82861 59005 2 4 0
2 82861 66347 0 4 0
2 82861 66347 1 1 0
2 82861 66347 2 2 0
2 82861 25993 0 2 0
2 82861 25993 1 3 0
2 82861 25993 2 4 0
2 82861 12105 0 2 0
2 82861 12105 1 3 0
2 82861 12105 2 4 0
2 82861 22725 0 2 0
2 82861 22725 1 3 0
2 82861 22725 2 4 0
2 82861 52183 0 4 0
2 82861 52183 1 1 0
2 82861 52183 2 2 0
2 82861 1879 0 4 0
2 82861 1879 1 1 0
2 82861 1879 2 2 0
2 82861 55471 0 4 0
2 82861 55471 1 1 0
2 82861 55471 2 2 0
2 82861 45231 0 4 0
2 82861 45231 1 1 0
2 82861 45231 2 2 0
2 82861 38337 0 2 0
2 82861 38337 1 3 0
2 82861 38337 2 4 0
2 82861 2835 0 4 0
2 82861 2835 1 1 0
2 82861 2835 2 2 0
2 82861 69655 0 4 0
2 82861 69655 1 1 0
2 82861 69655 2 2 0
2 82861 25045 0 2 0
2 82861 25045 1 3 0
2 82861 25045 2 4 0
2 82861 4601 0 2 0
2 82861 4601 1 3 0
2 82861 4601 2 4 0
2 82861 23071 0 4 0
2 82861 23071 1 1 0
2 82861 23071 2 2 0
2 82861 32347 0 4 0
2 82861 32347 1 1 0
2 82861 32347 2 2 0
2 82861 78649 0 2 0
2 82861 78649 1 3 0
2 82861 78649 2 4 0
2 82861 76289 0 2 0
2 82861 76289 1 3 0
2 82861 76289 2 4 0
2 82861 79873 0 2 0
2 82861 79873 1 3 0
2 82861 79873 2 4 0
2 82861 36069 0 2 0
2 82861 36069 1 3 0
2 82861 36069 2 4 0
2 82861 36511 0 4 0
2 82861 36511 1 1 0
2 82861 36511 2 2 0
2 82861 5391 0 4 0
2 82861 5391 1 1 0
2 82861 5391 2 2 0
2 82861 14889 0 2 0
2 82861 14889 1 3 0
2 82861 14889 2 4 0
2 82861 16623 0 4 0
2 82861 16623 1 1 0
2 82861 16623 2 2 0
2 82861 69353 0 2 0
2 82861 69353 1 3 0
2 82861 69353 2 4 0
2 82861 56533 0 2 0
2 82861 56533 1 3 0
2 82861 56533 2 4 0
2 82861 17227 0 4 0
2 82861 17227 1 1 0
2 82861 17227 2 2 0
2 82861 52495 0 4 0
2 82861 52495 1 1 0
2 82861 52495 2 2 0
2 82861 30915 0 4 0
2 82861 30915 1 1 0
2 82861 30915 2 2 0
2 82861 12121 0 2 0
2 82861 12121 1 3 0
2 82861 12121 2 4 0
2 82861 46143 0 4 0
2 82861 46143 1 1 0
2 82861 46143 2 2 0
2 82861 22641 0 2 0
2 82861 22641 1 3 0
2 82861 22641 2 4 0
2 82861 66759 0 4 0
2 82861 66759 1 1 0
2 82861 66759 2 2 0
2 82861 61767 0 4 0
2 82861 61767 1 1 0
2 82861 61767 2 2 0
2 82861 39541 0 2 0
2 82861 39541 1 3 0
2 82861 39541 2 4 0
2 82861 55823 0 4 0
2 82861 55823 1 1 0
2 82861 55823 2 2 0
2 82861 49359 0 4 0
2 82861 49359 1 1 0
2 82861 49359 2 2 0
2 82861 19091 0 4 0
2 82861 19091 1 1 0
2 82861 19091 2 2 0
2 82861 17901 0 2 0
2 82861 17901 1 3 0
2 82861 17901 2 4 0
2 82861 57119 0 4 0
2 82861 57119 1 1 0
2 82861 57119 2 2 0
2 82861 18123 0 4 0
2 82861 18123 1 1 0
2 82861 18123 2 2 0
2 82861 36595 0 4 0
2 82861 36595 1 1 0
2 82861 36595 2 2 0
2 82861 18009 0 2 0
2 82861 18009 1 3 0
2 82861 18009 2 4 0
2 82861 24033 0 2 0
2 82861 24033 1 3 0
2 82861 24033 2 4 0
2 82861 63437 0 2 0
2 82861 63437 1 3 0
2 82861 63437 2 4 0
2 82861 74833 0 2 0
2 82861 74833 1 3 0
2 82861 74833 2 4 0
2 82861 25423 0 4 0
2 82861 25423 1 1 0
2 82861 25423 2 2 0
2 82861 80223 0 4 0
2 82861 80223 1 1 0
2 82861 80223 2 2 0
2 82861 41445 0 2 0
2 82861 41445 1 3 0
2 82861 41445 2 4 0
2 82861 47205 0 2 0
2 82861 47205 1 3 0
2 82861 47205 2 4 0
2 82861 32533 0 2 0
2 82861 32533 1 3 0
2 82861 32533 2 4 0
2 82861 27601 0 2 0
2 82861 27601 1 3 0
2 82861 27601 2 4 0
2 82861 9843 0 4 0
2 82861 9843 1 1 0
2 82861 9843 2 2 0
2 82861 50231 0 4 0
2 82861 50231 1 1 0
2 82861 50231 2 2 0
2 82861 57885 0 2 0
2 82861 57885 1 3 0
2 82861 57885 2 4 0
2 82861 54513 0 2 0
2 82861 54513 1 3 0
2 82861 54513 2 4 0
2 82861 70867 0 4 0
2 82861 70867 1 1 0
2 82861 70867 2 2 0
2 82861 36949 0 2 0
2 82861 36949 1 3 0
2 82861 36949 2 4 0
2 82861 37131 0 4 0
2 82861 37131 1 1 0
2 82861 37131 2 2 0
2 82861 45205 0 2 0
2 82861 45205 1 3 0
2 82861 45205 2 4 0
2 82861 24343 0 4 0
2 82861 24343 1 1 0
2 82861 24343 2 2 0
2 82861 20053 0 2 0
2 82861 20053 1 3 0
2 82861 20053 2 4 0
2 82861 25513 0 2 0
2 82861 25513 1 3 0
2 82861 25513 2 4 0
2 82861 15493 0 2 0
2 82861 15493 1 3 0
2 82861 15493 2 4 0
2 82861 41327 0 4 0
2 82861 41327 1 1 0
2 82861 41327 2 2 0
2 82861 65345 0 2 0
2 82861 65345 1 3 0
2 82861 65345 2 4 0
2 82861 34911 0 4 0
2 82861 34911 1 1 0
2 82861 34911 2 2 0
2 82861 7913 0 2 0
2 82861 7913 1 3 0
2 82861 7913 2 4 0
2 82861 69551 0 4 0
2 82861 69551 1 1 0
2 82861 69551 2 2 0
2 82861 8753 0 2 0
2 82861 8753 1 3 0
2 82861 8753 2 4 0
2 82861 155 0 4 0
2 82861 155 1 1 0
2 82861 155 2 2 0
2 82861 26759 0 4 0
2 82861 26759 1 1 0
2 82861 26759 2 2 0
2 82861 69793 0 2 0
2 82861 69793 1 3 0
2 82861 69793 2 4 0
2 82861 31115 0 4 0
2 82861 31115 1 1 0
2 82861 31115 2 2 0
2 82861 18453 0 2 0
2 82861 18453 1 3 0
2 82861 18453 2 4 0
2 82861 31691 0 4 0
2 82861 31691 1 1 0
2 82861 31691 2 2 0
2 82861 27099 0 4 0
2 82861 27099 1 1 0
2 82861 27099 2 2 0
2 82861 23449 0 2 0
2 82861 23449 1 3 0
2 82861 23449 2 4 0
2 82861 26861 0 2 0
2 82861 26861 1 3 0
2 82861 26861 2 4 0
2 82861 22427 0 4 0
2 82861 22427 1 1 0
2 82861 22427 2 2 0
2 82861 15515 0 4 0
2 82861 15515 1 1 0
2 82861 15515 2 2 0
2 82861 33489 0 2 0
2 82861 33489 1 3 0
2 82861 33489 2 4 0
2 82861 11765 0 2 0
2 82861 11765 1 3 0
2 82861 11765 2 4 0
2 82861 58391 0 4 0
2 82861 58391 1 1 0
2 82861 58391 2 2 0
2 82861 74355 0 4 0
2 82861 74355 1 1 0
2 82861 74355 2 2 0
2 82861 56073 0 2 0
2 82861 56073 1 3 0
2 82861 56073 2 4 0
2 82861 72075 0 4 0
2 82861 72075 1 1 0
2 82861 72075 2 2 0
2 82861 29041 0 2 0
2 82861 29041 1 3 0
2 82861 29041 2 4 0
2 82861 74547 0 4 0
2 82861 74547 1 1 0
2 82861 74547 2 2 0
2 82861 10683 0 4 0
2 82861 10683 1 1 0
2 82861 10683 2 2 0
2 82861 28863 0 4 0
2 82861 28863 1 1 0
2 82861 28863 2 2 0
2 82861 36245 0 2 0
2 82861 36245 1 3 0
2 82861 36245 2 4 0
2 82861 64361 0 2 0
2 82861 64361 1 3 0
2 82861 64361 2 4 0
2 82861 39289 0 2 0
2 82861 39289 1 3 0
2 82861 39289 2 4 0
2 82861 20509 0 2 0
2 82861 20509 1 3 0
2 82861 20509 2 4 0
2 82861 77165 0 2 0
2 82861 77165 1 3 0
2 82861 77165 2 4 0
2 82861 31989 0 2 0
2 82861 31989 1 3 0
2 82861 31989 2 4 0
2 82861 1387 0 4 0
2 82861 1387 1 1 0
2 82861 1387 2 2 0
2 82861 71115 0 4 0
2 82861 71115 1 1 0
2 82861 71115 2 2 0
2 82861 31721 0 2 0
2 82861 31721 1 3 0
2 82861 31721 2 4 0
2 82861 17625 0 2 0
2 82861 17625 1 3 0
2 82861 17625 2 4 0
2 82861 36869 0 2 0
2 82861 36869 1 3 0
2 82861 36869 2 4 0
2 82861 9399 0 4 0
2 82861 9399 1 1 0
2 82861 9399 2 2 0
2 82861 10747 0 4 0
2 82861 10747 1 1 0
2 82861 10747 2 2 0
2 82861 14523 0 4 0
2 82861 14523 1 1 0
2 82861 14523 2 2 0
2 82861 9851 0 4 0
2 82861 9851 1 1 0
2 82861 9851 2 2 0
2 82861 62103 0 4 0
2 82861 62103 1 1 0
2 82861 62103 2 2 0
2 82861 5653 0 2 0
2 82861 5653 1 3 0
2 82861 5653 2 4 0
2 82861 36561 0 2 0
2 82861 36561 1 3 0
2 82861 36561 2 4 0
2 82861 1845 0 2 0
2 82861 1845 1 3 0
2 82861 1845 2 4 0
2 82861 61603 0 4 0
2 82861 61603 1 1 0
2 82861 61603 2 2 0
2 82861 68775 0 4 0
2 82861 68775 1 1 0
2 82861 68775 2 2 0
2 82861 21115 0 4 0
2 82861 21115 1 1 0
2 82861 21115 2 2 0
2 82861 38913 0 2 0
2 82861 38913 1 3 0
2 82861 38913 2 4 0
2 82861 31041 0 2 0
2 82861 31041 1 3 0
2 82861 31041 2 4 0
2 82861 52499 0 4 0
2 82861 52499 1 1 0
2 82861 52499 2 2 0
2 82861 62805 0 2 0
2 82861 62805 1 3 0
2 82861 62805 2 4 0
2 82861 34777 0 2 0
2 82861 34777 1 3 0
2 82861 34777 2 4 0
2 82861 1723 0 4 0
2 82861 1723 1 1 0
2 82861 1723 2 2 0
2 82861 41617 0 2 0
2 82861 41617 1 3 0
2 82861 41617 2 4 0
2 82861 51291 0 4 0
2 82861 51291 1 1 0
2 82861 51291 2 2 0
2 82861 7875 0 4 0
2 82861 7875 1 1 0
2 82861 7875 2 2 0
2 82861 64743 0 4 0
2 82861 64743 1 1 0
2 82861 64743 2 2 0
2 82861 49689 0 2 0
2 82861 49689 1 3 0
2 82861 49689 2 4 0
2 82861 60075 0 4 0
2 82861 60075 1 1 0
2 82861 60075 2 2 0
2 82861 25717 0 2 0
2 82861 25717 1 3 0
2 82861 25717 2 4 0
2 82861 74795 0 4 0
2 82861 74795 1 1 0
2 82861 74795 2 2 0
2 82861 55765 0 2 0
2 82861 55765 1 3 0
2 82861 55765 2 4 0
2 82861 39839 0 4 0
2 82861 39839 1 1 0
2 82861 39839 2 2 0
2 82861 67293 0 2 0
2 82861 67293 1 3 0
2 82861 67293 2 4 0
2 82861 59359 0 4 0
2 82861 59359 1 1 0
2 82861 59359 2 2 0
2 82861 51207 0 4 0
2 82861 51207 1 1 0
2 82861 51207 2 2 0
2 82861 2983 0 4 0
2 82861 2983 1 1 0
2 82861 2983 2 2 0
2 82861 66151 0 4 0
2 82861 66151 1 1 0
2 82861 66151 2 2 0
2 82861 39533 0 2 0
2 82861 39533 1 3 0
2 82861 39533 2 4 0
2 82861 66519 0 4 0
2 82861 66519 1 1 0
2 82861 66519 2 2 0
2 82861 78999 0 4 0
2 82861 78999 1 1 0
2 82861 78999 2 2 0
2 82861 81551 0 4 0
2 82861 81551 1 1 0
2 82861 81551 2 2 0
2 82861 31405 0 2 0
2 82861 31405 1 3 0
2 82861 31405 2 4 0
2 82861 80143 0 4 0
2 82861 80143 1 1 0
2 82861 80143 2 2 0
2 82861 9737 0 2 0
2 82861 9737 1 3 0
2 82861 9737 2 4 0
2 82861 12219 0 4 0
2 82861 12219 1 1 0
2 82861 12219 2 2 0
2 82861 34231 0 4 0
2 82861 34231 1 1 0
2 82861 34231 2 2 0
2 82861 17039 0 4 0
2 82861 17039 1 1 0
2 82861 17039 2 2 0
2 82861 14955 0 4 0
2 82861 14955 1 1 0
2 82861 14955 2 2 0
2 82861 13849 0 2 0
2 82861 13849 1 3 0
2 82861 13849 2 4 0
2 82861 21583 0 4 0
2 82861 21583 1 1 0
2 82861 21583 2 2 0
2 82861 58641 0 2 0
2 82861 58641 1 3 0
2 82861 58641 2 4 0
2 82861 65507 0 4 0
2 82861 65507 1 1 0
2 82861 65507 2 2 0
2 82861 24421 0 2 0
2 82861 24421 1 3 0
2 82861 24421 2 4 0
2 82861 1141 0 2 0
2 82861 1141 1 3 0
2 82861 1141 2 4 0
2 82861 42363 0 4 0
2 82861 42363 1 1 0
2 82861 42363 2 2 0
2 82861 80861 0 2 0
2 82861 80861 1 3 0
2 82861 80861 2 4 0
2 82861 74587 0 4 0
2 82861 74587 1 1 0
2 82861 74587 2 2 0
2 82861 17461 0 2 0
2 82861 17461 1 3 0
2 82861 17461 2 4 0
2 82861 60727 0 4 0
2 82861 60727 1 1 0
2 82861 60727 2 2 0
2 82861 11367 0 4 0
2 82861 11367 1 1 0
2 82861 11367 2 2 0
2 82861 31751 0 4 0
2 82861 31751 1 1 0
2 82861 31751 2 2 0
2 82861 22659 0 4 0
2 82861 22659 1 1 0
2 82861 22659 2 2 0
2 82861 52543 0 4 0
2 82861 52543 1 1 0
2 82861 52543 2 2 0
2 82861 75835 0 4 0
2 82861 75835 1 1 0
2 82861 75835 2 2 0
2 82861 1423 0 4 0
2 82861 1423 1 1 0
2 82861 1423 2 2 0
2 82861 75973 0 2 0
2 82861 75973 1 3 0
2 82861 75973 2 4 0
2 82861 74451 0 4 0
2 82861 74451 1 1 0
2 82861 74451 2 2 0
2 82861 43785 0 2 0
2 82861 43785 1 3 0
2 82861 43785 2 4 0
2 82861 7201 0 2 0
2 82861 7201 1 3 0
2 82861 7201 2 4 0
2 82861 65091 0 4 0
2 82861 65091 1 1 0
2 82861 65091 2 2 0
2 82861 28803 0 4 0
2 82861 28803 1 1 0
2 82861 28803 2 2 0
2 82861 15829 0 2 0
2 82861 15829 1 3 0
2 82861 15829 2 4 0
2 82861 13249 0 2 0
2 82861 13249 1 3 0
2 82861 13249 2 4 0
2 82861 66331 0 4 0
2 82861 66331 1 1 0
2 82861 66331 2 2 0
2 82861 54057 0 2 0
2 82861 54057 1 3 0
2 82861 54057 2 4 0
2 82861 21049 0 2 0
2 82861 21049 1 3 0
2 82861 21049 2 4 0
2 82861 51417 0 2 0
2 82861 51417 1 3 0
2 82861 51417 2 4 0
2 82861 65023 0 4 0
2 82861 65023 1 1 0
2 82861 65023 2 2 0
2 82861 32851 0 4 0
2 82861 32851 1 1 0
2 82861 32851 2 2 0
2 82861 31059 0 4 0
2 82861 31059 1 1 0
2 82861 31059 2 2 0
2 82861 79691 0 4 0
2 82861 79691 1 1 0
2 82861 79691 2 2 0
2 82861 46435 0 4 0
2 82861 46435 1 1 0
2 82861 46435 2 2 0
2 82861 71055 0 4 0
2 82861 71055 1 1 0
2 82861 71055 2 2 0
2 82861 64769 0 2 0
2 82861 64769 1 3 0
2 82861 64769 2 4 0
2 82861 72407 0 4 0
2 82861 72407 1 1 0
2 82861 72407 2 2 0
2 82861 62735 0 4 0
2 82861 62735 1 1 0
2 82861 62735 2 2 0
2 82861 5869 0 2 0
2 82861 5869 1 3 0
2 82861 5869 2 4 0
2 82861 81155 0 4 0
2 82861 81155 1 1 0
2 82861 81155 2 2 0
2 82861 56791 0 4 0
2 82861 56791 1 1 0
2 82861 56791 2 2 0
2 82861 1733 0 2 0
2 82861 1733 1 3 0
2 82861 1733 2 4 0
2 82861 25585 0 2 0
2 82861 25585 1 3 0
2 82861 25585 2 4 0
2 82861 75147 0 4 0
2 82861 75147 1 1 0
2 82861 75147 2 2 0
2 82861 1371 0 4 0
2 82861 1371 1 1 0
2 82861 1371 2 2 0
2 82861 56949 0 2 0
2 82861 56949 1 3 0
2 82861 56949 2 4 0
2 82861 54771 0 4 0
2 82861 54771 1 1 0
2 82861 54771 2 2 0
2 82861 76153 0 2 0
2 82861 76153 1 3 0
2 82861 76153 2 4 0
2 82861 45921 0 2 0
2 82861 45921 1 3 0
2 82861 45921 2 4 0
2 82861 63939 0 4 0
2 82861 63939 1 1 0
2 82861 63939 2 2 0
2 82861 27481 0 2 0
2 82861 27481 1 3 0
2 82861 27481 2 4 0
2 82861 31727 0 4 0
2 82861 31727 1 1 0
2 82861 31727 2 2 0
2 82861 44675 0 4 0
2 82861 44675 1 1 0
2 82861 44675 2 2 0
3 82861 3581 0 2 0
3 82861 3581 1 3 0
3 82861 3581 2 4 0
3 82861 26783 0 4 0
3 82861 26783 1 1 0
3 82861 26783 2 2 0
3 82861 16409 0 2 0
3 82861 16409 1 3 0
3 82861 16409 2 4 0
3 82861 22753 0 2 0
3 82861 22753 1 3 0
3 82861 22753 2 4 0
3 82861 37969 0 2 0
3 82861 37969 1 3 0
3 82861 37969 2 4 0
3 82861 78231 0 4 0
3 82861 78231 1 1 0
3 82861 78231 2 2 0
3 82861 61759 0 4 0
3 82861 61759 1 1 0
3 82861 61759 2 2 0
3 82861 27929 0 2 0
3 82861 27929 1 3 0
3 82861 27929 2 4 0
3 82861 20553 0 2 0
3 82861 20553 1 3 0
3 82861 20553 2 4 0
3 82861 30049 0 2 0
3 82861 30049 1 3 0
3 82861 30049 2 4 0
3 82861 62081 0 2 0
3 82861 62081 1 3 0
3 82861 62081 2 4 0
3 82861 50777 0 2 0
3 82861 50777 1 3 0
3 82861 50777 2 4 0
3 82861 77553 0 2 0
3 82861 77553 1 3 0
3 82861 77553 2 4 0
3 82861 5549 0 2 0
3 82861 5549 1 3 0
3 82861 5549 2 4 0
3 82861 57731 0 4 0
3 82861 57731 1 1 0
3 82861 57731 2 2 0
3 82861 39693 0 2 0
3 82861 39693 1 3 0
3 82861 39693 2 4 0
3 82861 14179 0 4 0
3 82861 14179 1 1 0
3 82861 14179 2 2 0
3 82861 37033 0 2 0
3 82861 37033 1 3 0
3 82861 37033 2 4 0
3 82861 623 0 4 0
3 82861 623 1 1 0
3 82861 623 2 2 0
3 82861 12703 0 4 0
3 82861 12703 1 1 0
3 82861 12703 2 2 0
3 82861 8943 0 4 0
3 82861 8943 1 1 0
3 82861 8943 2 2 0
3 82861 23089 0 2 0
3 82861 23089 1 3 0
3 82861 23089 2 4 0
3 82861 81269 0 2 0
3 82861 81269 1 3 0
3 82861 81269 2 4 0
3 82861 483 0 4 0
3 82861 483 1 1 0
3 82861 483 2 2 0
3 82861 81523 0 4 0
3 82861 81523 1 1 0
3 82861 81523 2 2 0
3 82861 46803 0 4 0
3 82861 46803 1 1 0
3 82861 46803 2 2 0
3 82861 58915 0 4 0
3 82861 58915 1 1 0
3 82861 58915 2 2 0
3 82861 6433 0 2 0
3 82861 6433 1 3 0
3 82861 6433 2 4 0
3 82861 42745 0 2 0
3 82861 42745 1 3 0
3 82861 42745 2 4 0
3 82861 4323 0 4 0
3 82861 4323 1 1 0
3 82861 4323 2 2 0
3 82861 58307 0 4 0
3 82861 58307 1 1 0
3 82861 58307 2 2 0
3 82861 7743 0 4 0
3 82861 7743 1 1 0
3 82861 7743 2 2 0
3 82861 38319 0 4 0
3 82861 38319 1 1 0
3 82861 38319 2 2 0
3 82861 72435 0 4 0
3 82861 72435 1 1 0
3 82861 72435 2 2 0
3 82861 39719 0 4 0
3 82861 39719 1 1 0
3 82861 39719 2 2 0
3 82861 23103 0 4 0
3 82861 23103 1 1 0
3 82861 23103 2 2 0
3 82861 53533 0 2 0
3 82861 53533 1 3 0
3 82861 53533 2 4 0
3 82861 18413 0 2 0
3 82861 18413 1 3 0
3 82861 18413 2 4 0
3 82861 71697 0 2 0
3 82861 71697 1 3 0
3 82861 71697 2 4 0
3 82861 16563 0 4 0
3 82861 16563 1 1 0
3 82861 16563 2 2 0
3 82861 56491 0 4 0
3 82861 56491 1 1 0
3 82861 56491 2 2 0
3 82861 54467 0 4 0
3 82861 54467 1 1 0
3 82861 54467 2 2 0
3 82861 24931 0 4 0
3 82861 24931 1 1 0
3 82861 24931 2 2 0
3 82861 73493 0 2 0
3 82861 73493 1 3 0
3 82861 73493 2 4 0
3 82861 63527 0 4 0
3 82861 63527 1 1 0
3 82861 63527 2 2 0
3 82861 35149 0 2 0
3 82861 35149 1 3 0
3 82861 35149 2 4 0
3 82861 47171 0 4 0
3 82861 47171 1 1 0
3 82861 47171 2 2 0
3 82861 72179 0 4 0
3 82861 72179 1 1 0
3 82861 72179 2 2 0
3 82861 60575 0 4 0
3 82861 60575 1 1 0
3 82861 60575 2 2 0
3 82861 26323 0 4 0
3 82861 26323 1 1 0
3 82861 26323 2 2 0
3 82861 44149 0 2 0
3 82861 44149 1 3 0
3 82861 44149 2 4 0
3 82861 69565 0 2 0
3 82861 69565 1 3 0
3 82861 69565 2 4 0
3 82861 67681 0 2 0
3 82861 67681 1 3 0
3 82861 67681 2 4 0
3 82861 76215 0 4 0
3 82861 76215 1 1 0
3 82861 76215 2 2 0
3 82861 35117 0 2 0
3 82861 35117 1 3 0
3 82861 35117 2 4 0
3 82861 53575 0 4 0
3 82861 53575 1 1 0
3 82861 53575 2 2 0
3 82861 25223 0 4 0
3 82861 25223 1 1 0
3 82861 25223 2 2 0
3 82861 27573 0 2 0
3 82861 27573 1 3 0
3 82861 27573 2 4 0
3 82861 24693 0 2 0
3 82861 24693 1 3 0
3 82861 24693 2 4 0
3 82861 21533 0 2 0
3 82861 21533 1 3 0
3 82861 21533 2 4 0
3 82861 39025 0 2 0
3 82861 39025 1 3 0
3 82861 39025 2 4 0
3 82861 51413 0 2 0
3 82861 51413 1 3 0
3 82861 51413 2 4 0
3 82861 76063 0 4 0
3 82861 76063 1 1 0
3 82861 76063 2 2 0
3 82861 1053 0 2 0
3 82861 1053 1 3 0
3 82861 1053 2 4 0
3 82861 40923 0 4 0
3 82861 40923 1 1 0
3 82861 40923 2 2 0
3 82861 30689 0 2 0
3 82861 30689 1 3 0
3 82861 30689 2 4 0
3 82861 67457 0 2 0
3 82861 67457 1 3 0
3 82861 67457 2 4 0
3 82861 56353 0 2 0
3 82861 56353 1 3 0
3 82861 56353 2 4 0
3 82861 56067 0 4 0
3 82861 56067 1 1 0
3 82861 56067 2 2 0
3 82861 77245 0 2 0
3 82861 77245 1 3 0
3 82861 77245 2 4 0
3 82861 6261 0 2 0
3 82861 6261 1 3 0
3 82861 6261 2 4 0
3 82861 24533 0 2 0
3 82861 24533 1 3 0
3 82861 24533 2 4 0
3 82861 57875 0 4 0
3 82861 57875 1 1 0
3 82861 57875 2 2 0
3 82861 11027 0 4 0
3 82861 11027 1 1 0
3 82861 11027 2 2 0
3 82861 3441 0 2 0
3 82861 3441 1 3 0
3 82861 3441 2 4 0
3 82861 24663 0 4 0
3 82861 24663 1 1 0
3 82861 24663 2 2 0
3 82861 13113 0 2 0
3 82861 13113 1 3 0
3 82861 13113 2 4 0
3 82861 31345 0 2 0
3 82861 31345 1 3 0
3 82861 31345 2 4 0
3 82861 76161 0 2 0
3 82861 76161 1 3 0
3 82861 76161 2 4 0
3 82861 75457 0 2 0
3 82861 75457 1 3 0
3 82861 75457 2 4 0
3 82861 41383 0 4 0
3 82861 41383 1 1 0
3 82861 41383 2 2 0
3 82861 37865 0 2 0
3 82861 37865 1 3 0
3 82861 37865 2 4 0
3 82861 6589 0 2 0
3 82861 6589 1 3 0
3 82861 6589 2 4 0
3 82861 20323 0 4 0
3 82861 20323 1 1 0
3 82861 20323 2 2 0
3 82861 69273 0 2 0
3 82861 69273 1 3 0
3 82861 69273 2 4 0
3 82861 30287 0 4 0
3 82861 30287 1 1 0
3 82861 30287 2 2 0
3 82861 80755 0 4 0
3 82861 80755 1 1 0
3 82861 80755 2 2 0
3 82861 79623 0 4 0
3 82861 79623 1 1 0
3 82861 79623 2 2 0
3 82861 68413 0 2 0
3 82861 68413 1 3 0
3 82861 68413 2 4 0
3 82861 23897 0 2 0
3 82861 23897 1 3 0
3 82861 23897 2 4 0
3 82861 46247 0 4 0
3 82861 46247 1 1 0
3 82861 46247 2 2 0
3 82861 44599 0 4 0
3 82861 44599 1 1 0
3 82861 44599 2 2 0
3 82861 13523 0 4 0
3 82861 13523 1 1 0
3 82861 13523 2 2 0
3 82861 60951 0 4 0
3 82861 60951 1 1 0
3 82861 60951 2 2 0
3 82861 43 0 4 0
3 82861 43 1 1 0
3 82861 43 2 2 0
3 82861 70869 0 2 0
3 82861 70869 1 3 0
3 82861 70869 2 4 0
3 82861 49277 0 2 0
3 82861 49277 1 3 0
3 82861 49277 2 4 0
3 82861 40121 0 2 0
3 82861 40121 1 3 0
3 82861 40121 2 4 0
3 82861 37707 0 4 0
3 82861 37707 1 1 0
3 82861 37707 2 2 0
3 82861 50101 0 2 0
3 82861 50101 1 3 0
3 82861 50101 2 4 0
3 82861 64261 0 2 0
3 82861 64261 1 3 0
3 82861 64261 2 4 0
3 82861 21763 0 4 0
3 82861 21763 1 1 0
3 82861 21763 2 2 0
3 82861 10017 0 2 0
3 82861 10017 1 3 0
3 82861 10017 2 4 0
3 82861 46701 0 2 0
3 82861 46701 1 3 0
3 82861 46701 2 4 0
3 82861 52891 0 4 0
3 82861 52891 1 1 0
3 82861 52891 2 2 0
3 82861 38517 0 2 0
3 82861 38517 1 3 0
3 82861 38517 2 4 0
3 82861 78453 0 2 0
3 82861 78453 1 3 0
3 82861 78453 2 4 0
3 82861 79649 0 2 0
3 82861 79649 1 3 0
3 82861 79649 2 4 0
3 82861 80809 0 2 0
3 82861 80809 1 3 0
3 82861 80809 2 4 0
3 82861 8453 0 2 0
3 82861 8453 1 3 0
3 82861 8453 2 4 0
3 82861 63315 0 4 0
3 82861 63315 1 1 0
3 82861 63315 2 2 0
3 82861 21805 0 2 0
3 82861 21805 1 3 0
3 82861 21805 2 4 0
3 82861 34875 0 4 0
3 82861 34875 1 1 0
3 82861 34875 2 2 0
3 82861 64407 0 4 0
3 82861 64407 1 1 0
3 82861 64407 2 2 0
3 82861 5953 0 2 0
3 82861 5953 1 3 0
3 82861 5953 2 4 0
3 82861 33731 0 4 0
3 82861 33731 1 1 0
3 82861 33731 2 2 0
3 82861 7489 0 2 0
3 82861 7489 1 3 0
3 82861 7489 2 4 0
3 82861 61715 0 4 0
3 82861 61715 1 1 0
3 82861 61715 2 2 0
3 82861 43181 0 2 0
3 82861 43181 1 3 0
3 82861 43181 2 4 0
3 82861 46283 0 4 0
3 82861 46283 1 1 0
3 82861 46283 2 2 0
3 82861 50105 0 2 0
3 82861 50105 1 3 0
3 82861 50105 2 4 0
3 82861 49935 0 4 0
3 82861 49935 1 1 0
3 82861 49935 2 2 0
3 82861 22283 0 4 0
3 82861 22283 1 1 0
3 82861 22283 2 2 0
3 82861 17621 0 2 0
3 82861 17621 1 3 0
3 82861 17621 2 4 0
3 82861 18471 0 4 0
3 82861 18471 1 1 0
3 82861 18471 2 2 0
3 82861 40043 0 4 0
3 82861 40043 1 1 0
3 82861 40043 2 2 0
3 82861 76409 0 2 0
3 82861 76409 1 3 0
3 82861 76409 2 4 0
3 82861 5283 0 4 0
3 82861 5283 1 1 0
3 82861 5283 2 2 0
3 82861 36119 0 4 0
3 82861 36119 1 1 0
3 82861 36119 2 2 0
3 82861 36161 0 2 0
3 82861 36161 1 3 0
3 82861 36161 2 4 0
3 82861 4649 0 2 0
3 82861 4649 1 3 0
3 82861 4649 2 4 0
3 82861 15051 0 4 0
3 82861 15051 1 1 0
3 82861 15051 2 2 0
3 82861 73417 0 2 0
3 82861 73417 1 3 0
3 82861 73417 2 4 0
3 82861 50283 0 4 0
3 82861 50283 1 1 0
3 82861 50283 2 2 0
3 82861 1017 0 2 0
3 82861 1017 1 3 0
3 82861 1017 2 4 0
3 82861 64641 0 2 0
3 82861 64641 1 3 0
3 82861 64641 2 4 0
3 82861 66185 0 2 0
3 82861 66185 1 3 0
3 82861 66185 2 4 0
3 82861 61059 0 4 0
3 82861 61059 1 1 0
3 82861 61059 2 2 0
3 82861 46213 0 2 0
3 82861 46213 1 3 0
3 82861 46213 2 4 0
3 82861 68021 0 2 0
3 82861 68021 1 3 0
3 82861 68021 2 4 0
3 82861 81425 0 2 0
3 82861 81425 1 3 0
3 82861 81425 2 4 0
3 82861 49287 0 4 0
3 82861 49287 1 1 0
3 82861 49287 2 2 0
3 82861 64991 0 4 0
3 82861 64991 1 1 0
3 82861 64991 2 2 0
3 82861 11613 0 2 0
3 82861 11613 1 3 0
3 82861 11613 2 4 0
3 82861 62089 0 2 0
3 82861 62089 1 3 0
3 82861 62089 2 4 0
3 82861 49659 0 4 0
3 82861 49659 1 1 0
3 82861 49659 2 2 0
3 82861 45413 0 2 0
3 82861 45413 1 3 0
3 82861 45413 2 4 0
3 82861 48757 0 2 0
3 82861 48757 1 3 0
3 82861 48757 2 4 0
3 82861 15029 0 2 0
3 82861 15029 1 3 0
3 82861 15029 2 4 0
3 82861 27385 0 2 0
3 82861 27385 1 3 0
3 82861 27385 2 4 0
3 82861 11531 0 4 0
3 82861 11531 1 1 0
3 82861 11531 2 2 0
3 82861 64345 0 2 0
3 82861 64345 1 3 0
3 82861 64345 2 4 0
3 82861 9377 0 2 0
3 82861 9377 1 3 0
3 82861 9377 2 4 0
3 82861 75671 0 4 0
3 82861 75671 1 1 0
3 82861 75671 2 2 0
3 82861 39115 0 4 0
3 82861 39115 1 1 0
3 82861 39115 2 2 0
3 82861 255 0 4 0
3 82861 255 1 1 0
3 82861 255 2 2 0
3 82861 55475 0 4 0
3 82861 55475 1 1 0
3 82861 55475 2 2 0
3 82861 28091 0 4 0
3 82861 28091 1 1 0
3 82861 28091 2 2 0
3 82861 62499 0 4 0
3 82861 62499 1 1 0
3 82861 62499 2 2 0
3 82861 27595 0 4 0
3 82861 27595 1 1 0
3 82861 27595 2 2 0
3 82861 30321 0 2 0
3 82861 30321 1 3 0
3 82861 30321 2 4 0
3 82861 1063 0 4 0
3 82861 1063 1 1 0
3 82861 1063 2 2 0
3 82861 31427 0 4 0
3 82861 31427 1 1 0
3 82861 31427 2 2 0
3 82861 47143 0 4 0
3 82861 47143 1 1 0
3 82861 47143 2 2 0
3 82861 27195 0 4 0
3 82861 27195 1 1 0
3 82861 27195 2 2 0
3 82861 73973 0 2 0
3 82861 73973 1 3 0
3 82861 73973 2 4 0
3 82861 15127 0 4 0
3 82861 15127 1 1 0
3 82861 15127 2 2 0
3 82861 56213 0 2 0
3 82861 56213 1 3 0
3 82861 56213 2 4 0
3 82861 81601 0 2 0
3 82861 81601 1 3 0
3 82861 81601 2 4 0
3 82861 65059 0 4 0
3 82861 65059 1 1 0
3 82861 65059 2 2 0
3 82861 65025 0 2 0
3 82861 65025 1 3 0
3 82861 65025 2 4 0
3 82861 4919 0 4 0
3 82861 4919 1 1 0
3 82861 4919 2 2 0
3 82861 72551 0 4 0
3 82861 72551 1 1 0
3 82861 72551 2 2 0
3 82861 24841 0 2 0
3 82861 24841 1 3 0
3 82861 24841 2 4 0
3 82861 32535 0 4 0
3 82861 32535 1 1 0
3 82861 32535 2 2 0
3 82861 33145 0 2 0
3 82861 33145 1 3 0
3 82861 33145 2 4 0
3 82861 38687 0 4 0
3 82861 38687 1 1 0
3 82861 38687 2 2 0
3 82861 77465 0 2 0
3 82861 77465 1 3 0
3 82861 77465 2 4 0
3 82861 17061 0 2 0
3 82861 17061 1 3 0
3 82861 17061 2 4 0
3 82861 33161 0 2 0
3 82861 33161 1 3 0
3 82861 33161 2 4 0
3 82861 3485 0 2 0
3 82861 3485 1 3 0
3 82861 3485 2 4 0
3 82861 48105 0 2 0
3 82861 48105 1 3 0
3 82861 48105 2 4 0
3 82861 54997 0 2 0
3 82861 54997 1 3 0
3 82861 54997 2 4 0
3 82861 11471 0 4 0
3 82861 11471 1 1 0
3 82861 11471 2 2 0
3 82861 69537 0 2 0
3 82861 69537 1 3 0
3 82861 69537 2 4 0
3 82861 76551 0 4 0
3 82861 76551 1 1 0
3 82861 76551 2 2 0
3 82861 69153 0 2 0
3 82861 69153 1 3 0
3 82861 69153 2 4 0
3 82861 55447 0 4 0
3 82861 55447 1 1 0
3 82861 55447 2 2 0
3 82861 33213 0 2 0
3 82861 33213 1 3 0
3 82861 33213 2 4 0
3 82861 68825 0 2 0
3 82861 68825 1 3 0
3 82861 68825 2 4 0
3 82861 48453 0 2 0
3 82861 48453 1 3 0
3 82861 48453 2 4 0
3 82861 12135 0 4 0
3 82861 12135 1 1 0
3 82861 12135 2 2 0
3 82861 36013 0 2 0
3 82861 36013 1 3 0
3 82861 36013 2 4 0
3 82861 60743 0 4 0
3 82861 60743 1 1 0
3 82861 60743 2 2 0
3 82861 8199 0 4 0
3 82861 8199 1 1 0
3 82861 8199 2 2 0
3 82861 51683 0 4 0
3 82861 51683 1 1 0
3 82861 51683 2 2 0
3 82861 67673 0 2 0
3 82861 67673 1 3 0
3 82861 67673 2 4 0
3 82861 64577 0 2 0
3 82861 64577 1 3 0
3 82861 64577 2 4 0
3 82861 51203 0 4 0
3 82861 51203 1 1 0
3 82861 51203 2 2 0
3 82861 60417 0 2 0
3 82861 60417 1 3 0
3 82861 60417 2 4 0
3 82861 45465 0 2 0
3 82861 45465 1 3 0
3 82861 45465 2 4 0
3 82861 27771 0 4 0
3 82861 27771 1 1 0
3 82861 27771 2 2 0
3 82861 14045 0 2 0
3 82861 14045 1 3 0
3 82861 14045 2 4 0
3 82861 1097 0 2 0
3 82861 1097 1 3 0
3 82861 1097 2 4 0
3 82861 53789 0 2 0
3 82861 53789 1 3 0
3 82861 53789 2 4 0
3 82861 41581 0 2 0
3 82861 41581 1 3 0
3 82861 41581 2 4 0
3 82861 57519 0 4 0
3 82861 57519 1 1 0
3 82861 57519 2 2 0
3 82861 1297 0 2 0
3 82861 1297 1 3 0
3 82861 1297 2 4 0
3 82861 31699 0 4 0
3 82861 31699 1 1 0
3 82861 31699 2 2 0
3 82861 48481 0 2 0
3 82861 48481 1 3 0
3 82861 48481 2 4 0
3 82861 5021 0 2 0
3 82861 5021 1 3 0
3 82861 5021 2 4 0
3 82861 7493 0 2 0
3 82861 7493 1 3 0
3 82861 7493 2 4 0
3 82861 22891 0 4 0
3 82861 22891 1 1 0
3 82861 22891 2 2 0
3 82861 6481 0 2 0
3 82861 6481 1 3 0
3 82861 6481 2 4 0
3 82861 3983 0 4 0
3 82861 3983 1 1 0
3 82861 3983 2 2 0
3 82861 3017 0 2 0
3 82861 3017 1 3 0
3 82861 3017 2 4 0
3 82861 61671 0 4 0
3 82861 61671 1 1 0
3 82861 61671 2 2 0
3 82861 66893 0 2 0
3 82861 66893 1 3 0
3 82861 66893 2 4 0
3 82861 9309 0 2 0
3 82861 9309 1 3 0
3 82861 9309 2 4 0
3 82861 72975 0 4 0
3 82861 72975 1 1 0
3 82861 72975 2 2 0
3 82861 6627 0 4 0
3 82861 6627 1 1 0
3 82861 6627 2 2 0
3 82861 58893 0 2 0
3 82861 58893 1 3 0
3 82861 58893 2 4 0
3 82861 34991 0 4 0
3 82861 34991 1 1 0
3 82861 34991 2 2 0
3 82861 55847 0 4 0
3 82861 55847 1 1 0
3 82861 55847 2 2 0
3 82861 14087 0 4 0
3 82861 14087 1 1 0
3 82861 14087 2 2 0
3 82861 66729 0 2 0
3 82861 66729 1 3 0
3 82861 66729 2 4 0
3 82861 54087 0 4 0
3 82861 54087 1 1 0
3 82861 54087 2 2 0
3 82861 81807 0 4 0
3 82861 81807 1 1 0
3 82861 81807 2 2 0
3 82861 28937 0 2 0
3 82861 28937 1 3 0
3 82861 28937 2 4 0
3 82861 40609 0 2 0
3 82861 40609 1 3 0
3 82861 40609 2 4 0
3 82861 60005 0 2 0
3 82861 60005 1 3 0
3 82861 60005 2 4 0
3 82861 61363 0 4 0
3 82861 61363 1 1 0
3 82861 61363 2 2 0
3 82861 12315 0 4 0
3 82861 12315 1 1 0
3 82861 12315 2 2 0
3 82861 40979 0 4 0
3 82861 40979 1 1 0
3 82861 40979 2 2 0
3 82861 4609 0 2 0
3 82861 4609 1 3 0
3 82861 4609 2 4 0
3 82861 71817 0 2 0
3 82861 71817 1 3 0
3 82861 71817 2 4 0
3 82861 75681 0 2 0
3 82861 75681 1 3 0
3 82861 75681 2 4 0
3 82861 19913 0 2 0
3 82861 19913 1 3 0
3 82861 19913 2 4 0
3 82861 31655 0 4 0
3 82861 31655 1 1 0
3 82861 31655 2 2 0
3 82861 50019 0 4 0
3 82861 50019 1 1 0
3 82861 50019 2 2 0
3 82861 44131 0 4 0
3 82861 44131 1 1 0
3 82861 44131 2 2 0
3 82861 65515 0 4 0
3 82861 65515 1 1 0
3 82861 65515 2 2 0
3 82861 28495 0 4 0
3 82861 28495 1 1 0
3 82861 28495 2 2 0
3 82861 5255 0 4 0
3 82861 5255 1 1 0
3 82861 5255 2 2 0
3 82861 76231 0 4 0
3 82861 76231 1 1 0
3 82861 76231 2 2 0
3 82861 57401 0 2 0
3 82861 57401 1 3 0
3 82861 57401 2 4 0
3 82861 69213 0 2 0
3 82861 69213 1 3 0
3 82861 69213 2 4 0
3 82861 81675 0 4 0
3 82861 81675 1 1 0
3 82861 81675 2 2 0
3 82861 13259 0 4 0
3 82861 13259 1 1 0
3 82861 13259 2 2 0
3 82861 56007 0 4 0
3 82861 56007 1 1 0
3 82861 56007 2 2 0
3 82861 4281 0 2 0
3 82861 4281 1 3 0
3 82861 4281 2 4 0
3 82861 63695 0 4 0
3 82861 63695 1 1 0
3 82861 63695 2 2 0
3 82861 26573 0 2 0
3 82861 26573 1 3 0
3 82861 26573 2 4 0
3 82861 43519 0 4 0
3 82861 43519 1 1 0
3 82861 43519 2 2 0
3 82861 56621 0 2 0
3 82861 56621 1 3 0
3 82861 56621 2 4 0
3 82861 73521 0 2 0
3 82861 73521 1 3 0
3 82861 73521 2 4 0
3 82861 65573 0 2 0
3 82861 65573 1 3 0
3 82861 65573 2 4 0
3 82861 21191 0 4 0
3 82861 21191 1 1 0
3 82861 21191 2 2 0
3 82861 4819 0 4 0
3 82861 4819 1 1 0
3 82861 4819 2 2 0
3 82861 28759 0 4 0
3 82861 28759 1 1 0
3 82861 28759 2 2 0
3 82861 8273 0 2 0
3 82861 8273 1 3 0
3 82861 8273 2 4 0
3 82861 60291 0 4 0
3 82861 60291 1 1 0
3 82861 60291 2 2 0
3 82861 70847 0 4 0
3 82861 70847 1 1 0
3 82861 70847 2 2 0
3 82861 67141 0 2 0
3 82861 67141 1 3 0
3 82861 67141 2 4 0
3 82861 5221 0 2 0
3 82861 5221 1 3 0
3 82861 5221 2 4 0
3 82861 35255 0 4 0
3 82861 35255 1 1 0
3 82861 35255 2 2 0
3 82861 11589 0 2 0
3 82861 11589 1 3 0
3 82861 11589 2 4 0
3 82861 28099 0 4 0
3 82861 28099 1 1 0
3 82861 28099 2 2 0
3 82861 47885 0 2 0
3 82861 47885 1 3 0
3 82861 47885 2 4 0
3 82861 80569 0 2 0
3 82861 80569 1 3 0
3 82861 80569 2 4 0
3 82861 30613 0 2 0
3 82861 30613 1 3 0
3 82861 30613 2 4 0
3 82861 55857 0 2 0
3 82861 55857 1 3 0
3 82861 55857 2 4 0
3 82861 80149 0 2 0
3 82861 80149 1 3 0
3 82861 80149 2 4 0
3 82861 42189 0 2 0
3 82861 42189 1 3 0
3 82861 42189 2 4 0
3 82861 60875 0 4 0
3 82861 60875 1 1 0
3 82861 60875 2 2 0
3 82861 74447 0 4 0
3 82861 74447 1 1 0
3 82861 74447 2 2 0
3 82861 5445 0 2 0
3 82861 5445 1 3 0
3 82861 5445 2 4 0
3 82861 75837 0 2 0
3 82861 75837 1 3 0
3 82861 75837 2 4 0
3 82861 35579 0 4 0
3 82861 35579 1 1 0
3 82861 35579 2 2 0
3 82861 34319 0 4 0
3 82861 34319 1 1 0
3 82861 34319 2 2 0
3 82861 24569 0 2 0
3 82861 24569 1 3 0
3 82861 24569 2 4 0
3 82861 56721 0 2 0
3 82861 56721 1 3 0
3 82861 56721 2 4 0
3 82861 5503 0 4 0
3 82861 5503 1 1 0
3 82861 5503 2 2 0
3 82861 32499 0 4 0
3 82861 32499 1 1 0
3 82861 32499 2 2 0
3 82861 60901 0 2 0
3 82861 60901 1 3 0
3 82861 60901 2 4 0
3 82861 56053 0 2 0
3 82861 56053 1 3 0
3 82861 56053 2 4 0
3 82861 77533 0 2 0
3 82861 77533 1 3 0
3 82861 77533 2 4 0
3 82861 18487 0 4 0
3 82861 18487 1 1 0
3 82861 18487 2 2 0
3 82861 6763 0 4 0
3 82861 6763 1 1 0
3 82861 6763 2 2 0
3 82861 583 0 4 0
3 82861 583 1 1 0
3 82861 583 2 2 0
3 82861 1273 0 2 0
3 82861 1273 1 3 0
3 82861 1273 2 4 0
3 82861 10295 0 4 0
3 82861 10295 1 1 0
3 82861 10295 2 2 0
3 82861 66769 0 2 0
3 82861 66769 1 3 0
3 82861 66769 2 4 0
3 82861 15773 0 2 0
3 82861 15773 1 3 0
3 82861 15773 2 4 0
3 82861 81485 0 2 0
3 82861 81485 1 3 0
3 82861 81485 2 4 0
3 82861 29483 0 4 0
3 82861 29483 1 1 0
3 82861 29483 2 2 0
3 82861 45495 0 4 0
3 82861 45495 1 1 0
3 82861 45495 2 2 0
3 82861 80561 0 2 0
3 82861 80561 1 3 0
3 82861 80561 2 4 0
3 82861 65673 0 2 0
3 82861 65673 1 3 0
3 82861 65673 2 4 0
3 82861 57829 0 2 0
3 82861 57829 1 3 0
3 82861 57829 2 4 0
3 82861 34679 0 4 0
3 82861 34679 1 1 0
3 82861 34679 2 2 0
3 82861 16671 0 4 0
3 82861 16671 1 1 0
3 82861 16671 2 2 0
3 82861 41901 0 2 0
3 82861 41901 1 3 0
3 82861 41901 2 4 0
3 82861 20821 0 2 0
3 82861 20821 1 3 0
3 82861 20821 2 4 0
3 82861 64583 0 4 0
3 82861 64583 1 1 0
3 82861 64583 2 2 0
3 82861 66971 0 4 0
3 82861 66971 1 1 0
3 82861 66971 2 2 0
3 82861 37349 0 2 0
3 82861 37349 1 3 0
3 82861 37349 2 4 0
3 82861 19375 0 4 0
3 82861 19375 1 1 0
3 82861 19375 2 2 0
3 82861 79719 0 4 0
3 82861 79719 1 1 0
3 82861 79719 2 2 0
3 82861 72851 0 4 0
3 82861 72851 1 1 0
3 82861 72851 2 2 0
3 82861 53417 0 2 0
3 82861 53417 1 3 0
3 82861 53417 2 4 0
3 82861 6651 0 4 0
3 82861 6651 1 1 0
3 82861 6651 2 2 0
3 82861 65065 0 2 0
3 82861 65065 1 3 0
3 82861 65065 2 4 0
3 82861 63499 0 4 0
3 82861 63499 1 1 0
3 82861 63499 2 2 0
3 82861 62673 0 2 0
3 82861 62673 1 3 0
3 82861 62673 2 4 0
3 82861 66489 0 2 0
3 82861 66489 1 3 0
3 82861 66489 2 4 0
3 82861 76833 0 2 0
3 82861 76833 1 3 0
3 82861 76833 2 4 0
3 82861 76585 0 2 0
3 82861 76585 1 3 0
3 82861 76585 2 4 0
3 82861 20491 0 4 0
3 82861 20491 1 1 0
3 82861 20491 2 2 0
3 82861 5617 0 2 0
3 82861 5617 1 3 0
3 82861 5617 2 4 0
3 82861 21615 0 4 0
3 82861 21615 1 1 0
3 82861 21615 2 2 0
3 82861 18277 0 2 0
3 82861 18277 1 3 0
3 82861 18277 2 4 0
3 82861 7871 0 4 0
3 82861 7871 1 1 0
3 82861 7871 2 2 0
3 82861 42383 0 4 0
3 82861 42383 1 1 0
3 82861 42383 2 2 0
3 82861 19273 0 2 0
3 82861 19273 1 3 0
3 82861 19273 2 4 0
3 82861 63803 0 4 0
3 82861 63803 1 1 0
3 82861 63803 2 2 0
3 82861 40291 0 4 0
3 82861 40291 1 1 0
3 82861 40291 2 2 0
3 82861 49631 0 4 0
3 82861 49631 1 1 0
3 82861 49631 2 2 0
3 82861 56059 0 4 0
3 82861 56059 1 1 0
3 82861 56059 2 2 0
3 82861 52231 0 4 0
3 82861 52231 1 1 0
3 82861 52231 2 2 0
3 82861 1969 0 2 0
3 82861 1969 1 3 0
3 82861 1969 2 4 0
3 82861 16527 0 4 0
3 82861 16527 1 1 0
3 82861 16527 2 2 0
3 82861 18799 0 4 0
3 82861 18799 1 1 0
3 82861 18799 2 2 0
3 82861 36835 0 4 0
3 82861 36835 1 1 0
3 82861 36835 2 2 0
3 82861 7315 0 4 0
3 82861 7315 1 1 0
3 82861 7315 2 2 0
3 82861 17161 0 2 0
3 82861 17161 1 3 0
3 82861 17161 2 4 0
3 82861 31185 0 2 0
3 82861 31185 1 3 0
3 82861 31185 2 4 0
3 82861 74035 0 4 0
3 82861 74035 1 1 0
3 82861 74035 2 2 0
3 82861 45593 0 2 0
3 82861 45593 1 3 0
3 82861 45593 2 4 0
3 82861 56261 0 2 0
3 82861 56261 1 3 0
3 82861 56261 2 4 0
3 82861 45913 0 2 0
3 82861 45913 1 3 0
3 82861 45913 2 4 0
3 82861 41477 0 2 0
3 82861 41477 1 3 0
3 82861 41477 2 4 0
3 82861 993 0 2 0
3 82861 993 1 3 0
3 82861 993 2 4 0
3 82861 66941 0 2 0
3 82861 66941 1 3 0
3 82861 66941 2 4 0
3 82861 11789 0 2 0
3 82861 11789 1 3 0
3 82861 11789 2 4 0
3 82861 1579 0 4 0
3 82861 1579 1 1 0
3 82861 1579 2 2 0
3 82861 38815 0 4 0
3 82861 38815 1 1 0
3 82861 38815 2 2 0
3 82861 53969 0 2 0
3 82861 53969 1 3 0
3 82861 53969 2 4 0
3 82861 49355 0 4 0
3 82861 49355 1 1 0
3 82861 49355 2 2 0
3 82861 17487 0 4 0
3 82861 17487 1 1 0
3 82861 17487 2 2 0
3 82861 38765 0 2 0
3 82861 38765 1 3 0
3 82861 38765 2 4 0
3 82861 67171 0 4 0
3 82861 67171 1 1 0
3 82861 67171 2 2 0
3 82861 44811 0 4 0
3 82861 44811 1 1 0
3 82861 44811 2 2 0
3 82861 5913 0 2 0
3 82861 5913 1 3 0
3 82861 5913 2 4 0
3 82861 33801 0 2 0
3 82861 33801 1 3 0
3 82861 33801 2 4 0
3 82861 65251 0 4 0
3 82861 65251 1 1 0
3 82861 65251 2 2 0
3 82861 60505 0 2 0
3 82861 60505 1 3 0
3 82861 60505 2 4 0
3 82861 60283 0 4 0
3 82861 60283 1 1 0
3 82861 60283 2 2 0
3 82861 69599 0 4 0
3 82861 69599 1 1 0
3 82861 69599 2 2 0
3 82861 28439 0 4 0
3 82861 28439 1 1 0
3 82861 28439 2 2 0
3 82861 39427 0 4 0
3 82861 39427 1 1 0
3 82861 39427 2 2 0
3 82861 35567 0 4 0
3 82861 35567 1 1 0
3 82861 35567 2 2 0
3 82861 2133 0 2 0
3 82861 2133 1 3 0
3 82861 2133 2 4 0
3 82861 33217 0 2 0
3 82861 33217 1 3 0
3 82861 33217 2 4 0
3 82861 60213 0 2 0
3 82861 60213 1 3 0
3 82861 60213 2 4 0
3 82861 9365 0 2 0
3 82861 9365 1 3 0
3 82861 9365 2 4 0
3 82861 79363 0 4 0
3 82861 79363 1 1 0
3 82861 79363 2 2 0
3 82861 59613 0 2 0
3 82861 59613 1 3 0
3 82861 59613 2 4 0
3 82861 41833 0 2 0
3 82861 41833 1 3 0
3 82861 41833 2 4 0
3 82861 74705 0 2 0
3 82861 74705 1 3 0
3 82861 74705 2 4 0
3 82861 19127 0 4 0
3 82861 19127 1 1 0
3 82861 19127 2 2 0
3 82861 5813 0 2 0
3 82861 5813 1 3 0
3 82861 5813 2 4 0
3 82861 2851 0 4 0
3 82861 2851 1 1 0
3 82861 2851 2 2 0
3 82861 6073 0 2 0
3 82861 6073 1 3 0
3 82861 6073 2 4 0
3 82861 40141 0 2 0
3 82861 40141 1 3 0
3 82861 40141 2 4 0
3 82861 23719 0 4 0
3 82861 23719 1 1 0
3 82861 23719 2 2 0
3 82861 23423 0 4 0
3 82861 23423 1 1 0
3 82861 23423 2 2 0
3 82861 74095 0 4 0
3 82861 74095 1 1 0
3 82861 74095 2 2 0
3 82861 9199 0 4 0
3 82861 9199 1 1 0
3 82861 9199 2 2 0
3 82861 44083 0 4 0
3 82861 44083 1 1 0
3 82861 44083 2 2 0
3 82861 79557 0 2 0
3 82861 79557 1 3 0
3 82861 79557 2 4 0
3 82861 79417 0 2 0
3 82861 79417 1 3 0
3 82861 79417 2 4 0
3 82861 58891 0 4 0
3 82861 58891 1 1 0
3 82861 58891 2 2 0
3 82861 73765 0 2 0
3 82861 73765 1 3 0
3 82861 73765 2 4 0
3 82861 66545 0 2 0
3 82861 66545 1 3 0
3 82861 66545 2 4 0
3 82861 76665 0 2 0
3 82861 76665 1 3 0
3 82861 76665 2 4 0
3 82861 68587 0 4 0
3 82861 68587 1 1 0
3 82861 68587 2 2 0
3 82861 26159 0 4 0
3 82861 26159 1 1 0
3 82861 26159 2 2 0
3 82861 22691 0 4 0
3 82861 22691 1 1 0
3 82861 22691 2 2 0
3 82861 11979 0 4 0
3 82861 11979 1 1 0
3 82861 11979 2 2 0
3 82861 71661 0 2 0
3 82861 71661 1 3 0
3 82861 71661 2 4 0
3 82861 36165 0 2 0
3 82861 36165 1 3 0
3 82861 36165 2 4 0
3 82861 81809 0 2 0
3 82861 81809 1 3 0
3 82861 81809 2 4 0
3 82861 15939 0 4 0
3 82861 15939 1 1 0
3 82861 15939 2 2 0
3 82861 65131 0 4 0
3 82861 65131 1 1 0
3 82861 65131 2 2 0
3 82861 4643 0 4 0
3 82861 4643 1 1 0
3 82861 4643 2 2 0
3 82861 34333 0 2 0
3 82861 34333 1 3 0
3 82861 34333 2 4 0
3 82861 30663 0 4 0
3 82861 30663 1 1 0
3 82861 30663 2 2 0
3 82861 71345 0 2 0
3 82861 71345 1 3 0
3 82861 71345 2 4 0
3 82861 37883 0 4 0
3 82861 37883 1 1 0
3 82861 37883 2 2 0
3 82861 36457 0 2 0
3 82861 36457 1 3 0
3 82861 36457 2 4 0
3 82861 13133 0 2 0
3 82861 13133 1 3 0
3 82861 13133 2 4 0
3 82861 74493 0 2 0
3 82861 74493 1 3 0
3 82861 74493 2 4 0
3 82861 29049 0 2 0
3 82861 29049 1 3 0
3 82861 29049 2 4 0
3 82861 24709 0 2 0
3 82861 24709 1 3 0
3 82861 24709 2 4 0
3 82861 80053 0 2 0
3 82861 80053 1 3 0
3 82861 80053 2 4 0
3 82861 75313 0 2 0
3 82861 75313 1 3 0
3 82861 75313 2 4 0
3 82861 55755 0 4 0
3 82861 55755 1 1 0
3 82861 55755 2 2 0
3 82861 59355 0 4 0
3 82861 59355 1 1 0
3 82861 59355 2 2 0
3 82861 70407 0 4 0
3 82861 70407 1 1 0
3 82861 70407 2 2 0
3 82861 52541 0 2 0
3 82861 52541 1 3 0
3 82861 52541 2 4 0
3 82861 78543 0 4 0
3 82861 78543 1 1 0
3 82861 78543 2 2 0
3 82861 53241 0 2 0
3 82861 53241 1 3 0
3 82861 53241 2 4 0
3 82861 49485 0 2 0
3 82861 49485 1 3 0
3 82861 49485 2 4 0
3 82861 48797 0 2 0
3 82861 48797 1 3 0
3 82861 48797 2 4 0
3 82861 14533 0 2 0
3 82861 14533 1 3 0
3 82861 14533 2 4 0
3 82861 25685 0 2 0
3 82861 25685 1 3 0
3 82861 25685 2 4 0
3 82861 27489 0 2 0
3 82861 27489 1 3 0
3 82861 27489 2 4 0
3 82861 29727 0 4 0
3 82861 29727 1 1 0
3 82861 29727 2 2 0
3 82861 15673 0 2 0
3 82861 15673 1 3 0
3 82861 15673 2 4 0
3 82861 55751 0 4 0
3 82861 55751 1 1 0
3 82861 55751 2 2 0
3 82861 65305 0 2 0
3 82861 65305 1 3 0
3 82861 65305 2 4 0
3 82861 45229 0 2 0
3 82861 45229 1 3 0
3 82861 45229 2 4 0
3 82861 50737 0 2 0
3 82861 50737 1 3 0
3 82861 50737 2 4 0
3 82861 23767 0 4 0
3 82861 23767 1 1 0
3 82861 23767 2 2 0
3 82861 17547 0 4 0
3 82861 17547 1 1 0
3 82861 17547 2 2 0
3 82861 58609 0 2 0
3 82861 58609 1 3 0
3 82861 58609 2 4 0
3 82861 16055 0 4 0
3 82861 16055 1 1 0
3 82861 16055 2 2 0
3 82861 53933 0 2 0
3 82861 53933 1 3 0
3 82861 53933 2 4 0
3 82861 43597 0 2 0
3 82861 43597 1 3 0
3 82861 43597 2 4 0
3 82861 58749 0 2 0
3 82861 58749 1 3 0
3 82861 58749 2 4 0
3 82861 32363 0 4 0
3 82861 32363 1 1 0
3 82861 32363 2 2 0
3 82861 61357 0 2 0
3 82861 61357 1 3 0
3 82861 61357 2 4 0
3 82861 77795 0 4 0
3 82861 77795 1 1 0
3 82861 77795 2 2 0
3 82861 2137 0 2 0
3 82861 2137 1 3 0
3 82861 2137 2 4 0
3 82861 79227 0 4 0
3 82861 79227 1 1 0
3 82861 79227 2 2 0
3 82861 70513 0 2 0
3 82861 70513 1 3 0
3 82861 70513 2 4 0
3 82861 64371 0 4 0
3 82861 64371 1 1 0
3 82861 64371 2 2 0
3 82861 12599 0 4 0
3 82861 12599 1 1 0
3 82861 12599 2 2 0
3 82861 14023 0 4 0
3 82861 14023 1 1 0
3 82861 14023 2 2 0
3 82861 31809 0 2 0
3 82861 31809 1 3 0
3 82861 31809 2 4 0
3 82861 67199 0 4 0
3 82861 67199 1 1 0
3 82861 67199 2 2 0
3 82861 51019 0 4 0
3 82861 51019 1 1 0
3 82861 51019 2 2 0
3 82861 55221 0 2 0
3 82861 55221 1 3 0
3 82861 55221 2 4 0
3 82861 8063 0 4 0
3 82861 8063 1 1 0
3 82861 8063 2 2 0
3 82861 70425 0 2 0
3 82861 70425 1 3 0
3 82861 70425 2 4 0
3 82861 43141 0 2 0
3 82861 43141 1 3 0
3 82861 43141 2 4 0
3 82861 1367 0 4 0
3 82861 1367 1 1 0
3 82861 1367 2 2 0
3 82861 19801 0 2 0
3 82861 19801 1 3 0
3 82861 19801 2 4 0
3 82861 59437 0 2 0
3 82861 59437 1 3 0
3 82861 59437 2 4 0
3 82861 57589 0 2 0
3 82861 57589 1 3 0
3 82861 57589 2 4 0
3 82861 49167 0 4 0
3 82861 49167 1 1 0
3 82861 49167 2 2 0
3 82861 31515 0 4 0
3 82861 31515 1 1 0
3 82861 31515 2 2 0
3 82861 16413 0 2 0
3 82861 16413 1 3 0
3 82861 16413 2 4 0
3 82861 68261 0 2 0
3 82861 68261 1 3 0
3 82861 68261 2 4 0
3 82861 58577 0 2 0
3 82861 58577 1 3 0
3 82861 58577 2 4 0
3 82861 67451 0 4 0
3 82861 67451 1 1 0
3 82861 67451 2 2 0
3 82861 78395 0 4 0
3 82861 78395 1 1 0
3 82861 78395 2 2 0
3 82861 51945 0 2 0
3 82861 51945 1 3 0
3 82861 51945 2 4 0
3 82861 14129 0 2 0
3 82861 14129 1 3 0
3 82861 14129 2 4 0
3 82861 76813 0 2 0
3 82861 76813 1 3 0
3 82861 76813 2 4 0
3 82861 78757 0 2 0
3 82861 78757 1 3 0
3 82861 78757 2 4 0
3 82861 13441 0 2 0
3 82861 13441 1 3 0
3 82861 13441 2 4 0
3 82861 44483 0 4 0
3 82861 44483 1 1 0
3 82861 44483 2 2 0
3 82861 50911 0 4 0
3 82861 50911 1 1 0
3 82861 50911 2 2 0
3 82861 76457 0 2 0
3 82861 76457 1 3 0
3 82861 76457 2 4 0
3 82861 33215 0 4 0
3 82861 33215 1 1 0
3 82861 33215 2 2 0
3 82861 35001 0 2 0
3 82861 35001 1 3 0
3 82861 35001 2 4 0
3 82861 70431 0 4 0
3 82861 70431 1 1 0
3 82861 70431 2 2 0
3 82861 58663 0 4 0
3 82861 58663 1 1 0
3 82861 58663 2 2 0
3 82861 7211 0 4 0
3 82861 7211 1 1 0
3 82861 7211 2 2 0
3 82861 18615 0 4 0
3 82861 18615 1 1 0
3 82861 18615 2 2 0
3 82861 5989 0 2 0
3 82861 5989 1 3 0
3 82861 5989 2 4 0
3 82861 1059 0 4 0
3 82861 1059 1 1 0
3 82861 1059 2 2 0
3 82861 65315 0 4 0
3 82861 65315 1 1 0
3 82861 65315 2 2 0
3 82861 63921 0 2 0
3 82861 63921 1 3 0
3 82861 63921 2 4 0
3 82861 5395 0 4 0
3 82861 5395 1 1 0
3 82861 5395 2 2 0
3 82861 12487 0 4 0
3 82861 12487 1 1 0
3 82861 12487 2 2 0
3 82861 7 0 4 0
3 82861 7 1 1 0
3 82861 7 2 2 0
3 82861 18439 0 4 0
3 82861 18439 1 1 0
3 82861 18439 2 2 0
3 82861 5073 0 2 0
3 82861 5073 1 3 0
3 82861 5073 2 4 0
3 82861 16231 0 4 0
3 82861 16231 1 1 0
3 82861 16231 2 2 0
3 82861 73617 0 2 0
3 82861 73617 1 3 0
3 82861 73617 2 4 0
3 82861 26683 0 4 0
3 82861 26683 1 1 0
3 82861 26683 2 2 0
3 82861 27815 0 4 0
3 82861 27815 1 1 0
3 82861 27815 2 2 0
3 82861 54255 0 4 0
3 82861 54255 1 1 0
3 82861 54255 2 2 0
3 82861 49869 0 2 0
3 82861 49869 1 3 0
3 82861 49869 2 4 0
3 82861 76471 0 4 0
3 82861 76471 1 1 0
3 82861 76471 2 2 0
3 82861 13825 0 2 0
3 82861 13825 1 3 0
3 82861 13825 2 4 0
3 82861 51125 0 2 0
3 82861 51125 1 3 0
3 82861 51125 2 4 0
3 82861 6389 0 2 0
3 82861 6389 1 3 0
3 82861 6389 2 4 0
3 82861 48889 0 2 0
3 82861 48889 1 3 0
3 82861 48889 2 4 0
3 82861 9677 0 2 0
3 82861 9677 1 3 0
3 82861 9677 2 4 0
3 82861 74431 0 4 0
3 82861 74431 1 1 0
3 82861 74431 2 2 0
3 82861 29561 0 2 0
3 82861 29561 1 3 0
3 82861 29561 2 4 0
3 82861 19349 0 2 0
3 82861 19349 1 3 0
3 82861 19349 2 4 0
3 82861 59135 0 4 0
3 82861 59135 1 1 0
3 82861 59135 2 2 0
3 82861 58529 0 2 0
3 82861 58529 1 3 0
3 82861 58529 2 4 0
3 82861 73699 0 4 0
3 82861 73699 1 1 0
3 82861 73699 2 2 0
3 82861 38381 0 2 0
3 82861 38381 1 3 0
3 82861 38381 2 4 0
3 82861 18933 0 2 0
3 82861 18933 1 3 0
3 82861 18933 2 4 0
3 82861 15221 0 2 0
3 82861 15221 1 3 0
3 82861 15221 2 4 0
3 82861 24847 0 4 0
3 82861 24847 1 1 0
3 82861 24847 2 2 0
3 82861 26993 0 2 0
3 82861 26993 1 3 0
3 82861 26993 2 4 0
3 82861 76847 0 4 0
3 82861 76847 1 1 0
3 82861 76847 2 2 0
3 82861 52427 0 4 0
3 82861 52427 1 1 0
3 82861 52427 2 2 0
3 82861 10607 0 4 0
3 82861 10607 1 1 0
3 82861 10607 2 2 0
3 82861 9325 0 2 0
3 82861 9325 1 3 0
3 82861 9325 2 4 0
3 82861 78481 0 2 0
3 82861 78481 1 3 0
3 82861 78481 2 4 0
3 82861 53893 0 2 0
3 82861 53893 1 3 0
3 82861 53893 2 4 0
3 82861 56623 0 4 0
3 82861 56623 1 1 0
3 82861 56623 2 2 0
3 82861 73731 0 4 0
3 82861 73731 1 1 0
3 82861 73731 2 2 0
4 82861 54535 0 4 0
4 82861 54535 1 1 0
4 82861 54535 2 2 0
4 82861 16815 0 4 0
4 82861 16815 1 1 0
4 82861 16815 2 2 0
4 82861 57371 0 4 0
4 82861 57371 1 1 0
4 82861 57371 2 2 0
4 82861 11905 0 2 0
4 82861 11905 1 3 0
4 82861 11905 2 4 0
4 82861 10235 0 4 0
4 82861 10235 1 1 0
4 82861 10235 2 2 0
4 82861 72481 0 2 0
4 82861 72481 1 3 0
4 82861 72481 2 4 0
4 82861 49933 0 2 0
4 82861 49933 1 3 0
4 82861 49933 2 4 0
4 82861 76359 0 4 0
4 82861 76359 1 1 0
4 82861 76359 2 2 0
4 82861 35533 0 2 0
4 82861 35533 1 3 0
4 82861 35533 2 4 0
4 82861 44851 0 4 0
4 82861 44851 1 1 0
4 82861 44851 2 2 0
4 82861 66171 0 4 0
4 82861 66171 1 1 0
4 82861 66171 2 2 0
4 82861 67423 0 4 0
4 82861 67423 1 1 0
4 82861 67423 2 2 0
4 82861 66913 0 2 0
4 82861 66913 1 3 0
4 82861 66913 2 4 0
4 82861 63217 0 2 0
4 82861 63217 1 3 0
4 82861 63217 2 4 0
4 82861 64537 0 2 0
4 82861 64537 1 3 0
4 82861 64537 2 4 0
4 82861 71371 0 4 0
4 82861 71371 1 1 0
4 82861 71371 2 2 0
4 82861 64195 0 4 0
4 82861 64195 1 1 0
4 82861 64195 2 2 0
4 82861 77127 0 4 0
4 82861 77127 1 1 0
4 82861 77127 2 2 0
4 82861 62405 0 2 0
4 82861 62405 1 3 0
4 82861 62405 2 4 0
4 82861 77853 0 2 0
4 82861 77853 1 3 0
4 82861 77853 2 4 0
4 82861 52473 0 2 0
4 82861 52473 1 3 0
4 82861 52473 2 4 0
4 82861 78769 0 2 0
4 82861 78769 1 3 0
4 82861 78769 2 4 0
4 82861 56279 0 4 0
4 82861 56279 1 1 0
4 82861 56279 2 2 0
4 82861 67569 0 2 0
4 82861 67569 1 3 0
4 82861 67569 2 4 0
4 82861 53713 0 2 0
4 82861 53713 1 3 0
4 82861 53713 2 4 0
4 82861 53087 0 4 0
4 82861 53087 1 1 0
4 82861 53087 2 2 0
4 82861 47097 0 2 0
4 82861 47097 1 3 0
4 82861 47097 2 4 0
4 82861 13061 0 2 0
4 82861 13061 1 3 0
4 82861 13061 2 4 0
4 82861 35405 0 2 0
4 82861 35405 1 3 0
4 82861 35405 2 4 0
4 82861 66549 0 2 0
4 82861 66549 1 3 0
4 82861 66549 2 4 0
4 82861 73375 0 4 0
4 82861 73375 1 1 0
4 82861 73375 2 2 0
4 82861 79205 0 2 0
4 82861 79205 1 3 0
4 82861 79205 2 4 0
4 82861 64643 0 4 0
4 82861 64643 1 1 0
4 82861 64643 2 2 0
4 82861 56485 0 2 0
4 82861 56485 1 3 0
4 82861 56485 2 4 0
4 82861 27295 0 4 0
4 82861 27295 1 1 0
4 82861 27295 2 2 0
4 82861 11219 0 4 0
4 82861 11219 1 1 0
4 82861 11219 2 2 0
4 82861 32805 0 2 0
4 82861 32805 1 3 0
4 82861 32805 2 4 0
4 82861 75569 0 2 0
4 82861 75569 1 3 0
4 82861 75569 2 4 0
4 82861 52705 0 2 0
4 82861 52705 1 3 0
4 82861 52705 2 4 0
4 82861 33163 0 4 0
4 82861 33163 1 1 0
4 82861 33163 2 2 0
4 82861 81157 0 2 0
4 82861 81157 1 3 0
4 82861 81157 2 4 0
4 82861 41567 0 4 0
4 82861 41567 1 1 0
4 82861 41567 2 2 0
4 82861 45249 0 2 0
4 82861 45249 1 3 0
4 82861 45249 2 4 0
4 82861 22171 0 4 0
4 82861 22171 1 1 0
4 82861 22171 2 2 0
4 82861 33185 0 2 0
4 82861 33185 1 3 0
4 82861 33185 2 4 0
4 82861 44183 0 4 0
4 82861 44183 1 1 0
4 82861 44183 2 2 0
4 82861 30787 0 4 0
4 82861 30787 1 1 0
4 82861 30787 2 2 0
4 82861 34523 0 4 0
4 82861 34523 1 1 0
4 82861 34523 2 2 0
4 82861 67777 0 2 0
4 82861 67777 1 3 0
4 82861 67777 2 4 0
4 82861 50761 0 2 0
4 82861 50761 1 3 0
4 82861 50761 2 4 0
4 82861 44521 0 2 0
4 82861 44521 1 3 0
4 82861 44521 2 4 0
4 82861 26095 0 4 0
4 82861 26095 1 1 0
4 82861 26095 2 2 0
4 82861 35123 0 4 0
4 82861 35123 1 1 0
4 82861 35123 2 2 0
4 82861 48517 0 2 0
4 82861 48517 1 3 0
4 82861 48517 2 4 0
4 82861 62313 0 2 0
4 82861 62313 1 3 0
4 82861 62313 2 4 0
4 82861 59743 0 4 0
4 82861 59743 1 1 0
4 82861 59743 2 2 0
4 82861 21589 0 2 0
4 82861 21589 1 3 0
4 82861 21589 2 4 0
4 82861 38593 0 2 0
4 82861 38593 1 3 0
4 82861 38593 2 4 0
4 82861 33243 0 4 0
4 82861 33243 1 1 0
4 82861 33243 2 2 0
4 82861 17505 0 2 0
4 82861 17505 1 3 0
4 82861 17505 2 4 0
4 82861 1489 0 2 0
4 82861 1489 1 3 0
4 82861 1489 2 4 0
4 82861 49773 0 2 0
4 82861 49773 1 3 0
4 82861 49773 2 4 0
4 82861 76601 0 2 0
4 82861 76601 1 3 0
4 82861 76601 2 4 0
4 82861 3739 0 4 0
4 82861 3739 1 1 0
4 82861 3739 2 2 0
4 82861 39073 0 2 0
4 82861 39073 1 3 0
4 82861 39073 2 4 0
4 82861 36129 0 2 0
4 82861 36129 1 3 0
4 82861 36129 2 4 0
4 82861 56901 0 2 0
4 82861 56901 1 3 0
4 82861 56901 2 4 0
4 82861 63489 0 2 0
4 82861 63489 1 3 0
4 82861 63489 2 4 0
4 82861 49341 0 2 0
4 82861 49341 1 3 0
4 82861 49341 2 4 0
4 82861 81839 0 4 0
4 82861 81839 1 1 0
4 82861 81839 2 2 0
4 82861 71261 0 2 0
4 82861 71261 1 3 0
4 82861 71261 2 4 0
4 82861 73095 0 4 0
4 82861 73095 1 1 0
4 82861 73095 2 2 0
4 82861 62677 0 2 0
4 82861 62677 1 3 0
4 82861 62677 2 4 0
4 82861 72935 0 4 0
4 82861 72935 1 1 0
4 82861 72935 2 2 0
4 82861 5291 0 4 0
4 82861 5291 1 1 0
4 82861 5291 2 2 0
4 82861 63653 0 2 0
4 82861 63653 1 3 0
4 82861 63653 2 4 0
4 82861 53481 0 2 0
4 82861 53481 1 3 0
4 82861 53481 2 4 0
4 82861 38953 0 2 0
4 82861 38953 1 3 0
4 82861 38953 2 4 0
4 82861 36877 0 2 0
4 82861 36877 1 3 0
4 82861 36877 2 4 0
4 82861 70825 0 2 0
4 82861 70825 1 3 0
4 82861 70825 2 4 0
4 82861 73997 0 2 0
4 82861 73997 1 3 0
4 82861 73997 2 4 0
4 82861 71709 0 2 0
4 82861 71709 1 3 0
4 82861 71709 2 4 0
4 82861 43317 0 2 0
4 82861 43317 1 3 0
4 82861 43317 2 4 0
4 82861 65879 0 4 0
4 82861 65879 1 1 0
4 82861 65879 2 2 0
4 82861 9617 0 2 0
4 82861 9617 1 3 0
4 82861 9617 2 4 0
4 82861 2819 0 4 0
4 82861 2819 1 1 0
4 82861 2819 2 2 0
4 82861 52909 0 2 0
4 82861 52909 1 3 0
4 82861 52909 2 4 0
4 82861 38089 0 2 0
4 82861 38089 1 3 0
4 82861 38089 2 4 0
4 82861 74529 0 2 0
4 82861 74529 1 3 0
4 82861 74529 2 4 0
4 82861 45427 0 4 0
4 82861 45427 1 1 0
4 82861 45427 2 2 0
4 82861 6699 0 4 0
4 82861 6699 1 1 0
4 82861 6699 2 2 0
4 82861 37077 0 2 0
4 82861 37077 1 3 0
4 82861 37077 2 4 0
4 82861 59337 0 2 0
4 82861 59337 1 3 0
4 82861 59337 2 4 0
4 82861 67507 0 4 0
4 82861 67507 1 1 0
4 82861 67507 2 2 0
4 82861 44289 0 2 0
4 82861 44289 1 3 0
4 82861 44289 2 4 0
4 82861 41961 0 2 0
4 82861 41961 1 3 0
4 82861 41961 2 4 0
4 82861 50859 0 4 0
4 82861 50859 1 1 0
4 82861 50859 2 2 0
4 82861 41181 0 2 0
4 82861 41181 1 3 0
4 82861 41181 2 4 0
4 82861 39061 0 2 0
4 82861 39061 1 3 0
4 82861 39061 2 4 0
4 82861 79393 0 2 0
4 82861 79393 1 3 0
4 82861 79393 2 4 0
4 82861 32377 0 2 0
4 82861 32377 1 3 0
4 82861 32377 2 4 0
4 82861 43217 0 2 0
4 82861 43217 1 3 0
4 82861 43217 2 4 0
4 82861 54735 0 4 0
4 82861 54735 1 1 0
4 82861 54735 2 2 0
4 82861 34589 0 2 0
4 82861 34589 1 3 0
4 82861 34589 2 4 0
4 82861 57505 0 2 0
4 82861 57505 1 3 0
4 82861 57505 2 4 0
4 82861 18473 0 2 0
4 82861 18473 1 3 0
4 82861 18473 2 4 0
4 82861 74633 0 2 0
4 82861 74633 1 3 0
4 82861 74633 2 4 0
4 82861 25393 0 2 0
4 82861 25393 1 3 0
4 82861 25393 2 4 0
4 82861 56599 0 4 0
4 82861 56599 1 1 0
4 82861 56599 2 2 0
4 82861 43349 0 2 0
4 82861 43349 1 3 0
4 82861 43349 2 4 0
4 82861 4041 0 2 0
4 82861 4041 1 3 0
4 82861 4041 2 4 0
4 82861 79713 0 2 0
4 82861 79713 1 3 0
4 82861 79713 2 4 0
4 82861 59033 0 2 0
4 82861 59033 1 3 0
4 82861 59033 2 4 0
4 82861 21935 0 4 0
4 82861 21935 1 1 0
4 82861 21935 2 2 0
4 82861 4947 0 4 0
4 82861 4947 1 1 0
4 82861 4947 2 2 0
4 82861 36233 0 2 0
4 82861 36233 1 3 0
4 82861 36233 2 4 0
4 82861 75663 0 4 0
4 82861 75663 1 1 0
4 82861 75663 2 2 0
4 82861 15019 0 4 0
4 82861 15019 1 1 0
4 82861 15019 2 2 0
4 82861 80085 0 2 0
4 82861 80085 1 3 0
4 82861 80085 2 4 0
4 82861 44359 0 4 0
4 82861 44359 1 1 0
4 82861 44359 2 2 0
4 82861 55495 0 4 0
4 82861 55495 1 1 0
4 82861 55495 2 2 0
4 82861 18273 0 2 0
4 82861 18273 1 3 0
4 82861 18273 2 4 0
4 82861 79503 0 4 0
4 82861 79503 1 1 0
4 82861 79503 2 2 0
4 82861 73253 0 2 0
4 82861 73253 1 3 0
4 82861 73253 2 4 0
4 82861 77197 0 2 0
4 82861 77197 1 3 0
4 82861 77197 2 4 0
4 82861 50329 0 2 0
4 82861 50329 1 3 0
4 82861 50329 2 4 0
4 82861 2467 0 4 0
4 82861 2467 1 1 0
4 82861 2467 2 2 0
4 82861 5717 0 2 0
4 82861 5717 1 3 0
4 82861 5717 2 4 0
4 82861 28367 0 4 0
4 82861 28367 1 1 0
4 82861 28367 2 2 0
4 82861 63185 0 2 0
4 82861 63185 1 3 0
4 82861 63185 2 4 0
4 82861 43007 0 4 0
4 82861 43007 1 1 0
4 82861 43007 2 2 0
4 82861 18519 0 4 0
4 82861 18519 1 1 0
4 82861 18519 2 2 0
4 82861 57475 0 4 0
4 82861 57475 1 1 0
4 82861 57475 2 2 0
4 82861 81697 0 2 0
4 82861 81697 1 3 0
4 82861 81697 2 4 0
4 82861 75367 0 4 0
4 82861 75367 1 1 0
4 82861 75367 2 2 0
4 82861 74389 0 2 0
4 82861 74389 1 3 0
4 82861 74389 2 4 0
4 82861 56719 0 4 0
4 82861 56719 1 1 0
4 82861 56719 2 2 0
4 82861 24299 0 4 0
4 82861 24299 1 1 0
4 82861 24299 2 2 0
4 82861 5121 0 2 0
4 82861 5121 1 3 0
4 82861 5121 2 4 0
4 82861 58635 0 4 0
4 82861 58635 1 1 0
4 82861 58635 2 2 0
4 82861 43917 0 2 0
4 82861 43917 1 3 0
4 82861 43917 2 4 0
4 82861 37615 0 4 0
4 82861 37615 1 1 0
4 82861 37615 2 2 0
4 82861 5039 0 4 0
4 82861 5039 1 1 0
4 82861 5039 2 2 0
4 82861 80699 0 4 0
4 82861 80699 1 1 0
4 82861 80699 2 2 0
4 82861 57389 0 2 0
4 82861 57389 1 3 0
4 82861 57389 2 4 0
4 82861 39587 0 4 0
4 82861 39587 1 1 0
4 82861 39587 2 2 0
4 82861 42847 0 4 0
4 82861 42847 1 1 0
4 82861 42847 2 2 0
4 82861 151 0 4 0
4 82861 151 1 1 0
4 82861 151 2 2 0
4 82861 51305 0 2 0
4 82861 51305 1 3 0
4 82861 51305 2 4 0
4 82861 42357 0 2 0
4 82861 42357 1 3 0
4 82861 42357 2 4 0
4 82861 33221 0 2 0
4 82861 33221 1 3 0
4 82861 33221 2 4 0
4 82861 61945 0 2 0
4 82861 61945 1 3 0
4 82861 61945 2 4 0
4 82861 16029 0 2 0
4 82861 16029 1 3 0
4 82861 16029 2 4 0
4 82861 20579 0 4 0
4 82861 20579 1 1 0
4 82861 20579 2 2 0
4 82861 2823 0 4 0
4 82861 2823 1 1 0
4 82861 2823 2 2 0
4 82861 22437 0 2 0
4 82861 22437 1 3 0
4 82861 22437 2 4 0
4 82861 25835 0 4 0
4 82861 25835 1 1 0
4 82861 25835 2 2 0
4 82861 43085 0 2 0
4 82861 43085 1 3 0
4 82861 43085 2 4 0
4 82861 45857 0 2 0
4 82861 45857 1 3 0
4 82861 45857 2 4 0
4 82861 78633 0 2 0
4 82861 78633 1 3 0
4 82861 78633 2 4 0
4 82861 35563 0 4 0
4 82861 35563 1 1 0
4 82861 35563 2 2 0
4 82861 4731 0 4 0
4 82861 4731 1 1 0
4 82861 4731 2 2 0
4 82861 10809 0 2 0
4 82861 10809 1 3 0
4 82861 10809 2 4 0
4 82861 24575 0 4 0
4 82861 24575 1 1 0
4 82861 24575 2 2 0
4 82861 43245 0 2 0
4 82861 43245 1 3 0
4 82861 43245 2 4 0
4 82861 68297 0 2 0
4 82861 68297 1 3 0
4 82861 68297 2 4 0
4 82861 56797 0 2 0
4 82861 56797 1 3 0
4 82861 56797 2 4 0
4 82861 6387 0 4 0
4 82861 6387 1 1 0
4 82861 6387 2 2 0
4 82861 55779 0 4 0
4 82861 55779 1 1 0
4 82861 55779 2 2 0
4 82861 56565 0 2 0
4 82861 56565 1 3 0
4 82861 56565 2 4 0
4 82861 40531 0 4 0
4 82861 40531 1 1 0
4 82861 40531 2 2 0
4 82861 6703 0 4 0
4 82861 6703 1 1 0
4 82861 6703 2 2 0
4 82861 59463 0 4 0
4 82861 59463 1 1 0
4 82861 59463 2 2 0
4 82861 5963 0 4 0
4 82861 5963 1 1 0
4 82861 5963 2 2 0
4 82861 68411 0 4 0
4 82861 68411 1 1 0
4 82861 68411 2 2 0
4 82861 24785 0 2 0
4 82861 24785 1 3 0
4 82861 24785 2 4 0
4 82861 9381 0 2 0
4 82861 9381 1 3 0
4 82861 9381 2 4 0
4 82861 36641 0 2 0
4 82861 36641 1 3 0
4 82861 36641 2 4 0
4 82861 55259 0 4 0
4 82861 55259 1 1 0
4 82861 55259 2 2 0
4 82861 25729 0 2 0
4 82861 25729 1 3 0
4 82861 25729 2 4 0
4 82861 34395 0 4 0
4 82861 34395 1 1 0
4 82861 34395 2 2 0
4 82861 65575 0 4 0
4 82861 65575 1 1 0
4 82861 65575 2 2 0
4 82861 44617 0 2 0
4 82861 44617 1 3 0
4 82861 44617 2 4 0
4 82861 58477 0 2 0
4 82861 58477 1 3 0
4 82861 58477 2 4 0
4 82861 64019 0 4 0
4 82861 64019 1 1 0
4 82861 64019 2 2 0
4 82861 24705 0 2 0
4 82861 24705 1 3 0
4 82861 24705 2 4 0
4 82861 25141 0 2 0
4 82861 25141 1 3 0
4 82861 25141 2 4 0
4 82861 20875 0 4 0
4 82861 20875 1 1 0
4 82861 20875 2 2 0
4 82861 22857 0 2 0
4 82861 22857 1 3 0
4 82861 22857 2 4 0
4 82861 42525 0 2 0
4 82861 42525 1 3 0
4 82861 42525 2 4 0
4 82861 12657 0 2 0
4 82861 12657 1 3 0
4 82861 12657 2 4 0
4 82861 26055 0 4 0
4 82861 26055 1 1 0
4 82861 26055 2 2 0
4 82861 15813 0 2 0
4 82861 15813 1 3 0
4 82861 15813 2 4 0
4 82861 49855 0 4 0
4 82861 49855 1 1 0
4 82861 49855 2 2 0
4 82861 41877 0 2 0
4 82861 41877 1 3 0
4 82861 41877 2 4 0
4 82861 39579 0 4 0
4 82861 39579 1 1 0
4 82861 39579 2 2 0
4 82861 70067 0 4 0
4 82861 70067 1 1 0
4 82861 70067 2 2 0
4 82861 71155 0 4 0
4 82861 71155 1 1 0
4 82861 71155 2 2 0
4 82861 4081 0 2 0
4 82861 4081 1 3 0
4 82861 4081 2 4 0
4 82861 63347 0 4 0
4 82861 63347 1 1 0
4 82861 63347 2 2 0
4 82861 40029 0 2 0
4 82861 40029 1 3 0
4 82861 40029 2 4 0
4 82861 559 0 4 0
4 82861 559 1 1 0
4 82861 559 2 2 0
4 82861 53311 0 4 0
4 82861 53311 1 1 0
4 82861 53311 2 2 0
4 82861 20923 0 4 0
4 82861 20923 1 1 0
4 82861 20923 2 2 0
4 82861 36671 0 4 0
4 82861 36671 1 1 0
4 82861 36671 2 2 0
4 82861 47085 0 2 0
4 82861 47085 1 3 0
4 82861 47085 2 4 0
4 82861 49965 0 2 0
4 82861 49965 1 3 0
4 82861 49965 2 4 0
4 82861 12937 0 2 0
4 82861 12937 1 3 0
4 82861 12937 2 4 0
4 82861 53067 0 4 0
4 82861 53067 1 1 0
4 82861 53067 2 2 0
4 82861 81557 0 2 0
4 82861 81557 1 3 0
4 82861 81557 2 4 0
4 82861 36577 0 2 0
4 82861 36577 1 3 0
4 82861 36577 2 4 0
4 82861 72515 0 4 0
4 82861 72515 1 1 0
4 82861 72515 2 2 0
4 82861 70839 0 4 0
4 82861 70839 1 1 0
4 82861 70839 2 2 0
4 82861 41939 0 4 0
4 82861 41939 1 1 0
4 82861 41939 2 2 0
4 82861 30567 0 4 0
4 82861 30567 1 1 0
4 82861 30567 2 2 0
4 82861 21773 0 2 0
4 82861 21773 1 3 0
4 82861 21773 2 4 0
4 82861 7309 0 2 0
4 82861 7309 1 3 0
4 82861 7309 2 4 0
4 82861 25055 0 4 0
4 82861 25055 1 1 0
4 82861 25055 2 2 0
4 82861 79861 0 2 0
4 82861 79861 1 3 0
4 82861 79861 2 4 0
4 82861 25783 0 4 0
4 82861 25783 1 1 0
4 82861 25783 2 2 0
4 82861 48281 0 2 0
4 82861 48281 1 3 0
4 82861 48281 2 4 0
4 82861 13577 0 2 0
4 82861 13577 1 3 0
4 82861 13577 2 4 0
4 82861 24301 0 2 0
4 82861 24301 1 3 0
4 82861 24301 2 4 0
4 82861 20889 0 2 0
4 82861 20889 1 3 0
4 82861 20889 2 4 0
4 82861 66483 0 4 0
4 82861 66483 1 1 0
4 82861 66483 2 2 0
4 82861 1317 0 2 0
4 82861 1317 1 3 0
4 82861 1317 2 4 0
4 82861 61755 0 4 0
4 82861 61755 1 1 0
4 82861 61755 2 2 0
4 82861 5983 0 4 0
4 82861 5983 1 1 0
4 82861 5983 2 2 0
4 82861 47237 0 2 0
4 82861 47237 1 3 0
4 82861 47237 2 4 0
4 82861 73719 0 4 0
4 82861 73719 1 1 0
4 82861 73719 2 2 0
4 82861 7887 0 4 0
4 82861 7887 1 1 0
4 82861 7887 2 2 0
4 82861 37393 0 2 0
4 82861 37393 1 3 0
4 82861 37393 2 4 0
4 82861 19897 0 2 0
4 82861 19897 1 3 0
4 82861 19897 2 4 0
4 82861 25763 0 4 0
4 82861 25763 1 1 0
4 82861 25763 2 2 0
4 82861 26879 0 4 0
4 82861 26879 1 1 0
4 82861 26879 2 2 0
4 82861 78233 0 2 0
4 82861 78233 1 3 0
4 82861 78233 2 4 0
4 82861 53567 0 4 0
4 82861 53567 1 1 0
4 82861 53567 2 2 0
4 82861 3709 0 2 0
4 82861 3709 1 3 0
4 82861 3709 2 4 0
4 82861 54359 0 4 0
4 82861 54359 1 1 0
4 82861 54359 2 2 0
4 82861 67049 0 2 0
4 82861 67049 1 3 0
4 82861 67049 2 4 0
4 82861 27335 0 4 0
4 82861 27335 1 1 0
4 82861 27335 2 2 0
4 82861 22561 0 2 0
4 82861 22561 1 3 0
4 82861 22561 2 4 0
4 82861 80293 0 2 0
4 82861 80293 1 3 0
4 82861 80293 2 4 0
4 82861 52607 0 4 0
4 82861 52607 1 1 0
4 82861 52607 2 2 0
4 82861 395 0 4 0
4 82861 395 1 1 0
4 82861 395 2 2 0
4 82861 62091 0 4 0
4 82861 62091 1 1 0
4 82861 62091 2 2 0
4 82861 17739 0 4 0
4 82861 17739 1 1 0
4 82861 17739 2 2 0
4 82861 77741 0 2 0
4 82861 77741 1 3 0
4 82861 77741 2 4 0
4 82861 34795 0 4 0
4 82861 34795 1 1 0
4 82861 34795 2 2 0
4 82861 8835 0 4 0
4 82861 8835 1 1 0
4 82861 8835 2 2 0
4 82861 20301 0 2 0
4 82861 20301 1 3 0
4 82861 20301 2 4 0
4 82861 33347 0 4 0
4 82861 33347 1 1 0
4 82861 33347 2 2 0
4 82861 67287 0 4 0
4 82861 67287 1 1 0
4 82861 67287 2 2 0
4 82861 15143 0 4 0
4 82861 15143 1 1 0
4 82861 15143 2 2 0
4 82861 39623 0 4 0
4 82861 39623 1 1 0
4 82861 39623 2 2 0
4 82861 36933 0 2 0
4 82861 36933 1 3 0
4 82861 36933 2 4 0
4 82861 55845 0 2 0
4 82861 55845 1 3 0
4 82861 55845 2 4 0
4 82861 24509 0 2 0
4 82861 24509 1 3 0
4 82861 24509 2 4 0
4 82861 7195 0 4 0
4 82861 7195 1 1 0
4 82861 7195 2 2 0
4 82861 15757 0 2 0
4 82861 15757 1 3 0
4 82861 15757 2 4 0
4 82861 10483 0 4 0
4 82861 10483 1 1 0
4 82861 10483 2 2 0
4 82861 2649 0 2 0
4 82861 2649 1 3 0
4 82861 2649 2 4 0
4 82861 27151 0 4 0
4 82861 27151 1 1 0
4 82861 27151 2 2 0
4 82861 56967 0 4 0
4 82861 56967 1 1 0
4 82861 56967 2 2 0
4 82861 75741 0 2 0
4 82861 75741 1 3 0
4 82861 75741 2 4 0
4 82861 60489 0 2 0
4 82861 60489 1 3 0
4 82861 60489 2 4 0
4 82861 67893 0 2 0
4 82861 67893 1 3 0
4 82861 67893 2 4 0
4 82861 54093 0 2 0
4 82861 54093 1 3 0
4 82861 54093 2 4 0
4 82861 20309 0 2 0
4 82861 20309 1 3 0
4 82861 20309 2 4 0
4 82861 34401 0 2 0
4 82861 34401 1 3 0
4 82861 34401 2 4 0
4 82861 42081 0 2 0
4 82861 42081 1 3 0
4 82861 42081 2 4 0
4 82861 64685 0 2 0
4 82861 64685 1 3 0
4 82861 64685 2 4 0
4 82861 26091 0 4 0
4 82861 26091 1 1 0
4 82861 26091 2 2 0
4 82861 67151 0 4 0
4 82861 67151 1 1 0
4 82861 67151 2 2 0
4 82861 56473 0 2 0
4 82861 56473 1 3 0
4 82861 56473 2 4 0
4 82861 15843 0 4 0
4 82861 15843 1 1 0
4 82861 15843 2 2 0
4 82861 13879 0 4 0
4 82861 13879 1 1 0
4 82861 13879 2 2 0
4 82861 34857 0 2 0
4 82861 34857 1 3 0
4 82861 34857 2 4 0
4 82861 39297 0 2 0
4 82861 39297 1 3 0
4 82861 39297 2 4 0
4 82861 35967 0 4 0
4 82861 35967 1 1 0
4 82861 35967 2 2 0
4 82861 20281 0 2 0
4 82861 20281 1 3 0
4 82861 20281 2 4 0
4 82861 21783 0 4 0
4 82861 21783 1 1 0
4 82861 21783 2 2 0
4 82861 72465 0 2 0
4 82861 72465 1 3 0
4 82861 72465 2 4 0
4 82861 60581 0 2 0
4 82861 60581 1 3 0
4 82861 60581 2 4 0
4 82861 45537 0 2 0
4 82861 45537 1 3 0
4 82861 45537 2 4 0
4 82861 57909 0 2 0
4 82861 57909 1 3 0
4 82861 57909 2 4 0
4 82861 37617 0 2 0
4 82861 37617 1 3 0
4 82861 37617 2 4 0
4 82861 9273 0 2 0
4 82861 9273 1 3 0
4 82861 9273 2 4 0
4 82861 59143 0 4 0
4 82861 59143 1 1 0
4 82861 59143 2 2 0
4 82861 8733 0 2 0
4 82861 8733 1 3 0
4 82861 8733 2 4 0
4 82861 33917 0 2 0
4 82861 33917 1 3 0
4 82861 33917 2 4 0
4 82861 79289 0 2 0
4 82861 79289 1 3 0
4 82861 79289 2 4 0
4 82861 43117 0 2 0
4 82861 43117 1 3 0
4 82861 43117 2 4 0
4 82861 3393 0 2 0
4 82861 3393 1 3 0
4 82861 3393 2 4 0
4 82861 5229 0 2 0
4 82861 5229 1 3 0
4 82861 5229 2 4 0
4 82861 29387 0 4 0
4 82861 29387 1 1 0
4 82861 29387 2 2 0
4 82861 33143 0 4 0
4 82861 33143 1 1 0
4 82861 33143 2 2 0
4 82861 25619 0 4 0
4 82861 25619 1 1 0
4 82861 25619 2 2 0
4 82861 34865 0 2 0
4 82861 34865 1 3 0
4 82861 34865 2 4 0
4 82861 25675 0 4 0
4 82861 25675 1 1 0
4 82861 25675 2 2 0
4 82861 74321 0 2 0
4 82861 74321 1 3 0
4 82861 74321 2 4 0
4 82861 52809 0 2 0
4 82861 52809 1 3 0
4 82861 52809 2 4 0
4 82861 45833 0 2 0
4 82861 45833 1 3 0
4 82861 45833 2 4 0
4 82861 53393 0 2 0
4 82861 53393 1 3 0
4 82861 53393 2 4 0
4 82861 5587 0 4 0
4 82861 5587 1 1 0
4 82861 5587 2 2 0
4 82861 22963 0 4 0
4 82861 22963 1 1 0
4 82861 22963 2 2 0
4 82861 21385 0 2 0
4 82861 21385 1 3 0
4 82861 21385 2 4 0
4 82861 18697 0 2 0
4 82861 18697 1 3 0
4 82861 18697 2 4 0
4 82861 79635 0 4 0
4 82861 79635 1 1 0
4 82861 79635 2 2 0
4 82861 14553 0 2 0
4 82861 14553 1 3 0
4 82861 14553 2 4 0
4 82861 81381 0 2 0
4 82861 81381 1 3 0
4 82861 81381 2 4 0
4 82861 42479 0 4 0
4 82861 42479 1 1 0
4 82861 42479 2 2 0
4 82861 63191 0 4 0
4 82861 63191 1 1 0
4 82861 63191 2 2 0
4 82861 48083 0 4 0
4 82861 48083 1 1 0
4 82861 48083 2 2 0
4 82861 70083 0 4 0
4 82861 70083 1 1 0
4 82861 70083 2 2 0
4 82861 3453 0 2 0
4 82861 3453 1 3 0
4 82861 3453 2 4 0
4 82861 59693 0 2 0
4 82861 59693 1 3 0
4 82861 59693 2 4 0
4 82861 495 0 4 0
4 82861 495 1 1 0
4 82861 495 2 2 0
4 82861 42707 0 4 0
4 82861 42707 1 1 0
4 82861 42707 2 2 0
4 82861 29471 0 4 0
4 82861 29471 1 1 0
4 82861 29471 2 2 0
4 82861 25339 0 4 0
4 82861 25339 1 1 0
4 82861 25339 2 2 0
4 82861 80483 0 4 0
4 82861 80483 1 1 0
4 82861 80483 2 2 0
4 82861 64153 0 2 0
4 82861 64153 1 3 0
4 82861 64153 2 4 0
4 82861 39993 0 2 0
4 82861 39993 1 3 0
4 82861 39993 2 4 0
4 82861 58275 0 4 0
4 82861 58275 1 1 0
4 82861 58275 2 2 0
4 82861 70559 0 4 0
4 82861 70559 1 1 0
4 82861 70559 2 2 0
4 82861 36123 0 4 0
4 82861 36123 1 1 0
4 82861 36123 2 2 0
4 82861 36181 0 2 0
4 82861 36181 1 3 0
4 82861 36181 2 4 0
4 82861 37125 0 2 0
4 82861 37125 1 3 0
4 82861 37125 2 4 0
4 82861 2523 0 4 0
4 82861 2523 1 1 0
4 82861 2523 2 2 0
4 82861 68691 0 4 0
4 82861 68691 1 1 0
4 82861 68691 2 2 0
4 82861 38981 0 2 0
4 82861 38981 1 3 0
4 82861 38981 2 4 0
4 82861 18363 0 4 0
4 82861 18363 1 1 0
4 82861 18363 2 2 0
4 82861 21541 0 2 0
4 82861 21541 1 3 0
4 82861 21541 2 4 0
4 82861 23645 0 2 0
4 82861 23645 1 3 0
4 82861 23645 2 4 0
4 82861 75631 0 4 0
4 82861 75631 1 1 0
4 82861 75631 2 2 0
4 82861 75417 0 2 0
4 82861 75417 1 3 0
4 82861 75417 2 4 0
4 82861 4773 0 2 0
4 82861 4773 1 3 0
4 82861 4773 2 4 0
4 82861 69047 0 4 0
4 82861 69047 1 1 0
4 82861 69047 2 2 0
4 82861 537 0 2 0
4 82861 537 1 3 0
4 82861 537 2 4 0
4 82861 18573 0 2 0
4 82861 18573 1 3 0
4 82861 18573 2 4 0
4 82861 11123 0 4 0
4 82861 11123 1 1 0
4 82861 11123 2 2 0
4 82861 66921 0 2 0
4 82861 66921 1 3 0
4 82861 66921 2 4 0
4 82861 8999 0 4 0
4 82861 8999 1 1 0
4 82861 8999 2 2 0
4 82861 13439 0 4 0
4 82861 13439 1 1 0
4 82861 13439 2 2 0
4 82861 40433 0 2 0
4 82861 40433 1 3 0
4 82861 40433 2 4 0
4 82861 38179 0 4 0
4 82861 38179 1 1 0
4 82861 38179 2 2 0
4 82861 71407 0 4 0
4 82861 71407 1 1 0
4 82861 71407 2 2 0
4 82861 34953 0 2 0
4 82861 34953 1 3 0
4 82861 34953 2 4 0
4 82861 433 0 2 0
4 82861 433 1 3 0
4 82861 433 2 4 0
4 82861 7351 0 4 0
4 82861 7351 1 1 0
4 82861 7351 2 2 0
4 82861 58537 0 2 0
4 82861 58537 1 3 0
4 82861 58537 2 4 0
4 82861 44729 0 2 0
4 82861 44729 1 3 0
4 82861 44729 2 4 0
4 82861 13859 0 4 0
4 82861 13859 1 1 0
4 82861 13859 2 2 0
4 82861 36247 0 4 0
4 82861 36247 1 1 0
4 82861 36247 2 2 0
4 82861 22913 0 2 0
4 82861 22913 1 3 0
4 82861 22913 2 4 0
4 82861 76493 0 2 0
4 82861 76493 1 3 0
4 82861 76493 2 4 0
4 82861 33501 0 2 0
4 82861 33501 1 3 0
4 82861 33501 2 4 0
4 82861 69349 0 2 0
4 82861 69349 1 3 0
4 82861 69349 2 4 0
4 82861 16171 0 4 0
4 82861 16171 1 1 0
4 82861 16171 2 2 0
4 82861 70547 0 4 0
4 82861 70547 1 1 0
4 82861 70547 2 2 0
4 82861 65677 0 2 0
4 82861 65677 1 3 0
4 82861 65677 2 4 0
4 82861 64481 0 2 0
4 82861 64481 1 3 0
4 82861 64481 2 4 0
4 82861 22749 0 2 0
4 82861 22749 1 3 0
4 82861 22749 2 4 0
4 82861 3097 0 2 0
4 82861 3097 1 3 0
4 82861 3097 2 4 0
4 82861 17663 0 4 0
4 82861 17663 1 1 0
4 82861 17663 2 2 0
4 82861 16823 0 4 0
4 82861 16823 1 1 0
4 82861 16823 2 2 0
4 82861 57685 0 2 0
4 82861 57685 1 3 0
4 82861 57685 2 4 0
4 82861 70637 0 2 0
4 82861 70637 1 3 0
4 82861 70637 2 4 0
4 82861 5613 0 2 0
4 82861 5613 1 3 0
4 82861 5613 2 4 0
4 82861 54763 0 4 0
4 82861 54763 1 1 0
4 82861 54763 2 2 0
4 82861 72819 0 4 0
4 82861 72819 1 1 0
4 82861 72819 2 2 0
4 82861 27079 0 4 0
4 82861 27079 1 1 0
4 82861 27079 2 2 0
4 82861 33209 0 2 0
4 82861 33209 1 3 0
4 82861 33209 2 4 0
4 82861 35185 0 2 0
4 82861 35185 1 3 0
4 82861 35185 2 4 0
4 82861 15883 0 4 0
4 82861 15883 1 1 0
4 82861 15883 2 2 0
4 82861 51573 0 2 0
4 82861 51573 1 3 0
4 82861 51573 2 4 0
4 82861 66191 0 4 0
4 82861 66191 1 1 0
4 82861 66191 2 2 0
4 82861 24923 0 4 0
4 82861 24923 1 1 0
4 82861 24923 2 2 0
4 82861 37851 0 4 0
4 82861 37851 1 1 0
4 82861 37851 2 2 0
4 82861 76113 0 2 0
4 82861 76113 1 3 0
4 82861 76113 2 4 0
4 82861 17265 0 2 0
4 82861 17265 1 3 0
4 82861 17265 2 4 0
4 82861 28813 0 2 0
4 82861 28813 1 3 0
4 82861 28813 2 4 0
4 82861 47357 0 2 0
4 82861 47357 1 3 0
4 82861 47357 2 4 0
4 82861 65531 0 4 0
4 82861 65531 1 1 0
4 82861 65531 2 2 0
4 82861 52983 0 4 0
4 82861 52983 1 1 0
4 82861 52983 2 2 0
4 82861 15915 0 4 0
4 82861 15915 1 1 0
4 82861 15915 2 2 0
4 82861 13981 0 2 0
4 82861 13981 1 3 0
4 82861 13981 2 4 0
4 82861 45869 0 2 0
4 82861 45869 1 3 0
4 82861 45869 2 4 0
4 82861 35503 0 4 0
4 82861 35503 1 1 0
4 82861 35503 2 2 0
4 82861 30301 0 2 0
4 82861 30301 1 3 0
4 82861 30301 2 4 0
4 82861 27311 0 4 0
4 82861 27311 1 1 0
4 82861 27311 2 2 0
4 82861 21731 0 4 0
4 82861 21731 1 1 0
4 82861 21731 2 2 0
4 82861 31081 0 2 0
4 82861 31081 1 3 0
4 82861 31081 2 4 0
4 82861 33819 0 4 0
4 82861 33819 1 1 0
4 82861 33819 2 2 0
4 82861 62327 0 4 0
4 82861 62327 1 1 0
4 82861 62327 2 2 0
4 82861 4903 0 4 0
4 82861 4903 1 1 0
4 82861 4903 2 2 0
4 82861 14767 0 4 0
4 82861 14767 1 1 0
4 82861 14767 2 2 0
4 82861 54847 0 4 0
4 82861 54847 1 1 0
4 82861 54847 2 2 0
4 82861 20827 0 4 0
4 82861 20827 1 1 0
4 82861 20827 2 2 0
4 82861 78541 0 2 0
4 82861 78541 1 3 0
4 82861 78541 2 4 0
4 82861 34361 0 2 0
4 82861 34361 1 3 0
4 82861 34361 2 4 0
4 82861 49055 0 4 0
4 82861 49055 1 1 0
4 82861 49055 2 2 0
4 82861 61121 0 2 0
4 82861 61121 1 3 0
4 82861 61121 2 4 0
4 82861 71411 0 4 0
4 82861 71411 1 1 0
4 82861 71411 2 2 0
4 82861 29267 0 4 0
4 82861 29267 1 1 0
4 82861 29267 2 2 0
4 82861 39219 0 4 0
4 82861 39219 1 1 0
4 82861 39219 2 2 0
4 82861 39481 0 2 0
4 82861 39481 1 3 0
4 82861 39481 2 4 0
4 82861 35761 0 2 0
4 82861 35761 1 3 0
4 82861 35761 2 4 0
4 82861 43067 0 4 0
4 82861 43067 1 1 0
4 82861 43067 2 2 0
4 82861 9419 0 4 0
4 82861 9419 1 1 0
4 82861 9419 2 2 0
4 82861 49443 0 4 0
4 82861 49443 1 1 0
4 82861 49443 2 2 0
4 82861 38013 0 2 0
4 82861 38013 1 3 0
4 82861 38013 2 4 0
4 82861 20481 0 2 0
4 82861 20481 1 3 0
4 82861 20481 2 4 0
4 82861 34585 0 2 0
4 82861 34585 1 3 0
4 82861 34585 2 4 0
4 82861 50425 0 2 0
4 82861 50425 1 3 0
4 82861 50425 2 4 0
4 82861 81481 0 2 0
4 82861 81481 1 3 0
4 82861 81481 2 4 0
4 82861 7029 0 2 0
4 82861 7029 1 3 0
4 82861 7029 2 4 0
4 82861 70155 0 4 0
4 82861 70155 1 1 0
4 82861 70155 2 2 0
4 82861 14055 0 4 0
4 82861 14055 1 1 0
4 82861 14055 2 2 0
4 82861 71735 0 4 0
4 82861 71735 1 1 0
4 82861 71735 2 2 0
4 82861 56749 0 2 0
4 82861 56749 1 3 0
4 82861 56749 2 4 0
4 82861 59015 0 4 0
4 82861 59015 1 1 0
4 82861 59015 2 2 0
4 82861 42529 0 2 0
4 82861 42529 1 3 0
4 82861 42529 2 4 0
4 82861 44213 0 2 0
4 82861 44213 1 3 0
4 82861 44213 2 4 0
4 82861 40577 0 2 0
4 82861 40577 1 3 0
4 82861 40577 2 4 0
4 82861 39469 0 2 0
4 82861 39469 1 3 0
4 82861 39469 2 4 0
4 82861 62897 0 2 0
4 82861 62897 1 3 0
4 82861 62897 2 4 0
4 82861 54099 0 4 0
4 82861 54099 1 1 0
4 82861 54099 2 2 0
4 82861 30095 0 4 0
4 82861 30095 1 1 0
4 82861 30095 2 2 0
4 82861 80101 0 2 0
4 82861 80101 1 3 0
4 82861 80101 2 4 0
4 82861 61791 0 4 0
4 82861 61791 1 1 0
4 82861 61791 2 2 0
4 82861 57491 0 4 0
4 82861 57491 1 1 0
4 82861 57491 2 2 0
4 82861 46407 0 4 0
4 82861 46407 1 1 0
4 82861 46407 2 2 0
4 82861 57969 0 2 0
4 82861 57969 1 3 0
4 82861 57969 2 4 0
4 82861 15557 0 2 0
4 82861 15557 1 3 0
4 82861 15557 2 4 0
4 82861 44189 0 2 0
4 82861 44189 1 3 0
4 82861 44189 2 4 0
4 82861 49553 0 2 0
4 82861 49553 1 3 0
4 82861 49553 2 4 0
4 82861 42523 0 4 0
4 82861 42523 1 1 0
4 82861 42523 2 2 0
4 82861 54357 0 2 0
4 82861 54357 1 3 0
4 82861 54357 2 4 0
4 82861 12737 0 2 0
4 82861 12737 1 3 0
4 82861 12737 2 4 0
4 82861 47777 0 2 0
4 82861 47777 1 3 0
4 82861 47777 2 4 0
4 82861 32845 0 2 0
4 82861 32845 1 3 0
4 82861 32845 2 4 0
4 82861 2719 0 4 0
4 82861 2719 1 1 0
4 82861 2719 2 2 0
4 82861 72541 0 2 0
4 82861 72541 1 3 0
4 82861 72541 2 4 0
4 82861 23755 0 4 0
4 82861 23755 1 1 0
4 82861 23755 2 2 0
4 82861 30965 0 2 0
4 82861 30965 1 3 0
4 82861 30965 2 4 0
4 82861 24797 0 2 0
4 82861 24797 1 3 0
4 82861 24797 2 4 0
4 82861 16701 0 2 0
4 82861 16701 1 3 0
4 82861 16701 2 4 0
4 82861 15159 0 4 0
4 82861 15159 1 1 0
4 82861 15159 2 2 0
4 82861 57097 0 2 0
4 82861 57097 1 3 0
4 82861 57097 2 4 0
4 82861 11567 0 4 0
4 82861 11567 1 1 0
4 82861 11567 2 2 0
4 82861 49127 0 4 0
4 82861 49127 1 1 0
4 82861 49127 2 2 0
4 82861 34573 0 2 0
4 82861 34573 1 3 0
4 82861 34573 2 4 0
4 82861 76385 0 2 0
4 82861 76385 1 3 0
4 82861 76385 2 4 0
4 82861 53449 0 2 0
4 82861 53449 1 3 0
4 82861 53449 2 4 0
4 82861 59209 0 2 0
4 82861 59209 1 3 0
4 82861 59209 2 4 0
4 82861 54633 0 2 0
4 82861 54633 1 3 0
4 82861 54633 2 4 0
4 82861 38499 0 4 0
4 82861 38499 1 1 0
4 82861 38499 2 2 0
4 82861 7031 0 4 0
4 82861 7031 1 1 0
4 82861 7031 2 2 0
4 82861 78919 0 4 0
4 82861 78919 1 1 0
4 82861 78919 2 2 0
4 82861 9499 0 4 0
4 82861 9499 1 1 0
4 82861 9499 2 2 0
4 82861 56627 0 4 0
4 82861 56627 1 1 0
4 82861 56627 2 2 0
4 82861 30623 0 4 0
4 82861 30623 1 1 0
4 82861 30623 2 2 0
4 82861 53877 0 2 0
4 82861 53877 1 3 0
4 82861 53877 2 4 0
4 82861 47791 0 4 0
4 82861 47791 1 1 0
4 82861 47791 2 2 0
4 82861 17459 0 4 0
4 82861 17459 1 1 0
4 82861 17459 2 2 0
4 82861 77659 0 4 0
4 82861 77659 1 1 0
4 82861 77659 2 2 0
4 82861 15041 0 2 0
4 82861 15041 1 3 0
4 82861 15041 2 4 0
4 82861 59625 0 2 0
4 82861 59625 1 3 0
4 82861 59625 2 4 0
4 82861 39701 0 2 0
4 82861 39701 1 3 0
4 82861 39701 2 4 0
4 82861 39861 0 2 0
4 82861 39861 1 3 0
4 82861 39861 2 4 0
4 82861 26727 0 4 0
4 82861 26727 1 1 0
4 82861 26727 2 2 0
4 82861 1243 0 4 0
4 82861 1243 1 1 0
4 82861 1243 2 2 0
4 82861 55961 0 2 0
4 82861 55961 1 3 0
4 82861 55961 2 4 0
4 82861 11411 0 4 0
4 82861 11411 1 1 0
4 82861 11411 2 2 0
4 82861 13797 0 2 0
4 82861 13797 1 3 0
4 82861 13797 2 4 0
4 82861 15849 0 2 0
4 82861 15849 1 3 0
4 82861 15849 2 4 0
4 82861 33785 0 2 0
4 82861 33785 1 3 0
4 82861 33785 2 4 0
4 82861 23227 0 4 0
4 82861 23227 1 1 0
4 82861 23227 2 2 0
4 82861 1747 0 4 0
4 82861 1747 1 1 0
4 82861 1747 2 2 0
4 82861 47279 0 4 0
4 82861 47279 1 1 0
4 82861 47279 2 2 0
4 82861 65109 0 2 0
4 82861 65109 1 3 0
4 82861 65109 2 4 0
4 82861 79955 0 4 0
4 82861 79955 1 1 0
4 82861 79955 2 2 0
4 82861 24177 0 2 0
4 82861 24177 1 3 0
4 82861 24177 2 4 0
4 82861 43149 0 2 0
4 82861 43149 1 3 0
4 82861 43149 2 4 0
4 82861 50061 0 2 0
4 82861 50061 1 3 0
4 82861 50061 2 4 0
4 82861 15791 0 4 0
4 82861 15791 1 1 0
4 82861 15791 2 2 0
4 82861 73087 0 4 0
4 82861 73087 1 1 0
4 82861 73087 2 2 0
4 82861 45659 0 4 0
4 82861 45659 1 1 0
4 82861 45659 2 2 0
4 82861 42381 0 2 0
4 82861 42381 1 3 0
4 82861 42381 2 4 0
4 82861 56547 0 4 0
4 82861 56547 1 1 0
4 82861 56547 2 2 0
4 82861 60877 0 2 0
4 82861 60877 1 3 0
4 82861 60877 2 4 0
4 82861 32463 0 4 0
4 82861 32463 1 1 0
4 82861 32463 2 2 0
4 82861 61697 0 2 0
4 82861 61697 1 3 0
4 82861 61697 2 4 0
4 82861 32021 0 2 0
4 82861 32021 1 3 0
4 82861 32021 2 4 0
4 82861 15093 0 2 0
4 82861 15093 1 3 0
4 82861 15093 2 4 0
4 82861 48317 0 2 0
4 82861 48317 1 3 0
4 82861 48317 2 4 0
4 82861 75443 0 4 0
4 82861 75443 1 1 0
4 82861 75443 2 2 0
4 82861 27555 0 4 0
4 82861 27555 1 1 0
4 82861 27555 2 2 0
4 82861 69557 0 2 0
4 82861 69557 1 3 0
4 82861 69557 2 4 0
4 82861 43501 0 2 0
4 82861 43501 1 3 0
4 82861 43501 2 4 0
4 82861 76795 0 4 0
4 82861 76795 1 1 0
4 82861 76795 2 2 0
4 82861 35073 0 2 0
4 82861 35073 1 3 0
4 82861 35073 2 4 0
4 82861 45837 0 2 0
4 82861 45837 1 3 0
4 82861 45837 2 4 0
4 82861 49941 0 2 0
4 82861 49941 1 3 0
4 82861 49941 2 4 0
4 82861 66527 0 4 0
4 82861 66527 1 1 0
4 82861 66527 2 2 0
4 82861 32923 0 4 0
4 82861 32923 1 1 0
4 82861 32923 2 2 0
4 82861 46441 0 2 0
4 82861 46441 1 3 0
4 82861 46441 2 4 0
4 82861 27765 0 2 0
4 82861 27765 1 3 0
4 82861 27765 2 4 0
4 82861 50719 0 4 0
4 82861 50719 1 1 0
4 82861 50719 2 2 0
4 82861 59261 0 2 0
4 82861 59261 1 3 0
4 82861 59261 2 4 0
5 82861 20019 0 4 0
5 82861 20019 1 1 0
5 82861 20019 2 2 0
5 82861 60937 0 2 0
5 82861 60937 1 3 0
5 82861 60937 2 4 0
5 82861 54457 0 2 0
5 82861 54457 1 3 0
5 82861 54457 2 4 0
5 82861 72955 0 4 0
5 82861 72955 1 1 0
5 82861 72955 2 2 0
5 82861 21709 0 2 0
5 82861 21709 1 3 0
5 82861 21709 2 4 0
5 82861 34249 0 2 0
5 82861 34249 1 3 0
5 82861 34249 2 4 0
5 82861 41717 0 2 0
5 82861 41717 1 3 0
5 82861 41717 2 4 0
5 82861 955 0 4 0
5 82861 955 1 1 0
5 82861 955 2 2 0
5 82861 72003 0 4 0
5 82861 72003 1 1 0
5 82861 72003 2 2 0
5 82861 65671 0 4 0
5 82861 65671 1 1 0
5 82861 65671 2 2 0
5 82861 31411 0 4 0
5 82861 31411 1 1 0
5 82861 31411 2 2 0
5 82861 53217 0 2 0
5 82861 53217 1 3 0
5 82861 53217 2 4 0
5 82861 6043 0 4 0
5 82861 6043 1 1 0
5 82861 6043 2 2 0
5 82861 42867 0 4 0
5 82861 42867 1 1 0
5 82861 42867 2 2 0
5 82861 47127 0 4 0
5 82861 47127 1 1 0
5 82861 47127 2 2 0
5 82861 75243 0 4 0
5 82861 75243 1 1 0
5 82861 75243 2 2 0
5 82861 25501 0 2 0
5 82861 25501 1 3 0
5 82861 25501 2 4 0
5 82861 73431 0 4 0
5 82861 73431 1 1 0
5 82861 73431 2 2 0
5 82861 48063 0 4 0
5 82861 48063 1 1 0
5 82861 48063 2 2 0
5 82861 52775 0 4 0
5 82861 52775 1 1 0
5 82861 52775 2 2 0
5 82861 74057 0 2 0
5 82861 74057 1 3 0
5 82861 74057 2 4 0
5 82861 26405 0 2 0
5 82861 26405 1 3 0
5 82861 26405 2 4 0
5 82861 36801 0 2 0
5 82861 36801 1 3 0
5 82861 36801 2 4 0
5 82861 41195 0 4 0
5 82861 41195 1 1 0
5 82861 41195 2 2 0
5 82861 14739 0 4 0
5 82861 14739 1 1 0
5 82861 14739 2 2 0
5 82861 68901 0 2 0
5 82861 68901 1 3 0
5 82861 68901 2 4 0
5 82861 18429 0 2 0
5 82861 18429 1 3 0
5 82861 18429 2 4 0
5 82861 38245 0 2 0
5 82861 38245 1 3 0
5 82861 38245 2 4 0
5 82861 16863 0 4 0
5 82861 16863 1 1 0
5 82861 16863 2 2 0
5 82861 47469 0 2 0
5 82861 47469 1 3 0
5 82861 47469 2 4 0
5 82861 8455 0 4 0
5 82861 8455 1 1 0
5 82861 8455 2 2 0
5 82861 58149 0 2 0
5 82861 58149 1 3 0
5 82861 58149 2 4 0
5 82861 63573 0 2 0
5 82861 63573 1 3 0
5 82861 63573 2 4 0
5 82861 74339 0 4 0
5 82861 74339 1 1 0
5 82861 74339 2 2 0
5 82861 20157 0 2 0
5 82861 20157 1 3 0
5 82861 20157 2 4 0
5 82861 38251 0 4 0
5 82861 38251 1 1 0
5 82861 38251 2 2 0
5 82861 38151 0 4 0
5 82861 38151 1 1 0
5 82861 38151 2 2 0
5 82861 38925 0 2 0
5 82861 38925 1 3 0
5 82861 38925 2 4 0
5 82861 4965 0 2 0
5 82861 4965 1 3 0
5 82861 4965 2 4 0
5 82861 25727 0 4 0
5 82861 25727 1 1 0
5 82861 25727 2 2 0
5 82861 34935 0 4 0
5 82861 34935 1 1 0
5 82861 34935 2 2 0
5 82861 52111 0 4 0
5 82861 52111 1 1 0
5 82861 52111 2 2 0
5 82861 81789 0 2 0
5 82861 81789 1 3 0
5 82861 81789 2 4 0
5 82861 57989 0 2 0
5 82861 57989 1 3 0
5 82861 57989 2 4 0
5 82861 63463 0 4 0
5 82861 63463 1 1 0
5 82861 63463 2 2 0
5 82861 55049 0 2 0
5 82861 55049 1 3 0
5 82861 55049 2 4 0
5 82861 24175 0 4 0
5 82861 24175 1 1 0
5 82861 24175 2 2 0
5 82861 15327 0 4 0
5 82861 15327 1 1 0
5 82861 15327 2 2 0
5 82861 59275 0 4 0
5 82861 59275 1 1 0
5 82861 59275 2 2 0
5 82861 65979 0 4 0
5 82861 65979 1 1 0
5 82861 65979 2 2 0
5 82861 21309 0 2 0
5 82861 21309 1 3 0
5 82861 21309 2 4 0
5 82861 39989 0 2 0
5 82861 39989 1 3 0
5 82861 39989 2 4 0
5 82861 20631 0 4 0
5 82861 20631 1 1 0
5 82861 20631 2 2 0
5 82861 6975 0 4 0
5 82861 6975 1 1 0
5 82861 6975 2 2 0
5 82861 36525 0 2 0
5 82861 36525 1 3 0
5 82861 36525 2 4 0
5 82861 39271 0 4 0
5 82861 39271 1 1 0
5 82861 39271 2 2 0
5 82861 28303 0 4 0
5 82861 28303 1 1 0
5 82861 28303 2 2 0
5 82861 41953 0 2 0
5 82861 41953 1 3 0
5 82861 41953 2 4 0
5 82861 4623 0 4 0
5 82861 4623 1 1 0
5 82861 4623 2 2 0
5 82861 29317 0 2 0
5 82861 29317 1 3 0
5 82861 29317 2 4 0
5 82861 55453 0 2 0
5 82861 55453 1 3 0
5 82861 55453 2 4 0
5 82861 10837 0 2 0
5 82861 10837 1 3 0
5 82861 10837 2 4 0
5 82861 45539 0 4 0
5 82861 45539 1 1 0
5 82861 45539 2 2 0
5 82861 37109 0 2 0
5 82861 37109 1 3 0
5 82861 37109 2 4 0
5 82861 33587 0 4 0
5 82861 33587 1 1 0
5 82861 33587 2 2 0
5 82861 30857 0 2 0
5 82861 30857 1 3 0
5 82861 30857 2 4 0
5 82861 41191 0 4 0
5 82861 41191 1 1 0
5 82861 41191 2 2 0
5 82861 28395 0 4 0
5 82861 28395 1 1 0
5 82861 28395 2 2 0
5 82861 3797 0 2 0
5 82861 3797 1 3 0
5 82861 3797 2 4 0
5 82861 5329 0 2 0
5 82861 5329 1 3 0
5 82861 5329 2 4 0
5 82861 13161 0 2 0
5 82861 13161 1 3 0
5 82861 13161 2 4 0
5 82861 68503 0 4 0
5 82861 68503 1 1 0
5 82861 68503 2 2 0
5 82861 20085 0 2 0
5 82861 20085 1 3 0
5 82861 20085 2 4 0
5 82861 61387 0 4 0
5 82861 61387 1 1 0
5 82861 61387 2 2 0
5 82861 67723 0 4 0
5 82861 67723 1 1 0
5 82861 67723 2 2 0
5 82861 10775 0 4 0
5 82861 10775 1 1 0
5 82861 10775 2 2 0
5 82861 46315 0 4 0
5 82861 46315 1 1 0
5 82861 46315 2 2 0
5 82861 52185 0 2 0
5 82861 52185 1 3 0
5 82861 52185 2 4 0
5 82861 48405 0 2 0
5 82861 48405 1 3 0
5 82861 48405 2 4 0
5 82861 50763 0 4 0
5 82861 50763 1 1 0
5 82861 50763 2 2 0
5 82861 79783 0 4 0
5 82861 79783 1 1 0
5 82861 79783 2 2 0
5 82861 50051 0 4 0
5 82861 50051 1 1 0
5 82861 50051 2 2 0
5 82861 80247 0 4 0
5 82861 80247 1 1 0
5 82861 80247 2 2 0
5 82861 29053 0 2 0
5 82861 29053 1 3 0
5 82861 29053 2 4 0
5 82861 73655 0 4 0
5 82861 73655 1 1 0
5 82861 73655 2 2 0
5 82861 38335 0 4 0
5 82861 38335 1 1 0
5 82861 38335 2 2 0
5 82861 10659 0 4 0
5 82861 10659 1 1 0
5 82861 10659 2 2 0
5 82861 33763 0 4 0
5 82861 33763 1 1 0
5 82861 33763 2 2 0
5 82861 2629 0 2 0
5 82861 2629 1 3 0
5 82861 2629 2 4 0
5 82861 20171 0 4 0
5 82861 20171 1 1 0
5 82861 20171 2 2 0
5 82861 81475 0 4 0
5 82861 81475 1 1 0
5 82861 81475 2 2 0
5 82861 46487 0 4 0
5 82861 46487 1 1 0
5 82861 46487 2 2 0
5 82861 34521 0 2 0
5 82861 34521 1 3 0
5 82861 34521 2 4 0
5 82861 4775 0 4 0
5 82861 4775 1 1 0
5 82861 4775 2 2 0
5 82861 11193 0 2 0
5 82861 11193 1 3 0
5 82861 11193 2 4 0
5 82861 3359 0 4 0
5 82861 3359 1 1 0
5 82861 3359 2 2 0
5 82861 79843 0 4 0
5 82861 79843 1 1 0
5 82861 79843 2 2 0
5 82861 51461 0 2 0
5 82861 51461 1 3 0
5 82861 51461 2 4 0
5 82861 5085 0 2 0
5 82861 5085 1 3 0
5 82861 5085 2 4 0
5 82861 18639 0 4 0
5 82861 18639 1 1 0
5 82861 18639 2 2 0
5 82861 69237 0 2 0
5 82861 69237 1 3 0
5 82861 69237 2 4 0
5 82861 55187 0 4 0
5 82861 55187 1 1 0
5 82861 55187 2 2 0
5 82861 78275 0 4 0
5 82861 78275 1 1 0
5 82861 78275 2 2 0
5 82861 69935 0 4 0
5 82861 69935 1 1 0
5 82861 69935 2 2 0
5 82861 707 0 4 0
5 82861 707 1 1 0
5 82861 707 2 2 0
5 82861 67053 0 2 0
5 82861 67053 1 3 0
5 82861 67053 2 4 0
5 82861 67973 0 2 0
5 82861 67973 1 3 0
5 82861 67973 2 4 0
5 82861 18803 0 4 0
5 82861 18803 1 1 0
5 82861 18803 2 2 0
5 82861 79049 0 2 0
5 82861 79049 1 3 0
5 82861 79049 2 4 0
5 82861 30455 0 4 0
5 82861 30455 1 1 0
5 82861 30455 2 2 0
5 82861 47875 0 4 0
5 82861 47875 1 1 0
5 82861 47875 2 2 0
5 82861 71391 0 4 0
5 82861 71391 1 1 0
5 82861 71391 2 2 0
5 82861 27045 0 2 0
5 82861 27045 1 3 0
5 82861 27045 2 4 0
5 82861 79101 0 2 0
5 82861 79101 1 3 0
5 82861 79101 2 4 0
5 82861 71235 0 4 0
5 82861 71235 1 1 0
5 82861 71235 2 2 0
5 82861 67823 0 4 0
5 82861 67823 1 1 0
5 82861 67823 2 2 0
5 82861 61957 0 2 0
5 82861 61957 1 3 0
5 82861 61957 2 4 0
5 82861 67481 0 2 0
5 82861 67481 1 3 0
5 82861 67481 2 4 0
5 82861 30359 0 4 0
5 82861 30359 1 1 0
5 82861 30359 2 2 0
5 82861 42393 0 2 0
5 82861 42393 1 3 0
5 82861 42393 2 4 0
5 82861 80437 0 2 0
5 82861 80437 1 3 0
5 82861 80437 2 4 0
5 82861 22467 0 4 0
5 82861 22467 1 1 0
5 82861 22467 2 2 0
5 82861 80649 0 2 0
5 82861 80649 1 3 0
5 82861 80649 2 4 0
5 82861 21147 0 4 0
5 82861 21147 1 1 0
5 82861 21147 2 2 0
5 82861 36645 0 2 0
5 82861 36645 1 3 0
5 82861 36645 2 4 0
5 82861 52853 0 2 0
5 82861 52853 1 3 0
5 82861 52853 2 4 0
5 82861 30241 0 2 0
5 82861 30241 1 3 0
5 82861 30241 2 4 0
5 82861 63789 0 2 0
5 82861 63789 1 3 0
5 82861 63789 2 4 0
5 82861 13709 0 2 0
5 82861 13709 1 3 0
5 82861 13709 2 4 0
5 82861 18237 0 2 0
5 82861 18237 1 3 0
5 82861 18237 2 4 0
5 82861 11025 0 2 0
5 82861 11025 1 3 0
5 82861 11025 2 4 0
5 82861 10999 0 4 0
5 82861 10999 1 1 0
5 82861 10999 2 2 0
5 82861 69069 0 2 0
5 82861 69069 1 3 0
5 82861 69069 2 4 0
5 82861 60051 0 4 0
5 82861 60051 1 1 0
5 82861 60051 2 2 0
5 82861 76221 0 2 0
5 82861 76221 1 3 0
5 82861 76221 2 4 0
5 82861 61293 0 2 0
5 82861 61293 1 3 0
5 82861 61293 2 4 0
5 82861 24369 0 2 0
5 82861 24369 1 3 0
5 82861 24369 2 4 0
5 82861 59125 0 2 0
5 82861 59125 1 3 0
5 82861 59125 2 4 0
5 82861 81099 0 4 0
5 82861 81099 1 1 0
5 82861 81099 2 2 0
5 82861 58555 0 4 0
5 82861 58555 1 1 0
5 82861 58555 2 2 0
5 82861 80109 0 2 0
5 82861 80109 1 3 0
5 82861 80109 2 4 0
5 82861 78441 0 2 0
5 82861 78441 1 3 0
5 82861 78441 2 4 0
5 82861 1831 0 4 0
5 82861 1831 1 1 0
5 82861 1831 2 2 0
5 82861 52693 0 2 0
5 82861 52693 1 3 0
5 82861 52693 2 4 0
5 82861 23263 0 4 0
5 82861 23263 1 1 0
5 82861 23263 2 2 0
5 82861 47995 0 4 0
5 82861 47995 1 1 0
5 82861 47995 2 2 0
5 82861 10851 0 4 0
5 82861 10851 1 1 0
5 82861 10851 2 2 0
5 82861 36533 0 2 0
5 82861 36533 1 3 0
5 82861 36533 2 4 0
5 82861 48529 0 2 0
5 82861 48529 1 3 0
5 82861 48529 2 4 0
5 82861 9841 0 2 0
5 82861 9841 1 3 0
5 82861 9841 2 4 0
5 82861 29649 0 2 0
5 82861 29649 1 3 0
5 82861 29649 2 4 0
5 82861 76073 0 2 0
5 82861 76073 1 3 0
5 82861 76073 2 4 0
5 82861 56921 0 2 0
5 82861 56921 1 3 0
5 82861 56921 2 4 0
5 82861 69089 0 2 0
5 82861 69089 1 3 0
5 82861 69089 2 4 0
5 82861 75121 0 2 0
5 82861 75121 1 3 0
5 82861 75121 2 4 0
5 82861 70517 0 2 0
5 82861 70517 1 3 0
5 82861 70517 2 4 0
5 82861 2495 0 4 0
5 82861 2495 1 1 0
5 82861 2495 2 2 0
5 82861 37157 0 2 0
5 82861 37157 1 3 0
5 82861 37157 2 4 0
5 82861 57587 0 4 0
5 82861 57587 1 1 0
5 82861 57587 2 2 0
5 82861 66227 0 4 0
5 82861 66227 1 1 0
5 82861 66227 2 2 0
5 82861 69575 0 4 0
5 82861 69575 1 1 0
5 82861 69575 2 2 0
5 82861 34691 0 4 0
5 82861 34691 1 1 0
5 82861 34691 2 2 0
5 82861 81135 0 4 0
5 82861 81135 1 1 0
5 82861 81135 2 2 0
5 82861 78745 0 2 0
5 82861 78745 1 3 0
5 82861 78745 2 4 0
5 82861 16337 0 2 0
5 82861 16337 1 3 0
5 82861 16337 2 4 0
5 82861 72367 0 4 0
5 82861 72367 1 1 0
5 82861 72367 2 2 0
5 82861 47075 0 4 0
5 82861 47075 1 1 0
5 82861 47075 2 2 0
5 82861 34369 0 2 0
5 82861 34369 1 3 0
5 82861 34369 2 4 0
5 82861 12099 0 4 0
5 82861 12099 1 1 0
5 82861 12099 2 2 0
5 82861 53127 0 4 0
5 82861 53127 1 1 0
5 82861 53127 2 2 0
5 82861 63269 0 2 0
5 82861 63269 1 3 0
5 82861 63269 2 4 0
5 82861 71983 0 4 0
5 82861 71983 1 1 0
5 82861 71983 2 2 0
5 82861 10273 0 2 0
5 82861 10273 1 3 0
5 82861 10273 2 4 0
5 82861 24777 0 2 0
5 82861 24777 1 3 0
5 82861 24777 2 4 0
5 82861 36907 0 4 0
5 82861 36907 1 1 0
5 82861 36907 2 2 0
5 82861 42051 0 4 0
5 82861 42051 1 1 0
5 82861 42051 2 2 0
5 82861 33799 0 4 0
5 82861 33799 1 1 0
5 82861 33799 2 2 0
5 82861 35301 0 2 0
5 82861 35301 1 3 0
5 82861 35301 2 4 0
5 82861 22051 0 4 0
5 82861 22051 1 1 0
5 82861 22051 2 2 0
5 82861 44207 0 4 0
5 82861 44207 1 1 0
5 82861 44207 2 2 0
5 82861 12377 0 2 0
5 82861 12377 1 3 0
5 82861 12377 2 4 0
5 82861 55325 0 2 0
5 82861 55325 1 3 0
5 82861 55325 2 4 0
5 82861 78097 0 2 0
5 82861 78097 1 3 0
5 82861 78097 2 4 0
5 82861 71117 0 2 0
5 82861 71117 1 3 0
5 82861 71117 2 4 0
5 82861 19339 0 4 0
5 82861 19339 1 1 0
5 82861 19339 2 2 0
5 82861 71053 0 2 0
5 82861 71053 1 3 0
5 82861 71053 2 4 0
5 82861 56755 0 4 0
5 82861 56755 1 1 0
5 82861 56755 2 2 0
5 82861 40383 0 4 0
5 82861 40383 1 1 0
5 82861 40383 2 2 0
5 82861 57323 0 4 0
5 82861 57323 1 1 0
5 82861 57323 2 2 0
5 82861 64447 0 4 0
5 82861 64447 1 1 0
5 82861 64447 2 2 0
5 82861 32821 0 2 0
5 82861 32821 1 3 0
5 82861 32821 2 4 0
5 82861 69427 0 4 0
5 82861 69427 1 1 0
5 82861 69427 2 2 0
5 82861 22207 0 4 0
5 82861 22207 1 1 0
5 82861 22207 2 2 0
5 82861 45273 0 2 0
5 82861 45273 1 3 0
5 82861 45273 2 4 0
5 82861 47459 0 4 0
5 82861 47459 1 1 0
5 82861 47459 2 2 0
5 82861 17615 0 4 0
5 82861 17615 1 1 0
5 82861 17615 2 2 0
5 82861 17415 0 4 0
5 82861 17415 1 1 0
5 82861 17415 2 2 0
5 82861 14631 0 4 0
5 82861 14631 1 1 0
5 82861 14631 2 2 0
5 82861 67431 0 4 0
5 82861 67431 1 1 0
5 82861 67431 2 2 0
5 82861 22221 0 2 0
5 82861 22221 1 3 0
5 82861 22221 2 4 0
5 82861 13933 0 2 0
5 82861 13933 1 3 0
5 82861 13933 2 4 0
5 82861 61653 0 2 0
5 82861 61653 1 3 0
5 82861 61653 2 4 0
5 82861 37287 0 4 0
5 82861 37287 1 1 0
5 82861 37287 2 2 0
5 82861 2937 0 2 0
5 82861 2937 1 3 0
5 82861 2937 2 4 0
5 82861 52289 0 2 0
5 82861 52289 1 3 0
5 82861 52289 2 4 0
5 82861 33321 0 2 0
5 82861 33321 1 3 0
5 82861 33321 2 4 0
5 82861 46503 0 4 0
5 82861 46503 1 1 0
5 82861 46503 2 2 0
5 82861 25359 0 4 0
5 82861 25359 1 1 0
5 82861 25359 2 2 0
5 82861 57757 0 2 0
5 82861 57757 1 3 0
5 82861 57757 2 4 0
5 82861 37451 0 4 0
5 82861 37451 1 1 0
5 82861 37451 2 2 0
5 82861 13847 0 4 0
5 82861 13847 1 1 0
5 82861 13847 2 2 0
5 82861 9957 0 2 0
5 82861 9957 1 3 0
5 82861 9957 2 4 0
5 82861 40289 0 2 0
5 82861 40289 1 3 0
5 82861 40289 2 4 0
5 82861 3647 0 4 0
5 82861 3647 1 1 0
5 82861 3647 2 2 0
5 82861 52683 0 4 0
5 82861 52683 1 1 0
5 82861 52683 2 2 0
5 82861 54289 0 2 0
5 82861 54289 1 3 0
5 82861 54289 2 4 0
5 82861 34987 0 4 0
5 82861 34987 1 1 0
5 82861 34987 2 2 0
5 82861 73689 0 2 0
5 82861 73689 1 3 0
5 82861 73689 2 4 0
5 82861 81899 0 4 0
5 82861 81899 1 1 0
5 82861 81899 2 2 0
5 82861 68305 0 2 0
5 82861 68305 1 3 0
5 82861 68305 2 4 0
5 82861 10883 0 4 0
5 82861 10883 1 1 0
5 82861 10883 2 2 0
5 82861 78597 0 2 0
5 82861 78597 1 3 0
5 82861 78597 2 4 0
5 82861 16767 0 4 0
5 82861 16767 1 1 0
5 82861 16767 2 2 0
5 82861 471 0 4 0
5 82861 471 1 1 0
5 82861 471 2 2 0
5 82861 32389 0 2 0
5 82861 32389 1 3 0
5 82861 32389 2 4 0
5 82861 12157 0 2 0
5 82861 12157 1 3 0
5 82861 12157 2 4 0
5 82861 28129 0 2 0
5 82861 28129 1 3 0
5 82861 28129 2 4 0
5 82861 58523 0 4 0
5 82861 58523 1 1 0
5 82861 58523 2 2 0
5 82861 50285 0 2 0
5 82861 50285 1 3 0
5 82861 50285 2 4 0
5 82861 20819 0 4 0
5 82861 20819 1 1 0
5 82861 20819 2 2 0
5 82861 50011 0 4 0
5 82861 50011 1 1 0
5 82861 50011 2 2 0
5 82861 44039 0 4 0
5 82861 44039 1 1 0
5 82861 44039 2 2 0
5 82861 28071 0 4 0
5 82861 28071 1 1 0
5 82861 28071 2 2 0
5 82861 28421 0 2 0
5 82861 28421 1 3 0
5 82861 28421 2 4 0
5 82861 10997 0 2 0
5 82861 10997 1 3 0
5 82861 10997 2 4 0
5 82861 19147 0 4 0
5 82861 19147 1 1 0
5 82861 19147 2 2 0
5 82861 55185 0 2 0
5 82861 55185 1 3 0
5 82861 55185 2 4 0
5 82861 53373 0 2 0
5 82861 53373 1 3 0
5 82861 53373 2 4 0
5 82861 62943 0 4 0
5 82861 62943 1 1 0
5 82861 62943 2 2 0
5 82861 78451 0 4 0
5 82861 78451 1 1 0
5 82861 78451 2 2 0
5 82861 79555 0 4 0
5 82861 79555 1 1 0
5 82861 79555 2 2 0
5 82861 29981 0 2 0
5 82861 29981 1 3 0
5 82861 29981 2 4 0
5 82861 77273 0 2 0
5 82861 77273 1 3 0
5 82861 77273 2 4 0
5 82861 34655 0 4 0
5 82861 34655 1 1 0
5 82861 34655 2 2 0
5 82861 45409 0 2 0
5 82861 45409 1 3 0
5 82861 45409 2 4 0
5 82861 37115 0 4 0
5 82861 37115 1 1 0
5 82861 37115 2 2 0
5 82861 30129 0 2 0
5 82861 30129 1 3 0
5 82861 30129 2 4 0
5 82861 61157 0 2 0
5 82861 61157 1 3 0
5 82861 61157 2 4 0
5 82861 46965 0 2 0
5 82861 46965 1 3 0
5 82861 46965 2 4 0
5 82861 15681 0 2 0
5 82861 15681 1 3 0
5 82861 15681 2 4 0
5 82861 65401 0 2 0
5 82861 65401 1 3 0
5 82861 65401 2 4 0
5 82861 1557 0 2 0
5 82861 1557 1 3 0
5 82861 1557 2 4 0
5 82861 9857 0 2 0
5 82861 9857 1 3 0
5 82861 9857 2 4 0
5 82861 259 0 4 0
5 82861 259 1 1 0
5 82861 259 2 2 0
5 82861 71103 0 4 0
5 82861 71103 1 1 0
5 82861 71103 2 2 0
5 82861 70183 0 4 0
5 82861 70183 1 1 0
5 82861 70183 2 2 0
5 82861 42977 0 2 0
5 82861 42977 1 3 0
5 82861 42977 2 4 0
5 82861 62799 0 4 0
5 82861 62799 1 1 0
5 82861 62799 2 2 0
5 82861 27445 0 2 0
5 82861 27445 1 3 0
5 82861 27445 2 4 0
5 82861 46761 0 2 0
5 82861 46761 1 3 0
5 82861 46761 2 4 0
5 82861 58207 0 4 0
5 82861 58207 1 1 0
5 82861 58207 2 2 0
5 82861 8929 0 2 0
5 82861 8929 1 3 0
5 82861 8929 2 4 0
5 82861 27375 0 4 0
5 82861 27375 1 1 0
5 82861 27375 2 2 0
5 82861 61551 0 4 0
5 82861 61551 1 1 0
5 82861 61551 2 2 0
5 82861 7581 0 2 0
5 82861 7581 1 3 0
5 82861 7581 2 4 0
5 82861 3093 0 2 0
5 82861 3093 1 3 0
5 82861 3093 2 4 0
5 82861 8137 0 2 0
5 82861 8137 1 3 0
5 82861 8137 2 4 0
5 82861 7085 0 2 0
5 82861 7085 1 3 0
5 82861 7085 2 4 0
5 82861 67331 0 4 0
5 82861 67331 1 1 0
5 82861 67331 2 2 0
5 82861 11557 0 2 0
5 82861 11557 1 3 0
5 82861 11557 2 4 0
5 82861 72421 0 2 0
5 82861 72421 1 3 0
5 82861 72421 2 4 0
5 82861 11711 0 4 0
5 82861 11711 1 1 0
5 82861 11711 2 2 0
5 82861 61787 0 4 0
5 82861 61787 1 1 0
5 82861 61787 2 2 0
5 82861 72511 0 4 0
5 82861 72511 1 1 0
5 82861 72511 2 2 0
5 82861 12351 0 4 0
5 82861 12351 1 1 0
5 82861 12351 2 2 0
5 82861 15789 0 2 0
5 82861 15789 1 3 0
5 82861 15789 2 4 0
5 82861 69409 0 2 0
5 82861 69409 1 3 0
5 82861 69409 2 4 0
5 82861 54935 0 4 0
5 82861 54935 1 1 0
5 82861 54935 2 2 0
5 82861 49613 0 2 0
5 82861 49613 1 3 0
5 82861 49613 2 4 0
5 82861 17297 0 2 0
5 82861 17297 1 3 0
5 82861 17297 2 4 0
5 82861 46453 0 2 0
5 82861 46453 1 3 0
5 82861 46453 2 4 0
5 82861 67785 0 2 0
5 82861 67785 1 3 0
5 82861 67785 2 4 0
5 82861 45979 0 4 0
5 82861 45979 1 1 0
5 82861 45979 2 2 0
5 82861 29085 0 2 0
5 82861 29085 1 3 0
5 82861 29085 2 4 0
5 82861 60745 0 2 0
5 82861 60745 1 3 0
5 82861 60745 2 4 0
5 82861 64767 0 4 0
5 82861 64767 1 1 0
5 82861 64767 2 2 0
5 82861 41657 0 2 0
5 82861 41657 1 3 0
5 82861 41657 2 4 0
5 82861 56567 0 4 0
5 82861 56567 1 1 0
5 82861 56567 2 2 0
5 82861 33627 0 4 0
5 82861 33627 1 1 0
5 82861 33627 2 2 0
5 82861 45095 0 4 0
5 82861 45095 1 1 0
5 82861 45095 2 2 0
5 82861 34263 0 4 0
5 82861 34263 1 1 0
5 82861 34263 2 2 0
5 82861 22715 0 4 0
5 82861 22715 1 1 0
5 82861 22715 2 2 0
5 82861 23009 0 2 0
5 82861 23009 1 3 0
5 82861 23009 2 4 0
5 82861 6569 0 2 0
5 82861 6569 1 3 0
5 82861 6569 2 4 0
5 82861 72539 0 4 0
5 82861 72539 1 1 0
5 82861 72539 2 2 0
5 82861 31461 0 2 0
5 82861 31461 1 3 0
5 82861 31461 2 4 0
5 82861 59563 0 4 0
5 82861 59563 1 1 0
5 82861 59563 2 2 0
5 82861 2521 0 2 0
5 82861 2521 1 3 0
5 82861 2521 2 4 0
5 82861 30461 0 2 0
5 82861 30461 1 3 0
5 82861 30461 2 4 0
5 82861 62381 0 2 0
5 82861 62381 1 3 0
5 82861 62381 2 4 0
5 82861 3383 0 4 0
5 82861 3383 1 1 0
5 82861 3383 2 2 0
5 82861 67131 0 4 0
5 82861 67131 1 1 0
5 82861 67131 2 2 0
5 82861 6445 0 2 0
5 82861 6445 1 3 0
5 82861 6445 2 4 0
5 82861 6501 0 2 0
5 82861 6501 1 3 0
5 82861 6501 2 4 0
5 82861 29443 0 4 0
5 82861 29443 1 1 0
5 82861 29443 2 2 0
5 82861 63003 0 4 0
5 82861 63003 1 1 0
5 82861 63003 2 2 0
5 82861 6945 0 2 0
5 82861 6945 1 3 0
5 82861 6945 2 4 0
5 82861 62351 0 4 0
5 82861 62351 1 1 0
5 82861 62351 2 2 0
5 82861 24873 0 2 0
5 82861 24873 1 3 0
5 82861 24873 2 4 0
5 82861 15885 0 2 0
5 82861 15885 1 3 0
5 82861 15885 2 4 0
5 82861 43191 0 4 0
5 82861 43191 1 1 0
5 82861 43191 2 2 0
5 82861 70123 0 4 0
5 82861 70123 1 1 0
5 82861 70123 2 2 0
5 82861 49541 0 2 0
5 82861 49541 1 3 0
5 82861 49541 2 4 0
5 82861 13299 0 4 0
5 82861 13299 1 1 0
5 82861 13299 2 2 0
5 82861 51757 0 2 0
5 82861 51757 1 3 0
5 82861 51757 2 4 0
5 82861 30449 0 2 0
5 82861 30449 1 3 0
5 82861 30449 2 4 0
5 82861 415 0 4 0
5 82861 415 1 1 0
5 82861 415 2 2 0
5 82861 1517 0 2 0
5 82861 1517 1 3 0
5 82861 1517 2 4 0
5 82861 69087 0 4 0
5 82861 69087 1 1 0
5 82861 69087 2 2 0
5 82861 53137 0 2 0
5 82861 53137 1 3 0
5 82861 53137 2 4 0
5 82861 72107 0 4 0
5 82861 72107 1 1 0
5 82861 72107 2 2 0
5 82861 49163 0 4 0
5 82861 49163 1 1 0
5 82861 49163 2 2 0
5 82861 72681 0 2 0
5 82861 72681 1 3 0
5 82861 72681 2 4 0
5 82861 64307 0 4 0
5 82861 64307 1 1 0
5 82861 64307 2 2 0
5 82861 75707 0 4 0
5 82861 75707 1 1 0
5 82861 75707 2 2 0
5 82861 1941 0 2 0
5 82861 1941 1 3 0
5 82861 1941 2 4 0
5 82861 57629 0 2 0
5 82861 57629 1 3 0
5 82861 57629 2 4 0
5 82861 37399 0 4 0
5 82861 37399 1 1 0
5 82861 37399 2 2 0
5 82861 36299 0 4 0
5 82861 36299 1 1 0
5 82861 36299 2 2 0
5 82861 28171 0 4 0
5 82861 28171 1 1 0
5 82861 28171 2 2 0
5 82861 46549 0 2 0
5 82861 46549 1 3 0
5 82861 46549 2 4 0
5 82861 71847 0 4 0
5 82861 71847 1 1 0
5 82861 71847 2 2 0
5 82861 47229 0 2 0
5 82861 47229 1 3 0
5 82861 47229 2 4 0
5 82861 22923 0 4 0
5 82861 22923 1 1 0
5 82861 22923 2 2 0
5 82861 49195 0 4 0
5 82861 49195 1 1 0
5 82861 49195 2 2 0
5 82861 11029 0 2 0
5 82861 11029 1 3 0
5 82861 11029 2 4 0
5 82861 34755 0 4 0
5 82861 34755 1 1 0
5 82861 34755 2 2 0
5 82861 78201 0 2 0
5 82861 78201 1 3 0
5 82861 78201 2 4 0
5 82861 20415 0 4 0
5 82861 20415 1 1 0
5 82861 20415 2 2 0
5 82861 6671 0 4 0
5 82861 6671 1 1 0
5 82861 6671 2 2 0
5 82861 51703 0 4 0
5 82861 51703 1 1 0
5 82861 51703 2 2 0
5 82861 77393 0 2 0
5 82861 77393 1 3 0
5 82861 77393 2 4 0
5 82861 32223 0 4 0
5 82861 32223 1 1 0
5 82861 32223 2 2 0
5 82861 11437 0 2 0
5 82861 11437 1 3 0
5 82861 11437 2 4 0
5 82861 25297 0 2 0
5 82861 25297 1 3 0
5 82861 25297 2 4 0
5 82861 2671 0 4 0
5 82861 2671 1 1 0
5 82861 2671 2 2 0
5 82861 57821 0 2 0
5 82861 57821 1 3 0
5 82861 57821 2 4 0
5 82861 43821 0 2 0
5 82861 43821 1 3 0
5 82861 43821 2 4 0
5 82861 51173 0 2 0
5 82861 51173 1 3 0
5 82861 51173 2 4 0
5 82861 41 0 2 0
5 82861 41 1 3 0
5 82861 41 2 4 0
5 82861 5559 0 4 0
5 82861 5559 1 1 0
5 82861 5559 2 2 0
5 82861 37283 0 4 0
5 82861 37283 1 1 0
5 82861 37283 2 2 0
5 82861 11115 0 4 0
5 82861 11115 1 1 0
5 82861 11115 2 2 0
5 82861 27603 0 4 0
5 82861 27603 1 1 0
5 82861 27603 2 2 0
5 82861 19979 0 4 0
5 82861 19979 1 1 0
5 82861 19979 2 2 0
5 82861 32681 0 2 0
5 82861 32681 1 3 0
5 82861 32681 2 4 0
5 82861 48239 0 4 0
5 82861 48239 1 1 0
5 82861 48239 2 2 0
5 82861 18377 0 2 0
5 82861 18377 1 3 0
5 82861 18377 2 4 0
5 82861 31589 0 2 0
5 82861 31589 1 3 0
5 82861 31589 2 4 0
5 82861 56315 0 4 0
5 82861 56315 1 1 0
5 82861 56315 2 2 0
5 82861 16197 0 2 0
5 82861 16197 1 3 0
5 82861 16197 2 4 0
5 82861 14961 0 2 0
5 82861 14961 1 3 0
5 82861 14961 2 4 0
5 82861 6371 0 4 0
5 82861 6371 1 1 0
5 82861 6371 2 2 0
5 82861 62155 0 4 0
5 82861 62155 1 1 0
5 82861 62155 2 2 0
5 82861 59979 0 4 0
5 82861 59979 1 1 0
5 82861 59979 2 2 0
5 82861 46483 0 4 0
5 82861 46483 1 1 0
5 82861 46483 2 2 0
5 82861 69957 0 2 0
5 82861 69957 1 3 0
5 82861 69957 2 4 0
5 82861 77511 0 4 0
5 82861 77511 1 1 0
5 82861 77511 2 2 0
5 82861 71229 0 2 0
5 82861 71229 1 3 0
5 82861 71229 2 4 0
5 82861 18067 0 4 0
5 82861 18067 1 1 0
5 82861 18067 2 2 0
5 82861 73037 0 2 0
5 82861 73037 1 3 0
5 82861 73037 2 4 0
5 82861 4933 0 2 0
5 82861 4933 1 3 0
5 82861 4933 2 4 0
5 82861 39791 0 4 0
5 82861 39791 1 1 0
5 82861 39791 2 2 0
5 82861 66789 0 2 0
5 82861 66789 1 3 0
5 82861 66789 2 4 0
5 82861 8731 0 4 0
5 82861 8731 1 1 0
5 82861 8731 2 2 0
5 82861 68307 0 4 0
5 82861 68307 1 1 0
5 82861 68307 2 2 0
5 82861 4991 0 4 0
5 82861 4991 1 1 0
5 82861 4991 2 2 0
5 82861 54335 0 4 0
5 82861 54335 1 1 0
5 82861 54335 2 2 0
5 82861 55381 0 2 0
5 82861 55381 1 3 0
5 82861 55381 2 4 0
5 82861 26729 0 2 0
5 82861 26729 1 3 0
5 82861 26729 2 4 0
5 82861 32221 0 2 0
5 82861 32221 1 3 0
5 82861 32221 2 4 0
5 82861 5811 0 4 0
5 82861 5811 1 1 0
5 82861 5811 2 2 0
5 82861 11363 0 4 0
5 82861 11363 1 1 0
5 82861 11363 2 2 0
5 82861 41107 0 4 0
5 82861 41107 1 1 0
5 82861 41107 2 2 0
5 82861 55451 0 4 0
5 82861 55451 1 1 0
5 82861 55451 2 2 0
5 82861 39709 0 2 0
5 82861 39709 1 3 0
5 82861 39709 2 4 0
5 82861 44895 0 4 0
5 82861 44895 1 1 0
5 82861 44895 2 2 0
5 82861 78981 0 2 0
5 82861 78981 1 3 0
5 82861 78981 2 4 0
5 82861 76527 0 4 0
5 82861 76527 1 1 0
5 82861 76527 2 2 0
5 82861 27681 0 2 0
5 82861 27681 1 3 0
5 82861 27681 2 4 0
5 82861 74021 0 2 0
5 82861 74021 1 3 0
5 82861 74021 2 4 0
5 82861 38431 0 4 0
5 82861 38431 1 1 0
5 82861 38431 2 2 0
5 82861 59975 0 4 0
5 82861 59975 1 1 0
5 82861 59975 2 2 0
5 82861 24165 0 2 0
5 82861 24165 1 3 0
5 82861 24165 2 4 0
5 82861 50817 0 2 0
5 82861 50817 1 3 0
5 82861 50817 2 4 0
5 82861 863 0 4 0
5 82861 863 1 1 0
5 82861 863 2 2 0
5 82861 23773 0 2 0
5 82861 23773 1 3 0
5 82861 23773 2 4 0
5 82861 73821 0 2 0
5 82861 73821 1 3 0
5 82861 73821 2 4 0
5 82861 56297 0 2 0
5 82861 56297 1 3 0
5 82861 56297 2 4 0
5 82861 54889 0 2 0
5 82861 54889 1 3 0
5 82861 54889 2 4 0
5 82861 56211 0 4 0
5 82861 56211 1 1 0
5 82861 56211 2 2 0
5 82861 34845 0 2 0
5 82861 34845 1 3 0
5 82861 34845 2 4 0
5 82861 77489 0 2 0
5 82861 77489 1 3 0
5 82861 77489 2 4 0
5 82861 81611 0 4 0
5 82861 81611 1 1 0
5 82861 81611 2 2 0
5 82861 7899 0 4 0
5 82861 7899 1 1 0
5 82861 7899 2 2 0
5 82861 70951 0 4 0
5 82861 70951 1 1 0
5 82861 70951 2 2 0
5 82861 6623 0 4 0
5 82861 6623 1 1 0
5 82861 6623 2 2 0
5 82861 18993 0 2 0
5 82861 18993 1 3 0
5 82861 18993 2 4 0
5 82861 47029 0 2 0
5 82861 47029 1 3 0
5 82861 47029 2 4 0
5 82861 51613 0 2 0
5 82861 51613 1 3 0
5 82861 51613 2 4 0
5 82861 61535 0 4 0
5 82861 61535 1 1 0
5 82861 61535 2 2 0
5 82861 12901 0 2 0
5 82861 12901 1 3 0
5 82861 12901 2 4 0
5 82861 9477 0 2 0
5 82861 9477 1 3 0
5 82861 9477 2 4 0
5 82861 34825 0 2 0
5 82861 34825 1 3 0
5 82861 34825 2 4 0
5 82861 37881 0 2 0
5 82861 37881 1 3 0
5 82861 37881 2 4 0
5 82861 40957 0 2 0
5 82861 40957 1 3 0
5 82861 40957 2 4 0
5 82861 71805 0 2 0
5 82861 71805 1 3 0
5 82861 71805 2 4 0
5 82861 48625 0 2 0
5 82861 48625 1 3 0
5 82861 48625 2 4 0
5 82861 42985 0 2 0
5 82861 42985 1 3 0
5 82861 42985 2 4 0
5 82861 49915 0 4 0
5 82861 49915 1 1 0
5 82861 49915 2 2 0
5 82861 75735 0 4 0
5 82861 75735 1 1 0
5 82861 75735 2 2 0
5 82861 68735 0 4 0
5 82861 68735 1 1 0
5 82861 68735 2 2 0
5 82861 45553 0 2 0
5 82861 45553 1 3 0
5 82861 45553 2 4 0
5 82861 41187 0 4 0
5 82861 41187 1 1 0
5 82861 41187 2 2 0
5 82861 21723 0 4 0
5 82861 21723 1 1 0
5 82861 21723 2 2 0
5 82861 10863 0 4 0
5 82861 10863 1 1 0
5 82861 10863 2 2 0
5 82861 17477 0 2 0
5 82861 17477 1 3 0
5 82861 17477 2 4 0
5 82861 33741 0 2 0
5 82861 33741 1 3 0
5 82861 33741 2 4 0
5 82861 26987 0 4 0
5 82861 26987 1 1 0
5 82861 26987 2 2 0
5 82861 65887 0 4 0
5 82861 65887 1 1 0
5 82861 65887 2 2 0
5 82861 77275 0 4 0
5 82861 77275 1 1 0
5 82861 77275 2 2 0
5 82861 71033 0 2 0
5 82861 71033 1 3 0
5 82861 71033 2 4 0
5 82861 54105 0 2 0
5 82861 54105 1 3 0
5 82861 54105 2 4 0
5 82861 80543 0 4 0
5 82861 80543 1 1 0
5 82861 80543 2 2 0
5 82861 62543 0 4 0
5 82861 62543 1 1 0
5 82861 62543 2 2 0
5 82861 31107 0 4 0
5 82861 31107 1 1 0
5 82861 31107 2 2 0
5 82861 41559 0 4 0
5 82861 41559 1 1 0
5 82861 41559 2 2 0
5 82861 74313 0 2 0
5 82861 74313 1 3 0
5 82861 74313 2 4 0
5 82861 38919 0 4 0
5 82861 38919 1 1 0
5 82861 38919 2 2 0
5 82861 80747 0 4 0
5 82861 80747 1 1 0
5 82861 80747 2 2 0
5 82861 46061 0 2 0
5 82861 46061 1 3 0
5 82861 46061 2 4 0
5 82861 30363 0 4 0
5 82861 30363 1 1 0
5 82861 30363 2 2 0
5 82861 18443 0 4 0
5 82861 18443 1 1 0
5 82861 18443 2 2 0
5 82861 3403 0 4 0
5 82861 3403 1 1 0
5 82861 3403 2 2 0
5 82861 58865 0 2 0
5 82861 58865 1 3 0
5 82861 58865 2 4 0
5 82861 49787 0 4 0
5 82861 49787 1 1 0
5 82861 49787 2 2 0
5 82861 79941 0 2 0
5 82861 79941 1 3 0
5 82861 79941 2 4 0
5 82861 61081 0 2 0
5 82861 61081 1 3 0
5 82861 61081 2 4 0
5 82861 26341 0 2 0
5 82861 26341 1 3 0
5 82861 26341 2 4 0
5 82861 12891 0 4 0
5 82861 12891 1 1 0
5 82861 12891 2 2 0
5 82861 2071 0 4 0
5 82861 2071 1 1 0
5 82861 2071 2 2 0
5 82861 20707 0 4 0
5 82861 20707 1 1 0
5 82861 20707 2 2 0
5 82861 12527 0 4 0
5 82861 12527 1 1 0
5 82861 12527 2 2 0
5 82861 64723 0 4 0
5 82861 64723 1 1 0
5 82861 64723 2 2 0
5 82861 2559 0 4 0
5 82861 2559 1 1 0
5 82861 2559 2 2 0
5 82861 51275 0 4 0
5 82861 51275 1 1 0
5 82861 51275 2 2 0
5 82861 17397 0 2 0
5 82861 17397 1 3 0
5 82861 17397 2 4 0
5 82861 40467 0 4 0
5 82861 40467 1 1 0
5 82861 40467 2 2 0
5 82861 27075 0 4 0
5 82861 27075 1 1 0
5 82861 27075 2 2 0
5 82861 67567 0 4 0
5 82861 67567 1 1 0
5 82861 67567 2 2 0
5 82861 67947 0 4 0
5 82861 67947 1 1 0
5 82861 67947 2 2 0
5 82861 47697 0 2 0
5 82861 47697 1 3 0
5 82861 47697 2 4 0
5 82861 16225 0 2 0
5 82861 16225 1 3 0
5 82861 16225 2 4 0
5 82861 64527 0 4 0
5 82861 64527 1 1 0
5 82861 64527 2 2 0
5 82861 47199 0 4 0
5 82861 47199 1 1 0
5 82861 47199 2 2 0
5 82861 11155 0 4 0
5 82861 11155 1 1 0
5 82861 11155 2 2 0
5 82861 78271 0 4 0
5 82861 78271 1 1 0
5 82861 78271 2 2 0
5 82861 36127 0 4 0
5 82861 36127 1 1 0
5 82861 36127 2 2 0
5 82861 5985 0 2 0
5 82861 5985 1 3 0
5 82861 5985 2 4 0
5 82861 52529 0 2 0
5 82861 52529 1 3 0
5 82861 52529 2 4 0
5 82861 29295 0 4 0
5 82861 29295 1 1 0
5 82861 29295 2 2 0
5 82861 42191 0 4 0
5 82861 42191 1 1 0
5 82861 42191 2 2 0
5 82861 15785 0 2 0
5 82861 15785 1 3 0
5 82861 15785 2 4 0
5 82861 27369 0 2 0
5 82861 27369 1 3 0
5 82861 27369 2 4 0
5 82861 64317 0 2 0
5 82861 64317 1 3 0
5 82861 64317 2 4 0
5 82861 79075 0 4 0
5 82861 79075 1 1 0
5 82861 79075 2 2 0
5 82861 60073 0 2 0
5 82861 60073 1 3 0
5 82861 60073 2 4 0
5 82861 37681 0 2 0
5 82861 37681 1 3 0
5 82861 37681 2 4 0
5 82861 30737 0 2 0
5 82861 30737 1 3 0
5 82861 30737 2 4 0
5 82861 78083 0 4 0
5 82861 78083 1 1 0
5 82861 78083 2 2 0
5 82861 44977 0 2 0
5 82861 44977 1 3 0
5 82861 44977 2 4 0
5 82861 4179 0 4 0
5 82861 4179 1 1 0
5 82861 4179 2 2 0
5 82861 62679 0 4 0
5 82861 62679 1 1 0
5 82861 62679 2 2 0
5 82861 61303 0 4 0
5 82861 61303 1 1 0
5 82861 61303 2 2 0
5 82861 69171 0 4 0
5 82861 69171 1 1 0
5 82861 69171 2 2 0
5 82861 65307 0 4 0
5 82861 65307 1 1 0
5 82861 65307 2 2 0
5 82861 13189 0 2 0
5 82861 13189 1 3 0
5 82861 13189 2 4 0
5 82861 39863 0 4 0
5 82861 39863 1 1 0
5 82861 39863 2 2 0
5 82861 53117 0 2 0
5 82861 53117 1 3 0
5 82861 53117 2 4 0
5 82861 11591 0 4 0
5 82861 11591 1 1 0
5 82861 11591 2 2 0
5 82861 74229 0 2 0
5 82861 74229 1 3 0
5 82861 74229 2 4 0
5 82861 16667 0 4 0
5 82861 16667 1 1 0
5 82861 16667 2 2 0
5 82861 79121 0 2 0
5 82861 79121 1 3 0
5 82861 79121 2 4 0
5 82861 7825 0 2 0
5 82861 7825 1 3 0
5 82861 7825 2 4 0
5 82861 81323 0 4 0
5 82861 81323 1 1 0
5 82861 81323 2 2 0
5 82861 53351 0 4 0
5 82861 53351 1 1 0
5 82861 53351 2 2 0
5 82861 19831 0 4 0
5 82861 19831 1 1 0
5 82861 19831 2 2 0
5 82861 48461 0 2 0
5 82861 48461 1 3 0
5 82861 48461 2 4 0
5 82861 22703 0 4 0
5 82861 22703 1 1 0
5 82861 22703 2 2 0
5 82861 41703 0 4 0
5 82861 41703 1 1 0
5 82861 41703 2 2 0
5 82861 73945 0 2 0
5 82861 73945 1 3 0
5 82861 73945 2 4 0
5 82861 61521 0 2 0
5 82861 61521 1 3 0
5 82861 61521 2 4 0
5 82861 62945 0 2 0
5 82861 62945 1 3 0
5 82861 62945 2 4 0
5 82861 30993 0 2 0
5 82861 30993 1 3 0
5 82861 30993 2 4 0
5 82861 23341 0 2 0
5 82861 23341 1 3 0
5 82861 23341 2 4 0
5 82861 76003 0 4 0
5 82861 76003 1 1 0
5 82861 76003 2 2 0
5 82861 43053 0 2 0
5 82861 43053 1 3 0
5 82861 43053 2 4 0
5 82861 69397 0 2 0
5 82861 69397 1 3 0
5 82861 69397 2 4 0
5 82861 11241 0 2 0
5 82861 11241 1 3 0
5 82861 11241 2 4 0
5 82861 1091 0 4 0
5 82861 1091 1 1 0
5 82861 1091 2 2 0
5 82861 64279 0 4 0
5 82861 64279 1 1 0
5 82861 64279 2 2 0
5 82861 59203 0 4 0
5 82861 59203 1 1 0
5 82861 59203 2 2 0
6 82861 25031 0 4 0
6 82861 25031 1 1 0
6 82861 25031 2 2 0
6 82861 25137 0 2 0
6 82861 25137 1 3 0
6 82861 25137 2 4 0
6 82861 25897 0 2 0
6 82861 25897 1 3 0
6 82861 25897 2 4 0
6 82861 64663 0 4 0
6 82861 64663 1 1 0
6 82861 64663 2 2 0
6 82861 3231 0 4 0
6 82861 3231 1 1 0
6 82861 3231 2 2 0
6 82861 11007 0 4 0
6 82861 11007 1 1 0
6 82861 11007 2 2 0
6 82861 76789 0 2 0
6 82861 76789 1 3 0
6 82861 76789 2 4 0
6 82861 47925 0 2 0
6 82861 47925 1 3 0
6 82861 47925 2 4 0
6 82861 79891 0 4 0
6 82861 79891 1 1 0
6 82861 79891 2 2 0
6 82861 79449 0 2 0
6 82861 79449 1 3 0
6 82861 79449 2 4 0
6 82861 77501 0 2 0
6 82861 77501 1 3 0
6 82861 77501 2 4 0
6 82861 41957 0 2 0
6 82861 41957 1 3 0
6 82861 41957 2 4 0
6 82861 28743 0 4 0
6 82861 28743 1 1 0
6 82861 28743 2 2 0
6 82861 66987 0 4 0
6 82861 66987 1 1 0
6 82861 66987 2 2 0
6 82861 3391 0 4 0
6 82861 3391 1 1 0
6 82861 3391 2 2 0
6 82861 33255 0 4 0
6 82861 33255 1 1 0
6 82861 33255 2 2 0
6 82861 57819 0 4 0
6 82861 57819 1 1 0
6 82861 57819 2 2 0
6 82861 20467 0 4 0
6 82861 20467 1 1 0
6 82861 20467 2 2 0
6 82861 2505 0 2 0
6 82861 2505 1 3 0
6 82861 2505 2 4 0
6 82861 72757 0 2 0
6 82861 72757 1 3 0
6 82861 72757 2 4 0
6 82861 18649 0 2 0
6 82861 18649 1 3 0
6 82861 18649 2 4 0
6 82861 39983 0 4 0
6 82861 39983 1 1 0
6 82861 39983 2 2 0
6 82861 3045 0 2 0
6 82861 3045 1 3 0
6 82861 3045 2 4 0
6 82861 36297 0 2 0
6 82861 36297 1 3 0
6 82861 36297 2 4 0
6 82861 6401 0 2 0
6 82861 6401 1 3 0
6 82861 6401 2 4 0
6 82861 40469 0 2 0
6 82861 40469 1 3 0
6 82861 40469 2 4 0
6 82861 25569 0 2 0
6 82861 25569 1 3 0
6 82861 25569 2 4 0
6 82861 12557 0 2 0
6 82861 12557 1 3 0
6 82861 12557 2 4 0
6 82861 78505 0 2 0
6 82861 78505 1 3 0
6 82861 78505 2 4 0
6 82861 12469 0 2 0
6 82861 12469 1 3 0
6 82861 12469 2 4 0
6 82861 43171 0 4 0
6 82861 43171 1 1 0
6 82861 43171 2 2 0
6 82861 47523 0 4 0
6 82861 47523 1 1 0
6 82861 47523 2 2 0
6 82861 17791 0 4 0
6 82861 17791 1 1 0
6 82861 17791 2 2 0
6 82861 18931 0 4 0
6 82861 18931 1 1 0
6 82861 18931 2 2 0
6 82861 56371 0 4 0
6 82861 56371 1 1 0
6 82861 56371 2 2 0
6 82861 50009 0 2 0
6 82861 50009 1 3 0
6 82861 50009 2 4 0
6 82861 65271 0 4 0
6 82861 65271 1 1 0
6 82861 65271 2 2 0
6 82861 68785 0 2 0
6 82861 68785 1 3 0
6 82861 68785 2 4 0
6 82861 60503 0 4 0
6 82861 60503 1 1 0
6 82861 60503 2 2 0
6 82861 47241 0 2 0
6 82861 47241 1 3 0
6 82861 47241 2 4 0
6 82861 41541 0 2 0
6 82861 41541 1 3 0
6 82861 41541 2 4 0
6 82861 11349 0 2 0
6 82861 11349 1 3 0
6 82861 11349 2 4 0
6 82861 9407 0 4 0
6 82861 9407 1 1 0
6 82861 9407 2 2 0
6 82861 72695 0 4 0
6 82861 72695 1 1 0
6 82861 72695 2 2 0
6 82861 40539 0 4 0
6 82861 40539 1 1 0
6 82861 40539 2 2 0
6 82861 56683 0 4 0
6 82861 56683 1 1 0
6 82861 56683 2 2 0
6 82861 58507 0 4 0
6 82861 58507 1 1 0
6 82861 58507 2 2 0
6 82861 13273 0 2 0
6 82861 13273 1 3 0
6 82861 13273 2 4 0
6 82861 79021 0 2 0
6 82861 79021 1 3 0
6 82861 79021 2 4 0
6 82861 38181 0 2 0
6 82861 38181 1 3 0
6 82861 38181 2 4 0
6 82861 61835 0 4 0
6 82861 61835 1 1 0
6 82861 61835 2 2 0
6 82861 2997 0 2 0
6 82861 2997 1 3 0
6 82861 2997 2 4 0
6 82861 63613 0 2 0
6 82861 63613 1 3 0
6 82861 63613 2 4 0
6 82861 24445 0 2 0
6 82861 24445 1 3 0
6 82861 24445 2 4 0
6 82861 44797 0 2 0
6 82861 44797 1 3 0
6 82861 44797 2 4 0
6 82861 66823 0 4 0
6 82861 66823 1 1 0
6 82861 66823 2 2 0
6 82861 871 0 4 0
6 82861 871 1 1 0
6 82861 871 2 2 0
6 82861 46489 0 2 0
6 82861 46489 1 3 0
6 82861 46489 2 4 0
6 82861 24045 0 2 0
6 82861 24045 1 3 0
6 82861 24045 2 4 0
6 82861 53105 0 2 0
6 82861 53105 1 3 0
6 82861 53105 2 4 0
6 82861 59319 0 4 0
6 82861 59319 1 1 0
6 82861 59319 2 2 0
6 82861 26293 0 2 0
6 82861 26293 1 3 0
6 82861 26293 2 4 0
6 82861 80125 0 2 0
6 82861 80125 1 3 0
6 82861 80125 2 4 0
6 82861 40525 0 2 0
6 82861 40525 1 3 0
6 82861 40525 2 4 0
6 82861 13545 0 2 0
6 82861 13545 1 3 0
6 82861 13545 2 4 0
6 82861 67067 0 4 0
6 82861 67067 1 1 0
6 82861 67067 2 2 0
6 82861 46833 0 2 0
6 82861 46833 1 3 0
6 82861 46833 2 4 0
6 82861 19007 0 4 0
6 82861 19007 1 1 0
6 82861 19007 2 2 0
6 82861 33447 0 4 0
6 82861 33447 1 1 0
6 82861 33447 2 2 0
6 82861 49095 0 4 0
6 82861 49095 1 1 0
6 82861 49095 2 2 0
6 82861 35689 0 2 0
6 82861 35689 1 3 0
6 82861 35689 2 4 0
6 82861 16801 0 2 0
6 82861 16801 1 3 0
6 82861 16801 2 4 0
6 82861 28923 0 4 0
6 82861 28923 1 1 0
6 82861 28923 2 2 0
6 82861 40287 0 4 0
6 82861 40287 1 1 0
6 82861 40287 2 2 0
6 82861 38387 0 4 0
6 82861 38387 1 1 0
6 82861 38387 2 2 0
6 82861 61501 0 2 0
6 82861 61501 1 3 0
6 82861 61501 2 4 0
6 82861 62589 0 2 0
6 82861 62589 1 3 0
6 82861 62589 2 4 0
6 82861 66363 0 4 0
6 82861 66363 1 1 0
6 82861 66363 2 2 0
6 82861 73265 0 2 0
6 82861 73265 1 3 0
6 82861 73265 2 4 0
6 82861 6681 0 2 0
6 82861 6681 1 3 0
6 82861 6681 2 4 0
6 82861 10297 0 2 0
6 82861 10297 1 3 0
6 82861 10297 2 4 0
6 82861 72729 0 2 0
6 82861 72729 1 3 0
6 82861 72729 2 4 0
6 82861 42841 0 2 0
6 82861 42841 1 3 0
6 82861 42841 2 4 0
6 82861 56561 0 2 0
6 82861 56561 1 3 0
6 82861 56561 2 4 0
6 82861 66077 0 2 0
6 82861 66077 1 3 0
6 82861 66077 2 4 0
6 82861 80081 0 2 0
6 82861 80081 1 3 0
6 82861 80081 2 4 0
6 82861 63039 0 4 0
6 82861 63039 1 1 0
6 82861 63039 2 2 0
6 82861 34127 0 4 0
6 82861 34127 1 1 0
6 82861 34127 2 2 0
6 82861 54691 0 4 0
6 82861 54691 1 1 0
6 82861 54691 2 2 0
6 82861 20117 0 2 0
6 82861 20117 1 3 0
6 82861 20117 2 4 0
6 82861 66107 0 4 0
6 82861 66107 1 1 0
6 82861 66107 2 2 0
6 82861 81163 0 4 0
6 82861 81163 1 1 0
6 82861 81163 2 2 0
6 82861 77199 0 4 0
6 82861 77199 1 1 0
6 82861 77199 2 2 0
6 82861 71159 0 4 0
6 82861 71159 1 1 0
6 82861 71159 2 2 0
6 82861 24669 0 2 0
6 82861 24669 1 3 0
6 82861 24669 2 4 0
6 82861 45069 0 2 0
6 82861 45069 1 3 0
6 82861 45069 2 4 0
6 82861 63617 0 2 0
6 82861 63617 1 3 0
6 82861 63617 2 4 0
6 82861 36067 0 4 0
6 82861 36067 1 1 0
6 82861 36067 2 2 0
6 82861 6301 0 2 0
6 82861 6301 1 3 0
6 82861 6301 2 4 0
6 82861 52349 0 2 0
6 82861 52349 1 3 0
6 82861 52349 2 4 0
6 82861 20011 0 4 0
6 82861 20011 1 1 0
6 82861 20011 2 2 0
6 82861 3563 0 4 0
6 82861 3563 1 1 0
6 82861 3563 2 2 0
6 82861 34041 0 2 0
6 82861 34041 1 3 0
6 82861 34041 2 4 0
6 82861 68219 0 4 0
6 82861 68219 1 1 0
6 82861 68219 2 2 0
6 82861 74829 0 2 0
6 82861 74829 1 3 0
6 82861 74829 2 4 0
6 82861 24661 0 2 0
6 82861 24661 1 3 0
6 82861 24661 2 4 0
6 82861 71421 0 2 0
6 82861 71421 1 3 0
6 82861 71421 2 4 0
6 82861 27657 0 2 0
6 82861 27657 1 3 0
6 82861 27657 2 4 0
6 82861 61751 0 4 0
6 82861 61751 1 1 0
6 82861 61751 2 2 0
6 82861 60279 0 4 0
6 82861 60279 1 1 0
6 82861 60279 2 2 0
6 82861 65969 0 2 0
6 82861 65969 1 3 0
6 82861 65969 2 4 0
6 82861 49495 0 4 0
6 82861 49495 1 1 0
6 82861 49495 2 2 0
6 82861 77499 0 4 0
6 82861 77499 1 1 0
6 82861 77499 2 2 0
6 82861 31183 0 4 0
6 82861 31183 1 1 0
6 82861 31183 2 2 0
6 82861 4239 0 4 0
6 82861 4239 1 1 0
6 82861 4239 2 2 0
6 82861 49685 0 2 0
6 82861 49685 1 3 0
6 82861 49685 2 4 0
6 82861 40145 0 2 0
6 82861 40145 1 3 0
6 82861 40145 2 4 0
6 82861 25227 0 4 0
6 82861 25227 1 1 0
6 82861 25227 2 2 0
6 82861 58533 0 2 0
6 82861 58533 1 3 0
6 82861 58533 2 4 0
6 82861 16743 0 4 0
6 82861 16743 1 1 0
6 82861 16743 2 2 0
6 82861 38529 0 2 0
6 82861 38529 1 3 0
6 82861 38529 2 4 0
6 82861 24531 0 4 0
6 82861 24531 1 1 0
6 82861 24531 2 2 0
6 82861 25657 0 2 0
6 82861 25657 1 3 0
6 82861 25657 2 4 0
6 82861 45891 0 4 0
6 82861 45891 1 1 0
6 82861 45891 2 2 0
6 82861 73797 0 2 0
6 82861 73797 1 3 0
6 82861 73797 2 4 0
6 82861 37991 0 4 0
6 82861 37991 1 1 0
6 82861 37991 2 2 0
6 82861 61009 0 2 0
6 82861 61009 1 3 0
6 82861 61009 2 4 0
6 82861 42893 0 2 0
6 82861 42893 1 3 0
6 82861 42893 2 4 0
6 82861 12481 0 2 0
6 82861 12481 1 3 0
6 82861 12481 2 4 0
6 82861 37921 0 2 0
6 82861 37921 1 3 0
6 82861 37921 2 4 0
6 82861 66629 0 2 0
6 82861 66629 1 3 0
6 82861 66629 2 4 0
6 82861 17117 0 2 0
6 82861 17117 1 3 0
6 82861 17117 2 4 0
6 82861 74367 0 4 0
6 82861 74367 1 1 0
6 82861 74367 2 2 0
6 82861 10075 0 4 0
6 82861 10075 1 1 0
6 82861 10075 2 2 0
6 82861 23989 0 2 0
6 82861 23989 1 3 0
6 82861 23989 2 4 0
6 82861 30325 0 2 0
6 82861 30325 1 3 0
6 82861 30325 2 4 0
6 82861 3715 0 4 0
6 82861 3715 1 1 0
6 82861 3715 2 2 0
6 82861 17211 0 4 0
6 82861 17211 1 1 0
6 82861 17211 2 2 0
6 82861 49591 0 4 0
6 82861 49591 1 1 0
6 82861 49591 2 2 0
6 82861 13571 0 4 0
6 82861 13571 1 1 0
6 82861 13571 2 2 0
6 82861 64835 0 4 0
6 82861 64835 1 1 0
6 82861 64835 2 2 0
6 82861 81171 0 4 0
6 82861 81171 1 1 0
6 82861 81171 2 2 0
6 82861 20145 0 2 0
6 82861 20145 1 3 0
6 82861 20145 2 4 0
6 82861 4719 0 4 0
6 82861 4719 1 1 0
6 82861 4719 2 2 0
6 82861 27917 0 2 0
6 82861 27917 1 3 0
6 82861 27917 2 4 0
6 82861 79989 0 2 0
6 82861 79989 1 3 0
6 82861 79989 2 4 0
6 82861 51149 0 2 0
6 82861 51149 1 3 0
6 82861 51149 2 4 0
6 82861 49345 0 2 0
6 82861 49345 1 3 0
6 82861 49345 2 4 0
6 82861 43647 0 4 0
6 82861 43647 1 1 0
6 82861 43647 2 2 0
6 82861 14459 0 4 0
6 82861 14459 1 1 0
6 82861 14459 2 2 0
6 82861 32781 0 2 0
6 82861 32781 1 3 0
6 82861 32781 2 4 0
6 82861 61447 0 4 0
6 82861 61447 1 1 0
6 82861 61447 2 2 0
6 82861 41819 0 4 0
6 82861 41819 1 1 0
6 82861 41819 2 2 0
6 82861 40211 0 4 0
6 82861 40211 1 1 0
6 82861 40211 2 2 0
6 82861 5325 0 2 0
6 82861 5325 1 3 0
6 82861 5325 2 4 0
6 82861 41613 0 2 0
6 82861 41613 1 3 0
6 82861 41613 2 4 0
6 82861 68951 0 4 0
6 82861 68951 1 1 0
6 82861 68951 2 2 0
6 82861 53795 0 4 0
6 82861 53795 1 1 0
6 82861 53795 2 2 0
6 82861 65097 0 2 0
6 82861 65097 1 3 0
6 82861 65097 2 4 0
6 82861 29401 0 2 0
6 82861 29401 1 3 0
6 82861 29401 2 4 0
6 82861 1683 0 4 0
6 82861 1683 1 1 0
6 82861 1683 2 2 0
6 82861 81033 0 2 0
6 82861 81033 1 3 0
6 82861 81033 2 4 0
6 82861 55893 0 2 0
6 82861 55893 1 3 0
6 82861 55893 2 4 0
6 82861 38837 0 2 0
6 82861 38837 1 3 0
6 82861 38837 2 4 0
6 82861 23663 0 4 0
6 82861 23663 1 1 0
6 82861 23663 2 2 0
6 82861 33419 0 4 0
6 82861 33419 1 1 0
6 82861 33419 2 2 0
6 82861 66257 0 2 0
6 82861 66257 1 3 0
6 82861 66257 2 4 0
6 82861 18211 0 4 0
6 82861 18211 1 1 0
6 82861 18211 2 2 0
6 82861 42939 0 4 0
6 82861 42939 1 1 0
6 82861 42939 2 2 0
6 82861 33197 0 2 0
6 82861 33197 1 3 0
6 82861 33197 2 4 0
6 82861 39583 0 4 0
6 82861 39583 1 1 0
6 82861 39583 2 2 0
6 82861 54797 0 2 0
6 82861 54797 1 3 0
6 82861 54797 2 4 0
6 82861 1853 0 2 0
6 82861 1853 1 3 0
6 82861 1853 2 4 0
6 82861 9509 0 2 0
6 82861 9509 1 3 0
6 82861 9509 2 4 0
6 82861 33343 0 4 0
6 82861 33343 1 1 0
6 82861 33343 2 2 0
6 82861 67093 0 2 0
6 82861 67093 1 3 0
6 82861 67093 2 4 0
6 82861 8249 0 2 0
6 82861 8249 1 3 0
6 82861 8249 2 4 0
6 82861 31623 0 4 0
6 82861 31623 1 1 0
6 82861 31623 2 2 0
6 82861 22929 0 2 0
6 82861 22929 1 3 0
6 82861 22929 2 4 0
6 82861 77643 0 4 0
6 82861 77643 1 1 0
6 82861 77643 2 2 0
6 82861 69867 0 4 0
6 82861 69867 1 1 0
6 82861 69867 2 2 0
6 82861 14865 0 2 0
6 82861 14865 1 3 0
6 82861 14865 2 4 0
6 82861 69251 0 4 0
6 82861 69251 1 1 0
6 82861 69251 2 2 0
6 82861 39945 0 2 0
6 82861 39945 1 3 0
6 82861 39945 2 4 0
6 82861 10889 0 2 0
6 82861 10889 1 3 0
6 82861 10889 2 4 0
6 82861 32965 0 2 0
6 82861 32965 1 3 0
6 82861 32965 2 4 0
6 82861 52951 0 4 0
6 82861 52951 1 1 0
6 82861 52951 2 2 0
6 82861 41669 0 2 0
6 82861 41669 1 3 0
6 82861 41669 2 4 0
6 82861 4103 0 4 0
6 82861 4103 1 1 0
6 82861 4103 2 2 0
6 82861 80931 0 4 0
6 82861 80931 1 1 0
6 82861 80931 2 2 0
6 82861 12775 0 4 0
6 82861 12775 1 1 0
6 82861 12775 2 2 0
6 82861 17271 0 4 0
6 82861 17271 1 1 0
6 82861 17271 2 2 0
6 82861 19665 0 2 0
6 82861 19665 1 3 0
6 82861 19665 2 4 0
6 82861 42589 0 2 0
6 82861 42589 1 3 0
6 82861 42589 2 4 0
6 82861 54989 0 2 0
6 82861 54989 1 3 0
6 82861 54989 2 4 0
6 82861 56519 0 4 0
6 82861 56519 1 1 0
6 82861 56519 2 2 0
6 82861 67891 0 4 0
6 82861 67891 1 1 0
6 82861 67891 2 2 0
6 82861 70447 0 4 0
6 82861 70447 1 1 0
6 82861 70447 2 2 0
6 82861 1929 0 2 0
6 82861 1929 1 3 0
6 82861 1929 2 4 0
6 82861 57869 0 2 0
6 82861 57869 1 3 0
6 82861 57869 2 4 0
6 82861 74793 0 2 0
6 82861 74793 1 3 0
6 82861 74793 2 4 0
6 82861 14769 0 2 0
6 82861 14769 1 3 0
6 82861 14769 2 4 0
6 82861 1877 0 2 0
6 82861 1877 1 3 0
6 82861 1877 2 4 0
6 82861 54957 0 2 0
6 82861 54957 1 3 0
6 82861 54957 2 4 0
6 82861 39299 0 4 0
6 82861 39299 1 1 0
6 82861 39299 2 2 0
6 82861 60517 0 2 0
6 82861 60517 1 3 0
6 82861 60517 2 4 0
6 82861 69955 0 4 0
6 82861 69955 1 1 0
6 82861 69955 2 2 0
6 82861 5435 0 4 0
6 82861 5435 1 1 0
6 82861 5435 2 2 0
6 82861 47551 0 4 0
6 82861 47551 1 1 0
6 82861 47551 2 2 0
6 82861 74299 0 4 0
6 82861 74299 1 1 0
6 82861 74299 2 2 0
6 82861 18827 0 4 0
6 82861 18827 1 1 0
6 82861 18827 2 2 0
6 82861 70671 0 4 0
6 82861 70671 1 1 0
6 82861 70671 2 2 0
6 82861 19965 0 2 0
6 82861 19965 1 3 0
6 82861 19965 2 4 0
6 82861 39285 0 2 0
6 82861 39285 1 3 0
6 82861 39285 2 4 0
6 82861 29881 0 2 0
6 82861 29881 1 3 0
6 82861 29881 2 4 0
6 82861 28239 0 4 0
6 82861 28239 1 1 0
6 82861 28239 2 2 0
6 82861 65537 0 2 0
6 82861 65537 1 3 0
6 82861 65537 2 4 0
6 82861 30297 0 2 0
6 82861 30297 1 3 0
6 82861 30297 2 4 0
6 82861 65803 0 4 0
6 82861 65803 1 1 0
6 82861 65803 2 2 0
6 82861 19073 0 2 0
6 82861 19073 1 3 0
6 82861 19073 2 4 0
6 82861 13911 0 4 0
6 82861 13911 1 1 0
6 82861 13911 2 2 0
6 82861 21785 0 2 0
6 82861 21785 1 3 0
6 82861 21785 2 4 0
6 82861 30171 0 4 0
6 82861 30171 1 1 0
6 82861 30171 2 2 0
6 82861 46249 0 2 0
6 82861 46249 1 3 0
6 82861 46249 2 4 0
6 82861 74821 0 2 0
6 82861 74821 1 3 0
6 82861 74821 2 4 0
6 82861 65705 0 2 0
6 82861 65705 1 3 0
6 82861 65705 2 4 0
6 82861 4579 0 4 0
6 82861 4579 1 1 0
6 82861 4579 2 2 0
6 82861 37261 0 2 0
6 82861 37261 1 3 0
6 82861 37261 2 4 0
6 82861 14731 0 4 0
6 82861 14731 1 1 0
6 82861 14731 2 2 0
6 82861 611 0 4 0
6 82861 611 1 1 0
6 82861 611 2 2 0
6 82861 48143 0 4 0
6 82861 48143 1 1 0
6 82861 48143 2 2 0
6 82861 8601 0 2 0
6 82861 8601 1 3 0
6 82861 8601 2 4 0
6 82861 43527 0 4 0
6 82861 43527 1 1 0
6 82861 43527 2 2 0
6 82861 11879 0 4 0
6 82861 11879 1 1 0
6 82861 11879 2 2 0
6 82861 66637 0 2 0
6 82861 66637 1 3 0
6 82861 66637 2 4 0
6 82861 66021 0 2 0
6 82861 66021 1 3 0
6 82861 66021 2 4 0
6 82861 8491 0 4 0
6 82861 8491 1 1 0
6 82861 8491 2 2 0
6 82861 71477 0 2 0
6 82861 71477 1 3 0
6 82861 71477 2 4 0
6 82861 57361 0 2 0
6 82861 57361 1 3 0
6 82861 57361 2 4 0
6 82861 34901 0 2 0
6 82861 34901 1 3 0
6 82861 34901 2 4 0
6 82861 60843 0 4 0
6 82861 60843 1 1 0
6 82861 60843 2 2 0
6 82861 56527 0 4 0
6 82861 56527 1 1 0
6 82861 56527 2 2 0
6 82861 51311 0 4 0
6 82861 51311 1 1 0
6 82861 51311 2 2 0
6 82861 68103 0 4 0
6 82861 68103 1 1 0
6 82861 68103 2 2 0
6 82861 6987 0 4 0
6 82861 6987 1 1 0
6 82861 6987 2 2 0
6 82861 81123 0 4 0
6 82861 81123 1 1 0
6 82861 81123 2 2 0
6 82861 68269 0 2 0
6 82861 68269 1 3 0
6 82861 68269 2 4 0
6 82861 71457 0 2 0
6 82861 71457 1 3 0
6 82861 71457 2 4 0
6 82861 19707 0 4 0
6 82861 19707 1 1 0
6 82861 19707 2 2 0
6 82861 23621 0 2 0
6 82861 23621 1 3 0
6 82861 23621 2 4 0
6 82861 81479 0 4 0
6 82861 81479 1 1 0
6 82861 81479 2 2 0
6 82861 61539 0 4 0
6 82861 61539 1 1 0
6 82861 61539 2 2 0
6 82861 60595 0 4 0
6 82861 60595 1 1 0
6 82861 60595 2 2 0
6 82861 49407 0 4 0
6 82861 49407 1 1 0
6 82861 49407 2 2 0
6 82861 48573 0 2 0
6 82861 48573 1 3 0
6 82861 48573 2 4 0
6 82861 79243 0 4 0
6 82861 79243 1 1 0
6 82861 79243 2 2 0
6 82861 2221 0 2 0
6 82861 2221 1 3 0
6 82861 2221 2 4 0
6 82861 10603 0 4 0
6 82861 10603 1 1 0
6 82861 10603 2 2 0
6 82861 44557 0 2 0
6 82861 44557 1 3 0
6 82861 44557 2 4 0
6 82861 43157 0 2 0
6 82861 43157 1 3 0
6 82861 43157 2 4 0
6 82861 46377 0 2 0
6 82861 46377 1 3 0
6 82861 46377 2 4 0
6 82861 43513 0 2 0
6 82861 43513 1 3 0
6 82861 43513 2 4 0
6 82861 65351 0 4 0
6 82861 65351 1 1 0
6 82861 65351 2 2 0
6 82861 25131 0 4 0
6 82861 25131 1 1 0
6 82861 25131 2 2 0
6 82861 67969 0 2 0
6 82861 67969 1 3 0
6 82861 67969 2 4 0
6 82861 47017 0 2 0
6 82861 47017 1 3 0
6 82861 47017 2 4 0
6 82861 81105 0 2 0
6 82861 81105 1 3 0
6 82861 81105 2 4 0
6 82861 74613 0 2 0
6 82861 74613 1 3 0
6 82861 74613 2 4 0
6 82861 25775 0 4 0
6 82861 25775 1 1 0
6 82861 25775 2 2 0
6 82861 35521 0 2 0
6 82861 35521 1 3 0
6 82861 35521 2 4 0
6 82861 36231 0 4 0
6 82861 36231 1 1 0
6 82861 36231 2 2 0
6 82861 22451 0 4 0
6 82861 22451 1 1 0
6 82861 22451 2 2 0
6 82861 12729 0 2 0
6 82861 12729 1 3 0
6 82861 12729 2 4 0
6 82861 26109 0 2 0
6 82861 26109 1 3 0
6 82861 26109 2 4 0
6 82861 9021 0 2 0
6 82861 9021 1 3 0
6 82861 9021 2 4 0
6 82861 53493 0 2 0
6 82861 53493 1 3 0
6 82861 53493 2 4 0
6 82861 48989 0 2 0
6 82861 48989 1 3 0
6 82861 48989 2 4 0
6 82861 21273 0 2 0
6 82861 21273 1 3 0
6 82861 21273 2 4 0
6 82861 11423 0 4 0
6 82861 11423 1 1 0
6 82861 11423 2 2 0
6 82861 61897 0 2 0
6 82861 61897 1 3 0
6 82861 61897 2 4 0
6 82861 68491 0 4 0
6 82861 68491 1 1 0
6 82861 68491 2 2 0
6 82861 11747 0 4 0
6 82861 11747 1 1 0
6 82861 11747 2 2 0
6 82861 64659 0 4 0
6 82861 64659 1 1 0
6 82861 64659 2 2 0
6 82861 81565 0 2 0
6 82861 81565 1 3 0
6 82861 81565 2 4 0
6 82861 34289 0 2 0
6 82861 34289 1 3 0
6 82861 34289 2 4 0
6 82861 13525 0 2 0
6 82861 13525 1 3 0
6 82861 13525 2 4 0
6 82861 30747 0 4 0
6 82861 30747 1 1 0
6 82861 30747 2 2 0
6 82861 7853 0 2 0
6 82861 7853 1 3 0
6 82861 7853 2 4 0
6 82861 9723 0 4 0
6 82861 9723 1 1 0
6 82861 9723 2 2 0
6 82861 3763 0 4 0
6 82861 3763 1 1 0
6 82861 3763 2 2 0
6 82861 68147 0 4 0
6 82861 68147 1 1 0
6 82861 68147 2 2 0
6 82861 61377 0 2 0
6 82861 61377 1 3 0
6 82861 61377 2 4 0
6 82861 44821 0 2 0
6 82861 44821 1 3 0
6 82861 44821 2 4 0
6 82861 20785 0 2 0
6 82861 20785 1 3 0
6 82861 20785 2 4 0
6 82861 70085 0 2 0
6 82861 70085 1 3 0
6 82861 70085 2 4 0
6 82861 45393 0 2 0
6 82861 45393 1 3 0
6 82861 45393 2 4 0
6 82861 8565 0 2 0
6 82861 8565 1 3 0
6 82861 8565 2 4 0
6 82861 69033 0 2 0
6 82861 69033 1 3 0
6 82861 69033 2 4 0
6 82861 79729 0 2 0
6 82861 79729 1 3 0
6 82861 79729 2 4 0
6 82861 53425 0 2 0
6 82861 53425 1 3 0
6 82861 53425 2 4 0
6 82861 38899 0 4 0
6 82861 38899 1 1 0
6 82861 38899 2 2 0
6 82861 65889 0 2 0
6 82861 65889 1 3 0
6 82861 65889 2 4 0
6 82861 63945 0 2 0
6 82861 63945 1 3 0
6 82861 63945 2 4 0
6 82861 44403 0 4 0
6 82861 44403 1 1 0
6 82861 44403 2 2 0
6 82861 18669 0 2 0
6 82861 18669 1 3 0
6 82861 18669 2 4 0
6 82861 26643 0 4 0
6 82861 26643 1 1 0
6 82861 26643 2 2 0
6 82861 52727 0 4 0
6 82861 52727 1 1 0
6 82861 52727 2 2 0
6 82861 16219 0 4 0
6 82861 16219 1 1 0
6 82861 16219 2 2 0
6 82861 28469 0 2 0
6 82861 28469 1 3 0
6 82861 28469 2 4 0
6 82861 45447 0 4 0
6 82861 45447 1 1 0
6 82861 45447 2 2 0
6 82861 58549 0 2 0
6 82861 58549 1 3 0
6 82861 58549 2 4 0
6 82861 34191 0 4 0
6 82861 34191 1 1 0
6 82861 34191 2 2 0
6 82861 50401 0 2 0
6 82861 50401 1 3 0
6 82861 50401 2 4 0
6 82861 10307 0 4 0
6 82861 10307 1 1 0
6 82861 10307 2 2 0
6 82861 79777 0 2 0
6 82861 79777 1 3 0
6 82861 79777 2 4 0
6 82861 42623 0 4 0
6 82861 42623 1 1 0
6 82861 42623 2 2 0
6 82861 74945 0 2 0
6 82861 74945 1 3 0
6 82861 74945 2 4 0
6 82861 70703 0 4 0
6 82861 70703 1 1 0
6 82861 70703 2 2 0
6 82861 39733 0 2 0
6 82861 39733 1 3 0
6 82861 39733 2 4 0
6 82861 15397 0 2 0
6 82861 15397 1 3 0
6 82861 15397 2 4 0
6 82861 35785 0 2 0
6 82861 35785 1 3 0
6 82861 35785 2 4 0
6 82861 41285 0 2 0
6 82861 41285 1 3 0
6 82861 41285 2 4 0
6 82861 49147 0 4 0
6 82861 49147 1 1 0
6 82861 49147 2 2 0
6 82861 76411 0 4 0
6 82861 76411 1 1 0
6 82861 76411 2 2 0
6 82861 11805 0 2 0
6 82861 11805 1 3 0
6 82861 11805 2 4 0
6 82861 28003 0 4 0
6 82861 28003 1 1 0
6 82861 28003 2 2 0
6 82861 16585 0 2 0
6 82861 16585 1 3 0
6 82861 16585 2 4 0
6 82861 23015 0 4 0
6 82861 23015 1 1 0
6 82861 23015 2 2 0
6 82861 31887 0 4 0
6 82861 31887 1 1 0
6 82861 31887 2 2 0
6 82861 44531 0 4 0
6 82861 44531 1 1 0
6 82861 44531 2 2 0
6 82861 55037 0 2 0
6 82861 55037 1 3 0
6 82861 55037 2 4 0
6 82861 10625 0 2 0
6 82861 10625 1 3 0
6 82861 10625 2 4 0
6 82861 51707 0 4 0
6 82861 51707 1 1 0
6 82861 51707 2 2 0
6 82861 73693 0 2 0
6 82861 73693 1 3 0
6 82861 73693 2 4 0
6 82861 4949 0 2 0
6 82861 4949 1 3 0
6 82861 4949 2 4 0
6 82861 40491 0 4 0
6 82861 40491 1 1 0
6 82861 40491 2 2 0
6 82861 50815 0 4 0
6 82861 50815 1 1 0
6 82861 50815 2 2 0
6 82861 8121 0 2 0
6 82861 8121 1 3 0
6 82861 8121 2 4 0
6 82861 66341 0 2 0
6 82861 66341 1 3 0
6 82861 66341 2 4 0
6 82861 70471 0 4 0
6 82861 70471 1 1 0
6 82861 70471 2 2 0
6 82861 60633 0 2 0
6 82861 60633 1 3 0
6 82861 60633 2 4 0
6 82861 71343 0 4 0
6 82861 71343 1 1 0
6 82861 71343 2 2 0
6 82861 67409 0 2 0
6 82861 67409 1 3 0
6 82861 67409 2 4 0
6 82861 43009 0 2 0
6 82861 43009 1 3 0
6 82861 43009 2 4 0
6 82861 2197 0 2 0
6 82861 2197 1 3 0
6 82861 2197 2 4 0
6 82861 63005 0 2 0
6 82861 63005 1 3 0
6 82861 63005 2 4 0
6 82861 22743 0 4 0
6 82861 22743 1 1 0
6 82861 22743 2 2 0
6 82861 31479 0 4 0
6 82861 31479 1 1 0
6 82861 31479 2 2 0
6 82861 18691 0 4 0
6 82861 18691 1 1 0
6 82861 18691 2 2 0
6 82861 33499 0 4 0
6 82861 33499 1 1 0
6 82861 33499 2 2 0
6 82861 36927 0 4 0
6 82861 36927 1 1 0
6 82861 36927 2 2 0
6 82861 4177 0 2 0
6 82861 4177 1 3 0
6 82861 4177 2 4 0
6 82861 59333 0 2 0
6 82861 59333 1 3 0
6 82861 59333 2 4 0
6 82861 31771 0 4 0
6 82861 31771 1 1 0
6 82861 31771 2 2 0
6 82861 14937 0 2 0
6 82861 14937 1 3 0
6 82861 14937 2 4 0
6 82861 48013 0 2 0
6 82861 48013 1 3 0
6 82861 48013 2 4 0
6 82861 14383 0 4 0
6 82861 14383 1 1 0
6 82861 14383 2 2 0
6 82861 1473 0 2 0
6 82861 1473 1 3 0
6 82861 1473 2 4 0
6 82861 72825 0 2 0
6 82861 72825 1 3 0
6 82861 72825 2 4 0
6 82861 66405 0 2 0
6 82861 66405 1 3 0
6 82861 66405 2 4 0
6 82861 71363 0 4 0
6 82861 71363 1 1 0
6 82861 71363 2 2 0
6 82861 38005 0 2 0
6 82861 38005 1 3 0
6 82861 38005 2 4 0
6 82861 75245 0 2 0
6 82861 75245 1 3 0
6 82861 75245 2 4 0
6 82861 1015 0 4 0
6 82861 1015 1 1 0
6 82861 1015 2 2 0
6 82861 19507 0 4 0
6 82861 19507 1 1 0
6 82861 19507 2 2 0
6 82861 69203 0 4 0
6 82861 69203 1 1 0
6 82861 69203 2 2 0
6 82861 15 0 4 0
6 82861 15 1 1 0
6 82861 15 2 2 0
6 82861 19751 0 4 0
6 82861 19751 1 1 0
6 82861 19751 2 2 0
6 82861 35609 0 2 0
6 82861 35609 1 3 0
6 82861 35609 2 4 0
6 82861 55659 0 4 0
6 82861 55659 1 1 0
6 82861 55659 2 2 0
6 82861 80531 0 4 0
6 82861 80531 1 1 0
6 82861 80531 2 2 0
6 82861 8755 0 4 0
6 82861 8755 1 1 0
6 82861 8755 2 2 0
6 82861 20555 0 4 0
6 82861 20555 1 1 0
6 82861 20555 2 2 0
6 82861 16797 0 2 0
6 82861 16797 1 3 0
6 82861 16797 2 4 0
6 82861 52161 0 2 0
6 82861 52161 1 3 0
6 82861 52161 2 4 0
6 82861 40931 0 4 0
6 82861 40931 1 1 0
6 82861 40931 2 2 0
6 82861 44839 0 4 0
6 82861 44839 1 1 0
6 82861 44839 2 2 0
6 82861 22633 0 2 0
6 82861 22633 1 3 0
6 82861 22633 2 4 0
6 82861 55315 0 4 0
6 82861 55315 1 1 0
6 82861 55315 2 2 0
6 82861 46867 0 4 0
6 82861 46867 1 1 0
6 82861 46867 2 2 0
6 82861 53075 0 4 0
6 82861 53075 1 1 0
6 82861 53075 2 2 0
6 82861 23303 0 4 0
6 82861 23303 1 1 0
6 82861 23303 2 2 0
6 82861 15809 0 2 0
6 82861 15809 1 3 0
6 82861 15809 2 4 0
6 82861 8523 0 4 0
6 82861 8523 1 1 0
6 82861 8523 2 2 0
6 82861 16213 0 2 0
6 82861 16213 1 3 0
6 82861 16213 2 4 0
6 82861 21861 0 2 0
6 82861 21861 1 3 0
6 82861 21861 2 4 0
6 82861 76125 0 2 0
6 82861 76125 1 3 0
6 82861 76125 2 4 0
6 82861 24349 0 2 0
6 82861 24349 1 3 0
6 82861 24349 2 4 0
6 82861 5991 0 4 0
6 82861 5991 1 1 0
6 82861 5991 2 2 0
6 82861 37873 0 2 0
6 82861 37873 1 3 0
6 82861 37873 2 4 0
6 82861 2915 0 4 0
6 82861 2915 1 1 0
6 82861 2915 2 2 0
6 82861 74381 0 2 0
6 82861 74381 1 3 0
6 82861 74381 2 4 0
6 82861 3857 0 2 0
6 82861 3857 1 3 0
6 82861 3857 2 4 0
6 82861 4007 0 4 0
6 82861 4007 1 1 0
6 82861 4007 2 2 0
6 82861 81715 0 4 0
6 82861 81715 1 1 0
6 82861 81715 2 2 0
6 82861 68985 0 2 0
6 82861 68985 1 3 0
6 82861 68985 2 4 0
6 82861 50395 0 4 0
6 82861 50395 1 1 0
6 82861 50395 2 2 0
6 82861 27475 0 4 0
6 82861 27475 1 1 0
6 82861 27475 2 2 0
6 82861 40907 0 4 0
6 82861 40907 1 1 0
6 82861 40907 2 2 0
6 82861 53597 0 2 0
6 82861 53597 1 3 0
6 82861 53597 2 4 0
6 82861 44147 0 4 0
6 82861 44147 1 1 0
6 82861 44147 2 2 0
6 82861 17269 0 2 0
6 82861 17269 1 3 0
6 82861 17269 2 4 0
6 82861 46231 0 4 0
6 82861 46231 1 1 0
6 82861 46231 2 2 0
6 82861 69215 0 4 0
6 82861 69215 1 1 0
6 82861 69215 2 2 0
6 82861 66833 0 2 0
6 82861 66833 1 3 0
6 82861 66833 2 4 0
6 82861 44741 0 2 0
6 82861 44741 1 3 0
6 82861 44741 2 4 0
6 82861 56799 0 4 0
6 82861 56799 1 1 0
6 82861 56799 2 2 0
6 82861 73879 0 4 0
6 82861 73879 1 1 0
6 82861 73879 2 2 0
6 82861 34271 0 4 0
6 82861 34271 1 1 0
6 82861 34271 2 2 0
6 82861 74901 0 2 0
6 82861 74901 1 3 0
6 82861 74901 2 4 0
6 82861 76169 0 2 0
6 82861 76169 1 3 0
6 82861 76169 2 4 0
6 82861 5105 0 2 0
6 82861 5105 1 3 0
6 82861 5105 2 4 0
6 82861 73975 0 4 0
6 82861 73975 1 1 0
6 82861 73975 2 2 0
6 82861 65273 0 2 0
6 82861 65273 1 3 0
6 82861 65273 2 4 0
6 82861 51039 0 4 0
6 82861 51039 1 1 0
6 82861 51039 2 2 0
6 82861 34257 0 2 0
6 82861 34257 1 3 0
6 82861 34257 2 4 0
6 82861 55853 0 2 0
6 82861 55853 1 3 0
6 82861 55853 2 4 0
6 82861 36403 0 4 0
6 82861 36403 1 1 0
6 82861 36403 2 2 0
6 82861 49843 0 4 0
6 82861 49843 1 1 0
6 82861 49843 2 2 0
6 82861 38435 0 4 0
6 82861 38435 1 1 0
6 82861 38435 2 2 0
6 82861 76307 0 4 0
6 82861 76307 1 1 0
6 82861 76307 2 2 0
6 82861 19253 0 2 0
6 82861 19253 1 3 0
6 82861 19253 2 4 0
6 82861 62791 0 4 0
6 82861 62791 1 1 0
6 82861 62791 2 2 0
6 82861 42289 0 2 0
6 82861 42289 1 3 0
6 82861 42289 2 4 0
6 82861 72859 0 4 0
6 82861 72859 1 1 0
6 82861 72859 2 2 0
6 82861 64851 0 4 0
6 82861 64851 1 1 0
6 82861 64851 2 2 0
6 82861 19779 0 4 0
6 82861 19779 1 1 0
6 82861 19779 2 2 0
6 82861 76393 0 2 0
6 82861 76393 1 3 0
6 82861 76393 2 4 0
6 82861 50977 0 2 0
6 82861 50977 1 3 0
6 82861 50977 2 4 0
6 82861 61181 0 2 0
6 82861 61181 1 3 0
6 82861 61181 2 4 0
6 82861 76597 0 2 0
6 82861 76597 1 3 0
6 82861 76597 2 4 0
6 82861 50657 0 2 0
6 82861 50657 1 3 0
6 82861 50657 2 4 0
6 82861 53077 0 2 0
6 82861 53077 1 3 0
6 82861 53077 2 4 0
6 82861 73027 0 4 0
6 82861 73027 1 1 0
6 82861 73027 2 2 0
6 82861 80011 0 4 0
6 82861 80011 1 1 0
6 82861 80011 2 2 0
6 82861 70787 0 4 0
6 82861 70787 1 1 0
6 82861 70787 2 2 0
6 82861 5585 0 2 0
6 82861 5585 1 3 0
6 82861 5585 2 4 0
6 82861 64315 0 4 0
6 82861 64315 1 1 0
6 82861 64315 2 2 0
6 82861 57369 0 2 0
6 82861 57369 1 3 0
6 82861 57369 2 4 0
6 82861 75615 0 4 0
6 82861 75615 1 1 0
6 82861 75615 2 2 0
6 82861 3299 0 4 0
6 82861 3299 1 1 0
6 82861 3299 2 2 0
6 82861 76659 0 4 0
6 82861 76659 1 1 0
6 82861 76659 2 2 0
6 82861 52807 0 4 0
6 82861 52807 1 1 0
6 82861 52807 2 2 0
6 82861 15315 0 4 0
6 82861 15315 1 1 0
6 82861 15315 2 2 0
6 82861 47783 0 4 0
6 82861 47783 1 1 0
6 82861 47783 2 2 0
6 82861 1997 0 2 0
6 82861 1997 1 3 0
6 82861 1997 2 4 0
6 82861 57337 0 2 0
6 82861 57337 1 3 0
6 82861 57337 2 4 0
6 82861 437 0 2 0
6 82861 437 1 3 0
6 82861 437 2 4 0
6 82861 34443 0 4 0
6 82861 34443 1 1 0
6 82861 34443 2 2 0
6 82861 44517 0 2 0
6 82861 44517 1 3 0
6 82861 44517 2 4 0
6 82861 19271 0 4 0
6 82861 19271 1 1 0
6 82861 19271 2 2 0
6 82861 80495 0 4 0
6 82861 80495 1 1 0
6 82861 80495 2 2 0
6 82861 16629 0 2 0
6 82861 16629 1 3 0
6 82861 16629 2 4 0
6 82861 65449 0 2 0
6 82861 65449 1 3 0
6 82861 65449 2 4 0
6 82861 54383 0 4 0
6 82861 54383 1 1 0
6 82861 54383 2 2 0
6 82861 38933 0 2 0
6 82861 38933 1 3 0
6 82861 38933 2 4 0
6 82861 22619 0 4 0
6 82861 22619 1 1 0
6 82861 22619 2 2 0
6 82861 81197 0 2 0
6 82861 81197 1 3 0
6 82861 81197 2 4 0
6 82861 24703 0 4 0
6 82861 24703 1 1 0
6 82861 24703 2 2 0
6 82861 67943 0 4 0
6 82861 67943 1 1 0
6 82861 67943 2 2 0
6 82861 27689 0 2 0
6 82861 27689 1 3 0
6 82861 27689 2 4 0
6 82861 60249 0 2 0
6 82861 60249 1 3 0
6 82861 60249 2 4 0
6 82861 80757 0 2 0
6 82861 80757 1 3 0
6 82861 80757 2 4 0
6 82861 49755 0 4 0
6 82861 49755 1 1 0
6 82861 49755 2 2 0
6 82861 12279 0 4 0
6 82861 12279 1 1 0
6 82861 12279 2 2 0
6 82861 53205 0 2 0
6 82861 53205 1 3 0
6 82861 53205 2 4 0
6 82861 18977 0 2 0
6 82861 18977 1 3 0
6 82861 18977 2 4 0
6 82861 76607 0 4 0
6 82861 76607 1 1 0
6 82861 76607 2 2 0
6 82861 25053 0 2 0
6 82861 25053 1 3 0
6 82861 25053 2 4 0
6 82861 35931 0 4 0
6 82861 35931 1 1 0
6 82861 35931 2 2 0
6 82861 30751 0 4 0
6 82861 30751 1 1 0
6 82861 30751 2 2 0
6 82861 74953 0 2 0
6 82861 74953 1 3 0
6 82861 74953 2 4 0
6 82861 74675 0 4 0
6 82861 74675 1 1 0
6 82861 74675 2 2 0
6 82861 4529 0 2 0
6 82861 4529 1 3 0
6 82861 4529 2 4 0
6 82861 51331 0 4 0
6 82861 51331 1 1 0
6 82861 51331 2 2 0
6 82861 36823 0 4 0
6 82861 36823 1 1 0
6 82861 36823 2 2 0
6 82861 39913 0 2 0
6 82861 39913 1 3 0
6 82861 39913 2 4 0
6 82861 5235 0 4 0
6 82861 5235 1 1 0
6 82861 5235 2 2 0
6 82861 75729 0 2 0
6 82861 75729 1 3 0
6 82861 75729 2 4 0
6 82861 17341 0 2 0
6 82861 17341 1 3 0
6 82861 17341 2 4 0
6 82861 42487 0 4 0
6 82861 42487 1 1 0
6 82861 42487 2 2 0
6 82861 9181 0 2 0
6 82861 9181 1 3 0
6 82861 9181 2 4 0
6 82861 31905 0 2 0
6 82861 31905 1 3 0
6 82861 31905 2 4 0
6 82861 14993 0 2 0
6 82861 14993 1 3 0
6 82861 14993 2 4 0
6 82861 70699 0 4 0
6 82861 70699 1 1 0
6 82861 70699 2 2 0
6 82861 56653 0 2 0
6 82861 56653 1 3 0
6 82861 56653 2 4 0
6 82861 58323 0 4 0
6 82861 58323 1 1 0
6 82861 58323 2 2 0
6 82861 4503 0 4 0
6 82861 4503 1 1 0
6 82861 4503 2 2 0
6 82861 22059 0 4 0
6 82861 22059 1 1 0
6 82861 22059 2 2 0
6 82861 79199 0 4 0
6 82861 79199 1 1 0
6 82861 79199 2 2 0
6 82861 21883 0 4 0
6 82861 21883 1 1 0
6 82861 21883 2 2 0
6 82861 59581 0 2 0
6 82861 59581 1 3 0
6 82861 59581 2 4 0
6 82861 72885 0 2 0
6 82861 72885 1 3 0
6 82861 72885 2 4 0
6 82861 66945 0 2 0
6 82861 66945 1 3 0
6 82861 66945 2 4 0
6 82861 58977 0 2 0
6 82861 58977 1 3 0
6 82861 58977 2 4 0
6 82861 51661 0 2 0
6 82861 51661 1 3 0
6 82861 51661 2 4 0
6 82861 47831 0 4 0
6 82861 47831 1 1 0
6 82861 47831 2 2 0
6 82861 37199 0 4 0
6 82861 37199 1 1 0
6 82861 37199 2 2 0
6 82861 2247 0 4 0
6 82861 2247 1 1 0
6 82861 2247 2 2 0
6 82861 29167 0 4 0
6 82861 29167 1 1 0
6 82861 29167 2 2 0
6 82861 15881 0 2 0
6 82861 15881 1 3 0
6 82861 15881 2 4 0
6 82861 39503 0 4 0
6 82861 39503 1 1 0
6 82861 39503 2 2 0
6 82861 28467 0 4 0
6 82861 28467 1 1 0
6 82861 28467 2 2 0
6 82861 60357 0 2 0
6 82861 60357 1 3 0
6 82861 60357 2 4 0
6 82861 45169 0 2 0
6 82861 45169 1 3 0
6 82861 45169 2 4 0
6 82861 32243 0 4 0
6 82861 32243 1 1 0
6 82861 32243 2 2 0
6 82861 57815 0 4 0
6 82861 57815 1 1 0
6 82861 57815 2 2 0
6 82861 47617 0 2 0
6 82861 47617 1 3 0
6 82861 47617 2 4 0
6 82861 79059 0 4 0
6 82861 79059 1 1 0
6 82861 79059 2 2 0
6 82861 6105 0 2 0
6 82861 6105 1 3 0
6 82861 6105 2 4 0
6 82861 48111 0 4 0
6 82861 48111 1 1 0
6 82861 48111 2 2 0
6 82861 5293 0 2 0
6 82861 5293 1 3 0
6 82861 5293 2 4 0
7 82861 34487 0 4 0
7 82861 34487 1 1 0
7 82861 34487 2 2 0
7 82861 41711 0 4 0
7 82861 41711 1 1 0
7 82861 41711 2 2 0
7 82861 679 0 4 0
7 82861 679 1 1 0
7 82861 679 2 2 0
7 82861 28571 0 4 0
7 82861 28571 1 1 0
7 82861 28571 2 2 0
7 82861 19363 0 4 0
7 82861 19363 1 1 0
7 82861 19363 2 2 0
7 82861 46687 0 4 0
7 82861 46687 1 1 0
7 82861 46687 2 2 0
7 82861 51391 0 4 0
7 82861 51391 1 1 0
7 82861 51391 2 2 0
7 82861 20637 0 2 0
7 82861 20637 1 3 0
7 82861 20637 2 4 0
7 82861 50371 0 4 0
7 82861 50371 1 1 0
7 82861 50371 2 2 0
7 82861 6281 0 2 0
7 82861 6281 1 3 0
7 82861 6281 2 4 0
7 82861 75757 0 2 0
7 82861 75757 1 3 0
7 82861 75757 2 4 0
7 82861 665 0 2 0
7 82861 665 1 3 0
7 82861 665 2 4 0
7 82861 61419 0 4 0
7 82861 61419 1 1 0
7 82861 61419 2 2 0
7 82861 53957 0 2 0
7 82861 53957 1 3 0
7 82861 53957 2 4 0
7 82861 75397 0 2 0
7 82861 75397 1 3 0
7 82861 75397 2 4 0
7 82861 34221 0 2 0
7 82861 34221 1 3 0
7 82861 34221 2 4 0
7 82861 8539 0 4 0
7 82861 8539 1 1 0
7 82861 8539 2 2 0
7 82861 61027 0 4 0
7 82861 61027 1 1 0
7 82861 61027 2 2 0
7 82861 81871 0 4 0
7 82861 81871 1 1 0
7 82861 81871 2 2 0
7 82861 59293 0 2 0
7 82861 59293 1 3 0
7 82861 59293 2 4 0
7 82861 52477 0 2 0
7 82861 52477 1 3 0
7 82861 52477 2 4 0
7 82861 44307 0 4 0
7 82861 44307 1 1 0
7 82861 44307 2 2 0
7 82861 4879 0 4 0
7 82861 4879 1 1 0
7 82861 4879 2 2 0
7 82861 11641 0 2 0
7 82861 11641 1 3 0
7 82861 11641 2 4 0
7 82861 21053 0 2 0
7 82861 21053 1 3 0
7 82861 21053 2 4 0
7 82861 76793 0 2 0
7 82861 76793 1 3 0
7 82861 76793 2 4 0
7 82861 62149 0 2 0
7 82861 62149 1 3 0
7 82861 62149 2 4 0
7 82861 50097 0 2 0
7 82861 50097 1 3 0
7 82861 50097 2 4 0
7 82861 39341 0 2 0
7 82861 39341 1 3 0
7 82861 39341 2 4 0
7 82861 21117 0 2 0
7 82861 21117 1 3 0
7 82861 21117 2 4 0
7 82861 61435 0 4 0
7 82861 61435 1 1 0
7 82861 61435 2 2 0
7 82861 1001 0 2 0
7 82861 1001 1 3 0
7 82861 1001 2 4 0
7 82861 51293 0 2 0
7 82861 51293 1 3 0
7 82861 51293 2 4 0
7 82861 64451 0 4 0
7 82861 64451 1 1 0
7 82861 64451 2 2 0
7 82861 14843 0 4 0
7 82861 14843 1 1 0
7 82861 14843 2 2 0
7 82861 77431 0 4 0
7 82861 77431 1 1 0
7 82861 77431 2 2 0
7 82861 44891 0 4 0
7 82861 44891 1 1 0
7 82861 44891 2 2 0
7 82861 18915 0 4 0
7 82861 18915 1 1 0
7 82861 18915 2 2 0
7 82861 63909 0 2 0
7 82861 63909 1 3 0
7 82861 63909 2 4 0
7 82861 17759 0 4 0
7 82861 17759 1 1 0
7 82861 17759 2 2 0
7 82861 80629 0 2 0
7 82861 80629 1 3 0
7 82861 80629 2 4 0
7 82861 36837 0 2 0
7 82861 36837 1 3 0
7 82861 36837 2 4 0
7 82861 46875 0 4 0
7 82861 46875 1 1 0
7 82861 46875 2 2 0
7 82861 15277 0 2 0
7 82861 15277 1 3 0
7 82861 15277 2 4 0
7 82861 503 0 4 0
7 82861 503 1 1 0
7 82861 503 2 2 0
7 82861 73219 0 4 0
7 82861 73219 1 1 0
7 82861 73219 2 2 0
7 82861 81841 0 2 0
7 82861 81841 1 3 0
7 82861 81841 2 4 0
7 82861 52595 0 4 0
7 82861 52595 1 1 0
7 82861 52595 2 2 0
7 82861 8765 0 2 0
7 82861 8765 1 3 0
7 82861 8765 2 4 0
7 82861 21897 0 2 0
7 82861 21897 1 3 0
7 82861 21897 2 4 0
7 82861 80229 0 2 0
7 82861 80229 1 3 0
7 82861 80229 2 4 0
7 82861 70897 0 2 0
7 82861 70897 1 3 0
7 82861 70897 2 4 0
7 82861 72649 0 2 0
7 82861 72649 1 3 0
7 82861 72649 2 4 0
7 82861 29319 0 4 0
7 82861 29319 1 1 0
7 82861 29319 2 2 0
7 82861 25067 0 4 0
7 82861 25067 1 1 0
7 82861 25067 2 2 0
7 82861 10635 0 4 0
7 82861 10635 1 1 0
7 82861 10635 2 2 0
7 82861 8965 0 2 0
7 82861 8965 1 3 0
7 82861 8965 2 4 0
7 82861 11875 0 4 0
7 82861 11875 1 1 0
7 82861 11875 2 2 0
7 82861 909 0 2 0
7 82861 909 1 3 0
7 82861 909 2 4 0
7 82861 48277 0 2 0
7 82861 48277 1 3 0
7 82861 48277 2 4 0
7 82861 72163 0 4 0
7 82861 72163 1 1 0
7 82861 72163 2 2 0
7 82861 11405 0 2 0
7 82861 11405 1 3 0
7 82861 11405 2 4 0
7 82861 75599 0 4 0
7 82861 75599 1 1 0
7 82861 75599 2 2 0
7 82861 66569 0 2 0
7 82861 66569 1 3 0
7 82861 66569 2 4 0
7 82861 55399 0 4 0
7 82861 55399 1 1 0
7 82861 55399 2 2 0
7 82861 3789 0 2 0
7 82861 3789 1 3 0
7 82861 3789 2 4 0
7 82861 3933 0 2 0
7 82861 3933 1 3 0
7 82861 3933 2 4 0
7 82861 33465 0 2 0
7 82861 33465 1 3 0
7 82861 33465 2 4 0
7 82861 37015 0 4 0
7 82861 37015 1 1 0
7 82861 37015 2 2 0
7 82861 80295 0 4 0
7 82861 80295 1 1 0
7 82861 80295 2 2 0
7 82861 58857 0 2 0
7 82861 58857 1 3 0
7 82861 58857 2 4 0
7 82861 1029 0 2 0
7 82861 1029 1 3 0
7 82861 1029 2 4 0
7 82861 69989 0 2 0
7 82861 69989 1 3 0
7 82861 69989 2 4 0
7 82861 34551 0 4 0
7 82861 34551 1 1 0
7 82861 34551 2 2 0
7 82861 43463 0 4 0
7 82861 43463 1 1 0
7 82861 43463 2 2 0
7 82861 43025 0 2 0
7 82861 43025 1 3 0
7 82861 43025 2 4 0
7 82861 38157 0 2 0
7 82861 38157 1 3 0
7 82861 38157 2 4 0
7 82861 52367 0 4 0
7 82861 52367 1 1 0
7 82861 52367 2 2 0
7 82861 21301 0 2 0
7 82861 21301 1 3 0
7 82861 21301 2 4 0
7 82861 44885 0 2 0
7 82861 44885 1 3 0
7 82861 44885 2 4 0
7 82861 19313 0 2 0
7 82861 19313 1 3 0
7 82861 19313 2 4 0
7 82861 3543 0 4 0
7 82861 3543 1 1 0
7 82861 3543 2 2 0
7 82861 63621 0 2 0
7 82861 63621 1 3 0
7 82861 63621 2 4 0
7 82861 61473 0 2 0
7 82861 61473 1 3 0
7 82861 61473 2 4 0
7 82861 47121 0 2 0
7 82861 47121 1 3 0
7 82861 47121 2 4 0
7 82861 32321 0 2 0
7 82861 32321 1 3 0
7 82861 32321 2 4 0
7 82861 19157 0 2 0
7 82861 19157 1 3 0
7 82861 19157 2 4 0
7 82861 55709 0 2 0
7 82861 55709 1 3 0
7 82861 55709 2 4 0
7 82861 33859 0 4 0
7 82861 33859 1 1 0
7 82861 33859 2 2 0
7 82861 77065 0 2 0
7 82861 77065 1 3 0
7 82861 77065 2 4 0
7 82861 52847 0 4 0
7 82861 52847 1 1 0
7 82861 52847 2 2 0
7 82861 1239 0 4 0
7 82861 1239 1 1 0
7 82861 1239 2 2 0
7 82861 81461 0 2 0
7 82861 81461 1 3 0
7 82861 81461 2 4 0
7 82861 3179 0 4 0
7 82861 3179 1 1 0
7 82861 3179 2 2 0
7 82861 319 0 4 0
7 82861 319 1 1 0
7 82861 319 2 2 0
7 82861 1905 0 2 0
7 82861 1905 1 3 0
7 82861 1905 2 4 0
7 82861 62005 0 2 0
7 82861 62005 1 3 0
7 82861 62005 2 4 0
7 82861 1337 0 2 0
7 82861 1337 1 3 0
7 82861 1337 2 4 0
7 82861 56031 0 4 0
7 82861 56031 1 1 0
7 82861 56031 2 2 0
7 82861 10805 0 2 0
7 82861 10805 1 3 0
7 82861 10805 2 4 0
7 82861 75839 0 4 0
7 82861 75839 1 1 0
7 82861 75839 2 2 0
7 82861 71435 0 4 0
7 82861 71435 1 1 0
7 82861 71435 2 2 0
7 82861 3117 0 2 0
7 82861 3117 1 3 0
7 82861 3117 2 4 0
7 82861 68061 0 2 0
7 82861 68061 1 3 0
7 82861 68061 2 4 0
7 82861 61929 0 2 0
7 82861 61929 1 3 0
7 82861 61929 2 4 0
7 82861 37767 0 4 0
7 82861 37767 1 1 0
7 82861 37767 2 2 0
7 82861 1415 0 4 0
7 82861 1415 1 1 0
7 82861 1415 2 2 0
7 82861 81277 0 2 0
7 82861 81277 1 3 0
7 82861 81277 2 4 0
7 82861 47381 0 2 0
7 82861 47381 1 3 0
7 82861 47381 2 4 0
7 82861 1503 0 4 0
7 82861 1503 1 1 0
7 82861 1503 2 2 0
7 82861 65177 0 2 0
7 82861 65177 1 3 0
7 82861 65177 2 4 0
7 82861 25089 0 2 0
7 82861 25089 1 3 0
7 82861 25089 2 4 0
7 82861 13139 0 4 0
7 82861 13139 1 1 0
7 82861 13139 2 2 0
7 82861 21725 0 2 0
7 82861 21725 1 3 0
7 82861 21725 2 4 0
7 82861 63127 0 4 0
7 82861 63127 1 1 0
7 82861 63127 2 2 0
7 82861 28209 0 2 0
7 82861 28209 1 3 0
7 82861 28209 2 4 0
7 82861 49577 0 2 0
7 82861 49577 1 3 0
7 82861 49577 2 4 0
7 82861 30563 0 4 0
7 82861 30563 1 1 0
7 82861 30563 2 2 0
7 82861 34683 0 4 0
7 82861 34683 1 1 0
7 82861 34683 2 2 0
7 82861 50709 0 2 0
7 82861 50709 1 3 0
7 82861 50709 2 4 0
7 82861 42133 0 2 0
7 82861 42133 1 3 0
7 82861 42133 2 4 0
7 82861 9535 0 4 0
7 82861 9535 1 1 0
7 82861 9535 2 2 0
7 82861 71265 0 2 0
7 82861 71265 1 3 0
7 82861 71265 2 4 0
7 82861 34525 0 2 0
7 82861 34525 1 3 0
7 82861 34525 2 4 0
7 82861 6695 0 4 0
7 82861 6695 1 1 0
7 82861 6695 2 2 0
7 82861 28709 0 2 0
7 82861 28709 1 3 0
7 82861 28709 2 4 0
7 82861 33421 0 2 0
7 82861 33421 1 3 0
7 82861 33421 2 4 0
7 82861 43273 0 2 0
7 82861 43273 1 3 0
7 82861 43273 2 4 0
7 82861 20775 0 4 0
7 82861 20775 1 1 0
7 82861 20775 2 2 0
7 82861 5227 0 4 0
7 82861 5227 1 1 0
7 82861 5227 2 2 0
7 82861 11527 0 4 0
7 82861 11527 1 1 0
7 82861 11527 2 2 0
7 82861 45501 0 2 0
7 82861 45501 1 3 0
7 82861 45501 2 4 0
7 82861 4813 0 2 0
7 82861 4813 1 3 0
7 82861 4813 2 4 0
7 82861 2973 0 2 0
7 82861 2973 1 3 0
7 82861 2973 2 4 0
7 82861 22993 0 2 0
7 82861 22993 1 3 0
7 82861 22993 2 4 0
7 82861 64403 0 4 0
7 82861 64403 1 1 0
7 82861 64403 2 2 0
7 82861 12679 0 4 0
7 82861 12679 1 1 0
7 82861 12679 2 2 0
7 82861 19493 0 2 0
7 82861 19493 1 3 0
7 82861 19493 2 4 0
7 82861 79743 0 4 0
7 82861 79743 1 1 0
7 82861 79743 2 2 0
7 82861 5421 0 2 0
7 82861 5421 1 3 0
7 82861 5421 2 4 0
7 82861 61361 0 2 0
7 82861 61361 1 3 0
7 82861 61361 2 4 0
7 82861 64197 0 2 0
7 82861 64197 1 3 0
7 82861 64197 2 4 0
7 82861 77455 0 4 0
7 82861 77455 1 1 0
7 82861 77455 2 2 0
7 82861 59487 0 4 0
7 82861 59487 1 1 0
7 82861 59487 2 2 0
7 82861 15831 0 4 0
7 82861 15831 1 1 0
7 82861 15831 2 2 0
7 82861 68535 0 4 0
7 82861 68535 1 1 0
7 82861 68535 2 2 0
7 82861 25105 0 2 0
7 82861 25105 1 3 0
7 82861 25105 2 4 0
7 82861 56893 0 2 0
7 82861 56893 1 3 0
7 82861 56893 2 4 0
7 82861 49159 0 4 0
7 82861 49159 1 1 0
7 82861 49159 2 2 0
7 82861 15355 0 4 0
7 82861 15355 1 1 0
7 82861 15355 2 2 0
7 82861 27965 0 2 0
7 82861 27965 1 3 0
7 82861 27965 2 4 0
7 82861 24039 0 4 0
7 82861 24039 1 1 0
7 82861 24039 2 2 0
7 82861 26711 0 4 0
7 82861 26711 1 1 0
7 82861 26711 2 2 0
7 82861 44479 0 4 0
7 82861 44479 1 1 0
7 82861 44479 2 2 0
7 82861 25579 0 4 0
7 82861 25579 1 1 0
7 82861 25579 2 2 0
7 82861 62043 0 4 0
7 82861 62043 1 1 0
7 82861 62043 2 2 0
7 82861 68211 0 4 0
7 82861 68211 1 1 0
7 82861 68211 2 2 0
7 82861 59369 0 2 0
7 82861 59369 1 3 0
7 82861 59369 2 4 0
7 82861 17695 0 4 0
7 82861 17695 1 1 0
7 82861 17695 2 2 0
7 82861 7687 0 4 0
7 82861 7687 1 1 0
7 82861 7687 2 2 0
7 82861 72509 0 2 0
7 82861 72509 1 3 0
7 82861 72509 2 4 0
7 82861 38967 0 4 0
7 82861 38967 1 1 0
7 82861 38967 2 2 0
7 82861 26081 0 2 0
7 82861 26081 1 3 0
7 82861 26081 2 4 0
7 82861 75381 0 2 0
7 82861 75381 1 3 0
7 82861 75381 2 4 0
7 82861 32135 0 4 0
7 82861 32135 1 1 0
7 82861 32135 2 2 0
7 82861 1175 0 4 0
7 82861 1175 1 1 0
7 82861 1175 2 2 0
7 82861 2717 0 2 0
7 82861 2717 1 3 0
7 82861 2717 2 4 0
7 82861 68197 0 2 0
7 82861 68197 1 3 0
7 82861 68197 2 4 0
7 82861 1927 0 4 0
7 82861 1927 1 1 0
7 82861 1927 2 2 0
7 82861 62527 0 4 0
7 82861 62527 1 1 0
7 82861 62527 2 2 0
7 82861 35873 0 2 0
7 82861 35873 1 3 0
7 82861 35873 2 4 0
7 82861 59249 0 2 0
7 82861 59249 1 3 0
7 82861 59249 2 4 0
7 82861 11245 0 2 0
7 82861 11245 1 3 0
7 82861 11245 2 4 0
7 82861 51539 0 4 0
7 82861 51539 1 1 0
7 82861 51539 2 2 0
7 82861 69231 0 4 0
7 82861 69231 1 1 0
7 82861 69231 2 2 0
7 82861 56137 0 2 0
7 82861 56137 1 3 0
7 82861 56137 2 4 0
7 82861 58545 0 2 0
7 82861 58545 1 3 0
7 82861 58545 2 4 0
7 82861 32565 0 2 0
7 82861 32565 1 3 0
7 82861 32565 2 4 0
7 82861 79337 0 2 0
7 82861 79337 1 3 0
7 82861 79337 2 4 0
7 82861 56161 0 2 0
7 82861 56161 1 3 0
7 82861 56161 2 4 0
7 82861 8865 0 2 0
7 82861 8865 1 3 0
7 82861 8865 2 4 0
7 82861 78775 0 4 0
7 82861 78775 1 1 0
7 82861 78775 2 2 0
7 82861 50659 0 4 0
7 82861 50659 1 1 0
7 82861 50659 2 2 0
7 82861 1759 0 4 0
7 82861 1759 1 1 0
7 82861 1759 2 2 0
7 82861 74243 0 4 0
7 82861 74243 1 1 0
7 82861 74243 2 2 0
7 82861 62067 0 4 0
7 82861 62067 1 1 0
7 82861 62067 2 2 0
7 82861 40309 0 2 0
7 82861 40309 1 3 0
7 82861 40309 2 4 0
7 82861 68293 0 2 0
7 82861 68293 1 3 0
7 82861 68293 2 4 0
7 82861 68849 0 2 0
7 82861 68849 1 3 0
7 82861 68849 2 4 0
7 82861 75949 0 2 0
7 82861 75949 1 3 0
7 82861 75949 2 4 0
7 82861 72297 0 2 0
7 82861 72297 1 3 0
7 82861 72297 2 4 0
7 82861 49235 0 4 0
7 82861 49235 1 1 0
7 82861 49235 2 2 0
7 82861 57215 0 4 0
7 82861 57215 1 1 0
7 82861 57215 2 2 0
7 82861 1833 0 2 0
7 82861 1833 1 3 0
7 82861 1833 2 4 0
7 82861 15561 0 2 0
7 82861 15561 1 3 0
7 82861 15561 2 4 0
7 82861 59347 0 4 0
7 82861 59347 1 1 0
7 82861 59347 2 2 0
7 82861 3749 0 2 0
7 82861 3749 1 3 0
7 82861 3749 2 4 0
7 82861 37227 0 4 0
7 82861 37227 1 1 0
7 82861 37227 2 2 0
7 82861 16309 0 2 0
7 82861 16309 1 3 0
7 82861 16309 2 4 0
7 82861 27593 0 2 0
7 82861 27593 1 3 0
7 82861 27593 2 4 0
7 82861 65219 0 4 0
7 82861 65219 1 1 0
7 82861 65219 2 2 0
7 82861 79563 0 4 0
7 82861 79563 1 1 0
7 82861 79563 2 2 0
7 82861 70957 0 2 0
7 82861 70957 1 3 0
7 82861 70957 2 4 0
7 82861 72445 0 2 0
7 82861 72445 1 3 0
7 82861 72445 2 4 0
7 82861 56769 0 2 0
7 82861 56769 1 3 0
7 82861 56769 2 4 0
7 82861 55903 0 4 0
7 82861 55903 1 1 0
7 82861 55903 2 2 0
7 82861 41827 0 4 0
7 82861 41827 1 1 0
7 82861 41827 2 2 0
7 82861 31251 0 4 0
7 82861 31251 1 1 0
7 82861 31251 2 2 0
7 82861 41313 0 2 0
7 82861 41313 1 3 0
7 82861 41313 2 4 0
7 82861 7673 0 2 0
7 82861 7673 1 3 0
7 82861 7673 2 4 0
7 82861 69861 0 2 0
7 82861 69861 1 3 0
7 82861 69861 2 4 0
7 82861 46437 0 2 0
7 82861 46437 1 3 0
7 82861 46437 2 4 0
7 82861 58727 0 4 0
7 82861 58727 1 1 0
7 82861 58727 2 2 0
7 82861 5561 0 2 0
7 82861 5561 1 3 0
7 82861 5561 2 4 0
7 82861 17611 0 4 0
7 82861 17611 1 1 0
7 82861 17611 2 2 0
7 82861 4399 0 4 0
7 82861 4399 1 1 0
7 82861 4399 2 2 0
7 82861 69761 0 2 0
7 82861 69761 1 3 0
7 82861 69761 2 4 0
7 82861 78667 0 4 0
7 82861 78667 1 1 0
7 82861 78667 2 2 0
7 82861 48973 0 2 0
7 82861 48973 1 3 0
7 82861 48973 2 4 0
7 82861 51523 0 4 0
7 82861 51523 1 1 0
7 82861 51523 2 2 0
7 82861 40151 0 4 0
7 82861 40151 1 1 0
7 82861 40151 2 2 0
7 82861 18833 0 2 0
7 82861 18833 1 3 0
7 82861 18833 2 4 0
7 82861 78831 0 4 0
7 82861 78831 1 1 0
7 82861 78831 2 2 0
7 82861 75737 0 2 0
7 82861 75737 1 3 0
7 82861 75737 2 4 0
7 82861 20339 0 4 0
7 82861 20339 1 1 0
7 82861 20339 2 2 0
7 82861 73065 0 2 0
7 82861 73065 1 3 0
7 82861 73065 2 4 0
7 82861 29845 0 2 0
7 82861 29845 1 3 0
7 82861 29845 2 4 0
7 82861 79549 0 2 0
7 82861 79549 1 3 0
7 82861 79549 2 4 0
7 82861 27485 0 2 0
7 82861 27485 1 3 0
7 82861 27485 2 4 0
7 82861 52657 0 2 0
7 82861 52657 1 3 0
7 82861 52657 2 4 0
7 82861 43169 0 2 0
7 82861 43169 1 3 0
7 82861 43169 2 4 0
7 82861 59983 0 4 0
7 82861 59983 1 1 0
7 82861 59983 2 2 0
7 82861 41479 0 4 0
7 82861 41479 1 1 0
7 82861 41479 2 2 0
7 82861 44833 0 2 0
7 82861 44833 1 3 0
7 82861 44833 2 4 0
7 82861 17847 0 4 0
7 82861 17847 1 1 0
7 82861 17847 2 2 0
7 82861 73523 0 4 0
7 82861 73523 1 1 0
7 82861 73523 2 2 0
7 82861 34297 0 2 0
7 82861 34297 1 3 0
7 82861 34297 2 4 0
7 82861 54441 0 2 0
7 82861 54441 1 3 0
7 82861 54441 2 4 0
7 82861 1921 0 2 0
7 82861 1921 1 3 0
7 82861 1921 2 4 0
7 82861 21993 0 2 0
7 82861 21993 1 3 0
7 82861 21993 2 4 0
7 82861 74171 0 4 0
7 82861 74171 1 1 0
7 82861 74171 2 2 0
7 82861 66127 0 4 0
7 82861 66127 1 1 0
7 82861 66127 2 2 0
7 82861 25269 0 2 0
7 82861 25269 1 3 0
7 82861 25269 2 4 0
7 82861 30921 0 2 0
7 82861 30921 1 3 0
7 82861 30921 2 4 0
7 82861 4755 0 4 0
7 82861 4755 1 1 0
7 82861 4755 2 2 0
7 82861 45195 0 4 0
7 82861 45195 1 1 0
7 82861 45195 2 2 0
7 82861 62223 0 4 0
7 82861 62223 1 1 0
7 82861 62223 2 2 0
7 82861 72317 0 2 0
7 82861 72317 1 3 0
7 82861 72317 2 4 0
7 82861 8985 0 2 0
7 82861 8985 1 3 0
7 82861 8985 2 4 0
7 82861 41217 0 2 0
7 82861 41217 1 3 0
7 82861 41217 2 4 0
7 82861 43329 0 2 0
7 82861 43329 1 3 0
7 82861 43329 2 4 0
7 82861 77977 0 2 0
7 82861 77977 1 3 0
7 82861 77977 2 4 0
7 82861 50235 0 4 0
7 82861 50235 1 1 0
7 82861 50235 2 2 0
7 82861 29939 0 4 0
7 82861 29939 1 1 0
7 82861 29939 2 2 0
7 82861 35753 0 2 0
7 82861 35753 1 3 0
7 82861 35753 2 4 0
7 82861 77539 0 4 0
7 82861 77539 1 1 0
7 82861 77539 2 2 0
7 82861 15765 0 2 0
7 82861 15765 1 3 0
7 82861 15765 2 4 0
7 82861 32217 0 2 0
7 82861 32217 1 3 0
7 82861 32217 2 4 0
7 82861 81695 0 4 0
7 82861 81695 1 1 0
7 82861 81695 2 2 0
7 82861 4197 0 2 0
7 82861 4197 1 3 0
7 82861 4197 2 4 0
7 82861 78971 0 4 0
7 82861 78971 1 1 0
7 82861 78971 2 2 0
7 82861 10383 0 4 0
7 82861 10383 1 1 0
7 82861 10383 2 2 0
7 82861 13659 0 4 0
7 82861 13659 1 1 0
7 82861 13659 2 2 0
7 82861 74023 0 4 0
7 82861 74023 1 1 0
7 82861 74023 2 2 0
7 82861 51855 0 4 0
7 82861 51855 1 1 0
7 82861 51855 2 2 0
7 82861 35027 0 4 0
7 82861 35027 1 1 0
7 82861 35027 2 2 0
7 82861 53541 0 2 0
7 82861 53541 1 3 0
7 82861 53541 2 4 0
7 82861 43045 0 2 0
7 82861 43045 1 3 0
7 82861 43045 2 4 0
7 82861 75881 0 2 0
7 82861 75881 1 3 0
7 82861 75881 2 4 0
7 82861 10115 0 4 0
7 82861 10115 1 1 0
7 82861 10115 2 2 0
7 82861 43569 0 2 0
7 82861 43569 1 3 0
7 82861 43569 2 4 0
7 82861 57377 0 2 0
7 82861 57377 1 3 0
7 82861 57377 2 4 0
7 82861 69611 0 4 0
7 82861 69611 1 1 0
7 82861 69611 2 2 0
7 82861 3291 0 4 0
7 82861 3291 1 1 0
7 82861 3291 2 2 0
7 82861 54677 0 2 0
7 82861 54677 1 3 0
7 82861 54677 2 4 0
7 82861 57529 0 2 0
7 82861 57529 1 3 0
7 82861 57529 2 4 0
7 82861 47993 0 2 0
7 82861 47993 1 3 0
7 82861 47993 2 4 0
7 82861 28095 0 4 0
7 82861 28095 1 1 0
7 82861 28095 2 2 0
7 82861 64449 0 2 0
7 82861 64449 1 3 0
7 82861 64449 2 4 0
7 82861 49283 0 4 0
7 82861 49283 1 1 0
7 82861 49283 2 2 0
7 82861 61149 0 2 0
7 82861 61149 1 3 0
7 82861 61149 2 4 0
7 82861 6287 0 4 0
7 82861 6287 1 1 0
7 82861 6287 2 2 0
7 82861 45449 0 2 0
7 82861 45449 1 3 0
7 82861 45449 2 4 0
7 82861 69951 0 4 0
7 82861 69951 1 1 0
7 82861 69951 2 2 0
7 82861 28381 0 2 0
7 82861 28381 1 3 0
7 82861 28381 2 4 0
7 82861 58321 0 2 0
7 82861 58321 1 3 0
7 82861 58321 2 4 0
7 82861 19841 0 2 0
7 82861 19841 1 3 0
7 82861 19841 2 4 0
7 82861 12401 0 2 0
7 82861 12401 1 3 0
7 82861 12401 2 4 0
7 82861 39463 0 4 0
7 82861 39463 1 1 0
7 82861 39463 2 2 0
7 82861 81389 0 2 0
7 82861 81389 1 3 0
7 82861 81389 2 4 0
7 82861 58869 0 2 0
7 82861 58869 1 3 0
7 82861 58869 2 4 0
7 82861 70477 0 2 0
7 82861 70477 1 3 0
7 82861 70477 2 4 0
7 82861 36371 0 4 0
7 82861 36371 1 1 0
7 82861 36371 2 2 0
7 82861 18701 0 2 0
7 82861 18701 1 3 0
7 82861 18701 2 4 0
7 82861 65369 0 2 0
7 82861 65369 1 3 0
7 82861 65369 2 4 0
7 82861 50267 0 4 0
7 82861 50267 1 1 0
7 82861 50267 2 2 0
7 82861 79239 0 4 0
7 82861 79239 1 1 0
7 82861 79239 2 2 0
7 82861 49157 0 2 0
7 82861 49157 1 3 0
7 82861 49157 2 4 0
7 82861 80521 0 2 0
7 82861 80521 1 3 0
7 82861 80521 2 4 0
7 82861 17559 0 4 0
7 82861 17559 1 1 0
7 82861 17559 2 2 0
7 82861 60485 0 2 0
7 82861 60485 1 3 0
7 82861 60485 2 4 0
7 82861 55701 0 2 0
7 82861 55701 1 3 0
7 82861 55701 2 4 0
7 82861 69259 0 4 0
7 82861 69259 1 1 0
7 82861 69259 2 2 0
7 82861 66653 0 2 0
7 82861 66653 1 3 0
7 82861 66653 2 4 0
7 82861 14199 0 4 0
7 82861 14199 1 1 0
7 82861 14199 2 2 0
7 82861 62597 0 2 0
7 82861 62597 1 3 0
7 82861 62597 2 4 0
7 82861 16977 0 2 0
7 82861 16977 1 3 0
7 82861 16977 2 4 0
7 82861 10081 0 2 0
7 82861 10081 1 3 0
7 82861 10081 2 4 0
7 82861 15265 0 2 0
7 82861 15265 1 3 0
7 82861 15265 2 4 0
7 82861 69779 0 4 0
7 82861 69779 1 1 0
7 82861 69779 2 2 0
7 82861 16513 0 2 0
7 82861 16513 1 3 0
7 82861 16513 2 4 0
7 82861 35527 0 4 0
7 82861 35527 1 1 0
7 82861 35527 2 2 0
7 82861 73923 0 4 0
7 82861 73923 1 1 0
7 82861 73923 2 2 0
7 82861 1025 0 2 0
7 82861 1025 1 3 0
7 82861 1025 2 4 0
7 82861 42945 0 2 0
7 82861 42945 1 3 0
7 82861 42945 2 4 0
7 82861 53683 0 4 0
7 82861 53683 1 1 0
7 82861 53683 2 2 0
7 82861 37863 0 4 0
7 82861 37863 1 1 0
7 82861 37863 2 2 0
7 82861 72915 0 4 0
7 82861 72915 1 1 0
7 82861 72915 2 2 0
7 82861 50067 0 4 0
7 82861 50067 1 1 0
7 82861 50067 2 2 0
7 82861 32187 0 4 0
7 82861 32187 1 1 0
7 82861 32187 2 2 0
7 82861 5195 0 4 0
7 82861 5195 1 1 0
7 82861 5195 2 2 0
7 82861 3059 0 4 0
7 82861 3059 1 1 0
7 82861 3059 2 2 0
7 82861 12093 0 2 0
7 82861 12093 1 3 0
7 82861 12093 2 4 0
7 82861 54091 0 4 0
7 82861 54091 1 1 0
7 82861 54091 2 2 0
7 82861 70321 0 2 0
7 82861 70321 1 3 0
7 82861 70321 2 4 0
7 82861 55879 0 4 0
7 82861 55879 1 1 0
7 82861 55879 2 2 0
7 82861 42057 0 2 0
7 82861 42057 1 3 0
7 82861 42057 2 4 0
7 82861 17869 0 2 0
7 82861 17869 1 3 0
7 82861 17869 2 4 0
7 82861 31615 0 4 0
7 82861 31615 1 1 0
7 82861 31615 2 2 0
7 82861 13485 0 2 0
7 82861 13485 1 3 0
7 82861 13485 2 4 0
7 82861 51577 0 2 0
7 82861 51577 1 3 0
7 82861 51577 2 4 0
7 82861 45879 0 4 0
7 82861 45879 1 1 0
7 82861 45879 2 2 0
7 82861 13409 0 2 0
7 82861 13409 1 3 0
7 82861 13409 2 4 0
7 82861 75991 0 4 0
7 82861 75991 1 1 0
7 82861 75991 2 2 0
7 82861 27387 0 4 0
7 82861 27387 1 1 0
7 82861 27387 2 2 0
7 82861 14569 0 2 0
7 82861 14569 1 3 0
7 82861 14569 2 4 0
7 82861 56065 0 2 0
7 82861 56065 1 3 0
7 82861 56065 2 4 0
7 82861 70473 0 2 0
7 82861 70473 1 3 0
7 82861 70473 2 4 0
7 82861 44259 0 4 0
7 82861 44259 1 1 0
7 82861 44259 2 2 0
7 82861 4375 0 4 0
7 82861 4375 1 1 0
7 82861 4375 2 2 0
7 82861 58877 0 2 0
7 82861 58877 1 3 0
7 82861 58877 2 4 0
7 82861 64103 0 4 0
7 82861 64103 1 1 0
7 82861 64103 2 2 0
7 82861 33511 0 4 0
7 82861 33511 1 1 0
7 82861 33511 2 2 0
7 82861 60067 0 4 0
7 82861 60067 1 1 0
7 82861 60067 2 2 0
7 82861 70611 0 4 0
7 82861 70611 1 1 0
7 82861 70611 2 2 0
7 82861 39997 0 2 0
7 82861 39997 1 3 0
7 82861 39997 2 4 0
7 82861 17745 0 2 0
7 82861 17745 1 3 0
7 82861 17745 2 4 0
7 82861 28679 0 4 0
7 82861 28679 1 1 0
7 82861 28679 2 2 0
7 82861 2815 0 4 0
7 82861 2815 1 1 0
7 82861 2815 2 2 0
7 82861 10057 0 2 0
7 82861 10057 1 3 0
7 82861 10057 2 4 0
7 82861 58191 0 4 0
7 82861 58191 1 1 0
7 82861 58191 2 2 0
7 82861 56231 0 4 0
7 82861 56231 1 1 0
7 82861 56231 2 2 0
7 82861 55561 0 2 0
7 82861 55561 1 3 0
7 82861 55561 2 4 0
7 82861 21845 0 2 0
7 82861 21845 1 3 0
7 82861 21845 2 4 0
7 82861 51897 0 2 0
7 82861 51897 1 3 0
7 82861 51897 2 4 0
7 82861 70807 0 4 0
7 82861 70807 1 1 0
7 82861 70807 2 2 0
7 82861 3207 0 4 0
7 82861 3207 1 1 0
7 82861 3207 2 2 0
7 82861 51373 0 2 0
7 82861 51373 1 3 0
7 82861 51373 2 4 0
7 82861 1671 0 4 0
7 82861 1671 1 1 0
7 82861 1671 2 2 0
7 82861 4667 0 4 0
7 82861 4667 1 1 0
7 82861 4667 2 2 0
7 82861 24627 0 4 0
7 82861 24627 1 1 0
7 82861 24627 2 2 0
7 82861 41173 0 2 0
7 82861 41173 1 3 0
7 82861 41173 2 4 0
7 82861 80535 0 4 0
7 82861 80535 1 1 0
7 82861 80535 2 2 0
7 82861 74239 0 4 0
7 82861 74239 1 1 0
7 82861 74239 2 2 0
7 82861 50579 0 4 0
7 82861 50579 1 1 0
7 82861 50579 2 2 0
7 82861 58201 0 2 0
7 82861 58201 1 3 0
7 82861 58201 2 4 0
7 82861 31833 0 2 0
7 82861 31833 1 3 0
7 82861 31833 2 4 0
7 82861 57967 0 4 0
7 82861 57967 1 1 0
7 82861 57967 2 2 0
7 82861 24341 0 2 0
7 82861 24341 1 3 0
7 82861 24341 2 4 0
7 82861 17229 0 2 0
7 82861 17229 1 3 0
7 82861 17229 2 4 0
7 82861 2743 0 4 0
7 82861 2743 1 1 0
7 82861 2743 2 2 0
7 82861 30189 0 2 0
7 82861 30189 1 3 0
7 82861 30189 2 4 0
7 82861 25113 0 2 0
7 82861 25113 1 3 0
7 82861 25113 2 4 0
7 82861 74579 0 4 0
7 82861 74579 1 1 0
7 82861 74579 2 2 0
7 82861 80201 0 2 0
7 82861 80201 1 3 0
7 82861 80201 2 4 0
7 82861 12277 0 2 0
7 82861 12277 1 3 0
7 82861 12277 2 4 0
7 82861 70977 0 2 0
7 82861 70977 1 3 0
7 82861 70977 2 4 0
7 82861 12601 0 2 0
7 82861 12601 1 3 0
7 82861 12601 2 4 0
7 82861 72047 0 4 0
7 82861 72047 1 1 0
7 82861 72047 2 2 0
7 82861 29431 0 4 0
7 82861 29431 1 1 0
7 82861 29431 2 2 0
7 82861 63145 0 2 0
7 82861 63145 1 3 0
7 82861 63145 2 4 0
7 82861 46973 0 2 0
7 82861 46973 1 3 0
7 82861 46973 2 4 0
7 82861 81635 0 4 0
7 82861 81635 1 1 0
7 82861 81635 2 2 0
7 82861 32543 0 4 0
7 82861 32543 1 1 0
7 82861 32543 2 2 0
7 82861 25891 0 4 0
7 82861 25891 1 1 0
7 82861 25891 2 2 0
7 82861 35137 0 2 0
7 82861 35137 1 3 0
7 82861 35137 2 4 0
7 82861 6883 0 4 0
7 82861 6883 1 1 0
7 82861 6883 2 2 0
7 82861 51437 0 2 0
7 82861 51437 1 3 0
7 82861 51437 2 4 0
7 82861 27117 0 2 0
7 82861 27117 1 3 0
7 82861 27117 2 4 0
7 82861 3115 0 4 0
7 82861 3115 1 1 0
7 82861 3115 2 2 0
7 82861 817 0 2 0
7 82861 817 1 3 0
7 82861 817 2 4 0
7 82861 12883 0 4 0
7 82861 12883 1 1 0
7 82861 12883 2 2 0
7 82861 31297 0 2 0
7 82861 31297 1 3 0
7 82861 31297 2 4 0
7 82861 13811 0 4 0
7 82861 13811 1 1 0
7 82861 13811 2 2 0
7 82861 47597 0 2 0
7 82861 47597 1 3 0
7 82861 47597 2 4 0
7 82861 68081 0 2 0
7 82861 68081 1 3 0
7 82861 68081 2 4 0
7 82861 49885 0 2 0
7 82861 49885 1 3 0
7 82861 49885 2 4 0
7 82861 3427 0 4 0
7 82861 3427 1 1 0
7 82861 3427 2 2 0
7 82861 55335 0 4 0
7 82861 55335 1 1 0
7 82861 55335 2 2 0
7 82861 8977 0 2 0
7 82861 8977 1 3 0
7 82861 8977 2 4 0
7 82861 6891 0 4 0
7 82861 6891 1 1 0
7 82861 6891 2 2 0
7 82861 78063 0 4 0
7 82861 78063 1 1 0
7 82861 78063 2 2 0
7 82861 44225 0 2 0
7 82861 44225 1 3 0
7 82861 44225 2 4 0
7 82861 43145 0 2 0
7 82861 43145 1 3 0
7 82861 43145 2 4 0
7 82861 34715 0 4 0
7 82861 34715 1 1 0
7 82861 34715 2 2 0
7 82861 63501 0 2 0
7 82861 63501 1 3 0
7 82861 63501 2 4 0
7 82861 17671 0 4 0
7 82861 17671 1 1 0
7 82861 17671 2 2 0
7 82861 49231 0 4 0
7 82861 49231 1 1 0
7 82861 49231 2 2 0
7 82861 47979 0 4 0
7 82861 47979 1 1 0
7 82861 47979 2 2 0
7 82861 49871 0 4 0
7 82861 49871 1 1 0
7 82861 49871 2 2 0
7 82861 40173 0 2 0
7 82861 40173 1 3 0
7 82861 40173 2 4 0
7 82861 42909 0 2 0
7 82861 42909 1 3 0
7 82861 42909 2 4 0
7 82861 35345 0 2 0
7 82861 35345 1 3 0
7 82861 35345 2 4 0
7 82861 4151 0 4 0
7 82861 4151 1 1 0
7 82861 4151 2 2 0
7 82861 64073 0 2 0
7 82861 64073 1 3 0
7 82861 64073 2 4 0
7 82861 5993 0 2 0
7 82861 5993 1 3 0
7 82861 5993 2 4 0
7 82861 8423 0 4 0
7 82861 8423 1 1 0
7 82861 8423 2 2 0
7 82861 52691 0 4 0
7 82861 52691 1 1 0
7 82861 52691 2 2 0
7 82861 45425 0 2 0
7 82861 45425 1 3 0
7 82861 45425 2 4 0
7 82861 23655 0 4 0
7 82861 23655 1 1 0
7 82861 23655 2 2 0
7 82861 28431 0 4 0
7 82861 28431 1 1 0
7 82861 28431 2 2 0
7 82861 34559 0 4 0
7 82861 34559 1 1 0
7 82861 34559 2 2 0
7 82861 79819 0 4 0
7 82861 79819 1 1 0
7 82861 79819 2 2 0
7 82861 12605 0 2 0
7 82861 12605 1 3 0
7 82861 12605 2 4 0
7 82861 53545 0 2 0
7 82861 53545 1 3 0
7 82861 53545 2 4 0
7 82861 56207 0 4 0
7 82861 56207 1 1 0
7 82861 56207 2 2 0
7 82861 8743 0 4 0
7 82861 8743 1 1 0
7 82861 8743 2 2 0
7 82861 81447 0 4 0
7 82861 81447 1 1 0
7 82861 81447 2 2 0
7 82861 21133 0 2 0
7 82861 21133 1 3 0
7 82861 21133 2 4 0
7 82861 71441 0 2 0
7 82861 71441 1 3 0
7 82861 71441 2 4 0
7 82861 45545 0 2 0
7 82861 45545 1 3 0
7 82861 45545 2 4 0
7 82861 53451 0 4 0
7 82861 53451 1 1 0
7 82861 53451 2 2 0
7 82861 68489 0 2 0
7 82861 68489 1 3 0
7 82861 68489 2 4 0
7 82861 35105 0 2 0
7 82861 35105 1 3 0
7 82861 35105 2 4 0
7 82861 29071 0 4 0
7 82861 29071 1 1 0
7 82861 29071 2 2 0
7 82861 42175 0 4 0
7 82861 42175 1 1 0
7 82861 42175 2 2 0
7 82861 62655 0 4 0
7 82861 62655 1 1 0
7 82861 62655 2 2 0
7 82861 51873 0 2 0
7 82861 51873 1 3 0
7 82861 51873 2 4 0
7 82861 26705 0 2 0
7 82861 26705 1 3 0
7 82861 26705 2 4 0
7 82861 60927 0 4 0
7 82861 60927 1 1 0
7 82861 60927 2 2 0
7 82861 11469 0 2 0
7 82861 11469 1 3 0
7 82861 11469 2 4 0
7 82861 12705 0 2 0
7 82861 12705 1 3 0
7 82861 12705 2 4 0
7 82861 33055 0 4 0
7 82861 33055 1 1 0
7 82861 33055 2 2 0
7 82861 75967 0 4 0
7 82861 75967 1 1 0
7 82861 75967 2 2 0
7 82861 47451 0 4 0
7 82861 47451 1 1 0
7 82861 47451 2 2 0
7 82861 72035 0 4 0
7 82861 72035 1 1 0
7 82861 72035 2 2 0
7 82861 60181 0 2 0
7 82861 60181 1 3 0
7 82861 60181 2 4 0
7 82861 41395 0 4 0
7 82861 41395 1 1 0
7 82861 41395 2 2 0
7 82861 32105 0 2 0
7 82861 32105 1 3 0
7 82861 32105 2 4 0
7 82861 60507 0 4 0
7 82861 60507 1 1 0
7 82861 60507 2 2 0
7 82861 9361 0 2 0
7 82861 9361 1 3 0
7 82861 9361 2 4 0
7 82861 1955 0 4 0
7 82861 1955 1 1 0
7 82861 1955 2 2 0
7 82861 80055 0 4 0
7 82861 80055 1 1 0
7 82861 80055 2 2 0
7 82861 76559 0 4 0
7 82861 76559 1 1 0
7 82861 76559 2 2 0
7 82861 81571 0 4 0
7 82861 81571 1 1 0
7 82861 81571 2 2 0
7 82861 51443 0 4 0
7 82861 51443 1 1 0
7 82861 51443 2 2 0
7 82861 46413 0 2 0
7 82861 46413 1 3 0
7 82861 46413 2 4 0
7 82861 49605 0 2 0
7 82861 49605 1 3 0
7 82861 49605 2 4 0
7 82861 64189 0 2 0
7 82861 64189 1 3 0
7 82861 64189 2 4 0
7 82861 80723 0 4 0
7 82861 80723 1 1 0
7 82861 80723 2 2 0
7 82861 81259 0 4 0
7 82861 81259 1 1 0
7 82861 81259 2 2 0
7 82861 43449 0 2 0
7 82861 43449 1 3 0
7 82861 43449 2 4 0
7 82861 15349 0 2 0
7 82861 15349 1 3 0
7 82861 15349 2 4 0
7 82861 12365 0 2 0
7 82861 12365 1 3 0
7 82861 12365 2 4 0
7 82861 72437 0 2 0
7 82861 72437 1 3 0
7 82861 72437 2 4 0
7 82861 48109 0 2 0
7 82861 48109 1 3 0
7 82861 48109 2 4 0
7 82861 33067 0 4 0
7 82861 33067 1 1 0
7 82861 33067 2 2 0
7 82861 49823 0 4 0
7 82861 49823 1 1 0
7 82861 49823 2 2 0
7 82861 29599 0 4 0
7 82861 29599 1 1 0
7 82861 29599 2 2 0
7 82861 13371 0 4 0
7 82861 13371 1 1 0
7 82861 13371 2 2 0
7 82861 19571 0 4 0
7 82861 19571 1 1 0
7 82861 19571 2 2 0
7 82861 20737 0 2 0
7 82861 20737 1 3 0
7 82861 20737 2 4 0
7 82861 50423 0 4 0
7 82861 50423 1 1 0
7 82861 50423 2 2 0
7 82861 38099 0 4 0
7 82861 38099 1 1 0
7 82861 38099 2 2 0
7 82861 46115 0 4 0
7 82861 46115 1 1 0
7 82861 46115 2 2 0
7 82861 76239 0 4 0
7 82861 76239 1 1 0
7 82861 76239 2 2 0
7 82861 39307 0 4 0
7 82861 39307 1 1 0
7 82861 39307 2 2 0
7 82861 22473 0 2 0
7 82861 22473 1 3 0
7 82861 22473 2 4 0
7 82861 81665 0 2 0
7 82861 81665 1 3 0
7 82861 81665 2 4 0
7 82861 45033 0 2 0
7 82861 45033 1 3 0
7 82861 45033 2 4 0
7 82861 14431 0 4 0
7 82861 14431 1 1 0
7 82861 14431 2 2 0
7 82861 61593 0 2 0
7 82861 61593 1 3 0
7 82861 61593 2 4 0
7 82861 78703 0 4 0
7 82861 78703 1 1 0
7 82861 78703 2 2 0
7 82861 6563 0 4 0
7 82861 6563 1 1 0
7 82861 6563 2 2 0
7 82861 44969 0 2 0
7 82861 44969 1 3 0
7 82861 44969 2 4 0
7 82861 20703 0 4 0
7 82861 20703 1 1 0
7 82861 20703 2 2 0
7 82861 51285 0 2 0
7 82861 51285 1 3 0
7 82861 51285 2 4 0
7 82861 67873 0 2 0
7 82861 67873 1 3 0
7 82861 67873 2 4 0
7 82861 76989 0 2 0
7 82861 76989 1 3 0
7 82861 76989 2 4 0
7 82861 76021 0 2 0
7 82861 76021 1 3 0
7 82861 76021 2 4 0
7 82861 43407 0 4 0
7 82861 43407 1 1 0
7 82861 43407 2 2 0
7 82861 21119 0 4 0
7 82861 21119 1 1 0
7 82861 21119 2 2 0
7 82861 17899 0 4 0
7 82861 17899 1 1 0
7 82861 17899 2 2 0
7 82861 40657 0 2 0
7 82861 40657 1 3 0
7 82861 40657 2 4 0
7 82861 29259 0 4 0
7 82861 29259 1 1 0
7 82861 29259 2 2 0
7 82861 33485 0 2 0
7 82861 33485 1 3 0
7 82861 33485 2 4 0
7 82861 45367 0 4 0
7 82861 45367 1 1 0
7 82861 45367 2 2 0
7 82861 71003 0 4 0
7 82861 71003 1 1 0
7 82861 71003 2 2 0
7 82861 27749 0 2 0
7 82861 27749 1 3 0
7 82861 27749 2 4 0
7 82861 23411 0 4 0
7 82861 23411 1 1 0
7 82861 23411 2 2 0
7 82861 80027 0 4 0
7 82861 80027 1 1 0
7 82861 80027 2 2 0
7 82861 5765 0 2 0
7 82861 5765 1 3 0
7 82861 5765 2 4 0
7 82861 44855 0 4 0
7 82861 44855 1 1 0
7 82861 44855 2 2 0
7 82861 26873 0 2 0
7 82861 26873 1 3 0
7 82861 26873 2 4 0
7 82861 19309 0 2 0
7 82861 19309 1 3 0
7 82861 19309 2 4 0
7 82861 13237 0 2 0
7 82861 13237 1 3 0
7 82861 13237 2 4 0
7 82861 42397 0 2 0
7 82861 42397 1 3 0
7 82861 42397 2 4 0
7 82861 74307 0 4 0
7 82861 74307 1 1 0
7 82861 74307 2 2 0
7 82861 78055 0 4 0
7 82861 78055 1 1 0
7 82861 78055 2 2 0
7 82861 33463 0 4 0
7 82861 33463 1 1 0
7 82861 33463 2 2 0
7 82861 80641 0 2 0
7 82861 80641 1 3 0
7 82861 80641 2 4 0
7 82861 3695 0 4 0
7 82861 3695 1 1 0
7 82861 3695 2 2 0
8 82861 45645 0 2 0
8 82861 45645 1 3 0
8 82861 45645 2 4 0
8 82861 17693 0 2 0
8 82861 17693 1 3 0
8 82861 17693 2 4 0
8 82861 70419 0 4 0
8 82861 70419 1 1 0
8 82861 70419 2 2 0
8 82861 65071 0 4 0
8 82861 65071 1 1 0
8 82861 65071 2 2 0
8 82861 8693 0 2 0
8 82861 8693 1 3 0
8 82861 8693 2 4 0
8 82861 4465 0 2 0
8 82861 4465 1 3 0
8 82861 4465 2 4 0
8 82861 10073 0 2 0
8 82861 10073 1 3 0
8 82861 10073 2 4 0
8 82861 55855 0 4 0
8 82861 55855 1 1 0
8 82861 55855 2 2 0
8 82861 81085 0 2 0
8 82861 81085 1 3 0
8 82861 81085 2 4 0
8 82861 12489 0 2 0
8 82861 12489 1 3 0
8 82861 12489 2 4 0
8 82861 62045 0 2 0
8 82861 62045 1 3 0
8 82861 62045 2 4 0
8 82861 75869 0 2 0
8 82861 75869 1 3 0
8 82861 75869 2 4 0
8 82861 67671 0 4 0
8 82861 67671 1 1 0
8 82861 67671 2 2 0
8 82861 43953 0 2 0
8 82861 43953 1 3 0
8 82861 43953 2 4 0
8 82861 12393 0 2 0
8 82861 12393 1 3 0
8 82861 12393 2 4 0
8 82861 54055 0 4 0
8 82861 54055 1 1 0
8 82861 54055 2 2 0
8 82861 12293 0 2 0
8 82861 12293 1 3 0
8 82861 12293 2 4 0
8 82861 9531 0 4 0
8 82861 9531 1 1 0
8 82861 9531 2 2 0
8 82861 25555 0 4 0
8 82861 25555 1 1 0
8 82861 25555 2 2 0
8 82861 79761 0 2 0
8 82861 79761 1 3 0
8 82861 79761 2 4 0
8 82861 61341 0 2 0
8 82861 61341 1 3 0
8 82861 61341 2 4 0
8 82861 43391 0 4 0
8 82861 43391 1 1 0
8 82861 43391 2 2 0
8 82861 7243 0 4 0
8 82861 7243 1 1 0
8 82861 7243 2 2 0
8 82861 54849 0 2 0
8 82861 54849 1 3 0
8 82861 54849 2 4 0
8 82861 50907 0 4 0
8 82861 50907 1 1 0
8 82861 50907 2 2 0
8 82861 60761 0 2 0
8 82861 60761 1 3 0
8 82861 60761 2 4 0
8 82861 57163 0 4 0
8 82861 57163 1 1 0
8 82861 57163 2 2 0
8 82861 17289 0 2 0
8 82861 17289 1 3 0
8 82861 17289 2 4 0
8 82861 57319 0 4 0
8 82861 57319 1 1 0
8 82861 57319 2 2 0
8 82861 22635 0 4 0
8 82861 22635 1 1 0
8 82861 22635 2 2 0
8 82861 76605 0 2 0
8 82861 76605 1 3 0
8 82861 76605 2 4 0
8 82861 62239 0 4 0
8 82861 62239 1 1 0
8 82861 62239 2 2 0
8 82861 73791 0 4 0
8 82861 73791 1 1 0
8 82861 73791 2 2 0
8 82861 44371 0 4 0
8 82861 44371 1 1 0
8 82861 44371 2 2 0
8 82861 72071 0 4 0
8 82861 72071 1 1 0
8 82861 72071 2 2 0
8 82861 48331 0 4 0
8 82861 48331 1 1 0
8 82861 48331 2 2 0
8 82861 44053 0 2 0
8 82861 44053 1 3 0
8 82861 44053 2 4 0
8 82861 31695 0 4 0
8 82861 31695 1 1 0
8 82861 31695 2 2 0
8 82861 38775 0 4 0
8 82861 38775 1 1 0
8 82861 38775 2 2 0
8 82861 41775 0 4 0
8 82861 41775 1 1 0
8 82861 41775 2 2 0
8 82861 72221 0 2 0
8 82861 72221 1 3 0
8 82861 72221 2 4 0
8 82861 42399 0 4 0
8 82861 42399 1 1 0
8 82861 42399 2 2 0
8 82861 41475 0 4 0
8 82861 41475 1 1 0
8 82861 41475 2 2 0
8 82861 67807 0 4 0
8 82861 67807 1 1 0
8 82861 67807 2 2 0
8 82861 16493 0 2 0
8 82861 16493 1 3 0
8 82861 16493 2 4 0
8 82861 74001 0 2 0
8 82861 74001 1 3 0
8 82861 74001 2 4 0
8 82861 31701 0 2 0
8 82861 31701 1 3 0
8 82861 31701 2 4 0
8 82861 11713 0 2 0
8 82861 11713 1 3 0
8 82861 11713 2 4 0
8 82861 32047 0 4 0
8 82861 32047 1 1 0
8 82861 32047 2 2 0
8 82861 37441 0 2 0
8 82861 37441 1 3 0
8 82861 37441 2 4 0
8 82861 8959 0 4 0
8 82861 8959 1 1 0
8 82861 8959 2 2 0
8 82861 53023 0 4 0
8 82861 53023 1 1 0
8 82861 53023 2 2 0
8 82861 9593 0 2 0
8 82861 9593 1 3 0
8 82861 9593 2 4 0
8 82861 9187 0 4 0
8 82861 9187 1 1 0
8 82861 9187 2 2 0
8 82861 6511 0 4 0
8 82861 6511 1 1 0
8 82861 6511 2 2 0
8 82861 6997 0 2 0
8 82861 6997 1 3 0
8 82861 6997 2 4 0
8 82861 45089 0 2 0
8 82861 45089 1 3 0
8 82861 45089 2 4 0
8 82861 74111 0 4 0
8 82861 74111 1 1 0
8 82861 74111 2 2 0
8 82861 75907 0 4 0
8 82861 75907 1 1 0
8 82861 75907 2 2 0
8 82861 12753 0 2 0
8 82861 12753 1 3 0
8 82861 12753 2 4 0
8 82861 43563 0 4 0
8 82861 43563 1 1 0
8 82861 43563 2 2 0
8 82861 52329 0 2 0
8 82861 52329 1 3 0
8 82861 52329 2 4 0
8 82861 62647 0 4 0
8 82861 62647 1 1 0
8 82861 62647 2 2 0
8 82861 16965 0 2 0
8 82861 16965 1 3 0
8 82861 16965 2 4 0
8 82861 55249 0 2 0
8 82861 55249 1 3 0
8 82861 55249 2 4 0
8 82861 40883 0 4 0
8 82861 40883 1 1 0
8 82861 40883 2 2 0
8 82861 12453 0 2 0
8 82861 12453 1 3 0
8 82861 12453 2 4 0
8 82861 15061 0 2 0
8 82861 15061 1 3 0
8 82861 15061 2 4 0
8 82861 39881 0 2 0
8 82861 39881 1 3 0
8 82861 39881 2 4 0
8 82861 79391 0 4 0
8 82861 79391 1 1 0
8 82861 79391 2 2 0
8 82861 75421 0 2 0
8 82861 75421 1 3 0
8 82861 75421 2 4 0
8 82861 44889 0 2 0
8 82861 44889 1 3 0
8 82861 44889 2 4 0
8 82861 30729 0 2 0
8 82861 30729 1 3 0
8 82861 30729 2 4 0
8 82861 57795 0 4 0
8 82861 57795 1 1 0
8 82861 57795 2 2 0
8 82861 63341 0 2 0
8 82861 63341 1 3 0
8 82861 63341 2 4 0
8 82861 7631 0 4 0
8 82861 7631 1 1 0
8 82861 7631 2 2 0
8 82861 16687 0 4 0
8 82861 16687 1 1 0
8 82861 16687 2 2 0
8 82861 14931 0 4 0
8 82861 14931 1 1 0
8 82861 14931 2 2 0
8 82861 49563 0 4 0
8 82861 49563 1 1 0
8 82861 49563 2 2 0
8 82861 64057 0 2 0
8 82861 64057 1 3 0
8 82861 64057 2 4 0
8 82861 7983 0 4 0
8 82861 7983 1 1 0
8 82861 7983 2 2 0
8 82861 53415 0 4 0
8 82861 53415 1 1 0
8 82861 53415 2 2 0
8 82861 15359 0 4 0
8 82861 15359 1 1 0
8 82861 15359 2 2 0
8 82861 80107 0 4 0
8 82861 80107 1 1 0
8 82861 80107 2 2 0
8 82861 46083 0 4 0
8 82861 46083 1 1 0
8 82861 46083 2 2 0
8 82861 5793 0 2 0
8 82861 5793 1 3 0
8 82861 5793 2 4 0
8 82861 30859 0 4 0
8 82861 30859 1 1 0
8 82861 30859 2 2 0
8 82861 54367 0 4 0
8 82861 54367 1 1 0
8 82861 54367 2 2 0
8 82861 5895 0 4 0
8 82861 5895 1 1 0
8 82861 5895 2 2 0
8 82861 18013 0 2 0
8 82861 18013 1 3 0
8 82861 18013 2 4 0
8 82861 77607 0 4 0
8 82861 77607 1 1 0
8 82861 77607 2 2 0
8 82861 63651 0 4 0
8 82861 63651 1 1 0
8 82861 63651 2 2 0
8 82861 76431 0 4 0
8 82861 76431 1 1 0
8 82861 76431 2 2 0
8 82861 70531 0 4 0
8 82861 70531 1 1 0
8 82861 70531 2 2 0
8 82861 72113 0 2 0
8 82861 72113 1 3 0
8 82861 72113 2 4 0
8 82861 74903 0 4 0
8 82861 74903 1 1 0
8 82861 74903 2 2 0
8 82861 49921 0 2 0
8 82861 49921 1 3 0
8 82861 49921 2 4 0
8 82861 20015 0 4 0
8 82861 20015 1 1 0
8 82861 20015 2 2 0
8 82861 38545 0 2 0
8 82861 38545 1 3 0
8 82861 38545 2 4 0
8 82861 855 0 4 0
8 82861 855 1 1 0
8 82861 855 2 2 0
8 82861 16665 0 2 0
8 82861 16665 1 3 0
8 82861 16665 2 4 0
8 82861 46099 0 4 0
8 82861 46099 1 1 0
8 82861 46099 2 2 0
8 82861 58101 0 2 0
8 82861 58101 1 3 0
8 82861 58101 2 4 0
8 82861 22817 0 2 0
8 82861 22817 1 3 0
8 82861 22817 2 4 0
8 82861 38861 0 2 0
8 82861 38861 1 3 0
8 82861 38861 2 4 0
8 82861 53827 0 4 0
8 82861 53827 1 1 0
8 82861 53827 2 2 0
8 82861 33973 0 2 0
8 82861 33973 1 3 0
8 82861 33973 2 4 0
8 82861 78081 0 2 0
8 82861 78081 1 3 0
8 82861 78081 2 4 0
8 82861 70445 0 2 0
8 82861 70445 1 3 0
8 82861 70445 2 4 0
8 82861 19943 0 4 0
8 82861 19943 1 1 0
8 82861 19943 2 2 0
8 82861 69209 0 2 0
8 82861 69209 1 3 0
8 82861 69209 2 4 0
8 82861 20961 0 2 0
8 82861 20961 1 3 0
8 82861 20961 2 4 0
8 82861 64919 0 4 0
8 82861 64919 1 1 0
8 82861 64919 2 2 0
8 82861 6851 0 4 0
8 82861 6851 1 1 0
8 82861 6851 2 2 0
8 82861 18847 0 4 0
8 82861 18847 1 1 0
8 82861 18847 2 2 0
8 82861 63371 0 4 0
8 82861 63371 1 1 0
8 82861 63371 2 2 0
8 82861 43809 0 2 0
8 82861 43809 1 3 0
8 82861 43809 2 4 0
8 82861 25377 0 2 0
8 82861 25377 1 3 0
8 82861 25377 2 4 0
8 82861 53581 0 2 0
8 82861 53581 1 3 0
8 82861 53581 2 4 0
8 82861 10715 0 4 0
8 82861 10715 1 1 0
8 82861 10715 2 2 0
8 82861 41979 0 4 0
8 82861 41979 1 1 0
8 82861 41979 2 2 0
8 82861 60263 0 4 0
8 82861 60263 1 1 0
8 82861 60263 2 2 0
8 82861 69319 0 4 0
8 82861 69319 1 1 0
8 82861 69319 2 2 0
8 82861 1693 0 2 0
8 82861 1693 1 3 0
8 82861 1693 2 4 0
8 82861 57979 0 4 0
8 82861 57979 1 1 0
8 82861 57979 2 2 0
8 82861 81019 0 4 0
8 82861 81019 1 1 0
8 82861 81019 2 2 0
8 82861 58501 0 2 0
8 82861 58501 1 3 0
8 82861 58501 2 4 0
8 82861 6519 0 4 0
8 82861 6519 1 1 0
8 82861 6519 2 2 0
8 82861 49293 0 2 0
8 82861 49293 1 3 0
8 82861 49293 2 4 0
8 82861 47771 0 4 0
8 82861 47771 1 1 0
8 82861 47771 2 2 0
8 82861 8397 0 2 0
8 82861 8397 1 3 0
8 82861 8397 2 4 0
8 82861 52099 0 4 0
8 82861 52099 1 1 0
8 82861 52099 2 2 0
8 82861 81581 0 2 0
8 82861 81581 1 3 0
8 82861 81581 2 4 0
8 82861 72957 0 2 0
8 82861 72957 1 3 0
8 82861 72957 2 4 0
8 82861 36423 0 4 0
8 82861 36423 1 1 0
8 82861 36423 2 2 0
8 82861 13213 0 2 0
8 82861 13213 1 3 0
8 82861 13213 2 4 0
8 82861 75581 0 2 0
8 82861 75581 1 3 0
8 82861 75581 2 4 0
8 82861 15991 0 4 0
8 82861 15991 1 1 0
8 82861 15991 2 2 0
8 82861 17911 0 4 0
8 82861 17911 1 1 0
8 82861 17911 2 2 0
8 82861 6075 0 4 0
8 82861 6075 1 1 0
8 82861 6075 2 2 0
8 82861 3229 0 2 0
8 82861 3229 1 3 0
8 82861 3229 2 4 0
8 82861 80349 0 2 0
8 82861 80349 1 3 0
8 82861 80349 2 4 0
8 82861 54065 0 2 0
8 82861 54065 1 3 0
8 82861 54065 2 4 0
8 82861 44067 0 4 0
8 82861 44067 1 1 0
8 82861 44067 2 2 0
8 82861 31113 0 2 0
8 82861 31113 1 3 0
8 82861 31113 2 4 0
8 82861 41781 0 2 0
8 82861 41781 1 3 0
8 82861 41781 2 4 0
8 82861 12941 0 2 0
8 82861 12941 1 3 0
8 82861 12941 2 4 0
8 82861 52071 0 4 0
8 82861 52071 1 1 0
8 82861 52071 2 2 0
8 82861 58631 0 4 0
8 82861 58631 1 1 0
8 82861 58631 2 2 0
8 82861 23579 0 4 0
8 82861 23579 1 1 0
8 82861 23579 2 2 0
8 82861 20513 0 2 0
8 82861 20513 1 3 0
8 82861 20513 2 4 0
8 82861 16271 0 4 0
8 82861 16271 1 1 0
8 82861 16271 2 2 0
8 82861 48629 0 2 0
8 82861 48629 1 3 0
8 82861 48629 2 4 0
8 82861 12387 0 4 0
8 82861 12387 1 1 0
8 82861 12387 2 2 0
8 82861 34371 0 4 0
8 82861 34371 1 1 0
8 82861 34371 2 2 0
8 82861 66607 0 4 0
8 82861 66607 1 1 0
8 82861 66607 2 2 0
8 82861 62163 0 4 0
8 82861 62163 1 1 0
8 82861 62163 2 2 0
8 82861 34555 0 4 0
8 82861 34555 1 1 0
8 82861 34555 2 2 0
8 82861 18507 0 4 0
8 82861 18507 1 1 0
8 82861 18507 2 2 0
8 82861 26419 0 4 0
8 82861 26419 1 1 0
8 82861 26419 2 2 0
8 82861 42125 0 2 0
8 82861 42125 1 3 0
8 82861 42125 2 4 0
8 82861 57673 0 2 0
8 82861 57673 1 3 0
8 82861 57673 2 4 0
8 82861 45765 0 2 0
8 82861 45765 1 3 0
8 82861 45765 2 4 0
8 82861 16741 0 2 0
8 82861 16741 1 3 0
8 82861 16741 2 4 0
8 82861 9163 0 4 0
8 82861 9163 1 1 0
8 82861 9163 2 2 0
8 82861 2159 0 4 0
8 82861 2159 1 1 0
8 82861 2159 2 2 0
8 82861 69519 0 4 0
8 82861 69519 1 1 0
8 82861 69519 2 2 0
8 82861 71727 0 4 0
8 82861 71727 1 1 0
8 82861 71727 2 2 0
8 82861 43177 0 2 0
8 82861 43177 1 3 0
8 82861 43177 2 4 0
8 82861 41735 0 4 0
8 82861 41735 1 1 0
8 82861 41735 2 2 0
8 82861 73925 0 2 0
8 82861 73925 1 3 0
8 82861 73925 2 4 0
8 82861 65073 0 2 0
8 82861 65073 1 3 0
8 82861 65073 2 4 0
8 82861 74863 0 4 0
8 82861 74863 1 1 0
8 82861 74863 2 2 0
8 82861 72177 0 2 0
8 82861 72177 1 3 0
8 82861 72177 2 4 0
8 82861 70731 0 4 0
8 82861 70731 1 1 0
8 82861 70731 2 2 0
8 82861 37781 0 2 0
8 82861 37781 1 3 0
8 82861 37781 2 4 0
8 82861 38299 0 4 0
8 82861 38299 1 1 0
8 82861 38299 2 2 0
8 82861 80635 0 4 0
8 82861 80635 1 1 0
8 82861 80635 2 2 0
8 82861 73371 0 4 0
8 82861 73371 1 1 0
8 82861 73371 2 2 0
8 82861 55395 0 4 0
8 82861 55395 1 1 0
8 82861 55395 2 2 0
8 82861 35939 0 4 0
8 82861 35939 1 1 0
8 82861 35939 2 2 0
8 82861 1325 0 2 0
8 82861 1325 1 3 0
8 82861 1325 2 4 0
8 82861 37103 0 4 0
8 82861 37103 1 1 0
8 82861 37103 2 2 0
8 82861 20095 0 4 0
8 82861 20095 1 1 0
8 82861 20095 2 2 0
8 82861 47045 0 2 0
8 82861 47045 1 3 0
8 82861 47045 2 4 0
8 82861 71465 0 2 0
8 82861 71465 1 3 0
8 82861 71465 2 4 0
8 82861 69819 0 4 0
8 82861 69819 1 1 0
8 82861 69819 2 2 0
8 82861 18397 0 2 0
8 82861 18397 1 3 0
8 82861 18397 2 4 0
8 82861 52347 0 4 0
8 82861 52347 1 1 0
8 82861 52347 2 2 0
8 82861 23701 0 2 0
8 82861 23701 1 3 0
8 82861 23701 2 4 0
8 82861 16077 0 2 0
8 82861 16077 1 3 0
8 82861 16077 2 4 0
8 82861 21325 0 2 0
8 82861 21325 1 3 0
8 82861 21325 2 4 0
8 82861 78545 0 2 0
8 82861 78545 1 3 0
8 82861 78545 2 4 0
8 82861 61795 0 4 0
8 82861 61795 1 1 0
8 82861 61795 2 2 0
8 82861 40425 0 2 0
8 82861 40425 1 3 0
8 82861 40425 2 4 0
8 82861 71275 0 4 0
8 82861 71275 1 1 0
8 82861 71275 2 2 0
8 82861 16223 0 4 0
8 82861 16223 1 1 0
8 82861 16223 2 2 0
8 82861 78575 0 4 0
8 82861 78575 1 1 0
8 82861 78575 2 2 0
8 82861 79439 0 4 0
8 82861 79439 1 1 0
8 82861 79439 2 2 0
8 82861 26801 0 2 0
8 82861 26801 1 3 0
8 82861 26801 2 4 0
8 82861 57807 0 4 0
8 82861 57807 1 1 0
8 82861 57807 2 2 0
8 82861 25491 0 4 0
8 82861 25491 1 1 0
8 82861 25491 2 2 0
8 82861 53051 0 4 0
8 82861 53051 1 1 0
8 82861 53051 2 2 0
8 82861 22005 0 2 0
8 82861 22005 1 3 0
8 82861 22005 2 4 0
8 82861 76969 0 2 0
8 82861 76969 1 3 0
8 82861 76969 2 4 0
8 82861 47461 0 2 0
8 82861 47461 1 3 0
8 82861 47461 2 4 0
8 82861 5591 0 4 0
8 82861 5591 1 1 0
8 82861 5591 2 2 0
8 82861 71791 0 4 0
8 82861 71791 1 1 0
8 82861 71791 2 2 0
8 82861 35209 0 2 0
8 82861 35209 1 3 0
8 82861 35209 2 4 0
8 82861 81359 0 4 0
8 82861 81359 1 1 0
8 82861 81359 2 2 0
8 82861 9141 0 2 0
8 82861 9141 1 3 0
8 82861 9141 2 4 0
8 82861 18957 0 2 0
8 82861 18957 1 3 0
8 82861 18957 2 4 0
8 82861 32929 0 2 0
8 82861 32929 1 3 0
8 82861 32929 2 4 0
8 82861 78641 0 2 0
8 82861 78641 1 3 0
8 82861 78641 2 4 0
8 82861 25563 0 4 0
8 82861 25563 1 1 0
8 82861 25563 2 2 0
8 82861 75909 0 2 0
8 82861 75909 1 3 0
8 82861 75909 2 4 0
8 82861 51687 0 4 0
8 82861 51687 1 1 0
8 82861 51687 2 2 0
8 82861 76691 0 4 0
8 82861 76691 1 1 0
8 82861 76691 2 2 0
8 82861 1429 0 2 0
8 82861 1429 1 3 0
8 82861 1429 2 4 0
8 82861 34727 0 4 0
8 82861 34727 1 1 0
8 82861 34727 2 2 0
8 82861 57759 0 4 0
8 82861 57759 1 1 0
8 82861 57759 2 2 0
8 82861 52021 0 2 0
8 82861 52021 1 3 0
8 82861 52021 2 4 0
8 82861 17757 0 2 0
8 82861 17757 1 3 0
8 82861 17757 2 4 0
8 82861 13261 0 2 0
8 82861 13261 1 3 0
8 82861 13261 2 4 0
8 82861 71759 0 4 0
8 82861 71759 1 1 0
8 82861 71759 2 2 0
8 82861 217 0 2 0
8 82861 217 1 3 0
8 82861 217 2 4 0
8 82861 31723 0 4 0
8 82861 31723 1 1 0
8 82861 31723 2 2 0
8 82861 21157 0 2 0
8 82861 21157 1 3 0
8 82861 21157 2 4 0
8 82861 13057 0 2 0
8 82861 13057 1 3 0
8 82861 13057 2 4 0
8 82861 68715 0 4 0
8 82861 68715 1 1 0
8 82861 68715 2 2 0
8 82861 25997 0 2 0
8 82861 25997 1 3 0
8 82861 25997 2 4 0
8 82861 37031 0 4 0
8 82861 37031 1 1 0
8 82861 37031 2 2 0
8 82861 44823 0 4 0
8 82861 44823 1 1 0
8 82861 44823 2 2 0
8 82861 23223 0 4 0
8 82861 23223 1 1 0
8 82861 23223 2 2 0
8 82861 52819 0 4 0
8 82861 52819 1 1 0
8 82861 52819 2 2 0
8 82861 26791 0 4 0
8 82861 26791 1 1 0
8 82861 26791 2 2 0
8 82861 33403 0 4 0
8 82861 33403 1 1 0
8 82861 33403 2 2 0
8 82861 2631 0 4 0
8 82861 2631 1 1 0
8 82861 2631 2 2 0
8 82861 15617 0 2 0
8 82861 15617 1 3 0
8 82861 15617 2 4 0
8 82861 22091 0 4 0
8 82861 22091 1 1 0
8 82861 22091 2 2 0
8 82861 16795 0 4 0
8 82861 16795 1 1 0
8 82861 16795 2 2 0
8 82861 50117 0 2 0
8 82861 50117 1 3 0
8 82861 50117 2 4 0
8 82861 74959 0 4 0
8 82861 74959 1 1 0
8 82861 74959 2 2 0
8 82861 32953 0 2 0
8 82861 32953 1 3 0
8 82861 32953 2 4 0
8 82861 64473 0 2 0
8 82861 64473 1 3 0
8 82861 64473 2 4 0
8 82861 12807 0 4 0
8 82861 12807 1 1 0
8 82861 12807 2 2 0
8 82861 73491 0 4 0
8 82861 73491 1 1 0
8 82861 73491 2 2 0
8 82861 26765 0 2 0
8 82861 26765 1 3 0
8 82861 26765 2 4 0
8 82861 81483 0 4 0
8 82861 81483 1 1 0
8 82861 81483 2 2 0
8 82861 35561 0 2 0
8 82861 35561 1 3 0
8 82861 35561 2 4 0
8 82861 68325 0 2 0
8 82861 68325 1 3 0
8 82861 68325 2 4 0
8 82861 49953 0 2 0
8 82861 49953 1 3 0
8 82861 49953 2 4 0
8 82861 73389 0 2 0
8 82861 73389 1 3 0
8 82861 73389 2 4 0
8 82861 62355 0 4 0
8 82861 62355 1 1 0
8 82861 62355 2 2 0
8 82861 5505 0 2 0
8 82861 5505 1 3 0
8 82861 5505 2 4 0
8 82861 37917 0 2 0
8 82861 37917 1 3 0
8 82861 37917 2 4 0
8 82861 43477 0 2 0
8 82861 43477 1 3 0
8 82861 43477 2 4 0
8 82861 55785 0 2 0
8 82861 55785 1 3 0
8 82861 55785 2 4 0
8 82861 49059 0 4 0
8 82861 49059 1 1 0
8 82861 49059 2 2 0
8 82861 59349 0 2 0
8 82861 59349 1 3 0
8 82861 59349 2 4 0
8 82861 29929 0 2 0
8 82861 29929 1 3 0
8 82861 29929 2 4 0
8 82861 8309 0 2 0
8 82861 8309 1 3 0
8 82861 8309 2 4 0
8 82861 44609 0 2 0
8 82861 44609 1 3 0
8 82861 44609 2 4 0
8 82861 39585 0 2 0
8 82861 39585 1 3 0
8 82861 39585 2 4 0
8 82861 74459 0 4 0
8 82861 74459 1 1 0
8 82861 74459 2 2 0
8 82861 50459 0 4 0
8 82861 50459 1 1 0
8 82861 50459 2 2 0
8 82861 25495 0 4 0
8 82861 25495 1 1 0
8 82861 25495 2 2 0
8 82861 15693 0 2 0
8 82861 15693 1 3 0
8 82861 15693 2 4 0
8 82861 42727 0 4 0
8 82861 42727 1 1 0
8 82861 42727 2 2 0
8 82861 7089 0 2 0
8 82861 7089 1 3 0
8 82861 7089 2 4 0
8 82861 72593 0 2 0
8 82861 72593 1 3 0
8 82861 72593 2 4 0
8 82861 28929 0 2 0
8 82861 28929 1 3 0
8 82861 28929 2 4 0
8 82861 3411 0 4 0
8 82861 3411 1 1 0
8 82861 3411 2 2 0
8 82861 42187 0 4 0
8 82861 42187 1 1 0
8 82861 42187 2 2 0
8 82861 27975 0 4 0
8 82861 27975 1 1 0
8 82861 27975 2 2 0
8 82861 48591 0 4 0
8 82861 48591 1 1 0
8 82861 48591 2 2 0
8 82861 54179 0 4 0
8 82861 54179 1 1 0
8 82861 54179 2 2 0
8 82861 34909 0 2 0
8 82861 34909 1 3 0
8 82861 34909 2 4 0
8 82861 31343 0 4 0
8 82861 31343 1 1 0
8 82861 31343 2 2 0
8 82861 15525 0 2 0
8 82861 15525 1 3 0
8 82861 15525 2 4 0
8 82861 15165 0 2 0
8 82861 15165 1 3 0
8 82861 15165 2 4 0
8 82861 38617 0 2 0
8 82861 38617 1 3 0
8 82861 38617 2 4 0
8 82861 49703 0 4 0
8 82861 49703 1 1 0
8 82861 49703 2 2 0
8 82861 77821 0 2 0
8 82861 77821 1 3 0
8 82861 77821 2 4 0
8 82861 79129 0 2 0
8 82861 79129 1 3 0
8 82861 79129 2 4 0
8 82861 44559 0 4 0
8 82861 44559 1 1 0
8 82861 44559 2 2 0
8 82861 19065 0 2 0
8 82861 19065 1 3 0
8 82861 19065 2 4 0
8 82861 26867 0 4 0
8 82861 26867 1 1 0
8 82861 26867 2 2 0
8 82861 66497 0 2 0
8 82861 66497 1 3 0
8 82861 66497 2 4 0
8 82861 15213 0 2 0
8 82861 15213 1 3 0
8 82861 15213 2 4 0
8 82861 58085 0 2 0
8 82861 58085 1 3 0
8 82861 58085 2 4 0
8 82861 10959 0 4 0
8 82861 10959 1 1 0
8 82861 10959 2 2 0
8 82861 29021 0 2 0
8 82861 29021 1 3 0
8 82861 29021 2 4 0
8 82861 16229 0 2 0
8 82861 16229 1 3 0
8 82861 16229 2 4 0
8 82861 42181 0 2 0
8 82861 42181 1 3 0
8 82861 42181 2 4 0
8 82861 37763 0 4 0
8 82861 37763 1 1 0
8 82861 37763 2 2 0
8 82861 66093 0 2 0
8 82861 66093 1 3 0
8 82861 66093 2 4 0
8 82861 43333 0 2 0
8 82861 43333 1 3 0
8 82861 43333 2 4 0
8 82861 59205 0 2 0
8 82861 59205 1 3 0
8 82861 59205 2 4 0
8 82861 17345 0 2 0
8 82861 17345 1 3 0
8 82861 17345 2 4 0
8 82861 20329 0 2 0
8 82861 20329 1 3 0
8 82861 20329 2 4 0
8 82861 31843 0 4 0
8 82861 31843 1 1 0
8 82861 31843 2 2 0
8 82861 14909 0 2 0
8 82861 14909 1 3 0
8 82861 14909 2 4 0
8 82861 40423 0 4 0
8 82861 40423 1 1 0
8 82861 40423 2 2 0
8 82861 30029 0 2 0
8 82861 30029 1 3 0
8 82861 30029 2 4 0
8 82861 70485 0 2 0
8 82861 70485 1 3 0
8 82861 70485 2 4 0
8 82861 48919 0 4 0
8 82861 48919 1 1 0
8 82861 48919 2 2 0
8 82861 18057 0 2 0
8 82861 18057 1 3 0
8 82861 18057 2 4 0
8 82861 9481 0 2 0
8 82861 9481 1 3 0
8 82861 9481 2 4 0
8 82861 40333 0 2 0
8 82861 40333 1 3 0
8 82861 40333 2 4 0
8 82861 71429 0 2 0
8 82861 71429 1 3 0
8 82861 71429 2 4 0
8 82861 72307 0 4 0
8 82861 72307 1 1 0
8 82861 72307 2 2 0
8 82861 70571 0 4 0
8 82861 70571 1 1 0
8 82861 70571 2 2 0
8 82861 4749 0 2 0
8 82861 4749 1 3 0
8 82861 4749 2 4 0
8 82861 32683 0 4 0
8 82861 32683 1 1 0
8 82861 32683 2 2 0
8 82861 23173 0 2 0
8 82861 23173 1 3 0
8 82861 23173 2 4 0
8 82861 68507 0 4 0
8 82861 68507 1 1 0
8 82861 68507 2 2 0
8 82861 20711 0 4 0
8 82861 20711 1 1 0
8 82861 20711 2 2 0
8 82861 41067 0 4 0
8 82861 41067 1 1 0
8 82861 41067 2 2 0
8 82861 50317 0 2 0
8 82861 50317 1 3 0
8 82861 50317 2 4 0
8 82861 71293 0 2 0
8 82861 71293 1 3 0
8 82861 71293 2 4 0
8 82861 78555 0 4 0
8 82861 78555 1 1 0
8 82861 78555 2 2 0
8 82861 69471 0 4 0
8 82861 69471 1 1 0
8 82861 69471 2 2 0
8 82861 4229 0 2 0
8 82861 4229 1 3 0
8 82861 4229 2 4 0
8 82861 70765 0 2 0
8 82861 70765 1 3 0
8 82861 70765 2 4 0
8 82861 16435 0 4 0
8 82861 16435 1 1 0
8 82861 16435 2 2 0
8 82861 17817 0 2 0
8 82861 17817 1 3 0
8 82861 17817 2 4 0
8 82861 5277 0 2 0
8 82861 5277 1 3 0
8 82861 5277 2 4 0
8 82861 65151 0 4 0
8 82861 65151 1 1 0
8 82861 65151 2 2 0
8 82861 81735 0 4 0
8 82861 81735 1 1 0
8 82861 81735 2 2 0
8 82861 7123 0 4 0
8 82861 7123 1 1 0
8 82861 7123 2 2 0
8 82861 10585 0 2 0
8 82861 10585 1 3 0
8 82861 10585 2 4 0
8 82861 14083 0 4 0
8 82861 14083 1 1 0
8 82861 14083 2 2 0
8 82861 63421 0 2 0
8 82861 63421 1 3 0
8 82861 63421 2 4 0
8 82861 6109 0 2 0
8 82861 6109 1 3 0
8 82861 6109 2 4 0
8 82861 54931 0 4 0
8 82861 54931 1 1 0
8 82861 54931 2 2 0
8 82861 38673 0 2 0
8 82861 38673 1 3 0
8 82861 38673 2 4 0
8 82861 12943 0 4 0
8 82861 12943 1 1 0
8 82861 12943 2 2 0
8 82861 21991 0 4 0
8 82861 21991 1 1 0
8 82861 21991 2 2 0
8 82861 79501 0 2 0
8 82861 79501 1 3 0
8 82861 79501 2 4 0
8 82861 47649 0 2 0
8 82861 47649 1 3 0
8 82861 47649 2 4 0
8 82861 51857 0 2 0
8 82861 51857 1 3 0
8 82861 51857 2 4 0
8 82861 48051 0 4 0
8 82861 48051 1 1 0
8 82861 48051 2 2 0
8 82861 10137 0 2 0
8 82861 10137 1 3 0
8 82861 10137 2 4 0
8 82861 3931 0 4 0
8 82861 3931 1 1 0
8 82861 3931 2 2 0
8 82861 31677 0 2 0
8 82861 31677 1 3 0
8 82861 31677 2 4 0
8 82861 33719 0 4 0
8 82861 33719 1 1 0
8 82861 33719 2 2 0
8 82861 59229 0 2 0
8 82861 59229 1 3 0
8 82861 59229 2 4 0
8 82861 47301 0 2 0
8 82861 47301 1 3 0
8 82861 47301 2 4 0
8 82861 24525 0 2 0
8 82861 24525 1 3 0
8 82861 24525 2 4 0
8 82861 43671 0 4 0
8 82861 43671 1 1 0
8 82861 43671 2 2 0
8 82861 56681 0 2 0
8 82861 56681 1 3 0
8 82861 56681 2 4 0
8 82861 43043 0 4 0
8 82861 43043 1 1 0
8 82861 43043 2 2 0
8 82861 15243 0 4 0
8 82861 15243 1 1 0
8 82861 15243 2 2 0
8 82861 53229 0 2 0
8 82861 53229 1 3 0
8 82861 53229 2 4 0
8 82861 62721 0 2 0
8 82861 62721 1 3 0
8 82861 62721 2 4 0
8 82861 65357 0 2 0
8 82861 65357 1 3 0
8 82861 65357 2 4 0
8 82861 77003 0 4 0
8 82861 77003 1 1 0
8 82861 77003 2 2 0
8 82861 75897 0 2 0
8 82861 75897 1 3 0
8 82861 75897 2 4 0
8 82861 1823 0 4 0
8 82861 1823 1 1 0
8 82861 1823 2 2 0
8 82861 33135 0 4 0
8 82861 33135 1 1 0
8 82861 33135 2 2 0
8 82861 44777 0 2 0
8 82861 44777 1 3 0
8 82861 44777 2 4 0
8 82861 49305 0 2 0
8 82861 49305 1 3 0
8 82861 49305 2 4 0
8 82861 35059 0 4 0
8 82861 35059 1 1 0
8 82861 35059 2 2 0
8 82861 63473 0 2 0
8 82861 63473 1 3 0
8 82861 63473 2 4 0
8 82861 33289 0 2 0
8 82861 33289 1 3 0
8 82861 33289 2 4 0
8 82861 54285 0 2 0
8 82861 54285 1 3 0
8 82861 54285 2 4 0
8 82861 10065 0 2 0
8 82861 10065 1 3 0
8 82861 10065 2 4 0
8 82861 51997 0 2 0
8 82861 51997 1 3 0
8 82861 51997 2 4 0
8 82861 52647 0 4 0
8 82861 52647 1 1 0
8 82861 52647 2 2 0
8 82861 55441 0 2 0
8 82861 55441 1 3 0
8 82861 55441 2 4 0
8 82861 7827 0 4 0
8 82861 7827 1 1 0
8 82861 7827 2 2 0
8 82861 19281 0 2 0
8 82861 19281 1 3 0
8 82861 19281 2 4 0
8 82861 43665 0 2 0
8 82861 43665 1 3 0
8 82861 43665 2 4 0
8 82861 78125 0 2 0
8 82861 78125 1 3 0
8 82861 78125 2 4 0
8 82861 52995 0 4 0
8 82861 52995 1 1 0
8 82861 52995 2 2 0
8 82861 13935 0 4 0
8 82861 13935 1 1 0
8 82861 13935 2 2 0
8 82861 70767 0 4 0
8 82861 70767 1 1 0
8 82861 70767 2 2 0
8 82861 51759 0 4 0
8 82861 51759 1 1 0
8 82861 51759 2 2 0
8 82861 9043 0 4 0
8 82861 9043 1 1 0
8 82861 9043 2 2 0
8 82861 76029 0 2 0
8 82861 76029 1 3 0
8 82861 76029 2 4 0
8 82861 79103 0 4 0
8 82861 79103 1 1 0
8 82861 79103 2 2 0
8 82861 28801 0 2 0
8 82861 28801 1 3 0
8 82861 28801 2 4 0
8 82861 57923 0 4 0
8 82861 57923 1 1 0
8 82861 57923 2 2 0
8 82861 42121 0 2 0
8 82861 42121 1 3 0
8 82861 42121 2 4 0
8 82861 73213 0 2 0
8 82861 73213 1 3 0
8 82861 73213 2 4 0
8 82861 36341 0 2 0
8 82861 36341 1 3 0
8 82861 36341 2 4 0
8 82861 4173 0 2 0
8 82861 4173 1 3 0
8 82861 4173 2 4 0
8 82861 78103 0 4 0
8 82861 78103 1 1 0
8 82861 78103 2 2 0
8 82861 57175 0 4 0
8 82861 57175 1 1 0
8 82861 57175 2 2 0
8 82861 67531 0 4 0
8 82861 67531 1 1 0
8 82861 67531 2 2 0
8 82861 44211 0 4 0
8 82861 44211 1 1 0
8 82861 44211 2 2 0
8 82861 57999 0 4 0
8 82861 57999 1 1 0
8 82861 57999 2 2 0
8 82861 67721 0 2 0
8 82861 67721 1 3 0
8 82861 67721 2 4 0
8 82861 65395 0 4 0
8 82861 65395 1 1 0
8 82861 65395 2 2 0
8 82861 46479 0 4 0
8 82861 46479 1 1 0
8 82861 46479 2 2 0
8 82861 58087 0 4 0
8 82861 58087 1 1 0
8 82861 58087 2 2 0
8 82861 9655 0 4 0
8 82861 9655 1 1 0
8 82861 9655 2 2 0
8 82861 61845 0 2 0
8 82861 61845 1 3 0
8 82861 61845 2 4 0
8 82861 73703 0 4 0
8 82861 73703 1 1 0
8 82861 73703 2 2 0
8 82861 61691 0 4 0
8 82861 61691 1 1 0
8 82861 61691 2 2 0
8 82861 43693 0 2 0
8 82861 43693 1 3 0
8 82861 43693 2 4 0
8 82861 1377 0 2 0
8 82861 1377 1 3 0
8 82861 1377 2 4 0
8 82861 61917 0 2 0
8 82861 61917 1 3 0
8 82861 61917 2 4 0
8 82861 6203 0 4 0
8 82861 6203 1 1 0
8 82861 6203 2 2 0
8 82861 3605 0 2 0
8 82861 3605 1 3 0
8 82861 3605 2 4 0
8 82861 65511 0 4 0
8 82861 65511 1 1 0
8 82861 65511 2 2 0
8 82861 7197 0 2 0
8 82861 7197 1 3 0
8 82861 7197 2 4 0
8 82861 35465 0 2 0
8 82861 35465 1 3 0
8 82861 35465 2 4 0
8 82861 13445 0 2 0
8 82861 13445 1 3 0
8 82861 13445 2 4 0
8 82861 19109 0 2 0
8 82861 19109 1 3 0
8 82861 19109 2 4 0
8 82861 66307 0 4 0
8 82861 66307 1 1 0
8 82861 66307 2 2 0
8 82861 63417 0 2 0
8 82861 63417 1 3 0
8 82861 63417 2 4 0
8 82861 31597 0 2 0
8 82861 31597 1 3 0
8 82861 31597 2 4 0
8 82861 11763 0 4 0
8 82861 11763 1 1 0
8 82861 11763 2 2 0
8 82861 15427 0 4 0
8 82861 15427 1 1 0
8 82861 15427 2 2 0
8 82861 33613 0 2 0
8 82861 33613 1 3 0
8 82861 33613 2 4 0
8 82861 25179 0 4 0
8 82861 25179 1 1 0
8 82861 25179 2 2 0
8 82861 7187 0 4 0
8 82861 7187 1 1 0
8 82861 7187 2 2 0
8 82861 72727 0 4 0
8 82861 72727 1 1 0
8 82861 72727 2 2 0
8 82861 41793 0 2 0
8 82861 41793 1 3 0
8 82861 41793 2 4 0
8 82861 64777 0 2 0
8 82861 64777 1 3 0
8 82861 64777 2 4 0
8 82861 32897 0 2 0
8 82861 32897 1 3 0
8 82861 32897 2 4 0
8 82861 69959 0 4 0
8 82861 69959 1 1 0
8 82861 69959 2 2 0
8 82861 1591 0 4 0
8 82861 1591 1 1 0
8 82861 1591 2 2 0
8 82861 60637 0 2 0
8 82861 60637 1 3 0
8 82861 60637 2 4 0
8 82861 24827 0 4 0
8 82861 24827 1 1 0
8 82861 24827 2 2 0
8 82861 17777 0 2 0
8 82861 17777 1 3 0
8 82861 17777 2 4 0
8 82861 75155 0 4 0
8 82861 75155 1 1 0
8 82861 75155 2 2 0
8 82861 74269 0 2 0
8 82861 74269 1 3 0
8 82861 74269 2 4 0
8 82861 72215 0 4 0
8 82861 72215 1 1 0
8 82861 72215 2 2 0
8 82861 35641 0 2 0
8 82861 35641 1 3 0
8 82861 35641 2 4 0
8 82861 61223 0 4 0
8 82861 61223 1 1 0
8 82861 61223 2 2 0
8 82861 25661 0 2 0
8 82861 25661 1 3 0
8 82861 25661 2 4 0
8 82861 48257 0 2 0
8 82861 48257 1 3 0
8 82861 48257 2 4 0
8 82861 32759 0 4 0
8 82861 32759 1 1 0
8 82861 32759 2 2 0
8 82861 22539 0 4 0
8 82861 22539 1 1 0
8 82861 22539 2 2 0
8 82861 4469 0 2 0
8 82861 4469 1 3 0
8 82861 4469 2 4 0
8 82861 74395 0 4 0
8 82861 74395 1 1 0
8 82861 74395 2 2 0
8 82861 41773 0 2 0
8 82861 41773 1 3 0
8 82861 41773 2 4 0
8 82861 42219 0 4 0
8 82861 42219 1 1 0
8 82861 42219 2 2 0
8 82861 74757 0 2 0
8 82861 74757 1 3 0
8 82861 74757 2 4 0
8 82861 9153 0 2 0
8 82861 9153 1 3 0
8 82861 9153 2 4 0
8 82861 61021 0 2 0
8 82861 61021 1 3 0
8 82861 61021 2 4 0
8 82861 38843 0 4 0
8 82861 38843 1 1 0
8 82861 38843 2 2 0
8 82861 32119 0 4 0
8 82861 32119 1 1 0
8 82861 32119 2 2 0
8 82861 31837 0 2 0
8 82861 31837 1 3 0
8 82861 31837 2 4 0
8 82861 30815 0 4 0
8 82861 30815 1 1 0
8 82861 30815 2 2 0
8 82861 67631 0 4 0
8 82861 67631 1 1 0
8 82861 67631 2 2 0
8 82861 12465 0 2 0
8 82861 12465 1 3 0
8 82861 12465 2 4 0
8 82861 27399 0 4 0
8 82861 27399 1 1 0
8 82861 27399 2 2 0
8 82861 38665 0 2 0
8 82861 38665 1 3 0
8 82861 38665 2 4 0
8 82861 55001 0 2 0
8 82861 55001 1 3 0
8 82861 55001 2 4 0
8 82861 77505 0 2 0
8 82861 77505 1 3 0
8 82861 77505 2 4 0
8 82861 35599 0 4 0
8 82861 35599 1 1 0
8 82861 35599 2 2 0
8 82861 4739 0 4 0
8 82861 4739 1 1 0
8 82861 4739 2 2 0
8 82861 3159 0 4 0
8 82861 3159 1 1 0
8 82861 3159 2 2 0
8 82861 38547 0 4 0
8 82861 38547 1 1 0
8 82861 38547 2 2 0
8 82861 33047 0 4 0
8 82861 33047 1 1 0
8 82861 33047 2 2 0
8 82861 49265 0 2 0
8 82861 49265 1 3 0
8 82861 49265 2 4 0
8 82861 19447 0 4 0
8 82861 19447 1 1 0
8 82861 19447 2 2 0
8 82861 72755 0 4 0
8 82861 72755 1 1 0
8 82861 72755 2 2 0
8 82861 75319 0 4 0
8 82861 75319 1 1 0
8 82861 75319 2 2 0
8 82861 4213 0 2 0
8 82861 4213 1 3 0
8 82861 4213 2 4 0
8 82861 77515 0 4 0
8 82861 77515 1 1 0
8 82861 77515 2 2 0
8 82861 59623 0 4 0
8 82861 59623 1 1 0
8 82861 59623 2 2 0
8 82861 60869 0 2 0
8 82861 60869 1 3 0
8 82861 60869 2 4 0
8 82861 1213 0 2 0
8 82861 1213 1 3 0
8 82861 1213 2 4 0
8 82861 66847 0 4 0
8 82861 66847 1 1 0
8 82861 66847 2 2 0
8 82861 68553 0 2 0
8 82861 68553 1 3 0
8 82861 68553 2 4 0
8 82861 76001 0 2 0
8 82861 76001 1 3 0
8 82861 76001 2 4 0
8 82861 42715 0 4 0
8 82861 42715 1 1 0
8 82861 42715 2 2 0
8 82861 71339 0 4 0
8 82861 71339 1 1 0
8 82861 71339 2 2 0
8 82861 41127 0 4 0
8 82861 41127 1 1 0
8 82861 41127 2 2 0
8 82861 35079 0 4 0
8 82861 35079 1 1 0
8 82861 35079 2 2 0
8 82861 27559 0 4 0
8 82861 27559 1 1 0
8 82861 27559 2 2 0
8 82861 54597 0 2 0
8 82861 54597 1 3 0
8 82861 54597 2 4 0
8 82861 5135 0 4 0
8 82861 5135 1 1 0
8 82861 5135 2 2 0
8 82861 8463 0 4 0
8 82861 8463 1 1 0
8 82861 8463 2 2 0
8 82861 8129 0 2 0
8 82861 8129 1 3 0
8 82861 8129 2 4 0
8 82861 51123 0 4 0
8 82861 51123 1 1 0
8 82861 51123 2 2 0
8 82861 61273 0 2 0
8 82861 61273 1 3 0
8 82861 61273 2 4 0
8 82861 16577 0 2 0
8 82861 16577 1 3 0
8 82861 16577 2 4 0
8 82861 17903 0 4 0
8 82861 17903 1 1 0
8 82861 17903 2 2 0
8 82861 75821 0 2 0
8 82861 75821 1 3 0
8 82861 75821 2 4 0
8 82861 56669 0 2 0
8 82861 56669 1 3 0
8 82861 56669 2 4 0
8 82861 9565 0 2 0
8 82861 9565 1 3 0
8 82861 9565 2 4 0
8 82861 19895 0 4 0
8 82861 19895 1 1 0
8 82861 19895 2 2 0
8 82861 4711 0 4 0
8 82861 4711 1 1 0
8 82861 4711 2 2 0
8 82861 44519 0 4 0
8 82861 44519 1 1 0
8 82861 44519 2 2 0
8 82861 77285 0 2 0
8 82861 77285 1 3 0
8 82861 77285 2 4 0
8 82861 1815 0 4 0
8 82861 1815 1 1 0
8 82861 1815 2 2 0
8 82861 20503 0 4 0
8 82861 20503 1 1 0
8 82861 20503 2 2 0
8 82861 67125 0 2 0
8 82861 67125 1 3 0
8 82861 67125 2 4 0
8 82861 29257 0 2 0
8 82861 29257 1 3 0
8 82861 29257 2 4 0
8 82861 9687 0 4 0
8 82861 9687 1 1 0
8 82861 9687 2 2 0
8 82861 1871 0 4 0
8 82861 1871 1 1 0
8 82861 1871 2 2 0
8 82861 62421 0 2 0
8 82861 62421 1 3 0
8 82861 62421 2 4 0
8 82861 3785 0 2 0
8 82861 3785 1 3 0
8 82861 3785 2 4 0
8 82861 55781 0 2 0
8 82861 55781 1 3 0
8 82861 55781 2 4 0
8 82861 66565 0 2 0
8 82861 66565 1 3 0
8 82861 66565 2 4 0
8 82861 55671 0 4 0
8 82861 55671 1 1 0
8 82861 55671 2 2 0
8 82861 42797 0 2 0
8 82861 42797 1 3 0
8 82861 42797 2 4 0
8 82861 60107 0 4 0
8 82861 60107 1 1 0
8 82861 60107 2 2 0
8 82861 13877 0 2 0
8 82861 13877 1 3 0
8 82861 13877 2 4 0
8 82861 13021 0 2 0
8 82861 13021 1 3 0
8 82861 13021 2 4 0
8 82861 64985 0 2 0
8 82861 64985 1 3 0
8 82861 64985 2 4 0
8 82861 75143 0 4 0
8 82861 75143 1 1 0
8 82861 75143 2 2 0
8 82861 15895 0 4 0
8 82861 15895 1 1 0
8 82861 15895 2 2 0
8 82861 64029 0 2 0
8 82861 64029 1 3 0
8 82861 64029 2 4 0
8 82861 55139 0 4 0
8 82861 55139 1 1 0
8 82861 55139 2 2 0
8 82861 17799 0 4 0
8 82861 17799 1 1 0
8 82861 17799 2 2 0
9 82861 14511 0 4 0
9 82861 14511 1 1 0
9 82861 14511 2 2 0
9 82861 14817 0 2 0
9 82861 14817 1 3 0
9 82861 14817 2 4 0
9 82861 36791 0 4 0
9 82861 36791 1 1 0
9 82861 36791 2 2 0
9 82861 48141 0 2 0
9 82861 48141 1 3 0
9 82861 48141 2 4 0
9 82861 57193 0 2 0
9 82861 57193 1 3 0
9 82861 57193 2 4 0
9 82861 65283 0 4 0
9 82861 65283 1 1 0
9 82861 65283 2 2 0
9 82861 30025 0 2 0
9 82861 30025 1 3 0
9 82861 30025 2 4 0
9 82861 49589 0 2 0
9 82861 49589 1 3 0
9 82861 49589 2 4 0
9 82861 14525 0 2 0
9 82861 14525 1 3 0
9 82861 14525 2 4 0
9 82861 37947 0 4 0
9 82861 37947 1 1 0
9 82861 37947 2 2 0
9 82861 6767 0 4 0
9 82861 6767 1 1 0
9 82861 6767 2 2 0
9 82861 47661 0 2 0
9 82861 47661 1 3 0
9 82861 47661 2 4 0
9 82861 31357 0 2 0
9 82861 31357 1 3 0
9 82861 31357 2 4 0
9 82861 37817 0 2 0
9 82861 37817 1 3 0
9 82861 37817 2 4 0
9 82861 58735 0 4 0
9 82861 58735 1 1 0
9 82861 58735 2 2 0
9 82861 75235 0 4 0
9 82861 75235 1 1 0
9 82861 75235 2 2 0
9 82861 10457 0 2 0
9 82861 10457 1 3 0
9 82861 10457 2 4 0
9 82861 66207 0 4 0
9 82861 66207 1 1 0
9 82861 66207 2 2 0
9 82861 17555 0 4 0
9 82861 17555 1 1 0
9 82861 17555 2 2 0
9 82861 36359 0 4 0
9 82861 36359 1 1 0
9 82861 36359 2 2 0
9 82861 10277 0 2 0
9 82861 10277 1 3 0
9 82861 10277 2 4 0
9 82861 64007 0 4 0
9 82861 64007 1 1 0
9 82861 64007 2 2 0
9 82861 26379 0 4 0
9 82861 26379 1 1 0
9 82861 26379 2 2 0
9 82861 66241 0 2 0
9 82861 66241 1 3 0
9 82861 66241 2 4 0
9 82861 16907 0 4 0
9 82861 16907 1 1 0
9 82861 16907 2 2 0
9 82861 901 0 2 0
9 82861 901 1 3 0
9 82861 901 2 4 0
9 82861 27609 0 2 0
9 82861 27609 1 3 0
9 82861 27609 2 4 0
9 82861 15905 0 2 0
9 82861 15905 1 3 0
9 82861 15905 2 4 0
9 82861 38609 0 2 0
9 82861 38609 1 3 0
9 82861 38609 2 4 0
9 82861 34759 0 4 0
9 82861 34759 1 1 0
9 82861 34759 2 2 0
9 82861 28455 0 4 0
9 82861 28455 1 1 0
9 82861 28455 2 2 0
9 82861 28853 0 2 0
9 82861 28853 1 3 0
9 82861 28853 2 4 0
9 82861 5471 0 4 0
9 82861 5471 1 1 0
9 82861 5471 2 2 0
9 82861 45049 0 2 0
9 82861 45049 1 3 0
9 82861 45049 2 4 0
9 82861 21895 0 4 0
9 82861 21895 1 1 0
9 82861 21895 2 2 0
9 82861 73793 0 2 0
9 82861 73793 1 3 0
9 82861 73793 2 4 0
9 82861 50059 0 4 0
9 82861 50059 1 1 0
9 82861 50059 2 2 0
9 82861 16121 0 2 0
9 82861 16121 1 3 0
9 82861 16121 2 4 0
9 82861 25753 0 2 0
9 82861 25753 1 3 0
9 82861 25753 2 4 0
9 82861 38789 0 2 0
9 82861 38789 1 3 0
9 82861 38789 2 4 0
9 82861 19683 0 4 0
9 82861 19683 1 1 0
9 82861 19683 2 2 0
9 82861 72139 0 4 0
9 82861 72139 1 1 0
9 82861 72139 2 2 0
9 82861 35229 0 2 0
9 82861 35229 1 3 0
9 82861 35229 2 4 0
9 82861 76617 0 2 0
9 82861 76617 1 3 0
9 82861 76617 2 4 0
9 82861 21483 0 4 0
9 82861 21483 1 1 0
9 82861 21483 2 2 0
9 82861 49133 0 2 0
9 82861 49133 1 3 0
9 82861 49133 2 4 0
9 82861 49023 0 4 0
9 82861 49023 1 1 0
9 82861 49023 2 2 0
9 82861 46443 0 4 0
9 82861 46443 1 1 0
9 82861 46443 2 2 0
9 82861 56437 0 2 0
9 82861 56437 1 3 0
9 82861 56437 2 4 0
9 82861 59755 0 4 0
9 82861 59755 1 1 0
9 82861 59755 2 2 0
9 82861 28573 0 2 0
9 82861 28573 1 3 0
9 82861 28573 2 4 0
9 82861 74527 0 4 0
9 82861 74527 1 1 0
9 82861 74527 2 2 0
9 82861 58145 0 2 0
9 82861 58145 1 3 0
9 82861 58145 2 4 0
9 82861 1117 0 2 0
9 82861 1117 1 3 0
9 82861 1117 2 4 0
9 82861 79799 0 4 0
9 82861 79799 1 1 0
9 82861 79799 2 2 0
9 82861 25085 0 2 0
9 82861 25085 1 3 0
9 82861 25085 2 4 0
9 82861 27437 0 2 0
9 82861 27437 1 3 0
9 82861 27437 2 4 0
9 82861 10319 0 4 0
9 82861 10319 1 1 0
9 82861 10319 2 2 0
9 82861 7655 0 4 0
9 82861 7655 1 1 0
9 82861 7655 2 2 0
9 82861 68781 0 2 0
9 82861 68781 1 3 0
9 82861 68781 2 4 0
9 82861 41443 0 4 0
9 82861 41443 1 1 0
9 82861 41443 2 2 0
9 82861 66325 0 2 0
9 82861 66325 1 3 0
9 82861 66325 2 4 0
9 82861 32713 0 2 0
9 82861 32713 1 3 0
9 82861 32713 2 4 0
9 82861 35783 0 4 0
9 82861 35783 1 1 0
9 82861 35783 2 2 0
9 82861 34037 0 2 0
9 82861 34037 1 3 0
9 82861 34037 2 4 0
9 82861 2095 0 4 0
9 82861 2095 1 1 0
9 82861 2095 2 2 0
9 82861 64799 0 4 0
9 82861 64799 1 1 0
9 82861 64799 2 2 0
9 82861 35585 0 2 0
9 82861 35585 1 3 0
9 82861 35585 2 4 0
9 82861 53377 0 2 0
9 82861 53377 1 3 0
9 82861 53377 2 4 0
9 82861 29901 0 2 0
9 82861 29901 1 3 0
9 82861 29901 2 4 0
9 82861 36331 0 4 0
9 82861 36331 1 1 0
9 82861 36331 2 2 0
9 82861 67737 0 2 0
9 82861 67737 1 3 0
9 82861 67737 2 4 0
9 82861 35283 0 4 0
9 82861 35283 1 1 0
9 82861 35283 2 2 0
9 82861 48243 0 4 0
9 82861 48243 1 1 0
9 82861 48243 2 2 0
9 82861 71589 0 2 0
9 82861 71589 1 3 0
9 82861 71589 2 4 0
9 82861 63409 0 2 0
9 82861 63409 1 3 0
9 82861 63409 2 4 0
9 82861 20613 0 2 0
9 82861 20613 1 3 0
9 82861 20613 2 4 0
9 82861 42353 0 2 0
9 82861 42353 1 3 0
9 82861 42353 2 4 0
9 82861 77203 0 4 0
9 82861 77203 1 1 0
9 82861 77203 2 2 0
9 82861 46993 0 2 0
9 82861 46993 1 3 0
9 82861 46993 2 4 0
9 82861 25681 0 2 0
9 82861 25681 1 3 0
9 82861 25681 2 4 0
9 82861 1307 0 4 0
9 82861 1307 1 1 0
9 82861 1307 2 2 0
9 82861 39575 0 4 0
9 82861 39575 1 1 0
9 82861 39575 2 2 0
9 82861 22597 0 2 0
9 82861 22597 1 3 0
9 82861 22597 2 4 0
9 82861 25561 0 2 0
9 82861 25561 1 3 0
9 82861 25561 2 4 0
9 82861 31811 0 4 0
9 82861 31811 1 1 0
9 82861 31811 2 2 0
9 82861 48633 0 2 0
9 82861 48633 1 3 0
9 82861 48633 2 4 0
9 82861 32617 0 2 0
9 82861 32617 1 3 0
9 82861 32617 2 4 0
9 82861 61547 0 4 0
9 82861 61547 1 1 0
9 82861 61547 2 2 0
9 82861 41205 0 2 0
9 82861 41205 1 3 0
9 82861 41205 2 4 0
9 82861 61269 0 2 0
9 82861 61269 1 3 0
9 82861 61269 2 4 0
9 82861 60171 0 4 0
9 82861 60171 1 1 0
9 82861 60171 2 2 0
9 82861 38883 0 4 0
9 82861 38883 1 1 0
9 82861 38883 2 2 0
9 82861 79161 0 2 0
9 82861 79161 1 3 0
9 82861 79161 2 4 0
9 82861 48597 0 2 0
9 82861 48597 1 3 0
9 82861 48597 2 4 0
9 82861 73967 0 4 0
9 82861 73967 1 1 0
9 82861 73967 2 2 0
9 82861 80429 0 2 0
9 82861 80429 1 3 0
9 82861 80429 2 4 0
9 82861 46295 0 4 0
9 82861 46295 1 1 0
9 82861 46295 2 2 0
9 82861 16093 0 2 0
9 82861 16093 1 3 0
9 82861 16093 2 4 0
9 82861 15071 0 4 0
9 82861 15071 1 1 0
9 82861 15071 2 2 0
9 82861 29991 0 4 0
9 82861 29991 1 1 0
9 82861 29991 2 2 0
9 82861 17641 0 2 0
9 82861 17641 1 3 0
9 82861 17641 2 4 0
9 82861 54923 0 4 0
9 82861 54923 1 1 0
9 82861 54923 2 2 0
9 82861 60497 0 2 0
9 82861 60497 1 3 0
9 82861 60497 2 4 0
9 82861 23313 0 2 0
9 82861 23313 1 3 0
9 82861 23313 2 4 0
9 82861 74685 0 2 0
9 82861 74685 1 3 0
9 82861 74685 2 4 0
9 82861 27293 0 2 0
9 82861 27293 1 3 0
9 82861 27293 2 4 0
9 82861 64133 0 2 0
9 82861 64133 1 3 0
9 82861 64133 2 4 0
9 82861 6267 0 4 0
9 82861 6267 1 1 0
9 82861 6267 2 2 0
9 82861 75641 0 2 0
9 82861 75641 1 3 0
9 82861 75641 2 4 0
9 82861 71769 0 2 0
9 82861 71769 1 3 0
9 82861 71769 2 4 0
9 82861 5465 0 2 0
9 82861 5465 1 3 0
9 82861 5465 2 4 0
9 82861 42997 0 2 0
9 82861 42997 1 3 0
9 82861 42997 2 4 0
9 82861 46789 0 2 0
9 82861 46789 1 3 0
9 82861 46789 2 4 0
9 82861 39377 0 2 0
9 82861 39377 1 3 0
9 82861 39377 2 4 0
9 82861 31949 0 2 0
9 82861 31949 1 3 0
9 82861 31949 2 4 0
9 82861 14201 0 2 0
9 82861 14201 1 3 0
9 82861 14201 2 4 0
9 82861 70273 0 2 0
9 82861 70273 1 3 0
9 82861 70273 2 4 0
9 82861 10011 0 4 0
9 82861 10011 1 1 0
9 82861 10011 2 2 0
9 82861 47483 0 4 0
9 82861 47483 1 1 0
9 82861 47483 2 2 0
9 82861 65857 0 2 0
9 82861 65857 1 3 0
9 82861 65857 2 4 0
9 82861 5297 0 2 0
9 82861 5297 1 3 0
9 82861 5297 2 4 0
9 82861 26615 0 4 0
9 82861 26615 1 1 0
9 82861 26615 2 2 0
9 82861 17047 0 4 0
9 82861 17047 1 1 0
9 82861 17047 2 2 0
9 82861 47247 0 4 0
9 82861 47247 1 1 0
9 82861 47247 2 2 0
9 82861 39013 0 2 0
9 82861 39013 1 3 0
9 82861 39013 2 4 0
9 82861 33261 0 2 0
9 82861 33261 1 3 0
9 82861 33261 2 4 0
9 82861 52407 0 4 0
9 82861 52407 1 1 0
9 82861 52407 2 2 0
9 82861 21795 0 4 0
9 82861 21795 1 1 0
9 82861 21795 2 2 0
9 82861 61177 0 2 0
9 82861 61177 1 3 0
9 82861 61177 2 4 0
9 82861 62161 0 2 0
9 82861 62161 1 3 0
9 82861 62161 2 4 0
9 82861 2131 0 4 0
9 82861 2131 1 1 0
9 82861 2131 2 2 0
9 82861 66639 0 4 0
9 82861 66639 1 1 0
9 82861 66639 2 2 0
9 82861 49123 0 4 0
9 82861 49123 1 1 0
9 82861 49123 2 2 0
9 82861 15419 0 4 0
9 82861 15419 1 1 0
9 82861 15419 2 2 0
9 82861 7803 0 4 0
9 82861 7803 1 1 0
9 82861 7803 2 2 0
9 82861 26847 0 4 0
9 82861 26847 1 1 0
9 82861 26847 2 2 0
9 82861 11287 0 4 0
9 82861 11287 1 1 0
9 82861 11287 2 2 0
9 82861 14187 0 4 0
9 82861 14187 1 1 0
9 82861 14187 2 2 0
9 82861 13827 0 4 0
9 82861 13827 1 1 0
9 82861 13827 2 2 0
9 82861 41379 0 4 0
9 82861 41379 1 1 0
9 82861 41379 2 2 0
9 82861 54655 0 4 0
9 82861 54655 1 1 0
9 82861 54655 2 2 0
9 82861 47833 0 2 0
9 82861 47833 1 3 0
9 82861 47833 2 4 0
9 82861 36003 0 4 0
9 82861 36003 1 1 0
9 82861 36003 2 2 0
9 82861 37667 0 4 0
9 82861 37667 1 1 0
9 82861 37667 2 2 0
9 82861 42719 0 4 0
9 82861 42719 1 1 0
9 82861 42719 2 2 0
9 82861 28361 0 2 0
9 82861 28361 1 3 0
9 82861 28361 2 4 0
9 82861 40987 0 4 0
9 82861 40987 1 1 0
9 82861 40987 2 2 0
9 82861 13115 0 4 0
9 82861 13115 1 1 0
9 82861 13115 2 2 0
9 82861 18283 0 4 0
9 82861 18283 1 1 0
9 82861 18283 2 2 0
9 82861 64179 0 4 0
9 82861 64179 1 1 0
9 82861 64179 2 2 0
9 82861 76637 0 2 0
9 82861 76637 1 3 0
9 82861 76637 2 4 0
9 82861 69489 0 2 0
9 82861 69489 1 3 0
9 82861 69489 2 4 0
9 82861 66925 0 2 0
9 82861 66925 1 3 0
9 82861 66925 2 4 0
9 82861 11093 0 2 0
9 82861 11093 1 3 0
9 82861 11093 2 4 0
9 82861 721 0 2 0
9 82861 721 1 3 0
9 82861 721 2 4 0
9 82861 31363 0 4 0
9 82861 31363 1 1 0
9 82861 31363 2 2 0
9 82861 13201 0 2 0
9 82861 13201 1 3 0
9 82861 13201 2 4 0
9 82861 30715 0 4 0
9 82861 30715 1 1 0
9 82861 30715 2 2 0
9 82861 43947 0 4 0
9 82861 43947 1 1 0
9 82861 43947 2 2 0
9 82861 77413 0 2 0
9 82861 77413 1 3 0
9 82861 77413 2 4 0
9 82861 39425 0 2 0
9 82861 39425 1 3 0
9 82861 39425 2 4 0
9 82861 16841 0 2 0
9 82861 16841 1 3 0
9 82861 16841 2 4 0
9 82861 57623 0 4 0
9 82861 57623 1 1 0
9 82861 57623 2 2 0
9 82861 34693 0 2 0
9 82861 34693 1 3 0
9 82861 34693 2 4 0
9 82861 35709 0 2 0
9 82861 35709 1 3 0
9 82861 35709 2 4 0
9 82861 76095 0 4 0
9 82861 76095 1 1 0
9 82861 76095 2 2 0
9 82861 42671 0 4 0
9 82861 42671 1 1 0
9 82861 42671 2 2 0
9 82861 25947 0 4 0
9 82861 25947 1 1 0
9 82861 25947 2 2 0
9 82861 35815 0 4 0
9 82861 35815 1 1 0
9 82861 35815 2 2 0
9 82861 60359 0 4 0
9 82861 60359 1 1 0
9 82861 60359 2 2 0
9 82861 2897 0 2 0
9 82861 2897 1 3 0
9 82861 2897 2 4 0
9 82861 46203 0 4 0
9 82861 46203 1 1 0
9 82861 46203 2 2 0
9 82861 26439 0 4 0
9 82861 26439 1 1 0
9 82861 26439 2 2 0
9 82861 26979 0 4 0
9 82861 26979 1 1 0
9 82861 26979 2 2 0
9 82861 42251 0 4 0
9 82861 42251 1 1 0
9 82861 42251 2 2 0
9 82861 45853 0 2 0
9 82861 45853 1 3 0
9 82861 45853 2 4 0
9 82861 73563 0 4 0
9 82861 73563 1 1 0
9 82861 73563 2 2 0
9 82861 20321 0 2 0
9 82861 20321 1 3 0
9 82861 20321 2 4 0
9 82861 50357 0 2 0
9 82861 50357 1 3 0
9 82861 50357 2 4 0
9 82861 67355 0 4 0
9 82861 67355 1 1 0
9 82861 67355 2 2 0
9 82861 44681 0 2 0
9 82861 44681 1 3 0
9 82861 44681 2 4 0
9 82861 76911 0 4 0
9 82861 76911 1 1 0
9 82861 76911 2 2 0
9 82861 16927 0 4 0
9 82861 16927 1 1 0
9 82861 16927 2 2 0
9 82861 33813 0 2 0
9 82861 33813 1 3 0
9 82861 33813 2 4 0
9 82861 21453 0 2 0
9 82861 21453 1 3 0
9 82861 21453 2 4 0
9 82861 43203 0 4 0
9 82861 43203 1 1 0
9 82861 43203 2 2 0
9 82861 45669 0 2 0
9 82861 45669 1 3 0
9 82861 45669 2 4 0
9 82861 54271 0 4 0
9 82861 54271 1 1 0
9 82861 54271 2 2 0
9 82861 78237 0 2 0
9 82861 78237 1 3 0
9 82861 78237 2 4 0
9 82861 22825 0 2 0
9 82861 22825 1 3 0
9 82861 22825 2 4 0
9 82861 38567 0 4 0
9 82861 38567 1 1 0
9 82861 38567 2 2 0
9 82861 74455 0 4 0
9 82861 74455 1 1 0
9 82861 74455 2 2 0
9 82861 38191 0 4 0
9 82861 38191 1 1 0
9 82861 38191 2 2 0
9 82861 54775 0 4 0
9 82861 54775 1 1 0
9 82861 54775 2 2 0
9 82861 14949 0 2 0
9 82861 14949 1 3 0
9 82861 14949 2 4 0
9 82861 81639 0 4 0
9 82861 81639 1 1 0
9 82861 81639 2 2 0
9 82861 7699 0 4 0
9 82861 7699 1 1 0
9 82861 7699 2 2 0
9 82861 51551 0 4 0
9 82861 51551 1 1 0
9 82861 51551 2 2 0
9 82861 23561 0 2 0
9 82861 23561 1 3 0
9 82861 23561 2 4 0
9 82861 47571 0 4 0
9 82861 47571 1 1 0
9 82861 47571 2 2 0
9 82861 48521 0 2 0
9 82861 48521 1 3 0
9 82861 48521 2 4 0
9 82861 75039 0 4 0
9 82861 75039 1 1 0
9 82861 75039 2 2 0
9 82861 70371 0 4 0
9 82861 70371 1 1 0
9 82861 70371 2 2 0
9 82861 64113 0 2 0
9 82861 64113 1 3 0
9 82861 64113 2 4 0
9 82861 22011 0 4 0
9 82861 22011 1 1 0
9 82861 22011 2 2 0
9 82861 10445 0 2 0
9 82861 10445 1 3 0
9 82861 10445 2 4 0
9 82861 28375 0 4 0
9 82861 28375 1 1 0
9 82861 28375 2 2 0
9 82861 72027 0 4 0
9 82861 72027 1 1 0
9 82861 72027 2 2 0
9 82861 26509 0 2 0
9 82861 26509 1 3 0
9 82861 26509 2 4 0
9 82861 20641 0 2 0
9 82861 20641 1 3 0
9 82861 20641 2 4 0
9 82861 77629 0 2 0
9 82861 77629 1 3 0
9 82861 77629 2 4 0
9 82861 47063 0 4 0
9 82861 47063 1 1 0
9 82861 47063 2 2 0
9 82861 6725 0 2 0
9 82861 6725 1 3 0
9 82861 6725 2 4 0
9 82861 61067 0 4 0
9 82861 61067 1 1 0
9 82861 61067 2 2 0
9 82861 38423 0 4 0
9 82861 38423 1 1 0
9 82861 38423 2 2 0
9 82861 64757 0 2 0
9 82861 64757 1 3 0
9 82861 64757 2 4 0
9 82861 52151 0 4 0
9 82861 52151 1 1 0
9 82861 52151 2 2 0
9 82861 62591 0 4 0
9 82861 62591 1 1 0
9 82861 62591 2 2 0
9 82861 78887 0 4 0
9 82861 78887 1 1 0
9 82861 78887 2 2 0
9 82861 38867 0 4 0
9 82861 38867 1 1 0
9 82861 38867 2 2 0
9 82861 13629 0 2 0
9 82861 13629 1 3 0
9 82861 13629 2 4 0
9 82861 29965 0 2 0
9 82861 29965 1 3 0
9 82861 29965 2 4 0
9 82861 31083 0 4 0
9 82861 31083 1 1 0
9 82861 31083 2 2 0
9 82861 33623 0 4 0
9 82861 33623 1 1 0
9 82861 33623 2 2 0
9 82861 73323 0 4 0
9 82861 73323 1 1 0
9 82861 73323 2 2 0
9 82861 81093 0 2 0
9 82861 81093 1 3 0
9 82861 81093 2 4 0
9 82861 47677 0 2 0
9 82861 47677 1 3 0
9 82861 47677 2 4 0
9 82861 8177 0 2 0
9 82861 8177 1 3 0
9 82861 8177 2 4 0
9 82861 14977 0 2 0
9 82861 14977 1 3 0
9 82861 14977 2 4 0
9 82861 36159 0 4 0
9 82861 36159 1 1 0
9 82861 36159 2 2 0
9 82861 16733 0 2 0
9 82861 16733 1 3 0
9 82861 16733 2 4 0
9 82861 25499 0 4 0
9 82861 25499 1 1 0
9 82861 25499 2 2 0
9 82861 60403 0 4 0
9 82861 60403 1 1 0
9 82861 60403 2 2 0
9 82861 28299 0 4 0
9 82861 28299 1 1 0
9 82861 28299 2 2 0
9 82861 27179 0 4 0
9 82861 27179 1 1 0
9 82861 27179 2 2 0
9 82861 53235 0 4 0
9 82861 53235 1 1 0
9 82861 53235 2 2 0
9 82861 69155 0 4 0
9 82861 69155 1 1 0
9 82861 69155 2 2 0
9 82861 38491 0 4 0
9 82861 38491 1 1 0
9 82861 38491 2 2 0
9 82861 36053 0 2 0
9 82861 36053 1 3 0
9 82861 36053 2 4 0
9 82861 46621 0 2 0
9 82861 46621 1 3 0
9 82861 46621 2 4 0
9 82861 38619 0 4 0
9 82861 38619 1 1 0
9 82861 38619 2 2 0
9 82861 6739 0 4 0
9 82861 6739 1 1 0
9 82861 6739 2 2 0
9 82861 29321 0 2 0
9 82861 29321 1 3 0
9 82861 29321 2 4 0
9 82861 10737 0 2 0
9 82861 10737 1 3 0
9 82861 10737 2 4 0
9 82861 58679 0 4 0
9 82861 58679 1 1 0
9 82861 58679 2 2 0
9 82861 71885 0 2 0
9 82861 71885 1 3 0
9 82861 71885 2 4 0
9 82861 50797 0 2 0
9 82861 50797 1 3 0
9 82861 50797 2 4 0
9 82861 70063 0 4 0
9 82861 70063 1 1 0
9 82861 70063 2 2 0
9 82861 9875 0 4 0
9 82861 9875 1 1 0
9 82861 9875 2 2 0
9 82861 1443 0 4 0
9 82861 1443 1 1 0
9 82861 1443 2 2 0
9 82861 18051 0 4 0
9 82861 18051 1 1 0
9 82861 18051 2 2 0
9 82861 50457 0 2 0
9 82861 50457 1 3 0
9 82861 50457 2 4 0
9 82861 53751 0 4 0
9 82861 53751 1 1 0
9 82861 53751 2 2 0
9 82861 75427 0 4 0
9 82861 75427 1 1 0
9 82861 75427 2 2 0
9 82861 46205 0 2 0
9 82861 46205 1 3 0
9 82861 46205 2 4 0
9 82861 40263 0 4 0
9 82861 40263 1 1 0
9 82861 40263 2 2 0
9 82861 4343 0 4 0
9 82861 4343 1 1 0
9 82861 4343 2 2 0
9 82861 13169 0 2 0
9 82861 13169 1 3 0
9 82861 13169 2 4 0
9 82861 3919 0 4 0
9 82861 3919 1 1 0
9 82861 3919 2 2 0
9 82861 77719 0 4 0
9 82861 77719 1 1 0
9 82861 77719 2 2 0
9 82861 66169 0 2 0
9 82861 66169 1 3 0
9 82861 66169 2 4 0
9 82861 45451 0 4 0
9 82861 45451 1 1 0
9 82861 45451 2 2 0
9 82861 36843 0 4 0
9 82861 36843 1 1 0
9 82861 36843 2 2 0
9 82861 64275 0 4 0
9 82861 64275 1 1 0
9 82861 64275 2 2 0
9 82861 23797 0 2 0
9 82861 23797 1 3 0
9 82861 23797 2 4 0
9 82861 7345 0 2 0
9 82861 7345 1 3 0
9 82861 7345 2 4 0
9 82861 30213 0 2 0
9 82861 30213 1 3 0
9 82861 30213 2 4 0
9 82861 77323 0 4 0
9 82861 77323 1 1 0
9 82861 77323 2 2 0
9 82861 47965 0 2 0
9 82861 47965 1 3 0
9 82861 47965 2 4 0
9 82861 37913 0 2 0
9 82861 37913 1 3 0
9 82861 37913 2 4 0
9 82861 71149 0 2 0
9 82861 71149 1 3 0
9 82861 71149 2 4 0
9 82861 45415 0 4 0
9 82861 45415 1 1 0
9 82861 45415 2 2 0
9 82861 53617 0 2 0
9 82861 53617 1 3 0
9 82861 53617 2 4 0
9 82861 6693 0 2 0
9 82861 6693 1 3 0
9 82861 6693 2 4 0
9 82861 54007 0 4 0
9 82861 54007 1 1 0
9 82861 54007 2 2 0
9 82861 10429 0 2 0
9 82861 10429 1 3 0
9 82861 10429 2 4 0
9 82861 62197 0 2 0
9 82861 62197 1 3 0
9 82861 62197 2 4 0
9 82861 42221 0 2 0
9 82861 42221 1 3 0
9 82861 42221 2 4 0
9 82861 60071 0 4 0
9 82861 60071 1 1 0
9 82861 60071 2 2 0
9 82861 76873 0 2 0
9 82861 76873 1 3 0
9 82861 76873 2 4 0
9 82861 26113 0 2 0
9 82861 26113 1 3 0
9 82861 26113 2 4 0
9 82861 17761 0 2 0
9 82861 17761 1 3 0
9 82861 17761 2 4 0
9 82861 31353 0 2 0
9 82861 31353 1 3 0
9 82861 31353 2 4 0
9 82861 34275 0 4 0
9 82861 34275 1 1 0
9 82861 34275 2 2 0
9 82861 79033 0 2 0
9 82861 79033 1 3 0
9 82861 79033 2 4 0
9 82861 46811 0 4 0
9 82861 46811 1 1 0
9 82861 46811 2 2 0
9 82861 57391 0 4 0
9 82861 57391 1 1 0
9 82861 57391 2 2 0
9 82861 73783 0 4 0
9 82861 73783 1 1 0
9 82861 73783 2 2 0
9 82861 68487 0 4 0
9 82861 68487 1 1 0
9 82861 68487 2 2 0
9 82861 69743 0 4 0
9 82861 69743 1 1 0
9 82861 69743 2 2 0
9 82861 74997 0 2 0
9 82861 74997 1 3 0
9 82861 74997 2 4 0
9 82861 37391 0 4 0
9 82861 37391 1 1 0
9 82861 37391 2 2 0
9 82861 46051 0 4 0
9 82861 46051 1 1 0
9 82861 46051 2 2 0
9 82861 78771 0 4 0
9 82861 78771 1 1 0
9 82861 78771 2 2 0
9 82861 26029 0 2 0
9 82861 26029 1 3 0
9 82861 26029 2 4 0
9 82861 77981 0 2 0
9 82861 77981 1 3 0
9 82861 77981 2 4 0
9 82861 22689 0 2 0
9 82861 22689 1 3 0
9 82861 22689 2 4 0
9 82861 63785 0 2 0
9 82861 63785 1 3 0
9 82861 63785 2 4 0
9 82861 2741 0 2 0
9 82861 2741 1 3 0
9 82861 2741 2 4 0
9 82861 44419 0 4 0
9 82861 44419 1 1 0
9 82861 44419 2 2 0
9 82861 33367 0 4 0
9 82861 33367 1 1 0
9 82861 33367 2 2 0
9 82861 80517 0 2 0
9 82861 80517 1 3 0
9 82861 80517 2 4 0
9 82861 81131 0 4 0
9 82861 81131 1 1 0
9 82861 81131 2 2 0
9 82861 46303 0 4 0
9 82861 46303 1 1 0
9 82861 46303 2 2 0
9 82861 28229 0 2 0
9 82861 28229 1 3 0
9 82861 28229 2 4 0
9 82861 14373 0 2 0
9 82861 14373 1 3 0
9 82861 14373 2 4 0
9 82861 59921 0 2 0
9 82861 59921 1 3 0
9 82861 59921 2 4 0
9 82861 1655 0 4 0
9 82861 1655 1 1 0
9 82861 1655 2 2 0
9 82861 69713 0 2 0
9 82861 69713 1 3 0
9 82861 69713 2 4 0
9 82861 48563 0 4 0
9 82861 48563 1 1 0
9 82861 48563 2 2 0
9 82861 27795 0 4 0
9 82861 27795 1 1 0
9 82861 27795 2 2 0
9 82861 53607 0 4 0
9 82861 53607 1 1 0
9 82861 53607 2 2 0
9 82861 4983 0 4 0
9 82861 4983 1 1 0
9 82861 4983 2 2 0
9 82861 47203 0 4 0
9 82861 47203 1 1 0
9 82861 47203 2 2 0
9 82861 11845 0 2 0
9 82861 11845 1 3 0
9 82861 11845 2 4 0
9 82861 53003 0 4 0
9 82861 53003 1 1 0
9 82861 53003 2 2 0
9 82861 58703 0 4 0
9 82861 58703 1 1 0
9 82861 58703 2 2 0
9 82861 59559 0 4 0
9 82861 59559 1 1 0
9 82861 59559 2 2 0
9 82861 27825 0 2 0
9 82861 27825 1 3 0
9 82861 27825 2 4 0
9 82861 32967 0 4 0
9 82861 32967 1 1 0
9 82861 32967 2 2 0
9 82861 58867 0 4 0
9 82861 58867 1 1 0
9 82861 58867 2 2 0
9 82861 36937 0 2 0
9 82861 36937 1 3 0
9 82861 36937 2 4 0
9 82861 81015 0 4 0
9 82861 81015 1 1 0
9 82861 81015 2 2 0
9 82861 25375 0 4 0
9 82861 25375 1 1 0
9 82861 25375 2 2 0
9 82861 77483 0 4 0
9 82861 77483 1 1 0
9 82861 77483 2 2 0
9 82861 37291 0 4 0
9 82861 37291 1 1 0
9 82861 37291 2 2 0
9 82861 52351 0 4 0
9 82861 52351 1 1 0
9 82861 52351 2 2 0
9 82861 18629 0 2 0
9 82861 18629 1 3 0
9 82861 18629 2 4 0
9 82861 68653 0 2 0
9 82861 68653 1 3 0
9 82861 68653 2 4 0
9 82861 55741 0 2 0
9 82861 55741 1 3 0
9 82861 55741 2 4 0
9 82861 21737 0 2 0
9 82861 21737 1 3 0
9 82861 21737 2 4 0
9 82861 34633 0 2 0
9 82861 34633 1 3 0
9 82861 34633 2 4 0
9 82861 65583 0 4 0
9 82861 65583 1 1 0
9 82861 65583 2 2 0
9 82861 11861 0 2 0
9 82861 11861 1 3 0
9 82861 11861 2 4 0
9 82861 55919 0 4 0
9 82861 55919 1 1 0
9 82861 55919 2 2 0
9 82861 48527 0 4 0
9 82861 48527 1 1 0
9 82861 48527 2 2 0
9 82861 15157 0 2 0
9 82861 15157 1 3 0
9 82861 15157 2 4 0
9 82861 48417 0 2 0
9 82861 48417 1 3 0
9 82861 48417 2 4 0
9 82861 17725 0 2 0
9 82861 17725 1 3 0
9 82861 17725 2 4 0
9 82861 26779 0 4 0
9 82861 26779 1 1 0
9 82861 26779 2 2 0
9 82861 3643 0 4 0
9 82861 3643 1 1 0
9 82861 3643 2 2 0
9 82861 72369 0 2 0
9 82861 72369 1 3 0
9 82861 72369 2 4 0
9 82861 58305 0 2 0
9 82861 58305 1 3 0
9 82861 58305 2 4 0
9 82861 76011 0 4 0
9 82861 76011 1 1 0
9 82861 76011 2 2 0
9 82861 51271 0 4 0
9 82861 51271 1 1 0
9 82861 51271 2 2 0
9 82861 8843 0 4 0
9 82861 8843 1 1 0
9 82861 8843 2 2 0
9 82861 18445 0 2 0
9 82861 18445 1 3 0
9 82861 18445 2 4 0
9 82861 24811 0 4 0
9 82861 24811 1 1 0
9 82861 24811 2 2 0
9 82861 24861 0 2 0
9 82861 24861 1 3 0
9 82861 24861 2 4 0
9 82861 79751 0 4 0
9 82861 79751 1 1 0
9 82861 79751 2 2 0
9 82861 53895 0 4 0
9 82861 53895 1 1 0
9 82861 53895 2 2 0
9 82861 55055 0 4 0
9 82861 55055 1 1 0
9 82861 55055 2 2 0
9 82861 48327 0 4 0
9 82861 48327 1 1 0
9 82861 48327 2 2 0
9 82861 41437 0 2 0
9 82861 41437 1 3 0
9 82861 41437 2 4 0
9 82861 3851 0 4 0
9 82861 3851 1 1 0
9 82861 3851 2 2 0
9 82861 5555 0 4 0
9 82861 5555 1 1 0
9 82861 5555 2 2 0
9 82861 68007 0 4 0
9 82861 68007 1 1 0
9 82861 68007 2 2 0
9 82861 1545 0 2 0
9 82861 1545 1 3 0
9 82861 1545 2 4 0
9 82861 34979 0 4 0
9 82861 34979 1 1 0
9 82861 34979 2 2 0
9 82861 61765 0 2 0
9 82861 61765 1 3 0
9 82861 61765 2 4 0
9 82861 80971 0 4 0
9 82861 80971 1 1 0
9 82861 80971 2 2 0
9 82861 57003 0 4 0
9 82861 57003 1 1 0
9 82861 57003 2 2 0
9 82861 65495 0 4 0
9 82861 65495 1 1 0
9 82861 65495 2 2 0
9 82861 11593 0 2 0
9 82861 11593 1 3 0
9 82861 11593 2 4 0
9 82861 39723 0 4 0
9 82861 39723 1 1 0
9 82861 39723 2 2 0
9 82861 55233 0 2 0
9 82861 55233 1 3 0
9 82861 55233 2 4 0
9 82861 57021 0 2 0
9 82861 57021 1 3 0
9 82861 57021 2 4 0
9 82861 61299 0 4 0
9 82861 61299 1 1 0
9 82861 61299 2 2 0
9 82861 51347 0 4 0
9 82861 51347 1 1 0
9 82861 51347 2 2 0
9 82861 40009 0 2 0
9 82861 40009 1 3 0
9 82861 40009 2 4 0
9 82861 48493 0 2 0
9 82861 48493 1 3 0
9 82861 48493 2 4 0
9 82861 30127 0 4 0
9 82861 30127 1 1 0
9 82861 30127 2 2 0
9 82861 25243 0 4 0
9 82861 25243 1 1 0
9 82861 25243 2 2 0
9 82861 9013 0 2 0
9 82861 9013 1 3 0
9 82861 9013 2 4 0
9 82861 10903 0 4 0
9 82861 10903 1 1 0
9 82861 10903 2 2 0
9 82861 54017 0 2 0
9 82861 54017 1 3 0
9 82861 54017 2 4 0
9 82861 31897 0 2 0
9 82861 31897 1 3 0
9 82861 31897 2 4 0
9 82861 58671 0 4 0
9 82861 58671 1 1 0
9 82861 58671 2 2 0
9 82861 72769 0 2 0
9 82861 72769 1 3 0
9 82861 72769 2 4 0
9 82861 2127 0 4 0
9 82861 2127 1 1 0
9 82861 2127 2 2 0
9 82861 28177 0 2 0
9 82861 28177 1 3 0
9 82861 28177 2 4 0
9 82861 52859 0 4 0
9 82861 52859 1 1 0
9 82861 52859 2 2 0
9 82861 3181 0 2 0
9 82861 3181 1 3 0
9 82861 3181 2 4 0
9 82861 70675 0 4 0
9 82861 70675 1 1 0
9 82861 70675 2 2 0
9 82861 43583 0 4 0
9 82861 43583 1 1 0
9 82861 43583 2 2 0
9 82861 81835 0 4 0
9 82861 81835 1 1 0
9 82861 81835 2 2 0
9 82861 34367 0 4 0
9 82861 34367 1 1 0
9 82861 34367 2 2 0
9 82861 28691 0 4 0
9 82861 28691 1 1 0
9 82861 28691 2 2 0
9 82861 74643 0 4 0
9 82861 74643 1 1 0
9 82861 74643 2 2 0
9 82861 32451 0 4 0
9 82861 32451 1 1 0
9 82861 32451 2 2 0
9 82861 29179 0 4 0
9 82861 29179 1 1 0
9 82861 29179 2 2 0
9 82861 68435 0 4 0
9 82861 68435 1 1 0
9 82861 68435 2 2 0
9 82861 11285 0 2 0
9 82861 11285 1 3 0
9 82861 11285 2 4 0
9 82861 70395 0 4 0
9 82861 70395 1 1 0
9 82861 70395 2 2 0
9 82861 527 0 4 0
9 82861 527 1 1 0
9 82861 527 2 2 0
9 82861 43857 0 2 0
9 82861 43857 1 3 0
9 82861 43857 2 4 0
9 82861 28159 0 4 0
9 82861 28159 1 1 0
9 82861 28159 2 2 0
9 82861 43277 0 2 0
9 82861 43277 1 3 0
9 82861 43277 2 4 0
9 82861 64067 0 4 0
9 82861 64067 1 1 0
9 82861 64067 2 2 0
9 82861 23661 0 2 0
9 82861 23661 1 3 0
9 82861 23661 2 4 0
9 82861 4499 0 4 0
9 82861 4499 1 1 0
9 82861 4499 2 2 0
9 82861 57745 0 2 0
9 82861 57745 1 3 0
9 82861 57745 2 4 0
9 82861 80985 0 2 0
9 82861 80985 1 3 0
9 82861 80985 2 4 0
9 82861 52401 0 2 0
9 82861 52401 1 3 0
9 82861 52401 2 4 0
9 82861 23225 0 2 0
9 82861 23225 1 3 0
9 82861 23225 2 4 0
9 82861 29463 0 4 0
9 82861 29463 1 1 0
9 82861 29463 2 2 0
9 82861 62095 0 4 0
9 82861 62095 1 1 0
9 82861 62095 2 2 0
9 82861 45787 0 4 0
9 82861 45787 1 1 0
9 82861 45787 2 2 0
9 82861 49527 0 4 0
9 82861 49527 1 1 0
9 82861 49527 2 2 0
9 82861 4481 0 2 0
9 82861 4481 1 3 0
9 82861 4481 2 4 0
9 82861 59241 0 2 0
9 82861 59241 1 3 0
9 82861 59241 2 4 0
9 82861 11691 0 4 0
9 82861 11691 1 1 0
9 82861 11691 2 2 0
9 82861 59453 0 2 0
9 82861 59453 1 3 0
9 82861 59453 2 4 0
9 82861 81767 0 4 0
9 82861 81767 1 1 0
9 82861 81767 2 2 0
9 82861 32199 0 4 0
9 82861 32199 1 1 0
9 82861 32199 2 2 0
9 82861 48055 0 4 0
9 82861 48055 1 1 0
9 82861 48055 2 2 0
9 82861 15507 0 4 0
9 82861 15507 1 1 0
9 82861 15507 2 2 0
9 82861 81821 0 2 0
9 82861 81821 1 3 0
9 82861 81821 2 4 0
9 82861 16685 0 2 0
9 82861 16685 1 3 0
9 82861 16685 2 4 0
9 82861 73289 0 2 0
9 82861 73289 1 3 0
9 82861 73289 2 4 0
9 82861 39671 0 4 0
9 82861 39671 1 1 0
9 82861 39671 2 2 0
9 82861 10943 0 4 0
9 82861 10943 1 1 0
9 82861 10943 2 2 0
9 82861 5363 0 4 0
9 82861 5363 1 1 0
9 82861 5363 2 2 0
9 82861 25209 0 2 0
9 82861 25209 1 3 0
9 82861 25209 2 4 0
9 82861 28243 0 4 0
9 82861 28243 1 1 0
9 82861 28243 2 2 0
9 82861 11049 0 2 0
9 82861 11049 1 3 0
9 82861 11049 2 4 0
9 82861 66547 0 4 0
9 82861 66547 1 1 0
9 82861 66547 2 2 0
9 82861 26747 0 4 0
9 82861 26747 1 1 0
9 82861 26747 2 2 0
9 82861 68567 0 4 0
9 82861 68567 1 1 0
9 82861 68567 2 2 0
9 82861 21075 0 4 0
9 82861 21075 1 1 0
9 82861 21075 2 2 0
9 82861 23641 0 2 0
9 82861 23641 1 3 0
9 82861 23641 2 4 0
9 82861 55295 0 4 0
9 82861 55295 1 1 0
9 82861 55295 2 2 0
9 82861 50427 0 4 0
9 82861 50427 1 1 0
9 82861 50427 2 2 0
9 82861 46209 0 2 0
9 82861 46209 1 3 0
9 82861 46209 2 4 0
9 82861 45021 0 2 0
9 82861 45021 1 3 0
9 82861 45021 2 4 0
9 82861 73305 0 2 0
9 82861 73305 1 3 0
9 82861 73305 2 4 0
9 82861 20287 0 4 0
9 82861 20287 1 1 0
9 82861 20287 2 2 0
9 82861 18423 0 4 0
9 82861 18423 1 1 0
9 82861 18423 2 2 0
9 82861 57739 0 4 0
9 82861 57739 1 1 0
9 82861 57739 2 2 0
9 82861 5125 0 2 0
9 82861 5125 1 3 0
9 82861 5125 2 4 0
9 82861 3187 0 4 0
9 82861 3187 1 1 0
9 82861 3187 2 2 0
9 82861 10047 0 4 0
9 82861 10047 1 1 0
9 82861 10047 2 2 0
9 82861 29729 0 2 0
9 82861 29729 1 3 0
9 82861 29729 2 4 0
9 82861 57733 0 2 0
9 82861 57733 1 3 0
9 82861 57733 2 4 0
9 82861 25205 0 2 0
9 82861 25205 1 3 0
9 82861 25205 2 4 0
9 82861 41535 0 4 0
9 82861 41535 1 1 0
9 82861 41535 2 2 0
9 82861 77435 0 4 0
9 82861 77435 1 1 0
9 82861 77435 2 2 0
9 82861 64303 0 4 0
9 82861 64303 1 1 0
9 82861 64303 2 2 0
9 82861 3725 0 2 0
9 82861 3725 1 3 0
9 82861 3725 2 4 0
9 82861 35789 0 2 0
9 82861 35789 1 3 0
9 82861 35789 2 4 0
9 82861 55061 0 2 0
9 82861 55061 1 3 0
9 82861 55061 2 4 0
9 82861 46057 0 2 0
9 82861 46057 1 3 0
9 82861 46057 2 4 0
9 82861 25833 0 2 0
9 82861 25833 1 3 0
9 82861 25833 2 4 0
9 82861 62435 0 4 0
9 82861 62435 1 1 0
9 82861 62435 2 2 0
9 82861 70325 0 2 0
9 82861 70325 1 3 0
9 82861 70325 2 4 0
9 82861 1411 0 4 0
9 82861 1411 1 1 0
9 82861 1411 2 2 0
9 82861 78267 0 4 0
9 82861 78267 1 1 0
9 82861 78267 2 2 0
9 82861 46823 0 4 0
9 82861 46823 1 1 0
9 82861 46823 2 2 0
9 82861 60059 0 4 0
9 82861 60059 1 1 0
9 82861 60059 2 2 0
9 82861 7929 0 2 0
9 82861 7929 1 3 0
9 82861 7929 2 4 0
9 82861 1933 0 2 0
9 82861 1933 1 3 0
9 82861 1933 2 4 0
9 82861 30833 0 2 0
9 82861 30833 1 3 0
9 82861 30833 2 4 0
9 82861 31817 0 2 0
9 82861 31817 1 3 0
9 82861 31817 2 4 0
9 82861 69021 0 2 0
9 82861 69021 1 3 0
9 82861 69021 2 4 0
9 82861 11101 0 2 0
9 82861 11101 1 3 0
9 82861 11101 2 4 0
9 82861 54953 0 2 0
9 82861 54953 1 3 0
9 82861 54953 2 4 0
9 82861 7693 0 2 0
9 82861 7693 1 3 0
9 82861 7693 2 4 0
9 82861 61393 0 2 0
9 82861 61393 1 3 0
9 82861 61393 2 4 0
9 82861 38889 0 2 0
9 82861 38889 1 3 0
9 82861 38889 2 4 0
9 82861 15801 0 2 0
9 82861 15801 1 3 0
9 82861 15801 2 4 0
9 82861 20559 0 4 0
9 82861 20559 1 1 0
9 82861 20559 2 2 0
9 82861 42793 0 2 0
9 82861 42793 1 3 0
9 82861 42793 2 4 0
9 82861 8105 0 2 0
9 82861 8105 1 3 0
9 82861 8105 2 4 0
9 82861 70377 0 2 0
9 82861 70377 1 3 0
9 82861 70377 2 4 0
9 82861 32007 0 4 0
9 82861 32007 1 1 0
9 82861 32007 2 2 0
9 82861 72833 0 2 0
9 82861 72833 1 3 0
9 82861 72833 2 4 0
9 82861 72101 0 2 0
9 82861 72101 1 3 0
9 82861 72101 2 4 0
9 82861 9867 0 4 0
9 82861 9867 1 1 0
9 82861 9867 2 2 0
9 82861 16157 0 2 0
9 82861 16157 1 3 0
9 82861 16157 2 4 0
9 82861 51493 0 2 0
9 82861 51493 1 3 0
9 82861 51493 2 4 0
9 82861 52247 0 4 0
9 82861 52247 1 1 0
9 82861 52247 2 2 0
9 82861 44893 0 2 0
9 82861 44893 1 3 0
9 82861 44893 2 4 0
9 82861 55693 0 2 0
9 82861 55693 1 3 0
9 82861 55693 2 4 0
9 82861 26949 0 2 0
9 82861 26949 1 3 0
9 82861 26949 2 4 0
9 82861 19561 0 2 0
9 82861 19561 1 3 0
9 82861 19561 2 4 0
9 82861 64715 0 4 0
9 82861 64715 1 1 0
9 82861 64715 2 2 0
9 82861 47181 0 2 0
9 82861 47181 1 3 0
9 82861 47181 2 4 0
9 82861 12145 0 2 0
9 82861 12145 1 3 0
9 82861 12145 2 4 0
9 82861 47909 0 2 0
9 82861 47909 1 3 0
9 82861 47909 2 4 0
9 82861 30959 0 4 0
9 82861 30959 1 1 0
9 82861 30959 2 2 0
9 82861 33387 0 4 0
9 82861 33387 1 1 0
9 82861 33387 2 2 0
9 82861 23805 0 2 0
9 82861 23805 1 3 0
9 82861 23805 2 4 0
9 82861 8931 0 4 0
9 82861 8931 1 1 0
9 82861 8931 2 2 0
9 82861 30423 0 4 0
9 82861 30423 1 1 0
9 82861 30423 2 2 0
9 82861 14787 0 4 0
9 82861 14787 1 1 0
9 82861 14787 2 2 0
9 82861 60461 0 2 0
9 82861 60461 1 3 0
9 82861 60461 2 4 0
9 82861 77403 0 4 0
9 82861 77403 1 1 0
9 82861 77403 2 2 0
9 82861 64427 0 4 0
9 82861 64427 1 1 0
9 82861 64427 2 2 0
9 82861 33439 0 4 0
9 82861 33439 1 1 0
9 82861 33439 2 2 0
9 82861 4251 0 4 0
9 82861 4251 1 1 0
9 82861 4251 2 2 0
9 82861 23711 0 4 0
9 82861 23711 1 1 0
9 82861 23711 2 2 0
9 82861 10899 0 4 0
9 82861 10899 1 1 0
9 82861 10899 2 2 0
9 82861 21869 0 2 0
9 82861 21869 1 3 0
9 82861 21869 2 4 0
9 82861 14053 0 2 0
9 82861 14053 1 3 0
9 82861 14053 2 4 0
9 82861 25081 0 2 0
9 82861 25081 1 3 0
9 82861 25081 2 4 0
9 82861 81569 0 2 0
9 82861 81569 1 3 0
9 82861 81569 2 4 0
9 82861 15545 0 2 0
9 82861 15545 1 3 0
9 82861 15545 2 4 0
9 82861 58161 0 2 0
9 82861 58161 1 3 0
9 82861 58161 2 4 0
9 82861 44313 0 2 0
9 82861 44313 1 3 0
9 82861 44313 2 4 0
9 82861 16057 0 2 0
9 82861 16057 1 3 0
9 82861 16057 2 4 0
9 82861 48251 0 4 0
9 82861 48251 1 1 0
9 82861 48251 2 2 0
10 82861 20209 0 2 0
10 82861 20209 1 3 0
10 82861 20209 2 4 0
10 82861 79481 0 2 0
10 82861 79481 1 3 0
10 82861 79481 2 4 0
10 82861 34185 0 2 0
10 82861 34185 1 3 0
10 82861 34185 2 4 0
10 82861 29277 0 2 0
10 82861 29277 1 3 0
10 82861 29277 2 4 0
10 82861 24251 0 4 0
10 82861 24251 1 1 0
10 82861 24251 2 2 0
10 82861 2207 0 4 0
10 82861 2207 1 1 0
10 82861 2207 2 2 0
10 82861 66731 0 4 0
10 82861 66731 1 1 0
10 82861 66731 2 2 0
10 82861 68093 0 2 0
10 82861 68093 1 3 0
10 82861 68093 2 4 0
10 82861 50121 0 2 0
10 82861 50121 1 3 0
10 82861 50121 2 4 0
10 82861 48723 0 4 0
10 82861 48723 1 1 0
10 82861 48723 2 2 0
10 82861 7779 0 4 0
10 82861 7779 1 1 0
10 82861 7779 2 2 0
10 82861 14905 0 2 0
10 82861 14905 1 3 0
10 82861 14905 2 4 0
10 82861 48345 0 2 0
10 82861 48345 1 3 0
10 82861 48345 2 4 0
10 82861 11475 0 4 0
10 82861 11475 1 1 0
10 82861 11475 2 2 0
10 82861 17499 0 4 0
10 82861 17499 1 1 0
10 82861 17499 2 2 0
10 82861 7705 0 2 0
10 82861 7705 1 3 0
10 82861 7705 2 4 0
10 82861 31269 0 2 0
10 82861 31269 1 3 0
10 82861 31269 2 4 0
10 82861 44527 0 4 0
10 82861 44527 1 1 0
10 82861 44527 2 2 0
10 82861 48937 0 2 0
10 82861 48937 1 3 0
10 82861 48937 2 4 0
10 82861 27093 0 2 0
10 82861 27093 1 3 0
10 82861 27093 2 4 0
10 82861 73557 0 2 0
10 82861 73557 1 3 0
10 82861 73557 2 4 0
10 82861 66529 0 2 0
10 82861 66529 1 3 0
10 82861 66529 2 4 0
10 82861 45805 0 2 0
10 82861 45805 1 3 0
10 82861 45805 2 4 0
10 82861 55691 0 4 0
10 82861 55691 1 1 0
10 82861 55691 2 2 0
10 82861 37289 0 2 0
10 82861 37289 1 3 0
10 82861 37289 2 4 0
10 82861 11301 0 2 0
10 82861 11301 1 3 0
10 82861 11301 2 4 0
10 82861 32093 0 2 0
10 82861 32093 1 3 0
10 82861 32093 2 4 0
10 82861 38199 0 4 0
10 82861 38199 1 1 0
10 82861 38199 2 2 0
10 82861 23801 0 2 0
10 82861 23801 1 3 0
10 82861 23801 2 4 0
10 82861 23361 0 2 0
10 82861 23361 1 3 0
10 82861 23361 2 4 0
10 82861 51749 0 2 0
10 82861 51749 1 3 0
10 82861 51749 2 4 0
10 82861 49451 0 4 0
10 82861 49451 1 1 0
10 82861 49451 2 2 0
10 82861 13415 0 4 0
10 82861 13415 1 1 0
10 82861 13415 2 2 0
10 82861 33263 0 4 0
10 82861 33263 1 1 0
10 82861 33263 2 2 0
10 82861 11089 0 2 0
10 82861 11089 1 3 0
10 82861 11089 2 4 0
10 82861 62167 0 4 0
10 82861 62167 1 1 0
10 82861 62167 2 2 0
10 82861 16525 0 2 0
10 82861 16525 1 3 0
10 82861 16525 2 4 0
10 82861 51801 0 2 0
10 82861 51801 1 3 0
10 82861 51801 2 4 0
10 82861 9577 0 2 0
10 82861 9577 1 3 0
10 82861 9577 2 4 0
10 82861 75863 0 4 0
10 82861 75863 1 1 0
10 82861 75863 2 2 0
10 82861 56245 0 2 0
10 82861 56245 1 3 0
10 82861 56245 2 4 0
10 82861 22093 0 2 0
10 82861 22093 1 3 0
10 82861 22093 2 4 0
10 82861 62871 0 4 0
10 82861 62871 1 1 0
10 82861 62871 2 2 0
10 82861 22339 0 4 0
10 82861 22339 1 1 0
10 82861 22339 2 2 0
10 82861 34343 0 4 0
10 82861 34343 1 1 0
10 82861 34343 2 2 0
10 82861 385 0 2 0
10 82861 385 1 3 0
10 82861 385 2 4 0
10 82861 47879 0 4 0
10 82861 47879 1 1 0
10 82861 47879 2 2 0
10 82861 61381 0 2 0
10 82861 61381 1 3 0
10 82861 61381 2 4 0
10 82861 56715 0 4 0
10 82861 56715 1 1 0
10 82861 56715 2 2 0
10 82861 40585 0 2 0
10 82861 40585 1 3 0
10 82861 40585 2 4 0
10 82861 75301 0 2 0
10 82861 75301 1 3 0
10 82861 75301 2 4 0
10 82861 77987 0 4 0
10 82861 77987 1 1 0
10 82861 77987 2 2 0
10 82861 51141 0 2 0
10 82861 51141 1 3 0
10 82861 51141 2 4 0
10 82861 9759 0 4 0
10 82861 9759 1 1 0
10 82861 9759 2 2 0
10 82861 26087 0 4 0
10 82861 26087 1 1 0
10 82861 26087 2 2 0
10 82861 349 0 2 0
10 82861 349 1 3 0
10 82861 349 2 4 0
10 82861 50653 0 2 0
10 82861 50653 1 3 0
10 82861 50653 2 4 0
10 82861 28897 0 2 0
10 82861 28897 1 3 0
10 82861 28897 2 4 0
10 82861 12859 0 4 0
10 82861 12859 1 1 0
10 82861 12859 2 2 0
10 82861 16531 0 4 0
10 82861 16531 1 1 0
10 82861 16531 2 2 0
10 82861 38681 0 2 0
10 82861 38681 1 3 0
10 82861 38681 2 4 0
10 82861 56459 0 4 0
10 82861 56459 1 1 0
10 82861 56459 2 2 0
10 82861 52085 0 2 0
10 82861 52085 1 3 0
10 82861 52085 2 4 0
10 82861 35223 0 4 0
10 82861 35223 1 1 0
10 82861 35223 2 2 0
10 82861 62479 0 4 0
10 82861 62479 1 1 0
10 82861 62479 2 2 0
10 82861 42155 0 4 0
10 82861 42155 1 1 0
10 82861 42155 2 2 0
10 82861 67277 0 2 0
10 82861 67277 1 3 0
10 82861 67277 2 4 0
10 82861 37503 0 4 0
10 82861 37503 1 1 0
10 82861 37503 2 2 0
10 82861 48589 0 2 0
10 82861 48589 1 3 0
10 82861 48589 2 4 0
10 82861 229 0 2 0
10 82861 229 1 3 0
10 82861 229 2 4 0
10 82861 28307 0 4 0
10 82861 28307 1 1 0
10 82861 28307 2 2 0
10 82861 25739 0 4 0
10 82861 25739 1 1 0
10 82861 25739 2 2 0
10 82861 43759 0 4 0
10 82861 43759 1 1 0
10 82861 43759 2 2 0
10 82861 67207 0 4 0
10 82861 67207 1 1 0
10 82861 67207 2 2 0
10 82861 54861 0 2 0
10 82861 54861 1 3 0
10 82861 54861 2 4 0
10 82861 65687 0 4 0
10 82861 65687 1 1 0
10 82861 65687 2 2 0
10 82861 61389 0 2 0
10 82861 61389 1 3 0
10 82861 61389 2 4 0
10 82861 58373 0 2 0
10 82861 58373 1 3 0
10 82861 58373 2 4 0
10 82861 10789 0 2 0
10 82861 10789 1 3 0
10 82861 10789 2 4 0
10 82861 76315 0 4 0
10 82861 76315 1 1 0
10 82861 76315 2 2 0
10 82861 75287 0 4 0
10 82861 75287 1 1 0
10 82861 75287 2 2 0
10 82861 46299 0 4 0
10 82861 46299 1 1 0
10 82861 46299 2 2 0
10 82861 46747 0 4 0
10 82861 46747 1 1 0
10 82861 46747 2 2 0
10 82861 13049 0 2 0
10 82861 13049 1 3 0
10 82861 13049 2 4 0
10 82861 60199 0 4 0
10 82861 60199 1 1 0
10 82861 60199 2 2 0
10 82861 61277 0 2 0
10 82861 61277 1 3 0
10 82861 61277 2 4 0
10 82861 35823 0 4 0
10 82861 35823 1 1 0
10 82861 35823 2 2 0
10 82861 5615 0 4 0
10 82861 5615 1 1 0
10 82861 5615 2 2 0
10 82861 27327 0 4 0
10 82861 27327 1 1 0
10 82861 27327 2 2 0
10 82861 6755 0 4 0
10 82861 6755 1 1 0
10 82861 6755 2 2 0
10 82861 57157 0 2 0
10 82861 57157 1 3 0
10 82861 57157 2 4 0
10 82861 54813 0 2 0
10 82861 54813 1 3 0
10 82861 54813 2 4 0
10 82861 48577 0 2 0
10 82861 48577 1 3 0
10 82861 48577 2 4 0
10 82861 75711 0 4 0
10 82861 75711 1 1 0
10 82861 75711 2 2 0
10 82861 36513 0 2 0
10 82861 36513 1 3 0
10 82861 36513 2 4 0
10 82861 68915 0 4 0
10 82861 68915 1 1 0
10 82861 68915 2 2 0
10 82861 36267 0 4 0
10 82861 36267 1 1 0
10 82861 36267 2 2 0
10 82861 13913 0 2 0
10 82861 13913 1 3 0
10 82861 13913 2 4 0
10 82861 74107 0 4 0
10 82861 74107 1 1 0
10 82861 74107 2 2 0
10 82861 49321 0 2 0
10 82861 49321 1 3 0
10 82861 49321 2 4 0
10 82861 65777 0 2 0
10 82861 65777 1 3 0
10 82861 65777 2 4 0
10 82861 40057 0 2 0
10 82861 40057 1 3 0
10 82861 40057 2 4 0
10 82861 38325 0 2 0
10 82861 38325 1 3 0
10 82861 38325 2 4 0
10 82861 49675 0 4 0
10 82861 49675 1 1 0
10 82861 49675 2 2 0
10 82861 359 0 4 0
10 82861 359 1 1 0
10 82861 359 2 2 0
10 82861 47703 0 4 0
10 82861 47703 1 1 0
10 82861 47703 2 2 0
10 82861 30075 0 4 0
10 82861 30075 1 1 0
10 82861 30075 2 2 0
10 82861 81683 0 4 0
10 82861 81683 1 1 0
10 82861 81683 2 2 0
10 82861 24545 0 2 0
10 82861 24545 1 3 0
10 82861 24545 2 4 0
10 82861 20115 0 4 0
10 82861 20115 1 1 0
10 82861 20115 2 2 0
10 82861 49447 0 4 0
10 82861 49447 1 1 0
10 82861 49447 2 2 0
10 82861 34601 0 2 0
10 82861 34601 1 3 0
10 82861 34601 2 4 0
10 82861 76549 0 2 0
10 82861 76549 1 3 0
10 82861 76549 2 4 0
10 82861 31151 0 4 0
10 82861 31151 1 1 0
10 82861 31151 2 2 0
10 82861 58599 0 4 0
10 82861 58599 1 1 0
10 82861 58599 2 2 0
10 82861 5827 0 4 0
10 82861 5827 1 1 0
10 82861 5827 2 2 0
10 82861 25095 0 4 0
10 82861 25095 1 1 0
10 82861 25095 2 2 0
10 82861 77427 0 4 0
10 82861 77427 1 1 0
10 82861 77427 2 2 0
10 82861 12517 0 2 0
10 82861 12517 1 3 0
10 82861 12517 2 4 0
10 82861 73105 0 2 0
10 82861 73105 1 3 0
10 82861 73105 2 4 0
10 82861 71241 0 2 0
10 82861 71241 1 3 0
10 82861 71241 2 4 0
10 82861 53059 0 4 0
10 82861 53059 1 1 0
10 82861 53059 2 2 0
10 82861 13795 0 4 0
10 82861 13795 1 1 0
10 82861 13795 2 2 0
10 82861 16569 0 2 0
10 82861 16569 1 3 0
10 82861 16569 2 4 0
10 82861 60415 0 4 0
10 82861 60415 1 1 0
10 82861 60415 2 2 0
10 82861 22247 0 4 0
10 82861 22247 1 1 0
10 82861 22247 2 2 0
10 82861 31539 0 4 0
10 82861 31539 1 1 0
10 82861 31539 2 2 0
10 82861 16067 0 4 0
10 82861 16067 1 1 0
10 82861 16067 2 2 0
10 82861 65657 0 2 0
10 82861 65657 1 3 0
10 82861 65657 2 4 0
10 82861 111 0 4 0
10 82861 111 1 1 0
10 82861 111 2 2 0
10 82861 4295 0 4 0
10 82861 4295 1 1 0
10 82861 4295 2 2 0
10 82861 36953 0 2 0
10 82861 36953 1 3 0
10 82861 36953 2 4 0
10 82861 16283 0 4 0
10 82861 16283 1 1 0
10 82861 16283 2 2 0
10 82861 51755 0 4 0
10 82861 51755 1 1 0
10 82861 51755 2 2 0
10 82861 53547 0 4 0
10 82861 53547 1 1 0
10 82861 53547 2 2 0
10 82861 60673 0 2 0
10 82861 60673 1 3 0
10 82861 60673 2 4 0
10 82861 33497 0 2 0
10 82861 33497 1 3 0
10 82861 33497 2 4 0
10 82861 44393 0 2 0
10 82861 44393 1 3 0
10 82861 44393 2 4 0
10 82861 80837 0 2 0
10 82861 80837 1 3 0
10 82861 80837 2 4 0
10 82861 81309 0 2 0
10 82861 81309 1 3 0
10 82861 81309 2 4 0
10 82861 66673 0 2 0
10 82861 66673 1 3 0
10 82861 66673 2 4 0
10 82861 52243 0 4 0
10 82861 52243 1 1 0
10 82861 52243 2 2 0
10 82861 15975 0 4 0
10 82861 15975 1 1 0
10 82861 15975 2 2 0
10 82861 72747 0 4 0
10 82861 72747 1 1 0
10 82861 72747 2 2 0
10 82861 62343 0 4 0
10 82861 62343 1 1 0
10 82861 62343 2 2 0
10 82861 37459 0 4 0
10 82861 37459 1 1 0
10 82861 37459 2 2 0
10 82861 43701 0 2 0
10 82861 43701 1 3 0
10 82861 43701 2 4 0
10 82861 44413 0 2 0
10 82861 44413 1 3 0
10 82861 44413 2 4 0
10 82861 44929 0 2 0
10 82861 44929 1 3 0
10 82861 44929 2 4 0
10 82861 40399 0 4 0
10 82861 40399 1 1 0
10 82861 40399 2 2 0
10 82861 5887 0 4 0
10 82861 5887 1 1 0
10 82861 5887 2 2 0
10 82861 37059 0 4 0
10 82861 37059 1 1 0
10 82861 37059 2 2 0
10 82861 61169 0 2 0
10 82861 61169 1 3 0
10 82861 61169 2 4 0
10 82861 62017 0 2 0
10 82861 62017 1 3 0
10 82861 62017 2 4 0
10 82861 73515 0 4 0
10 82861 73515 1 1 0
10 82861 73515 2 2 0
10 82861 1383 0 4 0
10 82861 1383 1 1 0
10 82861 1383 2 2 0
10 82861 28313 0 2 0
10 82861 28313 1 3 0
10 82861 28313 2 4 0
10 82861 52943 0 4 0
10 82861 52943 1 1 0
10 82861 52943 2 2 0
10 82861 291 0 4 0
10 82861 291 1 1 0
10 82861 291 2 2 0
10 82861 47623 0 4 0
10 82861 47623 1 1 0
10 82861 47623 2 2 0
10 82861 10067 0 4 0
10 82861 10067 1 1 0
10 82861 10067 2 2 0
10 82861 43927 0 4 0
10 82861 43927 1 1 0
10 82861 43927 2 2 0
10 82861 50375 0 4 0
10 82861 50375 1 1 0
10 82861 50375 2 2 0
10 82861 23745 0 2 0
10 82861 23745 1 3 0
10 82861 23745 2 4 0
10 82861 37277 0 2 0
10 82861 37277 1 3 0
10 82861 37277 2 4 0
10 82861 57943 0 4 0
10 82861 57943 1 1 0
10 82861 57943 2 2 0
10 82861 60321 0 2 0
10 82861 60321 1 3 0
10 82861 60321 2 4 0
10 82861 42025 0 2 0
10 82861 42025 1 3 0
10 82861 42025 2 4 0
10 82861 12947 0 4 0
10 82861 12947 1 1 0
10 82861 12947 2 2 0
10 82861 79231 0 4 0
10 82861 79231 1 1 0
10 82861 79231 2 2 0
10 82861 77819 0 4 0
10 82861 77819 1 1 0
10 82861 77819 2 2 0
10 82861 27669 0 2 0
10 82861 27669 1 3 0
10 82861 27669 2 4 0
10 82861 45313 0 2 0
10 82861 45313 1 3 0
10 82861 45313 2 4 0
10 82861 38853 0 2 0
10 82861 38853 1 3 0
10 82861 38853 2 4 0
10 82861 28419 0 4 0
10 82861 28419 1 1 0
10 82861 28419 2 2 0
10 82861 4137 0 2 0
10 82861 4137 1 3 0
10 82861 4137 2 4 0
10 82861 54791 0 4 0
10 82861 54791 1 1 0
10 82861 54791 2 2 0
10 82861 65103 0 4 0
10 82861 65103 1 1 0
10 82861 65103 2 2 0
10 82861 65869 0 2 0
10 82861 65869 1 3 0
10 82861 65869 2 4 0
10 82861 46939 0 4 0
10 82861 46939 1 1 0
10 82861 46939 2 2 0
10 82861 35535 0 4 0
10 82861 35535 1 1 0
10 82861 35535 2 2 0
10 82861 40159 0 4 0
10 82861 40159 1 1 0
10 82861 40159 2 2 0
10 82861 44463 0 4 0
10 82861 44463 1 1 0
10 82861 44463 2 2 0
10 82861 11827 0 4 0
10 82861 11827 1 1 0
10 82861 11827 2 2 0
10 82861 40441 0 2 0
10 82861 40441 1 3 0
10 82861 40441 2 4 0
10 82861 10201 0 2 0
10 82861 10201 1 3 0
10 82861 10201 2 4 0
10 82861 26897 0 2 0
10 82861 26897 1 3 0
10 82861 26897 2 4 0
10 82861 52919 0 4 0
10 82861 52919 1 1 0
10 82861 52919 2 2 0
10 82861 37195 0 4 0
10 82861 37195 1 1 0
10 82861 37195 2 2 0
10 82861 77839 0 4 0
10 82861 77839 1 1 0
10 82861 77839 2 2 0
10 82861 54625 0 2 0
10 82861 54625 1 3 0
10 82861 54625 2 4 0
10 82861 26567 0 4 0
10 82861 26567 1 1 0
10 82861 26567 2 2 0
10 82861 32109 0 2 0
10 82861 32109 1 3 0
10 82861 32109 2 4 0
10 82861 41871 0 4 0
10 82861 41871 1 1 0
10 82861 41871 2 2 0
10 82861 44933 0 2 0
10 82861 44933 1 3 0
10 82861 44933 2 4 0
10 82861 62867 0 4 0
10 82861 62867 1 1 0
10 82861 62867 2 2 0
10 82861 59217 0 2 0
10 82861 59217 1 3 0
10 82861 59217 2 4 0
10 82861 52977 0 2 0
10 82861 52977 1 3 0
10 82861 52977 2 4 0
10 82861 72707 0 4 0
10 82861 72707 1 1 0
10 82861 72707 2 2 0
10 82861 63281 0 2 0
10 82861 63281 1 3 0
10 82861 63281 2 4 0
10 82861 62581 0 2 0
10 82861 62581 1 3 0
10 82861 62581 2 4 0
10 82861 22631 0 4 0
10 82861 22631 1 1 0
10 82861 22631 2 2 0
10 82861 25125 0 2 0
10 82861 25125 1 3 0
10 82861 25125 2 4 0
10 82861 55677 0 2 0
10 82861 55677 1 3 0
10 82861 55677 2 4 0
10 82861 49561 0 2 0
10 82861 49561 1 3 0
10 82861 49561 2 4 0
10 82861 65391 0 4 0
10 82861 65391 1 1 0
10 82861 65391 2 2 0
10 82861 17303 0 4 0
10 82861 17303 1 1 0
10 82861 17303 2 2 0
10 82861 6929 0 2 0
10 82861 6929 1 3 0
10 82861 6929 2 4 0
10 82861 68929 0 2 0
10 82861 68929 1 3 0
10 82861 68929 2 4 0
10 82861 5383 0 4 0
10 82861 5383 1 1 0
10 82861 5383 2 2 0
10 82861 17361 0 2 0
10 82861 17361 1 3 0
10 82861 17361 2 4 0
10 82861 81457 0 2 0
10 82861 81457 1 3 0
10 82861 81457 2 4 0
10 82861 66141 0 2 0
10 82861 66141 1 3 0
10 82861 66141 2 4 0
10 82861 50447 0 4 0
10 82861 50447 1 1 0
10 82861 50447 2 2 0
10 82861 52013 0 2 0
10 82861 52013 1 3 0
10 82861 52013 2 4 0
10 82861 40237 0 2 0
10 82861 40237 1 3 0
10 82861 40237 2 4 0
10 82861 24673 0 2 0
10 82861 24673 1 3 0
10 82861 24673 2 4 0
10 82861 58737 0 2 0
10 82861 58737 1 3 0
10 82861 58737 2 4 0
10 82861 8887 0 4 0
10 82861 8887 1 1 0
10 82861 8887 2 2 0
10 82861 50301 0 2 0
10 82861 50301 1 3 0
10 82861 50301 2 4 0
10 82861 5115 0 4 0
10 82861 5115 1 1 0
10 82861 5115 2 2 0
10 82861 9135 0 4 0
10 82861 9135 1 1 0
10 82861 9135 2 2 0
10 82861 51785 0 2 0
10 82861 51785 1 3 0
10 82861 51785 2 4 0
10 82861 66667 0 4 0
10 82861 66667 1 1 0
10 82861 66667 2 2 0
10 82861 1471 0 4 0
10 82861 1471 1 1 0
10 82861 1471 2 2 0
10 82861 12829 0 2 0
10 82861 12829 1 3 0
10 82861 12829 2 4 0
10 82861 66577 0 2 0
10 82861 66577 1 3 0
10 82861 66577 2 4 0
10 82861 22123 0 4 0
10 82861 22123 1 1 0
10 82861 22123 2 2 0
10 82861 75325 0 2 0
10 82861 75325 1 3 0
10 82861 75325 2 4 0
10 82861 36063 0 4 0
10 82861 36063 1 1 0
10 82861 36063 2 2 0
10 82861 28459 0 4 0
10 82861 28459 1 1 0
10 82861 28459 2 2 0
10 82861 74635 0 4 0
10 82861 74635 1 1 0
10 82861 74635 2 2 0
10 82861 76737 0 2 0
10 82861 76737 1 3 0
10 82861 76737 2 4 0
10 82861 2917 0 2 0
10 82861 2917 1 3 0
10 82861 2917 2 4 0
10 82861 48793 0 2 0
10 82861 48793 1 3 0
10 82861 48793 2 4 0
10 82861 41219 0 4 0
10 82861 41219 1 1 0
10 82861 41219 2 2 0
10 82861 48203 0 4 0
10 82861 48203 1 1 0
10 82861 48203 2 2 0
10 82861 37825 0 2 0
10 82861 37825 1 3 0
10 82861 37825 2 4 0
10 82861 25541 0 2 0
10 82861 25541 1 3 0
10 82861 25541 2 4 0
10 82861 62433 0 2 0
10 82861 62433 1 3 0
10 82861 62433 2 4 0
10 82861 45781 0 2 0
10 82861 45781 1 3 0
10 82861 45781 2 4 0
10 82861 4149 0 2 0
10 82861 4149 1 3 0
10 82861 4149 2 4 0
10 82861 17831 0 4 0
10 82861 17831 1 1 0
10 82861 17831 2 2 0
10 82861 2537 0 2 0
10 82861 2537 1 3 0
10 82861 2537 2 4 0
10 82861 28893 0 2 0
10 82861 28893 1 3 0
10 82861 28893 2 4 0
10 82861 62195 0 4 0
10 82861 62195 1 1 0
10 82861 62195 2 2 0
10 82861 33211 0 4 0
10 82861 33211 1 1 0
10 82861 33211 2 2 0
10 82861 57325 0 2 0
10 82861 57325 1 3 0
10 82861 57325 2 4 0
10 82861 27649 0 2 0
10 82861 27649 1 3 0
10 82861 27649 2 4 0
10 82861 44841 0 2 0
10 82861 44841 1 3 0
10 82861 44841 2 4 0
10 82861 66747 0 4 0
10 82861 66747 1 1 0
10 82861 66747 2 2 0
10 82861 79545 0 2 0
10 82861 79545 1 3 0
10 82861 79545 2 4 0
10 82861 8265 0 2 0
10 82861 8265 1 3 0
10 82861 8265 2 4 0
10 82861 61985 0 2 0
10 82861 61985 1 3 0
10 82861 61985 2 4 0
10 82861 52975 0 4 0
10 82861 52975 1 1 0
10 82861 52975 2 2 0
10 82861 50633 0 2 0
10 82861 50633 1 3 0
10 82861 50633 2 4 0
10 82861 19785 0 2 0
10 82861 19785 1 3 0
10 82861 19785 2 4 0
10 82861 2697 0 2 0
10 82861 2697 1 3 0
10 82861 2697 2 4 0
10 82861 79575 0 4 0
10 82861 79575 1 1 0
10 82861 79575 2 2 0
10 82861 13405 0 2 0
10 82861 13405 1 3 0
10 82861 13405 2 4 0
10 82861 58347 0 4 0
10 82861 58347 1 1 0
10 82861 58347 2 2 0
10 82861 73581 0 2 0
10 82861 73581 1 3 0
10 82861 73581 2 4 0
10 82861 80435 0 4 0
10 82861 80435 1 1 0
10 82861 80435 2 2 0
10 82861 71911 0 4 0
10 82861 71911 1 1 0
10 82861 71911 2 2 0
10 82861 73175 0 4 0
10 82861 73175 1 1 0
10 82861 73175 2 2 0
10 82861 53821 0 2 0
10 82861 53821 1 3 0
10 82861 53821 2 4 0
10 82861 61247 0 4 0
10 82861 61247 1 1 0
10 82861 61247 2 2 0
10 82861 59233 0 2 0
10 82861 59233 1 3 0
10 82861 59233 2 4 0
10 82861 42769 0 2 0
10 82861 42769 1 3 0
10 82861 42769 2 4 0
10 82861 11185 0 2 0
10 82861 11185 1 3 0
10 82861 11185 2 4 0
10 82861 53669 0 2 0
10 82861 53669 1 3 0
10 82861 53669 2 4 0
10 82861 24809 0 2 0
10 82861 24809 1 3 0
10 82861 24809 2 4 0
10 82861 32173 0 2 0
10 82861 32173 1 3 0
10 82861 32173 2 4 0
10 82861 42065 0 2 0
10 82861 42065 1 3 0
10 82861 42065 2 4 0
10 82861 1211 0 4 0
10 82861 1211 1 1 0
10 82861 1211 2 2 0
10 82861 23349 0 2 0
10 82861 23349 1 3 0
10 82861 23349 2 4 0
10 82861 12325 0 2 0
10 82861 12325 1 3 0
10 82861 12325 2 4 0
10 82861 20437 0 2 0
10 82861 20437 1 3 0
10 82861 20437 2 4 0
10 82861 81719 0 4 0
10 82861 81719 1 1 0
10 82861 81719 2 2 0
10 82861 71835 0 4 0
10 82861 71835 1 1 0
10 82861 71835 2 2 0
10 82861 68847 0 4 0
10 82861 68847 1 1 0
10 82861 68847 2 2 0
10 82861 17837 0 2 0
10 82861 17837 1 3 0
10 82861 17837 2 4 0
10 82861 43059 0 4 0
10 82861 43059 1 1 0
10 82861 43059 2 2 0
10 82861 67747 0 4 0
10 82861 67747 1 1 0
10 82861 67747 2 2 0
10 82861 9607 0 4 0
10 82861 9607 1 1 0
10 82861 9607 2 2 0
10 82861 19819 0 4 0
10 82861 19819 1 1 0
10 82861 19819 2 2 0
10 82861 56999 0 4 0
10 82861 56999 1 1 0
10 82861 56999 2 2 0
10 82861 3909 0 2 0
10 82861 3909 1 3 0
10 82861 3909 2 4 0
10 82861 39643 0 4 0
10 82861 39643 1 1 0
10 82861 39643 2 2 0
10 82861 45703 0 4 0
10 82861 45703 1 1 0
10 82861 45703 2 2 0
10 82861 69973 0 2 0
10 82861 69973 1 3 0
10 82861 69973 2 4 0
10 82861 37439 0 4 0
10 82861 37439 1 1 0
10 82861 37439 2 2 0
10 82861 78273 0 2 0
10 82861 78273 1 3 0
10 82861 78273 2 4 0
10 82861 77143 0 4 0
10 82861 77143 1 1 0
10 82861 77143 2 2 0
10 82861 3039 0 4 0
10 82861 3039 1 1 0
10 82861 3039 2 2 0
10 82861 3929 0 2 0
10 82861 3929 1 3 0
10 82861 3929 2 4 0
10 82861 26241 0 2 0
10 82861 26241 1 3 0
10 82861 26241 2 4 0
10 82861 79471 0 4 0
10 82861 79471 1 1 0
10 82861 79471 2 2 0
10 82861 62373 0 2 0
10 82861 62373 1 3 0
10 82861 62373 2 4 0
10 82861 35813 0 2 0
10 82861 35813 1 3 0
10 82861 35813 2 4 0
10 82861 80397 0 2 0
10 82861 80397 1 3 0
10 82861 80397 2 4 0
10 82861 76923 0 4 0
10 82861 76923 1 1 0
10 82861 76923 2 2 0
10 82861 42229 0 2 0
10 82861 42229 1 3 0
10 82861 42229 2 4 0
10 82861 57695 0 4 0
10 82861 57695 1 1 0
10 82861 57695 2 2 0
10 82861 59327 0 4 0
10 82861 59327 1 1 0
10 82861 59327 2 2 0
10 82861 23245 0 2 0
10 82861 23245 1 3 0
10 82861 23245 2 4 0
10 82861 49961 0 2 0
10 82861 49961 1 3 0
10 82861 49961 2 4 0
10 82861 64745 0 2 0
10 82861 64745 1 3 0
10 82861 64745 2 4 0
10 82861 24949 0 2 0
10 82861 24949 1 3 0
10 82861 24949 2 4 0
10 82861 14721 0 2 0
10 82861 14721 1 3 0
10 82861 14721 2 4 0
10 82861 69739 0 4 0
10 82861 69739 1 1 0
10 82861 69739 2 2 0
10 82861 79609 0 2 0
10 82861 79609 1 3 0
10 82861 79609 2 4 0
10 82861 36857 0 2 0
10 82861 36857 1 3 0
10 82861 36857 2 4 0
10 82861 16695 0 4 0
10 82861 16695 1 1 0
10 82861 16695 2 2 0
10 82861 26127 0 4 0
10 82861 26127 1 1 0
10 82861 26127 2 2 0
10 82861 23557 0 2 0
10 82861 23557 1 3 0
10 82861 23557 2 4 0
10 82861 78733 0 2 0
10 82861 78733 1 3 0
10 82861 78733 2 4 0
10 82861 47847 0 4 0
10 82861 47847 1 1 0
10 82861 47847 2 2 0
10 82861 71841 0 2 0
10 82861 71841 1 3 0
10 82861 71841 2 4 0
10 82861 55633 0 2 0
10 82861 55633 1 3 0
10 82861 55633 2 4 0
10 82861 72817 0 2 0
10 82861 72817 1 3 0
10 82861 72817 2 4 0
10 82861 76337 0 2 0
10 82861 76337 1 3 0
10 82861 76337 2 4 0
10 82861 30903 0 4 0
10 82861 30903 1 1 0
10 82861 30903 2 2 0
10 82861 61565 0 2 0
10 82861 61565 1 3 0
10 82861 61565 2 4 0
10 82861 29409 0 2 0
10 82861 29409 1 3 0
10 82861 29409 2 4 0
10 82861 13123 0 4 0
10 82861 13123 1 1 0
10 82861 13123 2 2 0
10 82861 75353 0 2 0
10 82861 75353 1 3 0
10 82861 75353 2 4 0
10 82861 12065 0 2 0
10 82861 12065 1 3 0
10 82861 12065 2 4 0
10 82861 64159 0 4 0
10 82861 64159 1 1 0
10 82861 64159 2 2 0
10 82861 9993 0 2 0
10 82861 9993 1 3 0
10 82861 9993 2 4 0
10 82861 72439 0 4 0
10 82861 72439 1 1 0
10 82861 72439 2 2 0
10 82861 67271 0 4 0
10 82861 67271 1 1 0
10 82861 67271 2 2 0
10 82861 53937 0 2 0
10 82861 53937 1 3 0
10 82861 53937 2 4 0
10 82861 53569 0 2 0
10 82861 53569 1 3 0
10 82861 53569 2 4 0
10 82861 48895 0 4 0
10 82861 48895 1 1 0
10 82861 48895 2 2 0
10 82861 74181 0 2 0
10 82861 74181 1 3 0
10 82861 74181 2 4 0
10 82861 81405 0 2 0
10 82861 81405 1 3 0
10 82861 81405 2 4 0
10 82861 5747 0 4 0
10 82861 5747 1 1 0
10 82861 5747 2 2 0
10 82861 5825 0 2 0
10 82861 5825 1 3 0
10 82861 5825 2 4 0
10 82861 67855 0 4 0
10 82861 67855 1 1 0
10 82861 67855 2 2 0
10 82861 51049 0 2 0
10 82861 51049 1 3 0
10 82861 51049 2 4 0
10 82861 66193 0 2 0
10 82861 66193 1 3 0
10 82861 66193 2 4 0
10 82861 61255 0 4 0
10 82861 61255 1 1 0
10 82861 61255 2 2 0
10 82861 18755 0 4 0
10 82861 18755 1 1 0
10 82861 18755 2 2 0
10 82861 26823 0 4 0
10 82861 26823 1 1 0
10 82861 26823 2 2 0
10 82861 68881 0 2 0
10 82861 68881 1 3 0
10 82861 68881 2 4 0
10 82861 56849 0 2 0
10 82861 56849 1 3 0
10 82861 56849 2 4 0
10 82861 30701 0 2 0
10 82861 30701 1 3 0
10 82861 30701 2 4 0
10 82861 58939 0 4 0
10 82861 58939 1 1 0
10 82861 58939 2 2 0
10 82861 34133 0 2 0
10 82861 34133 1 3 0
10 82861 34133 2 4 0
10 82861 24337 0 2 0
10 82861 24337 1 3 0
10 82861 24337 2 4 0
10 82861 49955 0 4 0
10 82861 49955 1 1 0
10 82861 49955 2 2 0
10 82861 18765 0 2 0
10 82861 18765 1 3 0
10 82861 18765 2 4 0
10 82861 62935 0 4 0
10 82861 62935 1 1 0
10 82861 62935 2 2 0
10 82861 51839 0 4 0
10 82861 51839 1 1 0
10 82861 51839 2 2 0
10 82861 15047 0 4 0
10 82861 15047 1 1 0
10 82861 15047 2 2 0
10 82861 76443 0 4 0
10 82861 76443 1 1 0
10 82861 76443 2 2 0
10 82861 42475 0 4 0
10 82861 42475 1 1 0
10 82861 42475 2 2 0
10 82861 28557 0 2 0
10 82861 28557 1 3 0
10 82861 28557 2 4 0
10 82861 81445 0 2 0
10 82861 81445 1 3 0
10 82861 81445 2 4 0
10 82861 43805 0 2 0
10 82861 43805 1 3 0
10 82861 43805 2 4 0
10 82861 78179 0 4 0
10 82861 78179 1 1 0
10 82861 78179 2 2 0
10 82861 54755 0 4 0
10 82861 54755 1 1 0
10 82861 54755 2 2 0
10 82861 10739 0 4 0
10 82861 10739 1 1 0
10 82861 10739 2 2 0
10 82861 34615 0 4 0
10 82861 34615 1 1 0
10 82861 34615 2 2 0
10 82861 42873 0 2 0
10 82861 42873 1 3 0
10 82861 42873 2 4 0
10 82861 65013 0 2 0
10 82861 65013 1 3 0
10 82861 65013 2 4 0
10 82861 23213 0 2 0
10 82861 23213 1 3 0
10 82861 23213 2 4 0
10 82861 27083 0 4 0
10 82861 27083 1 1 0
10 82861 27083 2 2 0
10 82861 45161 0 2 0
10 82861 45161 1 3 0
10 82861 45161 2 4 0
10 82861 40607 0 4 0
10 82861 40607 1 1 0
10 82861 40607 2 2 0
10 82861 17519 0 4 0
10 82861 17519 1 1 0
10 82861 17519 2 2 0
10 82861 78195 0 4 0
10 82861 78195 1 1 0
10 82861 78195 2 2 0
10 82861 50831 0 4 0
10 82861 50831 1 1 0
10 82861 50831 2 2 0
10 82861 52585 0 2 0
10 82861 52585 1 3 0
10 82861 52585 2 4 0
10 82861 63631 0 4 0
10 82861 63631 1 1 0
10 82861 63631 2 2 0
10 82861 15779 0 4 0
10 82861 15779 1 1 0
10 82861 15779 2 2 0
10 82861 40779 0 4 0
10 82861 40779 1 1 0
10 82861 40779 2 2 0
10 82861 22387 0 4 0
10 82861 22387 1 1 0
10 82861 22387 2 2 0
10 82861 79431 0 4 0
10 82861 79431 1 1 0
10 82861 79431 2 2 0
10 82861 17463 0 4 0
10 82861 17463 1 1 0
10 82861 17463 2 2 0
10 82861 45255 0 4 0
10 82861 45255 1 1 0
10 82861 45255 2 2 0
10 82861 15473 0 2 0
10 82861 15473 1 3 0
10 82861 15473 2 4 0
10 82861 54627 0 4 0
10 82861 54627 1 1 0
10 82861 54627 2 2 0
10 82861 5667 0 4 0
10 82861 5667 1 1 0
10 82861 5667 2 2 0
10 82861 7121 0 2 0
10 82861 7121 1 3 0
10 82861 7121 2 4 0
10 82861 46197 0 2 0
10 82861 46197 1 3 0
10 82861 46197 2 4 0
10 82861 43565 0 2 0
10 82861 43565 1 3 0
10 82861 43565 2 4 0
10 82861 27567 0 4 0
10 82861 27567 1 1 0
10 82861 27567 2 2 0
10 82861 38615 0 4 0
10 82861 38615 1 1 0
10 82861 38615 2 2 0
10 82861 8447 0 4 0
10 82861 8447 1 1 0
10 82861 8447 2 2 0
10 82861 20259 0 4 0
10 82861 20259 1 1 0
10 82861 20259 2 2 0
10 82861 15717 0 2 0
10 82861 15717 1 3 0
10 82861 15717 2 4 0
10 82861 37703 0 4 0
10 82861 37703 1 1 0
10 82861 37703 2 2 0
10 82861 73659 0 4 0
10 82861 73659 1 1 0
10 82861 73659 2 2 0
10 82861 37933 0 2 0
10 82861 37933 1 3 0
10 82861 37933 2 4 0
10 82861 33717 0 2 0
10 82861 33717 1 3 0
10 82861 33717 2 4 0
10 82861 50883 0 4 0
10 82861 50883 1 1 0
10 82861 50883 2 2 0
10 82861 41133 0 2 0
10 82861 41133 1 3 0
10 82861 41133 2 4 0
10 82861 983 0 4 0
10 82861 983 1 1 0
10 82861 983 2 2 0
10 82861 79159 0 4 0
10 82861 79159 1 1 0
10 82861 79159 2 2 0
10 82861 18343 0 4 0
10 82861 18343 1 1 0
10 82861 18343 2 2 0
10 82861 56559 0 4 0
10 82861 56559 1 1 0
10 82861 56559 2 2 0
10 82861 45477 0 2 0
10 82861 45477 1 3 0
10 82861 45477 2 4 0
10 82861 26217 0 2 0
10 82861 26217 1 3 0
10 82861 26217 2 4 0
10 82861 32981 0 2 0
10 82861 32981 1 3 0
10 82861 32981 2 4 0
10 82861 13683 0 4 0
10 82861 13683 1 1 0
10 82861 13683 2 2 0
10 82861 63015 0 4 0
10 82861 63015 1 1 0
10 82861 63015 2 2 0
10 82861 59367 0 4 0
10 82861 59367 1 1 0
10 82861 59367 2 2 0
10 82861 57959 0 4 0
10 82861 57959 1 1 0
10 82861 57959 2 2 0
10 82861 4597 0 2 0
10 82861 4597 1 3 0
10 82861 4597 2 4 0
10 82861 8381 0 2 0
10 82861 8381 1 3 0
10 82861 8381 2 4 0
10 82861 29555 0 4 0
10 82861 29555 1 1 0
10 82861 29555 2 2 0
10 82861 72169 0 2 0
10 82861 72169 1 3 0
10 82861 72169 2 4 0
10 82861 36449 0 2 0
10 82861 36449 1 3 0
10 82861 36449 2 4 0
10 82861 39279 0 4 0
10 82861 39279 1 1 0
10 82861 39279 2 2 0
10 82861 42863 0 4 0
10 82861 42863 1 1 0
10 82861 42863 2 2 0
10 82861 58505 0 2 0
10 82861 58505 1 3 0
10 82861 58505 2 4 0
10 82861 30485 0 2 0
10 82861 30485 1 3 0
10 82861 30485 2 4 0
10 82861 59507 0 4 0
10 82861 59507 1 1 0
10 82861 59507 2 2 0
10 82861 36787 0 4 0
10 82861 36787 1 1 0
10 82861 36787 2 2 0
10 82861 56523 0 4 0
10 82861 56523 1 1 0
10 82861 56523 2 2 0
10 82861 64585 0 2 0
10 82861 64585 1 3 0
10 82861 64585 2 4 0
10 82861 32395 0 4 0
10 82861 32395 1 1 0
10 82861 32395 2 2 0
10 82861 39357 0 2 0
10 82861 39357 1 3 0
10 82861 39357 2 4 0
10 82861 50415 0 4 0
10 82861 50415 1 1 0
10 82861 50415 2 2 0
10 82861 123 0 4 0
10 82861 123 1 1 0
10 82861 123 2 2 0
10 82861 76389 0 2 0
10 82861 76389 1 3 0
10 82861 76389 2 4 0
10 82861 35109 0 2 0
10 82861 35109 1 3 0
10 82861 35109 2 4 0
10 82861 2401 0 2 0
10 82861 2401 1 3 0
10 82861 2401 2 4 0
10 82861 47139 0 4 0
10 82861 47139 1 1 0
10 82861 47139 2 2 0
10 82861 66723 0 4 0
10 82861 66723 1 1 0
10 82861 66723 2 2 0
10 82861 48181 0 2 0
10 82861 48181 1 3 0
10 82861 48181 2 4 0
10 82861 6905 0 2 0
10 82861 6905 1 3 0
10 82861 6905 2 4 0
10 82861 66805 0 2 0
10 82861 66805 1 3 0
10 82861 66805 2 4 0
10 82861 66745 0 2 0
10 82861 66745 1 3 0
10 82861 66745 2 4 0
10 82861 2661 0 2 0
10 82861 2661 1 3 0
10 82861 2661 2 4 0
10 82861 15149 0 2 0
10 82861 15149 1 3 0
10 82861 15149 2 4 0
10 82861 43081 0 2 0
10 82861 43081 1 3 0
10 82861 43081 2 4 0
10 82861 15971 0 4 0
10 82861 15971 1 1 0
10 82861 15971 2 2 0
10 82861 47665 0 2 0
10 82861 47665 1 3 0
10 82861 47665 2 4 0
10 82861 13925 0 2 0
10 82861 13925 1 3 0
10 82861 13925 2 4 0
10 82861 59063 0 4 0
10 82861 59063 1 1 0
10 82861 59063 2 2 0
10 82861 80319 0 4 0
10 82861 80319 1 1 0
10 82861 80319 2 2 0
10 82861 16459 0 4 0
10 82861 16459 1 1 0
10 82861 16459 2 2 0
10 82861 8717 0 2 0
10 82861 8717 1 3 0
10 82861 8717 2 4 0
10 82861 78621 0 2 0
10 82861 78621 1 3 0
10 82861 78621 2 4 0
10 82861 71951 0 4 0
10 82861 71951 1 1 0
10 82861 71951 2 2 0
10 82861 54543 0 4 0
10 82861 54543 1 1 0
10 82861 54543 2 2 0
10 82861 50047 0 4 0
10 82861 50047 1 1 0
10 82861 50047 2 2 0
10 82861 7371 0 4 0
10 82861 7371 1 1 0
10 82861 7371 2 2 0
10 82861 43035 0 4 0
10 82861 43035 1 1 0
10 82861 43035 2 2 0
10 82861 76445 0 2 0
10 82861 76445 1 3 0
10 82861 76445 2 4 0
10 82861 16261 0 2 0
10 82861 16261 1 3 0
10 82861 16261 2 4 0
10 82861 9491 0 4 0
10 82861 9491 1 1 0
10 82861 9491 2 2 0
10 82861 23689 0 2 0
10 82861 23689 1 3 0
10 82861 23689 2 4 0
10 82861 12907 0 4 0
10 82861 12907 1 1 0
10 82861 12907 2 2 0
10 82861 50909 0 2 0
10 82861 50909 1 3 0
10 82861 50909 2 4 0
10 82861 14439 0 4 0
10 82861 14439 1 1 0
10 82861 14439 2 2 0
10 82861 53365 0 2 0
10 82861 53365 1 3 0
10 82861 53365 2 4 0
10 82861 35697 0 2 0
10 82861 35697 1 3 0
10 82861 35697 2 4 0
10 82861 66423 0 4 0
10 82861 66423 1 1 0
10 82861 66423 2 2 0
10 82861 56077 0 2 0
10 82861 56077 1 3 0
10 82861 56077 2 4 0
10 82861 45371 0 4 0
10 82861 45371 1 1 0
10 82861 45371 2 2 0
10 82861 47897 0 2 0
10 82861 47897 1 3 0
10 82861 47897 2 4 0
10 82861 51861 0 2 0
10 82861 51861 1 3 0
10 82861 51861 2 4 0
10 82861 73353 0 2 0
10 82861 73353 1 3 0
10 82861 73353 2 4 0
10 82861 77581 0 2 0
10 82861 77581 1 3 0
10 82861 77581 2 4 0
10 82861 16257 0 2 0
10 82861 16257 1 3 0
10 82861 16257 2 4 0
10 82861 66993 0 2 0
10 82861 66993 1 3 0
10 82861 66993 2 4 0
10 82861 2827 0 4 0
10 82861 2827 1 1 0
10 82861 2827 2 2 0
10 82861 68251 0 4 0
10 82861 68251 1 1 0
10 82861 68251 2 2 0
10 82861 78819 0 4 0
10 82861 78819 1 1 0
10 82861 78819 2 2 0
10 82861 44283 0 4 0
10 82861 44283 1 1 0
10 82861 44283 2 2 0
10 82861 71161 0 2 0
10 82861 71161 1 3 0
10 82861 71161 2 4 0
10 82861 54265 0 2 0
10 82861 54265 1 3 0
10 82861 54265 2 4 0
10 82861 4477 0 2 0
10 82861 4477 1 3 0
10 82861 4477 2 4 0
10 82861 3953 0 2 0
10 82861 3953 1 3 0
10 82861 3953 2 4 0
10 82861 68433 0 2 0
10 82861 68433 1 3 0
10 82861 68433 2 4 0
10 82861 80553 0 2 0
10 82861 80553 1 3 0
10 82861 80553 2 4 0
10 82861 69913 0 2 0
10 82861 69913 1 3 0
10 82861 69913 2 4 0
10 82861 35231 0 4 0
10 82861 35231 1 1 0
10 82861 35231 2 2 0
10 82861 80899 0 4 0
10 82861 80899 1 1 0
10 82861 80899 2 2 0
10 82861 6067 0 4 0
10 82861 6067 1 1 0
10 82861 6067 2 2 0
10 82861 13 0 2 0
10 82861 13 1 3 0
10 82861 13 2 4 0
10 82861 36605 0 2 0
10 82861 36605 1 3 0
10 82861 36605 2 4 0
10 82861 68705 0 2 0
10 82861 68705 1 3 0
10 82861 68705 2 4 0
10 82861 58929 0 2 0
10 82861 58929 1 3 0
10 82861 58929 2 4 0
10 82861 25777 0 2 0
10 82861 25777 1 3 0
10 82861 25777 2 4 0
10 82861 77571 0 4 0
10 82861 77571 1 1 0
10 82861 77571 2 2 0
10 82861 17681 0 2 0
10 82861 17681 1 3 0
10 82861 17681 2 4 0
10 82861 19453 0 2 0
10 82861 19453 1 3 0
10 82861 19453 2 4 0
10 82861 19415 0 4 0
10 82861 19415 1 1 0
10 82861 19415 2 2 0
10 82861 71803 0 4 0
10 82861 71803 1 1 0
10 82861 71803 2 2 0
10 82861 29465 0 2 0
10 82861 29465 1 3 0
10 82861 29465 2 4 0
10 82861 17411 0 4 0
10 82861 17411 1 1 0
10 82861 17411 2 2 0
10 82861 6069 0 2 0
10 82861 6069 1 3 0
10 82861 6069 2 4 0
10 82861 38595 0 4 0
10 82861 38595 1 1 0
10 82861 38595 2 2 0
10 82861 51743 0 4 0
10 82861 51743 1 1 0
10 82861 51743 2 2 0
10 82861 20563 0 4 0
10 82861 20563 1 1 0
10 82861 20563 2 2 0
10 82861 38903 0 4 0
10 82861 38903 1 1 0
10 82861 38903 2 2 0
10 82861 61553 0 2 0
10 82861 61553 1 3 0
10 82861 61553 2 4 0
10 82861 72327 0 4 0
10 82861 72327 1 1 0
10 82861 72327 2 2 0
10 82861 24563 0 4 0
10 82861 24563 1 1 0
10 82861 24563 2 2 0
10 82861 74665 0 2 0
10 82861 74665 1 3 0
10 82861 74665 2 4 0
10 82861 42897 0 2 0
10 82861 42897 1 3 0
10 82861 42897 2 4 0
10 82861 21289 0 2 0
10 82861 21289 1 3 0
10 82861 21289 2 4 0
10 82861 27217 0 2 0
10 82861 27217 1 3 0
10 82861 27217 2 4 0
10 82861 2929 0 2 0
10 82861 2929 1 3 0
10 82861 2929 2 4 0
10 82861 10205 0 2 0
10 82861 10205 1 3 0
10 82861 10205 2 4 0
10 82861 79667 0 4 0
10 82861 79667 1 1 0
10 82861 79667 2 2 0
10 82861 1229 0 2 0
10 82861 1229 1 3 0
10 82861 1229 2 4 0
11 82861 67421 0 2 0
11 82861 67421 1 3 0
11 82861 67421 2 4 0
11 82861 63047 0 4 0
11 82861 63047 1 1 0
11 82861 63047 2 2 0
11 82861 22625 0 2 0
11 82861 22625 1 3 0
11 82861 22625 2 4 0
11 82861 55493 0 2 0
11 82861 55493 1 3 0
11 82861 55493 2 4 0
11 82861 36077 0 2 0
11 82861 36077 1 3 0
11 82861 36077 2 4 0
11 82861 29229 0 2 0
11 82861 29229 1 3 0
11 82861 29229 2 4 0
11 82861 52305 0 2 0
11 82861 52305 1 3 0
11 82861 52305 2 4 0
11 82861 6457 0 2 0
11 82861 6457 1 3 0
11 82861 6457 2 4 0
11 82861 80843 0 4 0
11 82861 80843 1 1 0
11 82861 80843 2 2 0
11 82861 24721 0 2 0
11 82861 24721 1 3 0
11 82861 24721 2 4 0
11 82861 75591 0 4 0
11 82861 75591 1 1 0
11 82861 75591 2 2 0
11 82861 9807 0 4 0
11 82861 9807 1 1 0
11 82861 9807 2 2 0
11 82861 5385 0 2 0
11 82861 5385 1 3 0
11 82861 5385 2 4 0
11 82861 23945 0 2 0
11 82861 23945 1 3 0
11 82861 23945 2 4 0
11 82861 2391 0 4 0
11 82861 2391 1 1 0
11 82861 2391 2 2 0
11 82861 74113 0 2 0
11 82861 74113 1 3 0
11 82861 74113 2 4 0
11 82861 59647 0 4 0
11 82861 59647 1 1 0
11 82861 59647 2 2 0
11 82861 19853 0 2 0
11 82861 19853 1 3 0
11 82861 19853 2 4 0
11 82861 39177 0 2 0
11 82861 39177 1 3 0
11 82861 39177 2 4 0
11 82861 55287 0 4 0
11 82861 55287 1 1 0
11 82861 55287 2 2 0
11 82861 65221 0 2 0
11 82861 65221 1 3 0
11 82861 65221 2 4 0
11 82861 80189 0 2 0
11 82861 80189 1 3 0
11 82861 80189 2 4 0
11 82861 34513 0 2 0
11 82861 34513 1 3 0
11 82861 34513 2 4 0
11 82861 24671 0 4 0
11 82861 24671 1 1 0
11 82861 24671 2 2 0
11 82861 72419 0 4 0
11 82861 72419 1 1 0
11 82861 72419 2 2 0
11 82861 38379 0 4 0
11 82861 38379 1 1 0
11 82861 38379 2 2 0
11 82861 61185 0 2 0
11 82861 61185 1 3 0
11 82861 61185 2 4 0
11 82861 40483 0 4 0
11 82861 40483 1 1 0
11 82861 40483 2 2 0
11 82861 11787 0 4 0
11 82861 11787 1 1 0
11 82861 11787 2 2 0
11 82861 35285 0 2 0
11 82861 35285 1 3 0
11 82861 35285 2 4 0
11 82861 35467 0 4 0
11 82861 35467 1 1 0
11 82861 35467 2 2 0
11 82861 56841 0 2 0
11 82861 56841 1 3 0
11 82861 56841 2 4 0
11 82861 1145 0 2 0
11 82861 1145 1 3 0
11 82861 1145 2 4 0
11 82861 41697 0 2 0
11 82861 41697 1 3 0
11 82861 41697 2 4 0
11 82861 27967 0 4 0
11 82861 27967 1 1 0
11 82861 27967 2 2 0
11 82861 35515 0 4 0
11 82861 35515 1 1 0
11 82861 35515 2 2 0
11 82861 72379 0 4 0
11 82861 72379 1 1 0
11 82861 72379 2 2 0
11 82861 33755 0 4 0
11 82861 33755 1 1 0
11 82861 33755 2 2 0
11 82861 25057 0 2 0
11 82861 25057 1 3 0
11 82861 25057 2 4 0
11 82861 31469 0 2 0
11 82861 31469 1 3 0
11 82861 31469 2 4 0
11 82861 78115 0 4 0
11 82861 78115 1 1 0
11 82861 78115 2 2 0
11 82861 73013 0 2 0
11 82861 73013 1 3 0
11 82861 73013 2 4 0
11 82861 14833 0 2 0
11 82861 14833 1 3 0
11 82861 14833 2 4 0
11 82861 69229 0 2 0
11 82861 69229 1 3 0
11 82861 69229 2 4 0
11 82861 52083 0 4 0
11 82861 52083 1 1 0
11 82861 52083 2 2 0
11 82861 41215 0 4 0
11 82861 41215 1 1 0
11 82861 41215 2 2 0
11 82861 38989 0 2 0
11 82861 38989 1 3 0
11 82861 38989 2 4 0
11 82861 77831 0 4 0
11 82861 77831 1 1 0
11 82861 77831 2 2 0
11 82861 881 0 2 0
11 82861 881 1 3 0
11 82861 881 2 4 0
11 82861 1419 0 4 0
11 82861 1419 1 1 0
11 82861 1419 2 2 0
11 82861 44301 0 2 0
11 82861 44301 1 3 0
11 82861 44301 2 4 0
11 82861 33205 0 2 0
11 82861 33205 1 3 0
11 82861 33205 2 4 0
11 82861 52233 0 2 0
11 82861 52233 1 3 0
11 82861 52233 2 4 0
11 82861 70595 0 4 0
11 82861 70595 1 1 0
11 82861 70595 2 2 0
11 82861 52579 0 4 0
11 82861 52579 1 1 0
11 82861 52579 2 2 0
11 82861 69757 0 2 0
11 82861 69757 1 3 0
11 82861 69757 2 4 0
11 82861 53777 0 2 0
11 82861 53777 1 3 0
11 82861 53777 2 4 0
11 82861 70033 0 2 0
11 82861 70033 1 3 0
11 82861 70033 2 4 0
11 82861 15803 0 4 0
11 82861 15803 1 1 0
11 82861 15803 2 2 0
11 82861 1375 0 4 0
11 82861 1375 1 1 0
11 82861 1375 2 2 0
11 82861 35995 0 4 0
11 82861 35995 1 1 0
11 82861 35995 2 2 0
11 82861 69663 0 4 0
11 82861 69663 1 1 0
11 82861 69663 2 2 0
11 82861 66765 0 2 0
11 82861 66765 1 3 0
11 82861 66765 2 4 0
11 82861 59959 0 4 0
11 82861 59959 1 1 0
11 82861 59959 2 2 0
11 82861 21765 0 2 0
11 82861 21765 1 3 0
11 82861 21765 2 4 0
11 82861 81819 0 4 0
11 82861 81819 1 1 0
11 82861 81819 2 2 0
11 82861 81511 0 4 0
11 82861 81511 1 1 0
11 82861 81511 2 2 0
11 82861 53339 0 4 0
11 82861 53339 1 1 0
11 82861 53339 2 2 0
11 82861 683 0 4 0
11 82861 683 1 1 0
11 82861 683 2 2 0
11 82861 47839 0 4 0
11 82861 47839 1 1 0
11 82861 47839 2 2 0
11 82861 7659 0 4 0
11 82861 7659 1 1 0
11 82861 7659 2 2 0
11 82861 61115 0 4 0
11 82861 61115 1 1 0
11 82861 61115 2 2 0
11 82861 19565 0 2 0
11 82861 19565 1 3 0
11 82861 19565 2 4 0
11 82861 37073 0 2 0
11 82861 37073 1 3 0
11 82861 37073 2 4 0
11 82861 33281 0 2 0
11 82861 33281 1 3 0
11 82861 33281 2 4 0
11 82861 6303 0 4 0
11 82861 6303 1 1 0
11 82861 6303 2 2 0
11 82861 59857 0 2 0
11 82861 59857 1 3 0
11 82861 59857 2 4 0
11 82861 28265 0 2 0
11 82861 28265 1 3 0
11 82861 28265 2 4 0
11 82861 5177 0 2 0
11 82861 5177 1 3 0
11 82861 5177 2 4 0
11 82861 21169 0 2 0
11 82861 21169 1 3 0
11 82861 21169 2 4 0
11 82861 69475 0 4 0
11 82861 69475 1 1 0
11 82861 69475 2 2 0
11 82861 35849 0 2 0
11 82861 35849 1 3 0
11 82861 35849 2 4 0
11 82861 17337 0 2 0
11 82861 17337 1 3 0
11 82861 17337 2 4 0
11 82861 70881 0 2 0
11 82861 70881 1 3 0
11 82861 70881 2 4 0
11 82861 63553 0 2 0
11 82861 63553 1 3 0
11 82861 63553 2 4 0
11 82861 70821 0 2 0
11 82861 70821 1 3 0
11 82861 70821 2 4 0
11 82861 39151 0 4 0
11 82861 39151 1 1 0
11 82861 39151 2 2 0
11 82861 9463 0 4 0
11 82861 9463 1 1 0
11 82861 9463 2 2 0
11 82861 2985 0 2 0
11 82861 2985 1 3 0
11 82861 2985 2 4 0
11 82861 16047 0 4 0
11 82861 16047 1 1 0
11 82861 16047 2 2 0
11 82861 59899 0 4 0
11 82861 59899 1 1 0
11 82861 59899 2 2 0
11 82861 7311 0 4 0
11 82861 7311 1 1 0
11 82861 7311 2 2 0
11 82861 54277 0 2 0
11 82861 54277 1 3 0
11 82861 54277 2 4 0
11 82861 69135 0 4 0
11 82861 69135 1 1 0
11 82861 69135 2 2 0
11 82861 44367 0 4 0
11 82861 44367 1 1 0
11 82861 44367 2 2 0
11 82861 74941 0 2 0
11 82861 74941 1 3 0
11 82861 74941 2 4 0
11 82861 30591 0 4 0
11 82861 30591 1 1 0
11 82861 30591 2 2 0
11 82861 23121 0 2 0
11 82861 23121 1 3 0
11 82861 23121 2 4 0
11 82861 51281 0 2 0
11 82861 51281 1 3 0
11 82861 51281 2 4 0
11 82861 15227 0 4 0
11 82861 15227 1 1 0
11 82861 15227 2 2 0
11 82861 21229 0 2 0
11 82861 21229 1 3 0
11 82861 21229 2 4 0
11 82861 57579 0 4 0
11 82861 57579 1 1 0
11 82861 57579 2 2 0
11 82861 52343 0 4 0
11 82861 52343 1 1 0
11 82861 52343 2 2 0
11 82861 74991 0 4 0
11 82861 74991 1 1 0
11 82861 74991 2 2 0
11 82861 25421 0 2 0
11 82861 25421 1 3 0
11 82861 25421 2 4 0
11 82861 77671 0 4 0
11 82861 77671 1 1 0
11 82861 77671 2 2 0
11 82861 30401 0 2 0
11 82861 30401 1 3 0
11 82861 30401 2 4 0
11 82861 64347 0 4 0
11 82861 64347 1 1 0
11 82861 64347 2 2 0
11 82861 55427 0 4 0
11 82861 55427 1 1 0
11 82861 55427 2 2 0
11 82861 45691 0 4 0
11 82861 45691 1 1 0
11 82861 45691 2 2 0
11 82861 41113 0 2 0
11 82861 41113 1 3 0
11 82861 41113 2 4 0
11 82861 15689 0 2 0
11 82861 15689 1 3 0
11 82861 15689 2 4 0
11 82861 41737 0 2 0
11 82861 41737 1 3 0
11 82861 41737 2 4 0
11 82861 69039 0 4 0
11 82861 69039 1 1 0
11 82861 69039 2 2 0
11 82861 38137 0 2 0
11 82861 38137 1 3 0
11 82861 38137 2 4 0
11 82861 2105 0 2 0
11 82861 2105 1 3 0
11 82861 2105 2 4 0
11 82861 81917 0 2 0
11 82861 81917 1 3 0
11 82861 81917 2 4 0
11 82861 26973 0 2 0
11 82861 26973 1 3 0
11 82861 26973 2 4 0
11 82861 54583 0 4 0
11 82861 54583 1 1 0
11 82861 54583 2 2 0
11 82861 68967 0 4 0
11 82861 68967 1 1 0
11 82861 68967 2 2 0
11 82861 57473 0 2 0
11 82861 57473 1 3 0
11 82861 57473 2 4 0
11 82861 44269 0 2 0
11 82861 44269 1 3 0
11 82861 44269 2 4 0
11 82861 56803 0 4 0
11 82861 56803 1 1 0
11 82861 56803 2 2 0
11 82861 16909 0 2 0
11 82861 16909 1 3 0
11 82861 16909 2 4 0
11 82861 72639 0 4 0
11 82861 72639 1 1 0
11 82861 72639 2 2 0
11 82861 10287 0 4 0
11 82861 10287 1 1 0
11 82861 10287 2 2 0
11 82861 50081 0 2 0
11 82861 50081 1 3 0
11 82861 50081 2 4 0
11 82861 13823 0 4 0
11 82861 13823 1 1 0
11 82861 13823 2 2 0
11 82861 46949 0 2 0
11 82861 46949 1 3 0
11 82861 46949 2 4 0
11 82861 38803 0 4 0
11 82861 38803 1 1 0
11 82861 38803 2 2 0
11 82861 34167 0 4 0
11 82861 34167 1 1 0
11 82861 34167 2 2 0
11 82861 2029 0 2 0
11 82861 2029 1 3 0
11 82861 2029 2 4 0
11 82861 43651 0 4 0
11 82861 43651 1 1 0
11 82861 43651 2 2 0
11 82861 75943 0 4 0
11 82861 75943 1 1 0
11 82861 75943 2 2 0
11 82861 8475 0 4 0
11 82861 8475 1 1 0
11 82861 8475 2 2 0
11 82861 14861 0 2 0
11 82861 14861 1 3 0
11 82861 14861 2 4 0
11 82861 73261 0 2 0
11 82861 73261 1 3 0
11 82861 73261 2 4 0
11 82861 53699 0 4 0
11 82861 53699 1 1 0
11 82861 53699 2 2 0
11 82861 65607 0 4 0
11 82861 65607 1 1 0
11 82861 65607 2 2 0
11 82861 38125 0 2 0
11 82861 38125 1 3 0
11 82861 38125 2 4 0
11 82861 1523 0 4 0
11 82861 1523 1 1 0
11 82861 1523 2 2 0
11 82861 2179 0 4 0
11 82861 2179 1 1 0
11 82861 2179 2 2 0
11 82861 22331 0 4 0
11 82861 22331 1 1 0
11 82861 22331 2 2 0
11 82861 56577 0 2 0
11 82861 56577 1 3 0
11 82861 56577 2 4 0
11 82861 60797 0 2 0
11 82861 60797 1 3 0
11 82861 60797 2 4 0
11 82861 19523 0 4 0
11 82861 19523 1 1 0
11 82861 19523 2 2 0
11 82861 23811 0 4 0
11 82861 23811 1 1 0
11 82861 23811 2 2 0
11 82861 79497 0 2 0
11 82861 79497 1 3 0
11 82861 79497 2 4 0
11 82861 29313 0 2 0
11 82861 29313 1 3 0
11 82861 29313 2 4 0
11 82861 28635 0 4 0
11 82861 28635 1 1 0
11 82861 28635 2 2 0
11 82861 10335 0 4 0
11 82861 10335 1 1 0
11 82861 10335 2 2 0
11 82861 8287 0 4 0
11 82861 8287 1 1 0
11 82861 8287 2 2 0
11 82861 30783 0 4 0
11 82861 30783 1 1 0
11 82861 30783 2 2 0
11 82861 58311 0 4 0
11 82861 58311 1 1 0
11 82861 58311 2 2 0
11 82861 71383 0 4 0
11 82861 71383 1 1 0
11 82861 71383 2 2 0
11 82861 65699 0 4 0
11 82861 65699 1 1 0
11 82861 65699 2 2 0
11 82861 12057 0 2 0
11 82861 12057 1 3 0
11 82861 12057 2 4 0
11 82861 78761 0 2 0
11 82861 78761 1 3 0
11 82861 78761 2 4 0
11 82861 53653 0 2 0
11 82861 53653 1 3 0
11 82861 53653 2 4 0
11 82861 53349 0 2 0
11 82861 53349 1 3 0
11 82861 53349 2 4 0
11 82861 55171 0 4 0
11 82861 55171 1 1 0
11 82861 55171 2 2 0
11 82861 40975 0 4 0
11 82861 40975 1 1 0
11 82861 40975 2 2 0
11 82861 78927 0 4 0
11 82861 78927 1 1 0
11 82861 78927 2 2 0
11 82861 25851 0 4 0
11 82861 25851 1 1 0
11 82861 25851 2 2 0
11 82861 11731 0 4 0
11 82861 11731 1 1 0
11 82861 11731 2 2 0
11 82861 59627 0 4 0
11 82861 59627 1 1 0
11 82861 59627 2 2 0
11 82861 71743 0 4 0
11 82861 71743 1 1 0
11 82861 71743 2 2 0
11 82861 41917 0 2 0
11 82861 41917 1 3 0
11 82861 41917 2 4 0
11 82861 13307 0 4 0
11 82861 13307 1 1 0
11 82861 13307 2 2 0
11 82861 13207 0 4 0
11 82861 13207 1 1 0
11 82861 13207 2 2 0
11 82861 63451 0 4 0
11 82861 63451 1 1 0
11 82861 63451 2 2 0
11 82861 81903 0 4 0
11 82861 81903 1 1 0
11 82861 81903 2 2 0
11 82861 34821 0 2 0
11 82861 34821 1 3 0
11 82861 34821 2 4 0
11 82861 46717 0 2 0
11 82861 46717 1 3 0
11 82861 46717 2 4 0
11 82861 53981 0 2 0
11 82861 53981 1 3 0
11 82861 53981 2 4 0
11 82861 35791 0 4 0
11 82861 35791 1 1 0
11 82861 35791 2 2 0
11 82861 46091 0 4 0
11 82861 46091 1 1 0
11 82861 46091 2 2 0
11 82861 77297 0 2 0
11 82861 77297 1 3 0
11 82861 77297 2 4 0
11 82861 76377 0 2 0
11 82861 76377 1 3 0
11 82861 76377 2 4 0
11 82861 39369 0 2 0
11 82861 39369 1 3 0
11 82861 39369 2 4 0
11 82861 47653 0 2 0
11 82861 47653 1 3 0
11 82861 47653 2 4 0
11 82861 46415 0 4 0
11 82861 46415 1 1 0
11 82861 46415 2 2 0
11 82861 78019 0 4 0
11 82861 78019 1 1 0
11 82861 78019 2 2 0
11 82861 21515 0 4 0
11 82861 21515 1 1 0
11 82861 21515 2 2 0
11 82861 11173 0 2 0
11 82861 11173 1 3 0
11 82861 11173 2 4 0
11 82861 46779 0 4 0
11 82861 46779 1 1 0
11 82861 46779 2 2 0
11 82861 61655 0 4 0
11 82861 61655 1 1 0
11 82861 61655 2 2 0
11 82861 61783 0 4 0
11 82861 61783 1 1 0
11 82861 61783 2 2 0
11 82861 38117 0 2 0
11 82861 38117 1 3 0
11 82861 38117 2 4 0
11 82861 17299 0 4 0
11 82861 17299 1 1 0
11 82861 17299 2 2 0
11 82861 14549 0 2 0
11 82861 14549 1 3 0
11 82861 14549 2 4 0
11 82861 70855 0 4 0
11 82861 70855 1 1 0
11 82861 70855 2 2 0
11 82861 65461 0 2 0
11 82861 65461 1 3 0
11 82861 65461 2 4 0
11 82861 69361 0 2 0
11 82861 69361 1 3 0
11 82861 69361 2 4 0
11 82861 53149 0 2 0
11 82861 53149 1 3 0
11 82861 53149 2 4 0
11 82861 67191 0 4 0
11 82861 67191 1 1 0
11 82861 67191 2 2 0
11 82861 7367 0 4 0
11 82861 7367 1 1 0
11 82861 7367 2 2 0
11 82861 56309 0 2 0
11 82861 56309 1 3 0
11 82861 56309 2 4 0
11 82861 56331 0 4 0
11 82861 56331 1 1 0
11 82861 56331 2 2 0
11 82861 48853 0 2 0
11 82861 48853 1 3 0
11 82861 48853 2 4 0
11 82861 39659 0 4 0
11 82861 39659 1 1 0
11 82861 39659 2 2 0
11 82861 58285 0 2 0
11 82861 58285 1 3 0
11 82861 58285 2 4 0
11 82861 3295 0 4 0
11 82861 3295 1 1 0
11 82861 3295 2 2 0
11 82861 81907 0 4 0
11 82861 81907 1 1 0
11 82861 81907 2 2 0
11 82861 73385 0 2 0
11 82861 73385 1 3 0
11 82861 73385 2 4 0
11 82861 36473 0 2 0
11 82861 36473 1 3 0
11 82861 36473 2 4 0
11 82861 62227 0 4 0
11 82861 62227 1 1 0
11 82861 62227 2 2 0
11 82861 26263 0 4 0
11 82861 26263 1 1 0
11 82861 26263 2 2 0
11 82861 1107 0 4 0
11 82861 1107 1 1 0
11 82861 1107 2 2 0
11 82861 1859 0 4 0
11 82861 1859 1 1 0
11 82861 1859 2 2 0
11 82861 32383 0 4 0
11 82861 32383 1 1 0
11 82861 32383 2 2 0
11 82861 53285 0 2 0
11 82861 53285 1 3 0
11 82861 53285 2 4 0
11 82861 64385 0 2 0
11 82861 64385 1 3 0
11 82861 64385 2 4 0
11 82861 52077 0 2 0
11 82861 52077 1 3 0
11 82861 52077 2 4 0
11 82861 43911 0 4 0
11 82861 43911 1 1 0
11 82861 43911 2 2 0
11 82861 13521 0 2 0
11 82861 13521 1 3 0
11 82861 13521 2 4 0
11 82861 29693 0 2 0
11 82861 29693 1 3 0
11 82861 29693 2 4 0
11 82861 79787 0 4 0
11 82861 79787 1 1 0
11 82861 79787 2 2 0
11 82861 21693 0 2 0
11 82861 21693 1 3 0
11 82861 21693 2 4 0
11 82861 4085 0 2 0
11 82861 4085 1 3 0
11 82861 4085 2 4 0
11 82861 16341 0 2 0
11 82861 16341 1 3 0
11 82861 16341 2 4 0
11 82861 32255 0 4 0
11 82861 32255 1 1 0
11 82861 32255 2 2 0
11 82861 43535 0 4 0
11 82861 43535 1 1 0
11 82861 43535 2 2 0
11 82861 3717 0 2 0
11 82861 3717 1 3 0
11 82861 3717 2 4 0
11 82861 7995 0 4 0
11 82861 7995 1 1 0
11 82861 7995 2 2 0
11 82861 8551 0 4 0
11 82861 8551 1 1 0
11 82861 8551 2 2 0
11 82861 68607 0 4 0
11 82861 68607 1 1 0
11 82861 68607 2 2 0
11 82861 81723 0 4 0
11 82861 81723 1 1 0
11 82861 81723 2 2 0
11 82861 25885 0 2 0
11 82861 25885 1 3 0
11 82861 25885 2 4 0
11 82861 68819 0 4 0
11 82861 68819 1 1 0
11 82861 68819 2 2 0
11 82861 7465 0 2 0
11 82861 7465 1 3 0
11 82861 7465 2 4 0
11 82861 5579 0 4 0
11 82861 5579 1 1 0
11 82861 5579 2 2 0
11 82861 73341 0 2 0
11 82861 73341 1 3 0
11 82861 73341 2 4 0
11 82861 41933 0 2 0
11 82861 41933 1 3 0
11 82861 41933 2 4 0
11 82861 37559 0 4 0
11 82861 37559 1 1 0
11 82861 37559 2 2 0
11 82861 47433 0 2 0
11 82861 47433 1 3 0
11 82861 47433 2 4 0
11 82861 52449 0 2 0
11 82861 52449 1 3 0
11 82861 52449 2 4 0
11 82861 51701 0 2 0
11 82861 51701 1 3 0
11 82861 51701 2 4 0
11 82861 4577 0 2 0
11 82861 4577 1 3 0
11 82861 4577 2 4 0
11 82861 75351 0 4 0
11 82861 75351 1 1 0
11 82861 75351 2 2 0
11 82861 57235 0 4 0
11 82861 57235 1 1 0
11 82861 57235 2 2 0
11 82861 78035 0 4 0
11 82861 78035 1 1 0
11 82861 78035 2 2 0
11 82861 11533 0 2 0
11 82861 11533 1 3 0
11 82861 11533 2 4 0
11 82861 25323 0 4 0
11 82861 25323 1 1 0
11 82861 25323 2 2 0
11 82861 61233 0 2 0
11 82861 61233 1 3 0
11 82861 61233 2 4 0
11 82861 62503 0 4 0
11 82861 62503 1 1 0
11 82861 62503 2 2 0
11 82861 20485 0 2 0
11 82861 20485 1 3 0
11 82861 20485 2 4 0
11 82861 39005 0 2 0
11 82861 39005 1 3 0
11 82861 39005 2 4 0
11 82861 5919 0 4 0
11 82861 5919 1 1 0
11 82861 5919 2 2 0
11 82861 49083 0 4 0
11 82861 49083 1 1 0
11 82861 49083 2 2 0
11 82861 76613 0 2 0
11 82861 76613 1 3 0
11 82861 76613 2 4 0
11 82861 1413 0 2 0
11 82861 1413 1 3 0
11 82861 1413 2 4 0
11 82861 22183 0 4 0
11 82861 22183 1 1 0
11 82861 22183 2 2 0
11 82861 79767 0 4 0
11 82861 79767 1 1 0
11 82861 79767 2 2 0
11 82861 60393 0 2 0
11 82861 60393 1 3 0
11 82861 60393 2 4 0
11 82861 42237 0 2 0
11 82861 42237 1 3 0
11 82861 42237 2 4 0
11 82861 64783 0 4 0
11 82861 64783 1 1 0
11 82861 64783 2 2 0
11 82861 79541 0 2 0
11 82861 79541 1 3 0
11 82861 79541 2 4 0
11 82861 17059 0 4 0
11 82861 17059 1 1 0
11 82861 17059 2 2 0
11 82861 53825 0 2 0
11 82861 53825 1 3 0
11 82861 53825 2 4 0
11 82861 16433 0 2 0
11 82861 16433 1 3 0
11 82861 16433 2 4 0
11 82861 1749 0 2 0
11 82861 1749 1 3 0
11 82861 1749 2 4 0
11 82861 53313 0 2 0
11 82861 53313 1 3 0
11 82861 53313 2 4 0
11 82861 20307 0 4 0
11 82861 20307 1 1 0
11 82861 20307 2 2 0
11 82861 42377 0 2 0
11 82861 42377 1 3 0
11 82861 42377 2 4 0
11 82861 63835 0 4 0
11 82861 63835 1 1 0
11 82861 63835 2 2 0
11 82861 28959 0 4 0
11 82861 28959 1 1 0
11 82861 28959 2 2 0
11 82861 24511 0 4 0
11 82861 24511 1 1 0
11 82861 24511 2 2 0
11 82861 35103 0 4 0
11 82861 35103 1 1 0
11 82861 35103 2 2 0
11 82861 2757 0 2 0
11 82861 2757 1 3 0
11 82861 2757 2 4 0
11 82861 78321 0 2 0
11 82861 78321 1 3 0
11 82861 78321 2 4 0
11 82861 19811 0 4 0
11 82861 19811 1 1 0
11 82861 19811 2 2 0
11 82861 13885 0 2 0
11 82861 13885 1 3 0
11 82861 13885 2 4 0
11 82861 16535 0 4 0
11 82861 16535 1 1 0
11 82861 16535 2 2 0
11 82861 6171 0 4 0
11 82861 6171 1 1 0
11 82861 6171 2 2 0
11 82861 10497 0 2 0
11 82861 10497 1 3 0
11 82861 10497 2 4 0
11 82861 17937 0 2 0
11 82861 17937 1 3 0
11 82861 17937 2 4 0
11 82861 59123 0 4 0
11 82861 59123 1 1 0
11 82861 59123 2 2 0
11 82861 66465 0 2 0
11 82861 66465 1 3 0
11 82861 66465 2 4 0
11 82861 28933 0 2 0
11 82861 28933 1 3 0
11 82861 28933 2 4 0
11 82861 34387 0 4 0
11 82861 34387 1 1 0
11 82861 34387 2 2 0
11 82861 21013 0 2 0
11 82861 21013 1 3 0
11 82861 21013 2 4 0
11 82861 17785 0 2 0
11 82861 17785 1 3 0
11 82861 17785 2 4 0
11 82861 42087 0 4 0
11 82861 42087 1 1 0
11 82861 42087 2 2 0
11 82861 75807 0 4 0
11 82861 75807 1 1 0
11 82861 75807 2 2 0
11 82861 23343 0 4 0
11 82861 23343 1 1 0
11 82861 23343 2 2 0
11 82861 38519 0 4 0
11 82861 38519 1 1 0
11 82861 38519 2 2 0
11 82861 32991 0 4 0
11 82861 32991 1 1 0
11 82861 32991 2 2 0
11 82861 2375 0 4 0
11 82861 2375 1 1 0
11 82861 2375 2 2 0
11 82861 61259 0 4 0
11 82861 61259 1 1 0
11 82861 61259 2 2 0
11 82861 28595 0 4 0
11 82861 28595 1 1 0
11 82861 28595 2 2 0
11 82861 72085 0 2 0
11 82861 72085 1 3 0
11 82861 72085 2 4 0
11 82861 24683 0 4 0
11 82861 24683 1 1 0
11 82861 24683 2 2 0
11 82861 69577 0 2 0
11 82861 69577 1 3 0
11 82861 69577 2 4 0
11 82861 81887 0 4 0
11 82861 81887 1 1 0
11 82861 81887 2 2 0
11 82861 2397 0 2 0
11 82861 2397 1 3 0
11 82861 2397 2 4 0
11 82861 39857 0 2 0
11 82861 39857 1 3 0
11 82861 39857 2 4 0
11 82861 43441 0 2 0
11 82861 43441 1 3 0
11 82861 43441 2 4 0
11 82861 19793 0 2 0
11 82861 19793 1 3 0
11 82861 19793 2 4 0
11 82861 42257 0 2 0
11 82861 42257 1 3 0
11 82861 42257 2 4 0
11 82861 52957 0 2 0
11 82861 52957 1 3 0
11 82861 52957 2 4 0
11 82861 1621 0 2 0
11 82861 1621 1 3 0
11 82861 1621 2 4 0
11 82861 75743 0 4 0
11 82861 75743 1 1 0
11 82861 75743 2 2 0
11 82861 70355 0 4 0
11 82861 70355 1 1 0
11 82861 70355 2 2 0
11 82861 32665 0 2 0
11 82861 32665 1 3 0
11 82861 32665 2 4 0
11 82861 2157 0 2 0
11 82861 2157 1 3 0
11 82861 2157 2 4 0
11 82861 76909 0 2 0
11 82861 76909 1 3 0
11 82861 76909 2 4 0
11 82861 80151 0 4 0
11 82861 80151 1 1 0
11 82861 80151 2 2 0
11 82861 77215 0 4 0
11 82861 77215 1 1 0
11 82861 77215 2 2 0
11 82861 53413 0 2 0
11 82861 53413 1 3 0
11 82861 53413 2 4 0
11 82861 40079 0 4 0
11 82861 40079 1 1 0
11 82861 40079 2 2 0
11 82861 24549 0 2 0
11 82861 24549 1 3 0
11 82861 24549 2 4 0
11 82861 78337 0 2 0
11 82861 78337 1 3 0
11 82861 78337 2 4 0
11 82861 64657 0 2 0
11 82861 64657 1 3 0
11 82861 64657 2 4 0
11 82861 4233 0 2 0
11 82861 4233 1 3 0
11 82861 4233 2 4 0
11 82861 70391 0 4 0
11 82861 70391 1 1 0
11 82861 70391 2 2 0
11 82861 27931 0 4 0
11 82861 27931 1 1 0
11 82861 27931 2 2 0
11 82861 4883 0 4 0
11 82861 4883 1 1 0
11 82861 4883 2 2 0
11 82861 15319 0 4 0
11 82861 15319 1 1 0
11 82861 15319 2 2 0
11 82861 46751 0 4 0
11 82861 46751 1 1 0
11 82861 46751 2 2 0
11 82861 44245 0 2 0
11 82861 44245 1 3 0
11 82861 44245 2 4 0
11 82861 80873 0 2 0
11 82861 80873 1 3 0
11 82861 80873 2 4 0
11 82861 42597 0 2 0
11 82861 42597 1 3 0
11 82861 42597 2 4 0
11 82861 23233 0 2 0
11 82861 23233 1 3 0
11 82861 23233 2 4 0
11 82861 62577 0 2 0
11 82861 62577 1 3 0
11 82861 62577 2 4 0
11 82861 25101 0 2 0
11 82861 25101 1 3 0
11 82861 25101 2 4 0
11 82861 71761 0 2 0
11 82861 71761 1 3 0
11 82861 71761 2 4 0
11 82861 159 0 4 0
11 82861 159 1 1 0
11 82861 159 2 2 0
11 82861 53729 0 2 0
11 82861 53729 1 3 0
11 82861 53729 2 4 0
11 82861 78643 0 4 0
11 82861 78643 1 1 0
11 82861 78643 2 2 0
11 82861 12223 0 4 0
11 82861 12223 1 1 0
11 82861 12223 2 2 0
11 82861 28949 0 2 0
11 82861 28949 1 3 0
11 82861 28949 2 4 0
11 82861 65093 0 2 0
11 82861 65093 1 3 0
11 82861 65093 2 4 0
11 82861 81449 0 2 0
11 82861 81449 1 3 0
11 82861 81449 2 4 0
11 82861 19159 0 4 0
11 82861 19159 1 1 0
11 82861 19159 2 2 0
11 82861 30009 0 2 0
11 82861 30009 1 3 0
11 82861 30009 2 4 0
11 82861 78133 0 2 0
11 82861 78133 1 3 0
11 82861 78133 2 4 0
11 82861 57217 0 2 0
11 82861 57217 1 3 0
11 82861 57217 2 4 0
11 82861 35475 0 4 0
11 82861 35475 1 1 0
11 82861 35475 2 2 0
11 82861 39869 0 2 0
11 82861 39869 1 3 0
11 82861 39869 2 4 0
11 82861 20007 0 4 0
11 82861 20007 1 1 0
11 82861 20007 2 2 0
11 82861 18021 0 2 0
11 82861 18021 1 3 0
11 82861 18021 2 4 0
11 82861 60873 0 2 0
11 82861 60873 1 3 0
11 82861 60873 2 4 0
11 82861 64841 0 2 0
11 82861 64841 1 3 0
11 82861 64841 2 4 0
11 82861 66047 0 4 0
11 82861 66047 1 1 0
11 82861 66047 2 2 0
11 82861 66299 0 4 0
11 82861 66299 1 1 0
11 82861 66299 2 2 0
11 82861 45335 0 4 0
11 82861 45335 1 1 0
11 82861 45335 2 2 0
11 82861 36269 0 2 0
11 82861 36269 1 3 0
11 82861 36269 2 4 0
11 82861 55515 0 4 0
11 82861 55515 1 1 0
11 82861 55515 2 2 0
11 82861 6597 0 2 0
11 82861 6597 1 3 0
11 82861 6597 2 4 0
11 82861 19143 0 4 0
11 82861 19143 1 1 0
11 82861 19143 2 2 0
11 82861 3111 0 4 0
11 82861 3111 1 1 0
11 82861 3111 2 2 0
11 82861 47945 0 2 0
11 82861 47945 1 3 0
11 82861 47945 2 4 0
11 82861 22071 0 4 0
11 82861 22071 1 1 0
11 82861 22071 2 2 0
11 82861 36941 0 2 0
11 82861 36941 1 3 0
11 82861 36941 2 4 0
11 82861 24769 0 2 0
11 82861 24769 1 3 0
11 82861 24769 2 4 0
11 82861 24875 0 4 0
11 82861 24875 1 1 0
11 82861 24875 2 2 0
11 82861 23459 0 4 0
11 82861 23459 1 1 0
11 82861 23459 2 2 0
11 82861 5299 0 4 0
11 82861 5299 1 1 0
11 82861 5299 2 2 0
11 82861 9005 0 2 0
11 82861 9005 1 3 0
11 82861 9005 2 4 0
11 82861 57095 0 4 0
11 82861 57095 1 1 0
11 82861 57095 2 2 0
11 82861 38485 0 2 0
11 82861 38485 1 3 0
11 82861 38485 2 4 0
11 82861 16161 0 2 0
11 82861 16161 1 3 0
11 82861 16161 2 4 0
11 82861 32671 0 4 0
11 82861 32671 1 1 0
11 82861 32671 2 2 0
11 82861 68635 0 4 0
11 82861 68635 1 1 0
11 82861 68635 2 2 0
11 82861 18329 0 2 0
11 82861 18329 1 3 0
11 82861 18329 2 4 0
11 82861 63385 0 2 0
11 82861 63385 1 3 0
11 82861 63385 2 4 0
11 82861 18653 0 2 0
11 82861 18653 1 3 0
11 82861 18653 2 4 0
11 82861 62459 0 4 0
11 82861 62459 1 1 0
11 82861 62459 2 2 0
11 82861 29263 0 4 0
11 82861 29263 1 1 0
11 82861 29263 2 2 0
11 82861 62661 0 2 0
11 82861 62661 1 3 0
11 82861 62661 2 4 0
11 82861 68075 0 4 0
11 82861 68075 1 1 0
11 82861 68075 2 2 0
11 82861 25905 0 2 0
11 82861 25905 1 3 0
11 82861 25905 2 4 0
11 82861 5975 0 4 0
11 82861 5975 1 1 0
11 82861 5975 2 2 0
11 82861 2333 0 2 0
11 82861 2333 1 3 0
11 82861 2333 2 4 0
11 82861 27535 0 4 0
11 82861 27535 1 1 0
11 82861 27535 2 2 0
11 82861 47133 0 2 0
11 82861 47133 1 3 0
11 82861 47133 2 4 0
11 82861 42341 0 2 0
11 82861 42341 1 3 0
11 82861 42341 2 4 0
11 82861 74205 0 2 0
11 82861 74205 1 3 0
11 82861 74205 2 4 0
11 82861 25295 0 4 0
11 82861 25295 1 1 0
11 82861 25295 2 2 0
11 82861 46147 0 4 0
11 82861 46147 1 1 0
11 82861 46147 2 2 0
11 82861 1977 0 2 0
11 82861 1977 1 3 0
11 82861 1977 2 4 0
11 82861 57849 0 2 0
11 82861 57849 1 3 0
11 82861 57849 2 4 0
11 82861 26193 0 2 0
11 82861 26193 1 3 0
11 82861 26193 2 4 0
11 82861 35321 0 2 0
11 82861 35321 1 3 0
11 82861 35321 2 4 0
11 82861 47123 0 4 0
11 82861 47123 1 1 0
11 82861 47123 2 2 0
11 82861 52879 0 4 0
11 82861 52879 1 1 0
11 82861 52879 2 2 0
11 82861 8015 0 4 0
11 82861 8015 1 1 0
11 82861 8015 2 2 0
11 82861 31149 0 2 0
11 82861 31149 1 3 0
11 82861 31149 2 4 0
11 82861 41019 0 4 0
11 82861 41019 1 1 0
11 82861 41019 2 2 0
11 82861 45325 0 2 0
11 82861 45325 1 3 0
11 82861 45325 2 4 0
11 82861 65483 0 4 0
11 82861 65483 1 1 0
11 82861 65483 2 2 0
11 82861 31335 0 4 0
11 82861 31335 1 1 0
11 82861 31335 2 2 0
11 82861 81079 0 4 0
11 82861 81079 1 1 0
11 82861 81079 2 2 0
11 82861 12053 0 2 0
11 82861 12053 1 3 0
11 82861 12053 2 4 0
11 82861 39899 0 4 0
11 82861 39899 1 1 0
11 82861 39899 2 2 0
11 82861 51233 0 2 0
11 82861 51233 1 3 0
11 82861 51233 2 4 0
11 82861 50077 0 2 0
11 82861 50077 1 3 0
11 82861 50077 2 4 0
11 82861 35951 0 4 0
11 82861 35951 1 1 0
11 82861 35951 2 2 0
11 82861 70233 0 2 0
11 82861 70233 1 3 0
11 82861 70233 2 4 0
11 82861 73645 0 2 0
11 82861 73645 1 3 0
11 82861 73645 2 4 0
11 82861 3267 0 4 0
11 82861 3267 1 1 0
11 82861 3267 2 2 0
11 82861 81001 0 2 0
11 82861 81001 1 3 0
11 82861 81001 2 4 0
11 82861 13497 0 2 0
11 82861 13497 1 3 0
11 82861 13497 2 4 0
11 82861 63721 0 2 0
11 82861 63721 1 3 0
11 82861 63721 2 4 0
11 82861 35309 0 2 0
11 82861 35309 1 3 0
11 82861 35309 2 4 0
11 82861 13243 0 4 0
11 82861 13243 1 1 0
11 82861 13243 2 2 0
11 82861 3247 0 4 0
11 82861 3247 1 1 0
11 82861 3247 2 2 0
11 82861 60371 0 4 0
11 82861 60371 1 1 0
11 82861 60371 2 2 0
11 82861 81187 0 4 0
11 82861 81187 1 1 0
11 82861 81187 2 2 0
11 82861 22763 0 4 0
11 82861 22763 1 1 0
11 82861 22763 2 2 0
11 82861 53253 0 2 0
11 82861 53253 1 3 0
11 82861 53253 2 4 0
11 82861 16245 0 2 0
11 82861 16245 1 3 0
11 82861 16245 2 4 0
11 82861 20419 0 4 0
11 82861 20419 1 1 0
11 82861 20419 2 2 0
11 82861 28689 0 2 0
11 82861 28689 1 3 0
11 82861 28689 2 4 0
11 82861 9493 0 2 0
11 82861 9493 1 3 0
11 82861 9493 2 4 0
11 82861 39343 0 4 0
11 82861 39343 1 1 0
11 82861 39343 2 2 0
11 82861 63825 0 2 0
11 82861 63825 1 3 0
11 82861 63825 2 4 0
11 82861 50755 0 4 0
11 82861 50755 1 1 0
11 82861 50755 2 2 0
11 82861 60531 0 4 0
11 82861 60531 1 1 0
11 82861 60531 2 2 0
11 82861 22029 0 2 0
11 82861 22029 1 3 0
11 82861 22029 2 4 0
11 82861 47887 0 4 0
11 82861 47887 1 1 0
11 82861 47887 2 2 0
11 82861 14563 0 4 0
11 82861 14563 1 1 0
11 82861 14563 2 2 0
11 82861 4367 0 4 0
11 82861 4367 1 1 0
11 82861 4367 2 2 0
11 82861 70871 0 4 0
11 82861 70871 1 1 0
11 82861 70871 2 2 0
11 82861 73549 0 2 0
11 82861 73549 1 3 0
11 82861 73549 2 4 0
11 82861 15117 0 2 0
11 82861 15117 1 3 0
11 82861 15117 2 4 0
11 82861 56327 0 4 0
11 82861 56327 1 1 0
11 82861 56327 2 2 0
11 82861 64211 0 4 0
11 82861 64211 1 1 0
11 82861 64211 2 2 0
11 82861 9001 0 2 0
11 82861 9001 1 3 0
11 82861 9001 2 4 0
11 82861 6837 0 2 0
11 82861 6837 1 3 0
11 82861 6837 2 4 0
11 82861 30293 0 2 0
11 82861 30293 1 3 0
11 82861 30293 2 4 0
11 82861 2161 0 2 0
11 82861 2161 1 3 0
11 82861 2161 2 4 0
11 82861 21083 0 4 0
11 82861 21083 1 1 0
11 82861 21083 2 2 0
11 82861 31827 0 4 0
11 82861 31827 1 1 0
11 82861 31827 2 2 0
11 82861 6529 0 2 0
11 82861 6529 1 3 0
11 82861 6529 2 4 0
11 82861 63753 0 2 0
11 82861 63753 1 3 0
11 82861 63753 2 4 0
11 82861 13053 0 2 0
11 82861 13053 1 3 0
11 82861 13053 2 4 0
11 82861 65467 0 4 0
11 82861 65467 1 1 0
11 82861 65467 2 2 0
11 82861 4717 0 2 0
11 82861 4717 1 3 0
11 82861 4717 2 4 0
11 82861 69881 0 2 0
11 82861 69881 1 3 0
11 82861 69881 2 4 0
11 82861 1437 0 2 0
11 82861 1437 1 3 0
11 82861 1437 2 4 0
11 82861 6269 0 2 0
11 82861 6269 1 3 0
11 82861 6269 2 4 0
11 82861 52803 0 4 0
11 82861 52803 1 1 0
11 82861 52803 2 2 0
11 82861 27741 0 2 0
11 82861 27741 1 3 0
11 82861 27741 2 4 0
11 82861 70999 0 4 0
11 82861 70999 1 1 0
11 82861 70999 2 2 0
11 82861 64309 0 2 0
11 82861 64309 1 3 0
11 82861 64309 2 4 0
11 82861 56127 0 4 0
11 82861 56127 1 1 0
11 82861 56127 2 2 0
11 82861 2007 0 4 0
11 82861 2007 1 1 0
11 82861 2007 2 2 0
11 82861 42163 0 4 0
11 82861 42163 1 1 0
11 82861 42163 2 2 0
11 82861 21649 0 2 0
11 82861 21649 1 3 0
11 82861 21649 2 4 0
11 82861 58269 0 2 0
11 82861 58269 1 3 0
11 82861 58269 2 4 0
11 82861 32115 0 4 0
11 82861 32115 1 1 0
11 82861 32115 2 2 0
11 82861 59915 0 4 0
11 82861 59915 1 1 0
11 82861 59915 2 2 0
11 82861 70797 0 2 0
11 82861 70797 1 3 0
11 82861 70797 2 4 0
11 82861 46323 0 4 0
11 82861 46323 1 1 0
11 82861 46323 2 2 0
11 82861 55511 0 4 0
11 82861 55511 1 1 0
11 82861 55511 2 2 0
11 82861 35677 0 2 0
11 82861 35677 1 3 0
11 82861 35677 2 4 0
11 82861 61609 0 2 0
11 82861 61609 1 3 0
11 82861 61609 2 4 0
11 82861 63493 0 2 0
11 82861 63493 1 3 0
11 82861 63493 2 4 0
11 82861 27665 0 2 0
11 82861 27665 1 3 0
11 82861 27665 2 4 0
11 82861 16031 0 4 0
11 82861 16031 1 1 0
11 82861 16031 2 2 0
11 82861 39119 0 4 0
11 82861 39119 1 1 0
11 82861 39119 2 2 0
11 82861 49997 0 2 0
11 82861 49997 1 3 0
11 82861 49997 2 4 0
11 82861 48473 0 2 0
11 82861 48473 1 3 0
11 82861 48473 2 4 0
11 82861 56861 0 2 0
11 82861 56861 1 3 0
11 82861 56861 2 4 0
11 82861 23949 0 2 0
11 82861 23949 1 3 0
11 82861 23949 2 4 0
11 82861 36951 0 4 0
11 82861 36951 1 1 0
11 82861 36951 2 2 0
11 82861 7083 0 4 0
11 82861 7083 1 1 0
11 82861 7083 2 2 0
11 82861 55527 0 4 0
11 82861 55527 1 1 0
11 82861 55527 2 2 0
11 82861 21853 0 2 0
11 82861 21853 1 3 0
11 82861 21853 2 4 0
11 82861 17991 0 4 0
11 82861 17991 1 1 0
11 82861 17991 2 2 0
11 82861 22835 0 4 0
11 82861 22835 1 1 0
11 82861 22835 2 2 0
11 82861 79979 0 4 0
11 82861 79979 1 1 0
11 82861 79979 2 2 0
11 82861 20241 0 2 0
11 82861 20241 1 3 0
11 82861 20241 2 4 0
11 82861 497 0 2 0
11 82861 497 1 3 0
11 82861 497 2 4 0
11 82861 59595 0 4 0
11 82861 59595 1 1 0
11 82861 59595 2 2 0
11 82861 27767 0 4 0
11 82861 27767 1 1 0
11 82861 27767 2 2 0
11 82861 40777 0 2 0
11 82861 40777 1 3 0
11 82861 40777 2 4 0
11 82861 36913 0 2 0
11 82861 36913 1 3 0
11 82861 36913 2 4 0
11 82861 79383 0 4 0
11 82861 79383 1 1 0
11 82861 79383 2 2 0
11 82861 20265 0 2 0
11 82861 20265 1 3 0
11 82861 20265 2 4 0
11 82861 12875 0 4 0
11 82861 12875 1 1 0
11 82861 12875 2 2 0
11 82861 10629 0 2 0
11 82861 10629 1 3 0
11 82861 10629 2 4 0
11 82861 41231 0 4 0
11 82861 41231 1 1 0
11 82861 41231 2 2 0
11 82861 25195 0 4 0
11 82861 25195 1 1 0
11 82861 25195 2 2 0
11 82861 45923 0 4 0
11 82861 45923 1 1 0
11 82861 45923 2 2 0
11 82861 27121 0 2 0
11 82861 27121 1 3 0
11 82861 27121 2 4 0
11 82861 6223 0 4 0
11 82861 6223 1 1 0
11 82861 6223 2 2 0
11 82861 20997 0 2 0
11 82861 20997 1 3 0
11 82861 20997 2 4 0
11 82861 71227 0 4 0
11 82861 71227 1 1 0
11 82861 71227 2 2 0
11 82861 37285 0 2 0
11 82861 37285 1 3 0
11 82861 37285 2 4 0
11 82861 72153 0 2 0
11 82861 72153 1 3 0
11 82861 72153 2 4 0
11 82861 57729 0 2 0
11 82861 57729 1 3 0
11 82861 57729 2 4 0
11 82861 31535 0 4 0
11 82861 31535 1 1 0
11 82861 31535 2 2 0
11 82861 24303 0 4 0
11 82861 24303 1 1 0
11 82861 24303 2 2 0
11 82861 39619 0 4 0
11 82861 39619 1 1 0
11 82861 39619 2 2 0
11 82861 7009 0 2 0
11 82861 7009 1 3 0
11 82861 7009 2 4 0
11 82861 51403 0 4 0
11 82861 51403 1 1 0
11 82861 51403 2 2 0
11 82861 35025 0 2 0
11 82861 35025 1 3 0
11 82861 35025 2 4 0
11 82861 77235 0 4 0
11 82861 77235 1 1 0
11 82861 77235 2 2 0
11 82861 71137 0 2 0
11 82861 71137 1 3 0
11 82861 71137 2 4 0
11 82861 53275 0 4 0
11 82861 53275 1 1 0
11 82861 53275 2 2 0
11 82861 46257 0 2 0
11 82861 46257 1 3 0
11 82861 46257 2 4 0
11 82861 49229 0 2 0
11 82861 49229 1 3 0
11 82861 49229 2 4 0
11 82861 63061 0 2 0
11 82861 63061 1 3 0
11 82861 63061 2 4 0
11 82861 50057 0 2 0
11 82861 50057 1 3 0
11 82861 50057 2 4 0
11 82861 1953 0 2 0
11 82861 1953 1 3 0
11 82861 1953 2 4 0
11 82861 17517 0 2 0
11 82861 17517 1 3 0
11 82861 17517 2 4 0
11 82861 20203 0 4 0
11 82861 20203 1 1 0
11 82861 20203 2 2 0
11 82861 58711 0 4 0
11 82861 58711 1 1 0
11 82861 58711 2 2 0
11 82861 53621 0 2 0
11 82861 53621 1 3 0
11 82861 53621 2 4 0
12 82861 77859 0 4 0
12 82861 77859 1 1 0
12 82861 77859 2 2 0
12 82861 9999 0 4 0
12 82861 9999 1 1 0
12 82861 9999 2 2 0
12 82861 50429 0 2 0
12 82861 50429 1 3 0
12 82861 50429 2 4 0
12 82861 69771 0 4 0
12 82861 69771 1 1 0
12 82861 69771 2 2 0
12 82861 70715 0 4 0
12 82861 70715 1 1 0
12 82861 70715 2 2 0
12 82861 61257 0 2 0
12 82861 61257 1 3 0
12 82861 61257 2 4 0
12 82861 27719 0 4 0
12 82861 27719 1 1 0
12 82861 27719 2 2 0
12 82861 75847 0 4 0
12 82861 75847 1 1 0
12 82861 75847 2 2 0
12 82861 27993 0 2 0
12 82861 27993 1 3 0
12 82861 27993 2 4 0
12 82861 11047 0 4 0
12 82861 11047 1 1 0
12 82861 11047 2 2 0
12 82861 46221 0 2 0
12 82861 46221 1 3 0
12 82861 46221 2 4 0
12 82861 50905 0 2 0
12 82861 50905 1 3 0
12 82861 50905 2 4 0
12 82861 59303 0 4 0
12 82861 59303 1 1 0
12 82861 59303 2 2 0
12 82861 5225 0 2 0
12 82861 5225 1 3 0
12 82861 5225 2 4 0
12 82861 27761 0 2 0
12 82861 27761 1 3 0
12 82861 27761 2 4 0
12 82861 23359 0 4 0
12 82861 23359 1 1 0
12 82861 23359 2 2 0
12 82861 24423 0 4 0
12 82861 24423 1 1 0
12 82861 24423 2 2 0
12 82861 34043 0 4 0
12 82861 34043 1 1 0
12 82861 34043 2 2 0
12 82861 66539 0 4 0
12 82861 66539 1 1 0
12 82861 66539 2 2 0
12 82861 81113 0 2 0
12 82861 81113 1 3 0
12 82861 81113 2 4 0
12 82861 71795 0 4 0
12 82861 71795 1 1 0
12 82861 71795 2 2 0
12 82861 6201 0 2 0
12 82861 6201 1 3 0
12 82861 6201 2 4 0
12 82861 8305 0 2 0
12 82861 8305 1 3 0
12 82861 8305 2 4 0
12 82861 53819 0 4 0
12 82861 53819 1 1 0
12 82861 53819 2 2 0
12 82861 72293 0 2 0
12 82861 72293 1 3 0
12 82861 72293 2 4 0
12 82861 59157 0 2 0
12 82861 59157 1 3 0
12 82861 59157 2 4 0
12 82861 2341 0 2 0
12 82861 2341 1 3 0
12 82861 2341 2 4 0
12 82861 1571 0 4 0
12 82861 1571 1 1 0
12 82861 1571 2 2 0
12 82861 6647 0 4 0
12 82861 6647 1 1 0
12 82861 6647 2 2 0
12 82861 81189 0 2 0
12 82861 81189 1 3 0
12 82861 81189 2 4 0
12 82861 39933 0 2 0
12 82861 39933 1 3 0
12 82861 39933 2 4 0
12 82861 2163 0 4 0
12 82861 2163 1 1 0
12 82861 2163 2 2 0
12 82861 23547 0 4 0
12 82861 23547 1 1 0
12 82861 23547 2 2 0
12 82861 27629 0 2 0
12 82861 27629 1 3 0
12 82861 27629 2 4 0
12 82861 39191 0 4 0
12 82861 39191 1 1 0
12 82861 39191 2 2 0
12 82861 74697 0 2 0
12 82861 74697 1 3 0
12 82861 74697 2 4 0
12 82861 71425 0 2 0
12 82861 71425 1 3 0
12 82861 71425 2 4 0
12 82861 78615 0 4 0
12 82861 78615 1 1 0
12 82861 78615 2 2 0
12 82861 27111 0 4 0
12 82861 27111 1 1 0
12 82861 27111 2 2 0
12 82861 4553 0 2 0
12 82861 4553 1 3 0
12 82861 4553 2 4 0
12 82861 30505 0 2 0
12 82861 30505 1 3 0
12 82861 30505 2 4 0
12 82861 57899 0 4 0
12 82861 57899 1 1 0
12 82861 57899 2 2 0
12 82861 72453 0 2 0
12 82861 72453 1 3 0
12 82861 72453 2 4 0
12 82861 58905 0 2 0
12 82861 58905 1 3 0
12 82861 58905 2 4 0
12 82861 46493 0 2 0
12 82861 46493 1 3 0
12 82861 46493 2 4 0
12 82861 12051 0 4 0
12 82861 12051 1 1 0
12 82861 12051 2 2 0
12 82861 53553 0 2 0
12 82861 53553 1 3 0
12 82861 53553 2 4 0
12 82861 29603 0 4 0
12 82861 29603 1 1 0
12 82861 29603 2 2 0
12 82861 39213 0 2 0
12 82861 39213 1 3 0
12 82861 39213 2 4 0
12 82861 66903 0 4 0
12 82861 66903 1 1 0
12 82861 66903 2 2 0
12 82861 4043 0 4 0
12 82861 4043 1 1 0
12 82861 4043 2 2 0
12 82861 81691 0 4 0
12 82861 81691 1 1 0
12 82861 81691 2 2 0
12 82861 11361 0 2 0
12 82861 11361 1 3 0
12 82861 11361 2 4 0
12 82861 27365 0 2 0
12 82861 27365 1 3 0
12 82861 27365 2 4 0
12 82861 9797 0 2 0
12 82861 9797 1 3 0
12 82861 9797 2 4 0
12 82861 50559 0 4 0
12 82861 50559 1 1 0
12 82861 50559 2 2 0
12 82861 26089 0 2 0
12 82861 26089 1 3 0
12 82861 26089 2 4 0
12 82861 57051 0 4 0
12 82861 57051 1 1 0
12 82861 57051 2 2 0
12 82861 79051 0 4 0
12 82861 79051 1 1 0
12 82861 79051 2 2 0
12 82861 38327 0 4 0
12 82861 38327 1 1 0
12 82861 38327 2 2 0
12 82861 33051 0 4 0
12 82861 33051 1 1 0
12 82861 33051 2 2 0
12 82861 39737 0 2 0
12 82861 39737 1 3 0
12 82861 39737 2 4 0
12 82861 28415 0 4 0
12 82861 28415 1 1 0
12 82861 28415 2 2 0
12 82861 56511 0 4 0
12 82861 56511 1 1 0
12 82861 56511 2 2 0
12 82861 43257 0 2 0
12 82861 43257 1 3 0
12 82861 43257 2 4 0
12 82861 14283 0 4 0
12 82861 14283 1 1 0
12 82861 14283 2 2 0
12 82861 25229 0 2 0
12 82861 25229 1 3 0
12 82861 25229 2 4 0
12 82861 4975 0 4 0
12 82861 4975 1 1 0
12 82861 4975 2 2 0
12 82861 52355 0 4 0
12 82861 52355 1 1 0
12 82861 52355 2 2 0
12 82861 26593 0 2 0
12 82861 26593 1 3 0
12 82861 26593 2 4 0
12 82861 43189 0 2 0
12 82861 43189 1 3 0
12 82861 43189 2 4 0
12 82861 31141 0 2 0
12 82861 31141 1 3 0
12 82861 31141 2 4 0
12 82861 35999 0 4 0
12 82861 35999 1 1 0
12 82861 35999 2 2 0
12 82861 1791 0 4 0
12 82861 1791 1 1 0
12 82861 1791 2 2 0
12 82861 52941 0 2 0
12 82861 52941 1 3 0
12 82861 52941 2 4 0
12 82861 31109 0 2 0
12 82861 31109 1 3 0
12 82861 31109 2 4 0
12 82861 62183 0 4 0
12 82861 62183 1 1 0
12 82861 62183 2 2 0
12 82861 49797 0 2 0
12 82861 49797 1 3 0
12 82861 49797 2 4 0
12 82861 52733 0 2 0
12 82861 52733 1 3 0
12 82861 52733 2 4 0
12 82861 59895 0 4 0
12 82861 59895 1 1 0
12 82861 59895 2 2 0
12 82861 65811 0 4 0
12 82861 65811 1 1 0
12 82861 65811 2 2 0
12 82861 49395 0 4 0
12 82861 49395 1 1 0
12 82861 49395 2 2 0
12 82861 46355 0 4 0
12 82861 46355 1 1 0
12 82861 46355 2 2 0
12 82861 51985 0 2 0
12 82861 51985 1 3 0
12 82861 51985 2 4 0
12 82861 23903 0 4 0
12 82861 23903 1 1 0
12 82861 23903 2 2 0
12 82861 63319 0 4 0
12 82861 63319 1 1 0
12 82861 63319 2 2 0
12 82861 8039 0 4 0
12 82861 8039 1 1 0
12 82861 8039 2 2 0
12 82861 78713 0 2 0
12 82861 78713 1 3 0
12 82861 78713 2 4 0
12 82861 6771 0 4 0
12 82861 6771 1 1 0
12 82861 6771 2 2 0
12 82861 28021 0 2 0
12 82861 28021 1 3 0
12 82861 28021 2 4 0
12 82861 57971 0 4 0
12 82861 57971 1 1 0
12 82861 57971 2 2 0
12 82861 73335 0 4 0
12 82861 73335 1 1 0
12 82861 73335 2 2 0
12 82861 25831 0 4 0
12 82861 25831 1 1 0
12 82861 25831 2 2 0
12 82861 48211 0 4 0
12 82861 48211 1 1 0
12 82861 48211 2 2 0
12 82861 48087 0 4 0
12 82861 48087 1 1 0
12 82861 48087 2 2 0
12 82861 8879 0 4 0
12 82861 8879 1 1 0
12 82861 8879 2 2 0
12 82861 14765 0 2 0
12 82861 14765 1 3 0
12 82861 14765 2 4 0
12 82861 50251 0 4 0
12 82861 50251 1 1 0
12 82861 50251 2 2 0
12 82861 60653 0 2 0
12 82861 60653 1 3 0
12 82861 60653 2 4 0
12 82861 60893 0 2 0
12 82861 60893 1 3 0
12 82861 60893 2 4 0
12 82861 75785 0 2 0
12 82861 75785 1 3 0
12 82861 75785 2 4 0
12 82861 3681 0 2 0
12 82861 3681 1 3 0
12 82861 3681 2 4 0
12 82861 31013 0 2 0
12 82861 31013 1 3 0
12 82861 31013 2 4 0
12 82861 3241 0 2 0
12 82861 3241 1 3 0
12 82861 3241 2 4 0
12 82861 35311 0 4 0
12 82861 35311 1 1 0
12 82861 35311 2 2 0
12 82861 31489 0 2 0
12 82861 31489 1 3 0
12 82861 31489 2 4 0
12 82861 52931 0 4 0
12 82861 52931 1 1 0
12 82861 52931 2 2 0
12 82861 30891 0 4 0
12 82861 30891 1 1 0
12 82861 30891 2 2 0
12 82861 70877 0 2 0
12 82861 70877 1 3 0
12 82861 70877 2 4 0
12 82861 56493 0 2 0
12 82861 56493 1 3 0
12 82861 56493 2 4 0
12 82861 7749 0 2 0
12 82861 7749 1 3 0
12 82861 7749 2 4 0
12 82861 9423 0 4 0
12 82861 9423 1 1 0
12 82861 9423 2 2 0
12 82861 31731 0 4 0
12 82861 31731 1 1 0
12 82861 31731 2 2 0
12 82861 10209 0 2 0
12 82861 10209 1 3 0
12 82861 10209 2 4 0
12 82861 26117 0 2 0
12 82861 26117 1 3 0
12 82861 26117 2 4 0
12 82861 10225 0 2 0
12 82861 10225 1 3 0
12 82861 10225 2 4 0
12 82861 52907 0 4 0
12 82861 52907 1 1 0
12 82861 52907 2 2 0
12 82861 75667 0 4 0
12 82861 75667 1 1 0
12 82861 75667 2 2 0
12 82861 30683 0 4 0
12 82861 30683 1 1 0
12 82861 30683 2 2 0
12 82861 56957 0 2 0
12 82861 56957 1 3 0
12 82861 56957 2 4 0
12 82861 8477 0 2 0
12 82861 8477 1 3 0
12 82861 8477 2 4 0
12 82861 70641 0 2 0
12 82861 70641 1 3 0
12 82861 70641 2 4 0
12 82861 30349 0 2 0
12 82861 30349 1 3 0
12 82861 30349 2 4 0
12 82861 31985 0 2 0
12 82861 31985 1 3 0
12 82861 31985 2 4 0
12 82861 70503 0 4 0
12 82861 70503 1 1 0
12 82861 70503 2 2 0
12 82861 56909 0 2 0
12 82861 56909 1 3 0
12 82861 56909 2 4 0
12 82861 64945 0 2 0
12 82861 64945 1 3 0
12 82861 64945 2 4 0
12 82861 41803 0 4 0
12 82861 41803 1 1 0
12 82861 41803 2 2 0
12 82861 70935 0 4 0
12 82861 70935 1 1 0
12 82861 70935 2 2 0
12 82861 30865 0 2 0
12 82861 30865 1 3 0
12 82861 30865 2 4 0
12 82861 25429 0 2 0
12 82861 25429 1 3 0
12 82861 25429 2 4 0
12 82861 72283 0 4 0
12 82861 72283 1 1 0
12 82861 72283 2 2 0
12 82861 48219 0 4 0
12 82861 48219 1 1 0
12 82861 48219 2 2 0
12 82861 49141 0 2 0
12 82861 49141 1 3 0
12 82861 49141 2 4 0
12 82861 3835 0 4 0
12 82861 3835 1 1 0
12 82861 3835 2 2 0
12 82861 29019 0 4 0
12 82861 29019 1 1 0
12 82861 29019 2 2 0
12 82861 2491 0 4 0
12 82861 2491 1 1 0
12 82861 2491 2 2 0
12 82861 73885 0 2 0
12 82861 73885 1 3 0
12 82861 73885 2 4 0
12 82861 4391 0 4 0
12 82861 4391 1 1 0
12 82861 4391 2 2 0
12 82861 59253 0 2 0
12 82861 59253 1 3 0
12 82861 59253 2 4 0
12 82861 24497 0 2 0
12 82861 24497 1 3 0
12 82861 24497 2 4 0
12 82861 30441 0 2 0
12 82861 30441 1 3 0
12 82861 30441 2 4 0
12 82861 2641 0 2 0
12 82861 2641 1 3 0
12 82861 2641 2 4 0
12 82861 13613 0 2 0
12 82861 13613 1 3 0
12 82861 13613 2 4 0
12 82861 66311 0 4 0
12 82861 66311 1 1 0
12 82861 66311 2 2 0
12 82861 46953 0 2 0
12 82861 46953 1 3 0
12 82861 46953 2 4 0
12 82861 31631 0 4 0
12 82861 31631 1 1 0
12 82861 31631 2 2 0
12 82861 26255 0 4 0
12 82861 26255 1 1 0
12 82861 26255 2 2 0
12 82861 57063 0 4 0
12 82861 57063 1 1 0
12 82861 57063 2 2 0
12 82861 50345 0 2 0
12 82861 50345 1 3 0
12 82861 50345 2 4 0
12 82861 80265 0 2 0
12 82861 80265 1 3 0
12 82861 80265 2 4 0
12 82861 58601 0 2 0
12 82861 58601 1 3 0
12 82861 58601 2 4 0
12 82861 80605 0 2 0
12 82861 80605 1 3 0
12 82861 80605 2 4 0
12 82861 64499 0 4 0
12 82861 64499 1 1 0
12 82861 64499 2 2 0
12 82861 39331 0 4 0
12 82861 39331 1 1 0
12 82861 39331 2 2 0
12 82861 52003 0 4 0
12 82861 52003 1 1 0
12 82861 52003 2 2 0
12 82861 55237 0 2 0
12 82861 55237 1 3 0
12 82861 55237 2 4 0
12 82861 65145 0 2 0
12 82861 65145 1 3 0
12 82861 65145 2 4 0
12 82861 29025 0 2 0
12 82861 29025 1 3 0
12 82861 29025 2 4 0
12 82861 76521 0 2 0
12 82861 76521 1 3 0
12 82861 76521 2 4 0
12 82861 45159 0 4 0
12 82861 45159 1 1 0
12 82861 45159 2 2 0
12 82861 42217 0 2 0
12 82861 42217 1 3 0
12 82861 42217 2 4 0
12 82861 28773 0 2 0
12 82861 28773 1 3 0
12 82861 28773 2 4 0
12 82861 47057 0 2 0
12 82861 47057 1 3 0
12 82861 47057 2 4 0
12 82861 59263 0 4 0
12 82861 59263 1 1 0
12 82861 59263 2 2 0
12 82861 74851 0 4 0
12 82861 74851 1 1 0
12 82861 74851 2 2 0
12 82861 43135 0 4 0
12 82861 43135 1 1 0
12 82861 43135 2 2 0
12 82861 11603 0 4 0
12 82861 11603 1 1 0
12 82861 11603 2 2 0
12 82861 58649 0 2 0
12 82861 58649 1 3 0
12 82861 58649 2 4 0
12 82861 4283 0 4 0
12 82861 4283 1 1 0
12 82861 4283 2 2 0
12 82861 51115 0 4 0
12 82861 51115 1 1 0
12 82861 51115 2 2 0
12 82861 28035 0 4 0
12 82861 28035 1 1 0
12 82861 28035 2 2 0
12 82861 2595 0 4 0
12 82861 2595 1 1 0
12 82861 2595 2 2 0
12 82861 24893 0 2 0
12 82861 24893 1 3 0
12 82861 24893 2 4 0
12 82861 29175 0 4 0
12 82861 29175 1 1 0
12 82861 29175 2 2 0
12 82861 41665 0 2 0
12 82861 41665 1 3 0
12 82861 41665 2 4 0
12 82861 48567 0 4 0
12 82861 48567 1 1 0
12 82861 48567 2 2 0
12 82861 14085 0 2 0
12 82861 14085 1 3 0
12 82861 14085 2 4 0
12 82861 74681 0 2 0
12 82861 74681 1 3 0
12 82861 74681 2 4 0
12 82861 36445 0 2 0
12 82861 36445 1 3 0
12 82861 36445 2 4 0
12 82861 27135 0 4 0
12 82861 27135 1 1 0
12 82861 27135 2 2 0
12 82861 73599 0 4 0
12 82861 73599 1 1 0
12 82861 73599 2 2 0
12 82861 19083 0 4 0
12 82861 19083 1 1 0
12 82861 19083 2 2 0
12 82861 21465 0 2 0
12 82861 21465 1 3 0
12 82861 21465 2 4 0
12 82861 60765 0 2 0
12 82861 60765 1 3 0
12 82861 60765 2 4 0
12 82861 34151 0 4 0
12 82861 34151 1 1 0
12 82861 34151 2 2 0
12 82861 33001 0 2 0
12 82861 33001 1 3 0
12 82861 33001 2 4 0
12 82861 29213 0 2 0
12 82861 29213 1 3 0
12 82861 29213 2 4 0
12 82861 66289 0 2 0
12 82861 66289 1 3 0
12 82861 66289 2 4 0
12 82861 51415 0 4 0
12 82861 51415 1 1 0
12 82861 51415 2 2 0
12 82861 13185 0 2 0
12 82861 13185 1 3 0
12 82861 13185 2 4 0
12 82861 21603 0 4 0
12 82861 21603 1 1 0
12 82861 21603 2 2 0
12 82861 52831 0 4 0
12 82861 52831 1 1 0
12 82861 52831 2 2 0
12 82861 63013 0 2 0
12 82861 63013 1 3 0
12 82861 63013 2 4 0
12 82861 20761 0 2 0
12 82861 20761 1 3 0
12 82861 20761 2 4 0
12 82861 29825 0 2 0
12 82861 29825 1 3 0
12 82861 29825 2 4 0
12 82861 60119 0 4 0
12 82861 60119 1 1 0
12 82861 60119 2 2 0
12 82861 66383 0 4 0
12 82861 66383 1 1 0
12 82861 66383 2 2 0
12 82861 29111 0 4 0
12 82861 29111 1 1 0
12 82861 29111 2 2 0
12 82861 75337 0 2 0
12 82861 75337 1 3 0
12 82861 75337 2 4 0
12 82861 33575 0 4 0
12 82861 33575 1 1 0
12 82861 33575 2 2 0
12 82861 74075 0 4 0
12 82861 74075 1 1 0
12 82861 74075 2 2 0
12 82861 38283 0 4 0
12 82861 38283 1 1 0
12 82861 38283 2 2 0
12 82861 41371 0 4 0
12 82861 41371 1 1 0
12 82861 41371 2 2 0
12 82861 6921 0 2 0
12 82861 6921 1 3 0
12 82861 6921 2 4 0
12 82861 3899 0 4 0
12 82861 3899 1 1 0
12 82861 3899 2 2 0
12 82861 16379 0 4 0
12 82861 16379 1 1 0
12 82861 16379 2 2 0
12 82861 80721 0 2 0
12 82861 80721 1 3 0
12 82861 80721 2 4 0
12 82861 14237 0 2 0
12 82861 14237 1 3 0
12 82861 14237 2 4 0
12 82861 73339 0 4 0
12 82861 73339 1 1 0
12 82861 73339 2 2 0
12 82861 23951 0 4 0
12 82861 23951 1 1 0
12 82861 23951 2 2 0
12 82861 4193 0 2 0
12 82861 4193 1 3 0
12 82861 4193 2 4 0
12 82861 72879 0 4 0
12 82861 72879 1 1 0
12 82861 72879 2 2 0
12 82861 21629 0 2 0
12 82861 21629 1 3 0
12 82861 21629 2 4 0
12 82861 73745 0 2 0
12 82861 73745 1 3 0
12 82861 73745 2 4 0
12 82861 61747 0 4 0
12 82861 61747 1 1 0
12 82861 61747 2 2 0
12 82861 43165 0 2 0
12 82861 43165 1 3 0
12 82861 43165 2 4 0
12 82861 557 0 2 0
12 82861 557 1 3 0
12 82861 557 2 4 0
12 82861 61563 0 4 0
12 82861 61563 1 1 0
12 82861 61563 2 2 0
12 82861 6193 0 2 0
12 82861 6193 1 3 0
12 82861 6193 2 4 0
12 82861 27997 0 2 0
12 82861 27997 1 3 0
12 82861 27997 2 4 0
12 82861 15591 0 4 0
12 82861 15591 1 1 0
12 82861 15591 2 2 0
12 82861 64077 0 2 0
12 82861 64077 1 3 0
12 82861 64077 2 4 0
12 82861 45541 0 2 0
12 82861 45541 1 3 0
12 82861 45541 2 4 0
12 82861 36203 0 4 0
12 82861 36203 1 1 0
12 82861 36203 2 2 0
12 82861 10803 0 4 0
12 82861 10803 1 1 0
12 82861 10803 2 2 0
12 82861 44087 0 4 0
12 82861 44087 1 1 0
12 82861 44087 2 2 0
12 82861 40897 0 2 0
12 82861 40897 1 3 0
12 82861 40897 2 4 0
12 82861 27569 0 2 0
12 82861 27569 1 3 0
12 82861 27569 2 4 0
12 82861 4613 0 2 0
12 82861 4613 1 3 0
12 82861 4613 2 4 0
12 82861 76035 0 4 0
12 82861 76035 1 1 0
12 82861 76035 2 2 0
12 82861 78705 0 2 0
12 82861 78705 1 3 0
12 82861 78705 2 4 0
12 82861 20229 0 2 0
12 82861 20229 1 3 0
12 82861 20229 2 4 0
12 82861 65205 0 2 0
12 82861 65205 1 3 0
12 82861 65205 2 4 0
12 82861 23389 0 2 0
12 82861 23389 1 3 0
12 82861 23389 2 4 0
12 82861 80467 0 4 0
12 82861 80467 1 1 0
12 82861 80467 2 2 0
12 82861 62053 0 2 0
12 82861 62053 1 3 0
12 82861 62053 2 4 0
12 82861 73641 0 2 0
12 82861 73641 1 3 0
12 82861 73641 2 4 0
12 82861 57513 0 2 0
12 82861 57513 1 3 0
12 82861 57513 2 4 0
12 82861 5781 0 2 0
12 82861 5781 1 3 0
12 82861 5781 2 4 0
12 82861 43863 0 4 0
12 82861 43863 1 1 0
12 82861 43863 2 2 0
12 82861 73061 0 2 0
12 82861 73061 1 3 0
12 82861 73061 2 4 0
12 82861 70913 0 2 0
12 82861 70913 1 3 0
12 82861 70913 2 4 0
12 82861 57775 0 4 0
12 82861 57775 1 1 0
12 82861 57775 2 2 0
12 82861 33825 0 2 0
12 82861 33825 1 3 0
12 82861 33825 2 4 0
12 82861 8449 0 2 0
12 82861 8449 1 3 0
12 82861 8449 2 4 0
12 82861 78077 0 2 0
12 82861 78077 1 3 0
12 82861 78077 2 4 0
12 82861 6749 0 2 0
12 82861 6749 1 3 0
12 82861 6749 2 4 0
12 82861 15759 0 4 0
12 82861 15759 1 1 0
12 82861 15759 2 2 0
12 82861 28515 0 4 0
12 82861 28515 1 1 0
12 82861 28515 2 2 0
12 82861 72119 0 4 0
12 82861 72119 1 1 0
12 82861 72119 2 2 0
12 82861 47249 0 2 0
12 82861 47249 1 3 0
12 82861 47249 2 4 0
12 82861 46805 0 2 0
12 82861 46805 1 3 0
12 82861 46805 2 4 0
12 82861 54401 0 2 0
12 82861 54401 1 3 0
12 82861 54401 2 4 0
12 82861 22681 0 2 0
12 82861 22681 1 3 0
12 82861 22681 2 4 0
12 82861 25627 0 4 0
12 82861 25627 1 1 0
12 82861 25627 2 2 0
12 82861 42829 0 2 0
12 82861 42829 1 3 0
12 82861 42829 2 4 0
12 82861 56239 0 4 0
12 82861 56239 1 1 0
12 82861 56239 2 2 0
12 82861 78339 0 4 0
12 82861 78339 1 1 0
12 82861 78339 2 2 0
12 82861 8721 0 2 0
12 82861 8721 1 3 0
12 82861 8721 2 4 0
12 82861 25427 0 4 0
12 82861 25427 1 1 0
12 82861 25427 2 2 0
12 82861 68517 0 2 0
12 82861 68517 1 3 0
12 82861 68517 2 4 0
12 82861 51631 0 4 0
12 82861 51631 1 1 0
12 82861 51631 2 2 0
12 82861 51339 0 4 0
12 82861 51339 1 1 0
12 82861 51339 2 2 0
12 82861 63905 0 2 0
12 82861 63905 1 3 0
12 82861 63905 2 4 0
12 82861 75017 0 2 0
12 82861 75017 1 3 0
12 82861 75017 2 4 0
12 82861 30761 0 2 0
12 82861 30761 1 3 0
12 82861 30761 2 4 0
12 82861 58707 0 4 0
12 82861 58707 1 1 0
12 82861 58707 2 2 0
12 82861 1165 0 2 0
12 82861 1165 1 3 0
12 82861 1165 2 4 0
12 82861 18197 0 2 0
12 82861 18197 1 3 0
12 82861 18197 2 4 0
12 82861 21245 0 2 0
12 82861 21245 1 3 0
12 82861 21245 2 4 0
12 82861 36591 0 4 0
12 82861 36591 1 1 0
12 82861 36591 2 2 0
12 82861 42635 0 4 0
12 82861 42635 1 1 0
12 82861 42635 2 2 0
12 82861 37071 0 4 0
12 82861 37071 1 1 0
12 82861 37071 2 2 0
12 82861 43711 0 4 0
12 82861 43711 1 1 0
12 82861 43711 2 2 0
12 82861 19215 0 4 0
12 82861 19215 1 1 0
12 82861 19215 2 2 0
12 82861 67695 0 4 0
12 82861 67695 1 1 0
12 82861 67695 2 2 0
12 82861 1163 0 4 0
12 82861 1163 1 1 0
12 82861 1163 2 2 0
12 82861 72127 0 4 0
12 82861 72127 1 1 0
12 82861 72127 2 2 0
12 82861 77035 0 4 0
12 82861 77035 1 1 0
12 82861 77035 2 2 0
12 82861 54243 0 4 0
12 82861 54243 1 1 0
12 82861 54243 2 2 0
12 82861 41189 0 2 0
12 82861 41189 1 3 0
12 82861 41189 2 4 0
12 82861 32801 0 2 0
12 82861 32801 1 3 0
12 82861 32801 2 4 0
12 82861 45681 0 2 0
12 82861 45681 1 3 0
12 82861 45681 2 4 0
12 82861 859 0 4 0
12 82861 859 1 1 0
12 82861 859 2 2 0
12 82861 35161 0 2 0
12 82861 35161 1 3 0
12 82861 35161 2 4 0
12 82861 39523 0 4 0
12 82861 39523 1 1 0
12 82861 39523 2 2 0
12 82861 75239 0 4 0
12 82861 75239 1 1 0
12 82861 75239 2 2 0
12 82861 62865 0 2 0
12 82861 62865 1 3 0
12 82861 62865 2 4 0
12 82861 43931 0 4 0
12 82861 43931 1 1 0
12 82861 43931 2 2 0
12 82861 7381 0 2 0
12 82861 7381 1 3 0
12 82861 7381 2 4 0
12 82861 60997 0 2 0
12 82861 60997 1 3 0
12 82861 60997 2 4 0
12 82861 65725 0 2 0
12 82861 65725 1 3 0
12 82861 65725 2 4 0
12 82861 29859 0 4 0
12 82861 29859 1 1 0
12 82861 29859 2 2 0
12 82861 60645 0 2 0
12 82861 60645 1 3 0
12 82861 60645 2 4 0
12 82861 72923 0 4 0
12 82861 72923 1 1 0
12 82861 72923 2 2 0
12 82861 68763 0 4 0
12 82861 68763 1 1 0
12 82861 68763 2 2 0
12 82861 6939 0 4 0
12 82861 6939 1 1 0
12 82861 6939 2 2 0
12 82861 53369 0 2 0
12 82861 53369 1 3 0
12 82861 53369 2 4 0
12 82861 65323 0 4 0
12 82861 65323 1 1 0
12 82861 65323 2 2 0
12 82861 55867 0 4 0
12 82861 55867 1 1 0
12 82861 55867 2 2 0
12 82861 20073 0 2 0
12 82861 20073 1 3 0
12 82861 20073 2 4 0
12 82861 65185 0 2 0
12 82861 65185 1 3 0
12 82861 65185 2 4 0
12 82861 40317 0 2 0
12 82861 40317 1 3 0
12 82861 40317 2 4 0
12 82861 36789 0 2 0
12 82861 36789 1 3 0
12 82861 36789 2 4 0
12 82861 59097 0 2 0
12 82861 59097 1 3 0
12 82861 59097 2 4 0
12 82861 62837 0 2 0
12 82861 62837 1 3 0
12 82861 62837 2 4 0
12 82861 48671 0 4 0
12 82861 48671 1 1 0
12 82861 48671 2 2 0
12 82861 19491 0 4 0
12 82861 19491 1 1 0
12 82861 19491 2 2 0
12 82861 2615 0 4 0
12 82861 2615 1 1 0
12 82861 2615 2 2 0
12 82861 10155 0 4 0
12 82861 10155 1 1 0
12 82861 10155 2 2 0
12 82861 3243 0 4 0
12 82861 3243 1 1 0
12 82861 3243 2 2 0
12 82861 72117 0 2 0
12 82861 72117 1 3 0
12 82861 72117 2 4 0
12 82861 28027 0 4 0
12 82861 28027 1 1 0
12 82861 28027 2 2 0
12 82861 13129 0 2 0
12 82861 13129 1 3 0
12 82861 13129 2 4 0
12 82861 33287 0 4 0
12 82861 33287 1 1 0
12 82861 33287 2 2 0
12 82861 29091 0 4 0
12 82861 29091 1 1 0
12 82861 29091 2 2 0
12 82861 44247 0 4 0
12 82861 44247 1 1 0
12 82861 44247 2 2 0
12 82861 64857 0 2 0
12 82861 64857 1 3 0
12 82861 64857 2 4 0
12 82861 71511 0 4 0
12 82861 71511 1 1 0
12 82861 71511 2 2 0
12 82861 9913 0 2 0
12 82861 9913 1 3 0
12 82861 9913 2 4 0
12 82861 55931 0 4 0
12 82861 55931 1 1 0
12 82861 55931 2 2 0
12 82861 34961 0 2 0
12 82861 34961 1 3 0
12 82861 34961 2 4 0
12 82861 26453 0 2 0
12 82861 26453 1 3 0
12 82861 26453 2 4 0
12 82861 75187 0 4 0
12 82861 75187 1 1 0
12 82861 75187 2 2 0
12 82861 30593 0 2 0
12 82861 30593 1 3 0
12 82861 30593 2 4 0
12 82861 23199 0 4 0
12 82861 23199 1 1 0
12 82861 23199 2 2 0
12 82861 15269 0 2 0
12 82861 15269 1 3 0
12 82861 15269 2 4 0
12 82861 53679 0 4 0
12 82861 53679 1 1 0
12 82861 53679 2 2 0
12 82861 15593 0 2 0
12 82861 15593 1 3 0
12 82861 15593 2 4 0
12 82861 40255 0 4 0
12 82861 40255 1 1 0
12 82861 40255 2 2 0
12 82861 76503 0 4 0
12 82861 76503 1 1 0
12 82861 76503 2 2 0
12 82861 671 0 4 0
12 82861 671 1 1 0
12 82861 671 2 2 0
12 82861 17357 0 2 0
12 82861 17357 1 3 0
12 82861 17357 2 4 0
12 82861 67837 0 2 0
12 82861 67837 1 3 0
12 82861 67837 2 4 0
12 82861 72233 0 2 0
12 82861 72233 1 3 0
12 82861 72233 2 4 0
12 82861 74847 0 4 0
12 82861 74847 1 1 0
12 82861 74847 2 2 0
12 82861 21929 0 2 0
12 82861 21929 1 3 0
12 82861 21929 2 4 0
12 82861 36137 0 2 0
12 82861 36137 1 3 0
12 82861 36137 2 4 0
12 82861 53019 0 4 0
12 82861 53019 1 1 0
12 82861 53019 2 2 0
12 82861 10757 0 2 0
12 82861 10757 1 3 0
12 82861 10757 2 4 0
12 82861 52571 0 4 0
12 82861 52571 1 1 0
12 82861 52571 2 2 0
12 82861 52797 0 2 0
12 82861 52797 1 3 0
12 82861 52797 2 4 0
12 82861 6459 0 4 0
12 82861 6459 1 1 0
12 82861 6459 2 2 0
12 82861 74787 0 4 0
12 82861 74787 1 1 0
12 82861 74787 2 2 0
12 82861 45419 0 4 0
12 82861 45419 1 1 0
12 82861 45419 2 2 0
12 82861 54085 0 2 0
12 82861 54085 1 3 0
12 82861 54085 2 4 0
12 82861 32309 0 2 0
12 82861 32309 1 3 0
12 82861 32309 2 4 0
12 82861 72889 0 2 0
12 82861 72889 1 3 0
12 82861 72889 2 4 0
12 82861 26751 0 4 0
12 82861 26751 1 1 0
12 82861 26751 2 2 0
12 82861 16619 0 4 0
12 82861 16619 1 1 0
12 82861 16619 2 2 0
12 82861 59547 0 4 0
12 82861 59547 1 1 0
12 82861 59547 2 2 0
12 82861 73153 0 2 0
12 82861 73153 1 3 0
12 82861 73153 2 4 0
12 82861 62033 0 2 0
12 82861 62033 1 3 0
12 82861 62033 2 4 0
12 82861 68771 0 4 0
12 82861 68771 1 1 0
12 82861 68771 2 2 0
12 82861 17807 0 4 0
12 82861 17807 1 1 0
12 82861 17807 2 2 0
12 82861 23283 0 4 0
12 82861 23283 1 1 0
12 82861 23283 2 2 0
12 82861 12013 0 2 0
12 82861 12013 1 3 0
12 82861 12013 2 4 0
12 82861 71187 0 4 0
12 82861 71187 1 1 0
12 82861 71187 2 2 0
12 82861 3233 0 2 0
12 82861 3233 1 3 0
12 82861 3233 2 4 0
12 82861 45317 0 2 0
12 82861 45317 1 3 0
12 82861 45317 2 4 0
12 82861 30611 0 4 0
12 82861 30611 1 1 0
12 82861 30611 2 2 0
12 82861 40977 0 2 0
12 82861 40977 1 3 0
12 82861 40977 2 4 0
12 82861 73935 0 4 0
12 82861 73935 1 1 0
12 82861 73935 2 2 0
12 82861 23963 0 4 0
12 82861 23963 1 1 0
12 82861 23963 2 2 0
12 82861 34763 0 4 0
12 82861 34763 1 1 0
12 82861 34763 2 2 0
12 82861 40447 0 4 0
12 82861 40447 1 1 0
12 82861 40447 2 2 0
12 82861 47295 0 4 0
12 82861 47295 1 1 0
12 82861 47295 2 2 0
12 82861 37403 0 4 0
12 82861 37403 1 1 0
12 82861 37403 2 2 0
12 82861 50691 0 4 0
12 82861 50691 1 1 0
12 82861 50691 2 2 0
12 82861 61415 0 4 0
12 82861 61415 1 1 0
12 82861 61415 2 2 0
12 82861 34281 0 2 0
12 82861 34281 1 3 0
12 82861 34281 2 4 0
12 82861 48663 0 4 0
12 82861 48663 1 1 0
12 82861 48663 2 2 0
12 82861 78843 0 4 0
12 82861 78843 1 1 0
12 82861 78843 2 2 0
12 82861 31467 0 4 0
12 82861 31467 1 1 0
12 82861 31467 2 2 0
12 82861 56679 0 4 0
12 82861 56679 1 1 0
12 82861 56679 2 2 0
12 82861 21833 0 2 0
12 82861 21833 1 3 0
12 82861 21833 2 4 0
12 82861 34861 0 2 0
12 82861 34861 1 3 0
12 82861 34861 2 4 0
12 82861 81837 0 2 0
12 82861 81837 1 3 0
12 82861 81837 2 4 0
12 82861 35061 0 2 0
12 82861 35061 1 3 0
12 82861 35061 2 4 0
12 82861 13317 0 2 0
12 82861 13317 1 3 0
12 82861 13317 2 4 0
12 82861 32653 0 2 0
12 82861 32653 1 3 0
12 82861 32653 2 4 0
12 82861 35891 0 4 0
12 82861 35891 1 1 0
12 82861 35891 2 2 0
12 82861 9471 0 4 0
12 82861 9471 1 1 0
12 82861 9471 2 2 0
12 82861 47101 0 2 0
12 82861 47101 1 3 0
12 82861 47101 2 4 0
12 82861 41525 0 2 0
12 82861 41525 1 3 0
12 82861 41525 2 4 0
12 82861 75031 0 4 0
12 82861 75031 1 1 0
12 82861 75031 2 2 0
12 82861 30133 0 2 0
12 82861 30133 1 3 0
12 82861 30133 2 4 0
12 82861 77867 0 4 0
12 82861 77867 1 1 0
12 82861 77867 2 2 0
12 82861 32893 0 2 0
12 82861 32893 1 3 0
12 82861 32893 2 4 0
12 82861 80057 0 2 0
12 82861 80057 1 3 0
12 82861 80057 2 4 0
12 82861 6177 0 2 0
12 82861 6177 1 3 0
12 82861 6177 2 4 0
12 82861 18279 0 4 0
12 82861 18279 1 1 0
12 82861 18279 2 2 0
12 82861 27267 0 4 0
12 82861 27267 1 1 0
12 82861 27267 2 2 0
12 82861 77949 0 2 0
12 82861 77949 1 3 0
12 82861 77949 2 4 0
12 82861 50115 0 4 0
12 82861 50115 1 1 0
12 82861 50115 2 2 0
12 82861 23003 0 4 0
12 82861 23003 1 1 0
12 82861 23003 2 2 0
12 82861 70815 0 4 0
12 82861 70815 1 1 0
12 82861 70815 2 2 0
12 82861 58175 0 4 0
12 82861 58175 1 1 0
12 82861 58175 2 2 0
12 82861 44703 0 4 0
12 82861 44703 1 1 0
12 82861 44703 2 2 0
12 82861 10071 0 4 0
12 82861 10071 1 1 0
12 82861 10071 2 2 0
12 82861 22403 0 4 0
12 82861 22403 1 1 0
12 82861 22403 2 2 0
12 82861 61193 0 2 0
12 82861 61193 1 3 0
12 82861 61193 2 4 0
12 82861 35121 0 2 0
12 82861 35121 1 3 0
12 82861 35121 2 4 0
12 82861 22807 0 4 0
12 82861 22807 1 1 0
12 82861 22807 2 2 0
12 82861 55749 0 2 0
12 82861 55749 1 3 0
12 82861 55749 2 4 0
12 82861 37987 0 4 0
12 82861 37987 1 1 0
12 82861 37987 2 2 0
12 82861 56601 0 2 0
12 82861 56601 1 3 0
12 82861 56601 2 4 0
12 82861 48803 0 4 0
12 82861 48803 1 1 0
12 82861 48803 2 2 0
12 82861 46369 0 2 0
12 82861 46369 1 3 0
12 82861 46369 2 4 0
12 82861 32237 0 2 0
12 82861 32237 1 3 0
12 82861 32237 2 4 0
12 82861 78607 0 4 0
12 82861 78607 1 1 0
12 82861 78607 2 2 0
12 82861 71329 0 2 0
12 82861 71329 1 3 0
12 82861 71329 2 4 0
12 82861 52843 0 4 0
12 82861 52843 1 1 0
12 82861 52843 2 2 0
12 82861 6323 0 4 0
12 82861 6323 1 1 0
12 82861 6323 2 2 0
12 82861 2327 0 4 0
12 82861 2327 1 1 0
12 82861 2327 2 2 0
12 82861 11633 0 2 0
12 82861 11633 1 3 0
12 82861 11633 2 4 0
12 82861 32945 0 2 0
12 82861 32945 1 3 0
12 82861 32945 2 4 0
12 82861 44297 0 2 0
12 82861 44297 1 3 0
12 82861 44297 2 4 0
12 82861 32189 0 2 0
12 82861 32189 1 3 0
12 82861 32189 2 4 0
12 82861 69121 0 2 0
12 82861 69121 1 3 0
12 82861 69121 2 4 0
12 82861 5829 0 2 0
12 82861 5829 1 3 0
12 82861 5829 2 4 0
12 82861 38695 0 4 0
12 82861 38695 1 1 0
12 82861 38695 2 2 0
12 82861 21427 0 4 0
12 82861 21427 1 1 0
12 82861 21427 2 2 0
12 82861 57247 0 4 0
12 82861 57247 1 1 0
12 82861 57247 2 2 0
12 82861 24013 0 2 0
12 82861 24013 1 3 0
12 82861 24013 2 4 0
12 82861 13223 0 4 0
12 82861 13223 1 1 0
12 82861 13223 2 2 0
12 82861 13173 0 2 0
12 82861 13173 1 3 0
12 82861 13173 2 4 0
12 82861 13803 0 4 0
12 82861 13803 1 1 0
12 82861 13803 2 2 0
12 82861 20977 0 2 0
12 82861 20977 1 3 0
12 82861 20977 2 4 0
12 82861 52459 0 4 0
12 82861 52459 1 1 0
12 82861 52459 2 2 0
12 82861 68331 0 4 0
12 82861 68331 1 1 0
12 82861 68331 2 2 0
12 82861 69093 0 2 0
12 82861 69093 1 3 0
12 82861 69093 2 4 0
12 82861 62583 0 4 0
12 82861 62583 1 1 0
12 82861 62583 2 2 0
12 82861 35135 0 4 0
12 82861 35135 1 1 0
12 82861 35135 2 2 0
12 82861 47119 0 4 0
12 82861 47119 1 1 0
12 82861 47119 2 2 0
12 82861 68905 0 2 0
12 82861 68905 1 3 0
12 82861 68905 2 4 0
12 82861 60289 0 2 0
12 82861 60289 1 3 0
12 82861 60289 2 4 0
12 82861 10435 0 4 0
12 82861 10435 1 1 0
12 82861 10435 2 2 0
12 82861 61007 0 4 0
12 82861 61007 1 1 0
12 82861 61007 2 2 0
12 82861 37083 0 4 0
12 82861 37083 1 1 0
12 82861 37083 2 2 0
12 82861 47717 0 2 0
12 82861 47717 1 3 0
12 82861 47717 2 4 0
12 82861 51933 0 2 0
12 82861 51933 1 3 0
12 82861 51933 2 4 0
12 82861 4809 0 2 0
12 82861 4809 1 3 0
12 82861 4809 2 4 0
12 82861 80727 0 4 0
12 82861 80727 1 1 0
12 82861 80727 2 2 0
12 82861 4131 0 4 0
12 82861 4131 1 1 0
12 82861 4131 2 2 0
12 82861 47853 0 2 0
12 82861 47853 1 3 0
12 82861 47853 2 4 0
12 82861 18365 0 2 0
12 82861 18365 1 3 0
12 82861 18365 2 4 0
12 82861 44111 0 4 0
12 82861 44111 1 1 0
12 82861 44111 2 2 0
12 82861 49253 0 2 0
12 82861 49253 1 3 0
12 82861 49253 2 4 0
12 82861 40161 0 2 0
12 82861 40161 1 3 0
12 82861 40161 2 4 0
12 82861 7881 0 2 0
12 82861 7881 1 3 0
12 82861 7881 2 4 0
12 82861 59819 0 4 0
12 82861 59819 1 1 0
12 82861 59819 2 2 0
12 82861 28955 0 4 0
12 82861 28955 1 1 0
12 82861 28955 2 2 0
12 82861 10049 0 2 0
12 82861 10049 1 3 0
12 82861 10049 2 4 0
12 82861 31769 0 2 0
12 82861 31769 1 3 0
12 82861 31769 2 4 0
12 82861 67439 0 4 0
12 82861 67439 1 1 0
12 82861 67439 2 2 0
12 82861 14365 0 2 0
12 82861 14365 1 3 0
12 82861 14365 2 4 0
12 82861 81117 0 2 0
12 82861 81117 1 3 0
12 82861 81117 2 4 0
12 82861 39633 0 2 0
12 82861 39633 1 3 0
12 82861 39633 2 4 0
12 82861 20451 0 4 0
12 82861 20451 1 1 0
12 82861 20451 2 2 0
12 82861 41607 0 4 0
12 82861 41607 1 1 0
12 82861 41607 2 2 0
12 82861 49383 0 4 0
12 82861 49383 1 1 0
12 82861 49383 2 2 0
12 82861 38365 0 2 0
12 82861 38365 1 3 0
12 82861 38365 2 4 0
12 82861 73915 0 4 0
12 82861 73915 1 1 0
12 82861 73915 2 2 0
12 82861 53249 0 2 0
12 82861 53249 1 3 0
12 82861 53249 2 4 0
12 82861 78939 0 4 0
12 82861 78939 1 1 0
12 82861 78939 2 2 0
12 82861 32919 0 4 0
12 82861 32919 1 1 0
12 82861 32919 2 2 0
12 82861 75901 0 2 0
12 82861 75901 1 3 0
12 82861 75901 2 4 0
12 82861 70313 0 2 0
12 82861 70313 1 3 0
12 82861 70313 2 4 0
12 82861 61561 0 2 0
12 82861 61561 1 3 0
12 82861 61561 2 4 0
12 82861 2351 0 4 0
12 82861 2351 1 1 0
12 82861 2351 2 2 0
12 82861 4913 0 2 0
12 82861 4913 1 3 0
12 82861 4913 2 4 0
12 82861 78047 0 4 0
12 82861 78047 1 1 0
12 82861 78047 2 2 0
12 82861 75489 0 2 0
12 82861 75489 1 3 0
12 82861 75489 2 4 0
12 82861 33363 0 4 0
12 82861 33363 1 1 0
12 82861 33363 2 2 0
12 82861 28861 0 2 0
12 82861 28861 1 3 0
12 82861 28861 2 4 0
12 82861 66069 0 2 0
12 82861 66069 1 3 0
12 82861 66069 2 4 0
12 82861 16987 0 4 0
12 82861 16987 1 1 0
12 82861 16987 2 2 0
12 82861 4661 0 2 0
12 82861 4661 1 3 0
12 82861 4661 2 4 0
12 82861 11375 0 4 0
12 82861 11375 1 1 0
12 82861 11375 2 2 0
12 82861 43187 0 4 0
12 82861 43187 1 1 0
12 82861 43187 2 2 0
12 82861 32289 0 2 0
12 82861 32289 1 3 0
12 82861 32289 2 4 0
12 82861 11105 0 2 0
12 82861 11105 1 3 0
12 82861 11105 2 4 0
12 82861 79197 0 2 0
12 82861 79197 1 3 0
12 82861 79197 2 4 0
12 82861 54983 0 4 0
12 82861 54983 1 1 0
12 82861 54983 2 2 0
12 82861 37311 0 4 0
12 82861 37311 1 1 0
12 82861 37311 2 2 0
12 82861 41385 0 2 0
12 82861 41385 1 3 0
12 82861 41385 2 4 0
12 82861 20839 0 4 0
12 82861 20839 1 1 0
12 82861 20839 2 2 0
12 82861 15839 0 4 0
12 82861 15839 1 1 0
12 82861 15839 2 2 0
12 82861 81393 0 2 0
12 82861 81393 1 3 0
12 82861 81393 2 4 0
12 82861 59541 0 2 0
12 82861 59541 1 3 0
12 82861 59541 2 4 0
12 82861 75379 0 4 0
12 82861 75379 1 1 0
12 82861 75379 2 2 0
12 82861 8875 0 4 0
12 82861 8875 1 1 0
12 82861 8875 2 2 0
12 82861 21827 0 4 0
12 82861 21827 1 1 0
12 82861 21827 2 2 0
12 82861 70467 0 4 0
12 82861 70467 1 1 0
12 82861 70467 2 2 0
12 82861 3265 0 2 0
12 82861 3265 1 3 0
12 82861 3265 2 4 0
12 82861 6299 0 4 0
12 82861 6299 1 1 0
12 82861 6299 2 2 0
12 82861 13895 0 4 0
12 82861 13895 1 1 0
12 82861 13895 2 2 0
12 82861 19437 0 2 0
12 82861 19437 1 3 0
12 82861 19437 2 4 0
12 82861 46223 0 4 0
12 82861 46223 1 1 0
12 82861 46223 2 2 0
12 82861 9441 0 2 0
12 82861 9441 1 3 0
12 82861 9441 2 4 0
12 82861 71259 0 4 0
12 82861 71259 1 1 0
12 82861 71259 2 2 0
12 82861 77149 0 2 0
12 82861 77149 1 3 0
12 82861 77149 2 4 0
12 82861 56049 0 2 0
12 82861 56049 1 3 0
12 82861 56049 2 4 0
12 82861 8229 0 2 0
12 82861 8229 1 3 0
12 82861 8229 2 4 0
12 82861 29137 0 2 0
12 82861 29137 1 3 0
12 82861 29137 2 4 0
12 82861 28941 0 2 0
12 82861 28941 1 3 0
12 82861 28941 2 4 0
12 82861 37187 0 4 0
12 82861 37187 1 1 0
12 82861 37187 2 2 0
12 82861 3769 0 2 0
12 82861 3769 1 3 0
12 82861 3769 2 4 0
12 82861 77937 0 2 0
12 82861 77937 1 3 0
12 82861 77937 2 4 0
12 82861 76245 0 2 0
12 82861 76245 1 3 0
12 82861 76245 2 4 0
13 82861 72399 0 4 0
13 82861 72399 1 1 0
13 82861 72399 2 2 0
13 82861 23123 0 4 0
13 82861 23123 1 1 0
13 82861 23123 2 2 0
13 82861 69529 0 2 0
13 82861 69529 1 3 0
13 82861 69529 2 4 0
13 82861 46915 0 4 0
13 82861 46915 1 1 0
13 82861 46915 2 2 0
13 82861 71719 0 4 0
13 82861 71719 1 1 0
13 82861 71719 2 2 0
13 82861 6091 0 4 0
13 82861 6091 1 1 0
13 82861 6091 2 2 0
13 82861 26083 0 4 0
13 82861 26083 1 1 0
13 82861 26083 2 2 0
13 82861 12909 0 2 0
13 82861 12909 1 3 0
13 82861 12909 2 4 0
13 82861 62903 0 4 0
13 82861 62903 1 1 0
13 82861 62903 2 2 0
13 82861 75503 0 4 0
13 82861 75503 1 1 0
13 82861 75503 2 2 0
13 82861 13875 0 4 0
13 82861 13875 1 1 0
13 82861 13875 2 2 0
13 82861 57191 0 4 0
13 82861 57191 1 1 0
13 82861 57191 2 2 0
13 82861 11607 0 4 0
13 82861 11607 1 1 0
13 82861 11607 2 2 0
13 82861 49643 0 4 0
13 82861 49643 1 1 0
13 82861 49643 2 2 0
13 82861 76591 0 4 0
13 82861 76591 1 1 0
13 82861 76591 2 2 0
13 82861 57949 0 2 0
13 82861 57949 1 3 0
13 82861 57949 2 4 0
13 82861 78349 0 2 0
13 82861 78349 1 3 0
13 82861 78349 2 4 0
13 82861 8909 0 2 0
13 82861 8909 1 3 0
13 82861 8909 2 4 0
13 82861 73281 0 2 0
13 82861 73281 1 3 0
13 82861 73281 2 4 0
13 82861 62917 0 2 0
13 82861 62917 1 3 0
13 82861 62917 2 4 0
13 82861 44793 0 2 0
13 82861 44793 1 3 0
13 82861 44793 2 4 0
13 82861 6441 0 2 0
13 82861 6441 1 3 0
13 82861 6441 2 4 0
13 82861 60185 0 2 0
13 82861 60185 1 3 0
13 82861 60185 2 4 0
13 82861 27671 0 4 0
13 82861 27671 1 1 0
13 82861 27671 2 2 0
13 82861 32777 0 2 0
13 82861 32777 1 3 0
13 82861 32777 2 4 0
13 82861 23243 0 4 0
13 82861 23243 1 1 0
13 82861 23243 2 2 0
13 82861 21577 0 2 0
13 82861 21577 1 3 0
13 82861 21577 2 4 0
13 82861 31649 0 2 0
13 82861 31649 1 3 0
13 82861 31649 2 4 0
13 82861 22515 0 4 0
13 82861 22515 1 1 0
13 82861 22515 2 2 0
13 82861 39609 0 2 0
13 82861 39609 1 3 0
13 82861 39609 2 4 0
13 82861 15303 0 4 0
13 82861 15303 1 1 0
13 82861 15303 2 2 0
13 82861 52409 0 2 0
13 82861 52409 1 3 0
13 82861 52409 2 4 0
13 82861 74383 0 4 0
13 82861 74383 1 1 0
13 82861 74383 2 2 0
13 82861 59255 0 4 0
13 82861 59255 1 1 0
13 82861 59255 2 2 0
13 82861 78759 0 4 0
13 82861 78759 1 1 0
13 82861 78759 2 2 0
13 82861 13125 0 2 0
13 82861 13125 1 3 0
13 82861 13125 2 4 0
13 82861 46531 0 4 0
13 82861 46531 1 1 0
13 82861 46531 2 2 0
13 82861 53119 0 4 0
13 82861 53119 1 1 0
13 82861 53119 2 2 0
13 82861 1643 0 4 0
13 82861 1643 1 1 0
13 82861 1643 2 2 0
13 82861 79245 0 2 0
13 82861 79245 1 3 0
13 82861 79245 2 4 0
13 82861 39163 0 4 0
13 82861 39163 1 1 0
13 82861 39163 2 2 0
13 82861 47983 0 4 0
13 82861 47983 1 1 0
13 82861 47983 2 2 0
13 82861 44901 0 2 0
13 82861 44901 1 3 0
13 82861 44901 2 4 0
13 82861 66391 0 4 0
13 82861 66391 1 1 0
13 82861 66391 2 2 0
13 82861 79463 0 4 0
13 82861 79463 1 1 0
13 82861 79463 2 2 0
13 82861 69619 0 4 0
13 82861 69619 1 1 0
13 82861 69619 2 2 0
13 82861 7565 0 2 0
13 82861 7565 1 3 0
13 82861 7565 2 4 0
13 82861 60757 0 2 0
13 82861 60757 1 3 0
13 82861 60757 2 4 0
13 82861 64125 0 2 0
13 82861 64125 1 3 0
13 82861 64125 2 4 0
13 82861 74827 0 4 0
13 82861 74827 1 1 0
13 82861 74827 2 2 0
13 82861 53441 0 2 0
13 82861 53441 1 3 0
13 82861 53441 2 4 0
13 82861 60977 0 2 0
13 82861 60977 1 3 0
13 82861 60977 2 4 0
13 82861 35843 0 4 0
13 82861 35843 1 1 0
13 82861 35843 2 2 0
13 82861 23059 0 4 0
13 82861 23059 1 1 0
13 82861 23059 2 2 0
13 82861 36319 0 4 0
13 82861 36319 1 1 0
13 82861 36319 2 2 0
13 82861 8517 0 2 0
13 82861 8517 1 3 0
13 82861 8517 2 4 0
13 82861 40075 0 4 0
13 82861 40075 1 1 0
13 82861 40075 2 2 0
13 82861 33391 0 4 0
13 82861 33391 1 1 0
13 82861 33391 2 2 0
13 82861 19551 0 4 0
13 82861 19551 1 1 0
13 82861 19551 2 2 0
13 82861 19335 0 4 0
13 82861 19335 1 1 0
13 82861 19335 2 2 0
13 82861 66533 0 2 0
13 82861 66533 1 3 0
13 82861 66533 2 4 0
13 82861 3357 0 2 0
13 82861 3357 1 3 0
13 82861 3357 2 4 0
13 82861 21563 0 4 0
13 82861 21563 1 1 0
13 82861 21563 2 2 0
13 82861 13015 0 4 0
13 82861 13015 1 1 0
13 82861 13015 2 2 0
13 82861 33481 0 2 0
13 82861 33481 1 3 0
13 82861 33481 2 4 0
13 82861 59639 0 4 0
13 82861 59639 1 1 0
13 82861 59639 2 2 0
13 82861 79909 0 2 0
13 82861 79909 1 3 0
13 82861 79909 2 4 0
13 82861 30255 0 4 0
13 82861 30255 1 1 0
13 82861 30255 2 2 0
13 82861 72675 0 4 0
13 82861 72675 1 1 0
13 82861 72675 2 2 0
13 82861 81761 0 2 0
13 82861 81761 1 3 0
13 82861 81761 2 4 0
13 82861 40967 0 4 0
13 82861 40967 1 1 0
13 82861 40967 2 2 0
13 82861 35367 0 4 0
13 82861 35367 1 1 0
13 82861 35367 2 2 0
13 82861 8253 0 2 0
13 82861 8253 1 3 0
13 82861 8253 2 4 0
13 82861 70579 0 4 0
13 82861 70579 1 1 0
13 82861 70579 2 2 0
13 82861 715 0 4 0
13 82861 715 1 1 0
13 82861 715 2 2 0
13 82861 9341 0 2 0
13 82861 9341 1 3 0
13 82861 9341 2 4 0
13 82861 8275 0 4 0
13 82861 8275 1 1 0
13 82861 8275 2 2 0
13 82861 16869 0 2 0
13 82861 16869 1 3 0
13 82861 16869 2 4 0
13 82861 64075 0 4 0
13 82861 64075 1 1 0
13 82861 64075 2 2 0
13 82861 11239 0 4 0
13 82861 11239 1 1 0
13 82861 11239 2 2 0
13 82861 15113 0 2 0
13 82861 15113 1 3 0
13 82861 15113 2 4 0
13 82861 67361 0 2 0
13 82861 67361 1 3 0
13 82861 67361 2 4 0
13 82861 79053 0 2 0
13 82861 79053 1 3 0
13 82861 79053 2 4 0
13 82861 31953 0 2 0
13 82861 31953 1 3 0
13 82861 31953 2 4 0
13 82861 23063 0 4 0
13 82861 23063 1 1 0
13 82861 23063 2 2 0
13 82861 19103 0 4 0
13 82861 19103 1 1 0
13 82861 19103 2 2 0
13 82861 51649 0 2 0
13 82861 51649 1 3 0
13 82861 51649 2 4 0
13 82861 15751 0 4 0
13 82861 15751 1 1 0
13 82861 15751 2 2 0
13 82861 5353 0 2 0
13 82861 5353 1 3 0
13 82861 5353 2 4 0
13 82861 12697 0 2 0
13 82861 12697 1 3 0
13 82861 12697 2 4 0
13 82861 1625 0 2 0
13 82861 1625 1 3 0
13 82861 1625 2 4 0
13 82861 67839 0 4 0
13 82861 67839 1 1 0
13 82861 67839 2 2 0
13 82861 20983 0 4 0
13 82861 20983 1 1 0
13 82861 20983 2 2 0
13 82861 47903 0 4 0
13 82861 47903 1 1 0
13 82861 47903 2 2 0
13 82861 48267 0 4 0
13 82861 48267 1 1 0
13 82861 48267 2 2 0
13 82861 67717 0 2 0
13 82861 67717 1 3 0
13 82861 67717 2 4 0
13 82861 1093 0 2 0
13 82861 1093 1 3 0
13 82861 1093 2 4 0
13 82861 3409 0 2 0
13 82861 3409 1 3 0
13 82861 3409 2 4 0
13 82861 59147 0 4 0
13 82861 59147 1 1 0
13 82861 59147 2 2 0
13 82861 67217 0 2 0
13 82861 67217 1 3 0
13 82861 67217 2 4 0
13 82861 58861 0 2 0
13 82861 58861 1 3 0
13 82861 58861 2 4 0
13 82861 14601 0 2 0
13 82861 14601 1 3 0
13 82861 14601 2 4 0
13 82861 37475 0 4 0
13 82861 37475 1 1 0
13 82861 37475 2 2 0
13 82861 55501 0 2 0
13 82861 55501 1 3 0
13 82861 55501 2 4 0
13 82861 47861 0 2 0
13 82861 47861 1 3 0
13 82861 47861 2 4 0
13 82861 76173 0 2 0
13 82861 76173 1 3 0
13 82861 76173 2 4 0
13 82861 74015 0 4 0
13 82861 74015 1 1 0
13 82861 74015 2 2 0
13 82861 74907 0 4 0
13 82861 74907 1 1 0
13 82861 74907 2 2 0
13 82861 47613 0 2 0
13 82861 47613 1 3 0
13 82861 47613 2 4 0
13 82861 27331 0 4 0
13 82861 27331 1 1 0
13 82861 27331 2 2 0
13 82861 27157 0 2 0
13 82861 27157 1 3 0
13 82861 27157 2 4 0
13 82861 2075 0 4 0
13 82861 2075 1 1 0
13 82861 2075 2 2 0
13 82861 24989 0 2 0
13 82861 24989 1 3 0
13 82861 24989 2 4 0
13 82861 68621 0 2 0
13 82861 68621 1 3 0
13 82861 68621 2 4 0
13 82861 69381 0 2 0
13 82861 69381 1 3 0
13 82861 69381 2 4 0
13 82861 56019 0 4 0
13 82861 56019 1 1 0
13 82861 56019 2 2 0
13 82861 67391 0 4 0
13 82861 67391 1 1 0
13 82861 67391 2 2 0
13 82861 51977 0 2 0
13 82861 51977 1 3 0
13 82861 51977 2 4 0
13 82861 51161 0 2 0
13 82861 51161 1 3 0
13 82861 51161 2 4 0
13 82861 36557 0 2 0
13 82861 36557 1 3 0
13 82861 36557 2 4 0
13 82861 71669 0 2 0
13 82861 71669 1 3 0
13 82861 71669 2 4 0
13 82861 28947 0 4 0
13 82861 28947 1 1 0
13 82861 28947 2 2 0
13 82861 54595 0 4 0
13 82861 54595 1 1 0
13 82861 54595 2 2 0
13 82861 80691 0 4 0
13 82861 80691 1 1 0
13 82861 80691 2 2 0
13 82861 43183 0 4 0
13 82861 43183 1 1 0
13 82861 43183 2 2 0
13 82861 66851 0 4 0
13 82861 66851 1 1 0
13 82861 66851 2 2 0
13 82861 60365 0 2 0
13 82861 60365 1 3 0
13 82861 60365 2 4 0
13 82861 19889 0 2 0
13 82861 19889 1 3 0
13 82861 19889 2 4 0
13 82861 33581 0 2 0
13 82861 33581 1 3 0
13 82861 33581 2 4 0
13 82861 44571 0 4 0
13 82861 44571 1 1 0
13 82861 44571 2 2 0
13 82861 29977 0 2 0
13 82861 29977 1 3 0
13 82861 29977 2 4 0
13 82861 40087 0 4 0
13 82861 40087 1 1 0
13 82861 40087 2 2 0
13 82861 29043 0 4 0
13 82861 29043 1 1 0
13 82861 29043 2 2 0
13 82861 28097 0 2 0
13 82861 28097 1 3 0
13 82861 28097 2 4 0
13 82861 27269 0 2 0
13 82861 27269 1 3 0
13 82861 27269 2 4 0
13 82861 59575 0 4 0
13 82861 59575 1 1 0
13 82861 59575 2 2 0
13 82861 59867 0 4 0
13 82861 59867 1 1 0
13 82861 59867 2 2 0
13 82861 73819 0 4 0
13 82861 73819 1 1 0
13 82861 73819 2 2 0
13 82861 77155 0 4 0
13 82861 77155 1 1 0
13 82861 77155 2 2 0
13 82861 63305 0 2 0
13 82861 63305 1 3 0
13 82861 63305 2 4 0
13 82861 23753 0 2 0
13 82861 23753 1 3 0
13 82861 23753 2 4 0
13 82861 47463 0 4 0
13 82861 47463 1 1 0
13 82861 47463 2 2 0
13 82861 53347 0 4 0
13 82861 53347 1 1 0
13 82861 53347 2 2 0
13 82861 13897 0 2 0
13 82861 13897 1 3 0
13 82861 13897 2 4 0
13 82861 60627 0 4 0
13 82861 60627 1 1 0
13 82861 60627 2 2 0
13 82861 33791 0 4 0
13 82861 33791 1 1 0
13 82861 33791 2 2 0
13 82861 63105 0 2 0
13 82861 63105 1 3 0
13 82861 63105 2 4 0
13 82861 28217 0 2 0
13 82861 28217 1 3 0
13 82861 28217 2 4 0
13 82861 38839 0 4 0
13 82861 38839 1 1 0
13 82861 38839 2 2 0
13 82861 67667 0 4 0
13 82861 67667 1 1 0
13 82861 67667 2 2 0
13 82861 15049 0 2 0
13 82861 15049 1 3 0
13 82861 15049 2 4 0
13 82861 23555 0 4 0
13 82861 23555 1 1 0
13 82861 23555 2 2 0
13 82861 15007 0 4 0
13 82861 15007 1 1 0
13 82861 15007 2 2 0
13 82861 12419 0 4 0
13 82861 12419 1 1 0
13 82861 12419 2 2 0
13 82861 29187 0 4 0
13 82861 29187 1 1 0
13 82861 29187 2 2 0
13 82861 79639 0 4 0
13 82861 79639 1 1 0
13 82861 79639 2 2 0
13 82861 14531 0 4 0
13 82861 14531 1 1 0
13 82861 14531 2 2 0
13 82861 64117 0 2 0
13 82861 64117 1 3 0
13 82861 64117 2 4 0
13 82861 22647 0 4 0
13 82861 22647 1 1 0
13 82861 22647 2 2 0
13 82861 66727 0 4 0
13 82861 66727 1 1 0
13 82861 66727 2 2 0
13 82861 42771 0 4 0
13 82861 42771 1 1 0
13 82861 42771 2 2 0
13 82861 75939 0 4 0
13 82861 75939 1 1 0
13 82861 75939 2 2 0
13 82861 69965 0 2 0
13 82861 69965 1 3 0
13 82861 69965 2 4 0
13 82861 12719 0 4 0
13 82861 12719 1 1 0
13 82861 12719 2 2 0
13 82861 58647 0 4 0
13 82861 58647 1 1 0
13 82861 58647 2 2 0
13 82861 69709 0 2 0
13 82861 69709 1 3 0
13 82861 69709 2 4 0
13 82861 42027 0 4 0
13 82861 42027 1 1 0
13 82861 42027 2 2 0
13 82861 43079 0 4 0
13 82861 43079 1 1 0
13 82861 43079 2 2 0
13 82861 75927 0 4 0
13 82861 75927 1 1 0
13 82861 75927 2 2 0
13 82861 50409 0 2 0
13 82861 50409 1 3 0
13 82861 50409 2 4 0
13 82861 37161 0 2 0
13 82861 37161 1 3 0
13 82861 37161 2 4 0
13 82861 3579 0 4 0
13 82861 3579 1 1 0
13 82861 3579 2 2 0
13 82861 7521 0 2 0
13 82861 7521 1 3 0
13 82861 7521 2 4 0
13 82861 14617 0 2 0
13 82861 14617 1 3 0
13 82861 14617 2 4 0
13 82861 56413 0 2 0
13 82861 56413 1 3 0
13 82861 56413 2 4 0
13 82861 55543 0 4 0
13 82861 55543 1 1 0
13 82861 55543 2 2 0
13 82861 73707 0 4 0
13 82861 73707 1 1 0
13 82861 73707 2 2 0
13 82861 76321 0 2 0
13 82861 76321 1 3 0
13 82861 76321 2 4 0
13 82861 51901 0 2 0
13 82861 51901 1 3 0
13 82861 51901 2 4 0
13 82861 42763 0 4 0
13 82861 42763 1 1 0
13 82861 42763 2 2 0
13 82861 64011 0 4 0
13 82861 64011 1 1 0
13 82861 64011 2 2 0
13 82861 8035 0 4 0
13 82861 8035 1 1 0
13 82861 8035 2 2 0
13 82861 43525 0 2 0
13 82861 43525 1 3 0
13 82861 43525 2 4 0
13 82861 19667 0 4 0
13 82861 19667 1 1 0
13 82861 19667 2 2 0
13 82861 13589 0 2 0
13 82861 13589 1 3 0
13 82861 13589 2 4 0
13 82861 38799 0 4 0
13 82861 38799 1 1 0
13 82861 38799 2 2 0
13 82861 23635 0 4 0
13 82861 23635 1 1 0
13 82861 23635 2 2 0
13 82861 42467 0 4 0
13 82861 42467 1 1 0
13 82861 42467 2 2 0
13 82861 36759 0 4 0
13 82861 36759 1 1 0
13 82861 36759 2 2 0
13 82861 21623 0 4 0
13 82861 21623 1 1 0
13 82861 21623 2 2 0
13 82861 31147 0 4 0
13 82861 31147 1 1 0
13 82861 31147 2 2 0
13 82861 52399 0 4 0
13 82861 52399 1 1 0
13 82861 52399 2 2 0
13 82861 3655 0 4 0
13 82861 3655 1 1 0
13 82861 3655 2 2 0
13 82861 68909 0 2 0
13 82861 68909 1 3 0
13 82861 68909 2 4 0
13 82861 46599 0 4 0
13 82861 46599 1 1 0
13 82861 46599 2 2 0
13 82861 29945 0 2 0
13 82861 29945 1 3 0
13 82861 29945 2 4 0
13 82861 63259 0 4 0
13 82861 63259 1 1 0
13 82861 63259 2 2 0
13 82861 51079 0 4 0
13 82861 51079 1 1 0
13 82861 51079 2 2 0
13 82861 1895 0 4 0
13 82861 1895 1 1 0
13 82861 1895 2 2 0
13 82861 51823 0 4 0
13 82861 51823 1 1 0
13 82861 51823 2 2 0
13 82861 39035 0 4 0
13 82861 39035 1 1 0
13 82861 39035 2 2 0
13 82861 65681 0 2 0
13 82861 65681 1 3 0
13 82861 65681 2 4 0
13 82861 81513 0 2 0
13 82861 81513 1 3 0
13 82861 81513 2 4 0
13 82861 6051 0 4 0
13 82861 6051 1 1 0
13 82861 6051 2 2 0
13 82861 53383 0 4 0
13 82861 53383 1 1 0
13 82861 53383 2 2 0
13 82861 46539 0 4 0
13 82861 46539 1 1 0
13 82861 46539 2 2 0
13 82861 4361 0 2 0
13 82861 4361 1 3 0
13 82861 4361 2 4 0
13 82861 29573 0 2 0
13 82861 29573 1 3 0
13 82861 29573 2 4 0
13 82861 74473 0 2 0
13 82861 74473 1 3 0
13 82861 74473 2 4 0
13 82861 61679 0 4 0
13 82861 61679 1 1 0
13 82861 61679 2 2 0
13 82861 65757 0 2 0
13 82861 65757 1 3 0
13 82861 65757 2 4 0
13 82861 6251 0 4 0
13 82861 6251 1 1 0
13 82861 6251 2 2 0
13 82861 74361 0 2 0
13 82861 74361 1 3 0
13 82861 74361 2 4 0
13 82861 4657 0 2 0
13 82861 4657 1 3 0
13 82861 4657 2 4 0
13 82861 29003 0 4 0
13 82861 29003 1 1 0
13 82861 29003 2 2 0
13 82861 76269 0 2 0
13 82861 76269 1 3 0
13 82861 76269 2 4 0
13 82861 27981 0 2 0
13 82861 27981 1 3 0
13 82861 27981 2 4 0
13 82861 16649 0 2 0
13 82861 16649 1 3 0
13 82861 16649 2 4 0
13 82861 74875 0 4 0
13 82861 74875 1 1 0
13 82861 74875 2 2 0
13 82861 59991 0 4 0
13 82861 59991 1 1 0
13 82861 59991 2 2 0
13 82861 62473 0 2 0
13 82861 62473 1 3 0
13 82861 62473 2 4 0
13 82861 59351 0 4 0
13 82861 59351 1 1 0
13 82861 59351 2 2 0
13 82861 493 0 2 0
13 82861 493 1 3 0
13 82861 493 2 4 0
13 82861 10309 0 2 0
13 82861 10309 1 3 0
13 82861 10309 2 4 0
13 82861 80965 0 2 0
13 82861 80965 1 3 0
13 82861 80965 2 4 0
13 82861 64645 0 2 0
13 82861 64645 1 3 0
13 82861 64645 2 4 0
13 82861 55319 0 4 0
13 82861 55319 1 1 0
13 82861 55319 2 2 0
13 82861 23649 0 2 0
13 82861 23649 1 3 0
13 82861 23649 2 4 0
13 82861 37539 0 4 0
13 82861 37539 1 1 0
13 82861 37539 2 2 0
13 82861 4447 0 4 0
13 82861 4447 1 1 0
13 82861 4447 2 2 0
13 82861 81347 0 4 0
13 82861 81347 1 1 0
13 82861 81347 2 2 0
13 82861 26449 0 2 0
13 82861 26449 1 3 0
13 82861 26449 2 4 0
13 82861 32887 0 4 0
13 82861 32887 1 1 0
13 82861 32887 2 2 0
13 82861 80859 0 4 0
13 82861 80859 1 1 0
13 82861 80859 2 2 0
13 82861 4487 0 4 0
13 82861 4487 1 1 0
13 82861 4487 2 2 0
13 82861 54993 0 2 0
13 82861 54993 1 3 0
13 82861 54993 2 4 0
13 82861 35775 0 4 0
13 82861 35775 1 1 0
13 82861 35775 2 2 0
13 82861 62687 0 4 0
13 82861 62687 1 1 0
13 82861 62687 2 2 0
13 82861 62039 0 4 0
13 82861 62039 1 1 0
13 82861 62039 2 2 0
13 82861 65813 0 2 0
13 82861 65813 1 3 0
13 82861 65813 2 4 0
13 82861 19721 0 2 0
13 82861 19721 1 3 0
13 82861 19721 2 4 0
13 82861 54639 0 4 0
13 82861 54639 1 1 0
13 82861 54639 2 2 0
13 82861 15671 0 4 0
13 82861 15671 1 1 0
13 82861 15671 2 2 0
13 82861 36485 0 2 0
13 82861 36485 1 3 0
13 82861 36485 2 4 0
13 82861 14505 0 2 0
13 82861 14505 1 3 0
13 82861 14505 2 4 0
13 82861 58329 0 2 0
13 82861 58329 1 3 0
13 82861 58329 2 4 0
13 82861 56023 0 4 0
13 82861 56023 1 1 0
13 82861 56023 2 2 0
13 82861 2713 0 2 0
13 82861 2713 1 3 0
13 82861 2713 2 4 0
13 82861 19387 0 4 0
13 82861 19387 1 1 0
13 82861 19387 2 2 0
13 82861 48183 0 4 0
13 82861 48183 1 1 0
13 82861 48183 2 2 0
13 82861 78087 0 4 0
13 82861 78087 1 1 0
13 82861 78087 2 2 0
13 82861 24075 0 4 0
13 82861 24075 1 1 0
13 82861 24075 2 2 0
13 82861 74869 0 2 0
13 82861 74869 1 3 0
13 82861 74869 2 4 0
13 82861 65437 0 2 0
13 82861 65437 1 3 0
13 82861 65437 2 4 0
13 82861 50475 0 4 0
13 82861 50475 1 1 0
13 82861 50475 2 2 0
13 82861 32989 0 2 0
13 82861 32989 1 3 0
13 82861 32989 2 4 0
13 82861 43961 0 2 0
13 82861 43961 1 3 0
13 82861 43961 2 4 0
13 82861 32703 0 4 0
13 82861 32703 1 1 0
13 82861 32703 2 2 0
13 82861 71173 0 2 0
13 82861 71173 1 3 0
13 82861 71173 2 4 0
13 82861 52237 0 2 0
13 82861 52237 1 3 0
13 82861 52237 2 4 0
13 82861 62247 0 4 0
13 82861 62247 1 1 0
13 82861 62247 2 2 0
13 82861 52761 0 2 0
13 82861 52761 1 3 0
13 82861 52761 2 4 0
13 82861 46349 0 2 0
13 82861 46349 1 3 0
13 82861 46349 2 4 0
13 82861 15583 0 4 0
13 82861 15583 1 1 0
13 82861 15583 2 2 0
13 82861 69695 0 4 0
13 82861 69695 1 1 0
13 82861 69695 2 2 0
13 82861 30785 0 2 0
13 82861 30785 1 3 0
13 82861 30785 2 4 0
13 82861 3463 0 4 0
13 82861 3463 1 1 0
13 82861 3463 2 2 0
13 82861 63739 0 4 0
13 82861 63739 1 1 0
13 82861 63739 2 2 0
13 82861 11507 0 4 0
13 82861 11507 1 1 0
13 82861 11507 2 2 0
13 82861 24103 0 4 0
13 82861 24103 1 1 0
13 82861 24103 2 2 0
13 82861 57597 0 2 0
13 82861 57597 1 3 0
13 82861 57597 2 4 0
13 82861 70205 0 2 0
13 82861 70205 1 3 0
13 82861 70205 2 4 0
13 82861 33681 0 2 0
13 82861 33681 1 3 0
13 82861 33681 2 4 0
13 82861 19381 0 2 0
13 82861 19381 1 3 0
13 82861 19381 2 4 0
13 82861 46399 0 4 0
13 82861 46399 1 1 0
13 82861 46399 2 2 0
13 82861 60383 0 4 0
13 82861 60383 1 1 0
13 82861 60383 2 2 0
13 82861 55099 0 4 0
13 82861 55099 1 1 0
13 82861 55099 2 2 0
13 82861 66269 0 2 0
13 82861 66269 1 3 0
13 82861 66269 2 4 0
13 82861 77401 0 2 0
13 82861 77401 1 3 0
13 82861 77401 2 4 0
13 82861 44973 0 2 0
13 82861 44973 1 3 0
13 82861 44973 2 4 0
13 82861 37385 0 2 0
13 82861 37385 1 3 0
13 82861 37385 2 4 0
13 82861 32569 0 2 0
13 82861 32569 1 3 0
13 82861 32569 2 4 0
13 82861 16971 0 4 0
13 82861 16971 1 1 0
13 82861 16971 2 2 0
13 82861 12441 0 2 0
13 82861 12441 1 3 0
13 82861 12441 2 4 0
13 82861 13967 0 4 0
13 82861 13967 1 1 0
13 82861 13967 2 2 0
13 82861 60405 0 2 0
13 82861 60405 1 3 0
13 82861 60405 2 4 0
13 82861 41123 0 4 0
13 82861 41123 1 1 0
13 82861 41123 2 2 0
13 82861 42695 0 4 0
13 82861 42695 1 1 0
13 82861 42695 2 2 0
13 82861 69985 0 2 0
13 82861 69985 1 3 0
13 82861 69985 2 4 0
13 82861 33617 0 2 0
13 82861 33617 1 3 0
13 82861 33617 2 4 0
13 82861 809 0 2 0
13 82861 809 1 3 0
13 82861 809 2 4 0
13 82861 54241 0 2 0
13 82861 54241 1 3 0
13 82861 54241 2 4 0
13 82861 12949 0 2 0
13 82861 12949 1 3 0
13 82861 12949 2 4 0
13 82861 43491 0 4 0
13 82861 43491 1 1 0
13 82861 43491 2 2 0
13 82861 32229 0 2 0
13 82861 32229 1 3 0
13 82861 32229 2 4 0
13 82861 20223 0 4 0
13 82861 20223 1 1 0
13 82861 20223 2 2 0
13 82861 10519 0 4 0
13 82861 10519 1 1 0
13 82861 10519 2 2 0
13 82861 45713 0 2 0
13 82861 45713 1 3 0
13 82861 45713 2 4 0
13 82861 4543 0 4 0
13 82861 4543 1 1 0
13 82861 4543 2 2 0
13 82861 455 0 4 0
13 82861 455 1 1 0
13 82861 455 2 2 0
13 82861 21585 0 2 0
13 82861 21585 1 3 0
13 82861 21585 2 4 0
13 82861 77661 0 2 0
13 82861 77661 1 3 0
13 82861 77661 2 4 0
13 82861 67463 0 4 0
13 82861 67463 1 1 0
13 82861 67463 2 2 0
13 82861 48605 0 2 0
13 82861 48605 1 3 0
13 82861 48605 2 4 0
13 82861 67453 0 2 0
13 82861 67453 1 3 0
13 82861 67453 2 4 0
13 82861 77493 0 2 0
13 82861 77493 1 3 0
13 82861 77493 2 4 0
13 82861 29301 0 2 0
13 82861 29301 1 3 0
13 82861 29301 2 4 0
13 82861 77551 0 4 0
13 82861 77551 1 1 0
13 82861 77551 2 2 0
13 82861 58209 0 2 0
13 82861 58209 1 3 0
13 82861 58209 2 4 0
13 82861 13295 0 4 0
13 82861 13295 1 1 0
13 82861 13295 2 2 0
13 82861 78557 0 2 0
13 82861 78557 1 3 0
13 82861 78557 2 4 0
13 82861 18097 0 2 0
13 82861 18097 1 3 0
13 82861 18097 2 4 0
13 82861 27073 0 2 0
13 82861 27073 1 3 0
13 82861 27073 2 4 0
13 82861 50021 0 2 0
13 82861 50021 1 3 0
13 82861 50021 2 4 0
13 82861 29233 0 2 0
13 82861 29233 1 3 0
13 82861 29233 2 4 0
13 82861 57255 0 4 0
13 82861 57255 1 1 0
13 82861 57255 2 2 0
13 82861 57761 0 2 0
13 82861 57761 1 3 0
13 82861 57761 2 4 0
13 82861 64483 0 4 0
13 82861 64483 1 1 0
13 82861 64483 2 2 0
13 82861 30263 0 4 0
13 82861 30263 1 1 0
13 82861 30263 2 2 0
13 82861 7587 0 4 0
13 82861 7587 1 1 0
13 82861 7587 2 2 0
13 82861 73361 0 2 0
13 82861 73361 1 3 0
13 82861 73361 2 4 0
13 82861 22295 0 4 0
13 82861 22295 1 1 0
13 82861 22295 2 2 0
13 82861 56569 0 2 0
13 82861 56569 1 3 0
13 82861 56569 2 4 0
13 82861 35471 0 4 0
13 82861 35471 1 1 0
13 82861 35471 2 2 0
13 82861 71629 0 2 0
13 82861 71629 1 3 0
13 82861 71629 2 4 0
13 82861 16063 0 4 0
13 82861 16063 1 1 0
13 82861 16063 2 2 0
13 82861 32579 0 4 0
13 82861 32579 1 1 0
13 82861 32579 2 2 0
13 82861 73575 0 4 0
13 82861 73575 1 1 0
13 82861 73575 2 2 0
13 82861 76931 0 4 0
13 82861 76931 1 1 0
13 82861 76931 2 2 0
13 82861 79925 0 2 0
13 82861 79925 1 3 0
13 82861 79925 2 4 0
13 82861 14273 0 2 0
13 82861 14273 1 3 0
13 82861 14273 2 4 0
13 82861 56427 0 4 0
13 82861 56427 1 1 0
13 82861 56427 2 2 0
13 82861 11261 0 2 0
13 82861 11261 1 3 0
13 82861 11261 2 4 0
13 82861 17101 0 2 0
13 82861 17101 1 3 0
13 82861 17101 2 4 0
13 82861 65231 0 4 0
13 82861 65231 1 1 0
13 82861 65231 2 2 0
13 82861 51475 0 4 0
13 82861 51475 1 1 0
13 82861 51475 2 2 0
13 82861 80399 0 4 0
13 82861 80399 1 1 0
13 82861 80399 2 2 0
13 82861 4573 0 2 0
13 82861 4573 1 3 0
13 82861 4573 2 4 0
13 82861 70151 0 4 0
13 82861 70151 1 1 0
13 82861 70151 2 2 0
13 82861 26917 0 2 0
13 82861 26917 1 3 0
13 82861 26917 2 4 0
13 82861 67115 0 4 0
13 82861 67115 1 1 0
13 82861 67115 2 2 0
13 82861 59977 0 2 0
13 82861 59977 1 3 0
13 82861 59977 2 4 0
13 82861 7537 0 2 0
13 82861 7537 1 3 0
13 82861 7537 2 4 0
13 82861 52251 0 4 0
13 82861 52251 1 1 0
13 82861 52251 2 2 0
13 82861 68937 0 2 0
13 82861 68937 1 3 0
13 82861 68937 2 4 0
13 82861 27955 0 4 0
13 82861 27955 1 1 0
13 82861 27955 2 2 0
13 82861 37611 0 4 0
13 82861 37611 1 1 0
13 82861 37611 2 2 0
13 82861 38097 0 2 0
13 82861 38097 1 3 0
13 82861 38097 2 4 0
13 82861 63993 0 2 0
13 82861 63993 1 3 0
13 82861 63993 2 4 0
13 82861 58653 0 2 0
13 82861 58653 1 3 0
13 82861 58653 2 4 0
13 82861 60195 0 4 0
13 82861 60195 1 1 0
13 82861 60195 2 2 0
13 82861 10813 0 2 0
13 82861 10813 1 3 0
13 82861 10813 2 4 0
13 82861 51653 0 2 0
13 82861 51653 1 3 0
13 82861 51653 2 4 0
13 82861 71723 0 4 0
13 82861 71723 1 1 0
13 82861 71723 2 2 0
13 82861 73465 0 2 0
13 82861 73465 1 3 0
13 82861 73465 2 4 0
13 82861 71829 0 2 0
13 82861 71829 1 3 0
13 82861 71829 2 4 0
13 82861 60081 0 2 0
13 82861 60081 1 3 0
13 82861 60081 2 4 0
13 82861 33555 0 4 0
13 82861 33555 1 1 0
13 82861 33555 2 2 0
13 82861 67669 0 2 0
13 82861 67669 1 3 0
13 82861 67669 2 4 0
13 82861 81395 0 4 0
13 82861 81395 1 1 0
13 82861 81395 2 2 0
13 82861 4397 0 2 0
13 82861 4397 1 3 0
13 82861 4397 2 4 0
13 82861 20667 0 4 0
13 82861 20667 1 1 0
13 82861 20667 2 2 0
13 82861 69817 0 2 0
13 82861 69817 1 3 0
13 82861 69817 2 4 0
13 82861 14743 0 4 0
13 82861 14743 1 1 0
13 82861 14743 2 2 0
13 82861 70259 0 4 0
13 82861 70259 1 1 0
13 82861 70259 2 2 0
13 82861 14119 0 4 0
13 82861 14119 1 1 0
13 82861 14119 2 2 0
13 82861 13909 0 2 0
13 82861 13909 1 3 0
13 82861 13909 2 4 0
13 82861 21377 0 2 0
13 82861 21377 1 3 0
13 82861 21377 2 4 0
13 82861 27583 0 4 0
13 82861 27583 1 1 0
13 82861 27583 2 2 0
13 82861 49647 0 4 0
13 82861 49647 1 1 0
13 82861 49647 2 2 0
13 82861 43853 0 2 0
13 82861 43853 1 3 0
13 82861 43853 2 4 0
13 82861 60061 0 2 0
13 82861 60061 1 3 0
13 82861 60061 2 4 0
13 82861 10587 0 4 0
13 82861 10587 1 1 0
13 82861 10587 2 2 0
13 82861 22269 0 2 0
13 82861 22269 1 3 0
13 82861 22269 2 4 0
13 82861 79339 0 4 0
13 82861 79339 1 1 0
13 82861 79339 2 2 0
13 82861 34663 0 4 0
13 82861 34663 1 1 0
13 82861 34663 2 2 0
13 82861 59171 0 4 0
13 82861 59171 1 1 0
13 82861 59171 2 2 0
13 82861 459 0 4 0
13 82861 459 1 1 0
13 82861 459 2 2 0
13 82861 77011 0 4 0
13 82861 77011 1 1 0
13 82861 77011 2 2 0
13 82861 2485 0 2 0
13 82861 2485 1 3 0
13 82861 2485 2 4 0
13 82861 9815 0 4 0
13 82861 9815 1 1 0
13 82861 9815 2 2 0
13 82861 81357 0 2 0
13 82861 81357 1 3 0
13 82861 81357 2 4 0
13 82861 64191 0 4 0
13 82861 64191 1 1 0
13 82861 64191 2 2 0
13 82861 81553 0 2 0
13 82861 81553 1 3 0
13 82861 81553 2 4 0
13 82861 67059 0 4 0
13 82861 67059 1 1 0
13 82861 67059 2 2 0
13 82861 79907 0 4 0
13 82861 79907 1 1 0
13 82861 79907 2 2 0
13 82861 66725 0 2 0
13 82861 66725 1 3 0
13 82861 66725 2 4 0
13 82861 13395 0 4 0
13 82861 13395 1 1 0
13 82861 13395 2 2 0
13 82861 42673 0 2 0
13 82861 42673 1 3 0
13 82861 42673 2 4 0
13 82861 66837 0 2 0
13 82861 66837 1 3 0
13 82861 66837 2 4 0
13 82861 53783 0 4 0
13 82861 53783 1 1 0
13 82861 53783 2 2 0
13 82861 79885 0 2 0
13 82861 79885 1 3 0
13 82861 79885 2 4 0
13 82861 76955 0 4 0
13 82861 76955 1 1 0
13 82861 76955 2 2 0
13 82861 43965 0 2 0
13 82861 43965 1 3 0
13 82861 43965 2 4 0
13 82861 37207 0 4 0
13 82861 37207 1 1 0
13 82861 37207 2 2 0
13 82861 69211 0 4 0
13 82861 69211 1 1 0
13 82861 69211 2 2 0
13 82861 59645 0 2 0
13 82861 59645 1 3 0
13 82861 59645 2 4 0
13 82861 55057 0 2 0
13 82861 55057 1 3 0
13 82861 55057 2 4 0
13 82861 3923 0 4 0
13 82861 3923 1 1 0
13 82861 3923 2 2 0
13 82861 52739 0 4 0
13 82861 52739 1 1 0
13 82861 52739 2 2 0
13 82861 21267 0 4 0
13 82861 21267 1 1 0
13 82861 21267 2 2 0
13 82861 12823 0 4 0
13 82861 12823 1 1 0
13 82861 12823 2 2 0
13 82861 71731 0 4 0
13 82861 71731 1 1 0
13 82861 71731 2 2 0
13 82861 53041 0 2 0
13 82861 53041 1 3 0
13 82861 53041 2 4 0
13 82861 35645 0 2 0
13 82861 35645 1 3 0
13 82861 35645 2 4 0
13 82861 6631 0 4 0
13 82861 6631 1 1 0
13 82861 6631 2 2 0
13 82861 76723 0 4 0
13 82861 76723 1 1 0
13 82861 76723 2 2 0
13 82861 9335 0 4 0
13 82861 9335 1 1 0
13 82861 9335 2 2 0
13 82861 32549 0 2 0
13 82861 32549 1 3 0
13 82861 32549 2 4 0
13 82861 46819 0 4 0
13 82861 46819 1 1 0
13 82861 46819 2 2 0
13 82861 19977 0 2 0
13 82861 19977 1 3 0
13 82861 19977 2 4 0
13 82861 40665 0 2 0
13 82861 40665 1 3 0
13 82861 40665 2 4 0
13 82861 56135 0 4 0
13 82861 56135 1 1 0
13 82861 56135 2 2 0
13 82861 78449 0 2 0
13 82861 78449 1 3 0
13 82861 78449 2 4 0
13 82861 27279 0 4 0
13 82861 27279 1 1 0
13 82861 27279 2 2 0
13 82861 74117 0 2 0
13 82861 74117 1 3 0
13 82861 74117 2 4 0
13 82861 56709 0 2 0
13 82861 56709 1 3 0
13 82861 56709 2 4 0
13 82861 58011 0 4 0
13 82861 58011 1 1 0
13 82861 58011 2 2 0
13 82861 56417 0 2 0
13 82861 56417 1 3 0
13 82861 56417 2 4 0
13 82861 41343 0 4 0
13 82861 41343 1 1 0
13 82861 41343 2 2 0
13 82861 31787 0 4 0
13 82861 31787 1 1 0
13 82861 31787 2 2 0
13 82861 13381 0 2 0
13 82861 13381 1 3 0
13 82861 13381 2 4 0
13 82861 66387 0 4 0
13 82861 66387 1 1 0
13 82861 66387 2 2 0
13 82861 24019 0 4 0
13 82861 24019 1 1 0
13 82861 24019 2 2 0
13 82861 24793 0 2 0
13 82861 24793 1 3 0
13 82861 24793 2 4 0
13 82861 76643 0 4 0
13 82861 76643 1 1 0
13 82861 76643 2 2 0
13 82861 24007 0 4 0
13 82861 24007 1 1 0
13 82861 24007 2 2 0
13 82861 39097 0 2 0
13 82861 39097 1 3 0
13 82861 39097 2 4 0
13 82861 2303 0 4 0
13 82861 2303 1 1 0
13 82861 2303 2 2 0
13 82861 77123 0 4 0
13 82861 77123 1 1 0
13 82861 77123 2 2 0
13 82861 32999 0 4 0
13 82861 32999 1 1 0
13 82861 32999 2 2 0
13 82861 64889 0 2 0
13 82861 64889 1 3 0
13 82861 64889 2 4 0
13 82861 7209 0 2 0
13 82861 7209 1 3 0
13 82861 7209 2 4 0
13 82861 80597 0 2 0
13 82861 80597 1 3 0
13 82861 80597 2 4 0
13 82861 76877 0 2 0
13 82861 76877 1 3 0
13 82861 76877 2 4 0
13 82861 40501 0 2 0
13 82861 40501 1 3 0
13 82861 40501 2 4 0
13 82861 33597 0 2 0
13 82861 33597 1 3 0
13 82861 33597 2 4 0
13 82861 68711 0 4 0
13 82861 68711 1 1 0
13 82861 68711 2 2 0
13 82861 14333 0 2 0
13 82861 14333 1 3 0
13 82861 14333 2 4 0
13 82861 29373 0 2 0
13 82861 29373 1 3 0
13 82861 29373 2 4 0
13 82861 51887 0 4 0
13 82861 51887 1 1 0
13 82861 51887 2 2 0
13 82861 66359 0 4 0
13 82861 66359 1 1 0
13 82861 66359 2 2 0
13 82861 71201 0 2 0
13 82861 71201 1 3 0
13 82861 71201 2 4 0
13 82861 71205 0 2 0
13 82861 71205 1 3 0
13 82861 71205 2 4 0
13 82861 75151 0 4 0
13 82861 75151 1 1 0
13 82861 75151 2 2 0
13 82861 10977 0 2 0
13 82861 10977 1 3 0
13 82861 10977 2 4 0
13 82861 56233 0 2 0
13 82861 56233 1 3 0
13 82861 56233 2 4 0
13 82861 38123 0 4 0
13 82861 38123 1 1 0
13 82861 38123 2 2 0
13 82861 71163 0 4 0
13 82861 71163 1 1 0
13 82861 71163 2 2 0
13 82861 65019 0 4 0
13 82861 65019 1 1 0
13 82861 65019 2 2 0
13 82861 26521 0 2 0
13 82861 26521 1 3 0
13 82861 26521 2 4 0
13 82861 26185 0 2 0
13 82861 26185 1 3 0
13 82861 26185 2 4 0
13 82861 33361 0 2 0
13 82861 33361 1 3 0
13 82861 33361 2 4 0
13 82861 20701 0 2 0
13 82861 20701 1 3 0
13 82861 20701 2 4 0
13 82861 53371 0 4 0
13 82861 53371 1 1 0
13 82861 53371 2 2 0
13 82861 68805 0 2 0
13 82861 68805 1 3 0
13 82861 68805 2 4 0
13 82861 18671 0 4 0
13 82861 18671 1 1 0
13 82861 18671 2 2 0
13 82861 69879 0 4 0
13 82861 69879 1 1 0
13 82861 69879 2 2 0
13 82861 19651 0 4 0
13 82861 19651 1 1 0
13 82861 19651 2 2 0
13 82861 16957 0 2 0
13 82861 16957 1 3 0
13 82861 16957 2 4 0
13 82861 66515 0 4 0
13 82861 66515 1 1 0
13 82861 66515 2 2 0
13 82861 35885 0 2 0
13 82861 35885 1 3 0
13 82861 35885 2 4 0
13 82861 52193 0 2 0
13 82861 52193 1 3 0
13 82861 52193 2 4 0
13 82861 38427 0 4 0
13 82861 38427 1 1 0
13 82861 38427 2 2 0
13 82861 7901 0 2 0
13 82861 7901 1 3 0
13 82861 7901 2 4 0
13 82861 75781 0 2 0
13 82861 75781 1 3 0
13 82861 75781 2 4 0
13 82861 62535 0 4 0
13 82861 62535 1 1 0
13 82861 62535 2 2 0
13 82861 34019 0 4 0
13 82861 34019 1 1 0
13 82861 34019 2 2 0
13 82861 37599 0 4 0
13 82861 37599 1 1 0
13 82861 37599 2 2 0
13 82861 37909 0 2 0
13 82861 37909 1 3 0
13 82861 37909 2 4 0
13 82861 72339 0 4 0
13 82861 72339 1 1 0
13 82861 72339 2 2 0
13 82861 1975 0 4 0
13 82861 1975 1 1 0
13 82861 1975 2 2 0
13 82861 22399 0 4 0
13 82861 22399 1 1 0
13 82861 22399 2 2 0
13 82861 57855 0 4 0
13 82861 57855 1 1 0
13 82861 57855 2 2 0
13 82861 71063 0 4 0
13 82861 71063 1 1 0
13 82861 71063 2 2 0
13 82861 40457 0 2 0
13 82861 40457 1 3 0
13 82861 40457 2 4 0
13 82861 15965 0 2 0
13 82861 15965 1 3 0
13 82861 15965 2 4 0
13 82861 71317 0 2 0
13 82861 71317 1 3 0
13 82861 71317 2 4 0
13 82861 61659 0 4 0
13 82861 61659 1 1 0
13 82861 61659 2 2 0
13 82861 36989 0 2 0
13 82861 36989 1 3 0
13 82861 36989 2 4 0
13 82861 69785 0 2 0
13 82861 69785 1 3 0
13 82861 69785 2 4 0
13 82861 45217 0 2 0
13 82861 45217 1 3 0
13 82861 45217 2 4 0
13 82861 71009 0 2 0
13 82861 71009 1 3 0
13 82861 71009 2 4 0
13 82861 31995 0 4 0
13 82861 31995 1 1 0
13 82861 31995 2 2 0
13 82861 29907 0 4 0
13 82861 29907 1 1 0
13 82861 29907 2 2 0
13 82861 18385 0 2 0
13 82861 18385 1 3 0
13 82861 18385 2 4 0
13 82861 68693 0 2 0
13 82861 68693 1 3 0
13 82861 68693 2 4 0
13 82861 23163 0 4 0
13 82861 23163 1 1 0
13 82861 23163 2 2 0
13 82861 69017 0 2 0
13 82861 69017 1 3 0
13 82861 69017 2 4 0
13 82861 6137 0 2 0
13 82861 6137 1 3 0
13 82861 6137 2 4 0
13 82861 12043 0 4 0
13 82861 12043 1 1 0
13 82861 12043 2 2 0
13 82861 23201 0 2 0
13 82861 23201 1 3 0
13 82861 23201 2 4 0
13 82861 53701 0 2 0
13 82861 53701 1 3 0
13 82861 53701 2 4 0
13 82861 50359 0 4 0
13 82861 50359 1 1 0
13 82861 50359 2 2 0
13 82861 80351 0 4 0
13 82861 80351 1 1 0
13 82861 80351 2 2 0
13 82861 36373 0 2 0
13 82861 36373 1 3 0
13 82861 36373 2 4 0
13 82861 28623 0 4 0
13 82861 28623 1 1 0
13 82861 28623 2 2 0
13 82861 72173 0 2 0
13 82861 72173 1 3 0
13 82861 72173 2 4 0
13 82861 35095 0 4 0
13 82861 35095 1 1 0
13 82861 35095 2 2 0
13 82861 45387 0 4 0
13 82861 45387 1 1 0
13 82861 45387 2 2 0
13 82861 135 0 4 0
13 82861 135 1 1 0
13 82861 135 2 2 0
13 82861 19321 0 2 0
13 82861 19321 1 3 0
13 82861 19321 2 4 0
13 82861 4351 0 4 0
13 82861 4351 1 1 0
13 82861 4351 2 2 0
13 82861 30873 0 2 0
13 82861 30873 1 3 0
13 82861 30873 2 4 0
13 82861 7671 0 4 0
13 82861 7671 1 1 0
13 82861 7671 2 2 0
13 82861 74147 0 4 0
13 82861 74147 1 1 0
13 82861 74147 2 2 0
13 82861 48975 0 4 0
13 82861 48975 1 1 0
13 82861 48975 2 2 0
13 82861 62567 0 4 0
13 82861 62567 1 1 0
13 82861 62567 2 2 0
13 82861 77265 0 2 0
13 82861 77265 1 3 0
13 82861 77265 2 4 0
13 82861 28859 0 4 0
13 82861 28859 1 1 0
13 82861 28859 2 2 0
13 82861 22337 0 2 0
13 82861 22337 1 3 0
13 82861 22337 2 4 0
13 82861 73199 0 4 0
13 82861 73199 1 1 0
13 82861 73199 2 2 0
14 82861 31673 0 2 0
14 82861 31673 1 3 0
14 82861 31673 2 4 0
14 82861 6719 0 4 0
14 82861 6719 1 1 0
14 82861 6719 2 2 0
14 82861 2037 0 2 0
14 82861 2037 1 3 0
14 82861 2037 2 4 0
14 82861 62905 0 2 0
14 82861 62905 1 3 0
14 82861 62905 2 4 0
14 82861 56027 0 4 0
14 82861 56027 1 1 0
14 82861 56027 2 2 0
14 82861 71057 0 2 0
14 82861 71057 1 3 0
14 82861 71057 2 4 0
14 82861 15805 0 2 0
14 82861 15805 1 3 0
14 82861 15805 2 4 0
14 82861 43783 0 4 0
14 82861 43783 1 1 0
14 82861 43783 2 2 0
14 82861 1453 0 2 0
14 82861 1453 1 3 0
14 82861 1453 2 4 0
14 82861 16467 0 4 0
14 82861 16467 1 1 0
14 82861 16467 2 2 0
14 82861 36001 0 2 0
14 82861 36001 1 3 0
14 82861 36001 2 4 0
14 82861 35831 0 4 0
14 82861 35831 1 1 0
14 82861 35831 2 2 0
14 82861 77707 0 4 0
14 82861 77707 1 1 0
14 82861 77707 2 2 0
14 82861 17155 0 4 0
14 82861 17155 1 1 0
14 82861 17155 2 2 0
14 82861 48661 0 2 0
14 82861 48661 1 3 0
14 82861 48661 2 4 0
14 82861 73211 0 4 0
14 82861 73211 1 1 0
14 82861 73211 2 2 0
14 82861 78593 0 2 0
14 82861 78593 1 3 0
14 82861 78593 2 4 0
14 82861 58263 0 4 0
14 82861 58263 1 1 0
14 82861 58263 2 2 0
14 82861 58421 0 2 0
14 82861 58421 1 3 0
14 82861 58421 2 4 0
14 82861 44611 0 4 0
14 82861 44611 1 1 0
14 82861 44611 2 2 0
14 82861 75979 0 4 0
14 82861 75979 1 1 0
14 82861 75979 2 2 0
14 82861 4055 0 4 0
14 82861 4055 1 1 0
14 82861 4055 2 2 0
14 82861 1951 0 4 0
14 82861 1951 1 1 0
14 82861 1951 2 2 0
14 82861 47683 0 4 0
14 82861 47683 1 1 0
14 82861 47683 2 2 0
14 82861 27187 0 4 0
14 82861 27187 1 1 0
14 82861 27187 2 2 0
14 82861 30219 0 4 0
14 82861 30219 1 1 0
14 82861 30219 2 2 0
14 82861 78777 0 2 0
14 82861 78777 1 3 0
14 82861 78777 2 4 0
14 82861 7189 0 2 0
14 82861 7189 1 3 0
14 82861 7189 2 4 0
14 82861 40865 0 2 0
14 82861 40865 1 3 0
14 82861 40865 2 4 0
14 82861 68119 0 4 0
14 82861 68119 1 1 0
14 82861 68119 2 2 0
14 82861 16239 0 4 0
14 82861 16239 1 1 0
14 82861 16239 2 2 0
14 82861 11661 0 2 0
14 82861 11661 1 3 0
14 82861 11661 2 4 0
14 82861 52087 0 4 0
14 82861 52087 1 1 0
14 82861 52087 2 2 0
14 82861 25307 0 4 0
14 82861 25307 1 1 0
14 82861 25307 2 2 0
14 82861 52491 0 4 0
14 82861 52491 1 1 0
14 82861 52491 2 2 0
14 82861 52633 0 2 0
14 82861 52633 1 3 0
14 82861 52633 2 4 0
14 82861 64807 0 4 0
14 82861 64807 1 1 0
14 82861 64807 2 2 0
14 82861 68743 0 4 0
14 82861 68743 1 1 0
14 82861 68743 2 2 0
14 82861 47243 0 4 0
14 82861 47243 1 1 0
14 82861 47243 2 2 0
14 82861 51621 0 2 0
14 82861 51621 1 3 0
14 82861 51621 2 4 0
14 82861 34719 0 4 0
14 82861 34719 1 1 0
14 82861 34719 2 2 0
14 82861 65647 0 4 0
14 82861 65647 1 1 0
14 82861 65647 2 2 0
14 82861 50941 0 2 0
14 82861 50941 1 3 0
14 82861 50941 2 4 0
14 82861 5157 0 2 0
14 82861 5157 1 3 0
14 82861 5157 2 4 0
14 82861 63041 0 2 0
14 82861 63041 1 3 0
14 82861 63041 2 4 0
14 82861 18171 0 4 0
14 82861 18171 1 1 0
14 82861 18171 2 2 0
14 82861 19601 0 2 0
14 82861 19601 1 3 0
14 82861 19601 2 4 0
14 82861 58181 0 2 0
14 82861 58181 1 3 0
14 82861 58181 2 4 0
14 82861 31207 0 4 0
14 82861 31207 1 1 0
14 82861 31207 2 2 0
14 82861 54913 0 2 0
14 82861 54913 1 3 0
14 82861 54913 2 4 0
14 82861 38703 0 4 0
14 82861 38703 1 1 0
14 82861 38703 2 2 0
14 82861 72479 0 4 0
14 82861 72479 1 1 0
14 82861 72479 2 2 0
14 82861 70385 0 2 0
14 82861 70385 1 3 0
14 82861 70385 2 4 0
14 82861 11159 0 4 0
14 82861 11159 1 1 0
14 82861 11159 2 2 0
14 82861 24909 0 2 0
14 82861 24909 1 3 0
14 82861 24909 2 4 0
14 82861 17301 0 2 0
14 82861 17301 1 3 0
14 82861 17301 2 4 0
14 82861 4845 0 2 0
14 82861 4845 1 3 0
14 82861 4845 2 4 0
14 82861 18673 0 2 0
14 82861 18673 1 3 0
14 82861 18673 2 4 0
14 82861 41055 0 4 0
14 82861 41055 1 1 0
14 82861 41055 2 2 0
14 82861 30481 0 2 0
14 82861 30481 1 3 0
14 82861 30481 2 4 0
14 82861 60909 0 2 0
14 82861 60909 1 3 0
14 82861 60909 2 4 0
14 82861 75343 0 4 0
14 82861 75343 1 1 0
14 82861 75343 2 2 0
14 82861 6625 0 2 0
14 82861 6625 1 3 0
14 82861 6625 2 4 0
14 82861 74421 0 2 0
14 82861 74421 1 3 0
14 82861 74421 2 4 0
14 82861 50015 0 4 0
14 82861 50015 1 1 0
14 82861 50015 2 2 0
14 82861 44511 0 4 0
14 82861 44511 1 1 0
14 82861 44511 2 2 0
14 82861 81781 0 2 0
14 82861 81781 1 3 0
14 82861 81781 2 4 0
14 82861 15737 0 2 0
14 82861 15737 1 3 0
14 82861 15737 2 4 0
14 82861 79583 0 4 0
14 82861 79583 1 1 0
14 82861 79583 2 2 0
14 82861 28683 0 4 0
14 82861 28683 1 1 0
14 82861 28683 2 2 0
14 82861 63377 0 2 0
14 82861 63377 1 3 0
14 82861 63377 2 4 0
14 82861 79425 0 2 0
14 82861 79425 1 3 0
14 82861 79425 2 4 0
14 82861 74809 0 2 0
14 82861 74809 1 3 0
14 82861 74809 2 4 0
14 82861 64665 0 2 0
14 82861 64665 1 3 0
14 82861 64665 2 4 0
14 82861 54145 0 2 0
14 82861 54145 1 3 0
14 82861 54145 2 4 0
14 82861 54149 0 2 0
14 82861 54149 1 3 0
14 82861 54149 2 4 0
14 82861 62395 0 4 0
14 82861 62395 1 1 0
14 82861 62395 2 2 0
14 82861 32795 0 4 0
14 82861 32795 1 1 0
14 82861 32795 2 2 0
14 82861 16663 0 4 0
14 82861 16663 1 1 0
14 82861 16663 2 2 0
14 82861 78437 0 2 0
14 82861 78437 1 3 0
14 82861 78437 2 4 0
14 82861 39949 0 2 0
14 82861 39949 1 3 0
14 82861 39949 2 4 0
14 82861 15651 0 4 0
14 82861 15651 1 1 0
14 82861 15651 2 2 0
14 82861 30527 0 4 0
14 82861 30527 1 1 0
14 82861 30527 2 2 0
14 82861 48341 0 2 0
14 82861 48341 1 3 0
14 82861 48341 2 4 0
14 82861 79945 0 2 0
14 82861 79945 1 3 0
14 82861 79945 2 4 0
14 82861 2323 0 4 0
14 82861 2323 1 1 0
14 82861 2323 2 2 0
14 82861 55549 0 2 0
14 82861 55549 1 3 0
14 82861 55549 2 4 0
14 82861 9133 0 2 0
14 82861 9133 1 3 0
14 82861 9133 2 4 0
14 82861 80041 0 2 0
14 82861 80041 1 3 0
14 82861 80041 2 4 0
14 82861 71491 0 4 0
14 82861 71491 1 1 0
14 82861 71491 2 2 0
14 82861 20991 0 4 0
14 82861 20991 1 1 0
14 82861 20991 2 2 0
14 82861 35575 0 4 0
14 82861 35575 1 1 0
14 82861 35575 2 2 0
14 82861 34097 0 2 0
14 82861 34097 1 3 0
14 82861 34097 2 4 0
14 82861 5625 0 2 0
14 82861 5625 1 3 0
14 82861 5625 2 4 0
14 82861 37425 0 2 0
14 82861 37425 1 3 0
14 82861 37425 2 4 0
14 82861 76281 0 2 0
14 82861 76281 1 3 0
14 82861 76281 2 4 0
14 82861 67129 0 2 0
14 82861 67129 1 3 0
14 82861 67129 2 4 0
14 82861 44607 0 4 0
14 82861 44607 1 1 0
14 82861 44607 2 2 0
14 82861 70333 0 2 0
14 82861 70333 1 3 0
14 82861 70333 2 4 0
14 82861 80695 0 4 0
14 82861 80695 1 1 0
14 82861 80695 2 2 0
14 82861 8353 0 2 0
14 82861 8353 1 3 0
14 82861 8353 2 4 0
14 82861 26137 0 2 0
14 82861 26137 1 3 0
14 82861 26137 2 4 0
14 82861 6415 0 4 0
14 82861 6415 1 1 0
14 82861 6415 2 2 0
14 82861 14879 0 4 0
14 82861 14879 1 1 0
14 82861 14879 2 2 0
14 82861 68523 0 4 0
14 82861 68523 1 1 0
14 82861 68523 2 2 0
14 82861 7051 0 4 0
14 82861 7051 1 1 0
14 82861 7051 2 2 0
14 82861 20791 0 4 0
14 82861 20791 1 1 0
14 82861 20791 2 2 0
14 82861 40589 0 2 0
14 82861 40589 1 3 0
14 82861 40589 2 4 0
14 82861 37171 0 4 0
14 82861 37171 1 1 0
14 82861 37171 2 2 0
14 82861 46245 0 2 0
14 82861 46245 1 3 0
14 82861 46245 2 4 0
14 82861 28509 0 2 0
14 82861 28509 1 3 0
14 82861 28509 2 4 0
14 82861 67549 0 2 0
14 82861 67549 1 3 0
14 82861 67549 2 4 0
14 82861 72303 0 4 0
14 82861 72303 1 1 0
14 82861 72303 2 2 0
14 82861 62245 0 2 0
14 82861 62245 1 3 0
14 82861 62245 2 4 0
14 82861 72721 0 2 0
14 82861 72721 1 3 0
14 82861 72721 2 4 0
14 82861 49039 0 4 0
14 82861 49039 1 1 0
14 82861 49039 2 2 0
14 82861 25059 0 4 0
14 82861 25059 1 1 0
14 82861 25059 2 2 0
14 82861 50517 0 2 0
14 82861 50517 1 3 0
14 82861 50517 2 4 0
14 82861 45375 0 4 0
14 82861 45375 1 1 0
14 82861 45375 2 2 0
14 82861 74007 0 4 0
14 82861 74007 1 1 0
14 82861 74007 2 2 0
14 82861 52089 0 2 0
14 82861 52089 1 3 0
14 82861 52089 2 4 0
14 82861 74077 0 2 0
14 82861 74077 1 3 0
14 82861 74077 2 4 0
14 82861 62877 0 2 0
14 82861 62877 1 3 0
14 82861 62877 2 4 0
14 82861 76735 0 4 0
14 82861 76735 1 1 0
14 82861 76735 2 2 0
14 82861 38657 0 2 0
14 82861 38657 1 3 0
14 82861 38657 2 4 0
14 82861 37899 0 4 0
14 82861 37899 1 1 0
14 82861 37899 2 2 0
14 82861 77555 0 4 0
14 82861 77555 1 1 0
14 82861 77555 2 2 0
14 82861 68577 0 2 0
14 82861 68577 1 3 0
14 82861 68577 2 4 0
14 82861 62923 0 4 0
14 82861 62923 1 1 0
14 82861 62923 2 2 0
14 82861 25801 0 2 0
14 82861 25801 1 3 0
14 82861 25801 2 4 0
14 82861 39041 0 2 0
14 82861 39041 1 3 0
14 82861 39041 2 4 0
14 82861 62951 0 4 0
14 82861 62951 1 1 0
14 82861 62951 2 2 0
14 82861 22767 0 4 0
14 82861 22767 1 1 0
14 82861 22767 2 2 0
14 82861 4263 0 4 0
14 82861 4263 1 1 0
14 82861 4263 2 2 0
14 82861 35425 0 2 0
14 82861 35425 1 3 0
14 82861 35425 2 4 0
14 82861 24191 0 4 0
14 82861 24191 1 1 0
14 82861 24191 2 2 0
14 82861 15437 0 2 0
14 82861 15437 1 3 0
14 82861 15437 2 4 0
14 82861 36239 0 4 0
14 82861 36239 1 1 0
14 82861 36239 2 2 0
14 82861 1083 0 4 0
14 82861 1083 1 1 0
14 82861 1083 2 2 0
14 82861 67281 0 2 0
14 82861 67281 1 3 0
14 82861 67281 2 4 0
14 82861 52123 0 4 0
14 82861 52123 1 1 0
14 82861 52123 2 2 0
14 82861 12789 0 2 0
14 82861 12789 1 3 0
14 82861 12789 2 4 0
14 82861 63887 0 4 0
14 82861 63887 1 1 0
14 82861 63887 2 2 0
14 82861 65745 0 2 0
14 82861 65745 1 3 0
14 82861 65745 2 4 0
14 82861 69559 0 4 0
14 82861 69559 1 1 0
14 82861 69559 2 2 0
14 82861 62611 0 4 0
14 82861 62611 1 1 0
14 82861 62611 2 2 0
14 82861 3875 0 4 0
14 82861 3875 1 1 0
14 82861 3875 2 2 0
14 82861 80785 0 2 0
14 82861 80785 1 3 0
14 82861 80785 2 4 0
14 82861 45605 0 2 0
14 82861 45605 1 3 0
14 82861 45605 2 4 0
14 82861 61305 0 2 0
14 82861 61305 1 3 0
14 82861 61305 2 4 0
14 82861 80009 0 2 0
14 82861 80009 1 3 0
14 82861 80009 2 4 0
14 82861 52465 0 2 0
14 82861 52465 1 3 0
14 82861 52465 2 4 0
14 82861 13437 0 2 0
14 82861 13437 1 3 0
14 82861 13437 2 4 0
14 82861 70387 0 4 0
14 82861 70387 1 1 0
14 82861 70387 2 2 0
14 82861 62073 0 2 0
14 82861 62073 1 3 0
14 82861 62073 2 4 0
14 82861 73907 0 4 0
14 82861 73907 1 1 0
14 82861 73907 2 2 0
14 82861 24211 0 4 0
14 82861 24211 1 1 0
14 82861 24211 2 2 0
14 82861 40647 0 4 0
14 82861 40647 1 1 0
14 82861 40647 2 2 0
14 82861 23421 0 2 0
14 82861 23421 1 3 0
14 82861 23421 2 4 0
14 82861 58783 0 4 0
14 82861 58783 1 1 0
14 82861 58783 2 2 0
14 82861 7095 0 4 0
14 82861 7095 1 1 0
14 82861 7095 2 2 0
14 82861 28185 0 2 0
14 82861 28185 1 3 0
14 82861 28185 2 4 0
14 82861 33851 0 4 0
14 82861 33851 1 1 0
14 82861 33851 2 2 0
14 82861 14791 0 4 0
14 82861 14791 1 1 0
14 82861 14791 2 2 0
14 82861 63807 0 4 0
14 82861 63807 1 1 0
14 82861 63807 2 2 0
14 82861 41981 0 2 0
14 82861 41981 1 3 0
14 82861 41981 2 4 0
14 82861 65135 0 4 0
14 82861 65135 1 1 0
14 82861 65135 2 2 0
14 82861 17677 0 2 0
14 82861 17677 1 3 0
14 82861 17677 2 4 0
14 82861 79703 0 4 0
14 82861 79703 1 1 0
14 82861 79703 2 2 0
14 82861 14221 0 2 0
14 82861 14221 1 3 0
14 82861 14221 2 4 0
14 82861 9023 0 4 0
14 82861 9023 1 1 0
14 82861 9023 2 2 0
14 82861 20515 0 4 0
14 82861 20515 1 1 0
14 82861 20515 2 2 0
14 82861 48717 0 2 0
14 82861 48717 1 3 0
14 82861 48717 2 4 0
14 82861 62605 0 2 0
14 82861 62605 1 3 0
14 82861 62605 2 4 0
14 82861 51847 0 4 0
14 82861 51847 1 1 0
14 82861 51847 2 2 0
14 82861 71915 0 4 0
14 82861 71915 1 1 0
14 82861 71915 2 2 0
14 82861 61335 0 4 0
14 82861 61335 1 1 0
14 82861 61335 2 2 0
14 82861 49411 0 4 0
14 82861 49411 1 1 0
14 82861 49411 2 2 0
14 82861 73881 0 2 0
14 82861 73881 1 3 0
14 82861 73881 2 4 0
14 82861 81401 0 2 0
14 82861 81401 1 3 0
14 82861 81401 2 4 0
14 82861 65781 0 2 0
14 82861 65781 1 3 0
14 82861 65781 2 4 0
14 82861 5595 0 4 0
14 82861 5595 1 1 0
14 82861 5595 2 2 0
14 82861 65929 0 2 0
14 82861 65929 1 3 0
14 82861 65929 2 4 0
14 82861 35247 0 4 0
14 82861 35247 1 1 0
14 82861 35247 2 2 0
14 82861 63445 0 2 0
14 82861 63445 1 3 0
14 82861 63445 2 4 0
14 82861 16559 0 4 0
14 82861 16559 1 1 0
14 82861 16559 2 2 0
14 82861 80405 0 2 0
14 82861 80405 1 3 0
14 82861 80405 2 4 0
14 82861 53443 0 4 0
14 82861 53443 1 1 0
14 82861 53443 2 2 0
14 82861 80135 0 4 0
14 82861 80135 1 1 0
14 82861 80135 2 2 0
14 82861 7669 0 2 0
14 82861 7669 1 3 0
14 82861 7669 2 4 0
14 82861 5103 0 4 0
14 82861 5103 1 1 0
14 82861 5103 2 2 0
14 82861 6667 0 4 0
14 82861 6667 1 1 0
14 82861 6667 2 2 0
14 82861 46375 0 4 0
14 82861 46375 1 1 0
14 82861 46375 2 2 0
14 82861 15411 0 4 0
14 82861 15411 1 1 0
14 82861 15411 2 2 0
14 82861 14341 0 2 0
14 82861 14341 1 3 0
14 82861 14341 2 4 0
14 82861 80773 0 2 0
14 82861 80773 1 3 0
14 82861 80773 2 4 0
14 82861 55203 0 4 0
14 82861 55203 1 1 0
14 82861 55203 2 2 0
14 82861 57195 0 4 0
14 82861 57195 1 1 0
14 82861 57195 2 2 0
14 82861 55881 0 2 0
14 82861 55881 1 3 0
14 82861 55881 2 4 0
14 82861 24135 0 4 0
14 82861 24135 1 1 0
14 82861 24135 2 2 0
14 82861 24555 0 4 0
14 82861 24555 1 1 0
14 82861 24555 2 2 0
14 82861 21683 0 4 0
14 82861 21683 1 1 0
14 82861 21683 2 2 0
14 82861 19765 0 2 0
14 82861 19765 1 3 0
14 82861 19765 2 4 0
14 82861 61709 0 2 0
14 82861 61709 1 3 0
14 82861 61709 2 4 0
14 82861 13537 0 2 0
14 82861 13537 1 3 0
14 82861 13537 2 4 0
14 82861 65213 0 2 0
14 82861 65213 1 3 0
14 82861 65213 2 4 0
14 82861 71331 0 4 0
14 82861 71331 1 1 0
14 82861 71331 2 2 0
14 82861 29149 0 2 0
14 82861 29149 1 3 0
14 82861 29149 2 4 0
14 82861 15343 0 4 0
14 82861 15343 1 1 0
14 82861 15343 2 2 0
14 82861 25107 0 4 0
14 82861 25107 1 1 0
14 82861 25107 2 2 0
14 82861 69373 0 2 0
14 82861 69373 1 3 0
14 82861 69373 2 4 0
14 82861 54705 0 2 0
14 82861 54705 1 3 0
14 82861 54705 2 4 0
14 82861 54181 0 2 0
14 82861 54181 1 3 0
14 82861 54181 2 4 0
14 82861 335 0 4 0
14 82861 335 1 1 0
14 82861 335 2 2 0
14 82861 63587 0 4 0
14 82861 63587 1 1 0
14 82861 63587 2 2 0
14 82861 783 0 4 0
14 82861 783 1 1 0
14 82861 783 2 2 0
14 82861 14947 0 4 0
14 82861 14947 1 1 0
14 82861 14947 2 2 0
14 82861 38055 0 4 0
14 82861 38055 1 1 0
14 82861 38055 2 2 0
14 82861 79763 0 4 0
14 82861 79763 1 1 0
14 82861 79763 2 2 0
14 82861 22081 0 2 0
14 82861 22081 1 3 0
14 82861 22081 2 4 0
14 82861 16775 0 4 0
14 82861 16775 1 1 0
14 82861 16775 2 2 0
14 82861 49047 0 4 0
14 82861 49047 1 1 0
14 82861 49047 2 2 0
14 82861 66751 0 4 0
14 82861 66751 1 1 0
14 82861 66751 2 2 0
14 82861 46509 0 2 0
14 82861 46509 1 3 0
14 82861 46509 2 4 0
14 82861 44543 0 4 0
14 82861 44543 1 1 0
14 82861 44543 2 2 0
14 82861 3297 0 2 0
14 82861 3297 1 3 0
14 82861 3297 2 4 0
14 82861 78859 0 4 0
14 82861 78859 1 1 0
14 82861 78859 2 2 0
14 82861 55063 0 4 0
14 82861 55063 1 1 0
14 82861 55063 2 2 0
14 82861 57387 0 4 0
14 82861 57387 1 1 0
14 82861 57387 2 2 0
14 82861 37803 0 4 0
14 82861 37803 1 1 0
14 82861 37803 2 2 0
14 82861 80603 0 4 0
14 82861 80603 1 1 0
14 82861 80603 2 2 0
14 82861 3029 0 2 0
14 82861 3029 1 3 0
14 82861 3029 2 4 0
14 82861 33909 0 2 0
14 82861 33909 1 3 0
14 82861 33909 2 4 0
14 82861 54025 0 2 0
14 82861 54025 1 3 0
14 82861 54025 2 4 0
14 82861 6549 0 2 0
14 82861 6549 1 3 0
14 82861 6549 2 4 0
14 82861 17321 0 2 0
14 82861 17321 1 3 0
14 82861 17321 2 4 0
14 82861 22935 0 4 0
14 82861 22935 1 1 0
14 82861 22935 2 2 0
14 82861 18521 0 2 0
14 82861 18521 1 3 0
14 82861 18521 2 4 0
14 82861 42713 0 2 0
14 82861 42713 1 3 0
14 82861 42713 2 4 0
14 82861 27979 0 4 0
14 82861 27979 1 1 0
14 82861 27979 2 2 0
14 82861 6585 0 2 0
14 82861 6585 1 3 0
14 82861 6585 2 4 0
14 82861 67299 0 4 0
14 82861 67299 1 1 0
14 82861 67299 2 2 0
14 82861 57897 0 2 0
14 82861 57897 1 3 0
14 82861 57897 2 4 0
14 82861 13737 0 2 0
14 82861 13737 1 3 0
14 82861 13737 2 4 0
14 82861 44509 0 2 0
14 82861 44509 1 3 0
14 82861 44509 2 4 0
14 82861 57659 0 4 0
14 82861 57659 1 1 0
14 82861 57659 2 2 0
14 82861 56781 0 2 0
14 82861 56781 1 3 0
14 82861 56781 2 4 0
14 82861 26093 0 2 0
14 82861 26093 1 3 0
14 82861 26093 2 4 0
14 82861 48443 0 4 0
14 82861 48443 1 1 0
14 82861 48443 2 2 0
14 82861 29631 0 4 0
14 82861 29631 1 1 0
14 82861 29631 2 2 0
14 82861 56071 0 4 0
14 82861 56071 1 1 0
14 82861 56071 2 2 0
14 82861 46411 0 4 0
14 82861 46411 1 1 0
14 82861 46411 2 2 0
14 82861 8183 0 4 0
14 82861 8183 1 1 0
14 82861 8183 2 2 0
14 82861 6295 0 4 0
14 82861 6295 1 1 0
14 82861 6295 2 2 0
14 82861 3689 0 2 0
14 82861 3689 1 3 0
14 82861 3689 2 4 0
14 82861 16989 0 2 0
14 82861 16989 1 3 0
14 82861 16989 2 4 0
14 82861 32555 0 4 0
14 82861 32555 1 1 0
14 82861 32555 2 2 0
14 82861 55409 0 2 0
14 82861 55409 1 3 0
14 82861 55409 2 4 0
14 82861 37787 0 4 0
14 82861 37787 1 1 0
14 82861 37787 2 2 0
14 82861 30305 0 2 0
14 82861 30305 1 3 0
14 82861 30305 2 4 0
14 82861 49177 0 2 0
14 82861 49177 1 3 0
14 82861 49177 2 4 0
14 82861 71049 0 2 0
14 82861 71049 1 3 0
14 82861 71049 2 4 0
14 82861 68887 0 4 0
14 82861 68887 1 1 0
14 82861 68887 2 2 0
14 82861 17347 0 4 0
14 82861 17347 1 1 0
14 82861 17347 2 2 0
14 82861 76785 0 2 0
14 82861 76785 1 3 0
14 82861 76785 2 4 0
14 82861 4931 0 4 0
14 82861 4931 1 1 0
14 82861 4931 2 2 0
14 82861 80951 0 4 0
14 82861 80951 1 1 0
14 82861 80951 2 2 0
14 82861 51915 0 4 0
14 82861 51915 1 1 0
14 82861 51915 2 2 0
14 82861 25573 0 2 0
14 82861 25573 1 3 0
14 82861 25573 2 4 0
14 82861 23217 0 2 0
14 82861 23217 1 3 0
14 82861 23217 2 4 0
14 82861 39885 0 2 0
14 82861 39885 1 3 0
14 82861 39885 2 4 0
14 82861 50701 0 2 0
14 82861 50701 1 3 0
14 82861 50701 2 4 0
14 82861 74377 0 2 0
14 82861 74377 1 3 0
14 82861 74377 2 4 0
14 82861 26601 0 2 0
14 82861 26601 1 3 0
14 82861 26601 2 4 0
14 82861 50535 0 4 0
14 82861 50535 1 1 0
14 82861 50535 2 2 0
14 82861 17787 0 4 0
14 82861 17787 1 1 0
14 82861 17787 2 2 0
14 82861 1187 0 4 0
14 82861 1187 1 1 0
14 82861 1187 2 2 0
14 82861 9063 0 4 0
14 82861 9063 1 1 0
14 82861 9063 2 2 0
14 82861 76701 0 2 0
14 82861 76701 1 3 0
14 82861 76701 2 4 0
14 82861 32789 0 2 0
14 82861 32789 1 3 0
14 82861 32789 2 4 0
14 82861 79381 0 2 0
14 82861 79381 1 3 0
14 82861 79381 2 4 0
14 82861 16803 0 4 0
14 82861 16803 1 1 0
14 82861 16803 2 2 0
14 82861 47395 0 4 0
14 82861 47395 1 1 0
14 82861 47395 2 2 0
14 82861 10397 0 2 0
14 82861 10397 1 3 0
14 82861 10397 2 4 0
14 82861 49579 0 4 0
14 82861 49579 1 1 0
14 82861 49579 2 2 0
14 82861 57661 0 2 0
14 82861 57661 1 3 0
14 82861 57661 2 4 0
14 82861 10639 0 4 0
14 82861 10639 1 1 0
14 82861 10639 2 2 0
14 82861 32369 0 2 0
14 82861 32369 1 3 0
14 82861 32369 2 4 0
14 82861 15329 0 2 0
14 82861 15329 1 3 0
14 82861 15329 2 4 0
14 82861 61899 0 4 0
14 82861 61899 1 1 0
14 82861 61899 2 2 0
14 82861 54825 0 2 0
14 82861 54825 1 3 0
14 82861 54825 2 4 0
14 82861 26813 0 2 0
14 82861 26813 1 3 0
14 82861 26813 2 4 0
14 82861 38217 0 2 0
14 82861 38217 1 3 0
14 82861 38217 2 4 0
14 82861 68615 0 4 0
14 82861 68615 1 1 0
14 82861 68615 2 2 0
14 82861 69541 0 2 0
14 82861 69541 1 3 0
14 82861 69541 2 4 0
14 82861 67845 0 2 0
14 82861 67845 1 3 0
14 82861 67845 2 4 0
14 82861 34325 0 2 0
14 82861 34325 1 3 0
14 82861 34325 2 4 0
14 82861 46663 0 4 0
14 82861 46663 1 1 0
14 82861 46663 2 2 0
14 82861 49477 0 2 0
14 82861 49477 1 3 0
14 82861 49477 2 4 0
14 82861 63355 0 4 0
14 82861 63355 1 1 0
14 82861 63355 2 2 0
14 82861 16745 0 2 0
14 82861 16745 1 3 0
14 82861 16745 2 4 0
14 82861 75067 0 4 0
14 82861 75067 1 1 0
14 82861 75067 2 2 0
14 82861 51431 0 4 0
14 82861 51431 1 1 0
14 82861 51431 2 2 0
14 82861 19987 0 4 0
14 82861 19987 1 1 0
14 82861 19987 2 2 0
14 82861 2151 0 4 0
14 82861 2151 1 1 0
14 82861 2151 2 2 0
14 82861 71537 0 2 0
14 82861 71537 1 3 0
14 82861 71537 2 4 0
14 82861 77905 0 2 0
14 82861 77905 1 3 0
14 82861 77905 2 4 0
14 82861 79753 0 2 0
14 82861 79753 1 3 0
14 82861 79753 2 4 0
14 82861 63237 0 2 0
14 82861 63237 1 3 0
14 82861 63237 2 4 0
14 82861 40123 0 4 0
14 82861 40123 1 1 0
14 82861 40123 2 2 0
14 82861 62847 0 4 0
14 82861 62847 1 1 0
14 82861 62847 2 2 0
14 82861 6999 0 4 0
14 82861 6999 1 1 0
14 82861 6999 2 2 0
14 82861 59711 0 4 0
14 82861 59711 1 1 0
14 82861 59711 2 2 0
14 82861 38399 0 4 0
14 82861 38399 1 1 0
14 82861 38399 2 2 0
14 82861 64853 0 2 0
14 82861 64853 1 3 0
14 82861 64853 2 4 0
14 82861 59039 0 4 0
14 82861 59039 1 1 0
14 82861 59039 2 2 0
14 82861 62297 0 2 0
14 82861 62297 1 3 0
14 82861 62297 2 4 0
14 82861 72349 0 2 0
14 82861 72349 1 3 0
14 82861 72349 2 4 0
14 82861 56607 0 4 0
14 82861 56607 1 1 0
14 82861 56607 2 2 0
14 82861 58401 0 2 0
14 82861 58401 1 3 0
14 82861 58401 2 4 0
14 82861 11595 0 4 0
14 82861 11595 1 1 0
14 82861 11595 2 2 0
14 82861 14277 0 2 0
14 82861 14277 1 3 0
14 82861 14277 2 4 0
14 82861 72249 0 2 0
14 82861 72249 1 3 0
14 82861 72249 2 4 0
14 82861 54855 0 4 0
14 82861 54855 1 1 0
14 82861 54855 2 2 0
14 82861 70607 0 4 0
14 82861 70607 1 1 0
14 82861 70607 2 2 0
14 82861 68509 0 2 0
14 82861 68509 1 3 0
14 82861 68509 2 4 0
14 82861 76433 0 2 0
14 82861 76433 1 3 0
14 82861 76433 2 4 0
14 82861 26653 0 2 0
14 82861 26653 1 3 0
14 82861 26653 2 4 0
14 82861 55247 0 4 0
14 82861 55247 1 1 0
14 82861 55247 2 2 0
14 82861 57219 0 4 0
14 82861 57219 1 1 0
14 82861 57219 2 2 0
14 82861 46661 0 2 0
14 82861 46661 1 3 0
14 82861 46661 2 4 0
14 82861 21917 0 2 0
14 82861 21917 1 3 0
14 82861 21917 2 4 0
14 82861 80013 0 2 0
14 82861 80013 1 3 0
14 82861 80013 2 4 0
14 82861 9197 0 2 0
14 82861 9197 1 3 0
14 82861 9197 2 4 0
14 82861 507 0 4 0
14 82861 507 1 1 0
14 82861 507 2 2 0
14 82861 25303 0 4 0
14 82861 25303 1 1 0
14 82861 25303 2 2 0
14 82861 53531 0 4 0
14 82861 53531 1 1 0
14 82861 53531 2 2 0
14 82861 72041 0 2 0
14 82861 72041 1 3 0
14 82861 72041 2 4 0
14 82861 78655 0 4 0
14 82861 78655 1 1 0
14 82861 78655 2 2 0
14 82861 25049 0 2 0
14 82861 25049 1 3 0
14 82861 25049 2 4 0
14 82861 4443 0 4 0
14 82861 4443 1 1 0
14 82861 4443 2 2 0
14 82861 39065 0 2 0
14 82861 39065 1 3 0
14 82861 39065 2 4 0
14 82861 10721 0 2 0
14 82861 10721 1 3 0
14 82861 10721 2 4 0
14 82861 72299 0 4 0
14 82861 72299 1 1 0
14 82861 72299 2 2 0
14 82861 76175 0 4 0
14 82861 76175 1 1 0
14 82861 76175 2 2 0
14 82861 56443 0 4 0
14 82861 56443 1 1 0
14 82861 56443 2 2 0
14 82861 51255 0 4 0
14 82861 51255 1 1 0
14 82861 51255 2 2 0
14 82861 75279 0 4 0
14 82861 75279 1 1 0
14 82861 75279 2 2 0
14 82861 13315 0 4 0
14 82861 13315 1 1 0
14 82861 13315 2 2 0
14 82861 44191 0 4 0
14 82861 44191 1 1 0
14 82861 44191 2 2 0
14 82861 18815 0 4 0
14 82861 18815 1 1 0
14 82861 18815 2 2 0
14 82861 69303 0 4 0
14 82861 69303 1 1 0
14 82861 69303 2 2 0
14 82861 63597 0 2 0
14 82861 63597 1 3 0
14 82861 63597 2 4 0
14 82861 17217 0 2 0
14 82861 17217 1 3 0
14 82861 17217 2 4 0
14 82861 12245 0 2 0
14 82861 12245 1 3 0
14 82861 12245 2 4 0
14 82861 14763 0 4 0
14 82861 14763 1 1 0
14 82861 14763 2 2 0
14 82861 1397 0 2 0
14 82861 1397 1 3 0
14 82861 1397 2 4 0
14 82861 9973 0 2 0
14 82861 9973 1 3 0
14 82861 9973 2 4 0
14 82861 2041 0 2 0
14 82861 2041 1 3 0
14 82861 2041 2 4 0
14 82861 45835 0 4 0
14 82861 45835 1 1 0
14 82861 45835 2 2 0
14 82861 52149 0 2 0
14 82861 52149 1 3 0
14 82861 52149 2 4 0
14 82861 50387 0 4 0
14 82861 50387 1 1 0
14 82861 50387 2 2 0
14 82861 71881 0 2 0
14 82861 71881 1 3 0
14 82861 71881 2 4 0
14 82861 317 0 2 0
14 82861 317 1 3 0
14 82861 317 2 4 0
14 82861 38869 0 2 0
14 82861 38869 1 3 0
14 82861 38869 2 4 0
14 82861 37229 0 2 0
14 82861 37229 1 3 0
14 82861 37229 2 4 0
14 82861 69907 0 4 0
14 82861 69907 1 1 0
14 82861 69907 2 2 0
14 82861 38977 0 2 0
14 82861 38977 1 3 0
14 82861 38977 2 4 0
14 82861 70891 0 4 0
14 82861 70891 1 1 0
14 82861 70891 2 2 0
14 82861 31179 0 4 0
14 82861 31179 1 1 0
14 82861 31179 2 2 0
14 82861 61261 0 2 0
14 82861 61261 1 3 0
14 82861 61261 2 4 0
14 82861 65465 0 2 0
14 82861 65465 1 3 0
14 82861 65465 2 4 0
14 82861 15625 0 2 0
14 82861 15625 1 3 0
14 82861 15625 2 4 0
14 82861 13647 0 4 0
14 82861 13647 1 1 0
14 82861 13647 2 2 0
14 82861 33711 0 4 0
14 82861 33711 1 1 0
14 82861 33711 2 2 0
14 82861 57285 0 2 0
14 82861 57285 1 3 0
14 82861 57285 2 4 0
14 82861 70915 0 4 0
14 82861 70915 1 1 0
14 82861 70915 2 2 0
14 82861 30765 0 2 0
14 82861 30765 1 3 0
14 82861 30765 2 4 0
14 82861 45607 0 4 0
14 82861 45607 1 1 0
14 82861 45607 2 2 0
14 82861 67121 0 2 0
14 82861 67121 1 3 0
14 82861 67121 2 4 0
14 82861 79111 0 4 0
14 82861 79111 1 1 0
14 82861 79111 2 2 0
14 82861 77319 0 4 0
14 82861 77319 1 1 0
14 82861 77319 2 2 0
14 82861 2411 0 4 0
14 82861 2411 1 1 0
14 82861 2411 2 2 0
14 82861 47437 0 2 0
14 82861 47437 1 3 0
14 82861 47437 2 4 0
14 82861 24515 0 4 0
14 82861 24515 1 1 0
14 82861 24515 2 2 0
14 82861 54219 0 4 0
14 82861 54219 1 1 0
14 82861 54219 2 2 0
14 82861 79903 0 4 0
14 82861 79903 1 1 0
14 82861 79903 2 2 0
14 82861 65541 0 2 0
14 82861 65541 1 3 0
14 82861 65541 2 4 0
14 82861 24691 0 4 0
14 82861 24691 1 1 0
14 82861 24691 2 2 0
14 82861 21081 0 2 0
14 82861 21081 1 3 0
14 82861 21081 2 4 0
14 82861 43763 0 4 0
14 82861 43763 1 1 0
14 82861 43763 2 2 0
14 82861 65959 0 4 0
14 82861 65959 1 1 0
14 82861 65959 2 2 0
14 82861 8087 0 4 0
14 82861 8087 1 1 0
14 82861 8087 2 2 0
14 82861 3249 0 2 0
14 82861 3249 1 3 0
14 82861 3249 2 4 0
14 82861 46603 0 4 0
14 82861 46603 1 1 0
14 82861 46603 2 2 0
14 82861 74265 0 2 0
14 82861 74265 1 3 0
14 82861 74265 2 4 0
14 82861 27479 0 4 0
14 82861 27479 1 1 0
14 82861 27479 2 2 0
14 82861 52371 0 4 0
14 82861 52371 1 1 0
14 82861 52371 2 2 0
14 82861 45135 0 4 0
14 82861 45135 1 1 0
14 82861 45135 2 2 0
14 82861 13235 0 4 0
14 82861 13235 1 1 0
14 82861 13235 2 2 0
14 82861 8069 0 2 0
14 82861 8069 1 3 0
14 82861 8069 2 4 0
14 82861 8729 0 2 0
14 82861 8729 1 3 0
14 82861 8729 2 4 0
14 82861 63429 0 2 0
14 82861 63429 1 3 0
14 82861 63429 2 4 0
14 82861 75937 0 2 0
14 82861 75937 1 3 0
14 82861 75937 2 4 0
14 82861 57669 0 2 0
14 82861 57669 1 3 0
14 82861 57669 2 4 0
14 82861 51135 0 4 0
14 82861 51135 1 1 0
14 82861 51135 2 2 0
14 82861 21727 0 4 0
14 82861 21727 1 1 0
14 82861 21727 2 2 0
14 82861 21865 0 2 0
14 82861 21865 1 3 0
14 82861 21865 2 4 0
14 82861 18635 0 4 0
14 82861 18635 1 1 0
14 82861 18635 2 2 0
14 82861 22215 0 4 0
14 82861 22215 1 1 0
14 82861 22215 2 2 0
14 82861 77399 0 4 0
14 82861 77399 1 1 0
14 82861 77399 2 2 0
14 82861 54081 0 2 0
14 82861 54081 1 3 0
14 82861 54081 2 4 0
14 82861 73161 0 2 0
14 82861 73161 1 3 0
14 82861 73161 2 4 0
14 82861 75033 0 2 0
14 82861 75033 1 3 0
14 82861 75033 2 4 0
14 82861 22903 0 4 0
14 82861 22903 1 1 0
14 82861 22903 2 2 0
14 82861 50309 0 2 0
14 82861 50309 1 3 0
14 82861 50309 2 4 0
14 82861 65609 0 2 0
14 82861 65609 1 3 0
14 82861 65609 2 4 0
14 82861 16015 0 4 0
14 82861 16015 1 1 0
14 82861 16015 2 2 0
14 82861 46429 0 2 0
14 82861 46429 1 3 0
14 82861 46429 2 4 0
14 82861 31529 0 2 0
14 82861 31529 1 3 0
14 82861 31529 2 4 0
14 82861 77073 0 2 0
14 82861 77073 1 3 0
14 82861 77073 2 4 0
14 82861 2687 0 4 0
14 82861 2687 1 1 0
14 82861 2687 2 2 0
14 82861 7561 0 2 0
14 82861 7561 1 3 0
14 82861 7561 2 4 0
14 82861 18569 0 2 0
14 82861 18569 1 3 0
14 82861 18569 2 4 0
14 82861 66369 0 2 0
14 82861 66369 1 3 0
14 82861 66369 2 4 0
14 82861 10675 0 4 0
14 82861 10675 1 1 0
14 82861 10675 2 2 0
14 82861 79195 0 4 0
14 82861 79195 1 1 0
14 82861 79195 2 2 0
14 82861 23727 0 4 0
14 82861 23727 1 1 0
14 82861 23727 2 2 0
14 82861 41743 0 4 0
14 82861 41743 1 1 0
14 82861 41743 2 2 0
14 82861 22527 0 4 0
14 82861 22527 1 1 0
14 82861 22527 2 2 0
14 82861 58627 0 4 0
14 82861 58627 1 1 0
14 82861 58627 2 2 0
14 82861 68479 0 4 0
14 82861 68479 1 1 0
14 82861 68479 2 2 0
14 82861 31103 0 4 0
14 82861 31103 1 1 0
14 82861 31103 2 2 0
14 82861 45309 0 2 0
14 82861 45309 1 3 0
14 82861 45309 2 4 0
14 82861 603 0 4 0
14 82861 603 1 1 0
14 82861 603 2 2 0
14 82861 23981 0 2 0
14 82861 23981 1 3 0
14 82861 23981 2 4 0
14 82861 52929 0 2 0
14 82861 52929 1 3 0
14 82861 52929 2 4 0
14 82861 31801 0 2 0
14 82861 31801 1 3 0
14 82861 31801 2 4 0
14 82861 795 0 4 0
14 82861 795 1 1 0
14 82861 795 2 2 0
14 82861 41691 0 4 0
14 82861 41691 1 1 0
14 82861 41691 2 2 0
14 82861 22139 0 4 0
14 82861 22139 1 1 0
14 82861 22139 2 2 0
14 82861 66879 0 4 0
14 82861 66879 1 1 0
14 82861 66879 2 2 0
14 82861 3799 0 4 0
14 82861 3799 1 1 0
14 82861 3799 2 2 0
14 82861 36207 0 4 0
14 82861 36207 1 1 0
14 82861 36207 2 2 0
14 82861 41949 0 2 0
14 82861 41949 1 3 0
14 82861 41949 2 4 0
14 82861 78525 0 2 0
14 82861 78525 1 3 0
14 82861 78525 2 4 0
14 82861 673 0 2 0
14 82861 673 1 3 0
14 82861 673 2 4 0
14 82861 7429 0 2 0
14 82861 7429 1 3 0
14 82861 7429 2 4 0
14 82861 70705 0 2 0
14 82861 70705 1 3 0
14 82861 70705 2 4 0
14 82861 16291 0 4 0
14 82861 16291 1 1 0
14 82861 16291 2 2 0
14 82861 81201 0 2 0
14 82861 81201 1 3 0
14 82861 81201 2 4 0
14 82861 3975 0 4 0
14 82861 3975 1 1 0
14 82861 3975 2 2 0
14 82861 30001 0 2 0
14 82861 30001 1 3 0
14 82861 30001 2 4 0
14 82861 54843 0 4 0
14 82861 54843 1 1 0
14 82861 54843 2 2 0
14 82861 67707 0 4 0
14 82861 67707 1 1 0
14 82861 67707 2 2 0
14 82861 69451 0 4 0
14 82861 69451 1 1 0
14 82861 69451 2 2 0
14 82861 67815 0 4 0
14 82861 67815 1 1 0
14 82861 67815 2 2 0
14 82861 46093 0 2 0
14 82861 46093 1 3 0
14 82861 46093 2 4 0
14 82861 19187 0 4 0
14 82861 19187 1 1 0
14 82861 19187 2 2 0
14 82861 5489 0 2 0
14 82861 5489 1 3 0
14 82861 5489 2 4 0
14 82861 74373 0 2 0
14 82861 74373 1 3 0
14 82861 74373 2 4 0
14 82861 40257 0 2 0
14 82861 40257 1 3 0
14 82861 40257 2 4 0
14 82861 78155 0 4 0
14 82861 78155 1 1 0
14 82861 78155 2 2 0
14 82861 31745 0 2 0
14 82861 31745 1 3 0
14 82861 31745 2 4 0
14 82861 57169 0 2 0
14 82861 57169 1 3 0
14 82861 57169 2 4 0
14 82861 22611 0 4 0
14 82861 22611 1 1 0
14 82861 22611 2 2 0
14 82861 24825 0 2 0
14 82861 24825 1 3 0
14 82861 24825 2 4 0
14 82861 13807 0 4 0
14 82861 13807 1 1 0
14 82861 13807 2 2 0
14 82861 8285 0 2 0
14 82861 8285 1 3 0
14 82861 8285 2 4 0
14 82861 3591 0 4 0
14 82861 3591 1 1 0
14 82861 3591 2 2 0
14 82861 43509 0 2 0
14 82861 43509 1 3 0
14 82861 43509 2 4 0
14 82861 28503 0 4 0
14 82861 28503 1 1 0
14 82861 28503 2 2 0
14 82861 15433 0 2 0
14 82861 15433 1 3 0
14 82861 15433 2 4 0
14 82861 65557 0 2 0
14 82861 65557 1 3 0
14 82861 65557 2 4 0
14 82861 1217 0 2 0
14 82861 1217 1 3 0
14 82861 1217 2 4 0
14 82861 47159 0 4 0
14 82861 47159 1 1 0
14 82861 47159 2 2 0
14 82861 43445 0 2 0
14 82861 43445 1 3 0
14 82861 43445 2 4 0
14 82861 22813 0 2 0
14 82861 22813 1 3 0
14 82861 22813 2 4 0
14 82861 6765 0 2 0
14 82861 6765 1 3 0
14 82861 6765 2 4 0
14 82861 78211 0 4 0
14 82861 78211 1 1 0
14 82861 78211 2 2 0
14 82861 19945 0 2 0
14 82861 19945 1 3 0
14 82861 19945 2 4 0
14 82861 46995 0 4 0
14 82861 46995 1 1 0
14 82861 46995 2 2 0
14 82861 6337 0 2 0
14 82861 6337 1 3 0
14 82861 6337 2 4 0
14 82861 62993 0 2 0
14 82861 62993 1 3 0
14 82861 62993 2 4 0
14 82861 10301 0 2 0
14 82861 10301 1 3 0
14 82861 10301 2 4 0
14 82861 28633 0 2 0
14 82861 28633 1 3 0
14 82861 28633 2 4 0
14 82861 20121 0 2 0
14 82861 20121 1 3 0
14 82861 20121 2 4 0
14 82861 48273 0 2 0
14 82861 48273 1 3 0
14 82861 48273 2 4 0
14 82861 59169 0 2 0
14 82861 59169 1 3 0
14 82861 59169 2 4 0
14 82861 81493 0 2 0
14 82861 81493 1 3 0
14 82861 81493 2 4 0
14 82861 25259 0 4 0
14 82861 25259 1 1 0
14 82861 25259 2 2 0
14 82861 11973 0 2 0
14 82861 11973 1 3 0
14 82861 11973 2 4 0
14 82861 33389 0 2 0
14 82861 33389 1 3 0
14 82861 33389 2 4 0
14 82861 44317 0 2 0
14 82861 44317 1 3 0
14 82861 44317 2 4 0
14 82861 22519 0 4 0
14 82861 22519 1 1 0
14 82861 22519 2 2 0
14 82861 37325 0 2 0
14 82861 37325 1 3 0
14 82861 37325 2 4 0
14 82861 51663 0 4 0
14 82861 51663 1 1 0
14 82861 51663 2 2 0
14 82861 6419 0 4 0
14 82861 6419 1 1 0
14 82861 6419 2 2 0
14 82861 14059 0 4 0
14 82861 14059 1 1 0
14 82861 14059 2 2 0
14 82861 53909 0 2 0
14 82861 53909 1 3 0
14 82861 53909 2 4 0
14 82861 25929 0 2 0
14 82861 25929 1 3 0
14 82861 25929 2 4 0
14 82861 29639 0 4 0
14 82861 29639 1 1 0
14 82861 29639 2 2 0
14 82861 61439 0 4 0
14 82861 61439 1 1 0
14 82861 61439 2 2 0
14 82861 50749 0 2 0
14 82861 50749 1 3 0
14 82861 50749 2 4 0
14 82861 23657 0 2 0
14 82861 23657 1 3 0
14 82861 23657 2 4 0
14 82861 34203 0 4 0
14 82861 34203 1 1 0
14 82861 34203 2 2 0
14 82861 73483 0 4 0
14 82861 73483 1 1 0
14 82861 73483 2 2 0
14 82861 43225 0 2 0
14 82861 43225 1 3 0
14 82861 43225 2 4 0
14 82861 16145 0 2 0
14 82861 16145 1 3 0
14 82861 16145 2 4 0
14 82861 62335 0 4 0
14 82861 62335 1 1 0
14 82861 62335 2 2 0
14 82861 73391 0 4 0
14 82861 73391 1 1 0
14 82861 73391 2 2 0
14 82861 60955 0 4 0
14 82861 60955 1 1 0
14 82861 60955 2 2 0
15 82861 43813 0 2 0
15 82861 43813 1 3 0
15 82861 43813 2 4 0
15 82861 10045 0 2 0
15 82861 10045 1 3 0
15 82861 10045 2 4 0
15 82861 24807 0 4 0
15 82861 24807 1 1 0
15 82861 24807 2 2 0
15 82861 53989 0 2 0
15 82861 53989 1 3 0
15 82861 53989 2 4 0
15 82861 49627 0 4 0
15 82861 49627 1 1 0
15 82861 49627 2 2 0
15 82861 14847 0 4 0
15 82861 14847 1 1 0
15 82861 14847 2 2 0
15 82861 66819 0 4 0
15 82861 66819 1 1 0
15 82861 66819 2 2 0
15 82861 32293 0 2 0
15 82861 32293 1 3 0
15 82861 32293 2 4 0
15 82861 17121 0 2 0
15 82861 17121 1 3 0
15 82861 17121 2 4 0
15 82861 30867 0 4 0
15 82861 30867 1 1 0
15 82861 30867 2 2 0
15 82861 6831 0 4 0
15 82861 6831 1 1 0
15 82861 6831 2 2 0
15 82861 65261 0 2 0
15 82861 65261 1 3 0
15 82861 65261 2 4 0
15 82861 41947 0 4 0
15 82861 41947 1 1 0
15 82861 41947 2 2 0
15 82861 21679 0 4 0
15 82861 21679 1 1 0
15 82861 21679 2 2 0
15 82861 10093 0 2 0
15 82861 10093 1 3 0
15 82861 10093 2 4 0
15 82861 15605 0 2 0
15 82861 15605 1 3 0
15 82861 15605 2 4 0
15 82861 4977 0 2 0
15 82861 4977 1 3 0
15 82861 4977 2 4 0
15 82861 76039 0 4 0
15 82861 76039 1 1 0
15 82861 76039 2 2 0
15 82861 35907 0 4 0
15 82861 35907 1 1 0
15 82861 35907 2 2 0
15 82861 69769 0 2 0
15 82861 69769 1 3 0
15 82861 69769 2 4 0
15 82861 16173 0 2 0
15 82861 16173 1 3 0
15 82861 16173 2 4 0
15 82861 43699 0 4 0
15 82861 43699 1 1 0
15 82861 43699 2 2 0
15 82861 30149 0 2 0
15 82861 30149 1 3 0
15 82861 30149 2 4 0
15 82861 5335 0 4 0
15 82861 5335 1 1 0
15 82861 5335 2 2 0
15 82861 81107 0 4 0
15 82861 81107 1 1 0
15 82861 81107 2 2 0
15 82861 8989 0 2 0
15 82861 8989 1 3 0
15 82861 8989 2 4 0
15 82861 65953 0 2 0
15 82861 65953 1 3 0
15 82861 65953 2 4 0
15 82861 81531 0 4 0
15 82861 81531 1 1 0
15 82861 81531 2 2 0
15 82861 77895 0 4 0
15 82861 77895 1 1 0
15 82861 77895 2 2 0
15 82861 45997 0 2 0
15 82861 45997 1 3 0
15 82861 45997 2 4 0
15 82861 59479 0 4 0
15 82861 59479 1 1 0
15 82861 59479 2 2 0
15 82861 5787 0 4 0
15 82861 5787 1 1 0
15 82861 5787 2 2 0
15 82861 50973 0 2 0
15 82861 50973 1 3 0
15 82861 50973 2 4 0
15 82861 45559 0 4 0
15 82861 45559 1 1 0
15 82861 45559 2 2 0
15 82861 41745 0 2 0
15 82861 41745 1 3 0
15 82861 41745 2 4 0
15 82861 34089 0 2 0
15 82861 34089 1 3 0
15 82861 34089 2 4 0
15 82861 67357 0 2 0
15 82861 67357 1 3 0
15 82861 67357 2 4 0
15 82861 2847 0 4 0
15 82861 2847 1 1 0
15 82861 2847 2 2 0
15 82861 36059 0 4 0
15 82861 36059 1 1 0
15 82861 36059 2 2 0
15 82861 51419 0 4 0
15 82861 51419 1 1 0
15 82861 51419 2 2 0
15 82861 74593 0 2 0
15 82861 74593 1 3 0
15 82861 74593 2 4 0
15 82861 19351 0 4 0
15 82861 19351 1 1 0
15 82861 19351 2 2 0
15 82861 18783 0 4 0
15 82861 18783 1 1 0
15 82861 18783 2 2 0
15 82861 4027 0 4 0
15 82861 4027 1 1 0
15 82861 4027 2 2 0
15 82861 2957 0 2 0
15 82861 2957 1 3 0
15 82861 2957 2 4 0
15 82861 26761 0 2 0
15 82861 26761 1 3 0
15 82861 26761 2 4 0
15 82861 67641 0 2 0
15 82861 67641 1 3 0
15 82861 67641 2 4 0
15 82861 80849 0 2 0
15 82861 80849 1 3 0
15 82861 80849 2 4 0
15 82861 6907 0 4 0
15 82861 6907 1 1 0
15 82861 6907 2 2 0
15 82861 54717 0 2 0
15 82861 54717 1 3 0
15 82861 54717 2 4 0
15 82861 16819 0 4 0
15 82861 16819 1 1 0
15 82861 16819 2 2 0
15 82861 30437 0 2 0
15 82861 30437 1 3 0
15 82861 30437 2 4 0
15 82861 2347 0 4 0
15 82861 2347 1 1 0
15 82861 2347 2 2 0
15 82861 59003 0 4 0
15 82861 59003 1 1 0
15 82861 59003 2 2 0
15 82861 30101 0 2 0
15 82861 30101 1 3 0
15 82861 30101 2 4 0
15 82861 78899 0 4 0
15 82861 78899 1 1 0
15 82861 78899 2 2 0
15 82861 32663 0 4 0
15 82861 32663 1 1 0
15 82861 32663 2 2 0
15 82861 32799 0 4 0
15 82861 32799 1 1 0
15 82861 32799 2 2 0
15 82861 51867 0 4 0
15 82861 51867 1 1 0
15 82861 51867 2 2 0
15 82861 41565 0 2 0
15 82861 41565 1 3 0
15 82861 41565 2 4 0
15 82861 207 0 4 0
15 82861 207 1 1 0
15 82861 207 2 2 0
15 82861 64921 0 2 0
15 82861 64921 1 3 0
15 82861 64921 2 4 0
15 82861 10063 0 4 0
15 82861 10063 1 1 0
15 82861 10063 2 2 0
15 82861 77521 0 2 0
15 82861 77521 1 3 0
15 82861 77521 2 4 0
15 82861 54877 0 2 0
15 82861 54877 1 3 0
15 82861 54877 2 4 0
15 82861 73621 0 2 0
15 82861 73621 1 3 0
15 82861 73621 2 4 0
15 82861 15357 0 2 0
15 82861 15357 1 3 0
15 82861 15357 2 4 0
15 82861 59579 0 4 0
15 82861 59579 1 1 0
15 82861 59579 2 2 0
15 82861 64519 0 4 0
15 82861 64519 1 1 0
15 82861 64519 2 2 0
15 82861 47187 0 4 0
15 82861 47187 1 1 0
15 82861 47187 2 2 0
15 82861 27077 0 2 0
15 82861 27077 1 3 0
15 82861 27077 2 4 0
15 82861 5839 0 4 0
15 82861 5839 1 1 0
15 82861 5839 2 2 0
15 82861 68127 0 4 0
15 82861 68127 1 1 0
15 82861 68127 2 2 0
15 82861 56277 0 2 0
15 82861 56277 1 3 0
15 82861 56277 2 4 0
15 82861 70267 0 4 0
15 82861 70267 1 1 0
15 82861 70267 2 2 0
15 82861 33715 0 4 0
15 82861 33715 1 1 0
15 82861 33715 2 2 0
15 82861 18159 0 4 0
15 82861 18159 1 1 0
15 82861 18159 2 2 0
15 82861 40177 0 2 0
15 82861 40177 1 3 0
15 82861 40177 2 4 0
15 82861 76859 0 4 0
15 82861 76859 1 1 0
15 82861 76859 2 2 0
15 82861 36763 0 4 0
15 82861 36763 1 1 0
15 82861 36763 2 2 0
15 82861 18727 0 4 0
15 82861 18727 1 1 0
15 82861 18727 2 2 0
15 82861 21043 0 4 0
15 82861 21043 1 1 0
15 82861 21043 2 2 0
15 82861 63759 0 4 0
15 82861 63759 1 1 0
15 82861 63759 2 2 0
15 82861 78255 0 4 0
15 82861 78255 1 1 0
15 82861 78255 2 2 0
15 82861 69403 0 4 0
15 82861 69403 1 1 0
15 82861 69403 2 2 0
15 82861 50929 0 2 0
15 82861 50929 1 3 0
15 82861 50929 2 4 0
15 82861 54959 0 4 0
15 82861 54959 1 1 0
15 82861 54959 2 2 0
15 82861 70903 0 4 0
15 82861 70903 1 1 0
15 82861 70903 2 2 0
15 82861 76509 0 2 0
15 82861 76509 1 3 0
15 82861 76509 2 4 0
15 82861 61015 0 4 0
15 82861 61015 1 1 0
15 82861 61015 2 2 0
15 82861 72501 0 2 0
15 82861 72501 1 3 0
15 82861 72501 2 4 0
15 82861 35237 0 2 0
15 82861 35237 1 3 0
15 82861 35237 2 4 0
15 82861 58805 0 2 0
15 82861 58805 1 3 0
15 82861 58805 2 4 0
15 82861 39003 0 4 0
15 82861 39003 1 1 0
15 82861 39003 2 2 0
15 82861 44953 0 2 0
15 82861 44953 1 3 0
15 82861 44953 2 4 0
15 82861 69307 0 4 0
15 82861 69307 1 1 0
15 82861 69307 2 2 0
15 82861 74463 0 4 0
15 82861 74463 1 1 0
15 82861 74463 2 2 0
15 82861 70583 0 4 0
15 82861 70583 1 1 0
15 82861 70583 2 2 0
15 82861 36107 0 4 0
15 82861 36107 1 1 0
15 82861 36107 2 2 0
15 82861 62225 0 2 0
15 82861 62225 1 3 0
15 82861 62225 2 4 0
15 82861 53655 0 4 0
15 82861 53655 1 1 0
15 82861 53655 2 2 0
15 82861 31791 0 4 0
15 82861 31791 1 1 0
15 82861 31791 2 2 0
15 82861 48283 0 4 0
15 82861 48283 1 1 0
15 82861 48283 2 2 0
15 82861 26707 0 4 0
15 82861 26707 1 1 0
15 82861 26707 2 2 0
15 82861 64213 0 2 0
15 82861 64213 1 3 0
15 82861 64213 2 4 0
15 82861 50419 0 4 0
15 82861 50419 1 1 0
15 82861 50419 2 2 0
15 82861 26513 0 2 0
15 82861 26513 1 3 0
15 82861 26513 2 4 0
15 82861 13869 0 2 0
15 82861 13869 1 3 0
15 82861 13869 2 4 0
15 82861 42433 0 2 0
15 82861 42433 1 3 0
15 82861 42433 2 4 0
15 82861 45363 0 4 0
15 82861 45363 1 1 0
15 82861 45363 2 2 0
15 82861 44197 0 2 0
15 82861 44197 1 3 0
15 82861 44197 2 4 0
15 82861 6729 0 2 0
15 82861 6729 1 3 0
15 82861 6729 2 4 0
15 82861 20795 0 4 0
15 82861 20795 1 1 0
15 82861 20795 2 2 0
15 82861 23377 0 2 0
15 82861 23377 1 3 0
15 82861 23377 2 4 0
15 82861 9053 0 2 0
15 82861 9053 1 3 0
15 82861 9053 2 4 0
15 82861 64283 0 4 0
15 82861 64283 1 1 0
15 82861 64283 2 2 0
15 82861 1263 0 4 0
15 82861 1263 1 1 0
15 82861 1263 2 2 0
15 82861 2191 0 4 0
15 82861 2191 1 1 0
15 82861 2191 2 2 0
15 82861 60949 0 2 0
15 82861 60949 1 3 0
15 82861 60949 2 4 0
15 82861 28791 0 4 0
15 82861 28791 1 1 0
15 82861 28791 2 2 0
15 82861 50439 0 4 0
15 82861 50439 1 1 0
15 82861 50439 2 2 0
15 82861 12239 0 4 0
15 82861 12239 1 1 0
15 82861 12239 2 2 0
15 82861 16631 0 4 0
15 82861 16631 1 1 0
15 82861 16631 2 2 0
15 82861 1761 0 2 0
15 82861 1761 1 3 0
15 82861 1761 2 4 0
15 82861 66505 0 2 0
15 82861 66505 1 3 0
15 82861 66505 2 4 0
15 82861 3699 0 4 0
15 82861 3699 1 1 0
15 82861 3699 2 2 0
15 82861 66981 0 2 0
15 82861 66981 1 3 0
15 82861 66981 2 4 0
15 82861 46045 0 2 0
15 82861 46045 1 3 0
15 82861 46045 2 4 0
15 82861 12537 0 2 0
15 82861 12537 1 3 0
15 82861 12537 2 4 0
15 82861 5181 0 2 0
15 82861 5181 1 3 0
15 82861 5181 2 4 0
15 82861 48447 0 4 0
15 82861 48447 1 1 0
15 82861 48447 2 2 0
15 82861 70789 0 2 0
15 82861 70789 1 3 0
15 82861 70789 2 4 0
15 82861 34063 0 4 0
15 82861 34063 1 1 0
15 82861 34063 2 2 0
15 82861 10179 0 4 0
15 82861 10179 1 1 0
15 82861 10179 2 2 0
15 82861 37447 0 4 0
15 82861 37447 1 1 0
15 82861 37447 2 2 0
15 82861 14917 0 2 0
15 82861 14917 1 3 0
15 82861 14917 2 4 0
15 82861 24851 0 4 0
15 82861 24851 1 1 0
15 82861 24851 2 2 0
15 82861 49737 0 2 0
15 82861 49737 1 3 0
15 82861 49737 2 4 0
15 82861 11819 0 4 0
15 82861 11819 1 1 0
15 82861 11819 2 2 0
15 82861 4215 0 4 0
15 82861 4215 1 1 0
15 82861 4215 2 2 0
15 82861 46285 0 2 0
15 82861 46285 1 3 0
15 82861 46285 2 4 0
15 82861 47605 0 2 0
15 82861 47605 1 3 0
15 82861 47605 2 4 0
15 82861 77219 0 4 0
15 82861 77219 1 1 0
15 82861 77219 2 2 0
15 82861 49089 0 2 0
15 82861 49089 1 3 0
15 82861 49089 2 4 0
15 82861 52501 0 2 0
15 82861 52501 1 3 0
15 82861 52501 2 4 0
15 82861 64683 0 4 0
15 82861 64683 1 1 0
15 82861 64683 2 2 0
15 82861 68555 0 4 0
15 82861 68555 1 1 0
15 82861 68555 2 2 0
15 82861 5041 0 2 0
15 82861 5041 1 3 0
15 82861 5041 2 4 0
15 82861 48759 0 4 0
15 82861 48759 1 1 0
15 82861 48759 2 2 0
15 82861 633 0 2 0
15 82861 633 1 3 0
15 82861 633 2 4 0
15 82861 43353 0 2 0
15 82861 43353 1 3 0
15 82861 43353 2 4 0
15 82861 18163 0 4 0
15 82861 18163 1 1 0
15 82861 18163 2 2 0
15 82861 29479 0 4 0
15 82861 29479 1 1 0
15 82861 29479 2 2 0
15 82861 60285 0 2 0
15 82861 60285 1 3 0
15 82861 60285 2 4 0
15 82861 13579 0 4 0
15 82861 13579 1 1 0
15 82861 13579 2 2 0
15 82861 72669 0 2 0
15 82861 72669 1 3 0
15 82861 72669 2 4 0
15 82861 18295 0 4 0
15 82861 18295 1 1 0
15 82861 18295 2 2 0
15 82861 15073 0 2 0
15 82861 15073 1 3 0
15 82861 15073 2 4 0
15 82861 297 0 2 0
15 82861 297 1 3 0
15 82861 297 2 4 0
15 82861 34543 0 4 0
15 82861 34543 1 1 0
15 82861 34543 2 2 0
15 82861 80385 0 2 0
15 82861 80385 1 3 0
15 82861 80385 2 4 0
15 82861 29545 0 2 0
15 82861 29545 1 3 0
15 82861 29545 2 4 0
15 82861 53063 0 4 0
15 82861 53063 1 1 0
15 82861 53063 2 2 0
15 82861 26077 0 2 0
15 82861 26077 1 3 0
15 82861 26077 2 4 0
15 82861 17241 0 2 0
15 82861 17241 1 3 0
15 82861 17241 2 4 0
15 82861 73221 0 2 0
15 82861 73221 1 3 0
15 82861 73221 2 4 0
15 82861 11291 0 4 0
15 82861 11291 1 1 0
15 82861 11291 2 2 0
15 82861 33059 0 4 0
15 82861 33059 1 1 0
15 82861 33059 2 2 0
15 82861 79765 0 2 0
15 82861 79765 1 3 0
15 82861 79765 2 4 0
15 82861 57919 0 4 0
15 82861 57919 1 1 0
15 82861 57919 2 2 0
15 82861 66651 0 4 0
15 82861 66651 1 1 0
15 82861 66651 2 2 0
15 82861 40943 0 4 0
15 82861 40943 1 1 0
15 82861 40943 2 2 0
15 82861 50769 0 2 0
15 82861 50769 1 3 0
15 82861 50769 2 4 0
15 82861 27745 0 2 0
15 82861 27745 1 3 0
15 82861 27745 2 4 0
15 82861 33565 0 2 0
15 82861 33565 1 3 0
15 82861 33565 2 4 0
15 82861 9527 0 4 0
15 82861 9527 1 1 0
15 82861 9527 2 2 0
15 82861 56273 0 2 0
15 82861 56273 1 3 0
15 82861 56273 2 4 0
15 82861 17319 0 4 0
15 82861 17319 1 1 0
15 82861 17319 2 2 0
15 82861 25035 0 4 0
15 82861 25035 1 1 0
15 82861 25035 2 2 0
15 82861 8851 0 4 0
15 82861 8851 1 1 0
15 82861 8851 2 2 0
15 82861 39691 0 4 0
15 82861 39691 1 1 0
15 82861 39691 2 2 0
15 82861 62549 0 2 0
15 82861 62549 1 3 0
15 82861 62549 2 4 0
15 82861 5491 0 4 0
15 82861 5491 1 1 0
15 82861 5491 2 2 0
15 82861 20593 0 2 0
15 82861 20593 1 3 0
15 82861 20593 2 4 0
15 82861 40341 0 2 0
15 82861 40341 1 3 0
15 82861 40341 2 4 0
15 82861 4753 0 2 0
15 82861 4753 1 3 0
15 82861 4753 2 4 0
15 82861 35099 0 4 0
15 82861 35099 1 1 0
15 82861 35099 2 2 0
15 82861 42667 0 4 0
15 82861 42667 1 1 0
15 82861 42667 2 2 0
15 82861 33053 0 2 0
15 82861 33053 1 3 0
15 82861 33053 2 4 0
15 82861 78619 0 4 0
15 82861 78619 1 1 0
15 82861 78619 2 2 0
15 82861 33789 0 2 0
15 82861 33789 1 3 0
15 82861 33789 2 4 0
15 82861 26069 0 2 0
15 82861 26069 1 3 0
15 82861 26069 2 4 0
15 82861 79603 0 4 0
15 82861 79603 1 1 0
15 82861 79603 2 2 0
15 82861 15963 0 4 0
15 82861 15963 1 1 0
15 82861 15963 2 2 0
15 82861 63263 0 4 0
15 82861 63263 1 1 0
15 82861 63263 2 2 0
15 82861 52361 0 2 0
15 82861 52361 1 3 0
15 82861 52361 2 4 0
15 82861 57181 0 2 0
15 82861 57181 1 3 0
15 82861 57181 2 4 0
15 82861 22469 0 2 0
15 82861 22469 1 3 0
15 82861 22469 2 4 0
15 82861 43653 0 2 0
15 82861 43653 1 3 0
15 82861 43653 2 4 0
15 82861 76267 0 4 0
15 82861 76267 1 1 0
15 82861 76267 2 2 0
15 82861 6483 0 4 0
15 82861 6483 1 1 0
15 82861 6483 2 2 0
15 82861 6973 0 2 0
15 82861 6973 1 3 0
15 82861 6973 2 4 0
15 82861 59925 0 2 0
15 82861 59925 1 3 0
15 82861 59925 2 4 0
15 82861 26967 0 4 0
15 82861 26967 1 1 0
15 82861 26967 2 2 0
15 82861 20271 0 4 0
15 82861 20271 1 1 0
15 82861 20271 2 2 0
15 82861 62169 0 2 0
15 82861 62169 1 3 0
15 82861 62169 2 4 0
15 82861 97 0 2 0
15 82861 97 1 3 0
15 82861 97 2 4 0
15 82861 37779 0 4 0
15 82861 37779 1 1 0
15 82861 37779 2 2 0
15 82861 31807 0 4 0
15 82861 31807 1 1 0
15 82861 31807 2 2 0
15 82861 67859 0 4 0
15 82861 67859 1 1 0
15 82861 67859 2 2 0
15 82861 33713 0 2 0
15 82861 33713 1 3 0
15 82861 33713 2 4 0
15 82861 55461 0 2 0
15 82861 55461 1 3 0
15 82861 55461 2 4 0
15 82861 3285 0 2 0
15 82861 3285 1 3 0
15 82861 3285 2 4 0
15 82861 75163 0 4 0
15 82861 75163 1 1 0
15 82861 75163 2 2 0
15 82861 75487 0 4 0
15 82861 75487 1 1 0
15 82861 75487 2 2 0
15 82861 3853 0 2 0
15 82861 3853 1 3 0
15 82861 3853 2 4 0
15 82861 61281 0 2 0
15 82861 61281 1 3 0
15 82861 61281 2 4 0
15 82861 77169 0 2 0
15 82861 77169 1 3 0
15 82861 77169 2 4 0
15 82861 12303 0 4 0
15 82861 12303 1 1 0
15 82861 12303 2 2 0
15 82861 18085 0 2 0
15 82861 18085 1 3 0
15 82861 18085 2 4 0
15 82861 45473 0 2 0
15 82861 45473 1 3 0
15 82861 45473 2 4 0
15 82861 50619 0 4 0
15 82861 50619 1 1 0
15 82861 50619 2 2 0
15 82861 54951 0 4 0
15 82861 54951 1 1 0
15 82861 54951 2 2 0
15 82861 9071 0 4 0
15 82861 9071 1 1 0
15 82861 9071 2 2 0
15 82861 7435 0 4 0
15 82861 7435 1 1 0
15 82861 7435 2 2 0
15 82861 45611 0 4 0
15 82861 45611 1 1 0
15 82861 45611 2 2 0
15 82861 20523 0 4 0
15 82861 20523 1 1 0
15 82861 20523 2 2 0
15 82861 65239 0 4 0
15 82861 65239 1 1 0
15 82861 65239 2 2 0
15 82861 40655 0 4 0
15 82861 40655 1 1 0
15 82861 40655 2 2 0
15 82861 11735 0 4 0
15 82861 11735 1 1 0
15 82861 11735 2 2 0
15 82861 81879 0 4 0
15 82861 81879 1 1 0
15 82861 81879 2 2 0
15 82861 21509 0 2 0
15 82861 21509 1 3 0
15 82861 21509 2 4 0
15 82861 22581 0 2 0
15 82861 22581 1 3 0
15 82861 22581 2 4 0
15 82861 18119 0 4 0
15 82861 18119 1 1 0
15 82861 18119 2 2 0
15 82861 65427 0 4 0
15 82861 65427 1 1 0
15 82861 65427 2 2 0
15 82861 70345 0 2 0
15 82861 70345 1 3 0
15 82861 70345 2 4 0
15 82861 57511 0 4 0
15 82861 57511 1 1 0
15 82861 57511 2 2 0
15 82861 46505 0 2 0
15 82861 46505 1 3 0
15 82861 46505 2 4 0
15 82861 19645 0 2 0
15 82861 19645 1 3 0
15 82861 19645 2 4 0
15 82861 66015 0 4 0
15 82861 66015 1 1 0
15 82861 66015 2 2 0
15 82861 40849 0 2 0
15 82861 40849 1 3 0
15 82861 40849 2 4 0
15 82861 39373 0 2 0
15 82861 39373 1 3 0
15 82861 39373 2 4 0
15 82861 43321 0 2 0
15 82861 43321 1 3 0
15 82861 43321 2 4 0
15 82861 61601 0 2 0
15 82861 61601 1 3 0
15 82861 61601 2 4 0
15 82861 61431 0 4 0
15 82861 61431 1 1 0
15 82861 61431 2 2 0
15 82861 41425 0 2 0
15 82861 41425 1 3 0
15 82861 41425 2 4 0
15 82861 52061 0 2 0
15 82861 52061 1 3 0
15 82861 52061 2 4 0
15 82861 2119 0 4 0
15 82861 2119 1 1 0
15 82861 2119 2 2 0
15 82861 2045 0 2 0
15 82861 2045 1 3 0
15 82861 2045 2 4 0
15 82861 59795 0 4 0
15 82861 59795 1 1 0
15 82861 59795 2 2 0
15 82861 71481 0 2 0
15 82861 71481 1 3 0
15 82861 71481 2 4 0
15 82861 38413 0 2 0
15 82861 38413 1 3 0
15 82861 38413 2 4 0
15 82861 5019 0 4 0
15 82861 5019 1 1 0
15 82861 5019 2 2 0
15 82861 10941 0 2 0
15 82861 10941 1 3 0
15 82861 10941 2 4 0
15 82861 31933 0 2 0
15 82861 31933 1 3 0
15 82861 31933 2 4 0
15 82861 67285 0 2 0
15 82861 67285 1 3 0
15 82861 67285 2 4 0
15 82861 15645 0 2 0
15 82861 15645 1 3 0
15 82861 15645 2 4 0
15 82861 28711 0 4 0
15 82861 28711 1 1 0
15 82861 28711 2 2 0
15 82861 32889 0 2 0
15 82861 32889 1 3 0
15 82861 32889 2 4 0
15 82861 12639 0 4 0
15 82861 12639 1 1 0
15 82861 12639 2 2 0
15 82861 14473 0 2 0
15 82861 14473 1 3 0
15 82861 14473 2 4 0
15 82861 47069 0 2 0
15 82861 47069 1 3 0
15 82861 47069 2 4 0
15 82861 70737 0 2 0
15 82861 70737 1 3 0
15 82861 70737 2 4 0
15 82861 45047 0 4 0
15 82861 45047 1 1 0
15 82861 45047 2 2 0
15 82861 9645 0 2 0
15 82861 9645 1 3 0
15 82861 9645 2 4 0
15 82861 39381 0 2 0
15 82861 39381 1 3 0
15 82861 39381 2 4 0
15 82861 45287 0 4 0
15 82861 45287 1 1 0
15 82861 45287 2 2 0
15 82861 35225 0 2 0
15 82861 35225 1 3 0
15 82861 35225 2 4 0
15 82861 76593 0 2 0
15 82861 76593 1 3 0
15 82861 76593 2 4 0
15 82861 26289 0 2 0
15 82861 26289 1 3 0
15 82861 26289 2 4 0
15 82861 10147 0 4 0
15 82861 10147 1 1 0
15 82861 10147 2 2 0
15 82861 35569 0 2 0
15 82861 35569 1 3 0
15 82861 35569 2 4 0
15 82861 30469 0 2 0
15 82861 30469 1 3 0
15 82861 30469 2 4 0
15 82861 33117 0 2 0
15 82861 33117 1 3 0
15 82861 33117 2 4 0
15 82861 43817 0 2 0
15 82861 43817 1 3 0
15 82861 43817 2 4 0
15 82861 68643 0 4 0
15 82861 68643 1 1 0
15 82861 68643 2 2 0
15 82861 18501 0 2 0
15 82861 18501 1 3 0
15 82861 18501 2 4 0
15 82861 73543 0 4 0
15 82861 73543 1 1 0
15 82861 73543 2 2 0
15 82861 38241 0 2 0
15 82861 38241 1 3 0
15 82861 38241 2 4 0
15 82861 78911 0 4 0
15 82861 78911 1 1 0
15 82861 78911 2 2 0
15 82861 6195 0 4 0
15 82861 6195 1 1 0
15 82861 6195 2 2 0
15 82861 16953 0 2 0
15 82861 16953 1 3 0
15 82861 16953 2 4 0
15 82861 18271 0 4 0
15 82861 18271 1 1 0
15 82861 18271 2 2 0
15 82861 24723 0 4 0
15 82861 24723 1 1 0
15 82861 24723 2 2 0
15 82861 12687 0 4 0
15 82861 12687 1 1 0
15 82861 12687 2 2 0
15 82861 35937 0 2 0
15 82861 35937 1 3 0
15 82861 35937 2 4 0
15 82861 80083 0 4 0
15 82861 80083 1 1 0
15 82861 80083 2 2 0
15 82861 56817 0 2 0
15 82861 56817 1 3 0
15 82861 56817 2 4 0
15 82861 47881 0 2 0
15 82861 47881 1 3 0
15 82861 47881 2 4 0
15 82861 6143 0 4 0
15 82861 6143 1 1 0
15 82861 6143 2 2 0
15 82861 13069 0 2 0
15 82861 13069 1 3 0
15 82861 13069 2 4 0
15 82861 73759 0 4 0
15 82861 73759 1 1 0
15 82861 73759 2 2 0
15 82861 74759 0 4 0
15 82861 74759 1 1 0
15 82861 74759 2 2 0
15 82861 48299 0 4 0
15 82861 48299 1 1 0
15 82861 48299 2 2 0
15 82861 43087 0 4 0
15 82861 43087 1 1 0
15 82861 43087 2 2 0
15 82861 7797 0 2 0
15 82861 7797 1 3 0
15 82861 7797 2 4 0
15 82861 65963 0 4 0
15 82861 65963 1 1 0
15 82861 65963 2 2 0
15 82861 11077 0 2 0
15 82861 11077 1 3 0
15 82861 11077 2 4 0
15 82861 6577 0 2 0
15 82861 6577 1 3 0
15 82861 6577 2 4 0
15 82861 50689 0 2 0
15 82861 50689 1 3 0
15 82861 50689 2 4 0
15 82861 63309 0 2 0
15 82861 63309 1 3 0
15 82861 63309 2 4 0
15 82861 41627 0 4 0
15 82861 41627 1 1 0
15 82861 41627 2 2 0
15 82861 21281 0 2 0
15 82861 21281 1 3 0
15 82861 21281 2 4 0
15 82861 33019 0 4 0
15 82861 33019 1 1 0
15 82861 33019 2 2 0
15 82861 38291 0 4 0
15 82861 38291 1 1 0
15 82861 38291 2 2 0
15 82861 2363 0 4 0
15 82861 2363 1 1 0
15 82861 2363 2 2 0
15 82861 42653 0 2 0
15 82861 42653 1 3 0
15 82861 42653 2 4 0
15 82861 45519 0 4 0
15 82861 45519 1 1 0
15 82861 45519 2 2 0
15 82861 39515 0 4 0
15 82861 39515 1 1 0
15 82861 39515 2 2 0
15 82861 29997 0 2 0
15 82861 29997 1 3 0
15 82861 29997 2 4 0
15 82861 6345 0 2 0
15 82861 6345 1 3 0
15 82861 6345 2 4 0
15 82861 7235 0 4 0
15 82861 7235 1 1 0
15 82861 7235 2 2 0
15 82861 1041 0 2 0
15 82861 1041 1 3 0
15 82861 1041 2 4 0
15 82861 57985 0 2 0
15 82861 57985 1 3 0
15 82861 57985 2 4 0
15 82861 76773 0 2 0
15 82861 76773 1 3 0
15 82861 76773 2 4 0
15 82861 75987 0 4 0
15 82861 75987 1 1 0
15 82861 75987 2 2 0
15 82861 37789 0 2 0
15 82861 37789 1 3 0
15 82861 37789 2 4 0
15 82861 58445 0 2 0
15 82861 58445 1 3 0
15 82861 58445 2 4 0
15 82861 44903 0 4 0
15 82861 44903 1 1 0
15 82861 44903 2 2 0
15 82861 24071 0 4 0
15 82861 24071 1 1 0
15 82861 24071 2 2 0
15 82861 7967 0 4 0
15 82861 7967 1 1 0
15 82861 7967 2 2 0
15 82861 50495 0 4 0
15 82861 50495 1 1 0
15 82861 50495 2 2 0
15 82861 78885 0 2 0
15 82861 78885 1 3 0
15 82861 78885 2 4 0
15 82861 47731 0 4 0
15 82861 47731 1 1 0
15 82861 47731 2 2 0
15 82861 4497 0 2 0
15 82861 4497 1 3 0
15 82861 4497 2 4 0
15 82861 18729 0 2 0
15 82861 18729 1 3 0
15 82861 18729 2 4 0
15 82861 52685 0 2 0
15 82861 52685 1 3 0
15 82861 52685 2 4 0
15 82861 54511 0 4 0
15 82861 54511 1 1 0
15 82861 54511 2 2 0
15 82861 42743 0 4 0
15 82861 42743 1 1 0
15 82861 42743 2 2 0
15 82861 17081 0 2 0
15 82861 17081 1 3 0
15 82861 17081 2 4 0
15 82861 6397 0 2 0
15 82861 6397 1 3 0
15 82861 6397 2 4 0
15 82861 43793 0 2 0
15 82861 43793 1 3 0
15 82861 43793 2 4 0
15 82861 28359 0 4 0
15 82861 28359 1 1 0
15 82861 28359 2 2 0
15 82861 56845 0 2 0
15 82861 56845 1 3 0
15 82861 56845 2 4 0
15 82861 6691 0 4 0
15 82861 6691 1 1 0
15 82861 6691 2 2 0
15 82861 23339 0 4 0
15 82861 23339 1 1 0
15 82861 23339 2 2 0
15 82861 36169 0 2 0
15 82861 36169 1 3 0
15 82861 36169 2 4 0
15 82861 44055 0 4 0
15 82861 44055 1 1 0
15 82861 44055 2 2 0
15 82861 56363 0 4 0
15 82861 56363 1 1 0
15 82861 56363 2 2 0
15 82861 4607 0 4 0
15 82861 4607 1 1 0
15 82861 4607 2 2 0
15 82861 66749 0 2 0
15 82861 66749 1 3 0
15 82861 66749 2 4 0
15 82861 44817 0 2 0
15 82861 44817 1 3 0
15 82861 44817 2 4 0
15 82861 21355 0 4 0
15 82861 21355 1 1 0
15 82861 21355 2 2 0
15 82861 26167 0 4 0
15 82861 26167 1 1 0
15 82861 26167 2 2 0
15 82861 27321 0 2 0
15 82861 27321 1 3 0
15 82861 27321 2 4 0
15 82861 81765 0 2 0
15 82861 81765 1 3 0
15 82861 81765 2 4 0
15 82861 8675 0 4 0
15 82861 8675 1 1 0
15 82861 8675 2 2 0
15 82861 67927 0 4 0
15 82861 67927 1 1 0
15 82861 67927 2 2 0
15 82861 59715 0 4 0
15 82861 59715 1 1 0
15 82861 59715 2 2 0
15 82861 45791 0 4 0
15 82861 45791 1 1 0
15 82861 45791 2 2 0
15 82861 58125 0 2 0
15 82861 58125 1 3 0
15 82861 58125 2 4 0
15 82861 75585 0 2 0
15 82861 75585 1 3 0
15 82861 75585 2 4 0
15 82861 329 0 2 0
15 82861 329 1 3 0
15 82861 329 2 4 0
15 82861 5665 0 2 0
15 82861 5665 1 3 0
15 82861 5665 2 4 0
15 82861 77447 0 4 0
15 82861 77447 1 1 0
15 82861 77447 2 2 0
15 82861 10133 0 2 0
15 82861 10133 1 3 0
15 82861 10133 2 4 0
15 82861 9705 0 2 0
15 82861 9705 1 3 0
15 82861 9705 2 4 0
15 82861 81587 0 4 0
15 82861 81587 1 1 0
15 82861 81587 2 2 0
15 82861 42553 0 2 0
15 82861 42553 1 3 0
15 82861 42553 2 4 0
15 82861 23209 0 2 0
15 82861 23209 1 3 0
15 82861 23209 2 4 0
15 82861 35371 0 4 0
15 82861 35371 1 1 0
15 82861 35371 2 2 0
15 82861 56543 0 4 0
15 82861 56543 1 1 0
15 82861 56543 2 2 0
15 82861 7585 0 2 0
15 82861 7585 1 3 0
15 82861 7585 2 4 0
15 82861 65523 0 4 0
15 82861 65523 1 1 0
15 82861 65523 2 2 0
15 82861 1535 0 4 0
15 82861 1535 1 1 0
15 82861 1535 2 2 0
15 82861 12567 0 4 0
15 82861 12567 1 1 0
15 82861 12567 2 2 0
15 82861 16209 0 2 0
15 82861 16209 1 3 0
15 82861 16209 2 4 0
15 82861 54545 0 2 0
15 82861 54545 1 3 0
15 82861 54545 2 4 0
15 82861 41321 0 2 0
15 82861 41321 1 3 0
15 82861 41321 2 4 0
15 82861 28203 0 4 0
15 82861 28203 1 1 0
15 82861 28203 2 2 0
15 82861 34889 0 2 0
15 82861 34889 1 3 0
15 82861 34889 2 4 0
15 82861 32285 0 2 0
15 82861 32285 1 3 0
15 82861 32285 2 4 0
15 82861 30173 0 2 0
15 82861 30173 1 3 0
15 82861 30173 2 4 0
15 82861 24867 0 4 0
15 82861 24867 1 1 0
15 82861 24867 2 2 0
15 82861 11293 0 2 0
15 82861 11293 1 3 0
15 82861 11293 2 4 0
15 82861 28007 0 4 0
15 82861 28007 1 1 0
15 82861 28007 2 2 0
15 82861 22413 0 2 0
15 82861 22413 1 3 0
15 82861 22413 2 4 0
15 82861 44603 0 4 0
15 82861 44603 1 1 0
15 82861 44603 2 2 0
15 82861 20397 0 2 0
15 82861 20397 1 3 0
15 82861 20397 2 4 0
15 82861 72803 0 4 0
15 82861 72803 1 1 0
15 82861 72803 2 2 0
15 82861 32003 0 4 0
15 82861 32003 1 1 0
15 82861 32003 2 2 0
15 82861 12539 0 4 0
15 82861 12539 1 1 0
15 82861 12539 2 2 0
15 82861 77527 0 4 0
15 82861 77527 1 1 0
15 82861 77527 2 2 0
15 82861 64383 0 4 0
15 82861 64383 1 1 0
15 82861 64383 2 2 0
15 82861 49099 0 4 0
15 82861 49099 1 1 0
15 82861 49099 2 2 0
15 82861 70947 0 4 0
15 82861 70947 1 1 0
15 82861 70947 2 2 0
15 82861 23155 0 4 0
15 82861 23155 1 1 0
15 82861 23155 2 2 0
15 82861 75597 0 2 0
15 82861 75597 1 3 0
15 82861 75597 2 4 0
15 82861 33417 0 2 0
15 82861 33417 1 3 0
15 82861 33417 2 4 0
15 82861 44619 0 4 0
15 82861 44619 1 1 0
15 82861 44619 2 2 0
15 82861 18821 0 2 0
15 82861 18821 1 3 0
15 82861 18821 2 4 0
15 82861 17031 0 4 0
15 82861 17031 1 1 0
15 82861 17031 2 2 0
15 82861 26103 0 4 0
15 82861 26103 1 1 0
15 82861 26103 2 2 0
15 82861 37355 0 4 0
15 82861 37355 1 1 0
15 82861 37355 2 2 0
15 82861 79267 0 4 0
15 82861 79267 1 1 0
15 82861 79267 2 2 0
15 82861 38343 0 4 0
15 82861 38343 1 1 0
15 82861 38343 2 2 0
15 82861 8893 0 2 0
15 82861 8893 1 3 0
15 82861 8893 2 4 0
15 82861 80269 0 2 0
15 82861 80269 1 3 0
15 82861 80269 2 4 0
15 82861 11125 0 2 0
15 82861 11125 1 3 0
15 82861 11125 2 4 0
15 82861 52887 0 4 0
15 82861 52887 1 1 0
15 82861 52887 2 2 0
15 82861 56505 0 2 0
15 82861 56505 1 3 0
15 82861 56505 2 4 0
15 82861 52609 0 2 0
15 82861 52609 1 3 0
15 82861 52609 2 4 0
15 82861 11569 0 2 0
15 82861 11569 1 3 0
15 82861 11569 2 4 0
15 82861 38663 0 4 0
15 82861 38663 1 1 0
15 82861 38663 2 2 0
15 82861 39965 0 2 0
15 82861 39965 1 3 0
15 82861 39965 2 4 0
15 82861 53011 0 4 0
15 82861 53011 1 1 0
15 82861 53011 2 2 0
15 82861 68939 0 4 0
15 82861 68939 1 1 0
15 82861 68939 2 2 0
15 82861 50249 0 2 0
15 82861 50249 1 3 0
15 82861 50249 2 4 0
15 82861 35701 0 2 0
15 82861 35701 1 3 0
15 82861 35701 2 4 0
15 82861 79985 0 2 0
15 82861 79985 1 3 0
15 82861 79985 2 4 0
15 82861 76641 0 2 0
15 82861 76641 1 3 0
15 82861 76641 2 4 0
15 82861 4551 0 4 0
15 82861 4551 1 1 0
15 82861 4551 2 2 0
15 82861 56025 0 2 0
15 82861 56025 1 3 0
15 82861 56025 2 4 0
15 82861 62781 0 2 0
15 82861 62781 1 3 0
15 82861 62781 2 4 0
15 82861 14651 0 4 0
15 82861 14651 1 1 0
15 82861 14651 2 2 0
15 82861 629 0 2 0
15 82861 629 1 3 0
15 82861 629 2 4 0
15 82861 7637 0 2 0
15 82861 7637 1 3 0
15 82861 7637 2 4 0
15 82861 56701 0 2 0
15 82861 56701 1 3 0
15 82861 56701 2 4 0
15 82861 54687 0 4 0
15 82861 54687 1 1 0
15 82861 54687 2 2 0
15 82861 2067 0 4 0
15 82861 2067 1 1 0
15 82861 2067 2 2 0
15 82861 36097 0 2 0
15 82861 36097 1 3 0
15 82861 36097 2 4 0
15 82861 383 0 4 0
15 82861 383 1 1 0
15 82861 383 2 2 0
15 82861 46587 0 4 0
15 82861 46587 1 1 0
15 82861 46587 2 2 0
15 82861 78915 0 4 0
15 82861 78915 1 1 0
15 82861 78915 2 2 0
15 82861 7325 0 2 0
15 82861 7325 1 3 0
15 82861 7325 2 4 0
15 82861 65137 0 2 0
15 82861 65137 1 3 0
15 82861 65137 2 4 0
15 82861 59967 0 4 0
15 82861 59967 1 1 0
15 82861 59967 2 2 0
15 82861 58437 0 2 0
15 82861 58437 1 3 0
15 82861 58437 2 4 0
15 82861 60121 0 2 0
15 82861 60121 1 3 0
15 82861 60121 2 4 0
15 82861 2767 0 4 0
15 82861 2767 1 1 0
15 82861 2767 2 2 0
15 82861 67651 0 4 0
15 82861 67651 1 1 0
15 82861 67651 2 2 0
15 82861 53609 0 2 0
15 82861 53609 1 3 0
15 82861 53609 2 4 0
15 82861 15339 0 4 0
15 82861 15339 1 1 0
15 82861 15339 2 2 0
15 82861 29303 0 4 0
15 82861 29303 1 1 0
15 82861 29303 2 2 0
15 82861 56387 0 4 0
15 82861 56387 1 1 0
15 82861 56387 2 2 0
15 82861 78327 0 4 0
15 82861 78327 1 1 0
15 82861 78327 2 2 0
15 82861 38009 0 2 0
15 82861 38009 1 3 0
15 82861 38009 2 4 0
15 82861 44375 0 4 0
15 82861 44375 1 1 0
15 82861 44375 2 2 0
15 82861 38809 0 2 0
15 82861 38809 1 3 0
15 82861 38809 2 4 0
15 82861 56747 0 4 0
15 82861 56747 1 1 0
15 82861 56747 2 2 0
15 82861 18299 0 4 0
15 82861 18299 1 1 0
15 82861 18299 2 2 0
15 82861 58315 0 4 0
15 82861 58315 1 1 0
15 82861 58315 2 2 0
15 82861 34985 0 2 0
15 82861 34985 1 3 0
15 82861 34985 2 4 0
15 82861 63301 0 2 0
15 82861 63301 1 3 0
15 82861 63301 2 4 0
15 82861 8563 0 4 0
15 82861 8563 1 1 0
15 82861 8563 2 2 0
15 82861 19697 0 2 0
15 82861 19697 1 3 0
15 82861 19697 2 4 0
15 82861 6969 0 2 0
15 82861 6969 1 3 0
15 82861 6969 2 4 0
15 82861 76351 0 4 0
15 82861 76351 1 1 0
15 82861 76351 2 2 0
15 82861 71247 0 4 0
15 82861 71247 1 1 0
15 82861 71247 2 2 0
15 82861 76953 0 2 0
15 82861 76953 1 3 0
15 82861 76953 2 4 0
15 82861 10119 0 4 0
15 82861 10119 1 1 0
15 82861 10119 2 2 0
15 82861 15925 0 2 0
15 82861 15925 1 3 0
15 82861 15925 2 4 0
15 82861 68745 0 2 0
15 82861 68745 1 3 0
15 82861 68745 2 4 0
15 82861 59729 0 2 0
15 82861 59729 1 3 0
15 82861 59729 2 4 0
15 82861 64755 0 4 0
15 82861 64755 1 1 0
15 82861 64755 2 2 0
15 82861 22191 0 4 0
15 82861 22191 1 1 0
15 82861 22191 2 2 0
15 82861 2795 0 4 0
15 82861 2795 1 1 0
15 82861 2795 2 2 0
15 82861 65543 0 4 0
15 82861 65543 1 1 0
15 82861 65543 2 2 0
15 82861 43937 0 2 0
15 82861 43937 1 3 0
15 82861 43937 2 4 0
15 82861 29569 0 2 0
15 82861 29569 1 3 0
15 82861 29569 2 4 0
15 82861 74773 0 2 0
15 82861 74773 1 3 0
15 82861 74773 2 4 0
15 82861 16561 0 2 0
15 82861 16561 1 3 0
15 82861 16561 2 4 0
15 82861 26437 0 2 0
15 82861 26437 1 3 0
15 82861 26437 2 4 0
15 82861 58559 0 4 0
15 82861 58559 1 1 0
15 82861 58559 2 2 0
15 82861 63505 0 2 0
15 82861 63505 1 3 0
15 82861 63505 2 4 0
15 82861 1261 0 2 0
15 82861 1261 1 3 0
15 82861 1261 2 4 0
15 82861 74895 0 4 0
15 82861 74895 1 1 0
15 82861 74895 2 2 0
15 82861 20317 0 2 0
15 82861 20317 1 3 0
15 82861 20317 2 4 0
15 82861 24817 0 2 0
15 82861 24817 1 3 0
15 82861 24817 2 4 0
15 82861 31693 0 2 0
15 82861 31693 1 3 0
15 82861 31693 2 4 0
15 82861 69247 0 4 0
15 82861 69247 1 1 0
15 82861 69247 2 2 0
15 82861 18869 0 2 0
15 82861 18869 1 3 0
15 82861 18869 2 4 0
15 82861 33 0 2 0
15 82861 33 1 3 0
15 82861 33 2 4 0
15 82861 45971 0 4 0
15 82861 45971 1 1 0
15 82861 45971 2 2 0
15 82861 70079 0 4 0
15 82861 70079 1 1 0
15 82861 70079 2 2 0
15 82861 68883 0 4 0
15 82861 68883 1 1 0
15 82861 68883 2 2 0
15 82861 46279 0 4 0
15 82861 46279 1 1 0
15 82861 46279 2 2 0
15 82861 9715 0 4 0
15 82861 9715 1 1 0
15 82861 9715 2 2 0
15 82861 73201 0 2 0
15 82861 73201 1 3 0
15 82861 73201 2 4 0
15 82861 517 0 2 0
15 82861 517 1 3 0
15 82861 517 2 4 0
15 82861 16507 0 4 0
15 82861 16507 1 1 0
15 82861 16507 2 2 0
15 82861 11621 0 2 0
15 82861 11621 1 3 0
15 82861 11621 2 4 0
15 82861 17033 0 2 0
15 82861 17033 1 3 0
15 82861 17033 2 4 0
15 82861 12479 0 4 0
15 82861 12479 1 1 0
15 82861 12479 2 2 0
15 82861 59291 0 4 0
15 82861 59291 1 1 0
15 82861 59291 2 2 0
15 82861 50405 0 2 0
15 82861 50405 1 3 0
15 82861 50405 2 4 0
15 82861 8155 0 4 0
15 82861 8155 1 1 0
15 82861 8155 2 2 0
15 82861 65877 0 2 0
15 82861 65877 1 3 0
15 82861 65877 2 4 0
15 82861 66787 0 4 0
15 82861 66787 1 1 0
15 82861 66787 2 2 0
15 82861 28325 0 2 0
15 82861 28325 1 3 0
15 82861 28325 2 4 0
15 82861 28883 0 4 0
15 82861 28883 1 1 0
15 82861 28883 2 2 0
15 82861 51541 0 2 0
15 82861 51541 1 3 0
15 82861 51541 2 4 0
15 82861 15129 0 2 0
15 82861 15129 1 3 0
15 82861 15129 2 4 0
15 82861 67241 0 2 0
15 82861 67241 1 3 0
15 82861 67241 2 4 0
15 82861 6029 0 2 0
15 82861 6029 1 3 0
15 82861 6029 2 4 0
15 82861 31645 0 2 0
15 82861 31645 1 3 0
15 82861 31645 2 4 0
15 82861 56489 0 2 0
15 82861 56489 1 3 0
15 82861 56489 2 4 0
15 82861 64727 0 4 0
15 82861 64727 1 1 0
15 82861 64727 2 2 0
15 82861 66267 0 4 0
15 82861 66267 1 1 0
15 82861 66267 2 2 0
15 82861 37743 0 4 0
15 82861 37743 1 1 0
15 82861 37743 2 2 0
15 82861 53641 0 2 0
15 82861 53641 1 3 0
15 82861 53641 2 4 0
15 82861 28011 0 4 0
15 82861 28011 1 1 0
15 82861 28011 2 2 0
15 82861 36859 0 4 0
15 82861 36859 1 1 0
15 82861 36859 2 2 0
15 82861 6523 0 4 0
15 82861 6523 1 1 0
15 82861 6523 2 2 0
15 82861 30617 0 2 0
15 82861 30617 1 3 0
15 82861 30617 2 4 0
15 82861 20005 0 2 0
15 82861 20005 1 3 0
15 82861 20005 2 4 0
15 82861 72633 0 2 0
15 82861 72633 1 3 0
15 82861 72633 2 4 0
15 82861 70529 0 2 0
15 82861 70529 1 3 0
15 82861 70529 2 4 0
15 82861 6733 0 2 0
15 82861 6733 1 3 0
15 82861 6733 2 4 0
15 82861 33183 0 4 0
15 82861 33183 1 1 0
15 82861 33183 2 2 0
15 82861 14257 0 2 0
15 82861 14257 1 3 0
15 82861 14257 2 4 0
15 82861 43289 0 2 0
15 82861 43289 1 3 0
15 82861 43289 2 4 0
16 82861 2383 0 4 0
16 82861 2383 1 1 0
16 82861 2383 2 2 0
16 82861 21419 0 4 0
16 82861 21419 1 1 0
16 82861 21419 2 2 0
16 82861 67987 0 4 0
16 82861 67987 1 1 0
16 82861 67987 2 2 0
16 82861 22041 0 2 0
16 82861 22041 1 3 0
16 82861 22041 2 4 0
16 82861 63767 0 4 0
16 82861 63767 1 1 0
16 82861 63767 2 2 0
16 82861 80661 0 2 0
16 82861 80661 1 3 0
16 82861 80661 2 4 0
16 82861 77769 0 2 0
16 82861 77769 1 3 0
16 82861 77769 2 4 0
16 82861 48081 0 2 0
16 82861 48081 1 3 0
16 82861 48081 2 4 0
16 82861 30037 0 2 0
16 82861 30037 1 3 0
16 82861 30037 2 4 0
16 82861 28983 0 4 0
16 82861 28983 1 1 0
16 82861 28983 2 2 0
16 82861 61753 0 2 0
16 82861 61753 1 3 0
16 82861 61753 2 4 0
16 82861 78853 0 2 0
16 82861 78853 1 3 0
16 82861 78853 2 4 0
16 82861 56249 0 2 0
16 82861 56249 1 3 0
16 82861 56249 2 4 0
16 82861 2357 0 2 0
16 82861 2357 1 3 0
16 82861 2357 2 4 0
16 82861 27707 0 4 0
16 82861 27707 1 1 0
16 82861 27707 2 2 0
16 82861 81795 0 4 0
16 82861 81795 1 1 0
16 82861 81795 2 2 0
16 82861 76167 0 4 0
16 82861 76167 1 1 0
16 82861 76167 2 2 0
16 82861 64229 0 2 0
16 82861 64229 1 3 0
16 82861 64229 2 4 0
16 82861 39111 0 4 0
16 82861 39111 1 1 0
16 82861 39111 2 2 0
16 82861 71061 0 2 0
16 82861 71061 1 3 0
16 82861 71061 2 4 0
16 82861 47003 0 4 0
16 82861 47003 1 1 0
16 82861 47003 2 2 0
16 82861 34219 0 4 0
16 82861 34219 1 1 0
16 82861 34219 2 2 0
16 82861 22707 0 4 0
16 82861 22707 1 1 0
16 82861 22707 2 2 0
16 82861 76087 0 4 0
16 82861 76087 1 1 0
16 82861 76087 2 2 0
16 82861 78377 0 2 0
16 82861 78377 1 3 0
16 82861 78377 2 4 0
16 82861 69849 0 2 0
16 82861 69849 1 3 0
16 82861 69849 2 4 0
16 82861 41731 0 4 0
16 82861 41731 1 1 0
16 82861 41731 2 2 0
16 82861 53559 0 4 0
16 82861 53559 1 1 0
16 82861 53559 2 2 0
16 82861 45223 0 4 0
16 82861 45223 1 1 0
16 82861 45223 2 2 0
16 82861 70889 0 2 0
16 82861 70889 1 3 0
16 82861 70889 2 4 0
16 82861 64063 0 4 0
16 82861 64063 1 1 0
16 82861 64063 2 2 0
16 82861 4659 0 4 0
16 82861 4659 1 1 0
16 82861 4659 2 2 0
16 82861 79489 0 2 0
16 82861 79489 1 3 0
16 82861 79489 2 4 0
16 82861 1135 0 4 0
16 82861 1135 1 1 0
16 82861 1135 2 2 0
16 82861 11705 0 2 0
16 82861 11705 1 3 0
16 82861 11705 2 4 0
16 82861 26763 0 4 0
16 82861 26763 1 1 0
16 82861 26763 2 2 0
16 82861 839 0 4 0
16 82861 839 1 1 0
16 82861 839 2 2 0
16 82861 78151 0 4 0
16 82861 78151 1 1 0
16 82861 78151 2 2 0
16 82861 27417 0 2 0
16 82861 27417 1 3 0
16 82861 27417 2 4 0
16 82861 44363 0 4 0
16 82861 44363 1 1 0
16 82861 44363 2 2 0
16 82861 2711 0 4 0
16 82861 2711 1 1 0
16 82861 2711 2 2 0
16 82861 35615 0 4 0
16 82861 35615 1 1 0
16 82861 35615 2 2 0
16 82861 10963 0 4 0
16 82861 10963 1 1 0
16 82861 10963 2 2 0
16 82861 19173 0 2 0
16 82861 19173 1 3 0
16 82861 19173 2 4 0
16 82861 75521 0 2 0
16 82861 75521 1 3 0
16 82861 75521 2 4 0
16 82861 18025 0 2 0
16 82861 18025 1 3 0
16 82861 18025 2 4 0
16 82861 61651 0 4 0
16 82861 61651 1 1 0
16 82861 61651 2 2 0
16 82861 50321 0 2 0
16 82861 50321 1 3 0
16 82861 50321 2 4 0
16 82861 79235 0 4 0
16 82861 79235 1 1 0
16 82861 79235 2 2 0
16 82861 31495 0 4 0
16 82861 31495 1 1 0
16 82861 31495 2 2 0
16 82861 36333 0 2 0
16 82861 36333 1 3 0
16 82861 36333 2 4 0
16 82861 65309 0 2 0
16 82861 65309 1 3 0
16 82861 65309 2 4 0
16 82861 74573 0 2 0
16 82861 74573 1 3 0
16 82861 74573 2 4 0
16 82861 72725 0 2 0
16 82861 72725 1 3 0
16 82861 72725 2 4 0
16 82861 75079 0 4 0
16 82861 75079 1 1 0
16 82861 75079 2 2 0
16 82861 2453 0 2 0
16 82861 2453 1 3 0
16 82861 2453 2 4 0
16 82861 8025 0 2 0
16 82861 8025 1 3 0
16 82861 8025 2 4 0
16 82861 46597 0 2 0
16 82861 46597 1 3 0
16 82861 46597 2 4 0
16 82861 48887 0 4 0
16 82861 48887 1 1 0
16 82861 48887 2 2 0
16 82861 36467 0 4 0
16 82861 36467 1 1 0
16 82861 36467 2 2 0
16 82861 26645 0 2 0
16 82861 26645 1 3 0
16 82861 26645 2 4 0
16 82861 50669 0 2 0
16 82861 50669 1 3 0
16 82861 50669 2 4 0
16 82861 13651 0 4 0
16 82861 13651 1 1 0
16 82861 13651 2 2 0
16 82861 21391 0 4 0
16 82861 21391 1 1 0
16 82861 21391 2 2 0
16 82861 4285 0 2 0
16 82861 4285 1 3 0
16 82861 4285 2 4 0
16 82861 38039 0 4 0
16 82861 38039 1 1 0
16 82861 38039 2 2 0
16 82861 25957 0 2 0
16 82861 25957 1 3 0
16 82861 25957 2 4 0
16 82861 44145 0 2 0
16 82861 44145 1 3 0
16 82861 44145 2 4 0
16 82861 79625 0 2 0
16 82861 79625 1 3 0
16 82861 79625 2 4 0
16 82861 55085 0 2 0
16 82861 55085 1 3 0
16 82861 55085 2 4 0
16 82861 20251 0 4 0
16 82861 20251 1 1 0
16 82861 20251 2 2 0
16 82861 979 0 4 0
16 82861 979 1 1 0
16 82861 979 2 2 0
16 82861 31039 0 4 0
16 82861 31039 1 1 0
16 82861 31039 2 2 0
16 82861 33523 0 4 0
16 82861 33523 1 1 0
16 82861 33523 2 2 0
16 82861 12363 0 4 0
16 82861 12363 1 1 0
16 82861 12363 2 2 0
16 82861 51679 0 4 0
16 82861 51679 1 1 0
16 82861 51679 2 2 0
16 82861 5483 0 4 0
16 82861 5483 1 1 0
16 82861 5483 2 2 0
16 82861 50893 0 2 0
16 82861 50893 1 3 0
16 82861 50893 2 4 0
16 82861 4571 0 4 0
16 82861 4571 1 1 0
16 82861 4571 2 2 0
16 82861 57161 0 2 0
16 82861 57161 1 3 0
16 82861 57161 2 4 0
16 82861 6531 0 4 0
16 82861 6531 1 1 0
16 82861 6531 2 2 0
16 82861 14507 0 4 0
16 82861 14507 1 1 0
16 82861 14507 2 2 0
16 82861 57335 0 4 0
16 82861 57335 1 1 0
16 82861 57335 2 2 0
16 82861 38425 0 2 0
16 82861 38425 1 3 0
16 82861 38425 2 4 0
16 82861 70993 0 2 0
16 82861 70993 1 3 0
16 82861 70993 2 4 0
16 82861 8669 0 2 0
16 82861 8669 1 3 0
16 82861 8669 2 4 0
16 82861 30267 0 4 0
16 82861 30267 1 1 0
16 82861 30267 2 2 0
16 82861 63271 0 4 0
16 82861 63271 1 1 0
16 82861 63271 2 2 0
16 82861 23887 0 4 0
16 82861 23887 1 1 0
16 82861 23887 2 2 0
16 82861 50187 0 4 0
16 82861 50187 1 1 0
16 82861 50187 2 2 0
16 82861 71497 0 2 0
16 82861 71497 1 3 0
16 82861 71497 2 4 0
16 82861 24929 0 2 0
16 82861 24929 1 3 0
16 82861 24929 2 4 0
16 82861 37531 0 4 0
16 82861 37531 1 1 0
16 82861 37531 2 2 0
16 82861 72555 0 4 0
16 82861 72555 1 1 0
16 82861 72555 2 2 0
16 82861 63639 0 4 0
16 82861 63639 1 1 0
16 82861 63639 2 2 0
16 82861 10829 0 2 0
16 82861 10829 1 3 0
16 82861 10829 2 4 0
16 82861 29701 0 2 0
16 82861 29701 1 3 0
16 82861 29701 2 4 0
16 82861 76677 0 2 0
16 82861 76677 1 3 0
16 82861 76677 2 4 0
16 82861 59115 0 4 0
16 82861 59115 1 1 0
16 82861 59115 2 2 0
16 82861 27209 0 2 0
16 82861 27209 1 3 0
16 82861 27209 2 4 0
16 82861 26771 0 4 0
16 82861 26771 1 1 0
16 82861 26771 2 2 0
16 82861 57965 0 2 0
16 82861 57965 1 3 0
16 82861 57965 2 4 0
16 82861 62047 0 4 0
16 82861 62047 1 1 0
16 82861 62047 2 2 0
16 82861 68225 0 2 0
16 82861 68225 1 3 0
16 82861 68225 2 4 0
16 82861 34705 0 2 0
16 82861 34705 1 3 0
16 82861 34705 2 4 0
16 82861 40703 0 4 0
16 82861 40703 1 1 0
16 82861 40703 2 2 0
16 82861 60751 0 4 0
16 82861 60751 1 1 0
16 82861 60751 2 2 0
16 82861 45725 0 2 0
16 82861 45725 1 3 0
16 82861 45725 2 4 0
16 82861 69167 0 4 0
16 82861 69167 1 1 0
16 82861 69167 2 2 0
16 82861 48309 0 2 0
16 82861 48309 1 3 0
16 82861 48309 2 4 0
16 82861 58121 0 2 0
16 82861 58121 1 3 0
16 82861 58121 2 4 0
16 82861 57549 0 2 0
16 82861 57549 1 3 0
16 82861 57549 2 4 0
16 82861 23637 0 2 0
16 82861 23637 1 3 0
16 82861 23637 2 4 0
16 82861 69263 0 4 0
16 82861 69263 1 1 0
16 82861 69263 2 2 0
16 82861 44291 0 4 0
16 82861 44291 1 1 0
16 82861 44291 2 2 0
16 82861 10387 0 4 0
16 82861 10387 1 1 0
16 82861 10387 2 2 0
16 82861 54785 0 2 0
16 82861 54785 1 3 0
16 82861 54785 2 4 0
16 82861 39143 0 4 0
16 82861 39143 1 1 0
16 82861 39143 2 2 0
16 82861 29661 0 2 0
16 82861 29661 1 3 0
16 82861 29661 2 4 0
16 82861 2465 0 2 0
16 82861 2465 1 3 0
16 82861 2465 2 4 0
16 82861 3363 0 4 0
16 82861 3363 1 1 0
16 82861 3363 2 2 0
16 82861 6027 0 4 0
16 82861 6027 1 1 0
16 82861 6027 2 2 0
16 82861 39483 0 4 0
16 82861 39483 1 1 0
16 82861 39483 2 2 0
16 82861 79911 0 4 0
16 82861 79911 1 1 0
16 82861 79911 2 2 0
16 82861 36355 0 4 0
16 82861 36355 1 1 0
16 82861 36355 2 2 0
16 82861 66681 0 2 0
16 82861 66681 1 3 0
16 82861 66681 2 4 0
16 82861 33981 0 2 0
16 82861 33981 1 3 0
16 82861 33981 2 4 0
16 82861 74369 0 2 0
16 82861 74369 1 3 0
16 82861 74369 2 4 0
16 82861 60931 0 4 0
16 82861 60931 1 1 0
16 82861 60931 2 2 0
16 82861 58259 0 4 0
16 82861 58259 1 1 0
16 82861 58259 2 2 0
16 82861 52207 0 4 0
16 82861 52207 1 1 0
16 82861 52207 2 2 0
16 82861 50843 0 4 0
16 82861 50843 1 1 0
16 82861 50843 2 2 0
16 82861 35391 0 4 0
16 82861 35391 1 1 0
16 82861 35391 2 2 0
16 82861 72393 0 2 0
16 82861 72393 1 3 0
16 82861 72393 2 4 0
16 82861 21345 0 2 0
16 82861 21345 1 3 0
16 82861 21345 2 4 0
16 82861 17793 0 2 0
16 82861 17793 1 3 0
16 82861 17793 2 4 0
16 82861 46311 0 4 0
16 82861 46311 1 1 0
16 82861 46311 2 2 0
16 82861 57113 0 2 0
16 82861 57113 1 3 0
16 82861 57113 2 4 0
16 82861 8179 0 4 0
16 82861 8179 1 1 0
16 82861 8179 2 2 0
16 82861 65431 0 4 0
16 82861 65431 1 1 0
16 82861 65431 2 2 0
16 82861 2953 0 2 0
16 82861 2953 1 3 0
16 82861 2953 2 4 0
16 82861 78269 0 2 0
16 82861 78269 1 3 0
16 82861 78269 2 4 0
16 82861 9739 0 4 0
16 82861 9739 1 1 0
16 82861 9739 2 2 0
16 82861 7193 0 2 0
16 82861 7193 1 3 0
16 82861 7193 2 4 0
16 82861 20161 0 2 0
16 82861 20161 1 3 0
16 82861 20161 2 4 0
16 82861 1775 0 4 0
16 82861 1775 1 1 0
16 82861 1775 2 2 0
16 82861 37533 0 2 0
16 82861 37533 1 3 0
16 82861 37533 2 4 0
16 82861 32599 0 4 0
16 82861 32599 1 1 0
16 82861 32599 2 2 0
16 82861 6209 0 2 0
16 82861 6209 1 3 0
16 82861 6209 2 4 0
16 82861 62419 0 4 0
16 82861 62419 1 1 0
16 82861 62419 2 2 0
16 82861 37603 0 4 0
16 82861 37603 1 1 0
16 82861 37603 2 2 0
16 82861 24237 0 2 0
16 82861 24237 1 3 0
16 82861 24237 2 4 0
16 82861 52665 0 2 0
16 82861 52665 1 3 0
16 82861 52665 2 4 0
16 82861 39939 0 4 0
16 82861 39939 1 1 0
16 82861 39939 2 2 0
16 82861 32655 0 4 0
16 82861 32655 1 1 0
16 82861 32655 2 2 0
16 82861 71295 0 4 0
16 82861 71295 1 1 0
16 82861 71295 2 2 0
16 82861 26915 0 4 0
16 82861 26915 1 1 0
16 82861 26915 2 2 0
16 82861 49445 0 2 0
16 82861 49445 1 3 0
16 82861 49445 2 4 0
16 82861 48929 0 2 0
16 82861 48929 1 3 0
16 82861 48929 2 4 0
16 82861 25463 0 4 0
16 82861 25463 1 1 0
16 82861 25463 2 2 0
16 82861 62541 0 2 0
16 82861 62541 1 3 0
16 82861 62541 2 4 0
16 82861 43541 0 2 0
16 82861 43541 1 3 0
16 82861 43541 2 4 0
16 82861 65123 0 4 0
16 82861 65123 1 1 0
16 82861 65123 2 2 0
16 82861 27605 0 2 0
16 82861 27605 1 3 0
16 82861 27605 2 4 0
16 82861 2493 0 2 0
16 82861 2493 1 3 0
16 82861 2493 2 4 0
16 82861 361 0 2 0
16 82861 361 1 3 0
16 82861 361 2 4 0
16 82861 52327 0 4 0
16 82861 52327 1 1 0
16 82861 52327 2 2 0
16 82861 33399 0 4 0
16 82861 33399 1 1 0
16 82861 33399 2 2 0
16 82861 40915 0 4 0
16 82861 40915 1 1 0
16 82861 40915 2 2 0
16 82861 55809 0 2 0
16 82861 55809 1 3 0
16 82861 55809 2 4 0
16 82861 21787 0 4 0
16 82861 21787 1 1 0
16 82861 21787 2 2 0
16 82861 42747 0 4 0
16 82861 42747 1 1 0
16 82861 42747 2 2 0
16 82861 41409 0 2 0
16 82861 41409 1 3 0
16 82861 41409 2 4 0
16 82861 39309 0 2 0
16 82861 39309 1 3 0
16 82861 39309 2 4 0
16 82861 62697 0 2 0
16 82861 62697 1 3 0
16 82861 62697 2 4 0
16 82861 29525 0 2 0
16 82861 29525 1 3 0
16 82861 29525 2 4 0
16 82861 34913 0 2 0
16 82861 34913 1 3 0
16 82861 34913 2 4 0
16 82861 60773 0 2 0
16 82861 60773 1 3 0
16 82861 60773 2 4 0
16 82861 26583 0 4 0
16 82861 26583 1 1 0
16 82861 26583 2 2 0
16 82861 53899 0 4 0
16 82861 53899 1 1 0
16 82861 53899 2 2 0
16 82861 55929 0 2 0
16 82861 55929 1 3 0
16 82861 55929 2 4 0
16 82861 14485 0 2 0
16 82861 14485 1 3 0
16 82861 14485 2 4 0
16 82861 72241 0 2 0
16 82861 72241 1 3 0
16 82861 72241 2 4 0
16 82861 69339 0 4 0
16 82861 69339 1 1 0
16 82861 69339 2 2 0
16 82861 46137 0 2 0
16 82861 46137 1 3 0
16 82861 46137 2 4 0
16 82861 20473 0 2 0
16 82861 20473 1 3 0
16 82861 20473 2 4 0
16 82861 8533 0 2 0
16 82861 8533 1 3 0
16 82861 8533 2 4 0
16 82861 66937 0 2 0
16 82861 66937 1 3 0
16 82861 66937 2 4 0
16 82861 51455 0 4 0
16 82861 51455 1 1 0
16 82861 51455 2 2 0
16 82861 61093 0 2 0
16 82861 61093 1 3 0
16 82861 61093 2 4 0
16 82861 9701 0 2 0
16 82861 9701 1 3 0
16 82861 9701 2 4 0
16 82861 47317 0 2 0
16 82861 47317 1 3 0
16 82861 47317 2 4 0
16 82861 41923 0 4 0
16 82861 41923 1 1 0
16 82861 41923 2 2 0
16 82861 65549 0 2 0
16 82861 65549 1 3 0
16 82861 65549 2 4 0
16 82861 43707 0 4 0
16 82861 43707 1 1 0
16 82861 43707 2 2 0
16 82861 60021 0 2 0
16 82861 60021 1 3 0
16 82861 60021 2 4 0
16 82861 69833 0 2 0
16 82861 69833 1 3 0
16 82861 69833 2 4 0
16 82861 78547 0 4 0
16 82861 78547 1 1 0
16 82861 78547 2 2 0
16 82861 67955 0 4 0
16 82861 67955 1 1 0
16 82861 67955 2 2 0
16 82861 22531 0 4 0
16 82861 22531 1 1 0
16 82861 22531 2 2 0
16 82861 63395 0 4 0
16 82861 63395 1 1 0
16 82861 63395 2 2 0
16 82861 55601 0 2 0
16 82861 55601 1 3 0
16 82861 55601 2 4 0
16 82861 77627 0 4 0
16 82861 77627 1 1 0
16 82861 77627 2 2 0
16 82861 27923 0 4 0
16 82861 27923 1 1 0
16 82861 27923 2 2 0
16 82861 22235 0 4 0
16 82861 22235 1 1 0
16 82861 22235 2 2 0
16 82861 69629 0 2 0
16 82861 69629 1 3 0
16 82861 69629 2 4 0
16 82861 6385 0 2 0
16 82861 6385 1 3 0
16 82861 6385 2 4 0
16 82861 31349 0 2 0
16 82861 31349 1 3 0
16 82861 31349 2 4 0
16 82861 51751 0 4 0
16 82861 51751 1 1 0
16 82861 51751 2 2 0
16 82861 12781 0 2 0
16 82861 12781 1 3 0
16 82861 12781 2 4 0
16 82861 73485 0 2 0
16 82861 73485 1 3 0
16 82861 73485 2 4 0
16 82861 47895 0 4 0
16 82861 47895 1 1 0
16 82861 47895 2 2 0
16 82861 56731 0 4 0
16 82861 56731 1 1 0
16 82861 56731 2 2 0
16 82861 75329 0 2 0
16 82861 75329 1 3 0
16 82861 75329 2 4 0
16 82861 11339 0 4 0
16 82861 11339 1 1 0
16 82861 11339 2 2 0
16 82861 8263 0 4 0
16 82861 8263 1 1 0
16 82861 8263 2 2 0
16 82861 35037 0 2 0
16 82861 35037 1 3 0
16 82861 35037 2 4 0
16 82861 2279 0 4 0
16 82861 2279 1 1 0
16 82861 2279 2 2 0
16 82861 15409 0 2 0
16 82861 15409 1 3 0
16 82861 15409 2 4 0
16 82861 72183 0 4 0
16 82861 72183 1 1 0
16 82861 72183 2 2 0
16 82861 30773 0 2 0
16 82861 30773 1 3 0
16 82861 30773 2 4 0
16 82861 60929 0 2 0
16 82861 60929 1 3 0
16 82861 60929 2 4 0
16 82861 67169 0 2 0
16 82861 67169 1 3 0
16 82861 67169 2 4 0
16 82861 12413 0 2 0
16 82861 12413 1 3 0
16 82861 12413 2 4 0
16 82861 8783 0 4 0
16 82861 8783 1 1 0
16 82861 8783 2 2 0
16 82861 34381 0 2 0
16 82861 34381 1 3 0
16 82861 34381 2 4 0
16 82861 31527 0 4 0
16 82861 31527 1 1 0
16 82861 31527 2 2 0
16 82861 57737 0 2 0
16 82861 57737 1 3 0
16 82861 57737 2 4 0
16 82861 71459 0 4 0
16 82861 71459 1 1 0
16 82861 71459 2 2 0
16 82861 79349 0 2 0
16 82861 79349 1 3 0
16 82861 79349 2 4 0
16 82861 61797 0 2 0
16 82861 61797 1 3 0
16 82861 61797 2 4 0
16 82861 75841 0 2 0
16 82861 75841 1 3 0
16 82861 75841 2 4 0
16 82861 63403 0 4 0
16 82861 63403 1 1 0
16 82861 63403 2 2 0
16 82861 16491 0 4 0
16 82861 16491 1 1 0
16 82861 16491 2 2 0
16 82861 73409 0 2 0
16 82861 73409 1 3 0
16 82861 73409 2 4 0
16 82861 63987 0 4 0
16 82861 63987 1 1 0
16 82861 63987 2 2 0
16 82861 22949 0 2 0
16 82861 22949 1 3 0
16 82861 22949 2 4 0
16 82861 37005 0 2 0
16 82861 37005 1 3 0
16 82861 37005 2 4 0
16 82861 27245 0 2 0
16 82861 27245 1 3 0
16 82861 27245 2 4 0
16 82861 6313 0 2 0
16 82861 6313 1 3 0
16 82861 6313 2 4 0
16 82861 14709 0 2 0
16 82861 14709 1 3 0
16 82861 14709 2 4 0
16 82861 38641 0 2 0
16 82861 38641 1 3 0
16 82861 38641 2 4 0
16 82861 24925 0 2 0
16 82861 24925 1 3 0
16 82861 24925 2 4 0
16 82861 39645 0 2 0
16 82861 39645 1 3 0
16 82861 39645 2 4 0
16 82861 38391 0 4 0
16 82861 38391 1 1 0
16 82861 38391 2 2 0
16 82861 63701 0 2 0
16 82861 63701 1 3 0
16 82861 63701 2 4 0
16 82861 10867 0 4 0
16 82861 10867 1 1 0
16 82861 10867 2 2 0
16 82861 66057 0 2 0
16 82861 66057 1 3 0
16 82861 66057 2 4 0
16 82861 50289 0 2 0
16 82861 50289 1 3 0
16 82861 50289 2 4 0
16 82861 64087 0 4 0
16 82861 64087 1 1 0
16 82861 64087 2 2 0
16 82861 78385 0 2 0
16 82861 78385 1 3 0
16 82861 78385 2 4 0
16 82861 39769 0 2 0
16 82861 39769 1 3 0
16 82861 39769 2 4 0
16 82861 62739 0 4 0
16 82861 62739 1 1 0
16 82861 62739 2 2 0
16 82861 57205 0 2 0
16 82861 57205 1 3 0
16 82861 57205 2 4 0
16 82861 12633 0 2 0
16 82861 12633 1 3 0
16 82861 12633 2 4 0
16 82861 56217 0 2 0
16 82861 56217 1 3 0
16 82861 56217 2 4 0
16 82861 61353 0 2 0
16 82861 61353 1 3 0
16 82861 61353 2 4 0
16 82861 35871 0 4 0
16 82861 35871 1 1 0
16 82861 35871 2 2 0
16 82861 62699 0 4 0
16 82861 62699 1 1 0
16 82861 62699 2 2 0
16 82861 73897 0 2 0
16 82861 73897 1 3 0
16 82861 73897 2 4 0
16 82861 34955 0 4 0
16 82861 34955 1 1 0
16 82861 34955 2 2 0
16 82861 64337 0 2 0
16 82861 64337 1 3 0
16 82861 64337 2 4 0
16 82861 60225 0 2 0
16 82861 60225 1 3 0
16 82861 60225 2 4 0
16 82861 9765 0 2 0
16 82861 9765 1 3 0
16 82861 9765 2 4 0
16 82861 59385 0 2 0
16 82861 59385 1 3 0
16 82861 59385 2 4 0
16 82861 32429 0 2 0
16 82861 32429 1 3 0
16 82861 32429 2 4 0
16 82861 73701 0 2 0
16 82861 73701 1 3 0
16 82861 73701 2 4 0
16 82861 53815 0 4 0
16 82861 53815 1 1 0
16 82861 53815 2 2 0
16 82861 39741 0 2 0
16 82861 39741 1 3 0
16 82861 39741 2 4 0
16 82861 72967 0 4 0
16 82861 72967 1 1 0
16 82861 72967 2 2 0
16 82861 66271 0 4 0
16 82861 66271 1 1 0
16 82861 66271 2 2 0
16 82861 8605 0 2 0
16 82861 8605 1 3 0
16 82861 8605 2 4 0
16 82861 37249 0 2 0
16 82861 37249 1 3 0
16 82861 37249 2 4 0
16 82861 1563 0 4 0
16 82861 1563 1 1 0
16 82861 1563 2 2 0
16 82861 85 0 2 0
16 82861 85 1 3 0
16 82861 85 2 4 0
16 82861 73159 0 4 0
16 82861 73159 1 1 0
16 82861 73159 2 2 0
16 82861 73223 0 4 0
16 82861 73223 1 1 0
16 82861 73223 2 2 0
16 82861 60933 0 2 0
16 82861 60933 1 3 0
16 82861 60933 2 4 0
16 82861 73933 0 2 0
16 82861 73933 1 3 0
16 82861 73933 2 4 0
16 82861 51787 0 4 0
16 82861 51787 1 1 0
16 82861 51787 2 2 0
16 82861 45621 0 2 0
16 82861 45621 1 3 0
16 82861 45621 2 4 0
16 82861 15731 0 4 0
16 82861 15731 1 1 0
16 82861 15731 2 2 0
16 82861 27695 0 4 0
16 82861 27695 1 1 0
16 82861 27695 2 2 0
16 82861 9235 0 4 0
16 82861 9235 1 1 0
16 82861 9235 2 2 0
16 82861 69385 0 2 0
16 82861 69385 1 3 0
16 82861 69385 2 4 0
16 82861 7709 0 2 0
16 82861 7709 1 3 0
16 82861 7709 2 4 0
16 82861 72057 0 2 0
16 82861 72057 1 3 0
16 82861 72057 2 4 0
16 82861 30569 0 2 0
16 82861 30569 1 3 0
16 82861 30569 2 4 0
16 82861 51091 0 4 0
16 82861 51091 1 1 0
16 82861 51091 2 2 0
16 82861 37695 0 4 0
16 82861 37695 1 1 0
16 82861 37695 2 2 0
16 82861 9545 0 2 0
16 82861 9545 1 3 0
16 82861 9545 2 4 0
16 82861 71779 0 4 0
16 82861 71779 1 1 0
16 82861 71779 2 2 0
16 82861 33285 0 2 0
16 82861 33285 1 3 0
16 82861 33285 2 4 0
16 82861 54901 0 2 0
16 82861 54901 1 3 0
16 82861 54901 2 4 0
16 82861 52805 0 2 0
16 82861 52805 1 3 0
16 82861 52805 2 4 0
16 82861 39509 0 2 0
16 82861 39509 1 3 0
16 82861 39509 2 4 0
16 82861 31841 0 2 0
16 82861 31841 1 3 0
16 82861 31841 2 4 0
16 82861 28763 0 4 0
16 82861 28763 1 1 0
16 82861 28763 2 2 0
16 82861 18745 0 2 0
16 82861 18745 1 3 0
16 82861 18745 2 4 0
16 82861 74429 0 2 0
16 82861 74429 1 3 0
16 82861 74429 2 4 0
16 82861 20723 0 4 0
16 82861 20723 1 1 0
16 82861 20723 2 2 0
16 82861 21143 0 4 0
16 82861 21143 1 1 0
16 82861 21143 2 2 0
16 82861 6865 0 2 0
16 82861 6865 1 3 0
16 82861 6865 2 4 0
16 82861 2423 0 4 0
16 82861 2423 1 1 0
16 82861 2423 2 2 0
16 82861 68389 0 2 0
16 82861 68389 1 3 0
16 82861 68389 2 4 0
16 82861 48683 0 4 0
16 82861 48683 1 1 0
16 82861 48683 2 2 0
16 82861 39925 0 2 0
16 82861 39925 1 3 0
16 82861 39925 2 4 0
16 82861 73051 0 4 0
16 82861 73051 1 1 0
16 82861 73051 2 2 0
16 82861 69729 0 2 0
16 82861 69729 1 3 0
16 82861 69729 2 4 0
16 82861 69843 0 4 0
16 82861 69843 1 1 0
16 82861 69843 2 2 0
16 82861 60441 0 2 0
16 82861 60441 1 3 0
16 82861 60441 2 4 0
16 82861 47767 0 4 0
16 82861 47767 1 1 0
16 82861 47767 2 2 0
16 82861 11037 0 2 0
16 82861 11037 1 3 0
16 82861 11037 2 4 0
16 82861 73155 0 4 0
16 82861 73155 1 1 0
16 82861 73155 2 2 0
16 82861 66733 0 2 0
16 82861 66733 1 3 0
16 82861 66733 2 4 0
16 82861 67895 0 4 0
16 82861 67895 1 1 0
16 82861 67895 2 2 0
16 82861 34067 0 4 0
16 82861 34067 1 1 0
16 82861 34067 2 2 0
16 82861 65571 0 4 0
16 82861 65571 1 1 0
16 82861 65571 2 2 0
16 82861 48985 0 2 0
16 82861 48985 1 3 0
16 82861 48985 2 4 0
16 82861 11751 0 4 0
16 82861 11751 1 1 0
16 82861 11751 2 2 0
16 82861 23205 0 2 0
16 82861 23205 1 3 0
16 82861 23205 2 4 0
16 82861 48387 0 4 0
16 82861 48387 1 1 0
16 82861 48387 2 2 0
16 82861 14293 0 2 0
16 82861 14293 1 3 0
16 82861 14293 2 4 0
16 82861 39973 0 2 0
16 82861 39973 1 3 0
16 82861 39973 2 4 0
16 82861 4567 0 4 0
16 82861 4567 1 1 0
16 82861 4567 2 2 0
16 82861 30743 0 4 0
16 82861 30743 1 1 0
16 82861 30743 2 2 0
16 82861 9445 0 2 0
16 82861 9445 1 3 0
16 82861 9445 2 4 0
16 82861 9411 0 4 0
16 82861 9411 1 1 0
16 82861 9411 2 2 0
16 82861 78803 0 4 0
16 82861 78803 1 1 0
16 82861 78803 2 2 0
16 82861 47183 0 4 0
16 82861 47183 1 1 0
16 82861 47183 2 2 0
16 82861 67657 0 2 0
16 82861 67657 1 3 0
16 82861 67657 2 4 0
16 82861 9289 0 2 0
16 82861 9289 1 3 0
16 82861 9289 2 4 0
16 82861 18483 0 4 0
16 82861 18483 1 1 0
16 82861 18483 2 2 0
16 82861 38433 0 2 0
16 82861 38433 1 3 0
16 82861 38433 2 4 0
16 82861 8369 0 2 0
16 82861 8369 1 3 0
16 82861 8369 2 4 0
16 82861 34505 0 2 0
16 82861 34505 1 3 0
16 82861 34505 2 4 0
16 82861 76327 0 4 0
16 82861 76327 1 1 0
16 82861 76327 2 2 0
16 82861 77861 0 2 0
16 82861 77861 1 3 0
16 82861 77861 2 4 0
16 82861 18711 0 4 0
16 82861 18711 1 1 0
16 82861 18711 2 2 0
16 82861 2931 0 4 0
16 82861 2931 1 1 0
16 82861 2931 2 2 0
16 82861 36975 0 4 0
16 82861 36975 1 1 0
16 82861 36975 2 2 0
16 82861 78535 0 4 0
16 82861 78535 1 1 0
16 82861 78535 2 2 0
16 82861 16251 0 4 0
16 82861 16251 1 1 0
16 82861 16251 2 2 0
16 82861 49175 0 4 0
16 82861 49175 1 1 0
16 82861 49175 2 2 0
16 82861 6427 0 4 0
16 82861 6427 1 1 0
16 82861 6427 2 2 0
16 82861 17865 0 2 0
16 82861 17865 1 3 0
16 82861 17865 2 4 0
16 82861 64013 0 2 0
16 82861 64013 1 3 0
16 82861 64013 2 4 0
16 82861 24065 0 2 0
16 82861 24065 1 3 0
16 82861 24065 2 4 0
16 82861 45729 0 2 0
16 82861 45729 1 3 0
16 82861 45729 2 4 0
16 82861 34933 0 2 0
16 82861 34933 1 3 0
16 82861 34933 2 4 0
16 82861 59373 0 2 0
16 82861 59373 1 3 0
16 82861 59373 2 4 0
16 82861 55571 0 4 0
16 82861 55571 1 1 0
16 82861 55571 2 2 0
16 82861 9955 0 4 0
16 82861 9955 1 1 0
16 82861 9955 2 2 0
16 82861 64669 0 2 0
16 82861 64669 1 3 0
16 82861 64669 2 4 0
16 82861 77641 0 2 0
16 82861 77641 1 3 0
16 82861 77641 2 4 0
16 82861 76663 0 4 0
16 82861 76663 1 1 0
16 82861 76663 2 2 0
16 82861 71153 0 2 0
16 82861 71153 1 3 0
16 82861 71153 2 4 0
16 82861 50239 0 4 0
16 82861 50239 1 1 0
16 82861 50239 2 2 0
16 82861 26073 0 2 0
16 82861 26073 1 3 0
16 82861 26073 2 4 0
16 82861 80105 0 2 0
16 82861 80105 1 3 0
16 82861 80105 2 4 0
16 82861 30725 0 2 0
16 82861 30725 1 3 0
16 82861 30725 2 4 0
16 82861 77167 0 4 0
16 82861 77167 1 1 0
16 82861 77167 2 2 0
16 82861 42943 0 4 0
16 82861 42943 1 1 0
16 82861 42943 2 2 0
16 82861 81679 0 4 0
16 82861 81679 1 1 0
16 82861 81679 2 2 0
16 82861 16737 0 2 0
16 82861 16737 1 3 0
16 82861 16737 2 4 0
16 82861 41243 0 4 0
16 82861 41243 1 1 0
16 82861 41243 2 2 0
16 82861 54897 0 2 0
16 82861 54897 1 3 0
16 82861 54897 2 4 0
16 82861 30573 0 2 0
16 82861 30573 1 3 0
16 82861 30573 2 4 0
16 82861 42789 0 2 0
16 82861 42789 1 3 0
16 82861 42789 2 4 0
16 82861 79811 0 4 0
16 82861 79811 1 1 0
16 82861 79811 2 2 0
16 82861 58171 0 4 0
16 82861 58171 1 1 0
16 82861 58171 2 2 0
16 82861 13155 0 4 0
16 82861 13155 1 1 0
16 82861 13155 2 2 0
16 82861 62765 0 2 0
16 82861 62765 1 3 0
16 82861 62765 2 4 0
16 82861 45565 0 2 0
16 82861 45565 1 3 0
16 82861 45565 2 4 0
16 82861 22589 0 2 0
16 82861 22589 1 3 0
16 82861 22589 2 4 0
16 82861 27877 0 2 0
16 82861 27877 1 3 0
16 82861 27877 2 4 0
16 82861 54789 0 2 0
16 82861 54789 1 3 0
16 82861 54789 2 4 0
16 82861 53945 0 2 0
16 82861 53945 1 3 0
16 82861 53945 2 4 0
16 82861 46179 0 4 0
16 82861 46179 1 1 0
16 82861 46179 2 2 0
16 82861 75221 0 2 0
16 82861 75221 1 3 0
16 82861 75221 2 4 0
16 82861 60395 0 4 0
16 82861 60395 1 1 0
16 82861 60395 2 2 0
16 82861 79185 0 2 0
16 82861 79185 1 3 0
16 82861 79185 2 4 0
16 82861 55569 0 2 0
16 82861 55569 1 3 0
16 82861 55569 2 4 0
16 82861 7723 0 4 0
16 82861 7723 1 1 0
16 82861 7723 2 2 0
16 82861 12983 0 4 0
16 82861 12983 1 1 0
16 82861 12983 2 2 0
16 82861 18807 0 4 0
16 82861 18807 1 1 0
16 82861 18807 2 2 0
16 82861 69567 0 4 0
16 82861 69567 1 1 0
16 82861 69567 2 2 0
16 82861 10771 0 4 0
16 82861 10771 1 1 0
16 82861 10771 2 2 0
16 82861 59731 0 4 0
16 82861 59731 1 1 0
16 82861 59731 2 2 0
16 82861 26409 0 2 0
16 82861 26409 1 3 0
16 82861 26409 2 4 0
16 82861 14135 0 4 0
16 82861 14135 1 1 0
16 82861 14135 2 2 0
16 82861 20533 0 2 0
16 82861 20533 1 3 0
16 82861 20533 2 4 0
16 82861 42371 0 4 0
16 82861 42371 1 1 0
16 82861 42371 2 2 0
16 82861 74973 0 2 0
16 82861 74973 1 3 0
16 82861 74973 2 4 0
16 82861 61025 0 2 0
16 82861 61025 1 3 0
16 82861 61025 2 4 0
16 82861 22677 0 2 0
16 82861 22677 1 3 0
16 82861 22677 2 4 0
16 82861 65243 0 4 0
16 82861 65243 1 1 0
16 82861 65243 2 2 0
16 82861 43677 0 2 0
16 82861 43677 1 3 0
16 82861 43677 2 4 0
16 82861 18595 0 4 0
16 82861 18595 1 1 0
16 82861 18595 2 2 0
16 82861 9287 0 4 0
16 82861 9287 1 1 0
16 82861 9287 2 2 0
16 82861 73781 0 2 0
16 82861 73781 1 3 0
16 82861 73781 2 4 0
16 82861 41003 0 4 0
16 82861 41003 1 1 0
16 82861 41003 2 2 0
16 82861 1797 0 2 0
16 82861 1797 1 3 0
16 82861 1797 2 4 0
16 82861 54199 0 4 0
16 82861 54199 1 1 0
16 82861 54199 2 2 0
16 82861 30981 0 2 0
16 82861 30981 1 3 0
16 82861 30981 2 4 0
16 82861 66195 0 4 0
16 82861 66195 1 1 0
16 82861 66195 2 2 0
16 82861 39789 0 2 0
16 82861 39789 1 3 0
16 82861 39789 2 4 0
16 82861 81477 0 2 0
16 82861 81477 1 3 0
16 82861 81477 2 4 0
16 82861 49161 0 2 0
16 82861 49161 1 3 0
16 82861 49161 2 4 0
16 82861 71041 0 2 0
16 82861 71041 1 3 0
16 82861 71041 2 4 0
16 82861 65159 0 4 0
16 82861 65159 1 1 0
16 82861 65159 2 2 0
16 82861 74871 0 4 0
16 82861 74871 1 1 0
16 82861 74871 2 2 0
16 82861 32445 0 2 0
16 82861 32445 1 3 0
16 82861 32445 2 4 0
16 82861 24895 0 4 0
16 82861 24895 1 1 0
16 82861 24895 2 2 0
16 82861 1067 0 4 0
16 82861 1067 1 1 0
16 82861 1067 2 2 0
16 82861 50529 0 2 0
16 82861 50529 1 3 0
16 82861 50529 2 4 0
16 82861 43323 0 4 0
16 82861 43323 1 1 0
16 82861 43323 2 2 0
16 82861 13277 0 2 0
16 82861 13277 1 3 0
16 82861 13277 2 4 0
16 82861 49339 0 4 0
16 82861 49339 1 1 0
16 82861 49339 2 2 0
16 82861 15511 0 4 0
16 82861 15511 1 1 0
16 82861 15511 2 2 0
16 82861 77071 0 4 0
16 82861 77071 1 1 0
16 82861 77071 2 2 0
16 82861 4693 0 2 0
16 82861 4693 1 3 0
16 82861 4693 2 4 0
16 82861 60985 0 2 0
16 82861 60985 1 3 0
16 82861 60985 2 4 0
16 82861 9895 0 4 0
16 82861 9895 1 1 0
16 82861 9895 2 2 0
16 82861 48003 0 4 0
16 82861 48003 1 1 0
16 82861 48003 2 2 0
16 82861 79057 0 2 0
16 82861 79057 1 3 0
16 82861 79057 2 4 0
16 82861 47843 0 4 0
16 82861 47843 1 1 0
16 82861 47843 2 2 0
16 82861 12659 0 4 0
16 82861 12659 1 1 0
16 82861 12659 2 2 0
16 82861 49251 0 4 0
16 82861 49251 1 1 0
16 82861 49251 2 2 0
16 82861 17073 0 2 0
16 82861 17073 1 3 0
16 82861 17073 2 4 0
16 82861 56463 0 4 0
16 82861 56463 1 1 0
16 82861 56463 2 2 0
16 82861 36109 0 2 0
16 82861 36109 1 3 0
16 82861 36109 2 4 0
16 82861 74909 0 2 0
16 82861 74909 1 3 0
16 82861 74909 2 4 0
16 82861 64349 0 2 0
16 82861 64349 1 3 0
16 82861 64349 2 4 0
16 82861 2043 0 4 0
16 82861 2043 1 1 0
16 82861 2043 2 2 0
16 82861 61871 0 4 0
16 82861 61871 1 1 0
16 82861 61871 2 2 0
16 82861 34867 0 4 0
16 82861 34867 1 1 0
16 82861 34867 2 2 0
16 82861 35971 0 4 0
16 82861 35971 1 1 0
16 82861 35971 2 2 0
16 82861 49931 0 4 0
16 82861 49931 1 1 0
16 82861 49931 2 2 0
16 82861 2633 0 2 0
16 82861 2633 1 3 0
16 82861 2633 2 4 0
16 82861 78823 0 4 0
16 82861 78823 1 1 0
16 82861 78823 2 2 0
16 82861 63693 0 2 0
16 82861 63693 1 3 0
16 82861 63693 2 4 0
16 82861 17639 0 4 0
16 82861 17639 1 1 0
16 82861 17639 2 2 0
16 82861 26639 0 4 0
16 82861 26639 1 1 0
16 82861 26639 2 2 0
16 82861 13511 0 4 0
16 82861 13511 1 1 0
16 82861 13511 2 2 0
16 82861 16189 0 2 0
16 82861 16189 1 3 0
16 82861 16189 2 4 0
16 82861 52789 0 2 0
16 82861 52789 1 3 0
16 82861 52789 2 4 0
16 82861 37055 0 4 0
16 82861 37055 1 1 0
16 82861 37055 2 2 0
16 82861 33257 0 2 0
16 82861 33257 1 3 0
16 82861 33257 2 4 0
16 82861 175 0 4 0
16 82861 175 1 1 0
16 82861 175 2 2 0
16 82861 29407 0 4 0
16 82861 29407 1 1 0
16 82861 29407 2 2 0
16 82861 64353 0 2 0
16 82861 64353 1 3 0
16 82861 64353 2 4 0
16 82861 41071 0 4 0
16 82861 41071 1 1 0
16 82861 41071 2 2 0
16 82861 26469 0 2 0
16 82861 26469 1 3 0
16 82861 26469 2 4 0
16 82861 39593 0 2 0
16 82861 39593 1 3 0
16 82861 39593 2 4 0
16 82861 81787 0 4 0
16 82861 81787 1 1 0
16 82861 81787 2 2 0
16 82861 1445 0 2 0
16 82861 1445 1 3 0
16 82861 1445 2 4 0
16 82861 5841 0 2 0
16 82861 5841 1 3 0
16 82861 5841 2 4 0
16 82861 49319 0 4 0
16 82861 49319 1 1 0
16 82861 49319 2 2 0
16 82861 4011 0 4 0
16 82861 4011 1 1 0
16 82861 4011 2 2 0
16 82861 70773 0 2 0
16 82861 70773 1 3 0
16 82861 70773 2 4 0
16 82861 5497 0 2 0
16 82861 5497 1 3 0
16 82861 5497 2 4 0
16 82861 58169 0 2 0
16 82861 58169 1 3 0
16 82861 58169 2 4 0
16 82861 63161 0 2 0
16 82861 63161 1 3 0
16 82861 63161 2 4 0
16 82861 19235 0 4 0
16 82861 19235 1 1 0
16 82861 19235 2 2 0
16 82861 71531 0 4 0
16 82861 71531 1 1 0
16 82861 71531 2 2 0
16 82861 21743 0 4 0
16 82861 21743 1 1 0
16 82861 21743 2 2 0
16 82861 38281 0 2 0
16 82861 38281 1 3 0
16 82861 38281 2 4 0
16 82861 65443 0 4 0
16 82861 65443 1 1 0
16 82861 65443 2 2 0
16 82861 77407 0 4 0
16 82861 77407 1 1 0
16 82861 77407 2 2 0
16 82861 18567 0 4 0
16 82861 18567 1 1 0
16 82861 18567 2 2 0
16 82861 70427 0 4 0
16 82861 70427 1 1 0
16 82861 70427 2 2 0
16 82861 55967 0 4 0
16 82861 55967 1 1 0
16 82861 55967 2 2 0
16 82861 50493 0 2 0
16 82861 50493 1 3 0
16 82861 50493 2 4 0
16 82861 41087 0 4 0
16 82861 41087 1 1 0
16 82861 41087 2 2 0
16 82861 21261 0 2 0
16 82861 21261 1 3 0
16 82861 21261 2 4 0
16 82861 79081 0 2 0
16 82861 79081 1 3 0
16 82861 79081 2 4 0
16 82861 49711 0 4 0
16 82861 49711 1 1 0
16 82861 49711 2 2 0
16 82861 67935 0 4 0
16 82861 67935 1 1 0
16 82861 67935 2 2 0
16 82861 35531 0 4 0
16 82861 35531 1 1 0
16 82861 35531 2 2 0
16 82861 35169 0 2 0
16 82861 35169 1 3 0
16 82861 35169 2 4 0
16 82861 40381 0 2 0
16 82861 40381 1 3 0
16 82861 40381 2 4 0
16 82861 75103 0 4 0
16 82861 75103 1 1 0
16 82861 75103 2 2 0
16 82861 66215 0 4 0
16 82861 66215 1 1 0
16 82861 66215 2 2 0
16 82861 78635 0 4 0
16 82861 78635 1 1 0
16 82861 78635 2 2 0
16 82861 36599 0 4 0
16 82861 36599 1 1 0
16 82861 36599 2 2 0
16 82861 17709 0 2 0
16 82861 17709 1 3 0
16 82861 17709 2 4 0
16 82861 47737 0 2 0
16 82861 47737 1 3 0
16 82861 47737 2 4 0
16 82861 20069 0 2 0
16 82861 20069 1 3 0
16 82861 20069 2 4 0
16 82861 32431 0 4 0
16 82861 32431 1 1 0
16 82861 32431 2 2 0
16 82861 75951 0 4 0
16 82861 75951 1 1 0
16 82861 75951 2 2 0
16 82861 16329 0 2 0
16 82861 16329 1 3 0
16 82861 16329 2 4 0
16 82861 6147 0 4 0
16 82861 6147 1 1 0
16 82861 6147 2 2 0
16 82861 51905 0 2 0
16 82861 51905 1 3 0
16 82861 51905 2 4 0
16 82861 61043 0 4 0
16 82861 61043 1 1 0
16 82861 61043 2 2 0
16 82861 61231 0 4 0
16 82861 61231 1 1 0
16 82861 61231 2 2 0
16 82861 21781 0 2 0
16 82861 21781 1 3 0
16 82861 21781 2 4 0
16 82861 28107 0 4 0
16 82861 28107 1 1 0
16 82861 28107 2 2 0
16 82861 67617 0 2 0
16 82861 67617 1 3 0
16 82861 67617 2 4 0
16 82861 37307 0 4 0
16 82861 37307 1 1 0
16 82861 37307 2 2 0
16 82861 18893 0 2 0
16 82861 18893 1 3 0
16 82861 18893 2 4 0
16 82861 70195 0 4 0
16 82861 70195 1 1 0
16 82861 70195 2 2 0
16 82861 26735 0 4 0
16 82861 26735 1 1 0
16 82861 26735 2 2 0
16 82861 16237 0 2 0
16 82861 16237 1 3 0
16 82861 16237 2 4 0
16 82861 74371 0 4 0
16 82861 74371 1 1 0
16 82861 74371 2 2 0
16 82861 58831 0 4 0
16 82861 58831 1 1 0
16 82861 58831 2 2 0
16 82861 74885 0 2 0
16 82861 74885 1 3 0
16 82861 74885 2 4 0
16 82861 28751 0 4 0
16 82861 28751 1 1 0
16 82861 28751 2 2 0
16 82861 36167 0 4 0
16 82861 36167 1 1 0
16 82861 36167 2 2 0
16 82861 30021 0 2 0
16 82861 30021 1 3 0
16 82861 30021 2 4 0
16 82861 39577 0 2 0
16 82861 39577 1 3 0
16 82861 39577 2 4 0
16 82861 57445 0 2 0
16 82861 57445 1 3 0
16 82861 57445 2 4 0
17 82861 57259 0 4 0
17 82861 57259 1 1 0
17 82861 57259 2 2 0
17 82861 60377 0 2 0
17 82861 60377 1 3 0
17 82861 60377 2 4 0
17 82861 51955 0 4 0
17 82861 51955 1 1 0
17 82861 51955 2 2 0
17 82861 16233 0 2 0
17 82861 16233 1 3 0
17 82861 16233 2 4 0
17 82861 40517 0 2 0
17 82861 40517 1 3 0
17 82861 40517 2 4 0
17 82861 46127 0 4 0
17 82861 46127 1 1 0
17 82861 46127 2 2 0
17 82861 75493 0 2 0
17 82861 75493 1 3 0
17 82861 75493 2 4 0
17 82861 60783 0 4 0
17 82861 60783 1 1 0
17 82861 60783 2 2 0
17 82861 81027 0 4 0
17 82861 81027 1 1 0
17 82861 81027 2 2 0
17 82861 49751 0 4 0
17 82861 49751 1 1 0
17 82861 49751 2 2 0
17 82861 73427 0 4 0
17 82861 73427 1 1 0
17 82861 73427 2 2 0
17 82861 457 0 2 0
17 82861 457 1 3 0
17 82861 457 2 4 0
17 82861 16105 0 2 0
17 82861 16105 1 3 0
17 82861 16105 2 4 0
17 82861 62207 0 4 0
17 82861 62207 1 1 0
17 82861 62207 2 2 0
17 82861 8915 0 4 0
17 82861 8915 1 1 0
17 82861 8915 2 2 0
17 82861 42971 0 4 0
17 82861 42971 1 1 0
17 82861 42971 2 2 0
17 82861 25409 0 2 0
17 82861 25409 1 3 0
17 82861 25409 2 4 0
17 82861 79517 0 2 0
17 82861 79517 1 3 0
17 82861 79517 2 4 0
17 82861 40641 0 2 0
17 82861 40641 1 3 0
17 82861 40641 2 4 0
17 82861 14903 0 4 0
17 82861 14903 1 1 0
17 82861 14903 2 2 0
17 82861 43523 0 4 0
17 82861 43523 1 1 0
17 82861 43523 2 2 0
17 82861 8373 0 2 0
17 82861 8373 1 3 0
17 82861 8373 2 4 0
17 82861 15703 0 4 0
17 82861 15703 1 1 0
17 82861 15703 2 2 0
17 82861 49191 0 4 0
17 82861 49191 1 1 0
17 82861 49191 2 2 0
17 82861 20763 0 4 0
17 82861 20763 1 1 0
17 82861 20763 2 2 0
17 82861 9485 0 2 0
17 82861 9485 1 3 0
17 82861 9485 2 4 0
17 82861 12445 0 2 0
17 82861 12445 1 3 0
17 82861 12445 2 4 0
17 82861 10859 0 4 0
17 82861 10859 1 1 0
17 82861 10859 2 2 0
17 82861 18133 0 2 0
17 82861 18133 1 3 0
17 82861 18133 2 4 0
17 82861 73631 0 4 0
17 82861 73631 1 1 0
17 82861 73631 2 2 0
17 82861 49301 0 2 0
17 82861 49301 1 3 0
17 82861 49301 2 4 0
17 82861 27101 0 2 0
17 82861 27101 1 3 0
17 82861 27101 2 4 0
17 82861 49333 0 2 0
17 82861 49333 1 3 0
17 82861 49333 2 4 0
17 82861 9433 0 2 0
17 82861 9433 1 3 0
17 82861 9433 2 4 0
17 82861 66531 0 4 0
17 82861 66531 1 1 0
17 82861 66531 2 2 0
17 82861 14799 0 4 0
17 82861 14799 1 1 0
17 82861 14799 2 2 0
17 82861 55533 0 2 0
17 82861 55533 1 3 0
17 82861 55533 2 4 0
17 82861 4515 0 4 0
17 82861 4515 1 1 0
17 82861 4515 2 2 0
17 82861 40861 0 2 0
17 82861 40861 1 3 0
17 82861 40861 2 4 0
17 82861 81231 0 4 0
17 82861 81231 1 1 0
17 82861 81231 2 2 0
17 82861 4523 0 4 0
17 82861 4523 1 1 0
17 82861 4523 2 2 0
17 82861 43263 0 4 0
17 82861 43263 1 1 0
17 82861 43263 2 2 0
17 82861 29673 0 2 0
17 82861 29673 1 3 0
17 82861 29673 2 4 0
17 82861 75623 0 4 0
17 82861 75623 1 1 0
17 82861 75623 2 2 0
17 82861 14095 0 4 0
17 82861 14095 1 1 0
17 82861 14095 2 2 0
17 82861 39353 0 2 0
17 82861 39353 1 3 0
17 82861 39353 2 4 0
17 82861 51637 0 2 0
17 82861 51637 1 3 0
17 82861 51637 2 4 0
17 82861 29735 0 4 0
17 82861 29735 1 1 0
17 82861 29735 2 2 0
17 82861 13253 0 2 0
17 82861 13253 1 3 0
17 82861 13253 2 4 0
17 82861 13313 0 2 0
17 82861 13313 1 3 0
17 82861 13313 2 4 0
17 82861 46039 0 4 0
17 82861 46039 1 1 0
17 82861 46039 2 2 0
17 82861 21569 0 2 0
17 82861 21569 1 3 0
17 82861 21569 2 4 0
17 82861 38007 0 4 0
17 82861 38007 1 1 0
17 82861 38007 2 2 0
17 82861 9371 0 4 0
17 82861 9371 1 1 0
17 82861 9371 2 2 0
17 82861 78429 0 2 0
17 82861 78429 1 3 0
17 82861 78429 2 4 0
17 82861 34131 0 4 0
17 82861 34131 1 1 0
17 82861 34131 2 2 0
17 82861 11403 0 4 0
17 82861 11403 1 1 0
17 82861 11403 2 2 0
17 82861 75197 0 2 0
17 82861 75197 1 3 0
17 82861 75197 2 4 0
17 82861 36589 0 2 0
17 82861 36589 1 3 0
17 82861 36589 2 4 0
17 82861 56617 0 2 0
17 82861 56617 1 3 0
17 82861 56617 2 4 0
17 82861 16405 0 2 0
17 82861 16405 1 3 0
17 82861 16405 2 4 0
17 82861 37801 0 2 0
17 82861 37801 1 3 0
17 82861 37801 2 4 0
17 82861 13007 0 4 0
17 82861 13007 1 1 0
17 82861 13007 2 2 0
17 82861 6093 0 2 0
17 82861 6093 1 3 0
17 82861 6093 2 4 0
17 82861 80023 0 4 0
17 82861 80023 1 1 0
17 82861 80023 2 2 0
17 82861 39947 0 4 0
17 82861 39947 1 1 0
17 82861 39947 2 2 0
17 82861 76067 0 4 0
17 82861 76067 1 1 0
17 82861 76067 2 2 0
17 82861 50383 0 4 0
17 82861 50383 1 1 0
17 82861 50383 2 2 0
17 82861 27651 0 4 0
17 82861 27651 1 1 0
17 82861 27651 2 2 0
17 82861 7563 0 4 0
17 82861 7563 1 1 0
17 82861 7563 2 2 0
17 82861 39443 0 4 0
17 82861 39443 1 1 0
17 82861 39443 2 2 0
17 82861 61403 0 4 0
17 82861 61403 1 1 0
17 82861 61403 2 2 0
17 82861 70533 0 2 0
17 82861 70533 1 3 0
17 82861 70533 2 4 0
17 82861 69515 0 4 0
17 82861 69515 1 1 0
17 82861 69515 2 2 0
17 82861 57243 0 4 0
17 82861 57243 1 1 0
17 82861 57243 2 2 0
17 82861 73815 0 4 0
17 82861 73815 1 1 0
17 82861 73815 2 2 0
17 82861 22043 0 4 0
17 82861 22043 1 1 0
17 82861 22043 2 2 0
17 82861 62869 0 2 0
17 82861 62869 1 3 0
17 82861 62869 2 4 0
17 82861 63339 0 4 0
17 82861 63339 1 1 0
17 82861 63339 2 2 0
17 82861 17599 0 4 0
17 82861 17599 1 1 0
17 82861 17599 2 2 0
17 82861 9317 0 2 0
17 82861 9317 1 3 0
17 82861 9317 2 4 0
17 82861 48121 0 2 0
17 82861 48121 1 3 0
17 82861 48121 2 4 0
17 82861 65585 0 2 0
17 82861 65585 1 3 0
17 82861 65585 2 4 0
17 82861 7919 0 4 0
17 82861 7919 1 1 0
17 82861 7919 2 2 0
17 82861 57375 0 4 0
17 82861 57375 1 1 0
17 82861 57375 2 2 0
17 82861 66061 0 2 0
17 82861 66061 1 3 0
17 82861 66061 2 4 0
17 82861 67021 0 2 0
17 82861 67021 1 3 0
17 82861 67021 2 4 0
17 82861 3413 0 2 0
17 82861 3413 1 3 0
17 82861 3413 2 4 0
17 82861 35549 0 2 0
17 82861 35549 1 3 0
17 82861 35549 2 4 0
17 82861 74601 0 2 0
17 82861 74601 1 3 0
17 82861 74601 2 4 0
17 82861 37279 0 4 0
17 82861 37279 1 1 0
17 82861 37279 2 2 0
17 82861 4133 0 2 0
17 82861 4133 1 3 0
17 82861 4133 2 4 0
17 82861 39449 0 2 0
17 82861 39449 1 3 0
17 82861 39449 2 4 0
17 82861 79115 0 4 0
17 82861 79115 1 1 0
17 82861 79115 2 2 0
17 82861 18267 0 4 0
17 82861 18267 1 1 0
17 82861 18267 2 2 0
17 82861 55407 0 4 0
17 82861 55407 1 1 0
17 82861 55407 2 2 0
17 82861 71289 0 2 0
17 82861 71289 1 3 0
17 82861 71289 2 4 0
17 82861 1079 0 4 0
17 82861 1079 1 1 0
17 82861 1079 2 2 0
17 82861 64733 0 2 0
17 82861 64733 1 3 0
17 82861 64733 2 4 0
17 82861 81579 0 4 0
17 82861 81579 1 1 0
17 82861 81579 2 2 0
17 82861 14351 0 4 0
17 82861 14351 1 1 0
17 82861 14351 2 2 0
17 82861 63859 0 4 0
17 82861 63859 1 1 0
17 82861 63859 2 2 0
17 82861 45277 0 2 0
17 82861 45277 1 3 0
17 82861 45277 2 4 0
17 82861 1113 0 2 0
17 82861 1113 1 3 0
17 82861 1113 2 4 0
17 82861 38677 0 2 0
17 82861 38677 1 3 0
17 82861 38677 2 4 0
17 82861 45027 0 4 0
17 82861 45027 1 1 0
17 82861 45027 2 2 0
17 82861 58809 0 2 0
17 82861 58809 1 3 0
17 82861 58809 2 4 0
17 82861 10811 0 4 0
17 82861 10811 1 1 0
17 82861 10811 2 2 0
17 82861 29177 0 2 0
17 82861 29177 1 3 0
17 82861 29177 2 4 0
17 82861 18599 0 4 0
17 82861 18599 1 1 0
17 82861 18599 2 2 0
17 82861 34619 0 4 0
17 82861 34619 1 1 0
17 82861 34619 2 2 0
17 82861 37885 0 2 0
17 82861 37885 1 3 0
17 82861 37885 2 4 0
17 82861 54805 0 2 0
17 82861 54805 1 3 0
17 82861 54805 2 4 0
17 82861 16949 0 2 0
17 82861 16949 1 3 0
17 82861 16949 2 4 0
17 82861 23501 0 2 0
17 82861 23501 1 3 0
17 82861 23501 2 4 0
17 82861 9733 0 2 0
17 82861 9733 1 3 0
17 82861 9733 2 4 0
17 82861 79447 0 4 0
17 82861 79447 1 1 0
17 82861 79447 2 2 0
17 82861 23551 0 4 0
17 82861 23551 1 1 0
17 82861 23551 2 2 0
17 82861 48415 0 4 0
17 82861 48415 1 1 0
17 82861 48415 2 2 0
17 82861 37191 0 4 0
17 82861 37191 1 1 0
17 82861 37191 2 2 0
17 82861 1991 0 4 0
17 82861 1991 1 1 0
17 82861 1991 2 2 0
17 82861 36313 0 2 0
17 82861 36313 1 3 0
17 82861 36313 2 4 0
17 82861 9179 0 4 0
17 82861 9179 1 1 0
17 82861 9179 2 2 0
17 82861 21215 0 4 0
17 82861 21215 1 1 0
17 82861 21215 2 2 0
17 82861 3999 0 4 0
17 82861 3999 1 1 0
17 82861 3999 2 2 0
17 82861 47883 0 4 0
17 82861 47883 1 1 0
17 82861 47883 2 2 0
17 82861 62037 0 2 0
17 82861 62037 1 3 0
17 82861 62037 2 4 0
17 82861 38075 0 4 0
17 82861 38075 1 1 0
17 82861 38075 2 2 0
17 82861 63883 0 4 0
17 82861 63883 1 1 0
17 82861 63883 2 2 0
17 82861 32525 0 2 0
17 82861 32525 1 3 0
17 82861 32525 2 4 0
17 82861 16099 0 4 0
17 82861 16099 1 1 0
17 82861 16099 2 2 0
17 82861 45147 0 4 0
17 82861 45147 1 1 0
17 82861 45147 2 2 0
17 82861 31247 0 4 0
17 82861 31247 1 1 0
17 82861 31247 2 2 0
17 82861 42297 0 2 0
17 82861 42297 1 3 0
17 82861 42297 2 4 0
17 82861 60883 0 4 0
17 82861 60883 1 1 0
17 82861 60883 2 2 0
17 82861 7327 0 4 0
17 82861 7327 1 1 0
17 82861 7327 2 2 0
17 82861 74469 0 2 0
17 82861 74469 1 3 0
17 82861 74469 2 4 0
17 82861 56037 0 2 0
17 82861 56037 1 3 0
17 82861 56037 2 4 0
17 82861 30793 0 2 0
17 82861 30793 1 3 0
17 82861 30793 2 4 0
17 82861 41103 0 4 0
17 82861 41103 1 1 0
17 82861 41103 2 2 0
17 82861 20141 0 2 0
17 82861 20141 1 3 0
17 82861 20141 2 4 0
17 82861 8581 0 2 0
17 82861 8581 1 3 0
17 82861 8581 2 4 0
17 82861 18981 0 2 0
17 82861 18981 1 3 0
17 82861 18981 2 4 0
17 82861 33467 0 4 0
17 82861 33467 1 1 0
17 82861 33467 2 2 0
17 82861 39745 0 2 0
17 82861 39745 1 3 0
17 82861 39745 2 4 0
17 82861 27125 0 2 0
17 82861 27125 1 3 0
17 82861 27125 2 4 0
17 82861 28727 0 4 0
17 82861 28727 1 1 0
17 82861 28727 2 2 0
17 82861 57245 0 2 0
17 82861 57245 1 3 0
17 82861 57245 2 4 0
17 82861 15253 0 2 0
17 82861 15253 1 3 0
17 82861 15253 2 4 0
17 82861 4685 0 2 0
17 82861 4685 1 3 0
17 82861 4685 2 4 0
17 82861 7451 0 4 0
17 82861 7451 1 1 0
17 82861 7451 2 2 0
17 82861 35683 0 4 0
17 82861 35683 1 1 0
17 82861 35683 2 2 0
17 82861 19593 0 2 0
17 82861 19593 1 3 0
17 82861 19593 2 4 0
17 82861 68067 0 4 0
17 82861 68067 1 1 0
17 82861 68067 2 2 0
17 82861 5629 0 2 0
17 82861 5629 1 3 0
17 82861 5629 2 4 0
17 82861 45219 0 4 0
17 82861 45219 1 1 0
17 82861 45219 2 2 0
17 82861 5093 0 2 0
17 82861 5093 1 3 0
17 82861 5093 2 4 0
17 82861 75399 0 4 0
17 82861 75399 1 1 0
17 82861 75399 2 2 0
17 82861 64201 0 2 0
17 82861 64201 1 3 0
17 82861 64201 2 4 0
17 82861 19213 0 2 0
17 82861 19213 1 3 0
17 82861 19213 2 4 0
17 82861 9937 0 2 0
17 82861 9937 1 3 0
17 82861 9937 2 4 0
17 82861 64055 0 4 0
17 82861 64055 1 1 0
17 82861 64055 2 2 0
17 82861 54393 0 2 0
17 82861 54393 1 3 0
17 82861 54393 2 4 0
17 82861 13459 0 4 0
17 82861 13459 1 1 0
17 82861 13459 2 2 0
17 82861 44987 0 4 0
17 82861 44987 1 1 0
17 82861 44987 2 2 0
17 82861 46501 0 2 0
17 82861 46501 1 3 0
17 82861 46501 2 4 0
17 82861 67967 0 4 0
17 82861 67967 1 1 0
17 82861 67967 2 2 0
17 82861 20035 0 4 0
17 82861 20035 1 1 0
17 82861 20035 2 2 0
17 82861 50539 0 4 0
17 82861 50539 1 1 0
17 82861 50539 2 2 0
17 82861 40295 0 4 0
17 82861 40295 1 1 0
17 82861 40295 2 2 0
17 82861 67385 0 2 0
17 82861 67385 1 3 0
17 82861 67385 2 4 0
17 82861 78523 0 4 0
17 82861 78523 1 1 0
17 82861 78523 2 2 0
17 82861 61507 0 4 0
17 82861 61507 1 1 0
17 82861 61507 2 2 0
17 82861 25097 0 2 0
17 82861 25097 1 3 0
17 82861 25097 2 4 0
17 82861 21137 0 2 0
17 82861 21137 1 3 0
17 82861 21137 2 4 0
17 82861 1525 0 2 0
17 82861 1525 1 3 0
17 82861 1525 2 4 0
17 82861 20639 0 4 0
17 82861 20639 1 1 0
17 82861 20639 2 2 0
17 82861 6645 0 2 0
17 82861 6645 1 3 0
17 82861 6645 2 4 0
17 82861 77845 0 2 0
17 82861 77845 1 3 0
17 82861 77845 2 4 0
17 82861 65477 0 2 0
17 82861 65477 1 3 0
17 82861 65477 2 4 0
17 82861 58083 0 4 0
17 82861 58083 1 1 0
17 82861 58083 2 2 0
17 82861 38501 0 2 0
17 82861 38501 1 3 0
17 82861 38501 2 4 0
17 82861 71021 0 2 0
17 82861 71021 1 3 0
17 82861 71021 2 4 0
17 82861 2021 0 2 0
17 82861 2021 1 3 0
17 82861 2021 2 4 0
17 82861 77279 0 4 0
17 82861 77279 1 1 0
17 82861 77279 2 2 0
17 82861 56359 0 4 0
17 82861 56359 1 1 0
17 82861 56359 2 2 0
17 82861 67473 0 2 0
17 82861 67473 1 3 0
17 82861 67473 2 4 0
17 82861 8827 0 4 0
17 82861 8827 1 1 0
17 82861 8827 2 2 0
17 82861 42287 0 4 0
17 82861 42287 1 1 0
17 82861 42287 2 2 0
17 82861 13089 0 2 0
17 82861 13089 1 3 0
17 82861 13089 2 4 0
17 82861 21435 0 4 0
17 82861 21435 1 1 0
17 82861 21435 2 2 0
17 82861 25911 0 4 0
17 82861 25911 1 1 0
17 82861 25911 2 2 0
17 82861 33177 0 2 0
17 82861 33177 1 3 0
17 82861 33177 2 4 0
17 82861 31143 0 4 0
17 82861 31143 1 1 0
17 82861 31143 2 2 0
17 82861 25655 0 4 0
17 82861 25655 1 1 0
17 82861 25655 2 2 0
17 82861 32487 0 4 0
17 82861 32487 1 1 0
17 82861 32487 2 2 0
17 82861 13355 0 4 0
17 82861 13355 1 1 0
17 82861 13355 2 2 0
17 82861 27273 0 2 0
17 82861 27273 1 3 0
17 82861 27273 2 4 0
17 82861 8745 0 2 0
17 82861 8745 1 3 0
17 82861 8745 2 4 0
17 82861 31563 0 4 0
17 82861 31563 1 1 0
17 82861 31563 2 2 0
17 82861 71577 0 2 0
17 82861 71577 1 3 0
17 82861 71577 2 4 0
17 82861 57241 0 2 0
17 82861 57241 1 3 0
17 82861 57241 2 4 0
17 82861 69351 0 4 0
17 82861 69351 1 1 0
17 82861 69351 2 2 0
17 82861 29951 0 4 0
17 82861 29951 1 1 0
17 82861 29951 2 2 0
17 82861 27727 0 4 0
17 82861 27727 1 1 0
17 82861 27727 2 2 0
17 82861 14953 0 2 0
17 82861 14953 1 3 0
17 82861 14953 2 4 0
17 82861 38601 0 2 0
17 82861 38601 1 3 0
17 82861 38601 2 4 0
17 82861 53211 0 4 0
17 82861 53211 1 1 0
17 82861 53211 2 2 0
17 82861 51711 0 4 0
17 82861 51711 1 1 0
17 82861 51711 2 2 0
17 82861 80153 0 2 0
17 82861 80153 1 3 0
17 82861 80153 2 4 0
17 82861 5155 0 4 0
17 82861 5155 1 1 0
17 82861 5155 2 2 0
17 82861 31889 0 2 0
17 82861 31889 1 3 0
17 82861 31889 2 4 0
17 82861 13745 0 2 0
17 82861 13745 1 3 0
17 82861 13745 2 4 0
17 82861 17431 0 4 0
17 82861 17431 1 1 0
17 82861 17431 2 2 0
17 82861 1959 0 4 0
17 82861 1959 1 1 0
17 82861 1959 2 2 0
17 82861 68859 0 4 0
17 82861 68859 1 1 0
17 82861 68859 2 2 0
17 82861 52697 0 2 0
17 82861 52697 1 3 0
17 82861 52697 2 4 0
17 82861 34099 0 4 0
17 82861 34099 1 1 0
17 82861 34099 2 2 0
17 82861 42349 0 2 0
17 82861 42349 1 3 0
17 82861 42349 2 4 0
17 82861 67353 0 2 0
17 82861 67353 1 3 0
17 82861 67353 2 4 0
17 82861 19181 0 2 0
17 82861 19181 1 3 0
17 82861 19181 2 4 0
17 82861 10495 0 4 0
17 82861 10495 1 1 0
17 82861 10495 2 2 0
17 82861 64471 0 4 0
17 82861 64471 1 1 0
17 82861 64471 2 2 0
17 82861 62959 0 4 0
17 82861 62959 1 1 0
17 82861 62959 2 2 0
17 82861 9543 0 4 0
17 82861 9543 1 1 0
17 82861 9543 2 2 0
17 82861 39567 0 4 0
17 82861 39567 1 1 0
17 82861 39567 2 2 0
17 82861 79747 0 4 0
17 82861 79747 1 1 0
17 82861 79747 2 2 0
17 82861 7295 0 4 0
17 82861 7295 1 1 0
17 82861 7295 2 2 0
17 82861 12529 0 2 0
17 82861 12529 1 3 0
17 82861 12529 2 4 0
17 82861 81537 0 2 0
17 82861 81537 1 3 0
17 82861 81537 2 4 0
17 82861 3873 0 2 0
17 82861 3873 1 3 0
17 82861 3873 2 4 0
17 82861 9727 0 4 0
17 82861 9727 1 1 0
17 82861 9727 2 2 0
17 82861 78995 0 4 0
17 82861 78995 1 1 0
17 82861 78995 2 2 0
17 82861 16735 0 4 0
17 82861 16735 1 1 0
17 82861 16735 2 2 0
17 82861 41599 0 4 0
17 82861 41599 1 1 0
17 82861 41599 2 2 0
17 82861 52509 0 2 0
17 82861 52509 1 3 0
17 82861 52509 2 4 0
17 82861 36751 0 4 0
17 82861 36751 1 1 0
17 82861 36751 2 2 0
17 82861 78799 0 4 0
17 82861 78799 1 1 0
17 82861 78799 2 2 0
17 82861 55279 0 4 0
17 82861 55279 1 1 0
17 82861 55279 2 2 0
17 82861 14425 0 2 0
17 82861 14425 1 3 0
17 82861 14425 2 4 0
17 82861 16709 0 2 0
17 82861 16709 1 3 0
17 82861 16709 2 4 0
17 82861 81415 0 4 0
17 82861 81415 1 1 0
17 82861 81415 2 2 0
17 82861 44021 0 2 0
17 82861 44021 1 3 0
17 82861 44021 2 4 0
17 82861 23079 0 4 0
17 82861 23079 1 1 0
17 82861 23079 2 2 0
17 82861 1639 0 4 0
17 82861 1639 1 1 0
17 82861 1639 2 2 0
17 82861 13033 0 2 0
17 82861 13033 1 3 0
17 82861 13033 2 4 0
17 82861 46627 0 4 0
17 82861 46627 1 1 0
17 82861 46627 2 2 0
17 82861 4835 0 4 0
17 82861 4835 1 1 0
17 82861 4835 2 2 0
17 82861 51229 0 2 0
17 82861 51229 1 3 0
17 82861 51229 2 4 0
17 82861 12081 0 2 0
17 82861 12081 1 3 0
17 82861 12081 2 4 0
17 82861 32357 0 2 0
17 82861 32357 1 3 0
17 82861 32357 2 4 0
17 82861 50869 0 2 0
17 82861 50869 1 3 0
17 82861 50869 2 4 0
17 82861 36929 0 2 0
17 82861 36929 1 3 0
17 82861 36929 2 4 0
17 82861 79403 0 4 0
17 82861 79403 1 1 0
17 82861 79403 2 2 0
17 82861 68465 0 2 0
17 82861 68465 1 3 0
17 82861 68465 2 4 0
17 82861 23469 0 2 0
17 82861 23469 1 3 0
17 82861 23469 2 4 0
17 82861 28559 0 4 0
17 82861 28559 1 1 0
17 82861 28559 2 2 0
17 82861 56499 0 4 0
17 82861 56499 1 1 0
17 82861 56499 2 2 0
17 82861 55115 0 4 0
17 82861 55115 1 1 0
17 82861 55115 2 2 0
17 82861 37501 0 2 0
17 82861 37501 1 3 0
17 82861 37501 2 4 0
17 82861 20781 0 2 0
17 82861 20781 1 3 0
17 82861 20781 2 4 0
17 82861 64651 0 4 0
17 82861 64651 1 1 0
17 82861 64651 2 2 0
17 82861 4823 0 4 0
17 82861 4823 1 1 0
17 82861 4823 2 2 0
17 82861 18117 0 2 0
17 82861 18117 1 3 0
17 82861 18117 2 4 0
17 82861 70165 0 2 0
17 82861 70165 1 3 0
17 82861 70165 2 4 0
17 82861 67369 0 2 0
17 82861 67369 1 3 0
17 82861 67369 2 4 0
17 82861 46693 0 2 0
17 82861 46693 1 3 0
17 82861 46693 2 4 0
17 82861 10801 0 2 0
17 82861 10801 1 3 0
17 82861 10801 2 4 0
17 82861 71189 0 2 0
17 82861 71189 1 3 0
17 82861 71189 2 4 0
17 82861 58173 0 2 0
17 82861 58173 1 3 0
17 82861 58173 2 4 0
17 82861 46409 0 2 0
17 82861 46409 1 3 0
17 82861 46409 2 4 0
17 82861 13857 0 2 0
17 82861 13857 1 3 0
17 82861 13857 2 4 0
17 82861 72023 0 4 0
17 82861 72023 1 1 0
17 82861 72023 2 2 0
17 82861 67535 0 4 0
17 82861 67535 1 1 0
17 82861 67535 2 2 0
17 82861 43355 0 4 0
17 82861 43355 1 1 0
17 82861 43355 2 2 0
17 82861 22607 0 4 0
17 82861 22607 1 1 0
17 82861 22607 2 2 0
17 82861 72697 0 2 0
17 82861 72697 1 3 0
17 82861 72697 2 4 0
17 82861 35817 0 2 0
17 82861 35817 1 3 0
17 82861 35817 2 4 0
17 82861 77705 0 2 0
17 82861 77705 1 3 0
17 82861 77705 2 4 0
17 82861 77951 0 4 0
17 82861 77951 1 1 0
17 82861 77951 2 2 0
17 82861 60155 0 4 0
17 82861 60155 1 1 0
17 82861 60155 2 2 0
17 82861 73045 0 2 0
17 82861 73045 1 3 0
17 82861 73045 2 4 0
17 82861 22521 0 2 0
17 82861 22521 1 3 0
17 82861 22521 2 4 0
17 82861 15205 0 2 0
17 82861 15205 1 3 0
17 82861 15205 2 4 0
17 82861 47117 0 2 0
17 82861 47117 1 3 0
17 82861 47117 2 4 0
17 82861 48395 0 4 0
17 82861 48395 1 1 0
17 82861 48395 2 2 0
17 82861 549 0 2 0
17 82861 549 1 3 0
17 82861 549 2 4 0
17 82861 1753 0 2 0
17 82861 1753 1 3 0
17 82861 1753 2 4 0
17 82861 72295 0 4 0
17 82861 72295 1 1 0
17 82861 72295 2 2 0
17 82861 12261 0 2 0
17 82861 12261 1 3 0
17 82861 12261 2 4 0
17 82861 56919 0 4 0
17 82861 56919 1 1 0
17 82861 56919 2 2 0
17 82861 61337 0 2 0
17 82861 61337 1 3 0
17 82861 61337 2 4 0
17 82861 38309 0 2 0
17 82861 38309 1 3 0
17 82861 38309 2 4 0
17 82861 65085 0 2 0
17 82861 65085 1 3 0
17 82861 65085 2 4 0
17 82861 13705 0 2 0
17 82861 13705 1 3 0
17 82861 13705 2 4 0
17 82861 73457 0 2 0
17 82861 73457 1 3 0
17 82861 73457 2 4 0
17 82861 45639 0 4 0
17 82861 45639 1 1 0
17 82861 45639 2 2 0
17 82861 51015 0 4 0
17 82861 51015 1 1 0
17 82861 51015 2 2 0
17 82861 29189 0 2 0
17 82861 29189 1 3 0
17 82861 29189 2 4 0
17 82861 58061 0 2 0
17 82861 58061 1 3 0
17 82861 58061 2 4 0
17 82861 31071 0 4 0
17 82861 31071 1 1 0
17 82861 31071 2 2 0
17 82861 66811 0 4 0
17 82861 66811 1 1 0
17 82861 66811 2 2 0
17 82861 76675 0 4 0
17 82861 76675 1 1 0
17 82861 76675 2 2 0
17 82861 53463 0 4 0
17 82861 53463 1 1 0
17 82861 53463 2 2 0
17 82861 37177 0 2 0
17 82861 37177 1 3 0
17 82861 37177 2 4 0
17 82861 13305 0 2 0
17 82861 13305 1 3 0
17 82861 13305 2 4 0
17 82861 11547 0 4 0
17 82861 11547 1 1 0
17 82861 11547 2 2 0
17 82861 37469 0 2 0
17 82861 37469 1 3 0
17 82861 37469 2 4 0
17 82861 4381 0 2 0
17 82861 4381 1 3 0
17 82861 4381 2 4 0
17 82861 17537 0 2 0
17 82861 17537 1 3 0
17 82861 17537 2 4 0
17 82861 41661 0 2 0
17 82861 41661 1 3 0
17 82861 41661 2 4 0
17 82861 75691 0 4 0
17 82861 75691 1 1 0
17 82861 75691 2 2 0
17 82861 19145 0 2 0
17 82861 19145 1 3 0
17 82861 19145 2 4 0
17 82861 14881 0 2 0
17 82861 14881 1 3 0
17 82861 14881 2 4 0
17 82861 11197 0 2 0
17 82861 11197 1 3 0
17 82861 11197 2 4 0
17 82861 81727 0 4 0
17 82861 81727 1 1 0
17 82861 81727 2 2 0
17 82861 81303 0 4 0
17 82861 81303 1 1 0
17 82861 81303 2 2 0
17 82861 73127 0 4 0
17 82861 73127 1 1 0
17 82861 73127 2 2 0
17 82861 68065 0 2 0
17 82861 68065 1 3 0
17 82861 68065 2 4 0
17 82861 48601 0 2 0
17 82861 48601 1 3 0
17 82861 48601 2 4 0
17 82861 36407 0 4 0
17 82861 36407 1 1 0
17 82861 36407 2 2 0
17 82861 14243 0 4 0
17 82861 14243 1 1 0
17 82861 14243 2 2 0
17 82861 64927 0 4 0
17 82861 64927 1 1 0
17 82861 64927 2 2 0
17 82861 73931 0 4 0
17 82861 73931 1 1 0
17 82861 73931 2 2 0
17 82861 76107 0 4 0
17 82861 76107 1 1 0
17 82861 76107 2 2 0
17 82861 46095 0 4 0
17 82861 46095 1 1 0
17 82861 46095 2 2 0
17 82861 30319 0 4 0
17 82861 30319 1 1 0
17 82861 30319 2 2 0
17 82861 34451 0 4 0
17 82861 34451 1 1 0
17 82861 34451 2 2 0
17 82861 71031 0 4 0
17 82861 71031 1 1 0
17 82861 71031 2 2 0
17 82861 39773 0 2 0
17 82861 39773 1 3 0
17 82861 39773 2 4 0
17 82861 75213 0 2 0
17 82861 75213 1 3 0
17 82861 75213 2 4 0
17 82861 50971 0 4 0
17 82861 50971 1 1 0
17 82861 50971 2 2 0
17 82861 52517 0 2 0
17 82861 52517 1 3 0
17 82861 52517 2 4 0
17 82861 45259 0 4 0
17 82861 45259 1 1 0
17 82861 45259 2 2 0
17 82861 68815 0 4 0
17 82861 68815 1 1 0
17 82861 68815 2 2 0
17 82861 24245 0 2 0
17 82861 24245 1 3 0
17 82861 24245 2 4 0
17 82861 34341 0 2 0
17 82861 34341 1 3 0
17 82861 34341 2 4 0
17 82861 63563 0 4 0
17 82861 63563 1 1 0
17 82861 63563 2 2 0
17 82861 57357 0 2 0
17 82861 57357 1 3 0
17 82861 57357 2 4 0
17 82861 78515 0 4 0
17 82861 78515 1 1 0
17 82861 78515 2 2 0
17 82861 20671 0 4 0
17 82861 20671 1 1 0
17 82861 20671 2 2 0
17 82861 49573 0 2 0
17 82861 49573 1 3 0
17 82861 49573 2 4 0
17 82861 81621 0 2 0
17 82861 81621 1 3 0
17 82861 81621 2 4 0
17 82861 40389 0 2 0
17 82861 40389 1 3 0
17 82861 40389 2 4 0
17 82861 30843 0 4 0
17 82861 30843 1 1 0
17 82861 30843 2 2 0
17 82861 57279 0 4 0
17 82861 57279 1 1 0
17 82861 57279 2 2 0
17 82861 41209 0 2 0
17 82861 41209 1 3 0
17 82861 41209 2 4 0
17 82861 48805 0 2 0
17 82861 48805 1 3 0
17 82861 48805 2 4 0
17 82861 73849 0 2 0
17 82861 73849 1 3 0
17 82861 73849 2 4 0
17 82861 54829 0 2 0
17 82861 54829 1 3 0
17 82861 54829 2 4 0
17 82861 28275 0 4 0
17 82861 28275 1 1 0
17 82861 28275 2 2 0
17 82861 39959 0 4 0
17 82861 39959 1 1 0
17 82861 39959 2 2 0
17 82861 41049 0 2 0
17 82861 41049 1 3 0
17 82861 41049 2 4 0
17 82861 51693 0 2 0
17 82861 51693 1 3 0
17 82861 51693 2 4 0
17 82861 61313 0 2 0
17 82861 61313 1 3 0
17 82861 61313 2 4 0
17 82861 69369 0 2 0
17 82861 69369 1 3 0
17 82861 69369 2 4 0
17 82861 60903 0 4 0
17 82861 60903 1 1 0
17 82861 60903 2 2 0
17 82861 5313 0 2 0
17 82861 5313 1 3 0
17 82861 5313 2 4 0
17 82861 44235 0 4 0
17 82861 44235 1 1 0
17 82861 44235 2 2 0
17 82861 7383 0 4 0
17 82861 7383 1 1 0
17 82861 7383 2 2 0
17 82861 44379 0 4 0
17 82861 44379 1 1 0
17 82861 44379 2 2 0
17 82861 71283 0 4 0
17 82861 71283 1 1 0
17 82861 71283 2 2 0
17 82861 28723 0 4 0
17 82861 28723 1 1 0
17 82861 28723 2 2 0
17 82861 14815 0 4 0
17 82861 14815 1 1 0
17 82861 14815 2 2 0
17 82861 69953 0 2 0
17 82861 69953 1 3 0
17 82861 69953 2 4 0
17 82861 1581 0 2 0
17 82861 1581 1 3 0
17 82861 1581 2 4 0
17 82861 9891 0 4 0
17 82861 9891 1 1 0
17 82861 9891 2 2 0
17 82861 78631 0 4 0
17 82861 78631 1 1 0
17 82861 78631 2 2 0
17 82861 28885 0 2 0
17 82861 28885 1 3 0
17 82861 28885 2 4 0
17 82861 71323 0 4 0
17 82861 71323 1 1 0
17 82861 71323 2 2 0
17 82861 43335 0 4 0
17 82861 43335 1 1 0
17 82861 43335 2 2 0
17 82861 74855 0 4 0
17 82861 74855 1 1 0
17 82861 74855 2 2 0
17 82861 12355 0 4 0
17 82861 12355 1 1 0
17 82861 12355 2 2 0
17 82861 47235 0 4 0
17 82861 47235 1 1 0
17 82861 47235 2 2 0
17 82861 64969 0 2 0
17 82861 64969 1 3 0
17 82861 64969 2 4 0
17 82861 67607 0 4 0
17 82861 67607 1 1 0
17 82861 67607 2 2 0
17 82861 46921 0 2 0
17 82861 46921 1 3 0
17 82861 46921 2 4 0
17 82861 45517 0 2 0
17 82861 45517 1 3 0
17 82861 45517 2 4 0
17 82861 55415 0 4 0
17 82861 55415 1 1 0
17 82861 55415 2 2 0
17 82861 76413 0 2 0
17 82861 76413 1 3 0
17 82861 76413 2 4 0
17 82861 27871 0 4 0
17 82861 27871 1 1 0
17 82861 27871 2 2 0
17 82861 76547 0 4 0
17 82861 76547 1 1 0
17 82861 76547 2 2 0
17 82861 76671 0 4 0
17 82861 76671 1 1 0
17 82861 76671 2 2 0
17 82861 48709 0 2 0
17 82861 48709 1 3 0
17 82861 48709 2 4 0
17 82861 43369 0 2 0
17 82861 43369 1 3 0
17 82861 43369 2 4 0
17 82861 65225 0 2 0
17 82861 65225 1 3 0
17 82861 65225 2 4 0
17 82861 53089 0 2 0
17 82861 53089 1 3 0
17 82861 53089 2 4 0
17 82861 42157 0 2 0
17 82861 42157 1 3 0
17 82861 42157 2 4 0
17 82861 79299 0 4 0
17 82861 79299 1 1 0
17 82861 79299 2 2 0
17 82861 32779 0 4 0
17 82861 32779 1 1 0
17 82861 32779 2 2 0
17 82861 45761 0 2 0
17 82861 45761 1 3 0
17 82861 45761 2 4 0
17 82861 4287 0 4 0
17 82861 4287 1 1 0
17 82861 4287 2 2 0
17 82861 73475 0 4 0
17 82861 73475 1 1 0
17 82861 73475 2 2 0
17 82861 48523 0 4 0
17 82861 48523 1 1 0
17 82861 48523 2 2 0
17 82861 72865 0 2 0
17 82861 72865 1 3 0
17 82861 72865 2 4 0
17 82861 25683 0 4 0
17 82861 25683 1 1 0
17 82861 25683 2 2 0
17 82861 19951 0 4 0
17 82861 19951 1 1 0
17 82861 19951 2 2 0
17 82861 59211 0 4 0
17 82861 59211 1 1 0
17 82861 59211 2 2 0
17 82861 42899 0 4 0
17 82861 42899 1 1 0
17 82861 42899 2 2 0
17 82861 1659 0 4 0
17 82861 1659 1 1 0
17 82861 1659 2 2 0
17 82861 41407 0 4 0
17 82861 41407 1 1 0
17 82861 41407 2 2 0
17 82861 73891 0 4 0
17 82861 73891 1 1 0
17 82861 73891 2 2 0
17 82861 4633 0 2 0
17 82861 4633 1 3 0
17 82861 4633 2 4 0
17 82861 48401 0 2 0
17 82861 48401 1 3 0
17 82861 48401 2 4 0
17 82861 20531 0 4 0
17 82861 20531 1 1 0
17 82861 20531 2 2 0
17 82861 25795 0 4 0
17 82861 25795 1 1 0
17 82861 25795 2 2 0
17 82861 51979 0 4 0
17 82861 51979 1 1 0
17 82861 51979 2 2 0
17 82861 59045 0 2 0
17 82861 59045 1 3 0
17 82861 59045 2 4 0
17 82861 74101 0 2 0
17 82861 74101 1 3 0
17 82861 74101 2 4 0
17 82861 66693 0 2 0
17 82861 66693 1 3 0
17 82861 66693 2 4 0
17 82861 13681 0 2 0
17 82861 13681 1 3 0
17 82861 13681 2 4 0
17 82861 41655 0 4 0
17 82861 41655 1 1 0
17 82861 41655 2 2 0
17 82861 73657 0 2 0
17 82861 73657 1 3 0
17 82861 73657 2 4 0
17 82861 17767 0 4 0
17 82861 17767 1 1 0
17 82861 17767 2 2 0
17 82861 4405 0 2 0
17 82861 4405 1 3 0
17 82861 4405 2 4 0
17 82861 45163 0 4 0
17 82861 45163 1 1 0
17 82861 45163 2 2 0
17 82861 25351 0 4 0
17 82861 25351 1 1 0
17 82861 25351 2 2 0
17 82861 1707 0 4 0
17 82861 1707 1 1 0
17 82861 1707 2 2 0
17 82861 47775 0 4 0
17 82861 47775 1 1 0
17 82861 47775 2 2 0
17 82861 11273 0 2 0
17 82861 11273 1 3 0
17 82861 11273 2 4 0
17 82861 13675 0 4 0
17 82861 13675 1 1 0
17 82861 13675 2 2 0
17 82861 21139 0 4 0
17 82861 21139 1 1 0
17 82861 21139 2 2 0
17 82861 64731 0 4 0
17 82861 64731 1 1 0
17 82861 64731 2 2 0
17 82861 44745 0 2 0
17 82861 44745 1 3 0
17 82861 44745 2 4 0
17 82861 42285 0 2 0
17 82861 42285 1 3 0
17 82861 42285 2 4 0
17 82861 81881 0 2 0
17 82861 81881 1 3 0
17 82861 81881 2 4 0
17 82861 6173 0 2 0
17 82861 6173 1 3 0
17 82861 6173 2 4 0
17 82861 56529 0 2 0
17 82861 56529 1 3 0
17 82861 56529 2 4 0
17 82861 78917 0 2 0
17 82861 78917 1 3 0
17 82861 78917 2 4 0
17 82861 31845 0 2 0
17 82861 31845 1 3 0
17 82861 31845 2 4 0
17 82861 17273 0 2 0
17 82861 17273 1 3 0
17 82861 17273 2 4 0
17 82861 5737 0 2 0
17 82861 5737 1 3 0
17 82861 5737 2 4 0
17 82861 11489 0 2 0
17 82861 11489 1 3 0
17 82861 11489 2 4 0
17 82861 74329 0 2 0
17 82861 74329 1 3 0
17 82861 74329 2 4 0
17 82861 63881 0 2 0
17 82861 63881 1 3 0
17 82861 63881 2 4 0
17 82861 76115 0 4 0
17 82861 76115 1 1 0
17 82861 76115 2 2 0
17 82861 48823 0 4 0
17 82861 48823 1 1 0
17 82861 48823 2 2 0
17 82861 66477 0 2 0
17 82861 66477 1 3 0
17 82861 66477 2 4 0
17 82861 38139 0 4 0
17 82861 38139 1 1 0
17 82861 38139 2 2 0
17 82861 57691 0 4 0
17 82861 57691 1 1 0
17 82861 57691 2 2 0
17 82861 15463 0 4 0
17 82861 15463 1 1 0
17 82861 15463 2 2 0
17 82861 76099 0 4 0
17 82861 76099 1 1 0
17 82861 76099 2 2 0
17 82861 58377 0 2 0
17 82861 58377 1 3 0
17 82861 58377 2 4 0
17 82861 5473 0 2 0
17 82861 5473 1 3 0
17 82861 5473 2 4 0
17 82861 53903 0 4 0
17 82861 53903 1 1 0
17 82861 53903 2 2 0
17 82861 61167 0 4 0
17 82861 61167 1 1 0
17 82861 61167 2 2 0
17 82861 5929 0 2 0
17 82861 5929 1 3 0
17 82861 5929 2 4 0
17 82861 4427 0 4 0
17 82861 4427 1 1 0
17 82861 4427 2 2 0
17 82861 22277 0 2 0
17 82861 22277 1 3 0
17 82861 22277 2 4 0
17 82861 2209 0 2 0
17 82861 2209 1 3 0
17 82861 2209 2 4 0
17 82861 31777 0 2 0
17 82861 31777 1 3 0
17 82861 31777 2 4 0
17 82861 52567 0 4 0
17 82861 52567 1 1 0
17 82861 52567 2 2 0
17 82861 17365 0 2 0
17 82861 17365 1 3 0
17 82861 17365 2 4 0
17 82861 76625 0 2 0
17 82861 76625 1 3 0
17 82861 76625 2 4 0
17 82861 40505 0 2 0
17 82861 40505 1 3 0
17 82861 40505 2 4 0
17 82861 81391 0 4 0
17 82861 81391 1 1 0
17 82861 81391 2 2 0
17 82861 20823 0 4 0
17 82861 20823 1 1 0
17 82861 20823 2 2 0
17 82861 56383 0 4 0
17 82861 56383 1 1 0
17 82861 56383 2 2 0
17 82861 29093 0 2 0
17 82861 29093 1 3 0
17 82861 29093 2 4 0
17 82861 61701 0 2 0
17 82861 61701 1 3 0
17 82861 61701 2 4 0
17 82861 13483 0 4 0
17 82861 13483 1 1 0
17 82861 13483 2 2 0
17 82861 59109 0 2 0
17 82861 59109 1 3 0
17 82861 59109 2 4 0
17 82861 63291 0 4 0
17 82861 63291 1 1 0
17 82861 63291 2 2 0
17 82861 19521 0 2 0
17 82861 19521 1 3 0
17 82861 19521 2 4 0
17 82861 50833 0 2 0
17 82861 50833 1 3 0
17 82861 50833 2 4 0
17 82861 58233 0 2 0
17 82861 58233 1 3 0
17 82861 58233 2 4 0
17 82861 8607 0 4 0
17 82861 8607 1 1 0
17 82861 8607 2 2 0
17 82861 40839 0 4 0
17 82861 40839 1 1 0
17 82861 40839 2 2 0
17 82861 47635 0 4 0
17 82861 47635 1 1 0
17 82861 47635 2 2 0
17 82861 80203 0 4 0
17 82861 80203 1 1 0
17 82861 80203 2 2 0
17 82861 27017 0 2 0
17 82861 27017 1 3 0
17 82861 27017 2 4 0
17 82861 72779 0 4 0
17 82861 72779 1 1 0
17 82861 72779 2 2 0
17 82861 77651 0 4 0
17 82861 77651 1 1 0
17 82861 77651 2 2 0
17 82861 9203 0 4 0
17 82861 9203 1 1 0
17 82861 9203 2 2 0
17 82861 77327 0 4 0
17 82861 77327 1 1 0
17 82861 77327 2 2 0
17 82861 11391 0 4 0
17 82861 11391 1 1 0
17 82861 11391 2 2 0
17 82861 73047 0 4 0
17 82861 73047 1 1 0
17 82861 73047 2 2 0
17 82861 42605 0 2 0
17 82861 42605 1 3 0
17 82861 42605 2 4 0
17 82861 28971 0 4 0
17 82861 28971 1 1 0
17 82861 28971 2 2 0
17 82861 30995 0 4 0
17 82861 30995 1 1 0
17 82861 30995 2 2 0
17 82861 29841 0 2 0
17 82861 29841 1 3 0
17 82861 29841 2 4 0
17 82861 39545 0 2 0
17 82861 39545 1 3 0
17 82861 39545 2 4 0
17 82861 35463 0 4 0
17 82861 35463 1 1 0
17 82861 35463 2 2 0
17 82861 28625 0 2 0
17 82861 28625 1 3 0
17 82861 28625 2 4 0
17 82861 30497 0 2 0
17 82861 30497 1 3 0
17 82861 30497 2 4 0
17 82861 42407 0 4 0
17 82861 42407 1 1 0
17 82861 42407 2 2 0
17 82861 5687 0 4 0
17 82861 5687 1 1 0
17 82861 5687 2 2 0
17 82861 25457 0 2 0
17 82861 25457 1 3 0
17 82861 25457 2 4 0
17 82861 55413 0 2 0
17 82861 55413 1 3 0
17 82861 55413 2 4 0
17 82861 36431 0 4 0
17 82861 36431 1 1 0
17 82861 36431 2 2 0
17 82861 43571 0 4 0
17 82861 43571 1 1 0
17 82861 43571 2 2 0
17 82861 56971 0 4 0
17 82861 56971 1 1 0
17 82861 56971 2 2 0
17 82861 14647 0 4 0
17 82861 14647 1 1 0
17 82861 14647 2 2 0
17 82861 28911 0 4 0
17 82861 28911 1 1 0
17 82861 28911 2 2 0
17 82861 78697 0 2 0
17 82861 78697 1 3 0
17 82861 78697 2 4 0
17 82861 25365 0 2 0
17 82861 25365 1 3 0
17 82861 25365 2 4 0
17 82861 6959 0 4 0
17 82861 6959 1 1 0
17 82861 6959 2 2 0
17 82861 80929 0 2 0
17 82861 80929 1 3 0
17 82861 80929 2 4 0
17 82861 3397 0 2 0
17 82861 3397 1 3 0
17 82861 3397 2 4 0
17 82861 20789 0 2 0
17 82861 20789 1 3 0
17 82861 20789 2 4 0
17 82861 56703 0 4 0
17 82861 56703 1 1 0
17 82861 56703 2 2 0
17 82861 50589 0 2 0
17 82861 50589 1 3 0
17 82861 50589 2 4 0
17 82861 49467 0 4 0
17 82861 49467 1 1 0
17 82861 49467 2 2 0
17 82861 48701 0 2 0
17 82861 48701 1 3 0
17 82861 48701 2 4 0
17 82861 76177 0 2 0
17 82861 76177 1 3 0
17 82861 76177 2 4 0
17 82861 36211 0 4 0
17 82861 36211 1 1 0
17 82861 36211 2 2 0
17 82861 9965 0 2 0
17 82861 9965 1 3 0
17 82861 9965 2 4 0
17 82861 5311 0 4 0
17 82861 5311 1 1 0
17 82861 5311 2 2 0
17 82861 70193 0 2 0
17 82861 70193 1 3 0
17 82861 70193 2 4 0
17 82861 57567 0 4 0
17 82861 57567 1 1 0
17 82861 57567 2 2 0
17 82861 47465 0 2 0
17 82861 47465 1 3 0
17 82861 47465 2 4 0
17 82861 7941 0 2 0
17 82861 7941 1 3 0
17 82861 7941 2 4 0
18 82861 49649 0 2 0
18 82861 49649 1 3 0
18 82861 49649 2 4 0
18 82861 27043 0 4 0
18 82861 27043 1 1 0
18 82861 27043 2 2 0
18 82861 57155 0 4 0
18 82861 57155 1 1 0
18 82861 57155 2 2 0
18 82861 37335 0 4 0
18 82861 37335 1 1 0
18 82861 37335 2 2 0
18 82861 72919 0 4 0
18 82861 72919 1 1 0
18 82861 72919 2 2 0
18 82861 20669 0 2 0
18 82861 20669 1 3 0
18 82861 20669 2 4 0
18 82861 5715 0 4 0
18 82861 5715 1 1 0
18 82861 5715 2 2 0
18 82861 5163 0 4 0
18 82861 5163 1 1 0
18 82861 5163 2 2 0
18 82861 34021 0 2 0
18 82861 34021 1 3 0
18 82861 34021 2 4 0
18 82861 41503 0 4 0
18 82861 41503 1 1 0
18 82861 41503 2 2 0
18 82861 59411 0 4 0
18 82861 59411 1 1 0
18 82861 59411 2 2 0
18 82861 75559 0 4 0
18 82861 75559 1 1 0
18 82861 75559 2 2 0
18 82861 33527 0 4 0
18 82861 33527 1 1 0
18 82861 33527 2 2 0
18 82861 26111 0 4 0
18 82861 26111 1 1 0
18 82861 26111 2 2 0
18 82861 28423 0 4 0
18 82861 28423 1 1 0
18 82861 28423 2 2 0
18 82861 54225 0 2 0
18 82861 54225 1 3 0
18 82861 54225 2 4 0
18 82861 62025 0 2 0
18 82861 62025 1 3 0
18 82861 62025 2 4 0
18 82861 34805 0 2 0
18 82861 34805 1 3 0
18 82861 34805 2 4 0
18 82861 29385 0 2 0
18 82861 29385 1 3 0
18 82861 29385 2 4 0
18 82861 46463 0 4 0
18 82861 46463 1 1 0
18 82861 46463 2 2 0
18 82861 71745 0 2 0
18 82861 71745 1 3 0
18 82861 71745 2 4 0
18 82861 323 0 4 0
18 82861 323 1 1 0
18 82861 323 2 2 0
18 82861 80679 0 4 0
18 82861 80679 1 1 0
18 82861 80679 2 2 0
18 82861 60599 0 4 0
18 82861 60599 1 1 0
18 82861 60599 2 2 0
18 82861 60063 0 4 0
18 82861 60063 1 1 0
18 82861 60063 2 2 0
18 82861 57913 0 2 0
18 82861 57913 1 3 0
18 82861 57913 2 4 0
18 82861 53603 0 4 0
18 82861 53603 1 1 0
18 82861 53603 2 2 0
18 82861 33975 0 4 0
18 82861 33975 1 1 0
18 82861 33975 2 2 0
18 82861 48491 0 4 0
18 82861 48491 1 1 0
18 82861 48491 2 2 0
18 82861 68203 0 4 0
18 82861 68203 1 1 0
18 82861 68203 2 2 0
18 82861 31225 0 2 0
18 82861 31225 1 3 0
18 82861 31225 2 4 0
18 82861 29947 0 4 0
18 82861 29947 1 1 0
18 82861 29947 2 2 0
18 82861 24059 0 4 0
18 82861 24059 1 1 0
18 82861 24059 2 2 0
18 82861 7109 0 2 0
18 82861 7109 1 3 0
18 82861 7109 2 4 0
18 82861 7409 0 2 0
18 82861 7409 1 3 0
18 82861 7409 2 4 0
18 82861 43031 0 4 0
18 82861 43031 1 1 0
18 82861 43031 2 2 0
18 82861 18247 0 4 0
18 82861 18247 1 1 0
18 82861 18247 2 2 0
18 82861 3345 0 2 0
18 82861 3345 1 3 0
18 82861 3345 2 4 0
18 82861 71341 0 2 0
18 82861 71341 1 3 0
18 82861 71341 2 4 0
18 82861 25757 0 2 0
18 82861 25757 1 3 0
18 82861 25757 2 4 0
18 82861 48627 0 4 0
18 82861 48627 1 1 0
18 82861 48627 2 2 0
18 82861 35639 0 4 0
18 82861 35639 1 1 0
18 82861 35639 2 2 0
18 82861 81153 0 2 0
18 82861 81153 1 3 0
18 82861 81153 2 4 0
18 82861 14497 0 2 0
18 82861 14497 1 3 0
18 82861 14497 2 4 0
18 82861 66029 0 2 0
18 82861 66029 1 3 0
18 82861 66029 2 4 0
18 82861 38863 0 4 0
18 82861 38863 1 1 0
18 82861 38863 2 2 0
18 82861 69903 0 4 0
18 82861 69903 1 1 0
18 82861 69903 2 2 0
18 82861 63025 0 2 0
18 82861 63025 1 3 0
18 82861 63025 2 4 0
18 82861 2319 0 4 0
18 82861 2319 1 1 0
18 82861 2319 2 2 0
18 82861 45037 0 2 0
18 82861 45037 1 3 0
18 82861 45037 2 4 0
18 82861 33199 0 4 0
18 82861 33199 1 1 0
18 82861 33199 2 2 0
18 82861 35565 0 2 0
18 82861 35565 1 3 0
18 82861 35565 2 4 0
18 82861 19003 0 4 0
18 82861 19003 1 1 0
18 82861 19003 2 2 0
18 82861 51587 0 4 0
18 82861 51587 1 1 0
18 82861 51587 2 2 0
18 82861 39557 0 2 0
18 82861 39557 1 3 0
18 82861 39557 2 4 0
18 82861 74743 0 4 0
18 82861 74743 1 1 0
18 82861 74743 2 2 0
18 82861 60361 0 2 0
18 82861 60361 1 3 0
18 82861 60361 2 4 0
18 82861 7859 0 4 0
18 82861 7859 1 1 0
18 82861 7859 2 2 0
18 82861 74249 0 2 0
18 82861 74249 1 3 0
18 82861 74249 2 4 0
18 82861 14131 0 4 0
18 82861 14131 1 1 0
18 82861 14131 2 2 0
18 82861 8825 0 2 0
18 82861 8825 1 3 0
18 82861 8825 2 4 0
18 82861 61039 0 4 0
18 82861 61039 1 1 0
18 82861 61039 2 2 0
18 82861 49367 0 4 0
18 82861 49367 1 1 0
18 82861 49367 2 2 0
18 82861 68647 0 4 0
18 82861 68647 1 1 0
18 82861 68647 2 2 0
18 82861 46521 0 2 0
18 82861 46521 1 3 0
18 82861 46521 2 4 0
18 82861 44937 0 2 0
18 82861 44937 1 3 0
18 82861 44937 2 4 0
18 82861 71739 0 4 0
18 82861 71739 1 1 0
18 82861 71739 2 2 0
18 82861 32333 0 2 0
18 82861 32333 1 3 0
18 82861 32333 2 4 0
18 82861 8127 0 4 0
18 82861 8127 1 1 0
18 82861 8127 2 2 0
18 82861 78573 0 2 0
18 82861 78573 1 3 0
18 82861 78573 2 4 0
18 82861 36093 0 2 0
18 82861 36093 1 3 0
18 82861 36093 2 4 0
18 82861 2955 0 4 0
18 82861 2955 1 1 0
18 82861 2955 2 2 0
18 82861 10827 0 4 0
18 82861 10827 1 1 0
18 82861 10827 2 2 0
18 82861 74437 0 2 0
18 82861 74437 1 3 0
18 82861 74437 2 4 0
18 82861 25213 0 2 0
18 82861 25213 1 3 0
18 82861 25213 2 4 0
18 82861 80817 0 2 0
18 82861 80817 1 3 0
18 82861 80817 2 4 0
18 82861 6311 0 4 0
18 82861 6311 1 1 0
18 82861 6311 2 2 0
18 82861 47593 0 2 0
18 82861 47593 1 3 0
18 82861 47593 2 4 0
18 82861 22229 0 2 0
18 82861 22229 1 3 0
18 82861 22229 2 4 0
18 82861 55999 0 4 0
18 82861 55999 1 1 0
18 82861 55999 2 2 0
18 82861 16853 0 2 0
18 82861 16853 1 3 0
18 82861 16853 2 4 0
18 82861 52767 0 4 0
18 82861 52767 1 1 0
18 82861 52767 2 2 0
18 82861 9675 0 4 0
18 82861 9675 1 1 0
18 82861 9675 2 2 0
18 82861 21329 0 2 0
18 82861 21329 1 3 0
18 82861 21329 2 4 0
18 82861 19513 0 2 0
18 82861 19513 1 3 0
18 82861 19513 2 4 0
18 82861 52117 0 2 0
18 82861 52117 1 3 0
18 82861 52117 2 4 0
18 82861 76929 0 2 0
18 82861 76929 1 3 0
18 82861 76929 2 4 0
18 82861 3475 0 4 0
18 82861 3475 1 1 0
18 82861 3475 2 2 0
18 82861 13615 0 4 0
18 82861 13615 1 1 0
18 82861 13615 2 2 0
18 82861 14643 0 4 0
18 82861 14643 1 1 0
18 82861 14643 2 2 0
18 82861 35547 0 4 0
18 82861 35547 1 1 0
18 82861 35547 2 2 0
18 82861 18371 0 4 0
18 82861 18371 1 1 0
18 82861 18371 2 2 0
18 82861 80913 0 2 0
18 82861 80913 1 3 0
18 82861 80913 2 4 0
18 82861 61499 0 4 0
18 82861 61499 1 1 0
18 82861 61499 2 2 0
18 82861 5545 0 2 0
18 82861 5545 1 3 0
18 82861 5545 2 4 0
18 82861 18069 0 2 0
18 82861 18069 1 3 0
18 82861 18069 2 4 0
18 82861 14287 0 4 0
18 82861 14287 1 1 0
18 82861 14287 2 2 0
18 82861 3841 0 2 0
18 82861 3841 1 3 0
18 82861 3841 2 4 0
18 82861 35399 0 4 0
18 82861 35399 1 1 0
18 82861 35399 2 2 0
18 82861 25441 0 2 0
18 82861 25441 1 3 0
18 82861 25441 2 4 0
18 82861 79055 0 4 0
18 82861 79055 1 1 0
18 82861 79055 2 2 0
18 82861 12895 0 4 0
18 82861 12895 1 1 0
18 82861 12895 2 2 0
18 82861 77207 0 4 0
18 82861 77207 1 1 0
18 82861 77207 2 2 0
18 82861 66817 0 2 0
18 82861 66817 1 3 0
18 82861 66817 2 4 0
18 82861 5935 0 4 0
18 82861 5935 1 1 0
18 82861 5935 2 2 0
18 82861 41699 0 4 0
18 82861 41699 1 1 0
18 82861 41699 2 2 0
18 82861 72253 0 2 0
18 82861 72253 1 3 0
18 82861 72253 2 4 0
18 82861 65051 0 4 0
18 82861 65051 1 1 0
18 82861 65051 2 2 0
18 82861 5359 0 4 0
18 82861 5359 1 1 0
18 82861 5359 2 2 0
18 82861 711 0 4 0
18 82861 711 1 1 0
18 82861 711 2 2 0
18 82861 28287 0 4 0
18 82861 28287 1 1 0
18 82861 28287 2 2 0
18 82861 51235 0 4 0
18 82861 51235 1 1 0
18 82861 51235 2 2 0
18 82861 29713 0 2 0
18 82861 29713 1 3 0
18 82861 29713 2 4 0
18 82861 47953 0 2 0
18 82861 47953 1 3 0
18 82861 47953 2 4 0
18 82861 30637 0 2 0
18 82861 30637 1 3 0
18 82861 30637 2 4 0
18 82861 5307 0 4 0
18 82861 5307 1 1 0
18 82861 5307 2 2 0
18 82861 24315 0 4 0
18 82861 24315 1 1 0
18 82861 24315 2 2 0
18 82861 65235 0 4 0
18 82861 65235 1 1 0
18 82861 65235 2 2 0
18 82861 11597 0 2 0
18 82861 11597 1 3 0
18 82861 11597 2 4 0
18 82861 30203 0 4 0
18 82861 30203 1 1 0
18 82861 30203 2 2 0
18 82861 31329 0 2 0
18 82861 31329 1 3 0
18 82861 31329 2 4 0
18 82861 50537 0 2 0
18 82861 50537 1 3 0
18 82861 50537 2 4 0
18 82861 46835 0 4 0
18 82861 46835 1 1 0
18 82861 46835 2 2 0
18 82861 52615 0 4 0
18 82861 52615 1 1 0
18 82861 52615 2 2 0
18 82861 10545 0 2 0
18 82861 10545 1 3 0
18 82861 10545 2 4 0
18 82861 58691 0 4 0
18 82861 58691 1 1 0
18 82861 58691 2 2 0
18 82861 6595 0 4 0
18 82861 6595 1 1 0
18 82861 6595 2 2 0
18 82861 46363 0 4 0
18 82861 46363 1 1 0
18 82861 46363 2 2 0
18 82861 10725 0 2 0
18 82861 10725 1 3 0
18 82861 10725 2 4 0
18 82861 77663 0 4 0
18 82861 77663 1 1 0
18 82861 77663 2 2 0
18 82861 24611 0 4 0
18 82861 24611 1 1 0
18 82861 24611 2 2 0
18 82861 73091 0 4 0
18 82861 73091 1 1 0
18 82861 73091 2 2 0
18 82861 66977 0 2 0
18 82861 66977 1 3 0
18 82861 66977 2 4 0
18 82861 8211 0 4 0
18 82861 8211 1 1 0
18 82861 8211 2 2 0
18 82861 28075 0 4 0
18 82861 28075 1 1 0
18 82861 28075 2 2 0
18 82861 54465 0 2 0
18 82861 54465 1 3 0
18 82861 54465 2 4 0
18 82861 70515 0 4 0
18 82861 70515 1 1 0
18 82861 70515 2 2 0
18 82861 12417 0 2 0
18 82861 12417 1 3 0
18 82861 12417 2 4 0
18 82861 7019 0 4 0
18 82861 7019 1 1 0
18 82861 7019 2 2 0
18 82861 21893 0 2 0
18 82861 21893 1 3 0
18 82861 21893 2 4 0
18 82861 3369 0 2 0
18 82861 3369 1 3 0
18 82861 3369 2 4 0
18 82861 39827 0 4 0
18 82861 39827 1 1 0
18 82861 39827 2 2 0
18 82861 57521 0 2 0
18 82861 57521 1 3 0
18 82861 57521 2 4 0
18 82861 68153 0 2 0
18 82861 68153 1 3 0
18 82861 68153 2 4 0
18 82861 70081 0 2 0
18 82861 70081 1 3 0
18 82861 70081 2 4 0
18 82861 34571 0 4 0
18 82861 34571 1 1 0
18 82861 34571 2 2 0
18 82861 61213 0 2 0
18 82861 61213 1 3 0
18 82861 61213 2 4 0
18 82861 18475 0 4 0
18 82861 18475 1 1 0
18 82861 18475 2 2 0
18 82861 46677 0 2 0
18 82861 46677 1 3 0
18 82861 46677 2 4 0
18 82861 6901 0 2 0
18 82861 6901 1 3 0
18 82861 6901 2 4 0
18 82861 24595 0 4 0
18 82861 24595 1 1 0
18 82861 24595 2 2 0
18 82861 41589 0 2 0
18 82861 41589 1 3 0
18 82861 41589 2 4 0
18 82861 58729 0 2 0
18 82861 58729 1 3 0
18 82861 58729 2 4 0
18 82861 62859 0 4 0
18 82861 62859 1 1 0
18 82861 62859 2 2 0
18 82861 19505 0 2 0
18 82861 19505 1 3 0
18 82861 19505 2 4 0
18 82861 12877 0 2 0
18 82861 12877 1 3 0
18 82861 12877 2 4 0
18 82861 49979 0 4 0
18 82861 49979 1 1 0
18 82861 49979 2 2 0
18 82861 3057 0 2 0
18 82861 3057 1 3 0
18 82861 3057 2 4 0
18 82861 60963 0 4 0
18 82861 60963 1 1 0
18 82861 60963 2 2 0
18 82861 17701 0 2 0
18 82861 17701 1 3 0
18 82861 17701 2 4 0
18 82861 18863 0 4 0
18 82861 18863 1 1 0
18 82861 18863 2 2 0
18 82861 14587 0 4 0
18 82861 14587 1 1 0
18 82861 14587 2 2 0
18 82861 62761 0 2 0
18 82861 62761 1 3 0
18 82861 62761 2 4 0
18 82861 22493 0 2 0
18 82861 22493 1 3 0
18 82861 22493 2 4 0
18 82861 10469 0 2 0
18 82861 10469 1 3 0
18 82861 10469 2 4 0
18 82861 3035 0 4 0
18 82861 3035 1 1 0
18 82861 3035 2 2 0
18 82861 12671 0 4 0
18 82861 12671 1 1 0
18 82861 12671 2 2 0
18 82861 55179 0 4 0
18 82861 55179 1 1 0
18 82861 55179 2 2 0
18 82861 12831 0 4 0
18 82861 12831 1 1 0
18 82861 12831 2 2 0
18 82861 17029 0 2 0
18 82861 17029 1 3 0
18 82861 17029 2 4 0
18 82861 1137 0 2 0
18 82861 1137 1 3 0
18 82861 1137 2 4 0
18 82861 56723 0 4 0
18 82861 56723 1 1 0
18 82861 56723 2 2 0
18 82861 28199 0 4 0
18 82861 28199 1 1 0
18 82861 28199 2 2 0
18 82861 47709 0 2 0
18 82861 47709 1 3 0
18 82861 47709 2 4 0
18 82861 67991 0 4 0
18 82861 67991 1 1 0
18 82861 67991 2 2 0
18 82861 55239 0 4 0
18 82861 55239 1 1 0
18 82861 55239 2 2 0
18 82861 13067 0 4 0
18 82861 13067 1 1 0
18 82861 13067 2 2 0
18 82861 80459 0 4 0
18 82861 80459 1 1 0
18 82861 80459 2 2 0
18 82861 74281 0 2 0
18 82861 74281 1 3 0
18 82861 74281 2 4 0
18 82861 72007 0 4 0
18 82861 72007 1 1 0
18 82861 72007 2 2 0
18 82861 15281 0 2 0
18 82861 15281 1 3 0
18 82861 15281 2 4 0
18 82861 58595 0 4 0
18 82861 58595 1 1 0
18 82861 58595 2 2 0
18 82861 15863 0 4 0
18 82861 15863 1 1 0
18 82861 15863 2 2 0
18 82861 79397 0 2 0
18 82861 79397 1 3 0
18 82861 79397 2 4 0
18 82861 13233 0 2 0
18 82861 13233 1 3 0
18 82861 13233 2 4 0
18 82861 62087 0 4 0
18 82861 62087 1 1 0
18 82861 62087 2 2 0
18 82861 40939 0 4 0
18 82861 40939 1 1 0
18 82861 40939 2 2 0
18 82861 8215 0 4 0
18 82861 8215 1 1 0
18 82861 8215 2 2 0
18 82861 59829 0 2 0
18 82861 59829 1 3 0
18 82861 59829 2 4 0
18 82861 28201 0 2 0
18 82861 28201 1 3 0
18 82861 28201 2 4 0
18 82861 43629 0 2 0
18 82861 43629 1 3 0
18 82861 43629 2 4 0
18 82861 76553 0 2 0
18 82861 76553 1 3 0
18 82861 76553 2 4 0
18 82861 43875 0 4 0
18 82861 43875 1 1 0
18 82861 43875 2 2 0
18 82861 73757 0 2 0
18 82861 73757 1 3 0
18 82861 73757 2 4 0
18 82861 13689 0 2 0
18 82861 13689 1 3 0
18 82861 13689 2 4 0
18 82861 57723 0 4 0
18 82861 57723 1 1 0
18 82861 57723 2 2 0
18 82861 73789 0 2 0
18 82861 73789 1 3 0
18 82861 73789 2 4 0
18 82861 43443 0 4 0
18 82861 43443 1 1 0
18 82861 43443 2 2 0
18 82861 13001 0 2 0
18 82861 13001 1 3 0
18 82861 13001 2 4 0
18 82861 49201 0 2 0
18 82861 49201 1 3 0
18 82861 49201 2 4 0
18 82861 66027 0 4 0
18 82861 66027 1 1 0
18 82861 66027 2 2 0
18 82861 48001 0 2 0
18 82861 48001 1 3 0
18 82861 48001 2 4 0
18 82861 77389 0 2 0
18 82861 77389 1 3 0
18 82861 77389 2 4 0
18 82861 59441 0 2 0
18 82861 59441 1 3 0
18 82861 59441 2 4 0
18 82861 54275 0 4 0
18 82861 54275 1 1 0
18 82861 54275 2 2 0
18 82861 5355 0 4 0
18 82861 5355 1 1 0
18 82861 5355 2 2 0
18 82861 14923 0 4 0
18 82861 14923 1 1 0
18 82861 14923 2 2 0
18 82861 8499 0 4 0
18 82861 8499 1 1 0
18 82861 8499 2 2 0
18 82861 63667 0 4 0
18 82861 63667 1 1 0
18 82861 63667 2 2 0
18 82861 51469 0 2 0
18 82861 51469 1 3 0
18 82861 51469 2 4 0
18 82861 76117 0 2 0
18 82861 76117 1 3 0
18 82861 76117 2 4 0
18 82861 9241 0 2 0
18 82861 9241 1 3 0
18 82861 9241 2 4 0
18 82861 36345 0 2 0
18 82861 36345 1 3 0
18 82861 36345 2 4 0
18 82861 73397 0 2 0
18 82861 73397 1 3 0
18 82861 73397 2 4 0
18 82861 65365 0 2 0
18 82861 65365 1 3 0
18 82861 65365 2 4 0
18 82861 57347 0 4 0
18 82861 57347 1 1 0
18 82861 57347 2 2 0
18 82861 35165 0 2 0
18 82861 35165 1 3 0
18 82861 35165 2 4 0
18 82861 2083 0 4 0
18 82861 2083 1 1 0
18 82861 2083 2 2 0
18 82861 13977 0 2 0
18 82861 13977 1 3 0
18 82861 13977 2 4 0
18 82861 65993 0 2 0
18 82861 65993 1 3 0
18 82861 65993 2 4 0
18 82861 50931 0 4 0
18 82861 50931 1 1 0
18 82861 50931 2 2 0
18 82861 53359 0 4 0
18 82861 53359 1 1 0
18 82861 53359 2 2 0
18 82861 31497 0 2 0
18 82861 31497 1 3 0
18 82861 31497 2 4 0
18 82861 26061 0 2 0
18 82861 26061 1 3 0
18 82861 26061 2 4 0
18 82861 55683 0 4 0
18 82861 55683 1 1 0
18 82861 55683 2 2 0
18 82861 13749 0 2 0
18 82861 13749 1 3 0
18 82861 13749 2 4 0
18 82861 11703 0 4 0
18 82861 11703 1 1 0
18 82861 11703 2 2 0
18 82861 41795 0 4 0
18 82861 41795 1 1 0
18 82861 41795 2 2 0
18 82861 38035 0 4 0
18 82861 38035 1 1 0
18 82861 38035 2 2 0
18 82861 47349 0 2 0
18 82861 47349 1 3 0
18 82861 47349 2 4 0
18 82861 73537 0 2 0
18 82861 73537 1 3 0
18 82861 73537 2 4 0
18 82861 21099 0 4 0
18 82861 21099 1 1 0
18 82861 21099 2 2 0
18 82861 21863 0 4 0
18 82861 21863 1 1 0
18 82861 21863 2 2 0
18 82861 13221 0 2 0
18 82861 13221 1 3 0
18 82861 13221 2 4 0
18 82861 37001 0 2 0
18 82861 37001 1 3 0
18 82861 37001 2 4 0
18 82861 50143 0 4 0
18 82861 50143 1 1 0
18 82861 50143 2 2 0
18 82861 37321 0 2 0
18 82861 37321 1 3 0
18 82861 37321 2 4 0
18 82861 37563 0 4 0
18 82861 37563 1 1 0
18 82861 37563 2 2 0
18 82861 79679 0 4 0
18 82861 79679 1 1 0
18 82861 79679 2 2 0
18 82861 49049 0 2 0
18 82861 49049 1 3 0
18 82861 49049 2 4 0
18 82861 27147 0 4 0
18 82861 27147 1 1 0
18 82861 27147 2 2 0
18 82861 35537 0 2 0
18 82861 35537 1 3 0
18 82861 35537 2 4 0
18 82861 58413 0 2 0
18 82861 58413 1 3 0
18 82861 58413 2 4 0
18 82861 41355 0 4 0
18 82861 41355 1 1 0
18 82861 41355 2 2 0
18 82861 1333 0 2 0
18 82861 1333 1 3 0
18 82861 1333 2 4 0
18 82861 65197 0 2 0
18 82861 65197 1 3 0
18 82861 65197 2 4 0
18 82861 50573 0 2 0
18 82861 50573 1 3 0
18 82861 50573 2 4 0
18 82861 17169 0 2 0
18 82861 17169 1 3 0
18 82861 17169 2 4 0
18 82861 49347 0 4 0
18 82861 49347 1 1 0
18 82861 49347 2 2 0
18 82861 11295 0 4 0
18 82861 11295 1 1 0
18 82861 11295 2 2 0
18 82861 73103 0 4 0
18 82861 73103 1 1 0
18 82861 73103 2 2 0
18 82861 63593 0 2 0
18 82861 63593 1 3 0
18 82861 63593 2 4 0
18 82861 27865 0 2 0
18 82861 27865 1 3 0
18 82861 27865 2 4 0
18 82861 64833 0 2 0
18 82861 64833 1 3 0
18 82861 64833 2 4 0
18 82861 2903 0 4 0
18 82861 2903 1 1 0
18 82861 2903 2 2 0
18 82861 56625 0 2 0
18 82861 56625 1 3 0
18 82861 56625 2 4 0
18 82861 78877 0 2 0
18 82861 78877 1 3 0
18 82861 78877 2 4 0
18 82861 4689 0 2 0
18 82861 4689 1 3 0
18 82861 4689 2 4 0
18 82861 47693 0 2 0
18 82861 47693 1 3 0
18 82861 47693 2 4 0
18 82861 31877 0 2 0
18 82861 31877 1 3 0
18 82861 31877 2 4 0
18 82861 45575 0 4 0
18 82861 45575 1 1 0
18 82861 45575 2 2 0
18 82861 68279 0 4 0
18 82861 68279 1 1 0
18 82861 68279 2 2 0
18 82861 62519 0 4 0
18 82861 62519 1 1 0
18 82861 62519 2 2 0
18 82861 5845 0 2 0
18 82861 5845 1 3 0
18 82861 5845 2 4 0
18 82861 43925 0 2 0
18 82861 43925 1 3 0
18 82861 43925 2 4 0
18 82861 74731 0 4 0
18 82861 74731 1 1 0
18 82861 74731 2 2 0
18 82861 25273 0 2 0
18 82861 25273 1 3 0
18 82861 25273 2 4 0
18 82861 24999 0 4 0
18 82861 24999 1 1 0
18 82861 24999 2 2 0
18 82861 37463 0 4 0
18 82861 37463 1 1 0
18 82861 37463 2 2 0
18 82861 99 0 4 0
18 82861 99 1 1 0
18 82861 99 2 2 0
18 82861 71147 0 4 0
18 82861 71147 1 1 0
18 82861 71147 2 2 0
18 82861 29105 0 2 0
18 82861 29105 1 3 0
18 82861 29105 2 4 0
18 82861 77321 0 2 0
18 82861 77321 1 3 0
18 82861 77321 2 4 0
18 82861 6243 0 4 0
18 82861 6243 1 1 0
18 82861 6243 2 2 0
18 82861 77887 0 4 0
18 82861 77887 1 1 0
18 82861 77887 2 2 0
18 82861 72495 0 4 0
18 82861 72495 1 1 0
18 82861 72495 2 2 0
18 82861 5681 0 2 0
18 82861 5681 1 3 0
18 82861 5681 2 4 0
18 82861 26031 0 4 0
18 82861 26031 1 1 0
18 82861 26031 2 2 0
18 82861 80573 0 2 0
18 82861 80573 1 3 0
18 82861 80573 2 4 0
18 82861 6255 0 4 0
18 82861 6255 1 1 0
18 82861 6255 2 2 0
18 82861 79275 0 4 0
18 82861 79275 1 1 0
18 82861 79275 2 2 0
18 82861 11109 0 2 0
18 82861 11109 1 3 0
18 82861 11109 2 4 0
18 82861 21881 0 2 0
18 82861 21881 1 3 0
18 82861 21881 2 4 0
18 82861 22483 0 4 0
18 82861 22483 1 1 0
18 82861 22483 2 2 0
18 82861 3023 0 4 0
18 82861 3023 1 1 0
18 82861 3023 2 2 0
18 82861 20133 0 2 0
18 82861 20133 1 3 0
18 82861 20133 2 4 0
18 82861 74939 0 4 0
18 82861 74939 1 1 0
18 82861 74939 2 2 0
18 82861 60863 0 4 0
18 82861 60863 1 1 0
18 82861 60863 2 2 0
18 82861 57031 0 4 0
18 82861 57031 1 1 0
18 82861 57031 2 2 0
18 82861 77917 0 2 0
18 82861 77917 1 3 0
18 82861 77917 2 4 0
18 82861 25129 0 2 0
18 82861 25129 1 3 0
18 82861 25129 2 4 0
18 82861 60583 0 4 0
18 82861 60583 1 1 0
18 82861 60583 2 2 0
18 82861 25695 0 4 0
18 82861 25695 1 1 0
18 82861 25695 2 2 0
18 82861 5123 0 4 0
18 82861 5123 1 1 0
18 82861 5123 2 2 0
18 82861 49753 0 2 0
18 82861 49753 1 3 0
18 82861 49753 2 4 0
18 82861 74033 0 2 0
18 82861 74033 1 3 0
18 82861 74033 2 4 0
18 82861 34635 0 4 0
18 82861 34635 1 1 0
18 82861 34635 2 2 0
18 82861 61505 0 2 0
18 82861 61505 1 3 0
18 82861 61505 2 4 0
18 82861 18937 0 2 0
18 82861 18937 1 3 0
18 82861 18937 2 4 0
18 82861 5877 0 2 0
18 82861 5877 1 3 0
18 82861 5877 2 4 0
18 82861 39707 0 4 0
18 82861 39707 1 1 0
18 82861 39707 2 2 0
18 82861 75023 0 4 0
18 82861 75023 1 1 0
18 82861 75023 2 2 0
18 82861 26839 0 4 0
18 82861 26839 1 1 0
18 82861 26839 2 2 0
18 82861 47079 0 4 0
18 82861 47079 1 1 0
18 82861 47079 2 2 0
18 82861 41595 0 4 0
18 82861 41595 1 1 0
18 82861 41595 2 2 0
18 82861 42449 0 2 0
18 82861 42449 1 3 0
18 82861 42449 2 4 0
18 82861 38999 0 4 0
18 82861 38999 1 1 0
18 82861 38999 2 2 0
18 82861 77229 0 2 0
18 82861 77229 1 3 0
18 82861 77229 2 4 0
18 82861 37945 0 2 0
18 82861 37945 1 3 0
18 82861 37945 2 4 0
18 82861 13889 0 2 0
18 82861 13889 1 3 0
18 82861 13889 2 4 0
18 82861 51519 0 4 0
18 82861 51519 1 1 0
18 82861 51519 2 2 0
18 82861 24253 0 2 0
18 82861 24253 1 3 0
18 82861 24253 2 4 0
18 82861 16027 0 4 0
18 82861 16027 1 1 0
18 82861 16027 2 2 0
18 82861 28745 0 2 0
18 82861 28745 1 3 0
18 82861 28745 2 4 0
18 82861 32751 0 4 0
18 82861 32751 1 1 0
18 82861 32751 2 2 0
18 82861 47135 0 4 0
18 82861 47135 1 1 0
18 82861 47135 2 2 0
18 82861 77975 0 4 0
18 82861 77975 1 1 0
18 82861 77975 2 2 0
18 82861 8487 0 4 0
18 82861 8487 1 1 0
18 82861 8487 2 2 0
18 82861 33483 0 4 0
18 82861 33483 1 1 0
18 82861 33483 2 2 0
18 82861 15291 0 4 0
18 82861 15291 1 1 0
18 82861 15291 2 2 0
18 82861 50887 0 4 0
18 82861 50887 1 1 0
18 82861 50887 2 2 0
18 82861 55369 0 2 0
18 82861 55369 1 3 0
18 82861 55369 2 4 0
18 82861 58419 0 4 0
18 82861 58419 1 1 0
18 82861 58419 2 2 0
18 82861 67537 0 2 0
18 82861 67537 1 3 0
18 82861 67537 2 4 0
18 82861 70435 0 4 0
18 82861 70435 1 1 0
18 82861 70435 2 2 0
18 82861 73101 0 2 0
18 82861 73101 1 3 0
18 82861 73101 2 4 0
18 82861 61145 0 2 0
18 82861 61145 1 3 0
18 82861 61145 2 4 0
18 82861 63645 0 2 0
18 82861 63645 1 3 0
18 82861 63645 2 4 0
18 82861 29427 0 4 0
18 82861 29427 1 1 0
18 82861 29427 2 2 0
18 82861 77117 0 2 0
18 82861 77117 1 3 0
18 82861 77117 2 4 0
18 82861 16851 0 4 0
18 82861 16851 1 1 0
18 82861 16851 2 2 0
18 82861 73423 0 4 0
18 82861 73423 1 1 0
18 82861 73423 2 2 0
18 82861 11463 0 4 0
18 82861 11463 1 1 0
18 82861 11463 2 2 0
18 82861 26569 0 2 0
18 82861 26569 1 3 0
18 82861 26569 2 4 0
18 82861 15877 0 2 0
18 82861 15877 1 3 0
18 82861 15877 2 4 0
18 82861 29619 0 4 0
18 82861 29619 1 1 0
18 82861 29619 2 2 0
18 82861 62635 0 4 0
18 82861 62635 1 1 0
18 82861 62635 2 2 0
18 82861 26875 0 4 0
18 82861 26875 1 1 0
18 82861 26875 2 2 0
18 82861 77653 0 2 0
18 82861 77653 1 3 0
18 82861 77653 2 4 0
18 82861 23929 0 2 0
18 82861 23929 1 3 0
18 82861 23929 2 4 0
18 82861 55065 0 2 0
18 82861 55065 1 3 0
18 82861 55065 2 4 0
18 82861 9011 0 4 0
18 82861 9011 1 1 0
18 82861 9011 2 2 0
18 82861 46629 0 2 0
18 82861 46629 1 3 0
18 82861 46629 2 4 0
18 82861 22525 0 2 0
18 82861 22525 1 3 0
18 82861 22525 2 4 0
18 82861 60311 0 4 0
18 82861 60311 1 1 0
18 82861 60311 2 2 0
18 82861 9257 0 2 0
18 82861 9257 1 3 0
18 82861 9257 2 4 0
18 82861 68855 0 4 0
18 82861 68855 1 1 0
18 82861 68855 2 2 0
18 82861 3459 0 4 0
18 82861 3459 1 1 0
18 82861 3459 2 2 0
18 82861 34627 0 4 0
18 82861 34627 1 1 0
18 82861 34627 2 2 0
18 82861 40831 0 4 0
18 82861 40831 1 1 0
18 82861 40831 2 2 0
18 82861 45737 0 2 0
18 82861 45737 1 3 0
18 82861 45737 2 4 0
18 82861 2107 0 4 0
18 82861 2107 1 1 0
18 82861 2107 2 2 0
18 82861 28445 0 2 0
18 82861 28445 1 3 0
18 82861 28445 2 4 0
18 82861 71627 0 4 0
18 82861 71627 1 1 0
18 82861 71627 2 2 0
18 82861 48255 0 4 0
18 82861 48255 1 1 0
18 82861 48255 2 2 0
18 82861 76057 0 2 0
18 82861 76057 1 3 0
18 82861 76057 2 4 0
18 82861 33265 0 2 0
18 82861 33265 1 3 0
18 82861 33265 2 4 0
18 82861 5089 0 2 0
18 82861 5089 1 3 0
18 82861 5089 2 4 0
18 82861 6677 0 2 0
18 82861 6677 1 3 0
18 82861 6677 2 4 0
18 82861 9587 0 4 0
18 82861 9587 1 1 0
18 82861 9587 2 2 0
18 82861 20767 0 4 0
18 82861 20767 1 1 0
18 82861 20767 2 2 0
18 82861 19289 0 2 0
18 82861 19289 1 3 0
18 82861 19289 2 4 0
18 82861 28687 0 4 0
18 82861 28687 1 1 0
18 82861 28687 2 2 0
18 82861 4143 0 4 0
18 82861 4143 1 1 0
18 82861 4143 2 2 0
18 82861 15647 0 4 0
18 82861 15647 1 1 0
18 82861 15647 2 2 0
18 82861 58459 0 4 0
18 82861 58459 1 1 0
18 82861 58459 2 2 0
18 82861 63043 0 4 0
18 82861 63043 1 1 0
18 82861 63043 2 2 0
18 82861 77991 0 4 0
18 82861 77991 1 1 0
18 82861 77991 2 2 0
18 82861 38905 0 2 0
18 82861 38905 1 3 0
18 82861 38905 2 4 0
18 82861 55641 0 2 0
18 82861 55641 1 3 0
18 82861 55641 2 4 0
18 82861 71301 0 2 0
18 82861 71301 1 3 0
18 82861 71301 2 4 0
18 82861 5743 0 4 0
18 82861 5743 1 1 0
18 82861 5743 2 2 0
18 82861 6421 0 2 0
18 82861 6421 1 3 0
18 82861 6421 2 4 0
18 82861 38693 0 2 0
18 82861 38693 1 3 0
18 82861 38693 2 4 0
18 82861 4003 0 4 0
18 82861 4003 1 1 0
18 82861 4003 2 2 0
18 82861 79433 0 2 0
18 82861 79433 1 3 0
18 82861 79433 2 4 0
18 82861 27753 0 2 0
18 82861 27753 1 3 0
18 82861 27753 2 4 0
18 82861 8615 0 4 0
18 82861 8615 1 1 0
18 82861 8615 2 2 0
18 82861 28603 0 4 0
18 82861 28603 1 1 0
18 82861 28603 2 2 0
18 82861 68979 0 4 0
18 82861 68979 1 1 0
18 82861 68979 2 2 0
18 82861 26799 0 4 0
18 82861 26799 1 1 0
18 82861 26799 2 2 0
18 82861 59529 0 2 0
18 82861 59529 1 3 0
18 82861 59529 2 4 0
18 82861 57307 0 4 0
18 82861 57307 1 1 0
18 82861 57307 2 2 0
18 82861 39539 0 4 0
18 82861 39539 1 1 0
18 82861 39539 2 2 0
18 82861 57299 0 4 0
18 82861 57299 1 1 0
18 82861 57299 2 2 0
18 82861 28987 0 4 0
18 82861 28987 1 1 0
18 82861 28987 2 2 0
18 82861 35651 0 4 0
18 82861 35651 1 1 0
18 82861 35651 2 2 0
18 82861 43607 0 4 0
18 82861 43607 1 1 0
18 82861 43607 2 2 0
18 82861 71677 0 2 0
18 82861 71677 1 3 0
18 82861 71677 2 4 0
18 82861 28261 0 2 0
18 82861 28261 1 3 0
18 82861 28261 2 4 0
18 82861 59007 0 4 0
18 82861 59007 1 1 0
18 82861 59007 2 2 0
18 82861 49809 0 2 0
18 82861 49809 1 3 0
18 82861 49809 2 4 0
18 82861 67791 0 4 0
18 82861 67791 1 1 0
18 82861 67791 2 2 0
18 82861 50223 0 4 0
18 82861 50223 1 1 0
18 82861 50223 2 2 0
18 82861 2369 0 2 0
18 82861 2369 1 3 0
18 82861 2369 2 4 0
18 82861 7935 0 4 0
18 82861 7935 1 1 0
18 82861 7935 2 2 0
18 82861 53525 0 2 0
18 82861 53525 1 3 0
18 82861 53525 2 4 0
18 82861 20759 0 4 0
18 82861 20759 1 1 0
18 82861 20759 2 2 0
18 82861 19061 0 2 0
18 82861 19061 1 3 0
18 82861 19061 2 4 0
18 82861 26353 0 2 0
18 82861 26353 1 3 0
18 82861 26353 2 4 0
18 82861 69117 0 2 0
18 82861 69117 1 3 0
18 82861 69117 2 4 0
18 82861 64413 0 2 0
18 82861 64413 1 3 0
18 82861 64413 2 4 0
18 82861 44457 0 2 0
18 82861 44457 1 3 0
18 82861 44457 2 4 0
18 82861 14821 0 2 0
18 82861 14821 1 3 0
18 82861 14821 2 4 0
18 82861 58493 0 2 0
18 82861 58493 1 3 0
18 82861 58493 2 4 0
18 82861 7649 0 2 0
18 82861 7649 1 3 0
18 82861 7649 2 4 0
18 82861 74649 0 2 0
18 82861 74649 1 3 0
18 82861 74649 2 4 0
18 82861 5013 0 2 0
18 82861 5013 1 3 0
18 82861 5013 2 4 0
18 82861 76261 0 2 0
18 82861 76261 1 3 0
18 82861 76261 2 4 0
18 82861 81599 0 4 0
18 82861 81599 1 1 0
18 82861 81599 2 2 0
18 82861 44303 0 4 0
18 82861 44303 1 1 0
18 82861 44303 2 2 0
18 82861 44407 0 4 0
18 82861 44407 1 1 0
18 82861 44407 2 2 0
18 82861 55927 0 4 0
18 82861 55927 1 1 0
18 82861 55927 2 2 0
18 82861 48839 0 4 0
18 82861 48839 1 1 0
18 82861 48839 2 2 0
18 82861 81527 0 4 0
18 82861 81527 1 1 0
18 82861 81527 2 2 0
18 82861 17737 0 2 0
18 82861 17737 1 3 0
18 82861 17737 2 4 0
18 82861 16829 0 2 0
18 82861 16829 1 3 0
18 82861 16829 2 4 0
18 82861 77963 0 4 0
18 82861 77963 1 1 0
18 82861 77963 2 2 0
18 82861 77479 0 4 0
18 82861 77479 1 1 0
18 82861 77479 2 2 0
18 82861 21237 0 2 0
18 82861 21237 1 3 0
18 82861 21237 2 4 0
18 82861 76851 0 4 0
18 82861 76851 1 1 0
18 82861 76851 2 2 0
18 82861 75819 0 4 0
18 82861 75819 1 1 0
18 82861 75819 2 2 0
18 82861 34421 0 2 0
18 82861 34421 1 3 0
18 82861 34421 2 4 0
18 82861 71269 0 2 0
18 82861 71269 1 3 0
18 82861 71269 2 4 0
18 82861 10667 0 4 0
18 82861 10667 1 1 0
18 82861 10667 2 2 0
18 82861 65079 0 4 0
18 82861 65079 1 1 0
18 82861 65079 2 2 0
18 82861 61843 0 4 0
18 82861 61843 1 1 0
18 82861 61843 2 2 0
18 82861 31793 0 2 0
18 82861 31793 1 3 0
18 82861 31793 2 4 0
18 82861 70625 0 2 0
18 82861 70625 1 3 0
18 82861 70625 2 4 0
18 82861 2689 0 2 0
18 82861 2689 1 3 0
18 82861 2689 2 4 0
18 82861 80835 0 4 0
18 82861 80835 1 1 0
18 82861 80835 2 2 0
18 82861 73497 0 2 0
18 82861 73497 1 3 0
18 82861 73497 2 4 0
18 82861 51059 0 4 0
18 82861 51059 1 1 0
18 82861 51059 2 2 0
18 82861 65053 0 2 0
18 82861 65053 1 3 0
18 82861 65053 2 4 0
18 82861 23191 0 4 0
18 82861 23191 1 1 0
18 82861 23191 2 2 0
18 82861 49983 0 4 0
18 82861 49983 1 1 0
18 82861 49983 2 2 0
18 82861 78499 0 4 0
18 82861 78499 1 1 0
18 82861 78499 2 2 0
18 82861 80911 0 4 0
18 82861 80911 1 1 0
18 82861 80911 2 2 0
18 82861 79427 0 4 0
18 82861 79427 1 1 0
18 82861 79427 2 2 0
18 82861 13541 0 2 0
18 82861 13541 1 3 0
18 82861 13541 2 4 0
18 82861 12979 0 4 0
18 82861 12979 1 1 0
18 82861 12979 2 2 0
18 82861 44921 0 2 0
18 82861 44921 1 3 0
18 82861 44921 2 4 0
18 82861 14945 0 2 0
18 82861 14945 1 3 0
18 82861 14945 2 4 0
18 82861 33945 0 2 0
18 82861 33945 1 3 0
18 82861 33945 2 4 0
18 82861 66603 0 4 0
18 82861 66603 1 1 0
18 82861 66603 2 2 0
18 82861 25821 0 2 0
18 82861 25821 1 3 0
18 82861 25821 2 4 0
18 82861 55767 0 4 0
18 82861 55767 1 1 0
18 82861 55767 2 2 0
18 82861 6041 0 2 0
18 82861 6041 1 3 0
18 82861 6041 2 4 0
18 82861 36147 0 4 0
18 82861 36147 1 1 0
18 82861 36147 2 2 0
18 82861 427 0 4 0
18 82861 427 1 1 0
18 82861 427 2 2 0
18 82861 74129 0 2 0
18 82861 74129 1 3 0
18 82861 74129 2 4 0
18 82861 28277 0 2 0
18 82861 28277 1 3 0
18 82861 28277 2 4 0
18 82861 15379 0 4 0
18 82861 15379 1 1 0
18 82861 15379 2 2 0
18 82861 30323 0 4 0
18 82861 30323 1 1 0
18 82861 30323 2 2 0
18 82861 19125 0 2 0
18 82861 19125 1 3 0
18 82861 19125 2 4 0
18 82861 31275 0 4 0
18 82861 31275 1 1 0
18 82861 31275 2 2 0
18 82861 36795 0 4 0
18 82861 36795 1 1 0
18 82861 36795 2 2 0
18 82861 43185 0 2 0
18 82861 43185 1 3 0
18 82861 43185 2 4 0
18 82861 44975 0 4 0
18 82861 44975 1 1 0
18 82861 44975 2 2 0
18 82861 30699 0 4 0
18 82861 30699 1 1 0
18 82861 30699 2 2 0
18 82861 76971 0 4 0
18 82861 76971 1 1 0
18 82861 76971 2 2 0
18 82861 75191 0 4 0
18 82861 75191 1 1 0
18 82861 75191 2 2 0
18 82861 917 0 2 0
18 82861 917 1 3 0
18 82861 917 2 4 0
18 82861 65819 0 4 0
18 82861 65819 1 1 0
18 82861 65819 2 2 0
18 82861 23159 0 4 0
18 82861 23159 1 1 0
18 82861 23159 2 2 0
18 82861 41807 0 4 0
18 82861 41807 1 1 0
18 82861 41807 2 2 0
18 82861 33885 0 2 0
18 82861 33885 1 3 0
18 82861 33885 2 4 0
18 82861 65195 0 4 0
18 82861 65195 1 1 0
18 82861 65195 2 2 0
18 82861 14841 0 2 0
18 82861 14841 1 3 0
18 82861 14841 2 4 0
18 82861 27907 0 4 0
18 82861 27907 1 1 0
18 82861 27907 2 2 0
18 82861 29971 0 4 0
18 82861 29971 1 1 0
18 82861 29971 2 2 0
18 82861 3955 0 4 0
18 82861 3955 1 1 0
18 82861 3955 2 2 0
18 82861 52533 0 2 0
18 82861 52533 1 3 0
18 82861 52533 2 4 0
18 82861 50745 0 2 0
18 82861 50745 1 3 0
18 82861 50745 2 4 0
18 82861 5969 0 2 0
18 82861 5969 1 3 0
18 82861 5969 2 4 0
18 82861 18909 0 2 0
18 82861 18909 1 3 0
18 82861 18909 2 4 0
18 82861 22255 0 4 0
18 82861 22255 1 1 0
18 82861 22255 2 2 0
18 82861 35449 0 2 0
18 82861 35449 1 3 0
18 82861 35449 2 4 0
18 82861 8027 0 4 0
18 82861 8027 1 1 0
18 82861 8027 2 2 0
18 82861 2283 0 4 0
18 82861 2283 1 1 0
18 82861 2283 2 2 0
18 82861 70417 0 2 0
18 82861 70417 1 3 0
18 82861 70417 2 4 0
18 82861 72911 0 4 0
18 82861 72911 1 1 0
18 82861 72911 2 2 0
18 82861 40701 0 2 0
18 82861 40701 1 3 0
18 82861 40701 2 4 0
18 82861 80515 0 4 0
18 82861 80515 1 1 0
18 82861 80515 2 2 0
18 82861 11971 0 4 0
18 82861 11971 1 1 0
18 82861 11971 2 2 0
18 82861 56981 0 2 0
18 82861 56981 1 3 0
18 82861 56981 2 4 0
18 82861 28147 0 4 0
18 82861 28147 1 1 0
18 82861 28147 2 2 0
18 82861 15039 0 4 0
18 82861 15039 1 1 0
18 82861 15039 2 2 0
18 82861 67017 0 2 0
18 82861 67017 1 3 0
18 82861 67017 2 4 0
18 82861 55271 0 4 0
18 82861 55271 1 1 0
18 82861 55271 2 2 0
18 82861 69697 0 2 0
18 82861 69697 1 3 0
18 82861 69697 2 4 0
18 82861 31121 0 2 0
18 82861 31121 1 3 0
18 82861 31121 2 4 0
18 82861 78221 0 2 0
18 82861 78221 1 3 0
18 82861 78221 2 4 0
18 82861 39055 0 4 0
18 82861 39055 1 1 0
18 82861 39055 2 2 0
18 82861 71419 0 4 0
18 82861 71419 1 1 0
18 82861 71419 2 2 0
18 82861 42563 0 4 0
18 82861 42563 1 1 0
18 82861 42563 2 2 0
18 82861 11321 0 2 0
18 82861 11321 1 3 0
18 82861 11321 2 4 0
18 82861 48221 0 2 0
18 82861 48221 1 3 0
18 82861 48221 2 4 0
18 82861 49991 0 4 0
18 82861 49991 1 1 0
18 82861 49991 2 2 0
18 82861 76925 0 2 0
18 82861 76925 1 3 0
18 82861 76925 2 4 0
18 82861 33659 0 4 0
18 82861 33659 1 1 0
18 82861 33659 2 2 0
18 82861 69359 0 4 0
18 82861 69359 1 1 0
18 82861 69359 2 2 0
18 82861 125 0 2 0
18 82861 125 1 3 0
18 82861 125 2 4 0
18 82861 45039 0 4 0
18 82861 45039 1 1 0
18 82861 45039 2 2 0
18 82861 36451 0 4 0
18 82861 36451 1 1 0
18 82861 36451 2 2 0
18 82861 14495 0 4 0
18 82861 14495 1 1 0
18 82861 14495 2 2 0
18 82861 22523 0 4 0
18 82861 22523 1 1 0
18 82861 22523 2 2 0
18 82861 79627 0 4 0
18 82861 79627 1 1 0
18 82861 79627 2 2 0
18 82861 22461 0 2 0
18 82861 22461 1 3 0
18 82861 22461 2 4 0
18 82861 25975 0 4 0
18 82861 25975 1 1 0
18 82861 25975 2 2 0
18 82861 40451 0 4 0
18 82861 40451 1 1 0
18 82861 40451 2 2 0
18 82861 26551 0 4 0
18 82861 26551 1 1 0
18 82861 26551 2 2 0
19 82861 30427 0 4 0
19 82861 30427 1 1 0
19 82861 30427 2 2 0
19 82861 36529 0 2 0
19 82861 36529 1 3 0
19 82861 36529 2 4 0
19 82861 68927 0 4 0
19 82861 68927 1 1 0
19 82861 68927 2 2 0
19 82861 80307 0 4 0
19 82861 80307 1 1 0
19 82861 80307 2 2 0
19 82861 78099 0 4 0
19 82861 78099 1 1 0
19 82861 78099 2 2 0
19 82861 26621 0 2 0
19 82861 26621 1 3 0
19 82861 26621 2 4 0
19 82861 70527 0 4 0
19 82861 70527 1 1 0
19 82861 70527 2 2 0
19 82861 42895 0 4 0
19 82861 42895 1 1 0
19 82861 42895 2 2 0
19 82861 25873 0 2 0
19 82861 25873 1 3 0
19 82861 25873 2 4 0
19 82861 15121 0 2 0
19 82861 15121 1 3 0
19 82861 15121 2 4 0
19 82861 6015 0 4 0
19 82861 6015 1 1 0
19 82861 6015 2 2 0
19 82861 52593 0 2 0
19 82861 52593 1 3 0
19 82861 52593 2 4 0
19 82861 2501 0 2 0
19 82861 2501 1 3 0
19 82861 2501 2 4 0
19 82861 51971 0 4 0
19 82861 51971 1 1 0
19 82861 51971 2 2 0
19 82861 69279 0 4 0
19 82861 69279 1 1 0
19 82861 69279 2 2 0
19 82861 56151 0 4 0
19 82861 56151 1 1 0
19 82861 56151 2 2 0
19 82861 53727 0 4 0
19 82861 53727 1 1 0
19 82861 53727 2 2 0
19 82861 55605 0 2 0
19 82861 55605 1 3 0
19 82861 55605 2 4 0
19 82861 54867 0 4 0
19 82861 54867 1 1 0
19 82861 54867 2 2 0
19 82861 19635 0 4 0
19 82861 19635 1 1 0
19 82861 19635 2 2 0
19 82861 29595 0 4 0
19 82861 29595 1 1 0
19 82861 29595 2 2 0
19 82861 66657 0 2 0
19 82861 66657 1 3 0
19 82861 66657 2 4 0
19 82861 77201 0 2 0
19 82861 77201 1 3 0
19 82861 77201 2 4 0
19 82861 49817 0 2 0
19 82861 49817 1 3 0
19 82861 49817 2 4 0
19 82861 59047 0 4 0
19 82861 59047 1 1 0
19 82861 59047 2 2 0
19 82861 79681 0 2 0
19 82861 79681 1 3 0
19 82861 79681 2 4 0
19 82861 13183 0 4 0
19 82861 13183 1 1 0
19 82861 13183 2 2 0
19 82861 64867 0 4 0
19 82861 64867 1 1 0
19 82861 64867 2 2 0
19 82861 10153 0 2 0
19 82861 10153 1 3 0
19 82861 10153 2 4 0
19 82861 61733 0 2 0
19 82861 61733 1 3 0
19 82861 61733 2 4 0
19 82861 38733 0 2 0
19 82861 38733 1 3 0
19 82861 38733 2 4 0
19 82861 36675 0 4 0
19 82861 36675 1 1 0
19 82861 36675 2 2 0
19 82861 10125 0 2 0
19 82861 10125 1 3 0
19 82861 10125 2 4 0
19 82861 43071 0 4 0
19 82861 43071 1 1 0
19 82861 43071 2 2 0
19 82861 75517 0 2 0
19 82861 75517 1 3 0
19 82861 75517 2 4 0
19 82861 13887 0 4 0
19 82861 13887 1 1 0
19 82861 13887 2 2 0
19 82861 27775 0 4 0
19 82861 27775 1 1 0
19 82861 27775 2 2 0
19 82861 1907 0 4 0
19 82861 1907 1 1 0
19 82861 1907 2 2 0
19 82861 9049 0 2 0
19 82861 9049 1 3 0
19 82861 9049 2 4 0
19 82861 14697 0 2 0
19 82861 14697 1 3 0
19 82861 14697 2 4 0
19 82861 57281 0 2 0
19 82861 57281 1 3 0
19 82861 57281 2 4 0
19 82861 70645 0 2 0
19 82861 70645 1 3 0
19 82861 70645 2 4 0
19 82861 60669 0 2 0
19 82861 60669 1 3 0
19 82861 60669 2 4 0
19 82861 8073 0 2 0
19 82861 8073 1 3 0
19 82861 8073 2 4 0
19 82861 69651 0 4 0
19 82861 69651 1 1 0
19 82861 69651 2 2 0
19 82861 47577 0 2 0
19 82861 47577 1 3 0
19 82861 47577 2 4 0
19 82861 69003 0 4 0
19 82861 69003 1 1 0
19 82861 69003 2 2 0
19 82861 63307 0 4 0
19 82861 63307 1 1 0
19 82861 63307 2 2 0
19 82861 66757 0 2 0
19 82861 66757 1 3 0
19 82861 66757 2 4 0
19 82861 15997 0 2 0
19 82861 15997 1 3 0
19 82861 15997 2 4 0
19 82861 40069 0 2 0
19 82861 40069 1 3 0
19 82861 40069 2 4 0
19 82861 26105 0 2 0
19 82861 26105 1 3 0
19 82861 26105 2 4 0
19 82861 24353 0 2 0
19 82861 24353 1 3 0
19 82861 24353 2 4 0
19 82861 25955 0 4 0
19 82861 25955 1 1 0
19 82861 25955 2 2 0
19 82861 32701 0 2 0
19 82861 32701 1 3 0
19 82861 32701 2 4 0
19 82861 45823 0 4 0
19 82861 45823 1 1 0
19 82861 45823 2 2 0
19 82861 52375 0 4 0
19 82861 52375 1 1 0
19 82861 52375 2 2 0
19 82861 50339 0 4 0
19 82861 50339 1 1 0
19 82861 50339 2 2 0
19 82861 65217 0 2 0
19 82861 65217 1 3 0
19 82861 65217 2 4 0
19 82861 32961 0 2 0
19 82861 32961 1 3 0
19 82861 32961 2 4 0
19 82861 75497 0 2 0
19 82861 75497 1 3 0
19 82861 75497 2 4 0
19 82861 72553 0 2 0
19 82861 72553 1 3 0
19 82861 72553 2 4 0
19 82861 15753 0 2 0
19 82861 15753 1 3 0
19 82861 15753 2 4 0
19 82861 65713 0 2 0
19 82861 65713 1 3 0
19 82861 65713 2 4 0
19 82861 29777 0 2 0
19 82861 29777 1 3 0
19 82861 29777 2 4 0
19 82861 4675 0 4 0
19 82861 4675 1 1 0
19 82861 4675 2 2 0
19 82861 35269 0 2 0
19 82861 35269 1 3 0
19 82861 35269 2 4 0
19 82861 16315 0 4 0
19 82861 16315 1 1 0
19 82861 16315 2 2 0
19 82861 57537 0 2 0
19 82861 57537 1 3 0
19 82861 57537 2 4 0
19 82861 40651 0 4 0
19 82861 40651 1 1 0
19 82861 40651 2 2 0
19 82861 26535 0 4 0
19 82861 26535 1 1 0
19 82861 26535 2 2 0
19 82861 69081 0 2 0
19 82861 69081 1 3 0
19 82861 69081 2 4 0
19 82861 66705 0 2 0
19 82861 66705 1 3 0
19 82861 66705 2 4 0
19 82861 24649 0 2 0
19 82861 24649 1 3 0
19 82861 24649 2 4 0
19 82861 25425 0 2 0
19 82861 25425 1 3 0
19 82861 25425 2 4 0
19 82861 78849 0 2 0
19 82861 78849 1 3 0
19 82861 78849 2 4 0
19 82861 12721 0 2 0
19 82861 12721 1 3 0
19 82861 12721 2 4 0
19 82861 79999 0 4 0
19 82861 79999 1 1 0
19 82861 79999 2 2 0
19 82861 43909 0 2 0
19 82861 43909 1 3 0
19 82861 43909 2 4 0
19 82861 16199 0 4 0
19 82861 16199 1 1 0
19 82861 16199 2 2 0
19 82861 18585 0 2 0
19 82861 18585 1 3 0
19 82861 18585 2 4 0
19 82861 55013 0 2 0
19 82861 55013 1 3 0
19 82861 55013 2 4 0
19 82861 4545 0 2 0
19 82861 4545 1 3 0
19 82861 4545 2 4 0
19 82861 61461 0 2 0
19 82861 61461 1 3 0
19 82861 61461 2 4 0
19 82861 8467 0 4 0
19 82861 8467 1 1 0
19 82861 8467 2 2 0
19 82861 46557 0 2 0
19 82861 46557 1 3 0
19 82861 46557 2 4 0
19 82861 41609 0 2 0
19 82861 41609 1 3 0
19 82861 41609 2 4 0
19 82861 8697 0 2 0
19 82861 8697 1 3 0
19 82861 8697 2 4 0
19 82861 33907 0 4 0
19 82861 33907 1 1 0
19 82861 33907 2 2 0
19 82861 81707 0 4 0
19 82861 81707 1 1 0
19 82861 81707 2 2 0
19 82861 59641 0 2 0
19 82861 59641 1 3 0
19 82861 59641 2 4 0
19 82861 17801 0 2 0
19 82861 17801 1 3 0
19 82861 17801 2 4 0
19 82861 77353 0 2 0
19 82861 77353 1 3 0
19 82861 77353 2 4 0
19 82861 49771 0 4 0
19 82861 49771 1 1 0
19 82861 49771 2 2 0
19 82861 54315 0 4 0
19 82861 54315 1 1 0
19 82861 54315 2 2 0
19 82861 34003 0 4 0
19 82861 34003 1 1 0
19 82861 34003 2 2 0
19 82861 77481 0 2 0
19 82861 77481 1 3 0
19 82861 77481 2 4 0
19 82861 42235 0 4 0
19 82861 42235 1 1 0
19 82861 42235 2 2 0
19 82861 11697 0 2 0
19 82861 11697 1 3 0
19 82861 11697 2 4 0
19 82861 77775 0 4 0
19 82861 77775 1 1 0
19 82861 77775 2 2 0
19 82861 44863 0 4 0
19 82861 44863 1 1 0
19 82861 44863 2 2 0
19 82861 80033 0 2 0
19 82861 80033 1 3 0
19 82861 80033 2 4 0
19 82861 46021 0 2 0
19 82861 46021 1 3 0
19 82861 46021 2 4 0
19 82861 28645 0 2 0
19 82861 28645 1 3 0
19 82861 28645 2 4 0
19 82861 73143 0 4 0
19 82861 73143 1 1 0
19 82861 73143 2 2 0
19 82861 70011 0 4 0
19 82861 70011 1 1 0
19 82861 70011 2 2 0
19 82861 43469 0 2 0
19 82861 43469 1 3 0
19 82861 43469 2 4 0
19 82861 15299 0 4 0
19 82861 15299 1 1 0
19 82861 15299 2 2 0
19 82861 30273 0 2 0
19 82861 30273 1 3 0
19 82861 30273 2 4 0
19 82861 20941 0 2 0
19 82861 20941 1 3 0
19 82861 20941 2 4 0
19 82861 81525 0 2 0
19 82861 81525 1 3 0
19 82861 81525 2 4 0
19 82861 65599 0 4 0
19 82861 65599 1 1 0
19 82861 65599 2 2 0
19 82861 37419 0 4 0
19 82861 37419 1 1 0
19 82861 37419 2 2 0
19 82861 66317 0 2 0
19 82861 66317 1 3 0
19 82861 66317 2 4 0
19 82861 68947 0 4 0
19 82861 68947 1 1 0
19 82861 68947 2 2 0
19 82861 2699 0 4 0
19 82861 2699 1 1 0
19 82861 2699 2 2 0
19 82861 41501 0 2 0
19 82861 41501 1 3 0
19 82861 41501 2 4 0
19 82861 32339 0 4 0
19 82861 32339 1 1 0
19 82861 32339 2 2 0
19 82861 76369 0 2 0
19 82861 76369 1 3 0
19 82861 76369 2 4 0
19 82861 70643 0 4 0
19 82861 70643 1 1 0
19 82861 70643 2 2 0
19 82861 75495 0 4 0
19 82861 75495 1 1 0
19 82861 75495 2 2 0
19 82861 44029 0 2 0
19 82861 44029 1 3 0
19 82861 44029 2 4 0
19 82861 55729 0 2 0
19 82861 55729 1 3 0
19 82861 55729 2 4 0
19 82861 3251 0 4 0
19 82861 3251 1 1 0
19 82861 3251 2 2 0
19 82861 36163 0 4 0
19 82861 36163 1 1 0
19 82861 36163 2 2 0
19 82861 19885 0 2 0
19 82861 19885 1 3 0
19 82861 19885 2 4 0
19 82861 32405 0 2 0
19 82861 32405 1 3 0
19 82861 32405 2 4 0
19 82861 41283 0 4 0
19 82861 41283 1 1 0
19 82861 41283 2 2 0
19 82861 49107 0 4 0
19 82861 49107 1 1 0
19 82861 49107 2 2 0
19 82861 8299 0 4 0
19 82861 8299 1 1 0
19 82861 8299 2 2 0
19 82861 61731 0 4 0
19 82861 61731 1 1 0
19 82861 61731 2 2 0
19 82861 78049 0 2 0
19 82861 78049 1 3 0
19 82861 78049 2 4 0
19 82861 43929 0 2 0
19 82861 43929 1 3 0
19 82861 43929 2 4 0
19 82861 60553 0 2 0
19 82861 60553 1 3 0
19 82861 60553 2 4 0
19 82861 80917 0 2 0
19 82861 80917 1 3 0
19 82861 80917 2 4 0
19 82861 27275 0 4 0
19 82861 27275 1 1 0
19 82861 27275 2 2 0
19 82861 28327 0 4 0
19 82861 28327 1 1 0
19 82861 28327 2 2 0
19 82861 16111 0 4 0
19 82861 16111 1 1 0
19 82861 16111 2 2 0
19 82861 36021 0 2 0
19 82861 36021 1 3 0
19 82861 36021 2 4 0
19 82861 49079 0 4 0
19 82861 49079 1 1 0
19 82861 49079 2 2 0
19 82861 75527 0 4 0
19 82861 75527 1 1 0
19 82861 75527 2 2 0
19 82861 36567 0 4 0
19 82861 36567 1 1 0
19 82861 36567 2 2 0
19 82861 37137 0 2 0
19 82861 37137 1 3 0
19 82861 37137 2 4 0
19 82861 45431 0 4 0
19 82861 45431 1 1 0
19 82861 45431 2 2 0
19 82861 62691 0 4 0
19 82861 62691 1 1 0
19 82861 62691 2 2 0
19 82861 27469 0 2 0
19 82861 27469 1 3 0
19 82861 27469 2 4 0
19 82861 68551 0 4 0
19 82861 68551 1 1 0
19 82861 68551 2 2 0
19 82861 11253 0 2 0
19 82861 11253 1 3 0
19 82861 11253 2 4 0
19 82861 2655 0 4 0
19 82861 2655 1 1 0
19 82861 2655 2 2 0
19 82861 74679 0 4 0
19 82861 74679 1 1 0
19 82861 74679 2 2 0
19 82861 19027 0 4 0
19 82861 19027 1 1 0
19 82861 19027 2 2 0
19 82861 55589 0 2 0
19 82861 55589 1 3 0
19 82861 55589 2 4 0
19 82861 51129 0 2 0
19 82861 51129 1 3 0
19 82861 51129 2 4 0
19 82861 32287 0 4 0
19 82861 32287 1 1 0
19 82861 32287 2 2 0
19 82861 79525 0 2 0
19 82861 79525 1 3 0
19 82861 79525 2 4 0
19 82861 58909 0 2 0
19 82861 58909 1 3 0
19 82861 58909 2 4 0
19 82861 48561 0 2 0
19 82861 48561 1 3 0
19 82861 48561 2 4 0
19 82861 38305 0 2 0
19 82861 38305 1 3 0
19 82861 38305 2 4 0
19 82861 34977 0 2 0
19 82861 34977 1 3 0
19 82861 34977 2 4 0
19 82861 45591 0 4 0
19 82861 45591 1 1 0
19 82861 45591 2 2 0
19 82861 53055 0 4 0
19 82861 53055 1 1 0
19 82861 53055 2 2 0
19 82861 74037 0 2 0
19 82861 74037 1 3 0
19 82861 74037 2 4 0
19 82861 63819 0 4 0
19 82861 63819 1 1 0
19 82861 63819 2 2 0
19 82861 64811 0 4 0
19 82861 64811 1 1 0
19 82861 64811 2 2 0
19 82861 15371 0 4 0
19 82861 15371 1 1 0
19 82861 15371 2 2 0
19 82861 38455 0 4 0
19 82861 38455 1 1 0
19 82861 38455 2 2 0
19 82861 20575 0 4 0
19 82861 20575 1 1 0
19 82861 20575 2 2 0
19 82861 79237 0 2 0
19 82861 79237 1 3 0
19 82861 79237 2 4 0
19 82861 38373 0 2 0
19 82861 38373 1 3 0
19 82861 38373 2 4 0
19 82861 38205 0 2 0
19 82861 38205 1 3 0
19 82861 38205 2 4 0
19 82861 25635 0 4 0
19 82861 25635 1 1 0
19 82861 25635 2 2 0
19 82861 23839 0 4 0
19 82861 23839 1 1 0
19 82861 23839 2 2 0
19 82861 74739 0 4 0
19 82861 74739 1 1 0
19 82861 74739 2 2 0
19 82861 17063 0 4 0
19 82861 17063 1 1 0
19 82861 17063 2 2 0
19 82861 60657 0 2 0
19 82861 60657 1 3 0
19 82861 60657 2 4 0
19 82861 12969 0 2 0
19 82861 12969 1 3 0
19 82861 12969 2 4 0
19 82861 17563 0 4 0
19 82861 17563 1 1 0
19 82861 17563 2 2 0
19 82861 35759 0 4 0
19 82861 35759 1 1 0
19 82861 35759 2 2 0
19 82861 79131 0 4 0
19 82861 79131 1 1 0
19 82861 79131 2 2 0
19 82861 73109 0 2 0
19 82861 73109 1 3 0
19 82861 73109 2 4 0
19 82861 63511 0 4 0
19 82861 63511 1 1 0
19 82861 63511 2 2 0
19 82861 58365 0 2 0
19 82861 58365 1 3 0
19 82861 58365 2 4 0
19 82861 53555 0 4 0
19 82861 53555 1 1 0
19 82861 53555 2 2 0
19 82861 58617 0 2 0
19 82861 58617 1 3 0
19 82861 58617 2 4 0
19 82861 49763 0 4 0
19 82861 49763 1 1 0
19 82861 49763 2 2 0
19 82861 34785 0 2 0
19 82861 34785 1 3 0
19 82861 34785 2 4 0
19 82861 75275 0 4 0
19 82861 75275 1 1 0
19 82861 75275 2 2 0
19 82861 20933 0 2 0
19 82861 20933 1 3 0
19 82861 20933 2 4 0
19 82861 5087 0 4 0
19 82861 5087 1 1 0
19 82861 5087 2 2 0
19 82861 28789 0 2 0
19 82861 28789 1 3 0
19 82861 28789 2 4 0
19 82861 1645 0 2 0
19 82861 1645 1 3 0
19 82861 1645 2 4 0
19 82861 38885 0 2 0
19 82861 38885 1 3 0
19 82861 38885 2 4 0
19 82861 28771 0 4 0
19 82861 28771 1 1 0
19 82861 28771 2 2 0
19 82861 74555 0 4 0
19 82861 74555 1 1 0
19 82861 74555 2 2 0
19 82861 58389 0 2 0
19 82861 58389 1 3 0
19 82861 58389 2 4 0
19 82861 79167 0 4 0
19 82861 79167 1 1 0
19 82861 79167 2 2 0
19 82861 81205 0 2 0
19 82861 81205 1 3 0
19 82861 81205 2 4 0
19 82861 67329 0 2 0
19 82861 67329 1 3 0
19 82861 67329 2 4 0
19 82861 73345 0 2 0
19 82861 73345 1 3 0
19 82861 73345 2 4 0
19 82861 7971 0 4 0
19 82861 7971 1 1 0
19 82861 7971 2 2 0
19 82861 39485 0 2 0
19 82861 39485 1 3 0
19 82861 39485 2 4 0
19 82861 34469 0 2 0
19 82861 34469 1 3 0
19 82861 34469 2 4 0
19 82861 61913 0 2 0
19 82861 61913 1 3 0
19 82861 61913 2 4 0
19 82861 18683 0 4 0
19 82861 18683 1 1 0
19 82861 18683 2 2 0
19 82861 79923 0 4 0
19 82861 79923 1 1 0
19 82861 79923 2 2 0
19 82861 30113 0 2 0
19 82861 30113 1 3 0
19 82861 30113 2 4 0
19 82861 57143 0 4 0
19 82861 57143 1 1 0
19 82861 57143 2 2 0
19 82861 69583 0 4 0
19 82861 69583 1 1 0
19 82861 69583 2 2 0
19 82861 20905 0 2 0
19 82861 20905 1 3 0
19 82861 20905 2 4 0
19 82861 23687 0 4 0
19 82861 23687 1 1 0
19 82861 23687 2 2 0
19 82861 21181 0 2 0
19 82861 21181 1 3 0
19 82861 21181 2 4 0
19 82861 60153 0 2 0
19 82861 60153 1 3 0
19 82861 60153 2 4 0
19 82861 73653 0 2 0
19 82861 73653 1 3 0
19 82861 73653 2 4 0
19 82861 50523 0 4 0
19 82861 50523 1 1 0
19 82861 50523 2 2 0
19 82861 37773 0 2 0
19 82861 37773 1 3 0
19 82861 37773 2 4 0
19 82861 68097 0 2 0
19 82861 68097 1 3 0
19 82861 68097 2 4 0
19 82861 32937 0 2 0
19 82861 32937 1 3 0
19 82861 32937 2 4 0
19 82861 28499 0 4 0
19 82861 28499 1 1 0
19 82861 28499 2 2 0
19 82861 76265 0 2 0
19 82861 76265 1 3 0
19 82861 76265 2 4 0
19 82861 67041 0 2 0
19 82861 67041 1 3 0
19 82861 67041 2 4 0
19 82861 71775 0 4 0
19 82861 71775 1 1 0
19 82861 71775 2 2 0
19 82861 25713 0 2 0
19 82861 25713 1 3 0
19 82861 25713 2 4 0
19 82861 3565 0 2 0
19 82861 3565 1 3 0
19 82861 3565 2 4 0
19 82861 35643 0 4 0
19 82861 35643 1 1 0
19 82861 35643 2 2 0
19 82861 22529 0 2 0
19 82861 22529 1 3 0
19 82861 22529 2 4 0
19 82861 47749 0 2 0
19 82861 47749 1 3 0
19 82861 47749 2 4 0
19 82861 72627 0 4 0
19 82861 72627 1 1 0
19 82861 72627 2 2 0
19 82861 51111 0 4 0
19 82861 51111 1 1 0
19 82861 51111 2 2 0
19 82861 28045 0 2 0
19 82861 28045 1 3 0
19 82861 28045 2 4 0
19 82861 17795 0 4 0
19 82861 17795 1 1 0
19 82861 17795 2 2 0
19 82861 8083 0 4 0
19 82861 8083 1 1 0
19 82861 8083 2 2 0
19 82861 80979 0 4 0
19 82861 80979 1 1 0
19 82861 80979 2 2 0
19 82861 24205 0 2 0
19 82861 24205 1 3 0
19 82861 24205 2 4 0
19 82861 75645 0 2 0
19 82861 75645 1 3 0
19 82861 75645 2 4 0
19 82861 40719 0 4 0
19 82861 40719 1 1 0
19 82861 40719 2 2 0
19 82861 5339 0 4 0
19 82861 5339 1 1 0
19 82861 5339 2 2 0
19 82861 4625 0 2 0
19 82861 4625 1 3 0
19 82861 4625 2 4 0
19 82861 7427 0 4 0
19 82861 7427 1 1 0
19 82861 7427 2 2 0
19 82861 71249 0 2 0
19 82861 71249 1 3 0
19 82861 71249 2 4 0
19 82861 68335 0 4 0
19 82861 68335 1 1 0
19 82861 68335 2 2 0
19 82861 54041 0 2 0
19 82861 54041 1 3 0
19 82861 54041 2 4 0
19 82861 34647 0 4 0
19 82861 34647 1 1 0
19 82861 34647 2 2 0
19 82861 20297 0 2 0
19 82861 20297 1 3 0
19 82861 20297 2 4 0
19 82861 69147 0 4 0
19 82861 69147 1 1 0
19 82861 69147 2 2 0
19 82861 28629 0 2 0
19 82861 28629 1 3 0
19 82861 28629 2 4 0
19 82861 72599 0 4 0
19 82861 72599 1 1 0
19 82861 72599 2 2 0
19 82861 42277 0 2 0
19 82861 42277 1 3 0
19 82861 42277 2 4 0
19 82861 45377 0 2 0
19 82861 45377 1 3 0
19 82861 45377 2 4 0
19 82861 68299 0 4 0
19 82861 68299 1 1 0
19 82861 68299 2 2 0
19 82861 81313 0 2 0
19 82861 81313 1 3 0
19 82861 81313 2 4 0
19 82861 281 0 2 0
19 82861 281 1 3 0
19 82861 281 2 4 0
19 82861 1405 0 2 0
19 82861 1405 1 3 0
19 82861 1405 2 4 0
19 82861 52863 0 4 0
19 82861 52863 1 1 0
19 82861 52863 2 2 0
19 82861 1701 0 2 0
19 82861 1701 1 3 0
19 82861 1701 2 4 0
19 82861 45991 0 4 0
19 82861 45991 1 1 0
19 82861 45991 2 2 0
19 82861 1567 0 4 0
19 82861 1567 1 1 0
19 82861 1567 2 2 0
19 82861 36747 0 4 0
19 82861 36747 1 1 0
19 82861 36747 2 2 0
19 82861 12237 0 2 0
19 82861 12237 1 3 0
19 82861 12237 2 4 0
19 82861 51023 0 4 0
19 82861 51023 1 1 0
19 82861 51023 2 2 0
19 82861 51355 0 4 0
19 82861 51355 1 1 0
19 82861 51355 2 2 0
19 82861 14663 0 4 0
19 82861 14663 1 1 0
19 82861 14663 2 2 0
19 82861 52431 0 4 0
19 82861 52431 1 1 0
19 82861 52431 2 2 0
19 82861 79913 0 2 0
19 82861 79913 1 3 0
19 82861 79913 2 4 0
19 82861 50699 0 4 0
19 82861 50699 1 1 0
19 82861 50699 2 2 0
19 82861 30975 0 4 0
19 82861 30975 1 1 0
19 82861 30975 2 2 0
19 82861 77371 0 4 0
19 82861 77371 1 1 0
19 82861 77371 2 2 0
19 82861 61705 0 2 0
19 82861 61705 1 3 0
19 82861 61705 2 4 0
19 82861 43363 0 4 0
19 82861 43363 1 1 0
19 82861 43363 2 2 0
19 82861 4969 0 2 0
19 82861 4969 1 3 0
19 82861 4969 2 4 0
19 82861 65787 0 4 0
19 82861 65787 1 1 0
19 82861 65787 2 2 0
19 82861 49619 0 4 0
19 82861 49619 1 1 0
19 82861 49619 2 2 0
19 82861 39069 0 2 0
19 82861 39069 1 3 0
19 82861 39069 2 4 0
19 82861 11627 0 4 0
19 82861 11627 1 1 0
19 82861 11627 2 2 0
19 82861 75879 0 4 0
19 82861 75879 1 1 0
19 82861 75879 2 2 0
19 82861 45 0 2 0
19 82861 45 1 3 0
19 82861 45 2 4 0
19 82861 7075 0 4 0
19 82861 7075 1 1 0
19 82861 7075 2 2 0
19 82861 36447 0 4 0
19 82861 36447 1 1 0
19 82861 36447 2 2 0
19 82861 33415 0 4 0
19 82861 33415 1 1 0
19 82861 33415 2 2 0
19 82861 25893 0 2 0
19 82861 25893 1 3 0
19 82861 25893 2 4 0
19 82861 14541 0 2 0
19 82861 14541 1 3 0
19 82861 14541 2 4 0
19 82861 23013 0 2 0
19 82861 23013 1 3 0
19 82861 23013 2 4 0
19 82861 74151 0 4 0
19 82861 74151 1 1 0
19 82861 74151 2 2 0
19 82861 78013 0 2 0
19 82861 78013 1 3 0
19 82861 78013 2 4 0
19 82861 74771 0 4 0
19 82861 74771 1 1 0
19 82861 74771 2 2 0
19 82861 597 0 2 0
19 82861 597 1 3 0
19 82861 597 2 4 0
19 82861 26257 0 2 0
19 82861 26257 1 3 0
19 82861 26257 2 4 0
19 82861 57991 0 4 0
19 82861 57991 1 1 0
19 82861 57991 2 2 0
19 82861 79671 0 4 0
19 82861 79671 1 1 0
19 82861 79671 2 2 0
19 82861 54207 0 4 0
19 82861 54207 1 1 0
19 82861 54207 2 2 0
19 82861 26373 0 2 0
19 82861 26373 1 3 0
19 82861 26373 2 4 0
19 82861 78057 0 2 0
19 82861 78057 1 3 0
19 82861 78057 2 4 0
19 82861 61799 0 4 0
19 82861 61799 1 1 0
19 82861 61799 2 2 0
19 82861 71267 0 4 0
19 82861 71267 1 1 0
19 82861 71267 2 2 0
19 82861 58927 0 4 0
19 82861 58927 1 1 0
19 82861 58927 2 2 0
19 82861 31131 0 4 0
19 82861 31131 1 1 0
19 82861 31131 2 2 0
19 82861 80285 0 2 0
19 82861 80285 1 3 0
19 82861 80285 2 4 0
19 82861 30991 0 4 0
19 82861 30991 1 1 0
19 82861 30991 2 2 0
19 82861 13431 0 4 0
19 82861 13431 1 1 0
19 82861 13431 2 2 0
19 82861 42801 0 2 0
19 82861 42801 1 3 0
19 82861 42801 2 4 0
19 82861 79301 0 2 0
19 82861 79301 1 3 0
19 82861 79301 2 4 0
19 82861 9671 0 4 0
19 82861 9671 1 1 0
19 82861 9671 2 2 0
19 82861 41375 0 4 0
19 82861 41375 1 1 0
19 82861 41375 2 2 0
19 82861 19311 0 4 0
19 82861 19311 1 1 0
19 82861 19311 2 2 0
19 82861 2449 0 2 0
19 82861 2449 1 3 0
19 82861 2449 2 4 0
19 82861 54445 0 2 0
19 82861 54445 1 3 0
19 82861 54445 2 4 0
19 82861 52025 0 2 0
19 82861 52025 1 3 0
19 82861 52025 2 4 0
19 82861 58585 0 2 0
19 82861 58585 1 3 0
19 82861 58585 2 4 0
19 82861 60007 0 4 0
19 82861 60007 1 1 0
19 82861 60007 2 2 0
19 82861 70617 0 2 0
19 82861 70617 1 3 0
19 82861 70617 2 4 0
19 82861 53993 0 2 0
19 82861 53993 1 3 0
19 82861 53993 2 4 0
19 82861 48789 0 2 0
19 82861 48789 1 3 0
19 82861 48789 2 4 0
19 82861 21777 0 2 0
19 82861 21777 1 3 0
19 82861 21777 2 4 0
19 82861 40055 0 4 0
19 82861 40055 1 1 0
19 82861 40055 2 2 0
19 82861 71687 0 4 0
19 82861 71687 1 1 0
19 82861 71687 2 2 0
19 82861 20185 0 2 0
19 82861 20185 1 3 0
19 82861 20185 2 4 0
19 82861 14711 0 4 0
19 82861 14711 1 1 0
19 82861 14711 2 2 0
19 82861 71225 0 2 0
19 82861 71225 1 3 0
19 82861 71225 2 4 0
19 82861 41689 0 2 0
19 82861 41689 1 3 0
19 82861 41689 2 4 0
19 82861 7171 0 4 0
19 82861 7171 1 1 0
19 82861 7171 2 2 0
19 82861 52961 0 2 0
19 82861 52961 1 3 0
19 82861 52961 2 4 0
19 82861 69253 0 2 0
19 82861 69253 1 3 0
19 82861 69253 2 4 0
19 82861 21579 0 4 0
19 82861 21579 1 1 0
19 82861 21579 2 2 0
19 82861 69527 0 4 0
19 82861 69527 1 1 0
19 82861 69527 2 2 0
19 82861 58479 0 4 0
19 82861 58479 1 1 0
19 82861 58479 2 2 0
19 82861 14151 0 4 0
19 82861 14151 1 1 0
19 82861 14151 2 2 0
19 82861 13331 0 4 0
19 82861 13331 1 1 0
19 82861 13331 2 2 0
19 82861 62571 0 4 0
19 82861 62571 1 1 0
19 82861 62571 2 2 0
19 82861 32613 0 2 0
19 82861 32613 1 3 0
19 82861 32613 2 4 0
19 82861 57477 0 2 0
19 82861 57477 1 3 0
19 82861 57477 2 4 0
19 82861 73851 0 4 0
19 82861 73851 1 1 0
19 82861 73851 2 2 0
19 82861 31549 0 2 0
19 82861 31549 1 3 0
19 82861 31549 2 4 0
19 82861 62281 0 2 0
19 82861 62281 1 3 0
19 82861 62281 2 4 0
19 82861 45227 0 4 0
19 82861 45227 1 1 0
19 82861 45227 2 2 0
19 82861 58003 0 4 0
19 82861 58003 1 1 0
19 82861 58003 2 2 0
19 82861 44795 0 4 0
19 82861 44795 1 1 0
19 82861 44795 2 2 0
19 82861 79523 0 4 0
19 82861 79523 1 1 0
19 82861 79523 2 2 0
19 82861 8535 0 4 0
19 82861 8535 1 1 0
19 82861 8535 2 2 0
19 82861 73387 0 4 0
19 82861 73387 1 1 0
19 82861 73387 2 2 0
19 82861 76133 0 2 0
19 82861 76133 1 3 0
19 82861 76133 2 4 0
19 82861 68527 0 4 0
19 82861 68527 1 1 0
19 82861 68527 2 2 0
19 82861 48487 0 4 0
19 82861 48487 1 1 0
19 82861 48487 2 2 0
19 82861 80793 0 2 0
19 82861 80793 1 3 0
19 82861 80793 2 4 0
19 82861 60439 0 4 0
19 82861 60439 1 1 0
19 82861 60439 2 2 0
19 82861 81741 0 2 0
19 82861 81741 1 3 0
19 82861 81741 2 4 0
19 82861 30407 0 4 0
19 82861 30407 1 1 0
19 82861 30407 2 2 0
19 82861 19197 0 2 0
19 82861 19197 1 3 0
19 82861 19197 2 4 0
19 82861 76619 0 4 0
19 82861 76619 1 1 0
19 82861 76619 2 2 0
19 82861 50787 0 4 0
19 82861 50787 1 1 0
19 82861 50787 2 2 0
19 82861 61183 0 4 0
19 82861 61183 1 1 0
19 82861 61183 2 2 0
19 82861 34531 0 4 0
19 82861 34531 1 1 0
19 82861 34531 2 2 0
19 82861 78901 0 2 0
19 82861 78901 1 3 0
19 82861 78901 2 4 0
19 82861 68737 0 2 0
19 82861 68737 1 3 0
19 82861 68737 2 4 0
19 82861 3603 0 4 0
19 82861 3603 1 1 0
19 82861 3603 2 2 0
19 82861 34995 0 4 0
19 82861 34995 1 1 0
19 82861 34995 2 2 0
19 82861 53605 0 2 0
19 82861 53605 1 3 0
19 82861 53605 2 4 0
19 82861 22107 0 4 0
19 82861 22107 1 1 0
19 82861 22107 2 2 0
19 82861 19909 0 2 0
19 82861 19909 1 3 0
19 82861 19909 2 4 0
19 82861 47091 0 4 0
19 82861 47091 1 1 0
19 82861 47091 2 2 0
19 82861 1121 0 2 0
19 82861 1121 1 3 0
19 82861 1121 2 4 0
19 82861 18223 0 4 0
19 82861 18223 1 1 0
19 82861 18223 2 2 0
19 82861 21095 0 4 0
19 82861 21095 1 1 0
19 82861 21095 2 2 0
19 82861 74623 0 4 0
19 82861 74623 1 1 0
19 82861 74623 2 2 0
19 82861 60585 0 2 0
19 82861 60585 1 3 0
19 82861 60585 2 4 0
19 82861 81873 0 2 0
19 82861 81873 1 3 0
19 82861 81873 2 4 0
19 82861 35415 0 4 0
19 82861 35415 1 1 0
19 82861 35415 2 2 0
19 82861 10593 0 2 0
19 82861 10593 1 3 0
19 82861 10593 2 4 0
19 82861 59391 0 4 0
19 82861 59391 1 1 0
19 82861 59391 2 2 0
19 82861 37513 0 2 0
19 82861 37513 1 3 0
19 82861 37513 2 4 0
19 82861 30395 0 4 0
19 82861 30395 1 1 0
19 82861 30395 2 2 0
19 82861 9103 0 4 0
19 82861 9103 1 1 0
19 82861 9103 2 2 0
19 82861 57887 0 4 0
19 82861 57887 1 1 0
19 82861 57887 2 2 0
19 82861 9847 0 4 0
19 82861 9847 1 1 0
19 82861 9847 2 2 0
19 82861 49273 0 2 0
19 82861 49273 1 3 0
19 82861 49273 2 4 0
19 82861 47753 0 2 0
19 82861 47753 1 3 0
19 82861 47753 2 4 0
19 82861 7267 0 4 0
19 82861 7267 1 1 0
19 82861 7267 2 2 0
19 82861 58009 0 2 0
19 82861 58009 1 3 0
19 82861 58009 2 4 0
19 82861 69747 0 4 0
19 82861 69747 1 1 0
19 82861 69747 2 2 0
19 82861 71849 0 2 0
19 82861 71849 1 3 0
19 82861 71849 2 4 0
19 82861 21373 0 2 0
19 82861 21373 1 3 0
19 82861 21373 2 4 0
19 82861 63547 0 4 0
19 82861 63547 1 1 0
19 82861 63547 2 2 0
19 82861 6123 0 4 0
19 82861 6123 1 1 0
19 82861 6123 2 2 0
19 82861 22125 0 2 0
19 82861 22125 1 3 0
19 82861 22125 2 4 0
19 82861 56305 0 2 0
19 82861 56305 1 3 0
19 82861 56305 2 4 0
19 82861 41211 0 4 0
19 82861 41211 1 1 0
19 82861 41211 2 2 0
19 82861 2533 0 2 0
19 82861 2533 1 3 0
19 82861 2533 2 4 0
19 82861 52755 0 4 0
19 82861 52755 1 1 0
19 82861 52755 2 2 0
19 82861 735 0 4 0
19 82861 735 1 1 0
19 82861 735 2 2 0
19 82861 43357 0 2 0
19 82861 43357 1 3 0
19 82861 43357 2 4 0
19 82861 21779 0 4 0
19 82861 21779 1 1 0
19 82861 21779 2 2 0
19 82861 33359 0 4 0
19 82861 33359 1 1 0
19 82861 33359 2 2 0
19 82861 37219 0 4 0
19 82861 37219 1 1 0
19 82861 37219 2 2 0
19 82861 13005 0 2 0
19 82861 13005 1 3 0
19 82861 13005 2 4 0
19 82861 16311 0 4 0
19 82861 16311 1 1 0
19 82861 16311 2 2 0
19 82861 65623 0 4 0
19 82861 65623 1 1 0
19 82861 65623 2 2 0
19 82861 38535 0 4 0
19 82861 38535 1 1 0
19 82861 38535 2 2 0
19 82861 24529 0 2 0
19 82861 24529 1 3 0
19 82861 24529 2 4 0
19 82861 76783 0 4 0
19 82861 76783 1 1 0
19 82861 76783 2 2 0
19 82861 12211 0 4 0
19 82861 12211 1 1 0
19 82861 12211 2 2 0
19 82861 21859 0 4 0
19 82861 21859 1 1 0
19 82861 21859 2 2 0
19 82861 65373 0 2 0
19 82861 65373 1 3 0
19 82861 65373 2 4 0
19 82861 67711 0 4 0
19 82861 67711 1 1 0
19 82861 67711 2 2 0
19 82861 63369 0 2 0
19 82861 63369 1 3 0
19 82861 63369 2 4 0
19 82861 78295 0 4 0
19 82861 78295 1 1 0
19 82861 78295 2 2 0
19 82861 7663 0 4 0
19 82861 7663 1 1 0
19 82861 7663 2 2 0
19 82861 31717 0 2 0
19 82861 31717 1 3 0
19 82861 31717 2 4 0
19 82861 48769 0 2 0
19 82861 48769 1 3 0
19 82861 48769 2 4 0
19 82861 61475 0 4 0
19 82861 61475 1 1 0
19 82861 61475 2 2 0
19 82861 39627 0 4 0
19 82861 39627 1 1 0
19 82861 39627 2 2 0
19 82861 70309 0 2 0
19 82861 70309 1 3 0
19 82861 70309 2 4 0
19 82861 57421 0 2 0
19 82861 57421 1 3 0
19 82861 57421 2 4 0
19 82861 74153 0 2 0
19 82861 74153 1 3 0
19 82861 74153 2 4 0
19 82861 21567 0 4 0
19 82861 21567 1 1 0
19 82861 21567 2 2 0
19 82861 61847 0 4 0
19 82861 61847 1 1 0
19 82861 61847 2 2 0
19 82861 31707 0 4 0
19 82861 31707 1 1 0
19 82861 31707 2 2 0
19 82861 16365 0 2 0
19 82861 16365 1 3 0
19 82861 16365 2 4 0
19 82861 77211 0 4 0
19 82861 77211 1 1 0
19 82861 77211 2 2 0
19 82861 26577 0 2 0
19 82861 26577 1 3 0
19 82861 26577 2 4 0
19 82861 47487 0 4 0
19 82861 47487 1 1 0
19 82861 47487 2 2 0
19 82861 42451 0 4 0
19 82861 42451 1 1 0
19 82861 42451 2 2 0
19 82861 38059 0 4 0
19 82861 38059 1 1 0
19 82861 38059 2 2 0
19 82861 59821 0 2 0
19 82861 59821 1 3 0
19 82861 59821 2 4 0
19 82861 41723 0 4 0
19 82861 41723 1 1 0
19 82861 41723 2 2 0
19 82861 39695 0 4 0
19 82861 39695 1 1 0
19 82861 39695 2 2 0
19 82861 27985 0 2 0
19 82861 27985 1 3 0
19 82861 27985 2 4 0
19 82861 29455 0 4 0
19 82861 29455 1 1 0
19 82861 29455 2 2 0
19 82861 38437 0 2 0
19 82861 38437 1 3 0
19 82861 38437 2 4 0
19 82861 47299 0 4 0
19 82861 47299 1 1 0
19 82861 47299 2 2 0
19 82861 55983 0 4 0
19 82861 55983 1 1 0
19 82861 55983 2 2 0
19 82861 11565 0 2 0
19 82861 11565 1 3 0
19 82861 11565 2 4 0
19 82861 24219 0 4 0
19 82861 24219 1 1 0
19 82861 24219 2 2 0
19 82861 4943 0 4 0
19 82861 4943 1 1 0
19 82861 4943 2 2 0
19 82861 10095 0 4 0
19 82861 10095 1 1 0
19 82861 10095 2 2 0
19 82861 41093 0 2 0
19 82861 41093 1 3 0
19 82861 41093 2 4 0
19 82861 57631 0 4 0
19 82861 57631 1 1 0
19 82861 57631 2 2 0
19 82861 20353 0 2 0
19 82861 20353 1 3 0
19 82861 20353 2 4 0
19 82861 12203 0 4 0
19 82861 12203 1 1 0
19 82861 12203 2 2 0
19 82861 41759 0 4 0
19 82861 41759 1 1 0
19 82861 41759 2 2 0
19 82861 5537 0 2 0
19 82861 5537 1 3 0
19 82861 5537 2 4 0
19 82861 52751 0 4 0
19 82861 52751 1 1 0
19 82861 52751 2 2 0
19 82861 59313 0 2 0
19 82861 59313 1 3 0
19 82861 59313 2 4 0
19 82861 10487 0 4 0
19 82861 10487 1 1 0
19 82861 10487 2 2 0
19 82861 6349 0 2 0
19 82861 6349 1 3 0
19 82861 6349 2 4 0
19 82861 60925 0 2 0
19 82861 60925 1 3 0
19 82861 60925 2 4 0
19 82861 24543 0 4 0
19 82861 24543 1 1 0
19 82861 24543 2 2 0
19 82861 81793 0 2 0
19 82861 81793 1 3 0
19 82861 81793 2 4 0
19 82861 16133 0 2 0
19 82861 16133 1 3 0
19 82861 16133 2 4 0
19 82861 743 0 4 0
19 82861 743 1 1 0
19 82861 743 2 2 0
19 82861 31875 0 4 0
19 82861 31875 1 1 0
19 82861 31875 2 2 0
19 82861 26023 0 4 0
19 82861 26023 1 1 0
19 82861 26023 2 2 0
19 82861 73503 0 4 0
19 82861 73503 1 1 0
19 82861 73503 2 2 0
19 82861 62249 0 2 0
19 82861 62249 1 3 0
19 82861 62249 2 4 0
19 82861 58919 0 4 0
19 82861 58919 1 1 0
19 82861 58919 2 2 0
19 82861 34591 0 4 0
19 82861 34591 1 1 0
19 82861 34591 2 2 0
19 82861 13985 0 2 0
19 82861 13985 1 3 0
19 82861 13985 2 4 0
19 82861 1743 0 4 0
19 82861 1743 1 1 0
19 82861 1743 2 2 0
19 82861 48609 0 2 0
19 82861 48609 1 3 0
19 82861 48609 2 4 0
19 82861 73551 0 4 0
19 82861 73551 1 1 0
19 82861 73551 2 2 0
19 82861 41481 0 2 0
19 82861 41481 1 3 0
19 82861 41481 2 4 0
19 82861 66583 0 4 0
19 82861 66583 1 1 0
19 82861 66583 2 2 0
19 82861 39455 0 4 0
19 82861 39455 1 1 0
19 82861 39455 2 2 0
19 82861 70751 0 4 0
19 82861 70751 1 1 0
19 82861 70751 2 2 0
19 82861 48999 0 4 0
19 82861 48999 1 1 0
19 82861 48999 2 2 0
19 82861 8201 0 2 0
19 82861 8201 1 3 0
19 82861 8201 2 4 0
19 82861 55665 0 2 0
19 82861 55665 1 3 0
19 82861 55665 2 4 0
19 82861 51991 0 4 0
19 82861 51991 1 1 0
19 82861 51991 2 2 0
19 82861 44643 0 4 0
19 82861 44643 1 1 0
19 82861 44643 2 2 0
19 82861 57429 0 2 0
19 82861 57429 1 3 0
19 82861 57429 2 4 0
19 82861 32279 0 4 0
19 82861 32279 1 1 0
19 82861 32279 2 2 0
19 82861 57035 0 4 0
19 82861 57035 1 1 0
19 82861 57035 2 2 0
19 82861 58789 0 2 0
19 82861 58789 1 3 0
19 82861 58789 2 4 0
19 82861 77099 0 4 0
19 82861 77099 1 1 0
19 82861 77099 2 2 0
19 82861 69095 0 4 0
19 82861 69095 1 1 0
19 82861 69095 2 2 0
19 82861 68845 0 2 0
19 82861 68845 1 3 0
19 82861 68845 2 4 0
19 82861 74507 0 4 0
19 82861 74507 1 1 0
19 82861 74507 2 2 0
19 82861 15661 0 2 0
19 82861 15661 1 3 0
19 82861 15661 2 4 0
19 82861 53389 0 2 0
19 82861 53389 1 3 0
19 82861 53389 2 4 0
19 82861 78895 0 4 0
19 82861 78895 1 1 0
19 82861 78895 2 2 0
19 82861 38475 0 4 0
19 82861 38475 1 1 0
19 82861 38475 2 2 0
19 82861 56421 0 2 0
19 82861 56421 1 3 0
19 82861 56421 2 4 0
19 82861 42927 0 4 0
19 82861 42927 1 1 0
19 82861 42927 2 2 0
19 82861 51083 0 4 0
19 82861 51083 1 1 0
19 82861 51083 2 2 0
19 82861 19589 0 2 0
19 82861 19589 1 3 0
19 82861 19589 2 4 0
19 82861 8311 0 4 0
19 82861 8311 1 1 0
19 82861 8311 2 2 0
19 82861 49289 0 2 0
19 82861 49289 1 3 0
19 82861 49289 2 4 0
19 82861 49939 0 4 0
19 82861 49939 1 1 0
19 82861 49939 2 2 0
19 82861 30557 0 2 0
19 82861 30557 1 3 0
19 82861 30557 2 4 0
19 82861 8111 0 4 0
19 82861 8111 1 1 0
19 82861 8111 2 2 0
19 82861 13443 0 4 0
19 82861 13443 1 1 0
19 82861 13443 2 2 0
19 82861 58039 0 4 0
19 82861 58039 1 1 0
19 82861 58039 2 2 0
19 82861 8009 0 2 0
19 82861 8009 1 3 0
19 82861 8009 2 4 0
19 82861 7091 0 4 0
19 82861 7091 1 1 0
19 82861 7091 2 2 0
19 82861 48235 0 4 0
19 82861 48235 1 1 0
19 82861 48235 2 2 0
19 82861 36237 0 2 0
19 82861 36237 1 3 0
19 82861 36237 2 4 0
19 82861 30245 0 2 0
19 82861 30245 1 3 0
19 82861 30245 2 4 0
19 82861 23503 0 4 0
19 82861 23503 1 1 0
19 82861 23503 2 2 0
19 82861 52415 0 4 0
19 82861 52415 1 1 0
19 82861 52415 2 2 0
19 82861 21171 0 4 0
19 82861 21171 1 1 0
19 82861 21171 2 2 0
19 82861 26239 0 4 0
19 82861 26239 1 1 0
19 82861 26239 2 2 0
19 82861 50895 0 4 0
19 82861 50895 1 1 0
19 82861 50895 2 2 0
19 82861 28393 0 2 0
19 82861 28393 1 3 0
19 82861 28393 2 4 0
19 82861 80595 0 4 0
19 82861 80595 1 1 0
19 82861 80595 2 2 0
19 82861 10101 0 2 0
19 82861 10101 1 3 0
19 82861 10101 2 4 0
19 82861 5937 0 2 0
19 82861 5937 1 3 0
19 82861 5937 2 4 0
19 82861 32941 0 2 0
19 82861 32941 1 3 0
19 82861 32941 2 4 0
19 82861 18241 0 2 0
19 82861 18241 1 3 0
19 82861 18241 2 4 0
19 82861 64691 0 4 0
19 82861 64691 1 1 0
19 82861 64691 2 2 0
19 82861 9897 0 2 0
19 82861 9897 1 3 0
19 82861 9897 2 4 0
19 82861 38757 0 2 0
19 82861 38757 1 3 0
19 82861 38757 2 4 0
19 82861 62965 0 2 0
19 82861 62965 1 3 0
19 82861 62965 2 4 0
19 82861 57345 0 2 0
19 82861 57345 1 3 0
19 82861 57345 2 4 0
19 82861 55463 0 4 0
19 82861 55463 1 1 0
19 82861 55463 2 2 0
19 82861 44779 0 4 0
19 82861 44779 1 1 0
19 82861 44779 2 2 0
20 82861 67273 0 2 0
20 82861 67273 1 3 0
20 82861 67273 2 4 0
20 82861 26545 0 2 0
20 82861 26545 1 3 0
20 82861 26545 2 4 0
20 82861 81637 0 2 0
20 82861 81637 1 3 0
20 82861 81637 2 4 0
20 82861 65861 0 2 0
20 82861 65861 1 3 0
20 82861 65861 2 4 0
20 82861 2345 0 2 0
20 82861 2345 1 3 0
20 82861 2345 2 4 0
20 82861 7761 0 2 0
20 82861 7761 1 3 0
20 82861 7761 2 4 0
20 82861 32375 0 4 0
20 82861 32375 1 1 0
20 82861 32375 2 2 0
20 82861 77593 0 2 0
20 82861 77593 1 3 0
20 82861 77593 2 4 0
20 82861 21889 0 2 0
20 82861 21889 1 3 0
20 82861 21889 2 4 0
20 82861 27373 0 2 0
20 82861 27373 1 3 0
20 82861 27373 2 4 0
20 82861 2729 0 2 0
20 82861 2729 1 3 0
20 82861 2729 2 4 0
20 82861 76755 0 4 0
20 82861 76755 1 1 0
20 82861 76755 2 2 0
20 82861 52949 0 2 0
20 82861 52949 1 3 0
20 82861 52949 2 4 0
20 82861 41365 0 2 0
20 82861 41365 1 3 0
20 82861 41365 2 4 0
20 82861 14241 0 2 0
20 82861 14241 1 3 0
20 82861 14241 2 4 0
20 82861 21813 0 2 0
20 82861 21813 1 3 0
20 82861 21813 2 4 0
20 82861 18233 0 2 0
20 82861 18233 1 3 0
20 82861 18233 2 4 0
20 82861 35355 0 4 0
20 82861 35355 1 1 0
20 82861 35355 2 2 0
20 82861 76697 0 2 0
20 82861 76697 1 3 0
20 82861 76697 2 4 0
20 82861 62251 0 4 0
20 82861 62251 1 1 0
20 82861 62251 2 2 0
20 82861 80147 0 4 0
20 82861 80147 1 1 0
20 82861 80147 2 2 0
20 82861 705 0 2 0
20 82861 705 1 3 0
20 82861 705 2 4 0
20 82861 45029 0 2 0
20 82861 45029 1 3 0
20 82861 45029 2 4 0
20 82861 34051 0 4 0
20 82861 34051 1 1 0
20 82861 34051 2 2 0
20 82861 41431 0 4 0
20 82861 41431 1 1 0
20 82861 41431 2 2 0
20 82861 80707 0 4 0
20 82861 80707 1 1 0
20 82861 80707 2 2 0
20 82861 53841 0 2 0
20 82861 53841 1 3 0
20 82861 53841 2 4 0
20 82861 25815 0 4 0
20 82861 25815 1 1 0
20 82861 25815 2 2 0
20 82861 76367 0 4 0
20 82861 76367 1 1 0
20 82861 76367 2 2 0
20 82861 15783 0 4 0
20 82861 15783 1 1 0
20 82861 15783 2 2 0
20 82861 61413 0 2 0
20 82861 61413 1 3 0
20 82861 61413 2 4 0
20 82861 60939 0 4 0
20 82861 60939 1 1 0
20 82861 60939 2 2 0
20 82861 62771 0 4 0
20 82861 62771 1 1 0
20 82861 62771 2 2 0
20 82861 19195 0 4 0
20 82861 19195 1 1 0
20 82861 19195 2 2 0
20 82861 56005 0 2 0
20 82861 56005 1 3 0
20 82861 56005 2 4 0
20 82861 15109 0 2 0
20 82861 15109 1 3 0
20 82861 15109 2 4 0
20 82861 20187 0 4 0
20 82861 20187 1 1 0
20 82861 20187 2 2 0
20 82861 66351 0 4 0
20 82861 66351 1 1 0
20 82861 66351 2 2 0
20 82861 74005 0 2 0
20 82861 74005 1 3 0
20 82861 74005 2 4 0
20 82861 46073 0 2 0
20 82861 46073 1 3 0
20 82861 46073 2 4 0
20 82861 48199 0 4 0
20 82861 48199 1 1 0
20 82861 48199 2 2 0
20 82861 12085 0 2 0
20 82861 12085 1 3 0
20 82861 12085 2 4 0
20 82861 61385 0 2 0
20 82861 61385 1 3 0
20 82861 61385 2 4 0
20 82861 48343 0 4 0
20 82861 48343 1 1 0
20 82861 48343 2 2 0
20 82861 8559 0 4 0
20 82861 8559 1 1 0
20 82861 8559 2 2 0
20 82861 78127 0 4 0
20 82861 78127 1 1 0
20 82861 78127 2 2 0
20 82861 80869 0 2 0
20 82861 80869 1 3 0
20 82861 80869 2 4 0
20 82861 40903 0 4 0
20 82861 40903 1 1 0
20 82861 40903 2 2 0
20 82861 65041 0 2 0
20 82861 65041 1 3 0
20 82861 65041 2 4 0
20 82861 75855 0 4 0
20 82861 75855 1 1 0
20 82861 75855 2 2 0
20 82861 28685 0 2 0
20 82861 28685 1 3 0
20 82861 28685 2 4 0
20 82861 17259 0 4 0
20 82861 17259 1 1 0
20 82861 17259 2 2 0
20 82861 46885 0 2 0
20 82861 46885 1 3 0
20 82861 46885 2 4 0
20 82861 47185 0 2 0
20 82861 47185 1 3 0
20 82861 47185 2 4 0
20 82861 19209 0 2 0
20 82861 19209 1 3 0
20 82861 19209 2 4 0
20 82861 74065 0 2 0
20 82861 74065 1 3 0
20 82861 74065 2 4 0
20 82861 57425 0 2 0
20 82861 57425 1 3 0
20 82861 57425 2 4 0
20 82861 30963 0 4 0
20 82861 30963 1 1 0
20 82861 30963 2 2 0
20 82861 22999 0 4 0
20 82861 22999 1 1 0
20 82861 22999 2 2 0
20 82861 62851 0 4 0
20 82861 62851 1 1 0
20 82861 62851 2 2 0
20 82861 80503 0 4 0
20 82861 80503 1 1 0
20 82861 80503 2 2 0
20 82861 79725 0 2 0
20 82861 79725 1 3 0
20 82861 79725 2 4 0
20 82861 32879 0 4 0
20 82861 32879 1 1 0
20 82861 32879 2 2 0
20 82861 16007 0 4 0
20 82861 16007 1 1 0
20 82861 16007 2 2 0
20 82861 9065 0 2 0
20 82861 9065 1 3 0
20 82861 9065 2 4 0
20 82861 31285 0 2 0
20 82861 31285 1 3 0
20 82861 31285 2 4 0
20 82861 63449 0 2 0
20 82861 63449 1 3 0
20 82861 63449 2 4 0
20 82861 20869 0 2 0
20 82861 20869 1 3 0
20 82861 20869 2 4 0
20 82861 23493 0 2 0
20 82861 23493 1 3 0
20 82861 23493 2 4 0
20 82861 51813 0 2 0
20 82861 51813 1 3 0
20 82861 51813 2 4 0
20 82861 109 0 2 0
20 82861 109 1 3 0
20 82861 109 2 4 0
20 82861 74937 0 2 0
20 82861 74937 1 3 0
20 82861 74937 2 4 0
20 82861 67713 0 2 0
20 82861 67713 1 3 0
20 82861 67713 2 4 0
20 82861 65047 0 4 0
20 82861 65047 1 1 0
20 82861 65047 2 2 0
20 82861 58525 0 2 0
20 82861 58525 1 3 0
20 82861 58525 2 4 0
20 82861 32737 0 2 0
20 82861 32737 1 3 0
20 82861 32737 2 4 0
20 82861 5719 0 4 0
20 82861 5719 1 1 0
20 82861 5719 2 2 0
20 82861 81279 0 4 0
20 82861 81279 1 1 0
20 82861 81279 2 2 0
20 82861 8297 0 2 0
20 82861 8297 1 3 0
20 82861 8297 2 4 0
20 82861 75395 0 4 0
20 82861 75395 1 1 0
20 82861 75395 2 2 0
20 82861 36465 0 2 0
20 82861 36465 1 3 0
20 82861 36465 2 4 0
20 82861 63379 0 4 0
20 82861 63379 1 1 0
20 82861 63379 2 2 0
20 82861 23409 0 2 0
20 82861 23409 1 3 0
20 82861 23409 2 4 0
20 82861 12799 0 4 0
20 82861 12799 1 1 0
20 82861 12799 2 2 0
20 82861 8641 0 2 0
20 82861 8641 1 3 0
20 82861 8641 2 4 0
20 82861 69657 0 2 0
20 82861 69657 1 3 0
20 82861 69657 2 4 0
20 82861 64033 0 2 0
20 82861 64033 1 3 0
20 82861 64033 2 4 0
20 82861 43955 0 4 0
20 82861 43955 1 1 0
20 82861 43955 2 2 0
20 82861 2999 0 4 0
20 82861 2999 1 1 0
20 82861 2999 2 2 0
20 82861 80891 0 4 0
20 82861 80891 1 1 0
20 82861 80891 2 2 0
20 82861 7857 0 2 0
20 82861 7857 1 3 0
20 82861 7857 2 4 0
20 82861 52261 0 2 0
20 82861 52261 1 3 0
20 82861 52261 2 4 0
20 82861 74119 0 4 0
20 82861 74119 1 1 0
20 82861 74119 2 2 0
20 82861 4255 0 4 0
20 82861 4255 1 1 0
20 82861 4255 2 2 0
20 82861 59859 0 4 0
20 82861 59859 1 1 0
20 82861 59859 2 2 0
20 82861 56081 0 2 0
20 82861 56081 1 3 0
20 82861 56081 2 4 0
20 82861 7751 0 4 0
20 82861 7751 1 1 0
20 82861 7751 2 2 0
20 82861 36289 0 2 0
20 82861 36289 1 3 0
20 82861 36289 2 4 0
20 82861 53615 0 4 0
20 82861 53615 1 1 0
20 82861 53615 2 2 0
20 82861 66219 0 4 0
20 82861 66219 1 1 0
20 82861 66219 2 2 0
20 82861 28591 0 4 0
20 82861 28591 1 1 0
20 82861 28591 2 2 0
20 82861 49875 0 4 0
20 82861 49875 1 1 0
20 82861 49875 2 2 0
20 82861 50861 0 2 0
20 82861 50861 1 3 0
20 82861 50861 2 4 0
20 82861 52625 0 2 0
20 82861 52625 1 3 0
20 82861 52625 2 4 0
20 82861 36401 0 2 0
20 82861 36401 1 3 0
20 82861 36401 2 4 0
20 82861 51087 0 4 0
20 82861 51087 1 1 0
20 82861 51087 2 2 0
20 82861 22879 0 4 0
20 82861 22879 1 1 0
20 82861 22879 2 2 0
20 82861 19687 0 4 0
20 82861 19687 1 1 0
20 82861 19687 2 2 0
20 82861 71941 0 2 0
20 82861 71941 1 3 0
20 82861 71941 2 4 0
20 82861 45241 0 2 0
20 82861 45241 1 3 0
20 82861 45241 2 4 0
20 82861 57289 0 2 0
20 82861 57289 1 3 0
20 82861 57289 2 4 0
20 82861 19041 0 2 0
20 82861 19041 1 3 0
20 82861 19041 2 4 0
20 82861 13763 0 4 0
20 82861 13763 1 1 0
20 82861 13763 2 2 0
20 82861 47485 0 2 0
20 82861 47485 1 3 0
20 82861 47485 2 4 0
20 82861 32191 0 4 0
20 82861 32191 1 1 0
20 82861 32191 2 2 0
20 82861 25715 0 4 0
20 82861 25715 1 1 0
20 82861 25715 2 2 0
20 82861 52303 0 4 0
20 82861 52303 1 1 0
20 82861 52303 2 2 0
20 82861 20025 0 2 0
20 82861 20025 1 3 0
20 82861 20025 2 4 0
20 82861 68381 0 2 0
20 82861 68381 1 3 0
20 82861 68381 2 4 0
20 82861 11599 0 4 0
20 82861 11599 1 1 0
20 82861 11599 2 2 0
20 82861 79249 0 2 0
20 82861 79249 1 3 0
20 82861 79249 2 4 0
20 82861 37329 0 2 0
20 82861 37329 1 3 0
20 82861 37329 2 4 0
20 82861 81685 0 2 0
20 82861 81685 1 3 0
20 82861 81685 2 4 0
20 82861 15897 0 2 0
20 82861 15897 1 3 0
20 82861 15897 2 4 0
20 82861 17875 0 4 0
20 82861 17875 1 1 0
20 82861 17875 2 2 0
20 82861 63073 0 2 0
20 82861 63073 1 3 0
20 82861 63073 2 4 0
20 82861 17395 0 4 0
20 82861 17395 1 1 0
20 82861 17395 2 2 0
20 82861 15425 0 2 0
20 82861 15425 1 3 0
20 82861 15425 2 4 0
20 82861 52737 0 2 0
20 82861 52737 1 3 0
20 82861 52737 2 4 0
20 82861 33767 0 4 0
20 82861 33767 1 1 0
20 82861 33767 2 2 0
20 82861 1925 0 2 0
20 82861 1925 1 3 0
20 82861 1925 2 4 0
20 82861 15045 0 2 0
20 82861 15045 1 3 0
20 82861 15045 2 4 0
20 82861 79773 0 2 0
20 82861 79773 1 3 0
20 82861 79773 2 4 0
20 82861 22003 0 4 0
20 82861 22003 1 1 0
20 82861 22003 2 2 0
20 82861 39133 0 2 0
20 82861 39133 1 3 0
20 82861 39133 2 4 0
20 82861 73279 0 4 0
20 82861 73279 1 1 0
20 82861 73279 2 2 0
20 82861 4325 0 2 0
20 82861 4325 1 3 0
20 82861 4325 2 4 0
20 82861 70593 0 2 0
20 82861 70593 1 3 0
20 82861 70593 2 4 0
20 82861 17329 0 2 0
20 82861 17329 1 3 0
20 82861 17329 2 4 0
20 82861 72305 0 2 0
20 82861 72305 1 3 0
20 82861 72305 2 4 0
20 82861 80359 0 4 0
20 82861 80359 1 1 0
20 82861 80359 2 2 0
20 82861 15597 0 2 0
20 82861 15597 1 3 0
20 82861 15597 2 4 0
20 82861 30205 0 2 0
20 82861 30205 1 3 0
20 82861 30205 2 4 0
20 82861 81407 0 4 0
20 82861 81407 1 1 0
20 82861 81407 2 2 0
20 82861 38987 0 4 0
20 82861 38987 1 1 0
20 82861 38987 2 2 0
20 82861 47951 0 4 0
20 82861 47951 1 1 0
20 82861 47951 2 2 0
20 82861 12185 0 2 0
20 82861 12185 1 3 0
20 82861 12185 2 4 0
20 82861 68857 0 2 0
20 82861 68857 1 3 0
20 82861 68857 2 4 0
20 82861 28315 0 4 0
20 82861 28315 1 1 0
20 82861 28315 2 2 0
20 82861 57637 0 2 0
20 82861 57637 1 3 0
20 82861 57637 2 4 0
20 82861 81173 0 2 0
20 82861 81173 1 3 0
20 82861 81173 2 4 0
20 82861 32071 0 4 0
20 82861 32071 1 1 0
20 82861 32071 2 2 0
20 82861 29115 0 4 0
20 82861 29115 1 1 0
20 82861 29115 2 2 0
20 82861 81541 0 2 0
20 82861 81541 1 3 0
20 82861 81541 2 4 0
20 82861 22811 0 4 0
20 82861 22811 1 1 0
20 82861 22811 2 2 0
20 82861 51943 0 4 0
20 82861 51943 1 1 0
20 82861 51943 2 2 0
20 82861 35921 0 2 0
20 82861 35921 1 3 0
20 82861 35921 2 4 0
20 82861 31243 0 4 0
20 82861 31243 1 1 0
20 82861 31243 2 2 0
20 82861 59535 0 4 0
20 82861 59535 1 1 0
20 82861 59535 2 2 0
20 82861 32069 0 2 0
20 82861 32069 1 3 0
20 82861 32069 2 4 0
20 82861 49221 0 2 0
20 82861 49221 1 3 0
20 82861 49221 2 4 0
20 82861 64581 0 2 0
20 82861 64581 1 3 0
20 82861 64581 2 4 0
20 82861 63267 0 4 0
20 82861 63267 1 1 0
20 82861 63267 2 2 0
20 82861 17805 0 2 0
20 82861 17805 1 3 0
20 82861 17805 2 4 0
20 82861 36805 0 2 0
20 82861 36805 1 3 0
20 82861 36805 2 4 0
20 82861 64175 0 4 0
20 82861 64175 1 1 0
20 82861 64175 2 2 0
20 82861 44561 0 2 0
20 82861 44561 1 3 0
20 82861 44561 2 4 0
20 82861 20805 0 2 0
20 82861 20805 1 3 0
20 82861 20805 2 4 0
20 82861 71583 0 4 0
20 82861 71583 1 1 0
20 82861 71583 2 2 0
20 82861 18997 0 2 0
20 82861 18997 1 3 0
20 82861 18997 2 4 0
20 82861 34129 0 2 0
20 82861 34129 1 3 0
20 82861 34129 2 4 0
20 82861 41621 0 2 0
20 82861 41621 1 3 0
20 82861 41621 2 4 0
20 82861 20421 0 2 0
20 82861 20421 1 3 0
20 82861 20421 2 4 0
20 82861 52841 0 2 0
20 82861 52841 1 3 0
20 82861 52841 2 4 0
20 82861 20917 0 2 0
20 82861 20917 1 3 0
20 82861 20917 2 4 0
20 82861 32971 0 4 0
20 82861 32971 1 1 0
20 82861 32971 2 2 0
20 82861 57591 0 4 0
20 82861 57591 1 1 0
20 82861 57591 2 2 0
20 82861 22593 0 2 0
20 82861 22593 1 3 0
20 82861 22593 2 4 0
20 82861 28311 0 4 0
20 82861 28311 1 1 0
20 82861 28311 2 2 0
20 82861 13971 0 4 0
20 82861 13971 1 1 0
20 82861 13971 2 2 0
20 82861 54419 0 4 0
20 82861 54419 1 1 0
20 82861 54419 2 2 0
20 82861 3791 0 4 0
20 82861 3791 1 1 0
20 82861 3791 2 2 0
20 82861 77631 0 4 0
20 82861 77631 1 1 0
20 82861 77631 2 2 0
20 82861 12421 0 2 0
20 82861 12421 1 3 0
20 82861 12421 2 4 0
20 82861 78721 0 2 0
20 82861 78721 1 3 0
20 82861 78721 2 4 0
20 82861 74087 0 4 0
20 82861 74087 1 1 0
20 82861 74087 2 2 0
20 82861 4015 0 4 0
20 82861 4015 1 1 0
20 82861 4015 2 2 0
20 82861 64205 0 2 0
20 82861 64205 1 3 0
20 82861 64205 2 4 0
20 82861 8821 0 2 0
20 82861 8821 1 3 0
20 82861 8821 2 4 0
20 82861 63455 0 4 0
20 82861 63455 1 1 0
20 82861 63455 2 2 0
20 82861 43003 0 4 0
20 82861 43003 1 1 0
20 82861 43003 2 2 0
20 82861 3071 0 4 0
20 82861 3071 1 1 0
20 82861 3071 2 2 0
20 82861 71955 0 4 0
20 82861 71955 1 1 0
20 82861 71955 2 2 0
20 82861 75295 0 4 0
20 82861 75295 1 1 0
20 82861 75295 2 2 0
20 82861 28963 0 4 0
20 82861 28963 1 1 0
20 82861 28963 2 2 0
20 82861 81573 0 2 0
20 82861 81573 1 3 0
20 82861 81573 2 4 0
20 82861 69607 0 4 0
20 82861 69607 1 1 0
20 82861 69607 2 2 0
20 82861 21873 0 2 0
20 82861 21873 1 3 0
20 82861 21873 2 4 0
20 82861 3915 0 4 0
20 82861 3915 1 1 0
20 82861 3915 2 2 0
20 82861 70077 0 2 0
20 82861 70077 1 3 0
20 82861 70077 2 4 0
20 82861 14871 0 4 0
20 82861 14871 1 1 0
20 82861 14871 2 2 0
20 82861 2111 0 4 0
20 82861 2111 1 1 0
20 82861 2111 2 2 0
20 82861 22293 0 2 0
20 82861 22293 1 3 0
20 82861 22293 2 4 0
20 82861 2577 0 2 0
20 82861 2577 1 3 0
20 82861 2577 2 4 0
20 82861 539 0 4 0
20 82861 539 1 1 0
20 82861 539 2 2 0
20 82861 13037 0 2 0
20 82861 13037 1 3 0
20 82861 13037 2 4 0
20 82861 74067 0 4 0
20 82861 74067 1 1 0
20 82861 74067 2 2 0
20 82861 57179 0 4 0
20 82861 57179 1 1 0
20 82861 57179 2 2 0
20 82861 43433 0 2 0
20 82861 43433 1 3 0
20 82861 43433 2 4 0
20 82861 53215 0 4 0
20 82861 53215 1 1 0
20 82861 53215 2 2 0
20 82861 67811 0 4 0
20 82861 67811 1 1 0
20 82861 67811 2 2 0
20 82861 46911 0 4 0
20 82861 46911 1 1 0
20 82861 46911 2 2 0
20 82861 47113 0 2 0
20 82861 47113 1 3 0
20 82861 47113 2 4 0
20 82861 33843 0 4 0
20 82861 33843 1 1 0
20 82861 33843 2 2 0
20 82861 20681 0 2 0
20 82861 20681 1 3 0
20 82861 20681 2 4 0
20 82861 18731 0 4 0
20 82861 18731 1 1 0
20 82861 18731 2 2 0
20 82861 41493 0 2 0
20 82861 41493 1 3 0
20 82861 41493 2 4 0
20 82861 63095 0 4 0
20 82861 63095 1 1 0
20 82861 63095 2 2 0
20 82861 61327 0 4 0
20 82861 61327 1 1 0
20 82861 61327 2 2 0
20 82861 24437 0 2 0
20 82861 24437 1 3 0
20 82861 24437 2 4 0
20 82861 72415 0 4 0
20 82861 72415 1 1 0
20 82861 72415 2 2 0
20 82861 26275 0 4 0
20 82861 26275 1 1 0
20 82861 26275 2 2 0
20 82861 73383 0 4 0
20 82861 73383 1 1 0
20 82861 73383 2 2 0
20 82861 70469 0 2 0
20 82861 70469 1 3 0
20 82861 70469 2 4 0
20 82861 71809 0 2 0
20 82861 71809 1 3 0
20 82861 71809 2 4 0
20 82861 54215 0 4 0
20 82861 54215 1 1 0
20 82861 54215 2 2 0
20 82861 30519 0 4 0
20 82861 30519 1 1 0
20 82861 30519 2 2 0
20 82861 71353 0 2 0
20 82861 71353 1 3 0
20 82861 71353 2 4 0
20 82861 55551 0 4 0
20 82861 55551 1 1 0
20 82861 55551 2 2 0
20 82861 52127 0 4 0
20 82861 52127 1 1 0
20 82861 52127 2 2 0
20 82861 15133 0 2 0
20 82861 15133 1 3 0
20 82861 15133 2 4 0
20 82861 51517 0 2 0
20 82861 51517 1 3 0
20 82861 51517 2 4 0
20 82861 12495 0 4 0
20 82861 12495 1 1 0
20 82861 12495 2 2 0
20 82861 2511 0 4 0
20 82861 2511 1 1 0
20 82861 2511 2 2 0
20 82861 68631 0 4 0
20 82861 68631 1 1 0
20 82861 68631 2 2 0
20 82861 44755 0 4 0
20 82861 44755 1 1 0
20 82861 44755 2 2 0
20 82861 57067 0 4 0
20 82861 57067 1 1 0
20 82861 57067 2 2 0
20 82861 69235 0 4 0
20 82861 69235 1 1 0
20 82861 69235 2 2 0
20 82861 44133 0 2 0
20 82861 44133 1 3 0
20 82861 44133 2 4 0
20 82861 69627 0 4 0
20 82861 69627 1 1 0
20 82861 69627 2 2 0
20 82861 55159 0 4 0
20 82861 55159 1 1 0
20 82861 55159 2 2 0
20 82861 49819 0 4 0
20 82861 49819 1 1 0
20 82861 49819 2 2 0
20 82861 10981 0 2 0
20 82861 10981 1 3 0
20 82861 10981 2 4 0
20 82861 31237 0 2 0
20 82861 31237 1 3 0
20 82861 31237 2 4 0
20 82861 41377 0 2 0
20 82861 41377 1 3 0
20 82861 41377 2 4 0
20 82861 25879 0 4 0
20 82861 25879 1 1 0
20 82861 25879 2 2 0
20 82861 31765 0 2 0
20 82861 31765 1 3 0
20 82861 31765 2 4 0
20 82861 40051 0 4 0
20 82861 40051 1 1 0
20 82861 40051 2 2 0
20 82861 10393 0 2 0
20 82861 10393 1 3 0
20 82861 10393 2 4 0
20 82861 3161 0 2 0
20 82861 3161 1 3 0
20 82861 3161 2 4 0
20 82861 52255 0 4 0
20 82861 52255 1 1 0
20 82861 52255 2 2 0
20 82861 20883 0 4 0
20 82861 20883 1 1 0
20 82861 20883 2 2 0
20 82861 76423 0 4 0
20 82861 76423 1 1 0
20 82861 76423 2 2 0
20 82861 23531 0 4 0
20 82861 23531 1 1 0
20 82861 23531 2 2 0
20 82861 23867 0 4 0
20 82861 23867 1 1 0
20 82861 23867 2 2 0
20 82861 7207 0 4 0
20 82861 7207 1 1 0
20 82861 7207 2 2 0
20 82861 65661 0 2 0
20 82861 65661 1 3 0
20 82861 65661 2 4 0
20 82861 35143 0 4 0
20 82861 35143 1 1 0
20 82861 35143 2 2 0
20 82861 12885 0 2 0
20 82861 12885 1 3 0
20 82861 12885 2 4 0
20 82861 16313 0 2 0
20 82861 16313 1 3 0
20 82861 16313 2 4 0
20 82861 10505 0 2 0
20 82861 10505 1 3 0
20 82861 10505 2 4 0
20 82861 51715 0 4 0
20 82861 51715 1 1 0
20 82861 51715 2 2 0
20 82861 33697 0 2 0
20 82861 33697 1 3 0
20 82861 33697 2 4 0
20 82861 14143 0 4 0
20 82861 14143 1 1 0
20 82861 14143 2 2 0
20 82861 79687 0 4 0
20 82861 79687 1 1 0
20 82861 79687 2 2 0
20 82861 57059 0 4 0
20 82861 57059 1 1 0
20 82861 57059 2 2 0
20 82861 12533 0 2 0
20 82861 12533 1 3 0
20 82861 12533 2 4 0
20 82861 22575 0 4 0
20 82861 22575 1 1 0
20 82861 22575 2 2 0
20 82861 9995 0 4 0
20 82861 9995 1 1 0
20 82861 9995 2 2 0
20 82861 53465 0 2 0
20 82861 53465 1 3 0
20 82861 53465 2 4 0
20 82861 21513 0 2 0
20 82861 21513 1 3 0
20 82861 21513 2 4 0
20 82861 24181 0 2 0
20 82861 24181 1 3 0
20 82861 24181 2 4 0
20 82861 38295 0 4 0
20 82861 38295 1 1 0
20 82861 38295 2 2 0
20 82861 10781 0 2 0
20 82861 10781 1 3 0
20 82861 10781 2 4 0
20 82861 43381 0 2 0
20 82861 43381 1 3 0
20 82861 43381 2 4 0
20 82861 66955 0 4 0
20 82861 66955 1 1 0
20 82861 66955 2 2 0
20 82861 11439 0 4 0
20 82861 11439 1 1 0
20 82861 11439 2 2 0
20 82861 6125 0 2 0
20 82861 6125 1 3 0
20 82861 6125 2 4 0
20 82861 75767 0 4 0
20 82861 75767 1 1 0
20 82861 75767 2 2 0
20 82861 52903 0 4 0
20 82861 52903 1 1 0
20 82861 52903 2 2 0
20 82861 19809 0 2 0
20 82861 19809 1 3 0
20 82861 19809 2 4 0
20 82861 23117 0 2 0
20 82861 23117 1 3 0
20 82861 23117 2 4 0
20 82861 19191 0 4 0
20 82861 19191 1 1 0
20 82861 19191 2 2 0
20 82861 8545 0 2 0
20 82861 8545 1 3 0
20 82861 8545 2 4 0
20 82861 30949 0 2 0
20 82861 30949 1 3 0
20 82861 30949 2 4 0
20 82861 8807 0 4 0
20 82861 8807 1 1 0
20 82861 8807 2 2 0
20 82861 62029 0 2 0
20 82861 62029 1 3 0
20 82861 62029 2 4 0
20 82861 11941 0 2 0
20 82861 11941 1 3 0
20 82861 11941 2 4 0
20 82861 29635 0 4 0
20 82861 29635 1 1 0
20 82861 29635 2 2 0
20 82861 49291 0 4 0
20 82861 49291 1 1 0
20 82861 49291 2 2 0
20 82861 19735 0 4 0
20 82861 19735 1 1 0
20 82861 19735 2 2 0
20 82861 11393 0 2 0
20 82861 11393 1 3 0
20 82861 11393 2 4 0
20 82861 38771 0 4 0
20 82861 38771 1 1 0
20 82861 38771 2 2 0
20 82861 42717 0 2 0
20 82861 42717 1 3 0
20 82861 42717 2 4 0
20 82861 47701 0 2 0
20 82861 47701 1 3 0
20 82861 47701 2 4 0
20 82861 63961 0 2 0
20 82861 63961 1 3 0
20 82861 63961 2 4 0
20 82861 44241 0 2 0
20 82861 44241 1 3 0
20 82861 44241 2 4 0
20 82861 21885 0 2 0
20 82861 21885 1 3 0
20 82861 21885 2 4 0
20 82861 52203 0 4 0
20 82861 52203 1 1 0
20 82861 52203 2 2 0
20 82861 66451 0 4 0
20 82861 66451 1 1 0
20 82861 66451 2 2 0
20 82861 17857 0 2 0
20 82861 17857 1 3 0
20 82861 17857 2 4 0
20 82861 38219 0 4 0
20 82861 38219 1 1 0
20 82861 38219 2 2 0
20 82861 34349 0 2 0
20 82861 34349 1 3 0
20 82861 34349 2 4 0
20 82861 56891 0 4 0
20 82861 56891 1 1 0
20 82861 56891 2 2 0
20 82861 54689 0 2 0
20 82861 54689 1 3 0
20 82861 54689 2 4 0
20 82861 57917 0 2 0
20 82861 57917 1 3 0
20 82861 57917 2 4 0
20 82861 35409 0 2 0
20 82861 35409 1 3 0
20 82861 35409 2 4 0
20 82861 30951 0 4 0
20 82861 30951 1 1 0
20 82861 30951 2 2 0
20 82861 81369 0 2 0
20 82861 81369 1 3 0
20 82861 81369 2 4 0
20 82861 1979 0 4 0
20 82861 1979 1 1 0
20 82861 1979 2 2 0
20 82861 15633 0 2 0
20 82861 15633 1 3 0
20 82861 15633 2 4 0
20 82861 41851 0 4 0
20 82861 41851 1 1 0
20 82861 41851 2 2 0
20 82861 19661 0 2 0
20 82861 19661 1 3 0
20 82861 19661 2 4 0
20 82861 52363 0 4 0
20 82861 52363 1 1 0
20 82861 52363 2 2 0
20 82861 24173 0 2 0
20 82861 24173 1 3 0
20 82861 24173 2 4 0
20 82861 11083 0 4 0
20 82861 11083 1 1 0
20 82861 11083 2 2 0
20 82861 12755 0 4 0
20 82861 12755 1 1 0
20 82861 12755 2 2 0
20 82861 80205 0 2 0
20 82861 80205 1 3 0
20 82861 80205 2 4 0
20 82861 16553 0 2 0
20 82861 16553 1 3 0
20 82861 16553 2 4 0
20 82861 54809 0 2 0
20 82861 54809 1 3 0
20 82861 54809 2 4 0
20 82861 1501 0 2 0
20 82861 1501 1 3 0
20 82861 1501 2 4 0
20 82861 17255 0 4 0
20 82861 17255 1 1 0
20 82861 17255 2 2 0
20 82861 57977 0 2 0
20 82861 57977 1 3 0
20 82861 57977 2 4 0
20 82861 16019 0 4 0
20 82861 16019 1 1 0
20 82861 16019 2 2 0
20 82861 47501 0 2 0
20 82861 47501 1 3 0
20 82861 47501 2 4 0
20 82861 49441 0 2 0
20 82861 49441 1 3 0
20 82861 49441 2 4 0
20 82861 74541 0 2 0
20 82861 74541 1 3 0
20 82861 74541 2 4 0
20 82861 1573 0 2 0
20 82861 1573 1 3 0
20 82861 1573 2 4 0
20 82861 75799 0 4 0
20 82861 75799 1 1 0
20 82861 75799 2 2 0
20 82861 49971 0 4 0
20 82861 49971 1 1 0
20 82861 49971 2 2 0
20 82861 78313 0 2 0
20 82861 78313 1 3 0
20 82861 78313 2 4 0
20 82861 66247 0 4 0
20 82861 66247 1 1 0
20 82861 66247 2 2 0
20 82861 67685 0 2 0
20 82861 67685 1 3 0
20 82861 67685 2 4 0
20 82861 8547 0 4 0
20 82861 8547 1 1 0
20 82861 8547 2 2 0
20 82861 48543 0 4 0
20 82861 48543 1 1 0
20 82861 48543 2 2 0
20 82861 12613 0 2 0
20 82861 12613 1 3 0
20 82861 12613 2 4 0
20 82861 30473 0 2 0
20 82861 30473 1 3 0
20 82861 30473 2 4 0
20 82861 36487 0 4 0
20 82861 36487 1 1 0
20 82861 36487 2 2 0
20 82861 46595 0 4 0
20 82861 46595 1 1 0
20 82861 46595 2 2 0
20 82861 21767 0 4 0
20 82861 21767 1 1 0
20 82861 21767 2 2 0
20 82861 52467 0 4 0
20 82861 52467 1 1 0
20 82861 52467 2 2 0
20 82861 54523 0 4 0
20 82861 54523 1 1 0
20 82861 54523 2 2 0
20 82861 65183 0 4 0
20 82861 65183 1 1 0
20 82861 65183 2 2 0
20 82861 37365 0 2 0
20 82861 37365 1 3 0
20 82861 37365 2 4 0
20 82861 29203 0 4 0
20 82861 29203 1 1 0
20 82861 29203 2 2 0
20 82861 60615 0 4 0
20 82861 60615 1 1 0
20 82861 60615 2 2 0
20 82861 32483 0 4 0
20 82861 32483 1 1 0
20 82861 32483 2 2 0
20 82861 7771 0 4 0
20 82861 7771 1 1 0
20 82861 7771 2 2 0
20 82861 13787 0 4 0
20 82861 13787 1 1 0
20 82861 13787 2 2 0
20 82861 5027 0 4 0
20 82861 5027 1 1 0
20 82861 5027 2 2 0
20 82861 6221 0 2 0
20 82861 6221 1 3 0
20 82861 6221 2 4 0
20 82861 17097 0 2 0
20 82861 17097 1 3 0
20 82861 17097 2 4 0
20 82861 79007 0 4 0
20 82861 79007 1 1 0
20 82861 79007 2 2 0
20 82861 63229 0 2 0
20 82861 63229 1 3 0
20 82861 63229 2 4 0
20 82861 51635 0 4 0
20 82861 51635 1 1 0
20 82861 51635 2 2 0
20 82861 40965 0 2 0
20 82861 40965 1 3 0
20 82861 40965 2 4 0
20 82861 63497 0 2 0
20 82861 63497 1 3 0
20 82861 63497 2 4 0
20 82861 627 0 4 0
20 82861 627 1 1 0
20 82861 627 2 2 0
20 82861 71623 0 4 0
20 82861 71623 1 1 0
20 82861 71623 2 2 0
20 82861 34583 0 4 0
20 82861 34583 1 1 0
20 82861 34583 2 2 0
20 82861 14395 0 4 0
20 82861 14395 1 1 0
20 82861 14395 2 2 0
20 82861 63401 0 2 0
20 82861 63401 1 3 0
20 82861 63401 2 4 0
20 82861 17843 0 4 0
20 82861 17843 1 1 0
20 82861 17843 2 2 0
20 82861 45939 0 4 0
20 82861 45939 1 1 0
20 82861 45939 2 2 0
20 82861 67075 0 4 0
20 82861 67075 1 1 0
20 82861 67075 2 2 0
20 82861 50421 0 2 0
20 82861 50421 1 3 0
20 82861 50421 2 4 0
20 82861 12967 0 4 0
20 82861 12967 1 1 0
20 82861 12967 2 2 0
20 82861 50131 0 4 0
20 82861 50131 1 1 0
20 82861 50131 2 2 0
20 82861 69165 0 2 0
20 82861 69165 1 3 0
20 82861 69165 2 4 0
20 82861 31759 0 4 0
20 82861 31759 1 1 0
20 82861 31759 2 2 0
20 82861 25701 0 2 0
20 82861 25701 1 3 0
20 82861 25701 2 4 0
20 82861 3493 0 2 0
20 82861 3493 1 3 0
20 82861 3493 2 4 0
20 82861 33637 0 2 0
20 82861 33637 1 3 0
20 82861 33637 2 4 0
20 82861 19567 0 4 0
20 82861 19567 1 1 0
20 82861 19567 2 2 0
20 82861 13293 0 2 0
20 82861 13293 1 3 0
20 82861 13293 2 4 0
20 82861 18325 0 2 0
20 82861 18325 1 3 0
20 82861 18325 2 4 0
20 82861 25805 0 2 0
20 82861 25805 1 3 0
20 82861 25805 2 4 0
20 82861 29691 0 4 0
20 82861 29691 1 1 0
20 82861 29691 2 2 0
20 82861 60603 0 4 0
20 82861 60603 1 1 0
20 82861 60603 2 2 0
20 82861 57881 0 2 0
20 82861 57881 1 3 0
20 82861 57881 2 4 0
20 82861 59107 0 4 0
20 82861 59107 1 1 0
20 82861 59107 2 2 0
20 82861 38945 0 2 0
20 82861 38945 1 3 0
20 82861 38945 2 4 0
20 82861 41999 0 4 0
20 82861 41999 1 1 0
20 82861 41999 2 2 0
20 82861 4119 0 4 0
20 82861 4119 1 1 0
20 82861 4119 2 2 0
20 82861 71773 0 2 0
20 82861 71773 1 3 0
20 82861 71773 2 4 0
20 82861 5949 0 2 0
20 82861 5949 1 3 0
20 82861 5949 2 4 0
20 82861 58451 0 4 0
20 82861 58451 1 1 0
20 82861 58451 2 2 0
20 82861 61677 0 2 0
20 82861 61677 1 3 0
20 82861 61677 2 4 0
20 82861 46655 0 4 0
20 82861 46655 1 1 0
20 82861 46655 2 2 0
20 82861 14543 0 4 0
20 82861 14543 1 1 0
20 82861 14543 2 2 0
20 82861 13407 0 4 0
20 82861 13407 1 1 0
20 82861 13407 2 2 0
20 82861 34863 0 4 0
20 82861 34863 1 1 0
20 82861 34863 2 2 0
20 82861 78297 0 2 0
20 82861 78297 1 3 0
20 82861 78297 2 4 0
20 82861 21291 0 4 0
20 82861 21291 1 1 0
20 82861 21291 2 2 0
20 82861 42177 0 2 0
20 82861 42177 1 3 0
20 82861 42177 2 4 0
20 82861 51975 0 4 0
20 82861 51975 1 1 0
20 82861 51975 2 2 0
20 82861 13531 0 4 0
20 82861 13531 1 1 0
20 82861 13531 2 2 0
20 82861 34013 0 2 0
20 82861 34013 1 3 0
20 82861 34013 2 4 0
20 82861 76837 0 2 0
20 82861 76837 1 3 0
20 82861 76837 2 4 0
20 82861 66165 0 2 0
20 82861 66165 1 3 0
20 82861 66165 2 4 0
20 82861 18427 0 4 0
20 82861 18427 1 1 0
20 82861 18427 2 2 0
20 82861 65759 0 4 0
20 82861 65759 1 1 0
20 82861 65759 2 2 0
20 82861 13833 0 2 0
20 82861 13833 1 3 0
20 82861 13833 2 4 0
20 82861 2803 0 4 0
20 82861 2803 1 1 0
20 82861 2803 2 2 0
20 82861 73473 0 2 0
20 82861 73473 1 3 0
20 82861 73473 2 4 0
20 82861 27133 0 2 0
20 82861 27133 1 3 0
20 82861 27133 2 4 0
20 82861 67985 0 2 0
20 82861 67985 1 3 0
20 82861 67985 2 4 0
20 82861 28153 0 2 0
20 82861 28153 1 3 0
20 82861 28153 2 4 0
20 82861 2031 0 4 0
20 82861 2031 1 1 0
20 82861 2031 2 2 0
20 82861 76853 0 2 0
20 82861 76853 1 3 0
20 82861 76853 2 4 0
20 82861 13653 0 2 0
20 82861 13653 1 3 0
20 82861 13653 2 4 0
20 82861 55433 0 2 0
20 82861 55433 1 3 0
20 82861 55433 2 4 0
20 82861 32591 0 4 0
20 82861 32591 1 1 0
20 82861 32591 2 2 0
20 82861 60707 0 4 0
20 82861 60707 1 1 0
20 82861 60707 2 2 0
20 82861 38333 0 2 0
20 82861 38333 1 3 0
20 82861 38333 2 4 0
20 82861 51131 0 4 0
20 82861 51131 1 1 0
20 82861 51131 2 2 0
20 82861 16617 0 2 0
20 82861 16617 1 3 0
20 82861 16617 2 4 0
20 82861 43001 0 2 0
20 82861 43001 1 3 0
20 82861 43001 2 4 0
20 82861 36551 0 4 0
20 82861 36551 1 1 0
20 82861 36551 2 2 0
20 82861 5643 0 4 0
20 82861 5643 1 1 0
20 82861 5643 2 2 0
20 82861 69589 0 2 0
20 82861 69589 1 3 0
20 82861 69589 2 4 0
20 82861 74577 0 2 0
20 82861 74577 1 3 0
20 82861 74577 2 4 0
20 82861 23575 0 4 0
20 82861 23575 1 1 0
20 82861 23575 2 2 0
20 82861 67643 0 4 0
20 82861 67643 1 1 0
20 82861 67643 2 2 0
20 82861 33503 0 4 0
20 82861 33503 1 1 0
20 82861 33503 2 2 0
20 82861 34313 0 2 0
20 82861 34313 1 3 0
20 82861 34313 2 4 0
20 82861 37149 0 2 0
20 82861 37149 1 3 0
20 82861 37149 2 4 0
20 82861 60117 0 2 0
20 82861 60117 1 3 0
20 82861 60117 2 4 0
20 82861 75913 0 2 0
20 82861 75913 1 3 0
20 82861 75913 2 4 0
20 82861 35319 0 4 0
20 82861 35319 1 1 0
20 82861 35319 2 2 0
20 82861 43897 0 2 0
20 82861 43897 1 3 0
20 82861 43897 2 4 0
20 82861 75815 0 4 0
20 82861 75815 1 1 0
20 82861 75815 2 2 0
20 82861 15021 0 2 0
20 82861 15021 1 3 0
20 82861 15021 2 4 0
20 82861 2355 0 4 0
20 82861 2355 1 1 0
20 82861 2355 2 2 0
20 82861 15533 0 2 0
20 82861 15533 1 3 0
20 82861 15533 2 4 0
20 82861 5165 0 2 0
20 82861 5165 1 3 0
20 82861 5165 2 4 0
20 82861 26597 0 2 0
20 82861 26597 1 3 0
20 82861 26597 2 4 0
20 82861 31961 0 2 0
20 82861 31961 1 3 0
20 82861 31961 2 4 0
20 82861 6603 0 4 0
20 82861 6603 1 1 0
20 82861 6603 2 2 0
20 82861 50881 0 2 0
20 82861 50881 1 3 0
20 82861 50881 2 4 0
20 82861 8157 0 2 0
20 82861 8157 1 3 0
20 82861 8157 2 4 0
20 82861 24067 0 4 0
20 82861 24067 1 1 0
20 82861 24067 2 2 0
20 82861 19613 0 2 0
20 82861 19613 1 3 0
20 82861 19613 2 4 0
20 82861 45731 0 4 0
20 82861 45731 1 1 0
20 82861 45731 2 2 0
20 82861 35685 0 2 0
20 82861 35685 1 3 0
20 82861 35685 2 4 0
20 82861 24977 0 2 0
20 82861 24977 1 3 0
20 82861 24977 2 4 0
20 82861 37857 0 2 0
20 82861 37857 1 3 0
20 82861 37857 2 4 0
20 82861 10597 0 2 0
20 82861 10597 1 3 0
20 82861 10597 2 4 0
20 82861 12607 0 4 0
20 82861 12607 1 1 0
20 82861 12607 2 2 0
20 82861 58695 0 4 0
20 82861 58695 1 1 0
20 82861 58695 2 2 0
20 82861 68363 0 4 0
20 82861 68363 1 1 0
20 82861 68363 2 2 0
20 82861 70785 0 2 0
20 82861 70785 1 3 0
20 82861 70785 2 4 0
20 82861 9503 0 4 0
20 82861 9503 1 1 0
20 82861 9503 2 2 0
20 82861 1181 0 2 0
20 82861 1181 1 3 0
20 82861 1181 2 4 0
20 82861 32571 0 4 0
20 82861 32571 1 1 0
20 82861 32571 2 2 0
20 82861 45769 0 2 0
20 82861 45769 1 3 0
20 82861 45769 2 4 0
20 82861 4035 0 4 0
20 82861 4035 1 1 0
20 82861 4035 2 2 0
20 82861 4537 0 2 0
20 82861 4537 1 3 0
20 82861 4537 2 4 0
20 82861 14835 0 4 0
20 82861 14835 1 1 0
20 82861 14835 2 2 0
20 82861 58077 0 2 0
20 82861 58077 1 3 0
20 82861 58077 2 4 0
20 82861 73715 0 4 0
20 82861 73715 1 1 0
20 82861 73715 2 2 0
20 82861 27939 0 4 0
20 82861 27939 1 1 0
20 82861 27939 2 2 0
20 82861 24581 0 2 0
20 82861 24581 1 3 0
20 82861 24581 2 4 0
20 82861 77863 0 4 0
20 82861 77863 1 1 0
20 82861 77863 2 2 0
20 82861 58069 0 2 0
20 82861 58069 1 3 0
20 82861 58069 2 4 0
20 82861 36803 0 4 0
20 82861 36803 1 1 0
20 82861 36803 2 2 0
20 82861 72773 0 2 0
20 82861 72773 1 3 0
20 82861 72773 2 4 0
20 82861 72787 0 4 0
20 82861 72787 1 1 0
20 82861 72787 2 2 0
20 82861 6413 0 2 0
20 82861 6413 1 3 0
20 82861 6413 2 4 0
20 82861 59447 0 4 0
20 82861 59447 1 1 0
20 82861 59447 2 2 0
20 82861 31451 0 4 0
20 82861 31451 1 1 0
20 82861 31451 2 2 0
20 82861 30109 0 2 0
20 82861 30109 1 3 0
20 82861 30109 2 4 0
20 82861 72259 0 4 0
20 82861 72259 1 1 0
20 82861 72259 2 2 0
20 82861 39193 0 2 0
20 82861 39193 1 3 0
20 82861 39193 2 4 0
20 82861 43873 0 2 0
20 82861 43873 1 3 0
20 82861 43873 2 4 0
20 82861 49081 0 2 0
20 82861 49081 1 3 0
20 82861 49081 2 4 0
20 82861 41487 0 4 0
20 82861 41487 1 1 0
20 82861 41487 2 2 0
20 82861 50485 0 2 0
20 82861 50485 1 3 0
20 82861 50485 2 4 0
20 82861 59545 0 2 0
20 82861 59545 1 3 0
20 82861 59545 2 4 0
20 82861 35681 0 2 0
20 82861 35681 1 3 0
20 82861 35681 2 4 0
20 82861 51705 0 2 0
20 82861 51705 1 3 0
20 82861 51705 2 4 0
20 82861 22915 0 4 0
20 82861 22915 1 1 0
20 82861 22915 2 2 0
20 82861 43847 0 4 0
20 82861 43847 1 1 0
20 82861 43847 2 2 0
20 82861 2211 0 4 0
20 82861 2211 1 1 0
20 82861 2211 2 2 0
20 82861 33515 0 4 0
20 82861 33515 1 1 0
20 82861 33515 2 2 0
20 82861 56865 0 2 0
20 82861 56865 1 3 0
20 82861 56865 2 4 0
20 82861 54473 0 2 0
20 82861 54473 1 3 0
20 82861 54473 2 4 0
20 82861 23925 0 2 0
20 82861 23925 1 3 0
20 82861 23925 2 4 0
20 82861 62925 0 2 0
20 82861 62925 1 3 0
20 82861 62925 2 4 0
20 82861 54679 0 4 0
20 82861 54679 1 1 0
20 82861 54679 2 2 0
20 82861 1159 0 4 0
20 82861 1159 1 1 0
20 82861 1159 2 2 0
20 82861 2415 0 4 0
20 82861 2415 1 1 0
20 82861 2415 2 2 0
20 82861 69289 0 2 0
20 82861 69289 1 3 0
20 82861 69289 2 4 0
20 82861 72463 0 4 0
20 82861 72463 1 1 0
20 82861 72463 2 2 0
20 82861 53283 0 4 0
20 82861 53283 1 1 0
20 82861 53283 2 2 0
20 82861 74135 0 4 0
20 82861 74135 1 1 0
20 82861 74135 2 2 0
20 82861 30695 0 4 0
20 82861 30695 1 1 0
20 82861 30695 2 2 0
20 82861 77665 0 2 0
20 82861 77665 1 3 0
20 82861 77665 2 4 0
20 82861 43825 0 2 0
20 82861 43825 1 3 0
20 82861 43825 2 4 0
20 82861 70111 0 4 0
20 82861 70111 1 1 0
20 82861 70111 2 2 0
20 82861 39031 0 4 0
20 82861 39031 1 1 0
20 82861 39031 2 2 0
20 82861 53595 0 4 0
20 82861 53595 1 1 0
20 82861 53595 2 2 0
20 82861 49307 0 4 0
20 82861 49307 1 1 0
20 82861 49307 2 2 0
20 82861 52641 0 2 0
20 82861 52641 1 3 0
20 82861 52641 2 4 0
20 82861 21469 0 2 0
20 82861 21469 1 3 0
20 82861 21469 2 4 0
20 82861 45653 0 2 0
20 82861 45653 1 3 0
20 82861 45653 2 4 0
20 82861 43663 0 4 0
20 82861 43663 1 1 0
20 82861 43663 2 2 0
20 82861 37979 0 4 0
20 82861 37979 1 1 0
20 82861 37979 2 2 0
20 82861 56531 0 4 0
20 82861 56531 1 1 0
20 82861 56531 2 2 0
20 82861 43047 0 4 0
20 82861 43047 1 1 0
20 82861 43047 2 2 0
20 82861 38107 0 4 0
20 82861 38107 1 1 0
20 82861 38107 2 2 0
20 82861 55737 0 2 0
20 82861 55737 1 3 0
20 82861 55737 2 4 0
21 82861 34661 0 2 0
21 82861 34661 1 3 0
21 82861 34661 2 4 0
21 82861 32257 0 2 0
21 82861 32257 1 3 0
21 82861 32257 2 4 0
21 82861 6139 0 4 0
21 82861 6139 1 1 0
21 82861 6139 2 2 0
21 82861 9707 0 4 0
21 82861 9707 1 1 0
21 82861 9707 2 2 0
21 82861 55219 0 4 0
21 82861 55219 1 1 0
21 82861 55219 2 2 0
21 82861 72849 0 2 0
21 82861 72849 1 3 0
21 82861 72849 2 4 0
21 82861 28793 0 2 0
21 82861 28793 1 3 0
21 82861 28793 2 4 0
21 82861 24485 0 2 0
21 82861 24485 1 3 0
21 82861 24485 2 4 0
21 82861 30073 0 2 0
21 82861 30073 1 3 0
21 82861 30073 2 4 0
21 82861 13271 0 4 0
21 82861 13271 1 1 0
21 82861 13271 2 2 0
21 82861 37749 0 2 0
21 82861 37749 1 3 0
21 82861 37749 2 4 0
21 82861 59089 0 2 0
21 82861 59089 1 3 0
21 82861 59089 2 4 0
21 82861 5463 0 4 0
21 82861 5463 1 1 0
21 82861 5463 2 2 0
21 82861 62257 0 2 0
21 82861 62257 1 3 0
21 82861 62257 2 4 0
21 82861 62289 0 2 0
21 82861 62289 1 3 0
21 82861 62289 2 4 0
21 82861 13829 0 2 0
21 82861 13829 1 3 0
21 82861 13829 2 4 0
21 82861 70107 0 4 0
21 82861 70107 1 1 0
21 82861 70107 2 2 0
21 82861 34173 0 2 0
21 82861 34173 1 3 0
21 82861 34173 2 4 0
21 82861 21491 0 4 0
21 82861 21491 1 1 0
21 82861 21491 2 2 0
21 82861 20087 0 4 0
21 82861 20087 1 1 0
21 82861 20087 2 2 0
21 82861 69199 0 4 0
21 82861 69199 1 1 0
21 82861 69199 2 2 0
21 82861 55625 0 2 0
21 82861 55625 1 3 0
21 82861 55625 2 4 0
21 82861 24281 0 2 0
21 82861 24281 1 3 0
21 82861 24281 2 4 0
21 82861 24765 0 2 0
21 82861 24765 1 3 0
21 82861 24765 2 4 0
21 82861 46713 0 2 0
21 82861 46713 1 3 0
21 82861 46713 2 4 0
21 82861 5577 0 2 0
21 82861 5577 1 3 0
21 82861 5577 2 4 0
21 82861 46847 0 4 0
21 82861 46847 1 1 0
21 82861 46847 2 2 0
21 82861 22965 0 2 0
21 82861 22965 1 3 0
21 82861 22965 2 4 0
21 82861 70191 0 4 0
21 82861 70191 1 1 0
21 82861 70191 2 2 0
21 82861 6241 0 2 0
21 82861 6241 1 3 0
21 82861 6241 2 4 0
21 82861 35455 0 4 0
21 82861 35455 1 1 0
21 82861 35455 2 2 0
21 82861 59239 0 4 0
21 82861 59239 1 1 0
21 82861 59239 2 2 0
21 82861 18793 0 2 0
21 82861 18793 1 3 0
21 82861 18793 2 4 0
21 82861 16985 0 2 0
21 82861 16985 1 3 0
21 82861 16985 2 4 0
21 82861 31715 0 4 0
21 82861 31715 1 1 0
21 82861 31715 2 2 0
21 82861 36771 0 4 0
21 82861 36771 1 1 0
21 82861 36771 2 2 0
21 82861 68073 0 2 0
21 82861 68073 1 3 0
21 82861 68073 2 4 0
21 82861 34079 0 4 0
21 82861 34079 1 1 0
21 82861 34079 2 2 0
21 82861 33049 0 2 0
21 82861 33049 1 3 0
21 82861 33049 2 4 0
21 82861 68525 0 2 0
21 82861 68525 1 3 0
21 82861 68525 2 4 0
21 82861 77335 0 4 0
21 82861 77335 1 1 0
21 82861 77335 2 2 0
21 82861 32601 0 2 0
21 82861 32601 1 3 0
21 82861 32601 2 4 0
21 82861 59791 0 4 0
21 82861 59791 1 1 0
21 82861 59791 2 2 0
21 82861 4697 0 2 0
21 82861 4697 1 3 0
21 82861 4697 2 4 0
21 82861 6145 0 2 0
21 82861 6145 1 3 0
21 82861 6145 2 4 0
21 82861 29793 0 2 0
21 82861 29793 1 3 0
21 82861 29793 2 4 0
21 82861 15985 0 2 0
21 82861 15985 1 3 0
21 82861 15985 2 4 0
21 82861 41197 0 2 0
21 82861 41197 1 3 0
21 82861 41197 2 4 0
21 82861 5783 0 4 0
21 82861 5783 1 1 0
21 82861 5783 2 2 0
21 82861 14681 0 2 0
21 82861 14681 1 3 0
21 82861 14681 2 4 0
21 82861 41853 0 2 0
21 82861 41853 1 3 0
21 82861 41853 2 4 0
21 82861 5159 0 4 0
21 82861 5159 1 1 0
21 82861 5159 2 2 0
21 82861 53329 0 2 0
21 82861 53329 1 3 0
21 82861 53329 2 4 0
21 82861 76717 0 2 0
21 82861 76717 1 3 0
21 82861 76717 2 4 0
21 82861 33591 0 4 0
21 82861 33591 1 1 0
21 82861 33591 2 2 0
21 82861 7303 0 4 0
21 82861 7303 1 1 0
21 82861 7303 2 2 0
21 82861 22063 0 4 0
21 82861 22063 1 1 0
21 82861 22063 2 2 0
21 82861 48595 0 4 0
21 82861 48595 1 1 0
21 82861 48595 2 2 0
21 82861 593 0 2 0
21 82861 593 1 3 0
21 82861 593 2 4 0
21 82861 57171 0 4 0
21 82861 57171 1 1 0
21 82861 57171 2 2 0
21 82861 81849 0 2 0
21 82861 81849 1 3 0
21 82861 81849 2 4 0
21 82861 75431 0 4 0
21 82861 75431 1 1 0
21 82861 75431 2 2 0
21 82861 26905 0 2 0
21 82861 26905 1 3 0
21 82861 26905 2 4 0
21 82861 80551 0 4 0
21 82861 80551 1 1 0
21 82861 80551 2 2 0
21 82861 69497 0 2 0
21 82861 69497 1 3 0
21 82861 69497 2 4 0
21 82861 59773 0 2 0
21 82861 59773 1 3 0
21 82861 59773 2 4 0
21 82861 78813 0 2 0
21 82861 78813 1 3 0
21 82861 78813 2 4 0
21 82861 76217 0 2 0
21 82861 76217 1 3 0
21 82861 76217 2 4 0
21 82861 1447 0 4 0
21 82861 1447 1 1 0
21 82861 1447 2 2 0
21 82861 17197 0 2 0
21 82861 17197 1 3 0
21 82861 17197 2 4 0
21 82861 75083 0 4 0
21 82861 75083 1 1 0
21 82861 75083 2 2 0
21 82861 64873 0 2 0
21 82861 64873 1 3 0
21 82861 64873 2 4 0
21 82861 53247 0 4 0
21 82861 53247 1 1 0
21 82861 53247 2 2 0
21 82861 15137 0 2 0
21 82861 15137 1 3 0
21 82861 15137 2 4 0
21 82861 39155 0 4 0
21 82861 39155 1 1 0
21 82861 39155 2 2 0
21 82861 81049 0 2 0
21 82861 81049 1 3 0
21 82861 81049 2 4 0
21 82861 1559 0 4 0
21 82861 1559 1 1 0
21 82861 1559 2 2 0
21 82861 76943 0 4 0
21 82861 76943 1 1 0
21 82861 76943 2 2 0
21 82861 57799 0 4 0
21 82861 57799 1 1 0
21 82861 57799 2 2 0
21 82861 40551 0 4 0
21 82861 40551 1 1 0
21 82861 40551 2 2 0
21 82861 80937 0 2 0
21 82861 80937 1 3 0
21 82861 80937 2 4 0
21 82861 54387 0 4 0
21 82861 54387 1 1 0
21 82861 54387 2 2 0
21 82861 54651 0 4 0
21 82861 54651 1 1 0
21 82861 54651 2 2 0
21 82861 64203 0 4 0
21 82861 64203 1 1 0
21 82861 64203 2 2 0
21 82861 65841 0 2 0
21 82861 65841 1 3 0
21 82861 65841 2 4 0
21 82861 40633 0 2 0
21 82861 40633 1 3 0
21 82861 40633 2 4 0
21 82861 6581 0 2 0
21 82861 6581 1 3 0
21 82861 6581 2 4 0
21 82861 64787 0 4 0
21 82861 64787 1 1 0
21 82861 64787 2 2 0
21 82861 54803 0 4 0
21 82861 54803 1 1 0
21 82861 54803 2 2 0
21 82861 54079 0 4 0
21 82861 54079 1 1 0
21 82861 54079 2 2 0
21 82861 19331 0 4 0
21 82861 19331 1 1 0
21 82861 19331 2 2 0
21 82861 22717 0 2 0
21 82861 22717 1 3 0
21 82861 22717 2 4 0
21 82861 52965 0 2 0
21 82861 52965 1 3 0
21 82861 52965 2 4 0
21 82861 14183 0 4 0
21 82861 14183 1 1 0
21 82861 14183 2 2 0
21 82861 56111 0 4 0
21 82861 56111 1 1 0
21 82861 56111 2 2 0
21 82861 48827 0 4 0
21 82861 48827 1 1 0
21 82861 48827 2 2 0
21 82861 63741 0 2 0
21 82861 63741 1 3 0
21 82861 63741 2 4 0
21 82861 39937 0 2 0
21 82861 39937 1 3 0
21 82861 39937 2 4 0
21 82861 16399 0 4 0
21 82861 16399 1 1 0
21 82861 16399 2 2 0
21 82861 61065 0 2 0
21 82861 61065 1 3 0
21 82861 61065 2 4 0
21 82861 18191 0 4 0
21 82861 18191 1 1 0
21 82861 18191 2 2 0
21 82861 6867 0 4 0
21 82861 6867 1 1 0
21 82861 6867 2 2 0
21 82861 15709 0 2 0
21 82861 15709 1 3 0
21 82861 15709 2 4 0
21 82861 25091 0 4 0
21 82861 25091 1 1 0
21 82861 25091 2 2 0
21 82861 60349 0 2 0
21 82861 60349 1 3 0
21 82861 60349 2 4 0
21 82861 79155 0 4 0
21 82861 79155 1 1 0
21 82861 79155 2 2 0
21 82861 68035 0 4 0
21 82861 68035 1 1 0
21 82861 68035 2 2 0
21 82861 38313 0 2 0
21 82861 38313 1 3 0
21 82861 38313 2 4 0
21 82861 24599 0 4 0
21 82861 24599 1 1 0
21 82861 24599 2 2 0
21 82861 42737 0 2 0
21 82861 42737 1 3 0
21 82861 42737 2 4 0
21 82861 75179 0 4 0
21 82861 75179 1 1 0
21 82861 75179 2 2 0
21 82861 71141 0 2 0
21 82861 71141 1 3 0
21 82861 71141 2 4 0
21 82861 51047 0 4 0
21 82861 51047 1 1 0
21 82861 51047 2 2 0
21 82861 25927 0 4 0
21 82861 25927 1 1 0
21 82861 25927 2 2 0
21 82861 64759 0 4 0
21 82861 64759 1 1 0
21 82861 64759 2 2 0
21 82861 53779 0 4 0
21 82861 53779 1 1 0
21 82861 53779 2 2 0
21 82861 5907 0 4 0
21 82861 5907 1 1 0
21 82861 5907 2 2 0
21 82861 51611 0 4 0
21 82861 51611 1 1 0
21 82861 51611 2 2 0
21 82861 14521 0 2 0
21 82861 14521 1 3 0
21 82861 14521 2 4 0
21 82861 65695 0 4 0
21 82861 65695 1 1 0
21 82861 65695 2 2 0
21 82861 45061 0 2 0
21 82861 45061 1 3 0
21 82861 45061 2 4 0
21 82861 14307 0 4 0
21 82861 14307 1 1 0
21 82861 14307 2 2 0
21 82861 78867 0 4 0
21 82861 78867 1 1 0
21 82861 78867 2 2 0
21 82861 67881 0 2 0
21 82861 67881 1 3 0
21 82861 67881 2 4 0
21 82861 40081 0 2 0
21 82861 40081 1 3 0
21 82861 40081 2 4 0
21 82861 19019 0 4 0
21 82861 19019 1 1 0
21 82861 19019 2 2 0
21 82861 4863 0 4 0
21 82861 4863 1 1 0
21 82861 4863 2 2 0
21 82861 67901 0 2 0
21 82861 67901 1 3 0
21 82861 67901 2 4 0
21 82861 21187 0 4 0
21 82861 21187 1 1 0
21 82861 21187 2 2 0
21 82861 16325 0 2 0
21 82861 16325 1 3 0
21 82861 16325 2 4 0
21 82861 37185 0 2 0
21 82861 37185 1 3 0
21 82861 37185 2 4 0
21 82861 22049 0 2 0
21 82861 22049 1 3 0
21 82861 22049 2 4 0
21 82861 66967 0 4 0
21 82861 66967 1 1 0
21 82861 66967 2 2 0
21 82861 25083 0 4 0
21 82861 25083 1 1 0
21 82861 25083 2 2 0
21 82861 50949 0 2 0
21 82861 50949 1 3 0
21 82861 50949 2 4 0
21 82861 3079 0 4 0
21 82861 3079 1 1 0
21 82861 3079 2 2 0
21 82861 40809 0 2 0
21 82861 40809 1 3 0
21 82861 40809 2 4 0
21 82861 58137 0 2 0
21 82861 58137 1 3 0
21 82861 58137 2 4 0
21 82861 26145 0 2 0
21 82861 26145 1 3 0
21 82861 26145 2 4 0
21 82861 8331 0 4 0
21 82861 8331 1 1 0
21 82861 8331 2 2 0
21 82861 62401 0 2 0
21 82861 62401 1 3 0
21 82861 62401 2 4 0
21 82861 34437 0 2 0
21 82861 34437 1 3 0
21 82861 34437 2 4 0
21 82861 79921 0 2 0
21 82861 79921 1 3 0
21 82861 79921 2 4 0
21 82861 28197 0 2 0
21 82861 28197 1 3 0
21 82861 28197 2 4 0
21 82861 42957 0 2 0
21 82861 42957 1 3 0
21 82861 42957 2 4 0
21 82861 31705 0 2 0
21 82861 31705 1 3 0
21 82861 31705 2 4 0
21 82861 73963 0 4 0
21 82861 73963 1 1 0
21 82861 73963 2 2 0
21 82861 80047 0 4 0
21 82861 80047 1 1 0
21 82861 80047 2 2 0
21 82861 23375 0 4 0
21 82861 23375 1 1 0
21 82861 23375 2 2 0
21 82861 15943 0 4 0
21 82861 15943 1 1 0
21 82861 15943 2 2 0
21 82861 49219 0 4 0
21 82861 49219 1 1 0
21 82861 49219 2 2 0
21 82861 25519 0 4 0
21 82861 25519 1 1 0
21 82861 25519 2 2 0
21 82861 74121 0 2 0
21 82861 74121 1 3 0
21 82861 74121 2 4 0
21 82861 26065 0 2 0
21 82861 26065 1 3 0
21 82861 26065 2 4 0
21 82861 70167 0 4 0
21 82861 70167 1 1 0
21 82861 70167 2 2 0
21 82861 36325 0 2 0
21 82861 36325 1 3 0
21 82861 36325 2 4 0
21 82861 43657 0 2 0
21 82861 43657 1 3 0
21 82861 43657 2 4 0
21 82861 6759 0 4 0
21 82861 6759 1 1 0
21 82861 6759 2 2 0
21 82861 78475 0 4 0
21 82861 78475 1 1 0
21 82861 78475 2 2 0
21 82861 74407 0 4 0
21 82861 74407 1 1 0
21 82861 74407 2 2 0
21 82861 35619 0 4 0
21 82861 35619 1 1 0
21 82861 35619 2 2 0
21 82861 67465 0 2 0
21 82861 67465 1 3 0
21 82861 67465 2 4 0
21 82861 51237 0 2 0
21 82861 51237 1 3 0
21 82861 51237 2 4 0
21 82861 28001 0 2 0
21 82861 28001 1 3 0
21 82861 28001 2 4 0
21 82861 14805 0 2 0
21 82861 14805 1 3 0
21 82861 14805 2 4 0
21 82861 53431 0 4 0
21 82861 53431 1 1 0
21 82861 53431 2 2 0
21 82861 77935 0 4 0
21 82861 77935 1 1 0
21 82861 77935 2 2 0
21 82861 55379 0 4 0
21 82861 55379 1 1 0
21 82861 55379 2 2 0
21 82861 26613 0 2 0
21 82861 26613 1 3 0
21 82861 26613 2 4 0
21 82861 24267 0 4 0
21 82861 24267 1 1 0
21 82861 24267 2 2 0
21 82861 2329 0 2 0
21 82861 2329 1 3 0
21 82861 2329 2 4 0
21 82861 76085 0 2 0
21 82861 76085 1 3 0
21 82861 76085 2 4 0
21 82861 7741 0 2 0
21 82861 7741 1 3 0
21 82861 7741 2 4 0
21 82861 25335 0 4 0
21 82861 25335 1 1 0
21 82861 25335 2 2 0
21 82861 12371 0 4 0
21 82861 12371 1 1 0
21 82861 12371 2 2 0
21 82861 42359 0 4 0
21 82861 42359 1 1 0
21 82861 42359 2 2 0
21 82861 6215 0 4 0
21 82861 6215 1 1 0
21 82861 6215 2 2 0
21 82861 2789 0 2 0
21 82861 2789 1 3 0
21 82861 2789 2 4 0
21 82861 77251 0 4 0
21 82861 77251 1 1 0
21 82861 77251 2 2 0
21 82861 32717 0 2 0
21 82861 32717 1 3 0
21 82861 32717 2 4 0
21 82861 71639 0 4 0
21 82861 71639 1 1 0
21 82861 71639 2 2 0
21 82861 39865 0 2 0
21 82861 39865 1 3 0
21 82861 39865 2 4 0
21 82861 77059 0 4 0
21 82861 77059 1 1 0
21 82861 77059 2 2 0
21 82861 21653 0 2 0
21 82861 21653 1 3 0
21 82861 21653 2 4 0
21 82861 1635 0 4 0
21 82861 1635 1 1 0
21 82861 1635 2 2 0
21 82861 52049 0 2 0
21 82861 52049 1 3 0
21 82861 52049 2 4 0
21 82861 80067 0 4 0
21 82861 80067 1 1 0
21 82861 80067 2 2 0
21 82861 4025 0 2 0
21 82861 4025 1 3 0
21 82861 4025 2 4 0
21 82861 38935 0 4 0
21 82861 38935 1 1 0
21 82861 38935 2 2 0
21 82861 7285 0 2 0
21 82861 7285 1 3 0
21 82861 7285 2 4 0
21 82861 46553 0 2 0
21 82861 46553 1 3 0
21 82861 46553 2 4 0
21 82861 39047 0 4 0
21 82861 39047 1 1 0
21 82861 39047 2 2 0
21 82861 591 0 4 0
21 82861 591 1 1 0
21 82861 591 2 2 0
21 82861 20861 0 2 0
21 82861 20861 1 3 0
21 82861 20861 2 4 0
21 82861 79883 0 4 0
21 82861 79883 1 1 0
21 82861 79883 2 2 0
21 82861 42227 0 4 0
21 82861 42227 1 1 0
21 82861 42227 2 2 0
21 82861 37297 0 2 0
21 82861 37297 1 3 0
21 82861 37297 2 4 0
21 82861 575 0 4 0
21 82861 575 1 1 0
21 82861 575 2 2 0
21 82861 28589 0 2 0
21 82861 28589 1 3 0
21 82861 28589 2 4 0
21 82861 7467 0 4 0
21 82861 7467 1 1 0
21 82861 7467 2 2 0
21 82861 29509 0 2 0
21 82861 29509 1 3 0
21 82861 29509 2 4 0
21 82861 75127 0 4 0
21 82861 75127 1 1 0
21 82861 75127 2 2 0
21 82861 11315 0 4 0
21 82861 11315 1 1 0
21 82861 11315 2 2 0
21 82861 53135 0 4 0
21 82861 53135 1 1 0
21 82861 53135 2 2 0
21 82861 3507 0 4 0
21 82861 3507 1 1 0
21 82861 3507 2 2 0
21 82861 45567 0 4 0
21 82861 45567 1 1 0
21 82861 45567 2 2 0
21 82861 28979 0 4 0
21 82861 28979 1 1 0
21 82861 28979 2 2 0
21 82861 2591 0 4 0
21 82861 2591 1 1 0
21 82861 2591 2 2 0
21 82861 49037 0 2 0
21 82861 49037 1 3 0
21 82861 49037 2 4 0
21 82861 74285 0 2 0
21 82861 74285 1 3 0
21 82861 74285 2 4 0
21 82861 45351 0 4 0
21 82861 45351 1 1 0
21 82861 45351 2 2 0
21 82861 25103 0 4 0
21 82861 25103 1 1 0
21 82861 25103 2 2 0
21 82861 22393 0 2 0
21 82861 22393 1 3 0
21 82861 22393 2 4 0
21 82861 26199 0 4 0
21 82861 26199 1 1 0
21 82861 26199 2 2 0
21 82861 62135 0 4 0
21 82861 62135 1 1 0
21 82861 62135 2 2 0
21 82861 45613 0 2 0
21 82861 45613 1 3 0
21 82861 45613 2 4 0
21 82861 13171 0 4 0
21 82861 13171 1 1 0
21 82861 13171 2 2 0
21 82861 37093 0 2 0
21 82861 37093 1 3 0
21 82861 37093 2 4 0
21 82861 67757 0 2 0
21 82861 67757 1 3 0
21 82861 67757 2 4 0
21 82861 20269 0 2 0
21 82861 20269 1 3 0
21 82861 20269 2 4 0
21 82861 72467 0 4 0
21 82861 72467 1 1 0
21 82861 72467 2 2 0
21 82861 16929 0 2 0
21 82861 16929 1 3 0
21 82861 16929 2 4 0
21 82861 17655 0 4 0
21 82861 17655 1 1 0
21 82861 17655 2 2 0
21 82861 29315 0 4 0
21 82861 29315 1 1 0
21 82861 29315 2 2 0
21 82861 7889 0 2 0
21 82861 7889 1 3 0
21 82861 7889 2 4 0
21 82861 46765 0 2 0
21 82861 46765 1 3 0
21 82861 46765 2 4 0
21 82861 31977 0 2 0
21 82861 31977 1 3 0
21 82861 31977 2 4 0
21 82861 21701 0 2 0
21 82861 21701 1 3 0
21 82861 21701 2 4 0
21 82861 76447 0 4 0
21 82861 76447 1 1 0
21 82861 76447 2 2 0
21 82861 42499 0 4 0
21 82861 42499 1 1 0
21 82861 42499 2 2 0
21 82861 62145 0 2 0
21 82861 62145 1 3 0
21 82861 62145 2 4 0
21 82861 31829 0 2 0
21 82861 31829 1 3 0
21 82861 31829 2 4 0
21 82861 78015 0 4 0
21 82861 78015 1 1 0
21 82861 78015 2 2 0
21 82861 18311 0 4 0
21 82861 18311 1 1 0
21 82861 18311 2 2 0
21 82861 55619 0 4 0
21 82861 55619 1 1 0
21 82861 55619 2 2 0
21 82861 35043 0 4 0
21 82861 35043 1 1 0
21 82861 35043 2 2 0
21 82861 52291 0 4 0
21 82861 52291 1 1 0
21 82861 52291 2 2 0
21 82861 59511 0 4 0
21 82861 59511 1 1 0
21 82861 59511 2 2 0
21 82861 20487 0 4 0
21 82861 20487 1 1 0
21 82861 20487 2 2 0
21 82861 35807 0 4 0
21 82861 35807 1 1 0
21 82861 35807 2 2 0
21 82861 76065 0 2 0
21 82861 76065 1 3 0
21 82861 76065 2 4 0
21 82861 4353 0 2 0
21 82861 4353 1 3 0
21 82861 4353 2 4 0
21 82861 5971 0 4 0
21 82861 5971 1 1 0
21 82861 5971 2 2 0
21 82861 20469 0 2 0
21 82861 20469 1 3 0
21 82861 20469 2 4 0
21 82861 191 0 4 0
21 82861 191 1 1 0
21 82861 191 2 2 0
21 82861 13519 0 4 0
21 82861 13519 1 1 0
21 82861 13519 2 2 0
21 82861 47325 0 2 0
21 82861 47325 1 3 0
21 82861 47325 2 4 0
21 82861 65115 0 4 0
21 82861 65115 1 1 0
21 82861 65115 2 2 0
21 82861 73691 0 4 0
21 82861 73691 1 1 0
21 82861 73691 2 2 0
21 82861 7765 0 2 0
21 82861 7765 1 3 0
21 82861 7765 2 4 0
21 82861 1697 0 2 0
21 82861 1697 1 3 0
21 82861 1697 2 4 0
21 82861 37319 0 4 0
21 82861 37319 1 1 0
21 82861 37319 2 2 0
21 82861 16247 0 4 0
21 82861 16247 1 1 0
21 82861 16247 2 2 0
21 82861 70209 0 2 0
21 82861 70209 1 3 0
21 82861 70209 2 4 0
21 82861 30927 0 4 0
21 82861 30927 1 1 0
21 82861 30927 2 2 0
21 82861 50165 0 2 0
21 82861 50165 1 3 0
21 82861 50165 2 4 0
21 82861 38557 0 2 0
21 82861 38557 1 3 0
21 82861 38557 2 4 0
21 82861 74115 0 4 0
21 82861 74115 1 1 0
21 82861 74115 2 2 0
21 82861 52389 0 2 0
21 82861 52389 1 3 0
21 82861 52389 2 4 0
21 82861 28851 0 4 0
21 82861 28851 1 1 0
21 82861 28851 2 2 0
21 82861 61773 0 2 0
21 82861 61773 1 3 0
21 82861 61773 2 4 0
21 82861 60161 0 2 0
21 82861 60161 1 3 0
21 82861 60161 2 4 0
21 82861 46719 0 4 0
21 82861 46719 1 1 0
21 82861 46719 2 2 0
21 82861 69831 0 4 0
21 82861 69831 1 1 0
21 82861 69831 2 2 0
21 82861 28663 0 4 0
21 82861 28663 1 1 0
21 82861 28663 2 2 0
21 82861 761 0 2 0
21 82861 761 1 3 0
21 82861 761 2 4 0
21 82861 55193 0 2 0
21 82861 55193 1 3 0
21 82861 55193 2 4 0
21 82861 29009 0 2 0
21 82861 29009 1 3 0
21 82861 29009 2 4 0
21 82861 43439 0 4 0
21 82861 43439 1 1 0
21 82861 43439 2 2 0
21 82861 16831 0 4 0
21 82861 16831 1 1 0
21 82861 16831 2 2 0
21 82861 10923 0 4 0
21 82861 10923 1 1 0
21 82861 10923 2 2 0
21 82861 11631 0 4 0
21 82861 11631 1 1 0
21 82861 11631 2 2 0
21 82861 62759 0 4 0
21 82861 62759 1 1 0
21 82861 62759 2 2 0
21 82861 65937 0 2 0
21 82861 65937 1 3 0
21 82861 65937 2 4 0
21 82861 66703 0 4 0
21 82861 66703 1 1 0
21 82861 66703 2 2 0
21 82861 4195 0 4 0
21 82861 4195 1 1 0
21 82861 4195 2 2 0
21 82861 63109 0 2 0
21 82861 63109 1 3 0
21 82861 63109 2 4 0
21 82861 21607 0 4 0
21 82861 21607 1 1 0
21 82861 21607 2 2 0
21 82861 55579 0 4 0
21 82861 55579 1 1 0
21 82861 55579 2 2 0
21 82861 57749 0 2 0
21 82861 57749 1 3 0
21 82861 57749 2 4 0
21 82861 47275 0 4 0
21 82861 47275 1 1 0
21 82861 47275 2 2 0
21 82861 34509 0 2 0
21 82861 34509 1 3 0
21 82861 34509 2 4 0
21 82861 8761 0 2 0
21 82861 8761 1 3 0
21 82861 8761 2 4 0
21 82861 1271 0 4 0
21 82861 1271 1 1 0
21 82861 1271 2 2 0
21 82861 80299 0 4 0
21 82861 80299 1 1 0
21 82861 80299 2 2 0
21 82861 16389 0 2 0
21 82861 16389 1 3 0
21 82861 16389 2 4 0
21 82861 15859 0 4 0
21 82861 15859 1 1 0
21 82861 15859 2 2 0
21 82861 15435 0 4 0
21 82861 15435 1 1 0
21 82861 15435 2 2 0
21 82861 59103 0 4 0
21 82861 59103 1 1 0
21 82861 59103 2 2 0
21 82861 57755 0 4 0
21 82861 57755 1 1 0
21 82861 57755 2 2 0
21 82861 65659 0 4 0
21 82861 65659 1 1 0
21 82861 65659 2 2 0
21 82861 28599 0 4 0
21 82861 28599 1 1 0
21 82861 28599 2 2 0
21 82861 40373 0 2 0
21 82861 40373 1 3 0
21 82861 40373 2 4 0
21 82861 39819 0 4 0
21 82861 39819 1 1 0
21 82861 39819 2 2 0
21 82861 67447 0 4 0
21 82861 67447 1 1 0
21 82861 67447 2 2 0
21 82861 54821 0 2 0
21 82861 54821 1 3 0
21 82861 54821 2 4 0
21 82861 25183 0 4 0
21 82861 25183 1 1 0
21 82861 25183 2 2 0
21 82861 5761 0 2 0
21 82861 5761 1 3 0
21 82861 5761 2 4 0
21 82861 9127 0 4 0
21 82861 9127 1 1 0
21 82861 9127 2 2 0
21 82861 68513 0 2 0
21 82861 68513 1 3 0
21 82861 68513 2 4 0
21 82861 3065 0 2 0
21 82861 3065 1 3 0
21 82861 3065 2 4 0
21 82861 42917 0 2 0
21 82861 42917 1 3 0
21 82861 42917 2 4 0
21 82861 36919 0 4 0
21 82861 36919 1 1 0
21 82861 36919 2 2 0
21 82861 23253 0 2 0
21 82861 23253 1 3 0
21 82861 23253 2 4 0
21 82861 1119 0 4 0
21 82861 1119 1 1 0
21 82861 1119 2 2 0
21 82861 12701 0 2 0
21 82861 12701 1 3 0
21 82861 12701 2 4 0
21 82861 9825 0 2 0
21 82861 9825 1 3 0
21 82861 9825 2 4 0
21 82861 75129 0 2 0
21 82861 75129 1 3 0
21 82861 75129 2 4 0
21 82861 31255 0 4 0
21 82861 31255 1 1 0
21 82861 31255 2 2 0
21 82861 1231 0 4 0
21 82861 1231 1 1 0
21 82861 1231 2 2 0
21 82861 27717 0 2 0
21 82861 27717 1 3 0
21 82861 27717 2 4 0
21 82861 40067 0 4 0
21 82861 40067 1 1 0
21 82861 40067 2 2 0
21 82861 7283 0 4 0
21 82861 7283 1 1 0
21 82861 7283 2 2 0
21 82861 20431 0 4 0
21 82861 20431 1 1 0
21 82861 20431 2 2 0
21 82861 68275 0 4 0
21 82861 68275 1 1 0
21 82861 68275 2 2 0
21 82861 62961 0 2 0
21 82861 62961 1 3 0
21 82861 62961 2 4 0
21 82861 76889 0 2 0
21 82861 76889 1 3 0
21 82861 76889 2 4 0
21 82861 2601 0 2 0
21 82861 2601 1 3 0
21 82861 2601 2 4 0
21 82861 48747 0 4 0
21 82861 48747 1 1 0
21 82861 48747 2 2 0
21 82861 25825 0 2 0
21 82861 25825 1 3 0
21 82861 25825 2 4 0
21 82861 47559 0 4 0
21 82861 47559 1 1 0
21 82861 47559 2 2 0
21 82861 80021 0 2 0
21 82861 80021 1 3 0
21 82861 80021 2 4 0
21 82861 60891 0 4 0
21 82861 60891 1 1 0
21 82861 60891 2 2 0
21 82861 75483 0 4 0
21 82861 75483 1 1 0
21 82861 75483 2 2 0
21 82861 65453 0 2 0
21 82861 65453 1 3 0
21 82861 65453 2 4 0
21 82861 25309 0 2 0
21 82861 25309 1 3 0
21 82861 25309 2 4 0
21 82861 34239 0 4 0
21 82861 34239 1 1 0
21 82861 34239 2 2 0
21 82861 25829 0 2 0
21 82861 25829 1 3 0
21 82861 25829 2 4 0
21 82861 55839 0 4 0
21 82861 55839 1 1 0
21 82861 55839 2 2 0
21 82861 73077 0 2 0
21 82861 73077 1 3 0
21 82861 73077 2 4 0
21 82861 10401 0 2 0
21 82861 10401 1 3 0
21 82861 10401 2 4 0
21 82861 27921 0 2 0
21 82861 27921 1 3 0
21 82861 27921 2 4 0
21 82861 59687 0 4 0
21 82861 59687 1 1 0
21 82861 59687 2 2 0
21 82861 13003 0 4 0
21 82861 13003 1 1 0
21 82861 13003 2 2 0
21 82861 33757 0 2 0
21 82861 33757 1 3 0
21 82861 33757 2 4 0
21 82861 39245 0 2 0
21 82861 39245 1 3 0
21 82861 39245 2 4 0
21 82861 73029 0 2 0
21 82861 73029 1 3 0
21 82861 73029 2 4 0
21 82861 17893 0 2 0
21 82861 17893 1 3 0
21 82861 17893 2 4 0
21 82861 1483 0 4 0
21 82861 1483 1 1 0
21 82861 1483 2 2 0
21 82861 43041 0 2 0
21 82861 43041 1 3 0
21 82861 43041 2 4 0
21 82861 64687 0 4 0
21 82861 64687 1 1 0
21 82861 64687 2 2 0
21 82861 19413 0 2 0
21 82861 19413 1 3 0
21 82861 19413 2 4 0
21 82861 18149 0 2 0
21 82861 18149 1 3 0
21 82861 18149 2 4 0
21 82861 43845 0 2 0
21 82861 43845 1 3 0
21 82861 43845 2 4 0
21 82861 41797 0 2 0
21 82861 41797 1 3 0
21 82861 41797 2 4 0
21 82861 44695 0 4 0
21 82861 44695 1 1 0
21 82861 44695 2 2 0
21 82861 41353 0 2 0
21 82861 41353 1 3 0
21 82861 41353 2 4 0
21 82861 29067 0 4 0
21 82861 29067 1 1 0
21 82861 29067 2 2 0
21 82861 67089 0 2 0
21 82861 67089 1 3 0
21 82861 67089 2 4 0
21 82861 18419 0 4 0
21 82861 18419 1 1 0
21 82861 18419 2 2 0
21 82861 16293 0 2 0
21 82861 16293 1 3 0
21 82861 16293 2 4 0
21 82861 71111 0 4 0
21 82861 71111 1 1 0
21 82861 71111 2 2 0
21 82861 34883 0 4 0
21 82861 34883 1 1 0
21 82861 34883 2 2 0
21 82861 14157 0 2 0
21 82861 14157 1 3 0
21 82861 14157 2 4 0
21 82861 67853 0 2 0
21 82861 67853 1 3 0
21 82861 67853 2 4 0
21 82861 44487 0 4 0
21 82861 44487 1 1 0
21 82861 44487 2 2 0
21 82861 66371 0 4 0
21 82861 66371 1 1 0
21 82861 66371 2 2 0
21 82861 16813 0 2 0
21 82861 16813 1 3 0
21 82861 16813 2 4 0
21 82861 80711 0 4 0
21 82861 80711 1 1 0
21 82861 80711 2 2 0
21 82861 65593 0 2 0
21 82861 65593 1 3 0
21 82861 65593 2 4 0
21 82861 36703 0 4 0
21 82861 36703 1 1 0
21 82861 36703 2 2 0
21 82861 47745 0 2 0
21 82861 47745 1 3 0
21 82861 47745 2 4 0
21 82861 38351 0 4 0
21 82861 38351 1 1 0
21 82861 38351 2 2 0
21 82861 46187 0 4 0
21 82861 46187 1 1 0
21 82861 46187 2 2 0
21 82861 39771 0 4 0
21 82861 39771 1 1 0
21 82861 39771 2 2 0
21 82861 73953 0 2 0
21 82861 73953 1 3 0
21 82861 73953 2 4 0
21 82861 23825 0 2 0
21 82861 23825 1 3 0
21 82861 23825 2 4 0
21 82861 2963 0 4 0
21 82861 2963 1 1 0
21 82861 2963 2 2 0
21 82861 37745 0 2 0
21 82861 37745 1 3 0
21 82861 37745 2 4 0
21 82861 1729 0 2 0
21 82861 1729 1 3 0
21 82861 1729 2 4 0
21 82861 56549 0 2 0
21 82861 56549 1 3 0
21 82861 56549 2 4 0
21 82861 22517 0 2 0
21 82861 22517 1 3 0
21 82861 22517 2 4 0
21 82861 38143 0 4 0
21 82861 38143 1 1 0
21 82861 38143 2 2 0
21 82861 25147 0 4 0
21 82861 25147 1 1 0
21 82861 25147 2 2 0
21 82861 52521 0 2 0
21 82861 52521 1 3 0
21 82861 52521 2 4 0
21 82861 9409 0 2 0
21 82861 9409 1 3 0
21 82861 9409 2 4 0
21 82861 59515 0 4 0
21 82861 59515 1 1 0
21 82861 59515 2 2 0
21 82861 60887 0 4 0
21 82861 60887 1 1 0
21 82861 60887 2 2 0
21 82861 53021 0 2 0
21 82861 53021 1 3 0
21 82861 53021 2 4 0
21 82861 29411 0 4 0
21 82861 29411 1 1 0
21 82861 29411 2 2 0
21 82861 7175 0 4 0
21 82861 7175 1 1 0
21 82861 7175 2 2 0
21 82861 61365 0 2 0
21 82861 61365 1 3 0
21 82861 61365 2 4 0
21 82861 47627 0 4 0
21 82861 47627 1 1 0
21 82861 47627 2 2 0
21 82861 41545 0 2 0
21 82861 41545 1 3 0
21 82861 41545 2 4 0
21 82861 80077 0 2 0
21 82861 80077 1 3 0
21 82861 80077 2 4 0
21 82861 12299 0 4 0
21 82861 12299 1 1 0
21 82861 12299 2 2 0
21 82861 21667 0 4 0
21 82861 21667 1 1 0
21 82861 21667 2 2 0
21 82861 43993 0 2 0
21 82861 43993 1 3 0
21 82861 43993 2 4 0
21 82861 7291 0 4 0
21 82861 7291 1 1 0
21 82861 7291 2 2 0
21 82861 52791 0 4 0
21 82861 52791 1 1 0
21 82861 52791 2 2 0
21 82861 57861 0 2 0
21 82861 57861 1 3 0
21 82861 57861 2 4 0
21 82861 14581 0 2 0
21 82861 14581 1 3 0
21 82861 14581 2 4 0
21 82861 37639 0 4 0
21 82861 37639 1 1 0
21 82861 37639 2 2 0
21 82861 74419 0 4 0
21 82861 74419 1 1 0
21 82861 74419 2 2 0
21 82861 11277 0 2 0
21 82861 11277 1 3 0
21 82861 11277 2 4 0
21 82861 78389 0 2 0
21 82861 78389 1 3 0
21 82861 78389 2 4 0
21 82861 35695 0 4 0
21 82861 35695 1 1 0
21 82861 35695 2 2 0
21 82861 47907 0 4 0
21 82861 47907 1 1 0
21 82861 47907 2 2 0
21 82861 40253 0 2 0
21 82861 40253 1 3 0
21 82861 40253 2 4 0
21 82861 27371 0 4 0
21 82861 27371 1 1 0
21 82861 27371 2 2 0
21 82861 80565 0 2 0
21 82861 80565 1 3 0
21 82861 80565 2 4 0
21 82861 33395 0 4 0
21 82861 33395 1 1 0
21 82861 33395 2 2 0
21 82861 45943 0 4 0
21 82861 45943 1 1 0
21 82861 45943 2 2 0
21 82861 74345 0 2 0
21 82861 74345 1 3 0
21 82861 74345 2 4 0
21 82861 72657 0 2 0
21 82861 72657 1 3 0
21 82861 72657 2 4 0
21 82861 5109 0 2 0
21 82861 5109 1 3 0
21 82861 5109 2 4 0
21 82861 13245 0 2 0
21 82861 13245 1 3 0
21 82861 13245 2 4 0
21 82861 26189 0 2 0
21 82861 26189 1 3 0
21 82861 26189 2 4 0
21 82861 65649 0 2 0
21 82861 65649 1 3 0
21 82861 65649 2 4 0
21 82861 55201 0 2 0
21 82861 55201 1 3 0
21 82861 55201 2 4 0
21 82861 48579 0 4 0
21 82861 48579 1 1 0
21 82861 48579 2 2 0
21 82861 4621 0 2 0
21 82861 4621 1 3 0
21 82861 4621 2 4 0
21 82861 71737 0 2 0
21 82861 71737 1 3 0
21 82861 71737 2 4 0
21 82861 4309 0 2 0
21 82861 4309 1 3 0
21 82861 4309 2 4 0
21 82861 51157 0 2 0
21 82861 51157 1 3 0
21 82861 51157 2 4 0
21 82861 19151 0 4 0
21 82861 19151 1 1 0
21 82861 19151 2 2 0
21 82861 41973 0 2 0
21 82861 41973 1 3 0
21 82861 41973 2 4 0
21 82861 78219 0 4 0
21 82861 78219 1 1 0
21 82861 78219 2 2 0
21 82861 40155 0 4 0
21 82861 40155 1 1 0
21 82861 40155 2 2 0
21 82861 40553 0 2 0
21 82861 40553 1 3 0
21 82861 40553 2 4 0
21 82861 77257 0 2 0
21 82861 77257 1 3 0
21 82861 77257 2 4 0
21 82861 16393 0 2 0
21 82861 16393 1 3 0
21 82861 16393 2 4 0
21 82861 49471 0 4 0
21 82861 49471 1 1 0
21 82861 49471 2 2 0
21 82861 36621 0 2 0
21 82861 36621 1 3 0
21 82861 36621 2 4 0
21 82861 54713 0 2 0
21 82861 54713 1 3 0
21 82861 54713 2 4 0
21 82861 42097 0 2 0
21 82861 42097 1 3 0
21 82861 42097 2 4 0
21 82861 62055 0 4 0
21 82861 62055 1 1 0
21 82861 62055 2 2 0
21 82861 73855 0 4 0
21 82861 73855 1 1 0
21 82861 73855 2 2 0
21 82861 53977 0 2 0
21 82861 53977 1 3 0
21 82861 53977 2 4 0
21 82861 77317 0 2 0
21 82861 77317 1 3 0
21 82861 77317 2 4 0
21 82861 46079 0 4 0
21 82861 46079 1 1 0
21 82861 46079 2 2 0
21 82861 9663 0 4 0
21 82861 9663 1 1 0
21 82861 9663 2 2 0
21 82861 68945 0 2 0
21 82861 68945 1 3 0
21 82861 68945 2 4 0
21 82861 34347 0 4 0
21 82861 34347 1 1 0
21 82861 34347 2 2 0
21 82861 50347 0 4 0
21 82861 50347 1 1 0
21 82861 50347 2 2 0
21 82861 81517 0 2 0
21 82861 81517 1 3 0
21 82861 81517 2 4 0
21 82861 51137 0 2 0
21 82861 51137 1 3 0
21 82861 51137 2 4 0
21 82861 30221 0 2 0
21 82861 30221 1 3 0
21 82861 30221 2 4 0
21 82861 51029 0 2 0
21 82861 51029 1 3 0
21 82861 51029 2 4 0
21 82861 32009 0 2 0
21 82861 32009 1 3 0
21 82861 32009 2 4 0
21 82861 53739 0 4 0
21 82861 53739 1 1 0
21 82861 53739 2 2 0
21 82861 65229 0 2 0
21 82861 65229 1 3 0
21 82861 65229 2 4 0
21 82861 51851 0 4 0
21 82861 51851 1 1 0
21 82861 51851 2 2 0
21 82861 40555 0 4 0
21 82861 40555 1 1 0
21 82861 40555 2 2 0
21 82861 27739 0 4 0
21 82861 27739 1 1 0
21 82861 27739 2 2 0
21 82861 827 0 4 0
21 82861 827 1 1 0
21 82861 827 2 2 0
21 82861 26363 0 4 0
21 82861 26363 1 1 0
21 82861 26363 2 2 0
21 82861 70285 0 2 0
21 82861 70285 1 3 0
21 82861 70285 2 4 0
21 82861 22341 0 2 0
21 82861 22341 1 3 0
21 82861 22341 2 4 0
21 82861 7849 0 2 0
21 82861 7849 1 3 0
21 82861 7849 2 4 0
21 82861 3819 0 4 0
21 82861 3819 1 1 0
21 82861 3819 2 2 0
21 82861 23519 0 4 0
21 82861 23519 1 1 0
21 82861 23519 2 2 0
21 82861 39553 0 2 0
21 82861 39553 1 3 0
21 82861 39553 2 4 0
21 82861 59031 0 4 0
21 82861 59031 1 1 0
21 82861 59031 2 2 0
21 82861 21729 0 2 0
21 82861 21729 1 3 0
21 82861 21729 2 4 0
21 82861 26561 0 2 0
21 82861 26561 1 3 0
21 82861 26561 2 4 0
21 82861 28833 0 2 0
21 82861 28833 1 3 0
21 82861 28833 2 4 0
21 82861 71399 0 4 0
21 82861 71399 1 1 0
21 82861 71399 2 2 0
21 82861 4923 0 4 0
21 82861 4923 1 1 0
21 82861 4923 2 2 0
21 82861 47707 0 4 0
21 82861 47707 1 1 0
21 82861 47707 2 2 0
21 82861 81265 0 2 0
21 82861 81265 1 3 0
21 82861 81265 2 4 0
21 82861 78293 0 2 0
21 82861 78293 1 3 0
21 82861 78293 2 4 0
21 82861 39147 0 4 0
21 82861 39147 1 1 0
21 82861 39147 2 2 0
21 82861 35571 0 4 0
21 82861 35571 1 1 0
21 82861 35571 2 2 0
21 82861 41553 0 2 0
21 82861 41553 1 3 0
21 82861 41553 2 4 0
21 82861 81165 0 2 0
21 82861 81165 1 3 0
21 82861 81165 2 4 0
21 82861 70911 0 4 0
21 82861 70911 1 1 0
21 82861 70911 2 2 0
21 82861 62509 0 2 0
21 82861 62509 1 3 0
21 82861 62509 2 4 0
21 82861 48963 0 4 0
21 82861 48963 1 1 0
21 82861 48963 2 2 0
21 82861 657 0 2 0
21 82861 657 1 3 0
21 82861 657 2 4 0
21 82861 4589 0 2 0
21 82861 4589 1 3 0
21 82861 4589 2 4 0
21 82861 43163 0 4 0
21 82861 43163 1 1 0
21 82861 43163 2 2 0
21 82861 49153 0 2 0
21 82861 49153 1 3 0
21 82861 49153 2 4 0
21 82861 10931 0 4 0
21 82861 10931 1 1 0
21 82861 10931 2 2 0
21 82861 26367 0 4 0
21 82861 26367 1 1 0
21 82861 26367 2 2 0
21 82861 9315 0 4 0
21 82861 9315 1 1 0
21 82861 9315 2 2 0
21 82861 63151 0 4 0
21 82861 63151 1 1 0
21 82861 63151 2 2 0
21 82861 68557 0 2 0
21 82861 68557 1 3 0
21 82861 68557 2 4 0
21 82861 72795 0 4 0
21 82861 72795 1 1 0
21 82861 72795 2 2 0
21 82861 65411 0 4 0
21 82861 65411 1 1 0
21 82861 65411 2 2 0
21 82861 60675 0 4 0
21 82861 60675 1 1 0
21 82861 60675 2 2 0
21 82861 77291 0 4 0
21 82861 77291 1 1 0
21 82861 77291 2 2 0
21 82861 58299 0 4 0
21 82861 58299 1 1 0
21 82861 58299 2 2 0
21 82861 68895 0 4 0
21 82861 68895 1 1 0
21 82861 68895 2 2 0
21 82861 16153 0 2 0
21 82861 16153 1 3 0
21 82861 16153 2 4 0
21 82861 50261 0 2 0
21 82861 50261 1 3 0
21 82861 50261 2 4 0
21 82861 30217 0 2 0
21 82861 30217 1 3 0
21 82861 30217 2 4 0
21 82861 35217 0 2 0
21 82861 35217 1 3 0
21 82861 35217 2 4 0
21 82861 29557 0 2 0
21 82861 29557 1 3 0
21 82861 29557 2 4 0
21 82861 14443 0 4 0
21 82861 14443 1 1 0
21 82861 14443 2 2 0
21 82861 53207 0 4 0
21 82861 53207 1 1 0
21 82861 53207 2 2 0
21 82861 47589 0 2 0
21 82861 47589 1 3 0
21 82861 47589 2 4 0
21 82861 77057 0 2 0
21 82861 77057 1 3 0
21 82861 77057 2 4 0
21 82861 21417 0 2 0
21 82861 21417 1 3 0
21 82861 21417 2 4 0
21 82861 35859 0 4 0
21 82861 35859 1 1 0
21 82861 35859 2 2 0
21 82861 70925 0 2 0
21 82861 70925 1 3 0
21 82861 70925 2 4 0
21 82861 22601 0 2 0
21 82861 22601 1 3 0
21 82861 22601 2 4 0
21 82861 55309 0 2 0
21 82861 55309 1 3 0
21 82861 55309 2 4 0
21 82861 53885 0 2 0
21 82861 53885 1 3 0
21 82861 53885 2 4 0
21 82861 64089 0 2 0
21 82861 64089 1 3 0
21 82861 64089 2 4 0
21 82861 60981 0 2 0
21 82861 60981 1 3 0
21 82861 60981 2 4 0
21 82861 20393 0 2 0
21 82861 20393 1 3 0
21 82861 20393 2 4 0
21 82861 27943 0 4 0
21 82861 27943 1 1 0
21 82861 27943 2 2 0
21 82861 36873 0 2 0
21 82861 36873 1 3 0
21 82861 36873 2 4 0
21 82861 13717 0 2 0
21 82861 13717 1 3 0
21 82861 13717 2 4 0
21 82861 11039 0 4 0
21 82861 11039 1 1 0
21 82861 11039 2 2 0
21 82861 47585 0 2 0
21 82861 47585 1 3 0
21 82861 47585 2 4 0
21 82861 6307 0 4 0
21 82861 6307 1 1 0
21 82861 6307 2 2 0
21 82861 68105 0 2 0
21 82861 68105 1 3 0
21 82861 68105 2 4 0
21 82861 74537 0 2 0
21 82861 74537 1 3 0
21 82861 74537 2 4 0
21 82861 48855 0 4 0
21 82861 48855 1 1 0
21 82861 48855 2 2 0
21 82861 8653 0 2 0
21 82861 8653 1 3 0
21 82861 8653 2 4 0
22 82861 81291 0 4 0
22 82861 81291 1 1 0
22 82861 81291 2 2 0
22 82861 70357 0 2 0
22 82861 70357 1 3 0
22 82861 70357 2 4 0
22 82861 10055 0 4 0
22 82861 10055 1 1 0
22 82861 10055 2 2 0
22 82861 50259 0 4 0
22 82861 50259 1 1 0
22 82861 50259 2 2 0
22 82861 51201 0 2 0
22 82861 51201 1 3 0
22 82861 51201 2 4 0
22 82861 23625 0 2 0
22 82861 23625 1 3 0
22 82861 23625 2 4 0
22 82861 25999 0 4 0
22 82861 25999 1 1 0
22 82861 25999 2 2 0
22 82861 8587 0 4 0
22 82861 8587 1 1 0
22 82861 8587 2 2 0
22 82861 81585 0 2 0
22 82861 81585 1 3 0
22 82861 81585 2 4 0
22 82861 52539 0 4 0
22 82861 52539 1 1 0
22 82861 52539 2 2 0
22 82861 80671 0 4 0
22 82861 80671 1 1 0
22 82861 80671 2 2 0
22 82861 66025 0 2 0
22 82861 66025 1 3 0
22 82861 66025 2 4 0
22 82861 22027 0 4 0
22 82861 22027 1 1 0
22 82861 22027 2 2 0
22 82861 53747 0 4 0
22 82861 53747 1 1 0
22 82861 53747 2 2 0
22 82861 33109 0 2 0
22 82861 33109 1 3 0
22 82861 33109 2 4 0
22 82861 64441 0 2 0
22 82861 64441 1 3 0
22 82861 64441 2 4 0
22 82861 22673 0 2 0
22 82861 22673 1 3 0
22 82861 22673 2 4 0
22 82861 42053 0 2 0
22 82861 42053 1 3 0
22 82861 42053 2 4 0
22 82861 69911 0 4 0
22 82861 69911 1 1 0
22 82861 69911 2 2 0
22 82861 51301 0 2 0
22 82861 51301 1 3 0
22 82861 51301 2 4 0
22 82861 52817 0 2 0
22 82861 52817 1 3 0
22 82861 52817 2 4 0
22 82861 26461 0 2 0
22 82861 26461 1 3 0
22 82861 26461 2 4 0
22 82861 10515 0 4 0
22 82861 10515 1 1 0
22 82861 10515 2 2 0
22 82861 2605 0 2 0
22 82861 2605 1 3 0
22 82861 2605 2 4 0
22 82861 66083 0 4 0
22 82861 66083 1 1 0
22 82861 66083 2 2 0
22 82861 28733 0 2 0
22 82861 28733 1 3 0
22 82861 28733 2 4 0
22 82861 45403 0 4 0
22 82861 45403 1 1 0
22 82861 45403 2 2 0
22 82861 16475 0 4 0
22 82861 16475 1 1 0
22 82861 16475 2 2 0
22 82861 20359 0 4 0
22 82861 20359 1 1 0
22 82861 20359 2 2 0
22 82861 11061 0 2 0
22 82861 11061 1 3 0
22 82861 11061 2 4 0
22 82861 39517 0 2 0
22 82861 39517 1 3 0
22 82861 39517 2 4 0
22 82861 8385 0 2 0
22 82861 8385 1 3 0
22 82861 8385 2 4 0
22 82861 19071 0 4 0
22 82861 19071 1 1 0
22 82861 19071 2 2 0
22 82861 40089 0 2 0
22 82861 40089 1 3 0
22 82861 40089 2 4 0
22 82861 68379 0 4 0
22 82861 68379 1 1 0
22 82861 68379 2 2 0
22 82861 10717 0 2 0
22 82861 10717 1 3 0
22 82861 10717 2 4 0
22 82861 46787 0 4 0
22 82861 46787 1 1 0
22 82861 46787 2 2 0
22 82861 81073 0 2 0
22 82861 81073 1 3 0
22 82861 81073 2 4 0
22 82861 73525 0 2 0
22 82861 73525 1 3 0
22 82861 73525 2 4 0
22 82861 11687 0 4 0
22 82861 11687 1 1 0
22 82861 11687 2 2 0
22 82861 74645 0 2 0
22 82861 74645 1 3 0
22 82861 74645 2 4 0
22 82861 11413 0 2 0
22 82861 11413 1 3 0
22 82861 11413 2 4 0
22 82861 30031 0 4 0
22 82861 30031 1 1 0
22 82861 30031 2 2 0
22 82861 27467 0 4 0
22 82861 27467 1 1 0
22 82861 27467 2 2 0
22 82861 33559 0 4 0
22 82861 33559 1 1 0
22 82861 33559 2 2 0
22 82861 81713 0 2 0
22 82861 81713 1 3 0
22 82861 81713 2 4 0
22 82861 59215 0 4 0
22 82861 59215 1 1 0
22 82861 59215 2 2 0
22 82861 18713 0 2 0
22 82861 18713 1 3 0
22 82861 18713 2 4 0
22 82861 80547 0 4 0
22 82861 80547 1 1 0
22 82861 80547 2 2 0
22 82861 22035 0 4 0
22 82861 22035 1 1 0
22 82861 22035 2 2 0
22 82861 37421 0 2 0
22 82861 37421 1 3 0
22 82861 37421 2 4 0
22 82861 36065 0 2 0
22 82861 36065 1 3 0
22 82861 36065 2 4 0
22 82861 26413 0 2 0
22 82861 26413 1 3 0
22 82861 26413 2 4 0
22 82861 34005 0 2 0
22 82861 34005 1 3 0
22 82861 34005 2 4 0
22 82861 54171 0 4 0
22 82861 54171 1 1 0
22 82861 54171 2 2 0
22 82861 56021 0 2 0
22 82861 56021 1 3 0
22 82861 56021 2 4 0
22 82861 64721 0 2 0
22 82861 64721 1 3 0
22 82861 64721 2 4 0
22 82861 883 0 4 0
22 82861 883 1 1 0
22 82861 883 2 2 0
22 82861 59873 0 2 0
22 82861 59873 1 3 0
22 82861 59873 2 4 0
22 82861 58829 0 2 0
22 82861 58829 1 3 0
22 82861 58829 2 4 0
22 82861 24639 0 4 0
22 82861 24639 1 1 0
22 82861 24639 2 2 0
22 82861 10525 0 2 0
22 82861 10525 1 3 0
22 82861 10525 2 4 0
22 82861 69637 0 2 0
22 82861 69637 1 3 0
22 82861 69637 2 4 0
22 82861 5033 0 2 0
22 82861 5033 1 3 0
22 82861 5033 2 4 0
22 82861 40765 0 2 0
22 82861 40765 1 3 0
22 82861 40765 2 4 0
22 82861 3283 0 4 0
22 82861 3283 1 1 0
22 82861 3283 2 2 0
22 82861 64797 0 2 0
22 82861 64797 1 3 0
22 82861 64797 2 4 0
22 82861 40793 0 2 0
22 82861 40793 1 3 0
22 82861 40793 2 4 0
22 82861 19807 0 4 0
22 82861 19807 1 1 0
22 82861 19807 2 2 0
22 82861 49413 0 2 0
22 82861 49413 1 3 0
22 82861 49413 2 4 0
22 82861 20863 0 4 0
22 82861 20863 1 1 0
22 82861 20863 2 2 0
22 82861 34999 0 4 0
22 82861 34999 1 1 0
22 82861 34999 2 2 0
22 82861 9877 0 2 0
22 82861 9877 1 3 0
22 82861 9877 2 4 0
22 82861 61581 0 2 0
22 82861 61581 1 3 0
22 82861 61581 2 4 0
22 82861 50175 0 4 0
22 82861 50175 1 1 0
22 82861 50175 2 2 0
22 82861 78399 0 4 0
22 82861 78399 1 1 0
22 82861 78399 2 2 0
22 82861 20225 0 2 0
22 82861 20225 1 3 0
22 82861 20225 2 4 0
22 82861 41105 0 2 0
22 82861 41105 1 3 0
22 82861 41105 2 4 0
22 82861 22169 0 2 0
22 82861 22169 1 3 0
22 82861 22169 2 4 0
22 82861 20181 0 2 0
22 82861 20181 1 3 0
22 82861 20181 2 4 0
22 82861 20231 0 4 0
22 82861 20231 1 1 0
22 82861 20231 2 2 0
22 82861 69055 0 4 0
22 82861 69055 1 1 0
22 82861 69055 2 2 0
22 82861 13719 0 4 0
22 82861 13719 1 1 0
22 82861 13719 2 2 0
22 82861 79279 0 4 0
22 82861 79279 1 1 0
22 82861 79279 2 2 0
22 82861 9873 0 2 0
22 82861 9873 1 3 0
22 82861 9873 2 4 0
22 82861 37461 0 2 0
22 82861 37461 1 3 0
22 82861 37461 2 4 0
22 82861 31263 0 4 0
22 82861 31263 1 1 0
22 82861 31263 2 2 0
22 82861 61489 0 2 0
22 82861 61489 1 3 0
22 82861 61489 2 4 0
22 82861 65625 0 2 0
22 82861 65625 1 3 0
22 82861 65625 2 4 0
22 82861 27661 0 2 0
22 82861 27661 1 3 0
22 82861 27661 2 4 0
22 82861 50685 0 2 0
22 82861 50685 1 3 0
22 82861 50685 2 4 0
22 82861 62283 0 4 0
22 82861 62283 1 1 0
22 82861 62283 2 2 0
22 82861 19055 0 4 0
22 82861 19055 1 1 0
22 82861 19055 2 2 0
22 82861 38269 0 2 0
22 82861 38269 1 3 0
22 82861 38269 2 4 0
22 82861 70095 0 4 0
22 82861 70095 1 1 0
22 82861 70095 2 2 0
22 82861 67981 0 2 0
22 82861 67981 1 3 0
22 82861 67981 2 4 0
22 82861 973 0 2 0
22 82861 973 1 3 0
22 82861 973 2 4 0
22 82861 61359 0 4 0
22 82861 61359 1 1 0
22 82861 61359 2 2 0
22 82861 11843 0 4 0
22 82861 11843 1 1 0
22 82861 11843 2 2 0
22 82861 31307 0 4 0
22 82861 31307 1 1 0
22 82861 31307 2 2 0
22 82861 19659 0 4 0
22 82861 19659 1 1 0
22 82861 19659 2 2 0
22 82861 67615 0 4 0
22 82861 67615 1 1 0
22 82861 67615 2 2 0
22 82861 62125 0 2 0
22 82861 62125 1 3 0
22 82861 62125 2 4 0
22 82861 36131 0 4 0
22 82861 36131 1 1 0
22 82861 36131 2 2 0
22 82861 5403 0 4 0
22 82861 5403 1 1 0
22 82861 5403 2 2 0
22 82861 51385 0 2 0
22 82861 51385 1 3 0
22 82861 51385 2 4 0
22 82861 73081 0 2 0
22 82861 73081 1 3 0
22 82861 73081 2 4 0
22 82861 2777 0 2 0
22 82861 2777 1 3 0
22 82861 2777 2 4 0
22 82861 3335 0 4 0
22 82861 3335 1 1 0
22 82861 3335 2 2 0
22 82861 78553 0 2 0
22 82861 78553 1 3 0
22 82861 78553 2 4 0
22 82861 33995 0 4 0
22 82861 33995 1 1 0
22 82861 33995 2 2 0
22 82861 80239 0 4 0
22 82861 80239 1 1 0
22 82861 80239 2 2 0
22 82861 71349 0 2 0
22 82861 71349 1 3 0
22 82861 71349 2 4 0
22 82861 69243 0 4 0
22 82861 69243 1 1 0
22 82861 69243 2 2 0
22 82861 7801 0 2 0
22 82861 7801 1 3 0
22 82861 7801 2 4 0
22 82861 80007 0 4 0
22 82861 80007 1 1 0
22 82861 80007 2 2 0
22 82861 17531 0 4 0
22 82861 17531 1 1 0
22 82861 17531 2 2 0
22 82861 19967 0 4 0
22 82861 19967 1 1 0
22 82861 19967 2 2 0
22 82861 251 0 4 0
22 82861 251 1 1 0
22 82861 251 2 2 0
22 82861 51731 0 4 0
22 82861 51731 1 1 0
22 82861 51731 2 2 0
22 82861 40113 0 2 0
22 82861 40113 1 3 0
22 82861 40113 2 4 0
22 82861 81429 0 2 0
22 82861 81429 1 3 0
22 82861 81429 2 4 0
22 82861 18589 0 2 0
22 82861 18589 1 3 0
22 82861 18589 2 4 0
22 82861 1207 0 4 0
22 82861 1207 1 1 0
22 82861 1207 2 2 0
22 82861 78925 0 2 0
22 82861 78925 1 3 0
22 82861 78925 2 4 0
22 82861 49519 0 4 0
22 82861 49519 1 1 0
22 82861 49519 2 2 0
22 82861 11099 0 4 0
22 82861 11099 1 1 0
22 82861 11099 2 2 0
22 82861 63471 0 4 0
22 82861 63471 1 1 0
22 82861 63471 2 2 0
22 82861 70961 0 2 0
22 82861 70961 1 3 0
22 82861 70961 2 4 0
22 82861 67495 0 4 0
22 82861 67495 1 1 0
22 82861 67495 2 2 0
22 82861 18679 0 4 0
22 82861 18679 1 1 0
22 82861 18679 2 2 0
22 82861 5469 0 2 0
22 82861 5469 1 3 0
22 82861 5469 2 4 0
22 82861 76051 0 4 0
22 82861 76051 1 1 0
22 82861 76051 2 2 0
22 82861 64547 0 4 0
22 82861 64547 1 1 0
22 82861 64547 2 2 0
22 82861 20871 0 4 0
22 82861 20871 1 1 0
22 82861 20871 2 2 0
22 82861 73315 0 4 0
22 82861 73315 1 1 0
22 82861 73315 2 2 0
22 82861 14329 0 2 0
22 82861 14329 1 3 0
22 82861 14329 2 4 0
22 82861 46329 0 2 0
22 82861 46329 1 3 0
22 82861 46329 2 4 0
22 82861 73113 0 2 0
22 82861 73113 1 3 0
22 82861 73113 2 4 0
22 82861 42731 0 4 0
22 82861 42731 1 1 0
22 82861 42731 2 2 0
22 82861 28417 0 2 0
22 82861 28417 1 3 0
22 82861 28417 2 4 0
22 82861 25241 0 2 0
22 82861 25241 1 3 0
22 82861 25241 2 4 0
22 82861 6821 0 2 0
22 82861 6821 1 3 0
22 82861 6821 2 4 0
22 82861 9369 0 2 0
22 82861 9369 1 3 0
22 82861 9369 2 4 0
22 82861 12345 0 2 0
22 82861 12345 1 3 0
22 82861 12345 2 4 0
22 82861 26713 0 2 0
22 82861 26713 1 3 0
22 82861 26713 2 4 0
22 82861 73015 0 4 0
22 82861 73015 1 1 0
22 82861 73015 2 2 0
22 82861 32803 0 4 0
22 82861 32803 1 1 0
22 82861 32803 2 2 0
22 82861 51357 0 2 0
22 82861 51357 1 3 0
22 82861 51357 2 4 0
22 82861 32603 0 4 0
22 82861 32603 1 1 0
22 82861 32603 2 2 0
22 82861 59093 0 2 0
22 82861 59093 1 3 0
22 82861 59093 2 4 0
22 82861 399 0 4 0
22 82861 399 1 1 0
22 82861 399 2 2 0
22 82861 76733 0 2 0
22 82861 76733 1 3 0
22 82861 76733 2 4 0
22 82861 5601 0 2 0
22 82861 5601 1 3 0
22 82861 5601 2 4 0
22 82861 46861 0 2 0
22 82861 46861 1 3 0
22 82861 46861 2 4 0
22 82861 76305 0 2 0
22 82861 76305 1 3 0
22 82861 76305 2 4 0
22 82861 67613 0 2 0
22 82861 67613 1 3 0
22 82861 67613 2 4 0
22 82861 999 0 4 0
22 82861 999 1 1 0
22 82861 999 2 2 0
22 82861 58943 0 4 0
22 82861 58943 1 1 0
22 82861 58943 2 2 0
22 82861 60767 0 4 0
22 82861 60767 1 1 0
22 82861 60767 2 2 0
22 82861 39157 0 2 0
22 82861 39157 1 3 0
22 82861 39157 2 4 0
22 82861 70093 0 2 0
22 82861 70093 1 3 0
22 82861 70093 2 4 0
22 82861 77919 0 4 0
22 82861 77919 1 1 0
22 82861 77919 2 2 0
22 82861 61465 0 2 0
22 82861 61465 1 3 0
22 82861 61465 2 4 0
22 82861 46527 0 4 0
22 82861 46527 1 1 0
22 82861 46527 2 2 0
22 82861 22823 0 4 0
22 82861 22823 1 1 0
22 82861 22823 2 2 0
22 82861 66413 0 2 0
22 82861 66413 1 3 0
22 82861 66413 2 4 0
22 82861 59029 0 2 0
22 82861 59029 1 3 0
22 82861 59029 2 4 0
22 82861 3317 0 2 0
22 82861 3317 1 3 0
22 82861 3317 2 4 0
22 82861 29459 0 4 0
22 82861 29459 1 1 0
22 82861 29459 2 2 0
22 82861 55041 0 2 0
22 82861 55041 1 3 0
22 82861 55041 2 4 0
22 82861 35013 0 2 0
22 82861 35013 1 3 0
22 82861 35013 2 4 0
22 82861 14741 0 2 0
22 82861 14741 1 3 0
22 82861 14741 2 4 0
22 82861 20493 0 2 0
22 82861 20493 1 3 0
22 82861 20493 2 4 0
22 82861 17733 0 2 0
22 82861 17733 1 3 0
22 82861 17733 2 4 0
22 82861 23603 0 4 0
22 82861 23603 1 1 0
22 82861 23603 2 2 0
22 82861 3047 0 4 0
22 82861 3047 1 1 0
22 82861 3047 2 2 0
22 82861 39339 0 4 0
22 82861 39339 1 1 0
22 82861 39339 2 2 0
22 82861 35989 0 2 0
22 82861 35989 1 3 0
22 82861 35989 2 4 0
22 82861 60419 0 4 0
22 82861 60419 1 1 0
22 82861 60419 2 2 0
22 82861 25447 0 4 0
22 82861 25447 1 1 0
22 82861 25447 2 2 0
22 82861 21459 0 4 0
22 82861 21459 1 1 0
22 82861 21459 2 2 0
22 82861 64463 0 4 0
22 82861 64463 1 1 0
22 82861 64463 2 2 0
22 82861 58807 0 4 0
22 82861 58807 1 1 0
22 82861 58807 2 2 0
22 82861 35261 0 2 0
22 82861 35261 1 3 0
22 82861 35261 2 4 0
22 82861 52735 0 4 0
22 82861 52735 1 1 0
22 82861 52735 2 2 0
22 82861 38983 0 4 0
22 82861 38983 1 1 0
22 82861 38983 2 2 0
22 82861 4157 0 2 0
22 82861 4157 1 3 0
22 82861 4157 2 4 0
22 82861 39487 0 4 0
22 82861 39487 1 1 0
22 82861 39487 2 2 0
22 82861 60661 0 2 0
22 82861 60661 1 3 0
22 82861 60661 2 4 0
22 82861 68605 0 2 0
22 82861 68605 1 3 0
22 82861 68605 2 4 0
22 82861 72941 0 2 0
22 82861 72941 1 3 0
22 82861 72941 2 4 0
22 82861 58773 0 2 0
22 82861 58773 1 3 0
22 82861 58773 2 4 0
22 82861 55829 0 2 0
22 82861 55829 1 3 0
22 82861 55829 2 4 0
22 82861 16463 0 4 0
22 82861 16463 1 1 0
22 82861 16463 2 2 0
22 82861 17421 0 2 0
22 82861 17421 1 3 0
22 82861 17421 2 4 0
22 82861 28505 0 2 0
22 82861 28505 1 3 0
22 82861 28505 2 4 0
22 82861 3069 0 2 0
22 82861 3069 1 3 0
22 82861 3069 2 4 0
22 82861 13101 0 2 0
22 82861 13101 1 3 0
22 82861 13101 2 4 0
22 82861 63791 0 4 0
22 82861 63791 1 1 0
22 82861 63791 2 2 0
22 82861 813 0 2 0
22 82861 813 1 3 0
22 82861 813 2 4 0
22 82861 71291 0 4 0
22 82861 71291 1 1 0
22 82861 71291 2 2 0
22 82861 65141 0 2 0
22 82861 65141 1 3 0
22 82861 65141 2 4 0
22 82861 24241 0 2 0
22 82861 24241 1 3 0
22 82861 24241 2 4 0
22 82861 52101 0 2 0
22 82861 52101 1 3 0
22 82861 52101 2 4 0
22 82861 75475 0 4 0
22 82861 75475 1 1 0
22 82861 75475 2 2 0
22 82861 4483 0 4 0
22 82861 4483 1 1 0
22 82861 4483 2 2 0
22 82861 27829 0 2 0
22 82861 27829 1 3 0
22 82861 27829 2 4 0
22 82861 32443 0 4 0
22 82861 32443 1 1 0
22 82861 32443 2 2 0
22 82861 26939 0 4 0
22 82861 26939 1 1 0
22 82861 26939 2 2 0
22 82861 38697 0 2 0
22 82861 38697 1 3 0
22 82861 38697 2 4 0
22 82861 62573 0 2 0
22 82861 62573 1 3 0
22 82861 62573 2 4 0
22 82861 34107 0 4 0
22 82861 34107 1 1 0
22 82861 34107 2 2 0
22 82861 55673 0 2 0
22 82861 55673 1 3 0
22 82861 55673 2 4 0
22 82861 50645 0 2 0
22 82861 50645 1 3 0
22 82861 50645 2 4 0
22 82861 79665 0 2 0
22 82861 79665 1 3 0
22 82861 79665 2 4 0
22 82861 1641 0 2 0
22 82861 1641 1 3 0
22 82861 1641 2 4 0
22 82861 10089 0 2 0
22 82861 10089 1 3 0
22 82861 10089 2 4 0
22 82861 32245 0 2 0
22 82861 32245 1 3 0
22 82861 32245 2 4 0
22 82861 21911 0 4 0
22 82861 21911 1 1 0
22 82861 21911 2 2 0
22 82861 80209 0 2 0
22 82861 80209 1 3 0
22 82861 80209 2 4 0
22 82861 77267 0 4 0
22 82861 77267 1 1 0
22 82861 77267 2 2 0
22 82861 46471 0 4 0
22 82861 46471 1 1 0
22 82861 46471 2 2 0
22 82861 59903 0 4 0
22 82861 59903 1 1 0
22 82861 59903 2 2 0
22 82861 64763 0 4 0
22 82861 64763 1 1 0
22 82861 64763 2 2 0
22 82861 57859 0 4 0
22 82861 57859 1 1 0
22 82861 57859 2 2 0
22 82861 24501 0 2 0
22 82861 24501 1 3 0
22 82861 24501 2 4 0
22 82861 54233 0 2 0
22 82861 54233 1 3 0
22 82861 54233 2 4 0
22 82861 13351 0 4 0
22 82861 13351 1 1 0
22 82861 13351 2 2 0
22 82861 35729 0 2 0
22 82861 35729 1 3 0
22 82861 35729 2 4 0
22 82861 47059 0 4 0
22 82861 47059 1 1 0
22 82861 47059 2 2 0
22 82861 56659 0 4 0
22 82861 56659 1 1 0
22 82861 56659 2 2 0
22 82861 27235 0 4 0
22 82861 27235 1 1 0
22 82861 27235 2 2 0
22 82861 70647 0 4 0
22 82861 70647 1 1 0
22 82861 70647 2 2 0
22 82861 80237 0 2 0
22 82861 80237 1 3 0
22 82861 80237 2 4 0
22 82861 18225 0 2 0
22 82861 18225 1 3 0
22 82861 18225 2 4 0
22 82861 21985 0 2 0
22 82861 21985 1 3 0
22 82861 21985 2 4 0
22 82861 69115 0 4 0
22 82861 69115 1 1 0
22 82861 69115 2 2 0
22 82861 12767 0 4 0
22 82861 12767 1 1 0
22 82861 12767 2 2 0
22 82861 16637 0 2 0
22 82861 16637 1 3 0
22 82861 16637 2 4 0
22 82861 15949 0 2 0
22 82861 15949 1 3 0
22 82861 15949 2 4 0
22 82861 27427 0 4 0
22 82861 27427 1 1 0
22 82861 27427 2 2 0
22 82861 78193 0 2 0
22 82861 78193 1 3 0
22 82861 78193 2 4 0
22 82861 23591 0 4 0
22 82861 23591 1 1 0
22 82861 23591 2 2 0
22 82861 55021 0 2 0
22 82861 55021 1 3 0
22 82861 55021 2 4 0
22 82861 43971 0 4 0
22 82861 43971 1 1 0
22 82861 43971 2 2 0
22 82861 67773 0 2 0
22 82861 67773 1 3 0
22 82861 67773 2 4 0
22 82861 61533 0 2 0
22 82861 61533 1 3 0
22 82861 61533 2 4 0
22 82861 1301 0 2 0
22 82861 1301 1 3 0
22 82861 1301 2 4 0
22 82861 14315 0 4 0
22 82861 14315 1 1 0
22 82861 14315 2 2 0
22 82861 20039 0 4 0
22 82861 20039 1 1 0
22 82861 20039 2 2 0
22 82861 2399 0 4 0
22 82861 2399 1 1 0
22 82861 2399 2 2 0
22 82861 57109 0 2 0
22 82861 57109 1 3 0
22 82861 57109 2 4 0
22 82861 53697 0 2 0
22 82861 53697 1 3 0
22 82861 53697 2 4 0
22 82861 8133 0 2 0
22 82861 8133 1 3 0
22 82861 8133 2 4 0
22 82861 58453 0 2 0
22 82861 58453 1 3 0
22 82861 58453 2 4 0
22 82861 67745 0 2 0
22 82861 67745 1 3 0
22 82861 67745 2 4 0
22 82861 25337 0 2 0
22 82861 25337 1 3 0
22 82861 25337 2 4 0
22 82861 16789 0 2 0
22 82861 16789 1 3 0
22 82861 16789 2 4 0
22 82861 4853 0 2 0
22 82861 4853 1 3 0
22 82861 4853 2 4 0
22 82861 40401 0 2 0
22 82861 40401 1 3 0
22 82861 40401 2 4 0
22 82861 16141 0 2 0
22 82861 16141 1 3 0
22 82861 16141 2 4 0
22 82861 68563 0 4 0
22 82861 68563 1 1 0
22 82861 68563 2 2 0
22 82861 7897 0 2 0
22 82861 7897 1 3 0
22 82861 7897 2 4 0
22 82861 22557 0 2 0
22 82861 22557 1 3 0
22 82861 22557 2 4 0
22 82861 12169 0 2 0
22 82861 12169 1 3 0
22 82861 12169 2 4 0
22 82861 2993 0 2 0
22 82861 2993 1 3 0
22 82861 2993 2 4 0
22 82861 20967 0 4 0
22 82861 20967 1 1 0
22 82861 20967 2 2 0
22 82861 2019 0 4 0
22 82861 2019 1 1 0
22 82861 2019 2 2 0
22 82861 49629 0 2 0
22 82861 49629 1 3 0
22 82861 49629 2 4 0
22 82861 41117 0 2 0
22 82861 41117 1 3 0
22 82861 41117 2 4 0
22 82861 36491 0 4 0
22 82861 36491 1 1 0
22 82861 36491 2 2 0
22 82861 35069 0 2 0
22 82861 35069 1 3 0
22 82861 35069 2 4 0
22 82861 69765 0 2 0
22 82861 69765 1 3 0
22 82861 69765 2 4 0
22 82861 38635 0 4 0
22 82861 38635 1 1 0
22 82861 38635 2 2 0
22 82861 34711 0 4 0
22 82861 34711 1 1 0
22 82861 34711 2 2 0
22 82861 25981 0 2 0
22 82861 25981 1 3 0
22 82861 25981 2 4 0
22 82861 18199 0 4 0
22 82861 18199 1 1 0
22 82861 18199 2 2 0
22 82861 40243 0 4 0
22 82861 40243 1 1 0
22 82861 40243 2 2 0
22 82861 12183 0 4 0
22 82861 12183 1 1 0
22 82861 12183 2 2 0
22 82861 54447 0 4 0
22 82861 54447 1 1 0
22 82861 54447 2 2 0
22 82861 65245 0 2 0
22 82861 65245 1 3 0
22 82861 65245 2 4 0
22 82861 26027 0 4 0
22 82861 26027 1 1 0
22 82861 26027 2 2 0
22 82861 69261 0 2 0
22 82861 69261 1 3 0
22 82861 69261 2 4 0
22 82861 22859 0 4 0
22 82861 22859 1 1 0
22 82861 22859 2 2 0
22 82861 7507 0 4 0
22 82861 7507 1 1 0
22 82861 7507 2 2 0
22 82861 19543 0 4 0
22 82861 19543 1 1 0
22 82861 19543 2 2 0
22 82861 35913 0 2 0
22 82861 35913 1 3 0
22 82861 35913 2 4 0
22 82861 17783 0 4 0
22 82861 17783 1 1 0
22 82861 17783 2 2 0
22 82861 64249 0 2 0
22 82861 64249 1 3 0
22 82861 64249 2 4 0
22 82861 77227 0 4 0
22 82861 77227 1 1 0
22 82861 77227 2 2 0
22 82861 44459 0 4 0
22 82861 44459 1 1 0
22 82861 44459 2 2 0
22 82861 80343 0 4 0
22 82861 80343 1 1 0
22 82861 80343 2 2 0
22 82861 10845 0 2 0
22 82861 10845 1 3 0
22 82861 10845 2 4 0
22 82861 78671 0 4 0
22 82861 78671 1 1 0
22 82861 78671 2 2 0
22 82861 40445 0 2 0
22 82861 40445 1 3 0
22 82861 40445 2 4 0
22 82861 13465 0 2 0
22 82861 13465 1 3 0
22 82861 13465 2 4 0
22 82861 19993 0 2 0
22 82861 19993 1 3 0
22 82861 19993 2 4 0
22 82861 30365 0 2 0
22 82861 30365 1 3 0
22 82861 30365 2 4 0
22 82861 64503 0 4 0
22 82861 64503 1 1 0
22 82861 64503 2 2 0
22 82861 17413 0 2 0
22 82861 17413 1 3 0
22 82861 17413 2 4 0
22 82861 12267 0 4 0
22 82861 12267 1 1 0
22 82861 12267 2 2 0
22 82861 31387 0 4 0
22 82861 31387 1 1 0
22 82861 31387 2 2 0
22 82861 15147 0 4 0
22 82861 15147 1 1 0
22 82861 15147 2 2 0
22 82861 22545 0 2 0
22 82861 22545 1 3 0
22 82861 22545 2 4 0
22 82861 81341 0 2 0
22 82861 81341 1 3 0
22 82861 81341 2 4 0
22 82861 30917 0 2 0
22 82861 30917 1 3 0
22 82861 30917 2 4 0
22 82861 1983 0 4 0
22 82861 1983 1 1 0
22 82861 1983 2 2 0
22 82861 81833 0 2 0
22 82861 81833 1 3 0
22 82861 81833 2 4 0
22 82861 32745 0 2 0
22 82861 32745 1 3 0
22 82861 32745 2 4 0
22 82861 15569 0 2 0
22 82861 15569 1 3 0
22 82861 15569 2 4 0
22 82861 79631 0 4 0
22 82861 79631 1 1 0
22 82861 79631 2 2 0
22 82861 2239 0 4 0
22 82861 2239 1 1 0
22 82861 2239 2 2 0
22 82861 1779 0 4 0
22 82861 1779 1 1 0
22 82861 1779 2 2 0
22 82861 27521 0 2 0
22 82861 27521 1 3 0
22 82861 27521 2 4 0
22 82861 46033 0 2 0
22 82861 46033 1 3 0
22 82861 46033 2 4 0
22 82861 44433 0 2 0
22 82861 44433 1 3 0
22 82861 44433 2 4 0
22 82861 60621 0 2 0
22 82861 60621 1 3 0
22 82861 60621 2 4 0
22 82861 23629 0 2 0
22 82861 23629 1 3 0
22 82861 23629 2 4 0
22 82861 72487 0 4 0
22 82861 72487 1 1 0
22 82861 72487 2 2 0
22 82861 25507 0 4 0
22 82861 25507 1 1 0
22 82861 25507 2 2 0
22 82861 53887 0 4 0
22 82861 53887 1 1 0
22 82861 53887 2 2 0
22 82861 585 0 2 0
22 82861 585 1 3 0
22 82861 585 2 4 0
22 82861 43753 0 2 0
22 82861 43753 1 3 0
22 82861 43753 2 4 0
22 82861 68837 0 2 0
22 82861 68837 1 3 0
22 82861 68837 2 4 0
22 82861 35661 0 2 0
22 82861 35661 1 3 0
22 82861 35661 2 4 0
22 82861 78347 0 4 0
22 82861 78347 1 1 0
22 82861 78347 2 2 0
22 82861 7027 0 4 0
22 82861 7027 1 1 0
22 82861 7027 2 2 0
22 82861 32117 0 2 0
22 82861 32117 1 3 0
22 82861 32117 2 4 0
22 82861 6363 0 4 0
22 82861 6363 1 1 0
22 82861 6363 2 2 0
22 82861 20565 0 2 0
22 82861 20565 1 3 0
22 82861 20565 2 4 0
22 82861 23255 0 4 0
22 82861 23255 1 1 0
22 82861 23255 2 2 0
22 82861 16457 0 2 0
22 82861 16457 1 3 0
22 82861 16457 2 4 0
22 82861 32709 0 2 0
22 82861 32709 1 3 0
22 82861 32709 2 4 0
22 82861 79467 0 4 0
22 82861 79467 1 1 0
22 82861 79467 2 2 0
22 82861 78795 0 4 0
22 82861 78795 1 1 0
22 82861 78795 2 2 0
22 82861 47067 0 4 0
22 82861 47067 1 1 0
22 82861 47067 2 2 0
22 82861 13639 0 4 0
22 82861 13639 1 1 0
22 82861 13639 2 2 0
22 82861 30633 0 2 0
22 82861 30633 1 3 0
22 82861 30633 2 4 0
22 82861 16391 0 4 0
22 82861 16391 1 1 0
22 82861 16391 2 2 0
22 82861 47595 0 4 0
22 82861 47595 1 1 0
22 82861 47595 2 2 0
22 82861 40105 0 2 0
22 82861 40105 1 3 0
22 82861 40105 2 4 0
22 82861 187 0 4 0
22 82861 187 1 1 0
22 82861 187 2 2 0
22 82861 17927 0 4 0
22 82861 17927 1 1 0
22 82861 17927 2 2 0
22 82861 48545 0 2 0
22 82861 48545 1 3 0
22 82861 48545 2 4 0
22 82861 36463 0 4 0
22 82861 36463 1 1 0
22 82861 36463 2 2 0
22 82861 23911 0 4 0
22 82861 23911 1 1 0
22 82861 23911 2 2 0
22 82861 2923 0 4 0
22 82861 2923 1 1 0
22 82861 2923 2 2 0
22 82861 3927 0 4 0
22 82861 3927 1 1 0
22 82861 3927 2 2 0
22 82861 37725 0 2 0
22 82861 37725 1 3 0
22 82861 37725 2 4 0
22 82861 81053 0 2 0
22 82861 81053 1 3 0
22 82861 81053 2 4 0
22 82861 21711 0 4 0
22 82861 21711 1 1 0
22 82861 21711 2 2 0
22 82861 63063 0 4 0
22 82861 63063 1 1 0
22 82861 63063 2 2 0
22 82861 67013 0 2 0
22 82861 67013 1 3 0
22 82861 67013 2 4 0
22 82861 66623 0 4 0
22 82861 66623 1 1 0
22 82861 66623 2 2 0
22 82861 81613 0 2 0
22 82861 81613 1 3 0
22 82861 81613 2 4 0
22 82861 60435 0 4 0
22 82861 60435 1 1 0
22 82861 60435 2 2 0
22 82861 17355 0 4 0
22 82861 17355 1 1 0
22 82861 17355 2 2 0
22 82861 2581 0 2 0
22 82861 2581 1 3 0
22 82861 2581 2 4 0
22 82861 41225 0 2 0
22 82861 41225 1 3 0
22 82861 41225 2 4 0
22 82861 4787 0 4 0
22 82861 4787 1 1 0
22 82861 4787 2 2 0
22 82861 76921 0 2 0
22 82861 76921 1 3 0
22 82861 76921 2 4 0
22 82861 31521 0 2 0
22 82861 31521 1 3 0
22 82861 31521 2 4 0
22 82861 21437 0 2 0
22 82861 21437 1 3 0
22 82861 21437 2 4 0
22 82861 81137 0 2 0
22 82861 81137 1 3 0
22 82861 81137 2 4 0
22 82861 9483 0 4 0
22 82861 9483 1 1 0
22 82861 9483 2 2 0
22 82861 44965 0 2 0
22 82861 44965 1 3 0
22 82861 44965 2 4 0
22 82861 24375 0 4 0
22 82861 24375 1 1 0
22 82861 24375 2 2 0
22 82861 43461 0 2 0
22 82861 43461 1 3 0
22 82861 43461 2 4 0
22 82861 38801 0 2 0
22 82861 38801 1 3 0
22 82861 38801 2 4 0
22 82861 36549 0 2 0
22 82861 36549 1 3 0
22 82861 36549 2 4 0
22 82861 32447 0 4 0
22 82861 32447 1 1 0
22 82861 32447 2 2 0
22 82861 18175 0 4 0
22 82861 18175 1 1 0
22 82861 18175 2 2 0
22 82861 11855 0 4 0
22 82861 11855 1 1 0
22 82861 11855 2 2 0
22 82861 45981 0 2 0
22 82861 45981 1 3 0
22 82861 45981 2 4 0
22 82861 70065 0 2 0
22 82861 70065 1 3 0
22 82861 70065 2 4 0
22 82861 32631 0 4 0
22 82861 32631 1 1 0
22 82861 32631 2 2 0
22 82861 11417 0 2 0
22 82861 11417 1 3 0
22 82861 11417 2 4 0
22 82861 16013 0 2 0
22 82861 16013 1 3 0
22 82861 16013 2 4 0
22 82861 529 0 2 0
22 82861 529 1 3 0
22 82861 529 2 4 0
22 82861 65347 0 4 0
22 82861 65347 1 1 0
22 82861 65347 2 2 0
22 82861 1315 0 4 0
22 82861 1315 1 1 0
22 82861 1315 2 2 0
22 82861 50363 0 4 0
22 82861 50363 1 1 0
22 82861 50363 2 2 0
22 82861 37429 0 2 0
22 82861 37429 1 3 0
22 82861 37429 2 4 0
22 82861 14147 0 4 0
22 82861 14147 1 1 0
22 82861 14147 2 2 0
22 82861 72875 0 4 0
22 82861 72875 1 1 0
22 82861 72875 2 2 0
22 82861 33173 0 2 0
22 82861 33173 1 3 0
22 82861 33173 2 4 0
22 82861 25737 0 2 0
22 82861 25737 1 3 0
22 82861 25737 2 4 0
22 82861 10783 0 4 0
22 82861 10783 1 1 0
22 82861 10783 2 2 0
22 82861 18379 0 4 0
22 82861 18379 1 1 0
22 82861 18379 2 2 0
22 82861 22167 0 4 0
22 82861 22167 1 1 0
22 82861 22167 2 2 0
22 82861 26585 0 2 0
22 82861 26585 1 3 0
22 82861 26585 2 4 0
22 82861 20097 0 2 0
22 82861 20097 1 3 0
22 82861 20097 2 4 0
22 82861 8873 0 2 0
22 82861 8873 1 3 0
22 82861 8873 2 4 0
22 82861 4203 0 4 0
22 82861 4203 1 1 0
22 82861 4203 2 2 0
22 82861 43111 0 4 0
22 82861 43111 1 1 0
22 82861 43111 2 2 0
22 82861 21443 0 4 0
22 82861 21443 1 1 0
22 82861 21443 2 2 0
22 82861 56469 0 2 0
22 82861 56469 1 3 0
22 82861 56469 2 4 0
22 82861 29151 0 4 0
22 82861 29151 1 1 0
22 82861 29151 2 2 0
22 82861 14021 0 2 0
22 82861 14021 1 3 0
22 82861 14021 2 4 0
22 82861 44941 0 2 0
22 82861 44941 1 3 0
22 82861 44941 2 4 0
22 82861 36105 0 2 0
22 82861 36105 1 3 0
22 82861 36105 2 4 0
22 82861 64697 0 2 0
22 82861 64697 1 3 0
22 82861 64697 2 4 0
22 82861 16297 0 2 0
22 82861 16297 1 3 0
22 82861 16297 2 4 0
22 82861 9695 0 4 0
22 82861 9695 1 1 0
22 82861 9695 2 2 0
22 82861 48535 0 4 0
22 82861 48535 1 1 0
22 82861 48535 2 2 0
22 82861 78793 0 2 0
22 82861 78793 1 3 0
22 82861 78793 2 4 0
22 82861 66641 0 2 0
22 82861 66641 1 3 0
22 82861 66641 2 4 0
22 82861 60039 0 4 0
22 82861 60039 1 1 0
22 82861 60039 2 2 0
22 82861 62003 0 4 0
22 82861 62003 1 1 0
22 82861 62003 2 2 0
22 82861 9579 0 4 0
22 82861 9579 1 1 0
22 82861 9579 2 2 0
22 82861 16431 0 4 0
22 82861 16431 1 1 0
22 82861 16431 2 2 0
22 82861 73145 0 2 0
22 82861 73145 1 3 0
22 82861 73145 2 4 0
22 82861 4889 0 2 0
22 82861 4889 1 3 0
22 82861 4889 2 4 0
22 82861 56429 0 2 0
22 82861 56429 1 3 0
22 82861 56429 2 4 0
22 82861 67363 0 4 0
22 82861 67363 1 1 0
22 82861 67363 2 2 0
22 82861 6411 0 4 0
22 82861 6411 1 1 0
22 82861 6411 2 2 0
22 82861 47035 0 4 0
22 82861 47035 1 1 0
22 82861 47035 2 2 0
22 82861 44843 0 4 0
22 82861 44843 1 1 0
22 82861 44843 2 2 0
22 82861 7103 0 4 0
22 82861 7103 1 1 0
22 82861 7103 2 2 0
22 82861 63717 0 2 0
22 82861 63717 1 3 0
22 82861 63717 2 4 0
22 82861 63179 0 4 0
22 82861 63179 1 1 0
22 82861 63179 2 2 0
22 82861 15405 0 2 0
22 82861 15405 1 3 0
22 82861 15405 2 4 0
22 82861 15549 0 2 0
22 82861 15549 1 3 0
22 82861 15549 2 4 0
22 82861 34261 0 2 0
22 82861 34261 1 3 0
22 82861 34261 2 4 0
22 82861 23115 0 4 0
22 82861 23115 1 1 0
22 82861 23115 2 2 0
22 82861 48951 0 4 0
22 82861 48951 1 1 0
22 82861 48951 2 2 0
22 82861 4611 0 4 0
22 82861 4611 1 1 0
22 82861 4611 2 2 0
22 82861 48099 0 4 0
22 82861 48099 1 1 0
22 82861 48099 2 2 0
22 82861 561 0 2 0
22 82861 561 1 3 0
22 82861 561 2 4 0
22 82861 81031 0 4 0
22 82861 81031 1 1 0
22 82861 81031 2 2 0
22 82861 38285 0 2 0
22 82861 38285 1 3 0
22 82861 38285 2 4 0
22 82861 8077 0 2 0
22 82861 8077 1 3 0
22 82861 8077 2 4 0
22 82861 2597 0 2 0
22 82861 2597 1 3 0
22 82861 2597 2 4 0
22 82861 78657 0 2 0
22 82861 78657 1 3 0
22 82861 78657 2 4 0
22 82861 38721 0 2 0
22 82861 38721 1 3 0
22 82861 38721 2 4 0
22 82861 51439 0 4 0
22 82861 51439 1 1 0
22 82861 51439 2 2 0
22 82861 48043 0 4 0
22 82861 48043 1 1 0
22 82861 48043 2 2 0
22 82861 70983 0 4 0
22 82861 70983 1 1 0
22 82861 70983 2 2 0
22 82861 32509 0 2 0
22 82861 32509 1 3 0
22 82861 32509 2 4 0
22 82861 36273 0 2 0
22 82861 36273 1 3 0
22 82861 36273 2 4 0
22 82861 52869 0 2 0
22 82861 52869 1 3 0
22 82861 52869 2 4 0
22 82861 68747 0 4 0
22 82861 68747 1 1 0
22 82861 68747 2 2 0
22 82861 34155 0 4 0
22 82861 34155 1 1 0
22 82861 34155 2 2 0
22 82861 27007 0 4 0
22 82861 27007 1 1 0
22 82861 27007 2 2 0
22 82861 11157 0 2 0
22 82861 11157 1 3 0
22 82861 11157 2 4 0
22 82861 73263 0 4 0
22 82861 73263 1 1 0
22 82861 73263 2 2 0
22 82861 28647 0 4 0
22 82861 28647 1 1 0
22 82861 28647 2 2 0
22 82861 67103 0 4 0
22 82861 67103 1 1 0
22 82861 67103 2 2 0
22 82861 46649 0 2 0
22 82861 46649 1 3 0
22 82861 46649 2 4 0
22 82861 16523 0 4 0
22 82861 16523 1 1 0
22 82861 16523 2 2 0
22 82861 62413 0 2 0
22 82861 62413 1 3 0
22 82861 62413 2 4 0
22 82861 43095 0 4 0
22 82861 43095 1 1 0
22 82861 43095 2 2 0
22 82861 65805 0 2 0
22 82861 65805 1 3 0
22 82861 65805 2 4 0
22 82861 22569 0 2 0
22 82861 22569 1 3 0
22 82861 22569 2 4 0
22 82861 40377 0 2 0
22 82861 40377 1 3 0
22 82861 40377 2 4 0
22 82861 27319 0 4 0
22 82861 27319 1 1 0
22 82861 27319 2 2 0
22 82861 29343 0 4 0
22 82861 29343 1 1 0
22 82861 29343 2 2 0
22 82861 65597 0 2 0
22 82861 65597 1 3 0
22 82861 65597 2 4 0
22 82861 66617 0 2 0
22 82861 66617 1 3 0
22 82861 66617 2 4 0
22 82861 7703 0 4 0
22 82861 7703 1 1 0
22 82861 7703 2 2 0
22 82861 64553 0 2 0
22 82861 64553 1 3 0
22 82861 64553 2 4 0
22 82861 67831 0 4 0
22 82861 67831 1 1 0
22 82861 67831 2 2 0
22 82861 70323 0 4 0
22 82861 70323 1 1 0
22 82861 70323 2 2 0
22 82861 34329 0 2 0
22 82861 34329 1 3 0
22 82861 34329 2 4 0
22 82861 46029 0 2 0
22 82861 46029 1 3 0
22 82861 46029 2 4 0
22 82861 4377 0 2 0
22 82861 4377 1 3 0
22 82861 4377 2 4 0
22 82861 3081 0 2 0
22 82861 3081 1 3 0
22 82861 3081 2 4 0
22 82861 15363 0 4 0
22 82861 15363 1 1 0
22 82861 15363 2 2 0
22 82861 55007 0 4 0
22 82861 55007 1 1 0
22 82861 55007 2 2 0
22 82861 1527 0 4 0
22 82861 1527 1 1 0
22 82861 1527 2 2 0
22 82861 72341 0 2 0
22 82861 72341 1 3 0
22 82861 72341 2 4 0
22 82861 25497 0 2 0
22 82861 25497 1 3 0
22 82861 25497 2 4 0
22 82861 35447 0 4 0
22 82861 35447 1 1 0
22 82861 35447 2 2 0
22 82861 8255 0 4 0
22 82861 8255 1 1 0
22 82861 8255 2 2 0
22 82861 56147 0 4 0
22 82861 56147 1 1 0
22 82861 56147 2 2 0
22 82861 1945 0 2 0
22 82861 1945 1 3 0
22 82861 1945 2 4 0
22 82861 10919 0 4 0
22 82861 10919 1 1 0
22 82861 10919 2 2 0
22 82861 26479 0 4 0
22 82861 26479 1 1 0
22 82861 26479 2 2 0
22 82861 8895 0 4 0
22 82861 8895 1 1 0
22 82861 8895 2 2 0
22 82861 607 0 4 0
22 82861 607 1 1 0
22 82861 607 2 2 0
22 82861 24753 0 2 0
22 82861 24753 1 3 0
22 82861 24753 2 4 0
22 82861 35623 0 4 0
22 82861 35623 1 1 0
22 82861 35623 2 2 0
22 82861 30987 0 4 0
22 82861 30987 1 1 0
22 82861 30987 2 2 0
22 82861 68345 0 2 0
22 82861 68345 1 3 0
22 82861 68345 2 4 0
22 82861 46583 0 4 0
22 82861 46583 1 1 0
22 82861 46583 2 2 0
22 82861 63589 0 2 0
22 82861 63589 1 3 0
22 82861 63589 2 4 0
22 82861 35941 0 2 0
22 82861 35941 1 3 0
22 82861 35941 2 4 0
22 82861 76451 0 4 0
22 82861 76451 1 1 0
22 82861 76451 2 2 0
22 82861 9435 0 4 0
22 82861 9435 1 1 0
22 82861 9435 2 2 0
22 82861 1653 0 2 0
22 82861 1653 1 3 0
22 82861 1653 2 4 0
22 82861 23607 0 4 0
22 82861 23607 1 1 0
22 82861 23607 2 2 0
22 82861 48291 0 4 0
22 82861 48291 1 1 0
22 82861 48291 2 2 0
22 82861 54487 0 4 0
22 82861 54487 1 1 0
22 82861 54487 2 2 0
22 82861 15855 0 4 0
22 82861 15855 1 1 0
22 82861 15855 2 2 0
22 82861 65227 0 4 0
22 82861 65227 1 1 0
22 82861 65227 2 2 0
22 82861 16241 0 2 0
22 82861 16241 1 3 0
22 82861 16241 2 4 0
22 82861 54981 0 2 0
22 82861 54981 1 3 0
22 82861 54981 2 4 0
22 82861 14103 0 4 0
22 82861 14103 1 1 0
22 82861 14103 2 2 0
22 82861 32531 0 4 0
22 82861 32531 1 1 0
22 82861 32531 2 2 0
22 82861 27859 0 4 0
22 82861 27859 1 1 0
22 82861 27859 2 2 0
22 82861 12069 0 2 0
22 82861 12069 1 3 0
22 82861 12069 2 4 0
22 82861 21557 0 2 0
22 82861 21557 1 3 0
22 82861 21557 2 4 0
22 82861 35085 0 2 0
22 82861 35085 1 3 0
22 82861 35085 2 4 0
22 82861 72583 0 4 0
22 82861 72583 1 1 0
22 82861 72583 2 2 0
22 82861 29147 0 4 0
22 82861 29147 1 1 0
22 82861 29147 2 2 0
22 82861 9665 0 2 0
22 82861 9665 1 3 0
22 82861 9665 2 4 0
22 82861 59495 0 4 0
22 82861 59495 1 1 0
22 82861 59495 2 2 0
22 82861 50225 0 2 0
22 82861 50225 1 3 0
22 82861 50225 2 4 0
22 82861 6475 0 4 0
22 82861 6475 1 1 0
22 82861 6475 2 2 0
22 82861 39637 0 2 0
22 82861 39637 1 3 0
22 82861 39637 2 4 0
22 82861 5191 0 4 0
22 82861 5191 1 1 0
22 82861 5191 2 2 0
23 82861 4127 0 4 0
23 82861 4127 1 1 0
23 82861 4127 2 2 0
23 82861 29995 0 4 0
23 82861 29995 1 1 0
23 82861 29995 2 2 0
23 82861 25749 0 2 0
23 82861 25749 1 3 0
23 82861 25749 2 4 0
23 82861 20733 0 2 0
23 82861 20733 1 3 0
23 82861 20733 2 4 0
23 82861 48353 0 2 0
23 82861 48353 1 3 0
23 82861 48353 2 4 0
23 82861 81223 0 4 0
23 82861 81223 1 1 0
23 82861 81223 2 2 0
23 82861 28397 0 2 0
23 82861 28397 1 3 0
23 82861 28397 2 4 0
23 82861 27163 0 4 0
23 82861 27163 1 1 0
23 82861 27163 2 2 0
23 82861 7157 0 2 0
23 82861 7157 1 3 0
23 82861 7157 2 4 0
23 82861 57115 0 4 0
23 82861 57115 1 1 0
23 82861 57115 2 2 0
23 82861 55519 0 4 0
23 82861 55519 1 1 0
23 82861 55519 2 2 0
23 82861 74287 0 4 0
23 82861 74287 1 1 0
23 82861 74287 2 2 0
23 82861 78881 0 2 0
23 82861 78881 1 3 0
23 82861 78881 2 4 0
23 82861 36811 0 4 0
23 82861 36811 1 1 0
23 82861 36811 2 2 0
23 82861 49507 0 4 0
23 82861 49507 1 1 0
23 82861 49507 2 2 0
23 82861 11325 0 2 0
23 82861 11325 1 3 0
23 82861 11325 2 4 0
23 82861 36979 0 4 0
23 82861 36979 1 1 0
23 82861 36979 2 2 0
23 82861 45755 0 4 0
23 82861 45755 1 1 0
23 82861 45755 2 2 0
23 82861 16349 0 2 0
23 82861 16349 1 3 0
23 82861 16349 2 4 0
23 82861 31557 0 2 0
23 82861 31557 1 3 0
23 82861 31557 2 4 0
23 82861 12175 0 4 0
23 82861 12175 1 1 0
23 82861 12175 2 2 0
23 82861 69941 0 2 0
23 82861 69941 1 3 0
23 82861 69941 2 4 0
23 82861 58745 0 2 0
23 82861 58745 1 3 0
23 82861 58745 2 4 0
23 82861 59825 0 2 0
23 82861 59825 1 3 0
23 82861 59825 2 4 0
23 82861 49415 0 4 0
23 82861 49415 1 1 0
23 82861 49415 2 2 0
23 82861 55733 0 2 0
23 82861 55733 1 3 0
23 82861 55733 2 4 0
23 82861 49493 0 2 0
23 82861 49493 1 3 0
23 82861 49493 2 4 0
23 82861 41787 0 4 0
23 82861 41787 1 1 0
23 82861 41787 2 2 0
23 82861 17691 0 4 0
23 82861 17691 1 1 0
23 82861 17691 2 2 0
23 82861 32743 0 4 0
23 82861 32743 1 1 0
23 82861 32743 2 2 0
23 82861 71717 0 2 0
23 82861 71717 1 3 0
23 82861 71717 2 4 0
23 82861 18425 0 2 0
23 82861 18425 1 3 0
23 82861 18425 2 4 0
23 82861 59091 0 4 0
23 82861 59091 1 1 0
23 82861 59091 2 2 0
23 82861 41515 0 4 0
23 82861 41515 1 1 0
23 82861 41515 2 2 0
23 82861 18143 0 4 0
23 82861 18143 1 1 0
23 82861 18143 2 2 0
23 82861 4169 0 2 0
23 82861 4169 1 3 0
23 82861 4169 2 4 0
23 82861 5645 0 2 0
23 82861 5645 1 3 0
23 82861 5645 2 4 0
23 82861 57975 0 4 0
23 82861 57975 1 1 0
23 82861 57975 2 2 0
23 82861 14907 0 4 0
23 82861 14907 1 1 0
23 82861 14907 2 2 0
23 82861 66553 0 2 0
23 82861 66553 1 3 0
23 82861 66553 2 4 0
23 82861 50595 0 4 0
23 82861 50595 1 1 0
23 82861 50595 2 2 0
23 82861 19771 0 4 0
23 82861 19771 1 1 0
23 82861 19771 2 2 0
23 82861 49857 0 2 0
23 82861 49857 1 3 0
23 82861 49857 2 4 0
23 82861 29875 0 4 0
23 82861 29875 1 1 0
23 82861 29875 2 2 0
23 82861 41099 0 4 0
23 82861 41099 1 1 0
23 82861 41099 2 2 0
23 82861 77735 0 4 0
23 82861 77735 1 1 0
23 82861 77735 2 2 0
23 82861 30529 0 2 0
23 82861 30529 1 3 0
23 82861 30529 2 4 0
23 82861 37183 0 4 0
23 82861 37183 1 1 0
23 82861 37183 2 2 0
23 82861 7419 0 4 0
23 82861 7419 1 1 0
23 82861 7419 2 2 0
23 82861 43799 0 4 0
23 82861 43799 1 1 0
23 82861 43799 2 2 0
23 82861 79869 0 2 0
23 82861 79869 1 3 0
23 82861 79869 2 4 0
23 82861 38231 0 4 0
23 82861 38231 1 1 0
23 82861 38231 2 2 0
23 82861 28637 0 2 0
23 82861 28637 1 3 0
23 82861 28637 2 4 0
23 82861 30619 0 4 0
23 82861 30619 1 1 0
23 82861 30619 2 2 0
23 82861 47829 0 2 0
23 82861 47829 1 3 0
23 82861 47829 2 4 0
23 82861 41641 0 2 0
23 82861 41641 1 3 0
23 82861 41641 2 4 0
23 82861 25157 0 2 0
23 82861 25157 1 3 0
23 82861 25157 2 4 0
23 82861 73359 0 4 0
23 82861 73359 1 1 0
23 82861 73359 2 2 0
23 82861 50771 0 4 0
23 82861 50771 1 1 0
23 82861 50771 2 2 0
23 82861 65875 0 4 0
23 82861 65875 1 1 0
23 82861 65875 2 2 0
23 82861 49377 0 2 0
23 82861 49377 1 3 0
23 82861 49377 2 4 0
23 82861 7439 0 4 0
23 82861 7439 1 1 0
23 82861 7439 2 2 0
23 82861 4139 0 4 0
23 82861 4139 1 1 0
23 82861 4139 2 2 0
23 82861 69201 0 2 0
23 82861 69201 1 3 0
23 82861 69201 2 4 0
23 82861 38145 0 2 0
23 82861 38145 1 3 0
23 82861 38145 2 4 0
23 82861 28089 0 2 0
23 82861 28089 1 3 0
23 82861 28089 2 4 0
23 82861 36709 0 2 0
23 82861 36709 1 3 0
23 82861 36709 2 4 0
23 82861 15193 0 2 0
23 82861 15193 1 3 0
23 82861 15193 2 4 0
23 82861 2995 0 4 0
23 82861 2995 1 1 0
23 82861 2995 2 2 0
23 82861 23441 0 2 0
23 82861 23441 1 3 0
23 82861 23441 2 4 0
23 82861 15457 0 2 0
23 82861 15457 1 3 0
23 82861 15457 2 4 0
23 82861 19745 0 2 0
23 82861 19745 1 3 0
23 82861 19745 2 4 0
23 82861 5477 0 2 0
23 82861 5477 1 3 0
23 82861 5477 2 4 0
23 82861 65915 0 4 0
23 82861 65915 1 1 0
23 82861 65915 2 2 0
23 82861 47323 0 4 0
23 82861 47323 1 1 0
23 82861 47323 2 2 0
23 82861 66597 0 2 0
23 82861 66597 1 3 0
23 82861 66597 2 4 0
23 82861 35981 0 2 0
23 82861 35981 1 3 0
23 82861 35981 2 4 0
23 82861 4073 0 2 0
23 82861 4073 1 3 0
23 82861 4073 2 4 0
23 82861 3517 0 2 0
23 82861 3517 1 3 0
23 82861 3517 2 4 0
23 82861 39437 0 2 0
23 82861 39437 1 3 0
23 82861 39437 2 4 0
23 82861 1713 0 2 0
23 82861 1713 1 3 0
23 82861 1713 2 4 0
23 82861 41605 0 2 0
23 82861 41605 1 3 0
23 82861 41605 2 4 0
23 82861 12773 0 2 0
23 82861 12773 1 3 0
23 82861 12773 2 4 0
23 82861 34101 0 2 0
23 82861 34101 1 3 0
23 82861 34101 2 4 0
23 82861 14437 0 2 0
23 82861 14437 1 3 0
23 82861 14437 2 4 0
23 82861 71715 0 4 0
23 82861 71715 1 1 0
23 82861 71715 2 2 0
23 82861 64915 0 4 0
23 82861 64915 1 1 0
23 82861 64915 2 2 0
23 82861 67445 0 2 0
23 82861 67445 1 3 0
23 82861 67445 2 4 0
23 82861 12461 0 2 0
23 82861 12461 1 3 0
23 82861 12461 2 4 0
23 82861 35003 0 4 0
23 82861 35003 1 1 0
23 82861 35003 2 2 0
23 82861 32753 0 2 0
23 82861 32753 1 3 0
23 82861 32753 2 4 0
23 82861 73969 0 2 0
23 82861 73969 1 3 0
23 82861 73969 2 4 0
23 82861 57049 0 2 0
23 82861 57049 1 3 0
23 82861 57049 2 4 0
23 82861 32643 0 4 0
23 82861 32643 1 1 0
23 82861 32643 2 2 0
23 82861 37675 0 4 0
23 82861 37675 1 1 0
23 82861 37675 2 2 0
23 82861 63277 0 2 0
23 82861 63277 1 3 0
23 82861 63277 2 4 0
23 82861 62065 0 2 0
23 82861 62065 1 3 0
23 82861 62065 2 4 0
23 82861 70997 0 2 0
23 82861 70997 1 3 0
23 82861 70997 2 4 0
23 82861 28101 0 2 0
23 82861 28101 1 3 0
23 82861 28101 2 4 0
23 82861 52605 0 2 0
23 82861 52605 1 3 0
23 82861 52605 2 4 0
23 82861 11335 0 4 0
23 82861 11335 1 1 0
23 82861 11335 2 2 0
23 82861 40435 0 4 0
23 82861 40435 1 1 0
23 82861 40435 2 2 0
23 82861 38503 0 4 0
23 82861 38503 1 1 0
23 82861 38503 2 2 0
23 82861 71077 0 2 0
23 82861 71077 1 3 0
23 82861 71077 2 4 0
23 82861 10365 0 2 0
23 82861 10365 1 3 0
23 82861 10365 2 4 0
23 82861 80541 0 2 0
23 82861 80541 1 3 0
23 82861 80541 2 4 0
23 82861 70139 0 4 0
23 82861 70139 1 1 0
23 82861 70139 2 2 0
23 82861 70729 0 2 0
23 82861 70729 1 3 0
23 82861 70729 2 4 0
23 82861 65325 0 2 0
23 82861 65325 1 3 0
23 82861 65325 2 4 0
23 82861 60189 0 2 0
23 82861 60189 1 3 0
23 82861 60189 2 4 0
23 82861 57327 0 4 0
23 82861 57327 1 1 0
23 82861 57327 2 2 0
23 82861 6199 0 4 0
23 82861 6199 1 1 0
23 82861 6199 2 2 0
23 82861 33619 0 4 0
23 82861 33619 1 1 0
23 82861 33619 2 2 0
23 82861 36103 0 4 0
23 82861 36103 1 1 0
23 82861 36103 2 2 0
23 82861 33753 0 2 0
23 82861 33753 1 3 0
23 82861 33753 2 4 0
23 82861 58759 0 4 0
23 82861 58759 1 1 0
23 82861 58759 2 2 0
23 82861 34109 0 2 0
23 82861 34109 1 3 0
23 82861 34109 2 4 0
23 82861 9253 0 2 0
23 82861 9253 1 3 0
23 82861 9253 2 4 0
23 82861 12543 0 4 0
23 82861 12543 1 1 0
23 82861 12543 2 2 0
23 82861 13781 0 2 0
23 82861 13781 1 3 0
23 82861 13781 2 4 0
23 82861 81759 0 4 0
23 82861 81759 1 1 0
23 82861 81759 2 2 0
23 82861 2289 0 2 0
23 82861 2289 1 3 0
23 82861 2289 2 4 0
23 82861 21429 0 2 0
23 82861 21429 1 3 0
23 82861 21429 2 4 0
23 82861 19991 0 4 0
23 82861 19991 1 1 0
23 82861 19991 2 2 0
23 82861 79509 0 2 0
23 82861 79509 1 3 0
23 82861 79509 2 4 0
23 82861 17315 0 4 0
23 82861 17315 1 1 0
23 82861 17315 2 2 0
23 82861 66275 0 4 0
23 82861 66275 1 1 0
23 82861 66275 2 2 0
23 82861 25285 0 2 0
23 82861 25285 1 3 0
23 82861 25285 2 4 0
23 82861 15407 0 4 0
23 82861 15407 1 1 0
23 82861 15407 2 2 0
23 82861 54221 0 2 0
23 82861 54221 1 3 0
23 82861 54221 2 4 0
23 82861 22369 0 2 0
23 82861 22369 1 3 0
23 82861 22369 2 4 0
23 82861 861 0 2 0
23 82861 861 1 3 0
23 82861 861 2 4 0
23 82861 59603 0 4 0
23 82861 59603 1 1 0
23 82861 59603 2 2 0
23 82861 14665 0 2 0
23 82861 14665 1 3 0
23 82861 14665 2 4 0
23 82861 77941 0 2 0
23 82861 77941 1 3 0
23 82861 77941 2 4 0
23 82861 68877 0 2 0
23 82861 68877 1 3 0
23 82861 68877 2 4 0
23 82861 26425 0 2 0
23 82861 26425 1 3 0
23 82861 26425 2 4 0
23 82861 18831 0 4 0
23 82861 18831 1 1 0
23 82861 18831 2 2 0
23 82861 62663 0 4 0
23 82861 62663 1 1 0
23 82861 62663 2 2 0
23 82861 22661 0 2 0
23 82861 22661 1 3 0
23 82861 22661 2 4 0
23 82861 2839 0 4 0
23 82861 2839 1 1 0
23 82861 2839 2 2 0
23 82861 16227 0 4 0
23 82861 16227 1 1 0
23 82861 16227 2 2 0
23 82861 43865 0 2 0
23 82861 43865 1 3 0
23 82861 43865 2 4 0
23 82861 81575 0 4 0
23 82861 81575 1 1 0
23 82861 81575 2 2 0
23 82861 52241 0 2 0
23 82861 52241 1 3 0
23 82861 52241 2 4 0
23 82861 23553 0 2 0
23 82861 23553 1 3 0
23 82861 23553 2 4 0
23 82861 6621 0 2 0
23 82861 6621 1 3 0
23 82861 6621 2 4 0
23 82861 40111 0 4 0
23 82861 40111 1 1 0
23 82861 40111 2 2 0
23 82861 43493 0 2 0
23 82861 43493 1 3 0
23 82861 43493 2 4 0
23 82861 77601 0 2 0
23 82861 77601 1 3 0
23 82861 77601 2 4 0
23 82861 6743 0 4 0
23 82861 6743 1 1 0
23 82861 6743 2 2 0
23 82861 59735 0 4 0
23 82861 59735 1 1 0
23 82861 59735 2 2 0
23 82861 46767 0 4 0
23 82861 46767 1 1 0
23 82861 46767 2 2 0
23 82861 28819 0 4 0
23 82861 28819 1 1 0
23 82861 28819 2 2 0
23 82861 61509 0 2 0
23 82861 61509 1 3 0
23 82861 61509 2 4 0
23 82861 27171 0 4 0
23 82861 27171 1 1 0
23 82861 27171 2 2 0
23 82861 36153 0 2 0
23 82861 36153 1 3 0
23 82861 36153 2 4 0
23 82861 52055 0 4 0
23 82861 52055 1 1 0
23 82861 52055 2 2 0
23 82861 38353 0 2 0
23 82861 38353 1 3 0
23 82861 38353 2 4 0
23 82861 55365 0 2 0
23 82861 55365 1 3 0
23 82861 55365 2 4 0
23 82861 39317 0 2 0
23 82861 39317 1 3 0
23 82861 39317 2 4 0
23 82861 39393 0 2 0
23 82861 39393 1 3 0
23 82861 39393 2 4 0
23 82861 71453 0 2 0
23 82861 71453 1 3 0
23 82861 71453 2 4 0
23 82861 80275 0 4 0
23 82861 80275 1 1 0
23 82861 80275 2 2 0
23 82861 39239 0 4 0
23 82861 39239 1 1 0
23 82861 39239 2 2 0
23 82861 45999 0 4 0
23 82861 45999 1 1 0
23 82861 45999 2 2 0
23 82861 33887 0 4 0
23 82861 33887 1 1 0
23 82861 33887 2 2 0
23 82861 13873 0 2 0
23 82861 13873 1 3 0
23 82861 13873 2 4 0
23 82861 52687 0 4 0
23 82861 52687 1 1 0
23 82861 52687 2 2 0
23 82861 74969 0 2 0
23 82861 74969 1 3 0
23 82861 74969 2 4 0
23 82861 74403 0 4 0
23 82861 74403 1 1 0
23 82861 74403 2 2 0
23 82861 39895 0 4 0
23 82861 39895 1 1 0
23 82861 39895 2 2 0
23 82861 8715 0 4 0
23 82861 8715 1 1 0
23 82861 8715 2 2 0
23 82861 21545 0 2 0
23 82861 21545 1 3 0
23 82861 21545 2 4 0
23 82861 57811 0 4 0
23 82861 57811 1 1 0
23 82861 57811 2 2 0
23 82861 49709 0 2 0
23 82861 49709 1 3 0
23 82861 49709 2 4 0
23 82861 78975 0 4 0
23 82861 78975 1 1 0
23 82861 78975 2 2 0
23 82861 12381 0 2 0
23 82861 12381 1 3 0
23 82861 12381 2 4 0
23 82861 73761 0 2 0
23 82861 73761 1 3 0
23 82861 73761 2 4 0
23 82861 64789 0 2 0
23 82861 64789 1 3 0
23 82861 64789 2 4 0
23 82861 42739 0 4 0
23 82861 42739 1 1 0
23 82861 42739 2 2 0
23 82861 10157 0 2 0
23 82861 10157 1 3 0
23 82861 10157 2 4 0
23 82861 44047 0 4 0
23 82861 44047 1 1 0
23 82861 44047 2 2 0
23 82861 80577 0 2 0
23 82861 80577 1 3 0
23 82861 80577 2 4 0
23 82861 37359 0 4 0
23 82861 37359 1 1 0
23 82861 37359 2 2 0
23 82861 10169 0 2 0
23 82861 10169 1 3 0
23 82861 10169 2 4 0
23 82861 71513 0 2 0
23 82861 71513 1 3 0
23 82861 71513 2 4 0
23 82861 22555 0 4 0
23 82861 22555 1 1 0
23 82861 22555 2 2 0
23 82861 19607 0 4 0
23 82861 19607 1 1 0
23 82861 19607 2 2 0
23 82861 25063 0 4 0
23 82861 25063 1 1 0
23 82861 25063 2 2 0
23 82861 58217 0 2 0
23 82861 58217 1 3 0
23 82861 58217 2 4 0
23 82861 51989 0 2 0
23 82861 51989 1 3 0
23 82861 51989 2 4 0
23 82861 10199 0 4 0
23 82861 10199 1 1 0
23 82861 10199 2 2 0
23 82861 23379 0 4 0
23 82861 23379 1 1 0
23 82861 23379 2 2 0
23 82861 18871 0 4 0
23 82861 18871 1 1 0
23 82861 18871 2 2 0
23 82861 45331 0 4 0
23 82861 45331 1 1 0
23 82861 45331 2 2 0
23 82861 71183 0 4 0
23 82861 71183 1 1 0
23 82861 71183 2 2 0
23 82861 79821 0 2 0
23 82861 79821 1 3 0
23 82861 79821 2 4 0
23 82861 22871 0 4 0
23 82861 22871 1 1 0
23 82861 22871 2 2 0
23 82861 32725 0 2 0
23 82861 32725 1 3 0
23 82861 32725 2 4 0
23 82861 75655 0 4 0
23 82861 75655 1 1 0
23 82861 75655 2 2 0
23 82861 77079 0 4 0
23 82861 77079 1 1 0
23 82861 77079 2 2 0
23 82861 51081 0 2 0
23 82861 51081 1 3 0
23 82861 51081 2 4 0
23 82861 48435 0 4 0
23 82861 48435 1 1 0
23 82861 48435 2 2 0
23 82861 61817 0 2 0
23 82861 61817 1 3 0
23 82861 61817 2 4 0
23 82861 26599 0 4 0
23 82861 26599 1 1 0
23 82861 26599 2 2 0
23 82861 12297 0 2 0
23 82861 12297 1 3 0
23 82861 12297 2 4 0
23 82861 16255 0 4 0
23 82861 16255 1 1 0
23 82861 16255 2 2 0
23 82861 3429 0 2 0
23 82861 3429 1 3 0
23 82861 3429 2 4 0
23 82861 78855 0 4 0
23 82861 78855 1 1 0
23 82861 78855 2 2 0
23 82861 693 0 2 0
23 82861 693 1 3 0
23 82861 693 2 4 0
23 82861 17771 0 4 0
23 82861 17771 1 1 0
23 82861 17771 2 2 0
23 82861 59483 0 4 0
23 82861 59483 1 1 0
23 82861 59483 2 2 0
23 82861 55951 0 4 0
23 82861 55951 1 1 0
23 82861 55951 2 2 0
23 82861 35421 0 2 0
23 82861 35421 1 3 0
23 82861 35421 2 4 0
23 82861 45421 0 2 0
23 82861 45421 1 3 0
23 82861 45421 2 4 0
23 82861 53623 0 4 0
23 82861 53623 1 1 0
23 82861 53623 2 2 0
23 82861 51089 0 2 0
23 82861 51089 1 3 0
23 82861 51089 2 4 0
23 82861 3743 0 4 0
23 82861 3743 1 1 0
23 82861 3743 2 2 0
23 82861 65535 0 4 0
23 82861 65535 1 1 0
23 82861 65535 2 2 0
23 82861 77605 0 2 0
23 82861 77605 1 3 0
23 82861 77605 2 4 0
23 82861 38253 0 2 0
23 82861 38253 1 3 0
23 82861 38253 2 4 0
23 82861 42337 0 2 0
23 82861 42337 1 3 0
23 82861 42337 2 4 0
23 82861 73513 0 2 0
23 82861 73513 1 3 0
23 82861 73513 2 4 0
23 82861 15969 0 2 0
23 82861 15969 1 3 0
23 82861 15969 2 4 0
23 82861 3871 0 4 0
23 82861 3871 1 1 0
23 82861 3871 2 2 0
23 82861 3195 0 4 0
23 82861 3195 1 1 0
23 82861 3195 2 2 0
23 82861 63923 0 4 0
23 82861 63923 1 1 0
23 82861 63923 2 2 0
23 82861 18885 0 2 0
23 82861 18885 1 3 0
23 82861 18885 2 4 0
23 82861 31351 0 4 0
23 82861 31351 1 1 0
23 82861 31351 2 2 0
23 82861 34765 0 2 0
23 82861 34765 1 3 0
23 82861 34765 2 4 0
23 82861 25597 0 2 0
23 82861 25597 1 3 0
23 82861 25597 2 4 0
23 82861 29677 0 2 0
23 82861 29677 1 3 0
23 82861 29677 2 4 0
23 82861 1173 0 2 0
23 82861 1173 1 3 0
23 82861 1173 2 4 0
23 82861 51775 0 4 0
23 82861 51775 1 1 0
23 82861 51775 2 2 0
23 82861 71753 0 2 0
23 82861 71753 1 3 0
23 82861 71753 2 4 0
23 82861 67193 0 2 0
23 82861 67193 1 3 0
23 82861 67193 2 4 0
23 82861 35883 0 4 0
23 82861 35883 1 1 0
23 82861 35883 2 2 0
23 82861 77237 0 2 0
23 82861 77237 1 3 0
23 82861 77237 2 4 0
23 82861 7173 0 2 0
23 82861 7173 1 3 0
23 82861 7173 2 4 0
23 82861 44143 0 4 0
23 82861 44143 1 1 0
23 82861 44143 2 2 0
23 82861 17353 0 2 0
23 82861 17353 1 3 0
23 82861 17353 2 4 0
23 82861 40871 0 4 0
23 82861 40871 1 1 0
23 82861 40871 2 2 0
23 82861 51427 0 4 0
23 82861 51427 1 1 0
23 82861 51427 2 2 0
23 82861 30703 0 4 0
23 82861 30703 1 1 0
23 82861 30703 2 2 0
23 82861 50217 0 2 0
23 82861 50217 1 3 0
23 82861 50217 2 4 0
23 82861 22007 0 4 0
23 82861 22007 1 1 0
23 82861 22007 2 2 0
23 82861 49179 0 4 0
23 82861 49179 1 1 0
23 82861 49179 2 2 0
23 82861 48729 0 2 0
23 82861 48729 1 3 0
23 82861 48729 2 4 0
23 82861 59649 0 2 0
23 82861 59649 1 3 0
23 82861 59649 2 4 0
23 82861 8147 0 4 0
23 82861 8147 1 1 0
23 82861 8147 2 2 0
23 82861 11443 0 4 0
23 82861 11443 1 1 0
23 82861 11443 2 2 0
23 82861 67011 0 4 0
23 82861 67011 1 1 0
23 82861 67011 2 2 0
23 82861 23025 0 2 0
23 82861 23025 1 3 0
23 82861 23025 2 4 0
23 82861 54121 0 2 0
23 82861 54121 1 3 0
23 82861 54121 2 4 0
23 82861 66537 0 2 0
23 82861 66537 1 3 0
23 82861 66537 2 4 0
23 82861 16355 0 4 0
23 82861 16355 1 1 0
23 82861 16355 2 2 0
23 82861 55281 0 2 0
23 82861 55281 1 3 0
23 82861 55281 2 4 0
23 82861 56637 0 2 0
23 82861 56637 1 3 0
23 82861 56637 2 4 0
23 82861 54507 0 4 0
23 82861 54507 1 1 0
23 82861 54507 2 2 0
23 82861 66899 0 4 0
23 82861 66899 1 1 0
23 82861 66899 2 2 0
23 82861 77791 0 4 0
23 82861 77791 1 1 0
23 82861 77791 2 2 0
23 82861 62811 0 4 0
23 82861 62811 1 1 0
23 82861 62811 2 2 0
23 82861 35627 0 4 0
23 82861 35627 1 1 0
23 82861 35627 2 2 0
23 82861 68975 0 4 0
23 82861 68975 1 1 0
23 82861 68975 2 2 0
23 82861 10039 0 4 0
23 82861 10039 1 1 0
23 82861 10039 2 2 0
23 82861 33525 0 2 0
23 82861 33525 1 3 0
23 82861 33525 2 4 0
23 82861 76415 0 4 0
23 82861 76415 1 1 0
23 82861 76415 2 2 0
23 82861 77823 0 4 0
23 82861 77823 1 1 0
23 82861 77823 2 2 0
23 82861 75409 0 2 0
23 82861 75409 1 3 0
23 82861 75409 2 4 0
23 82861 14025 0 2 0
23 82861 14025 1 3 0
23 82861 14025 2 4 0
23 82861 30861 0 2 0
23 82861 30861 1 3 0
23 82861 30861 2 4 0
23 82861 37623 0 4 0
23 82861 37623 1 1 0
23 82861 37623 2 2 0
23 82861 24959 0 4 0
23 82861 24959 1 1 0
23 82861 24959 2 2 0
23 82861 77563 0 4 0
23 82861 77563 1 1 0
23 82861 77563 2 2 0
23 82861 53543 0 4 0
23 82861 53543 1 1 0
23 82861 53543 2 2 0
23 82861 9519 0 4 0
23 82861 9519 1 1 0
23 82861 9519 2 2 0
23 82861 41423 0 4 0
23 82861 41423 1 1 0
23 82861 41423 2 2 0
23 82861 77193 0 2 0
23 82861 77193 1 3 0
23 82861 77193 2 4 0
23 82861 17191 0 4 0
23 82861 17191 1 1 0
23 82861 17191 2 2 0
23 82861 17513 0 2 0
23 82861 17513 1 3 0
23 82861 17513 2 4 0
23 82861 9967 0 4 0
23 82861 9967 1 1 0
23 82861 9967 2 2 0
23 82861 19823 0 4 0
23 82861 19823 1 1 0
23 82861 19823 2 2 0
23 82861 14939 0 4 0
23 82861 14939 1 1 0
23 82861 14939 2 2 0
23 82861 3901 0 2 0
23 82861 3901 1 3 0
23 82861 3901 2 4 0
23 82861 22585 0 2 0
23 82861 22585 1 3 0
23 82861 22585 2 4 0
23 82861 75393 0 2 0
23 82861 75393 1 3 0
23 82861 75393 2 4 0
23 82861 79899 0 4 0
23 82861 79899 1 1 0
23 82861 79899 2 2 0
23 82861 67915 0 4 0
23 82861 67915 1 1 0
23 82861 67915 2 2 0
23 82861 16865 0 2 0
23 82861 16865 1 3 0
23 82861 16865 2 4 0
23 82861 43405 0 2 0
23 82861 43405 1 3 0
23 82861 43405 2 4 0
23 82861 13941 0 2 0
23 82861 13941 1 3 0
23 82861 13941 2 4 0
23 82861 3985 0 2 0
23 82861 3985 1 3 0
23 82861 3985 2 4 0
23 82861 78017 0 2 0
23 82861 78017 1 3 0
23 82861 78017 2 4 0
23 82861 61589 0 2 0
23 82861 61589 1 3 0
23 82861 61589 2 4 0
23 82861 12035 0 4 0
23 82861 12035 1 1 0
23 82861 12035 2 2 0
23 82861 10865 0 2 0
23 82861 10865 1 3 0
23 82861 10865 2 4 0
23 82861 14727 0 4 0
23 82861 14727 1 1 0
23 82861 14727 2 2 0
23 82861 58669 0 2 0
23 82861 58669 1 3 0
23 82861 58669 2 4 0
23 82861 30141 0 2 0
23 82861 30141 1 3 0
23 82861 30141 2 4 0
23 82861 74393 0 2 0
23 82861 74393 1 3 0
23 82861 74393 2 4 0
23 82861 47321 0 2 0
23 82861 47321 1 3 0
23 82861 47321 2 4 0
23 82861 75933 0 2 0
23 82861 75933 1 3 0
23 82861 75933 2 4 0
23 82861 71475 0 4 0
23 82861 71475 1 1 0
23 82861 71475 2 2 0
23 82861 45649 0 2 0
23 82861 45649 1 3 0
23 82861 45649 2 4 0
23 82861 18551 0 4 0
23 82861 18551 1 1 0
23 82861 18551 2 2 0
23 82861 21915 0 4 0
23 82861 21915 1 1 0
23 82861 21915 2 2 0
23 82861 64043 0 4 0
23 82861 64043 1 1 0
23 82861 64043 2 2 0
23 82861 49821 0 2 0
23 82861 49821 1 3 0
23 82861 49821 2 4 0
23 82861 50199 0 4 0
23 82861 50199 1 1 0
23 82861 50199 2 2 0
23 82861 41061 0 2 0
23 82861 41061 1 3 0
23 82861 41061 2 4 0
23 82861 68521 0 2 0
23 82861 68521 1 3 0
23 82861 68521 2 4 0
23 82861 23043 0 4 0
23 82861 23043 1 1 0
23 82861 23043 2 2 0
23 82861 18761 0 2 0
23 82861 18761 1 3 0
23 82861 18761 2 4 0
23 82861 40549 0 2 0
23 82861 40549 1 3 0
23 82861 40549 2 4 0
23 82861 78701 0 2 0
23 82861 78701 1 3 0
23 82861 78701 2 4 0
23 82861 61617 0 2 0
23 82861 61617 1 3 0
23 82861 61617 2 4 0
23 82861 28319 0 4 0
23 82861 28319 1 1 0
23 82861 28319 2 2 0
23 82861 16905 0 2 0
23 82861 16905 1 3 0
23 82861 16905 2 4 0
23 82861 34373 0 2 0
23 82861 34373 1 3 0
23 82861 34373 2 4 0
23 82861 79287 0 4 0
23 82861 79287 1 1 0
23 82861 79287 2 2 0
23 82861 69323 0 4 0
23 82861 69323 1 1 0
23 82861 69323 2 2 0
23 82861 62471 0 4 0
23 82861 62471 1 1 0
23 82861 62471 2 2 0
23 82861 36357 0 2 0
23 82861 36357 1 3 0
23 82861 36357 2 4 0
23 82861 67311 0 4 0
23 82861 67311 1 1 0
23 82861 67311 2 2 0
23 82861 78223 0 4 0
23 82861 78223 1 1 0
23 82861 78223 2 2 0
23 82861 16955 0 4 0
23 82861 16955 1 1 0
23 82861 16955 2 2 0
23 82861 19239 0 4 0
23 82861 19239 1 1 0
23 82861 19239 2 2 0
23 82861 71097 0 2 0
23 82861 71097 1 3 0
23 82861 71097 2 4 0
23 82861 18089 0 2 0
23 82861 18089 1 3 0
23 82861 18089 2 4 0
23 82861 6047 0 4 0
23 82861 6047 1 1 0
23 82861 6047 2 2 0
23 82861 74489 0 2 0
23 82861 74489 1 3 0
23 82861 74489 2 4 0
23 82861 8293 0 2 0
23 82861 8293 1 3 0
23 82861 8293 2 4 0
23 82861 69539 0 4 0
23 82861 69539 1 1 0
23 82861 69539 2 2 0
23 82861 50921 0 2 0
23 82861 50921 1 3 0
23 82861 50921 2 4 0
23 82861 21671 0 4 0
23 82861 21671 1 1 0
23 82861 21671 2 2 0
23 82861 71221 0 2 0
23 82861 71221 1 3 0
23 82861 71221 2 4 0
23 82861 21815 0 4 0
23 82861 21815 1 1 0
23 82861 21815 2 2 0
23 82861 20041 0 2 0
23 82861 20041 1 3 0
23 82861 20041 2 4 0
23 82861 40855 0 4 0
23 82861 40855 1 1 0
23 82861 40855 2 2 0
23 82861 29799 0 4 0
23 82861 29799 1 1 0
23 82861 29799 2 2 0
23 82861 55979 0 4 0
23 82861 55979 1 1 0
23 82861 55979 2 2 0
23 82861 52773 0 2 0
23 82861 52773 1 3 0
23 82861 52773 2 4 0
23 82861 67135 0 4 0
23 82861 67135 1 1 0
23 82861 67135 2 2 0
23 82861 19655 0 4 0
23 82861 19655 1 1 0
23 82861 19655 2 2 0
23 82861 48649 0 2 0
23 82861 48649 1 3 0
23 82861 48649 2 4 0
23 82861 59953 0 2 0
23 82861 59953 1 3 0
23 82861 59953 2 4 0
23 82861 9231 0 4 0
23 82861 9231 1 1 0
23 82861 9231 2 2 0
23 82861 78461 0 2 0
23 82861 78461 1 3 0
23 82861 78461 2 4 0
23 82861 17107 0 4 0
23 82861 17107 1 1 0
23 82861 17107 2 2 0
23 82861 52839 0 4 0
23 82861 52839 1 1 0
23 82861 52839 2 2 0
23 82861 50293 0 2 0
23 82861 50293 1 3 0
23 82861 50293 2 4 0
23 82861 41575 0 4 0
23 82861 41575 1 1 0
23 82861 41575 2 2 0
23 82861 67691 0 4 0
23 82861 67691 1 1 0
23 82861 67691 2 2 0
23 82861 66979 0 4 0
23 82861 66979 1 1 0
23 82861 66979 2 2 0
23 82861 2543 0 4 0
23 82861 2543 1 1 0
23 82861 2543 2 2 0
23 82861 69311 0 4 0
23 82861 69311 1 1 0
23 82861 69311 2 2 0
23 82861 73007 0 4 0
23 82861 73007 1 1 0
23 82861 73007 2 2 0
23 82861 76005 0 2 0
23 82861 76005 1 3 0
23 82861 76005 2 4 0
23 82861 72917 0 2 0
23 82861 72917 1 3 0
23 82861 72917 2 4 0
23 82861 80845 0 2 0
23 82861 80845 1 3 0
23 82861 80845 2 4 0
23 82861 5003 0 4 0
23 82861 5003 1 1 0
23 82861 5003 2 2 0
23 82861 78289 0 2 0
23 82861 78289 1 3 0
23 82861 78289 2 4 0
23 82861 73567 0 4 0
23 82861 73567 1 1 0
23 82861 73567 2 2 0
23 82861 35923 0 4 0
23 82861 35923 1 1 0
23 82861 35923 2 2 0
23 82861 66253 0 2 0
23 82861 66253 1 3 0
23 82861 66253 2 4 0
23 82861 19279 0 4 0
23 82861 19279 1 1 0
23 82861 19279 2 2 0
23 82861 34047 0 4 0
23 82861 34047 1 1 0
23 82861 34047 2 2 0
23 82861 15979 0 4 0
23 82861 15979 1 1 0
23 82861 15979 2 2 0
23 82861 33667 0 4 0
23 82861 33667 1 1 0
23 82861 33667 2 2 0
23 82861 75709 0 2 0
23 82861 75709 1 3 0
23 82861 75709 2 4 0
23 82861 6875 0 4 0
23 82861 6875 1 1 0
23 82861 6875 2 2 0
23 82861 41249 0 2 0
23 82861 41249 1 3 0
23 82861 41249 2 4 0
23 82861 64613 0 2 0
23 82861 64613 1 3 0
23 82861 64613 2 4 0
23 82861 4235 0 4 0
23 82861 4235 1 1 0
23 82861 4235 2 2 0
23 82861 3905 0 2 0
23 82861 3905 1 3 0
23 82861 3905 2 4 0
23 82861 59375 0 4 0
23 82861 59375 1 1 0
23 82861 59375 2 2 0
23 82861 46979 0 4 0
23 82861 46979 1 1 0
23 82861 46979 2 2 0
23 82861 16327 0 4 0
23 82861 16327 1 1 0
23 82861 16327 2 2 0
23 82861 77355 0 4 0
23 82861 77355 1 1 0
23 82861 77355 2 2 0
23 82861 19905 0 2 0
23 82861 19905 1 3 0
23 82861 19905 2 4 0
23 82861 36879 0 4 0
23 82861 36879 1 1 0
23 82861 36879 2 2 0
23 82861 48007 0 4 0
23 82861 48007 1 1 0
23 82861 48007 2 2 0
23 82861 23971 0 4 0
23 82861 23971 1 1 0
23 82861 23971 2 2 0
23 82861 16403 0 4 0
23 82861 16403 1 1 0
23 82861 16403 2 2 0
23 82861 49731 0 4 0
23 82861 49731 1 1 0
23 82861 49731 2 2 0
23 82861 14849 0 2 0
23 82861 14849 1 3 0
23 82861 14849 2 4 0
23 82861 36821 0 2 0
23 82861 36821 1 3 0
23 82861 36821 2 4 0
23 82861 29477 0 2 0
23 82861 29477 1 3 0
23 82861 29477 2 4 0
23 82861 65935 0 4 0
23 82861 65935 1 1 0
23 82861 65935 2 2 0
23 82861 63545 0 2 0
23 82861 63545 1 3 0
23 82861 63545 2 4 0
23 82861 67665 0 2 0
23 82861 67665 1 3 0
23 82861 67665 2 4 0
23 82861 40095 0 4 0
23 82861 40095 1 1 0
23 82861 40095 2 2 0
23 82861 79459 0 4 0
23 82861 79459 1 1 0
23 82861 79459 2 2 0
23 82861 7287 0 4 0
23 82861 7287 1 1 0
23 82861 7287 2 2 0
23 82861 48851 0 4 0
23 82861 48851 1 1 0
23 82861 48851 2 2 0
23 82861 33823 0 4 0
23 82861 33823 1 1 0
23 82861 33823 2 2 0
23 82861 74241 0 2 0
23 82861 74241 1 3 0
23 82861 74241 2 4 0
23 82861 2025 0 2 0
23 82861 2025 1 3 0
23 82861 2025 2 4 0
23 82861 15967 0 4 0
23 82861 15967 1 1 0
23 82861 15967 2 2 0
23 82861 46181 0 2 0
23 82861 46181 1 3 0
23 82861 46181 2 4 0
23 82861 7499 0 4 0
23 82861 7499 1 1 0
23 82861 7499 2 2 0
23 82861 895 0 4 0
23 82861 895 1 1 0
23 82861 895 2 2 0
23 82861 81853 0 2 0
23 82861 81853 1 3 0
23 82861 81853 2 4 0
23 82861 46799 0 4 0
23 82861 46799 1 1 0
23 82861 46799 2 2 0
23 82861 66559 0 4 0
23 82861 66559 1 1 0
23 82861 66559 2 2 0
23 82861 53571 0 4 0
23 82861 53571 1 1 0
23 82861 53571 2 2 0
23 82861 73137 0 2 0
23 82861 73137 1 3 0
23 82861 73137 2 4 0
23 82861 12899 0 4 0
23 82861 12899 1 1 0
23 82861 12899 2 2 0
23 82861 16059 0 4 0
23 82861 16059 1 1 0
23 82861 16059 2 2 0
23 82861 39359 0 4 0
23 82861 39359 1 1 0
23 82861 39359 2 2 0
23 82861 30351 0 4 0
23 82861 30351 1 1 0
23 82861 30351 2 2 0
23 82861 32635 0 4 0
23 82861 32635 1 1 0
23 82861 32635 2 2 0
23 82861 37141 0 2 0
23 82861 37141 1 3 0
23 82861 37141 2 4 0
23 82861 32817 0 2 0
23 82861 32817 1 3 0
23 82861 32817 2 4 0
23 82861 74177 0 2 0
23 82861 74177 1 3 0
23 82861 74177 2 4 0
23 82861 565 0 2 0
23 82861 565 1 3 0
23 82861 565 2 4 0
23 82861 18721 0 2 0
23 82861 18721 1 3 0
23 82861 18721 2 4 0
23 82861 65955 0 4 0
23 82861 65955 1 1 0
23 82861 65955 2 2 0
23 82861 81567 0 4 0
23 82861 81567 1 1 0
23 82861 81567 2 2 0
23 82861 37523 0 4 0
23 82861 37523 1 1 0
23 82861 37523 2 2 0
23 82861 28013 0 2 0
23 82861 28013 1 3 0
23 82861 28013 2 4 0
23 82861 73297 0 2 0
23 82861 73297 1 3 0
23 82861 73297 2 4 0
23 82861 47259 0 4 0
23 82861 47259 1 1 0
23 82861 47259 2 2 0
23 82861 44551 0 4 0
23 82861 44551 1 1 0
23 82861 44551 2 2 0
23 82861 36943 0 4 0
23 82861 36943 1 1 0
23 82861 36943 2 2 0
23 82861 53397 0 2 0
23 82861 53397 1 3 0
23 82861 53397 2 4 0
23 82861 71211 0 4 0
23 82861 71211 1 1 0
23 82861 71211 2 2 0
23 82861 31125 0 2 0
23 82861 31125 1 3 0
23 82861 31125 2 4 0
23 82861 77649 0 2 0
23 82861 77649 1 3 0
23 82861 77649 2 4 0
23 82861 24943 0 4 0
23 82861 24943 1 1 0
23 82861 24943 2 2 0
23 82861 3627 0 4 0
23 82861 3627 1 1 0
23 82861 3627 2 2 0
23 82861 72065 0 2 0
23 82861 72065 1 3 0
23 82861 72065 2 4 0
23 82861 74311 0 4 0
23 82861 74311 1 1 0
23 82861 74311 2 2 0
23 82861 47793 0 2 0
23 82861 47793 1 3 0
23 82861 47793 2 4 0
23 82861 35133 0 2 0
23 82861 35133 1 3 0
23 82861 35133 2 4 0
23 82861 58801 0 2 0
23 82861 58801 1 3 0
23 82861 58801 2 4 0
23 82861 31007 0 4 0
23 82861 31007 1 1 0
23 82861 31007 2 2 0
23 82861 23675 0 4 0
23 82861 23675 1 1 0
23 82861 23675 2 2 0
23 82861 52569 0 2 0
23 82861 52569 1 3 0
23 82861 52569 2 4 0
23 82861 12855 0 4 0
23 82861 12855 1 1 0
23 82861 12855 2 2 0
23 82861 55863 0 4 0
23 82861 55863 1 1 0
23 82861 55863 2 2 0
23 82861 32197 0 2 0
23 82861 32197 1 3 0
23 82861 32197 2 4 0
23 82861 20919 0 4 0
23 82861 20919 1 1 0
23 82861 20919 2 2 0
23 82861 56939 0 4 0
23 82861 56939 1 1 0
23 82861 56939 2 2 0
23 82861 3577 0 2 0
23 82861 3577 1 3 0
23 82861 3577 2 4 0
23 82861 58113 0 2 0
23 82861 58113 1 3 0
23 82861 58113 2 4 0
23 82861 11085 0 2 0
23 82861 11085 1 3 0
23 82861 11085 2 4 0
23 82861 64943 0 4 0
23 82861 64943 1 1 0
23 82861 64943 2 2 0
23 82861 81441 0 2 0
23 82861 81441 1 3 0
23 82861 81441 2 4 0
23 82861 8987 0 4 0
23 82861 8987 1 1 0
23 82861 8987 2 2 0
23 82861 75141 0 2 0
23 82861 75141 1 3 0
23 82861 75141 2 4 0
23 82861 74273 0 2 0
23 82861 74273 1 3 0
23 82861 74273 2 4 0
23 82861 22971 0 4 0
23 82861 22971 1 1 0
23 82861 22971 2 2 0
23 82861 9345 0 2 0
23 82861 9345 1 3 0
23 82861 9345 2 4 0
23 82861 3173 0 2 0
23 82861 3173 1 3 0
23 82861 3173 2 4 0
23 82861 18733 0 2 0
23 82861 18733 1 3 0
23 82861 18733 2 4 0
23 82861 75627 0 4 0
23 82861 75627 1 1 0
23 82861 75627 2 2 0
23 82861 62505 0 2 0
23 82861 62505 1 3 0
23 82861 62505 2 4 0
23 82861 58751 0 4 0
23 82861 58751 1 1 0
23 82861 58751 2 2 0
23 82861 271 0 4 0
23 82861 271 1 1 0
23 82861 271 2 2 0
23 82861 12923 0 4 0
23 82861 12923 1 1 0
23 82861 12923 2 2 0
23 82861 68201 0 2 0
23 82861 68201 1 3 0
23 82861 68201 2 4 0
23 82861 76797 0 2 0
23 82861 76797 1 3 0
23 82861 76797 2 4 0
23 82861 51343 0 4 0
23 82861 51343 1 1 0
23 82861 51343 2 2 0
23 82861 13035 0 4 0
23 82861 13035 1 1 0
23 82861 13035 2 2 0
23 82861 6515 0 4 0
23 82861 6515 1 1 0
23 82861 6515 2 2 0
23 82861 51423 0 4 0
23 82861 51423 1 1 0
23 82861 51423 2 2 0
23 82861 16377 0 2 0
23 82861 16377 1 3 0
23 82861 16377 2 4 0
23 82861 22453 0 2 0
23 82861 22453 1 3 0
23 82861 22453 2 4 0
23 82861 20475 0 4 0
23 82861 20475 1 1 0
23 82861 20475 2 2 0
23 82861 52603 0 4 0
23 82861 52603 1 1 0
23 82861 52603 2 2 0
23 82861 44857 0 2 0
23 82861 44857 1 3 0
23 82861 44857 2 4 0
23 82861 45861 0 2 0
23 82861 45861 1 3 0
23 82861 45861 2 4 0
23 82861 61873 0 2 0
23 82861 61873 1 3 0
23 82861 61873 2 4 0
23 82861 32563 0 4 0
23 82861 32563 1 1 0
23 82861 32563 2 2 0
23 82861 59397 0 2 0
23 82861 59397 1 3 0
23 82861 59397 2 4 0
23 82861 63723 0 4 0
23 82861 63723 1 1 0
23 82861 63723 2 2 0
23 82861 20939 0 4 0
23 82861 20939 1 1 0
23 82861 20939 2 2 0
23 82861 46385 0 2 0
23 82861 46385 1 3 0
23 82861 46385 2 4 0
23 82861 37159 0 4 0
23 82861 37159 1 1 0
23 82861 37159 2 2 0
23 82861 46357 0 2 0
23 82861 46357 1 3 0
23 82861 46357 2 4 0
23 82861 32633 0 2 0
23 82861 32633 1 3 0
23 82861 32633 2 4 0
23 82861 76027 0 4 0
23 82861 76027 1 1 0
23 82861 76027 2 2 0
23 82861 57663 0 4 0
23 82861 57663 1 1 0
23 82861 57663 2 2 0
23 82861 74769 0 2 0
23 82861 74769 1 3 0
23 82861 74769 2 4 0
23 82861 18693 0 2 0
23 82861 18693 1 3 0
23 82861 18693 2 4 0
23 82861 8399 0 4 0
23 82861 8399 1 1 0
23 82861 8399 2 2 0
23 82861 44057 0 2 0
23 82861 44057 1 3 0
23 82861 44057 2 4 0
23 82861 24885 0 2 0
23 82861 24885 1 3 0
23 82861 24885 2 4 0
23 82861 7963 0 4 0
23 82861 7963 1 1 0
23 82861 7963 2 2 0
23 82861 18881 0 2 0
23 82861 18881 1 3 0
23 82861 18881 2 4 0
23 82861 61801 0 2 0
23 82861 61801 1 3 0
23 82861 61801 2 4 0
23 82861 61401 0 2 0
23 82861 61401 1 3 0
23 82861 61401 2 4 0
23 82861 71127 0 4 0
23 82861 71127 1 1 0
23 82861 71127 2 2 0
23 82861 48193 0 2 0
23 82861 48193 1 3 0
23 82861 48193 2 4 0
23 82861 62199 0 4 0
23 82861 62199 1 1 0
23 82861 62199 2 2 0
23 82861 45683 0 4 0
23 82861 45683 1 1 0
23 82861 45683 2 2 0
23 82861 2755 0 4 0
23 82861 2755 1 1 0
23 82861 2755 2 2 0
23 82861 10753 0 2 0
23 82861 10753 1 3 0
23 82861 10753 2 4 0
23 82861 26977 0 2 0
23 82861 26977 1 3 0
23 82861 26977 2 4 0
23 82861 59909 0 2 0
23 82861 59909 1 3 0
23 82861 59909 2 4 0
23 82861 37383 0 4 0
23 82861 37383 1 1 0
23 82861 37383 2 2 0
23 82861 62341 0 2 0
23 82861 62341 1 3 0
23 82861 62341 2 4 0
23 82861 28221 0 2 0
23 82861 28221 1 3 0
23 82861 28221 2 4 0
23 82861 6559 0 4 0
23 82861 6559 1 1 0
23 82861 6559 2 2 0
23 82861 40179 0 4 0
23 82861 40179 1 1 0
23 82861 40179 2 2 0
23 82861 42767 0 4 0
23 82861 42767 1 1 0
23 82861 42767 2 2 0
23 82861 4069 0 2 0
23 82861 4069 1 3 0
23 82861 4069 2 4 0
23 82861 73751 0 4 0
23 82861 73751 1 1 0
23 82861 73751 2 2 0
23 82861 70735 0 4 0
23 82861 70735 1 1 0
23 82861 70735 2 2 0
23 82861 55991 0 4 0
23 82861 55991 1 1 0
23 82861 55991 2 2 0
24 82861 79469 0 2 0
24 82861 79469 1 3 0
24 82861 79469 2 4 0
24 82861 50005 0 2 0
24 82861 50005 1 3 0
24 82861 50005 2 4 0
24 82861 56795 0 4 0
24 82861 56795 1 1 0
24 82861 56795 2 2 0
24 82861 71921 0 2 0
24 82861 71921 1 3 0
24 82861 71921 2 4 0
24 82861 22129 0 2 0
24 82861 22129 1 3 0
24 82861 22129 2 4 0
24 82861 10311 0 4 0
24 82861 10311 1 1 0
24 82861 10311 2 2 0
24 82861 69727 0 4 0
24 82861 69727 1 1 0
24 82861 69727 2 2 0
24 82861 53301 0 2 0
24 82861 53301 1 3 0
24 82861 53301 2 4 0
24 82861 45117 0 2 0
24 82861 45117 1 3 0
24 82861 45117 2 4 0
24 82861 16591 0 4 0
24 82861 16591 1 1 0
24 82861 16591 2 2 0
24 82861 5413 0 2 0
24 82861 5413 1 3 0
24 82861 5413 2 4 0
24 82861 37997 0 2 0
24 82861 37997 1 3 0
24 82861 37997 2 4 0
24 82861 69059 0 4 0
24 82861 69059 1 1 0
24 82861 69059 2 2 0
24 82861 60839 0 4 0
24 82861 60839 1 1 0
24 82861 60839 2 2 0
24 82861 32351 0 4 0
24 82861 32351 1 1 0
24 82861 32351 2 2 0
24 82861 58823 0 4 0
24 82861 58823 1 1 0
24 82861 58823 2 2 0
24 82861 8163 0 4 0
24 82861 8163 1 1 0
24 82861 8163 2 2 0
24 82861 41919 0 4 0
24 82861 41919 1 1 0
24 82861 41919 2 2 0
24 82861 31267 0 4 0
24 82861 31267 1 1 0
24 82861 31267 2 2 0
24 82861 41497 0 2 0
24 82861 41497 1 3 0
24 82861 41497 2 4 0
24 82861 73989 0 2 0
24 82861 73989 1 3 0
24 82861 73989 2 4 0
24 82861 9599 0 4 0
24 82861 9599 1 1 0
24 82861 9599 2 2 0
24 82861 7221 0 2 0
24 82861 7221 1 3 0
24 82861 7221 2 4 0
24 82861 15235 0 4 0
24 82861 15235 1 1 0
24 82861 15235 2 2 0
24 82861 42037 0 2 0
24 82861 42037 1 3 0
24 82861 42037 2 4 0
24 82861 2241 0 2 0
24 82861 2241 1 3 0
24 82861 2241 2 4 0
24 82861 285 0 2 0
24 82861 285 1 3 0
24 82861 285 2 4 0
24 82861 7177 0 2 0
24 82861 7177 1 3 0
24 82861 7177 2 4 0
24 82861 59381 0 2 0
24 82861 59381 1 3 0
24 82861 59381 2 4 0
24 82861 20677 0 2 0
24 82861 20677 1 3 0
24 82861 20677 2 4 0
24 82861 72579 0 4 0
24 82861 72579 1 1 0
24 82861 72579 2 2 0
24 82861 43757 0 2 0
24 82861 43757 1 3 0
24 82861 43757 2 4 0
24 82861 61657 0 2 0
24 82861 61657 1 3 0
24 82861 61657 2 4 0
24 82861 19485 0 2 0
24 82861 19485 1 3 0
24 82861 19485 2 4 0
24 82861 54185 0 2 0
24 82861 54185 1 3 0
24 82861 54185 2 4 0
24 82861 30621 0 2 0
24 82861 30621 1 3 0
24 82861 30621 2 4 0
24 82861 17597 0 2 0
24 82861 17597 1 3 0
24 82861 17597 2 4 0
24 82861 4373 0 2 0
24 82861 4373 1 3 0
24 82861 4373 2 4 0
24 82861 66619 0 4 0
24 82861 66619 1 1 0
24 82861 66619 2 2 0
24 82861 46883 0 4 0
24 82861 46883 1 1 0
24 82861 46883 2 2 0
24 82861 24559 0 4 0
24 82861 24559 1 1 0
24 82861 24559 2 2 0
24 82861 6383 0 4 0
24 82861 6383 1 1 0
24 82861 6383 2 2 0
24 82861 7677 0 2 0
24 82861 7677 1 3 0
24 82861 7677 2 4 0
24 82861 25403 0 4 0
24 82861 25403 1 1 0
24 82861 25403 2 2 0
24 82861 65445 0 2 0
24 82861 65445 1 3 0
24 82861 65445 2 4 0
24 82861 78717 0 2 0
24 82861 78717 1 3 0
24 82861 78717 2 4 0
24 82861 4673 0 2 0
24 82861 4673 1 3 0
24 82861 4673 2 4 0
24 82861 72129 0 2 0
24 82861 72129 1 3 0
24 82861 72129 2 4 0
24 82861 3539 0 4 0
24 82861 3539 1 1 0
24 82861 3539 2 2 0
24 82861 3013 0 2 0
24 82861 3013 1 3 0
24 82861 3013 2 4 0
24 82861 847 0 4 0
24 82861 847 1 1 0
24 82861 847 2 2 0
24 82861 52845 0 2 0
24 82861 52845 1 3 0
24 82861 52845 2 4 0
24 82861 59159 0 4 0
24 82861 59159 1 1 0
24 82861 59159 2 2 0
24 82861 6777 0 2 0
24 82861 6777 1 3 0
24 82861 6777 2 4 0
24 82861 11249 0 2 0
24 82861 11249 1 3 0
24 82861 11249 2 4 0
24 82861 70257 0 2 0
24 82861 70257 1 3 0
24 82861 70257 2 4 0
24 82861 3149 0 2 0
24 82861 3149 1 3 0
24 82861 3149 2 4 0
24 82861 43465 0 2 0
24 82861 43465 1 3 0
24 82861 43465 2 4 0
24 82861 57689 0 2 0
24 82861 57689 1 3 0
24 82861 57689 2 4 0
24 82861 1269 0 2 0
24 82861 1269 1 3 0
24 82861 1269 2 4 0
24 82861 77417 0 2 0
24 82861 77417 1 3 0
24 82861 77417 2 4 0
24 82861 66079 0 4 0
24 82861 66079 1 1 0
24 82861 66079 2 2 0
24 82861 70639 0 4 0
24 82861 70639 1 1 0
24 82861 70639 2 2 0
24 82861 19553 0 2 0
24 82861 19553 1 3 0
24 82861 19553 2 4 0
24 82861 71479 0 4 0
24 82861 71479 1 1 0
24 82861 71479 2 2 0
24 82861 41119 0 4 0
24 82861 41119 1 1 0
24 82861 41119 2 2 0
24 82861 41755 0 4 0
24 82861 41755 1 1 0
24 82861 41755 2 2 0
24 82861 47093 0 2 0
24 82861 47093 1 3 0
24 82861 47093 2 4 0
24 82861 23241 0 2 0
24 82861 23241 1 3 0
24 82861 23241 2 4 0
24 82861 9681 0 2 0
24 82861 9681 1 3 0
24 82861 9681 2 4 0
24 82861 65881 0 2 0
24 82861 65881 1 3 0
24 82861 65881 2 4 0
24 82861 48655 0 4 0
24 82861 48655 1 1 0
24 82861 48655 2 2 0
24 82861 37995 0 4 0
24 82861 37995 1 1 0
24 82861 37995 2 2 0
24 82861 45675 0 4 0
24 82861 45675 1 1 0
24 82861 45675 2 2 0
24 82861 69923 0 4 0
24 82861 69923 1 1 0
24 82861 69923 2 2 0
24 82861 30257 0 2 0
24 82861 30257 1 3 0
24 82861 30257 2 4 0
24 82861 19597 0 2 0
24 82861 19597 1 3 0
24 82861 19597 2 4 0
24 82861 27309 0 2 0
24 82861 27309 1 3 0
24 82861 27309 2 4 0
24 82861 26151 0 4 0
24 82861 26151 1 1 0
24 82861 26151 2 2 0
24 82861 12189 0 2 0
24 82861 12189 1 3 0
24 82861 12189 2 4 0
24 82861 40593 0 2 0
24 82861 40593 1 3 0
24 82861 40593 2 4 0
24 82861 48965 0 2 0
24 82861 48965 1 3 0
24 82861 48965 2 4 0
24 82861 19105 0 2 0
24 82861 19105 1 3 0
24 82861 19105 2 4 0
24 82861 51193 0 2 0
24 82861 51193 1 3 0
24 82861 51193 2 4 0
24 82861 76145 0 2 0
24 82861 76145 1 3 0
24 82861 76145 2 4 0
24 82861 75845 0 2 0
24 82861 75845 1 3 0
24 82861 75845 2 4 0
24 82861 26221 0 2 0
24 82861 26221 1 3 0
24 82861 26221 2 4 0
24 82861 54749 0 2 0
24 82861 54749 1 3 0
24 82861 54749 2 4 0
24 82861 34059 0 4 0
24 82861 34059 1 1 0
24 82861 34059 2 2 0
24 82861 389 0 2 0
24 82861 389 1 3 0
24 82861 389 2 4 0
24 82861 8833 0 2 0
24 82861 8833 1 3 0
24 82861 8833 2 4 0
24 82861 63393 0 2 0
24 82861 63393 1 3 0
24 82861 63393 2 4 0
24 82861 11319 0 4 0
24 82861 11319 1 1 0
24 82861 11319 2 2 0
24 82861 18681 0 2 0
24 82861 18681 1 3 0
24 82861 18681 2 4 0
24 82861 79027 0 4 0
24 82861 79027 1 1 0
24 82861 79027 2 2 0
24 82861 59283 0 4 0
24 82861 59283 1 1 0
24 82861 59283 2 2 0
24 82861 56289 0 2 0
24 82861 56289 1 3 0
24 82861 56289 2 4 0
24 82861 40955 0 4 0
24 82861 40955 1 1 0
24 82861 40955 2 2 0
24 82861 32169 0 2 0
24 82861 32169 1 3 0
24 82861 32169 2 4 0
24 82861 37815 0 4 0
24 82861 37815 1 1 0
24 82861 37815 2 2 0
24 82861 14875 0 4 0
24 82861 14875 1 1 0
24 82861 14875 2 2 0
24 82861 5543 0 4 0
24 82861 5543 1 1 0
24 82861 5543 2 2 0
24 82861 72475 0 4 0
24 82861 72475 1 1 0
24 82861 72475 2 2 0
24 82861 68339 0 4 0
24 82861 68339 1 1 0
24 82861 68339 2 2 0
24 82861 65375 0 4 0
24 82861 65375 1 1 0
24 82861 65375 2 2 0
24 82861 75505 0 2 0
24 82861 75505 1 3 0
24 82861 75505 2 4 0
24 82861 52393 0 2 0
24 82861 52393 1 3 0
24 82861 52393 2 4 0
24 82861 64241 0 2 0
24 82861 64241 1 3 0
24 82861 64241 2 4 0
24 82861 17973 0 2 0
24 82861 17973 1 3 0
24 82861 17973 2 4 0
24 82861 59849 0 2 0
24 82861 59849 1 3 0
24 82861 59849 2 4 0
24 82861 33839 0 4 0
24 82861 33839 1 1 0
24 82861 33839 2 2 0
24 82861 26965 0 2 0
24 82861 26965 1 3 0
24 82861 26965 2 4 0
24 82861 12735 0 4 0
24 82861 12735 1 1 0
24 82861 12735 2 2 0
24 82861 42389 0 2 0
24 82861 42389 1 3 0
24 82861 42389 2 4 0
24 82861 43691 0 4 0
24 82861 43691 1 1 0
24 82861 43691 2 2 0
24 82861 70973 0 2 0
24 82861 70973 1 3 0
24 82861 70973 2 4 0
24 82861 60529 0 2 0
24 82861 60529 1 3 0
24 82861 60529 2 4 0
24 82861 55497 0 2 0
24 82861 55497 1 3 0
24 82861 55497 2 4 0
24 82861 80259 0 4 0
24 82861 80259 1 1 0
24 82861 80259 2 2 0
24 82861 57569 0 2 0
24 82861 57569 1 3 0
24 82861 57569 2 4 0
24 82861 21381 0 2 0
24 82861 21381 1 3 0
24 82861 21381 2 4 0
24 82861 45633 0 2 0
24 82861 45633 1 3 0
24 82861 45633 2 4 0
24 82861 80345 0 2 0
24 82861 80345 1 3 0
24 82861 80345 2 4 0
24 82861 44155 0 4 0
24 82861 44155 1 1 0
24 82861 44155 2 2 0
24 82861 23237 0 2 0
24 82861 23237 1 3 0
24 82861 23237 2 4 0
24 82861 64145 0 2 0
24 82861 64145 1 3 0
24 82861 64145 2 4 0
24 82861 43419 0 4 0
24 82861 43419 1 1 0
24 82861 43419 2 2 0
24 82861 47779 0 4 0
24 82861 47779 1 1 0
24 82861 47779 2 2 0
24 82861 53047 0 4 0
24 82861 53047 1 1 0
24 82861 53047 2 2 0
24 82861 56439 0 4 0
24 82861 56439 1 1 0
24 82861 56439 2 2 0
24 82861 81125 0 2 0
24 82861 81125 1 3 0
24 82861 81125 2 4 0
24 82861 81243 0 4 0
24 82861 81243 1 1 0
24 82861 81243 2 2 0
24 82861 23967 0 4 0
24 82861 23967 1 1 0
24 82861 23967 2 2 0
24 82861 8337 0 2 0
24 82861 8337 1 3 0
24 82861 8337 2 4 0
24 82861 49549 0 2 0
24 82861 49549 1 3 0
24 82861 49549 2 4 0
24 82861 27005 0 2 0
24 82861 27005 1 3 0
24 82861 27005 2 4 0
24 82861 78983 0 4 0
24 82861 78983 1 1 0
24 82861 78983 2 2 0
24 82861 37443 0 4 0
24 82861 37443 1 1 0
24 82861 37443 2 2 0
24 82861 79477 0 2 0
24 82861 79477 1 3 0
24 82861 79477 2 4 0
24 82861 32957 0 2 0
24 82861 32957 1 3 0
24 82861 32957 2 4 0
24 82861 46611 0 4 0
24 82861 46611 1 1 0
24 82861 46611 2 2 0
24 82861 64913 0 2 0
24 82861 64913 1 3 0
24 82861 64913 2 4 0
24 82861 11453 0 2 0
24 82861 11453 1 3 0
24 82861 11453 2 4 0
24 82861 73157 0 2 0
24 82861 73157 1 3 0
24 82861 73157 2 4 0
24 82861 29801 0 2 0
24 82861 29801 1 3 0
24 82861 29801 2 4 0
24 82861 24783 0 4 0
24 82861 24783 1 1 0
24 82861 24783 2 2 0
24 82861 21531 0 4 0
24 82861 21531 1 1 0
24 82861 21531 2 2 0
24 82861 10927 0 4 0
24 82861 10927 1 1 0
24 82861 10927 2 2 0
24 82861 81663 0 4 0
24 82861 81663 1 1 0
24 82861 81663 2 2 0
24 82861 79693 0 2 0
24 82861 79693 1 3 0
24 82861 79693 2 4 0
24 82861 55127 0 4 0
24 82861 55127 1 1 0
24 82861 55127 2 2 0
24 82861 63113 0 2 0
24 82861 63113 1 3 0
24 82861 63113 2 4 0
24 82861 34365 0 2 0
24 82861 34365 1 3 0
24 82861 34365 2 4 0
24 82861 23161 0 2 0
24 82861 23161 1 3 0
24 82861 23161 2 4 0
24 82861 75099 0 4 0
24 82861 75099 1 1 0
24 82861 75099 2 2 0
24 82861 46507 0 4 0
24 82861 46507 1 1 0
24 82861 46507 2 2 0
24 82861 50979 0 4 0
24 82861 50979 1 1 0
24 82861 50979 2 2 0
24 82861 27379 0 4 0
24 82861 27379 1 1 0
24 82861 27379 2 2 0
24 82861 26149 0 2 0
24 82861 26149 1 3 0
24 82861 26149 2 4 0
24 82861 4211 0 4 0
24 82861 4211 1 1 0
24 82861 4211 2 2 0
24 82861 23541 0 2 0
24 82861 23541 1 3 0
24 82861 23541 2 4 0
24 82861 3659 0 4 0
24 82861 3659 1 1 0
24 82861 3659 2 2 0
24 82861 36719 0 4 0
24 82861 36719 1 1 0
24 82861 36719 2 2 0
24 82861 24609 0 2 0
24 82861 24609 1 3 0
24 82861 24609 2 4 0
24 82861 56875 0 4 0
24 82861 56875 1 1 0
24 82861 56875 2 2 0
24 82861 17679 0 4 0
24 82861 17679 1 1 0
24 82861 17679 2 2 0
24 82861 3163 0 4 0
24 82861 3163 1 1 0
24 82861 3163 2 2 0
24 82861 34621 0 2 0
24 82861 34621 1 3 0
24 82861 34621 2 4 0
24 82861 68091 0 4 0
24 82861 68091 1 1 0
24 82861 68091 2 2 0
24 82861 3713 0 2 0
24 82861 3713 1 3 0
24 82861 3713 2 4 0
24 82861 75215 0 4 0
24 82861 75215 1 1 0
24 82861 75215 2 2 0
24 82861 77339 0 4 0
24 82861 77339 1 1 0
24 82861 77339 2 2 0
24 82861 78177 0 2 0
24 82861 78177 1 3 0
24 82861 78177 2 4 0
24 82861 49833 0 2 0
24 82861 49833 1 3 0
24 82861 49833 2 4 0
24 82861 78079 0 4 0
24 82861 78079 1 1 0
24 82861 78079 2 2 0
24 82861 13713 0 2 0
24 82861 13713 1 3 0
24 82861 13713 2 4 0
24 82861 6775 0 4 0
24 82861 6775 1 1 0
24 82861 6775 2 2 0
24 82861 12231 0 4 0
24 82861 12231 1 1 0
24 82861 12231 2 2 0
24 82861 11871 0 4 0
24 82861 11871 1 1 0
24 82861 11871 2 2 0
24 82861 15233 0 2 0
24 82861 15233 1 3 0
24 82861 15233 2 4 0
24 82861 38969 0 2 0
24 82861 38969 1 3 0
24 82861 38969 2 4 0
24 82861 46151 0 4 0
24 82861 46151 1 1 0
24 82861 46151 2 2 0
24 82861 46951 0 4 0
24 82861 46951 1 1 0
24 82861 46951 2 2 0
24 82861 53759 0 4 0
24 82861 53759 1 1 0
24 82861 53759 2 2 0
24 82861 26121 0 2 0
24 82861 26121 1 3 0
24 82861 26121 2 4 0
24 82861 37089 0 2 0
24 82861 37089 1 3 0
24 82861 37089 2 4 0
24 82861 59881 0 2 0
24 82861 59881 1 3 0
24 82861 59881 2 4 0
24 82861 38741 0 2 0
24 82861 38741 1 3 0
24 82861 38741 2 4 0
24 82861 10993 0 2 0
24 82861 10993 1 3 0
24 82861 10993 2 4 0
24 82861 23685 0 2 0
24 82861 23685 1 3 0
24 82861 23685 2 4 0
24 82861 9073 0 2 0
24 82861 9073 1 3 0
24 82861 9073 2 4 0
24 82861 24011 0 4 0
24 82861 24011 1 1 0
24 82861 24011 2 2 0
24 82861 381 0 2 0
24 82861 381 1 3 0
24 82861 381 2 4 0
24 82861 14073 0 2 0
24 82861 14073 1 3 0
24 82861 14073 2 4 0
24 82861 57973 0 2 0
24 82861 57973 1 3 0
24 82861 57973 2 4 0
24 82861 75751 0 4 0
24 82861 75751 1 1 0
24 82861 75751 2 2 0
24 82861 79605 0 2 0
24 82861 79605 1 3 0
24 82861 79605 2 4 0
24 82861 12265 0 2 0
24 82861 12265 1 3 0
24 82861 12265 2 4 0
24 82861 31309 0 2 0
24 82861 31309 1 3 0
24 82861 31309 2 4 0
24 82861 21159 0 4 0
24 82861 21159 1 1 0
24 82861 21159 2 2 0
24 82861 53949 0 2 0
24 82861 53949 1 3 0
24 82861 53949 2 4 0
24 82861 69271 0 4 0
24 82861 69271 1 1 0
24 82861 69271 2 2 0
24 82861 63911 0 4 0
24 82861 63911 1 1 0
24 82861 63911 2 2 0
24 82861 78163 0 4 0
24 82861 78163 1 1 0
24 82861 78163 2 2 0
24 82861 13555 0 4 0
24 82861 13555 1 1 0
24 82861 13555 2 2 0
24 82861 22165 0 2 0
24 82861 22165 1 3 0
24 82861 22165 2 4 0
24 82861 45187 0 4 0
24 82861 45187 1 1 0
24 82861 45187 2 2 0
24 82861 35075 0 4 0
24 82861 35075 1 1 0
24 82861 35075 2 2 0
24 82861 48477 0 2 0
24 82861 48477 1 3 0
24 82861 48477 2 4 0
24 82861 40325 0 2 0
24 82861 40325 1 3 0
24 82861 40325 2 4 0
24 82861 3863 0 4 0
24 82861 3863 1 1 0
24 82861 3863 2 2 0
24 82861 44709 0 2 0
24 82861 44709 1 3 0
24 82861 44709 2 4 0
24 82861 14285 0 2 0
24 82861 14285 1 3 0
24 82861 14285 2 4 0
24 82861 25887 0 4 0
24 82861 25887 1 1 0
24 82861 25887 2 2 0
24 82861 63931 0 4 0
24 82861 63931 1 1 0
24 82861 63931 2 2 0
24 82861 79661 0 2 0
24 82861 79661 1 3 0
24 82861 79661 2 4 0
24 82861 7817 0 2 0
24 82861 7817 1 3 0
24 82861 7817 2 4 0
24 82861 30511 0 4 0
24 82861 30511 1 1 0
24 82861 30511 2 2 0
24 82861 69545 0 2 0
24 82861 69545 1 3 0
24 82861 69545 2 4 0
24 82861 63387 0 4 0
24 82861 63387 1 1 0
24 82861 63387 2 2 0
24 82861 66345 0 2 0
24 82861 66345 1 3 0
24 82861 66345 2 4 0
24 82861 8259 0 4 0
24 82861 8259 1 1 0
24 82861 8259 2 2 0
24 82861 29369 0 2 0
24 82861 29369 1 3 0
24 82861 29369 2 4 0
24 82861 64367 0 4 0
24 82861 64367 1 1 0
24 82861 64367 2 2 0
24 82861 15669 0 2 0
24 82861 15669 1 3 0
24 82861 15669 2 4 0
24 82861 22855 0 4 0
24 82861 22855 1 1 0
24 82861 22855 2 2 0
24 82861 60571 0 4 0
24 82861 60571 1 1 0
24 82861 60571 2 2 0
24 82861 11707 0 4 0
24 82861 11707 1 1 0
24 82861 11707 2 2 0
24 82861 14599 0 4 0
24 82861 14599 1 1 0
24 82861 14599 2 2 0
24 82861 34111 0 4 0
24 82861 34111 1 1 0
24 82861 34111 2 2 0
24 82861 4631 0 4 0
24 82861 4631 1 1 0
24 82861 4631 2 2 0
24 82861 38875 0 4 0
24 82861 38875 1 1 0
24 82861 38875 2 2 0
24 82861 45967 0 4 0
24 82861 45967 1 1 0
24 82861 45967 2 2 0
24 82861 52189 0 2 0
24 82861 52189 1 3 0
24 82861 52189 2 4 0
24 82861 62173 0 2 0
24 82861 62173 1 3 0
24 82861 62173 2 4 0
24 82861 53279 0 4 0
24 82861 53279 1 1 0
24 82861 53279 2 2 0
24 82861 55797 0 2 0
24 82861 55797 1 3 0
24 82861 55797 2 4 0
24 82861 57283 0 4 0
24 82861 57283 1 1 0
24 82861 57283 2 2 0
24 82861 22385 0 2 0
24 82861 22385 1 3 0
24 82861 22385 2 4 0
24 82861 73787 0 4 0
24 82861 73787 1 1 0
24 82861 73787 2 2 0
24 82861 59227 0 4 0
24 82861 59227 1 1 0
24 82861 59227 2 2 0
24 82861 60723 0 4 0
24 82861 60723 1 1 0
24 82861 60723 2 2 0
24 82861 3961 0 2 0
24 82861 3961 1 3 0
24 82861 3961 2 4 0
24 82861 3155 0 4 0
24 82861 3155 1 1 0
24 82861 3155 2 2 0
24 82861 12869 0 2 0
24 82861 12869 1 3 0
24 82861 12869 2 4 0
24 82861 10399 0 4 0
24 82861 10399 1 1 0
24 82861 10399 2 2 0
24 82861 66627 0 4 0
24 82861 66627 1 1 0
24 82861 66627 2 2 0
24 82861 22799 0 4 0
24 82861 22799 1 1 0
24 82861 22799 2 2 0
24 82861 69999 0 4 0
24 82861 69999 1 1 0
24 82861 69999 2 2 0
24 82861 45803 0 4 0
24 82861 45803 1 1 0
24 82861 45803 2 2 0
24 82861 27389 0 2 0
24 82861 27389 1 3 0
24 82861 27389 2 4 0
24 82861 27029 0 2 0
24 82861 27029 1 3 0
24 82861 27029 2 4 0
24 82861 30251 0 4 0
24 82861 30251 1 1 0
24 82861 30251 2 2 0
24 82861 50247 0 4 0
24 82861 50247 1 1 0
24 82861 50247 2 2 0
24 82861 49215 0 4 0
24 82861 49215 1 1 0
24 82861 49215 2 2 0
24 82861 26541 0 2 0
24 82861 26541 1 3 0
24 82861 26541 2 4 0
24 82861 29119 0 4 0
24 82861 29119 1 1 0
24 82861 29119 2 2 0
24 82861 32583 0 4 0
24 82861 32583 1 1 0
24 82861 32583 2 2 0
24 82861 79143 0 4 0
24 82861 79143 1 1 0
24 82861 79143 2 2 0
24 82861 41227 0 4 0
24 82861 41227 1 1 0
24 82861 41227 2 2 0
24 82861 26943 0 4 0
24 82861 26943 1 1 0
24 82861 26943 2 2 0
24 82861 47889 0 2 0
24 82861 47889 1 3 0
24 82861 47889 2 4 0
24 82861 26441 0 2 0
24 82861 26441 1 3 0
24 82861 26441 2 4 0
24 82861 22565 0 2 0
24 82861 22565 1 3 0
24 82861 22565 2 4 0
24 82861 33013 0 2 0
24 82861 33013 1 3 0
24 82861 33013 2 4 0
24 82861 3967 0 4 0
24 82861 3967 1 1 0
24 82861 3967 2 2 0
24 82861 11579 0 4 0
24 82861 11579 1 1 0
24 82861 11579 2 2 0
24 82861 18003 0 4 0
24 82861 18003 1 1 0
24 82861 18003 2 2 0
24 82861 20411 0 4 0
24 82861 20411 1 1 0
24 82861 20411 2 2 0
24 82861 22843 0 4 0
24 82861 22843 1 1 0
24 82861 22843 2 2 0
24 82861 20843 0 4 0
24 82861 20843 1 1 0
24 82861 20843 2 2 0
24 82861 46225 0 2 0
24 82861 46225 1 3 0
24 82861 46225 2 4 0
24 82861 25037 0 2 0
24 82861 25037 1 3 0
24 82861 25037 2 4 0
24 82861 20331 0 4 0
24 82861 20331 1 1 0
24 82861 20331 2 2 0
24 82861 52147 0 4 0
24 82861 52147 1 1 0
24 82861 52147 2 2 0
24 82861 11553 0 2 0
24 82861 11553 1 3 0
24 82861 11553 2 4 0
24 82861 12235 0 4 0
24 82861 12235 1 1 0
24 82861 12235 2 2 0
24 82861 3137 0 2 0
24 82861 3137 1 3 0
24 82861 3137 2 4 0
24 82861 55791 0 4 0
24 82861 55791 1 1 0
24 82861 55791 2 2 0
24 82861 51449 0 2 0
24 82861 51449 1 3 0
24 82861 51449 2 4 0
24 82861 8687 0 4 0
24 82861 8687 1 1 0
24 82861 8687 2 2 0
24 82861 60629 0 2 0
24 82861 60629 1 3 0
24 82861 60629 2 4 0
24 82861 45849 0 2 0
24 82861 45849 1 3 0
24 82861 45849 2 4 0
24 82861 68399 0 4 0
24 82861 68399 1 1 0
24 82861 68399 2 2 0
24 82861 9953 0 2 0
24 82861 9953 1 3 0
24 82861 9953 2 4 0
24 82861 47475 0 4 0
24 82861 47475 1 1 0
24 82861 47475 2 2 0
24 82861 30643 0 4 0
24 82861 30643 1 1 0
24 82861 30643 2 2 0
24 82861 47977 0 2 0
24 82861 47977 1 3 0
24 82861 47977 2 4 0
24 82861 8845 0 2 0
24 82861 8845 1 3 0
24 82861 8845 2 4 0
24 82861 66503 0 4 0
24 82861 66503 1 1 0
24 82861 66503 2 2 0
24 82861 37405 0 2 0
24 82861 37405 1 3 0
24 82861 37405 2 4 0
24 82861 44623 0 4 0
24 82861 44623 1 1 0
24 82861 44623 2 2 0
24 82861 56509 0 2 0
24 82861 56509 1 3 0
24 82861 56509 2 4 0
24 82861 33639 0 4 0
24 82861 33639 1 1 0
24 82861 33639 2 2 0
24 82861 42063 0 4 0
24 82861 42063 1 1 0
24 82861 42063 2 2 0
24 82861 17811 0 4 0
24 82861 17811 1 1 0
24 82861 17811 2 2 0
24 82861 79375 0 4 0
24 82861 79375 1 1 0
24 82861 79375 2 2 0
24 82861 31881 0 2 0
24 82861 31881 1 3 0
24 82861 31881 2 4 0
24 82861 50839 0 4 0
24 82861 50839 1 1 0
24 82861 50839 2 2 0
24 82861 81133 0 2 0
24 82861 81133 1 3 0
24 82861 81133 2 4 0
24 82861 60793 0 2 0
24 82861 60793 1 3 0
24 82861 60793 2 4 0
24 82861 25255 0 4 0
24 82861 25255 1 1 0
24 82861 25255 2 2 0
24 82861 52523 0 4 0
24 82861 52523 1 1 0
24 82861 52523 2 2 0
24 82861 9981 0 2 0
24 82861 9981 1 3 0
24 82861 9981 2 4 0
24 82861 75509 0 2 0
24 82861 75509 1 3 0
24 82861 75509 2 4 0
24 82861 28643 0 4 0
24 82861 28643 1 1 0
24 82861 28643 2 2 0
24 82861 49421 0 2 0
24 82861 49421 1 3 0
24 82861 49421 2 4 0
24 82861 9927 0 4 0
24 82861 9927 1 1 0
24 82861 9927 2 2 0
24 82861 53495 0 4 0
24 82861 53495 1 1 0
24 82861 53495 2 2 0
24 82861 53391 0 4 0
24 82861 53391 1 1 0
24 82861 53391 2 2 0
24 82861 41629 0 2 0
24 82861 41629 1 3 0
24 82861 41629 2 4 0
24 82861 77711 0 4 0
24 82861 77711 1 1 0
24 82861 77711 2 2 0
24 82861 25317 0 2 0
24 82861 25317 1 3 0
24 82861 25317 2 4 0
24 82861 22695 0 4 0
24 82861 22695 1 1 0
24 82861 22695 2 2 0
24 82861 9777 0 2 0
24 82861 9777 1 3 0
24 82861 9777 2 4 0
24 82861 4945 0 2 0
24 82861 4945 1 3 0
24 82861 4945 2 4 0
24 82861 64319 0 4 0
24 82861 64319 1 1 0
24 82861 64319 2 2 0
24 82861 80159 0 4 0
24 82861 80159 1 1 0
24 82861 80159 2 2 0
24 82861 67953 0 2 0
24 82861 67953 1 3 0
24 82861 67953 2 4 0
24 82861 45629 0 2 0
24 82861 45629 1 3 0
24 82861 45629 2 4 0
24 82861 8485 0 2 0
24 82861 8485 1 3 0
24 82861 8485 2 4 0
24 82861 43591 0 4 0
24 82861 43591 1 1 0
24 82861 43591 2 2 0
24 82861 9261 0 2 0
24 82861 9261 1 3 0
24 82861 9261 2 4 0
24 82861 12693 0 2 0
24 82861 12693 1 3 0
24 82861 12693 2 4 0
24 82861 8553 0 2 0
24 82861 8553 1 3 0
24 82861 8553 2 4 0
24 82861 48835 0 4 0
24 82861 48835 1 1 0
24 82861 48835 2 2 0
24 82861 21967 0 4 0
24 82861 21967 1 1 0
24 82861 21967 2 2 0
24 82861 34729 0 2 0
24 82861 34729 1 3 0
24 82861 34729 2 4 0
24 82861 47335 0 4 0
24 82861 47335 1 1 0
24 82861 47335 2 2 0
24 82861 21031 0 4 0
24 82861 21031 1 1 0
24 82861 21031 2 2 0
24 82861 31413 0 2 0
24 82861 31413 1 3 0
24 82861 31413 2 4 0
24 82861 37467 0 4 0
24 82861 37467 1 1 0
24 82861 37467 2 2 0
24 82861 44913 0 2 0
24 82861 44913 1 3 0
24 82861 44913 2 4 0
24 82861 11923 0 4 0
24 82861 11923 1 1 0
24 82861 11923 2 2 0
24 82861 33393 0 2 0
24 82861 33393 1 3 0
24 82861 33393 2 4 0
24 82861 22685 0 2 0
24 82861 22685 1 3 0
24 82861 22685 2 4 0
24 82861 10853 0 2 0
24 82861 10853 1 3 0
24 82861 10853 2 4 0
24 82861 27405 0 2 0
24 82861 27405 1 3 0
24 82861 27405 2 4 0
24 82861 41419 0 4 0
24 82861 41419 1 1 0
24 82861 41419 2 2 0
24 82861 11945 0 2 0
24 82861 11945 1 3 0
24 82861 11945 2 4 0
24 82861 26941 0 2 0
24 82861 26941 1 3 0
24 82861 26941 2 4 0
24 82861 35357 0 2 0
24 82861 35357 1 3 0
24 82861 35357 2 4 0
24 82861 46167 0 4 0
24 82861 46167 1 1 0
24 82861 46167 2 2 0
24 82861 59969 0 2 0
24 82861 59969 1 3 0
24 82861 59969 2 4 0
24 82861 33831 0 4 0
24 82861 33831 1 1 0
24 82861 33831 2 2 0
24 82861 75555 0 4 0
24 82861 75555 1 1 0
24 82861 75555 2 2 0
24 82861 41275 0 4 0
24 82861 41275 1 1 0
24 82861 41275 2 2 0
24 82861 12101 0 2 0
24 82861 12101 1 3 0
24 82861 12101 2 4 0
24 82861 71131 0 4 0
24 82861 71131 1 1 0
24 82861 71131 2 2 0
24 82861 49165 0 2 0
24 82861 49165 1 3 0
24 82861 49165 2 4 0
24 82861 51191 0 4 0
24 82861 51191 1 1 0
24 82861 51191 2 2 0
24 82861 37193 0 2 0
24 82861 37193 1 3 0
24 82861 37193 2 4 0
24 82861 76881 0 2 0
24 82861 76881 1 3 0
24 82861 76881 2 4 0
24 82861 44209 0 2 0
24 82861 44209 1 3 0
24 82861 44209 2 4 0
24 82861 8301 0 2 0
24 82861 8301 1 3 0
24 82861 8301 2 4 0
24 82861 80497 0 2 0
24 82861 80497 1 3 0
24 82861 80497 2 4 0
24 82861 59607 0 4 0
24 82861 59607 1 1 0
24 82861 59607 2 2 0
24 82861 56265 0 2 0
24 82861 56265 1 3 0
24 82861 56265 2 4 0
24 82861 35767 0 4 0
24 82861 35767 1 1 0
24 82861 35767 2 2 0
24 82861 18245 0 2 0
24 82861 18245 1 3 0
24 82861 18245 2 4 0
24 82861 25043 0 4 0
24 82861 25043 1 1 0
24 82861 25043 2 2 0
24 82861 39217 0 2 0
24 82861 39217 1 3 0
24 82861 39217 2 4 0
24 82861 18843 0 4 0
24 82861 18843 1 1 0
24 82861 18843 2 2 0
24 82861 36619 0 4 0
24 82861 36619 1 1 0
24 82861 36619 2 2 0
24 82861 75653 0 2 0
24 82861 75653 1 3 0
24 82861 75653 2 4 0
24 82861 20175 0 4 0
24 82861 20175 1 1 0
24 82861 20175 2 2 0
24 82861 39809 0 2 0
24 82861 39809 1 3 0
24 82861 39809 2 4 0
24 82861 48129 0 2 0
24 82861 48129 1 3 0
24 82861 48129 2 4 0
24 82861 31213 0 2 0
24 82861 31213 1 3 0
24 82861 31213 2 4 0
24 82861 11803 0 4 0
24 82861 11803 1 1 0
24 82861 11803 2 2 0
24 82861 21599 0 4 0
24 82861 21599 1 1 0
24 82861 21599 2 2 0
24 82861 62299 0 4 0
24 82861 62299 1 1 0
24 82861 62299 2 2 0
24 82861 4425 0 2 0
24 82861 4425 1 3 0
24 82861 4425 2 4 0
24 82861 2845 0 2 0
24 82861 2845 1 3 0
24 82861 2845 2 4 0
24 82861 59803 0 4 0
24 82861 59803 1 1 0
24 82861 59803 2 2 0
24 82861 57577 0 2 0
24 82861 57577 1 3 0
24 82861 57577 2 4 0
24 82861 18825 0 2 0
24 82861 18825 1 3 0
24 82861 18825 2 4 0
24 82861 34517 0 2 0
24 82861 34517 1 3 0
24 82861 34517 2 4 0
24 82861 37273 0 2 0
24 82861 37273 1 3 0
24 82861 37273 2 4 0
24 82861 51535 0 4 0
24 82861 51535 1 1 0
24 82861 51535 2 2 0
24 82861 77383 0 4 0
24 82861 77383 1 1 0
24 82861 77383 2 2 0
24 82861 3755 0 4 0
24 82861 3755 1 1 0
24 82861 3755 2 2 0
24 82861 51737 0 2 0
24 82861 51737 1 3 0
24 82861 51737 2 4 0
24 82861 28207 0 4 0
24 82861 28207 1 1 0
24 82861 28207 2 2 0
24 82861 69899 0 4 0
24 82861 69899 1 1 0
24 82861 69899 2 2 0
24 82861 53037 0 2 0
24 82861 53037 1 3 0
24 82861 53037 2 4 0
24 82861 35739 0 4 0
24 82861 35739 1 1 0
24 82861 35739 2 2 0
24 82861 39717 0 2 0
24 82861 39717 1 3 0
24 82861 39717 2 4 0
24 82861 80371 0 4 0
24 82861 80371 1 1 0
24 82861 80371 2 2 0
24 82861 24849 0 2 0
24 82861 24849 1 3 0
24 82861 24849 2 4 0
24 82861 3041 0 2 0
24 82861 3041 1 3 0
24 82861 3041 2 4 0
24 82861 39265 0 2 0
24 82861 39265 1 3 0
24 82861 39265 2 4 0
24 82861 20179 0 4 0
24 82861 20179 1 1 0
24 82861 20179 2 2 0
24 82861 66075 0 4 0
24 82861 66075 1 1 0
24 82861 66075 2 2 0
24 82861 14831 0 4 0
24 82861 14831 1 1 0
24 82861 14831 2 2 0
24 82861 2677 0 2 0
24 82861 2677 1 3 0
24 82861 2677 2 4 0
24 82861 51433 0 2 0
24 82861 51433 1 3 0
24 82861 51433 2 4 0
24 82861 24503 0 4 0
24 82861 24503 1 1 0
24 82861 24503 2 2 0
24 82861 42795 0 4 0
24 82861 42795 1 1 0
24 82861 42795 2 2 0
24 82861 33983 0 4 0
24 82861 33983 1 1 0
24 82861 33983 2 2 0
24 82861 55197 0 2 0
24 82861 55197 1 3 0
24 82861 55197 2 4 0
24 82861 16603 0 4 0
24 82861 16603 1 1 0
24 82861 16603 2 2 0
24 82861 81361 0 2 0
24 82861 81361 1 3 0
24 82861 81361 2 4 0
24 82861 35129 0 2 0
24 82861 35129 1 3 0
24 82861 35129 2 4 0
24 82861 55045 0 2 0
24 82861 55045 1 3 0
24 82861 55045 2 4 0
24 82861 50185 0 2 0
24 82861 50185 1 3 0
24 82861 50185 2 4 0
24 82861 10303 0 4 0
24 82861 10303 1 1 0
24 82861 10303 2 2 0
24 82861 68889 0 2 0
24 82861 68889 1 3 0
24 82861 68889 2 4 0
24 82861 62489 0 2 0
24 82861 62489 1 3 0
24 82861 62489 2 4 0
24 82861 79225 0 2 0
24 82861 79225 1 3 0
24 82861 79225 2 4 0
24 82861 63325 0 2 0
24 82861 63325 1 3 0
24 82861 63325 2 4 0
24 82861 52513 0 2 0
24 82861 52513 1 3 0
24 82861 52513 2 4 0
24 82861 43949 0 2 0
24 82861 43949 1 3 0
24 82861 43949 2 4 0
24 82861 71157 0 2 0
24 82861 71157 1 3 0
24 82861 71157 2 4 0
24 82861 78585 0 2 0
24 82861 78585 1 3 0
24 82861 78585 2 4 0
24 82861 67863 0 4 0
24 82861 67863 1 1 0
24 82861 67863 2 2 0
24 82861 24607 0 4 0
24 82861 24607 1 1 0
24 82861 24607 2 2 0
24 82861 58665 0 2 0
24 82861 58665 1 3 0
24 82861 58665 2 4 0
24 82861 11465 0 2 0
24 82861 11465 1 3 0
24 82861 11465 2 4 0
24 82861 22629 0 2 0
24 82861 22629 1 3 0
24 82861 22629 2 4 0
24 82861 28139 0 4 0
24 82861 28139 1 1 0
24 82861 28139 2 2 0
24 82861 76397 0 2 0
24 82861 76397 1 3 0
24 82861 76397 2 4 0
24 82861 46227 0 4 0
24 82861 46227 1 1 0
24 82861 46227 2 2 0
24 82861 77709 0 2 0
24 82861 77709 1 3 0
24 82861 77709 2 4 0
24 82861 15369 0 2 0
24 82861 15369 1 3 0
24 82861 15369 2 4 0
24 82861 59521 0 2 0
24 82861 59521 1 3 0
24 82861 59521 2 4 0
24 82861 34703 0 4 0
24 82861 34703 1 1 0
24 82861 34703 2 2 0
24 82861 68231 0 4 0
24 82861 68231 1 1 0
24 82861 68231 2 2 0
24 82861 81051 0 4 0
24 82861 81051 1 1 0
24 82861 81051 2 2 0
24 82861 31737 0 2 0
24 82861 31737 1 3 0
24 82861 31737 2 4 0
24 82861 54239 0 4 0
24 82861 54239 1 1 0
24 82861 54239 2 2 0
24 82861 22839 0 4 0
24 82861 22839 1 1 0
24 82861 22839 2 2 0
24 82861 27647 0 4 0
24 82861 27647 1 1 0
24 82861 27647 2 2 0
24 82861 44095 0 4 0
24 82861 44095 1 1 0
24 82861 44095 2 2 0
24 82861 33677 0 2 0
24 82861 33677 1 3 0
24 82861 33677 2 4 0
24 82861 5141 0 2 0
24 82861 5141 1 3 0
24 82861 5141 2 4 0
24 82861 21037 0 2 0
24 82861 21037 1 3 0
24 82861 21037 2 4 0
24 82861 56835 0 4 0
24 82861 56835 1 1 0
24 82861 56835 2 2 0
24 82861 54719 0 4 0
24 82861 54719 1 1 0
24 82861 54719 2 2 0
24 82861 19797 0 2 0
24 82861 19797 1 3 0
24 82861 19797 2 4 0
24 82861 42935 0 4 0
24 82861 42935 1 1 0
24 82861 42935 2 2 0
24 82861 9007 0 4 0
24 82861 9007 1 1 0
24 82861 9007 2 2 0
24 82861 36573 0 2 0
24 82861 36573 1 3 0
24 82861 36573 2 4 0
24 82861 49247 0 4 0
24 82861 49247 1 1 0
24 82861 49247 2 2 0
24 82861 755 0 4 0
24 82861 755 1 1 0
24 82861 755 2 2 0
24 82861 69711 0 4 0
24 82861 69711 1 1 0
24 82861 69711 2 2 0
24 82861 61905 0 2 0
24 82861 61905 1 3 0
24 82861 61905 2 4 0
24 82861 70613 0 2 0
24 82861 70613 1 3 0
24 82861 70613 2 4 0
24 82861 27575 0 4 0
24 82861 27575 1 1 0
24 82861 27575 2 2 0
24 82861 25231 0 4 0
24 82861 25231 1 1 0
24 82861 25231 2 2 0
24 82861 75107 0 4 0
24 82861 75107 1 1 0
24 82861 75107 2 2 0
24 82861 3437 0 2 0
24 82861 3437 1 3 0
24 82861 3437 2 4 0
24 82861 61451 0 4 0
24 82861 61451 1 1 0
24 82861 61451 2 2 0
24 82861 72561 0 2 0
24 82861 72561 1 3 0
24 82861 72561 2 4 0
24 82861 55377 0 2 0
24 82861 55377 1 3 0
24 82861 55377 2 4 0
24 82861 78207 0 4 0
24 82861 78207 1 1 0
24 82861 78207 2 2 0
24 82861 11449 0 2 0
24 82861 11449 1 3 0
24 82861 11449 2 4 0
24 82861 56335 0 4 0
24 82861 56335 1 1 0
24 82861 56335 2 2 0
24 82861 20441 0 2 0
24 82861 20441 1 3 0
24 82861 20441 2 4 0
24 82861 59691 0 4 0
24 82861 59691 1 1 0
24 82861 59691 2 2 0
24 82861 11693 0 2 0
24 82861 11693 1 3 0
24 82861 11693 2 4 0
24 82861 28567 0 4 0
24 82861 28567 1 1 0
24 82861 28567 2 2 0
24 82861 48623 0 4 0
24 82861 48623 1 1 0
24 82861 48623 2 2 0
24 82861 78569 0 2 0
24 82861 78569 1 3 0
24 82861 78569 2 4 0
24 82861 14123 0 4 0
24 82861 14123 1 1 0
24 82861 14123 2 2 0
24 82861 76977 0 2 0
24 82861 76977 1 3 0
24 82861 76977 2 4 0
24 82861 60593 0 2 0
24 82861 60593 1 3 0
24 82861 60593 2 4 0
24 82861 3829 0 2 0
24 82861 3829 1 3 0
24 82861 3829 2 4 0
24 82861 42513 0 2 0
24 82861 42513 1 3 0
24 82861 42513 2 4 0
24 82861 17797 0 2 0
24 82861 17797 1 3 0
24 82861 17797 2 4 0
24 82861 75725 0 2 0
24 82861 75725 1 3 0
24 82861 75725 2 4 0
24 82861 12763 0 4 0
24 82861 12763 1 1 0
24 82861 12763 2 2 0
24 82861 9121 0 2 0
24 82861 9121 1 3 0
24 82861 9121 2 4 0
24 82861 48449 0 2 0
24 82861 48449 1 3 0
24 82861 48449 2 4 0
24 82861 41347 0 4 0
24 82861 41347 1 1 0
24 82861 41347 2 2 0
24 82861 49285 0 2 0
24 82861 49285 1 3 0
24 82861 49285 2 4 0
24 82861 7203 0 4 0
24 82861 7203 1 1 0
24 82861 7203 2 2 0
24 82861 21539 0 4 0
24 82861 21539 1 1 0
24 82861 21539 2 2 0
24 82861 47715 0 4 0
24 82861 47715 1 1 0
24 82861 47715 2 2 0
24 82861 28639 0 4 0
24 82861 28639 1 1 0
24 82861 28639 2 2 0
24 82861 27879 0 4 0
24 82861 27879 1 1 0
24 82861 27879 2 2 0
24 82861 60055 0 4 0
24 82861 60055 1 1 0
24 82861 60055 2 2 0
24 82861 16373 0 2 0
24 82861 16373 1 3 0
24 82861 16373 2 4 0
24 82861 5689 0 2 0
24 82861 5689 1 3 0
24 82861 5689 2 4 0
24 82861 66701 0 2 0
24 82861 66701 1 3 0
24 82861 66701 2 4 0
24 82861 55915 0 4 0
24 82861 55915 1 1 0
24 82861 55915 2 2 0
24 82861 27885 0 2 0
24 82861 27885 1 3 0
24 82861 27885 2 4 0
24 82861 35613 0 2 0
24 82861 35613 1 3 0
24 82861 35613 2 4 0
24 82861 69509 0 2 0
24 82861 69509 1 3 0
24 82861 69509 2 4 0
24 82861 41025 0 2 0
24 82861 41025 1 3 0
24 82861 41025 2 4 0
24 82861 54613 0 2 0
24 82861 54613 1 3 0
24 82861 54613 2 4 0
24 82861 61453 0 2 0
24 82861 61453 1 3 0
24 82861 61453 2 4 0
24 82861 42263 0 4 0
24 82861 42263 1 1 0
24 82861 42263 2 2 0
24 82861 56963 0 4 0
24 82861 56963 1 1 0
24 82861 56963 2 2 0
24 82861 16595 0 4 0
24 82861 16595 1 1 0
24 82861 16595 2 2 0
24 82861 57343 0 4 0
24 82861 57343 1 1 0
24 82861 57343 2 2 0
24 82861 36353 0 2 0
24 82861 36353 1 3 0
24 82861 36353 2 4 0
24 82861 67291 0 4 0
24 82861 67291 1 1 0
24 82861 67291 2 2 0
24 82861 76093 0 2 0
24 82861 76093 1 3 0
24 82861 76093 2 4 0
24 82861 4759 0 4 0
24 82861 4759 1 1 0
24 82861 4759 2 2 0
24 82861 72165 0 2 0
24 82861 72165 1 3 0
24 82861 72165 2 4 0
24 82861 13983 0 4 0
24 82861 13983 1 1 0
24 82861 13983 2 2 0
24 82861 53143 0 4 0
24 82861 53143 1 1 0
24 82861 53143 2 2 0
24 82861 81055 0 4 0
24 82861 81055 1 1 0
24 82861 81055 2 2 0
24 82861 67649 0 2 0
24 82861 67649 1 3 0
24 82861 67649 2 4 0
24 82861 32185 0 2 0
24 82861 32185 1 3 0
24 82861 32185 2 4 0
24 82861 28583 0 4 0
24 82861 28583 1 1 0
24 82861 28583 2 2 0
24 82861 3499 0 4 0
24 82861 3499 1 1 0
24 82861 3499 2 2 0
24 82861 28977 0 2 0
24 82861 28977 1 3 0
24 82861 28977 2 4 0
24 82861 13257 0 2 0
24 82861 13257 1 3 0
24 82861 13257 2 4 0
24 82861 63763 0 4 0
24 82861 63763 1 1 0
24 82861 63763 2 2 0
24 82861 33803 0 4 0
24 82861 33803 1 1 0
24 82861 33803 2 2 0
