# pass ino ci frag node rc
1 79806 18067 0 3 0
1 79806 18067 1 4 0
1 79806 18067 2 1 0
1 79806 29159 0 3 0
1 79806 29159 1 4 0
1 79806 29159 2 1 0
1 79806 8213 0 1 0
1 79806 8213 1 2 0
1 79806 8213 2 3 0
1 79806 4659 0 3 0
1 79806 4659 1 4 0
1 79806 4659 2 1 0
1 79806 11945 0 1 0
1 79806 11945 1 2 0
1 79806 11945 2 3 0
1 79806 24913 0 1 0
1 79806 24913 1 2 0
1 79806 24913 2 3 0
1 79806 25449 0 1 0
1 79806 25449 1 2 0
1 79806 25449 2 3 0
1 79806 30761 0 1 0
1 79806 30761 1 2 0
1 79806 30761 2 3 0
1 79806 26821 0 1 0
1 79806 26821 1 2 0
1 79806 26821 2 3 0
1 79806 7353 0 1 0
1 79806 7353 1 2 0
1 79806 7353 2 3 0
1 79806 25303 0 3 0
1 79806 25303 1 4 0
1 79806 25303 2 1 0
1 79806 2811 0 3 0
1 79806 2811 1 4 0
1 79806 2811 2 1 0
1 79806 22035 0 3 0
1 79806 22035 1 4 0
1 79806 22035 2 1 0
1 79806 6249 0 1 0
1 79806 6249 1 2 0
1 79806 6249 2 3 0
1 79806 21251 0 3 0
1 79806 21251 1 4 0
1 79806 21251 2 1 0
1 79806 6475 0 3 0
1 79806 6475 1 4 0
1 79806 6475 2 1 0
1 79806 7867 0 3 0
1 79806 7867 1 4 0
1 79806 7867 2 1 0
1 79806 30949 0 1 0
1 79806 30949 1 2 0
1 79806 30949 2 3 0
1 79806 16823 0 3 0
1 79806 16823 1 4 0
1 79806 16823 2 1 0
1 79806 31051 0 3 0
1 79806 31051 1 4 0
1 79806 31051 2 1 0
1 79806 24675 0 3 0
1 79806 24675 1 4 0
1 79806 24675 2 1 0
1 79806 13183 0 3 0
1 79806 13183 1 4 0
1 79806 13183 2 1 0
1 79806 32267 0 3 0
1 79806 32267 1 4 0
1 79806 32267 2 1 0
1 79806 10889 0 1 0
1 79806 10889 1 2 0
1 79806 10889 2 3 0
1 79806 13053 0 1 0
1 79806 13053 1 2 0
1 79806 13053 2 3 0
1 79806 10013 0 1 0
1 79806 10013 1 2 0
1 79806 10013 2 3 0
1 79806 11319 0 3 0
1 79806 11319 1 4 0
1 79806 11319 2 1 0
1 79806 19151 0 3 0
1 79806 19151 1 4 0
1 79806 19151 2 1 0
1 79806 13103 0 3 0
1 79806 13103 1 4 0
1 79806 13103 2 1 0
1 79806 26579 0 3 0
1 79806 26579 1 4 0
1 79806 26579 2 1 0
1 79806 31137 0 1 0
1 79806 31137 1 2 0
1 79806 31137 2 3 0
1 79806 10987 0 3 0
1 79806 10987 1 4 0
1 79806 10987 2 1 0
1 79806 31169 0 1 0
1 79806 31169 1 2 0
1 79806 31169 2 3 0
1 79806 21869 0 1 0
1 79806 21869 1 2 0
1 79806 21869 2 3 0
1 79806 32101 0 1 0
1 79806 32101 1 2 0
1 79806 32101 2 3 0
1 79806 21307 0 3 0
1 79806 21307 1 4 0
1 79806 21307 2 1 0
1 79806 30749 0 1 0
1 79806 30749 1 2 0
1 79806 30749 2 3 0
1 79806 27431 0 3 0
1 79806 27431 1 4 0
1 79806 27431 2 1 0
1 79806 24511 0 3 0
1 79806 24511 1 4 0
1 79806 24511 2 1 0
1 79806 20149 0 1 0
1 79806 20149 1 2 0
1 79806 20149 2 3 0
1 79806 30245 0 1 0
1 79806 30245 1 2 0
1 79806 30245 2 3 0
1 79806 23527 0 3 0
1 79806 23527 1 4 0
1 79806 23527 2 1 0
1 79806 19525 0 1 0
1 79806 19525 1 2 0
1 79806 19525 2 3 0
1 79806 10353 0 1 0
1 79806 10353 1 2 0
1 79806 10353 2 3 0
1 79806 28943 0 3 0
1 79806 28943 1 4 0
1 79806 28943 2 1 0
1 79806 9461 0 1 0
1 79806 9461 1 2 0
1 79806 9461 2 3 0
1 79806 5341 0 1 0
1 79806 5341 1 2 0
1 79806 5341 2 3 0
1 79806 19033 0 1 0
1 79806 19033 1 2 0
1 79806 19033 2 3 0
1 79806 4401 0 1 0
1 79806 4401 1 2 0
1 79806 4401 2 3 0
1 79806 3093 0 1 0
1 79806 3093 1 2 0
1 79806 3093 2 3 0
1 79806 6873 0 1 0
1 79806 6873 1 2 0
1 79806 6873 2 3 0
1 79806 10687 0 3 0
1 79806 10687 1 4 0
1 79806 10687 2 1 0
1 79806 8661 0 1 0
1 79806 8661 1 2 0
1 79806 8661 2 3 0
1 79806 17593 0 1 0
1 79806 17593 1 2 0
1 79806 17593 2 3 0
1 79806 20087 0 3 0
1 79806 20087 1 4 0
1 79806 20087 2 1 0
1 79806 26797 0 1 0
1 79806 26797 1 2 0
1 79806 26797 2 3 0
1 79806 9339 0 3 0
1 79806 9339 1 4 0
1 79806 9339 2 1 0
1 79806 13211 0 3 0
1 79806 13211 1 4 0
1 79806 13211 2 1 0
1 79806 23467 0 3 0
1 79806 23467 1 4 0
1 79806 23467 2 1 0
1 79806 1401 0 1 0
1 79806 1401 1 2 0
1 79806 1401 2 3 0
1 79806 17501 0 1 0
1 79806 17501 1 2 0
1 79806 17501 2 3 0
1 79806 27911 0 3 0
1 79806 27911 1 4 0
1 79806 27911 2 1 0
1 79806 29789 0 1 0
1 79806 29789 1 2 0
1 79806 29789 2 3 0
1 79806 13855 0 3 0
1 79806 13855 1 4 0
1 79806 13855 2 1 0
1 79806 27411 0 3 0
1 79806 27411 1 4 0
1 79806 27411 2 1 0
1 79806 24275 0 3 0
1 79806 24275 1 4 0
1 79806 24275 2 1 0
1 79806 20271 0 3 0
1 79806 20271 1 4 0
1 79806 20271 2 1 0
1 79806 30415 0 3 0
1 79806 30415 1 4 0
1 79806 30415 2 1 0
1 79806 11841 0 1 0
1 79806 11841 1 2 0
1 79806 11841 2 3 0
1 79806 23783 0 3 0
1 79806 23783 1 4 0
1 79806 23783 2 1 0
1 79806 11073 0 1 0
1 79806 11073 1 2 0
1 79806 11073 2 3 0
1 79806 23733 0 1 0
1 79806 23733 1 2 0
1 79806 23733 2 3 0
1 79806 22623 0 3 0
1 79806 22623 1 4 0
1 79806 22623 2 1 0
1 79806 18501 0 1 0
1 79806 18501 1 2 0
1 79806 18501 2 3 0
1 79806 2217 0 1 0
1 79806 2217 1 2 0
1 79806 2217 2 3 0
1 79806 32073 0 1 0
1 79806 32073 1 2 0
1 79806 32073 2 3 0
1 79806 20371 0 3 0
1 79806 20371 1 4 0
1 79806 20371 2 1 0
1 79806 8137 0 1 0
1 79806 8137 1 2 0
1 79806 8137 2 3 0
1 79806 9777 0 1 0
1 79806 9777 1 2 0
1 79806 9777 2 3 0
1 79806 21273 0 1 0
1 79806 21273 1 2 0
1 79806 21273 2 3 0
1 79806 28463 0 3 0
1 79806 28463 1 4 0
1 79806 28463 2 1 0
1 79806 28171 0 3 0
1 79806 28171 1 4 0
1 79806 28171 2 1 0
1 79806 25941 0 1 0
1 79806 25941 1 2 0
1 79806 25941 2 3 0
1 79806 28635 0 3 0
1 79806 28635 1 4 0
1 79806 28635 2 1 0
1 79806 29961 0 1 0
1 79806 29961 1 2 0
1 79806 29961 2 3 0
1 79806 30297 0 1 0
1 79806 30297 1 2 0
1 79806 30297 2 3 0
1 79806 24419 0 3 0
1 79806 24419 1 4 0
1 79806 24419 2 1 0
1 79806 17383 0 3 0
1 79806 17383 1 4 0
1 79806 17383 2 1 0
1 79806 9783 0 3 0
1 79806 9783 1 4 0
1 79806 9783 2 1 0
1 79806 31199 0 3 0
1 79806 31199 1 4 0
1 79806 31199 2 1 0
1 79806 15563 0 3 0
1 79806 15563 1 4 0
1 79806 15563 2 1 0
1 79806 8179 0 3 0
1 79806 8179 1 4 0
1 79806 8179 2 1 0
1 79806 23989 0 1 0
1 79806 23989 1 2 0
1 79806 23989 2 3 0
1 79806 20439 0 3 0
1 79806 20439 1 4 0
1 79806 20439 2 1 0
1 79806 9421 0 1 0
1 79806 9421 1 2 0
1 79806 9421 2 3 0
1 79806 17155 0 3 0
1 79806 17155 1 4 0
1 79806 17155 2 1 0
1 79806 29067 0 3 0
1 79806 29067 1 4 0
1 79806 29067 2 1 0
1 79806 4119 0 3 0
1 79806 4119 1 4 0
1 79806 4119 2 1 0
1 79806 23945 0 1 0
1 79806 23945 1 2 0
1 79806 23945 2 3 0
1 79806 25645 0 1 0
1 79806 25645 1 2 0
1 79806 25645 2 3 0
1 79806 11635 0 3 0
1 79806 11635 1 4 0
1 79806 11635 2 1 0
1 79806 27401 0 1 0
1 79806 27401 1 2 0
1 79806 27401 2 3 0
1 79806 32613 0 1 0
1 79806 32613 1 2 0
1 79806 32613 2 3 0
1 79806 1187 0 3 0
1 79806 1187 1 4 0
1 79806 1187 2 1 0
1 79806 20763 0 3 0
1 79806 20763 1 4 0
1 79806 20763 2 1 0
1 79806 2323 0 3 0
1 79806 2323 1 4 0
1 79806 2323 2 1 0
1 79806 10005 0 1 0
1 79806 10005 1 2 0
1 79806 10005 2 3 0
1 79806 13965 0 1 0
1 79806 13965 1 2 0
1 79806 13965 2 3 0
1 79806 12105 0 1 0
1 79806 12105 1 2 0
1 79806 12105 2 3 0
1 79806 8065 0 1 0
1 79806 8065 1 2 0
1 79806 8065 2 3 0
1 79806 16467 0 3 0
1 79806 16467 1 4 0
1 79806 16467 2 1 0
1 79806 28611 0 3 0
1 79806 28611 1 4 0
1 79806 28611 2 1 0
1 79806 11009 0 1 0
1 79806 11009 1 2 0
1 79806 11009 2 3 0
1 79806 1709 0 1 0
1 79806 1709 1 2 0
1 79806 1709 2 3 0
1 79806 20163 0 3 0
1 79806 20163 1 4 0
1 79806 20163 2 1 0
1 79806 28643 0 3 0
1 79806 28643 1 4 0
1 79806 28643 2 1 0
1 79806 20481 0 1 0
1 79806 20481 1 2 0
1 79806 20481 2 3 0
1 79806 16399 0 3 0
1 79806 16399 1 4 0
1 79806 16399 2 1 0
1 79806 695 0 3 0
1 79806 695 1 4 0
1 79806 695 2 1 0
1 79806 5001 0 1 0
1 79806 5001 1 2 0
1 79806 5001 2 3 0
1 79806 6541 0 1 0
1 79806 6541 1 2 0
1 79806 6541 2 3 0
1 79806 1773 0 1 0
1 79806 1773 1 2 0
1 79806 1773 2 3 0
1 79806 20615 0 3 0
1 79806 20615 1 4 0
1 79806 20615 2 1 0
1 79806 267 0 3 0
1 79806 267 1 4 0
1 79806 267 2 1 0
1 79806 19765 0 1 0
1 79806 19765 1 2 0
1 79806 19765 2 3 0
1 79806 24147 0 3 0
1 79806 24147 1 4 0
1 79806 24147 2 1 0
1 79806 13719 0 3 0
1 79806 13719 1 4 0
1 79806 13719 2 1 0
1 79806 15885 0 1 0
1 79806 15885 1 2 0
1 79806 15885 2 3 0
1 79806 21613 0 1 0
1 79806 21613 1 2 0
1 79806 21613 2 3 0
1 79806 23379 0 3 0
1 79806 23379 1 4 0
1 79806 23379 2 1 0
1 79806 5727 0 3 0
1 79806 5727 1 4 0
1 79806 5727 2 1 0
1 79806 17257 0 1 0
1 79806 17257 1 2 0
1 79806 17257 2 3 0
1 79806 11579 0 3 0
1 79806 11579 1 4 0
1 79806 11579 2 1 0
1 79806 16065 0 1 0
1 79806 16065 1 2 0
1 79806 16065 2 3 0
1 79806 9249 0 1 0
1 79806 9249 1 2 0
1 79806 9249 2 3 0
1 79806 26261 0 1 0
1 79806 26261 1 2 0
1 79806 26261 2 3 0
1 79806 2329 0 1 0
1 79806 2329 1 2 0
1 79806 2329 2 3 0
1 79806 11763 0 3 0
1 79806 11763 1 4 0
1 79806 11763 2 1 0
1 79806 6039 0 3 0
1 79806 6039 1 4 0
1 79806 6039 2 1 0
1 79806 4643 0 3 0
1 79806 4643 1 4 0
1 79806 4643 2 1 0
1 79806 25681 0 1 0
1 79806 25681 1 2 0
1 79806 25681 2 3 0
1 79806 14509 0 1 0
1 79806 14509 1 2 0
1 79806 14509 2 3 0
1 79806 19943 0 3 0
1 79806 19943 1 4 0
1 79806 19943 2 1 0
1 79806 6985 0 1 0
1 79806 6985 1 2 0
1 79806 6985 2 3 0
1 79806 17255 0 3 0
1 79806 17255 1 4 0
1 79806 17255 2 1 0
1 79806 24225 0 1 0
1 79806 24225 1 2 0
1 79806 24225 2 3 0
1 79806 11035 0 3 0
1 79806 11035 1 4 0
1 79806 11035 2 1 0
1 79806 26047 0 3 0
1 79806 26047 1 4 0
1 79806 26047 2 1 0
1 79806 25635 0 3 0
1 79806 25635 1 4 0
1 79806 25635 2 1 0
1 79806 11853 0 1 0
1 79806 11853 1 2 0
1 79806 11853 2 3 0
1 79806 819 0 3 0
1 79806 819 1 4 0
1 79806 819 2 1 0
1 79806 20383 0 3 0
1 79806 20383 1 4 0
1 79806 20383 2 1 0
1 79806 15805 0 1 0
1 79806 15805 1 2 0
1 79806 15805 2 3 0
1 79806 8251 0 3 0
1 79806 8251 1 4 0
1 79806 8251 2 1 0
1 79806 203 0 3 0
1 79806 203 1 4 0
1 79806 203 2 1 0
1 79806 26447 0 3 0
1 79806 26447 1 4 0
1 79806 26447 2 1 0
1 79806 29493 0 1 0
1 79806 29493 1 2 0
1 79806 29493 2 3 0
1 79806 32423 0 3 0
1 79806 32423 1 4 0
1 79806 32423 2 1 0
1 79806 3579 0 3 0
1 79806 3579 1 4 0
1 79806 3579 2 1 0
1 79806 7603 0 3 0
1 79806 7603 1 4 0
1 79806 7603 2 1 0
1 79806 837 0 1 0
1 79806 837 1 2 0
1 79806 837 2 3 0
1 79806 2365 0 1 0
1 79806 2365 1 2 0
1 79806 2365 2 3 0
1 79806 11285 0 1 0
1 79806 11285 1 2 0
1 79806 11285 2 3 0
1 79806 25263 0 3 0
1 79806 25263 1 4 0
1 79806 25263 2 1 0
1 79806 21373 0 1 0
1 79806 21373 1 2 0
1 79806 21373 2 3 0
1 79806 22141 0 1 0
1 79806 22141 1 2 0
1 79806 22141 2 3 0
1 79806 1755 0 3 0
1 79806 1755 1 4 0
1 79806 1755 2 1 0
1 79806 7337 0 1 0
1 79806 7337 1 2 0
1 79806 7337 2 3 0
1 79806 9289 0 1 0
1 79806 9289 1 2 0
1 79806 9289 2 3 0
1 79806 1729 0 1 0
1 79806 1729 1 2 0
1 79806 1729 2 3 0
1 79806 75 0 3 0
1 79806 75 1 4 0
1 79806 75 2 1 0
1 79806 4413 0 1 0
1 79806 4413 1 2 0
1 79806 4413 2 3 0
1 79806 10117 0 1 0
1 79806 10117 1 2 0
1 79806 10117 2 3 0
1 79806 3529 0 1 0
1 79806 3529 1 2 0
1 79806 3529 2 3 0
1 79806 13667 0 3 0
1 79806 13667 1 4 0
1 79806 13667 2 1 0
1 79806 21987 0 3 0
1 79806 21987 1 4 0
1 79806 21987 2 1 0
1 79806 20339 0 3 0
1 79806 20339 1 4 0
1 79806 20339 2 1 0
1 79806 4551 0 3 0
1 79806 4551 1 4 0
1 79806 4551 2 1 0
1 79806 6485 0 1 0
1 79806 6485 1 2 0
1 79806 6485 2 3 0
1 79806 19985 0 1 0
1 79806 19985 1 2 0
1 79806 19985 2 3 0
1 79806 1807 0 3 0
1 79806 1807 1 4 0
1 79806 1807 2 1 0
1 79806 17151 0 3 0
1 79806 17151 1 4 0
1 79806 17151 2 1 0
1 79806 1323 0 3 0
1 79806 1323 1 4 0
1 79806 1323 2 1 0
1 79806 32043 0 3 0
1 79806 32043 1 4 0
1 79806 32043 2 1 0
1 79806 26377 0 1 0
1 79806 26377 1 2 0
1 79806 26377 2 3 0
1 79806 12387 0 3 0
1 79806 12387 1 4 0
1 79806 12387 2 1 0
1 79806 9053 0 1 0
1 79806 9053 1 2 0
1 79806 9053 2 3 0
1 79806 11067 0 3 0
1 79806 11067 1 4 0
1 79806 11067 2 1 0
1 79806 3427 0 3 0
1 79806 3427 1 4 0
1 79806 3427 2 1 0
1 79806 27121 0 1 0
1 79806 27121 1 2 0
1 79806 27121 2 3 0
1 79806 29625 0 1 0
1 79806 29625 1 2 0
1 79806 29625 2 3 0
1 79806 2477 0 1 0
1 79806 2477 1 2 0
1 79806 2477 2 3 0
1 79806 13275 0 3 0
1 79806 13275 1 4 0
1 79806 13275 2 1 0
1 79806 16405 0 1 0
1 79806 16405 1 2 0
1 79806 16405 2 3 0
1 79806 3145 0 1 0
1 79806 3145 1 2 0
1 79806 3145 2 3 0
1 79806 14329 0 1 0
1 79806 14329 1 2 0
1 79806 14329 2 3 0
1 79806 285 0 1 0
1 79806 285 1 2 0
1 79806 285 2 3 0
1 79806 8489 0 1 0
1 79806 8489 1 2 0
1 79806 8489 2 3 0
1 79806 25595 0 3 0
1 79806 25595 1 4 0
1 79806 25595 2 1 0
1 79806 4417 0 1 0
1 79806 4417 1 2 0
1 79806 4417 2 3 0
1 79806 12101 0 1 0
1 79806 12101 1 2 0
1 79806 12101 2 3 0
1 79806 22299 0 3 0
1 79806 22299 1 4 0
1 79806 22299 2 1 0
1 79806 18063 0 3 0
1 79806 18063 1 4 0
1 79806 18063 2 1 0
1 79806 30023 0 3 0
1 79806 30023 1 4 0
1 79806 30023 2 1 0
1 79806 17585 0 1 0
1 79806 17585 1 2 0
1 79806 17585 2 3 0
1 79806 5319 0 3 0
1 79806 5319 1 4 0
1 79806 5319 2 1 0
1 79806 22743 0 3 0
1 79806 22743 1 4 0
1 79806 22743 2 1 0
1 79806 21069 0 1 0
1 79806 21069 1 2 0
1 79806 21069 2 3 0
1 79806 8019 0 3 0
1 79806 8019 1 4 0
1 79806 8019 2 1 0
1 79806 27817 0 1 0
1 79806 27817 1 2 0
1 79806 27817 2 3 0
1 79806 6635 0 3 0
1 79806 6635 1 4 0
1 79806 6635 2 1 0
1 79806 9859 0 3 0
1 79806 9859 1 4 0
1 79806 9859 2 1 0
1 79806 22103 0 3 0
1 79806 22103 1 4 0
1 79806 22103 2 1 0
1 79806 17 0 1 0
1 79806 17 1 2 0
1 79806 17 2 3 0
1 79806 16227 0 3 0
1 79806 16227 1 4 0
1 79806 16227 2 1 0
1 79806 19407 0 3 0
1 79806 19407 1 4 0
1 79806 19407 2 1 0
1 79806 18139 0 3 0
1 79806 18139 1 4 0
1 79806 18139 2 1 0
1 79806 2941 0 1 0
1 79806 2941 1 2 0
1 79806 2941 2 3 0
1 79806 32153 0 1 0
1 79806 32153 1 2 0
1 79806 32153 2 3 0
1 79806 3441 0 1 0
1 79806 3441 1 2 0
1 79806 3441 2 3 0
1 79806 3081 0 1 0
1 79806 3081 1 2 0
1 79806 3081 2 3 0
1 79806 3419 0 3 0
1 79806 3419 1 4 0
1 79806 3419 2 1 0
1 79806 2657 0 1 0
1 79806 2657 1 2 0
1 79806 2657 2 3 0
1 79806 31789 0 1 0
1 79806 31789 1 2 0
1 79806 31789 2 3 0
1 79806 18927 0 3 0
1 79806 18927 1 4 0
1 79806 18927 2 1 0
1 79806 22959 0 3 0
1 79806 22959 1 4 0
1 79806 22959 2 1 0
1 79806 21915 0 3 0
1 79806 21915 1 4 0
1 79806 21915 2 1 0
1 79806 17635 0 3 0
1 79806 17635 1 4 0
1 79806 17635 2 1 0
1 79806 21631 0 3 0
1 79806 21631 1 4 0
1 79806 21631 2 1 0
1 79806 12787 0 3 0
1 79806 12787 1 4 0
1 79806 12787 2 1 0
1 79806 19743 0 3 0
1 79806 19743 1 4 0
1 79806 19743 2 1 0
1 79806 11387 0 3 0
1 79806 11387 1 4 0
1 79806 11387 2 1 0
1 79806 17441 0 1 0
1 79806 17441 1 2 0
1 79806 17441 2 3 0
1 79806 28033 0 1 0
1 79806 28033 1 2 0
1 79806 28033 2 3 0
1 79806 17105 0 1 0
1 79806 17105 1 2 0
1 79806 17105 2 3 0
1 79806 27837 0 1 0
1 79806 27837 1 2 0
1 79806 27837 2 3 0
1 79806 31625 0 1 0
1 79806 31625 1 2 0
1 79806 31625 2 3 0
1 79806 947 0 3 0
1 79806 947 1 4 0
1 79806 947 2 1 0
1 79806 32545 0 1 0
1 79806 32545 1 2 0
1 79806 32545 2 3 0
1 79806 28497 0 1 0
1 79806 28497 1 2 0
1 79806 28497 2 3 0
1 79806 5527 0 3 0
1 79806 5527 1 4 0
1 79806 5527 2 1 0
1 79806 11803 0 3 0
1 79806 11803 1 4 0
1 79806 11803 2 1 0
1 79806 32259 0 3 0
1 79806 32259 1 4 0
1 79806 32259 2 1 0
1 79806 9281 0 1 0
1 79806 9281 1 2 0
1 79806 9281 2 3 0
1 79806 27271 0 3 0
1 79806 27271 1 4 0
1 79806 27271 2 1 0
1 79806 17975 0 3 0
1 79806 17975 1 4 0
1 79806 17975 2 1 0
1 79806 8027 0 3 0
1 79806 8027 1 4 0
1 79806 8027 2 1 0
1 79806 29659 0 3 0
1 79806 29659 1 4 0
1 79806 29659 2 1 0
1 79806 25647 0 3 0
1 79806 25647 1 4 0
1 79806 25647 2 1 0
1 79806 32071 0 3 0
1 79806 32071 1 4 0
1 79806 32071 2 1 0
1 79806 11605 0 1 0
1 79806 11605 1 2 0
1 79806 11605 2 3 0
1 79806 27751 0 3 0
1 79806 27751 1 4 0
1 79806 27751 2 1 0
1 79806 14165 0 1 0
1 79806 14165 1 2 0
1 79806 14165 2 3 0
1 79806 5009 0 1 0
1 79806 5009 1 2 0
1 79806 5009 2 3 0
1 79806 707 0 3 0
1 79806 707 1 4 0
1 79806 707 2 1 0
1 79806 22583 0 3 0
1 79806 22583 1 4 0
1 79806 22583 2 1 0
1 79806 22465 0 1 0
1 79806 22465 1 2 0
1 79806 22465 2 3 0
1 79806 20063 0 3 0
1 79806 20063 1 4 0
1 79806 20063 2 1 0
1 79806 30867 0 3 0
1 79806 30867 1 4 0
1 79806 30867 2 1 0
1 79806 18111 0 3 0
1 79806 18111 1 4 0
1 79806 18111 2 1 0
1 79806 20391 0 3 0
1 79806 20391 1 4 0
1 79806 20391 2 1 0
1 79806 10191 0 3 0
1 79806 10191 1 4 0
1 79806 10191 2 1 0
1 79806 17299 0 3 0
1 79806 17299 1 4 0
1 79806 17299 2 1 0
1 79806 31461 0 1 0
1 79806 31461 1 2 0
1 79806 31461 2 3 0
1 79806 22563 0 3 0
1 79806 22563 1 4 0
1 79806 22563 2 1 0
1 79806 9757 0 1 0
1 79806 9757 1 2 0
1 79806 9757 2 3 0
1 79806 31057 0 1 0
1 79806 31057 1 2 0
1 79806 31057 2 3 0
1 79806 11293 0 1 0
1 79806 11293 1 2 0
1 79806 11293 2 3 0
1 79806 12753 0 1 0
1 79806 12753 1 2 0
1 79806 12753 2 3 0
1 79806 8419 0 3 0
1 79806 8419 1 4 0
1 79806 8419 2 1 0
1 79806 27857 0 1 0
1 79806 27857 1 2 0
1 79806 27857 2 3 0
1 79806 4105 0 1 0
1 79806 4105 1 2 0
1 79806 4105 2 3 0
1 79806 8987 0 3 0
1 79806 8987 1 4 0
1 79806 8987 2 1 0
1 79806 8507 0 3 0
1 79806 8507 1 4 0
1 79806 8507 2 1 0
1 79806 29927 0 3 0
1 79806 29927 1 4 0
1 79806 29927 2 1 0
1 79806 12515 0 3 0
1 79806 12515 1 4 0
1 79806 12515 2 1 0
1 79806 669 0 1 0
1 79806 669 1 2 0
1 79806 669 2 3 0
1 79806 16199 0 3 0
1 79806 16199 1 4 0
1 79806 16199 2 1 0
1 79806 30369 0 1 0
1 79806 30369 1 2 0
1 79806 30369 2 3 0
1 79806 6327 0 3 0
1 79806 6327 1 4 0
1 79806 6327 2 1 0
1 79806 28479 0 3 0
1 79806 28479 1 4 0
1 79806 28479 2 1 0
1 79806 13141 0 1 0
1 79806 13141 1 2 0
1 79806 13141 2 3 0
1 79806 17589 0 1 0
1 79806 17589 1 2 0
1 79806 17589 2 3 0
1 79806 5003 0 3 0
1 79806 5003 1 4 0
1 79806 5003 2 1 0
1 79806 7287 0 3 0
1 79806 7287 1 4 0
1 79806 7287 2 1 0
1 79806 1455 0 3 0
1 79806 1455 1 4 0
1 79806 1455 2 1 0
1 79806 16821 0 1 0
1 79806 16821 1 2 0
1 79806 16821 2 3 0
1 79806 27329 0 1 0
1 79806 27329 1 2 0
1 79806 27329 2 3 0
1 79806 11509 0 1 0
1 79806 11509 1 2 0
1 79806 11509 2 3 0
1 79806 3703 0 3 0
1 79806 3703 1 4 0
1 79806 3703 2 1 0
1 79806 11757 0 1 0
1 79806 11757 1 2 0
1 79806 11757 2 3 0
1 79806 12597 0 1 0
1 79806 12597 1 2 0
1 79806 12597 2 3 0
1 79806 3197 0 1 0
1 79806 3197 1 2 0
1 79806 3197 2 3 0
1 79806 2073 0 1 0
1 79806 2073 1 2 0
1 79806 2073 2 3 0
1 79806 5971 0 3 0
1 79806 5971 1 4 0
1 79806 5971 2 1 0
1 79806 14825 0 1 0
1 79806 14825 1 2 0
1 79806 14825 2 3 0
1 79806 9457 0 1 0
1 79806 9457 1 2 0
1 79806 9457 2 3 0
1 79806 26333 0 1 0
1 79806 26333 1 2 0
1 79806 26333 2 3 0
1 79806 25361 0 1 0
1 79806 25361 1 2 0
1 79806 25361 2 3 0
1 79806 27013 0 1 0
1 79806 27013 1 2 0
1 79806 27013 2 3 0
1 79806 21529 0 1 0
1 79806 21529 1 2 0
1 79806 21529 2 3 0
1 79806 6273 0 1 0
1 79806 6273 1 2 0
1 79806 6273 2 3 0
1 79806 14099 0 3 0
1 79806 14099 1 4 0
1 79806 14099 2 1 0
1 79806 10373 0 1 0
1 79806 10373 1 2 0
1 79806 10373 2 3 0
1 79806 14479 0 3 0
1 79806 14479 1 4 0
1 79806 14479 2 1 0
1 79806 4485 0 1 0
1 79806 4485 1 2 0
1 79806 4485 2 3 0
1 79806 9403 0 3 0
1 79806 9403 1 4 0
1 79806 9403 2 1 0
1 79806 17029 0 1 0
1 79806 17029 1 2 0
1 79806 17029 2 3 0
1 79806 2915 0 3 0
1 79806 2915 1 4 0
1 79806 2915 2 1 0
1 79806 17723 0 3 0
1 79806 17723 1 4 0
1 79806 17723 2 1 0
1 79806 3909 0 1 0
1 79806 3909 1 2 0
1 79806 3909 2 3 0
1 79806 27839 0 3 0
1 79806 27839 1 4 0
1 79806 27839 2 1 0
1 79806 9463 0 3 0
1 79806 9463 1 4 0
1 79806 9463 2 1 0
1 79806 7149 0 1 0
1 79806 7149 1 2 0
1 79806 7149 2 3 0
1 79806 17425 0 1 0
1 79806 17425 1 2 0
1 79806 17425 2 3 0
1 79806 16185 0 1 0
1 79806 16185 1 2 0
1 79806 16185 2 3 0
1 79806 627 0 3 0
1 79806 627 1 4 0
1 79806 627 2 1 0
1 79806 22223 0 3 0
1 79806 22223 1 4 0
1 79806 22223 2 1 0
1 79806 3591 0 3 0
1 79806 3591 1 4 0
1 79806 3591 2 1 0
1 79806 19633 0 1 0
1 79806 19633 1 2 0
1 79806 19633 2 3 0
1 79806 26007 0 3 0
1 79806 26007 1 4 0
1 79806 26007 2 1 0
1 79806 13575 0 3 0
1 79806 13575 1 4 0
1 79806 13575 2 1 0
1 79806 7701 0 1 0
1 79806 7701 1 2 0
1 79806 7701 2 3 0
1 79806 14965 0 1 0
1 79806 14965 1 2 0
1 79806 14965 2 3 0
1 79806 3765 0 1 0
1 79806 3765 1 2 0
1 79806 3765 2 3 0
1 79806 24871 0 3 0
1 79806 24871 1 4 0
1 79806 24871 2 1 0
1 79806 25753 0 1 0
1 79806 25753 1 2 0
1 79806 25753 2 3 0
1 79806 20255 0 3 0
1 79806 20255 1 4 0
1 79806 20255 2 1 0
1 79806 7385 0 1 0
1 79806 7385 1 2 0
1 79806 7385 2 3 0
1 79806 28141 0 1 0
1 79806 28141 1 2 0
1 79806 28141 2 3 0
1 79806 18463 0 3 0
1 79806 18463 1 4 0
1 79806 18463 2 1 0
1 79806 22595 0 3 0
1 79806 22595 1 4 0
1 79806 22595 2 1 0
1 79806 9235 0 3 0
1 79806 9235 1 4 0
1 79806 9235 2 1 0
1 79806 8427 0 3 0
1 79806 8427 1 4 0
1 79806 8427 2 1 0
1 79806 17217 0 1 0
1 79806 17217 1 2 0
1 79806 17217 2 3 0
1 79806 211 0 3 0
1 79806 211 1 4 0
1 79806 211 2 1 0
1 79806 43 0 3 0
1 79806 43 1 4 0
1 79806 43 2 1 0
1 79806 5199 0 3 0
1 79806 5199 1 4 0
1 79806 5199 2 1 0
1 79806 8941 0 1 0
1 79806 8941 1 2 0
1 79806 8941 2 3 0
1 79806 2063 0 3 0
1 79806 2063 1 4 0
1 79806 2063 2 1 0
1 79806 12365 0 1 0
1 79806 12365 1 2 0
1 79806 12365 2 3 0
1 79806 28827 0 3 0
1 79806 28827 1 4 0
1 79806 28827 2 1 0
1 79806 1121 0 1 0
1 79806 1121 1 2 0
1 79806 1121 2 3 0
1 79806 3063 0 3 0
1 79806 3063 1 4 0
1 79806 3063 2 1 0
1 79806 1449 0 1 0
1 79806 1449 1 2 0
1 79806 1449 2 3 0
1 79806 31593 0 1 0
1 79806 31593 1 2 0
1 79806 31593 2 3 0
1 79806 9643 0 3 0
1 79806 9643 1 4 0
1 79806 9643 2 1 0
1 79806 2013 0 1 0
1 79806 2013 1 2 0
1 79806 2013 2 3 0
1 79806 341 0 1 0
1 79806 341 1 2 0
1 79806 341 2 3 0
1 79806 23125 0 1 0
1 79806 23125 1 2 0
1 79806 23125 2 3 0
1 79806 25921 0 1 0
1 79806 25921 1 2 0
1 79806 25921 2 3 0
1 79806 25777 0 1 0
1 79806 25777 1 2 0
1 79806 25777 2 3 0
1 79806 9827 0 3 0
1 79806 9827 1 4 0
1 79806 9827 2 1 0
1 79806 5733 0 1 0
1 79806 5733 1 2 0
1 79806 5733 2 3 0
1 79806 8979 0 3 0
1 79806 8979 1 4 0
1 79806 8979 2 1 0
1 79806 21361 0 1 0
1 79806 21361 1 2 0
1 79806 21361 2 3 0
1 79806 14975 0 3 0
1 79806 14975 1 4 0
1 79806 14975 2 1 0
1 79806 11639 0 3 0
1 79806 11639 1 4 0
1 79806 11639 2 1 0
1 79806 22873 0 1 0
1 79806 22873 1 2 0
1 79806 22873 2 3 0
1 79806 22513 0 1 0
1 79806 22513 1 2 0
1 79806 22513 2 3 0
1 79806 20031 0 3 0
1 79806 20031 1 4 0
1 79806 20031 2 1 0
1 79806 141 0 1 0
1 79806 141 1 2 0
1 79806 141 2 3 0
1 79806 18887 0 3 0
1 79806 18887 1 4 0
1 79806 18887 2 1 0
1 79806 30159 0 3 0
1 79806 30159 1 4 0
1 79806 30159 2 1 0
1 79806 17157 0 1 0
1 79806 17157 1 2 0
1 79806 17157 2 3 0
1 79806 17931 0 3 0
1 79806 17931 1 4 0
1 79806 17931 2 1 0
1 79806 9927 0 3 0
1 79806 9927 1 4 0
1 79806 9927 2 1 0
1 79806 31311 0 3 0
1 79806 31311 1 4 0
1 79806 31311 2 1 0
1 79806 2929 0 1 0
1 79806 2929 1 2 0
1 79806 2929 2 3 0
1 79806 27359 0 3 0
1 79806 27359 1 4 0
1 79806 27359 2 1 0
1 79806 32535 0 3 0
1 79806 32535 1 4 0
1 79806 32535 2 1 0
1 79806 593 0 1 0
1 79806 593 1 2 0
1 79806 593 2 3 0
1 79806 14851 0 3 0
1 79806 14851 1 4 0
1 79806 14851 2 1 0
1 79806 25639 0 3 0
1 79806 25639 1 4 0
1 79806 25639 2 1 0
1 79806 1499 0 3 0
1 79806 1499 1 4 0
1 79806 1499 2 1 0
1 79806 16643 0 3 0
1 79806 16643 1 4 0
1 79806 16643 2 1 0
1 79806 31757 0 1 0
1 79806 31757 1 2 0
1 79806 31757 2 3 0
1 79806 15643 0 3 0
1 79806 15643 1 4 0
1 79806 15643 2 1 0
1 79806 1403 0 3 0
1 79806 1403 1 4 0
1 79806 1403 2 1 0
1 79806 11283 0 3 0
1 79806 11283 1 4 0
1 79806 11283 2 1 0
1 79806 17853 0 1 0
1 79806 17853 1 2 0
1 79806 17853 2 3 0
1 79806 2139 0 3 0
1 79806 2139 1 4 0
1 79806 2139 2 1 0
1 79806 21599 0 3 0
1 79806 21599 1 4 0
1 79806 21599 2 1 0
1 79806 23481 0 1 0
1 79806 23481 1 2 0
1 79806 23481 2 3 0
1 79806 6137 0 1 0
1 79806 6137 1 2 0
1 79806 6137 2 3 0
1 79806 25809 0 1 0
1 79806 25809 1 2 0
1 79806 25809 2 3 0
1 79806 18415 0 3 0
1 79806 18415 1 4 0
1 79806 18415 2 1 0
1 79806 22547 0 3 0
1 79806 22547 1 4 0
1 79806 22547 2 1 0
1 79806 4569 0 1 0
1 79806 4569 1 2 0
1 79806 4569 2 3 0
1 79806 18547 0 3 0
1 79806 18547 1 4 0
1 79806 18547 2 1 0
1 79806 17917 0 1 0
1 79806 17917 1 2 0
1 79806 17917 2 3 0
1 79806 15947 0 3 0
1 79806 15947 1 4 0
1 79806 15947 2 1 0
1 79806 10939 0 3 0
1 79806 10939 1 4 0
1 79806 10939 2 1 0
1 79806 11871 0 3 0
1 79806 11871 1 4 0
1 79806 11871 2 1 0
1 79806 24955 0 3 0
1 79806 24955 1 4 0
1 79806 24955 2 1 0
1 79806 19857 0 1 0
1 79806 19857 1 2 0
1 79806 19857 2 3 0
1 79806 13821 0 1 0
1 79806 13821 1 2 0
1 79806 13821 2 3 0
1 79806 24385 0 1 0
1 79806 24385 1 2 0
1 79806 24385 2 3 0
1 79806 16579 0 3 0
1 79806 16579 1 4 0
1 79806 16579 2 1 0
1 79806 17343 0 3 0
1 79806 17343 1 4 0
1 79806 17343 2 1 0
1 79806 2775 0 3 0
1 79806 2775 1 4 0
1 79806 2775 2 1 0
1 79806 15359 0 3 0
1 79806 15359 1 4 0
1 79806 15359 2 1 0
1 79806 5901 0 1 0
1 79806 5901 1 2 0
1 79806 5901 2 3 0
1 79806 17817 0 1 0
1 79806 17817 1 2 0
1 79806 17817 2 3 0
1 79806 27167 0 3 0
1 79806 27167 1 4 0
1 79806 27167 2 1 0
1 79806 15167 0 3 0
1 79806 15167 1 4 0
1 79806 15167 2 1 0
1 79806 26925 0 1 0
1 79806 26925 1 2 0
1 79806 26925 2 3 0
1 79806 8453 0 1 0
1 79806 8453 1 2 0
1 79806 8453 2 3 0
1 79806 20739 0 3 0
1 79806 20739 1 4 0
1 79806 20739 2 1 0
1 79806 16707 0 3 0
1 79806 16707 1 4 0
1 79806 16707 2 1 0
1 79806 30475 0 3 0
1 79806 30475 1 4 0
1 79806 30475 2 1 0
1 79806 2105 0 1 0
1 79806 2105 1 2 0
1 79806 2105 2 3 0
1 79806 7355 0 3 0
1 79806 7355 1 4 0
1 79806 7355 2 1 0
1 79806 13977 0 1 0
1 79806 13977 1 2 0
1 79806 13977 2 3 0
1 79806 32249 0 1 0
1 79806 32249 1 2 0
1 79806 32249 2 3 0
1 79806 16217 0 1 0
1 79806 16217 1 2 0
1 79806 16217 2 3 0
1 79806 21465 0 1 0
1 79806 21465 1 2 0
1 79806 21465 2 3 0
1 79806 23575 0 3 0
1 79806 23575 1 4 0
1 79806 23575 2 1 0
1 79806 14605 0 1 0
1 79806 14605 1 2 0
1 79806 14605 2 3 0
1 79806 3997 0 1 0
1 79806 3997 1 2 0
1 79806 3997 2 3 0
1 79806 10189 0 1 0
1 79806 10189 1 2 0
1 79806 10189 2 3 0
1 79806 7495 0 3 0
1 79806 7495 1 4 0
1 79806 7495 2 1 0
1 79806 5847 0 3 0
1 79806 5847 1 4 0
1 79806 5847 2 1 0
1 79806 27593 0 1 0
1 79806 27593 1 2 0
1 79806 27593 2 3 0
1 79806 30713 0 1 0
1 79806 30713 1 2 0
1 79806 30713 2 3 0
1 79806 8999 0 3 0
1 79806 8999 1 4 0
1 79806 8999 2 1 0
1 79806 5987 0 3 0
1 79806 5987 1 4 0
1 79806 5987 2 1 0
1 79806 19667 0 3 0
1 79806 19667 1 4 0
1 79806 19667 2 1 0
1 79806 23691 0 3 0
1 79806 23691 1 4 0
1 79806 23691 2 1 0
1 79806 13229 0 1 0
1 79806 13229 1 2 0
1 79806 13229 2 3 0
1 79806 14157 0 1 0
1 79806 14157 1 2 0
1 79806 14157 2 3 0
1 79806 711 0 3 0
1 79806 711 1 4 0
1 79806 711 2 1 0
1 79806 16025 0 1 0
1 79806 16025 1 2 0
1 79806 16025 2 3 0
1 79806 2541 0 1 0
1 79806 2541 1 2 0
1 79806 2541 2 3 0
1 79806 22117 0 1 0
1 79806 22117 1 2 0
1 79806 22117 2 3 0
1 79806 26989 0 1 0
1 79806 26989 1 2 0
1 79806 26989 2 3 0
1 79806 12391 0 3 0
1 79806 12391 1 4 0
1 79806 12391 2 1 0
1 79806 21471 0 3 0
1 79806 21471 1 4 0
1 79806 21471 2 1 0
1 79806 28449 0 1 0
1 79806 28449 1 2 0
1 79806 28449 2 3 0
1 79806 22351 0 3 0
1 79806 22351 1 4 0
1 79806 22351 2 1 0
1 79806 28639 0 3 0
1 79806 28639 1 4 0
1 79806 28639 2 1 0
1 79806 19225 0 1 0
1 79806 19225 1 2 0
1 79806 19225 2 3 0
1 79806 28255 0 3 0
1 79806 28255 1 4 0
1 79806 28255 2 1 0
1 79806 30427 0 3 0
1 79806 30427 1 4 0
1 79806 30427 2 1 0
1 79806 1057 0 1 0
1 79806 1057 1 2 0
1 79806 1057 2 3 0
1 79806 30523 0 3 0
1 79806 30523 1 4 0
1 79806 30523 2 1 0
1 79806 14371 0 3 0
1 79806 14371 1 4 0
1 79806 14371 2 1 0
1 79806 21277 0 1 0
1 79806 21277 1 2 0
1 79806 21277 2 3 0
1 79806 15925 0 1 0
1 79806 15925 1 2 0
1 79806 15925 2 3 0
1 79806 26653 0 1 0
1 79806 26653 1 2 0
1 79806 26653 2 3 0
1 79806 8819 0 3 0
1 79806 8819 1 4 0
1 79806 8819 2 1 0
1 79806 289 0 1 0
1 79806 289 1 2 0
1 79806 289 2 3 0
1 79806 7923 0 3 0
1 79806 7923 1 4 0
1 79806 7923 2 1 0
1 79806 20061 0 1 0
1 79806 20061 1 2 0
1 79806 20061 2 3 0
1 79806 4559 0 3 0
1 79806 4559 1 4 0
1 79806 4559 2 1 0
1 79806 31893 0 1 0
1 79806 31893 1 2 0
1 79806 31893 2 3 0
1 79806 13203 0 3 0
1 79806 13203 1 4 0
1 79806 13203 2 1 0
1 79806 19035 0 3 0
1 79806 19035 1 4 0
1 79806 19035 2 1 0
1 79806 27505 0 1 0
1 79806 27505 1 2 0
1 79806 27505 2 3 0
1 79806 17011 0 3 0
1 79806 17011 1 4 0
1 79806 17011 2 1 0
1 79806 28593 0 1 0
1 79806 28593 1 2 0
1 79806 28593 2 3 0
1 79806 11769 0 1 0
1 79806 11769 1 2 0
1 79806 11769 2 3 0
1 79806 32305 0 1 0
1 79806 32305 1 2 0
1 79806 32305 2 3 0
1 79806 21441 0 1 0
1 79806 21441 1 2 0
1 79806 21441 2 3 0
1 79806 23143 0 3 0
1 79806 23143 1 4 0
1 79806 23143 2 1 0
1 79806 30479 0 3 0
1 79806 30479 1 4 0
1 79806 30479 2 1 0
1 79806 27713 0 1 0
1 79806 27713 1 2 0
1 79806 27713 2 3 0
1 79806 13903 0 3 0
1 79806 13903 1 4 0
1 79806 13903 2 1 0
1 79806 5293 0 1 0
1 79806 5293 1 2 0
1 79806 5293 2 3 0
1 79806 9871 0 3 0
1 79806 9871 1 4 0
1 79806 9871 2 1 0
1 79806 29501 0 1 0
1 79806 29501 1 2 0
1 79806 29501 2 3 0
1 79806 31645 0 1 0
1 79806 31645 1 2 0
1 79806 31645 2 3 0
1 79806 15561 0 1 0
1 79806 15561 1 2 0
1 79806 15561 2 3 0
1 79806 11931 0 3 0
1 79806 11931 1 4 0
1 79806 11931 2 1 0
1 79806 23687 0 3 0
1 79806 23687 1 4 0
1 79806 23687 2 1 0
1 79806 24245 0 1 0
1 79806 24245 1 2 0
1 79806 24245 2 3 0
1 79806 6841 0 1 0
1 79806 6841 1 2 0
1 79806 6841 2 3 0
1 79806 28789 0 1 0
1 79806 28789 1 2 0
1 79806 28789 2 3 0
1 79806 613 0 1 0
1 79806 613 1 2 0
1 79806 613 2 3 0
1 79806 10181 0 1 0
1 79806 10181 1 2 0
1 79806 10181 2 3 0
1 79806 27383 0 3 0
1 79806 27383 1 4 0
1 79806 27383 2 1 0
1 79806 8101 0 1 0
1 79806 8101 1 2 0
1 79806 8101 2 3 0
1 79806 14721 0 1 0
1 79806 14721 1 2 0
1 79806 14721 2 3 0
1 79806 9197 0 1 0
1 79806 9197 1 2 0
1 79806 9197 2 3 0
1 79806 31241 0 1 0
1 79806 31241 1 2 0
1 79806 31241 2 3 0
1 79806 31685 0 1 0
1 79806 31685 1 2 0
1 79806 31685 2 3 0
1 79806 13875 0 3 0
1 79806 13875 1 4 0
1 79806 13875 2 1 0
1 79806 22509 0 1 0
1 79806 22509 1 2 0
1 79806 22509 2 3 0
1 79806 4093 0 1 0
1 79806 4093 1 2 0
1 79806 4093 2 3 0
1 79806 7629 0 1 0
1 79806 7629 1 2 0
1 79806 7629 2 3 0
1 79806 25651 0 3 0
1 79806 25651 1 4 0
1 79806 25651 2 1 0
1 79806 28521 0 1 0
1 79806 28521 1 2 0
1 79806 28521 2 3 0
1 79806 14905 0 1 0
1 79806 14905 1 2 0
1 79806 14905 2 3 0
1 79806 27111 0 3 0
1 79806 27111 1 4 0
1 79806 27111 2 1 0
1 79806 15459 0 3 0
1 79806 15459 1 4 0
1 79806 15459 2 1 0
1 79806 30459 0 3 0
1 79806 30459 1 4 0
1 79806 30459 2 1 0
1 79806 28721 0 1 0
1 79806 28721 1 2 0
1 79806 28721 2 3 0
1 79806 28391 0 3 0
1 79806 28391 1 4 0
1 79806 28391 2 1 0
1 79806 6073 0 1 0
1 79806 6073 1 2 0
1 79806 6073 2 3 0
1 79806 14823 0 3 0
1 79806 14823 1 4 0
1 79806 14823 2 1 0
1 79806 32243 0 3 0
1 79806 32243 1 4 0
1 79806 32243 2 1 0
1 79806 14257 0 1 0
1 79806 14257 1 2 0
1 79806 14257 2 3 0
1 79806 5583 0 3 0
1 79806 5583 1 4 0
1 79806 5583 2 1 0
1 79806 8945 0 1 0
1 79806 8945 1 2 0
1 79806 8945 2 3 0
1 79806 9915 0 3 0
1 79806 9915 1 4 0
1 79806 9915 2 1 0
1 79806 20287 0 3 0
1 79806 20287 1 4 0
1 79806 20287 2 1 0
1 79806 3793 0 1 0
1 79806 3793 1 2 0
1 79806 3793 2 3 0
1 79806 28999 0 3 0
1 79806 28999 1 4 0
1 79806 28999 2 1 0
1 79806 18051 0 3 0
1 79806 18051 1 4 0
1 79806 18051 2 1 0
1 79806 8581 0 1 0
1 79806 8581 1 2 0
1 79806 8581 2 3 0
1 79806 2867 0 3 0
1 79806 2867 1 4 0
1 79806 2867 2 1 0
1 79806 5181 0 1 0
1 79806 5181 1 2 0
1 79806 5181 2 3 0
2 79806 7471 0 3 0
2 79806 7471 1 4 0
2 79806 7471 2 1 0
2 79806 10371 0 3 0
2 79806 10371 1 4 0
2 79806 10371 2 1 0
2 79806 30421 0 1 0
2 79806 30421 1 2 0
2 79806 30421 2 3 0
2 79806 28459 0 3 0
2 79806 28459 1 4 0
2 79806 28459 2 1 0
2 79806 15043 0 3 0
2 79806 15043 1 4 0
2 79806 15043 2 1 0
2 79806 25087 0 3 0
2 79806 25087 1 4 0
2 79806 25087 2 1 0
2 79806 29109 0 1 0
2 79806 29109 1 2 0
2 79806 29109 2 3 0
2 79806 19649 0 1 0
2 79806 19649 1 2 0
2 79806 19649 2 3 0
2 79806 30675 0 3 0
2 79806 30675 1 4 0
2 79806 30675 2 1 0
2 79806 28069 0 1 0
2 79806 28069 1 2 0
2 79806 28069 2 3 0
2 79806 22331 0 3 0
2 79806 22331 1 4 0
2 79806 22331 2 1 0
2 79806 14223 0 3 0
2 79806 14223 1 4 0
2 79806 14223 2 1 0
2 79806 14747 0 3 0
2 79806 14747 1 4 0
2 79806 14747 2 1 0
2 79806 4901 0 1 0
2 79806 4901 1 2 0
2 79806 4901 2 3 0
2 79806 27533 0 1 0
2 79806 27533 1 2 0
2 79806 27533 2 3 0
2 79806 22591 0 3 0
2 79806 22591 1 4 0
2 79806 22591 2 1 0
2 79806 23889 0 1 0
2 79806 23889 1 2 0
2 79806 23889 2 3 0
2 79806 585 0 1 0
2 79806 585 1 2 0
2 79806 585 2 3 0
2 79806 16287 0 3 0
2 79806 16287 1 4 0
2 79806 16287 2 1 0
2 79806 9833 0 1 0
2 79806 9833 1 2 0
2 79806 9833 2 3 0
2 79806 833 0 1 0
2 79806 833 1 2 0
2 79806 833 2 3 0
2 79806 28741 0 1 0
2 79806 28741 1 2 0
2 79806 28741 2 3 0
2 79806 20757 0 1 0
2 79806 20757 1 2 0
2 79806 20757 2 3 0
2 79806 10661 0 1 0
2 79806 10661 1 2 0
2 79806 10661 2 3 0
2 79806 5839 0 3 0
2 79806 5839 1 4 0
2 79806 5839 2 1 0
2 79806 697 0 1 0
2 79806 697 1 2 0
2 79806 697 2 3 0
2 79806 26855 0 3 0
2 79806 26855 1 4 0
2 79806 26855 2 1 0
2 79806 6845 0 1 0
2 79806 6845 1 2 0
2 79806 6845 2 3 0
2 79806 9771 0 3 0
2 79806 9771 1 4 0
2 79806 9771 2 1 0
2 79806 6443 0 3 0
2 79806 6443 1 4 0
2 79806 6443 2 1 0
2 79806 7285 0 1 0
2 79806 7285 1 2 0
2 79806 7285 2 3 0
2 79806 10819 0 3 0
2 79806 10819 1 4 0
2 79806 10819 2 1 0
2 79806 12181 0 1 0
2 79806 12181 1 2 0
2 79806 12181 2 3 0
2 79806 6649 0 1 0
2 79806 6649 1 2 0
2 79806 6649 2 3 0
2 79806 25745 0 1 0
2 79806 25745 1 2 0
2 79806 25745 2 3 0
2 79806 23155 0 3 0
2 79806 23155 1 4 0
2 79806 23155 2 1 0
2 79806 11653 0 1 0
2 79806 11653 1 2 0
2 79806 11653 2 3 0
2 79806 17409 0 1 0
2 79806 17409 1 2 0
2 79806 17409 2 3 0
2 79806 22469 0 1 0
2 79806 22469 1 2 0
2 79806 22469 2 3 0
2 79806 24881 0 1 0
2 79806 24881 1 2 0
2 79806 24881 2 3 0
2 79806 31091 0 3 0
2 79806 31091 1 4 0
2 79806 31091 2 1 0
2 79806 9713 0 1 0
2 79806 9713 1 2 0
2 79806 9713 2 3 0
2 79806 919 0 3 0
2 79806 919 1 4 0
2 79806 919 2 1 0
2 79806 20831 0 3 0
2 79806 20831 1 4 0
2 79806 20831 2 1 0
2 79806 13059 0 3 0
2 79806 13059 1 4 0
2 79806 13059 2 1 0
2 79806 22767 0 3 0
2 79806 22767 1 4 0
2 79806 22767 2 1 0
2 79806 29083 0 3 0
2 79806 29083 1 4 0
2 79806 29083 2 1 0
2 79806 7597 0 1 0
2 79806 7597 1 2 0
2 79806 7597 2 3 0
2 79806 18941 0 1 0
2 79806 18941 1 2 0
2 79806 18941 2 3 0
2 79806 25359 0 3 0
2 79806 25359 1 4 0
2 79806 25359 2 1 0
2 79806 22075 0 3 0
2 79806 22075 1 4 0
2 79806 22075 2 1 0
2 79806 22193 0 1 0
2 79806 22193 1 2 0
2 79806 22193 2 3 0
2 79806 19171 0 3 0
2 79806 19171 1 4 0
2 79806 19171 2 1 0
2 79806 6755 0 3 0
2 79806 6755 1 4 0
2 79806 6755 2 1 0
2 79806 28967 0 3 0
2 79806 28967 1 4 0
2 79806 28967 2 1 0
2 79806 27569 0 1 0
2 79806 27569 1 2 0
2 79806 27569 2 3 0
2 79806 25313 0 1 0
2 79806 25313 1 2 0
2 79806 25313 2 3 0
2 79806 30827 0 3 0
2 79806 30827 1 4 0
2 79806 30827 2 1 0
2 79806 1527 0 3 0
2 79806 1527 1 4 0
2 79806 1527 2 1 0
2 79806 3445 0 1 0
2 79806 3445 1 2 0
2 79806 3445 2 3 0
2 79806 24183 0 3 0
2 79806 24183 1 4 0
2 79806 24183 2 1 0
2 79806 9773 0 1 0
2 79806 9773 1 2 0
2 79806 9773 2 3 0
2 79806 16603 0 3 0
2 79806 16603 1 4 0
2 79806 16603 2 1 0
2 79806 10439 0 3 0
2 79806 10439 1 4 0
2 79806 10439 2 1 0
2 79806 17481 0 1 0
2 79806 17481 1 2 0
2 79806 17481 2 3 0
2 79806 19153 0 1 0
2 79806 19153 1 2 0
2 79806 19153 2 3 0
2 79806 1887 0 3 0
2 79806 1887 1 4 0
2 79806 1887 2 1 0
2 79806 12411 0 3 0
2 79806 12411 1 4 0
2 79806 12411 2 1 0
2 79806 14305 0 1 0
2 79806 14305 1 2 0
2 79806 14305 2 3 0
2 79806 20023 0 3 0
2 79806 20023 1 4 0
2 79806 20023 2 1 0
2 79806 937 0 1 0
2 79806 937 1 2 0
2 79806 937 2 3 0
2 79806 23133 0 1 0
2 79806 23133 1 2 0
2 79806 23133 2 3 0
2 79806 24467 0 3 0
2 79806 24467 1 4 0
2 79806 24467 2 1 0
2 79806 11037 0 1 0
2 79806 11037 1 2 0
2 79806 11037 2 3 0
2 79806 22099 0 3 0
2 79806 22099 1 4 0
2 79806 22099 2 1 0
2 79806 6117 0 1 0
2 79806 6117 1 2 0
2 79806 6117 2 3 0
2 79806 21159 0 3 0
2 79806 21159 1 4 0
2 79806 21159 2 1 0
2 79806 12437 0 1 0
2 79806 12437 1 2 0
2 79806 12437 2 3 0
2 79806 14575 0 3 0
2 79806 14575 1 4 0
2 79806 14575 2 1 0
2 79806 5399 0 3 0
2 79806 5399 1 4 0
2 79806 5399 2 1 0
2 79806 16111 0 3 0
2 79806 16111 1 4 0
2 79806 16111 2 1 0
2 79806 28209 0 1 0
2 79806 28209 1 2 0
2 79806 28209 2 3 0
2 79806 16723 0 3 0
2 79806 16723 1 4 0
2 79806 16723 2 1 0
2 79806 27951 0 3 0
2 79806 27951 1 4 0
2 79806 27951 2 1 0
2 79806 17181 0 1 0
2 79806 17181 1 2 0
2 79806 17181 2 3 0
2 79806 6167 0 3 0
2 79806 6167 1 4 0
2 79806 6167 2 1 0
2 79806 9627 0 3 0
2 79806 9627 1 4 0
2 79806 9627 2 1 0
2 79806 21811 0 3 0
2 79806 21811 1 4 0
2 79806 21811 2 1 0
2 79806 18607 0 3 0
2 79806 18607 1 4 0
2 79806 18607 2 1 0
2 79806 16655 0 3 0
2 79806 16655 1 4 0
2 79806 16655 2 1 0
2 79806 6689 0 1 0
2 79806 6689 1 2 0
2 79806 6689 2 3 0
2 79806 2475 0 3 0
2 79806 2475 1 4 0
2 79806 2475 2 1 0
2 79806 8113 0 1 0
2 79806 8113 1 2 0
2 79806 8113 2 3 0
2 79806 20483 0 3 0
2 79806 20483 1 4 0
2 79806 20483 2 1 0
2 79806 31283 0 3 0
2 79806 31283 1 4 0
2 79806 31283 2 1 0
2 79806 15455 0 3 0
2 79806 15455 1 4 0
2 79806 15455 2 1 0
2 79806 31131 0 3 0
2 79806 31131 1 4 0
2 79806 31131 2 1 0
2 79806 27259 0 3 0
2 79806 27259 1 4 0
2 79806 27259 2 1 0
2 79806 6115 0 3 0
2 79806 6115 1 4 0
2 79806 6115 2 1 0
2 79806 28559 0 3 0
2 79806 28559 1 4 0
2 79806 28559 2 1 0
2 79806 8963 0 3 0
2 79806 8963 1 4 0
2 79806 8963 2 1 0
2 79806 4419 0 3 0
2 79806 4419 1 4 0
2 79806 4419 2 1 0
2 79806 17561 0 1 0
2 79806 17561 1 2 0
2 79806 17561 2 3 0
2 79806 23093 0 1 0
2 79806 23093 1 2 0
2 79806 23093 2 3 0
2 79806 23425 0 1 0
2 79806 23425 1 2 0
2 79806 23425 2 3 0
2 79806 4061 0 1 0
2 79806 4061 1 2 0
2 79806 4061 2 3 0
2 79806 27795 0 3 0
2 79806 27795 1 4 0
2 79806 27795 2 1 0
2 79806 4149 0 1 0
2 79806 4149 1 2 0
2 79806 4149 2 3 0
2 79806 6971 0 3 0
2 79806 6971 1 4 0
2 79806 6971 2 1 0
2 79806 19845 0 1 0
2 79806 19845 1 2 0
2 79806 19845 2 3 0
2 79806 1229 0 1 0
2 79806 1229 1 2 0
2 79806 1229 2 3 0
2 79806 12505 0 1 0
2 79806 12505 1 2 0
2 79806 12505 2 3 0
2 79806 21775 0 3 0
2 79806 21775 1 4 0
2 79806 21775 2 1 0
2 79806 25155 0 3 0
2 79806 25155 1 4 0
2 79806 25155 2 1 0
2 79806 3395 0 3 0
2 79806 3395 1 4 0
2 79806 3395 2 1 0
2 79806 31711 0 3 0
2 79806 31711 1 4 0
2 79806 31711 2 1 0
2 79806 3541 0 1 0
2 79806 3541 1 2 0
2 79806 3541 2 3 0
2 79806 16107 0 3 0
2 79806 16107 1 4 0
2 79806 16107 2 1 0
2 79806 20603 0 3 0
2 79806 20603 1 4 0
2 79806 20603 2 1 0
2 79806 4199 0 3 0
2 79806 4199 1 4 0
2 79806 4199 2 1 0
2 79806 12629 0 1 0
2 79806 12629 1 2 0
2 79806 12629 2 3 0
2 79806 9445 0 1 0
2 79806 9445 1 2 0
2 79806 9445 2 3 0
2 79806 14527 0 3 0
2 79806 14527 1 4 0
2 79806 14527 2 1 0
2 79806 15023 0 3 0
2 79806 15023 1 4 0
2 79806 15023 2 1 0
2 79806 19763 0 3 0
2 79806 19763 1 4 0
2 79806 19763 2 1 0
2 79806 11829 0 1 0
2 79806 11829 1 2 0
2 79806 11829 2 3 0
2 79806 10811 0 3 0
2 79806 10811 1 4 0
2 79806 10811 2 1 0
2 79806 9881 0 1 0
2 79806 9881 1 2 0
2 79806 9881 2 3 0
2 79806 26515 0 3 0
2 79806 26515 1 4 0
2 79806 26515 2 1 0
2 79806 20767 0 3 0
2 79806 20767 1 4 0
2 79806 20767 2 1 0
2 79806 30553 0 1 0
2 79806 30553 1 2 0
2 79806 30553 2 3 0
2 79806 12517 0 1 0
2 79806 12517 1 2 0
2 79806 12517 2 3 0
2 79806 13895 0 3 0
2 79806 13895 1 4 0
2 79806 13895 2 1 0
2 79806 12351 0 3 0
2 79806 12351 1 4 0
2 79806 12351 2 1 0
2 79806 2299 0 3 0
2 79806 2299 1 4 0
2 79806 2299 2 1 0
2 79806 6361 0 1 0
2 79806 6361 1 2 0
2 79806 6361 2 3 0
2 79806 19899 0 3 0
2 79806 19899 1 4 0
2 79806 19899 2 1 0
2 79806 31453 0 1 0
2 79806 31453 1 2 0
2 79806 31453 2 3 0
2 79806 3255 0 3 0
2 79806 3255 1 4 0
2 79806 3255 2 1 0
2 79806 19177 0 1 0
2 79806 19177 1 2 0
2 79806 19177 2 3 0
2 79806 23515 0 3 0
2 79806 23515 1 4 0
2 79806 23515 2 1 0
2 79806 24889 0 1 0
2 79806 24889 1 2 0
2 79806 24889 2 3 0
2 79806 27707 0 3 0
2 79806 27707 1 4 0
2 79806 27707 2 1 0
2 79806 6897 0 1 0
2 79806 6897 1 2 0
2 79806 6897 2 3 0
2 79806 20597 0 1 0
2 79806 20597 1 2 0
2 79806 20597 2 3 0
2 79806 26209 0 1 0
2 79806 26209 1 2 0
2 79806 26209 2 3 0
2 79806 3705 0 1 0
2 79806 3705 1 2 0
2 79806 3705 2 3 0
2 79806 6335 0 3 0
2 79806 6335 1 4 0
2 79806 6335 2 1 0
2 79806 21331 0 3 0
2 79806 21331 1 4 0
2 79806 21331 2 1 0
2 79806 31029 0 1 0
2 79806 31029 1 2 0
2 79806 31029 2 3 0
2 79806 20001 0 1 0
2 79806 20001 1 2 0
2 79806 20001 2 3 0
2 79806 2561 0 1 0
2 79806 2561 1 2 0
2 79806 2561 2 3 0
2 79806 29627 0 3 0
2 79806 29627 1 4 0
2 79806 29627 2 1 0
2 79806 26765 0 1 0
2 79806 26765 1 2 0
2 79806 26765 2 3 0
2 79806 30835 0 3 0
2 79806 30835 1 4 0
2 79806 30835 2 1 0
2 79806 28973 0 1 0
2 79806 28973 1 2 0
2 79806 28973 2 3 0
2 79806 28705 0 1 0
2 79806 28705 1 2 0
2 79806 28705 2 3 0
2 79806 20241 0 1 0
2 79806 20241 1 2 0
2 79806 20241 2 3 0
2 79806 20703 0 3 0
2 79806 20703 1 4 0
2 79806 20703 2 1 0
2 79806 21447 0 3 0
2 79806 21447 1 4 0
2 79806 21447 2 1 0
2 79806 22539 0 3 0
2 79806 22539 1 4 0
2 79806 22539 2 1 0
2 79806 27469 0 1 0
2 79806 27469 1 2 0
2 79806 27469 2 3 0
2 79806 16497 0 1 0
2 79806 16497 1 2 0
2 79806 16497 2 3 0
2 79806 7119 0 3 0
2 79806 7119 1 4 0
2 79806 7119 2 1 0
2 79806 15783 0 3 0
2 79806 15783 1 4 0
2 79806 15783 2 1 0
2 79806 3761 0 1 0
2 79806 3761 1 2 0
2 79806 3761 2 3 0
2 79806 20555 0 3 0
2 79806 20555 1 4 0
2 79806 20555 2 1 0
2 79806 5139 0 3 0
2 79806 5139 1 4 0
2 79806 5139 2 1 0
2 79806 15913 0 1 0
2 79806 15913 1 2 0
2 79806 15913 2 3 0
2 79806 13121 0 1 0
2 79806 13121 1 2 0
2 79806 13121 2 3 0
2 79806 21349 0 1 0
2 79806 21349 1 2 0
2 79806 21349 2 3 0
2 79806 12161 0 1 0
2 79806 12161 1 2 0
2 79806 12161 2 3 0
2 79806 29557 0 1 0
2 79806 29557 1 2 0
2 79806 29557 2 3 0
2 79806 7885 0 1 0
2 79806 7885 1 2 0
2 79806 7885 2 3 0
2 79806 5567 0 3 0
2 79806 5567 1 4 0
2 79806 5567 2 1 0
2 79806 16129 0 1 0
2 79806 16129 1 2 0
2 79806 16129 2 3 0
2 79806 10277 0 1 0
2 79806 10277 1 2 0
2 79806 10277 2 3 0
2 79806 26965 0 1 0
2 79806 26965 1 2 0
2 79806 26965 2 3 0
2 79806 24915 0 3 0
2 79806 24915 1 4 0
2 79806 24915 2 1 0
2 79806 4051 0 3 0
2 79806 4051 1 4 0
2 79806 4051 2 1 0
2 79806 23203 0 3 0
2 79806 23203 1 4 0
2 79806 23203 2 1 0
2 79806 27811 0 3 0
2 79806 27811 1 4 0
2 79806 27811 2 1 0
2 79806 9475 0 3 0
2 79806 9475 1 4 0
2 79806 9475 2 1 0
2 79806 10681 0 1 0
2 79806 10681 1 2 0
2 79806 10681 2 3 0
2 79806 12955 0 3 0
2 79806 12955 1 4 0
2 79806 12955 2 1 0
2 79806 6603 0 3 0
2 79806 6603 1 4 0
2 79806 6603 2 1 0
2 79806 22375 0 3 0
2 79806 22375 1 4 0
2 79806 22375 2 1 0
2 79806 10309 0 1 0
2 79806 10309 1 2 0
2 79806 10309 2 3 0
2 79806 19431 0 3 0
2 79806 19431 1 4 0
2 79806 19431 2 1 0
2 79806 29125 0 1 0
2 79806 29125 1 2 0
2 79806 29125 2 3 0
2 79806 9007 0 3 0
2 79806 9007 1 4 0
2 79806 9007 2 1 0
2 79806 22407 0 3 0
2 79806 22407 1 4 0
2 79806 22407 2 1 0
2 79806 25841 0 1 0
2 79806 25841 1 2 0
2 79806 25841 2 3 0
2 79806 31371 0 3 0
2 79806 31371 1 4 0
2 79806 31371 2 1 0
2 79806 15675 0 3 0
2 79806 15675 1 4 0
2 79806 15675 2 1 0
2 79806 5703 0 3 0
2 79806 5703 1 4 0
2 79806 5703 2 1 0
2 79806 20785 0 1 0
2 79806 20785 1 2 0
2 79806 20785 2 3 0
2 79806 6681 0 1 0
2 79806 6681 1 2 0
2 79806 6681 2 3 0
2 79806 25495 0 3 0
2 79806 25495 1 4 0
2 79806 25495 2 1 0
2 79806 22645 0 1 0
2 79806 22645 1 2 0
2 79806 22645 2 3 0
2 79806 26795 0 3 0
2 79806 26795 1 4 0
2 79806 26795 2 1 0
2 79806 757 0 1 0
2 79806 757 1 2 0
2 79806 757 2 3 0
2 79806 21621 0 1 0
2 79806 21621 1 2 0
2 79806 21621 2 3 0
2 79806 971 0 3 0
2 79806 971 1 4 0
2 79806 971 2 1 0
2 79806 25327 0 3 0
2 79806 25327 1 4 0
2 79806 25327 2 1 0
2 79806 11735 0 3 0
2 79806 11735 1 4 0
2 79806 11735 2 1 0
2 79806 5861 0 1 0
2 79806 5861 1 2 0
2 79806 5861 2 3 0
2 79806 1207 0 3 0
2 79806 1207 1 4 0
2 79806 1207 2 1 0
2 79806 6911 0 3 0
2 79806 6911 1 4 0
2 79806 6911 2 1 0
2 79806 4635 0 3 0
2 79806 4635 1 4 0
2 79806 4635 2 1 0
2 79806 12451 0 3 0
2 79806 12451 1 4 0
2 79806 12451 2 1 0
2 79806 22579 0 3 0
2 79806 22579 1 4 0
2 79806 22579 2 1 0
2 79806 21927 0 3 0
2 79806 21927 1 4 0
2 79806 21927 2 1 0
2 79806 23383 0 3 0
2 79806 23383 1 4 0
2 79806 23383 2 1 0
2 79806 18813 0 1 0
2 79806 18813 1 2 0
2 79806 18813 2 3 0
2 79806 24957 0 1 0
2 79806 24957 1 2 0
2 79806 24957 2 3 0
2 79806 31133 0 1 0
2 79806 31133 1 2 0
2 79806 31133 2 3 0
2 79806 14331 0 3 0
2 79806 14331 1 4 0
2 79806 14331 2 1 0
2 79806 23801 0 1 0
2 79806 23801 1 2 0
2 79806 23801 2 3 0
2 79806 12033 0 1 0
2 79806 12033 1 2 0
2 79806 12033 2 3 0
2 79806 13577 0 1 0
2 79806 13577 1 2 0
2 79806 13577 2 3 0
2 79806 13891 0 3 0
2 79806 13891 1 4 0
2 79806 13891 2 1 0
2 79806 31785 0 1 0
2 79806 31785 1 2 0
2 79806 31785 2 3 0
2 79806 32693 0 1 0
2 79806 32693 1 2 0
2 79806 32693 2 3 0
2 79806 13251 0 3 0
2 79806 13251 1 4 0
2 79806 13251 2 1 0
2 79806 20843 0 3 0
2 79806 20843 1 4 0
2 79806 20843 2 1 0
2 79806 1777 0 1 0
2 79806 1777 1 2 0
2 79806 1777 2 3 0
2 79806 15435 0 3 0
2 79806 15435 1 4 0
2 79806 15435 2 1 0
2 79806 17115 0 3 0
2 79806 17115 1 4 0
2 79806 17115 2 1 0
2 79806 5575 0 3 0
2 79806 5575 1 4 0
2 79806 5575 2 1 0
2 79806 5077 0 1 0
2 79806 5077 1 2 0
2 79806 5077 2 3 0
2 79806 29337 0 1 0
2 79806 29337 1 2 0
2 79806 29337 2 3 0
2 79806 24185 0 1 0
2 79806 24185 1 2 0
2 79806 24185 2 3 0
2 79806 31281 0 1 0
2 79806 31281 1 2 0
2 79806 31281 2 3 0
2 79806 32233 0 1 0
2 79806 32233 1 2 0
2 79806 32233 2 3 0
2 79806 27253 0 1 0
2 79806 27253 1 2 0
2 79806 27253 2 3 0
2 79806 5909 0 1 0
2 79806 5909 1 2 0
2 79806 5909 2 3 0
2 79806 7599 0 3 0
2 79806 7599 1 4 0
2 79806 7599 2 1 0
2 79806 20641 0 1 0
2 79806 20641 1 2 0
2 79806 20641 2 3 0
2 79806 9015 0 3 0
2 79806 9015 1 4 0
2 79806 9015 2 1 0
2 79806 19059 0 3 0
2 79806 19059 1 4 0
2 79806 19059 2 1 0
2 79806 31497 0 1 0
2 79806 31497 1 2 0
2 79806 31497 2 3 0
2 79806 19357 0 1 0
2 79806 19357 1 2 0
2 79806 19357 2 3 0
2 79806 14853 0 1 0
2 79806 14853 1 2 0
2 79806 14853 2 3 0
2 79806 14035 0 3 0
2 79806 14035 1 4 0
2 79806 14035 2 1 0
2 79806 10697 0 1 0
2 79806 10697 1 2 0
2 79806 10697 2 3 0
2 79806 2769 0 1 0
2 79806 2769 1 2 0
2 79806 2769 2 3 0
2 79806 21223 0 3 0
2 79806 21223 1 4 0
2 79806 21223 2 1 0
2 79806 26265 0 1 0
2 79806 26265 1 2 0
2 79806 26265 2 3 0
2 79806 17651 0 3 0
2 79806 17651 1 4 0
2 79806 17651 2 1 0
2 79806 14555 0 3 0
2 79806 14555 1 4 0
2 79806 14555 2 1 0
2 79806 31699 0 3 0
2 79806 31699 1 4 0
2 79806 31699 2 1 0
2 79806 39 0 3 0
2 79806 39 1 4 0
2 79806 39 2 1 0
2 79806 7123 0 3 0
2 79806 7123 1 4 0
2 79806 7123 2 1 0
2 79806 20275 0 3 0
2 79806 20275 1 4 0
2 79806 20275 2 1 0
2 79806 777 0 1 0
2 79806 777 1 2 0
2 79806 777 2 3 0
2 79806 771 0 3 0
2 79806 771 1 4 0
2 79806 771 2 1 0
2 79806 11139 0 3 0
2 79806 11139 1 4 0
2 79806 11139 2 1 0
2 79806 21661 0 1 0
2 79806 21661 1 2 0
2 79806 21661 2 3 0
2 79806 12177 0 1 0
2 79806 12177 1 2 0
2 79806 12177 2 3 0
2 79806 319 0 3 0
2 79806 319 1 4 0
2 79806 319 2 1 0
2 79806 5505 0 1 0
2 79806 5505 1 2 0
2 79806 5505 2 3 0
2 79806 12925 0 1 0
2 79806 12925 1 2 0
2 79806 12925 2 3 0
2 79806 26019 0 3 0
2 79806 26019 1 4 0
2 79806 26019 2 1 0
2 79806 2953 0 1 0
2 79806 2953 1 2 0
2 79806 2953 2 3 0
2 79806 21081 0 1 0
2 79806 21081 1 2 0
2 79806 21081 2 3 0
2 79806 31183 0 3 0
2 79806 31183 1 4 0
2 79806 31183 2 1 0
2 79806 11229 0 1 0
2 79806 11229 1 2 0
2 79806 11229 2 3 0
2 79806 27043 0 3 0
2 79806 27043 1 4 0
2 79806 27043 2 1 0
2 79806 6631 0 3 0
2 79806 6631 1 4 0
2 79806 6631 2 1 0
2 79806 32571 0 3 0
2 79806 32571 1 4 0
2 79806 32571 2 1 0
2 79806 31763 0 3 0
2 79806 31763 1 4 0
2 79806 31763 2 1 0
2 79806 17077 0 1 0
2 79806 17077 1 2 0
2 79806 17077 2 3 0
2 79806 2547 0 3 0
2 79806 2547 1 4 0
2 79806 2547 2 1 0
2 79806 19325 0 1 0
2 79806 19325 1 2 0
2 79806 19325 2 3 0
2 79806 4363 0 3 0
2 79806 4363 1 4 0
2 79806 4363 2 1 0
2 79806 32089 0 1 0
2 79806 32089 1 2 0
2 79806 32089 2 3 0
2 79806 27419 0 3 0
2 79806 27419 1 4 0
2 79806 27419 2 1 0
2 79806 12137 0 1 0
2 79806 12137 1 2 0
2 79806 12137 2 3 0
2 79806 18771 0 3 0
2 79806 18771 1 4 0
2 79806 18771 2 1 0
2 79806 26525 0 1 0
2 79806 26525 1 2 0
2 79806 26525 2 3 0
2 79806 12823 0 3 0
2 79806 12823 1 4 0
2 79806 12823 2 1 0
2 79806 14439 0 3 0
2 79806 14439 1 4 0
2 79806 14439 2 1 0
2 79806 12801 0 1 0
2 79806 12801 1 2 0
2 79806 12801 2 3 0
2 79806 17749 0 1 0
2 79806 17749 1 2 0
2 79806 17749 2 3 0
2 79806 28361 0 1 0
2 79806 28361 1 2 0
2 79806 28361 2 3 0
2 79806 11477 0 1 0
2 79806 11477 1 2 0
2 79806 11477 2 3 0
2 79806 7299 0 3 0
2 79806 7299 1 4 0
2 79806 7299 2 1 0
2 79806 14541 0 1 0
2 79806 14541 1 2 0
2 79806 14541 2 3 0
2 79806 13117 0 1 0
2 79806 13117 1 2 0
2 79806 13117 2 3 0
2 79806 31819 0 3 0
2 79806 31819 1 4 0
2 79806 31819 2 1 0
2 79806 14475 0 3 0
2 79806 14475 1 4 0
2 79806 14475 2 1 0
2 79806 21733 0 1 0
2 79806 21733 1 2 0
2 79806 21733 2 3 0
2 79806 29743 0 3 0
2 79806 29743 1 4 0
2 79806 29743 2 1 0
2 79806 31025 0 1 0
2 79806 31025 1 2 0
2 79806 31025 2 3 0
2 79806 3917 0 1 0
2 79806 3917 1 2 0
2 79806 3917 2 3 0
2 79806 21377 0 1 0
2 79806 21377 1 2 0
2 79806 21377 2 3 0
2 79806 13989 0 1 0
2 79806 13989 1 2 0
2 79806 13989 2 3 0
2 79806 2537 0 1 0
2 79806 2537 1 2 0
2 79806 2537 2 3 0
2 79806 5283 0 3 0
2 79806 5283 1 4 0
2 79806 5283 2 1 0
2 79806 11531 0 3 0
2 79806 11531 1 4 0
2 79806 11531 2 1 0
2 79806 19589 0 1 0
2 79806 19589 1 2 0
2 79806 19589 2 3 0
2 79806 927 0 3 0
2 79806 927 1 4 0
2 79806 927 2 1 0
2 79806 16729 0 1 0
2 79806 16729 1 2 0
2 79806 16729 2 3 0
2 79806 21291 0 3 0
2 79806 21291 1 4 0
2 79806 21291 2 1 0
2 79806 18251 0 3 0
2 79806 18251 1 4 0
2 79806 18251 2 1 0
2 79806 29791 0 3 0
2 79806 29791 1 4 0
2 79806 29791 2 1 0
2 79806 24127 0 3 0
2 79806 24127 1 4 0
2 79806 24127 2 1 0
2 79806 12399 0 3 0
2 79806 12399 1 4 0
2 79806 12399 2 1 0
2 79806 3781 0 1 0
2 79806 3781 1 2 0
2 79806 3781 2 3 0
2 79806 22357 0 1 0
2 79806 22357 1 2 0
2 79806 22357 2 3 0
2 79806 15907 0 3 0
2 79806 15907 1 4 0
2 79806 15907 2 1 0
2 79806 7485 0 1 0
2 79806 7485 1 2 0
2 79806 7485 2 3 0
2 79806 6979 0 3 0
2 79806 6979 1 4 0
2 79806 6979 2 1 0
2 79806 2419 0 3 0
2 79806 2419 1 4 0
2 79806 2419 2 1 0
2 79806 1143 0 3 0
2 79806 1143 1 4 0
2 79806 1143 2 1 0
2 79806 14347 0 3 0
2 79806 14347 1 4 0
2 79806 14347 2 1 0
2 79806 14473 0 1 0
2 79806 14473 1 2 0
2 79806 14473 2 3 0
2 79806 1251 0 3 0
2 79806 1251 1 4 0
2 79806 1251 2 1 0
2 79806 14495 0 3 0
2 79806 14495 1 4 0
2 79806 14495 2 1 0
2 79806 8831 0 3 0
2 79806 8831 1 4 0
2 79806 8831 2 1 0
2 79806 32161 0 1 0
2 79806 32161 1 2 0
2 79806 32161 2 3 0
2 79806 13613 0 1 0
2 79806 13613 1 2 0
2 79806 13613 2 3 0
2 79806 3551 0 3 0
2 79806 3551 1 4 0
2 79806 3551 2 1 0
2 79806 32231 0 3 0
2 79806 32231 1 4 0
2 79806 32231 2 1 0
2 79806 957 0 1 0
2 79806 957 1 2 0
2 79806 957 2 3 0
2 79806 17545 0 1 0
2 79806 17545 1 2 0
2 79806 17545 2 3 0
2 79806 29585 0 1 0
2 79806 29585 1 2 0
2 79806 29585 2 3 0
2 79806 13093 0 1 0
2 79806 13093 1 2 0
2 79806 13093 2 3 0
2 79806 19413 0 1 0
2 79806 19413 1 2 0
2 79806 19413 2 3 0
2 79806 4613 0 1 0
2 79806 4613 1 2 0
2 79806 4613 2 3 0
2 79806 21219 0 3 0
2 79806 21219 1 4 0
2 79806 21219 2 1 0
2 79806 28429 0 1 0
2 79806 28429 1 2 0
2 79806 28429 2 3 0
2 79806 13413 0 1 0
2 79806 13413 1 2 0
2 79806 13413 2 3 0
2 79806 15641 0 1 0
2 79806 15641 1 2 0
2 79806 15641 2 3 0
2 79806 6733 0 1 0
2 79806 6733 1 2 0
2 79806 6733 2 3 0
2 79806 13759 0 3 0
2 79806 13759 1 4 0
2 79806 13759 2 1 0
2 79806 24255 0 3 0
2 79806 24255 1 4 0
2 79806 24255 2 1 0
2 79806 1325 0 1 0
2 79806 1325 1 2 0
2 79806 1325 2 3 0
2 79806 27597 0 1 0
2 79806 27597 1 2 0
2 79806 27597 2 3 0
2 79806 32327 0 3 0
2 79806 32327 1 4 0
2 79806 32327 2 1 0
2 79806 6899 0 3 0
2 79806 6899 1 4 0
2 79806 6899 2 1 0
2 79806 23511 0 3 0
2 79806 23511 1 4 0
2 79806 23511 2 1 0
2 79806 22325 0 1 0
2 79806 22325 1 2 0
2 79806 22325 2 3 0
2 79806 4141 0 1 0
2 79806 4141 1 2 0
2 79806 4141 2 3 0
2 79806 13793 0 1 0
2 79806 13793 1 2 0
2 79806 13793 2 3 0
2 79806 21157 0 1 0
2 79806 21157 1 2 0
2 79806 21157 2 3 0
2 79806 31119 0 3 0
2 79806 31119 1 4 0
2 79806 31119 2 1 0
2 79806 8267 0 3 0
2 79806 8267 1 4 0
2 79806 8267 2 1 0
2 79806 23003 0 3 0
2 79806 23003 1 4 0
2 79806 23003 2 1 0
2 79806 449 0 1 0
2 79806 449 1 2 0
2 79806 449 2 3 0
2 79806 19575 0 3 0
2 79806 19575 1 4 0
2 79806 19575 2 1 0
2 79806 27623 0 3 0
2 79806 27623 1 4 0
2 79806 27623 2 1 0
2 79806 23105 0 1 0
2 79806 23105 1 2 0
2 79806 23105 2 3 0
2 79806 19543 0 3 0
2 79806 19543 1 4 0
2 79806 19543 2 1 0
2 79806 17743 0 3 0
2 79806 17743 1 4 0
2 79806 17743 2 1 0
2 79806 27731 0 3 0
2 79806 27731 1 4 0
2 79806 27731 2 1 0
2 79806 10573 0 1 0
2 79806 10573 1 2 0
2 79806 10573 2 3 0
2 79806 23579 0 3 0
2 79806 23579 1 4 0
2 79806 23579 2 1 0
2 79806 10289 0 1 0
2 79806 10289 1 2 0
2 79806 10289 2 3 0
2 79806 28955 0 3 0
2 79806 28955 1 4 0
2 79806 28955 2 1 0
2 79806 19001 0 1 0
2 79806 19001 1 2 0
2 79806 19001 2 3 0
2 79806 23267 0 3 0
2 79806 23267 1 4 0
2 79806 23267 2 1 0
2 79806 8401 0 1 0
2 79806 8401 1 2 0
2 79806 8401 2 3 0
2 79806 16801 0 1 0
2 79806 16801 1 2 0
2 79806 16801 2 3 0
2 79806 29555 0 3 0
2 79806 29555 1 4 0
2 79806 29555 2 1 0
2 79806 3899 0 3 0
2 79806 3899 1 4 0
2 79806 3899 2 1 0
2 79806 8023 0 3 0
2 79806 8023 1 4 0
2 79806 8023 2 1 0
2 79806 1377 0 1 0
2 79806 1377 1 2 0
2 79806 1377 2 3 0
2 79806 24547 0 3 0
2 79806 24547 1 4 0
2 79806 24547 2 1 0
2 79806 4109 0 1 0
2 79806 4109 1 2 0
2 79806 4109 2 3 0
2 79806 6155 0 3 0
2 79806 6155 1 4 0
2 79806 6155 2 1 0
2 79806 29933 0 1 0
2 79806 29933 1 2 0
2 79806 29933 2 3 0
2 79806 4377 0 1 0
2 79806 4377 1 2 0
2 79806 4377 2 3 0
2 79806 9039 0 3 0
2 79806 9039 1 4 0
2 79806 9039 2 1 0
2 79806 2785 0 1 0
2 79806 2785 1 2 0
2 79806 2785 2 3 0
2 79806 18969 0 1 0
2 79806 18969 1 2 0
2 79806 18969 2 3 0
2 79806 29465 0 1 0
2 79806 29465 1 2 0
2 79806 29465 2 3 0
2 79806 20721 0 1 0
2 79806 20721 1 2 0
2 79806 20721 2 3 0
2 79806 28961 0 1 0
2 79806 28961 1 2 0
2 79806 28961 2 3 0
2 79806 4265 0 1 0
2 79806 4265 1 2 0
2 79806 4265 2 3 0
2 79806 17127 0 3 0
2 79806 17127 1 4 0
2 79806 17127 2 1 0
2 79806 14457 0 1 0
2 79806 14457 1 2 0
2 79806 14457 2 3 0
2 79806 23791 0 3 0
2 79806 23791 1 4 0
2 79806 23791 2 1 0
2 79806 30193 0 1 0
2 79806 30193 1 2 0
2 79806 30193 2 3 0
2 79806 22061 0 1 0
2 79806 22061 1 2 0
2 79806 22061 2 3 0
2 79806 19095 0 3 0
2 79806 19095 1 4 0
2 79806 19095 2 1 0
2 79806 32439 0 3 0
2 79806 32439 1 4 0
2 79806 32439 2 1 0
2 79806 8481 0 1 0
2 79806 8481 1 2 0
2 79806 8481 2 3 0
2 79806 28277 0 1 0
2 79806 28277 1 2 0
2 79806 28277 2 3 0
2 79806 14781 0 1 0
2 79806 14781 1 2 0
2 79806 14781 2 3 0
2 79806 29227 0 3 0
2 79806 29227 1 4 0
2 79806 29227 2 1 0
2 79806 25393 0 1 0
2 79806 25393 1 2 0
2 79806 25393 2 3 0
2 79806 12653 0 1 0
2 79806 12653 1 2 0
2 79806 12653 2 3 0
2 79806 29417 0 1 0
2 79806 29417 1 2 0
2 79806 29417 2 3 0
2 79806 10203 0 3 0
2 79806 10203 1 4 0
2 79806 10203 2 1 0
2 79806 19655 0 3 0
2 79806 19655 1 4 0
2 79806 19655 2 1 0
2 79806 27715 0 3 0
2 79806 27715 1 4 0
2 79806 27715 2 1 0
2 79806 23695 0 3 0
2 79806 23695 1 4 0
2 79806 23695 2 1 0
2 79806 27263 0 3 0
2 79806 27263 1 4 0
2 79806 27263 2 1 0
2 79806 9657 0 1 0
2 79806 9657 1 2 0
2 79806 9657 2 3 0
2 79806 12903 0 3 0
2 79806 12903 1 4 0
2 79806 12903 2 1 0
2 79806 11201 0 1 0
2 79806 11201 1 2 0
2 79806 11201 2 3 0
2 79806 24709 0 1 0
2 79806 24709 1 2 0
2 79806 24709 2 3 0
2 79806 16931 0 3 0
2 79806 16931 1 4 0
2 79806 16931 2 1 0
2 79806 27425 0 1 0
2 79806 27425 1 2 0
2 79806 27425 2 3 0
2 79806 32179 0 3 0
2 79806 32179 1 4 0
2 79806 32179 2 1 0
2 79806 26493 0 1 0
2 79806 26493 1 2 0
2 79806 26493 2 3 0
2 79806 3261 0 1 0
2 79806 3261 1 2 0
2 79806 3261 2 3 0
2 79806 18357 0 1 0
2 79806 18357 1 2 0
2 79806 18357 2 3 0
2 79806 26473 0 1 0
2 79806 26473 1 2 0
2 79806 26473 2 3 0
2 79806 15377 0 1 0
2 79806 15377 1 2 0
2 79806 15377 2 3 0
2 79806 10131 0 3 0
2 79806 10131 1 4 0
2 79806 10131 2 1 0
2 79806 18041 0 1 0
2 79806 18041 1 2 0
2 79806 18041 2 3 0
2 79806 17199 0 3 0
2 79806 17199 1 4 0
2 79806 17199 2 1 0
2 79806 7469 0 1 0
2 79806 7469 1 2 0
2 79806 7469 2 3 0
2 79806 23867 0 3 0
2 79806 23867 1 4 0
2 79806 23867 2 1 0
2 79806 31889 0 1 0
2 79806 31889 1 2 0
2 79806 31889 2 3 0
2 79806 26189 0 1 0
2 79806 26189 1 2 0
2 79806 26189 2 3 0
2 79806 13971 0 3 0
2 79806 13971 1 4 0
2 79806 13971 2 1 0
2 79806 5633 0 1 0
2 79806 5633 1 2 0
2 79806 5633 2 3 0
2 79806 10949 0 1 0
2 79806 10949 1 2 0
2 79806 10949 2 3 0
2 79806 20233 0 1 0
2 79806 20233 1 2 0
2 79806 20233 2 3 0
2 79806 15425 0 1 0
2 79806 15425 1 2 0
2 79806 15425 2 3 0
2 79806 23685 0 1 0
2 79806 23685 1 2 0
2 79806 23685 2 3 0
2 79806 27727 0 3 0
2 79806 27727 1 4 0
2 79806 27727 2 1 0
2 79806 28451 0 3 0
2 79806 28451 1 4 0
2 79806 28451 2 1 0
2 79806 9159 0 3 0
2 79806 9159 1 4 0
2 79806 9159 2 1 0
2 79806 28811 0 3 0
2 79806 28811 1 4 0
2 79806 28811 2 1 0
2 79806 18267 0 3 0
2 79806 18267 1 4 0
2 79806 18267 2 1 0
2 79806 12241 0 1 0
2 79806 12241 1 2 0
2 79806 12241 2 3 0
2 79806 30649 0 1 0
2 79806 30649 1 2 0
2 79806 30649 2 3 0
2 79806 23987 0 3 0
2 79806 23987 1 4 0
2 79806 23987 2 1 0
2 79806 28355 0 3 0
2 79806 28355 1 4 0
2 79806 28355 2 1 0
2 79806 14683 0 3 0
2 79806 14683 1 4 0
2 79806 14683 2 1 0
2 79806 22041 0 1 0
2 79806 22041 1 2 0
2 79806 22041 2 3 0
2 79806 18345 0 1 0
2 79806 18345 1 2 0
2 79806 18345 2 3 0
2 79806 12933 0 1 0
2 79806 12933 1 2 0
2 79806 12933 2 3 0
2 79806 32721 0 1 0
2 79806 32721 1 2 0
2 79806 32721 2 3 0
2 79806 25617 0 1 0
2 79806 25617 1 2 0
2 79806 25617 2 3 0
2 79806 12139 0 3 0
2 79806 12139 1 4 0
2 79806 12139 2 1 0
2 79806 29413 0 1 0
2 79806 29413 1 2 0
2 79806 29413 2 3 0
2 79806 12233 0 1 0
2 79806 12233 1 2 0
2 79806 12233 2 3 0
2 79806 15977 0 1 0
2 79806 15977 1 2 0
2 79806 15977 2 3 0
2 79806 11565 0 1 0
2 79806 11565 1 2 0
2 79806 11565 2 3 0
2 79806 49 0 1 0
2 79806 49 1 2 0
2 79806 49 2 3 0
2 79806 20727 0 3 0
2 79806 20727 1 4 0
2 79806 20727 2 1 0
2 79806 29957 0 1 0
2 79806 29957 1 2 0
2 79806 29957 2 3 0
2 79806 28787 0 3 0
2 79806 28787 1 4 0
2 79806 28787 2 1 0
2 79806 20809 0 1 0
2 79806 20809 1 2 0
2 79806 20809 2 3 0
2 79806 16649 0 1 0
2 79806 16649 1 2 0
2 79806 16649 2 3 0
2 79806 22361 0 1 0
2 79806 22361 1 2 0
2 79806 22361 2 3 0
2 79806 25189 0 1 0
2 79806 25189 1 2 0
2 79806 25189 2 3 0
2 79806 24263 0 3 0
2 79806 24263 1 4 0
2 79806 24263 2 1 0
2 79806 1367 0 3 0
2 79806 1367 1 4 0
2 79806 1367 2 1 0
2 79806 4731 0 3 0
2 79806 4731 1 4 0
2 79806 4731 2 1 0
2 79806 14717 0 1 0
2 79806 14717 1 2 0
2 79806 14717 2 3 0
2 79806 10599 0 3 0
2 79806 10599 1 4 0
2 79806 10599 2 1 0
2 79806 7687 0 3 0
2 79806 7687 1 4 0
2 79806 7687 2 1 0
2 79806 28725 0 1 0
2 79806 28725 1 2 0
2 79806 28725 2 3 0
2 79806 2113 0 1 0
2 79806 2113 1 2 0
2 79806 2113 2 3 0
2 79806 15365 0 1 0
2 79806 15365 1 2 0
2 79806 15365 2 3 0
2 79806 6267 0 3 0
2 79806 6267 1 4 0
2 79806 6267 2 1 0
2 79806 14245 0 1 0
2 79806 14245 1 2 0
2 79806 14245 2 3 0
2 79806 32727 0 3 0
2 79806 32727 1 4 0
2 79806 32727 2 1 0
2 79806 10207 0 3 0
2 79806 10207 1 4 0
2 79806 10207 2 1 0
2 79806 13523 0 3 0
2 79806 13523 1 4 0
2 79806 13523 2 1 0
2 79806 31569 0 1 0
2 79806 31569 1 2 0
2 79806 31569 2 3 0
2 79806 10603 0 3 0
2 79806 10603 1 4 0
2 79806 10603 2 1 0
2 79806 27413 0 1 0
2 79806 27413 1 2 0
2 79806 27413 2 3 0
2 79806 28719 0 3 0
2 79806 28719 1 4 0
2 79806 28719 2 1 0
2 79806 26397 0 1 0
2 79806 26397 1 2 0
2 79806 26397 2 3 0
2 79806 27767 0 3 0
2 79806 27767 1 4 0
2 79806 27767 2 1 0
2 79806 12973 0 1 0
2 79806 12973 1 2 0
2 79806 12973 2 3 0
2 79806 18335 0 3 0
2 79806 18335 1 4 0
2 79806 18335 2 1 0
2 79806 27833 0 1 0
2 79806 27833 1 2 0
2 79806 27833 2 3 0
2 79806 12959 0 3 0
2 79806 12959 1 4 0
2 79806 12959 2 1 0
2 79806 18999 0 3 0
2 79806 18999 1 4 0
2 79806 18999 2 1 0
2 79806 22741 0 1 0
2 79806 22741 1 2 0
2 79806 22741 2 3 0
2 79806 31943 0 3 0
2 79806 31943 1 4 0
2 79806 31943 2 1 0
2 79806 3123 0 3 0
2 79806 3123 1 4 0
2 79806 3123 2 1 0
2 79806 2733 0 1 0
2 79806 2733 1 2 0
2 79806 2733 2 3 0
2 79806 16353 0 1 0
2 79806 16353 1 2 0
2 79806 16353 2 3 0
2 79806 24103 0 3 0
2 79806 24103 1 4 0
2 79806 24103 2 1 0
2 79806 16207 0 3 0
2 79806 16207 1 4 0
2 79806 16207 2 1 0
2 79806 10959 0 3 0
2 79806 10959 1 4 0
2 79806 10959 2 1 0
2 79806 6099 0 3 0
2 79806 6099 1 4 0
2 79806 6099 2 1 0
2 79806 22467 0 3 0
2 79806 22467 1 4 0
2 79806 22467 2 1 0
2 79806 30383 0 3 0
2 79806 30383 1 4 0
2 79806 30383 2 1 0
2 79806 2801 0 1 0
2 79806 2801 1 2 0
2 79806 2801 2 3 0
2 79806 295 0 3 0
2 79806 295 1 4 0
2 79806 295 2 1 0
2 79806 23157 0 1 0
2 79806 23157 1 2 0
2 79806 23157 2 3 0
2 79806 11407 0 3 0
2 79806 11407 1 4 0
2 79806 11407 2 1 0
2 79806 26555 0 3 0
2 79806 26555 1 4 0
2 79806 26555 2 1 0
2 79806 4959 0 3 0
2 79806 4959 1 4 0
2 79806 4959 2 1 0
2 79806 16963 0 3 0
2 79806 16963 1 4 0
2 79806 16963 2 1 0
2 79806 32197 0 1 0
2 79806 32197 1 2 0
2 79806 32197 2 3 0
2 79806 32033 0 1 0
2 79806 32033 1 2 0
2 79806 32033 2 3 0
2 79806 4589 0 1 0
2 79806 4589 1 2 0
2 79806 4589 2 3 0
2 79806 359 0 3 0
2 79806 359 1 4 0
2 79806 359 2 1 0
2 79806 23007 0 3 0
2 79806 23007 1 4 0
2 79806 23007 2 1 0
2 79806 30131 0 3 0
2 79806 30131 1 4 0
2 79806 30131 2 1 0
2 79806 31157 0 1 0
2 79806 31157 1 2 0
2 79806 31157 2 3 0
2 79806 18623 0 3 0
2 79806 18623 1 4 0
2 79806 18623 2 1 0
2 79806 21439 0 3 0
2 79806 21439 1 4 0
2 79806 21439 2 1 0
2 79806 16585 0 1 0
2 79806 16585 1 2 0
2 79806 16585 2 3 0
2 79806 8285 0 1 0
2 79806 8285 1 2 0
2 79806 8285 2 3 0
2 79806 23043 0 3 0
2 79806 23043 1 4 0
2 79806 23043 2 1 0
2 79806 4095 0 3 0
2 79806 4095 1 4 0
2 79806 4095 2 1 0
2 79806 31873 0 1 0
2 79806 31873 1 2 0
2 79806 31873 2 3 0
2 79806 3021 0 1 0
2 79806 3021 1 2 0
2 79806 3021 2 3 0
2 79806 13007 0 3 0
2 79806 13007 1 4 0
2 79806 13007 2 1 0
3 79806 19375 0 3 0
3 79806 19375 1 4 0
3 79806 19375 2 1 0
3 79806 27485 0 1 0
3 79806 27485 1 2 0
3 79806 27485 2 3 0
3 79806 18765 0 1 0
3 79806 18765 1 2 0
3 79806 18765 2 3 0
3 79806 25097 0 1 0
3 79806 25097 1 2 0
3 79806 25097 2 3 0
3 79806 14281 0 1 0
3 79806 14281 1 2 0
3 79806 14281 2 3 0
3 79806 331 0 3 0
3 79806 331 1 4 0
3 79806 331 2 1 0
3 79806 20935 0 3 0
3 79806 20935 1 4 0
3 79806 20935 2 1 0
3 79806 311 0 3 0
3 79806 311 1 4 0
3 79806 311 2 1 0
3 79806 21541 0 1 0
3 79806 21541 1 2 0
3 79806 21541 2 3 0
3 79806 2487 0 3 0
3 79806 2487 1 4 0
3 79806 2487 2 1 0
3 79806 24375 0 3 0
3 79806 24375 1 4 0
3 79806 24375 2 1 0
3 79806 10299 0 3 0
3 79806 10299 1 4 0
3 79806 10299 2 1 0
3 79806 9989 0 1 0
3 79806 9989 1 2 0
3 79806 9989 2 3 0
3 79806 12879 0 3 0
3 79806 12879 1 4 0
3 79806 12879 2 1 0
3 79806 15117 0 1 0
3 79806 15117 1 2 0
3 79806 15117 2 3 0
3 79806 2061 0 1 0
3 79806 2061 1 2 0
3 79806 2061 2 3 0
3 79806 18055 0 3 0
3 79806 18055 1 4 0
3 79806 18055 2 1 0
3 79806 30029 0 1 0
3 79806 30029 1 2 0
3 79806 30029 2 3 0
3 79806 25425 0 1 0
3 79806 25425 1 2 0
3 79806 25425 2 3 0
3 79806 16927 0 3 0
3 79806 16927 1 4 0
3 79806 16927 2 1 0
3 79806 30379 0 3 0
3 79806 30379 1 4 0
3 79806 30379 2 1 0
3 79806 26003 0 3 0
3 79806 26003 1 4 0
3 79806 26003 2 1 0
3 79806 25121 0 1 0
3 79806 25121 1 2 0
3 79806 25121 2 3 0
3 79806 12727 0 3 0
3 79806 12727 1 4 0
3 79806 12727 2 1 0
3 79806 27365 0 1 0
3 79806 27365 1 2 0
3 79806 27365 2 3 0
3 79806 8547 0 3 0
3 79806 8547 1 4 0
3 79806 8547 2 1 0
3 79806 23863 0 3 0
3 79806 23863 1 4 0
3 79806 23863 2 1 0
3 79806 14299 0 3 0
3 79806 14299 1 4 0
3 79806 14299 2 1 0
3 79806 16383 0 3 0
3 79806 16383 1 4 0
3 79806 16383 2 1 0
3 79806 25783 0 3 0
3 79806 25783 1 4 0
3 79806 25783 2 1 0
3 79806 13159 0 3 0
3 79806 13159 1 4 0
3 79806 13159 2 1 0
3 79806 25907 0 3 0
3 79806 25907 1 4 0
3 79806 25907 2 1 0
3 79806 20461 0 1 0
3 79806 20461 1 2 0
3 79806 20461 2 3 0
3 79806 26181 0 1 0
3 79806 26181 1 2 0
3 79806 26181 2 3 0
3 79806 16593 0 1 0
3 79806 16593 1 2 0
3 79806 16593 2 3 0
3 79806 18563 0 3 0
3 79806 18563 1 4 0
3 79806 18563 2 1 0
3 79806 11461 0 1 0
3 79806 11461 1 2 0
3 79806 11461 2 3 0
3 79806 17923 0 3 0
3 79806 17923 1 4 0
3 79806 17923 2 1 0
3 79806 27889 0 1 0
3 79806 27889 1 2 0
3 79806 27889 2 3 0
3 79806 31839 0 3 0
3 79806 31839 1 4 0
3 79806 31839 2 1 0
3 79806 24099 0 3 0
3 79806 24099 1 4 0
3 79806 24099 2 1 0
3 79806 2663 0 3 0
3 79806 2663 1 4 0
3 79806 2663 2 1 0
3 79806 13757 0 1 0
3 79806 13757 1 2 0
3 79806 13757 2 3 0
3 79806 9983 0 3 0
3 79806 9983 1 4 0
3 79806 9983 2 1 0
3 79806 9205 0 1 0
3 79806 9205 1 2 0
3 79806 9205 2 3 0
3 79806 30575 0 3 0
3 79806 30575 1 4 0
3 79806 30575 2 1 0
3 79806 4939 0 3 0
3 79806 4939 1 4 0
3 79806 4939 2 1 0
3 79806 31995 0 3 0
3 79806 31995 1 4 0
3 79806 31995 2 1 0
3 79806 7809 0 1 0
3 79806 7809 1 2 0
3 79806 7809 2 3 0
3 79806 22919 0 3 0
3 79806 22919 1 4 0
3 79806 22919 2 1 0
3 79806 7397 0 1 0
3 79806 7397 1 2 0
3 79806 7397 2 3 0
3 79806 13265 0 1 0
3 79806 13265 1 2 0
3 79806 13265 2 3 0
3 79806 30265 0 1 0
3 79806 30265 1 2 0
3 79806 30265 2 3 0
3 79806 26519 0 3 0
3 79806 26519 1 4 0
3 79806 26519 2 1 0
3 79806 5185 0 1 0
3 79806 5185 1 2 0
3 79806 5185 2 3 0
3 79806 26543 0 3 0
3 79806 26543 1 4 0
3 79806 26543 2 1 0
3 79806 31239 0 3 0
3 79806 31239 1 4 0
3 79806 31239 2 1 0
3 79806 16419 0 3 0
3 79806 16419 1 4 0
3 79806 16419 2 1 0
3 79806 18151 0 3 0
3 79806 18151 1 4 0
3 79806 18151 2 1 0
3 79806 21059 0 3 0
3 79806 21059 1 4 0
3 79806 21059 2 1 0
3 79806 11547 0 3 0
3 79806 11547 1 4 0
3 79806 11547 2 1 0
3 79806 5155 0 3 0
3 79806 5155 1 4 0
3 79806 5155 2 1 0
3 79806 32057 0 1 0
3 79806 32057 1 2 0
3 79806 32057 2 3 0
3 79806 24451 0 3 0
3 79806 24451 1 4 0
3 79806 24451 2 1 0
3 79806 19969 0 1 0
3 79806 19969 1 2 0
3 79806 19969 2 3 0
3 79806 19069 0 1 0
3 79806 19069 1 2 0
3 79806 19069 2 3 0
3 79806 26095 0 3 0
3 79806 26095 1 4 0
3 79806 26095 2 1 0
3 79806 30683 0 3 0
3 79806 30683 1 4 0
3 79806 30683 2 1 0
3 79806 15199 0 3 0
3 79806 15199 1 4 0
3 79806 15199 2 1 0
3 79806 26899 0 3 0
3 79806 26899 1 4 0
3 79806 26899 2 1 0
3 79806 26995 0 3 0
3 79806 26995 1 4 0
3 79806 26995 2 1 0
3 79806 1419 0 3 0
3 79806 1419 1 4 0
3 79806 1419 2 1 0
3 79806 20415 0 3 0
3 79806 20415 1 4 0
3 79806 20415 2 1 0
3 79806 22673 0 1 0
3 79806 22673 1 2 0
3 79806 22673 2 3 0
3 79806 24667 0 3 0
3 79806 24667 1 4 0
3 79806 24667 2 1 0
3 79806 19239 0 3 0
3 79806 19239 1 4 0
3 79806 19239 2 1 0
3 79806 4045 0 1 0
3 79806 4045 1 2 0
3 79806 4045 2 3 0
3 79806 13893 0 1 0
3 79806 13893 1 2 0
3 79806 13893 2 3 0
3 79806 8369 0 1 0
3 79806 8369 1 2 0
3 79806 8369 2 3 0
3 79806 6113 0 1 0
3 79806 6113 1 2 0
3 79806 6113 2 3 0
3 79806 28753 0 1 0
3 79806 28753 1 2 0
3 79806 28753 2 3 0
3 79806 28097 0 1 0
3 79806 28097 1 2 0
3 79806 28097 2 3 0
3 79806 22647 0 3 0
3 79806 22647 1 4 0
3 79806 22647 2 1 0
3 79806 14927 0 3 0
3 79806 14927 1 4 0
3 79806 14927 2 1 0
3 79806 8409 0 1 0
3 79806 8409 1 2 0
3 79806 8409 2 3 0
3 79806 16721 0 1 0
3 79806 16721 1 2 0
3 79806 16721 2 3 0
3 79806 12711 0 3 0
3 79806 12711 1 4 0
3 79806 12711 2 1 0
3 79806 16519 0 3 0
3 79806 16519 1 4 0
3 79806 16519 2 1 0
3 79806 10775 0 3 0
3 79806 10775 1 4 0
3 79806 10775 2 1 0
3 79806 5329 0 1 0
3 79806 5329 1 2 0
3 79806 5329 2 3 0
3 79806 20081 0 1 0
3 79806 20081 1 2 0
3 79806 20081 2 3 0
3 79806 20783 0 3 0
3 79806 20783 1 4 0
3 79806 20783 2 1 0
3 79806 22369 0 1 0
3 79806 22369 1 2 0
3 79806 22369 2 3 0
3 79806 17437 0 1 0
3 79806 17437 1 2 0
3 79806 17437 2 3 0
3 79806 28153 0 1 0
3 79806 28153 1 2 0
3 79806 28153 2 3 0
3 79806 12697 0 1 0
3 79806 12697 1 2 0
3 79806 12697 2 3 0
3 79806 17197 0 1 0
3 79806 17197 1 2 0
3 79806 17197 2 3 0
3 79806 30847 0 3 0
3 79806 30847 1 4 0
3 79806 30847 2 1 0
3 79806 9933 0 1 0
3 79806 9933 1 2 0
3 79806 9933 2 3 0
3 79806 13957 0 1 0
3 79806 13957 1 2 0
3 79806 13957 2 3 0
3 79806 16057 0 1 0
3 79806 16057 1 2 0
3 79806 16057 2 3 0
3 79806 27517 0 1 0
3 79806 27517 1 2 0
3 79806 27517 2 3 0
3 79806 25491 0 3 0
3 79806 25491 1 4 0
3 79806 25491 2 1 0
3 79806 9311 0 3 0
3 79806 9311 1 4 0
3 79806 9311 2 1 0
3 79806 9831 0 3 0
3 79806 9831 1 4 0
3 79806 9831 2 1 0
3 79806 29235 0 3 0
3 79806 29235 1 4 0
3 79806 29235 2 1 0
3 79806 4889 0 1 0
3 79806 4889 1 2 0
3 79806 4889 2 3 0
3 79806 28331 0 3 0
3 79806 28331 1 4 0
3 79806 28331 2 1 0
3 79806 10431 0 3 0
3 79806 10431 1 4 0
3 79806 10431 2 1 0
3 79806 10441 0 1 0
3 79806 10441 1 2 0
3 79806 10441 2 3 0
3 79806 23615 0 3 0
3 79806 23615 1 4 0
3 79806 23615 2 1 0
3 79806 20247 0 3 0
3 79806 20247 1 4 0
3 79806 20247 2 1 0
3 79806 21655 0 3 0
3 79806 21655 1 4 0
3 79806 21655 2 1 0
3 79806 4343 0 3 0
3 79806 4343 1 4 0
3 79806 4343 2 1 0
3 79806 12815 0 3 0
3 79806 12815 1 4 0
3 79806 12815 2 1 0
3 79806 28489 0 1 0
3 79806 28489 1 2 0
3 79806 28489 2 3 0
3 79806 31129 0 1 0
3 79806 31129 1 2 0
3 79806 31129 2 3 0
3 79806 15893 0 1 0
3 79806 15893 1 2 0
3 79806 15893 2 3 0
3 79806 7771 0 3 0
3 79806 7771 1 4 0
3 79806 7771 2 1 0
3 79806 1009 0 1 0
3 79806 1009 1 2 0
3 79806 1009 2 3 0
3 79806 5103 0 3 0
3 79806 5103 1 4 0
3 79806 5103 2 1 0
3 79806 15685 0 1 0
3 79806 15685 1 2 0
3 79806 15685 2 3 0
3 79806 16577 0 1 0
3 79806 16577 1 2 0
3 79806 16577 2 3 0
3 79806 8397 0 1 0
3 79806 8397 1 2 0
3 79806 8397 2 3 0
3 79806 9527 0 3 0
3 79806 9527 1 4 0
3 79806 9527 2 1 0
3 79806 17161 0 1 0
3 79806 17161 1 2 0
3 79806 17161 2 3 0
3 79806 2489 0 1 0
3 79806 2489 1 2 0
3 79806 2489 2 3 0
3 79806 27531 0 3 0
3 79806 27531 1 4 0
3 79806 27531 2 1 0
3 79806 28291 0 3 0
3 79806 28291 1 4 0
3 79806 28291 2 1 0
3 79806 7085 0 1 0
3 79806 7085 1 2 0
3 79806 7085 2 3 0
3 79806 11611 0 3 0
3 79806 11611 1 4 0
3 79806 11611 2 1 0
3 79806 10549 0 1 0
3 79806 10549 1 2 0
3 79806 10549 2 3 0
3 79806 19811 0 3 0
3 79806 19811 1 4 0
3 79806 19811 2 1 0
3 79806 3367 0 3 0
3 79806 3367 1 4 0
3 79806 3367 2 1 0
3 79806 17225 0 1 0
3 79806 17225 1 2 0
3 79806 17225 2 3 0
3 79806 28353 0 1 0
3 79806 28353 1 2 0
3 79806 28353 2 3 0
3 79806 8607 0 3 0
3 79806 8607 1 4 0
3 79806 8607 2 1 0
3 79806 18407 0 3 0
3 79806 18407 1 4 0
3 79806 18407 2 1 0
3 79806 21961 0 1 0
3 79806 21961 1 2 0
3 79806 21961 2 3 0
3 79806 11903 0 3 0
3 79806 11903 1 4 0
3 79806 11903 2 1 0
3 79806 28165 0 1 0
3 79806 28165 1 2 0
3 79806 28165 2 3 0
3 79806 24271 0 3 0
3 79806 24271 1 4 0
3 79806 24271 2 1 0
3 79806 23993 0 1 0
3 79806 23993 1 2 0
3 79806 23993 2 3 0
3 79806 17087 0 3 0
3 79806 17087 1 4 0
3 79806 17087 2 1 0
3 79806 27221 0 1 0
3 79806 27221 1 2 0
3 79806 27221 2 3 0
3 79806 17047 0 3 0
3 79806 17047 1 4 0
3 79806 17047 2 1 0
3 79806 22859 0 3 0
3 79806 22859 1 4 0
3 79806 22859 2 1 0
3 79806 11335 0 3 0
3 79806 11335 1 4 0
3 79806 11335 2 1 0
3 79806 18259 0 3 0
3 79806 18259 1 4 0
3 79806 18259 2 1 0
3 79806 22867 0 3 0
3 79806 22867 1 4 0
3 79806 22867 2 1 0
3 79806 23943 0 3 0
3 79806 23943 1 4 0
3 79806 23943 2 1 0
3 79806 20707 0 3 0
3 79806 20707 1 4 0
3 79806 20707 2 1 0
3 79806 4543 0 3 0
3 79806 4543 1 4 0
3 79806 4543 2 1 0
3 79806 1839 0 3 0
3 79806 1839 1 4 0
3 79806 1839 2 1 0
3 79806 31173 0 1 0
3 79806 31173 1 2 0
3 79806 31173 2 3 0
3 79806 22309 0 1 0
3 79806 22309 1 2 0
3 79806 22309 2 3 0
3 79806 671 0 3 0
3 79806 671 1 4 0
3 79806 671 2 1 0
3 79806 27445 0 1 0
3 79806 27445 1 2 0
3 79806 27445 2 3 0
3 79806 30743 0 3 0
3 79806 30743 1 4 0
3 79806 30743 2 1 0
3 79806 1775 0 3 0
3 79806 1775 1 4 0
3 79806 1775 2 1 0
3 79806 7447 0 3 0
3 79806 7447 1 4 0
3 79806 7447 2 1 0
3 79806 20875 0 3 0
3 79806 20875 1 4 0
3 79806 20875 2 1 0
3 79806 9451 0 3 0
3 79806 9451 1 4 0
3 79806 9451 2 1 0
3 79806 5689 0 1 0
3 79806 5689 1 2 0
3 79806 5689 2 3 0
3 79806 8121 0 1 0
3 79806 8121 1 2 0
3 79806 8121 2 3 0
3 79806 19419 0 3 0
3 79806 19419 1 4 0
3 79806 19419 2 1 0
3 79806 10969 0 1 0
3 79806 10969 1 2 0
3 79806 10969 2 3 0
3 79806 32337 0 1 0
3 79806 32337 1 2 0
3 79806 32337 2 3 0
3 79806 27847 0 3 0
3 79806 27847 1 4 0
3 79806 27847 2 1 0
3 79806 10771 0 3 0
3 79806 10771 1 4 0
3 79806 10771 2 1 0
3 79806 6379 0 3 0
3 79806 6379 1 4 0
3 79806 6379 2 1 0
3 79806 28979 0 3 0
3 79806 28979 1 4 0
3 79806 28979 2 1 0
3 79806 30495 0 3 0
3 79806 30495 1 4 0
3 79806 30495 2 1 0
3 79806 31475 0 3 0
3 79806 31475 1 4 0
3 79806 31475 2 1 0
3 79806 8443 0 3 0
3 79806 8443 1 4 0
3 79806 8443 2 1 0
3 79806 32311 0 3 0
3 79806 32311 1 4 0
3 79806 32311 2 1 0
3 79806 2735 0 3 0
3 79806 2735 1 4 0
3 79806 2735 2 1 0
3 79806 23429 0 1 0
3 79806 23429 1 2 0
3 79806 23429 2 3 0
3 79806 17005 0 1 0
3 79806 17005 1 2 0
3 79806 17005 2 3 0
3 79806 18291 0 3 0
3 79806 18291 1 4 0
3 79806 18291 2 1 0
3 79806 1893 0 1 0
3 79806 1893 1 2 0
3 79806 1893 2 3 0
3 79806 23967 0 3 0
3 79806 23967 1 4 0
3 79806 23967 2 1 0
3 79806 935 0 3 0
3 79806 935 1 4 0
3 79806 935 2 1 0
3 79806 30665 0 1 0
3 79806 30665 1 2 0
3 79806 30665 2 3 0
3 79806 16315 0 3 0
3 79806 16315 1 4 0
3 79806 16315 2 1 0
3 79806 28095 0 3 0
3 79806 28095 1 4 0
3 79806 28095 2 1 0
3 79806 26561 0 1 0
3 79806 26561 1 2 0
3 79806 26561 2 3 0
3 79806 23083 0 3 0
3 79806 23083 1 4 0
3 79806 23083 2 1 0
3 79806 15111 0 3 0
3 79806 15111 1 4 0
3 79806 15111 2 1 0
3 79806 25009 0 1 0
3 79806 25009 1 2 0
3 79806 25009 2 3 0
3 79806 26623 0 3 0
3 79806 26623 1 4 0
3 79806 26623 2 1 0
3 79806 13685 0 1 0
3 79806 13685 1 2 0
3 79806 13685 2 3 0
3 79806 26611 0 3 0
3 79806 26611 1 4 0
3 79806 26611 2 1 0
3 79806 25115 0 3 0
3 79806 25115 1 4 0
3 79806 25115 2 1 0
3 79806 23531 0 3 0
3 79806 23531 1 4 0
3 79806 23531 2 1 0
3 79806 26257 0 1 0
3 79806 26257 1 2 0
3 79806 26257 2 3 0
3 79806 8347 0 3 0
3 79806 8347 1 4 0
3 79806 8347 2 1 0
3 79806 1559 0 3 0
3 79806 1559 1 4 0
3 79806 1559 2 1 0
3 79806 22733 0 1 0
3 79806 22733 1 2 0
3 79806 22733 2 3 0
3 79806 6185 0 1 0
3 79806 6185 1 2 0
3 79806 6185 2 3 0
3 79806 19411 0 3 0
3 79806 19411 1 4 0
3 79806 19411 2 1 0
3 79806 27341 0 1 0
3 79806 27341 1 2 0
3 79806 27341 2 3 0
3 79806 9513 0 1 0
3 79806 9513 1 2 0
3 79806 9513 2 3 0
3 79806 17639 0 3 0
3 79806 17639 1 4 0
3 79806 17639 2 1 0
3 79806 14895 0 3 0
3 79806 14895 1 4 0
3 79806 14895 2 1 0
3 79806 10435 0 3 0
3 79806 10435 1 4 0
3 79806 10435 2 1 0
3 79806 4057 0 1 0
3 79806 4057 1 2 0
3 79806 4057 2 3 0
3 79806 241 0 1 0
3 79806 241 1 2 0
3 79806 241 2 3 0
3 79806 11603 0 3 0
3 79806 11603 1 4 0
3 79806 11603 2 1 0
3 79806 24921 0 1 0
3 79806 24921 1 2 0
3 79806 24921 2 3 0
3 79806 18981 0 1 0
3 79806 18981 1 2 0
3 79806 18981 2 3 0
3 79806 17483 0 3 0
3 79806 17483 1 4 0
3 79806 17483 2 1 0
3 79806 9925 0 1 0
3 79806 9925 1 2 0
3 79806 9925 2 3 0
3 79806 24695 0 3 0
3 79806 24695 1 4 0
3 79806 24695 2 1 0
3 79806 12223 0 3 0
3 79806 12223 1 4 0
3 79806 12223 2 1 0
3 79806 11997 0 1 0
3 79806 11997 1 2 0
3 79806 11997 2 3 0
3 79806 19509 0 1 0
3 79806 19509 1 2 0
3 79806 19509 2 3 0
3 79806 26911 0 3 0
3 79806 26911 1 4 0
3 79806 26911 2 1 0
3 79806 2833 0 1 0
3 79806 2833 1 2 0
3 79806 2833 2 3 0
3 79806 6739 0 3 0
3 79806 6739 1 4 0
3 79806 6739 2 1 0
3 79806 31667 0 3 0
3 79806 31667 1 4 0
3 79806 31667 2 1 0
3 79806 18153 0 1 0
3 79806 18153 1 2 0
3 79806 18153 2 3 0
3 79806 17889 0 1 0
3 79806 17889 1 2 0
3 79806 17889 2 3 0
3 79806 26629 0 1 0
3 79806 26629 1 2 0
3 79806 26629 2 3 0
3 79806 20489 0 1 0
3 79806 20489 1 2 0
3 79806 20489 2 3 0
3 79806 6173 0 1 0
3 79806 6173 1 2 0
3 79806 6173 2 3 0
3 79806 22749 0 1 0
3 79806 22749 1 2 0
3 79806 22749 2 3 0
3 79806 1353 0 1 0
3 79806 1353 1 2 0
3 79806 1353 2 3 0
3 79806 28547 0 3 0
3 79806 28547 1 4 0
3 79806 28547 2 1 0
3 79806 22155 0 3 0
3 79806 22155 1 4 0
3 79806 22155 2 1 0
3 79806 22353 0 1 0
3 79806 22353 1 2 0
3 79806 22353 2 3 0
3 79806 4769 0 1 0
3 79806 4769 1 2 0
3 79806 4769 2 3 0
3 79806 7339 0 3 0
3 79806 7339 1 4 0
3 79806 7339 2 1 0
3 79806 149 0 1 0
3 79806 149 1 2 0
3 79806 149 2 3 0
3 79806 14673 0 1 0
3 79806 14673 1 2 0
3 79806 14673 2 3 0
3 79806 24537 0 1 0
3 79806 24537 1 2 0
3 79806 24537 2 3 0
3 79806 8775 0 3 0
3 79806 8775 1 4 0
3 79806 8775 2 1 0
3 79806 32733 0 1 0
3 79806 32733 1 2 0
3 79806 32733 2 3 0
3 79806 29395 0 3 0
3 79806 29395 1 4 0
3 79806 29395 2 1 0
3 79806 28883 0 3 0
3 79806 28883 1 4 0
3 79806 28883 2 1 0
3 79806 22505 0 1 0
3 79806 22505 1 2 0
3 79806 22505 2 3 0
3 79806 24919 0 3 0
3 79806 24919 1 4 0
3 79806 24919 2 1 0
3 79806 30829 0 1 0
3 79806 30829 1 2 0
3 79806 30829 2 3 0
3 79806 2345 0 1 0
3 79806 2345 1 2 0
3 79806 2345 2 3 0
3 79806 24581 0 1 0
3 79806 24581 1 2 0
3 79806 24581 2 3 0
3 79806 30757 0 1 0
3 79806 30757 1 2 0
3 79806 30757 2 3 0
3 79806 6645 0 1 0
3 79806 6645 1 2 0
3 79806 6645 2 3 0
3 79806 21725 0 1 0
3 79806 21725 1 2 0
3 79806 21725 2 3 0
3 79806 26969 0 1 0
3 79806 26969 1 2 0
3 79806 26969 2 3 0
3 79806 26815 0 3 0
3 79806 26815 1 4 0
3 79806 26815 2 1 0
3 79806 961 0 1 0
3 79806 961 1 2 0
3 79806 961 2 3 0
3 79806 19399 0 3 0
3 79806 19399 1 4 0
3 79806 19399 2 1 0
3 79806 26959 0 3 0
3 79806 26959 1 4 0
3 79806 26959 2 1 0
3 79806 25467 0 3 0
3 79806 25467 1 4 0
3 79806 25467 2 1 0
3 79806 28417 0 1 0
3 79806 28417 1 2 0
3 79806 28417 2 3 0
3 79806 13295 0 3 0
3 79806 13295 1 4 0
3 79806 13295 2 1 0
3 79806 2997 0 1 0
3 79806 2997 1 2 0
3 79806 2997 2 3 0
3 79806 22729 0 1 0
3 79806 22729 1 2 0
3 79806 22729 2 3 0
3 79806 20931 0 3 0
3 79806 20931 1 4 0
3 79806 20931 2 1 0
3 79806 29951 0 3 0
3 79806 29951 1 4 0
3 79806 29951 2 1 0
3 79806 22995 0 3 0
3 79806 22995 1 4 0
3 79806 22995 2 1 0
3 79806 26877 0 1 0
3 79806 26877 1 2 0
3 79806 26877 2 3 0
3 79806 5371 0 3 0
3 79806 5371 1 4 0
3 79806 5371 2 1 0
3 79806 19123 0 3 0
3 79806 19123 1 4 0
3 79806 19123 2 1 0
3 79806 10057 0 1 0
3 79806 10057 1 2 0
3 79806 10057 2 3 0
3 79806 26259 0 3 0
3 79806 26259 1 4 0
3 79806 26259 2 1 0
3 79806 1867 0 3 0
3 79806 1867 1 4 0
3 79806 1867 2 1 0
3 79806 13835 0 3 0
3 79806 13835 1 4 0
3 79806 13835 2 1 0
3 79806 213 0 1 0
3 79806 213 1 2 0
3 79806 213 2 3 0
3 79806 32389 0 1 0
3 79806 32389 1 2 0
3 79806 32389 2 3 0
3 79806 6561 0 1 0
3 79806 6561 1 2 0
3 79806 6561 2 3 0
3 79806 30477 0 1 0
3 79806 30477 1 2 0
3 79806 30477 2 3 0
3 79806 22543 0 3 0
3 79806 22543 1 4 0
3 79806 22543 2 1 0
3 79806 10535 0 3 0
3 79806 10535 1 4 0
3 79806 10535 2 1 0
3 79806 2603 0 3 0
3 79806 2603 1 4 0
3 79806 2603 2 1 0
3 79806 24883 0 3 0
3 79806 24883 1 4 0
3 79806 24883 2 1 0
3 79806 25853 0 1 0
3 79806 25853 1 2 0
3 79806 25853 2 3 0
3 79806 9785 0 1 0
3 79806 9785 1 2 0
3 79806 9785 2 3 0
3 79806 16417 0 1 0
3 79806 16417 1 2 0
3 79806 16417 2 3 0
3 79806 28993 0 1 0
3 79806 28993 1 2 0
3 79806 28993 2 3 0
3 79806 31213 0 1 0
3 79806 31213 1 2 0
3 79806 31213 2 3 0
3 79806 11369 0 1 0
3 79806 11369 1 2 0
3 79806 11369 2 3 0
3 79806 19009 0 1 0
3 79806 19009 1 2 0
3 79806 19009 2 3 0
3 79806 16859 0 3 0
3 79806 16859 1 4 0
3 79806 16859 2 1 0
3 79806 6497 0 1 0
3 79806 6497 1 2 0
3 79806 6497 2 3 0
3 79806 8505 0 1 0
3 79806 8505 1 2 0
3 79806 8505 2 3 0
3 79806 5051 0 3 0
3 79806 5051 1 4 0
3 79806 5051 2 1 0
3 79806 29001 0 1 0
3 79806 29001 1 2 0
3 79806 29001 2 3 0
3 79806 28275 0 3 0
3 79806 28275 1 4 0
3 79806 28275 2 1 0
3 79806 28413 0 1 0
3 79806 28413 1 2 0
3 79806 28413 2 3 0
3 79806 13147 0 3 0
3 79806 13147 1 4 0
3 79806 13147 2 1 0
3 79806 18351 0 3 0
3 79806 18351 1 4 0
3 79806 18351 2 1 0
3 79806 4813 0 1 0
3 79806 4813 1 2 0
3 79806 4813 2 3 0
3 79806 22151 0 3 0
3 79806 22151 1 4 0
3 79806 22151 2 1 0
3 79806 14925 0 1 0
3 79806 14925 1 2 0
3 79806 14925 2 3 0
3 79806 27067 0 3 0
3 79806 27067 1 4 0
3 79806 27067 2 1 0
3 79806 24251 0 3 0
3 79806 24251 1 4 0
3 79806 24251 2 1 0
3 79806 9055 0 3 0
3 79806 9055 1 4 0
3 79806 9055 2 1 0
3 79806 20035 0 3 0
3 79806 20035 1 4 0
3 79806 20035 2 1 0
3 79806 24543 0 3 0
3 79806 24543 1 4 0
3 79806 24543 2 1 0
3 79806 9655 0 3 0
3 79806 9655 1 4 0
3 79806 9655 2 1 0
3 79806 19487 0 3 0
3 79806 19487 1 4 0
3 79806 19487 2 1 0
3 79806 7075 0 3 0
3 79806 7075 1 4 0
3 79806 7075 2 1 0
3 79806 13641 0 1 0
3 79806 13641 1 2 0
3 79806 13641 2 3 0
3 79806 2517 0 1 0
3 79806 2517 1 2 0
3 79806 2517 2 3 0
3 79806 20515 0 3 0
3 79806 20515 1 4 0
3 79806 20515 2 1 0
3 79806 28589 0 1 0
3 79806 28589 1 2 0
3 79806 28589 2 3 0
3 79806 14069 0 1 0
3 79806 14069 1 2 0
3 79806 14069 2 3 0
3 79806 17461 0 1 0
3 79806 17461 1 2 0
3 79806 17461 2 3 0
3 79806 21369 0 1 0
3 79806 21369 1 2 0
3 79806 21369 2 3 0
3 79806 20357 0 1 0
3 79806 20357 1 2 0
3 79806 20357 2 3 0
3 79806 24751 0 3 0
3 79806 24751 1 4 0
3 79806 24751 2 1 0
3 79806 11159 0 3 0
3 79806 11159 1 4 0
3 79806 11159 2 1 0
3 79806 30719 0 3 0
3 79806 30719 1 4 0
3 79806 30719 2 1 0
3 79806 29913 0 1 0
3 79806 29913 1 2 0
3 79806 29913 2 3 0
3 79806 11135 0 3 0
3 79806 11135 1 4 0
3 79806 11135 2 1 0
3 79806 2559 0 3 0
3 79806 2559 1 4 0
3 79806 2559 2 1 0
3 79806 17549 0 1 0
3 79806 17549 1 2 0
3 79806 17549 2 3 0
3 79806 27055 0 3 0
3 79806 27055 1 4 0
3 79806 27055 2 1 0
3 79806 24135 0 3 0
3 79806 24135 1 4 0
3 79806 24135 2 1 0
3 79806 24435 0 3 0
3 79806 24435 1 4 0
3 79806 24435 2 1 0
3 79806 20761 0 1 0
3 79806 20761 1 2 0
3 79806 20761 2 3 0
3 79806 28563 0 3 0
3 79806 28563 1 4 0
3 79806 28563 2 1 0
3 79806 32523 0 3 0
3 79806 32523 1 4 0
3 79806 32523 2 1 0
3 79806 11801 0 1 0
3 79806 11801 1 2 0
3 79806 11801 2 3 0
3 79806 5403 0 3 0
3 79806 5403 1 4 0
3 79806 5403 2 1 0
3 79806 5133 0 1 0
3 79806 5133 1 2 0
3 79806 5133 2 3 0
3 79806 3883 0 3 0
3 79806 3883 1 4 0
3 79806 3883 2 1 0
3 79806 19121 0 1 0
3 79806 19121 1 2 0
3 79806 19121 2 3 0
3 79806 26695 0 3 0
3 79806 26695 1 4 0
3 79806 26695 2 1 0
3 79806 22019 0 3 0
3 79806 22019 1 4 0
3 79806 22019 2 1 0
3 79806 20803 0 3 0
3 79806 20803 1 4 0
3 79806 20803 2 1 0
3 79806 12589 0 1 0
3 79806 12589 1 2 0
3 79806 12589 2 3 0
3 79806 3901 0 1 0
3 79806 3901 1 2 0
3 79806 3901 2 3 0
3 79806 22785 0 1 0
3 79806 22785 1 2 0
3 79806 22785 2 3 0
3 79806 23747 0 3 0
3 79806 23747 1 4 0
3 79806 23747 2 1 0
3 79806 67 0 3 0
3 79806 67 1 4 0
3 79806 67 2 1 0
3 79806 13673 0 1 0
3 79806 13673 1 2 0
3 79806 13673 2 3 0
3 79806 22149 0 1 0
3 79806 22149 1 2 0
3 79806 22149 2 3 0
3 79806 31739 0 3 0
3 79806 31739 1 4 0
3 79806 31739 2 1 0
3 79806 8057 0 1 0
3 79806 8057 1 2 0
3 79806 8057 2 3 0
3 79806 509 0 1 0
3 79806 509 1 2 0
3 79806 509 2 3 0
3 79806 3693 0 1 0
3 79806 3693 1 2 0
3 79806 3693 2 3 0
3 79806 9183 0 3 0
3 79806 9183 1 4 0
3 79806 9183 2 1 0
3 79806 26071 0 3 0
3 79806 26071 1 4 0
3 79806 26071 2 1 0
3 79806 25509 0 1 0
3 79806 25509 1 2 0
3 79806 25509 2 3 0
3 79806 15665 0 1 0
3 79806 15665 1 2 0
3 79806 15665 2 3 0
3 79806 201 0 1 0
3 79806 201 1 2 0
3 79806 201 2 3 0
3 79806 9031 0 3 0
3 79806 9031 1 4 0
3 79806 9031 2 1 0
3 79806 1897 0 1 0
3 79806 1897 1 2 0
3 79806 1897 2 3 0
3 79806 6391 0 3 0
3 79806 6391 1 4 0
3 79806 6391 2 1 0
3 79806 11873 0 1 0
3 79806 11873 1 2 0
3 79806 11873 2 3 0
3 79806 7409 0 1 0
3 79806 7409 1 2 0
3 79806 7409 2 3 0
3 79806 23743 0 3 0
3 79806 23743 1 4 0
3 79806 23743 2 1 0
3 79806 26343 0 3 0
3 79806 26343 1 4 0
3 79806 26343 2 1 0
3 79806 26223 0 3 0
3 79806 26223 1 4 0
3 79806 26223 2 1 0
3 79806 18839 0 3 0
3 79806 18839 1 4 0
3 79806 18839 2 1 0
3 79806 30329 0 1 0
3 79806 30329 1 2 0
3 79806 30329 2 3 0
3 79806 15379 0 3 0
3 79806 15379 1 4 0
3 79806 15379 2 1 0
3 79806 28111 0 3 0
3 79806 28111 1 4 0
3 79806 28111 2 1 0
3 79806 14191 0 3 0
3 79806 14191 1 4 0
3 79806 14191 2 1 0
3 79806 2185 0 1 0
3 79806 2185 1 2 0
3 79806 2185 2 3 0
3 79806 1333 0 1 0
3 79806 1333 1 2 0
3 79806 1333 2 3 0
3 79806 22315 0 3 0
3 79806 22315 1 4 0
3 79806 22315 2 1 0
3 79806 16609 0 1 0
3 79806 16609 1 2 0
3 79806 16609 2 3 0
3 79806 13745 0 1 0
3 79806 13745 1 2 0
3 79806 13745 2 3 0
3 79806 19173 0 1 0
3 79806 19173 1 2 0
3 79806 19173 2 3 0
3 79806 21 0 1 0
3 79806 21 1 2 0
3 79806 21 2 3 0
3 79806 24731 0 3 0
3 79806 24731 1 4 0
3 79806 24731 2 1 0
3 79806 14929 0 1 0
3 79806 14929 1 2 0
3 79806 14929 2 3 0
3 79806 11409 0 1 0
3 79806 11409 1 2 0
3 79806 11409 2 3 0
3 79806 12829 0 1 0
3 79806 12829 1 2 0
3 79806 12829 2 3 0
3 79806 13631 0 3 0
3 79806 13631 1 4 0
3 79806 13631 2 1 0
3 79806 13453 0 1 0
3 79806 13453 1 2 0
3 79806 13453 2 3 0
3 79806 3599 0 3 0
3 79806 3599 1 4 0
3 79806 3599 2 1 0
3 79806 10785 0 1 0
3 79806 10785 1 2 0
3 79806 10785 2 3 0
3 79806 30977 0 1 0
3 79806 30977 1 2 0
3 79806 30977 2 3 0
3 79806 16229 0 1 0
3 79806 16229 1 2 0
3 79806 16229 2 3 0
3 79806 27323 0 3 0
3 79806 27323 1 4 0
3 79806 27323 2 1 0
3 79806 4295 0 3 0
3 79806 4295 1 4 0
3 79806 4295 2 1 0
3 79806 31561 0 1 0
3 79806 31561 1 2 0
3 79806 31561 2 3 0
3 79806 24571 0 3 0
3 79806 24571 1 4 0
3 79806 24571 2 1 0
3 79806 7951 0 3 0
3 79806 7951 1 4 0
3 79806 7951 2 1 0
3 79806 19437 0 1 0
3 79806 19437 1 2 0
3 79806 19437 2 3 0
3 79806 30077 0 1 0
3 79806 30077 1 2 0
3 79806 30077 2 3 0
3 79806 8389 0 1 0
3 79806 8389 1 2 0
3 79806 8389 2 3 0
3 79806 10433 0 1 0
3 79806 10433 1 2 0
3 79806 10433 2 3 0
3 79806 7295 0 3 0
3 79806 7295 1 4 0
3 79806 7295 2 1 0
3 79806 10571 0 3 0
3 79806 10571 1 4 0
3 79806 10571 2 1 0
3 79806 22257 0 1 0
3 79806 22257 1 2 0
3 79806 22257 2 3 0
3 79806 27559 0 3 0
3 79806 27559 1 4 0
3 79806 27559 2 1 0
3 79806 17803 0 3 0
3 79806 17803 1 4 0
3 79806 17803 2 1 0
3 79806 15241 0 1 0
3 79806 15241 1 2 0
3 79806 15241 2 3 0
3 79806 10859 0 3 0
3 79806 10859 1 4 0
3 79806 10859 2 1 0
3 79806 21115 0 3 0
3 79806 21115 1 4 0
3 79806 21115 2 1 0
3 79806 14907 0 3 0
3 79806 14907 1 4 0
3 79806 14907 2 1 0
3 79806 1275 0 3 0
3 79806 1275 1 4 0
3 79806 1275 2 1 0
3 79806 1691 0 3 0
3 79806 1691 1 4 0
3 79806 1691 2 1 0
3 79806 21651 0 3 0
3 79806 21651 1 4 0
3 79806 21651 2 1 0
3 79806 32039 0 3 0
3 79806 32039 1 4 0
3 79806 32039 2 1 0
3 79806 14993 0 1 0
3 79806 14993 1 2 0
3 79806 14993 2 3 0
3 79806 9823 0 3 0
3 79806 9823 1 4 0
3 79806 9823 2 1 0
3 79806 26481 0 1 0
3 79806 26481 1 2 0
3 79806 26481 2 3 0
3 79806 9995 0 3 0
3 79806 9995 1 4 0
3 79806 9995 2 1 0
3 79806 13495 0 3 0
3 79806 13495 1 4 0
3 79806 13495 2 1 0
3 79806 29983 0 3 0
3 79806 29983 1 4 0
3 79806 29983 2 1 0
3 79806 12969 0 1 0
3 79806 12969 1 2 0
3 79806 12969 2 3 0
3 79806 6791 0 3 0
3 79806 6791 1 4 0
3 79806 6791 2 1 0
3 79806 8681 0 1 0
3 79806 8681 1 2 0
3 79806 8681 2 3 0
3 79806 26255 0 3 0
3 79806 26255 1 4 0
3 79806 26255 2 1 0
3 79806 18011 0 3 0
3 79806 18011 1 4 0
3 79806 18011 2 1 0
3 79806 20593 0 1 0
3 79806 20593 1 2 0
3 79806 20593 2 3 0
3 79806 1475 0 3 0
3 79806 1475 1 4 0
3 79806 1475 2 1 0
3 79806 15409 0 1 0
3 79806 15409 1 2 0
3 79806 15409 2 3 0
3 79806 20077 0 1 0
3 79806 20077 1 2 0
3 79806 20077 2 3 0
3 79806 3029 0 1 0
3 79806 3029 1 2 0
3 79806 3029 2 3 0
3 79806 21235 0 3 0
3 79806 21235 1 4 0
3 79806 21235 2 1 0
3 79806 23549 0 1 0
3 79806 23549 1 2 0
3 79806 23549 2 3 0
3 79806 719 0 3 0
3 79806 719 1 4 0
3 79806 719 2 1 0
3 79806 14595 0 3 0
3 79806 14595 1 4 0
3 79806 14595 2 1 0
3 79806 8755 0 3 0
3 79806 8755 1 4 0
3 79806 8755 2 1 0
3 79806 26913 0 1 0
3 79806 26913 1 2 0
3 79806 26913 2 3 0
3 79806 23121 0 1 0
3 79806 23121 1 2 0
3 79806 23121 2 3 0
3 79806 21671 0 3 0
3 79806 21671 1 4 0
3 79806 21671 2 1 0
3 79806 24009 0 1 0
3 79806 24009 1 2 0
3 79806 24009 2 3 0
3 79806 24311 0 3 0
3 79806 24311 1 4 0
3 79806 24311 2 1 0
3 79806 14899 0 3 0
3 79806 14899 1 4 0
3 79806 14899 2 1 0
3 79806 10679 0 3 0
3 79806 10679 1 4 0
3 79806 10679 2 1 0
3 79806 1719 0 3 0
3 79806 1719 1 4 0
3 79806 1719 2 1 0
3 79806 22209 0 1 0
3 79806 22209 1 2 0
3 79806 22209 2 3 0
3 79806 10757 0 1 0
3 79806 10757 1 2 0
3 79806 10757 2 3 0
3 79806 24839 0 3 0
3 79806 24839 1 4 0
3 79806 24839 2 1 0
3 79806 3573 0 1 0
3 79806 3573 1 2 0
3 79806 3573 2 3 0
3 79806 21697 0 1 0
3 79806 21697 1 2 0
3 79806 21697 2 3 0
3 79806 28283 0 3 0
3 79806 28283 1 4 0
3 79806 28283 2 1 0
3 79806 1849 0 1 0
3 79806 1849 1 2 0
3 79806 1849 2 3 0
3 79806 10365 0 1 0
3 79806 10365 1 2 0
3 79806 10365 2 3 0
3 79806 26523 0 3 0
3 79806 26523 1 4 0
3 79806 26523 2 1 0
3 79806 21785 0 1 0
3 79806 21785 1 2 0
3 79806 21785 2 3 0
3 79806 29499 0 3 0
3 79806 29499 1 4 0
3 79806 29499 2 1 0
3 79806 14381 0 1 0
3 79806 14381 1 2 0
3 79806 14381 2 3 0
3 79806 17233 0 1 0
3 79806 17233 1 2 0
3 79806 17233 2 3 0
3 79806 4555 0 3 0
3 79806 4555 1 4 0
3 79806 4555 2 1 0
3 79806 9951 0 3 0
3 79806 9951 1 4 0
3 79806 9951 2 1 0
3 79806 2591 0 3 0
3 79806 2591 1 4 0
3 79806 2591 2 1 0
3 79806 26469 0 1 0
3 79806 26469 1 2 0
3 79806 26469 2 3 0
3 79806 24443 0 3 0
3 79806 24443 1 4 0
3 79806 24443 2 1 0
3 79806 7245 0 1 0
3 79806 7245 1 2 0
3 79806 7245 2 3 0
3 79806 2305 0 1 0
3 79806 2305 1 2 0
3 79806 2305 2 3 0
3 79806 15533 0 1 0
3 79806 15533 1 2 0
3 79806 15533 2 3 0
3 79806 29477 0 1 0
3 79806 29477 1 2 0
3 79806 29477 2 3 0
3 79806 32393 0 1 0
3 79806 32393 1 2 0
3 79806 32393 2 3 0
3 79806 13781 0 1 0
3 79806 13781 1 2 0
3 79806 13781 2 3 0
3 79806 8927 0 3 0
3 79806 8927 1 4 0
3 79806 8927 2 1 0
3 79806 15099 0 3 0
3 79806 15099 1 4 0
3 79806 15099 2 1 0
3 79806 3411 0 3 0
3 79806 3411 1 4 0
3 79806 3411 2 1 0
3 79806 3989 0 1 0
3 79806 3989 1 2 0
3 79806 3989 2 3 0
3 79806 8683 0 3 0
3 79806 8683 1 4 0
3 79806 8683 2 1 0
3 79806 6889 0 1 0
3 79806 6889 1 2 0
3 79806 6889 2 3 0
3 79806 1103 0 3 0
3 79806 1103 1 4 0
3 79806 1103 2 1 0
3 79806 23543 0 3 0
3 79806 23543 1 4 0
3 79806 23543 2 1 0
3 79806 6705 0 1 0
3 79806 6705 1 2 0
3 79806 6705 2 3 0
3 79806 22961 0 1 0
3 79806 22961 1 2 0
3 79806 22961 2 3 0
3 79806 32609 0 1 0
3 79806 32609 1 2 0
3 79806 32609 2 3 0
3 79806 22067 0 3 0
3 79806 22067 1 4 0
3 79806 22067 2 1 0
3 79806 20323 0 3 0
3 79806 20323 1 4 0
3 79806 20323 2 1 0
3 79806 9559 0 3 0
3 79806 9559 1 4 0
3 79806 9559 2 1 0
3 79806 14173 0 1 0
3 79806 14173 1 2 0
3 79806 14173 2 3 0
3 79806 32375 0 3 0
3 79806 32375 1 4 0
3 79806 32375 2 1 0
3 79806 3657 0 1 0
3 79806 3657 1 2 0
3 79806 3657 2 3 0
3 79806 1845 0 1 0
3 79806 1845 1 2 0
3 79806 1845 2 3 0
3 79806 24885 0 1 0
3 79806 24885 1 2 0
3 79806 24885 2 3 0
3 79806 25525 0 1 0
3 79806 25525 1 2 0
3 79806 25525 2 3 0
3 79806 20559 0 3 0
3 79806 20559 1 4 0
3 79806 20559 2 1 0
3 79806 30995 0 3 0
3 79806 30995 1 4 0
3 79806 30995 2 1 0
3 79806 7065 0 1 0
3 79806 7065 1 2 0
3 79806 7065 2 3 0
3 79806 14397 0 1 0
3 79806 14397 1 2 0
3 79806 14397 2 3 0
3 79806 17897 0 1 0
3 79806 17897 1 2 0
3 79806 17897 2 3 0
3 79806 15225 0 1 0
3 79806 15225 1 2 0
3 79806 15225 2 3 0
3 79806 14233 0 1 0
3 79806 14233 1 2 0
3 79806 14233 2 3 0
3 79806 17947 0 3 0
3 79806 17947 1 4 0
3 79806 17947 2 1 0
3 79806 32081 0 1 0
3 79806 32081 1 2 0
3 79806 32081 2 3 0
3 79806 13225 0 1 0
3 79806 13225 1 2 0
3 79806 13225 2 3 0
3 79806 23091 0 3 0
3 79806 23091 1 4 0
3 79806 23091 2 1 0
3 79806 30791 0 3 0
3 79806 30791 1 4 0
3 79806 30791 2 1 0
3 79806 2615 0 3 0
3 79806 2615 1 4 0
3 79806 2615 2 1 0
3 79806 27765 0 1 0
3 79806 27765 1 2 0
3 79806 27765 2 3 0
3 79806 21653 0 1 0
3 79806 21653 1 2 0
3 79806 21653 2 3 0
3 79806 4033 0 1 0
3 79806 4033 1 2 0
3 79806 4033 2 3 0
3 79806 7729 0 1 0
3 79806 7729 1 2 0
3 79806 7729 2 3 0
3 79806 10045 0 1 0
3 79806 10045 1 2 0
3 79806 10045 2 3 0
3 79806 1915 0 3 0
3 79806 1915 1 4 0
3 79806 1915 2 1 0
3 79806 18637 0 1 0
3 79806 18637 1 2 0
3 79806 18637 2 3 0
3 79806 21389 0 1 0
3 79806 21389 1 2 0
3 79806 21389 2 3 0
3 79806 15769 0 1 0
3 79806 15769 1 2 0
3 79806 15769 2 3 0
3 79806 8275 0 3 0
3 79806 8275 1 4 0
3 79806 8275 2 1 0
3 79806 15699 0 3 0
3 79806 15699 1 4 0
3 79806 15699 2 1 0
3 79806 12283 0 3 0
3 79806 12283 1 4 0
3 79806 12283 2 1 0
3 79806 16371 0 3 0
3 79806 16371 1 4 0
3 79806 16371 2 1 0
3 79806 17215 0 3 0
3 79806 17215 1 4 0
3 79806 17215 2 1 0
3 79806 6331 0 3 0
3 79806 6331 1 4 0
3 79806 6331 2 1 0
3 79806 28329 0 1 0
3 79806 28329 1 2 0
3 79806 28329 2 3 0
3 79806 14415 0 3 0
3 79806 14415 1 4 0
3 79806 14415 2 1 0
3 79806 21227 0 3 0
3 79806 21227 1 4 0
3 79806 21227 2 1 0
3 79806 11263 0 3 0
3 79806 11263 1 4 0
3 79806 11263 2 1 0
3 79806 19955 0 3 0
3 79806 19955 1 4 0
3 79806 19955 2 1 0
3 79806 25287 0 3 0
3 79806 25287 1 4 0
3 79806 25287 2 1 0
3 79806 1733 0 1 0
3 79806 1733 1 2 0
3 79806 1733 2 3 0
3 79806 25909 0 1 0
3 79806 25909 1 2 0
3 79806 25909 2 3 0
3 79806 17865 0 1 0
3 79806 17865 1 2 0
3 79806 17865 2 3 0
3 79806 27467 0 3 0
3 79806 27467 1 4 0
3 79806 27467 2 1 0
3 79806 27317 0 1 0
3 79806 27317 1 2 0
3 79806 27317 2 3 0
4 79806 6569 0 1 0
4 79806 6569 1 2 0
4 79806 6569 2 3 0
4 79806 3061 0 1 0
4 79806 3061 1 2 0
4 79806 3061 2 3 0
4 79806 17873 0 1 0
4 79806 17873 1 2 0
4 79806 17873 2 3 0
4 79806 623 0 3 0
4 79806 623 1 4 0
4 79806 623 2 1 0
4 79806 9911 0 3 0
4 79806 9911 1 4 0
4 79806 9911 2 1 0
4 79806 10023 0 3 0
4 79806 10023 1 4 0
4 79806 10023 2 1 0
4 79806 19061 0 1 0
4 79806 19061 1 2 0
4 79806 19061 2 3 0
4 79806 16159 0 3 0
4 79806 16159 1 4 0
4 79806 16159 2 1 0
4 79806 2039 0 3 0
4 79806 2039 1 4 0
4 79806 2039 2 1 0
4 79806 8127 0 3 0
4 79806 8127 1 4 0
4 79806 8127 2 1 0
4 79806 27147 0 3 0
4 79806 27147 1 4 0
4 79806 27147 2 1 0
4 79806 22029 0 1 0
4 79806 22029 1 2 0
4 79806 22029 2 3 0
4 79806 3755 0 3 0
4 79806 3755 1 4 0
4 79806 3755 2 1 0
4 79806 9071 0 3 0
4 79806 9071 1 4 0
4 79806 9071 2 1 0
4 79806 2479 0 3 0
4 79806 2479 1 4 0
4 79806 2479 2 1 0
4 79806 16693 0 1 0
4 79806 16693 1 2 0
4 79806 16693 2 3 0
4 79806 20527 0 3 0
4 79806 20527 1 4 0
4 79806 20527 2 1 0
4 79806 28713 0 1 0
4 79806 28713 1 2 0
4 79806 28713 2 3 0
4 79806 20179 0 3 0
4 79806 20179 1 4 0
4 79806 20179 2 1 0
4 79806 6925 0 1 0
4 79806 6925 1 2 0
4 79806 6925 2 3 0
4 79806 17945 0 1 0
4 79806 17945 1 2 0
4 79806 17945 2 3 0
4 79806 14615 0 3 0
4 79806 14615 1 4 0
4 79806 14615 2 1 0
4 79806 26425 0 1 0
4 79806 26425 1 2 0
4 79806 26425 2 3 0
4 79806 17167 0 3 0
4 79806 17167 1 4 0
4 79806 17167 2 1 0
4 79806 2805 0 1 0
4 79806 2805 1 2 0
4 79806 2805 2 3 0
4 79806 25229 0 1 0
4 79806 25229 1 2 0
4 79806 25229 2 3 0
4 79806 12981 0 1 0
4 79806 12981 1 2 0
4 79806 12981 2 3 0
4 79806 13383 0 3 0
4 79806 13383 1 4 0
4 79806 13383 2 1 0
4 79806 32639 0 3 0
4 79806 32639 1 4 0
4 79806 32639 2 1 0
4 79806 6357 0 1 0
4 79806 6357 1 2 0
4 79806 6357 2 3 0
4 79806 14145 0 1 0
4 79806 14145 1 2 0
4 79806 14145 2 3 0
4 79806 24643 0 3 0
4 79806 24643 1 4 0
4 79806 24643 2 1 0
4 79806 587 0 3 0
4 79806 587 1 4 0
4 79806 587 2 1 0
4 79806 31125 0 1 0
4 79806 31125 1 2 0
4 79806 31125 2 3 0
4 79806 10249 0 1 0
4 79806 10249 1 2 0
4 79806 10249 2 3 0
4 79806 18531 0 3 0
4 79806 18531 1 4 0
4 79806 18531 2 1 0
4 79806 13267 0 3 0
4 79806 13267 1 4 0
4 79806 13267 2 1 0
4 79806 2601 0 1 0
4 79806 2601 1 2 0
4 79806 2601 2 3 0
4 79806 6493 0 1 0
4 79806 6493 1 2 0
4 79806 6493 2 3 0
4 79806 8073 0 1 0
4 79806 8073 1 2 0
4 79806 8073 2 3 0
4 79806 3881 0 1 0
4 79806 3881 1 2 0
4 79806 3881 2 3 0
4 79806 7395 0 3 0
4 79806 7395 1 4 0
4 79806 7395 2 1 0
4 79806 16429 0 1 0
4 79806 16429 1 2 0
4 79806 16429 2 3 0
4 79806 31423 0 3 0
4 79806 31423 1 4 0
4 79806 31423 2 1 0
4 79806 29831 0 3 0
4 79806 29831 1 4 0
4 79806 29831 2 1 0
4 79806 22925 0 1 0
4 79806 22925 1 2 0
4 79806 22925 2 3 0
4 79806 27965 0 1 0
4 79806 27965 1 2 0
4 79806 27965 2 3 0
4 79806 8533 0 1 0
4 79806 8533 1 2 0
4 79806 8533 2 3 0
4 79806 26055 0 3 0
4 79806 26055 1 4 0
4 79806 26055 2 1 0
4 79806 11107 0 3 0
4 79806 11107 1 4 0
4 79806 11107 2 1 0
4 79806 24067 0 3 0
4 79806 24067 1 4 0
4 79806 24067 2 1 0
4 79806 5 0 1 0
4 79806 5 1 2 0
4 79806 5 2 3 0
4 79806 28853 0 1 0
4 79806 28853 1 2 0
4 79806 28853 2 3 0
4 79806 1837 0 1 0
4 79806 1837 1 2 0
4 79806 1837 2 3 0
4 79806 12249 0 1 0
4 79806 12249 1 2 0
4 79806 12249 2 3 0
4 79806 32151 0 3 0
4 79806 32151 1 4 0
4 79806 32151 2 1 0
4 79806 19213 0 1 0
4 79806 19213 1 2 0
4 79806 19213 2 3 0
4 79806 13373 0 1 0
4 79806 13373 1 2 0
4 79806 13373 2 3 0
4 79806 4203 0 3 0
4 79806 4203 1 4 0
4 79806 4203 2 1 0
4 79806 23369 0 1 0
4 79806 23369 1 2 0
4 79806 23369 2 3 0
4 79806 11359 0 3 0
4 79806 11359 1 4 0
4 79806 11359 2 1 0
4 79806 21677 0 1 0
4 79806 21677 1 2 0
4 79806 21677 2 3 0
4 79806 24811 0 3 0
4 79806 24811 1 4 0
4 79806 24811 2 1 0
4 79806 24635 0 3 0
4 79806 24635 1 4 0
4 79806 24635 2 1 0
4 79806 24723 0 3 0
4 79806 24723 1 4 0
4 79806 24723 2 1 0
4 79806 29765 0 1 0
4 79806 29765 1 2 0
4 79806 29765 2 3 0
4 79806 369 0 1 0
4 79806 369 1 2 0
4 79806 369 2 3 0
4 79806 21949 0 1 0
4 79806 21949 1 2 0
4 79806 21949 2 3 0
4 79806 30905 0 1 0
4 79806 30905 1 2 0
4 79806 30905 2 3 0
4 79806 1445 0 1 0
4 79806 1445 1 2 0
4 79806 1445 2 3 0
4 79806 337 0 1 0
4 79806 337 1 2 0
4 79806 337 2 3 0
4 79806 20155 0 3 0
4 79806 20155 1 4 0
4 79806 20155 2 1 0
4 79806 22657 0 1 0
4 79806 22657 1 2 0
4 79806 22657 2 3 0
4 79806 22855 0 3 0
4 79806 22855 1 4 0
4 79806 22855 2 1 0
4 79806 27501 0 1 0
4 79806 27501 1 2 0
4 79806 27501 2 3 0
4 79806 28295 0 3 0
4 79806 28295 1 4 0
4 79806 28295 2 1 0
4 79806 22097 0 1 0
4 79806 22097 1 2 0
4 79806 22097 2 3 0
4 79806 2173 0 1 0
4 79806 2173 1 2 0
4 79806 2173 2 3 0
4 79806 24329 0 1 0
4 79806 24329 1 2 0
4 79806 24329 2 3 0
4 79806 30853 0 1 0
4 79806 30853 1 2 0
4 79806 30853 2 3 0
4 79806 3179 0 3 0
4 79806 3179 1 4 0
4 79806 3179 2 1 0
4 79806 26889 0 1 0
4 79806 26889 1 2 0
4 79806 26889 2 3 0
4 79806 32583 0 3 0
4 79806 32583 1 4 0
4 79806 32583 2 1 0
4 79806 22981 0 1 0
4 79806 22981 1 2 0
4 79806 22981 2 3 0
4 79806 12675 0 3 0
4 79806 12675 1 4 0
4 79806 12675 2 1 0
4 79806 16457 0 1 0
4 79806 16457 1 2 0
4 79806 16457 2 3 0
4 79806 9267 0 3 0
4 79806 9267 1 4 0
4 79806 9267 2 1 0
4 79806 28447 0 3 0
4 79806 28447 1 4 0
4 79806 28447 2 1 0
4 79806 13645 0 1 0
4 79806 13645 1 2 0
4 79806 13645 2 3 0
4 79806 17377 0 1 0
4 79806 17377 1 2 0
4 79806 17377 2 3 0
4 79806 9801 0 1 0
4 79806 9801 1 2 0
4 79806 9801 2 3 0
4 79806 29455 0 3 0
4 79806 29455 1 4 0
4 79806 29455 2 1 0
4 79806 28603 0 3 0
4 79806 28603 1 4 0
4 79806 28603 2 1 0
4 79806 10899 0 3 0
4 79806 10899 1 4 0
4 79806 10899 2 1 0
4 79806 1319 0 3 0
4 79806 1319 1 4 0
4 79806 1319 2 1 0
4 79806 17531 0 3 0
4 79806 17531 1 4 0
4 79806 17531 2 1 0
4 79806 1769 0 1 0
4 79806 1769 1 2 0
4 79806 1769 2 3 0
4 79806 20723 0 3 0
4 79806 20723 1 4 0
4 79806 20723 2 1 0
4 79806 24843 0 3 0
4 79806 24843 1 4 0
4 79806 24843 2 1 0
4 79806 13987 0 3 0
4 79806 13987 1 4 0
4 79806 13987 2 1 0
4 79806 3609 0 1 0
4 79806 3609 1 2 0
4 79806 3609 2 3 0
4 79806 9999 0 3 0
4 79806 9999 1 4 0
4 79806 9999 2 1 0
4 79806 29143 0 3 0
4 79806 29143 1 4 0
4 79806 29143 2 1 0
4 79806 28809 0 1 0
4 79806 28809 1 2 0
4 79806 28809 2 3 0
4 79806 9431 0 3 0
4 79806 9431 1 4 0
4 79806 9431 2 1 0
4 79806 28129 0 1 0
4 79806 28129 1 2 0
4 79806 28129 2 3 0
4 79806 4305 0 1 0
4 79806 4305 1 2 0
4 79806 4305 2 3 0
4 79806 15581 0 1 0
4 79806 15581 1 2 0
4 79806 15581 2 3 0
4 79806 4365 0 1 0
4 79806 4365 1 2 0
4 79806 4365 2 3 0
4 79806 19071 0 3 0
4 79806 19071 1 4 0
4 79806 19071 2 1 0
4 79806 26557 0 1 0
4 79806 26557 1 2 0
4 79806 26557 2 3 0
4 79806 10569 0 1 0
4 79806 10569 1 2 0
4 79806 10569 2 3 0
4 79806 5773 0 1 0
4 79806 5773 1 2 0
4 79806 5773 2 3 0
4 79806 24521 0 1 0
4 79806 24521 1 2 0
4 79806 24521 2 3 0
4 79806 9155 0 3 0
4 79806 9155 1 4 0
4 79806 9155 2 1 0
4 79806 19215 0 3 0
4 79806 19215 1 4 0
4 79806 19215 2 1 0
4 79806 6777 0 1 0
4 79806 6777 1 2 0
4 79806 6777 2 3 0
4 79806 31085 0 1 0
4 79806 31085 1 2 0
4 79806 31085 2 3 0
4 79806 7881 0 1 0
4 79806 7881 1 2 0
4 79806 7881 2 3 0
4 79806 23219 0 3 0
4 79806 23219 1 4 0
4 79806 23219 2 1 0
4 79806 25943 0 3 0
4 79806 25943 1 4 0
4 79806 25943 2 1 0
4 79806 11 0 3 0
4 79806 11 1 4 0
4 79806 11 2 1 0
4 79806 12919 0 3 0
4 79806 12919 1 4 0
4 79806 12919 2 1 0
4 79806 25765 0 1 0
4 79806 25765 1 2 0
4 79806 25765 2 3 0
4 79806 31983 0 3 0
4 79806 31983 1 4 0
4 79806 31983 2 1 0
4 79806 1587 0 3 0
4 79806 1587 1 4 0
4 79806 1587 2 1 0
4 79806 28817 0 1 0
4 79806 28817 1 2 0
4 79806 28817 2 3 0
4 79806 775 0 3 0
4 79806 775 1 4 0
4 79806 775 2 1 0
4 79806 9279 0 3 0
4 79806 9279 1 4 0
4 79806 9279 2 1 0
4 79806 2901 0 1 0
4 79806 2901 1 2 0
4 79806 2901 2 3 0
4 79806 25107 0 3 0
4 79806 25107 1 4 0
4 79806 25107 2 1 0
4 79806 30895 0 3 0
4 79806 30895 1 4 0
4 79806 30895 2 1 0
4 79806 12071 0 3 0
4 79806 12071 1 4 0
4 79806 12071 2 1 0
4 79806 16053 0 1 0
4 79806 16053 1 2 0
4 79806 16053 2 3 0
4 79806 31857 0 1 0
4 79806 31857 1 2 0
4 79806 31857 2 3 0
4 79806 6187 0 3 0
4 79806 6187 1 4 0
4 79806 6187 2 1 0
4 79806 4665 0 1 0
4 79806 4665 1 2 0
4 79806 4665 2 3 0
4 79806 25305 0 1 0
4 79806 25305 1 2 0
4 79806 25305 2 3 0
4 79806 19409 0 1 0
4 79806 19409 1 2 0
4 79806 19409 2 3 0
4 79806 605 0 1 0
4 79806 605 1 2 0
4 79806 605 2 3 0
4 79806 4123 0 3 0
4 79806 4123 1 4 0
4 79806 4123 2 1 0
4 79806 1561 0 1 0
4 79806 1561 1 2 0
4 79806 1561 2 3 0
4 79806 27937 0 1 0
4 79806 27937 1 2 0
4 79806 27937 2 3 0
4 79806 28157 0 1 0
4 79806 28157 1 2 0
4 79806 28157 2 3 0
4 79806 18273 0 1 0
4 79806 18273 1 2 0
4 79806 18273 2 3 0
4 79806 20345 0 1 0
4 79806 20345 1 2 0
4 79806 20345 2 3 0
4 79806 26077 0 1 0
4 79806 26077 1 2 0
4 79806 26077 2 3 0
4 79806 8439 0 3 0
4 79806 8439 1 4 0
4 79806 8439 2 1 0
4 79806 183 0 3 0
4 79806 183 1 4 0
4 79806 183 2 1 0
4 79806 661 0 1 0
4 79806 661 1 2 0
4 79806 661 2 3 0
4 79806 9521 0 1 0
4 79806 9521 1 2 0
4 79806 9521 2 3 0
4 79806 6943 0 3 0
4 79806 6943 1 4 0
4 79806 6943 2 1 0
4 79806 21193 0 1 0
4 79806 21193 1 2 0
4 79806 21193 2 3 0
4 79806 6669 0 1 0
4 79806 6669 1 2 0
4 79806 6669 2 3 0
4 79806 28953 0 1 0
4 79806 28953 1 2 0
4 79806 28953 2 3 0
4 79806 1743 0 3 0
4 79806 1743 1 4 0
4 79806 1743 2 1 0
4 79806 29433 0 1 0
4 79806 29433 1 2 0
4 79806 29433 2 3 0
4 79806 279 0 3 0
4 79806 279 1 4 0
4 79806 279 2 1 0
4 79806 26813 0 1 0
4 79806 26813 1 2 0
4 79806 26813 2 3 0
4 79806 16121 0 1 0
4 79806 16121 1 2 0
4 79806 16121 2 3 0
4 79806 2985 0 1 0
4 79806 2985 1 2 0
4 79806 2985 2 3 0
4 79806 11479 0 3 0
4 79806 11479 1 4 0
4 79806 11479 2 1 0
4 79806 1049 0 1 0
4 79806 1049 1 2 0
4 79806 1049 2 3 0
4 79806 23561 0 1 0
4 79806 23561 1 2 0
4 79806 23561 2 3 0
4 79806 6933 0 1 0
4 79806 6933 1 2 0
4 79806 6933 2 3 0
4 79806 30119 0 3 0
4 79806 30119 1 4 0
4 79806 30119 2 1 0
4 79806 22063 0 3 0
4 79806 22063 1 4 0
4 79806 22063 2 1 0
4 79806 10619 0 3 0
4 79806 10619 1 4 0
4 79806 10619 2 1 0
4 79806 22541 0 1 0
4 79806 22541 1 2 0
4 79806 22541 2 3 0
4 79806 26399 0 3 0
4 79806 26399 1 4 0
4 79806 26399 2 1 0
4 79806 11733 0 1 0
4 79806 11733 1 2 0
4 79806 11733 2 3 0
4 79806 3569 0 1 0
4 79806 3569 1 2 0
4 79806 3569 2 3 0
4 79806 31617 0 1 0
4 79806 31617 1 2 0
4 79806 31617 2 3 0
4 79806 19421 0 1 0
4 79806 19421 1 2 0
4 79806 19421 2 3 0
4 79806 1629 0 1 0
4 79806 1629 1 2 0
4 79806 1629 2 3 0
4 79806 25283 0 3 0
4 79806 25283 1 4 0
4 79806 25283 2 1 0
4 79806 21103 0 3 0
4 79806 21103 1 4 0
4 79806 21103 2 1 0
4 79806 1473 0 1 0
4 79806 1473 1 2 0
4 79806 1473 2 3 0
4 79806 7515 0 3 0
4 79806 7515 1 4 0
4 79806 7515 2 1 0
4 79806 20465 0 1 0
4 79806 20465 1 2 0
4 79806 20465 2 3 0
4 79806 32045 0 1 0
4 79806 32045 1 2 0
4 79806 32045 2 3 0
4 79806 21521 0 1 0
4 79806 21521 1 2 0
4 79806 21521 2 3 0
4 79806 24211 0 3 0
4 79806 24211 1 4 0
4 79806 24211 2 1 0
4 79806 27035 0 3 0
4 79806 27035 1 4 0
4 79806 27035 2 1 0
4 79806 28759 0 3 0
4 79806 28759 1 4 0
4 79806 28759 2 1 0
4 79806 4195 0 3 0
4 79806 4195 1 4 0
4 79806 4195 2 1 0
4 79806 27703 0 3 0
4 79806 27703 1 4 0
4 79806 27703 2 1 0
4 79806 31363 0 3 0
4 79806 31363 1 4 0
4 79806 31363 2 1 0
4 79806 14693 0 1 0
4 79806 14693 1 2 0
4 79806 14693 2 3 0
4 79806 7941 0 1 0
4 79806 7941 1 2 0
4 79806 7941 2 3 0
4 79806 23283 0 3 0
4 79806 23283 1 4 0
4 79806 23283 2 1 0
4 79806 12201 0 1 0
4 79806 12201 1 2 0
4 79806 12201 2 3 0
4 79806 12677 0 1 0
4 79806 12677 1 2 0
4 79806 12677 2 3 0
4 79806 23799 0 3 0
4 79806 23799 1 4 0
4 79806 23799 2 1 0
4 79806 9489 0 1 0
4 79806 9489 1 2 0
4 79806 9489 2 3 0
4 79806 8393 0 1 0
4 79806 8393 1 2 0
4 79806 8393 2 3 0
4 79806 22337 0 1 0
4 79806 22337 1 2 0
4 79806 22337 2 3 0
4 79806 24977 0 1 0
4 79806 24977 1 2 0
4 79806 24977 2 3 0
4 79806 10755 0 3 0
4 79806 10755 1 4 0
4 79806 10755 2 1 0
4 79806 1793 0 1 0
4 79806 1793 1 2 0
4 79806 1793 2 3 0
4 79806 19241 0 1 0
4 79806 19241 1 2 0
4 79806 19241 2 3 0
4 79806 14471 0 3 0
4 79806 14471 1 4 0
4 79806 14471 2 1 0
4 79806 24803 0 3 0
4 79806 24803 1 4 0
4 79806 24803 2 1 0
4 79806 14097 0 1 0
4 79806 14097 1 2 0
4 79806 14097 2 3 0
4 79806 17571 0 3 0
4 79806 17571 1 4 0
4 79806 17571 2 1 0
4 79806 8215 0 3 0
4 79806 8215 1 4 0
4 79806 8215 2 1 0
4 79806 26431 0 3 0
4 79806 26431 1 4 0
4 79806 26431 2 1 0
4 79806 24345 0 1 0
4 79806 24345 1 2 0
4 79806 24345 2 3 0
4 79806 16319 0 3 0
4 79806 16319 1 4 0
4 79806 16319 2 1 0
4 79806 11099 0 3 0
4 79806 11099 1 4 0
4 79806 11099 2 1 0
4 79806 3027 0 3 0
4 79806 3027 1 4 0
4 79806 3027 2 1 0
4 79806 8231 0 3 0
4 79806 8231 1 4 0
4 79806 8231 2 1 0
4 79806 25847 0 3 0
4 79806 25847 1 4 0
4 79806 25847 2 1 0
4 79806 16807 0 3 0
4 79806 16807 1 4 0
4 79806 16807 2 1 0
4 79806 5467 0 3 0
4 79806 5467 1 4 0
4 79806 5467 2 1 0
4 79806 1985 0 1 0
4 79806 1985 1 2 0
4 79806 1985 2 3 0
4 79806 27159 0 3 0
4 79806 27159 1 4 0
4 79806 27159 2 1 0
4 79806 3803 0 3 0
4 79806 3803 1 4 0
4 79806 3803 2 1 0
4 79806 19481 0 1 0
4 79806 19481 1 2 0
4 79806 19481 2 3 0
4 79806 451 0 3 0
4 79806 451 1 4 0
4 79806 451 2 1 0
4 79806 4331 0 3 0
4 79806 4331 1 4 0
4 79806 4331 2 1 0
4 79806 22049 0 1 0
4 79806 22049 1 2 0
4 79806 22049 2 3 0
4 79806 30545 0 1 0
4 79806 30545 1 2 0
4 79806 30545 2 3 0
4 79806 14343 0 3 0
4 79806 14343 1 4 0
4 79806 14343 2 1 0
4 79806 28345 0 1 0
4 79806 28345 1 2 0
4 79806 28345 2 3 0
4 79806 31595 0 3 0
4 79806 31595 1 4 0
4 79806 31595 2 1 0
4 79806 4579 0 3 0
4 79806 4579 1 4 0
4 79806 4579 2 1 0
4 79806 29215 0 3 0
4 79806 29215 1 4 0
4 79806 29215 2 1 0
4 79806 5257 0 1 0
4 79806 5257 1 2 0
4 79806 5257 2 3 0
4 79806 18669 0 1 0
4 79806 18669 1 2 0
4 79806 18669 2 3 0
4 79806 7573 0 1 0
4 79806 7573 1 2 0
4 79806 7573 2 3 0
4 79806 31043 0 3 0
4 79806 31043 1 4 0
4 79806 31043 2 1 0
4 79806 16621 0 1 0
4 79806 16621 1 2 0
4 79806 16621 2 3 0
4 79806 23767 0 3 0
4 79806 23767 1 4 0
4 79806 23767 2 1 0
4 79806 19143 0 3 0
4 79806 19143 1 4 0
4 79806 19143 2 1 0
4 79806 25523 0 3 0
4 79806 25523 1 4 0
4 79806 25523 2 1 0
4 79806 9367 0 3 0
4 79806 9367 1 4 0
4 79806 9367 2 1 0
4 79806 7623 0 3 0
4 79806 7623 1 4 0
4 79806 7623 2 1 0
4 79806 7889 0 1 0
4 79806 7889 1 2 0
4 79806 7889 2 3 0
4 79806 1751 0 3 0
4 79806 1751 1 4 0
4 79806 1751 2 1 0
4 79806 16177 0 1 0
4 79806 16177 1 2 0
4 79806 16177 2 3 0
4 79806 12389 0 1 0
4 79806 12389 1 2 0
4 79806 12389 2 3 0
4 79806 30305 0 1 0
4 79806 30305 1 2 0
4 79806 30305 2 3 0
4 79806 13505 0 1 0
4 79806 13505 1 2 0
4 79806 13505 2 3 0
4 79806 24253 0 1 0
4 79806 24253 1 2 0
4 79806 24253 2 3 0
4 79806 24493 0 1 0
4 79806 24493 1 2 0
4 79806 24493 2 3 0
4 79806 7565 0 1 0
4 79806 7565 1 2 0
4 79806 7565 2 3 0
4 79806 19257 0 1 0
4 79806 19257 1 2 0
4 79806 19257 2 3 0
4 79806 29161 0 1 0
4 79806 29161 1 2 0
4 79806 29161 2 3 0
4 79806 9083 0 3 0
4 79806 9083 1 4 0
4 79806 9083 2 1 0
4 79806 4735 0 3 0
4 79806 4735 1 4 0
4 79806 4735 2 1 0
4 79806 19705 0 1 0
4 79806 19705 1 2 0
4 79806 19705 2 3 0
4 79806 5351 0 3 0
4 79806 5351 1 4 0
4 79806 5351 2 1 0
4 79806 5005 0 1 0
4 79806 5005 1 2 0
4 79806 5005 2 3 0
4 79806 32211 0 3 0
4 79806 32211 1 4 0
4 79806 32211 2 1 0
4 79806 30097 0 1 0
4 79806 30097 1 2 0
4 79806 30097 2 3 0
4 79806 26867 0 3 0
4 79806 26867 1 4 0
4 79806 26867 2 1 0
4 79806 12285 0 1 0
4 79806 12285 1 2 0
4 79806 12285 2 3 0
4 79806 24517 0 1 0
4 79806 24517 1 2 0
4 79806 24517 2 3 0
4 79806 19451 0 3 0
4 79806 19451 1 4 0
4 79806 19451 2 1 0
4 79806 19137 0 1 0
4 79806 19137 1 2 0
4 79806 19137 2 3 0
4 79806 24187 0 3 0
4 79806 24187 1 4 0
4 79806 24187 2 1 0
4 79806 25903 0 3 0
4 79806 25903 1 4 0
4 79806 25903 2 1 0
4 79806 20025 0 1 0
4 79806 20025 1 2 0
4 79806 20025 2 3 0
4 79806 11561 0 1 0
4 79806 11561 1 2 0
4 79806 11561 2 3 0
4 79806 9949 0 1 0
4 79806 9949 1 2 0
4 79806 9949 2 3 0
4 79806 24657 0 1 0
4 79806 24657 1 2 0
4 79806 24657 2 3 0
4 79806 13153 0 1 0
4 79806 13153 1 2 0
4 79806 13153 2 3 0
4 79806 7657 0 1 0
4 79806 7657 1 2 0
4 79806 7657 2 3 0
4 79806 12195 0 3 0
4 79806 12195 1 4 0
4 79806 12195 2 1 0
4 79806 10095 0 3 0
4 79806 10095 1 4 0
4 79806 10095 2 1 0
4 79806 26015 0 3 0
4 79806 26015 1 4 0
4 79806 26015 2 1 0
4 79806 2723 0 3 0
4 79806 2723 1 4 0
4 79806 2723 2 1 0
4 79806 9887 0 3 0
4 79806 9887 1 4 0
4 79806 9887 2 1 0
4 79806 24997 0 1 0
4 79806 24997 1 2 0
4 79806 24997 2 3 0
4 79806 65 0 1 0
4 79806 65 1 2 0
4 79806 65 2 3 0
4 79806 10459 0 3 0
4 79806 10459 1 4 0
4 79806 10459 2 1 0
4 79806 25505 0 1 0
4 79806 25505 1 2 0
4 79806 25505 2 3 0
4 79806 13833 0 1 0
4 79806 13833 1 2 0
4 79806 13833 2 3 0
4 79806 16941 0 1 0
4 79806 16941 1 2 0
4 79806 16941 2 3 0
4 79806 14659 0 3 0
4 79806 14659 1 4 0
4 79806 14659 2 1 0
4 79806 22339 0 3 0
4 79806 22339 1 4 0
4 79806 22339 2 1 0
4 79806 11825 0 1 0
4 79806 11825 1 2 0
4 79806 11825 2 3 0
4 79806 4405 0 1 0
4 79806 4405 1 2 0
4 79806 4405 2 3 0
4 79806 19505 0 1 0
4 79806 19505 1 2 0
4 79806 19505 2 3 0
4 79806 26183 0 3 0
4 79806 26183 1 4 0
4 79806 26183 2 1 0
4 79806 79 0 3 0
4 79806 79 1 4 0
4 79806 79 2 1 0
4 79806 10263 0 3 0
4 79806 10263 1 4 0
4 79806 10263 2 1 0
4 79806 13829 0 1 0
4 79806 13829 1 2 0
4 79806 13829 2 3 0
4 79806 30537 0 1 0
4 79806 30537 1 2 0
4 79806 30537 2 3 0
4 79806 7799 0 3 0
4 79806 7799 1 4 0
4 79806 7799 2 1 0
4 79806 11513 0 1 0
4 79806 11513 1 2 0
4 79806 11513 2 3 0
4 79806 26941 0 1 0
4 79806 26941 1 2 0
4 79806 26941 2 3 0
4 79806 391 0 3 0
4 79806 391 1 4 0
4 79806 391 2 1 0
4 79806 25223 0 3 0
4 79806 25223 1 4 0
4 79806 25223 2 1 0
4 79806 13767 0 3 0
4 79806 13767 1 4 0
4 79806 13767 2 1 0
4 79806 5803 0 3 0
4 79806 5803 1 4 0
4 79806 5803 2 1 0
4 79806 13207 0 3 0
4 79806 13207 1 4 0
4 79806 13207 2 1 0
4 79806 15677 0 1 0
4 79806 15677 1 2 0
4 79806 15677 2 3 0
4 79806 6565 0 1 0
4 79806 6565 1 2 0
4 79806 6565 2 3 0
4 79806 17633 0 1 0
4 79806 17633 1 2 0
4 79806 17633 2 3 0
4 79806 32115 0 3 0
4 79806 32115 1 4 0
4 79806 32115 2 1 0
4 79806 14249 0 1 0
4 79806 14249 1 2 0
4 79806 14249 2 3 0
4 79806 5973 0 1 0
4 79806 5973 1 2 0
4 79806 5973 2 3 0
4 79806 9853 0 1 0
4 79806 9853 1 2 0
4 79806 9853 2 3 0
4 79806 9467 0 3 0
4 79806 9467 1 4 0
4 79806 9467 2 1 0
4 79806 16855 0 3 0
4 79806 16855 1 4 0
4 79806 16855 2 1 0
4 79806 27667 0 3 0
4 79806 27667 1 4 0
4 79806 27667 2 1 0
4 79806 18387 0 3 0
4 79806 18387 1 4 0
4 79806 18387 2 1 0
4 79806 3089 0 1 0
4 79806 3089 1 2 0
4 79806 3089 2 3 0
4 79806 1195 0 3 0
4 79806 1195 1 4 0
4 79806 1195 2 1 0
4 79806 16883 0 3 0
4 79806 16883 1 4 0
4 79806 16883 2 1 0
4 79806 10351 0 3 0
4 79806 10351 1 4 0
4 79806 10351 2 1 0
4 79806 30015 0 3 0
4 79806 30015 1 4 0
4 79806 30015 2 1 0
4 79806 10471 0 3 0
4 79806 10471 1 4 0
4 79806 10471 2 1 0
4 79806 27835 0 3 0
4 79806 27835 1 4 0
4 79806 27835 2 1 0
4 79806 16709 0 1 0
4 79806 16709 1 2 0
4 79806 16709 2 3 0
4 79806 14807 0 3 0
4 79806 14807 1 4 0
4 79806 14807 2 1 0
4 79806 7069 0 1 0
4 79806 7069 1 2 0
4 79806 7069 2 3 0
4 79806 2575 0 3 0
4 79806 2575 1 4 0
4 79806 2575 2 1 0
4 79806 16991 0 3 0
4 79806 16991 1 4 0
4 79806 16991 2 1 0
4 79806 24403 0 3 0
4 79806 24403 1 4 0
4 79806 24403 2 1 0
4 79806 11597 0 1 0
4 79806 11597 1 2 0
4 79806 11597 2 3 0
4 79806 30541 0 1 0
4 79806 30541 1 2 0
4 79806 30541 2 3 0
4 79806 29393 0 1 0
4 79806 29393 1 2 0
4 79806 29393 2 3 0
4 79806 22875 0 3 0
4 79806 22875 1 4 0
4 79806 22875 2 1 0
4 79806 19819 0 3 0
4 79806 19819 1 4 0
4 79806 19819 2 1 0
4 79806 25109 0 1 0
4 79806 25109 1 2 0
4 79806 25109 2 3 0
4 79806 20209 0 1 0
4 79806 20209 1 2 0
4 79806 20209 2 3 0
4 79806 20893 0 1 0
4 79806 20893 1 2 0
4 79806 20893 2 3 0
4 79806 28557 0 1 0
4 79806 28557 1 2 0
4 79806 28557 2 3 0
4 79806 8301 0 1 0
4 79806 8301 1 2 0
4 79806 8301 2 3 0
4 79806 9625 0 1 0
4 79806 9625 1 2 0
4 79806 9625 2 3 0
4 79806 8323 0 3 0
4 79806 8323 1 4 0
4 79806 8323 2 1 0
4 79806 7749 0 1 0
4 79806 7749 1 2 0
4 79806 7749 2 3 0
4 79806 7535 0 3 0
4 79806 7535 1 4 0
4 79806 7535 2 1 0
4 79806 30239 0 3 0
4 79806 30239 1 4 0
4 79806 30239 2 1 0
4 79806 8511 0 3 0
4 79806 8511 1 4 0
4 79806 8511 2 1 0
4 79806 26021 0 1 0
4 79806 26021 1 2 0
4 79806 26021 2 3 0
4 79806 30417 0 1 0
4 79806 30417 1 2 0
4 79806 30417 2 3 0
4 79806 14501 0 1 0
4 79806 14501 1 2 0
4 79806 14501 2 3 0
4 79806 22189 0 1 0
4 79806 22189 1 2 0
4 79806 22189 2 3 0
4 79806 24035 0 3 0
4 79806 24035 1 4 0
4 79806 24035 2 1 0
4 79806 10391 0 3 0
4 79806 10391 1 4 0
4 79806 10391 2 1 0
4 79806 1341 0 1 0
4 79806 1341 1 2 0
4 79806 1341 2 3 0
4 79806 20975 0 3 0
4 79806 20975 1 4 0
4 79806 20975 2 1 0
4 79806 21981 0 1 0
4 79806 21981 1 2 0
4 79806 21981 2 3 0
4 79806 12055 0 3 0
4 79806 12055 1 4 0
4 79806 12055 2 1 0
4 79806 13681 0 1 0
4 79806 13681 1 2 0
4 79806 13681 2 3 0
4 79806 3889 0 1 0
4 79806 3889 1 2 0
4 79806 3889 2 3 0
4 79806 14865 0 1 0
4 79806 14865 1 2 0
4 79806 14865 2 3 0
4 79806 25905 0 1 0
4 79806 25905 1 2 0
4 79806 25905 2 3 0
4 79806 12649 0 1 0
4 79806 12649 1 2 0
4 79806 12649 2 3 0
4 79806 13755 0 3 0
4 79806 13755 1 4 0
4 79806 13755 2 1 0
4 79806 5829 0 1 0
4 79806 5829 1 2 0
4 79806 5829 2 3 0
4 79806 18165 0 1 0
4 79806 18165 1 2 0
4 79806 18165 2 3 0
4 79806 25385 0 1 0
4 79806 25385 1 2 0
4 79806 25385 2 3 0
4 79806 649 0 1 0
4 79806 649 1 2 0
4 79806 649 2 3 0
4 79806 32729 0 1 0
4 79806 32729 1 2 0
4 79806 32729 2 3 0
4 79806 2421 0 1 0
4 79806 2421 1 2 0
4 79806 2421 2 3 0
4 79806 16073 0 1 0
4 79806 16073 1 2 0
4 79806 16073 2 3 0
4 79806 22101 0 1 0
4 79806 22101 1 2 0
4 79806 22101 2 3 0
4 79806 32119 0 3 0
4 79806 32119 1 4 0
4 79806 32119 2 1 0
4 79806 27741 0 1 0
4 79806 27741 1 2 0
4 79806 27741 2 3 0
4 79806 4489 0 1 0
4 79806 4489 1 2 0
4 79806 4489 2 3 0
4 79806 10777 0 1 0
4 79806 10777 1 2 0
4 79806 10777 2 3 0
4 79806 16719 0 3 0
4 79806 16719 1 4 0
4 79806 16719 2 1 0
4 79806 28211 0 3 0
4 79806 28211 1 4 0
4 79806 28211 2 1 0
4 79806 12171 0 3 0
4 79806 12171 1 4 0
4 79806 12171 2 1 0
4 79806 28515 0 3 0
4 79806 28515 1 4 0
4 79806 28515 2 1 0
4 79806 8567 0 3 0
4 79806 8567 1 4 0
4 79806 8567 2 1 0
4 79806 5869 0 1 0
4 79806 5869 1 2 0
4 79806 5869 2 3 0
4 79806 13039 0 3 0
4 79806 13039 1 4 0
4 79806 13039 2 1 0
4 79806 21641 0 1 0
4 79806 21641 1 2 0
4 79806 21641 2 3 0
4 79806 5249 0 1 0
4 79806 5249 1 2 0
4 79806 5249 2 3 0
4 79806 28483 0 3 0
4 79806 28483 1 4 0
4 79806 28483 2 1 0
4 79806 18777 0 1 0
4 79806 18777 1 2 0
4 79806 18777 2 3 0
4 79806 12041 0 1 0
4 79806 12041 1 2 0
4 79806 12041 2 3 0
4 79806 15337 0 1 0
4 79806 15337 1 2 0
4 79806 15337 2 3 0
4 79806 1011 0 3 0
4 79806 1011 1 4 0
4 79806 1011 2 1 0
4 79806 4647 0 3 0
4 79806 4647 1 4 0
4 79806 4647 2 1 0
4 79806 20915 0 3 0
4 79806 20915 1 4 0
4 79806 20915 2 1 0
4 79806 27671 0 3 0
4 79806 27671 1 4 0
4 79806 27671 2 1 0
4 79806 15837 0 1 0
4 79806 15837 1 2 0
4 79806 15837 2 3 0
4 79806 23647 0 3 0
4 79806 23647 1 4 0
4 79806 23647 2 1 0
4 79806 16449 0 1 0
4 79806 16449 1 2 0
4 79806 16449 2 3 0
4 79806 5707 0 3 0
4 79806 5707 1 4 0
4 79806 5707 2 1 0
4 79806 32619 0 3 0
4 79806 32619 1 4 0
4 79806 32619 2 1 0
4 79806 24165 0 1 0
4 79806 24165 1 2 0
4 79806 24165 2 3 0
4 79806 8985 0 1 0
4 79806 8985 1 2 0
4 79806 8985 2 3 0
4 79806 7865 0 1 0
4 79806 7865 1 2 0
4 79806 7865 2 3 0
4 79806 30569 0 1 0
4 79806 30569 1 2 0
4 79806 30569 2 3 0
4 79806 15583 0 3 0
4 79806 15583 1 4 0
4 79806 15583 2 1 0
4 79806 23193 0 1 0
4 79806 23193 1 2 0
4 79806 23193 2 3 0
4 79806 17867 0 3 0
4 79806 17867 1 4 0
4 79806 17867 2 1 0
4 79806 32723 0 3 0
4 79806 32723 1 4 0
4 79806 32723 2 1 0
4 79806 5375 0 3 0
4 79806 5375 1 4 0
4 79806 5375 2 1 0
4 79806 21523 0 3 0
4 79806 21523 1 4 0
4 79806 21523 2 1 0
4 79806 2921 0 1 0
4 79806 2921 1 2 0
4 79806 2921 2 3 0
4 79806 26353 0 1 0
4 79806 26353 1 2 0
4 79806 26353 2 3 0
4 79806 24131 0 3 0
4 79806 24131 1 4 0
4 79806 24131 2 1 0
4 79806 21993 0 1 0
4 79806 21993 1 2 0
4 79806 21993 2 3 0
4 79806 7833 0 1 0
4 79806 7833 1 2 0
4 79806 7833 2 3 0
4 79806 23345 0 1 0
4 79806 23345 1 2 0
4 79806 23345 2 3 0
4 79806 453 0 1 0
4 79806 453 1 2 0
4 79806 453 2 3 0
4 79806 32463 0 3 0
4 79806 32463 1 4 0
4 79806 32463 2 1 0
4 79806 30699 0 3 0
4 79806 30699 1 4 0
4 79806 30699 2 1 0
4 79806 16009 0 1 0
4 79806 16009 1 2 0
4 79806 16009 2 3 0
4 79806 16677 0 1 0
4 79806 16677 1 2 0
4 79806 16677 2 3 0
4 79806 30195 0 3 0
4 79806 30195 1 4 0
4 79806 30195 2 1 0
4 79806 28581 0 1 0
4 79806 28581 1 2 0
4 79806 28581 2 3 0
4 79806 29845 0 1 0
4 79806 29845 1 2 0
4 79806 29845 2 3 0
4 79806 17761 0 1 0
4 79806 17761 1 2 0
4 79806 17761 2 3 0
4 79806 13421 0 1 0
4 79806 13421 1 2 0
4 79806 13421 2 3 0
4 79806 18543 0 3 0
4 79806 18543 1 4 0
4 79806 18543 2 1 0
4 79806 20141 0 1 0
4 79806 20141 1 2 0
4 79806 20141 2 3 0
4 79806 30357 0 1 0
4 79806 30357 1 2 0
4 79806 30357 2 3 0
4 79806 21025 0 1 0
4 79806 21025 1 2 0
4 79806 21025 2 3 0
4 79806 4217 0 1 0
4 79806 4217 1 2 0
4 79806 4217 2 3 0
4 79806 17705 0 1 0
4 79806 17705 1 2 0
4 79806 17705 2 3 0
4 79806 16665 0 1 0
4 79806 16665 1 2 0
4 79806 16665 2 3 0
4 79806 4013 0 1 0
4 79806 4013 1 2 0
4 79806 4013 2 3 0
4 79806 11637 0 1 0
4 79806 11637 1 2 0
4 79806 11637 2 3 0
4 79806 15277 0 1 0
4 79806 15277 1 2 0
4 79806 15277 2 3 0
4 79806 6517 0 1 0
4 79806 6517 1 2 0
4 79806 6517 2 3 0
4 79806 19169 0 1 0
4 79806 19169 1 2 0
4 79806 19169 2 3 0
4 79806 10093 0 1 0
4 79806 10093 1 2 0
4 79806 10093 2 3 0
4 79806 5545 0 1 0
4 79806 5545 1 2 0
4 79806 5545 2 3 0
4 79806 7915 0 3 0
4 79806 7915 1 4 0
4 79806 7915 2 1 0
4 79806 6489 0 1 0
4 79806 6489 1 2 0
4 79806 6489 2 3 0
4 79806 1381 0 1 0
4 79806 1381 1 2 0
4 79806 1381 2 3 0
4 79806 25275 0 3 0
4 79806 25275 1 4 0
4 79806 25275 2 1 0
4 79806 7509 0 1 0
4 79806 7509 1 2 0
4 79806 7509 2 3 0
4 79806 29331 0 3 0
4 79806 29331 1 4 0
4 79806 29331 2 1 0
4 79806 4443 0 3 0
4 79806 4443 1 4 0
4 79806 4443 2 1 0
4 79806 14231 0 3 0
4 79806 14231 1 4 0
4 79806 14231 2 1 0
4 79806 26527 0 3 0
4 79806 26527 1 4 0
4 79806 26527 2 1 0
4 79806 21669 0 1 0
4 79806 21669 1 2 0
4 79806 21669 2 3 0
4 79806 29009 0 1 0
4 79806 29009 1 2 0
4 79806 29009 2 3 0
4 79806 19739 0 3 0
4 79806 19739 1 4 0
4 79806 19739 2 1 0
4 79806 4967 0 3 0
4 79806 4967 1 4 0
4 79806 4967 2 1 0
4 79806 13393 0 1 0
4 79806 13393 1 2 0
4 79806 13393 2 3 0
4 79806 23931 0 3 0
4 79806 23931 1 4 0
4 79806 23931 2 1 0
4 79806 28087 0 3 0
4 79806 28087 1 4 0
4 79806 28087 2 1 0
4 79806 29741 0 1 0
4 79806 29741 1 2 0
4 79806 29741 2 3 0
4 79806 17163 0 3 0
4 79806 17163 1 4 0
4 79806 17163 2 1 0
4 79806 30511 0 3 0
4 79806 30511 1 4 0
4 79806 30511 2 1 0
4 79806 18437 0 1 0
4 79806 18437 1 2 0
4 79806 18437 2 3 0
4 79806 9805 0 1 0
4 79806 9805 1 2 0
4 79806 9805 2 3 0
4 79806 1871 0 3 0
4 79806 1871 1 4 0
4 79806 1871 2 1 0
4 79806 8899 0 3 0
4 79806 8899 1 4 0
4 79806 8899 2 1 0
4 79806 2849 0 1 0
4 79806 2849 1 2 0
4 79806 2849 2 3 0
4 79806 13889 0 1 0
4 79806 13889 1 2 0
4 79806 13889 2 3 0
4 79806 24465 0 1 0
4 79806 24465 1 2 0
4 79806 24465 2 3 0
4 79806 6305 0 1 0
4 79806 6305 1 2 0
4 79806 6305 2 3 0
4 79806 24121 0 1 0
4 79806 24121 1 2 0
4 79806 24121 2 3 0
4 79806 13565 0 1 0
4 79806 13565 1 2 0
4 79806 13565 2 3 0
4 79806 14469 0 1 0
4 79806 14469 1 2 0
4 79806 14469 2 3 0
4 79806 1163 0 3 0
4 79806 1163 1 4 0
4 79806 1163 2 1 0
4 79806 11185 0 1 0
4 79806 11185 1 2 0
4 79806 11185 2 3 0
4 79806 7741 0 1 0
4 79806 7741 1 2 0
4 79806 7741 2 3 0
4 79806 31725 0 1 0
4 79806 31725 1 2 0
4 79806 31725 2 3 0
4 79806 11237 0 1 0
4 79806 11237 1 2 0
4 79806 11237 2 3 0
4 79806 18343 0 3 0
4 79806 18343 1 4 0
4 79806 18343 2 1 0
4 79806 14609 0 1 0
4 79806 14609 1 2 0
4 79806 14609 2 3 0
4 79806 29045 0 1 0
4 79806 29045 1 2 0
4 79806 29045 2 3 0
4 79806 22793 0 1 0
4 79806 22793 1 2 0
4 79806 22793 2 3 0
4 79806 14979 0 3 0
4 79806 14979 1 4 0
4 79806 14979 2 1 0
4 79806 741 0 1 0
4 79806 741 1 2 0
4 79806 741 2 3 0
4 79806 19077 0 1 0
4 79806 19077 1 2 0
4 79806 19077 2 3 0
4 79806 32019 0 3 0
4 79806 32019 1 4 0
4 79806 32019 2 1 0
4 79806 26915 0 3 0
4 79806 26915 1 4 0
4 79806 26915 2 1 0
4 79806 17775 0 3 0
4 79806 17775 1 4 0
4 79806 17775 2 1 0
4 79806 11147 0 3 0
4 79806 11147 1 4 0
4 79806 11147 2 1 0
4 79806 32533 0 1 0
4 79806 32533 1 2 0
4 79806 32533 2 3 0
4 79806 12595 0 3 0
4 79806 12595 1 4 0
4 79806 12595 2 1 0
4 79806 7057 0 1 0
4 79806 7057 1 2 0
4 79806 7057 2 3 0
4 79806 13169 0 1 0
4 79806 13169 1 2 0
4 79806 13169 2 3 0
4 79806 19007 0 3 0
4 79806 19007 1 4 0
4 79806 19007 2 1 0
4 79806 257 0 1 0
4 79806 257 1 2 0
4 79806 257 2 3 0
4 79806 1607 0 3 0
4 79806 1607 1 4 0
4 79806 1607 2 1 0
4 79806 26169 0 1 0
4 79806 26169 1 2 0
4 79806 26169 2 3 0
4 79806 25849 0 1 0
4 79806 25849 1 2 0
4 79806 25849 2 3 0
4 79806 943 0 3 0
4 79806 943 1 4 0
4 79806 943 2 1 0
4 79806 15331 0 3 0
4 79806 15331 1 4 0
4 79806 15331 2 1 0
4 79806 19555 0 3 0
4 79806 19555 1 4 0
4 79806 19555 2 1 0
4 79806 22113 0 1 0
4 79806 22113 1 2 0
4 79806 22113 2 3 0
4 79806 20651 0 3 0
4 79806 20651 1 4 0
4 79806 20651 2 1 0
4 79806 6923 0 3 0
4 79806 6923 1 4 0
4 79806 6923 2 1 0
4 79806 16099 0 3 0
4 79806 16099 1 4 0
4 79806 16099 2 1 0
4 79806 31211 0 3 0
4 79806 31211 1 4 0
4 79806 31211 2 1 0
4 79806 12669 0 1 0
4 79806 12669 1 2 0
4 79806 12669 2 3 0
4 79806 6041 0 1 0
4 79806 6041 1 2 0
4 79806 6041 2 3 0
4 79806 16479 0 3 0
4 79806 16479 1 4 0
4 79806 16479 2 1 0
4 79806 22235 0 3 0
4 79806 22235 1 4 0
4 79806 22235 2 1 0
4 79806 7947 0 3 0
4 79806 7947 1 4 0
4 79806 7947 2 1 0
4 79806 26147 0 3 0
4 79806 26147 1 4 0
4 79806 26147 2 1 0
4 79806 1603 0 3 0
4 79806 1603 1 4 0
4 79806 1603 2 1 0
4 79806 905 0 1 0
4 79806 905 1 2 0
4 79806 905 2 3 0
4 79806 28425 0 1 0
4 79806 28425 1 2 0
4 79806 28425 2 3 0
4 79806 23499 0 3 0
4 79806 23499 1 4 0
4 79806 23499 2 1 0
4 79806 22517 0 1 0
4 79806 22517 1 2 0
4 79806 22517 2 3 0
4 79806 32049 0 1 0
4 79806 32049 1 2 0
4 79806 32049 2 3 0
4 79806 11575 0 3 0
4 79806 11575 1 4 0
4 79806 11575 2 1 0
4 79806 15265 0 1 0
4 79806 15265 1 2 0
4 79806 15265 2 3 0
4 79806 9621 0 1 0
4 79806 9621 1 2 0
4 79806 9621 2 3 0
4 79806 26945 0 1 0
4 79806 26945 1 2 0
4 79806 26945 2 3 0
4 79806 9465 0 1 0
4 79806 9465 1 2 0
4 79806 9465 2 3 0
4 79806 19091 0 3 0
4 79806 19091 1 4 0
4 79806 19091 2 1 0
4 79806 32317 0 1 0
4 79806 32317 1 2 0
4 79806 32317 2 3 0
4 79806 16351 0 3 0
4 79806 16351 1 4 0
4 79806 16351 2 1 0
4 79806 26011 0 3 0
4 79806 26011 1 4 0
4 79806 26011 2 1 0
5 79806 9251 0 3 0
5 79806 9251 1 4 0
5 79806 9251 2 1 0
5 79806 4697 0 1 0
5 79806 4697 1 2 0
5 79806 4697 2 3 0
5 79806 25053 0 1 0
5 79806 25053 1 2 0
5 79806 25053 2 3 0
5 79806 24455 0 3 0
5 79806 24455 1 4 0
5 79806 24455 2 1 0
5 79806 22669 0 1 0
5 79806 22669 1 2 0
5 79806 22669 2 3 0
5 79806 32451 0 3 0
5 79806 32451 1 4 0
5 79806 32451 2 1 0
5 79806 29833 0 1 0
5 79806 29833 1 2 0
5 79806 29833 2 3 0
5 79806 30387 0 3 0
5 79806 30387 1 4 0
5 79806 30387 2 1 0
5 79806 27549 0 1 0
5 79806 27549 1 2 0
5 79806 27549 2 3 0
5 79806 3977 0 1 0
5 79806 3977 1 2 0
5 79806 3977 2 3 0
5 79806 5729 0 1 0
5 79806 5729 1 2 0
5 79806 5729 2 3 0
5 79806 693 0 1 0
5 79806 693 1 2 0
5 79806 693 2 3 0
5 79806 10611 0 3 0
5 79806 10611 1 4 0
5 79806 10611 2 1 0
5 79806 10255 0 3 0
5 79806 10255 1 4 0
5 79806 10255 2 1 0
5 79806 8595 0 3 0
5 79806 8595 1 4 0
5 79806 8595 2 1 0
5 79806 16819 0 3 0
5 79806 16819 1 4 0
5 79806 16819 2 1 0
5 79806 11675 0 3 0
5 79806 11675 1 4 0
5 79806 11675 2 1 0
5 79806 31127 0 3 0
5 79806 31127 1 4 0
5 79806 31127 2 1 0
5 79806 12185 0 1 0
5 79806 12185 1 2 0
5 79806 12185 2 3 0
5 79806 25933 0 1 0
5 79806 25933 1 2 0
5 79806 25933 2 3 0
5 79806 11459 0 3 0
5 79806 11459 1 4 0
5 79806 11459 2 1 0
5 79806 2887 0 3 0
5 79806 2887 1 4 0
5 79806 2887 2 1 0
5 79806 9697 0 1 0
5 79806 9697 1 2 0
5 79806 9697 2 3 0
5 79806 24661 0 1 0
5 79806 24661 1 2 0
5 79806 24661 2 3 0
5 79806 4951 0 3 0
5 79806 4951 1 4 0
5 79806 4951 2 1 0
5 79806 27019 0 3 0
5 79806 27019 1 4 0
5 79806 27019 2 1 0
5 79806 26173 0 1 0
5 79806 26173 1 2 0
5 79806 26173 2 3 0
5 79806 18719 0 3 0
5 79806 18719 1 4 0
5 79806 18719 2 1 0
5 79806 23955 0 3 0
5 79806 23955 1 4 0
5 79806 23955 2 1 0
5 79806 26029 0 1 0
5 79806 26029 1 2 0
5 79806 26029 2 3 0
5 79806 9219 0 3 0
5 79806 9219 1 4 0
5 79806 9219 2 1 0
5 79806 18493 0 1 0
5 79806 18493 1 2 0
5 79806 18493 2 3 0
5 79806 16511 0 3 0
5 79806 16511 1 4 0
5 79806 16511 2 1 0
5 79806 739 0 3 0
5 79806 739 1 4 0
5 79806 739 2 1 0
5 79806 29449 0 1 0
5 79806 29449 1 2 0
5 79806 29449 2 3 0
5 79806 11367 0 3 0
5 79806 11367 1 4 0
5 79806 11367 2 1 0
5 79806 14377 0 1 0
5 79806 14377 1 2 0
5 79806 14377 2 3 0
5 79806 5717 0 1 0
5 79806 5717 1 2 0
5 79806 5717 2 3 0
5 79806 32517 0 1 0
5 79806 32517 1 2 0
5 79806 32517 2 3 0
5 79806 8959 0 3 0
5 79806 8959 1 4 0
5 79806 8959 2 1 0
5 79806 26097 0 1 0
5 79806 26097 1 2 0
5 79806 26097 2 3 0
5 79806 6585 0 1 0
5 79806 6585 1 2 0
5 79806 6585 2 3 0
5 79806 15297 0 1 0
5 79806 15297 1 2 0
5 79806 15297 2 3 0
5 79806 29427 0 3 0
5 79806 29427 1 4 0
5 79806 29427 2 1 0
5 79806 21339 0 3 0
5 79806 21339 1 4 0
5 79806 21339 2 1 0
5 79806 6963 0 3 0
5 79806 6963 1 4 0
5 79806 6963 2 1 0
5 79806 17385 0 1 0
5 79806 17385 1 2 0
5 79806 17385 2 3 0
5 79806 32229 0 1 0
5 79806 32229 1 2 0
5 79806 32229 2 3 0
5 79806 20431 0 3 0
5 79806 20431 1 4 0
5 79806 20431 2 1 0
5 79806 18743 0 3 0
5 79806 18743 1 4 0
5 79806 18743 2 1 0
5 79806 32429 0 1 0
5 79806 32429 1 2 0
5 79806 32429 2 3 0
5 79806 1575 0 3 0
5 79806 1575 1 4 0
5 79806 1575 2 1 0
5 79806 12189 0 1 0
5 79806 12189 1 2 0
5 79806 12189 2 3 0
5 79806 19755 0 3 0
5 79806 19755 1 4 0
5 79806 19755 2 1 0
5 79806 4611 0 3 0
5 79806 4611 1 4 0
5 79806 4611 2 1 0
5 79806 32217 0 1 0
5 79806 32217 1 2 0
5 79806 32217 2 3 0
5 79806 20813 0 1 0
5 79806 20813 1 2 0
5 79806 20813 2 3 0
5 79806 16739 0 3 0
5 79806 16739 1 4 0
5 79806 16739 2 1 0
5 79806 25347 0 3 0
5 79806 25347 1 4 0
5 79806 25347 2 1 0
5 79806 12393 0 1 0
5 79806 12393 1 2 0
5 79806 12393 2 3 0
5 79806 13143 0 3 0
5 79806 13143 1 4 0
5 79806 13143 2 1 0
5 79806 7873 0 1 0
5 79806 7873 1 2 0
5 79806 7873 2 3 0
5 79806 31731 0 3 0
5 79806 31731 1 4 0
5 79806 31731 2 1 0
5 79806 219 0 3 0
5 79806 219 1 4 0
5 79806 219 2 1 0
5 79806 16331 0 3 0
5 79806 16331 1 4 0
5 79806 16331 2 1 0
5 79806 26753 0 1 0
5 79806 26753 1 2 0
5 79806 26753 2 3 0
5 79806 17961 0 1 0
5 79806 17961 1 2 0
5 79806 17961 2 3 0
5 79806 24595 0 3 0
5 79806 24595 1 4 0
5 79806 24595 2 1 0
5 79806 24831 0 3 0
5 79806 24831 1 4 0
5 79806 24831 2 1 0
5 79806 17671 0 3 0
5 79806 17671 1 4 0
5 79806 17671 2 1 0
5 79806 24769 0 1 0
5 79806 24769 1 2 0
5 79806 24769 2 3 0
5 79806 1675 0 3 0
5 79806 1675 1 4 0
5 79806 1675 2 1 0
5 79806 29439 0 3 0
5 79806 29439 1 4 0
5 79806 29439 2 1 0
5 79806 11187 0 3 0
5 79806 11187 1 4 0
5 79806 11187 2 1 0
5 79806 5315 0 3 0
5 79806 5315 1 4 0
5 79806 5315 2 1 0
5 79806 5867 0 3 0
5 79806 5867 1 4 0
5 79806 5867 2 1 0
5 79806 28657 0 1 0
5 79806 28657 1 2 0
5 79806 28657 2 3 0
5 79806 25775 0 3 0
5 79806 25775 1 4 0
5 79806 25775 2 1 0
5 79806 27859 0 3 0
5 79806 27859 1 4 0
5 79806 27859 2 1 0
5 79806 27391 0 3 0
5 79806 27391 1 4 0
5 79806 27391 2 1 0
5 79806 19501 0 1 0
5 79806 19501 1 2 0
5 79806 19501 2 3 0
5 79806 23255 0 3 0
5 79806 23255 1 4 0
5 79806 23255 2 1 0
5 79806 29319 0 3 0
5 79806 29319 1 4 0
5 79806 29319 2 1 0
5 79806 20329 0 1 0
5 79806 20329 1 2 0
5 79806 20329 2 3 0
5 79806 27899 0 3 0
5 79806 27899 1 4 0
5 79806 27899 2 1 0
5 79806 27947 0 3 0
5 79806 27947 1 4 0
5 79806 27947 2 1 0
5 79806 27581 0 1 0
5 79806 27581 1 2 0
5 79806 27581 2 3 0
5 79806 20677 0 1 0
5 79806 20677 1 2 0
5 79806 20677 2 3 0
5 79806 26153 0 1 0
5 79806 26153 1 2 0
5 79806 26153 2 3 0
5 79806 31825 0 1 0
5 79806 31825 1 2 0
5 79806 31825 2 3 0
5 79806 6715 0 3 0
5 79806 6715 1 4 0
5 79806 6715 2 1 0
5 79806 8753 0 1 0
5 79806 8753 1 2 0
5 79806 8753 2 3 0
5 79806 25839 0 3 0
5 79806 25839 1 4 0
5 79806 25839 2 1 0
5 79806 30681 0 1 0
5 79806 30681 1 2 0
5 79806 30681 2 3 0
5 79806 25695 0 3 0
5 79806 25695 1 4 0
5 79806 25695 2 1 0
5 79806 30945 0 1 0
5 79806 30945 1 2 0
5 79806 30945 2 3 0
5 79806 7137 0 1 0
5 79806 7137 1 2 0
5 79806 7137 2 3 0
5 79806 27137 0 1 0
5 79806 27137 1 2 0
5 79806 27137 2 3 0
5 79806 24935 0 3 0
5 79806 24935 1 4 0
5 79806 24935 2 1 0
5 79806 9137 0 1 0
5 79806 9137 1 2 0
5 79806 9137 2 3 0
5 79806 14253 0 1 0
5 79806 14253 1 2 0
5 79806 14253 2 3 0
5 79806 29373 0 1 0
5 79806 29373 1 2 0
5 79806 29373 2 3 0
5 79806 16239 0 3 0
5 79806 16239 1 4 0
5 79806 16239 2 1 0
5 79806 4181 0 1 0
5 79806 4181 1 2 0
5 79806 4181 2 3 0
5 79806 22213 0 1 0
5 79806 22213 1 2 0
5 79806 22213 2 3 0
5 79806 30813 0 1 0
5 79806 30813 1 2 0
5 79806 30813 2 3 0
5 79806 29113 0 1 0
5 79806 29113 1 2 0
5 79806 29113 2 3 0
5 79806 499 0 3 0
5 79806 499 1 4 0
5 79806 499 2 1 0
5 79806 27935 0 3 0
5 79806 27935 1 4 0
5 79806 27935 2 1 0
5 79806 21163 0 3 0
5 79806 21163 1 4 0
5 79806 21163 2 1 0
5 79806 11193 0 1 0
5 79806 11193 1 2 0
5 79806 11193 2 3 0
5 79806 28861 0 1 0
5 79806 28861 1 2 0
5 79806 28861 2 3 0
5 79806 14569 0 1 0
5 79806 14569 1 2 0
5 79806 14569 2 3 0
5 79806 6575 0 3 0
5 79806 6575 1 4 0
5 79806 6575 2 1 0
5 79806 15 0 3 0
5 79806 15 1 4 0
5 79806 15 2 1 0
5 79806 24621 0 1 0
5 79806 24621 1 2 0
5 79806 24621 2 3 0
5 79806 3509 0 1 0
5 79806 3509 1 2 0
5 79806 3509 2 3 0
5 79806 12641 0 1 0
5 79806 12641 1 2 0
5 79806 12641 2 3 0
5 79806 10413 0 1 0
5 79806 10413 1 2 0
5 79806 10413 2 3 0
5 79806 25973 0 1 0
5 79806 25973 1 2 0
5 79806 25973 2 3 0
5 79806 20613 0 1 0
5 79806 20613 1 2 0
5 79806 20613 2 3 0
5 79806 26953 0 1 0
5 79806 26953 1 2 0
5 79806 26953 2 3 0
5 79806 619 0 3 0
5 79806 619 1 4 0
5 79806 619 2 1 0
5 79806 19221 0 1 0
5 79806 19221 1 2 0
5 79806 19221 2 3 0
5 79806 11077 0 1 0
5 79806 11077 1 2 0
5 79806 11077 2 3 0
5 79806 16397 0 1 0
5 79806 16397 1 2 0
5 79806 16397 2 3 0
5 79806 8909 0 1 0
5 79806 8909 1 2 0
5 79806 8909 2 3 0
5 79806 1101 0 1 0
5 79806 1101 1 2 0
5 79806 1101 2 3 0
5 79806 8189 0 1 0
5 79806 8189 1 2 0
5 79806 8189 2 3 0
5 79806 6101 0 1 0
5 79806 6101 1 2 0
5 79806 6101 2 3 0
5 79806 6445 0 1 0
5 79806 6445 1 2 0
5 79806 6445 2 3 0
5 79806 5367 0 3 0
5 79806 5367 1 4 0
5 79806 5367 2 1 0
5 79806 7059 0 3 0
5 79806 7059 1 4 0
5 79806 7059 2 1 0
5 79806 10007 0 3 0
5 79806 10007 1 4 0
5 79806 10007 2 1 0
5 79806 1261 0 1 0
5 79806 1261 1 2 0
5 79806 1261 2 3 0
5 79806 30627 0 3 0
5 79806 30627 1 4 0
5 79806 30627 2 1 0
5 79806 24633 0 1 0
5 79806 24633 1 2 0
5 79806 24633 2 3 0
5 79806 10905 0 1 0
5 79806 10905 1 2 0
5 79806 10905 2 3 0
5 79806 521 0 1 0
5 79806 521 1 2 0
5 79806 521 2 3 0
5 79806 27809 0 1 0
5 79806 27809 1 2 0
5 79806 27809 2 3 0
5 79806 21179 0 3 0
5 79806 21179 1 4 0
5 79806 21179 2 1 0
5 79806 29885 0 1 0
5 79806 29885 1 2 0
5 79806 29885 2 3 0
5 79806 4237 0 1 0
5 79806 4237 1 2 0
5 79806 4237 2 3 0
5 79806 4607 0 3 0
5 79806 4607 1 4 0
5 79806 4607 2 1 0
5 79806 16505 0 1 0
5 79806 16505 1 2 0
5 79806 16505 2 3 0
5 79806 13299 0 3 0
5 79806 13299 1 4 0
5 79806 13299 2 1 0
5 79806 847 0 3 0
5 79806 847 1 4 0
5 79806 847 2 1 0
5 79806 137 0 1 0
5 79806 137 1 2 0
5 79806 137 2 3 0
5 79806 26685 0 1 0
5 79806 26685 1 2 0
5 79806 26685 2 3 0
5 79806 29839 0 3 0
5 79806 29839 1 4 0
5 79806 29839 2 1 0
5 79806 2289 0 1 0
5 79806 2289 1 2 0
5 79806 2289 2 3 0
5 79806 27663 0 3 0
5 79806 27663 1 4 0
5 79806 27663 2 1 0
5 79806 11169 0 1 0
5 79806 11169 1 2 0
5 79806 11169 2 3 0
5 79806 31047 0 3 0
5 79806 31047 1 4 0
5 79806 31047 2 1 0
5 79806 32029 0 1 0
5 79806 32029 1 2 0
5 79806 32029 2 3 0
5 79806 29827 0 3 0
5 79806 29827 1 4 0
5 79806 29827 2 1 0
5 79806 9327 0 3 0
5 79806 9327 1 4 0
5 79806 9327 2 1 0
5 79806 19163 0 3 0
5 79806 19163 1 4 0
5 79806 19163 2 1 0
5 79806 14293 0 1 0
5 79806 14293 1 2 0
5 79806 14293 2 3 0
5 79806 10081 0 1 0
5 79806 10081 1 2 0
5 79806 10081 2 3 0
5 79806 24681 0 1 0
5 79806 24681 1 2 0
5 79806 24681 2 3 0
5 79806 23487 0 3 0
5 79806 23487 1 4 0
5 79806 23487 2 1 0
5 79806 29755 0 3 0
5 79806 29755 1 4 0
5 79806 29755 2 1 0
5 79806 9259 0 3 0
5 79806 9259 1 4 0
5 79806 9259 2 1 0
5 79806 30313 0 1 0
5 79806 30313 1 2 0
5 79806 30313 2 3 0
5 79806 21803 0 3 0
5 79806 21803 1 4 0
5 79806 21803 2 1 0
5 79806 31929 0 1 0
5 79806 31929 1 2 0
5 79806 31929 2 3 0
5 79806 639 0 3 0
5 79806 639 1 4 0
5 79806 639 2 1 0
5 79806 29173 0 1 0
5 79806 29173 1 2 0
5 79806 29173 2 3 0
5 79806 4423 0 3 0
5 79806 4423 1 4 0
5 79806 4423 2 1 0
5 79806 27779 0 3 0
5 79806 27779 1 4 0
5 79806 27779 2 1 0
5 79806 30887 0 3 0
5 79806 30887 1 4 0
5 79806 30887 2 1 0
5 79806 30031 0 3 0
5 79806 30031 1 4 0
5 79806 30031 2 1 0
5 79806 5985 0 1 0
5 79806 5985 1 2 0
5 79806 5985 2 3 0
5 79806 11979 0 3 0
5 79806 11979 1 4 0
5 79806 11979 2 1 0
5 79806 6381 0 1 0
5 79806 6381 1 2 0
5 79806 6381 2 3 0
5 79806 13163 0 3 0
5 79806 13163 1 4 0
5 79806 13163 2 1 0
5 79806 7953 0 1 0
5 79806 7953 1 2 0
5 79806 7953 2 3 0
5 79806 22207 0 3 0
5 79806 22207 1 4 0
5 79806 22207 2 1 0
5 79806 10851 0 3 0
5 79806 10851 1 4 0
5 79806 10851 2 1 0
5 79806 6437 0 1 0
5 79806 6437 1 2 0
5 79806 6437 2 3 0
5 79806 32291 0 3 0
5 79806 32291 1 4 0
5 79806 32291 2 1 0
5 79806 14123 0 3 0
5 79806 14123 1 4 0
5 79806 14123 2 1 0
5 79806 7519 0 3 0
5 79806 7519 1 4 0
5 79806 7519 2 1 0
5 79806 9745 0 1 0
5 79806 9745 1 2 0
5 79806 9745 2 3 0
5 79806 2343 0 3 0
5 79806 2343 1 4 0
5 79806 2343 2 1 0
5 79806 27079 0 3 0
5 79806 27079 1 4 0
5 79806 27079 2 1 0
5 79806 16531 0 3 0
5 79806 16531 1 4 0
5 79806 16531 2 1 0
5 79806 16605 0 1 0
5 79806 16605 1 2 0
5 79806 16605 2 3 0
5 79806 31689 0 1 0
5 79806 31689 1 2 0
5 79806 31689 2 3 0
5 79806 18079 0 3 0
5 79806 18079 1 4 0
5 79806 18079 2 1 0
5 79806 31997 0 1 0
5 79806 31997 1 2 0
5 79806 31997 2 3 0
5 79806 16259 0 3 0
5 79806 16259 1 4 0
5 79806 16259 2 1 0
5 79806 18973 0 1 0
5 79806 18973 1 2 0
5 79806 18973 2 3 0
5 79806 13041 0 1 0
5 79806 13041 1 2 0
5 79806 13041 2 3 0
5 79806 31161 0 1 0
5 79806 31161 1 2 0
5 79806 31161 2 3 0
5 79806 1553 0 1 0
5 79806 1553 1 2 0
5 79806 1553 2 3 0
5 79806 3301 0 1 0
5 79806 3301 1 2 0
5 79806 3301 2 3 0
5 79806 8037 0 1 0
5 79806 8037 1 2 0
5 79806 8037 2 3 0
5 79806 20683 0 3 0
5 79806 20683 1 4 0
5 79806 20683 2 1 0
5 79806 19989 0 1 0
5 79806 19989 1 2 0
5 79806 19989 2 3 0
5 79806 31821 0 1 0
5 79806 31821 1 2 0
5 79806 31821 2 3 0
5 79806 9369 0 1 0
5 79806 9369 1 2 0
5 79806 9369 2 3 0
5 79806 26963 0 3 0
5 79806 26963 1 4 0
5 79806 26963 2 1 0
5 79806 5621 0 1 0
5 79806 5621 1 2 0
5 79806 5621 2 3 0
5 79806 6601 0 1 0
5 79806 6601 1 2 0
5 79806 6601 2 3 0
5 79806 6879 0 3 0
5 79806 6879 1 4 0
5 79806 6879 2 1 0
5 79806 9193 0 1 0
5 79806 9193 1 2 0
5 79806 9193 2 3 0
5 79806 7737 0 1 0
5 79806 7737 1 2 0
5 79806 7737 2 3 0
5 79806 12619 0 3 0
5 79806 12619 1 4 0
5 79806 12619 2 1 0
5 79806 28511 0 3 0
5 79806 28511 1 4 0
5 79806 28511 2 1 0
5 79806 14485 0 1 0
5 79806 14485 1 2 0
5 79806 14485 2 3 0
5 79806 21879 0 3 0
5 79806 21879 1 4 0
5 79806 21879 2 1 0
5 79806 14955 0 3 0
5 79806 14955 1 4 0
5 79806 14955 2 1 0
5 79806 23625 0 1 0
5 79806 23625 1 2 0
5 79806 23625 2 3 0
5 79806 21867 0 3 0
5 79806 21867 1 4 0
5 79806 21867 2 1 0
5 79806 10421 0 1 0
5 79806 10421 1 2 0
5 79806 10421 2 3 0
5 79806 6679 0 3 0
5 79806 6679 1 4 0
5 79806 6679 2 1 0
5 79806 17689 0 1 0
5 79806 17689 1 2 0
5 79806 17689 2 3 0
5 79806 7419 0 3 0
5 79806 7419 1 4 0
5 79806 7419 2 1 0
5 79806 14229 0 1 0
5 79806 14229 1 2 0
5 79806 14229 2 3 0
5 79806 24107 0 3 0
5 79806 24107 1 4 0
5 79806 24107 2 1 0
5 79806 10077 0 1 0
5 79806 10077 1 2 0
5 79806 10077 2 3 0
5 79806 6487 0 3 0
5 79806 6487 1 4 0
5 79806 6487 2 1 0
5 79806 19467 0 3 0
5 79806 19467 1 4 0
5 79806 19467 2 1 0
5 79806 24021 0 1 0
5 79806 24021 1 2 0
5 79806 24021 2 3 0
5 79806 15891 0 3 0
5 79806 15891 1 4 0
5 79806 15891 2 1 0
5 79806 2241 0 1 0
5 79806 2241 1 2 0
5 79806 2241 2 3 0
5 79806 13619 0 3 0
5 79806 13619 1 4 0
5 79806 13619 2 1 0
5 79806 25163 0 3 0
5 79806 25163 1 4 0
5 79806 25163 2 1 0
5 79806 27953 0 1 0
5 79806 27953 1 2 0
5 79806 27953 2 3 0
5 79806 16521 0 1 0
5 79806 16521 1 2 0
5 79806 16521 2 3 0
5 79806 12353 0 1 0
5 79806 12353 1 2 0
5 79806 12353 2 3 0
5 79806 15463 0 3 0
5 79806 15463 1 4 0
5 79806 15463 2 1 0
5 79806 2741 0 1 0
5 79806 2741 1 2 0
5 79806 2741 2 3 0
5 79806 6557 0 1 0
5 79806 6557 1 2 0
5 79806 6557 2 3 0
5 79806 9901 0 1 0
5 79806 9901 1 2 0
5 79806 9901 2 3 0
5 79806 9391 0 3 0
5 79806 9391 1 4 0
5 79806 9391 2 1 0
5 79806 25533 0 1 0
5 79806 25533 1 2 0
5 79806 25533 2 3 0
5 79806 22529 0 1 0
5 79806 22529 1 2 0
5 79806 22529 2 3 0
5 79806 11325 0 1 0
5 79806 11325 1 2 0
5 79806 11325 2 3 0
5 79806 10143 0 3 0
5 79806 10143 1 4 0
5 79806 10143 2 1 0
5 79806 743 0 3 0
5 79806 743 1 4 0
5 79806 743 2 1 0
5 79806 26853 0 1 0
5 79806 26853 1 2 0
5 79806 26853 2 3 0
5 79806 5857 0 1 0
5 79806 5857 1 2 0
5 79806 5857 2 3 0
5 79806 23539 0 3 0
5 79806 23539 1 4 0
5 79806 23539 2 1 0
5 79806 16255 0 3 0
5 79806 16255 1 4 0
5 79806 16255 2 1 0
5 79806 11629 0 1 0
5 79806 11629 1 2 0
5 79806 11629 2 3 0
5 79806 31637 0 1 0
5 79806 31637 1 2 0
5 79806 31637 2 3 0
5 79806 27205 0 1 0
5 79806 27205 1 2 0
5 79806 27205 2 3 0
5 79806 11885 0 1 0
5 79806 11885 1 2 0
5 79806 11885 2 3 0
5 79806 14917 0 1 0
5 79806 14917 1 2 0
5 79806 14917 2 3 0
5 79806 11249 0 1 0
5 79806 11249 1 2 0
5 79806 11249 2 3 0
5 79806 24941 0 1 0
5 79806 24941 1 2 0
5 79806 24941 2 3 0
5 79806 16059 0 3 0
5 79806 16059 1 4 0
5 79806 16059 2 1 0
5 79806 3757 0 1 0
5 79806 3757 1 2 0
5 79806 3757 2 3 0
5 79806 3113 0 1 0
5 79806 3113 1 2 0
5 79806 3113 2 3 0
5 79806 23577 0 1 0
5 79806 23577 1 2 0
5 79806 23577 2 3 0
5 79806 9695 0 3 0
5 79806 9695 1 4 0
5 79806 9695 2 1 0
5 79806 23875 0 3 0
5 79806 23875 1 4 0
5 79806 23875 2 1 0
5 79806 18733 0 1 0
5 79806 18733 1 2 0
5 79806 18733 2 3 0
5 79806 1789 0 1 0
5 79806 1789 1 2 0
5 79806 1789 2 3 0
5 79806 17253 0 1 0
5 79806 17253 1 2 0
5 79806 17253 2 3 0
5 79806 30107 0 3 0
5 79806 30107 1 4 0
5 79806 30107 2 1 0
5 79806 14025 0 1 0
5 79806 14025 1 2 0
5 79806 14025 2 3 0
5 79806 14843 0 3 0
5 79806 14843 1 4 0
5 79806 14843 2 1 0
5 79806 20107 0 3 0
5 79806 20107 1 4 0
5 79806 20107 2 1 0
5 79806 27971 0 3 0
5 79806 27971 1 4 0
5 79806 27971 2 1 0
5 79806 1621 0 1 0
5 79806 1621 1 2 0
5 79806 1621 2 3 0
5 79806 27031 0 3 0
5 79806 27031 1 4 0
5 79806 27031 2 1 0
5 79806 22385 0 1 0
5 79806 22385 1 2 0
5 79806 22385 2 3 0
5 79806 21973 0 1 0
5 79806 21973 1 2 0
5 79806 21973 2 3 0
5 79806 2005 0 1 0
5 79806 2005 1 2 0
5 79806 2005 2 3 0
5 79806 15389 0 1 0
5 79806 15389 1 2 0
5 79806 15389 2 3 0
5 79806 9043 0 3 0
5 79806 9043 1 4 0
5 79806 9043 2 1 0
5 79806 7101 0 1 0
5 79806 7101 1 2 0
5 79806 7101 2 3 0
5 79806 4865 0 1 0
5 79806 4865 1 2 0
5 79806 4865 2 3 0
5 79806 28757 0 1 0
5 79806 28757 1 2 0
5 79806 28757 2 3 0
5 79806 18421 0 1 0
5 79806 18421 1 2 0
5 79806 18421 2 3 0
5 79806 15271 0 3 0
5 79806 15271 1 4 0
5 79806 15271 2 1 0
5 79806 12329 0 1 0
5 79806 12329 1 2 0
5 79806 12329 2 3 0
5 79806 10895 0 3 0
5 79806 10895 1 4 0
5 79806 10895 2 1 0
5 79806 3409 0 1 0
5 79806 3409 1 2 0
5 79806 3409 2 3 0
5 79806 18459 0 3 0
5 79806 18459 1 4 0
5 79806 18459 2 1 0
5 79806 6969 0 1 0
5 79806 6969 1 2 0
5 79806 6969 2 3 0
5 79806 16701 0 1 0
5 79806 16701 1 2 0
5 79806 16701 2 3 0
5 79806 333 0 1 0
5 79806 333 1 2 0
5 79806 333 2 3 0
5 79806 16703 0 3 0
5 79806 16703 1 4 0
5 79806 16703 2 1 0
5 79806 23653 0 1 0
5 79806 23653 1 2 0
5 79806 23653 2 3 0
5 79806 12833 0 1 0
5 79806 12833 1 2 0
5 79806 12833 2 3 0
5 79806 10645 0 1 0
5 79806 10645 1 2 0
5 79806 10645 2 3 0
5 79806 22629 0 1 0
5 79806 22629 1 2 0
5 79806 22629 2 3 0
5 79806 6373 0 1 0
5 79806 6373 1 2 0
5 79806 6373 2 3 0
5 79806 17193 0 1 0
5 79806 17193 1 2 0
5 79806 17193 2 3 0
5 79806 8319 0 3 0
5 79806 8319 1 4 0
5 79806 8319 2 1 0
5 79806 10817 0 1 0
5 79806 10817 1 2 0
5 79806 10817 2 3 0
5 79806 17581 0 1 0
5 79806 17581 1 2 0
5 79806 17581 2 3 0
5 79806 6275 0 3 0
5 79806 6275 1 4 0
5 79806 6275 2 1 0
5 79806 19659 0 3 0
5 79806 19659 1 4 0
5 79806 19659 2 1 0
5 79806 12089 0 1 0
5 79806 12089 1 2 0
5 79806 12089 2 3 0
5 79806 12255 0 3 0
5 79806 12255 1 4 0
5 79806 12255 2 1 0
5 79806 20319 0 3 0
5 79806 20319 1 4 0
5 79806 20319 2 1 0
5 79806 31325 0 1 0
5 79806 31325 1 2 0
5 79806 31325 2 3 0
5 79806 32027 0 3 0
5 79806 32027 1 4 0
5 79806 32027 2 1 0
5 79806 23635 0 3 0
5 79806 23635 1 4 0
5 79806 23635 2 1 0
5 79806 5273 0 1 0
5 79806 5273 1 2 0
5 79806 5273 2 3 0
5 79806 9163 0 3 0
5 79806 9163 1 4 0
5 79806 9163 2 1 0
5 79806 23777 0 1 0
5 79806 23777 1 2 0
5 79806 23777 2 3 0
5 79806 12243 0 3 0
5 79806 12243 1 4 0
5 79806 12243 2 1 0
5 79806 21013 0 1 0
5 79806 21013 1 2 0
5 79806 21013 2 3 0
5 79806 24655 0 3 0
5 79806 24655 1 4 0
5 79806 24655 2 1 0
5 79806 31451 0 3 0
5 79806 31451 1 4 0
5 79806 31451 2 1 0
5 79806 29135 0 3 0
5 79806 29135 1 4 0
5 79806 29135 2 1 0
5 79806 4741 0 1 0
5 79806 4741 1 2 0
5 79806 4741 2 3 0
5 79806 1035 0 3 0
5 79806 1035 1 4 0
5 79806 1035 2 1 0
5 79806 25633 0 1 0
5 79806 25633 1 2 0
5 79806 25633 2 3 0
5 79806 6851 0 3 0
5 79806 6851 1 4 0
5 79806 6851 2 1 0
5 79806 9441 0 1 0
5 79806 9441 1 2 0
5 79806 9441 2 3 0
5 79806 8989 0 1 0
5 79806 8989 1 2 0
5 79806 8989 2 3 0
5 79806 29167 0 3 0
5 79806 29167 1 4 0
5 79806 29167 2 1 0
5 79806 25871 0 3 0
5 79806 25871 1 4 0
5 79806 25871 2 1 0
5 79806 823 0 3 0
5 79806 823 1 4 0
5 79806 823 2 1 0
5 79806 29869 0 1 0
5 79806 29869 1 2 0
5 79806 29869 2 3 0
5 79806 28901 0 1 0
5 79806 28901 1 2 0
5 79806 28901 2 3 0
5 79806 305 0 1 0
5 79806 305 1 2 0
5 79806 305 2 3 0
5 79806 7745 0 1 0
5 79806 7745 1 2 0
5 79806 7745 2 3 0
5 79806 4245 0 1 0
5 79806 4245 1 2 0
5 79806 4245 2 3 0
5 79806 24289 0 1 0
5 79806 24289 1 2 0
5 79806 24289 2 3 0
5 79806 3403 0 3 0
5 79806 3403 1 4 0
5 79806 3403 2 1 0
5 79806 29207 0 3 0
5 79806 29207 1 4 0
5 79806 29207 2 1 0
5 79806 22555 0 3 0
5 79806 22555 1 4 0
5 79806 22555 2 1 0
5 79806 13817 0 1 0
5 79806 13817 1 2 0
5 79806 13817 2 3 0
5 79806 14453 0 1 0
5 79806 14453 1 2 0
5 79806 14453 2 3 0
5 79806 16081 0 1 0
5 79806 16081 1 2 0
5 79806 16081 2 3 0
5 79806 7879 0 3 0
5 79806 7879 1 4 0
5 79806 7879 2 1 0
5 79806 4015 0 3 0
5 79806 4015 1 4 0
5 79806 4015 2 1 0
5 79806 22735 0 3 0
5 79806 22735 1 4 0
5 79806 22735 2 1 0
5 79806 24829 0 1 0
5 79806 24829 1 2 0
5 79806 24829 2 3 0
5 79806 10001 0 1 0
5 79806 10001 1 2 0
5 79806 10001 2 3 0
5 79806 5551 0 3 0
5 79806 5551 1 4 0
5 79806 5551 2 1 0
5 79806 5799 0 3 0
5 79806 5799 1 4 0
5 79806 5799 2 1 0
5 79806 21901 0 1 0
5 79806 21901 1 2 0
5 79806 21901 2 3 0
5 79806 9913 0 1 0
5 79806 9913 1 2 0
5 79806 9913 2 3 0
5 79806 26143 0 3 0
5 79806 26143 1 4 0
5 79806 26143 2 1 0
5 79806 18189 0 1 0
5 79806 18189 1 2 0
5 79806 18189 2 3 0
5 79806 12615 0 3 0
5 79806 12615 1 4 0
5 79806 12615 2 1 0
5 79806 26667 0 3 0
5 79806 26667 1 4 0
5 79806 26667 2 1 0
5 79806 5353 0 1 0
5 79806 5353 1 2 0
5 79806 5353 2 3 0
5 79806 27557 0 1 0
5 79806 27557 1 2 0
5 79806 27557 2 3 0
5 79806 29623 0 3 0
5 79806 29623 1 4 0
5 79806 29623 2 1 0
5 79806 3161 0 1 0
5 79806 3161 1 2 0
5 79806 3161 2 3 0
5 79806 2183 0 3 0
5 79806 2183 1 4 0
5 79806 2183 2 1 0
5 79806 14151 0 3 0
5 79806 14151 1 4 0
5 79806 14151 2 1 0
5 79806 29823 0 3 0
5 79806 29823 1 4 0
5 79806 29823 2 1 0
5 79806 7521 0 1 0
5 79806 7521 1 2 0
5 79806 7521 2 3 0
5 79806 20639 0 3 0
5 79806 20639 1 4 0
5 79806 20639 2 1 0
5 79806 11191 0 3 0
5 79806 11191 1 4 0
5 79806 11191 2 1 0
5 79806 6947 0 3 0
5 79806 6947 1 4 0
5 79806 6947 2 1 0
5 79806 18299 0 3 0
5 79806 18299 1 4 0
5 79806 18299 2 1 0
5 79806 20475 0 3 0
5 79806 20475 1 4 0
5 79806 20475 2 1 0
5 79806 12043 0 3 0
5 79806 12043 1 4 0
5 79806 12043 2 1 0
5 79806 25781 0 1 0
5 79806 25781 1 2 0
5 79806 25781 2 3 0
5 79806 17779 0 3 0
5 79806 17779 1 4 0
5 79806 17779 2 1 0
5 79806 11127 0 3 0
5 79806 11127 1 4 0
5 79806 11127 2 1 0
5 79806 5109 0 1 0
5 79806 5109 1 2 0
5 79806 5109 2 3 0
5 79806 31413 0 1 0
5 79806 31413 1 2 0
5 79806 31413 2 3 0
5 79806 3587 0 3 0
5 79806 3587 1 4 0
5 79806 3587 2 1 0
5 79806 11041 0 1 0
5 79806 11041 1 2 0
5 79806 11041 2 3 0
5 79806 19835 0 3 0
5 79806 19835 1 4 0
5 79806 19835 2 1 0
5 79806 8161 0 1 0
5 79806 8161 1 2 0
5 79806 8161 2 3 0
5 79806 31705 0 1 0
5 79806 31705 1 2 0
5 79806 31705 2 3 0
5 79806 30377 0 1 0
5 79806 30377 1 2 0
5 79806 30377 2 3 0
5 79806 32481 0 1 0
5 79806 32481 1 2 0
5 79806 32481 2 3 0
5 79806 25981 0 1 0
5 79806 25981 1 2 0
5 79806 25981 2 3 0
5 79806 20165 0 1 0
5 79806 20165 1 2 0
5 79806 20165 2 3 0
5 79806 8339 0 3 0
5 79806 8339 1 4 0
5 79806 8339 2 1 0
5 79806 7919 0 3 0
5 79806 7919 1 4 0
5 79806 7919 2 1 0
5 79806 9891 0 3 0
5 79806 9891 1 4 0
5 79806 9891 2 1 0
5 79806 27529 0 1 0
5 79806 27529 1 2 0
5 79806 27529 2 3 0
5 79806 26337 0 1 0
5 79806 26337 1 2 0
5 79806 26337 2 3 0
5 79806 17321 0 1 0
5 79806 17321 1 2 0
5 79806 17321 2 3 0
5 79806 22817 0 1 0
5 79806 22817 1 2 0
5 79806 22817 2 3 0
5 79806 20797 0 1 0
5 79806 20797 1 2 0
5 79806 20797 2 3 0
5 79806 7033 0 1 0
5 79806 7033 1 2 0
5 79806 7033 2 3 0
5 79806 23877 0 1 0
5 79806 23877 1 2 0
5 79806 23877 2 3 0
5 79806 1433 0 1 0
5 79806 1433 1 2 0
5 79806 1433 2 3 0
5 79806 2469 0 1 0
5 79806 2469 1 2 0
5 79806 2469 2 3 0
5 79806 31607 0 3 0
5 79806 31607 1 4 0
5 79806 31607 2 1 0
5 79806 24193 0 1 0
5 79806 24193 1 2 0
5 79806 24193 2 3 0
5 79806 32159 0 3 0
5 79806 32159 1 4 0
5 79806 32159 2 1 0
5 79806 16753 0 1 0
5 79806 16753 1 2 0
5 79806 16753 2 3 0
5 79806 865 0 1 0
5 79806 865 1 2 0
5 79806 865 2 3 0
5 79806 30745 0 1 0
5 79806 30745 1 2 0
5 79806 30745 2 3 0
5 79806 24261 0 1 0
5 79806 24261 1 2 0
5 79806 24261 2 3 0
5 79806 24963 0 3 0
5 79806 24963 1 4 0
5 79806 24963 2 1 0
5 79806 16799 0 3 0
5 79806 16799 1 4 0
5 79806 16799 2 1 0
5 79806 18185 0 1 0
5 79806 18185 1 2 0
5 79806 18185 2 3 0
5 79806 8291 0 3 0
5 79806 8291 1 4 0
5 79806 8291 2 1 0
5 79806 17737 0 1 0
5 79806 17737 1 2 0
5 79806 17737 2 3 0
5 79806 7221 0 1 0
5 79806 7221 1 2 0
5 79806 7221 2 3 0
5 79806 31007 0 3 0
5 79806 31007 1 4 0
5 79806 31007 2 1 0
5 79806 15565 0 1 0
5 79806 15565 1 2 0
5 79806 15565 2 3 0
5 79806 5699 0 3 0
5 79806 5699 1 4 0
5 79806 5699 2 1 0
5 79806 29175 0 3 0
5 79806 29175 1 4 0
5 79806 29175 2 1 0
5 79806 32753 0 1 0
5 79806 32753 1 2 0
5 79806 32753 2 3 0
5 79806 14009 0 1 0
5 79806 14009 1 2 0
5 79806 14009 2 3 0
5 79806 27385 0 1 0
5 79806 27385 1 2 0
5 79806 27385 2 3 0
5 79806 26627 0 3 0
5 79806 26627 1 4 0
5 79806 26627 2 1 0
5 79806 14177 0 1 0
5 79806 14177 1 2 0
5 79806 14177 2 3 0
5 79806 2597 0 1 0
5 79806 2597 1 2 0
5 79806 2597 2 3 0
5 79806 27747 0 3 0
5 79806 27747 1 4 0
5 79806 27747 2 1 0
5 79806 31823 0 3 0
5 79806 31823 1 4 0
5 79806 31823 2 1 0
5 79806 22071 0 3 0
5 79806 22071 1 4 0
5 79806 22071 2 1 0
5 79806 9175 0 3 0
5 79806 9175 1 4 0
5 79806 9175 2 1 0
5 79806 21341 0 1 0
5 79806 21341 1 2 0
5 79806 21341 2 3 0
5 79806 29025 0 1 0
5 79806 29025 1 2 0
5 79806 29025 2 3 0
5 79806 1879 0 3 0
5 79806 1879 1 4 0
5 79806 1879 2 1 0
5 79806 13407 0 3 0
5 79806 13407 1 4 0
5 79806 13407 2 1 0
5 79806 24875 0 3 0
5 79806 24875 1 4 0
5 79806 24875 2 1 0
5 79806 28169 0 1 0
5 79806 28169 1 2 0
5 79806 28169 2 3 0
5 79806 26807 0 3 0
5 79806 26807 1 4 0
5 79806 26807 2 1 0
5 79806 3325 0 1 0
5 79806 3325 1 2 0
5 79806 3325 2 3 0
5 79806 7991 0 3 0
5 79806 7991 1 4 0
5 79806 7991 2 1 0
5 79806 22665 0 1 0
5 79806 22665 1 2 0
5 79806 22665 2 3 0
5 79806 29371 0 3 0
5 79806 29371 1 4 0
5 79806 29371 2 1 0
5 79806 19119 0 3 0
5 79806 19119 1 4 0
5 79806 19119 2 1 0
5 79806 539 0 3 0
5 79806 539 1 4 0
5 79806 539 2 1 0
5 79806 4723 0 3 0
5 79806 4723 1 4 0
5 79806 4723 2 1 0
5 79806 10845 0 1 0
5 79806 10845 1 2 0
5 79806 10845 2 3 0
5 79806 18535 0 3 0
5 79806 18535 1 4 0
5 79806 18535 2 1 0
5 79806 29347 0 3 0
5 79806 29347 1 4 0
5 79806 29347 2 1 0
5 79806 29349 0 1 0
5 79806 29349 1 2 0
5 79806 29349 2 3 0
5 79806 6301 0 1 0
5 79806 6301 1 2 0
5 79806 6301 2 3 0
5 79806 4221 0 1 0
5 79806 4221 1 2 0
5 79806 4221 2 3 0
5 79806 1731 0 3 0
5 79806 1731 1 4 0
5 79806 1731 2 1 0
5 79806 7743 0 3 0
5 79806 7743 1 4 0
5 79806 7743 2 1 0
5 79806 32095 0 3 0
5 79806 32095 1 4 0
5 79806 32095 2 1 0
5 79806 31683 0 3 0
5 79806 31683 1 4 0
5 79806 31683 2 1 0
5 79806 1431 0 3 0
5 79806 1431 1 4 0
5 79806 1431 2 1 0
5 79806 7753 0 1 0
5 79806 7753 1 2 0
5 79806 7753 2 3 0
5 79806 11141 0 1 0
5 79806 11141 1 2 0
5 79806 11141 2 3 0
5 79806 19945 0 1 0
5 79806 19945 1 2 0
5 79806 19945 2 3 0
5 79806 17141 0 1 0
5 79806 17141 1 2 0
5 79806 17141 2 3 0
5 79806 1521 0 1 0
5 79806 1521 1 2 0
5 79806 1521 2 3 0
5 79806 22479 0 3 0
5 79806 22479 1 4 0
5 79806 22479 2 1 0
5 79806 11861 0 1 0
5 79806 11861 1 2 0
5 79806 11861 2 3 0
5 79806 1391 0 3 0
5 79806 1391 1 4 0
5 79806 1391 2 1 0
5 79806 19539 0 3 0
5 79806 19539 1 4 0
5 79806 19539 2 1 0
5 79806 415 0 3 0
5 79806 415 1 4 0
5 79806 415 2 1 0
5 79806 17833 0 1 0
5 79806 17833 1 2 0
5 79806 17833 2 3 0
5 79806 31811 0 3 0
5 79806 31811 1 4 0
5 79806 31811 2 1 0
5 79806 1663 0 3 0
5 79806 1663 1 4 0
5 79806 1663 2 1 0
5 79806 6685 0 1 0
5 79806 6685 1 2 0
5 79806 6685 2 3 0
5 79806 25357 0 1 0
5 79806 25357 1 2 0
5 79806 25357 2 3 0
5 79806 24469 0 1 0
5 79806 24469 1 2 0
5 79806 24469 2 3 0
5 79806 3035 0 3 0
5 79806 3035 1 4 0
5 79806 3035 2 1 0
5 79806 1085 0 1 0
5 79806 1085 1 2 0
5 79806 1085 2 3 0
5 79806 13061 0 1 0
5 79806 13061 1 2 0
5 79806 13061 2 3 0
5 79806 6913 0 1 0
5 79806 6913 1 2 0
5 79806 6913 2 3 0
5 79806 3583 0 3 0
5 79806 3583 1 4 0
5 79806 3583 2 1 0
5 79806 23009 0 1 0
5 79806 23009 1 2 0
5 79806 23009 2 3 0
5 79806 13863 0 3 0
5 79806 13863 1 4 0
5 79806 13863 2 1 0
5 79806 21683 0 3 0
5 79806 21683 1 4 0
5 79806 21683 2 1 0
5 79806 22215 0 3 0
5 79806 22215 1 4 0
5 79806 22215 2 1 0
5 79806 18951 0 3 0
5 79806 18951 1 4 0
5 79806 18951 2 1 0
5 79806 7609 0 1 0
5 79806 7609 1 2 0
5 79806 7609 2 3 0
5 79806 30443 0 3 0
5 79806 30443 1 4 0
5 79806 30443 2 1 0
5 79806 6809 0 1 0
5 79806 6809 1 2 0
5 79806 6809 2 3 0
5 79806 19817 0 1 0
5 79806 19817 1 2 0
5 79806 19817 2 3 0
5 79806 18821 0 1 0
5 79806 18821 1 2 0
5 79806 18821 2 3 0
5 79806 12429 0 1 0
5 79806 12429 1 2 0
5 79806 12429 2 3 0
5 79806 7437 0 1 0
5 79806 7437 1 2 0
5 79806 7437 2 3 0
5 79806 25535 0 3 0
5 79806 25535 1 4 0
5 79806 25535 2 1 0
5 79806 17503 0 3 0
5 79806 17503 1 4 0
5 79806 17503 2 1 0
5 79806 32007 0 3 0
5 79806 32007 1 4 0
5 79806 32007 2 1 0
5 79806 3669 0 1 0
5 79806 3669 1 2 0
5 79806 3669 2 3 0
5 79806 2507 0 3 0
5 79806 2507 1 4 0
5 79806 2507 2 1 0
5 79806 20543 0 3 0
5 79806 20543 1 4 0
5 79806 20543 2 1 0
5 79806 13621 0 1 0
5 79806 13621 1 2 0
5 79806 13621 2 3 0
5 79806 29133 0 1 0
5 79806 29133 1 2 0
5 79806 29133 2 3 0
5 79806 6595 0 3 0
5 79806 6595 1 4 0
5 79806 6595 2 1 0
5 79806 16705 0 1 0
5 79806 16705 1 2 0
5 79806 16705 2 3 0
5 79806 32461 0 1 0
5 79806 32461 1 2 0
5 79806 32461 2 3 0
5 79806 23509 0 1 0
5 79806 23509 1 2 0
5 79806 23509 2 3 0
5 79806 32207 0 3 0
5 79806 32207 1 4 0
5 79806 32207 2 1 0
5 79806 7159 0 3 0
5 79806 7159 1 4 0
5 79806 7159 2 1 0
5 79806 4259 0 3 0
5 79806 4259 1 4 0
5 79806 4259 2 1 0
5 79806 2957 0 1 0
5 79806 2957 1 2 0
5 79806 2957 2 3 0
5 79806 26833 0 1 0
5 79806 26833 1 2 0
5 79806 26833 2 3 0
5 79806 5891 0 3 0
5 79806 5891 1 4 0
5 79806 5891 2 1 0
5 79806 2821 0 1 0
5 79806 2821 1 2 0
5 79806 2821 2 3 0
5 79806 20123 0 3 0
5 79806 20123 1 4 0
5 79806 20123 2 1 0
5 79806 1215 0 3 0
5 79806 1215 1 4 0
5 79806 1215 2 1 0
5 79806 30941 0 1 0
5 79806 30941 1 2 0
5 79806 30941 2 3 0
5 79806 17039 0 3 0
5 79806 17039 1 4 0
5 79806 17039 2 1 0
5 79806 16877 0 1 0
5 79806 16877 1 2 0
5 79806 16877 2 3 0
5 79806 12473 0 1 0
5 79806 12473 1 2 0
5 79806 12473 2 3 0
5 79806 991 0 3 0
5 79806 991 1 4 0
5 79806 991 2 1 0
5 79806 4795 0 3 0
5 79806 4795 1 4 0
5 79806 4795 2 1 0
5 79806 31777 0 1 0
5 79806 31777 1 2 0
5 79806 31777 2 3 0
5 79806 24533 0 1 0
5 79806 24533 1 2 0
5 79806 24533 2 3 0
5 79806 5119 0 3 0
5 79806 5119 1 4 0
5 79806 5119 2 1 0
5 79806 7073 0 1 0
5 79806 7073 1 2 0
5 79806 7073 2 3 0
5 79806 7979 0 3 0
5 79806 7979 1 4 0
5 79806 7979 2 1 0
5 79806 12211 0 3 0
5 79806 12211 1 4 0
5 79806 12211 2 1 0
5 79806 26309 0 1 0
5 79806 26309 1 2 0
5 79806 26309 2 3 0
5 79806 11977 0 1 0
5 79806 11977 1 2 0
5 79806 11977 2 3 0
5 79806 29399 0 3 0
5 79806 29399 1 4 0
5 79806 29399 2 1 0
5 79806 22813 0 1 0
5 79806 22813 1 2 0
5 79806 22813 2 3 0
5 79806 26825 0 1 0
5 79806 26825 1 2 0
5 79806 26825 2 3 0
5 79806 16975 0 3 0
5 79806 16975 1 4 0
5 79806 16975 2 1 0
5 79806 2803 0 3 0
5 79806 2803 1 4 0
5 79806 2803 2 1 0
6 79806 7957 0 1 0
6 79806 7957 1 2 0
6 79806 7957 2 3 0
6 79806 9747 0 3 0
6 79806 9747 1 4 0
6 79806 9747 2 1 0
6 79806 30733 0 1 0
6 79806 30733 1 2 0
6 79806 30733 2 3 0
6 79806 28055 0 3 0
6 79806 28055 1 4 0
6 79806 28055 2 1 0
6 79806 2413 0 1 0
6 79806 2413 1 2 0
6 79806 2413 2 3 0
6 79806 11013 0 1 0
6 79806 11013 1 2 0
6 79806 11013 2 3 0
6 79806 11767 0 3 0
6 79806 11767 1 4 0
6 79806 11767 2 1 0
6 79806 11305 0 1 0
6 79806 11305 1 2 0
6 79806 11305 2 3 0
6 79806 23037 0 1 0
6 79806 23037 1 2 0
6 79806 23037 2 3 0
6 79806 10515 0 3 0
6 79806 10515 1 4 0
6 79806 10515 2 1 0
6 79806 16285 0 1 0
6 79806 16285 1 2 0
6 79806 16285 2 3 0
6 79806 11011 0 3 0
6 79806 11011 1 4 0
6 79806 11011 2 1 0
6 79806 24795 0 3 0
6 79806 24795 1 4 0
6 79806 24795 2 1 0
6 79806 3263 0 3 0
6 79806 3263 1 4 0
6 79806 3263 2 1 0
6 79806 24947 0 3 0
6 79806 24947 1 4 0
6 79806 24947 2 1 0
6 79806 13349 0 1 0
6 79806 13349 1 2 0
6 79806 13349 2 3 0
6 79806 13649 0 1 0
6 79806 13649 1 2 0
6 79806 13649 2 3 0
6 79806 5233 0 1 0
6 79806 5233 1 2 0
6 79806 5233 2 3 0
6 79806 3283 0 3 0
6 79806 3283 1 4 0
6 79806 3283 2 1 0
6 79806 641 0 1 0
6 79806 641 1 2 0
6 79806 641 2 3 0
6 79806 14041 0 1 0
6 79806 14041 1 2 0
6 79806 14041 2 3 0
6 79806 20171 0 3 0
6 79806 20171 1 4 0
6 79806 20171 2 1 0
6 79806 4287 0 3 0
6 79806 4287 1 4 0
6 79806 4287 2 1 0
6 79806 10885 0 1 0
6 79806 10885 1 2 0
6 79806 10885 2 3 0
6 79806 27637 0 1 0
6 79806 27637 1 2 0
6 79806 27637 2 3 0
6 79806 27577 0 1 0
6 79806 27577 1 2 0
6 79806 27577 2 3 0
6 79806 26687 0 3 0
6 79806 26687 1 4 0
6 79806 26687 2 1 0
6 79806 431 0 3 0
6 79806 431 1 4 0
6 79806 431 2 1 0
6 79806 16379 0 3 0
6 79806 16379 1 4 0
6 79806 16379 2 1 0
6 79806 4513 0 1 0
6 79806 4513 1 2 0
6 79806 4513 2 3 0
6 79806 2571 0 3 0
6 79806 2571 1 4 0
6 79806 2571 2 1 0
6 79806 27237 0 1 0
6 79806 27237 1 2 0
6 79806 27237 2 3 0
6 79806 27885 0 1 0
6 79806 27885 1 2 0
6 79806 27885 2 3 0
6 79806 23455 0 3 0
6 79806 23455 1 4 0
6 79806 23455 2 1 0
6 79806 32193 0 1 0
6 79806 32193 1 2 0
6 79806 32193 2 3 0
6 79806 12665 0 1 0
6 79806 12665 1 2 0
6 79806 12665 2 3 0
6 79806 9815 0 3 0
6 79806 9815 1 4 0
6 79806 9815 2 1 0
6 79806 20019 0 3 0
6 79806 20019 1 4 0
6 79806 20019 2 1 0
6 79806 21343 0 3 0
6 79806 21343 1 4 0
6 79806 21343 2 1 0
6 79806 19381 0 1 0
6 79806 19381 1 2 0
6 79806 19381 2 3 0
6 79806 24459 0 3 0
6 79806 24459 1 4 0
6 79806 24459 2 1 0
6 79806 6975 0 3 0
6 79806 6975 1 4 0
6 79806 6975 2 1 0
6 79806 27333 0 1 0
6 79806 27333 1 2 0
6 79806 27333 2 3 0
6 79806 22951 0 3 0
6 79806 22951 1 4 0
6 79806 22951 2 1 0
6 79806 3225 0 1 0
6 79806 3225 1 2 0
6 79806 3225 2 3 0
6 79806 14571 0 3 0
6 79806 14571 1 4 0
6 79806 14571 2 1 0
6 79806 23659 0 3 0
6 79806 23659 1 4 0
6 79806 23659 2 1 0
6 79806 16293 0 1 0
6 79806 16293 1 2 0
6 79806 16293 2 3 0
6 79806 3613 0 1 0
6 79806 3613 1 2 0
6 79806 3613 2 3 0
6 79806 8503 0 3 0
6 79806 8503 1 4 0
6 79806 8503 2 1 0
6 79806 5303 0 3 0
6 79806 5303 1 4 0
6 79806 5303 2 1 0
6 79806 26415 0 3 0
6 79806 26415 1 4 0
6 79806 26415 2 1 0
6 79806 19567 0 3 0
6 79806 19567 1 4 0
6 79806 19567 2 1 0
6 79806 28823 0 3 0
6 79806 28823 1 4 0
6 79806 28823 2 1 0
6 79806 23769 0 1 0
6 79806 23769 1 2 0
6 79806 23769 2 3 0
6 79806 7661 0 1 0
6 79806 7661 1 2 0
6 79806 7661 2 3 0
6 79806 31799 0 3 0
6 79806 31799 1 4 0
6 79806 31799 2 1 0
6 79806 17699 0 3 0
6 79806 17699 1 4 0
6 79806 17699 2 1 0
6 79806 7793 0 1 0
6 79806 7793 1 2 0
6 79806 7793 2 3 0
6 79806 7203 0 3 0
6 79806 7203 1 4 0
6 79806 7203 2 1 0
6 79806 4037 0 1 0
6 79806 4037 1 2 0
6 79806 4037 2 3 0
6 79806 28779 0 3 0
6 79806 28779 1 4 0
6 79806 28779 2 1 0
6 79806 26635 0 3 0
6 79806 26635 1 4 0
6 79806 26635 2 1 0
6 79806 14711 0 3 0
6 79806 14711 1 4 0
6 79806 14711 2 1 0
6 79806 17357 0 1 0
6 79806 17357 1 2 0
6 79806 17357 2 3 0
6 79806 9101 0 1 0
6 79806 9101 1 2 0
6 79806 9101 2 3 0
6 79806 25641 0 1 0
6 79806 25641 1 2 0
6 79806 25641 2 3 0
6 79806 14757 0 1 0
6 79806 14757 1 2 0
6 79806 14757 2 3 0
6 79806 18029 0 1 0
6 79806 18029 1 2 0
6 79806 18029 2 3 0
6 79806 11927 0 3 0
6 79806 11927 1 4 0
6 79806 11927 2 1 0
6 79806 25443 0 3 0
6 79806 25443 1 4 0
6 79806 25443 2 1 0
6 79806 15109 0 1 0
6 79806 15109 1 2 0
6 79806 15109 2 3 0
6 79806 13427 0 3 0
6 79806 13427 1 4 0
6 79806 13427 2 1 0
6 79806 821 0 1 0
6 79806 821 1 2 0
6 79806 821 2 3 0
6 79806 27389 0 1 0
6 79806 27389 1 2 0
6 79806 27389 2 3 0
6 79806 4593 0 1 0
6 79806 4593 1 2 0
6 79806 4593 2 3 0
6 79806 15421 0 1 0
6 79806 15421 1 2 0
6 79806 15421 2 3 0
6 79806 18891 0 3 0
6 79806 18891 1 4 0
6 79806 18891 2 1 0
6 79806 14909 0 1 0
6 79806 14909 1 2 0
6 79806 14909 2 3 0
6 79806 9897 0 1 0
6 79806 9897 1 2 0
6 79806 9897 2 3 0
6 79806 9399 0 3 0
6 79806 9399 1 4 0
6 79806 9399 2 1 0
6 79806 19235 0 3 0
6 79806 19235 1 4 0
6 79806 19235 2 1 0
6 79806 27169 0 1 0
6 79806 27169 1 2 0
6 79806 27169 2 3 0
6 79806 25837 0 1 0
6 79806 25837 1 2 0
6 79806 25837 2 3 0
6 79806 21959 0 3 0
6 79806 21959 1 4 0
6 79806 21959 2 1 0
6 79806 8897 0 1 0
6 79806 8897 1 2 0
6 79806 8897 2 3 0
6 79806 26535 0 3 0
6 79806 26535 1 4 0
6 79806 26535 2 1 0
6 79806 31499 0 3 0
6 79806 31499 1 4 0
6 79806 31499 2 1 0
6 79806 28653 0 1 0
6 79806 28653 1 2 0
6 79806 28653 2 3 0
6 79806 5397 0 1 0
6 79806 5397 1 2 0
6 79806 5397 2 3 0
6 79806 15967 0 3 0
6 79806 15967 1 4 0
6 79806 15967 2 1 0
6 79806 22345 0 1 0
6 79806 22345 1 2 0
6 79806 22345 2 3 0
6 79806 26733 0 1 0
6 79806 26733 1 2 0
6 79806 26733 2 3 0
6 79806 27583 0 3 0
6 79806 27583 1 4 0
6 79806 27583 2 1 0
6 79806 18649 0 1 0
6 79806 18649 1 2 0
6 79806 18649 2 3 0
6 79806 647 0 3 0
6 79806 647 1 4 0
6 79806 647 2 1 0
6 79806 16181 0 1 0
6 79806 16181 1 2 0
6 79806 16181 2 3 0
6 79806 4467 0 3 0
6 79806 4467 1 4 0
6 79806 4467 2 1 0
6 79806 31347 0 3 0
6 79806 31347 1 4 0
6 79806 31347 2 1 0
6 79806 25859 0 3 0
6 79806 25859 1 4 0
6 79806 25859 2 1 0
6 79806 11447 0 3 0
6 79806 11447 1 4 0
6 79806 11447 2 1 0
6 79806 17067 0 3 0
6 79806 17067 1 4 0
6 79806 17067 2 1 0
6 79806 13557 0 1 0
6 79806 13557 1 2 0
6 79806 13557 2 3 0
6 79806 7561 0 1 0
6 79806 7561 1 2 0
6 79806 7561 2 3 0
6 79806 24439 0 3 0
6 79806 24439 1 4 0
6 79806 24439 2 1 0
6 79806 22451 0 3 0
6 79806 22451 1 4 0
6 79806 22451 2 1 0
6 79806 11895 0 3 0
6 79806 11895 1 4 0
6 79806 11895 2 1 0
6 79806 3495 0 3 0
6 79806 3495 1 4 0
6 79806 3495 2 1 0
6 79806 18759 0 3 0
6 79806 18759 1 4 0
6 79806 18759 2 1 0
6 79806 6875 0 3 0
6 79806 6875 1 4 0
6 79806 6875 2 1 0
6 79806 9247 0 3 0
6 79806 9247 1 4 0
6 79806 9247 2 1 0
6 79806 9607 0 3 0
6 79806 9607 1 4 0
6 79806 9607 2 1 0
6 79806 21305 0 1 0
6 79806 21305 1 2 0
6 79806 21305 2 3 0
6 79806 19181 0 1 0
6 79806 19181 1 2 0
6 79806 19181 2 3 0
6 79806 31357 0 1 0
6 79806 31357 1 2 0
6 79806 31357 2 3 0
6 79806 11599 0 3 0
6 79806 11599 1 4 0
6 79806 11599 2 1 0
6 79806 11403 0 3 0
6 79806 11403 1 4 0
6 79806 11403 2 1 0
6 79806 17375 0 3 0
6 79806 17375 1 4 0
6 79806 17375 2 1 0
6 79806 29563 0 3 0
6 79806 29563 1 4 0
6 79806 29563 2 1 0
6 79806 18753 0 1 0
6 79806 18753 1 2 0
6 79806 18753 2 3 0
6 79806 7241 0 1 0
6 79806 7241 1 2 0
6 79806 7241 2 3 0
6 79806 131 0 3 0
6 79806 131 1 4 0
6 79806 131 2 1 0
6 79806 4475 0 3 0
6 79806 4475 1 4 0
6 79806 4475 2 1 0
6 79806 23053 0 1 0
6 79806 23053 1 2 0
6 79806 23053 2 3 0
6 79806 28241 0 1 0
6 79806 28241 1 2 0
6 79806 28241 2 3 0
6 79806 20821 0 1 0
6 79806 20821 1 2 0
6 79806 20821 2 3 0
6 79806 24629 0 1 0
6 79806 24629 1 2 0
6 79806 24629 2 3 0
6 79806 11143 0 3 0
6 79806 11143 1 4 0
6 79806 11143 2 1 0
6 79806 21801 0 1 0
6 79806 21801 1 2 0
6 79806 21801 2 3 0
6 79806 27161 0 1 0
6 79806 27161 1 2 0
6 79806 27161 2 3 0
6 79806 3385 0 1 0
6 79806 3385 1 2 0
6 79806 3385 2 3 0
6 79806 20135 0 3 0
6 79806 20135 1 4 0
6 79806 20135 2 1 0
6 79806 4021 0 1 0
6 79806 4021 1 2 0
6 79806 4021 2 3 0
6 79806 24231 0 3 0
6 79806 24231 1 4 0
6 79806 24231 2 1 0
6 79806 15361 0 1 0
6 79806 15361 1 2 0
6 79806 15361 2 3 0
6 79806 1491 0 3 0
6 79806 1491 1 4 0
6 79806 1491 2 1 0
6 79806 9799 0 3 0
6 79806 9799 1 4 0
6 79806 9799 2 1 0
6 79806 23551 0 3 0
6 79806 23551 1 4 0
6 79806 23551 2 1 0
6 79806 11351 0 3 0
6 79806 11351 1 4 0
6 79806 11351 2 1 0
6 79806 13981 0 1 0
6 79806 13981 1 2 0
6 79806 13981 2 3 0
6 79806 759 0 3 0
6 79806 759 1 4 0
6 79806 759 2 1 0
6 79806 28595 0 3 0
6 79806 28595 1 4 0
6 79806 28595 2 1 0
6 79806 23851 0 3 0
6 79806 23851 1 4 0
6 79806 23851 2 1 0
6 79806 12123 0 3 0
6 79806 12123 1 4 0
6 79806 12123 2 1 0
6 79806 31087 0 3 0
6 79806 31087 1 4 0
6 79806 31087 2 1 0
6 79806 28859 0 3 0
6 79806 28859 1 4 0
6 79806 28859 2 1 0
6 79806 6105 0 1 0
6 79806 6105 1 2 0
6 79806 6105 2 3 0
6 79806 26711 0 3 0
6 79806 26711 1 4 0
6 79806 26711 2 1 0
6 79806 17521 0 1 0
6 79806 17521 1 2 0
6 79806 17521 2 3 0
6 79806 2053 0 1 0
6 79806 2053 1 2 0
6 79806 2053 2 3 0
6 79806 25317 0 1 0
6 79806 25317 1 2 0
6 79806 25317 2 3 0
6 79806 22055 0 3 0
6 79806 22055 1 4 0
6 79806 22055 2 1 0
6 79806 27677 0 1 0
6 79806 27677 1 2 0
6 79806 27677 2 3 0
6 79806 22333 0 1 0
6 79806 22333 1 2 0
6 79806 22333 2 3 0
6 79806 18931 0 3 0
6 79806 18931 1 4 0
6 79806 18931 2 1 0
6 79806 32485 0 1 0
6 79806 32485 1 2 0
6 79806 32485 2 3 0
6 79806 6147 0 3 0
6 79806 6147 1 4 0
6 79806 6147 2 1 0
6 79806 15505 0 1 0
6 79806 15505 1 2 0
6 79806 15505 2 3 0
6 79806 12009 0 1 0
6 79806 12009 1 2 0
6 79806 12009 2 3 0
6 79806 21509 0 1 0
6 79806 21509 1 2 0
6 79806 21509 2 3 0
6 79806 22597 0 1 0
6 79806 22597 1 2 0
6 79806 22597 2 3 0
6 79806 30919 0 3 0
6 79806 30919 1 4 0
6 79806 30919 2 1 0
6 79806 16477 0 1 0
6 79806 16477 1 2 0
6 79806 16477 2 3 0
6 79806 4307 0 3 0
6 79806 4307 1 4 0
6 79806 4307 2 1 0
6 79806 8203 0 3 0
6 79806 8203 1 4 0
6 79806 8203 2 1 0
6 79806 20805 0 1 0
6 79806 20805 1 2 0
6 79806 20805 2 3 0
6 79806 19881 0 1 0
6 79806 19881 1 2 0
6 79806 19881 2 3 0
6 79806 23809 0 1 0
6 79806 23809 1 2 0
6 79806 23809 2 3 0
6 79806 1805 0 1 0
6 79806 1805 1 2 0
6 79806 1805 2 3 0
6 79806 10853 0 1 0
6 79806 10853 1 2 0
6 79806 10853 2 3 0
6 79806 28935 0 3 0
6 79806 28935 1 4 0
6 79806 28935 2 1 0
6 79806 2713 0 1 0
6 79806 2713 1 2 0
6 79806 2713 2 3 0
6 79806 14931 0 3 0
6 79806 14931 1 4 0
6 79806 14931 2 1 0
6 79806 5765 0 1 0
6 79806 5765 1 2 0
6 79806 5765 2 3 0
6 79806 3965 0 1 0
6 79806 3965 1 2 0
6 79806 3965 2 3 0
6 79806 29583 0 3 0
6 79806 29583 1 4 0
6 79806 29583 2 1 0
6 79806 12121 0 1 0
6 79806 12121 1 2 0
6 79806 12121 2 3 0
6 79806 25547 0 3 0
6 79806 25547 1 4 0
6 79806 25547 2 1 0
6 79806 663 0 3 0
6 79806 663 1 4 0
6 79806 663 2 1 0
6 79806 27823 0 3 0
6 79806 27823 1 4 0
6 79806 27823 2 1 0
6 79806 26213 0 1 0
6 79806 26213 1 2 0
6 79806 26213 2 3 0
6 79806 16313 0 1 0
6 79806 16313 1 2 0
6 79806 16313 2 3 0
6 79806 5963 0 3 0
6 79806 5963 1 4 0
6 79806 5963 2 1 0
6 79806 13171 0 3 0
6 79806 13171 1 4 0
6 79806 13171 2 1 0
6 79806 12369 0 1 0
6 79806 12369 1 2 0
6 79806 12369 2 3 0
6 79806 29939 0 3 0
6 79806 29939 1 4 0
6 79806 29939 2 1 0
6 79806 23047 0 3 0
6 79806 23047 1 4 0
6 79806 23047 2 1 0
6 79806 29537 0 1 0
6 79806 29537 1 2 0
6 79806 29537 2 3 0
6 79806 2557 0 1 0
6 79806 2557 1 2 0
6 79806 2557 2 3 0
6 79806 19951 0 3 0
6 79806 19951 1 4 0
6 79806 19951 2 1 0
6 79806 22187 0 3 0
6 79806 22187 1 4 0
6 79806 22187 2 1 0
6 79806 29259 0 3 0
6 79806 29259 1 4 0
6 79806 29259 2 1 0
6 79806 27075 0 3 0
6 79806 27075 1 4 0
6 79806 27075 2 1 0
6 79806 5759 0 3 0
6 79806 5759 1 4 0
6 79806 5759 2 1 0
6 79806 28875 0 3 0
6 79806 28875 1 4 0
6 79806 28875 2 1 0
6 79806 12603 0 3 0
6 79806 12603 1 4 0
6 79806 12603 2 1 0
6 79806 25113 0 1 0
6 79806 25113 1 2 0
6 79806 25113 2 3 0
6 79806 29589 0 1 0
6 79806 29589 1 2 0
6 79806 29589 2 3 0
6 79806 28133 0 1 0
6 79806 28133 1 2 0
6 79806 28133 2 3 0
6 79806 3993 0 1 0
6 79806 3993 1 2 0
6 79806 3993 2 3 0
6 79806 26499 0 3 0
6 79806 26499 1 4 0
6 79806 26499 2 1 0
6 79806 21877 0 1 0
6 79806 21877 1 2 0
6 79806 21877 2 3 0
6 79806 30731 0 3 0
6 79806 30731 1 4 0
6 79806 30731 2 1 0
6 79806 12569 0 1 0
6 79806 12569 1 2 0
6 79806 12569 2 3 0
6 79806 4733 0 1 0
6 79806 4733 1 2 0
6 79806 4733 2 3 0
6 79806 1217 0 1 0
6 79806 1217 1 2 0
6 79806 1217 2 3 0
6 79806 21073 0 1 0
6 79806 21073 1 2 0
6 79806 21073 2 3 0
6 79806 815 0 3 0
6 79806 815 1 4 0
6 79806 815 2 1 0
6 79806 24805 0 1 0
6 79806 24805 1 2 0
6 79806 24805 2 3 0
6 79806 465 0 1 0
6 79806 465 1 2 0
6 79806 465 2 3 0
6 79806 1863 0 3 0
6 79806 1863 1 4 0
6 79806 1863 2 1 0
6 79806 14901 0 1 0
6 79806 14901 1 2 0
6 79806 14901 2 3 0
6 79806 11715 0 3 0
6 79806 11715 1 4 0
6 79806 11715 2 1 0
6 79806 11089 0 1 0
6 79806 11089 1 2 0
6 79806 11089 2 3 0
6 79806 16921 0 1 0
6 79806 16921 1 2 0
6 79806 16921 2 3 0
6 79806 7801 0 1 0
6 79806 7801 1 2 0
6 79806 7801 2 3 0
6 79806 8671 0 3 0
6 79806 8671 1 4 0
6 79806 8671 2 1 0
6 79806 5525 0 1 0
6 79806 5525 1 2 0
6 79806 5525 2 3 0
6 79806 7807 0 3 0
6 79806 7807 1 4 0
6 79806 7807 2 1 0
6 79806 16881 0 1 0
6 79806 16881 1 2 0
6 79806 16881 2 3 0
6 79806 461 0 1 0
6 79806 461 1 2 0
6 79806 461 2 3 0
6 79806 4605 0 1 0
6 79806 4605 1 2 0
6 79806 4605 2 3 0
6 79806 8789 0 1 0
6 79806 8789 1 2 0
6 79806 8789 2 3 0
6 79806 2123 0 3 0
6 79806 2123 1 4 0
6 79806 2123 2 1 0
6 79806 3951 0 3 0
6 79806 3951 1 4 0
6 79806 3951 2 1 0
6 79806 13779 0 3 0
6 79806 13779 1 4 0
6 79806 13779 2 1 0
6 79806 9365 0 1 0
6 79806 9365 1 2 0
6 79806 9365 2 3 0
6 79806 28073 0 1 0
6 79806 28073 1 2 0
6 79806 28073 2 3 0
6 79806 31525 0 1 0
6 79806 31525 1 2 0
6 79806 31525 2 3 0
6 79806 23393 0 1 0
6 79806 23393 1 2 0
6 79806 23393 2 3 0
6 79806 17997 0 1 0
6 79806 17997 1 2 0
6 79806 17997 2 3 0
6 79806 14027 0 3 0
6 79806 14027 1 4 0
6 79806 14027 2 1 0
6 79806 3055 0 3 0
6 79806 3055 1 4 0
6 79806 3055 2 1 0
6 79806 6317 0 1 0
6 79806 6317 1 2 0
6 79806 6317 2 3 0
6 79806 5163 0 3 0
6 79806 5163 1 4 0
6 79806 5163 2 1 0
6 79806 7277 0 1 0
6 79806 7277 1 2 0
6 79806 7277 2 3 0
6 79806 1545 0 1 0
6 79806 1545 1 2 0
6 79806 1545 2 3 0
6 79806 501 0 1 0
6 79806 501 1 2 0
6 79806 501 2 3 0
6 79806 17665 0 1 0
6 79806 17665 1 2 0
6 79806 17665 2 3 0
6 79806 14563 0 3 0
6 79806 14563 1 4 0
6 79806 14563 2 1 0
6 79806 8969 0 1 0
6 79806 8969 1 2 0
6 79806 8969 2 3 0
6 79806 17623 0 3 0
6 79806 17623 1 4 0
6 79806 17623 2 1 0
6 79806 9069 0 1 0
6 79806 9069 1 2 0
6 79806 9069 2 3 0
6 79806 12117 0 1 0
6 79806 12117 1 2 0
6 79806 12117 2 3 0
6 79806 10637 0 1 0
6 79806 10637 1 2 0
6 79806 10637 2 3 0
6 79806 32659 0 3 0
6 79806 32659 1 4 0
6 79806 32659 2 1 0
6 79806 19211 0 3 0
6 79806 19211 1 4 0
6 79806 19211 2 1 0
6 79806 17769 0 1 0
6 79806 17769 1 2 0
6 79806 17769 2 3 0
6 79806 7579 0 3 0
6 79806 7579 1 4 0
6 79806 7579 2 1 0
6 79806 16957 0 1 0
6 79806 16957 1 2 0
6 79806 16957 2 3 0
6 79806 589 0 1 0
6 79806 589 1 2 0
6 79806 589 2 3 0
6 79806 20471 0 3 0
6 79806 20471 1 4 0
6 79806 20471 2 1 0
6 79806 21353 0 1 0
6 79806 21353 1 2 0
6 79806 21353 2 3 0
6 79806 19479 0 3 0
6 79806 19479 1 4 0
6 79806 19479 2 1 0
6 79806 7379 0 3 0
6 79806 7379 1 4 0
6 79806 7379 2 1 0
6 79806 31587 0 3 0
6 79806 31587 1 4 0
6 79806 31587 2 1 0
6 79806 17553 0 1 0
6 79806 17553 1 2 0
6 79806 17553 2 3 0
6 79806 23583 0 3 0
6 79806 23583 1 4 0
6 79806 23583 2 1 0
6 79806 16933 0 1 0
6 79806 16933 1 2 0
6 79806 16933 2 3 0
6 79806 1241 0 1 0
6 79806 1241 1 2 0
6 79806 1241 2 3 0
6 79806 29253 0 1 0
6 79806 29253 1 2 0
6 79806 29253 2 3 0
6 79806 8763 0 3 0
6 79806 8763 1 4 0
6 79806 8763 2 1 0
6 79806 10195 0 3 0
6 79806 10195 1 4 0
6 79806 10195 2 1 0
6 79806 6525 0 1 0
6 79806 6525 1 2 0
6 79806 6525 2 3 0
6 79806 14697 0 1 0
6 79806 14697 1 2 0
6 79806 14697 2 3 0
6 79806 6665 0 1 0
6 79806 6665 1 2 0
6 79806 6665 2 3 0
6 79806 27395 0 3 0
6 79806 27395 1 4 0
6 79806 27395 2 1 0
6 79806 1411 0 3 0
6 79806 1411 1 4 0
6 79806 1411 2 1 0
6 79806 2333 0 1 0
6 79806 2333 1 2 0
6 79806 2333 2 3 0
6 79806 14885 0 1 0
6 79806 14885 1 2 0
6 79806 14885 2 3 0
6 79806 5459 0 3 0
6 79806 5459 1 4 0
6 79806 5459 2 1 0
6 79806 14731 0 3 0
6 79806 14731 1 4 0
6 79806 14731 2 1 0
6 79806 29201 0 1 0
6 79806 29201 1 2 0
6 79806 29201 2 3 0
6 79806 29385 0 1 0
6 79806 29385 1 2 0
6 79806 29385 2 3 0
6 79806 7501 0 1 0
6 79806 7501 1 2 0
6 79806 7501 2 3 0
6 79806 26277 0 1 0
6 79806 26277 1 2 0
6 79806 26277 2 3 0
6 79806 3859 0 3 0
6 79806 3859 1 4 0
6 79806 3859 2 1 0
6 79806 22387 0 3 0
6 79806 22387 1 4 0
6 79806 22387 2 1 0
6 79806 13157 0 1 0
6 79806 13157 1 2 0
6 79806 13157 2 3 0
6 79806 12501 0 1 0
6 79806 12501 1 2 0
6 79806 12501 2 3 0
6 79806 10021 0 1 0
6 79806 10021 1 2 0
6 79806 10021 2 3 0
6 79806 5977 0 1 0
6 79806 5977 1 2 0
6 79806 5977 2 3 0
6 79806 16571 0 3 0
6 79806 16571 1 4 0
6 79806 16571 2 1 0
6 79806 9679 0 3 0
6 79806 9679 1 4 0
6 79806 9679 2 1 0
6 79806 24801 0 1 0
6 79806 24801 1 2 0
6 79806 24801 2 3 0
6 79806 29345 0 1 0
6 79806 29345 1 2 0
6 79806 29345 2 3 0
6 79806 5591 0 3 0
6 79806 5591 1 4 0
6 79806 5591 2 1 0
6 79806 16853 0 1 0
6 79806 16853 1 2 0
6 79806 16853 2 3 0
6 79806 16403 0 3 0
6 79806 16403 1 4 0
6 79806 16403 2 1 0
6 79806 9005 0 1 0
6 79806 9005 1 2 0
6 79806 9005 2 3 0
6 79806 20701 0 1 0
6 79806 20701 1 2 0
6 79806 20701 2 3 0
6 79806 24949 0 1 0
6 79806 24949 1 2 0
6 79806 24949 2 3 0
6 79806 30311 0 3 0
6 79806 30311 1 4 0
6 79806 30311 2 1 0
6 79806 25135 0 3 0
6 79806 25135 1 4 0
6 79806 25135 2 1 0
6 79806 7463 0 3 0
6 79806 7463 1 4 0
6 79806 7463 2 1 0
6 79806 1043 0 3 0
6 79806 1043 1 4 0
6 79806 1043 2 1 0
6 79806 15291 0 3 0
6 79806 15291 1 4 0
6 79806 15291 2 1 0
6 79806 6195 0 3 0
6 79806 6195 1 4 0
6 79806 6195 2 1 0
6 79806 9397 0 1 0
6 79806 9397 1 2 0
6 79806 9397 2 3 0
6 79806 19023 0 3 0
6 79806 19023 1 4 0
6 79806 19023 2 1 0
6 79806 15799 0 3 0
6 79806 15799 1 4 0
6 79806 15799 2 1 0
6 79806 32399 0 3 0
6 79806 32399 1 4 0
6 79806 32399 2 1 0
6 79806 20083 0 3 0
6 79806 20083 1 4 0
6 79806 20083 2 1 0
6 79806 7195 0 3 0
6 79806 7195 1 4 0
6 79806 7195 2 1 0
6 79806 21313 0 1 0
6 79806 21313 1 2 0
6 79806 21313 2 3 0
6 79806 32527 0 3 0
6 79806 32527 1 4 0
6 79806 32527 2 1 0
6 79806 4571 0 3 0
6 79806 4571 1 4 0
6 79806 4571 2 1 0
6 79806 20341 0 1 0
6 79806 20341 1 2 0
6 79806 20341 2 3 0
6 79806 16845 0 1 0
6 79806 16845 1 2 0
6 79806 16845 2 3 0
6 79806 16767 0 3 0
6 79806 16767 1 4 0
6 79806 16767 2 1 0
6 79806 7475 0 3 0
6 79806 7475 1 4 0
6 79806 7475 2 1 0
6 79806 3719 0 3 0
6 79806 3719 1 4 0
6 79806 3719 2 1 0
6 79806 15031 0 3 0
6 79806 15031 1 4 0
6 79806 15031 2 1 0
6 79806 13549 0 1 0
6 79806 13549 1 2 0
6 79806 13549 2 3 0
6 79806 12029 0 1 0
6 79806 12029 1 2 0
6 79806 12029 2 3 0
6 79806 27007 0 3 0
6 79806 27007 1 4 0
6 79806 27007 2 1 0
6 79806 16191 0 3 0
6 79806 16191 1 4 0
6 79806 16191 2 1 0
6 79806 2191 0 3 0
6 79806 2191 1 4 0
6 79806 2191 2 1 0
6 79806 16569 0 1 0
6 79806 16569 1 2 0
6 79806 16569 2 3 0
6 79806 17139 0 3 0
6 79806 17139 1 4 0
6 79806 17139 2 1 0
6 79806 27227 0 3 0
6 79806 27227 1 4 0
6 79806 27227 2 1 0
6 79806 3293 0 1 0
6 79806 3293 1 2 0
6 79806 3293 2 3 0
6 79806 24113 0 1 0
6 79806 24113 1 2 0
6 79806 24113 2 3 0
6 79806 2947 0 3 0
6 79806 2947 1 4 0
6 79806 2947 2 1 0
6 79806 15445 0 1 0
6 79806 15445 1 2 0
6 79806 15445 2 3 0
6 79806 23011 0 3 0
6 79806 23011 1 4 0
6 79806 23011 2 1 0
6 79806 30803 0 3 0
6 79806 30803 1 4 0
6 79806 30803 2 1 0
6 79806 13435 0 3 0
6 79806 13435 1 4 0
6 79806 13435 2 1 0
6 79806 19971 0 3 0
6 79806 19971 1 4 0
6 79806 19971 2 1 0
6 79806 7103 0 3 0
6 79806 7103 1 4 0
6 79806 7103 2 1 0
6 79806 15171 0 3 0
6 79806 15171 1 4 0
6 79806 15171 2 1 0
6 79806 8413 0 1 0
6 79806 8413 1 2 0
6 79806 8413 2 3 0
6 79806 30881 0 1 0
6 79806 30881 1 2 0
6 79806 30881 2 3 0
6 79806 8921 0 1 0
6 79806 8921 1 2 0
6 79806 8921 2 3 0
6 79806 177 0 1 0
6 79806 177 1 2 0
6 79806 177 2 3 0
6 79806 27195 0 3 0
6 79806 27195 1 4 0
6 79806 27195 2 1 0
6 79806 5925 0 1 0
6 79806 5925 1 2 0
6 79806 5925 2 3 0
6 79806 6343 0 3 0
6 79806 6343 1 4 0
6 79806 6343 2 1 0
6 79806 28909 0 1 0
6 79806 28909 1 2 0
6 79806 28909 2 3 0
6 79806 15711 0 3 0
6 79806 15711 1 4 0
6 79806 15711 2 1 0
6 79806 20225 0 1 0
6 79806 20225 1 2 0
6 79806 20225 2 3 0
6 79806 23449 0 1 0
6 79806 23449 1 2 0
6 79806 23449 2 3 0
6 79806 32713 0 1 0
6 79806 32713 1 2 0
6 79806 32713 2 3 0
6 79806 32269 0 1 0
6 79806 32269 1 2 0
6 79806 32269 2 3 0
6 79806 17693 0 1 0
6 79806 17693 1 2 0
6 79806 17693 2 3 0
6 79806 23075 0 3 0
6 79806 23075 1 4 0
6 79806 23075 2 1 0
6 79806 4317 0 1 0
6 79806 4317 1 2 0
6 79806 4317 2 3 0
6 79806 7861 0 1 0
6 79806 7861 1 2 0
6 79806 7861 2 3 0
6 79806 31581 0 1 0
6 79806 31581 1 2 0
6 79806 31581 2 3 0
6 79806 11737 0 1 0
6 79806 11737 1 2 0
6 79806 11737 2 3 0
6 79806 8385 0 1 0
6 79806 8385 1 2 0
6 79806 8385 2 3 0
6 79806 16581 0 1 0
6 79806 16581 1 2 0
6 79806 16581 2 3 0
6 79806 4471 0 3 0
6 79806 4471 1 4 0
6 79806 4471 2 1 0
6 79806 4923 0 3 0
6 79806 4923 1 4 0
6 79806 4923 2 1 0
6 79806 18147 0 3 0
6 79806 18147 1 4 0
6 79806 18147 2 1 0
6 79806 9415 0 3 0
6 79806 9415 1 4 0
6 79806 9415 2 1 0
6 79806 14937 0 1 0
6 79806 14937 1 2 0
6 79806 14937 2 3 0
6 79806 25363 0 3 0
6 79806 25363 1 4 0
6 79806 25363 2 1 0
6 79806 7179 0 3 0
6 79806 7179 1 4 0
6 79806 7179 2 1 0
6 79806 25977 0 1 0
6 79806 25977 1 2 0
6 79806 25977 2 3 0
6 79806 23329 0 1 0
6 79806 23329 1 2 0
6 79806 23329 2 3 0
6 79806 27589 0 1 0
6 79806 27589 1 2 0
6 79806 27589 2 3 0
6 79806 19329 0 1 0
6 79806 19329 1 2 0
6 79806 19329 2 3 0
6 79806 4171 0 3 0
6 79806 4171 1 4 0
6 79806 4171 2 1 0
6 79806 17419 0 3 0
6 79806 17419 1 4 0
6 79806 17419 2 1 0
6 79806 18013 0 1 0
6 79806 18013 1 2 0
6 79806 18013 2 3 0
6 79806 24227 0 3 0
6 79806 24227 1 4 0
6 79806 24227 2 1 0
6 79806 14181 0 1 0
6 79806 14181 1 2 0
6 79806 14181 2 3 0
6 79806 31001 0 1 0
6 79806 31001 1 2 0
6 79806 31001 2 3 0
6 79806 4815 0 3 0
6 79806 4815 1 4 0
6 79806 4815 2 1 0
6 79806 3725 0 1 0
6 79806 3725 1 2 0
6 79806 3725 2 3 0
6 79806 27473 0 1 0
6 79806 27473 1 2 0
6 79806 27473 2 3 0
6 79806 12475 0 3 0
6 79806 12475 1 4 0
6 79806 12475 2 1 0
6 79806 1979 0 3 0
6 79806 1979 1 4 0
6 79806 1979 2 1 0
6 79806 28017 0 1 0
6 79806 28017 1 2 0
6 79806 28017 2 3 0
6 79806 25729 0 1 0
6 79806 25729 1 2 0
6 79806 25729 2 3 0
6 79806 6293 0 1 0
6 79806 6293 1 2 0
6 79806 6293 2 3 0
6 79806 21531 0 3 0
6 79806 21531 1 4 0
6 79806 21531 2 1 0
6 79806 31469 0 1 0
6 79806 31469 1 2 0
6 79806 31469 2 3 0
6 79806 12287 0 3 0
6 79806 12287 1 4 0
6 79806 12287 2 1 0
6 79806 23407 0 3 0
6 79806 23407 1 4 0
6 79806 23407 2 1 0
6 79806 7987 0 3 0
6 79806 7987 1 4 0
6 79806 7987 2 1 0
6 79806 17621 0 1 0
6 79806 17621 1 2 0
6 79806 17621 2 3 0
6 79806 26565 0 1 0
6 79806 26565 1 2 0
6 79806 26565 2 3 0
6 79806 9613 0 1 0
6 79806 9613 1 2 0
6 79806 9613 2 3 0
6 79806 31447 0 3 0
6 79806 31447 1 4 0
6 79806 31447 2 1 0
6 79806 19843 0 3 0
6 79806 19843 1 4 0
6 79806 19843 2 1 0
6 79806 11813 0 1 0
6 79806 11813 1 2 0
6 79806 11813 2 3 0
6 79806 24597 0 1 0
6 79806 24597 1 2 0
6 79806 24597 2 3 0
6 79806 21891 0 3 0
6 79806 21891 1 4 0
6 79806 21891 2 1 0
6 79806 29693 0 1 0
6 79806 29693 1 2 0
6 79806 29693 2 3 0
6 79806 2495 0 3 0
6 79806 2495 1 4 0
6 79806 2495 2 1 0
6 79806 595 0 3 0
6 79806 595 1 4 0
6 79806 595 2 1 0
6 79806 5115 0 3 0
6 79806 5115 1 4 0
6 79806 5115 2 1 0
6 79806 18721 0 1 0
6 79806 18721 1 2 0
6 79806 18721 2 3 0
6 79806 23135 0 3 0
6 79806 23135 1 4 0
6 79806 23135 2 1 0
6 79806 4857 0 1 0
6 79806 4857 1 2 0
6 79806 4857 2 3 0
6 79806 13843 0 3 0
6 79806 13843 1 4 0
6 79806 13843 2 1 0
6 79806 29397 0 1 0
6 79806 29397 1 2 0
6 79806 29397 2 3 0
6 79806 6869 0 1 0
6 79806 6869 1 2 0
6 79806 6869 2 3 0
6 79806 16019 0 3 0
6 79806 16019 1 4 0
6 79806 16019 2 1 0
6 79806 22459 0 3 0
6 79806 22459 1 4 0
6 79806 22459 2 1 0
6 79806 17781 0 1 0
6 79806 17781 1 2 0
6 79806 17781 2 3 0
6 79806 14387 0 3 0
6 79806 14387 1 4 0
6 79806 14387 2 1 0
6 79806 21695 0 3 0
6 79806 21695 1 4 0
6 79806 21695 2 1 0
6 79806 26301 0 1 0
6 79806 26301 1 2 0
6 79806 26301 2 3 0
6 79806 24835 0 3 0
6 79806 24835 1 4 0
6 79806 24835 2 1 0
6 79806 893 0 1 0
6 79806 893 1 2 0
6 79806 893 2 3 0
6 79806 21569 0 1 0
6 79806 21569 1 2 0
6 79806 21569 2 3 0
6 79806 11415 0 3 0
6 79806 11415 1 4 0
6 79806 11415 2 1 0
6 79806 19155 0 3 0
6 79806 19155 1 4 0
6 79806 19155 2 1 0
6 79806 11301 0 1 0
6 79806 11301 1 2 0
6 79806 11301 2 3 0
6 79806 10119 0 3 0
6 79806 10119 1 4 0
6 79806 10119 2 1 0
6 79806 1257 0 1 0
6 79806 1257 1 2 0
6 79806 1257 2 3 0
6 79806 31671 0 3 0
6 79806 31671 1 4 0
6 79806 31671 2 1 0
6 79806 17369 0 1 0
6 79806 17369 1 2 0
6 79806 17369 2 3 0
6 79806 579 0 3 0
6 79806 579 1 4 0
6 79806 579 2 1 0
6 79806 9419 0 3 0
6 79806 9419 1 4 0
6 79806 9419 2 1 0
6 79806 15205 0 1 0
6 79806 15205 1 2 0
6 79806 15205 2 3 0
6 79806 7111 0 3 0
6 79806 7111 1 4 0
6 79806 7111 2 1 0
6 79806 23307 0 3 0
6 79806 23307 1 4 0
6 79806 23307 2 1 0
6 79806 2283 0 3 0
6 79806 2283 1 4 0
6 79806 2283 2 1 0
6 79806 23117 0 1 0
6 79806 23117 1 2 0
6 79806 23117 2 3 0
6 79806 18939 0 3 0
6 79806 18939 1 4 0
6 79806 18939 2 1 0
6 79806 16493 0 1 0
6 79806 16493 1 2 0
6 79806 16493 2 3 0
6 79806 21229 0 1 0
6 79806 21229 1 2 0
6 79806 21229 2 3 0
6 79806 2269 0 1 0
6 79806 2269 1 2 0
6 79806 2269 2 3 0
6 79806 29677 0 1 0
6 79806 29677 1 2 0
6 79806 29677 2 3 0
6 79806 30817 0 1 0
6 79806 30817 1 2 0
6 79806 30817 2 3 0
6 79806 779 0 3 0
6 79806 779 1 4 0
6 79806 779 2 1 0
6 79806 19573 0 1 0
6 79806 19573 1 2 0
6 79806 19573 2 3 0
6 79806 26293 0 1 0
6 79806 26293 1 2 0
6 79806 26293 2 3 0
6 79806 5017 0 1 0
6 79806 5017 1 2 0
6 79806 5017 2 3 0
6 79806 18837 0 1 0
6 79806 18837 1 2 0
6 79806 18837 2 3 0
6 79806 29285 0 1 0
6 79806 29285 1 2 0
6 79806 29285 2 3 0
6 79806 6807 0 3 0
6 79806 6807 1 4 0
6 79806 6807 2 1 0
6 79806 6563 0 3 0
6 79806 6563 1 4 0
6 79806 6563 2 1 0
6 79806 32737 0 1 0
6 79806 32737 1 2 0
6 79806 32737 2 3 0
6 79806 28009 0 1 0
6 79806 28009 1 2 0
6 79806 28009 2 3 0
6 79806 10179 0 3 0
6 79806 10179 1 4 0
6 79806 10179 2 1 0
6 79806 15569 0 1 0
6 79806 15569 1 2 0
6 79806 15569 2 3 0
6 79806 20655 0 3 0
6 79806 20655 1 4 0
6 79806 20655 2 1 0
6 79806 18149 0 1 0
6 79806 18149 1 2 0
6 79806 18149 2 3 0
6 79806 27565 0 1 0
6 79806 27565 1 2 0
6 79806 27565 2 3 0
6 79806 20043 0 3 0
6 79806 20043 1 4 0
6 79806 20043 2 1 0
6 79806 18143 0 3 0
6 79806 18143 1 4 0
6 79806 18143 2 1 0
6 79806 13807 0 3 0
6 79806 13807 1 4 0
6 79806 13807 2 1 0
6 79806 17511 0 3 0
6 79806 17511 1 4 0
6 79806 17511 2 1 0
6 79806 4699 0 3 0
6 79806 4699 1 4 0
6 79806 4699 2 1 0
6 79806 21405 0 1 0
6 79806 21405 1 2 0
6 79806 21405 2 3 0
6 79806 25011 0 3 0
6 79806 25011 1 4 0
6 79806 25011 2 1 0
6 79806 16847 0 3 0
6 79806 16847 1 4 0
6 79806 16847 2 1 0
6 79806 6735 0 3 0
6 79806 6735 1 4 0
6 79806 6735 2 1 0
6 79806 16085 0 1 0
6 79806 16085 1 2 0
6 79806 16085 2 3 0
6 79806 23181 0 1 0
6 79806 23181 1 2 0
6 79806 23181 2 3 0
6 79806 14285 0 1 0
6 79806 14285 1 2 0
6 79806 14285 2 3 0
6 79806 409 0 1 0
6 79806 409 1 2 0
6 79806 409 2 3 0
6 79806 11991 0 3 0
6 79806 11991 1 4 0
6 79806 11991 2 1 0
6 79806 23707 0 3 0
6 79806 23707 1 4 0
6 79806 23707 2 1 0
6 79806 8313 0 1 0
6 79806 8313 1 2 0
6 79806 8313 2 3 0
6 79806 16573 0 1 0
6 79806 16573 1 2 0
6 79806 16573 2 3 0
6 79806 23971 0 3 0
6 79806 23971 1 4 0
6 79806 23971 2 1 0
6 79806 14071 0 3 0
6 79806 14071 1 4 0
6 79806 14071 2 1 0
6 79806 24123 0 3 0
6 79806 24123 1 4 0
6 79806 24123 2 1 0
6 79806 16775 0 3 0
6 79806 16775 1 4 0
6 79806 16775 2 1 0
6 79806 12381 0 1 0
6 79806 12381 1 2 0
6 79806 12381 2 3 0
6 79806 5271 0 3 0
6 79806 5271 1 4 0
6 79806 5271 2 1 0
6 79806 2347 0 3 0
6 79806 2347 1 4 0
6 79806 2347 2 1 0
6 79806 19793 0 1 0
6 79806 19793 1 2 0
6 79806 19793 2 3 0
6 79806 15697 0 1 0
6 79806 15697 1 2 0
6 79806 15697 2 3 0
6 79806 29905 0 1 0
6 79806 29905 1 2 0
6 79806 29905 2 3 0
6 79806 4353 0 1 0
6 79806 4353 1 2 0
6 79806 4353 2 3 0
6 79806 1471 0 3 0
6 79806 1471 1 4 0
6 79806 1471 2 1 0
6 79806 19341 0 1 0
6 79806 19341 1 2 0
6 79806 19341 2 3 0
6 79806 28113 0 1 0
6 79806 28113 1 2 0
6 79806 28113 2 3 0
6 79806 26225 0 1 0
6 79806 26225 1 2 0
6 79806 26225 2 3 0
6 79806 29323 0 3 0
6 79806 29323 1 4 0
6 79806 29323 2 1 0
6 79806 8205 0 1 0
6 79806 8205 1 2 0
6 79806 8205 2 3 0
6 79806 6033 0 1 0
6 79806 6033 1 2 0
6 79806 6033 2 3 0
6 79806 1281 0 1 0
6 79806 1281 1 2 0
6 79806 1281 2 3 0
6 79806 2045 0 1 0
6 79806 2045 1 2 0
6 79806 2045 2 3 0
6 79806 12321 0 1 0
6 79806 12321 1 2 0
6 79806 12321 2 3 0
6 79806 1689 0 1 0
6 79806 1689 1 2 0
6 79806 1689 2 3 0
6 79806 13209 0 1 0
6 79806 13209 1 2 0
6 79806 13209 2 3 0
6 79806 9953 0 1 0
6 79806 9953 1 2 0
6 79806 9953 2 3 0
6 79806 22827 0 3 0
6 79806 22827 1 4 0
6 79806 22827 2 1 0
6 79806 6917 0 1 0
6 79806 6917 1 2 0
6 79806 6917 2 3 0
6 79806 22239 0 3 0
6 79806 22239 1 4 0
6 79806 22239 2 1 0
6 79806 7483 0 3 0
6 79806 7483 1 4 0
6 79806 7483 2 1 0
6 79806 5789 0 1 0
6 79806 5789 1 2 0
6 79806 5789 2 3 0
6 79806 28871 0 3 0
6 79806 28871 1 4 0
6 79806 28871 2 1 0
6 79806 29835 0 3 0
6 79806 29835 1 4 0
6 79806 29835 2 1 0
6 79806 673 0 1 0
6 79806 673 1 2 0
6 79806 673 2 3 0
6 79806 11741 0 1 0
6 79806 11741 1 2 0
6 79806 11741 2 3 0
6 79806 13115 0 3 0
6 79806 13115 1 4 0
6 79806 13115 2 1 0
6 79806 27203 0 3 0
6 79806 27203 1 4 0
6 79806 27203 2 1 0
6 79806 3493 0 1 0
6 79806 3493 1 2 0
6 79806 3493 2 3 0
6 79806 3291 0 3 0
6 79806 3291 1 4 0
6 79806 3291 2 1 0
6 79806 21691 0 3 0
6 79806 21691 1 4 0
6 79806 21691 2 1 0
6 79806 31405 0 1 0
6 79806 31405 1 2 0
6 79806 31405 2 3 0
6 79806 1783 0 3 0
6 79806 1783 1 4 0
6 79806 1783 2 1 0
6 79806 27455 0 3 0
6 79806 27455 1 4 0
6 79806 27455 2 1 0
6 79806 8425 0 1 0
6 79806 8425 1 2 0
6 79806 8425 2 3 0
6 79806 7129 0 1 0
6 79806 7129 1 2 0
6 79806 7129 2 3 0
6 79806 32689 0 1 0
6 79806 32689 1 2 0
6 79806 32689 2 3 0
6 79806 11577 0 1 0
6 79806 11577 1 2 0
6 79806 11577 2 3 0
6 79806 29851 0 3 0
6 79806 29851 1 4 0
6 79806 29851 2 1 0
6 79806 6241 0 1 0
6 79806 6241 1 2 0
6 79806 6241 2 3 0
6 79806 29603 0 3 0
6 79806 29603 1 4 0
6 79806 29603 2 1 0
6 79806 27651 0 3 0
6 79806 27651 1 4 0
6 79806 27651 2 1 0
6 79806 23027 0 3 0
6 79806 23027 1 4 0
6 79806 23027 2 1 0
6 79806 31703 0 3 0
6 79806 31703 1 4 0
6 79806 31703 2 1 0
7 79806 18803 0 3 0
7 79806 18803 1 4 0
7 79806 18803 2 1 0
7 79806 2075 0 3 0
7 79806 2075 1 4 0
7 79806 2075 2 1 0
7 79806 4215 0 3 0
7 79806 4215 1 4 0
7 79806 4215 2 1 0
7 79806 28819 0 3 0
7 79806 28819 1 4 0
7 79806 28819 2 1 0
7 79806 30659 0 3 0
7 79806 30659 1 4 0
7 79806 30659 2 1 0
7 79806 15053 0 1 0
7 79806 15053 1 2 0
7 79806 15053 2 3 0
7 79806 4261 0 1 0
7 79806 4261 1 2 0
7 79806 4261 2 3 0
7 79806 5775 0 3 0
7 79806 5775 1 4 0
7 79806 5775 2 1 0
7 79806 7389 0 1 0
7 79806 7389 1 2 0
7 79806 7389 2 3 0
7 79806 14209 0 1 0
7 79806 14209 1 2 0
7 79806 14209 2 3 0
7 79806 30461 0 1 0
7 79806 30461 1 2 0
7 79806 30461 2 3 0
7 79806 27465 0 1 0
7 79806 27465 1 2 0
7 79806 27465 2 3 0
7 79806 4179 0 3 0
7 79806 4179 1 4 0
7 79806 4179 2 1 0
7 79806 3037 0 1 0
7 79806 3037 1 2 0
7 79806 3037 2 3 0
7 79806 2279 0 3 0
7 79806 2279 1 4 0
7 79806 2279 2 1 0
7 79806 185 0 1 0
7 79806 185 1 2 0
7 79806 185 2 3 0
7 79806 26779 0 3 0
7 79806 26779 1 4 0
7 79806 26779 2 1 0
7 79806 14255 0 3 0
7 79806 14255 1 4 0
7 79806 14255 2 1 0
7 79806 395 0 3 0
7 79806 395 1 4 0
7 79806 395 2 1 0
7 79806 7961 0 1 0
7 79806 7961 1 2 0
7 79806 7961 2 3 0
7 79806 20609 0 1 0
7 79806 20609 1 2 0
7 79806 20609 2 3 0
7 79806 31111 0 3 0
7 79806 31111 1 4 0
7 79806 31111 2 1 0
7 79806 21237 0 1 0
7 79806 21237 1 2 0
7 79806 21237 2 3 0
7 79806 11473 0 1 0
7 79806 11473 1 2 0
7 79806 11473 2 3 0
7 79806 12747 0 3 0
7 79806 12747 1 4 0
7 79806 12747 2 1 0
7 79806 23131 0 3 0
7 79806 23131 1 4 0
7 79806 23131 2 1 0
7 79806 3649 0 1 0
7 79806 3649 1 2 0
7 79806 3649 2 3 0
7 79806 31915 0 3 0
7 79806 31915 1 4 0
7 79806 31915 2 1 0
7 79806 20781 0 1 0
7 79806 20781 1 2 0
7 79806 20781 2 3 0
7 79806 24089 0 1 0
7 79806 24089 1 2 0
7 79806 24089 2 3 0
7 79806 16349 0 1 0
7 79806 16349 1 2 0
7 79806 16349 2 3 0
7 79806 12581 0 1 0
7 79806 12581 1 2 0
7 79806 12581 2 3 0
7 79806 28191 0 3 0
7 79806 28191 1 4 0
7 79806 28191 2 1 0
7 79806 10773 0 1 0
7 79806 10773 1 2 0
7 79806 10773 2 3 0
7 79806 25891 0 3 0
7 79806 25891 1 4 0
7 79806 25891 2 1 0
7 79806 8609 0 1 0
7 79806 8609 1 2 0
7 79806 8609 2 3 0
7 79806 25031 0 3 0
7 79806 25031 1 4 0
7 79806 25031 2 1 0
7 79806 11215 0 3 0
7 79806 11215 1 4 0
7 79806 11215 2 1 0
7 79806 20361 0 1 0
7 79806 20361 1 2 0
7 79806 20361 2 3 0
7 79806 18399 0 3 0
7 79806 18399 1 4 0
7 79806 18399 2 1 0
7 79806 25499 0 3 0
7 79806 25499 1 4 0
7 79806 25499 2 1 0
7 79806 10147 0 3 0
7 79806 10147 1 4 0
7 79806 10147 2 1 0
7 79806 7171 0 3 0
7 79806 7171 1 4 0
7 79806 7171 2 1 0
7 79806 22689 0 1 0
7 79806 22689 1 2 0
7 79806 22689 2 3 0
7 79806 10907 0 3 0
7 79806 10907 1 4 0
7 79806 10907 2 1 0
7 79806 17421 0 1 0
7 79806 17421 1 2 0
7 79806 17421 2 3 0
7 79806 20429 0 1 0
7 79806 20429 1 2 0
7 79806 20429 2 3 0
7 79806 5177 0 1 0
7 79806 5177 1 2 0
7 79806 5177 2 3 0
7 79806 13385 0 1 0
7 79806 13385 1 2 0
7 79806 13385 2 3 0
7 79806 5385 0 1 0
7 79806 5385 1 2 0
7 79806 5385 2 3 0
7 79806 15909 0 1 0
7 79806 15909 1 2 0
7 79806 15909 2 3 0
7 79806 12819 0 3 0
7 79806 12819 1 4 0
7 79806 12819 2 1 0
7 79806 15355 0 3 0
7 79806 15355 1 4 0
7 79806 15355 2 1 0
7 79806 17811 0 3 0
7 79806 17811 1 4 0
7 79806 17811 2 1 0
7 79806 14441 0 1 0
7 79806 14441 1 2 0
7 79806 14441 2 3 0
7 79806 17729 0 1 0
7 79806 17729 1 2 0
7 79806 17729 2 3 0
7 79806 915 0 3 0
7 79806 915 1 4 0
7 79806 915 2 1 0
7 79806 31535 0 3 0
7 79806 31535 1 4 0
7 79806 31535 2 1 0
7 79806 24711 0 3 0
7 79806 24711 1 4 0
7 79806 24711 2 1 0
7 79806 14579 0 3 0
7 79806 14579 1 4 0
7 79806 14579 2 1 0
7 79806 5381 0 1 0
7 79806 5381 1 2 0
7 79806 5381 2 3 0
7 79806 9955 0 3 0
7 79806 9955 1 4 0
7 79806 9955 2 1 0
7 79806 14109 0 1 0
7 79806 14109 1 2 0
7 79806 14109 2 3 0
7 79806 4407 0 3 0
7 79806 4407 1 4 0
7 79806 4407 2 1 0
7 79806 339 0 3 0
7 79806 339 1 4 0
7 79806 339 2 1 0
7 79806 18625 0 1 0
7 79806 18625 1 2 0
7 79806 18625 2 3 0
7 79806 2159 0 3 0
7 79806 2159 1 4 0
7 79806 2159 2 1 0
7 79806 15453 0 1 0
7 79806 15453 1 2 0
7 79806 15453 2 3 0
7 79806 22011 0 3 0
7 79806 22011 1 4 0
7 79806 22011 2 1 0
7 79806 8289 0 1 0
7 79806 8289 1 2 0
7 79806 8289 2 3 0
7 79806 22837 0 1 0
7 79806 22837 1 2 0
7 79806 22837 2 3 0
7 79806 14655 0 3 0
7 79806 14655 1 4 0
7 79806 14655 2 1 0
7 79806 5141 0 1 0
7 79806 5141 1 2 0
7 79806 5141 2 3 0
7 79806 25503 0 3 0
7 79806 25503 1 4 0
7 79806 25503 2 1 0
7 79806 17331 0 3 0
7 79806 17331 1 4 0
7 79806 17331 2 1 0
7 79806 21841 0 1 0
7 79806 21841 1 2 0
7 79806 21841 2 3 0
7 79806 30567 0 3 0
7 79806 30567 1 4 0
7 79806 30567 2 1 0
7 79806 26053 0 1 0
7 79806 26053 1 2 0
7 79806 26053 2 3 0
7 79806 18507 0 3 0
7 79806 18507 1 4 0
7 79806 18507 2 1 0
7 79806 4497 0 1 0
7 79806 4497 1 2 0
7 79806 4497 2 3 0
7 79806 10257 0 1 0
7 79806 10257 1 2 0
7 79806 10257 2 3 0
7 79806 27103 0 3 0
7 79806 27103 1 4 0
7 79806 27103 2 1 0
7 79806 209 0 1 0
7 79806 209 1 2 0
7 79806 209 2 3 0
7 79806 14417 0 1 0
7 79806 14417 1 2 0
7 79806 14417 2 3 0
7 79806 8437 0 1 0
7 79806 8437 1 2 0
7 79806 8437 2 3 0
7 79806 27247 0 3 0
7 79806 27247 1 4 0
7 79806 27247 2 1 0
7 79806 22477 0 1 0
7 79806 22477 1 2 0
7 79806 22477 2 3 0
7 79806 26707 0 3 0
7 79806 26707 1 4 0
7 79806 26707 2 1 0
7 79806 32567 0 3 0
7 79806 32567 1 4 0
7 79806 32567 2 1 0
7 79806 19931 0 3 0
7 79806 19931 1 4 0
7 79806 19931 2 1 0
7 79806 27453 0 1 0
7 79806 27453 1 2 0
7 79806 27453 2 3 0
7 79806 15525 0 1 0
7 79806 15525 1 2 0
7 79806 15525 2 3 0
7 79806 16543 0 3 0
7 79806 16543 1 4 0
7 79806 16543 2 1 0
7 79806 3517 0 1 0
7 79806 3517 1 2 0
7 79806 3517 2 3 0
7 79806 14857 0 1 0
7 79806 14857 1 2 0
7 79806 14857 2 3 0
7 79806 25137 0 1 0
7 79806 25137 1 2 0
7 79806 25137 2 3 0
7 79806 565 0 1 0
7 79806 565 1 2 0
7 79806 565 2 3 0
7 79806 17831 0 3 0
7 79806 17831 1 4 0
7 79806 17831 2 1 0
7 79806 4493 0 1 0
7 79806 4493 1 2 0
7 79806 4493 2 3 0
7 79806 24741 0 1 0
7 79806 24741 1 2 0
7 79806 24741 2 3 0
7 79806 24703 0 3 0
7 79806 24703 1 4 0
7 79806 24703 2 1 0
7 79806 2335 0 3 0
7 79806 2335 1 4 0
7 79806 2335 2 1 0
7 79806 30319 0 3 0
7 79806 30319 1 4 0
7 79806 30319 2 1 0
7 79806 5129 0 1 0
7 79806 5129 1 2 0
7 79806 5129 2 3 0
7 79806 123 0 3 0
7 79806 123 1 4 0
7 79806 123 2 1 0
7 79806 22245 0 1 0
7 79806 22245 1 2 0
7 79806 22245 2 3 0
7 79806 6605 0 1 0
7 79806 6605 1 2 0
7 79806 6605 2 3 0
7 79806 19905 0 1 0
7 79806 19905 1 2 0
7 79806 19905 2 3 0
7 79806 21143 0 3 0
7 79806 21143 1 4 0
7 79806 21143 2 1 0
7 79806 4683 0 3 0
7 79806 4683 1 4 0
7 79806 4683 2 1 0
7 79806 5027 0 3 0
7 79806 5027 1 4 0
7 79806 5027 2 1 0
7 79806 14861 0 1 0
7 79806 14861 1 2 0
7 79806 14861 2 3 0
7 79806 18581 0 1 0
7 79806 18581 1 2 0
7 79806 18581 2 3 0
7 79806 16561 0 1 0
7 79806 16561 1 2 0
7 79806 16561 2 3 0
7 79806 12817 0 1 0
7 79806 12817 1 2 0
7 79806 12817 2 3 0
7 79806 30701 0 1 0
7 79806 30701 1 2 0
7 79806 30701 2 3 0
7 79806 17071 0 3 0
7 79806 17071 1 4 0
7 79806 17071 2 1 0
7 79806 4071 0 3 0
7 79806 4071 1 4 0
7 79806 4071 2 1 0
7 79806 16527 0 3 0
7 79806 16527 1 4 0
7 79806 16527 2 1 0
7 79806 29935 0 3 0
7 79806 29935 1 4 0
7 79806 29935 2 1 0
7 79806 11361 0 1 0
7 79806 11361 1 2 0
7 79806 11361 2 3 0
7 79806 27695 0 3 0
7 79806 27695 1 4 0
7 79806 27695 2 1 0
7 79806 3265 0 1 0
7 79806 3265 1 2 0
7 79806 3265 2 3 0
7 79806 25829 0 1 0
7 79806 25829 1 2 0
7 79806 25829 2 3 0
7 79806 14295 0 3 0
7 79806 14295 1 4 0
7 79806 14295 2 1 0
7 79806 21203 0 3 0
7 79806 21203 1 4 0
7 79806 21203 2 1 0
7 79806 2549 0 1 0
7 79806 2549 1 2 0
7 79806 2549 2 3 0
7 79806 23025 0 1 0
7 79806 23025 1 2 0
7 79806 23025 2 3 0
7 79806 30359 0 3 0
7 79806 30359 1 4 0
7 79806 30359 2 1 0
7 79806 3025 0 1 0
7 79806 3025 1 2 0
7 79806 3025 2 3 0
7 79806 4281 0 1 0
7 79806 4281 1 2 0
7 79806 4281 2 3 0
7 79806 657 0 1 0
7 79806 657 1 2 0
7 79806 657 2 3 0
7 79806 14137 0 1 0
7 79806 14137 1 2 0
7 79806 14137 2 3 0
7 79806 17669 0 1 0
7 79806 17669 1 2 0
7 79806 17669 2 3 0
7 79806 16749 0 1 0
7 79806 16749 1 2 0
7 79806 16749 2 3 0
7 79806 13179 0 3 0
7 79806 13179 1 4 0
7 79806 13179 2 1 0
7 79806 27269 0 1 0
7 79806 27269 1 2 0
7 79806 27269 2 3 0
7 79806 13751 0 3 0
7 79806 13751 1 4 0
7 79806 13751 2 1 0
7 79806 13293 0 1 0
7 79806 13293 1 2 0
7 79806 13293 2 3 0
7 79806 5097 0 1 0
7 79806 5097 1 2 0
7 79806 5097 2 3 0
7 79806 27595 0 3 0
7 79806 27595 1 4 0
7 79806 27595 2 1 0
7 79806 28237 0 1 0
7 79806 28237 1 2 0
7 79806 28237 2 3 0
7 79806 2037 0 1 0
7 79806 2037 1 2 0
7 79806 2037 2 3 0
7 79806 21169 0 1 0
7 79806 21169 1 2 0
7 79806 21169 2 3 0
7 79806 13335 0 3 0
7 79806 13335 1 4 0
7 79806 13335 2 1 0
7 79806 19471 0 3 0
7 79806 19471 1 4 0
7 79806 19471 2 1 0
7 79806 18933 0 1 0
7 79806 18933 1 2 0
7 79806 18933 2 3 0
7 79806 3065 0 1 0
7 79806 3065 1 2 0
7 79806 3065 2 3 0
7 79806 25309 0 1 0
7 79806 25309 1 2 0
7 79806 25309 2 3 0
7 79806 9663 0 3 0
7 79806 9663 1 4 0
7 79806 9663 2 1 0
7 79806 18287 0 3 0
7 79806 18287 1 4 0
7 79806 18287 2 1 0
7 79806 27891 0 3 0
7 79806 27891 1 4 0
7 79806 27891 2 1 0
7 79806 32705 0 1 0
7 79806 32705 1 2 0
7 79806 32705 2 3 0
7 79806 23959 0 3 0
7 79806 23959 1 4 0
7 79806 23959 2 1 0
7 79806 1927 0 3 0
7 79806 1927 1 4 0
7 79806 1927 2 1 0
7 79806 26917 0 1 0
7 79806 26917 1 2 0
7 79806 26917 2 3 0
7 79806 4283 0 3 0
7 79806 4283 1 4 0
7 79806 4283 2 1 0
7 79806 26845 0 1 0
7 79806 26845 1 2 0
7 79806 26845 2 3 0
7 79806 12459 0 3 0
7 79806 12459 1 4 0
7 79806 12459 2 1 0
7 79806 24279 0 3 0
7 79806 24279 1 4 0
7 79806 24279 2 1 0
7 79806 8177 0 1 0
7 79806 8177 1 2 0
7 79806 8177 2 3 0
7 79806 16915 0 3 0
7 79806 16915 1 4 0
7 79806 16915 2 1 0
7 79806 22249 0 1 0
7 79806 22249 1 2 0
7 79806 22249 2 3 0
7 79806 28053 0 1 0
7 79806 28053 1 2 0
7 79806 28053 2 3 0
7 79806 8187 0 3 0
7 79806 8187 1 4 0
7 79806 8187 2 1 0
7 79806 30937 0 1 0
7 79806 30937 1 2 0
7 79806 30937 2 3 0
7 79806 16455 0 3 0
7 79806 16455 1 4 0
7 79806 16455 2 1 0
7 79806 561 0 1 0
7 79806 561 1 2 0
7 79806 561 2 3 0
7 79806 27561 0 1 0
7 79806 27561 1 2 0
7 79806 27561 2 3 0
7 79806 913 0 1 0
7 79806 913 1 2 0
7 79806 913 2 3 0
7 79806 30771 0 3 0
7 79806 30771 1 4 0
7 79806 30771 2 1 0
7 79806 3837 0 1 0
7 79806 3837 1 2 0
7 79806 3837 2 3 0
7 79806 3119 0 3 0
7 79806 3119 1 4 0
7 79806 3119 2 1 0
7 79806 4113 0 1 0
7 79806 4113 1 2 0
7 79806 4113 2 3 0
7 79806 3575 0 3 0
7 79806 3575 1 4 0
7 79806 3575 2 1 0
7 79806 23161 0 1 0
7 79806 23161 1 2 0
7 79806 23161 2 3 0
7 79806 32287 0 3 0
7 79806 32287 1 4 0
7 79806 32287 2 1 0
7 79806 1639 0 3 0
7 79806 1639 1 4 0
7 79806 1639 2 1 0
7 79806 3151 0 3 0
7 79806 3151 1 4 0
7 79806 3151 2 1 0
7 79806 11355 0 3 0
7 79806 11355 1 4 0
7 79806 11355 2 1 0
7 79806 4023 0 3 0
7 79806 4023 1 4 0
7 79806 4023 2 1 0
7 79806 10695 0 3 0
7 79806 10695 1 4 0
7 79806 10695 2 1 0
7 79806 26939 0 3 0
7 79806 26939 1 4 0
7 79806 26939 2 1 0
7 79806 20425 0 1 0
7 79806 20425 1 2 0
7 79806 20425 2 3 0
7 79806 14597 0 1 0
7 79806 14597 1 2 0
7 79806 14597 2 3 0
7 79806 5823 0 3 0
7 79806 5823 1 4 0
7 79806 5823 2 1 0
7 79806 20623 0 3 0
7 79806 20623 1 4 0
7 79806 20623 2 1 0
7 79806 9635 0 3 0
7 79806 9635 1 4 0
7 79806 9635 2 1 0
7 79806 21117 0 1 0
7 79806 21117 1 2 0
7 79806 21117 2 3 0
7 79806 16093 0 1 0
7 79806 16093 1 2 0
7 79806 16093 2 3 0
7 79806 9081 0 1 0
7 79806 9081 1 2 0
7 79806 9081 2 3 0
7 79806 11271 0 3 0
7 79806 11271 1 4 0
7 79806 11271 2 1 0
7 79806 6009 0 1 0
7 79806 6009 1 2 0
7 79806 6009 2 3 0
7 79806 17631 0 3 0
7 79806 17631 1 4 0
7 79806 17631 2 1 0
7 79806 5435 0 3 0
7 79806 5435 1 4 0
7 79806 5435 2 1 0
7 79806 6581 0 1 0
7 79806 6581 1 2 0
7 79806 6581 2 3 0
7 79806 12755 0 3 0
7 79806 12755 1 4 0
7 79806 12755 2 1 0
7 79806 16483 0 3 0
7 79806 16483 1 4 0
7 79806 16483 2 1 0
7 79806 5105 0 1 0
7 79806 5105 1 2 0
7 79806 5105 2 3 0
7 79806 26993 0 1 0
7 79806 26993 1 2 0
7 79806 26993 2 3 0
7 79806 5691 0 3 0
7 79806 5691 1 4 0
7 79806 5691 2 1 0
7 79806 3843 0 3 0
7 79806 3843 1 4 0
7 79806 3843 2 1 0
7 79806 29587 0 3 0
7 79806 29587 1 4 0
7 79806 29587 2 1 0
7 79806 4247 0 3 0
7 79806 4247 1 4 0
7 79806 4247 2 1 0
7 79806 14517 0 1 0
7 79806 14517 1 2 0
7 79806 14517 2 3 0
7 79806 10621 0 1 0
7 79806 10621 1 2 0
7 79806 10621 2 3 0
7 79806 16465 0 1 0
7 79806 16465 1 2 0
7 79806 16465 2 3 0
7 79806 18263 0 3 0
7 79806 18263 1 4 0
7 79806 18263 2 1 0
7 79806 22283 0 3 0
7 79806 22283 1 4 0
7 79806 22283 2 1 0
7 79806 22839 0 3 0
7 79806 22839 1 4 0
7 79806 22839 2 1 0
7 79806 15747 0 3 0
7 79806 15747 1 4 0
7 79806 15747 2 1 0
7 79806 4005 0 1 0
7 79806 4005 1 2 0
7 79806 4005 2 3 0
7 79806 18653 0 1 0
7 79806 18653 1 2 0
7 79806 18653 2 3 0
7 79806 29155 0 3 0
7 79806 29155 1 4 0
7 79806 29155 2 1 0
7 79806 16555 0 3 0
7 79806 16555 1 4 0
7 79806 16555 2 1 0
7 79806 12215 0 3 0
7 79806 12215 1 4 0
7 79806 12215 2 1 0
7 79806 29799 0 3 0
7 79806 29799 1 4 0
7 79806 29799 2 1 0
7 79806 11529 0 1 0
7 79806 11529 1 2 0
7 79806 11529 2 3 0
7 79806 10025 0 1 0
7 79806 10025 1 2 0
7 79806 10025 2 3 0
7 79806 31841 0 1 0
7 79806 31841 1 2 0
7 79806 31841 2 3 0
7 79806 473 0 1 0
7 79806 473 1 2 0
7 79806 473 2 3 0
7 79806 19209 0 1 0
7 79806 19209 1 2 0
7 79806 19209 2 3 0
7 79806 23773 0 1 0
7 79806 23773 1 2 0
7 79806 23773 2 3 0
7 79806 13443 0 3 0
7 79806 13443 1 4 0
7 79806 13443 2 1 0
7 79806 25543 0 3 0
7 79806 25543 1 4 0
7 79806 25543 2 1 0
7 79806 14361 0 1 0
7 79806 14361 1 2 0
7 79806 14361 2 3 0
7 79806 3303 0 3 0
7 79806 3303 1 4 0
7 79806 3303 2 1 0
7 79806 15087 0 3 0
7 79806 15087 1 4 0
7 79806 15087 2 1 0
7 79806 7415 0 3 0
7 79806 7415 1 4 0
7 79806 7415 2 1 0
7 79806 11227 0 3 0
7 79806 11227 1 4 0
7 79806 11227 2 1 0
7 79806 6253 0 1 0
7 79806 6253 1 2 0
7 79806 6253 2 3 0
7 79806 11809 0 1 0
7 79806 11809 1 2 0
7 79806 11809 2 3 0
7 79806 10705 0 1 0
7 79806 10705 1 2 0
7 79806 10705 2 3 0
7 79806 22183 0 3 0
7 79806 22183 1 4 0
7 79806 22183 2 1 0
7 79806 3075 0 3 0
7 79806 3075 1 4 0
7 79806 3075 2 1 0
7 79806 24645 0 1 0
7 79806 24645 1 2 0
7 79806 24645 2 3 0
7 79806 14745 0 1 0
7 79806 14745 1 2 0
7 79806 14745 2 3 0
7 79806 9563 0 3 0
7 79806 9563 1 4 0
7 79806 9563 2 1 0
7 79806 30149 0 1 0
7 79806 30149 1 2 0
7 79806 30149 2 3 0
7 79806 17823 0 3 0
7 79806 17823 1 4 0
7 79806 17823 2 1 0
7 79806 441 0 1 0
7 79806 441 1 2 0
7 79806 441 2 3 0
7 79806 32681 0 1 0
7 79806 32681 1 2 0
7 79806 32681 2 3 0
7 79806 31205 0 1 0
7 79806 31205 1 2 0
7 79806 31205 2 3 0
7 79806 16167 0 3 0
7 79806 16167 1 4 0
7 79806 16167 2 1 0
7 79806 19535 0 3 0
7 79806 19535 1 4 0
7 79806 19535 2 1 0
7 79806 7029 0 1 0
7 79806 7029 1 2 0
7 79806 7029 2 3 0
7 79806 5153 0 1 0
7 79806 5153 1 2 0
7 79806 5153 2 3 0
7 79806 1673 0 1 0
7 79806 1673 1 2 0
7 79806 1673 2 3 0
7 79806 28403 0 3 0
7 79806 28403 1 4 0
7 79806 28403 2 1 0
7 79806 29105 0 1 0
7 79806 29105 1 2 0
7 79806 29105 2 3 0
7 79806 3711 0 3 0
7 79806 3711 1 4 0
7 79806 3711 2 1 0
7 79806 23141 0 1 0
7 79806 23141 1 2 0
7 79806 23141 2 3 0
7 79806 6015 0 3 0
7 79806 6015 1 4 0
7 79806 6015 2 1 0
7 79806 28019 0 3 0
7 79806 28019 1 4 0
7 79806 28019 2 1 0
7 79806 9699 0 3 0
7 79806 9699 1 4 0
7 79806 9699 2 1 0
7 79806 20315 0 3 0
7 79806 20315 1 4 0
7 79806 20315 2 1 0
7 79806 17391 0 3 0
7 79806 17391 1 4 0
7 79806 17391 2 1 0
7 79806 31409 0 1 0
7 79806 31409 1 2 0
7 79806 31409 2 3 0
7 79806 11999 0 3 0
7 79806 11999 1 4 0
7 79806 11999 2 1 0
7 79806 28509 0 1 0
7 79806 28509 1 2 0
7 79806 28509 2 3 0
7 79806 6067 0 3 0
7 79806 6067 1 4 0
7 79806 6067 2 1 0
7 79806 28727 0 3 0
7 79806 28727 1 4 0
7 79806 28727 2 1 0
7 79806 16039 0 3 0
7 79806 16039 1 4 0
7 79806 16039 2 1 0
7 79806 6641 0 1 0
7 79806 6641 1 2 0
7 79806 6641 2 3 0
7 79806 24603 0 3 0
7 79806 24603 1 4 0
7 79806 24603 2 1 0
7 79806 4981 0 1 0
7 79806 4981 1 2 0
7 79806 4981 2 3 0
7 79806 17245 0 1 0
7 79806 17245 1 2 0
7 79806 17245 2 3 0
7 79806 3639 0 3 0
7 79806 3639 1 4 0
7 79806 3639 2 1 0
7 79806 23787 0 3 0
7 79806 23787 1 4 0
7 79806 23787 2 1 0
7 79806 9347 0 3 0
7 79806 9347 1 4 0
7 79806 9347 2 1 0
7 79806 23495 0 3 0
7 79806 23495 1 4 0
7 79806 23495 2 1 0
7 79806 20263 0 3 0
7 79806 20263 1 4 0
7 79806 20263 2 1 0
7 79806 21539 0 3 0
7 79806 21539 1 4 0
7 79806 21539 2 1 0
7 79806 9843 0 3 0
7 79806 9843 1 4 0
7 79806 9843 2 1 0
7 79806 3497 0 1 0
7 79806 3497 1 2 0
7 79806 3497 2 3 0
7 79806 31533 0 1 0
7 79806 31533 1 2 0
7 79806 31533 2 3 0
7 79806 18699 0 3 0
7 79806 18699 1 4 0
7 79806 18699 2 1 0
7 79806 519 0 3 0
7 79806 519 1 4 0
7 79806 519 2 1 0
7 79806 26591 0 3 0
7 79806 26591 1 4 0
7 79806 26591 2 1 0
7 79806 3349 0 1 0
7 79806 3349 1 2 0
7 79806 3349 2 3 0
7 79806 22471 0 3 0
7 79806 22471 1 4 0
7 79806 22471 2 1 0
7 79806 14521 0 1 0
7 79806 14521 1 2 0
7 79806 14521 2 3 0
7 79806 23711 0 3 0
7 79806 23711 1 4 0
7 79806 23711 2 1 0
7 79806 22355 0 3 0
7 79806 22355 1 4 0
7 79806 22355 2 1 0
7 79806 14819 0 3 0
7 79806 14819 1 4 0
7 79806 14819 2 1 0
7 79806 22737 0 1 0
7 79806 22737 1 2 0
7 79806 22737 2 3 0
7 79806 17019 0 3 0
7 79806 17019 1 4 0
7 79806 17019 2 1 0
7 79806 2649 0 1 0
7 79806 2649 1 2 0
7 79806 2649 2 3 0
7 79806 31549 0 1 0
7 79806 31549 1 2 0
7 79806 31549 2 3 0
7 79806 20033 0 1 0
7 79806 20033 1 2 0
7 79806 20033 2 3 0
7 79806 14195 0 3 0
7 79806 14195 1 4 0
7 79806 14195 2 1 0
7 79806 17525 0 1 0
7 79806 17525 1 2 0
7 79806 17525 2 3 0
7 79806 16769 0 1 0
7 79806 16769 1 2 0
7 79806 16769 2 3 0
7 79806 27803 0 3 0
7 79806 27803 1 4 0
7 79806 27803 2 1 0
7 79806 12769 0 1 0
7 79806 12769 1 2 0
7 79806 12769 2 3 0
7 79806 29479 0 3 0
7 79806 29479 1 4 0
7 79806 29479 2 1 0
7 79806 24895 0 3 0
7 79806 24895 1 4 0
7 79806 24895 2 1 0
7 79806 955 0 3 0
7 79806 955 1 4 0
7 79806 955 2 1 0
7 79806 5907 0 3 0
7 79806 5907 1 4 0
7 79806 5907 2 1 0
7 79806 3451 0 3 0
7 79806 3451 1 4 0
7 79806 3451 2 1 0
7 79806 21135 0 3 0
7 79806 21135 1 4 0
7 79806 21135 2 1 0
7 79806 25493 0 1 0
7 79806 25493 1 2 0
7 79806 25493 2 3 0
7 79806 27479 0 3 0
7 79806 27479 1 4 0
7 79806 27479 2 1 0
7 79806 27913 0 1 0
7 79806 27913 1 2 0
7 79806 27913 2 3 0
7 79806 22297 0 1 0
7 79806 22297 1 2 0
7 79806 22297 2 3 0
7 79806 17793 0 1 0
7 79806 17793 1 2 0
7 79806 17793 2 3 0
7 79806 2829 0 1 0
7 79806 2829 1 2 0
7 79806 2829 2 3 0
7 79806 2675 0 3 0
7 79806 2675 1 4 0
7 79806 2675 2 1 0
7 79806 29597 0 1 0
7 79806 29597 1 2 0
7 79806 29597 2 3 0
7 79806 4895 0 3 0
7 79806 4895 1 4 0
7 79806 4895 2 1 0
7 79806 6545 0 1 0
7 79806 6545 1 2 0
7 79806 6545 2 3 0
7 79806 21411 0 3 0
7 79806 21411 1 4 0
7 79806 21411 2 1 0
7 79806 28203 0 3 0
7 79806 28203 1 4 0
7 79806 28203 2 1 0
7 79806 30549 0 1 0
7 79806 30549 1 2 0
7 79806 30549 2 3 0
7 79806 7705 0 1 0
7 79806 7705 1 2 0
7 79806 7705 2 3 0
7 79806 15969 0 1 0
7 79806 15969 1 2 0
7 79806 15969 2 3 0
7 79806 29561 0 1 0
7 79806 29561 1 2 0
7 79806 29561 2 3 0
7 79806 6835 0 3 0
7 79806 6835 1 4 0
7 79806 6835 2 1 0
7 79806 4421 0 1 0
7 79806 4421 1 2 0
7 79806 4421 2 3 0
7 79806 14079 0 3 0
7 79806 14079 1 4 0
7 79806 14079 2 1 0
7 79806 24619 0 3 0
7 79806 24619 1 4 0
7 79806 24619 2 1 0
7 79806 15611 0 3 0
7 79806 15611 1 4 0
7 79806 15611 2 1 0
7 79806 13461 0 1 0
7 79806 13461 1 2 0
7 79806 13461 2 3 0
7 79806 29485 0 1 0
7 79806 29485 1 2 0
7 79806 29485 2 3 0
7 79806 7819 0 3 0
7 79806 7819 1 4 0
7 79806 7819 2 1 0
7 79806 21751 0 3 0
7 79806 21751 1 4 0
7 79806 21751 2 1 0
7 79806 20109 0 1 0
7 79806 20109 1 2 0
7 79806 20109 2 3 0
7 79806 7493 0 1 0
7 79806 7493 1 2 0
7 79806 7493 2 3 0
7 79806 4639 0 3 0
7 79806 4639 1 4 0
7 79806 4639 2 1 0
7 79806 15543 0 3 0
7 79806 15543 1 4 0
7 79806 15543 2 1 0
7 79806 13713 0 1 0
7 79806 13713 1 2 0
7 79806 13713 2 3 0
7 79806 11413 0 1 0
7 79806 11413 1 2 0
7 79806 11413 2 3 0
7 79806 5067 0 3 0
7 79806 5067 1 4 0
7 79806 5067 2 1 0
7 79806 5463 0 3 0
7 79806 5463 1 4 0
7 79806 5463 2 1 0
7 79806 6063 0 3 0
7 79806 6063 1 4 0
7 79806 6063 2 1 0
7 79806 4053 0 1 0
7 79806 4053 1 2 0
7 79806 4053 2 3 0
7 79806 13675 0 3 0
7 79806 13675 1 4 0
7 79806 13675 2 1 0
7 79806 5145 0 1 0
7 79806 5145 1 2 0
7 79806 5145 2 3 0
7 79806 11791 0 3 0
7 79806 11791 1 4 0
7 79806 11791 2 1 0
7 79806 23639 0 3 0
7 79806 23639 1 4 0
7 79806 23639 2 1 0
7 79806 22831 0 3 0
7 79806 22831 1 4 0
7 79806 22831 2 1 0
7 79806 30141 0 1 0
7 79806 30141 1 2 0
7 79806 30141 2 3 0
7 79806 32629 0 1 0
7 79806 32629 1 2 0
7 79806 32629 2 3 0
7 79806 10587 0 3 0
7 79806 10587 1 4 0
7 79806 10587 2 1 0
7 79806 27057 0 1 0
7 79806 27057 1 2 0
7 79806 27057 2 3 0
7 79806 8877 0 1 0
7 79806 8877 1 2 0
7 79806 8877 2 3 0
7 79806 25601 0 1 0
7 79806 25601 1 2 0
7 79806 25601 2 3 0
7 79806 16789 0 1 0
7 79806 16789 1 2 0
7 79806 16789 2 3 0
7 79806 11019 0 3 0
7 79806 11019 1 4 0
7 79806 11019 2 1 0
7 79806 16999 0 3 0
7 79806 16999 1 4 0
7 79806 16999 2 1 0
7 79806 19947 0 3 0
7 79806 19947 1 4 0
7 79806 19947 2 1 0
7 79806 27377 0 1 0
7 79806 27377 1 2 0
7 79806 27377 2 3 0
7 79806 9523 0 3 0
7 79806 9523 1 4 0
7 79806 9523 2 1 0
7 79806 25473 0 1 0
7 79806 25473 1 2 0
7 79806 25473 2 3 0
7 79806 14573 0 1 0
7 79806 14573 1 2 0
7 79806 14573 2 3 0
7 79806 4449 0 1 0
7 79806 4449 1 2 0
7 79806 4449 2 3 0
7 79806 4775 0 3 0
7 79806 4775 1 4 0
7 79806 4775 2 1 0
7 79806 13993 0 1 0
7 79806 13993 1 2 0
7 79806 13993 2 3 0
7 79806 15029 0 1 0
7 79806 15029 1 2 0
7 79806 15029 2 3 0
7 79806 4139 0 3 0
7 79806 4139 1 4 0
7 79806 4139 2 1 0
7 79806 3611 0 3 0
7 79806 3611 1 4 0
7 79806 3611 2 1 0
7 79806 45 0 1 0
7 79806 45 1 2 0
7 79806 45 2 3 0
7 79806 5741 0 1 0
7 79806 5741 1 2 0
7 79806 5741 2 3 0
7 79806 6667 0 3 0
7 79806 6667 1 4 0
7 79806 6667 2 1 0
7 79806 21939 0 3 0
7 79806 21939 1 4 0
7 79806 21939 2 1 0
7 79806 1277 0 1 0
7 79806 1277 1 2 0
7 79806 1277 2 3 0
7 79806 29793 0 1 0
7 79806 29793 1 2 0
7 79806 29793 2 3 0
7 79806 23887 0 3 0
7 79806 23887 1 4 0
7 79806 23887 2 1 0
7 79806 7413 0 1 0
7 79806 7413 1 2 0
7 79806 7413 2 3 0
7 79806 8175 0 3 0
7 79806 8175 1 4 0
7 79806 8175 2 1 0
7 79806 28201 0 1 0
7 79806 28201 1 2 0
7 79806 28201 2 3 0
7 79806 4473 0 1 0
7 79806 4473 1 2 0
7 79806 4473 2 3 0
7 79806 7401 0 1 0
7 79806 7401 1 2 0
7 79806 7401 2 3 0
7 79806 28327 0 3 0
7 79806 28327 1 4 0
7 79806 28327 2 1 0
7 79806 23761 0 1 0
7 79806 23761 1 2 0
7 79806 23761 2 3 0
7 79806 18349 0 1 0
7 79806 18349 1 2 0
7 79806 18349 2 3 0
7 79806 23941 0 1 0
7 79806 23941 1 2 0
7 79806 23941 2 3 0
7 79806 29949 0 1 0
7 79806 29949 1 2 0
7 79806 29949 2 3 0
7 79806 2633 0 1 0
7 79806 2633 1 2 0
7 79806 2633 2 3 0
7 79806 5663 0 3 0
7 79806 5663 1 4 0
7 79806 5663 2 1 0
7 79806 32529 0 1 0
7 79806 32529 1 2 0
7 79806 32529 2 3 0
7 79806 29929 0 1 0
7 79806 29929 1 2 0
7 79806 29929 2 3 0
7 79806 1785 0 1 0
7 79806 1785 1 2 0
7 79806 1785 2 3 0
7 79806 10329 0 1 0
7 79806 10329 1 2 0
7 79806 10329 2 3 0
7 79806 27491 0 3 0
7 79806 27491 1 4 0
7 79806 27491 2 1 0
7 79806 12557 0 1 0
7 79806 12557 1 2 0
7 79806 12557 2 3 0
7 79806 18223 0 3 0
7 79806 18223 1 4 0
7 79806 18223 2 1 0
7 79806 10977 0 1 0
7 79806 10977 1 2 0
7 79806 10977 2 3 0
7 79806 30565 0 1 0
7 79806 30565 1 2 0
7 79806 30565 2 3 0
7 79806 27567 0 3 0
7 79806 27567 1 4 0
7 79806 27567 2 1 0
7 79806 4759 0 3 0
7 79806 4759 1 4 0
7 79806 4759 2 1 0
7 79806 7725 0 1 0
7 79806 7725 1 2 0
7 79806 7725 2 3 0
7 79806 13235 0 3 0
7 79806 13235 1 4 0
7 79806 13235 2 1 0
7 79806 25869 0 1 0
7 79806 25869 1 2 0
7 79806 25869 2 3 0
7 79806 3799 0 3 0
7 79806 3799 1 4 0
7 79806 3799 2 1 0
7 79806 14945 0 1 0
7 79806 14945 1 2 0
7 79806 14945 2 3 0
7 79806 31419 0 3 0
7 79806 31419 1 4 0
7 79806 31419 2 1 0
7 79806 18675 0 3 0
7 79806 18675 1 4 0
7 79806 18675 2 1 0
7 79806 15745 0 1 0
7 79806 15745 1 2 0
7 79806 15745 2 3 0
7 79806 22341 0 1 0
7 79806 22341 1 2 0
7 79806 22341 2 3 0
7 79806 10831 0 3 0
7 79806 10831 1 4 0
7 79806 10831 2 1 0
7 79806 28607 0 3 0
7 79806 28607 1 4 0
7 79806 28607 2 1 0
7 79806 16499 0 3 0
7 79806 16499 1 4 0
7 79806 16499 2 1 0
7 79806 11993 0 1 0
7 79806 11993 1 2 0
7 79806 11993 2 3 0
7 79806 28131 0 3 0
7 79806 28131 1 4 0
7 79806 28131 2 1 0
7 79806 28303 0 3 0
7 79806 28303 1 4 0
7 79806 28303 2 1 0
7 79806 20997 0 1 0
7 79806 20997 1 2 0
7 79806 20997 2 3 0
7 79806 23681 0 1 0
7 79806 23681 1 2 0
7 79806 23681 2 3 0
7 79806 26063 0 3 0
7 79806 26063 1 4 0
7 79806 26063 2 1 0
7 79806 23859 0 3 0
7 79806 23859 1 4 0
7 79806 23859 2 1 0
7 79806 1515 0 3 0
7 79806 1515 1 4 0
7 79806 1515 2 1 0
7 79806 5805 0 1 0
7 79806 5805 1 2 0
7 79806 5805 2 3 0
7 79806 1745 0 1 0
7 79806 1745 1 2 0
7 79806 1745 2 3 0
7 79806 787 0 3 0
7 79806 787 1 4 0
7 79806 787 2 1 0
7 79806 28969 0 1 0
7 79806 28969 1 2 0
7 79806 28969 2 3 0
7 79806 10361 0 1 0
7 79806 10361 1 2 0
7 79806 10361 2 3 0
7 79806 10911 0 3 0
7 79806 10911 1 4 0
7 79806 10911 2 1 0
7 79806 9507 0 3 0
7 79806 9507 1 4 0
7 79806 9507 2 1 0
7 79806 30641 0 1 0
7 79806 30641 1 2 0
7 79806 30641 2 3 0
7 79806 18097 0 1 0
7 79806 18097 1 2 0
7 79806 18097 2 3 0
7 79806 12269 0 1 0
7 79806 12269 1 2 0
7 79806 12269 2 3 0
7 79806 20689 0 1 0
7 79806 20689 1 2 0
7 79806 20689 2 3 0
7 79806 563 0 3 0
7 79806 563 1 4 0
7 79806 563 2 1 0
7 79806 2057 0 1 0
7 79806 2057 1 2 0
7 79806 2057 2 3 0
7 79806 25817 0 1 0
7 79806 25817 1 2 0
7 79806 25817 2 3 0
7 79806 14235 0 3 0
7 79806 14235 1 4 0
7 79806 14235 2 1 0
7 79806 175 0 3 0
7 79806 175 1 4 0
7 79806 175 2 1 0
7 79806 13849 0 1 0
7 79806 13849 1 2 0
7 79806 13849 2 3 0
7 79806 7613 0 1 0
7 79806 7613 1 2 0
7 79806 7613 2 3 0
7 79806 6737 0 1 0
7 79806 6737 1 2 0
7 79806 6737 2 3 0
7 79806 22613 0 1 0
7 79806 22613 1 2 0
7 79806 22613 2 3 0
7 79806 30709 0 1 0
7 79806 30709 1 2 0
7 79806 30709 2 3 0
7 79806 15573 0 1 0
7 79806 15573 1 2 0
7 79806 15573 2 3 0
7 79806 14401 0 1 0
7 79806 14401 1 2 0
7 79806 14401 2 3 0
7 79806 23935 0 3 0
7 79806 23935 1 4 0
7 79806 23935 2 1 0
7 79806 309 0 1 0
7 79806 309 1 2 0
7 79806 309 2 3 0
7 79806 31333 0 1 0
7 79806 31333 1 2 0
7 79806 31333 2 3 0
7 79806 26081 0 1 0
7 79806 26081 1 2 0
7 79806 26081 2 3 0
7 79806 22915 0 3 0
7 79806 22915 1 4 0
7 79806 22915 2 1 0
7 79806 15839 0 3 0
7 79806 15839 1 4 0
7 79806 15839 2 1 0
7 79806 30453 0 1 0
7 79806 30453 1 2 0
7 79806 30453 2 3 0
7 79806 22971 0 3 0
7 79806 22971 1 4 0
7 79806 22971 2 1 0
7 79806 27461 0 1 0
7 79806 27461 1 2 0
7 79806 27461 2 3 0
7 79806 19271 0 3 0
7 79806 19271 1 4 0
7 79806 19271 2 1 0
7 79806 20327 0 3 0
7 79806 20327 1 4 0
7 79806 20327 2 1 0
7 79806 14323 0 3 0
7 79806 14323 1 4 0
7 79806 14323 2 1 0
7 79806 32013 0 1 0
7 79806 32013 1 2 0
7 79806 32013 2 3 0
7 79806 9221 0 1 0
7 79806 9221 1 2 0
7 79806 9221 2 3 0
7 79806 16983 0 3 0
7 79806 16983 1 4 0
7 79806 16983 2 1 0
7 79806 20889 0 1 0
7 79806 20889 1 2 0
7 79806 20889 2 3 0
7 79806 16083 0 3 0
7 79806 16083 1 4 0
7 79806 16083 2 1 0
7 79806 31141 0 1 0
7 79806 31141 1 2 0
7 79806 31141 2 3 0
7 79806 17429 0 1 0
7 79806 17429 1 2 0
7 79806 17429 2 3 0
7 79806 25237 0 1 0
7 79806 25237 1 2 0
7 79806 25237 2 3 0
7 79806 20021 0 1 0
7 79806 20021 1 2 0
7 79806 20021 2 3 0
7 79806 1441 0 1 0
7 79806 1441 1 2 0
7 79806 1441 2 3 0
7 79806 345 0 1 0
7 79806 345 1 2 0
7 79806 345 2 3 0
7 79806 25447 0 3 0
7 79806 25447 1 4 0
7 79806 25447 2 1 0
7 79806 15879 0 3 0
7 79806 15879 1 4 0
7 79806 15879 2 1 0
7 79806 10139 0 3 0
7 79806 10139 1 4 0
7 79806 10139 2 1 0
7 79806 16679 0 3 0
7 79806 16679 1 4 0
7 79806 16679 2 1 0
7 79806 21571 0 3 0
7 79806 21571 1 4 0
7 79806 21571 2 1 0
7 79806 10557 0 1 0
7 79806 10557 1 2 0
7 79806 10557 2 3 0
7 79806 11865 0 1 0
7 79806 11865 1 2 0
7 79806 11865 2 3 0
7 79806 16387 0 3 0
7 79806 16387 1 4 0
7 79806 16387 2 1 0
7 79806 29987 0 3 0
7 79806 29987 1 4 0
7 79806 29987 2 1 0
7 79806 28193 0 1 0
7 79806 28193 1 2 0
7 79806 28193 2 3 0
7 79806 13963 0 3 0
7 79806 13963 1 4 0
7 79806 13963 2 1 0
7 79806 12403 0 3 0
7 79806 12403 1 4 0
7 79806 12403 2 1 0
7 79806 1585 0 1 0
7 79806 1585 1 2 0
7 79806 1585 2 3 0
7 79806 14933 0 1 0
7 79806 14933 1 2 0
7 79806 14933 2 3 0
7 79806 7769 0 1 0
7 79806 7769 1 2 0
7 79806 7769 2 3 0
7 79806 12999 0 3 0
7 79806 12999 1 4 0
7 79806 12999 2 1 0
7 79806 5697 0 1 0
7 79806 5697 1 2 0
7 79806 5697 2 3 0
7 79806 14881 0 1 0
7 79806 14881 1 2 0
7 79806 14881 2 3 0
7 79806 18935 0 3 0
7 79806 18935 1 4 0
7 79806 18935 2 1 0
7 79806 6351 0 3 0
7 79806 6351 1 4 0
7 79806 6351 2 1 0
7 79806 22711 0 3 0
7 79806 22711 1 4 0
7 79806 22711 2 1 0
7 79806 23523 0 3 0
7 79806 23523 1 4 0
7 79806 23523 2 1 0
7 79806 31135 0 3 0
7 79806 31135 1 4 0
7 79806 31135 2 1 0
7 79806 5429 0 1 0
7 79806 5429 1 2 0
7 79806 5429 2 3 0
7 79806 30019 0 3 0
7 79806 30019 1 4 0
7 79806 30019 2 1 0
7 79806 32215 0 3 0
7 79806 32215 1 4 0
7 79806 32215 2 1 0
7 79806 22533 0 1 0
7 79806 22533 1 2 0
7 79806 22533 2 3 0
7 79806 2877 0 1 0
7 79806 2877 1 2 0
7 79806 2877 2 3 0
7 79806 3337 0 1 0
7 79806 3337 1 2 0
7 79806 3337 2 3 0
7 79806 16851 0 3 0
7 79806 16851 1 4 0
7 79806 16851 2 1 0
7 79806 14423 0 3 0
7 79806 14423 1 4 0
7 79806 14423 2 1 0
7 79806 18953 0 1 0
7 79806 18953 1 2 0
7 79806 18953 2 3 0
7 79806 16079 0 3 0
7 79806 16079 1 4 0
7 79806 16079 2 1 0
7 79806 19201 0 1 0
7 79806 19201 1 2 0
7 79806 19201 2 3 0
7 79806 26649 0 1 0
7 79806 26649 1 2 0
7 79806 26649 2 3 0
7 79806 8643 0 3 0
7 79806 8643 1 4 0
7 79806 8643 2 1 0
7 79806 4451 0 3 0
7 79806 4451 1 4 0
7 79806 4451 2 1 0
7 79806 29847 0 3 0
7 79806 29847 1 4 0
7 79806 29847 2 1 0
7 79806 5625 0 1 0
7 79806 5625 1 2 0
7 79806 5625 2 3 0
7 79806 15339 0 3 0
7 79806 15339 1 4 0
7 79806 15339 2 1 0
7 79806 32131 0 3 0
7 79806 32131 1 4 0
7 79806 32131 2 1 0
7 79806 12303 0 3 0
7 79806 12303 1 4 0
7 79806 12303 2 1 0
7 79806 15353 0 1 0
7 79806 15353 1 2 0
7 79806 15353 2 3 0
7 79806 30483 0 3 0
7 79806 30483 1 4 0
7 79806 30483 2 1 0
7 79806 13397 0 1 0
7 79806 13397 1 2 0
7 79806 13397 2 3 0
7 79806 16803 0 3 0
7 79806 16803 1 4 0
7 79806 16803 2 1 0
7 79806 25439 0 3 0
7 79806 25439 1 4 0
7 79806 25439 2 1 0
7 79806 15653 0 1 0
7 79806 15653 1 2 0
7 79806 15653 2 3 0
7 79806 17859 0 3 0
7 79806 17859 1 4 0
7 79806 17859 2 1 0
7 79806 22269 0 1 0
7 79806 22269 1 2 0
7 79806 22269 2 3 0
7 79806 29019 0 3 0
7 79806 29019 1 4 0
7 79806 29019 2 1 0
7 79806 16431 0 3 0
7 79806 16431 1 4 0
7 79806 16431 2 1 0
7 79806 29953 0 1 0
7 79806 29953 1 2 0
7 79806 29953 2 3 0
7 79806 20847 0 3 0
7 79806 20847 1 4 0
7 79806 20847 2 1 0
7 79806 10583 0 3 0
7 79806 10583 1 4 0
7 79806 10583 2 1 0
8 79806 11167 0 3 0
8 79806 11167 1 4 0
8 79806 11167 2 1 0
8 79806 2311 0 3 0
8 79806 2311 1 4 0
8 79806 2311 2 1 0
8 79806 7891 0 3 0
8 79806 7891 1 4 0
8 79806 7891 2 1 0
8 79806 12793 0 1 0
8 79806 12793 1 2 0
8 79806 12793 2 3 0
8 79806 8463 0 3 0
8 79806 8463 1 4 0
8 79806 8463 2 1 0
8 79806 26873 0 1 0
8 79806 26873 1 2 0
8 79806 26873 2 3 0
8 79806 889 0 1 0
8 79806 889 1 2 0
8 79806 889 2 3 0
8 79806 15251 0 3 0
8 79806 15251 1 4 0
8 79806 15251 2 1 0
8 79806 8675 0 3 0
8 79806 8675 1 4 0
8 79806 8675 2 1 0
8 79806 32141 0 1 0
8 79806 32141 1 2 0
8 79806 32141 2 3 0
8 79806 15881 0 1 0
8 79806 15881 1 2 0
8 79806 15881 2 3 0
8 79806 31589 0 1 0
8 79806 31589 1 2 0
8 79806 31589 2 3 0
8 79806 19003 0 3 0
8 79806 19003 1 4 0
8 79806 19003 2 1 0
8 79806 17579 0 3 0
8 79806 17579 1 4 0
8 79806 17579 2 1 0
8 79806 12647 0 3 0
8 79806 12647 1 4 0
8 79806 12647 2 1 0
8 79806 2031 0 3 0
8 79806 2031 1 4 0
8 79806 2031 2 1 0
8 79806 19203 0 3 0
8 79806 19203 1 4 0
8 79806 19203 2 1 0
8 79806 8911 0 3 0
8 79806 8911 1 4 0
8 79806 8911 2 1 0
8 79806 9063 0 3 0
8 79806 9063 1 4 0
8 79806 9063 2 1 0
8 79806 24045 0 1 0
8 79806 24045 1 2 0
8 79806 24045 2 3 0
8 79806 27015 0 3 0
8 79806 27015 1 4 0
8 79806 27015 2 1 0
8 79806 16825 0 1 0
8 79806 16825 1 2 0
8 79806 16825 2 3 0
8 79806 21865 0 1 0
8 79806 21865 1 2 0
8 79806 21865 2 3 0
8 79806 20869 0 1 0
8 79806 20869 1 2 0
8 79806 20869 2 3 0
8 79806 11171 0 3 0
8 79806 11171 1 4 0
8 79806 11171 2 1 0
8 79806 24591 0 3 0
8 79806 24591 1 4 0
8 79806 24591 2 1 0
8 79806 31501 0 1 0
8 79806 31501 1 2 0
8 79806 31501 2 3 0
8 79806 26013 0 1 0
8 79806 26013 1 2 0
8 79806 26013 2 3 0
8 79806 31747 0 3 0
8 79806 31747 1 4 0
8 79806 31747 2 1 0
8 79806 3973 0 1 0
8 79806 3973 1 2 0
8 79806 3973 2 3 0
8 79806 22849 0 1 0
8 79806 22849 1 2 0
8 79806 22849 2 3 0
8 79806 18833 0 1 0
8 79806 18833 1 2 0
8 79806 18833 2 3 0
8 79806 8689 0 1 0
8 79806 8689 1 2 0
8 79806 8689 2 3 0
8 79806 24673 0 1 0
8 79806 24673 1 2 0
8 79806 24673 2 3 0
8 79806 24525 0 1 0
8 79806 24525 1 2 0
8 79806 24525 2 3 0
8 79806 10165 0 1 0
8 79806 10165 1 2 0
8 79806 10165 2 3 0
8 79806 2865 0 1 0
8 79806 2865 1 2 0
8 79806 2865 2 3 0
8 79806 12425 0 1 0
8 79806 12425 1 2 0
8 79806 12425 2 3 0
8 79806 20055 0 3 0
8 79806 20055 1 4 0
8 79806 20055 2 1 0
8 79806 13047 0 3 0
8 79806 13047 1 4 0
8 79806 13047 2 1 0
8 79806 18229 0 1 0
8 79806 18229 1 2 0
8 79806 18229 2 3 0
8 79806 16245 0 1 0
8 79806 16245 1 2 0
8 79806 16245 2 3 0
8 79806 22535 0 3 0
8 79806 22535 1 4 0
8 79806 22535 2 1 0
8 79806 19159 0 3 0
8 79806 19159 1 4 0
8 79806 19159 2 1 0
8 79806 29615 0 3 0
8 79806 29615 1 4 0
8 79806 29615 2 1 0
8 79806 2995 0 3 0
8 79806 2995 1 4 0
8 79806 2995 2 1 0
8 79806 17415 0 3 0
8 79806 17415 1 4 0
8 79806 17415 2 1 0
8 79806 14155 0 3 0
8 79806 14155 1 4 0
8 79806 14155 2 1 0
8 79806 15819 0 3 0
8 79806 15819 1 4 0
8 79806 15819 2 1 0
8 79806 16117 0 1 0
8 79806 16117 1 2 0
8 79806 16117 2 3 0
8 79806 26115 0 3 0
8 79806 26115 1 4 0
8 79806 26115 2 1 0
8 79806 18323 0 3 0
8 79806 18323 1 4 0
8 79806 18323 2 1 0
8 79806 29407 0 3 0
8 79806 29407 1 4 0
8 79806 29407 2 1 0
8 79806 1717 0 1 0
8 79806 1717 1 2 0
8 79806 1717 2 3 0
8 79806 13579 0 3 0
8 79806 13579 1 4 0
8 79806 13579 2 1 0
8 79806 10643 0 3 0
8 79806 10643 1 4 0
8 79806 10643 2 1 0
8 79806 31691 0 3 0
8 79806 31691 1 4 0
8 79806 31691 2 1 0
8 79806 10529 0 1 0
8 79806 10529 1 2 0
8 79806 10529 2 3 0
8 79806 13861 0 1 0
8 79806 13861 1 2 0
8 79806 13861 2 3 0
8 79806 513 0 1 0
8 79806 513 1 2 0
8 79806 513 2 3 0
8 79806 53 0 1 0
8 79806 53 1 2 0
8 79806 53 2 3 0
8 79806 4943 0 3 0
8 79806 4943 1 4 0
8 79806 4943 2 1 0
8 79806 11745 0 1 0
8 79806 11745 1 2 0
8 79806 11745 2 3 0
8 79806 28513 0 1 0
8 79806 28513 1 2 0
8 79806 28513 2 3 0
8 79806 31055 0 3 0
8 79806 31055 1 4 0
8 79806 31055 2 1 0
8 79806 25911 0 3 0
8 79806 25911 1 4 0
8 79806 25911 2 1 0
8 79806 7477 0 1 0
8 79806 7477 1 2 0
8 79806 7477 2 3 0
8 79806 1779 0 3 0
8 79806 1779 1 4 0
8 79806 1779 2 1 0
8 79806 28181 0 1 0
8 79806 28181 1 2 0
8 79806 28181 2 3 0
8 79806 15019 0 3 0
8 79806 15019 1 4 0
8 79806 15019 2 1 0
8 79806 31059 0 3 0
8 79806 31059 1 4 0
8 79806 31059 2 1 0
8 79806 15593 0 1 0
8 79806 15593 1 2 0
8 79806 15593 2 3 0
8 79806 9093 0 1 0
8 79806 9093 1 2 0
8 79806 9093 2 3 0
8 79806 19841 0 1 0
8 79806 19841 1 2 0
8 79806 19841 2 3 0
8 79806 28671 0 3 0
8 79806 28671 1 4 0
8 79806 28671 2 1 0
8 79806 6945 0 1 0
8 79806 6945 1 2 0
8 79806 6945 2 3 0
8 79806 31035 0 3 0
8 79806 31035 1 4 0
8 79806 31035 2 1 0
8 79806 28003 0 3 0
8 79806 28003 1 4 0
8 79806 28003 2 1 0
8 79806 14455 0 3 0
8 79806 14455 1 4 0
8 79806 14455 2 1 0
8 79806 21057 0 1 0
8 79806 21057 1 2 0
8 79806 21057 2 3 0
8 79806 12355 0 3 0
8 79806 12355 1 4 0
8 79806 12355 2 1 0
8 79806 3805 0 1 0
8 79806 3805 1 2 0
8 79806 3805 2 3 0
8 79806 10151 0 3 0
8 79806 10151 1 4 0
8 79806 10151 2 1 0
8 79806 16699 0 3 0
8 79806 16699 1 4 0
8 79806 16699 2 1 0
8 79806 2441 0 1 0
8 79806 2441 1 2 0
8 79806 2441 2 3 0
8 79806 20687 0 3 0
8 79806 20687 1 4 0
8 79806 20687 2 1 0
8 79806 8097 0 1 0
8 79806 8097 1 2 0
8 79806 8097 2 3 0
8 79806 31167 0 3 0
8 79806 31167 1 4 0
8 79806 31167 2 1 0
8 79806 4387 0 3 0
8 79806 4387 1 4 0
8 79806 4387 2 1 0
8 79806 15185 0 1 0
8 79806 15185 1 2 0
8 79806 15185 2 3 0
8 79806 29519 0 3 0
8 79806 29519 1 4 0
8 79806 29519 2 1 0
8 79806 25719 0 3 0
8 79806 25719 1 4 0
8 79806 25719 2 1 0
8 79806 16513 0 1 0
8 79806 16513 1 2 0
8 79806 16513 2 3 0
8 79806 1361 0 1 0
8 79806 1361 1 2 0
8 79806 1361 2 3 0
8 79806 22847 0 3 0
8 79806 22847 1 4 0
8 79806 22847 2 1 0
8 79806 25743 0 3 0
8 79806 25743 1 4 0
8 79806 25743 2 1 0
8 79806 19609 0 1 0
8 79806 19609 1 2 0
8 79806 19609 2 3 0
8 79806 31013 0 1 0
8 79806 31013 1 2 0
8 79806 31013 2 3 0
8 79806 10543 0 3 0
8 79806 10543 1 4 0
8 79806 10543 2 1 0
8 79806 11989 0 1 0
8 79806 11989 1 2 0
8 79806 11989 2 3 0
8 79806 32673 0 1 0
8 79806 32673 1 2 0
8 79806 32673 2 3 0
8 79806 26933 0 1 0
8 79806 26933 1 2 0
8 79806 26933 2 3 0
8 79806 19403 0 3 0
8 79806 19403 1 4 0
8 79806 19403 2 1 0
8 79806 30999 0 3 0
8 79806 30999 1 4 0
8 79806 30999 2 1 0
8 79806 5015 0 3 0
8 79806 5015 1 4 0
8 79806 5015 2 1 0
8 79806 24247 0 3 0
8 79806 24247 1 4 0
8 79806 24247 2 1 0
8 79806 29195 0 3 0
8 79806 29195 1 4 0
8 79806 29195 2 1 0
8 79806 26737 0 1 0
8 79806 26737 1 2 0
8 79806 26737 2 3 0
8 79806 3723 0 3 0
8 79806 3723 1 4 0
8 79806 3723 2 1 0
8 79806 6855 0 3 0
8 79806 6855 1 4 0
8 79806 6855 2 1 0
8 79806 1895 0 3 0
8 79806 1895 1 4 0
8 79806 1895 2 1 0
8 79806 32051 0 3 0
8 79806 32051 1 4 0
8 79806 32051 2 1 0
8 79806 23555 0 3 0
8 79806 23555 1 4 0
8 79806 23555 2 1 0
8 79806 22129 0 1 0
8 79806 22129 1 2 0
8 79806 22129 2 3 0
8 79806 20967 0 3 0
8 79806 20967 1 4 0
8 79806 20967 2 1 0
8 79806 3659 0 3 0
8 79806 3659 1 4 0
8 79806 3659 2 1 0
8 79806 11209 0 1 0
8 79806 11209 1 2 0
8 79806 11209 2 3 0
8 79806 7193 0 1 0
8 79806 7193 1 2 0
8 79806 7193 2 3 0
8 79806 18895 0 3 0
8 79806 18895 1 4 0
8 79806 18895 2 1 0
8 79806 7087 0 3 0
8 79806 7087 1 4 0
8 79806 7087 2 1 0
8 79806 24693 0 1 0
8 79806 24693 1 2 0
8 79806 24693 2 3 0
8 79806 14065 0 1 0
8 79806 14065 1 2 0
8 79806 14065 2 3 0
8 79806 17837 0 1 0
8 79806 17837 1 2 0
8 79806 17837 2 3 0
8 79806 31531 0 3 0
8 79806 31531 1 4 0
8 79806 31531 2 1 0
8 79806 23103 0 3 0
8 79806 23103 1 4 0
8 79806 23103 2 1 0
8 79806 2727 0 3 0
8 79806 2727 1 4 0
8 79806 2727 2 1 0
8 79806 14981 0 1 0
8 79806 14981 1 2 0
8 79806 14981 2 3 0
8 79806 8069 0 1 0
8 79806 8069 1 2 0
8 79806 8069 2 3 0
8 79806 9819 0 3 0
8 79806 9819 1 4 0
8 79806 9819 2 1 0
8 79806 32309 0 1 0
8 79806 32309 1 2 0
8 79806 32309 2 3 0
8 79806 5427 0 3 0
8 79806 5427 1 4 0
8 79806 5427 2 1 0
8 79806 32579 0 3 0
8 79806 32579 1 4 0
8 79806 32579 2 1 0
8 79806 3565 0 1 0
8 79806 3565 1 2 0
8 79806 3565 2 3 0
8 79806 28673 0 1 0
8 79806 28673 1 2 0
8 79806 28673 2 3 0
8 79806 16663 0 3 0
8 79806 16663 1 4 0
8 79806 16663 2 1 0
8 79806 23411 0 3 0
8 79806 23411 1 4 0
8 79806 23411 2 1 0
8 79806 25089 0 1 0
8 79806 25089 1 2 0
8 79806 25089 2 3 0
8 79806 5101 0 1 0
8 79806 5101 1 2 0
8 79806 5101 2 3 0
8 79806 1183 0 3 0
8 79806 1183 1 4 0
8 79806 1183 2 1 0
8 79806 11149 0 1 0
8 79806 11149 1 2 0
8 79806 11149 2 3 0
8 79806 21921 0 1 0
8 79806 21921 1 2 0
8 79806 21921 2 3 0
8 79806 28765 0 1 0
8 79806 28765 1 2 0
8 79806 28765 2 3 0
8 79806 14507 0 3 0
8 79806 14507 1 4 0
8 79806 14507 2 1 0
8 79806 2965 0 1 0
8 79806 2965 1 2 0
8 79806 2965 2 3 0
8 79806 12887 0 3 0
8 79806 12887 1 4 0
8 79806 12887 2 1 0
8 79806 28409 0 1 0
8 79806 28409 1 2 0
8 79806 28409 2 3 0
8 79806 15957 0 1 0
8 79806 15957 1 2 0
8 79806 15957 2 3 0
8 79806 9909 0 1 0
8 79806 9909 1 2 0
8 79806 9909 2 3 0
8 79806 30705 0 1 0
8 79806 30705 1 2 0
8 79806 30705 2 3 0
8 79806 4591 0 3 0
8 79806 4591 1 4 0
8 79806 4591 2 1 0
8 79806 26031 0 3 0
8 79806 26031 1 4 0
8 79806 26031 2 1 0
8 79806 703 0 3 0
8 79806 703 1 4 0
8 79806 703 2 1 0
8 79806 2111 0 3 0
8 79806 2111 1 4 0
8 79806 2111 2 1 0
8 79806 20351 0 3 0
8 79806 20351 1 4 0
8 79806 20351 2 1 0
8 79806 17239 0 3 0
8 79806 17239 1 4 0
8 79806 17239 2 1 0
8 79806 939 0 3 0
8 79806 939 1 4 0
8 79806 939 2 1 0
8 79806 24477 0 1 0
8 79806 24477 1 2 0
8 79806 24477 2 3 0
8 79806 1671 0 3 0
8 79806 1671 1 4 0
8 79806 1671 2 1 0
8 79806 1395 0 3 0
8 79806 1395 1 4 0
8 79806 1395 2 1 0
8 79806 2705 0 1 0
8 79806 2705 1 2 0
8 79806 2705 2 3 0
8 79806 15849 0 1 0
8 79806 15849 1 2 0
8 79806 15849 2 3 0
8 79806 24221 0 1 0
8 79806 24221 1 2 0
8 79806 24221 2 3 0
8 79806 18667 0 3 0
8 79806 18667 1 4 0
8 79806 18667 2 1 0
8 79806 31309 0 1 0
8 79806 31309 1 2 0
8 79806 31309 2 3 0
8 79806 32635 0 3 0
8 79806 32635 1 4 0
8 79806 32635 2 1 0
8 79806 953 0 1 0
8 79806 953 1 2 0
8 79806 953 2 3 0
8 79806 2919 0 3 0
8 79806 2919 1 4 0
8 79806 2919 2 1 0
8 79806 25979 0 3 0
8 79806 25979 1 4 0
8 79806 25979 2 1 0
8 79806 3829 0 1 0
8 79806 3829 1 2 0
8 79806 3829 2 3 0
8 79806 23929 0 1 0
8 79806 23929 1 2 0
8 79806 23929 2 3 0
8 79806 9929 0 1 0
8 79806 9929 1 2 0
8 79806 9929 2 3 0
8 79806 7907 0 3 0
8 79806 7907 1 4 0
8 79806 7907 2 1 0
8 79806 8365 0 1 0
8 79806 8365 1 2 0
8 79806 8365 2 3 0
8 79806 17751 0 3 0
8 79806 17751 1 4 0
8 79806 17751 2 1 0
8 79806 15509 0 1 0
8 79806 15509 1 2 0
8 79806 15509 2 3 0
8 79806 2101 0 1 0
8 79806 2101 1 2 0
8 79806 2101 2 3 0
8 79806 27233 0 1 0
8 79806 27233 1 2 0
8 79806 27233 2 3 0
8 79806 16517 0 1 0
8 79806 16517 1 2 0
8 79806 16517 2 3 0
8 79806 25715 0 3 0
8 79806 25715 1 4 0
8 79806 25715 2 1 0
8 79806 5661 0 1 0
8 79806 5661 1 2 0
8 79806 5661 2 3 0
8 79806 30175 0 3 0
8 79806 30175 1 4 0
8 79806 30175 2 1 0
8 79806 32655 0 3 0
8 79806 32655 1 4 0
8 79806 32655 2 1 0
8 79806 4807 0 3 0
8 79806 4807 1 4 0
8 79806 4807 2 1 0
8 79806 30967 0 3 0
8 79806 30967 1 4 0
8 79806 30967 2 1 0
8 79806 26121 0 1 0
8 79806 26121 1 2 0
8 79806 26121 2 3 0
8 79806 30607 0 3 0
8 79806 30607 1 4 0
8 79806 30607 2 1 0
8 79806 30451 0 3 0
8 79806 30451 1 4 0
8 79806 30451 2 1 0
8 79806 5417 0 1 0
8 79806 5417 1 2 0
8 79806 5417 2 3 0
8 79806 5479 0 3 0
8 79806 5479 1 4 0
8 79806 5479 2 1 0
8 79806 4871 0 3 0
8 79806 4871 1 4 0
8 79806 4871 2 1 0
8 79806 22701 0 1 0
8 79806 22701 1 2 0
8 79806 22701 2 3 0
8 79806 26511 0 3 0
8 79806 26511 1 4 0
8 79806 26511 2 1 0
8 79806 30509 0 1 0
8 79806 30509 1 2 0
8 79806 30509 2 3 0
8 79806 12935 0 3 0
8 79806 12935 1 4 0
8 79806 12935 2 1 0
8 79806 6549 0 1 0
8 79806 6549 1 2 0
8 79806 6549 2 3 0
8 79806 17841 0 1 0
8 79806 17841 1 2 0
8 79806 17841 2 3 0
8 79806 26743 0 3 0
8 79806 26743 1 4 0
8 79806 26743 2 1 0
8 79806 32547 0 3 0
8 79806 32547 1 4 0
8 79806 32547 2 1 0
8 79806 15577 0 1 0
8 79806 15577 1 2 0
8 79806 15577 2 3 0
8 79806 27275 0 3 0
8 79806 27275 1 4 0
8 79806 27275 2 1 0
8 79806 10833 0 1 0
8 79806 10833 1 2 0
8 79806 10833 2 3 0
8 79806 18025 0 1 0
8 79806 18025 1 2 0
8 79806 18025 2 3 0
8 79806 1237 0 1 0
8 79806 1237 1 2 0
8 79806 1237 2 3 0
8 79806 24557 0 1 0
8 79806 24557 1 2 0
8 79806 24557 2 3 0
8 79806 15825 0 1 0
8 79806 15825 1 2 0
8 79806 15825 2 3 0
8 79806 16193 0 1 0
8 79806 16193 1 2 0
8 79806 16193 2 3 0
8 79806 27027 0 3 0
8 79806 27027 1 4 0
8 79806 27027 2 1 0
8 79806 15035 0 3 0
8 79806 15035 1 4 0
8 79806 15035 2 1 0
8 79806 25297 0 1 0
8 79806 25297 1 2 0
8 79806 25297 2 3 0
8 79806 28137 0 1 0
8 79806 28137 1 2 0
8 79806 28137 2 3 0
8 79806 21747 0 3 0
8 79806 21747 1 4 0
8 79806 21747 2 1 0
8 79806 4445 0 1 0
8 79806 4445 1 2 0
8 79806 4445 2 3 0
8 79806 869 0 1 0
8 79806 869 1 2 0
8 79806 869 2 3 0
8 79806 28179 0 3 0
8 79806 28179 1 4 0
8 79806 28179 2 1 0
8 79806 4249 0 1 0
8 79806 4249 1 2 0
8 79806 4249 2 3 0
8 79806 5275 0 3 0
8 79806 5275 1 4 0
8 79806 5275 2 1 0
8 79806 11771 0 3 0
8 79806 11771 1 4 0
8 79806 11771 2 1 0
8 79806 25589 0 1 0
8 79806 25589 1 2 0
8 79806 25589 2 3 0
8 79806 18851 0 3 0
8 79806 18851 1 4 0
8 79806 18851 2 1 0
8 79806 3549 0 1 0
8 79806 3549 1 2 0
8 79806 3549 2 3 0
8 79806 9841 0 1 0
8 79806 9841 1 2 0
8 79806 9841 2 3 0
8 79806 28933 0 1 0
8 79806 28933 1 2 0
8 79806 28933 2 3 0
8 79806 15427 0 3 0
8 79806 15427 1 4 0
8 79806 15427 2 1 0
8 79806 19083 0 3 0
8 79806 19083 1 4 0
8 79806 19083 2 1 0
8 79806 21127 0 3 0
8 79806 21127 1 4 0
8 79806 21127 2 1 0
8 79806 4701 0 1 0
8 79806 4701 1 2 0
8 79806 4701 2 3 0
8 79806 25761 0 1 0
8 79806 25761 1 2 0
8 79806 25761 2 3 0
8 79806 28289 0 1 0
8 79806 28289 1 2 0
8 79806 28289 2 3 0
8 79806 25027 0 3 0
8 79806 25027 1 4 0
8 79806 25027 2 1 0
8 79806 9023 0 3 0
8 79806 9023 1 4 0
8 79806 9023 2 1 0
8 79806 10655 0 3 0
8 79806 10655 1 4 0
8 79806 10655 2 1 0
8 79806 8917 0 1 0
8 79806 8917 1 2 0
8 79806 8917 2 3 0
8 79806 2303 0 3 0
8 79806 2303 1 4 0
8 79806 2303 2 1 0
8 79806 17389 0 1 0
8 79806 17389 1 2 0
8 79806 17389 2 3 0
8 79806 26719 0 3 0
8 79806 26719 1 4 0
8 79806 26719 2 1 0
8 79806 17285 0 1 0
8 79806 17285 1 2 0
8 79806 17285 2 3 0
8 79806 32637 0 1 0
8 79806 32637 1 2 0
8 79806 32637 2 3 0
8 79806 18963 0 3 0
8 79806 18963 1 4 0
8 79806 18963 2 1 0
8 79806 24683 0 3 0
8 79806 24683 1 4 0
8 79806 24683 2 1 0
8 79806 14493 0 1 0
8 79806 14493 1 2 0
8 79806 14493 2 3 0
8 79806 27241 0 1 0
8 79806 27241 1 2 0
8 79806 27241 2 3 0
8 79806 3069 0 1 0
8 79806 3069 1 2 0
8 79806 3069 2 3 0
8 79806 6239 0 3 0
8 79806 6239 1 4 0
8 79806 6239 2 1 0
8 79806 29963 0 3 0
8 79806 29963 1 4 0
8 79806 29963 2 1 0
8 79806 27193 0 1 0
8 79806 27193 1 2 0
8 79806 27193 2 3 0
8 79806 7497 0 1 0
8 79806 7497 1 2 0
8 79806 7497 2 3 0
8 79806 18053 0 1 0
8 79806 18053 1 2 0
8 79806 18053 2 3 0
8 79806 23387 0 3 0
8 79806 23387 1 4 0
8 79806 23387 2 1 0
8 79806 18119 0 3 0
8 79806 18119 1 4 0
8 79806 18119 2 1 0
8 79806 8227 0 3 0
8 79806 8227 1 4 0
8 79806 8227 2 1 0
8 79806 19043 0 3 0
8 79806 19043 1 4 0
8 79806 19043 2 1 0
8 79806 20441 0 1 0
8 79806 20441 1 2 0
8 79806 20441 2 3 0
8 79806 28051 0 3 0
8 79806 28051 1 4 0
8 79806 28051 2 1 0
8 79806 3621 0 1 0
8 79806 3621 1 2 0
8 79806 3621 2 3 0
8 79806 25267 0 3 0
8 79806 25267 1 4 0
8 79806 25267 2 1 0
8 79806 21329 0 1 0
8 79806 21329 1 2 0
8 79806 21329 2 3 0
8 79806 27093 0 1 0
8 79806 27093 1 2 0
8 79806 27093 2 3 0
8 79806 18443 0 3 0
8 79806 18443 1 4 0
8 79806 18443 2 1 0
8 79806 3867 0 3 0
8 79806 3867 1 4 0
8 79806 3867 2 1 0
8 79806 25033 0 1 0
8 79806 25033 1 2 0
8 79806 25033 2 3 0
8 79806 17101 0 1 0
8 79806 17101 1 2 0
8 79806 17101 2 3 0
8 79806 29667 0 3 0
8 79806 29667 1 4 0
8 79806 29667 2 1 0
8 79806 27091 0 3 0
8 79806 27091 1 4 0
8 79806 27091 2 1 0
8 79806 17037 0 1 0
8 79806 17037 1 2 0
8 79806 17037 2 3 0
8 79806 16011 0 3 0
8 79806 16011 1 4 0
8 79806 16011 2 1 0
8 79806 23015 0 3 0
8 79806 23015 1 4 0
8 79806 23015 2 1 0
8 79806 8711 0 3 0
8 79806 8711 1 4 0
8 79806 8711 2 1 0
8 79806 32493 0 1 0
8 79806 32493 1 2 0
8 79806 32493 2 3 0
8 79806 22781 0 1 0
8 79806 22781 1 2 0
8 79806 22781 2 3 0
8 79806 9931 0 3 0
8 79806 9931 1 4 0
8 79806 9931 2 1 0
8 79806 29517 0 1 0
8 79806 29517 1 2 0
8 79806 29517 2 3 0
8 79806 18729 0 1 0
8 79806 18729 1 2 0
8 79806 18729 2 3 0
8 79806 11069 0 1 0
8 79806 11069 1 2 0
8 79806 11069 2 3 0
8 79806 3487 0 3 0
8 79806 3487 1 4 0
8 79806 3487 2 1 0
8 79806 5131 0 3 0
8 79806 5131 1 4 0
8 79806 5131 2 1 0
8 79806 10963 0 3 0
8 79806 10963 1 4 0
8 79806 10963 2 1 0
8 79806 3845 0 1 0
8 79806 3845 1 2 0
8 79806 3845 2 3 0
8 79806 26559 0 3 0
8 79806 26559 1 4 0
8 79806 26559 2 1 0
8 79806 9729 0 1 0
8 79806 9729 1 2 0
8 79806 9729 2 3 0
8 79806 21507 0 3 0
8 79806 21507 1 4 0
8 79806 21507 2 1 0
8 79806 3127 0 3 0
8 79806 3127 1 4 0
8 79806 3127 2 1 0
8 79806 32323 0 3 0
8 79806 32323 1 4 0
8 79806 32323 2 1 0
8 79806 21039 0 3 0
8 79806 21039 1 4 0
8 79806 21039 2 1 0
8 79806 3627 0 3 0
8 79806 3627 1 4 0
8 79806 3627 2 1 0
8 79806 22393 0 1 0
8 79806 22393 1 2 0
8 79806 22393 2 3 0
8 79806 10601 0 1 0
8 79806 10601 1 2 0
8 79806 10601 2 3 0
8 79806 32135 0 3 0
8 79806 32135 1 4 0
8 79806 32135 2 1 0
8 79806 20899 0 3 0
8 79806 20899 1 4 0
8 79806 20899 2 1 0
8 79806 23101 0 1 0
8 79806 23101 1 2 0
8 79806 23101 2 3 0
8 79806 17627 0 3 0
8 79806 17627 1 4 0
8 79806 17627 2 1 0
8 79806 6579 0 3 0
8 79806 6579 1 4 0
8 79806 6579 2 1 0
8 79806 31615 0 3 0
8 79806 31615 1 4 0
8 79806 31615 2 1 0
8 79806 7047 0 3 0
8 79806 7047 1 4 0
8 79806 7047 2 1 0
8 79806 7481 0 1 0
8 79806 7481 1 2 0
8 79806 7481 2 3 0
8 79806 23961 0 1 0
8 79806 23961 1 2 0
8 79806 23961 2 3 0
8 79806 389 0 1 0
8 79806 389 1 2 0
8 79806 389 2 3 0
8 79806 5955 0 3 0
8 79806 5955 1 4 0
8 79806 5955 2 1 0
8 79806 24491 0 3 0
8 79806 24491 1 4 0
8 79806 24491 2 1 0
8 79806 11563 0 3 0
8 79806 11563 1 4 0
8 79806 11563 2 1 0
8 79806 4335 0 3 0
8 79806 4335 1 4 0
8 79806 4335 2 1 0
8 79806 22695 0 3 0
8 79806 22695 1 4 0
8 79806 22695 2 1 0
8 79806 6405 0 1 0
8 79806 6405 1 2 0
8 79806 6405 2 3 0
8 79806 22005 0 1 0
8 79806 22005 1 2 0
8 79806 22005 2 3 0
8 79806 24139 0 3 0
8 79806 24139 1 4 0
8 79806 24139 2 1 0
8 79806 2265 0 1 0
8 79806 2265 1 2 0
8 79806 2265 2 3 0
8 79806 30309 0 1 0
8 79806 30309 1 2 0
8 79806 30309 2 3 0
8 79806 16559 0 3 0
8 79806 16559 1 4 0
8 79806 16559 2 1 0
8 79806 31217 0 1 0
8 79806 31217 1 2 0
8 79806 31217 2 3 0
8 79806 25221 0 1 0
8 79806 25221 1 2 0
8 79806 25221 2 3 0
8 79806 20037 0 1 0
8 79806 20037 1 2 0
8 79806 20037 2 3 0
8 79806 24243 0 3 0
8 79806 24243 1 4 0
8 79806 24243 2 1 0
8 79806 28579 0 3 0
8 79806 28579 1 4 0
8 79806 28579 2 1 0
8 79806 23661 0 1 0
8 79806 23661 1 2 0
8 79806 23661 2 3 0
8 79806 12571 0 3 0
8 79806 12571 1 4 0
8 79806 12571 2 1 0
8 79806 8555 0 3 0
8 79806 8555 1 4 0
8 79806 8555 2 1 0
8 79806 6145 0 1 0
8 79806 6145 1 2 0
8 79806 6145 2 3 0
8 79806 24545 0 1 0
8 79806 24545 1 2 0
8 79806 24545 2 3 0
8 79806 26683 0 3 0
8 79806 26683 1 4 0
8 79806 26683 2 1 0
8 79806 10125 0 1 0
8 79806 10125 1 2 0
8 79806 10125 2 3 0
8 79806 29857 0 1 0
8 79806 29857 1 2 0
8 79806 29857 2 3 0
8 79806 17467 0 3 0
8 79806 17467 1 4 0
8 79806 17467 2 1 0
8 79806 17457 0 1 0
8 79806 17457 1 2 0
8 79806 17457 2 3 0
8 79806 297 0 1 0
8 79806 297 1 2 0
8 79806 297 2 3 0
8 79806 29033 0 1 0
8 79806 29033 1 2 0
8 79806 29033 2 3 0
8 79806 22771 0 3 0
8 79806 22771 1 4 0
8 79806 22771 2 1 0
8 79806 1699 0 3 0
8 79806 1699 1 4 0
8 79806 1699 2 1 0
8 79806 28493 0 1 0
8 79806 28493 1 2 0
8 79806 28493 2 3 0
8 79806 19027 0 3 0
8 79806 19027 1 4 0
8 79806 19027 2 1 0
8 79806 28221 0 1 0
8 79806 28221 1 2 0
8 79806 28221 2 3 0
8 79806 28695 0 3 0
8 79806 28695 1 4 0
8 79806 28695 2 1 0
8 79806 11833 0 1 0
8 79806 11833 1 2 0
8 79806 11833 2 3 0
8 79806 4151 0 3 0
8 79806 4151 1 4 0
8 79806 4151 2 1 0
8 79806 375 0 3 0
8 79806 375 1 4 0
8 79806 375 2 1 0
8 79806 25005 0 1 0
8 79806 25005 1 2 0
8 79806 25005 2 3 0
8 79806 22473 0 1 0
8 79806 22473 1 2 0
8 79806 22473 2 3 0
8 79806 28549 0 1 0
8 79806 28549 1 2 0
8 79806 28549 2 3 0
8 79806 32147 0 3 0
8 79806 32147 1 4 0
8 79806 32147 2 1 0
8 79806 6037 0 1 0
8 79806 6037 1 2 0
8 79806 6037 2 3 0
8 79806 13705 0 1 0
8 79806 13705 1 2 0
8 79806 13705 2 3 0
8 79806 22819 0 3 0
8 79806 22819 1 4 0
8 79806 22819 2 1 0
8 79806 18485 0 1 0
8 79806 18485 1 2 0
8 79806 18485 2 3 0
8 79806 2117 0 1 0
8 79806 2117 1 2 0
8 79806 2117 2 3 0
8 79806 10947 0 3 0
8 79806 10947 1 4 0
8 79806 10947 2 1 0
8 79806 30125 0 1 0
8 79806 30125 1 2 0
8 79806 30125 2 3 0
8 79806 13653 0 1 0
8 79806 13653 1 2 0
8 79806 13653 2 3 0
8 79806 8165 0 1 0
8 79806 8165 1 2 0
8 79806 8165 2 3 0
8 79806 9153 0 1 0
8 79806 9153 1 2 0
8 79806 9153 2 3 0
8 79806 839 0 3 0
8 79806 839 1 4 0
8 79806 839 2 1 0
8 79806 3915 0 3 0
8 79806 3915 1 4 0
8 79806 3915 2 1 0
8 79806 16289 0 1 0
8 79806 16289 1 2 0
8 79806 16289 2 3 0
8 79806 17051 0 3 0
8 79806 17051 1 4 0
8 79806 17051 2 1 0
8 79806 7061 0 1 0
8 79806 7061 1 2 0
8 79806 7061 2 3 0
8 79806 3341 0 1 0
8 79806 3341 1 2 0
8 79806 3341 2 3 0
8 79806 8169 0 1 0
8 79806 8169 1 2 0
8 79806 8169 2 3 0
8 79806 20667 0 3 0
8 79806 20667 1 4 0
8 79806 20667 2 1 0
8 79806 3185 0 1 0
8 79806 3185 1 2 0
8 79806 3185 2 3 0
8 79806 4797 0 1 0
8 79806 4797 1 2 0
8 79806 4797 2 3 0
8 79806 3439 0 3 0
8 79806 3439 1 4 0
8 79806 3439 2 1 0
8 79806 24033 0 1 0
8 79806 24033 1 2 0
8 79806 24033 2 3 0
8 79806 24587 0 3 0
8 79806 24587 1 4 0
8 79806 24587 2 1 0
8 79806 10153 0 1 0
8 79806 10153 1 2 0
8 79806 10153 2 3 0
8 79806 18877 0 1 0
8 79806 18877 1 2 0
8 79806 18877 2 3 0
8 79806 29527 0 3 0
8 79806 29527 1 4 0
8 79806 29527 2 1 0
8 79806 637 0 1 0
8 79806 637 1 2 0
8 79806 637 2 3 0
8 79806 31921 0 1 0
8 79806 31921 1 2 0
8 79806 31921 2 3 0
8 79806 761 0 1 0
8 79806 761 1 2 0
8 79806 761 2 3 0
8 79806 23657 0 1 0
8 79806 23657 1 2 0
8 79806 23657 2 3 0
8 79806 4655 0 3 0
8 79806 4655 1 4 0
8 79806 4655 2 1 0
8 79806 24715 0 3 0
8 79806 24715 1 4 0
8 79806 24715 2 1 0
8 79806 18167 0 3 0
8 79806 18167 1 4 0
8 79806 18167 2 1 0
8 79806 15317 0 1 0
8 79806 15317 1 2 0
8 79806 15317 2 3 0
8 79806 5903 0 3 0
8 79806 5903 1 4 0
8 79806 5903 2 1 0
8 79806 14279 0 3 0
8 79806 14279 1 4 0
8 79806 14279 2 1 0
8 79806 2553 0 1 0
8 79806 2553 1 2 0
8 79806 2553 2 3 0
8 79806 22311 0 3 0
8 79806 22311 1 4 0
8 79806 22311 2 1 0
8 79806 20473 0 1 0
8 79806 20473 1 2 0
8 79806 20473 2 3 0
8 79806 13249 0 1 0
8 79806 13249 1 2 0
8 79806 13249 2 3 0
8 79806 2893 0 1 0
8 79806 2893 1 2 0
8 79806 2893 2 3 0
8 79806 10419 0 3 0
8 79806 10419 1 4 0
8 79806 10419 2 1 0
8 79806 19373 0 1 0
8 79806 19373 1 2 0
8 79806 19373 2 3 0
8 79806 3217 0 1 0
8 79806 3217 1 2 0
8 79806 3217 2 3 0
8 79806 18101 0 1 0
8 79806 18101 1 2 0
8 79806 18101 2 3 0
8 79806 6723 0 3 0
8 79806 6723 1 4 0
8 79806 6723 2 1 0
8 79806 21453 0 1 0
8 79806 21453 1 2 0
8 79806 21453 2 3 0
8 79806 26739 0 3 0
8 79806 26739 1 4 0
8 79806 26739 2 1 0
8 79806 15963 0 3 0
8 79806 15963 1 4 0
8 79806 15963 2 1 0
8 79806 3547 0 3 0
8 79806 3547 1 4 0
8 79806 3547 2 1 0
8 79806 7431 0 3 0
8 79806 7431 1 4 0
8 79806 7431 2 1 0
8 79806 24411 0 3 0
8 79806 24411 1 4 0
8 79806 24411 2 1 0
8 79806 18773 0 1 0
8 79806 18773 1 2 0
8 79806 18773 2 3 0
8 79806 24389 0 1 0
8 79806 24389 1 2 0
8 79806 24389 2 3 0
8 79806 8233 0 1 0
8 79806 8233 1 2 0
8 79806 8233 2 3 0
8 79806 29121 0 1 0
8 79806 29121 1 2 0
8 79806 29121 2 3 0
8 79806 8847 0 3 0
8 79806 8847 1 4 0
8 79806 8847 2 1 0
8 79806 347 0 3 0
8 79806 347 1 4 0
8 79806 347 2 1 0
8 79806 17795 0 3 0
8 79806 17795 1 4 0
8 79806 17795 2 1 0
8 79806 6567 0 3 0
8 79806 6567 1 4 0
8 79806 6567 2 1 0
8 79806 5769 0 1 0
8 79806 5769 1 2 0
8 79806 5769 2 3 0
8 79806 28717 0 1 0
8 79806 28717 1 2 0
8 79806 28717 2 3 0
8 79806 23475 0 3 0
8 79806 23475 1 4 0
8 79806 23475 2 1 0
8 79806 2471 0 3 0
8 79806 2471 1 4 0
8 79806 2471 2 1 0
8 79806 12995 0 3 0
8 79806 12995 1 4 0
8 79806 12995 2 1 0
8 79806 11569 0 1 0
8 79806 11569 1 2 0
8 79806 11569 2 3 0
8 79806 12805 0 1 0
8 79806 12805 1 2 0
8 79806 12805 2 3 0
8 79806 6459 0 3 0
8 79806 6459 1 4 0
8 79806 6459 2 1 0
8 79806 5681 0 1 0
8 79806 5681 1 2 0
8 79806 5681 2 3 0
8 79806 10657 0 1 0
8 79806 10657 1 2 0
8 79806 10657 2 3 0
8 79806 4849 0 1 0
8 79806 4849 1 2 0
8 79806 4849 2 3 0
8 79806 26201 0 1 0
8 79806 26201 1 2 0
8 79806 26201 2 3 0
8 79806 27507 0 3 0
8 79806 27507 1 4 0
8 79806 27507 2 1 0
8 79806 24001 0 1 0
8 79806 24001 1 2 0
8 79806 24001 2 3 0
8 79806 26231 0 3 0
8 79806 26231 1 4 0
8 79806 26231 2 1 0
8 79806 2955 0 3 0
8 79806 2955 1 4 0
8 79806 2955 2 1 0
8 79806 29629 0 1 0
8 79806 29629 1 2 0
8 79806 29629 2 3 0
8 79806 19125 0 1 0
8 79806 19125 1 2 0
8 79806 19125 2 3 0
8 79806 17845 0 1 0
8 79806 17845 1 2 0
8 79806 17845 2 3 0
8 79806 26581 0 1 0
8 79806 26581 1 2 0
8 79806 26581 2 3 0
8 79806 5849 0 1 0
8 79806 5849 1 2 0
8 79806 5849 2 3 0
8 79806 5531 0 3 0
8 79806 5531 1 4 0
8 79806 5531 2 1 0
8 79806 6247 0 3 0
8 79806 6247 1 4 0
8 79806 6247 2 1 0
8 79806 23633 0 1 0
8 79806 23633 1 2 0
8 79806 23633 2 3 0
8 79806 14365 0 1 0
8 79806 14365 1 2 0
8 79806 14365 2 3 0
8 79806 16911 0 3 0
8 79806 16911 1 4 0
8 79806 16911 2 1 0
8 79806 15521 0 1 0
8 79806 15521 1 2 0
8 79806 15521 2 3 0
8 79806 10331 0 3 0
8 79806 10331 1 4 0
8 79806 10331 2 1 0
8 79806 32603 0 3 0
8 79806 32603 1 4 0
8 79806 32603 2 1 0
8 79806 7309 0 1 0
8 79806 7309 1 2 0
8 79806 7309 2 3 0
8 79806 22287 0 3 0
8 79806 22287 1 4 0
8 79806 22287 2 1 0
8 79806 28173 0 1 0
8 79806 28173 1 2 0
8 79806 28173 2 3 0
8 79806 29777 0 1 0
8 79806 29777 1 2 0
8 79806 29777 2 3 0
8 79806 23759 0 3 0
8 79806 23759 1 4 0
8 79806 23759 2 1 0
8 79806 25119 0 3 0
8 79806 25119 1 4 0
8 79806 25119 2 1 0
8 79806 13765 0 1 0
8 79806 13765 1 2 0
8 79806 13765 2 3 0
8 79806 11719 0 3 0
8 79806 11719 1 4 0
8 79806 11719 2 1 0
8 79806 785 0 1 0
8 79806 785 1 2 0
8 79806 785 2 3 0
8 79806 9849 0 1 0
8 79806 9849 1 2 0
8 79806 9849 2 3 0
8 79806 21755 0 3 0
8 79806 21755 1 4 0
8 79806 21755 2 1 0
8 79806 73 0 1 0
8 79806 73 1 2 0
8 79806 73 2 3 0
8 79806 5643 0 3 0
8 79806 5643 1 4 0
8 79806 5643 2 1 0
8 79806 11289 0 1 0
8 79806 11289 1 2 0
8 79806 11289 2 3 0
8 79806 12483 0 3 0
8 79806 12483 1 4 0
8 79806 12483 2 1 0
8 79806 15423 0 3 0
8 79806 15423 1 4 0
8 79806 15423 2 1 0
8 79806 24485 0 1 0
8 79806 24485 1 2 0
8 79806 24485 2 3 0
8 79806 8757 0 1 0
8 79806 8757 1 2 0
8 79806 8757 2 3 0
8 79806 3137 0 1 0
8 79806 3137 1 2 0
8 79806 3137 2 3 0
8 79806 4953 0 1 0
8 79806 4953 1 2 0
8 79806 4953 2 3 0
8 79806 6447 0 3 0
8 79806 6447 1 4 0
8 79806 6447 2 1 0
8 79806 11437 0 1 0
8 79806 11437 1 2 0
8 79806 11437 2 3 0
8 79806 3661 0 1 0
8 79806 3661 1 2 0
8 79806 3661 2 3 0
8 79806 30185 0 1 0
8 79806 30185 1 2 0
8 79806 30185 2 3 0
8 79806 8785 0 1 0
8 79806 8785 1 2 0
8 79806 8785 2 3 0
8 79806 28749 0 1 0
8 79806 28749 1 2 0
8 79806 28749 2 3 0
8 79806 24573 0 1 0
8 79806 24573 1 2 0
8 79806 24573 2 3 0
8 79806 23433 0 1 0
8 79806 23433 1 2 0
8 79806 23433 2 3 0
8 79806 9681 0 1 0
8 79806 9681 1 2 0
8 79806 9681 2 3 0
8 79806 10315 0 3 0
8 79806 10315 1 4 0
8 79806 10315 2 1 0
8 79806 7569 0 1 0
8 79806 7569 1 2 0
8 79806 7569 2 3 0
8 79806 24807 0 3 0
8 79806 24807 1 4 0
8 79806 24807 2 1 0
8 79806 3071 0 3 0
8 79806 3071 1 4 0
8 79806 3071 2 1 0
8 79806 26271 0 3 0
8 79806 26271 1 4 0
8 79806 26271 2 1 0
8 79806 17595 0 3 0
8 79806 17595 1 4 0
8 79806 17595 2 1 0
8 79806 32751 0 3 0
8 79806 32751 1 4 0
8 79806 32751 2 1 0
8 79806 17433 0 1 0
8 79806 17433 1 2 0
8 79806 17433 2 3 0
8 79806 28631 0 3 0
8 79806 28631 1 4 0
8 79806 28631 2 1 0
8 79806 17497 0 1 0
8 79806 17497 1 2 0
8 79806 17497 2 3 0
8 79806 10053 0 1 0
8 79806 10053 1 2 0
8 79806 10053 2 3 0
8 79806 12253 0 1 0
8 79806 12253 1 2 0
8 79806 12253 2 3 0
8 79806 26155 0 3 0
8 79806 26155 1 4 0
8 79806 26155 2 1 0
8 79806 21787 0 3 0
8 79806 21787 1 4 0
8 79806 21787 2 1 0
8 79806 5401 0 1 0
8 79806 5401 1 2 0
8 79806 5401 2 3 0
8 79806 23581 0 1 0
8 79806 23581 1 2 0
8 79806 23581 2 3 0
8 79806 12275 0 3 0
8 79806 12275 1 4 0
8 79806 12275 2 1 0
8 79806 10177 0 1 0
8 79806 10177 1 2 0
8 79806 10177 2 3 0
8 79806 26317 0 1 0
8 79806 26317 1 2 0
8 79806 26317 2 3 0
8 79806 18923 0 3 0
8 79806 18923 1 4 0
8 79806 18923 2 1 0
8 79806 7939 0 3 0
8 79806 7939 1 4 0
8 79806 7939 2 1 0
8 79806 27629 0 1 0
8 79806 27629 1 2 0
8 79806 27629 2 3 0
8 79806 26419 0 3 0
8 79806 26419 1 4 0
8 79806 26419 2 1 0
8 79806 1387 0 3 0
8 79806 1387 1 4 0
8 79806 1387 2 1 0
8 79806 2165 0 1 0
8 79806 2165 1 2 0
8 79806 2165 2 3 0
8 79806 17955 0 3 0
8 79806 17955 1 4 0
8 79806 17955 2 1 0
8 79806 18961 0 1 0
8 79806 18961 1 2 0
8 79806 18961 2 3 0
8 79806 11551 0 3 0
8 79806 11551 1 4 0
8 79806 11551 2 1 0
8 79806 15229 0 1 0
8 79806 15229 1 2 0
8 79806 15229 2 3 0
8 79806 17839 0 3 0
8 79806 17839 1 4 0
8 79806 17839 2 1 0
8 79806 6537 0 1 0
8 79806 6537 1 2 0
8 79806 6537 2 3 0
8 79806 5981 0 1 0
8 79806 5981 1 2 0
8 79806 5981 2 3 0
8 79806 12225 0 1 0
8 79806 12225 1 2 0
8 79806 12225 2 3 0
8 79806 6469 0 1 0
8 79806 6469 1 2 0
8 79806 6469 2 3 0
8 79806 22663 0 3 0
8 79806 22663 1 4 0
8 79806 22663 2 1 0
8 79806 27627 0 3 0
8 79806 27627 1 4 0
8 79806 27627 2 1 0
8 79806 23631 0 3 0
8 79806 23631 1 4 0
8 79806 23631 2 1 0
8 79806 20457 0 1 0
8 79806 20457 1 2 0
8 79806 20457 2 3 0
8 79806 29311 0 3 0
8 79806 29311 1 4 0
8 79806 29311 2 1 0
8 79806 30505 0 1 0
8 79806 30505 1 2 0
8 79806 30505 2 3 0
8 79806 22795 0 3 0
8 79806 22795 1 4 0
8 79806 22795 2 1 0
8 79806 27447 0 3 0
8 79806 27447 1 4 0
8 79806 27447 2 1 0
8 79806 16115 0 3 0
8 79806 16115 1 4 0
8 79806 16115 2 1 0
8 79806 9991 0 3 0
8 79806 9991 1 4 0
8 79806 9991 2 1 0
8 79806 19289 0 1 0
8 79806 19289 1 2 0
8 79806 19289 2 3 0
8 79806 31189 0 1 0
8 79806 31189 1 2 0
8 79806 31189 2 3 0
8 79806 10333 0 1 0
8 79806 10333 1 2 0
8 79806 10333 2 3 0
8 79806 11119 0 3 0
8 79806 11119 1 4 0
8 79806 11119 2 1 0
8 79806 13999 0 3 0
8 79806 13999 1 4 0
8 79806 13999 2 1 0
8 79806 27187 0 3 0
8 79806 27187 1 4 0
8 79806 27187 2 1 0
8 79806 25373 0 1 0
8 79806 25373 1 2 0
8 79806 25373 2 3 0
8 79806 20577 0 1 0
8 79806 20577 1 2 0
8 79806 20577 2 3 0
8 79806 7643 0 3 0
8 79806 7643 1 4 0
8 79806 7643 2 1 0
8 79806 4677 0 1 0
8 79806 4677 1 2 0
8 79806 4677 2 3 0
8 79806 23473 0 1 0
8 79806 23473 1 2 0
8 79806 23473 2 3 0
8 79806 6407 0 3 0
8 79806 6407 1 4 0
8 79806 6407 2 1 0
8 79806 2245 0 1 0
8 79806 2245 1 2 0
8 79806 2245 2 3 0
9 79806 26311 0 3 0
9 79806 26311 1 4 0
9 79806 26311 2 1 0
9 79806 28647 0 3 0
9 79806 28647 1 4 0
9 79806 28647 2 1 0
9 79806 22289 0 1 0
9 79806 22289 1 2 0
9 79806 22289 2 3 0
9 79806 11297 0 1 0
9 79806 11297 1 2 0
9 79806 11297 2 3 0
9 79806 24825 0 1 0
9 79806 24825 1 2 0
9 79806 24825 2 3 0
9 79806 22163 0 3 0
9 79806 22163 1 4 0
9 79806 22163 2 1 0
9 79806 15873 0 1 0
9 79806 15873 1 2 0
9 79806 15873 2 3 0
9 79806 32745 0 1 0
9 79806 32745 1 2 0
9 79806 32745 2 3 0
9 79806 23847 0 3 0
9 79806 23847 1 4 0
9 79806 23847 2 1 0
9 79806 8787 0 3 0
9 79806 8787 1 4 0
9 79806 8787 2 1 0
9 79806 19429 0 1 0
9 79806 19429 1 2 0
9 79806 19429 2 3 0
9 79806 32315 0 3 0
9 79806 32315 1 4 0
9 79806 32315 2 1 0
9 79806 28885 0 1 0
9 79806 28885 1 2 0
9 79806 28885 2 3 0
9 79806 7589 0 1 0
9 79806 7589 1 2 0
9 79806 7589 2 3 0
9 79806 21767 0 3 0
9 79806 21767 1 4 0
9 79806 21767 2 1 0
9 79806 26109 0 1 0
9 79806 26109 1 2 0
9 79806 26109 2 3 0
9 79806 9435 0 3 0
9 79806 9435 1 4 0
9 79806 9435 2 1 0
9 79806 17765 0 1 0
9 79806 17765 1 2 0
9 79806 17765 2 3 0
9 79806 18473 0 1 0
9 79806 18473 1 2 0
9 79806 18473 2 3 0
9 79806 8107 0 3 0
9 79806 8107 1 4 0
9 79806 8107 2 1 0
9 79806 13651 0 3 0
9 79806 13651 1 4 0
9 79806 13651 2 1 0
9 79806 20221 0 1 0
9 79806 20221 1 2 0
9 79806 20221 2 3 0
9 79806 25587 0 3 0
9 79806 25587 1 4 0
9 79806 25587 2 1 0
9 79806 7967 0 3 0
9 79806 7967 1 4 0
9 79806 7967 2 1 0
9 79806 26043 0 3 0
9 79806 26043 1 4 0
9 79806 26043 2 1 0
9 79806 30337 0 1 0
9 79806 30337 1 2 0
9 79806 30337 2 3 0
9 79806 8005 0 1 0
9 79806 8005 1 2 0
9 79806 8005 2 3 0
9 79806 10957 0 1 0
9 79806 10957 1 2 0
9 79806 10957 2 3 0
9 79806 22343 0 3 0
9 79806 22343 1 4 0
9 79806 22343 2 1 0
9 79806 14407 0 3 0
9 79806 14407 1 4 0
9 79806 14407 2 1 0
9 79806 3939 0 3 0
9 79806 3939 1 4 0
9 79806 3939 2 1 0
9 79806 15343 0 3 0
9 79806 15343 1 4 0
9 79806 15343 2 1 0
9 79806 807 0 3 0
9 79806 807 1 4 0
9 79806 807 2 1 0
9 79806 15005 0 1 0
9 79806 15005 1 2 0
9 79806 15005 2 3 0
9 79806 13199 0 3 0
9 79806 13199 1 4 0
9 79806 13199 2 1 0
9 79806 20333 0 1 0
9 79806 20333 1 2 0
9 79806 20333 2 3 0
9 79806 19813 0 1 0
9 79806 19813 1 2 0
9 79806 19813 2 3 0
9 79806 26287 0 3 0
9 79806 26287 1 4 0
9 79806 26287 2 1 0
9 79806 193 0 1 0
9 79806 193 1 2 0
9 79806 193 2 3 0
9 79806 681 0 1 0
9 79806 681 1 2 0
9 79806 681 2 3 0
9 79806 10801 0 1 0
9 79806 10801 1 2 0
9 79806 10801 2 3 0
9 79806 10075 0 3 0
9 79806 10075 1 4 0
9 79806 10075 2 1 0
9 79806 25225 0 1 0
9 79806 25225 1 2 0
9 79806 25225 2 3 0
9 79806 27081 0 1 0
9 79806 27081 1 2 0
9 79806 27081 2 3 0
9 79806 11753 0 1 0
9 79806 11753 1 2 0
9 79806 11753 2 3 0
9 79806 365 0 1 0
9 79806 365 1 2 0
9 79806 365 2 3 0
9 79806 20911 0 3 0
9 79806 20911 1 4 0
9 79806 20911 2 1 0
9 79806 10925 0 1 0
9 79806 10925 1 2 0
9 79806 10925 2 3 0
9 79806 23781 0 1 0
9 79806 23781 1 2 0
9 79806 23781 2 3 0
9 79806 907 0 3 0
9 79806 907 1 4 0
9 79806 907 2 1 0
9 79806 1113 0 1 0
9 79806 1113 1 2 0
9 79806 1113 2 3 0
9 79806 8751 0 3 0
9 79806 8751 1 4 0
9 79806 8751 2 1 0
9 79806 23469 0 1 0
9 79806 23469 1 2 0
9 79806 23469 2 3 0
9 79806 7157 0 1 0
9 79806 7157 1 2 0
9 79806 7157 2 3 0
9 79806 15797 0 1 0
9 79806 15797 1 2 0
9 79806 15797 2 3 0
9 79806 9085 0 1 0
9 79806 9085 1 2 0
9 79806 9085 2 3 0
9 79806 22247 0 3 0
9 79806 22247 1 4 0
9 79806 22247 2 1 0
9 79806 15257 0 1 0
9 79806 15257 1 2 0
9 79806 15257 2 3 0
9 79806 16893 0 1 0
9 79806 16893 1 2 0
9 79806 16893 2 3 0
9 79806 18171 0 3 0
9 79806 18171 1 4 0
9 79806 18171 2 1 0
9 79806 14657 0 1 0
9 79806 14657 1 2 0
9 79806 14657 2 3 0
9 79806 20355 0 3 0
9 79806 20355 1 4 0
9 79806 20355 2 1 0
9 79806 1941 0 1 0
9 79806 1941 1 2 0
9 79806 1941 2 3 0
9 79806 22135 0 3 0
9 79806 22135 1 4 0
9 79806 22135 2 1 0
9 79806 14503 0 3 0
9 79806 14503 1 4 0
9 79806 14503 2 1 0
9 79806 9487 0 3 0
9 79806 9487 1 4 0
9 79806 9487 2 1 0
9 79806 2011 0 3 0
9 79806 2011 1 4 0
9 79806 2011 2 1 0
9 79806 15899 0 3 0
9 79806 15899 1 4 0
9 79806 15899 2 1 0
9 79806 22775 0 3 0
9 79806 22775 1 4 0
9 79806 22775 2 1 0
9 79806 6175 0 3 0
9 79806 6175 1 4 0
9 79806 6175 2 1 0
9 79806 27005 0 1 0
9 79806 27005 1 2 0
9 79806 27005 2 3 0
9 79806 15181 0 1 0
9 79806 15181 1 2 0
9 79806 15181 2 3 0
9 79806 17763 0 3 0
9 79806 17763 1 4 0
9 79806 17763 2 1 0
9 79806 26831 0 3 0
9 79806 26831 1 4 0
9 79806 26831 2 1 0
9 79806 22485 0 1 0
9 79806 22485 1 2 0
9 79806 22485 2 3 0
9 79806 18105 0 1 0
9 79806 18105 1 2 0
9 79806 18105 2 3 0
9 79806 31511 0 3 0
9 79806 31511 1 4 0
9 79806 31511 2 1 0
9 79806 18657 0 1 0
9 79806 18657 1 2 0
9 79806 18657 2 3 0
9 79806 8391 0 3 0
9 79806 8391 1 4 0
9 79806 8391 2 1 0
9 79806 27717 0 1 0
9 79806 27717 1 2 0
9 79806 27717 2 3 0
9 79806 15501 0 1 0
9 79806 15501 1 2 0
9 79806 15501 2 3 0
9 79806 17189 0 1 0
9 79806 17189 1 2 0
9 79806 17189 2 3 0
9 79806 13317 0 1 0
9 79806 13317 1 2 0
9 79806 13317 2 3 0
9 79806 2951 0 3 0
9 79806 2951 1 4 0
9 79806 2951 2 1 0
9 79806 20759 0 3 0
9 79806 20759 1 4 0
9 79806 20759 2 1 0
9 79806 27295 0 3 0
9 79806 27295 1 4 0
9 79806 27295 2 1 0
9 79806 7303 0 3 0
9 79806 7303 1 4 0
9 79806 7303 2 1 0
9 79806 28517 0 1 0
9 79806 28517 1 2 0
9 79806 28517 2 3 0
9 79806 20193 0 1 0
9 79806 20193 1 2 0
9 79806 20193 2 3 0
9 79806 10797 0 1 0
9 79806 10797 1 2 0
9 79806 10797 2 3 0
9 79806 26609 0 1 0
9 79806 26609 1 2 0
9 79806 26609 2 3 0
9 79806 20305 0 1 0
9 79806 20305 1 2 0
9 79806 20305 2 3 0
9 79806 30199 0 3 0
9 79806 30199 1 4 0
9 79806 30199 2 1 0
9 79806 15221 0 1 0
9 79806 15221 1 2 0
9 79806 15221 2 3 0
9 79806 28715 0 3 0
9 79806 28715 1 4 0
9 79806 28715 2 1 0
9 79806 15039 0 3 0
9 79806 15039 1 4 0
9 79806 15039 2 1 0
9 79806 2799 0 3 0
9 79806 2799 1 4 0
9 79806 2799 2 1 0
9 79806 14863 0 3 0
9 79806 14863 1 4 0
9 79806 14863 2 1 0
9 79806 28377 0 1 0
9 79806 28377 1 2 0
9 79806 28377 2 3 0
9 79806 26341 0 1 0
9 79806 26341 1 2 0
9 79806 26341 2 3 0
9 79806 28301 0 1 0
9 79806 28301 1 2 0
9 79806 28301 2 3 0
9 79806 26615 0 3 0
9 79806 26615 1 4 0
9 79806 26615 2 1 0
9 79806 265 0 1 0
9 79806 265 1 2 0
9 79806 265 2 3 0
9 79806 15647 0 3 0
9 79806 15647 1 4 0
9 79806 15647 2 1 0
9 79806 3507 0 3 0
9 79806 3507 1 4 0
9 79806 3507 2 1 0
9 79806 3397 0 1 0
9 79806 3397 1 2 0
9 79806 3397 2 3 0
9 79806 1299 0 3 0
9 79806 1299 1 4 0
9 79806 1299 2 1 0
9 79806 19089 0 1 0
9 79806 19089 1 2 0
9 79806 19089 2 3 0
9 79806 28937 0 1 0
9 79806 28937 1 2 0
9 79806 28937 2 3 0
9 79806 7595 0 3 0
9 79806 7595 1 4 0
9 79806 7595 2 1 0
9 79806 20673 0 1 0
9 79806 20673 1 2 0
9 79806 20673 2 3 0
9 79806 27841 0 1 0
9 79806 27841 1 2 0
9 79806 27841 2 3 0
9 79806 26477 0 1 0
9 79806 26477 1 2 0
9 79806 26477 2 3 0
9 79806 25507 0 3 0
9 79806 25507 1 4 0
9 79806 25507 2 1 0
9 79806 15433 0 1 0
9 79806 15433 1 2 0
9 79806 15433 2 3 0
9 79806 5715 0 3 0
9 79806 5715 1 4 0
9 79806 5715 2 1 0
9 79806 15793 0 1 0
9 79806 15793 1 2 0
9 79806 15793 2 3 0
9 79806 19395 0 3 0
9 79806 19395 1 4 0
9 79806 19395 2 1 0
9 79806 7067 0 3 0
9 79806 7067 1 4 0
9 79806 7067 2 1 0
9 79806 31081 0 1 0
9 79806 31081 1 2 0
9 79806 31081 2 3 0
9 79806 13355 0 3 0
9 79806 13355 1 4 0
9 79806 13355 2 1 0
9 79806 28107 0 3 0
9 79806 28107 1 4 0
9 79806 28107 2 1 0
9 79806 1613 0 1 0
9 79806 1613 1 2 0
9 79806 1613 2 3 0
9 79806 497 0 1 0
9 79806 497 1 2 0
9 79806 497 2 3 0
9 79806 26239 0 3 0
9 79806 26239 1 4 0
9 79806 26239 2 1 0
9 79806 3223 0 3 0
9 79806 3223 1 4 0
9 79806 3223 2 1 0
9 79806 25207 0 3 0
9 79806 25207 1 4 0
9 79806 25207 2 1 0
9 79806 10343 0 3 0
9 79806 10343 1 4 0
9 79806 10343 2 1 0
9 79806 7311 0 3 0
9 79806 7311 1 4 0
9 79806 7311 2 1 0
9 79806 5285 0 1 0
9 79806 5285 1 2 0
9 79806 5285 2 3 0
9 79806 17777 0 1 0
9 79806 17777 1 2 0
9 79806 17777 2 3 0
9 79806 4293 0 1 0
9 79806 4293 1 2 0
9 79806 4293 2 3 0
9 79806 26281 0 1 0
9 79806 26281 1 2 0
9 79806 26281 2 3 0
9 79806 20387 0 3 0
9 79806 20387 1 4 0
9 79806 20387 2 1 0
9 79806 9709 0 1 0
9 79806 9709 1 2 0
9 79806 9709 2 3 0
9 79806 28971 0 3 0
9 79806 28971 1 4 0
9 79806 28971 2 1 0
9 79806 26175 0 3 0
9 79806 26175 1 4 0
9 79806 26175 2 1 0
9 79806 31455 0 3 0
9 79806 31455 1 4 0
9 79806 31455 2 1 0
9 79806 28929 0 1 0
9 79806 28929 1 2 0
9 79806 28929 2 3 0
9 79806 8379 0 3 0
9 79806 8379 1 4 0
9 79806 8379 2 1 0
9 79806 26339 0 3 0
9 79806 26339 1 4 0
9 79806 26339 2 1 0
9 79806 8281 0 1 0
9 79806 8281 1 2 0
9 79806 8281 2 3 0
9 79806 24767 0 3 0
9 79806 24767 1 4 0
9 79806 24767 2 1 0
9 79806 6183 0 3 0
9 79806 6183 1 4 0
9 79806 6183 2 1 0
9 79806 18161 0 1 0
9 79806 18161 1 2 0
9 79806 18161 2 3 0
9 79806 26025 0 1 0
9 79806 26025 1 2 0
9 79806 26025 2 3 0
9 79806 14391 0 3 0
9 79806 14391 1 4 0
9 79806 14391 2 1 0
9 79806 25479 0 3 0
9 79806 25479 1 4 0
9 79806 25479 2 1 0
9 79806 6699 0 3 0
9 79806 6699 1 4 0
9 79806 6699 2 1 0
9 79806 21265 0 1 0
9 79806 21265 1 2 0
9 79806 21265 2 3 0
9 79806 21821 0 1 0
9 79806 21821 1 2 0
9 79806 21821 2 3 0
9 79806 26313 0 1 0
9 79806 26313 1 2 0
9 79806 26313 2 3 0
9 79806 21871 0 3 0
9 79806 21871 1 4 0
9 79806 21871 2 1 0
9 79806 15535 0 3 0
9 79806 15535 1 4 0
9 79806 15535 2 1 0
9 79806 6727 0 3 0
9 79806 6727 1 4 0
9 79806 6727 2 1 0
9 79806 23471 0 3 0
9 79806 23471 1 4 0
9 79806 23471 2 1 0
9 79806 307 0 3 0
9 79806 307 1 4 0
9 79806 307 2 1 0
9 79806 31937 0 1 0
9 79806 31937 1 2 0
9 79806 31937 2 3 0
9 79806 6279 0 3 0
9 79806 6279 1 4 0
9 79806 6279 2 1 0
9 79806 27987 0 3 0
9 79806 27987 1 4 0
9 79806 27987 2 1 0
9 79806 9919 0 3 0
9 79806 9919 1 4 0
9 79806 9919 2 1 0
9 79806 27977 0 1 0
9 79806 27977 1 2 0
9 79806 27977 2 3 0
9 79806 27291 0 3 0
9 79806 27291 1 4 0
9 79806 27291 2 1 0
9 79806 16047 0 3 0
9 79806 16047 1 4 0
9 79806 16047 2 1 0
9 79806 26361 0 1 0
9 79806 26361 1 2 0
9 79806 26361 2 3 0
9 79806 15239 0 3 0
9 79806 15239 1 4 0
9 79806 15239 2 1 0
9 79806 24717 0 1 0
9 79806 24717 1 2 0
9 79806 24717 2 3 0
9 79806 11807 0 3 0
9 79806 11807 1 4 0
9 79806 11807 2 1 0
9 79806 14971 0 3 0
9 79806 14971 1 4 0
9 79806 14971 2 1 0
9 79806 2141 0 1 0
9 79806 2141 1 2 0
9 79806 2141 2 3 0
9 79806 6543 0 3 0
9 79806 6543 1 4 0
9 79806 6543 2 1 0
9 79806 28205 0 1 0
9 79806 28205 1 2 0
9 79806 28205 2 3 0
9 79806 20119 0 3 0
9 79806 20119 1 4 0
9 79806 20119 2 1 0
9 79806 20447 0 3 0
9 79806 20447 1 4 0
9 79806 20447 2 1 0
9 79806 8583 0 3 0
9 79806 8583 1 4 0
9 79806 8583 2 1 0
9 79806 20523 0 3 0
9 79806 20523 1 4 0
9 79806 20523 2 1 0
9 79806 6455 0 3 0
9 79806 6455 1 4 0
9 79806 6455 2 1 0
9 79806 4073 0 1 0
9 79806 4073 1 2 0
9 79806 4073 2 3 0
9 79806 19405 0 1 0
9 79806 19405 1 2 0
9 79806 19405 2 3 0
9 79806 11007 0 3 0
9 79806 11007 1 4 0
9 79806 11007 2 1 0
9 79806 25485 0 1 0
9 79806 25485 1 2 0
9 79806 25485 2 3 0
9 79806 19011 0 3 0
9 79806 19011 1 4 0
9 79806 19011 2 1 0
9 79806 13917 0 1 0
9 79806 13917 1 2 0
9 79806 13917 2 3 0
9 79806 15497 0 1 0
9 79806 15497 1 2 0
9 79806 15497 2 3 0
9 79806 28485 0 1 0
9 79806 28485 1 2 0
9 79806 28485 2 3 0
9 79806 7815 0 3 0
9 79806 7815 1 4 0
9 79806 7815 2 1 0
9 79806 29971 0 3 0
9 79806 29971 1 4 0
9 79806 29971 2 1 0
9 79806 25077 0 1 0
9 79806 25077 1 2 0
9 79806 25077 2 3 0
9 79806 10545 0 1 0
9 79806 10545 1 2 0
9 79806 10545 2 3 0
9 79806 733 0 1 0
9 79806 733 1 2 0
9 79806 733 2 3 0
9 79806 13689 0 1 0
9 79806 13689 1 2 0
9 79806 13689 2 3 0
9 79806 28127 0 3 0
9 79806 28127 1 4 0
9 79806 28127 2 1 0
9 79806 22125 0 1 0
9 79806 22125 1 2 0
9 79806 22125 2 3 0
9 79806 2417 0 1 0
9 79806 2417 1 2 0
9 79806 2417 2 3 0
9 79806 28161 0 1 0
9 79806 28161 1 2 0
9 79806 28161 2 3 0
9 79806 8469 0 1 0
9 79806 8469 1 2 0
9 79806 8469 2 3 0
9 79806 2975 0 3 0
9 79806 2975 1 4 0
9 79806 2975 2 1 0
9 79806 127 0 3 0
9 79806 127 1 4 0
9 79806 127 2 1 0
9 79806 30103 0 3 0
9 79806 30103 1 4 0
9 79806 30103 2 1 0
9 79806 13701 0 1 0
9 79806 13701 1 2 0
9 79806 13701 2 3 0
9 79806 25969 0 1 0
9 79806 25969 1 2 0
9 79806 25969 2 3 0
9 79806 10285 0 1 0
9 79806 10285 1 2 0
9 79806 10285 2 3 0
9 79806 4255 0 3 0
9 79806 4255 1 4 0
9 79806 4255 2 1 0
9 79806 25389 0 1 0
9 79806 25389 1 2 0
9 79806 25389 2 3 0
9 79806 26979 0 3 0
9 79806 26979 1 4 0
9 79806 26979 2 1 0
9 79806 887 0 3 0
9 79806 887 1 4 0
9 79806 887 2 1 0
9 79806 28079 0 3 0
9 79806 28079 1 4 0
9 79806 28079 2 1 0
9 79806 2839 0 3 0
9 79806 2839 1 4 0
9 79806 2839 2 1 0
9 79806 25127 0 3 0
9 79806 25127 1 4 0
9 79806 25127 2 1 0
9 79806 20411 0 3 0
9 79806 20411 1 4 0
9 79806 20411 2 1 0
9 79806 26407 0 3 0
9 79806 26407 1 4 0
9 79806 26407 2 1 0
9 79806 10779 0 3 0
9 79806 10779 1 4 0
9 79806 10779 2 1 0
9 79806 1541 0 1 0
9 79806 1541 1 2 0
9 79806 1541 2 3 0
9 79806 26267 0 3 0
9 79806 26267 1 4 0
9 79806 26267 2 1 0
9 79806 5489 0 1 0
9 79806 5489 1 2 0
9 79806 5489 2 3 0
9 79806 83 0 3 0
9 79806 83 1 4 0
9 79806 83 2 1 0
9 79806 17463 0 3 0
9 79806 17463 1 4 0
9 79806 17463 2 1 0
9 79806 6553 0 1 0
9 79806 6553 1 2 0
9 79806 6553 2 3 0
9 79806 27867 0 3 0
9 79806 27867 1 4 0
9 79806 27867 2 1 0
9 79806 25769 0 1 0
9 79806 25769 1 2 0
9 79806 25769 2 3 0
9 79806 14427 0 3 0
9 79806 14427 1 4 0
9 79806 14427 2 1 0
9 79806 29727 0 3 0
9 79806 29727 1 4 0
9 79806 29727 2 1 0
9 79806 19759 0 3 0
9 79806 19759 1 4 0
9 79806 19759 2 1 0
9 79806 13399 0 3 0
9 79806 13399 1 4 0
9 79806 13399 2 1 0
9 79806 14309 0 1 0
9 79806 14309 1 2 0
9 79806 14309 2 3 0
9 79806 32597 0 1 0
9 79806 32597 1 2 0
9 79806 32597 2 3 0
9 79806 16979 0 3 0
9 79806 16979 1 4 0
9 79806 16979 2 1 0
9 79806 1199 0 3 0
9 79806 1199 1 4 0
9 79806 1199 2 1 0
9 79806 4127 0 3 0
9 79806 4127 1 4 0
9 79806 4127 2 1 0
9 79806 13749 0 1 0
9 79806 13749 1 2 0
9 79806 13749 2 3 0
9 79806 18027 0 3 0
9 79806 18027 1 4 0
9 79806 18027 2 1 0
9 79806 31521 0 1 0
9 79806 31521 1 2 0
9 79806 31521 2 3 0
9 79806 6097 0 1 0
9 79806 6097 1 2 0
9 79806 6097 2 3 0
9 79806 5473 0 1 0
9 79806 5473 1 2 0
9 79806 5473 2 3 0
9 79806 10945 0 1 0
9 79806 10945 1 2 0
9 79806 10945 2 3 0
9 79806 20181 0 1 0
9 79806 20181 1 2 0
9 79806 20181 2 3 0
9 79806 21587 0 3 0
9 79806 21587 1 4 0
9 79806 21587 2 1 0
9 79806 6847 0 3 0
9 79806 6847 1 4 0
9 79806 6847 2 1 0
9 79806 12431 0 3 0
9 79806 12431 1 4 0
9 79806 12431 2 1 0
9 79806 27995 0 3 0
9 79806 27995 1 4 0
9 79806 27995 2 1 0
9 79806 30799 0 3 0
9 79806 30799 1 4 0
9 79806 30799 2 1 0
9 79806 4671 0 3 0
9 79806 4671 1 4 0
9 79806 4671 2 1 0
9 79806 10367 0 3 0
9 79806 10367 1 4 0
9 79806 10367 2 1 0
9 79806 32683 0 3 0
9 79806 32683 1 4 0
9 79806 32683 2 1 0
9 79806 21519 0 3 0
9 79806 21519 1 4 0
9 79806 21519 2 1 0
9 79806 26161 0 1 0
9 79806 26161 1 2 0
9 79806 26161 2 3 0
9 79806 7747 0 3 0
9 79806 7747 1 4 0
9 79806 7747 2 1 0
9 79806 15511 0 3 0
9 79806 15511 1 4 0
9 79806 15511 2 1 0
9 79806 25955 0 3 0
9 79806 25955 1 4 0
9 79806 25955 2 1 0
9 79806 3697 0 1 0
9 79806 3697 1 2 0
9 79806 3697 2 3 0
9 79806 24931 0 3 0
9 79806 24931 1 4 0
9 79806 24931 2 1 0
9 79806 14011 0 3 0
9 79806 14011 1 4 0
9 79806 14011 2 1 0
9 79806 511 0 3 0
9 79806 511 1 4 0
9 79806 511 2 1 0
9 79806 9645 0 1 0
9 79806 9645 1 2 0
9 79806 9645 2 3 0
9 79806 5915 0 3 0
9 79806 5915 1 4 0
9 79806 5915 2 1 0
9 79806 24291 0 3 0
9 79806 24291 1 4 0
9 79806 24291 2 1 0
9 79806 17857 0 1 0
9 79806 17857 1 2 0
9 79806 17857 2 3 0
9 79806 26017 0 1 0
9 79806 26017 1 2 0
9 79806 26017 2 3 0
9 79806 24445 0 1 0
9 79806 24445 1 2 0
9 79806 24445 2 3 0
9 79806 18461 0 1 0
9 79806 18461 1 2 0
9 79806 18461 2 3 0
9 79806 32265 0 1 0
9 79806 32265 1 2 0
9 79806 32265 2 3 0
9 79806 7797 0 1 0
9 79806 7797 1 2 0
9 79806 7797 2 3 0
9 79806 31973 0 1 0
9 79806 31973 1 2 0
9 79806 31973 2 3 0
9 79806 12261 0 1 0
9 79806 12261 1 2 0
9 79806 12261 2 3 0
9 79806 33 0 1 0
9 79806 33 1 2 0
9 79806 33 2 3 0
9 79806 20007 0 3 0
9 79806 20007 1 4 0
9 79806 20007 2 1 0
9 79806 19355 0 3 0
9 79806 19355 1 4 0
9 79806 19355 2 1 0
9 79806 13831 0 3 0
9 79806 13831 1 4 0
9 79806 13831 2 1 0
9 79806 28985 0 1 0
9 79806 28985 1 2 0
9 79806 28985 2 3 0
9 79806 23233 0 1 0
9 79806 23233 1 2 0
9 79806 23233 2 3 0
9 79806 6387 0 3 0
9 79806 6387 1 4 0
9 79806 6387 2 1 0
9 79806 21999 0 3 0
9 79806 21999 1 4 0
9 79806 21999 2 1 0
9 79806 31815 0 3 0
9 79806 31815 1 4 0
9 79806 31815 2 1 0
9 79806 8255 0 3 0
9 79806 8255 1 4 0
9 79806 8255 2 1 0
9 79806 21187 0 3 0
9 79806 21187 1 4 0
9 79806 21187 2 1 0
9 79806 18395 0 3 0
9 79806 18395 1 4 0
9 79806 18395 2 1 0
9 79806 18429 0 1 0
9 79806 18429 1 2 0
9 79806 18429 2 3 0
9 79806 6231 0 3 0
9 79806 6231 1 4 0
9 79806 6231 2 1 0
9 79806 19519 0 3 0
9 79806 19519 1 4 0
9 79806 19519 2 1 0
9 79806 10479 0 3 0
9 79806 10479 1 4 0
9 79806 10479 2 1 0
9 79806 10993 0 1 0
9 79806 10993 1 2 0
9 79806 10993 2 3 0
9 79806 24877 0 1 0
9 79806 24877 1 2 0
9 79806 24877 2 3 0
9 79806 22021 0 1 0
9 79806 22021 1 2 0
9 79806 22021 2 3 0
9 79806 32741 0 1 0
9 79806 32741 1 2 0
9 79806 32741 2 3 0
9 79806 381 0 1 0
9 79806 381 1 2 0
9 79806 381 2 3 0
9 79806 6007 0 3 0
9 79806 6007 1 4 0
9 79806 6007 2 1 0
9 79806 25685 0 1 0
9 79806 25685 1 2 0
9 79806 25685 2 3 0
9 79806 10011 0 3 0
9 79806 10011 1 4 0
9 79806 10011 2 1 0
9 79806 12945 0 1 0
9 79806 12945 1 2 0
9 79806 12945 2 3 0
9 79806 2905 0 1 0
9 79806 2905 1 2 0
9 79806 2905 2 3 0
9 79806 8117 0 1 0
9 79806 8117 1 2 0
9 79806 8117 2 3 0
9 79806 24565 0 1 0
9 79806 24565 1 2 0
9 79806 24565 2 3 0
9 79806 23789 0 1 0
9 79806 23789 1 2 0
9 79806 23789 2 3 0
9 79806 22077 0 1 0
9 79806 22077 1 2 0
9 79806 22077 2 3 0
9 79806 4341 0 1 0
9 79806 4341 1 2 0
9 79806 4341 2 3 0
9 79806 7895 0 3 0
9 79806 7895 1 4 0
9 79806 7895 2 1 0
9 79806 20709 0 1 0
9 79806 20709 1 2 0
9 79806 20709 2 3 0
9 79806 1221 0 1 0
9 79806 1221 1 2 0
9 79806 1221 2 3 0
9 79806 16795 0 3 0
9 79806 16795 1 4 0
9 79806 16795 2 1 0
9 79806 21589 0 1 0
9 79806 21589 1 2 0
9 79806 21589 2 3 0
9 79806 8603 0 3 0
9 79806 8603 1 4 0
9 79806 8603 2 1 0
9 79806 25727 0 3 0
9 79806 25727 1 4 0
9 79806 25727 2 1 0
9 79806 5261 0 1 0
9 79806 5261 1 2 0
9 79806 5261 2 3 0
9 79806 10673 0 1 0
9 79806 10673 1 2 0
9 79806 10673 2 3 0
9 79806 3897 0 1 0
9 79806 3897 1 2 0
9 79806 3897 2 3 0
9 79806 15315 0 3 0
9 79806 15315 1 4 0
9 79806 15315 2 1 0
9 79806 27723 0 3 0
9 79806 27723 1 4 0
9 79806 27723 2 1 0
9 79806 1019 0 3 0
9 79806 1019 1 4 0
9 79806 1019 2 1 0
9 79806 25925 0 1 0
9 79806 25925 1 2 0
9 79806 25925 2 3 0
9 79806 12183 0 3 0
9 79806 12183 1 4 0
9 79806 12183 2 1 0
9 79806 12297 0 1 0
9 79806 12297 1 2 0
9 79806 12297 2 3 0
9 79806 18815 0 3 0
9 79806 18815 1 4 0
9 79806 18815 2 1 0
9 79806 31753 0 1 0
9 79806 31753 1 2 0
9 79806 31753 2 3 0
9 79806 21185 0 1 0
9 79806 21185 1 2 0
9 79806 21185 2 3 0
9 79806 10955 0 3 0
9 79806 10955 1 4 0
9 79806 10955 2 1 0
9 79806 18619 0 3 0
9 79806 18619 1 4 0
9 79806 18619 2 1 0
9 79806 31877 0 1 0
9 79806 31877 1 2 0
9 79806 31877 2 3 0
9 79806 32137 0 1 0
9 79806 32137 1 2 0
9 79806 32137 2 3 0
9 79806 31751 0 3 0
9 79806 31751 1 4 0
9 79806 31751 2 1 0
9 79806 31243 0 3 0
9 79806 31243 1 4 0
9 79806 31243 2 1 0
9 79806 29595 0 3 0
9 79806 29595 1 4 0
9 79806 29595 2 1 0
9 79806 22153 0 1 0
9 79806 22153 1 2 0
9 79806 22153 2 3 0
9 79806 18045 0 1 0
9 79806 18045 1 2 0
9 79806 18045 2 3 0
9 79806 4761 0 1 0
9 79806 4761 1 2 0
9 79806 4761 2 3 0
9 79806 13901 0 1 0
9 79806 13901 1 2 0
9 79806 13901 2 3 0
9 79806 12443 0 3 0
9 79806 12443 1 4 0
9 79806 12443 2 1 0
9 79806 5089 0 1 0
9 79806 5089 1 2 0
9 79806 5089 2 3 0
9 79806 15941 0 1 0
9 79806 15941 1 2 0
9 79806 15941 2 3 0
9 79806 9569 0 1 0
9 79806 9569 1 2 0
9 79806 9569 2 3 0
9 79806 4945 0 1 0
9 79806 4945 1 2 0
9 79806 4945 2 3 0
9 79806 22983 0 3 0
9 79806 22983 1 4 0
9 79806 22983 2 1 0
9 79806 8967 0 3 0
9 79806 8967 1 4 0
9 79806 8967 2 1 0
9 79806 29419 0 3 0
9 79806 29419 1 4 0
9 79806 29419 2 1 0
9 79806 1759 0 3 0
9 79806 1759 1 4 0
9 79806 1759 2 1 0
9 79806 24917 0 1 0
9 79806 24917 1 2 0
9 79806 24917 2 3 0
9 79806 24873 0 1 0
9 79806 24873 1 2 0
9 79806 24873 2 3 0
9 79806 31433 0 1 0
9 79806 31433 1 2 0
9 79806 31433 2 3 0
9 79806 9673 0 1 0
9 79806 9673 1 2 0
9 79806 9673 2 3 0
9 79806 9549 0 1 0
9 79806 9549 1 2 0
9 79806 9549 2 3 0
9 79806 4131 0 3 0
9 79806 4131 1 4 0
9 79806 4131 2 1 0
9 79806 11397 0 1 0
9 79806 11397 1 2 0
9 79806 11397 2 3 0
9 79806 32385 0 1 0
9 79806 32385 1 2 0
9 79806 32385 2 3 0
9 79806 1081 0 1 0
9 79806 1081 1 2 0
9 79806 1081 2 3 0
9 79806 1063 0 3 0
9 79806 1063 1 4 0
9 79806 1063 2 1 0
9 79806 15279 0 3 0
9 79806 15279 1 4 0
9 79806 15279 2 1 0
9 79806 16651 0 3 0
9 79806 16651 1 4 0
9 79806 16651 2 1 0
9 79806 24351 0 3 0
9 79806 24351 1 4 0
9 79806 24351 2 1 0
9 79806 29607 0 3 0
9 79806 29607 1 4 0
9 79806 29607 2 1 0
9 79806 15867 0 3 0
9 79806 15867 1 4 0
9 79806 15867 2 1 0
9 79806 22527 0 3 0
9 79806 22527 1 4 0
9 79806 22527 2 1 0
9 79806 16303 0 3 0
9 79806 16303 1 4 0
9 79806 16303 2 1 0
9 79806 14273 0 1 0
9 79806 14273 1 2 0
9 79806 14273 2 3 0
9 79806 27343 0 3 0
9 79806 27343 1 4 0
9 79806 27343 2 1 0
9 79806 4077 0 1 0
9 79806 4077 1 2 0
9 79806 4077 2 3 0
9 79806 19627 0 3 0
9 79806 19627 1 4 0
9 79806 19627 2 1 0
9 79806 4837 0 1 0
9 79806 4837 1 2 0
9 79806 4837 2 3 0
9 79806 19183 0 3 0
9 79806 19183 1 4 0
9 79806 19183 2 1 0
9 79806 10245 0 1 0
9 79806 10245 1 2 0
9 79806 10245 2 3 0
9 79806 16929 0 1 0
9 79806 16929 1 2 0
9 79806 16929 2 3 0
9 79806 10009 0 1 0
9 79806 10009 1 2 0
9 79806 10009 2 3 0
9 79806 16423 0 3 0
9 79806 16423 1 4 0
9 79806 16423 2 1 0
9 79806 12143 0 3 0
9 79806 12143 1 4 0
9 79806 12143 2 1 0
9 79806 11331 0 3 0
9 79806 11331 1 4 0
9 79806 11331 2 1 0
9 79806 675 0 3 0
9 79806 675 1 4 0
9 79806 675 2 1 0
9 79806 27011 0 3 0
9 79806 27011 1 4 0
9 79806 27011 2 1 0
9 79806 25987 0 3 0
9 79806 25987 1 4 0
9 79806 25987 2 1 0
9 79806 21847 0 3 0
9 79806 21847 1 4 0
9 79806 21847 2 1 0
9 79806 12125 0 1 0
9 79806 12125 1 2 0
9 79806 12125 2 3 0
9 79806 8269 0 1 0
9 79806 8269 1 2 0
9 79806 8269 2 3 0
9 79806 19895 0 3 0
9 79806 19895 1 4 0
9 79806 19895 2 1 0
9 79806 23185 0 1 0
9 79806 23185 1 2 0
9 79806 23185 2 3 0
9 79806 12413 0 1 0
9 79806 12413 1 2 0
9 79806 12413 2 3 0
9 79806 9543 0 3 0
9 79806 9543 1 4 0
9 79806 9543 2 1 0
9 79806 24481 0 1 0
9 79806 24481 1 2 0
9 79806 24481 2 3 0
9 79806 26903 0 3 0
9 79806 26903 1 4 0
9 79806 26903 2 1 0
9 79806 995 0 3 0
9 79806 995 1 4 0
9 79806 995 2 1 0
9 79806 13471 0 3 0
9 79806 13471 1 4 0
9 79806 13471 2 1 0
9 79806 31297 0 1 0
9 79806 31297 1 2 0
9 79806 31297 2 3 0
9 79806 32387 0 3 0
9 79806 32387 1 4 0
9 79806 32387 2 1 0
9 79806 3333 0 1 0
9 79806 3333 1 2 0
9 79806 3333 2 3 0
9 79806 30061 0 1 0
9 79806 30061 1 2 0
9 79806 30061 2 3 0
9 79806 11587 0 3 0
9 79806 11587 1 4 0
9 79806 11587 2 1 0
9 79806 5197 0 1 0
9 79806 5197 1 2 0
9 79806 5197 2 3 0
9 79806 24235 0 3 0
9 79806 24235 1 4 0
9 79806 24235 2 1 0
9 79806 25923 0 3 0
9 79806 25923 1 4 0
9 79806 25923 2 1 0
9 79806 29681 0 1 0
9 79806 29681 1 2 0
9 79806 29681 2 3 0
9 79806 12563 0 3 0
9 79806 12563 1 4 0
9 79806 12563 2 1 0
9 79806 5369 0 1 0
9 79806 5369 1 2 0
9 79806 5369 2 3 0
9 79806 2337 0 1 0
9 79806 2337 1 2 0
9 79806 2337 2 3 0
9 79806 1131 0 3 0
9 79806 1131 1 4 0
9 79806 1131 2 1 0
9 79806 26721 0 1 0
9 79806 26721 1 2 0
9 79806 26721 2 3 0
9 79806 2927 0 3 0
9 79806 2927 1 4 0
9 79806 2927 2 1 0
9 79806 18787 0 3 0
9 79806 18787 1 4 0
9 79806 18787 2 1 0
9 79806 4465 0 1 0
9 79806 4465 1 2 0
9 79806 4465 2 3 0
9 79806 11937 0 1 0
9 79806 11937 1 2 0
9 79806 11937 2 3 0
9 79806 21239 0 3 0
9 79806 21239 1 4 0
9 79806 21239 2 1 0
9 79806 14001 0 1 0
9 79806 14001 1 2 0
9 79806 14001 2 3 0
9 79806 4389 0 1 0
9 79806 4389 1 2 0
9 79806 4389 2 3 0
9 79806 9667 0 3 0
9 79806 9667 1 4 0
9 79806 9667 2 1 0
9 79806 18471 0 3 0
9 79806 18471 1 4 0
9 79806 18471 2 1 0
9 79806 11047 0 3 0
9 79806 11047 1 4 0
9 79806 11047 2 1 0
9 79806 23779 0 3 0
9 79806 23779 1 4 0
9 79806 23779 2 1 0
9 79806 5229 0 1 0
9 79806 5229 1 2 0
9 79806 5229 2 3 0
9 79806 19079 0 3 0
9 79806 19079 1 4 0
9 79806 19079 2 1 0
9 79806 21533 0 1 0
9 79806 21533 1 2 0
9 79806 21533 2 3 0
9 79806 3527 0 3 0
9 79806 3527 1 4 0
9 79806 3527 2 1 0
9 79806 28341 0 1 0
9 79806 28341 1 2 0
9 79806 28341 2 3 0
9 79806 20187 0 3 0
9 79806 20187 1 4 0
9 79806 20187 2 1 0
9 79806 8465 0 1 0
9 79806 8465 1 2 0
9 79806 8465 2 3 0
9 79806 8087 0 3 0
9 79806 8087 1 4 0
9 79806 8087 2 1 0
9 79806 16203 0 3 0
9 79806 16203 1 4 0
9 79806 16203 2 1 0
9 79806 30893 0 1 0
9 79806 30893 1 2 0
9 79806 30893 2 3 0
9 79806 29613 0 1 0
9 79806 29613 1 2 0
9 79806 29613 2 3 0
9 79806 25415 0 3 0
9 79806 25415 1 4 0
9 79806 25415 2 1 0
9 79806 27255 0 3 0
9 79806 27255 1 4 0
9 79806 27255 2 1 0
9 79806 29575 0 3 0
9 79806 29575 1 4 0
9 79806 29575 2 1 0
9 79806 15313 0 1 0
9 79806 15313 1 2 0
9 79806 15313 2 3 0
9 79806 3415 0 3 0
9 79806 3415 1 4 0
9 79806 3415 2 1 0
9 79806 1519 0 3 0
9 79806 1519 1 4 0
9 79806 1519 2 1 0
9 79806 23427 0 3 0
9 79806 23427 1 4 0
9 79806 23427 2 1 0
9 79806 5675 0 3 0
9 79806 5675 1 4 0
9 79806 5675 2 1 0
9 79806 6233 0 1 0
9 79806 6233 1 2 0
9 79806 6233 2 3 0
9 79806 26717 0 1 0
9 79806 26717 1 2 0
9 79806 26717 2 3 0
9 79806 24201 0 1 0
9 79806 24201 1 2 0
9 79806 24201 2 3 0
9 79806 8679 0 3 0
9 79806 8679 1 4 0
9 79806 8679 2 1 0
9 79806 29093 0 1 0
9 79806 29093 1 2 0
9 79806 29093 2 3 0
9 79806 17647 0 3 0
9 79806 17647 1 4 0
9 79806 17647 2 1 0
9 79806 2379 0 3 0
9 79806 2379 1 4 0
9 79806 2379 2 1 0
9 79806 12343 0 3 0
9 79806 12343 1 4 0
9 79806 12343 2 1 0
9 79806 30585 0 1 0
9 79806 30585 1 2 0
9 79806 30585 2 3 0
9 79806 8099 0 3 0
9 79806 8099 1 4 0
9 79806 8099 2 1 0
9 79806 25169 0 1 0
9 79806 25169 1 2 0
9 79806 25169 2 3 0
9 79806 14999 0 3 0
9 79806 14999 1 4 0
9 79806 14999 2 1 0
9 79806 20583 0 3 0
9 79806 20583 1 4 0
9 79806 20583 2 1 0
9 79806 18519 0 3 0
9 79806 18519 1 4 0
9 79806 18519 2 1 0
9 79806 30661 0 1 0
9 79806 30661 1 2 0
9 79806 30661 2 3 0
9 79806 32037 0 1 0
9 79806 32037 1 2 0
9 79806 32037 2 3 0
9 79806 13021 0 1 0
9 79806 13021 1 2 0
9 79806 13021 2 3 0
9 79806 28739 0 3 0
9 79806 28739 1 4 0
9 79806 28739 2 1 0
9 79806 11729 0 1 0
9 79806 11729 1 2 0
9 79806 11729 2 3 0
9 79806 21131 0 3 0
9 79806 21131 1 4 0
9 79806 21131 2 1 0
9 79806 18331 0 3 0
9 79806 18331 1 4 0
9 79806 18331 2 1 0
9 79806 28767 0 3 0
9 79806 28767 1 4 0
9 79806 28767 2 1 0
9 79806 25065 0 1 0
9 79806 25065 1 2 0
9 79806 25065 2 3 0
9 79806 7107 0 3 0
9 79806 7107 1 4 0
9 79806 7107 2 1 0
9 79806 23805 0 1 0
9 79806 23805 1 2 0
9 79806 23805 2 3 0
9 79806 22373 0 1 0
9 79806 22373 1 2 0
9 79806 22373 2 3 0
9 79806 11315 0 3 0
9 79806 11315 1 4 0
9 79806 11315 2 1 0
9 79806 23963 0 3 0
9 79806 23963 1 4 0
9 79806 23963 2 1 0
9 79806 14395 0 3 0
9 79806 14395 1 4 0
9 79806 14395 2 1 0
9 79806 20925 0 1 0
9 79806 20925 1 2 0
9 79806 20925 2 3 0
9 79806 8473 0 1 0
9 79806 8473 1 2 0
9 79806 8473 2 3 0
9 79806 3891 0 3 0
9 79806 3891 1 4 0
9 79806 3891 2 1 0
9 79806 26125 0 1 0
9 79806 26125 1 2 0
9 79806 26125 2 3 0
9 79806 25699 0 3 0
9 79806 25699 1 4 0
9 79806 25699 2 1 0
9 79806 16863 0 3 0
9 79806 16863 1 4 0
9 79806 16863 2 1 0
9 79806 25271 0 3 0
9 79806 25271 1 4 0
9 79806 25271 2 1 0
9 79806 27919 0 3 0
9 79806 27919 1 4 0
9 79806 27919 2 1 0
9 79806 20973 0 1 0
9 79806 20973 1 2 0
9 79806 20973 2 3 0
9 79806 1935 0 3 0
9 79806 1935 1 4 0
9 79806 1935 2 1 0
9 79806 27591 0 3 0
9 79806 27591 1 4 0
9 79806 27591 2 1 0
9 79806 27915 0 3 0
9 79806 27915 1 4 0
9 79806 27915 2 1 0
9 79806 26947 0 3 0
9 79806 26947 1 4 0
9 79806 26947 2 1 0
9 79806 31315 0 3 0
9 79806 31315 1 4 0
9 79806 31315 2 1 0
9 79806 15169 0 1 0
9 79806 15169 1 2 0
9 79806 15169 2 3 0
9 79806 18327 0 3 0
9 79806 18327 1 4 0
9 79806 18327 2 1 0
9 79806 12587 0 3 0
9 79806 12587 1 4 0
9 79806 12587 2 1 0
9 79806 11537 0 1 0
9 79806 11537 1 2 0
9 79806 11537 2 3 0
9 79806 29709 0 1 0
9 79806 29709 1 2 0
9 79806 29709 2 3 0
9 79806 457 0 1 0
9 79806 457 1 2 0
9 79806 457 2 3 0
9 79806 31503 0 3 0
9 79806 31503 1 4 0
9 79806 31503 2 1 0
9 79806 30605 0 1 0
9 79806 30605 1 2 0
9 79806 30605 2 3 0
9 79806 13145 0 1 0
9 79806 13145 1 2 0
9 79806 13145 2 3 0
9 79806 5855 0 3 0
9 79806 5855 1 4 0
9 79806 5855 2 1 0
9 79806 30095 0 3 0
9 79806 30095 1 4 0
9 79806 30095 2 1 0
9 79806 32605 0 1 0
9 79806 32605 1 2 0
9 79806 32605 2 3 0
9 79806 24649 0 1 0
9 79806 24649 1 2 0
9 79806 24649 2 3 0
9 79806 10523 0 3 0
9 79806 10523 1 4 0
9 79806 10523 2 1 0
9 79806 24071 0 3 0
9 79806 24071 1 4 0
9 79806 24071 2 1 0
9 79806 5541 0 1 0
9 79806 5541 1 2 0
9 79806 5541 2 3 0
9 79806 5469 0 1 0
9 79806 5469 1 2 0
9 79806 5469 2 3 0
9 79806 30371 0 3 0
9 79806 30371 1 4 0
9 79806 30371 2 1 0
9 79806 13243 0 3 0
9 79806 13243 1 4 0
9 79806 13243 2 1 0
9 79806 30621 0 1 0
9 79806 30621 1 2 0
9 79806 30621 2 3 0
9 79806 877 0 1 0
9 79806 877 1 2 0
9 79806 877 2 3 0
9 79806 23049 0 1 0
9 79806 23049 1 2 0
9 79806 23049 2 3 0
9 79806 23699 0 3 0
9 79806 23699 1 4 0
9 79806 23699 2 1 0
9 79806 535 0 3 0
9 79806 535 1 4 0
9 79806 535 2 1 0
9 79806 3949 0 1 0
9 79806 3949 1 2 0
9 79806 3949 2 3 0
9 79806 4253 0 1 0
9 79806 4253 1 2 0
9 79806 4253 2 3 0
9 79806 17577 0 1 0
9 79806 17577 1 2 0
9 79806 17577 2 3 0
9 79806 9939 0 3 0
9 79806 9939 1 4 0
9 79806 9939 2 1 0
9 79806 9727 0 3 0
9 79806 9727 1 4 0
9 79806 9727 2 1 0
9 79806 17187 0 3 0
9 79806 17187 1 4 0
9 79806 17187 2 1 0
9 79806 17261 0 1 0
9 79806 17261 1 2 0
9 79806 17261 2 3 0
9 79806 14963 0 3 0
9 79806 14963 1 4 0
9 79806 14963 2 1 0
9 79806 30669 0 1 0
9 79806 30669 1 2 0
9 79806 30669 2 3 0
9 79806 8549 0 1 0
9 79806 8549 1 2 0
9 79806 8549 2 3 0
9 79806 12461 0 1 0
9 79806 12461 1 2 0
9 79806 12461 2 3 0
9 79806 29245 0 1 0
9 79806 29245 1 2 0
9 79806 29245 2 3 0
9 79806 27409 0 1 0
9 79806 27409 1 2 0
9 79806 27409 2 3 0
9 79806 2743 0 3 0
9 79806 2743 1 4 0
9 79806 2743 2 1 0
9 79806 28997 0 1 0
9 79806 28997 1 2 0
9 79806 28997 2 3 0
9 79806 11255 0 3 0
9 79806 11255 1 4 0
9 79806 11255 2 1 0
9 79806 29153 0 1 0
9 79806 29153 1 2 0
9 79806 29153 2 3 0
9 79806 20657 0 1 0
9 79806 20657 1 2 0
9 79806 20657 2 3 0
9 79806 15787 0 3 0
9 79806 15787 1 4 0
9 79806 15787 2 1 0
9 79806 19025 0 1 0
9 79806 19025 1 2 0
9 79806 19025 2 3 0
9 79806 17999 0 3 0
9 79806 17999 1 4 0
9 79806 17999 2 1 0
9 79806 6757 0 1 0
9 79806 6757 1 2 0
9 79806 6757 2 3 0
9 79806 14019 0 3 0
9 79806 14019 1 4 0
9 79806 14019 2 1 0
9 79806 17601 0 1 0
9 79806 17601 1 2 0
9 79806 17601 2 3 0
10 79806 4447 0 3 0
10 79806 4447 1 4 0
10 79806 4447 2 1 0
10 79806 8485 0 1 0
10 79806 8485 1 2 0
10 79806 8485 2 3 0
10 79806 4457 0 1 0
10 79806 4457 1 2 0
10 79806 4457 2 3 0
10 79806 5721 0 1 0
10 79806 5721 1 2 0
10 79806 5721 2 3 0
10 79806 14591 0 3 0
10 79806 14591 1 4 0
10 79806 14591 2 1 0
10 79806 24617 0 1 0
10 79806 24617 1 2 0
10 79806 24617 2 3 0
10 79806 28769 0 1 0
10 79806 28769 1 2 0
10 79806 28769 2 3 0
10 79806 31381 0 1 0
10 79806 31381 1 2 0
10 79806 31381 2 3 0
10 79806 25211 0 3 0
10 79806 25211 1 4 0
10 79806 25211 2 1 0
10 79806 4819 0 3 0
10 79806 4819 1 4 0
10 79806 4819 2 1 0
10 79806 21553 0 1 0
10 79806 21553 1 2 0
10 79806 21553 2 3 0
10 79806 28465 0 1 0
10 79806 28465 1 2 0
10 79806 28465 2 3 0
10 79806 13353 0 1 0
10 79806 13353 1 2 0
10 79806 13353 2 3 0
10 79806 4657 0 1 0
10 79806 4657 1 2 0
10 79806 4657 2 3 0
10 79806 27155 0 3 0
10 79806 27155 1 4 0
10 79806 27155 2 1 0
10 79806 9813 0 1 0
10 79806 9813 1 2 0
10 79806 9813 2 3 0
10 79806 7773 0 1 0
10 79806 7773 1 2 0
10 79806 7773 2 3 0
10 79806 3501 0 1 0
10 79806 3501 1 2 0
10 79806 3501 2 3 0
10 79806 17843 0 3 0
10 79806 17843 1 4 0
10 79806 17843 2 1 0
10 79806 11383 0 3 0
10 79806 11383 1 4 0
10 79806 11383 2 1 0
10 79806 8557 0 1 0
10 79806 8557 1 2 0
10 79806 8557 2 3 0
10 79806 2033 0 1 0
10 79806 2033 1 2 0
10 79806 2033 2 3 0
10 79806 6827 0 3 0
10 79806 6827 1 4 0
10 79806 6827 2 1 0
10 79806 11523 0 3 0
10 79806 11523 1 4 0
10 79806 11523 2 1 0
10 79806 4995 0 3 0
10 79806 4995 1 4 0
10 79806 4995 2 1 0
10 79806 21077 0 1 0
10 79806 21077 1 2 0
10 79806 21077 2 3 0
10 79806 77 0 1 0
10 79806 77 1 2 0
10 79806 77 2 3 0
10 79806 1175 0 3 0
10 79806 1175 1 4 0
10 79806 1175 2 1 0
10 79806 22255 0 3 0
10 79806 22255 1 4 0
10 79806 22255 2 1 0
10 79806 23261 0 1 0
10 79806 23261 1 2 0
10 79806 23261 2 3 0
10 79806 13541 0 1 0
10 79806 13541 1 2 0
10 79806 13541 2 3 0
10 79806 26909 0 1 0
10 79806 26909 1 2 0
10 79806 26909 2 3 0
10 79806 27753 0 1 0
10 79806 27753 1 2 0
10 79806 27753 2 3 0
10 79806 7591 0 3 0
10 79806 7591 1 4 0
10 79806 7591 2 1 0
10 79806 6587 0 3 0
10 79806 6587 1 4 0
10 79806 6587 2 1 0
10 79806 3813 0 1 0
10 79806 3813 1 2 0
10 79806 3813 2 3 0
10 79806 5433 0 1 0
10 79806 5433 1 2 0
10 79806 5433 2 3 0
10 79806 13419 0 3 0
10 79806 13419 1 4 0
10 79806 13419 2 1 0
10 79806 28339 0 3 0
10 79806 28339 1 4 0
10 79806 28339 2 1 0
10 79806 11277 0 1 0
10 79806 11277 1 2 0
10 79806 11277 2 3 0
10 79806 1787 0 3 0
10 79806 1787 1 4 0
10 79806 1787 2 1 0
10 79806 12299 0 3 0
10 79806 12299 1 4 0
10 79806 12299 2 1 0
10 79806 9169 0 1 0
10 79806 9169 1 2 0
10 79806 9169 2 3 0
10 79806 14219 0 3 0
10 79806 14219 1 4 0
10 79806 14219 2 1 0
10 79806 30635 0 3 0
10 79806 30635 1 4 0
10 79806 30635 2 1 0
10 79806 20469 0 1 0
10 79806 20469 1 2 0
10 79806 20469 2 3 0
10 79806 28755 0 3 0
10 79806 28755 1 4 0
10 79806 28755 2 1 0
10 79806 14367 0 3 0
10 79806 14367 1 4 0
10 79806 14367 2 1 0
10 79806 12057 0 1 0
10 79806 12057 1 2 0
10 79806 12057 2 3 0
10 79806 21975 0 3 0
10 79806 21975 1 4 0
10 79806 21975 2 1 0
10 79806 15177 0 1 0
10 79806 15177 1 2 0
10 79806 15177 2 3 0
10 79806 2115 0 3 0
10 79806 2115 1 4 0
10 79806 2115 2 1 0
10 79806 8153 0 1 0
10 79806 8153 1 2 0
10 79806 8153 2 3 0
10 79806 23147 0 3 0
10 79806 23147 1 4 0
10 79806 23147 2 1 0
10 79806 19959 0 3 0
10 79806 19959 1 4 0
10 79806 19959 2 1 0
10 79806 25959 0 3 0
10 79806 25959 1 4 0
10 79806 25959 2 1 0
10 79806 10325 0 1 0
10 79806 10325 1 2 0
10 79806 10325 2 3 0
10 79806 30833 0 1 0
10 79806 30833 1 2 0
10 79806 30833 2 3 0
10 79806 9025 0 1 0
10 79806 9025 1 2 0
10 79806 9025 2 3 0
10 79806 26295 0 3 0
10 79806 26295 1 4 0
10 79806 26295 2 1 0
10 79806 21267 0 3 0
10 79806 21267 1 4 0
10 79806 21267 2 1 0
10 79806 13635 0 3 0
10 79806 13635 1 4 0
10 79806 13635 2 1 0
10 79806 23933 0 1 0
10 79806 23933 1 2 0
10 79806 23933 2 3 0
10 79806 23719 0 3 0
10 79806 23719 1 4 0
10 79806 23719 2 1 0
10 79806 18561 0 1 0
10 79806 18561 1 2 0
10 79806 18561 2 3 0
10 79806 27039 0 3 0
10 79806 27039 1 4 0
10 79806 27039 2 1 0
10 79806 6707 0 3 0
10 79806 6707 1 4 0
10 79806 6707 2 1 0
10 79806 3437 0 1 0
10 79806 3437 1 2 0
10 79806 3437 2 3 0
10 79806 27087 0 3 0
10 79806 27087 1 4 0
10 79806 27087 2 1 0
10 79806 7211 0 3 0
10 79806 7211 1 4 0
10 79806 7211 2 1 0
10 79806 24331 0 3 0
10 79806 24331 1 4 0
10 79806 24331 2 1 0
10 79806 15715 0 3 0
10 79806 15715 1 4 0
10 79806 15715 2 1 0
10 79806 32473 0 1 0
10 79806 32473 1 2 0
10 79806 32473 2 3 0
10 79806 11261 0 1 0
10 79806 11261 1 2 0
10 79806 11261 2 3 0
10 79806 28571 0 3 0
10 79806 28571 1 4 0
10 79806 28571 2 1 0
10 79806 27737 0 1 0
10 79806 27737 1 2 0
10 79806 27737 2 3 0
10 79806 28229 0 1 0
10 79806 28229 1 2 0
10 79806 28229 2 3 0
10 79806 3615 0 3 0
10 79806 3615 1 4 0
10 79806 3615 2 1 0
10 79806 24647 0 3 0
10 79806 24647 1 4 0
10 79806 24647 2 1 0
10 79806 2673 0 1 0
10 79806 2673 1 2 0
10 79806 2673 2 3 0
10 79806 17041 0 1 0
10 79806 17041 1 2 0
10 79806 17041 2 3 0
10 79806 19515 0 3 0
10 79806 19515 1 4 0
10 79806 19515 2 1 0
10 79806 32763 0 3 0
10 79806 32763 1 4 0
10 79806 32763 2 1 0
10 79806 7969 0 1 0
10 79806 7969 1 2 0
10 79806 7969 2 3 0
10 79806 13507 0 3 0
10 79806 13507 1 4 0
10 79806 13507 2 1 0
10 79806 32279 0 3 0
10 79806 32279 1 4 0
10 79806 32279 2 1 0
10 79806 13441 0 1 0
10 79806 13441 1 2 0
10 79806 13441 2 3 0
10 79806 27571 0 3 0
10 79806 27571 1 4 0
10 79806 27571 2 1 0
10 79806 9963 0 3 0
10 79806 9963 1 4 0
10 79806 9963 2 1 0
10 79806 19499 0 3 0
10 79806 19499 1 4 0
10 79806 19499 2 1 0
10 79806 27399 0 3 0
10 79806 27399 1 4 0
10 79806 27399 2 1 0
10 79806 631 0 3 0
10 79806 631 1 4 0
10 79806 631 2 1 0
10 79806 17445 0 1 0
10 79806 17445 1 2 0
10 79806 17445 2 3 0
10 79806 26437 0 1 0
10 79806 26437 1 2 0
10 79806 26437 2 3 0
10 79806 15661 0 1 0
10 79806 15661 1 2 0
10 79806 15661 2 3 0
10 79806 315 0 3 0
10 79806 315 1 4 0
10 79806 315 2 1 0
10 79806 2077 0 1 0
10 79806 2077 1 2 0
10 79806 2077 2 3 0
10 79806 29237 0 1 0
10 79806 29237 1 2 0
10 79806 29237 2 3 0
10 79806 26079 0 3 0
10 79806 26079 1 4 0
10 79806 26079 2 1 0
10 79806 31459 0 3 0
10 79806 31459 1 4 0
10 79806 31459 2 1 0
10 79806 32271 0 3 0
10 79806 32271 1 4 0
10 79806 32271 2 1 0
10 79806 18841 0 1 0
10 79806 18841 1 2 0
10 79806 18841 2 3 0
10 79806 26435 0 3 0
10 79806 26435 1 4 0
10 79806 26435 2 1 0
10 79806 31443 0 3 0
10 79806 31443 1 4 0
10 79806 31443 2 1 0
10 79806 15927 0 3 0
10 79806 15927 1 4 0
10 79806 15927 2 1 0
10 79806 18783 0 3 0
10 79806 18783 1 4 0
10 79806 18783 2 1 0
10 79806 24209 0 1 0
10 79806 24209 1 2 0
10 79806 24209 2 3 0
10 79806 1609 0 1 0
10 79806 1609 1 2 0
10 79806 1609 2 3 0
10 79806 29737 0 1 0
10 79806 29737 1 2 0
10 79806 29737 2 3 0
10 79806 24763 0 3 0
10 79806 24763 1 4 0
10 79806 24763 2 1 0
10 79806 11381 0 1 0
10 79806 11381 1 2 0
10 79806 11381 2 3 0
10 79806 17065 0 1 0
10 79806 17065 1 2 0
10 79806 17065 2 3 0
10 79806 32025 0 1 0
10 79806 32025 1 2 0
10 79806 32025 2 3 0
10 79806 26641 0 1 0
10 79806 26641 1 2 0
10 79806 26641 2 3 0
10 79806 12345 0 1 0
10 79806 12345 1 2 0
10 79806 12345 2 3 0
10 79806 32371 0 3 0
10 79806 32371 1 4 0
10 79806 32371 2 1 0
10 79806 23063 0 3 0
10 79806 23063 1 4 0
10 79806 23063 2 1 0
10 79806 30981 0 1 0
10 79806 30981 1 2 0
10 79806 30981 2 3 0
10 79806 29015 0 3 0
10 79806 29015 1 4 0
10 79806 29015 2 1 0
10 79806 3059 0 3 0
10 79806 3059 1 4 0
10 79806 3059 2 1 0
10 79806 13303 0 3 0
10 79806 13303 1 4 0
10 79806 13303 2 1 0
10 79806 23679 0 3 0
10 79806 23679 1 4 0
10 79806 23679 2 1 0
10 79806 20051 0 3 0
10 79806 20051 1 4 0
10 79806 20051 2 1 0
10 79806 5517 0 1 0
10 79806 5517 1 2 0
10 79806 5517 2 3 0
10 79806 4975 0 3 0
10 79806 4975 1 4 0
10 79806 4975 2 1 0
10 79806 18529 0 1 0
10 79806 18529 1 2 0
10 79806 18529 2 3 0
10 79806 27685 0 1 0
10 79806 27685 1 2 0
10 79806 27685 2 3 0
10 79806 20331 0 3 0
10 79806 20331 1 4 0
10 79806 20331 2 1 0
10 79806 18679 0 3 0
10 79806 18679 1 4 0
10 79806 18679 2 1 0
10 79806 21565 0 1 0
10 79806 21565 1 2 0
10 79806 21565 2 3 0
10 79806 25801 0 1 0
10 79806 25801 1 2 0
10 79806 25801 2 3 0
10 79806 23089 0 1 0
10 79806 23089 1 2 0
10 79806 23089 2 3 0
10 79806 10183 0 3 0
10 79806 10183 1 4 0
10 79806 10183 2 1 0
10 79806 2515 0 3 0
10 79806 2515 1 4 0
10 79806 2515 2 1 0
10 79806 751 0 3 0
10 79806 751 1 4 0
10 79806 751 2 1 0
10 79806 15659 0 3 0
10 79806 15659 1 4 0
10 79806 15659 2 1 0
10 79806 28405 0 1 0
10 79806 28405 1 2 0
10 79806 28405 2 3 0
10 79806 929 0 1 0
10 79806 929 1 2 0
10 79806 929 2 3 0
10 79806 3503 0 3 0
10 79806 3503 1 4 0
10 79806 3503 2 1 0
10 79806 10837 0 1 0
10 79806 10837 1 2 0
10 79806 10837 2 3 0
10 79806 8855 0 3 0
10 79806 8855 1 4 0
10 79806 8855 2 1 0
10 79806 15495 0 3 0
10 79806 15495 1 4 0
10 79806 15495 2 1 0
10 79806 17939 0 3 0
10 79806 17939 1 4 0
10 79806 17939 2 1 0
10 79806 30207 0 3 0
10 79806 30207 1 4 0
10 79806 30207 2 1 0
10 79806 11519 0 3 0
10 79806 11519 1 4 0
10 79806 11519 2 1 0
10 79806 28627 0 3 0
10 79806 28627 1 4 0
10 79806 28627 2 1 0
10 79806 16105 0 1 0
10 79806 16105 1 2 0
10 79806 16105 2 3 0
10 79806 21895 0 3 0
10 79806 21895 1 4 0
10 79806 21895 2 1 0
10 79806 5259 0 3 0
10 79806 5259 1 4 0
10 79806 5259 2 1 0
10 79806 26107 0 3 0
10 79806 26107 1 4 0
10 79806 26107 2 1 0
10 79806 18829 0 1 0
10 79806 18829 1 2 0
10 79806 18829 2 3 0
10 79806 14599 0 3 0
10 79806 14599 1 4 0
10 79806 14599 2 1 0
10 79806 18989 0 1 0
10 79806 18989 1 2 0
10 79806 18989 2 3 0
10 79806 10385 0 1 0
10 79806 10385 1 2 0
10 79806 10385 2 3 0
10 79806 25643 0 3 0
10 79806 25643 1 4 0
10 79806 25643 2 1 0
10 79806 22403 0 3 0
10 79806 22403 1 4 0
10 79806 22403 2 1 0
10 79806 679 0 3 0
10 79806 679 1 4 0
10 79806 679 2 1 0
10 79806 12951 0 3 0
10 79806 12951 1 4 0
10 79806 12951 2 1 0
10 79806 8709 0 1 0
10 79806 8709 1 2 0
10 79806 8709 2 3 0
10 79806 32495 0 3 0
10 79806 32495 1 4 0
10 79806 32495 2 1 0
10 79806 11439 0 3 0
10 79806 11439 1 4 0
10 79806 11439 2 1 0
10 79806 16463 0 3 0
10 79806 16463 1 4 0
10 79806 16463 2 1 0
10 79806 12091 0 3 0
10 79806 12091 1 4 0
10 79806 12091 2 1 0
10 79806 999 0 3 0
10 79806 999 1 4 0
10 79806 999 2 1 0
10 79806 26251 0 3 0
10 79806 26251 1 4 0
10 79806 26251 2 1 0
10 79806 26997 0 1 0
10 79806 26997 1 2 0
10 79806 26997 2 3 0
10 79806 11929 0 1 0
10 79806 11929 1 2 0
10 79806 11929 2 3 0
10 79806 1125 0 1 0
10 79806 1125 1 2 0
10 79806 1125 2 3 0
10 79806 31939 0 3 0
10 79806 31939 1 4 0
10 79806 31939 2 1 0
10 79806 15103 0 3 0
10 79806 15103 1 4 0
10 79806 15103 2 1 0
10 79806 28257 0 1 0
10 79806 28257 1 2 0
10 79806 28257 2 3 0
10 79806 13789 0 1 0
10 79806 13789 1 2 0
10 79806 13789 2 3 0
10 79806 14611 0 3 0
10 79806 14611 1 4 0
10 79806 14611 2 1 0
10 79806 15293 0 1 0
10 79806 15293 1 2 0
10 79806 15293 2 3 0
10 79806 28125 0 1 0
10 79806 28125 1 2 0
10 79806 28125 2 3 0
10 79806 27351 0 3 0
10 79806 27351 1 4 0
10 79806 27351 2 1 0
10 79806 22267 0 3 0
10 79806 22267 1 4 0
10 79806 22267 2 1 0
10 79806 12217 0 1 0
10 79806 12217 1 2 0
10 79806 12217 2 3 0
10 79806 5615 0 3 0
10 79806 5615 1 4 0
10 79806 5615 2 1 0
10 79806 25971 0 3 0
10 79806 25971 1 4 0
10 79806 25971 2 1 0
10 79806 1611 0 3 0
10 79806 1611 1 4 0
10 79806 1611 2 1 0
10 79806 28841 0 1 0
10 79806 28841 1 2 0
10 79806 28841 2 3 0
10 79806 7781 0 1 0
10 79806 7781 1 2 0
10 79806 7781 2 3 0
10 79806 19601 0 1 0
10 79806 19601 1 2 0
10 79806 19601 2 3 0
10 79806 5301 0 1 0
10 79806 5301 1 2 0
10 79806 5301 2 3 0
10 79806 8361 0 1 0
10 79806 8361 1 2 0
10 79806 8361 2 3 0
10 79806 327 0 3 0
10 79806 327 1 4 0
10 79806 327 2 1 0
10 79806 14211 0 3 0
10 79806 14211 1 4 0
10 79806 14211 2 1 0
10 79806 4309 0 1 0
10 79806 4309 1 2 0
10 79806 4309 2 3 0
10 79806 18411 0 3 0
10 79806 18411 1 4 0
10 79806 18411 2 1 0
10 79806 2051 0 3 0
10 79806 2051 1 4 0
10 79806 2051 2 1 0
10 79806 21209 0 1 0
10 79806 21209 1 2 0
10 79806 21209 2 3 0
10 79806 14667 0 3 0
10 79806 14667 1 4 0
10 79806 14667 2 1 0
10 79806 18435 0 3 0
10 79806 18435 1 4 0
10 79806 18435 2 1 0
10 79806 27307 0 3 0
10 79806 27307 1 4 0
10 79806 27307 2 1 0
10 79806 31079 0 3 0
10 79806 31079 1 4 0
10 79806 31079 2 1 0
10 79806 20837 0 1 0
10 79806 20837 1 2 0
10 79806 20837 2 3 0
10 79806 24553 0 1 0
10 79806 24553 1 2 0
10 79806 24553 2 3 0
10 79806 23223 0 3 0
10 79806 23223 1 4 0
10 79806 23223 2 1 0
10 79806 1595 0 3 0
10 79806 1595 1 4 0
10 79806 1595 2 1 0
10 79806 15113 0 1 0
10 79806 15113 1 2 0
10 79806 15113 2 3 0
10 79806 16849 0 1 0
10 79806 16849 1 2 0
10 79806 16849 2 3 0
10 79806 25701 0 1 0
10 79806 25701 1 2 0
10 79806 25701 2 3 0
10 79806 3865 0 1 0
10 79806 3865 1 2 0
10 79806 3865 2 3 0
10 79806 12681 0 1 0
10 79806 12681 1 2 0
10 79806 12681 2 3 0
10 79806 12767 0 3 0
10 79806 12767 1 4 0
10 79806 12767 2 1 0
10 79806 21779 0 3 0
10 79806 21779 1 4 0
10 79806 21779 2 1 0
10 79806 1457 0 1 0
10 79806 1457 1 2 0
10 79806 1457 2 3 0
10 79806 13643 0 3 0
10 79806 13643 1 4 0
10 79806 13643 2 1 0
10 79806 2373 0 1 0
10 79806 2373 1 2 0
10 79806 2373 2 3 0
10 79806 14349 0 1 0
10 79806 14349 1 2 0
10 79806 14349 2 3 0
10 79806 20625 0 1 0
10 79806 20625 1 2 0
10 79806 20625 2 3 0
10 79806 20125 0 1 0
10 79806 20125 1 2 0
10 79806 20125 2 3 0
10 79806 10865 0 1 0
10 79806 10865 1 2 0
10 79806 10865 2 3 0
10 79806 30943 0 3 0
10 79806 30943 1 4 0
10 79806 30943 2 1 0
10 79806 7099 0 3 0
10 79806 7099 1 4 0
10 79806 7099 2 1 0
10 79806 5719 0 3 0
10 79806 5719 1 4 0
10 79806 5719 2 1 0
10 79806 27441 0 1 0
10 79806 27441 1 2 0
10 79806 27441 2 3 0
10 79806 7321 0 1 0
10 79806 7321 1 2 0
10 79806 7321 2 3 0
10 79806 24757 0 1 0
10 79806 24757 1 2 0
10 79806 24757 2 3 0
10 79806 26357 0 1 0
10 79806 26357 1 2 0
10 79806 26357 2 3 0
10 79806 9107 0 3 0
10 79806 9107 1 4 0
10 79806 9107 2 1 0
10 79806 22655 0 3 0
10 79806 22655 1 4 0
10 79806 22655 2 1 0
10 79806 11823 0 3 0
10 79806 11823 1 4 0
10 79806 11823 2 1 0
10 79806 30139 0 3 0
10 79806 30139 1 4 0
10 79806 30139 2 1 0
10 79806 24357 0 1 0
10 79806 24357 1 2 0
10 79806 24357 2 3 0
10 79806 18281 0 1 0
10 79806 18281 1 2 0
10 79806 18281 2 3 0
10 79806 19995 0 3 0
10 79806 19995 1 4 0
10 79806 19995 2 1 0
10 79806 10091 0 3 0
10 79806 10091 1 4 0
10 79806 10091 2 1 0
10 79806 2693 0 1 0
10 79806 2693 1 2 0
10 79806 2693 2 3 0
10 79806 22937 0 1 0
10 79806 22937 1 2 0
10 79806 22937 2 3 0
10 79806 5853 0 1 0
10 79806 5853 1 2 0
10 79806 5853 2 3 0
10 79806 7491 0 3 0
10 79806 7491 1 4 0
10 79806 7491 2 1 0
10 79806 4409 0 1 0
10 79806 4409 1 2 0
10 79806 4409 2 3 0
10 79806 8621 0 1 0
10 79806 8621 1 2 0
10 79806 8621 2 3 0
10 79806 19673 0 1 0
10 79806 19673 1 2 0
10 79806 19673 2 3 0
10 79806 30751 0 3 0
10 79806 30751 1 4 0
10 79806 30751 2 1 0
10 79806 4719 0 3 0
10 79806 4719 1 4 0
10 79806 4719 2 1 0
10 79806 8299 0 3 0
10 79806 8299 1 4 0
10 79806 8299 2 1 0
10 79806 16345 0 1 0
10 79806 16345 1 2 0
10 79806 16345 2 3 0
10 79806 19625 0 1 0
10 79806 19625 1 2 0
10 79806 19625 2 3 0
10 79806 3387 0 3 0
10 79806 3387 1 4 0
10 79806 3387 2 1 0
10 79806 2055 0 3 0
10 79806 2055 1 4 0
10 79806 2055 2 1 0
10 79806 30115 0 3 0
10 79806 30115 1 4 0
10 79806 30115 2 1 0
10 79806 13079 0 3 0
10 79806 13079 1 4 0
10 79806 13079 2 1 0
10 79806 16841 0 1 0
10 79806 16841 1 2 0
10 79806 16841 2 3 0
10 79806 21133 0 1 0
10 79806 21133 1 2 0
10 79806 21133 2 3 0
10 79806 26243 0 3 0
10 79806 26243 1 4 0
10 79806 26243 2 1 0
10 79806 17695 0 3 0
10 79806 17695 1 4 0
10 79806 17695 2 1 0
10 79806 20587 0 3 0
10 79806 20587 1 4 0
10 79806 20587 2 1 0
10 79806 24197 0 1 0
10 79806 24197 1 2 0
10 79806 24197 2 3 0
10 79806 27009 0 1 0
10 79806 27009 1 2 0
10 79806 27009 2 3 0
10 79806 30003 0 3 0
10 79806 30003 1 4 0
10 79806 30003 2 1 0
10 79806 11427 0 3 0
10 79806 11427 1 4 0
10 79806 11427 2 1 0
10 79806 27979 0 3 0
10 79806 27979 1 4 0
10 79806 27979 2 1 0
10 79806 32059 0 3 0
10 79806 32059 1 4 0
10 79806 32059 2 1 0
10 79806 12843 0 3 0
10 79806 12843 1 4 0
10 79806 12843 2 1 0
10 79806 16945 0 1 0
10 79806 16945 1 2 0
10 79806 16945 2 3 0
10 79806 23525 0 1 0
10 79806 23525 1 2 0
10 79806 23525 2 3 0
10 79806 6251 0 3 0
10 79806 6251 1 4 0
10 79806 6251 2 1 0
10 79806 2935 0 3 0
10 79806 2935 1 4 0
10 79806 2935 2 1 0
10 79806 3369 0 1 0
10 79806 3369 1 2 0
10 79806 3369 2 3 0
10 79806 27435 0 3 0
10 79806 27435 1 4 0
10 79806 27435 2 1 0
10 79806 2341 0 1 0
10 79806 2341 1 2 0
10 79806 2341 2 3 0
10 79806 10051 0 3 0
10 79806 10051 1 4 0
10 79806 10051 2 1 0
10 79806 6235 0 3 0
10 79806 6235 1 4 0
10 79806 6235 2 1 0
10 79806 19197 0 1 0
10 79806 19197 1 2 0
10 79806 19197 2 3 0
10 79806 2715 0 3 0
10 79806 2715 1 4 0
10 79806 2715 2 1 0
10 79806 31517 0 1 0
10 79806 31517 1 2 0
10 79806 31517 2 3 0
10 79806 30727 0 3 0
10 79806 30727 1 4 0
10 79806 30727 2 1 0
10 79806 5595 0 3 0
10 79806 5595 1 4 0
10 79806 5595 2 1 0
10 79806 29849 0 1 0
10 79806 29849 1 2 0
10 79806 29849 2 3 0
10 79806 2855 0 3 0
10 79806 2855 1 4 0
10 79806 2855 2 1 0
10 79806 6521 0 1 0
10 79806 6521 1 2 0
10 79806 6521 2 3 0
10 79806 31369 0 1 0
10 79806 31369 1 2 0
10 79806 31369 2 3 0
10 79806 19377 0 1 0
10 79806 19377 1 2 0
10 79806 19377 2 3 0
10 79806 3433 0 1 0
10 79806 3433 1 2 0
10 79806 3433 2 3 0
10 79806 11541 0 1 0
10 79806 11541 1 2 0
10 79806 11541 2 3 0
10 79806 9551 0 3 0
10 79806 9551 1 4 0
10 79806 9551 2 1 0
10 79806 4339 0 3 0
10 79806 4339 1 4 0
10 79806 4339 2 1 0
10 79806 10069 0 1 0
10 79806 10069 1 2 0
10 79806 10069 2 3 0
10 79806 8001 0 1 0
10 79806 8001 1 2 0
10 79806 8001 2 3 0
10 79806 4129 0 1 0
10 79806 4129 1 2 0
10 79806 4129 2 3 0
10 79806 6223 0 3 0
10 79806 6223 1 4 0
10 79806 6223 2 1 0
10 79806 17863 0 3 0
10 79806 17863 1 4 0
10 79806 17863 2 1 0
10 79806 29289 0 1 0
10 79806 29289 1 2 0
10 79806 29289 2 3 0
10 79806 28001 0 1 0
10 79806 28001 1 2 0
10 79806 28001 2 3 0
10 79806 6409 0 1 0
10 79806 6409 1 2 0
10 79806 6409 2 3 0
10 79806 853 0 1 0
10 79806 853 1 2 0
10 79806 853 2 3 0
10 79806 805 0 1 0
10 79806 805 1 2 0
10 79806 805 2 3 0
10 79806 199 0 3 0
10 79806 199 1 4 0
10 79806 199 2 1 0
10 79806 6047 0 3 0
10 79806 6047 1 4 0
10 79806 6047 2 1 0
10 79806 13871 0 3 0
10 79806 13871 1 4 0
10 79806 13871 2 1 0
10 79806 32239 0 3 0
10 79806 32239 1 4 0
10 79806 32239 2 1 0
10 79806 13813 0 1 0
10 79806 13813 1 2 0
10 79806 13813 2 3 0
10 79806 28261 0 1 0
10 79806 28261 1 2 0
10 79806 28261 2 3 0
10 79806 30615 0 3 0
10 79806 30615 1 4 0
10 79806 30615 2 1 0
10 79806 3721 0 1 0
10 79806 3721 1 2 0
10 79806 3721 2 3 0
10 79806 28573 0 1 0
10 79806 28573 1 2 0
10 79806 28573 2 3 0
10 79806 26423 0 3 0
10 79806 26423 1 4 0
10 79806 26423 2 1 0
10 79806 18381 0 1 0
10 79806 18381 1 2 0
10 79806 18381 2 3 0
10 79806 23257 0 1 0
10 79806 23257 1 2 0
10 79806 23257 2 3 0
10 79806 22865 0 1 0
10 79806 22865 1 2 0
10 79806 22865 2 3 0
10 79806 30603 0 3 0
10 79806 30603 1 4 0
10 79806 30603 2 1 0
10 79806 16309 0 1 0
10 79806 16309 1 2 0
10 79806 16309 2 3 0
10 79806 29313 0 1 0
10 79806 29313 1 2 0
10 79806 29313 2 3 0
10 79806 9633 0 1 0
10 79806 9633 1 2 0
10 79806 9633 2 3 0
10 79806 30347 0 3 0
10 79806 30347 1 4 0
10 79806 30347 2 1 0
10 79806 31415 0 3 0
10 79806 31415 1 4 0
10 79806 31415 2 1 0
10 79806 533 0 1 0
10 79806 533 1 2 0
10 79806 533 2 3 0
10 79806 13509 0 1 0
10 79806 13509 1 2 0
10 79806 13509 2 3 0
10 79806 2543 0 3 0
10 79806 2543 1 4 0
10 79806 2543 2 1 0
10 79806 29529 0 1 0
10 79806 29529 1 2 0
10 79806 29529 2 3 0
10 79806 9453 0 1 0
10 79806 9453 1 2 0
10 79806 9453 2 3 0
10 79806 29369 0 1 0
10 79806 29369 1 2 0
10 79806 29369 2 3 0
10 79806 30805 0 1 0
10 79806 30805 1 2 0
10 79806 30805 2 3 0
10 79806 18645 0 1 0
10 79806 18645 1 2 0
10 79806 18645 2 3 0
10 79806 9357 0 1 0
10 79806 9357 1 2 0
10 79806 9357 2 3 0
10 79806 23441 0 1 0
10 79806 23441 1 2 0
10 79806 23441 2 3 0
10 79806 30753 0 1 0
10 79806 30753 1 2 0
10 79806 30753 2 3 0
10 79806 26023 0 3 0
10 79806 26023 1 4 0
10 79806 26023 2 1 0
10 79806 12977 0 1 0
10 79806 12977 1 2 0
10 79806 12977 2 3 0
10 79806 8601 0 1 0
10 79806 8601 1 2 0
10 79806 8601 2 3 0
10 79806 20633 0 1 0
10 79806 20633 1 2 0
10 79806 20633 2 3 0
10 79806 8093 0 1 0
10 79806 8093 1 2 0
10 79806 8093 2 3 0
10 79806 19041 0 1 0
10 79806 19041 1 2 0
10 79806 19041 2 3 0
10 79806 261 0 1 0
10 79806 261 1 2 0
10 79806 261 2 3 0
10 79806 28857 0 1 0
10 79806 28857 1 2 0
10 79806 28857 2 3 0
10 79806 1421 0 1 0
10 79806 1421 1 2 0
10 79806 1421 2 3 0
10 79806 9433 0 1 0
10 79806 9433 1 2 0
10 79806 9433 2 3 0
10 79806 20211 0 3 0
10 79806 20211 1 4 0
10 79806 20211 2 1 0
10 79806 16211 0 3 0
10 79806 16211 1 4 0
10 79806 16211 2 1 0
10 79806 7081 0 1 0
10 79806 7081 1 2 0
10 79806 7081 2 3 0
10 79806 18869 0 1 0
10 79806 18869 1 2 0
10 79806 18869 2 3 0
10 79806 29487 0 3 0
10 79806 29487 1 4 0
10 79806 29487 2 1 0
10 79806 18417 0 1 0
10 79806 18417 1 2 0
10 79806 18417 2 3 0
10 79806 1513 0 1 0
10 79806 1513 1 2 0
10 79806 1513 2 3 0
10 79806 10519 0 3 0
10 79806 10519 1 4 0
10 79806 10519 2 1 0
10 79806 31959 0 3 0
10 79806 31959 1 4 0
10 79806 31959 2 1 0
10 79806 28071 0 3 0
10 79806 28071 1 4 0
10 79806 28071 2 1 0
10 79806 15431 0 3 0
10 79806 15431 1 4 0
10 79806 15431 2 1 0
10 79806 12273 0 1 0
10 79806 12273 1 2 0
10 79806 12273 2 3 0
10 79806 28007 0 3 0
10 79806 28007 1 4 0
10 79806 28007 2 1 0
10 79806 2155 0 3 0
10 79806 2155 1 4 0
10 79806 2155 2 1 0
10 79806 15771 0 3 0
10 79806 15771 1 4 0
10 79806 15771 2 1 0
10 79806 7263 0 3 0
10 79806 7263 1 4 0
10 79806 7263 2 1 0
10 79806 29539 0 3 0
10 79806 29539 1 4 0
10 79806 29539 2 1 0
10 79806 5431 0 3 0
10 79806 5431 1 4 0
10 79806 5431 2 1 0
10 79806 18723 0 3 0
10 79806 18723 1 4 0
10 79806 18723 2 1 0
10 79806 467 0 3 0
10 79806 467 1 4 0
10 79806 467 2 1 0
10 79806 13217 0 1 0
10 79806 13217 1 2 0
10 79806 13217 2 3 0
10 79806 30825 0 1 0
10 79806 30825 1 2 0
10 79806 30825 2 3 0
10 79806 26589 0 1 0
10 79806 26589 1 2 0
10 79806 26589 2 3 0
10 79806 4973 0 1 0
10 79806 4973 1 2 0
10 79806 4973 2 3 0
10 79806 5125 0 1 0
10 79806 5125 1 2 0
10 79806 5125 2 3 0
10 79806 16327 0 3 0
10 79806 16327 1 4 0
10 79806 16327 2 1 0
10 79806 9187 0 3 0
10 79806 9187 1 4 0
10 79806 9187 2 1 0
10 79806 14991 0 3 0
10 79806 14991 1 4 0
10 79806 14991 2 1 0
10 79806 5323 0 3 0
10 79806 5323 1 4 0
10 79806 5323 2 1 0
10 79806 4791 0 3 0
10 79806 4791 1 4 0
10 79806 4791 2 1 0
10 79806 9717 0 1 0
10 79806 9717 1 2 0
10 79806 9717 2 3 0
10 79806 22293 0 1 0
10 79806 22293 1 2 0
10 79806 22293 2 3 0
10 79806 101 0 1 0
10 79806 101 1 2 0
10 79806 101 2 3 0
10 79806 14167 0 3 0
10 79806 14167 1 4 0
10 79806 14167 2 1 0
10 79806 3105 0 1 0
10 79806 3105 1 2 0
10 79806 3105 2 3 0
10 79806 17291 0 3 0
10 79806 17291 1 4 0
10 79806 17291 2 1 0
10 79806 27545 0 1 0
10 79806 27545 1 2 0
10 79806 27545 2 3 0
10 79806 843 0 3 0
10 79806 843 1 4 0
10 79806 843 2 1 0
10 79806 7513 0 1 0
10 79806 7513 1 2 0
10 79806 7513 2 3 0
10 79806 31425 0 1 0
10 79806 31425 1 2 0
10 79806 31425 2 3 0
10 79806 22979 0 3 0
10 79806 22979 1 4 0
10 79806 22979 2 1 0
10 79806 30173 0 1 0
10 79806 30173 1 2 0
10 79806 30173 2 3 0
10 79806 8217 0 1 0
10 79806 8217 1 2 0
10 79806 8217 2 3 0
10 79806 16307 0 3 0
10 79806 16307 1 4 0
10 79806 16307 2 1 0
10 79806 24593 0 1 0
10 79806 24593 1 2 0
10 79806 24593 2 3 0
10 79806 4763 0 3 0
10 79806 4763 1 4 0
10 79806 4763 2 1 0
10 79806 2807 0 3 0
10 79806 2807 1 4 0
10 79806 2807 2 1 0
10 79806 17661 0 1 0
10 79806 17661 1 2 0
10 79806 17661 2 3 0
10 79806 16713 0 1 0
10 79806 16713 1 2 0
10 79806 16713 2 3 0
10 79806 2349 0 1 0
10 79806 2349 1 2 0
10 79806 2349 2 3 0
10 79806 20229 0 1 0
10 79806 20229 1 2 0
10 79806 20229 2 3 0
10 79806 12113 0 1 0
10 79806 12113 1 2 0
10 79806 12113 2 3 0
10 79806 21035 0 3 0
10 79806 21035 1 4 0
10 79806 21035 2 1 0
10 79806 13531 0 3 0
10 79806 13531 1 4 0
10 79806 13531 2 1 0
10 79806 17301 0 1 0
10 79806 17301 1 2 0
10 79806 17301 2 3 0
10 79806 26381 0 1 0
10 79806 26381 1 2 0
10 79806 26381 2 3 0
10 79806 21649 0 1 0
10 79806 21649 1 2 0
10 79806 21649 2 3 0
10 79806 18585 0 1 0
10 79806 18585 1 2 0
10 79806 18585 2 3 0
10 79806 9641 0 1 0
10 79806 9641 1 2 0
10 79806 9641 2 3 0
10 79806 28847 0 3 0
10 79806 28847 1 4 0
10 79806 28847 2 1 0
10 79806 30903 0 3 0
10 79806 30903 1 4 0
10 79806 30903 2 1 0
10 79806 12519 0 3 0
10 79806 12519 1 4 0
10 79806 12519 2 1 0
10 79806 15763 0 3 0
10 79806 15763 1 4 0
10 79806 15763 2 1 0
10 79806 30005 0 1 0
10 79806 30005 1 2 0
10 79806 30005 2 3 0
10 79806 17909 0 1 0
10 79806 17909 1 2 0
10 79806 17909 2 3 0
10 79806 28351 0 3 0
10 79806 28351 1 4 0
10 79806 28351 2 1 0
10 79806 17891 0 3 0
10 79806 17891 1 4 0
10 79806 17891 2 1 0
10 79806 6793 0 1 0
10 79806 6793 1 2 0
10 79806 6793 2 3 0
10 79806 11401 0 1 0
10 79806 11401 1 2 0
10 79806 11401 2 3 0
10 79806 2533 0 1 0
10 79806 2533 1 2 0
10 79806 2533 2 3 0
10 79806 10113 0 1 0
10 79806 10113 1 2 0
10 79806 10113 2 3 0
10 79806 19253 0 1 0
10 79806 19253 1 2 0
10 79806 19253 2 3 0
10 79806 17119 0 3 0
10 79806 17119 1 4 0
10 79806 17119 2 1 0
10 79806 3631 0 3 0
10 79806 3631 1 4 0
10 79806 3631 2 1 0
10 79806 14161 0 1 0
10 79806 14161 1 2 0
10 79806 14161 2 3 0
10 79806 5645 0 1 0
10 79806 5645 1 2 0
10 79806 5645 2 3 0
10 79806 25261 0 1 0
10 79806 25261 1 2 0
10 79806 25261 2 3 0
10 79806 9329 0 1 0
10 79806 9329 1 2 0
10 79806 9329 2 3 0
10 79806 18873 0 1 0
10 79806 18873 1 2 0
10 79806 18873 2 3 0
10 79806 16027 0 3 0
10 79806 16027 1 4 0
10 79806 16027 2 1 0
10 79806 32687 0 3 0
10 79806 32687 1 4 0
10 79806 32687 2 1 0
10 79806 411 0 3 0
10 79806 411 1 4 0
10 79806 411 2 1 0
10 79806 21327 0 3 0
10 79806 21327 1 4 0
10 79806 21327 2 1 0
10 79806 15833 0 1 0
10 79806 15833 1 2 0
10 79806 15833 2 3 0
10 79806 17025 0 1 0
10 79806 17025 1 2 0
10 79806 17025 2 3 0
10 79806 23281 0 1 0
10 79806 23281 1 2 0
10 79806 23281 2 3 0
10 79806 1461 0 1 0
10 79806 1461 1 2 0
10 79806 1461 2 3 0
10 79806 8049 0 1 0
10 79806 8049 1 2 0
10 79806 8049 2 3 0
10 79806 24219 0 3 0
10 79806 24219 1 4 0
10 79806 24219 2 1 0
10 79806 11385 0 1 0
10 79806 11385 1 2 0
10 79806 11385 2 3 0
10 79806 30587 0 3 0
10 79806 30587 1 4 0
10 79806 30587 2 1 0
10 79806 20089 0 1 0
10 79806 20089 1 2 0
10 79806 20089 2 3 0
10 79806 21199 0 3 0
10 79806 21199 1 4 0
10 79806 21199 2 1 0
10 79806 7079 0 3 0
10 79806 7079 1 4 0
10 79806 7079 2 1 0
10 79806 25411 0 3 0
10 79806 25411 1 4 0
10 79806 25411 2 1 0
10 79806 7187 0 3 0
10 79806 7187 1 4 0
10 79806 7187 2 1 0
10 79806 5135 0 3 0
10 79806 5135 1 4 0
10 79806 5135 2 1 0
10 79806 29825 0 1 0
10 79806 29825 1 2 0
10 79806 29825 2 3 0
10 79806 1269 0 1 0
10 79806 1269 1 2 0
10 79806 1269 2 3 0
10 79806 5819 0 3 0
10 79806 5819 1 4 0
10 79806 5819 2 1 0
10 79806 8773 0 1 0
10 79806 8773 1 2 0
10 79806 8773 2 3 0
10 79806 17587 0 3 0
10 79806 17587 1 4 0
10 79806 17587 2 1 0
10 79806 26785 0 1 0
10 79806 26785 1 2 0
10 79806 26785 2 3 0
10 79806 13497 0 1 0
10 79806 13497 1 2 0
10 79806 13497 2 3 0
10 79806 525 0 1 0
10 79806 525 1 2 0
10 79806 525 2 3 0
10 79806 10041 0 1 0
10 79806 10041 1 2 0
10 79806 10041 2 3 0
10 79806 29577 0 1 0
10 79806 29577 1 2 0
10 79806 29577 2 3 0
10 79806 15719 0 3 0
10 79806 15719 1 4 0
10 79806 15719 2 1 0
10 79806 22671 0 3 0
10 79806 22671 1 4 0
10 79806 22671 2 1 0
10 79806 29605 0 1 0
10 79806 29605 1 2 0
10 79806 29605 2 3 0
10 79806 7293 0 1 0
10 79806 7293 1 2 0
10 79806 7293 2 3 0
10 79806 25413 0 1 0
10 79806 25413 1 2 0
10 79806 25413 2 3 0
10 79806 3477 0 1 0
10 79806 3477 1 2 0
10 79806 3477 2 3 0
10 79806 21213 0 1 0
10 79806 21213 1 2 0
10 79806 21213 2 3 0
10 79806 13311 0 3 0
10 79806 13311 1 4 0
10 79806 13311 2 1 0
10 79806 16935 0 3 0
10 79806 16935 1 4 0
10 79806 16935 2 1 0
10 79806 22577 0 1 0
10 79806 22577 1 2 0
10 79806 22577 2 3 0
10 79806 14729 0 1 0
10 79806 14729 1 2 0
10 79806 14729 2 3 0
10 79806 19053 0 1 0
10 79806 19053 1 2 0
10 79806 19053 2 3 0
10 79806 6825 0 1 0
10 79806 6825 1 2 0
10 79806 6825 2 3 0
10 79806 19047 0 3 0
10 79806 19047 1 4 0
10 79806 19047 2 1 0
10 79806 25893 0 1 0
10 79806 25893 1 2 0
10 79806 25893 2 3 0
10 79806 25183 0 3 0
10 79806 25183 1 4 0
10 79806 25183 2 1 0
10 79806 15759 0 3 0
10 79806 15759 1 4 0
10 79806 15759 2 1 0
10 79806 7611 0 3 0
10 79806 7611 1 4 0
10 79806 7611 2 1 0
10 79806 11317 0 1 0
10 79806 11317 1 2 0
10 79806 11317 2 3 0
10 79806 20161 0 1 0
10 79806 20161 1 2 0
10 79806 20161 2 3 0
10 79806 30935 0 3 0
10 79806 30935 1 4 0
10 79806 30935 2 1 0
10 79806 3377 0 1 0
10 79806 3377 1 2 0
10 79806 3377 2 3 0
10 79806 4031 0 3 0
10 79806 4031 1 4 0
10 79806 4031 2 1 0
10 79806 15741 0 1 0
10 79806 15741 1 2 0
10 79806 15741 2 3 0
10 79806 1923 0 3 0
10 79806 1923 1 4 0
10 79806 1923 2 1 0
10 79806 7035 0 3 0
10 79806 7035 1 4 0
10 79806 7035 2 1 0
10 79806 1687 0 3 0
10 79806 1687 1 4 0
10 79806 1687 2 1 0
10 79806 10229 0 1 0
10 79806 10229 1 2 0
10 79806 10229 2 3 0
10 79806 4501 0 1 0
10 79806 4501 1 2 0
10 79806 4501 2 3 0
10 79806 15301 0 1 0
10 79806 15301 1 2 0
10 79806 15301 2 3 0
10 79806 13595 0 3 0
10 79806 13595 1 4 0
10 79806 13595 2 1 0
10 79806 14431 0 3 0
10 79806 14431 1 4 0
10 79806 14431 2 1 0
10 79806 21619 0 3 0
10 79806 21619 1 4 0
10 79806 21619 2 1 0
10 79806 7625 0 1 0
10 79806 7625 1 2 0
10 79806 7625 2 3 0
10 79806 28877 0 1 0
10 79806 28877 1 2 0
10 79806 28877 2 3 0
10 79806 8823 0 3 0
10 79806 8823 1 4 0
10 79806 8823 2 1 0
10 79806 17691 0 3 0
10 79806 17691 1 4 0
10 79806 17691 2 1 0
10 79806 18359 0 3 0
10 79806 18359 1 4 0
10 79806 18359 2 1 0
10 79806 21941 0 1 0
10 79806 21941 1 2 0
10 79806 21941 2 3 0
10 79806 21147 0 3 0
10 79806 21147 1 4 0
10 79806 21147 2 1 0
10 79806 303 0 3 0
10 79806 303 1 4 0
10 79806 303 2 1 0
10 79806 15587 0 3 0
10 79806 15587 1 4 0
10 79806 15587 2 1 0
10 79806 10303 0 3 0
10 79806 10303 1 4 0
10 79806 10303 2 1 0
10 79806 11679 0 3 0
10 79806 11679 1 4 0
10 79806 11679 2 1 0
10 79806 23537 0 1 0
10 79806 23537 1 2 0
10 79806 23537 2 3 0
10 79806 28629 0 1 0
10 79806 28629 1 2 0
10 79806 28629 2 3 0
10 79806 745 0 1 0
10 79806 745 1 2 0
10 79806 745 2 3 0
10 79806 1189 0 1 0
10 79806 1189 1 2 0
10 79806 1189 2 3 0
10 79806 32403 0 3 0
10 79806 32403 1 4 0
10 79806 32403 2 1 0
10 79806 6473 0 1 0
10 79806 6473 1 2 0
10 79806 6473 2 3 0
10 79806 26817 0 1 0
10 79806 26817 1 2 0
10 79806 26817 2 3 0
10 79806 29049 0 1 0
10 79806 29049 1 2 0
10 79806 29049 2 3 0
10 79806 13263 0 3 0
10 79806 13263 1 4 0
10 79806 13263 2 1 0
10 79806 10641 0 1 0
10 79806 10641 1 2 0
10 79806 10641 2 3 0
10 79806 4101 0 1 0
10 79806 4101 1 2 0
10 79806 4101 2 3 0
10 79806 4213 0 1 0
10 79806 4213 1 2 0
10 79806 4213 2 3 0
10 79806 32577 0 1 0
10 79806 32577 1 2 0
10 79806 32577 2 3 0
10 79806 13711 0 3 0
10 79806 13711 1 4 0
10 79806 13711 2 1 0
10 79806 24013 0 1 0
10 79806 24013 1 2 0
10 79806 24013 2 3 0
10 79806 1939 0 3 0
10 79806 1939 1 4 0
10 79806 1939 2 1 0
10 79806 25689 0 1 0
10 79806 25689 1 2 0
10 79806 25689 2 3 0
10 79806 12267 0 3 0
10 79806 12267 1 4 0
10 79806 12267 2 1 0
10 79806 27071 0 3 0
10 79806 27071 1 4 0
10 79806 27071 2 1 0
10 79806 31143 0 3 0
10 79806 31143 1 4 0
10 79806 31143 2 1 0
10 79806 29473 0 1 0
10 79806 29473 1 2 0
10 79806 29473 2 3 0
10 79806 13907 0 3 0
10 79806 13907 1 4 0
10 79806 13907 2 1 0
10 79806 28379 0 3 0
10 79806 28379 1 4 0
10 79806 28379 2 1 0
10 79806 22265 0 1 0
10 79806 22265 1 2 0
10 79806 22265 2 3 0
10 79806 21475 0 3 0
10 79806 21475 1 4 0
10 79806 21475 2 1 0
10 79806 4271 0 3 0
10 79806 4271 1 4 0
10 79806 4271 2 1 0
10 79806 17135 0 3 0
10 79806 17135 1 4 0
10 79806 17135 2 1 0
10 79806 15553 0 1 0
10 79806 15553 1 2 0
10 79806 15553 2 3 0
10 79806 22853 0 1 0
10 79806 22853 1 2 0
10 79806 22853 2 3 0
10 79806 17213 0 1 0
10 79806 17213 1 2 0
10 79806 17213 2 3 0
10 79806 22635 0 3 0
10 79806 22635 1 4 0
10 79806 22635 2 1 0
11 79806 977 0 1 0
11 79806 977 1 2 0
11 79806 977 2 3 0
11 79806 26217 0 1 0
11 79806 26217 1 2 0
11 79806 26217 2 3 0
11 79806 12943 0 3 0
11 79806 12943 1 4 0
11 79806 12943 2 1 0
11 79806 32695 0 3 0
11 79806 32695 1 4 0
11 79806 32695 2 1 0
11 79806 16647 0 3 0
11 79806 16647 1 4 0
11 79806 16647 2 1 0
11 79806 51 0 3 0
11 79806 51 1 4 0
11 79806 51 2 1 0
11 79806 29181 0 1 0
11 79806 29181 1 2 0
11 79806 29181 2 3 0
11 79806 5453 0 1 0
11 79806 5453 1 2 0
11 79806 5453 2 3 0
11 79806 5195 0 3 0
11 79806 5195 1 4 0
11 79806 5195 2 1 0
11 79806 19963 0 3 0
11 79806 19963 1 4 0
11 79806 19963 2 1 0
11 79806 26647 0 3 0
11 79806 26647 1 4 0
11 79806 26647 2 1 0
11 79806 30177 0 1 0
11 79806 30177 1 2 0
11 79806 30177 2 3 0
11 79806 30413 0 1 0
11 79806 30413 1 2 0
11 79806 30413 2 3 0
11 79806 24499 0 3 0
11 79806 24499 1 4 0
11 79806 24499 2 1 0
11 79806 18475 0 3 0
11 79806 18475 1 4 0
11 79806 18475 2 1 0
11 79806 21211 0 3 0
11 79806 21211 1 4 0
11 79806 21211 2 1 0
11 79806 30129 0 1 0
11 79806 30129 1 2 0
11 79806 30129 2 3 0
11 79806 3771 0 3 0
11 79806 3771 1 4 0
11 79806 3771 2 1 0
11 79806 20857 0 1 0
11 79806 20857 1 2 0
11 79806 20857 2 3 0
11 79806 789 0 1 0
11 79806 789 1 2 0
11 79806 789 2 3 0
11 79806 15683 0 3 0
11 79806 15683 1 4 0
11 79806 15683 2 1 0
11 79806 4233 0 1 0
11 79806 4233 1 2 0
11 79806 4233 2 3 0
11 79806 17325 0 1 0
11 79806 17325 1 2 0
11 79806 17325 2 3 0
11 79806 9797 0 1 0
11 79806 9797 1 2 0
11 79806 9797 2 3 0
11 79806 5311 0 3 0
11 79806 5311 1 4 0
11 79806 5311 2 1 0
11 79806 27219 0 3 0
11 79806 27219 1 4 0
11 79806 27219 2 1 0
11 79806 8719 0 3 0
11 79806 8719 1 4 0
11 79806 8719 2 1 0
11 79806 24355 0 3 0
11 79806 24355 1 4 0
11 79806 24355 2 1 0
11 79806 21431 0 3 0
11 79806 21431 1 4 0
11 79806 21431 2 1 0
11 79806 16143 0 3 0
11 79806 16143 1 4 0
11 79806 16143 2 1 0
11 79806 11535 0 3 0
11 79806 11535 1 4 0
11 79806 11535 2 1 0
11 79806 14603 0 3 0
11 79806 14603 1 4 0
11 79806 14603 2 1 0
11 79806 20751 0 3 0
11 79806 20751 1 4 0
11 79806 20751 2 1 0
11 79806 4433 0 1 0
11 79806 4433 1 2 0
11 79806 4433 2 3 0
11 79806 27403 0 3 0
11 79806 27403 1 4 0
11 79806 27403 2 1 0
11 79806 1379 0 3 0
11 79806 1379 1 4 0
11 79806 1379 2 1 0
11 79806 14461 0 1 0
11 79806 14461 1 2 0
11 79806 14461 2 3 0
11 79806 27265 0 1 0
11 79806 27265 1 2 0
11 79806 27265 2 3 0
11 79806 3245 0 1 0
11 79806 3245 1 2 0
11 79806 3245 2 3 0
11 79806 29353 0 1 0
11 79806 29353 1 2 0
11 79806 29353 2 3 0
11 79806 26781 0 1 0
11 79806 26781 1 2 0
11 79806 26781 2 3 0
11 79806 28783 0 3 0
11 79806 28783 1 4 0
11 79806 28783 2 1 0
11 79806 9733 0 1 0
11 79806 9733 1 2 0
11 79806 9733 2 3 0
11 79806 11225 0 1 0
11 79806 11225 1 2 0
11 79806 11225 2 3 0
11 79806 1099 0 3 0
11 79806 1099 1 4 0
11 79806 1099 2 1 0
11 79806 17937 0 1 0
11 79806 17937 1 2 0
11 79806 17937 2 3 0
11 79806 25035 0 3 0
11 79806 25035 1 4 0
11 79806 25035 2 1 0
11 79806 4727 0 3 0
11 79806 4727 1 4 0
11 79806 4727 2 1 0
11 79806 19865 0 1 0
11 79806 19865 1 2 0
11 79806 19865 2 3 0
11 79806 12613 0 1 0
11 79806 12613 1 2 0
11 79806 12613 2 3 0
11 79806 26709 0 1 0
11 79806 26709 1 2 0
11 79806 26709 2 3 0
11 79806 3381 0 1 0
11 79806 3381 1 2 0
11 79806 3381 2 3 0
11 79806 22835 0 3 0
11 79806 22835 1 4 0
11 79806 22835 2 1 0
11 79806 8331 0 3 0
11 79806 8331 1 4 0
11 79806 8331 2 1 0
11 79806 18565 0 1 0
11 79806 18565 1 2 0
11 79806 18565 2 3 0
11 79806 851 0 3 0
11 79806 851 1 4 0
11 79806 851 2 1 0
11 79806 24285 0 1 0
11 79806 24285 1 2 0
11 79806 24285 2 3 0
11 79806 32227 0 3 0
11 79806 32227 1 4 0
11 79806 32227 2 1 0
11 79806 12087 0 3 0
11 79806 12087 1 4 0
11 79806 12087 2 1 0
11 79806 16831 0 3 0
11 79806 16831 1 4 0
11 79806 16831 2 1 0
11 79806 29669 0 1 0
11 79806 29669 1 2 0
11 79806 29669 2 3 0
11 79806 8375 0 3 0
11 79806 8375 1 4 0
11 79806 8375 2 1 0
11 79806 31431 0 3 0
11 79806 31431 1 4 0
11 79806 31431 2 1 0
11 79806 3149 0 1 0
11 79806 3149 1 2 0
11 79806 3149 2 3 0
11 79806 4279 0 3 0
11 79806 4279 1 4 0
11 79806 4279 2 1 0
11 79806 1851 0 3 0
11 79806 1851 1 4 0
11 79806 1851 2 1 0
11 79806 9123 0 3 0
11 79806 9123 1 4 0
11 79806 9123 2 1 0
11 79806 11157 0 1 0
11 79806 11157 1 2 0
11 79806 11157 2 3 0
11 79806 15945 0 1 0
11 79806 15945 1 2 0
11 79806 15945 2 3 0
11 79806 29239 0 3 0
11 79806 29239 1 4 0
11 79806 29239 2 1 0
11 79806 19129 0 1 0
11 79806 19129 1 2 0
11 79806 19129 2 3 0
11 79806 19559 0 3 0
11 79806 19559 1 4 0
11 79806 19559 2 1 0
11 79806 16235 0 3 0
11 79806 16235 1 4 0
11 79806 16235 2 1 0
11 79806 13737 0 1 0
11 79806 13737 1 2 0
11 79806 13737 2 3 0
11 79806 8223 0 3 0
11 79806 8223 1 4 0
11 79806 8223 2 1 0
11 79806 14313 0 1 0
11 79806 14313 1 2 0
11 79806 14313 2 3 0
11 79806 28667 0 3 0
11 79806 28667 1 4 0
11 79806 28667 2 1 0
11 79806 23279 0 3 0
11 79806 23279 1 4 0
11 79806 23279 2 1 0
11 79806 32113 0 1 0
11 79806 32113 1 2 0
11 79806 32113 2 3 0
11 79806 1065 0 1 0
11 79806 1065 1 2 0
11 79806 1065 2 3 0
11 79806 30769 0 1 0
11 79806 30769 1 2 0
11 79806 30769 2 3 0
11 79806 9209 0 1 0
11 79806 9209 1 2 0
11 79806 9209 2 3 0
11 79806 14481 0 1 0
11 79806 14481 1 2 0
11 79806 14481 2 3 0
11 79806 18269 0 1 0
11 79806 18269 1 2 0
11 79806 18269 2 3 0
11 79806 25749 0 1 0
11 79806 25749 1 2 0
11 79806 25749 2 3 0
11 79806 11625 0 1 0
11 79806 11625 1 2 0
11 79806 11625 2 3 0
11 79806 17977 0 1 0
11 79806 17977 1 2 0
11 79806 17977 2 3 0
11 79806 13927 0 3 0
11 79806 13927 1 4 0
11 79806 13927 2 1 0
11 79806 25021 0 1 0
11 79806 25021 1 2 0
11 79806 25021 2 3 0
11 79806 8103 0 3 0
11 79806 8103 1 4 0
11 79806 8103 2 1 0
11 79806 16033 0 1 0
11 79806 16033 1 2 0
11 79806 16033 2 3 0
11 79806 17575 0 3 0
11 79806 17575 1 4 0
11 79806 17575 2 1 0
11 79806 413 0 1 0
11 79806 413 1 2 0
11 79806 413 2 3 0
11 79806 9647 0 3 0
11 79806 9647 1 4 0
11 79806 9647 2 1 0
11 79806 9629 0 1 0
11 79806 9629 1 2 0
11 79806 9629 2 3 0
11 79806 17327 0 3 0
11 79806 17327 1 4 0
11 79806 17327 2 1 0
11 79806 16939 0 3 0
11 79806 16939 1 4 0
11 79806 16939 2 1 0
11 79806 8859 0 3 0
11 79806 8859 1 4 0
11 79806 8859 2 1 0
11 79806 9149 0 1 0
11 79806 9149 1 2 0
11 79806 9149 2 3 0
11 79806 22157 0 1 0
11 79806 22157 1 2 0
11 79806 22157 2 3 0
11 79806 10101 0 1 0
11 79806 10101 1 2 0
11 79806 10101 2 3 0
11 79806 10891 0 3 0
11 79806 10891 1 4 0
11 79806 10891 2 1 0
11 79806 8357 0 1 0
11 79806 8357 1 2 0
11 79806 8357 2 3 0
11 79806 3571 0 3 0
11 79806 3571 1 4 0
11 79806 3571 2 1 0
11 79806 31245 0 1 0
11 79806 31245 1 2 0
11 79806 31245 2 3 0
11 79806 27109 0 1 0
11 79806 27109 1 2 0
11 79806 27109 2 3 0
11 79806 2297 0 1 0
11 79806 2297 1 2 0
11 79806 2297 2 3 0
11 79806 20647 0 3 0
11 79806 20647 1 4 0
11 79806 20647 2 1 0
11 79806 31863 0 3 0
11 79806 31863 1 4 0
11 79806 31863 2 1 0
11 79806 9349 0 1 0
11 79806 9349 1 2 0
11 79806 9349 2 3 0
11 79806 6429 0 1 0
11 79806 6429 1 2 0
11 79806 6429 2 3 0
11 79806 18819 0 3 0
11 79806 18819 1 4 0
11 79806 18819 2 1 0
11 79806 31449 0 1 0
11 79806 31449 1 2 0
11 79806 31449 2 3 0
11 79806 4369 0 1 0
11 79806 4369 1 2 0
11 79806 4369 2 3 0
11 79806 10061 0 1 0
11 79806 10061 1 2 0
11 79806 10061 2 3 0
11 79806 28533 0 1 0
11 79806 28533 1 2 0
11 79806 28533 2 3 0
11 79806 1957 0 1 0
11 79806 1957 1 2 0
11 79806 1957 2 3 0
11 79806 20521 0 1 0
11 79806 20521 1 2 0
11 79806 20521 2 3 0
11 79806 17515 0 3 0
11 79806 17515 1 4 0
11 79806 17515 2 1 0
11 79806 15481 0 1 0
11 79806 15481 1 2 0
11 79806 15481 2 3 0
11 79806 13051 0 3 0
11 79806 13051 1 4 0
11 79806 13051 2 1 0
11 79806 32707 0 3 0
11 79806 32707 1 4 0
11 79806 32707 2 1 0
11 79806 3601 0 1 0
11 79806 3601 1 2 0
11 79806 3601 2 3 0
11 79806 30213 0 1 0
11 79806 30213 1 2 0
11 79806 30213 2 3 0
11 79806 15441 0 1 0
11 79806 15441 1 2 0
11 79806 15441 2 3 0
11 79806 16251 0 3 0
11 79806 16251 1 4 0
11 79806 16251 2 1 0
11 79806 21191 0 3 0
11 79806 21191 1 4 0
11 79806 21191 2 1 0
11 79806 13245 0 1 0
11 79806 13245 1 2 0
11 79806 13245 2 3 0
11 79806 19465 0 1 0
11 79806 19465 1 2 0
11 79806 19465 2 3 0
11 79806 13919 0 3 0
11 79806 13919 1 4 0
11 79806 13919 2 1 0
11 79806 1467 0 3 0
11 79806 1467 1 4 0
11 79806 1467 2 1 0
11 79806 31493 0 1 0
11 79806 31493 1 2 0
11 79806 31493 2 3 0
11 79806 16445 0 1 0
11 79806 16445 1 2 0
11 79806 16445 2 3 0
11 79806 25887 0 3 0
11 79806 25887 1 4 0
11 79806 25887 2 1 0
11 79806 29937 0 1 0
11 79806 29937 1 2 0
11 79806 29937 2 3 0
11 79806 15815 0 3 0
11 79806 15815 1 4 0
11 79806 15815 2 1 0
11 79806 8277 0 1 0
11 79806 8277 1 2 0
11 79806 8277 2 3 0
11 79806 32671 0 3 0
11 79806 32671 1 4 0
11 79806 32671 2 1 0
11 79806 6263 0 3 0
11 79806 6263 1 4 0
11 79806 6263 2 1 0
11 79806 31337 0 1 0
11 79806 31337 1 2 0
11 79806 31337 2 3 0
11 79806 10629 0 1 0
11 79806 10629 1 2 0
11 79806 10629 2 3 0
11 79806 26263 0 3 0
11 79806 26263 1 4 0
11 79806 26263 2 1 0
11 79806 26697 0 1 0
11 79806 26697 1 2 0
11 79806 26697 2 3 0
11 79806 14061 0 1 0
11 79806 14061 1 2 0
11 79806 14061 2 3 0
11 79806 26193 0 1 0
11 79806 26193 1 2 0
11 79806 26193 2 3 0
11 79806 4383 0 3 0
11 79806 4383 1 4 0
11 79806 4383 2 1 0
11 79806 20991 0 3 0
11 79806 20991 1 4 0
11 79806 20991 2 1 0
11 79806 3001 0 1 0
11 79806 3001 1 2 0
11 79806 3001 2 3 0
11 79806 18801 0 1 0
11 79806 18801 1 2 0
11 79806 18801 2 3 0
11 79806 14689 0 1 0
11 79806 14689 1 2 0
11 79806 14689 2 3 0
11 79806 17243 0 3 0
11 79806 17243 1 4 0
11 79806 17243 2 1 0
11 79806 3617 0 1 0
11 79806 3617 1 2 0
11 79806 3617 2 3 0
11 79806 27819 0 3 0
11 79806 27819 1 4 0
11 79806 27819 2 1 0
11 79806 2129 0 1 0
11 79806 2129 1 2 0
11 79806 2129 2 3 0
11 79806 26983 0 3 0
11 79806 26983 1 4 0
11 79806 26983 2 1 0
11 79806 26215 0 3 0
11 79806 26215 1 4 0
11 79806 26215 2 1 0
11 79806 9263 0 3 0
11 79806 9263 1 4 0
11 79806 9263 2 1 0
11 79806 28805 0 1 0
11 79806 28805 1 2 0
11 79806 28805 2 3 0
11 79806 6107 0 3 0
11 79806 6107 1 4 0
11 79806 6107 2 1 0
11 79806 14941 0 1 0
11 79806 14941 1 2 0
11 79806 14941 2 3 0
11 79806 13095 0 3 0
11 79806 13095 1 4 0
11 79806 13095 2 1 0
11 79806 2411 0 3 0
11 79806 2411 1 4 0
11 79806 2411 2 1 0
11 79806 9883 0 3 0
11 79806 9883 1 4 0
11 79806 9883 2 1 0
11 79806 6159 0 3 0
11 79806 6159 1 4 0
11 79806 6159 2 1 0
11 79806 11125 0 1 0
11 79806 11125 1 2 0
11 79806 11125 2 3 0
11 79806 14345 0 1 0
11 79806 14345 1 2 0
11 79806 14345 2 3 0
11 79806 6687 0 3 0
11 79806 6687 1 4 0
11 79806 6687 2 1 0
11 79806 28771 0 3 0
11 79806 28771 1 4 0
11 79806 28771 2 1 0
11 79806 6627 0 3 0
11 79806 6627 1 4 0
11 79806 6627 2 1 0
11 79806 3449 0 1 0
11 79806 3449 1 2 0
11 79806 3449 2 3 0
11 79806 3311 0 3 0
11 79806 3311 1 4 0
11 79806 3311 2 1 0
11 79806 28029 0 1 0
11 79806 28029 1 2 0
11 79806 28029 2 3 0
11 79806 2189 0 1 0
11 79806 2189 1 2 0
11 79806 2189 2 3 0
11 79806 4799 0 3 0
11 79806 4799 1 4 0
11 79806 4799 2 1 0
11 79806 3353 0 1 0
11 79806 3353 1 2 0
11 79806 3353 2 3 0
11 79806 7667 0 3 0
11 79806 7667 1 4 0
11 79806 7667 2 1 0
11 79806 3313 0 1 0
11 79806 3313 1 2 0
11 79806 3313 2 3 0
11 79806 28711 0 3 0
11 79806 28711 1 4 0
11 79806 28711 2 1 0
11 79806 4563 0 3 0
11 79806 4563 1 4 0
11 79806 4563 2 1 0
11 79806 29795 0 3 0
11 79806 29795 1 4 0
11 79806 29795 2 1 0
11 79806 27393 0 1 0
11 79806 27393 1 2 0
11 79806 27393 2 3 0
11 79806 737 0 1 0
11 79806 737 1 2 0
11 79806 737 2 3 0
11 79806 11379 0 3 0
11 79806 11379 1 4 0
11 79806 11379 2 1 0
11 79806 26111 0 3 0
11 79806 26111 1 4 0
11 79806 26111 2 1 0
11 79806 19679 0 3 0
11 79806 19679 1 4 0
11 79806 19679 2 1 0
11 79806 17915 0 3 0
11 79806 17915 1 4 0
11 79806 17915 2 1 0
11 79806 24923 0 3 0
11 79806 24923 1 4 0
11 79806 24923 2 1 0
11 79806 10769 0 1 0
11 79806 10769 1 2 0
11 79806 10769 2 3 0
11 79806 24037 0 1 0
11 79806 24037 1 2 0
11 79806 24037 2 3 0
11 79806 7213 0 1 0
11 79806 7213 1 2 0
11 79806 7213 2 3 0
11 79806 16169 0 1 0
11 79806 16169 1 2 0
11 79806 16169 2 3 0
11 79806 25759 0 3 0
11 79806 25759 1 4 0
11 79806 25759 2 1 0
11 79806 22499 0 3 0
11 79806 22499 1 4 0
11 79806 22499 2 1 0
11 79806 16409 0 1 0
11 79806 16409 1 2 0
11 79806 16409 2 3 0
11 79806 3275 0 3 0
11 79806 3275 1 4 0
11 79806 3275 2 1 0
11 79806 24297 0 1 0
11 79806 24297 1 2 0
11 79806 24297 2 3 0
11 79806 12291 0 3 0
11 79806 12291 1 4 0
11 79806 12291 2 1 0
11 79806 28525 0 1 0
11 79806 28525 1 2 0
11 79806 28525 2 3 0
11 79806 4947 0 3 0
11 79806 4947 1 4 0
11 79806 4947 2 1 0
11 79806 20307 0 3 0
11 79806 20307 1 4 0
11 79806 20307 2 1 0
11 79806 5485 0 1 0
11 79806 5485 1 2 0
11 79806 5485 2 3 0
11 79806 28701 0 1 0
11 79806 28701 1 2 0
11 79806 28701 2 3 0
11 79806 20417 0 1 0
11 79806 20417 1 2 0
11 79806 20417 2 3 0
11 79806 10089 0 1 0
11 79806 10089 1 2 0
11 79806 10089 2 3 0
11 79806 11711 0 3 0
11 79806 11711 1 4 0
11 79806 11711 2 1 0
11 79806 10109 0 1 0
11 79806 10109 1 2 0
11 79806 10109 2 3 0
11 79806 32015 0 3 0
11 79806 32015 1 4 0
11 79806 32015 2 1 0
11 79806 23853 0 1 0
11 79806 23853 1 2 0
11 79806 23853 2 3 0
11 79806 3469 0 1 0
11 79806 3469 1 2 0
11 79806 3469 2 3 0
11 79806 15781 0 1 0
11 79806 15781 1 2 0
11 79806 15781 2 3 0
11 79806 11103 0 3 0
11 79806 11103 1 4 0
11 79806 11103 2 1 0
11 79806 25671 0 3 0
11 79806 25671 1 4 0
11 79806 25671 2 1 0
11 79806 16219 0 3 0
11 79806 16219 1 4 0
11 79806 16219 2 1 0
11 79806 9499 0 3 0
11 79806 9499 1 4 0
11 79806 9499 2 1 0
11 79806 11083 0 3 0
11 79806 11083 1 4 0
11 79806 11083 2 1 0
11 79806 29381 0 1 0
11 79806 29381 1 2 0
11 79806 29381 2 3 0
11 79806 21165 0 1 0
11 79806 21165 1 2 0
11 79806 21165 2 3 0
11 79806 23375 0 3 0
11 79806 23375 1 4 0
11 79806 23375 2 1 0
11 79806 20513 0 1 0
11 79806 20513 1 2 0
11 79806 20513 2 3 0
11 79806 20159 0 3 0
11 79806 20159 1 4 0
11 79806 20159 2 1 0
11 79806 24191 0 3 0
11 79806 24191 1 4 0
11 79806 24191 2 1 0
11 79806 4645 0 1 0
11 79806 4645 1 2 0
11 79806 4645 2 3 0
11 79806 12575 0 3 0
11 79806 12575 1 4 0
11 79806 12575 2 1 0
11 79806 31201 0 1 0
11 79806 31201 1 2 0
11 79806 31201 2 3 0
11 79806 28887 0 3 0
11 79806 28887 1 4 0
11 79806 28887 2 1 0
11 79806 32459 0 3 0
11 79806 32459 1 4 0
11 79806 32459 2 1 0
11 79806 32757 0 1 0
11 79806 32757 1 2 0
11 79806 32757 2 3 0
11 79806 15233 0 1 0
11 79806 15233 1 2 0
11 79806 15233 2 3 0
11 79806 7689 0 1 0
11 79806 7689 1 2 0
11 79806 7689 2 3 0
11 79806 32079 0 3 0
11 79806 32079 1 4 0
11 79806 32079 2 1 0
11 79806 8777 0 1 0
11 79806 8777 1 2 0
11 79806 8777 2 3 0
11 79806 27487 0 3 0
11 79806 27487 1 4 0
11 79806 27487 2 1 0
11 79806 27879 0 3 0
11 79806 27879 1 4 0
11 79806 27879 2 1 0
11 79806 31851 0 3 0
11 79806 31851 1 4 0
11 79806 31851 2 1 0
11 79806 5825 0 1 0
11 79806 5825 1 2 0
11 79806 5825 2 3 0
11 79806 23177 0 1 0
11 79806 23177 1 2 0
11 79806 23177 2 3 0
11 79806 15483 0 3 0
11 79806 15483 1 4 0
11 79806 15483 2 1 0
11 79806 26651 0 3 0
11 79806 26651 1 4 0
11 79806 26651 2 1 0
11 79806 20121 0 1 0
11 79806 20121 1 2 0
11 79806 20121 2 3 0
11 79806 667 0 3 0
11 79806 667 1 4 0
11 79806 667 2 1 0
11 79806 27143 0 3 0
11 79806 27143 1 4 0
11 79806 27143 2 1 0
11 79806 19981 0 1 0
11 79806 19981 1 2 0
11 79806 19981 2 3 0
11 79806 9979 0 3 0
11 79806 9979 1 4 0
11 79806 9979 2 1 0
11 79806 15071 0 3 0
11 79806 15071 1 4 0
11 79806 15071 2 1 0
11 79806 25451 0 3 0
11 79806 25451 1 4 0
11 79806 25451 2 1 0
11 79806 29301 0 1 0
11 79806 29301 1 2 0
11 79806 29301 2 3 0
11 79806 31909 0 1 0
11 79806 31909 1 2 0
11 79806 31909 2 3 0
11 79806 1821 0 1 0
11 79806 1821 1 2 0
11 79806 1821 2 3 0
11 79806 26137 0 1 0
11 79806 26137 1 2 0
11 79806 26137 2 3 0
11 79806 19735 0 3 0
11 79806 19735 1 4 0
11 79806 19735 2 1 0
11 79806 133 0 1 0
11 79806 133 1 2 0
11 79806 133 2 3 0
11 79806 14311 0 3 0
11 79806 14311 1 4 0
11 79806 14311 2 1 0
11 79806 32255 0 3 0
11 79806 32255 1 4 0
11 79806 32255 2 1 0
11 79806 29447 0 3 0
11 79806 29447 1 4 0
11 79806 29447 2 1 0
11 79806 515 0 3 0
11 79806 515 1 4 0
11 79806 515 2 1 0
11 79806 15369 0 1 0
11 79806 15369 1 2 0
11 79806 15369 2 3 0
11 79806 18033 0 1 0
11 79806 18033 1 2 0
11 79806 18033 2 3 0
11 79806 2059 0 3 0
11 79806 2059 1 4 0
11 79806 2059 2 1 0
11 79806 11205 0 1 0
11 79806 11205 1 2 0
11 79806 11205 2 3 0
11 79806 16575 0 3 0
11 79806 16575 1 4 0
11 79806 16575 2 1 0
11 79806 11213 0 1 0
11 79806 11213 1 2 0
11 79806 11213 2 3 0
11 79806 15755 0 3 0
11 79806 15755 1 4 0
11 79806 15755 2 1 0
11 79806 22023 0 3 0
11 79806 22023 1 4 0
11 79806 22023 2 1 0
11 79806 29705 0 1 0
11 79806 29705 1 2 0
11 79806 29705 2 3 0
11 79806 14685 0 1 0
11 79806 14685 1 2 0
11 79806 14685 2 3 0
11 79806 18701 0 1 0
11 79806 18701 1 2 0
11 79806 18701 2 3 0
11 79806 6683 0 3 0
11 79806 6683 1 4 0
11 79806 6683 2 1 0
11 79806 18871 0 3 0
11 79806 18871 1 4 0
11 79806 18871 2 1 0
11 79806 9743 0 3 0
11 79806 9743 1 4 0
11 79806 9743 2 1 0
11 79806 9331 0 3 0
11 79806 9331 1 4 0
11 79806 9331 2 1 0
11 79806 10525 0 1 0
11 79806 10525 1 2 0
11 79806 10525 2 3 0
11 79806 19401 0 1 0
11 79806 19401 1 2 0
11 79806 19401 2 3 0
11 79806 4103 0 3 0
11 79806 4103 1 4 0
11 79806 4103 2 1 0
11 79806 5603 0 3 0
11 79806 5603 1 4 0
11 79806 5603 2 1 0
11 79806 10943 0 3 0
11 79806 10943 1 4 0
11 79806 10943 2 1 0
11 79806 30407 0 3 0
11 79806 30407 1 4 0
11 79806 30407 2 1 0
11 79806 11723 0 3 0
11 79806 11723 1 4 0
11 79806 11723 2 1 0
11 79806 10087 0 3 0
11 79806 10087 1 4 0
11 79806 10087 2 1 0
11 79806 17563 0 3 0
11 79806 17563 1 4 0
11 79806 17563 2 1 0
11 79806 15701 0 1 0
11 79806 15701 1 2 0
11 79806 15701 2 3 0
11 79806 117 0 1 0
11 79806 117 1 2 0
11 79806 117 2 3 0
11 79806 7435 0 3 0
11 79806 7435 1 4 0
11 79806 7435 2 1 0
11 79806 47 0 3 0
11 79806 47 1 4 0
11 79806 47 2 1 0
11 79806 29185 0 1 0
11 79806 29185 1 2 0
11 79806 29185 2 3 0
11 79806 87 0 3 0
11 79806 87 1 4 0
11 79806 87 2 1 0
11 79806 16565 0 1 0
11 79806 16565 1 2 0
11 79806 16565 2 3 0
11 79806 9781 0 1 0
11 79806 9781 1 2 0
11 79806 9781 2 3 0
11 79806 32377 0 1 0
11 79806 32377 1 2 0
11 79806 32377 2 3 0
11 79806 9003 0 3 0
11 79806 9003 1 4 0
11 79806 9003 2 1 0
11 79806 18061 0 1 0
11 79806 18061 1 2 0
11 79806 18061 2 3 0
11 79806 21851 0 3 0
11 79806 21851 1 4 0
11 79806 21851 2 1 0
11 79806 8429 0 1 0
11 79806 8429 1 2 0
11 79806 8429 2 3 0
11 79806 28337 0 1 0
11 79806 28337 1 2 0
11 79806 28337 2 3 0
11 79806 6721 0 1 0
11 79806 6721 1 2 0
11 79806 6721 2 3 0
11 79806 8509 0 1 0
11 79806 8509 1 2 0
11 79806 8509 2 3 0
11 79806 20217 0 1 0
11 79806 20217 1 2 0
11 79806 20217 2 3 0
11 79806 1239 0 3 0
11 79806 1239 1 4 0
11 79806 1239 2 1 0
11 79806 8633 0 1 0
11 79806 8633 1 2 0
11 79806 8633 2 3 0
11 79806 269 0 1 0
11 79806 269 1 2 0
11 79806 269 2 3 0
11 79806 11631 0 3 0
11 79806 11631 1 4 0
11 79806 11631 2 1 0
11 79806 15687 0 3 0
11 79806 15687 1 4 0
11 79806 15687 2 1 0
11 79806 495 0 3 0
11 79806 495 1 4 0
11 79806 495 2 1 0
11 79806 5815 0 3 0
11 79806 5815 1 4 0
11 79806 5815 2 1 0
11 79806 16805 0 1 0
11 79806 16805 1 2 0
11 79806 16805 2 3 0
11 79806 10503 0 3 0
11 79806 10503 1 4 0
11 79806 10503 2 1 0
11 79806 24141 0 1 0
11 79806 24141 1 2 0
11 79806 24141 2 3 0
11 79806 15133 0 1 0
11 79806 15133 1 2 0
11 79806 15133 2 3 0
11 79806 6213 0 1 0
11 79806 6213 1 2 0
11 79806 6213 2 3 0
11 79806 26607 0 3 0
11 79806 26607 1 4 0
11 79806 26607 2 1 0
11 79806 28313 0 1 0
11 79806 28313 1 2 0
11 79806 28313 2 3 0
11 79806 31771 0 3 0
11 79806 31771 1 4 0
11 79806 31771 2 1 0
11 79806 26165 0 1 0
11 79806 26165 1 2 0
11 79806 26165 2 3 0
11 79806 29355 0 3 0
11 79806 29355 1 4 0
11 79806 29355 2 1 0
11 79806 15323 0 3 0
11 79806 15323 1 4 0
11 79806 15323 2 1 0
11 79806 6831 0 3 0
11 79806 6831 1 4 0
11 79806 6831 2 1 0
11 79806 17313 0 1 0
11 79806 17313 1 2 0
11 79806 17313 2 3 0
11 79806 20419 0 3 0
11 79806 20419 1 4 0
11 79806 20419 2 1 0
11 79806 9103 0 3 0
11 79806 9103 1 4 0
11 79806 9103 2 1 0
11 79806 18537 0 1 0
11 79806 18537 1 2 0
11 79806 18537 2 3 0
11 79806 17359 0 3 0
11 79806 17359 1 4 0
11 79806 17359 2 1 0
11 79806 5411 0 3 0
11 79806 5411 1 4 0
11 79806 5411 2 1 0
11 79806 5927 0 3 0
11 79806 5927 1 4 0
11 79806 5927 2 1 0
11 79806 25123 0 3 0
11 79806 25123 1 4 0
11 79806 25123 2 1 0
11 79806 26805 0 1 0
11 79806 26805 1 2 0
11 79806 26805 2 3 0
11 79806 16811 0 3 0
11 79806 16811 1 4 0
11 79806 16811 2 1 0
11 79806 9105 0 1 0
11 79806 9105 1 2 0
11 79806 9105 2 3 0
11 79806 23137 0 1 0
11 79806 23137 1 2 0
11 79806 23137 2 3 0
11 79806 27211 0 3 0
11 79806 27211 1 4 0
11 79806 27211 2 1 0
11 79806 27521 0 1 0
11 79806 27521 1 2 0
11 79806 27521 2 3 0
11 79806 15349 0 1 0
11 79806 15349 1 2 0
11 79806 15349 2 3 0
11 79806 16553 0 1 0
11 79806 16553 1 2 0
11 79806 16553 2 3 0
11 79806 24163 0 3 0
11 79806 24163 1 4 0
11 79806 24163 2 1 0
11 79806 30397 0 1 0
11 79806 30397 1 2 0
11 79806 30397 2 3 0
11 79806 26489 0 1 0
11 79806 26489 1 2 0
11 79806 26489 2 3 0
11 79806 11005 0 1 0
11 79806 11005 1 2 0
11 79806 11005 2 3 0
11 79806 27603 0 3 0
11 79806 27603 1 4 0
11 79806 27603 2 1 0
11 79806 8013 0 1 0
11 79806 8013 1 2 0
11 79806 8013 2 3 0
11 79806 1231 0 3 0
11 79806 1231 1 4 0
11 79806 1231 2 1 0
11 79806 23821 0 1 0
11 79806 23821 1 2 0
11 79806 23821 2 3 0
11 79806 24427 0 3 0
11 79806 24427 1 4 0
11 79806 24427 2 1 0
11 79806 13213 0 1 0
11 79806 13213 1 2 0
11 79806 13213 2 3 0
11 79806 8579 0 3 0
11 79806 8579 1 4 0
11 79806 8579 2 1 0
11 79806 10209 0 1 0
11 79806 10209 1 2 0
11 79806 10209 2 3 0
11 79806 32363 0 3 0
11 79806 32363 1 4 0
11 79806 32363 2 1 0
11 79806 28075 0 3 0
11 79806 28075 1 4 0
11 79806 28075 2 1 0
11 79806 31591 0 3 0
11 79806 31591 1 4 0
11 79806 31591 2 1 0
11 79806 10283 0 3 0
11 79806 10283 1 4 0
11 79806 10283 2 1 0
11 79806 16091 0 3 0
11 79806 16091 1 4 0
11 79806 16091 2 1 0
11 79806 5793 0 1 0
11 79806 5793 1 2 0
11 79806 5793 2 3 0
11 79806 7627 0 3 0
11 79806 7627 1 4 0
11 79806 7627 2 1 0
11 79806 24327 0 3 0
11 79806 24327 1 4 0
11 79806 24327 2 1 0
11 79806 17387 0 3 0
11 79806 17387 1 4 0
11 79806 17387 2 1 0
11 79806 18745 0 1 0
11 79806 18745 1 2 0
11 79806 18745 2 3 0
11 79806 32679 0 3 0
11 79806 32679 1 4 0
11 79806 32679 2 1 0
11 79806 767 0 3 0
11 79806 767 1 4 0
11 79806 767 2 1 0
11 79806 28139 0 3 0
11 79806 28139 1 4 0
11 79806 28139 2 1 0
11 79806 29405 0 1 0
11 79806 29405 1 2 0
11 79806 29405 2 3 0
11 79806 15363 0 3 0
11 79806 15363 1 4 0
11 79806 15363 2 1 0
11 79806 27653 0 1 0
11 79806 27653 1 2 0
11 79806 27653 2 3 0
11 79806 951 0 3 0
11 79806 951 1 4 0
11 79806 951 2 1 0
11 79806 1355 0 3 0
11 79806 1355 1 4 0
11 79806 1355 2 1 0
11 79806 28089 0 1 0
11 79806 28089 1 2 0
11 79806 28089 2 3 0
11 79806 12799 0 3 0
11 79806 12799 1 4 0
11 79806 12799 2 1 0
11 79806 19207 0 3 0
11 79806 19207 1 4 0
11 79806 19207 2 1 0
11 79806 23951 0 3 0
11 79806 23951 1 4 0
11 79806 23951 2 1 0
11 79806 12465 0 1 0
11 79806 12465 1 2 0
11 79806 12465 2 3 0
11 79806 19445 0 1 0
11 79806 19445 1 2 0
11 79806 19445 2 3 0
11 79806 29599 0 3 0
11 79806 29599 1 4 0
11 79806 29599 2 1 0
11 79806 22225 0 1 0
11 79806 22225 1 2 0
11 79806 22225 2 3 0
11 79806 30869 0 1 0
11 79806 30869 1 2 0
11 79806 30869 2 3 0
11 79806 4301 0 1 0
11 79806 4301 1 2 0
11 79806 4301 2 3 0
11 79806 12605 0 1 0
11 79806 12605 1 2 0
11 79806 12605 2 3 0
11 79806 21271 0 3 0
11 79806 21271 1 4 0
11 79806 21271 2 1 0
11 79806 24651 0 3 0
11 79806 24651 1 4 0
11 79806 24651 2 1 0
11 79806 22053 0 1 0
11 79806 22053 1 2 0
11 79806 22053 2 3 0
11 79806 28349 0 1 0
11 79806 28349 1 2 0
11 79806 28349 2 3 0
11 79806 3017 0 1 0
11 79806 3017 1 2 0
11 79806 3017 2 3 0
11 79806 28599 0 3 0
11 79806 28599 1 4 0
11 79806 28599 2 1 0
11 79806 11059 0 3 0
11 79806 11059 1 4 0
11 79806 11059 2 1 0
11 79806 28495 0 3 0
11 79806 28495 1 4 0
11 79806 28495 2 1 0
11 79806 5923 0 3 0
11 79806 5923 1 4 0
11 79806 5923 2 1 0
11 79806 3641 0 1 0
11 79806 3641 1 2 0
11 79806 3641 2 3 0
11 79806 27331 0 3 0
11 79806 27331 1 4 0
11 79806 27331 2 1 0
11 79806 17983 0 3 0
11 79806 17983 1 4 0
11 79806 17983 2 1 0
11 79806 793 0 1 0
11 79806 793 1 2 0
11 79806 793 2 3 0
11 79806 3505 0 1 0
11 79806 3505 1 2 0
11 79806 3505 2 3 0
11 79806 16007 0 3 0
11 79806 16007 1 4 0
11 79806 16007 2 1 0
11 79806 12851 0 3 0
11 79806 12851 1 4 0
11 79806 12851 2 1 0
11 79806 14087 0 3 0
11 79806 14087 1 4 0
11 79806 14087 2 1 0
11 79806 2395 0 3 0
11 79806 2395 1 4 0
11 79806 2395 2 1 0
11 79806 5763 0 3 0
11 79806 5763 1 4 0
11 79806 5763 2 1 0
11 79806 27929 0 1 0
11 79806 27929 1 2 0
11 79806 27929 2 3 0
11 79806 15285 0 1 0
11 79806 15285 1 2 0
11 79806 15285 2 3 0
11 79806 30025 0 1 0
11 79806 30025 1 2 0
11 79806 30025 2 3 0
11 79806 2271 0 3 0
11 79806 2271 1 4 0
11 79806 2271 2 1 0
11 79806 21357 0 1 0
11 79806 21357 1 2 0
11 79806 21357 2 3 0
11 79806 22139 0 3 0
11 79806 22139 1 4 0
11 79806 22139 2 1 0
11 79806 27903 0 3 0
11 79806 27903 1 4 0
11 79806 27903 2 1 0
11 79806 3023 0 3 0
11 79806 3023 1 4 0
11 79806 3023 2 1 0
11 79806 8817 0 1 0
11 79806 8817 1 2 0
11 79806 8817 2 3 0
11 79806 18937 0 1 0
11 79806 18937 1 2 0
11 79806 18937 2 3 0
11 79806 481 0 1 0
11 79806 481 1 2 0
11 79806 481 2 3 0
11 79806 9411 0 3 0
11 79806 9411 1 4 0
11 79806 9411 2 1 0
11 79806 25991 0 3 0
11 79806 25991 1 4 0
11 79806 25991 2 1 0
11 79806 10493 0 1 0
11 79806 10493 1 2 0
11 79806 10493 2 3 0
11 79806 18241 0 1 0
11 79806 18241 1 2 0
11 79806 18241 2 3 0
11 79806 23209 0 1 0
11 79806 23209 1 2 0
11 79806 23209 2 3 0
11 79806 23417 0 1 0
11 79806 23417 1 2 0
11 79806 23417 2 3 0
11 79806 3539 0 3 0
11 79806 3539 1 4 0
11 79806 3539 2 1 0
11 79806 3715 0 3 0
11 79806 3715 1 4 0
11 79806 3715 2 1 0
11 79806 24313 0 1 0
11 79806 24313 1 2 0
11 79806 24313 2 3 0
11 79806 17361 0 1 0
11 79806 17361 1 2 0
11 79806 17361 2 3 0
11 79806 11627 0 3 0
11 79806 11627 1 4 0
11 79806 11627 2 1 0
11 79806 6205 0 1 0
11 79806 6205 1 2 0
11 79806 6205 2 3 0
11 79806 5937 0 1 0
11 79806 5937 1 2 0
11 79806 5937 2 3 0
11 79806 24229 0 1 0
11 79806 24229 1 2 0
11 79806 24229 2 3 0
11 79806 26551 0 3 0
11 79806 26551 1 4 0
11 79806 26551 2 1 0
11 79806 23969 0 1 0
11 79806 23969 1 2 0
11 79806 23969 2 3 0
11 79806 27493 0 1 0
11 79806 27493 1 2 0
11 79806 27493 2 3 0
11 79806 1945 0 1 0
11 79806 1945 1 2 0
11 79806 1945 2 3 0
11 79806 16669 0 1 0
11 79806 16669 1 2 0
11 79806 16669 2 3 0
11 79806 26411 0 3 0
11 79806 26411 1 4 0
11 79806 26411 2 1 0
11 79806 8875 0 3 0
11 79806 8875 1 4 0
11 79806 8875 2 1 0
11 79806 23361 0 1 0
11 79806 23361 1 2 0
11 79806 23361 2 3 0
11 79806 6065 0 1 0
11 79806 6065 1 2 0
11 79806 6065 2 3 0
11 79806 13099 0 3 0
11 79806 13099 1 4 0
11 79806 13099 2 1 0
11 79806 21689 0 1 0
11 79806 21689 1 2 0
11 79806 21689 2 3 0
11 79806 11241 0 1 0
11 79806 11241 1 2 0
11 79806 11241 2 3 0
11 79806 26921 0 1 0
11 79806 26921 1 2 0
11 79806 26921 2 3 0
11 79806 18361 0 1 0
11 79806 18361 1 2 0
11 79806 18361 2 3 0
11 79806 6765 0 1 0
11 79806 6765 1 2 0
11 79806 6765 2 3 0
11 79806 1137 0 1 0
11 79806 1137 1 2 0
11 79806 1137 2 3 0
11 79806 31875 0 3 0
11 79806 31875 1 4 0
11 79806 31875 2 1 0
11 79806 23925 0 1 0
11 79806 23925 1 2 0
11 79806 23925 2 3 0
11 79806 15189 0 1 0
11 79806 15189 1 2 0
11 79806 15189 2 3 0
11 79806 2275 0 3 0
11 79806 2275 1 4 0
11 79806 2275 2 1 0
11 79806 25289 0 1 0
11 79806 25289 1 2 0
11 79806 25289 2 3 0
11 79806 32521 0 1 0
11 79806 32521 1 2 0
11 79806 32521 2 3 0
11 79806 12049 0 1 0
11 79806 12049 1 2 0
11 79806 12049 2 3 0
11 79806 23339 0 3 0
11 79806 23339 1 4 0
11 79806 23339 2 1 0
11 79806 20189 0 1 0
11 79806 20189 1 2 0
11 79806 20189 2 3 0
11 79806 21093 0 1 0
11 79806 21093 1 2 0
11 79806 21093 2 3 0
11 79806 2523 0 3 0
11 79806 2523 1 4 0
11 79806 2523 2 1 0
11 79806 4257 0 1 0
11 79806 4257 1 2 0
11 79806 4257 2 3 0
11 79806 1645 0 1 0
11 79806 1645 1 2 0
11 79806 1645 2 3 0
11 79806 12717 0 1 0
11 79806 12717 1 2 0
11 79806 12717 2 3 0
11 79806 7181 0 1 0
11 79806 7181 1 2 0
11 79806 7181 2 3 0
11 79806 23241 0 1 0
11 79806 23241 1 2 0
11 79806 23241 2 3 0
11 79806 32531 0 3 0
11 79806 32531 1 4 0
11 79806 32531 2 1 0
11 79806 22523 0 3 0
11 79806 22523 1 4 0
11 79806 22523 2 1 0
11 79806 26621 0 1 0
11 79806 26621 1 2 0
11 79806 26621 2 3 0
11 79806 20947 0 3 0
11 79806 20947 1 4 0
11 79806 20947 2 1 0
11 79806 1159 0 3 0
11 79806 1159 1 4 0
11 79806 1159 2 1 0
11 79806 19477 0 1 0
11 79806 19477 1 2 0
11 79806 19477 2 3 0
11 79806 2869 0 1 0
11 79806 2869 1 2 0
11 79806 2869 2 3 0
11 79806 19187 0 3 0
11 79806 19187 1 4 0
11 79806 19187 2 1 0
11 79806 31221 0 1 0
11 79806 31221 1 2 0
11 79806 31221 2 3 0
11 79806 12135 0 3 0
11 79806 12135 1 4 0
11 79806 12135 2 1 0
11 79806 24759 0 3 0
11 79806 24759 1 4 0
11 79806 24759 2 1 0
11 79806 917 0 1 0
11 79806 917 1 2 0
11 79806 917 2 3 0
11 79806 9255 0 3 0
11 79806 9255 1 4 0
11 79806 9255 2 1 0
11 79806 9945 0 1 0
11 79806 9945 1 2 0
11 79806 9945 2 3 0
11 79806 30323 0 3 0
11 79806 30323 1 4 0
11 79806 30323 2 1 0
11 79806 32443 0 3 0
11 79806 32443 1 4 0
11 79806 32443 2 1 0
11 79806 16987 0 3 0
11 79806 16987 1 4 0
11 79806 16987 2 1 0
11 79806 24999 0 3 0
11 79806 24999 1 4 0
11 79806 24999 2 1 0
11 79806 9203 0 3 0
11 79806 9203 1 4 0
11 79806 9203 2 1 0
11 79806 21253 0 1 0
11 79806 21253 1 2 0
11 79806 21253 2 3 0
11 79806 6505 0 1 0
11 79806 6505 1 2 0
11 79806 6505 2 3 0
11 79806 12265 0 1 0
11 79806 12265 1 2 0
11 79806 12265 2 3 0
11 79806 27691 0 3 0
11 79806 27691 1 4 0
11 79806 27691 2 1 0
11 79806 4615 0 3 0
11 79806 4615 1 4 0
11 79806 4615 2 1 0
11 79806 27523 0 3 0
11 79806 27523 1 4 0
11 79806 27523 2 1 0
11 79806 9877 0 1 0
11 79806 9877 1 2 0
11 79806 9877 2 3 0
11 79806 10063 0 3 0
11 79806 10063 1 4 0
11 79806 10063 2 1 0
11 79806 22935 0 3 0
11 79806 22935 1 4 0
11 79806 22935 2 1 0
11 79806 6411 0 3 0
11 79806 6411 1 4 0
11 79806 6411 2 1 0
11 79806 2461 0 1 0
11 79806 2461 1 2 0
11 79806 2461 2 3 0
11 79806 5123 0 3 0
11 79806 5123 1 4 0
11 79806 5123 2 1 0
11 79806 28047 0 3 0
11 79806 28047 1 4 0
11 79806 28047 2 1 0
11 79806 2181 0 1 0
11 79806 2181 1 2 0
11 79806 2181 2 3 0
11 79806 30767 0 3 0
11 79806 30767 1 4 0
11 79806 30767 2 1 0
11 79806 32767 0 3 0
11 79806 32767 1 4 0
11 79806 32767 2 1 0
11 79806 20385 0 1 0
11 79806 20385 1 2 0
11 79806 20385 2 3 0
11 79806 26689 0 1 0
11 79806 26689 1 2 0
11 79806 26689 2 3 0
11 79806 32063 0 3 0
11 79806 32063 1 4 0
11 79806 32063 2 1 0
11 79806 21679 0 3 0
11 79806 21679 1 4 0
11 79806 21679 2 1 0
11 79806 17685 0 1 0
11 79806 17685 1 2 0
11 79806 17685 2 3 0
11 79806 7405 0 1 0
11 79806 7405 1 2 0
11 79806 7405 2 3 0
11 79806 24623 0 3 0
11 79806 24623 1 4 0
11 79806 24623 2 1 0
11 79806 16639 0 3 0
11 79806 16639 1 4 0
11 79806 16639 2 1 0
11 79806 20653 0 1 0
11 79806 20653 1 2 0
11 79806 20653 2 3 0
11 79806 2047 0 3 0
11 79806 2047 1 4 0
11 79806 2047 2 1 0
11 79806 22073 0 1 0
11 79806 22073 1 2 0
11 79806 22073 2 3 0
11 79806 1135 0 3 0
11 79806 1135 1 4 0
11 79806 1135 2 1 0
11 79806 2795 0 3 0
11 79806 2795 1 4 0
11 79806 2795 2 1 0
11 79806 14785 0 1 0
11 79806 14785 1 2 0
11 79806 14785 2 3 0
11 79806 25691 0 3 0
11 79806 25691 1 4 0
11 79806 25691 2 1 0
11 79806 4823 0 3 0
11 79806 4823 1 4 0
11 79806 4823 2 1 0
11 79806 1167 0 3 0
11 79806 1167 1 4 0
11 79806 1167 2 1 0
11 79806 18353 0 1 0
11 79806 18353 1 2 0
11 79806 18353 2 3 0
11 79806 18897 0 1 0
11 79806 18897 1 2 0
11 79806 18897 2 3 0
11 79806 3443 0 3 0
11 79806 3443 1 4 0
11 79806 3443 2 1 0
11 79806 3983 0 3 0
11 79806 3983 1 4 0
11 79806 3983 2 1 0
11 79806 21125 0 1 0
11 79806 21125 1 2 0
11 79806 21125 2 3 0
11 79806 17173 0 1 0
11 79806 17173 1 2 0
11 79806 17173 2 3 0
11 79806 26211 0 3 0
11 79806 26211 1 4 0
11 79806 26211 2 1 0
11 79806 21517 0 1 0
11 79806 21517 1 2 0
11 79806 21517 2 3 0
11 79806 31115 0 3 0
11 79806 31115 1 4 0
11 79806 31115 2 1 0
11 79806 20887 0 3 0
11 79806 20887 1 4 0
11 79806 20887 2 1 0
11 79806 30231 0 3 0
11 79806 30231 1 4 0
11 79806 30231 2 1 0
11 79806 4861 0 1 0
11 79806 4861 1 2 0
11 79806 4861 2 3 0
12 79806 25583 0 3 0
12 79806 25583 1 4 0
12 79806 25583 2 1 0
12 79806 23837 0 1 0
12 79806 23837 1 2 0
12 79806 23837 2 3 0
12 79806 11483 0 3 0
12 79806 11483 1 4 0
12 79806 11483 2 1 0
12 79806 21409 0 1 0
12 79806 21409 1 2 0
12 79806 21409 2 3 0
12 79806 24869 0 1 0
12 79806 24869 1 2 0
12 79806 24869 2 3 0
12 79806 25659 0 3 0
12 79806 25659 1 4 0
12 79806 25659 2 1 0
12 79806 16627 0 3 0
12 79806 16627 1 4 0
12 79806 16627 2 1 0
12 79806 15835 0 3 0
12 79806 15835 1 4 0
12 79806 15835 2 1 0
12 79806 6973 0 1 0
12 79806 6973 1 2 0
12 79806 6973 2 3 0
12 79806 17289 0 1 0
12 79806 17289 1 2 0
12 79806 17289 2 3 0
12 79806 23547 0 3 0
12 79806 23547 1 4 0
12 79806 23547 2 1 0
12 79806 17991 0 3 0
12 79806 17991 1 4 0
12 79806 17991 2 1 0
12 79806 3031 0 3 0
12 79806 3031 1 4 0
12 79806 3031 2 1 0
12 79806 19491 0 3 0
12 79806 19491 1 4 0
12 79806 19491 2 1 0
12 79806 23871 0 3 0
12 79806 23871 1 4 0
12 79806 23871 2 1 0
12 79806 6769 0 1 0
12 79806 6769 1 2 0
12 79806 6769 2 3 0
12 79806 15211 0 3 0
12 79806 15211 1 4 0
12 79806 15211 2 1 0
12 79806 21889 0 1 0
12 79806 21889 1 2 0
12 79806 21889 2 3 0
12 79806 22561 0 1 0
12 79806 22561 1 2 0
12 79806 22561 2 3 0
12 79806 28669 0 1 0
12 79806 28669 1 2 0
12 79806 28669 2 3 0
12 79806 19613 0 1 0
12 79806 19613 1 2 0
12 79806 19613 2 3 0
12 79806 28837 0 1 0
12 79806 28837 1 2 0
12 79806 28837 2 3 0
12 79806 32425 0 1 0
12 79806 32425 1 2 0
12 79806 32425 2 3 0
12 79806 27213 0 1 0
12 79806 27213 1 2 0
12 79806 27213 2 3 0
12 79806 13077 0 1 0
12 79806 13077 1 2 0
12 79806 13077 2 3 0
12 79806 22871 0 3 0
12 79806 22871 1 4 0
12 79806 22871 2 1 0
12 79806 2637 0 1 0
12 79806 2637 1 2 0
12 79806 2637 2 3 0
12 79806 11601 0 1 0
12 79806 11601 1 2 0
12 79806 11601 2 3 0
12 79806 11783 0 3 0
12 79806 11783 1 4 0
12 79806 11783 2 1 0
12 79806 4463 0 3 0
12 79806 4463 1 4 0
12 79806 4463 2 1 0
12 79806 5581 0 1 0
12 79806 5581 1 2 0
12 79806 5581 2 3 0
12 79806 3825 0 1 0
12 79806 3825 1 2 0
12 79806 3825 2 3 0
12 79806 27541 0 1 0
12 79806 27541 1 2 0
12 79806 27541 2 3 0
12 79806 9011 0 3 0
12 79806 9011 1 4 0
12 79806 9011 2 1 0
12 79806 25315 0 3 0
12 79806 25315 1 4 0
12 79806 25315 2 1 0
12 79806 28287 0 3 0
12 79806 28287 1 4 0
12 79806 28287 2 1 0
12 79806 1579 0 3 0
12 79806 1579 1 4 0
12 79806 1579 2 1 0
12 79806 23213 0 1 0
12 79806 23213 1 2 0
12 79806 23213 2 3 0
12 79806 28441 0 1 0
12 79806 28441 1 2 0
12 79806 28441 2 3 0
12 79806 22683 0 3 0
12 79806 22683 1 4 0
12 79806 22683 2 1 0
12 79806 20053 0 1 0
12 79806 20053 1 2 0
12 79806 20053 2 3 0
12 79806 17293 0 1 0
12 79806 17293 1 2 0
12 79806 17293 2 3 0
12 79806 11907 0 3 0
12 79806 11907 1 4 0
12 79806 11907 2 1 0
12 79806 4921 0 1 0
12 79806 4921 1 2 0
12 79806 4921 2 3 0
12 79806 24343 0 3 0
12 79806 24343 1 4 0
12 79806 24343 2 1 0
12 79806 22083 0 3 0
12 79806 22083 1 4 0
12 79806 22083 2 1 0
12 79806 24295 0 3 0
12 79806 24295 1 4 0
12 79806 24295 2 1 0
12 79806 30167 0 3 0
12 79806 30167 1 4 0
12 79806 30167 2 1 0
12 79806 11963 0 3 0
12 79806 11963 1 4 0
12 79806 11963 2 1 0
12 79806 1599 0 3 0
12 79806 1599 1 4 0
12 79806 1599 2 1 0
12 79806 3213 0 1 0
12 79806 3213 1 2 0
12 79806 3213 2 3 0
12 79806 1581 0 1 0
12 79806 1581 1 2 0
12 79806 1581 2 3 0
12 79806 15649 0 1 0
12 79806 15649 1 2 0
12 79806 15649 2 3 0
12 79806 15227 0 3 0
12 79806 15227 1 4 0
12 79806 15227 2 1 0
12 79806 20079 0 3 0
12 79806 20079 1 4 0
12 79806 20079 2 1 0
12 79806 11815 0 3 0
12 79806 11815 1 4 0
12 79806 11815 2 1 0
12 79806 17179 0 3 0
12 79806 17179 1 4 0
12 79806 17179 2 1 0
12 79806 7009 0 1 0
12 79806 7009 1 2 0
12 79806 7009 2 3 0
12 79806 13285 0 1 0
12 79806 13285 1 2 0
12 79806 13285 2 3 0
12 79806 18811 0 3 0
12 79806 18811 1 4 0
12 79806 18811 2 1 0
12 79806 4167 0 3 0
12 79806 4167 1 4 0
12 79806 4167 2 1 0
12 79806 13151 0 3 0
12 79806 13151 1 4 0
12 79806 13151 2 1 0
12 79806 16361 0 1 0
12 79806 16361 1 2 0
12 79806 16361 2 3 0
12 79806 17305 0 1 0
12 79806 17305 1 2 0
12 79806 17305 2 3 0
12 79806 23825 0 1 0
12 79806 23825 1 2 0
12 79806 23825 2 3 0
12 79806 28475 0 3 0
12 79806 28475 1 4 0
12 79806 28475 2 1 0
12 79806 27901 0 1 0
12 79806 27901 1 2 0
12 79806 27901 2 3 0
12 79806 4137 0 1 0
12 79806 4137 1 2 0
12 79806 4137 2 3 0
12 79806 15085 0 1 0
12 79806 15085 1 2 0
12 79806 15085 2 3 0
12 79806 21315 0 3 0
12 79806 21315 1 4 0
12 79806 21315 2 1 0
12 79806 1753 0 1 0
12 79806 1753 1 2 0
12 79806 1753 2 3 0
12 79806 18755 0 3 0
12 79806 18755 1 4 0
12 79806 18755 2 1 0
12 79806 18087 0 3 0
12 79806 18087 1 4 0
12 79806 18087 2 1 0
12 79806 8307 0 3 0
12 79806 8307 1 4 0
12 79806 8307 2 1 0
12 79806 19553 0 1 0
12 79806 19553 1 2 0
12 79806 19553 2 3 0
12 79806 21053 0 1 0
12 79806 21053 1 2 0
12 79806 21053 2 3 0
12 79806 14797 0 1 0
12 79806 14797 1 2 0
12 79806 14797 2 3 0
12 79806 10683 0 3 0
12 79806 10683 1 4 0
12 79806 10683 2 1 0
12 79806 7707 0 3 0
12 79806 7707 1 4 0
12 79806 7707 2 1 0
12 79806 2307 0 3 0
12 79806 2307 1 4 0
12 79806 2307 2 1 0
12 79806 14291 0 3 0
12 79806 14291 1 4 0
12 79806 14291 2 1 0
12 79806 14091 0 3 0
12 79806 14091 1 4 0
12 79806 14091 2 1 0
12 79806 24771 0 3 0
12 79806 24771 1 4 0
12 79806 24771 2 1 0
12 79806 30913 0 1 0
12 79806 30913 1 2 0
12 79806 30913 2 3 0
12 79806 15669 0 1 0
12 79806 15669 1 2 0
12 79806 15669 2 3 0
12 79806 849 0 1 0
12 79806 849 1 2 0
12 79806 849 2 3 0
12 79806 31865 0 1 0
12 79806 31865 1 2 0
12 79806 31865 2 3 0
12 79806 255 0 3 0
12 79806 255 1 4 0
12 79806 255 2 1 0
12 79806 23643 0 3 0
12 79806 23643 1 4 0
12 79806 23643 2 1 0
12 79806 6843 0 3 0
12 79806 6843 1 4 0
12 79806 6843 2 1 0
12 79806 5339 0 3 0
12 79806 5339 1 4 0
12 79806 5339 2 1 0
12 79806 28469 0 1 0
12 79806 28469 1 2 0
12 79806 28469 2 3 0
12 79806 5957 0 1 0
12 79806 5957 1 2 0
12 79806 5957 2 3 0
12 79806 10835 0 3 0
12 79806 10835 1 4 0
12 79806 10835 2 1 0
12 79806 3189 0 1 0
12 79806 3189 1 2 0
12 79806 3189 2 3 0
12 79806 31145 0 1 0
12 79806 31145 1 2 0
12 79806 31145 2 3 0
12 79806 6345 0 1 0
12 79806 6345 1 2 0
12 79806 6345 2 3 0
12 79806 31575 0 3 0
12 79806 31575 1 4 0
12 79806 31575 2 1 0
12 79806 32185 0 1 0
12 79806 32185 1 2 0
12 79806 32185 2 3 0
12 79806 57 0 1 0
12 79806 57 1 2 0
12 79806 57 2 3 0
12 79806 11765 0 1 0
12 79806 11765 1 2 0
12 79806 11765 2 3 0
12 79806 19783 0 3 0
12 79806 19783 1 4 0
12 79806 19783 2 1 0
12 79806 23605 0 1 0
12 79806 23605 1 2 0
12 79806 23605 2 3 0
12 79806 3821 0 1 0
12 79806 3821 1 2 0
12 79806 3821 2 3 0
12 79806 17443 0 3 0
12 79806 17443 1 4 0
12 79806 17443 2 1 0
12 79806 4711 0 3 0
12 79806 4711 1 4 0
12 79806 4711 2 1 0
12 79806 20501 0 1 0
12 79806 20501 1 2 0
12 79806 20501 2 3 0
12 79806 19339 0 3 0
12 79806 19339 1 4 0
12 79806 19339 2 1 0
12 79806 9111 0 3 0
12 79806 9111 1 4 0
12 79806 9111 2 1 0
12 79806 10875 0 3 0
12 79806 10875 1 4 0
12 79806 10875 2 1 0
12 79806 2861 0 1 0
12 79806 2861 1 2 0
12 79806 2861 2 3 0
12 79806 2797 0 1 0
12 79806 2797 1 2 0
12 79806 2797 2 3 0
12 79806 18921 0 1 0
12 79806 18921 1 2 0
12 79806 18921 2 3 0
12 79806 11093 0 1 0
12 79806 11093 1 2 0
12 79806 11093 2 3 0
12 79806 10137 0 1 0
12 79806 10137 1 2 0
12 79806 10137 2 3 0
12 79806 13271 0 3 0
12 79806 13271 1 4 0
12 79806 13271 2 1 0
12 79806 20335 0 3 0
12 79806 20335 1 4 0
12 79806 20335 2 1 0
12 79806 19901 0 1 0
12 79806 19901 1 2 0
12 79806 19901 2 3 0
12 79806 21023 0 3 0
12 79806 21023 1 4 0
12 79806 21023 2 1 0
12 79806 22001 0 1 0
12 79806 22001 1 2 0
12 79806 22001 2 3 0
12 79806 7877 0 1 0
12 79806 7877 1 2 0
12 79806 7877 2 3 0
12 79806 2449 0 1 0
12 79806 2449 1 2 0
12 79806 2449 2 3 0
12 79806 31733 0 1 0
12 79806 31733 1 2 0
12 79806 31733 2 3 0
12 79806 25811 0 3 0
12 79806 25811 1 4 0
12 79806 25811 2 1 0
12 79806 8793 0 1 0
12 79806 8793 1 2 0
12 79806 8793 2 3 0
12 79806 28185 0 1 0
12 79806 28185 1 2 0
12 79806 28185 2 3 0
12 79806 21173 0 1 0
12 79806 21173 1 2 0
12 79806 21173 2 3 0
12 79806 21113 0 1 0
12 79806 21113 1 2 0
12 79806 21113 2 3 0
12 79806 13585 0 1 0
12 79806 13585 1 2 0
12 79806 13585 2 3 0
12 79806 19099 0 3 0
12 79806 19099 1 4 0
12 79806 19099 2 1 0
12 79806 8975 0 3 0
12 79806 8975 1 4 0
12 79806 8975 2 1 0
12 79806 25423 0 3 0
12 79806 25423 1 4 0
12 79806 25423 2 1 0
12 79806 6903 0 3 0
12 79806 6903 1 4 0
12 79806 6903 2 1 0
12 79806 13935 0 3 0
12 79806 13935 1 4 0
12 79806 13935 2 1 0
12 79806 11431 0 3 0
12 79806 11431 1 4 0
12 79806 11431 2 1 0
12 79806 8833 0 1 0
12 79806 8833 1 2 0
12 79806 8833 2 3 0
12 79806 2943 0 3 0
12 79806 2943 1 4 0
12 79806 2943 2 1 0
12 79806 1831 0 3 0
12 79806 1831 1 4 0
12 79806 1831 2 1 0
12 79806 23599 0 3 0
12 79806 23599 1 4 0
12 79806 23599 2 1 0
12 79806 31233 0 1 0
12 79806 31233 1 2 0
12 79806 31233 2 3 0
12 79806 5749 0 1 0
12 79806 5749 1 2 0
12 79806 5749 2 3 0
12 79806 7817 0 1 0
12 79806 7817 1 2 0
12 79806 7817 2 3 0
12 79806 13939 0 3 0
12 79806 13939 1 4 0
12 79806 13939 2 1 0
12 79806 19115 0 3 0
12 79806 19115 1 4 0
12 79806 19115 2 1 0
12 79806 8577 0 1 0
12 79806 8577 1 2 0
12 79806 8577 2 3 0
12 79806 13015 0 3 0
12 79806 13015 1 4 0
12 79806 13015 2 1 0
12 79806 13197 0 1 0
12 79806 13197 1 2 0
12 79806 13197 2 3 0
12 79806 21765 0 1 0
12 79806 21765 1 2 0
12 79806 21765 2 3 0
12 79806 22437 0 1 0
12 79806 22437 1 2 0
12 79806 22437 2 3 0
12 79806 23287 0 3 0
12 79806 23287 1 4 0
12 79806 23287 2 1 0
12 79806 20295 0 3 0
12 79806 20295 1 4 0
12 79806 20295 2 1 0
12 79806 3239 0 3 0
12 79806 3239 1 4 0
12 79806 3239 2 1 0
12 79806 14637 0 1 0
12 79806 14637 1 2 0
12 79806 14637 2 3 0
12 79806 6465 0 1 0
12 79806 6465 1 2 0
12 79806 6465 2 3 0
12 79806 27555 0 3 0
12 79806 27555 1 4 0
12 79806 27555 2 1 0
12 79806 6217 0 1 0
12 79806 6217 1 2 0
12 79806 6217 2 3 0
12 79806 1321 0 1 0
12 79806 1321 1 2 0
12 79806 1321 2 3 0
12 79806 23035 0 3 0
12 79806 23035 1 4 0
12 79806 23035 2 1 0
12 79806 13887 0 3 0
12 79806 13887 1 4 0
12 79806 13887 2 1 0
12 79806 9579 0 3 0
12 79806 9579 1 4 0
12 79806 9579 2 1 0
12 79806 277 0 1 0
12 79806 277 1 2 0
12 79806 277 2 3 0
12 79806 5635 0 3 0
12 79806 5635 1 4 0
12 79806 5635 2 1 0
12 79806 32053 0 1 0
12 79806 32053 1 2 0
12 79806 32053 2 3 0
12 79806 9601 0 1 0
12 79806 9601 1 2 0
12 79806 9601 2 3 0
12 79806 7677 0 1 0
12 79806 7677 1 2 0
12 79806 7677 2 3 0
12 79806 24315 0 3 0
12 79806 24315 1 4 0
12 79806 24315 2 1 0
12 79806 21741 0 1 0
12 79806 21741 1 2 0
12 79806 21741 2 3 0
12 79806 2891 0 3 0
12 79806 2891 1 4 0
12 79806 2891 2 1 0
12 79806 8929 0 1 0
12 79806 8929 1 2 0
12 79806 8929 2 3 0
12 79806 19919 0 3 0
12 79806 19919 1 4 0
12 79806 19919 2 1 0
12 79806 19669 0 1 0
12 79806 19669 1 2 0
12 79806 19669 2 3 0
12 79806 8659 0 3 0
12 79806 8659 1 4 0
12 79806 8659 2 1 0
12 79806 2585 0 1 0
12 79806 2585 1 2 0
12 79806 2585 2 3 0
12 79806 13043 0 3 0
12 79806 13043 1 4 0
12 79806 13043 2 1 0
12 79806 15021 0 1 0
12 79806 15021 1 2 0
12 79806 15021 2 3 0
12 79806 15129 0 1 0
12 79806 15129 1 2 0
12 79806 15129 2 3 0
12 79806 9479 0 3 0
12 79806 9479 1 4 0
12 79806 9479 2 1 0
12 79806 32471 0 3 0
12 79806 32471 1 4 0
12 79806 32471 2 1 0
12 79806 16087 0 3 0
12 79806 16087 1 4 0
12 79806 16087 2 1 0
12 79806 4159 0 3 0
12 79806 4159 1 4 0
12 79806 4159 2 1 0
12 79806 20373 0 1 0
12 79806 20373 1 2 0
12 79806 20373 2 3 0
12 79806 28343 0 3 0
12 79806 28343 1 4 0
12 79806 28343 2 1 0
12 79806 16829 0 1 0
12 79806 16829 1 2 0
12 79806 16829 2 3 0
12 79806 2971 0 3 0
12 79806 2971 1 4 0
12 79806 2971 2 1 0
12 79806 15613 0 1 0
12 79806 15613 1 2 0
12 79806 15613 2 3 0
12 79806 5515 0 3 0
12 79806 5515 1 4 0
12 79806 5515 2 1 0
12 79806 18305 0 1 0
12 79806 18305 1 2 0
12 79806 18305 2 3 0
12 79806 16141 0 1 0
12 79806 16141 1 2 0
12 79806 16141 2 3 0
12 79806 31809 0 1 0
12 79806 31809 1 2 0
12 79806 31809 2 3 0
12 79806 23039 0 3 0
12 79806 23039 1 4 0
12 79806 23039 2 1 0
12 79806 26593 0 1 0
12 79806 26593 1 2 0
12 79806 26593 2 3 0
12 79806 24589 0 1 0
12 79806 24589 1 2 0
12 79806 24589 2 3 0
12 79806 28103 0 3 0
12 79806 28103 1 4 0
12 79806 28103 2 1 0
12 79806 5225 0 1 0
12 79806 5225 1 2 0
12 79806 5225 2 3 0
12 79806 29481 0 1 0
12 79806 29481 1 2 0
12 79806 29481 2 3 0
12 79806 24497 0 1 0
12 79806 24497 1 2 0
12 79806 24497 2 3 0
12 79806 4509 0 1 0
12 79806 4509 1 2 0
12 79806 4509 2 3 0
12 79806 15629 0 1 0
12 79806 15629 1 2 0
12 79806 15629 2 3 0
12 79806 8627 0 3 0
12 79806 8627 1 4 0
12 79806 8627 2 1 0
12 79806 27665 0 1 0
12 79806 27665 1 2 0
12 79806 27665 2 3 0
12 79806 12097 0 1 0
12 79806 12097 1 2 0
12 79806 12097 2 3 0
12 79806 10795 0 3 0
12 79806 10795 1 4 0
12 79806 10795 2 1 0
12 79806 29829 0 1 0
12 79806 29829 1 2 0
12 79806 29829 2 3 0
12 79806 1943 0 3 0
12 79806 1943 1 4 0
12 79806 1943 2 1 0
12 79806 9401 0 1 0
12 79806 9401 1 2 0
12 79806 9401 2 3 0
12 79806 28239 0 3 0
12 79806 28239 1 4 0
12 79806 28239 2 1 0
12 79806 13363 0 3 0
12 79806 13363 1 4 0
12 79806 13363 2 1 0
12 79806 20565 0 1 0
12 79806 20565 1 2 0
12 79806 20565 2 3 0
12 79806 18419 0 3 0
12 79806 18419 1 4 0
12 79806 18419 2 1 0
12 79806 13915 0 3 0
12 79806 13915 1 4 0
12 79806 13915 2 1 0
12 79806 26729 0 1 0
12 79806 26729 1 2 0
12 79806 26729 2 3 0
12 79806 31495 0 3 0
12 79806 31495 1 4 0
12 79806 31495 2 1 0
12 79806 23001 0 1 0
12 79806 23001 1 2 0
12 79806 23001 2 3 0
12 79806 11805 0 1 0
12 79806 11805 1 2 0
12 79806 11805 2 3 0
12 79806 16539 0 3 0
12 79806 16539 1 4 0
12 79806 16539 2 1 0
12 79806 27199 0 3 0
12 79806 27199 1 4 0
12 79806 27199 2 1 0
12 79806 14793 0 1 0
12 79806 14793 1 2 0
12 79806 14793 2 3 0
12 79806 30433 0 1 0
12 79806 30433 1 2 0
12 79806 30433 2 3 0
12 79806 11959 0 3 0
12 79806 11959 1 4 0
12 79806 11959 2 1 0
12 79806 24051 0 3 0
12 79806 24051 1 4 0
12 79806 24051 2 1 0
12 79806 5995 0 3 0
12 79806 5995 1 4 0
12 79806 5995 2 1 0
12 79806 2273 0 1 0
12 79806 2273 1 2 0
12 79806 2273 2 3 0
12 79806 10495 0 3 0
12 79806 10495 1 4 0
12 79806 10495 2 1 0
12 79806 23305 0 1 0
12 79806 23305 1 2 0
12 79806 23305 2 3 0
12 79806 7673 0 1 0
12 79806 7673 1 2 0
12 79806 7673 2 3 0
12 79806 1047 0 3 0
12 79806 1047 1 4 0
12 79806 1047 2 1 0
12 79806 31411 0 3 0
12 79806 31411 1 4 0
12 79806 31411 2 1 0
12 79806 1495 0 3 0
12 79806 1495 1 4 0
12 79806 1495 2 1 0
12 79806 22199 0 3 0
12 79806 22199 1 4 0
12 79806 22199 2 1 0
12 79806 32591 0 3 0
12 79806 32591 1 4 0
12 79806 32591 2 1 0
12 79806 1873 0 1 0
12 79806 1873 1 2 0
12 79806 1873 2 3 0
12 79806 13787 0 3 0
12 79806 13787 1 4 0
12 79806 13787 2 1 0
12 79806 3393 0 1 0
12 79806 3393 1 2 0
12 79806 3393 2 3 0
12 79806 2435 0 3 0
12 79806 2435 1 4 0
12 79806 2435 2 1 0
12 79806 4523 0 3 0
12 79806 4523 1 4 0
12 79806 4523 2 1 0
12 79806 12309 0 1 0
12 79806 12309 1 2 0
12 79806 12309 2 3 0
12 79806 20561 0 1 0
12 79806 20561 1 2 0
12 79806 20561 2 3 0
12 79806 27755 0 3 0
12 79806 27755 1 4 0
12 79806 27755 2 1 0
12 79806 15201 0 1 0
12 79806 15201 1 2 0
12 79806 15201 2 3 0
12 79806 93 0 1 0
12 79806 93 1 2 0
12 79806 93 2 3 0
12 79806 25463 0 3 0
12 79806 25463 1 4 0
12 79806 25463 2 1 0
12 79806 14421 0 1 0
12 79806 14421 1 2 0
12 79806 14421 2 3 0
12 79806 6761 0 1 0
12 79806 6761 1 2 0
12 79806 6761 2 3 0
12 79806 30877 0 1 0
12 79806 30877 1 2 0
12 79806 30877 2 3 0
12 79806 32599 0 3 0
12 79806 32599 1 4 0
12 79806 32599 2 1 0
12 79806 16937 0 1 0
12 79806 16937 1 2 0
12 79806 16937 2 3 0
12 79806 1413 0 1 0
12 79806 1413 1 2 0
12 79806 1413 2 3 0
12 79806 15319 0 3 0
12 79806 15319 1 4 0
12 79806 15319 2 1 0
12 79806 15933 0 1 0
12 79806 15933 1 2 0
12 79806 15933 2 3 0
12 79806 18075 0 3 0
12 79806 18075 1 4 0
12 79806 18075 2 1 0
12 79806 3491 0 3 0
12 79806 3491 1 4 0
12 79806 3491 2 1 0
12 79806 11897 0 1 0
12 79806 11897 1 2 0
12 79806 11897 2 3 0
12 79806 26253 0 1 0
12 79806 26253 1 2 0
12 79806 26253 2 3 0
12 79806 7007 0 3 0
12 79806 7007 1 4 0
12 79806 7007 2 1 0
12 79806 9201 0 1 0
12 79806 9201 1 2 0
12 79806 9201 2 3 0
12 79806 22891 0 3 0
12 79806 22891 1 4 0
12 79806 22891 2 1 0
12 79806 27961 0 1 0
12 79806 27961 1 2 0
12 79806 27961 2 3 0
12 79806 21241 0 1 0
12 79806 21241 1 2 0
12 79806 21241 2 3 0
12 79806 27001 0 1 0
12 79806 27001 1 2 0
12 79806 27001 2 3 0
12 79806 29649 0 1 0
12 79806 29649 1 2 0
12 79806 29649 2 3 0
12 79806 21033 0 1 0
12 79806 21033 1 2 0
12 79806 21033 2 3 0
12 79806 17733 0 1 0
12 79806 17733 1 2 0
12 79806 17733 2 3 0
12 79806 22615 0 3 0
12 79806 22615 1 4 0
12 79806 22615 2 1 0
12 79806 14393 0 1 0
12 79806 14393 1 2 0
12 79806 14393 2 3 0
12 79806 10541 0 1 0
12 79806 10541 1 2 0
12 79806 10541 2 3 0
12 79806 23921 0 1 0
12 79806 23921 1 2 0
12 79806 23921 2 3 0
12 79806 2453 0 1 0
12 79806 2453 1 2 0
12 79806 2453 2 3 0
12 79806 7735 0 3 0
12 79806 7735 1 4 0
12 79806 7735 2 1 0
12 79806 26429 0 1 0
12 79806 26429 1 2 0
12 79806 26429 2 3 0
12 79806 11869 0 1 0
12 79806 11869 1 2 0
12 79806 11869 2 3 0
12 79806 5797 0 1 0
12 79806 5797 1 2 0
12 79806 5797 2 3 0
12 79806 24017 0 1 0
12 79806 24017 1 2 0
12 79806 24017 2 3 0
12 79806 7145 0 1 0
12 79806 7145 1 2 0
12 79806 7145 2 3 0
12 79806 16163 0 3 0
12 79806 16163 1 4 0
12 79806 16163 2 1 0
12 79806 8657 0 1 0
12 79806 8657 1 2 0
12 79806 8657 2 3 0
12 79806 29781 0 1 0
12 79806 29781 1 2 0
12 79806 29781 2 3 0
12 79806 11313 0 1 0
12 79806 11313 1 2 0
12 79806 11313 2 3 0
12 79806 32719 0 3 0
12 79806 32719 1 4 0
12 79806 32719 2 1 0
12 79806 19145 0 1 0
12 79806 19145 1 2 0
12 79806 19145 2 3 0
12 79806 1679 0 3 0
12 79806 1679 1 4 0
12 79806 1679 2 1 0
12 79806 25571 0 3 0
12 79806 25571 1 4 0
12 79806 25571 2 1 0
12 79806 2015 0 3 0
12 79806 2015 1 4 0
12 79806 2015 2 1 0
12 79806 26279 0 3 0
12 79806 26279 1 4 0
12 79806 26279 2 1 0
12 79806 30227 0 3 0
12 79806 30227 1 4 0
12 79806 30227 2 1 0
12 79806 8043 0 3 0
12 79806 8043 1 4 0
12 79806 8043 2 1 0
12 79806 1021 0 1 0
12 79806 1021 1 2 0
12 79806 1021 2 3 0
12 79806 21715 0 3 0
12 79806 21715 1 4 0
12 79806 21715 2 1 0
12 79806 12941 0 1 0
12 79806 12941 1 2 0
12 79806 12941 2 3 0
12 79806 195 0 3 0
12 79806 195 1 4 0
12 79806 195 2 1 0
12 79806 11527 0 3 0
12 79806 11527 1 4 0
12 79806 11527 2 1 0
12 79806 20399 0 3 0
12 79806 20399 1 4 0
12 79806 20399 2 1 0
12 79806 28677 0 1 0
12 79806 28677 1 2 0
12 79806 28677 2 3 0
12 79806 27733 0 1 0
12 79806 27733 1 2 0
12 79806 27733 2 3 0
12 79806 11517 0 1 0
12 79806 11517 1 2 0
12 79806 11517 2 3 0
12 79806 24663 0 3 0
12 79806 24663 1 4 0
12 79806 24663 2 1 0
12 79806 373 0 1 0
12 79806 373 1 2 0
12 79806 373 2 3 0
12 79806 10699 0 3 0
12 79806 10699 1 4 0
12 79806 10699 2 1 0
12 79806 29469 0 1 0
12 79806 29469 1 2 0
12 79806 29469 2 3 0
12 79806 14385 0 1 0
12 79806 14385 1 2 0
12 79806 14385 2 3 0
12 79806 3595 0 3 0
12 79806 3595 1 4 0
12 79806 3595 2 1 0
12 79806 15283 0 3 0
12 79806 15283 1 4 0
12 79806 15283 2 1 0
12 79806 6131 0 3 0
12 79806 6131 1 4 0
12 79806 6131 2 1 0
12 79806 12743 0 3 0
12 79806 12743 1 4 0
12 79806 12743 2 1 0
12 79806 2201 0 1 0
12 79806 2201 1 2 0
12 79806 2201 2 3 0
12 79806 3099 0 3 0
12 79806 3099 1 4 0
12 79806 3099 2 1 0
12 79806 19761 0 1 0
12 79806 19761 1 2 0
12 79806 19761 2 3 0
12 79806 32663 0 3 0
12 79806 32663 1 4 0
12 79806 32663 2 1 0
12 79806 28699 0 3 0
12 79806 28699 1 4 0
12 79806 28699 2 1 0
12 79806 32223 0 3 0
12 79806 32223 1 4 0
12 79806 32223 2 1 0
12 79806 2227 0 3 0
12 79806 2227 1 4 0
12 79806 2227 2 1 0
12 79806 4729 0 1 0
12 79806 4729 1 2 0
12 79806 4729 2 3 0
12 79806 31175 0 3 0
12 79806 31175 1 4 0
12 79806 31175 2 1 0
12 79806 31917 0 1 0
12 79806 31917 1 2 0
12 79806 31917 2 3 0
12 79806 2831 0 3 0
12 79806 2831 1 4 0
12 79806 2831 2 1 0
12 79806 3555 0 3 0
12 79806 3555 1 4 0
12 79806 3555 2 1 0
12 79806 31483 0 3 0
12 79806 31483 1 4 0
12 79806 31483 2 1 0
12 79806 23439 0 3 0
12 79806 23439 1 4 0
12 79806 23439 2 1 0
12 79806 21609 0 1 0
12 79806 21609 1 2 0
12 79806 21609 2 3 0
12 79806 5047 0 3 0
12 79806 5047 1 4 0
12 79806 5047 2 1 0
12 79806 28839 0 3 0
12 79806 28839 1 4 0
12 79806 28839 2 1 0
12 79806 12835 0 3 0
12 79806 12835 1 4 0
12 79806 12835 2 1 0
12 79806 3215 0 3 0
12 79806 3215 1 4 0
12 79806 3215 2 1 0
12 79806 19597 0 1 0
12 79806 19597 1 2 0
12 79806 19597 2 3 0
12 79806 29955 0 3 0
12 79806 29955 1 4 0
12 79806 29955 2 1 0
12 79806 23289 0 1 0
12 79806 23289 1 2 0
12 79806 23289 2 3 0
12 79806 21983 0 3 0
12 79806 21983 1 4 0
12 79806 21983 2 1 0
12 79806 20539 0 3 0
12 79806 20539 1 4 0
12 79806 20539 2 1 0
12 79806 18867 0 3 0
12 79806 18867 1 4 0
12 79806 18867 2 1 0
12 79806 10869 0 1 0
12 79806 10869 1 2 0
12 79806 10869 2 3 0
12 79806 31791 0 3 0
12 79806 31791 1 4 0
12 79806 31791 2 1 0
12 79806 29521 0 1 0
12 79806 29521 1 2 0
12 79806 29521 2 3 0
12 79806 31567 0 3 0
12 79806 31567 1 4 0
12 79806 31567 2 1 0
12 79806 31251 0 3 0
12 79806 31251 1 4 0
12 79806 31251 2 1 0
12 79806 10335 0 3 0
12 79806 10335 1 4 0
12 79806 10335 2 1 0
12 79806 2229 0 1 0
12 79806 2229 1 2 0
12 79806 2229 2 3 0
12 79806 20685 0 1 0
12 79806 20685 1 2 0
12 79806 20685 2 3 0
12 79806 1005 0 1 0
12 79806 1005 1 2 0
12 79806 1005 2 3 0
12 79806 15477 0 1 0
12 79806 15477 1 2 0
12 79806 15477 2 3 0
12 79806 31343 0 3 0
12 79806 31343 1 4 0
12 79806 31343 2 1 0
12 79806 7055 0 3 0
12 79806 7055 1 4 0
12 79806 7055 2 1 0
12 79806 20039 0 3 0
12 79806 20039 1 4 0
12 79806 20039 2 1 0
12 79806 7045 0 1 0
12 79806 7045 1 2 0
12 79806 7045 2 3 0
12 79806 11665 0 1 0
12 79806 11665 1 2 0
12 79806 11665 2 3 0
12 79806 17109 0 1 0
12 79806 17109 1 2 0
12 79806 17109 2 3 0
12 79806 29815 0 3 0
12 79806 29815 1 4 0
12 79806 29815 2 1 0
12 79806 16481 0 1 0
12 79806 16481 1 2 0
12 79806 16481 2 3 0
12 79806 235 0 3 0
12 79806 235 1 4 0
12 79806 235 2 1 0
12 79806 15827 0 3 0
12 79806 15827 1 4 0
12 79806 15827 2 1 0
12 79806 19057 0 1 0
12 79806 19057 1 2 0
12 79806 19057 2 3 0
12 79806 2841 0 1 0
12 79806 2841 1 2 0
12 79806 2841 2 3 0
12 79806 26355 0 3 0
12 79806 26355 1 4 0
12 79806 26355 2 1 0
12 79806 11585 0 1 0
12 79806 11585 1 2 0
12 79806 11585 2 3 0
12 79806 7563 0 3 0
12 79806 7563 1 4 0
12 79806 7563 2 1 0
12 79806 23227 0 3 0
12 79806 23227 1 4 0
12 79806 23227 2 1 0
12 79806 24373 0 1 0
12 79806 24373 1 2 0
12 79806 24373 2 3 0
12 79806 29229 0 1 0
12 79806 29229 1 2 0
12 79806 29229 2 3 0
12 79806 4743 0 3 0
12 79806 4743 1 4 0
12 79806 4743 2 1 0
12 79806 32289 0 1 0
12 79806 32289 1 2 0
12 79806 32289 2 3 0
12 79806 27883 0 3 0
12 79806 27883 1 4 0
12 79806 27883 2 1 0
12 79806 4829 0 1 0
12 79806 4829 1 2 0
12 79806 4829 2 3 0
12 79806 15475 0 3 0
12 79806 15475 1 4 0
12 79806 15475 2 1 0
12 79806 12579 0 3 0
12 79806 12579 1 4 0
12 79806 12579 2 1 0
12 79806 21711 0 3 0
12 79806 21711 1 4 0
12 79806 21711 2 1 0
12 79806 7525 0 1 0
12 79806 7525 1 2 0
12 79806 7525 2 3 0
12 79806 14969 0 1 0
12 79806 14969 1 2 0
12 79806 14969 2 3 0
12 79806 18093 0 1 0
12 79806 18093 1 2 0
12 79806 18093 2 3 0
12 79806 2207 0 3 0
12 79806 2207 1 4 0
12 79806 2207 2 1 0
12 79806 26787 0 3 0
12 79806 26787 1 4 0
12 79806 26787 2 1 0
12 79806 26345 0 1 0
12 79806 26345 1 2 0
12 79806 26345 2 3 0
12 79806 2259 0 3 0
12 79806 2259 1 4 0
12 79806 2259 2 1 0
12 79806 18859 0 3 0
12 79806 18859 1 4 0
12 79806 18859 2 1 0
12 79806 2531 0 3 0
12 79806 2531 1 4 0
12 79806 2531 2 1 0
12 79806 4773 0 1 0
12 79806 4773 1 2 0
12 79806 4773 2 3 0
12 79806 6995 0 3 0
12 79806 6995 1 4 0
12 79806 6995 2 1 0
12 79806 31577 0 1 0
12 79806 31577 1 2 0
12 79806 31577 2 3 0
12 79806 12751 0 3 0
12 79806 12751 1 4 0
12 79806 12751 2 1 0
12 79806 26067 0 3 0
12 79806 26067 1 4 0
12 79806 26067 2 1 0
12 79806 1041 0 1 0
12 79806 1041 1 2 0
12 79806 1041 2 3 0
12 79806 30041 0 1 0
12 79806 30041 1 2 0
12 79806 30041 2 3 0
12 79806 26669 0 1 0
12 79806 26669 1 2 0
12 79806 26669 2 3 0
12 79806 12687 0 3 0
12 79806 12687 1 4 0
12 79806 12687 2 1 0
12 79806 18971 0 3 0
12 79806 18971 1 4 0
12 79806 18971 2 1 0
12 79806 27277 0 1 0
12 79806 27277 1 2 0
12 79806 27277 2 3 0
12 79806 10213 0 1 0
12 79806 10213 1 2 0
12 79806 10213 2 3 0
12 79806 1523 0 3 0
12 79806 1523 1 4 0
12 79806 1523 2 1 0
12 79806 18597 0 1 0
12 79806 18597 1 2 0
12 79806 18597 2 3 0
12 79806 27497 0 1 0
12 79806 27497 1 2 0
12 79806 27497 2 3 0
12 79806 6577 0 1 0
12 79806 6577 1 2 0
12 79806 6577 2 3 0
12 79806 9215 0 3 0
12 79806 9215 1 4 0
12 79806 9215 2 1 0
12 79806 26485 0 1 0
12 79806 26485 1 2 0
12 79806 26485 2 3 0
12 79806 4617 0 1 0
12 79806 4617 1 2 0
12 79806 4617 2 3 0
12 79806 28983 0 3 0
12 79806 28983 1 4 0
12 79806 28983 2 1 0
12 79806 4669 0 1 0
12 79806 4669 1 2 0
12 79806 4669 2 3 0
12 79806 2519 0 3 0
12 79806 2519 1 4 0
12 79806 2519 2 1 0
12 79806 21603 0 3 0
12 79806 21603 1 4 0
12 79806 21603 2 1 0
12 79806 2535 0 3 0
12 79806 2535 1 4 0
12 79806 2535 2 1 0
12 79806 7227 0 3 0
12 79806 7227 1 4 0
12 79806 7227 2 1 0
12 79806 31117 0 1 0
12 79806 31117 1 2 0
12 79806 31117 2 3 0
12 79806 13873 0 1 0
12 79806 13873 1 2 0
12 79806 13873 2 3 0
12 79806 20261 0 1 0
12 79806 20261 1 2 0
12 79806 20261 2 3 0
12 79806 27631 0 3 0
12 79806 27631 1 4 0
12 79806 27631 2 1 0
12 79806 5785 0 1 0
12 79806 5785 1 2 0
12 79806 5785 2 3 0
12 79806 29903 0 3 0
12 79806 29903 1 4 0
12 79806 29903 2 1 0
12 79806 20091 0 3 0
12 79806 20091 1 4 0
12 79806 20091 2 1 0
12 79806 29059 0 3 0
12 79806 29059 1 4 0
12 79806 29059 2 1 0
12 79806 7151 0 3 0
12 79806 7151 1 4 0
12 79806 7151 2 1 0
12 79806 31647 0 3 0
12 79806 31647 1 4 0
12 79806 31647 2 1 0
12 79806 32475 0 3 0
12 79806 32475 1 4 0
12 79806 32475 2 1 0
12 79806 1583 0 3 0
12 79806 1583 1 4 0
12 79806 1583 2 1 0
12 79806 10259 0 3 0
12 79806 10259 1 4 0
12 79806 10259 2 1 0
12 79806 1693 0 1 0
12 79806 1693 1 2 0
12 79806 1693 2 3 0
12 79806 22429 0 1 0
12 79806 22429 1 2 0
12 79806 22429 2 3 0
12 79806 14705 0 1 0
12 79806 14705 1 2 0
12 79806 14705 2 3 0
12 79806 7473 0 1 0
12 79806 7473 1 2 0
12 79806 7473 2 3 0
12 79806 16265 0 1 0
12 79806 16265 1 2 0
12 79806 16265 2 3 0
12 79806 26049 0 1 0
12 79806 26049 1 2 0
12 79806 26049 2 3 0
12 79806 32121 0 1 0
12 79806 32121 1 2 0
12 79806 32121 2 3 0
12 79806 487 0 3 0
12 79806 487 1 4 0
12 79806 487 2 1 0
12 79806 13279 0 3 0
12 79806 13279 1 4 0
12 79806 13279 2 1 0
12 79806 11327 0 3 0
12 79806 11327 1 4 0
12 79806 11327 2 1 0
12 79806 16695 0 3 0
12 79806 16695 1 4 0
12 79806 16695 2 1 0
12 79806 9019 0 3 0
12 79806 9019 1 4 0
12 79806 9019 2 1 0
12 79806 24705 0 1 0
12 79806 24705 1 2 0
12 79806 24705 2 3 0
12 79806 963 0 3 0
12 79806 963 1 4 0
12 79806 963 2 1 0
12 79806 8645 0 1 0
12 79806 8645 1 2 0
12 79806 8645 2 3 0
12 79806 22069 0 1 0
12 79806 22069 1 2 0
12 79806 22069 2 3 0
12 79806 7093 0 1 0
12 79806 7093 1 2 0
12 79806 7093 2 3 0
12 79806 16525 0 1 0
12 79806 16525 1 2 0
12 79806 16525 2 3 0
12 79806 23489 0 1 0
12 79806 23489 1 2 0
12 79806 23489 2 3 0
12 79806 30063 0 3 0
12 79806 30063 1 4 0
12 79806 30063 2 1 0
12 79806 15599 0 3 0
12 79806 15599 1 4 0
12 79806 15599 2 1 0
12 79806 361 0 1 0
12 79806 361 1 2 0
12 79806 361 2 3 0
12 79806 6677 0 1 0
12 79806 6677 1 2 0
12 79806 6677 2 3 0
12 79806 2099 0 3 0
12 79806 2099 1 4 0
12 79806 2099 2 1 0
12 79806 3365 0 1 0
12 79806 3365 1 2 0
12 79806 3365 2 3 0
12 79806 1037 0 1 0
12 79806 1037 1 2 0
12 79806 1037 2 3 0
12 79806 23807 0 3 0
12 79806 23807 1 4 0
12 79806 23807 2 1 0
12 79806 26951 0 3 0
12 79806 26951 1 4 0
12 79806 26951 2 1 0
12 79806 9057 0 1 0
12 79806 9057 1 2 0
12 79806 9057 2 3 0
12 79806 8885 0 1 0
12 79806 8885 1 2 0
12 79806 8885 2 3 0
12 79806 715 0 3 0
12 79806 715 1 4 0
12 79806 715 2 1 0
12 79806 13009 0 1 0
12 79806 13009 1 2 0
12 79806 13009 2 3 0
12 79806 29899 0 3 0
12 79806 29899 1 4 0
12 79806 29899 2 1 0
12 79806 16473 0 1 0
12 79806 16473 1 2 0
12 79806 16473 2 3 0
12 79806 1771 0 3 0
12 79806 1771 1 4 0
12 79806 1771 2 1 0
12 79806 4375 0 3 0
12 79806 4375 1 4 0
12 79806 4375 2 1 0
12 79806 5219 0 3 0
12 79806 5219 1 4 0
12 79806 5219 2 1 0
12 79806 3733 0 1 0
12 79806 3733 1 2 0
12 79806 3733 2 3 0
12 79806 20531 0 3 0
12 79806 20531 1 4 0
12 79806 20531 2 1 0
12 79806 14763 0 3 0
12 79806 14763 1 4 0
12 79806 14763 2 1 0
12 79806 19195 0 3 0
12 79806 19195 1 4 0
12 79806 19195 2 1 0
12 79806 20719 0 3 0
12 79806 20719 1 4 0
12 79806 20719 2 1 0
12 79806 26841 0 1 0
12 79806 26841 1 2 0
12 79806 26841 2 3 0
12 79806 20987 0 3 0
12 79806 20987 1 4 0
12 79806 20987 2 1 0
12 79806 26401 0 1 0
12 79806 26401 1 2 0
12 79806 26401 2 3 0
12 79806 29749 0 1 0
12 79806 29749 1 2 0
12 79806 29749 2 3 0
12 79806 5731 0 3 0
12 79806 5731 1 4 0
12 79806 5731 2 1 0
12 79806 2221 0 1 0
12 79806 2221 1 2 0
12 79806 2221 2 3 0
12 79806 2485 0 1 0
12 79806 2485 1 2 0
12 79806 2485 2 3 0
12 79806 13339 0 3 0
12 79806 13339 1 4 0
12 79806 13339 2 1 0
12 79806 24207 0 3 0
12 79806 24207 1 4 0
12 79806 24207 2 1 0
12 79806 31523 0 3 0
12 79806 31523 1 4 0
12 79806 31523 2 1 0
12 79806 3003 0 3 0
12 79806 3003 1 4 0
12 79806 3003 2 1 0
12 79806 555 0 3 0
12 79806 555 1 4 0
12 79806 555 2 1 0
12 79806 29947 0 3 0
12 79806 29947 1 4 0
12 79806 29947 2 1 0
12 79806 14681 0 1 0
12 79806 14681 1 2 0
12 79806 14681 2 3 0
12 79806 7971 0 3 0
12 79806 7971 1 4 0
12 79806 7971 2 1 0
12 79806 3355 0 3 0
12 79806 3355 1 4 0
12 79806 3355 2 1 0
12 79806 2209 0 1 0
12 79806 2209 1 2 0
12 79806 2209 2 3 0
12 79806 6785 0 1 0
12 79806 6785 1 2 0
12 79806 6785 2 3 0
12 79806 30933 0 1 0
12 79806 30933 1 2 0
12 79806 30933 2 3 0
12 79806 25375 0 3 0
12 79806 25375 1 4 0
12 79806 25375 2 1 0
12 79806 10499 0 3 0
12 79806 10499 1 4 0
12 79806 10499 2 1 0
12 79806 25561 0 1 0
12 79806 25561 1 2 0
12 79806 25561 2 3 0
12 79806 32165 0 1 0
12 79806 32165 1 2 0
12 79806 32165 2 3 0
12 79806 31989 0 1 0
12 79806 31989 1 2 0
12 79806 31989 2 3 0
12 79806 25611 0 3 0
12 79806 25611 1 4 0
12 79806 25611 2 1 0
12 79806 23333 0 1 0
12 79806 23333 1 2 0
12 79806 23333 2 3 0
12 79806 16013 0 1 0
12 79806 16013 1 2 0
12 79806 16013 2 3 0
12 79806 1739 0 3 0
12 79806 1739 1 4 0
12 79806 1739 2 1 0
12 79806 4863 0 3 0
12 79806 4863 1 4 0
12 79806 4863 2 1 0
12 79806 543 0 3 0
12 79806 543 1 4 0
12 79806 543 2 1 0
12 79806 18617 0 1 0
12 79806 18617 1 2 0
12 79806 18617 2 3 0
12 79806 15259 0 3 0
12 79806 15259 1 4 0
12 79806 15259 2 1 0
12 79806 20731 0 3 0
12 79806 20731 1 4 0
12 79806 20731 2 1 0
12 79806 12227 0 3 0
12 79806 12227 1 4 0
12 79806 12227 2 1 0
12 79806 9759 0 3 0
12 79806 9759 1 4 0
12 79806 9759 2 1 0
12 79806 25497 0 1 0
12 79806 25497 1 2 0
12 79806 25497 2 3 0
12 79806 21707 0 3 0
12 79806 21707 1 4 0
12 79806 21707 2 1 0
12 79806 26443 0 3 0
12 79806 26443 1 4 0
12 79806 26443 2 1 0
12 79806 19457 0 1 0
12 79806 19457 1 2 0
12 79806 19457 2 3 0
12 79806 18003 0 3 0
12 79806 18003 1 4 0
12 79806 18003 2 1 0
12 79806 15537 0 1 0
12 79806 15537 1 2 0
12 79806 15537 2 3 0
12 79806 31031 0 3 0
12 79806 31031 1 4 0
12 79806 31031 2 1 0
12 79806 18037 0 1 0
12 79806 18037 1 2 0
12 79806 18037 2 3 0
12 79806 1349 0 1 0
12 79806 1349 1 2 0
12 79806 1349 2 3 0
12 79806 1301 0 1 0
12 79806 1301 1 2 0
12 79806 1301 2 3 0
12 79806 27887 0 3 0
12 79806 27887 1 4 0
12 79806 27887 2 1 0
12 79806 29559 0 3 0
12 79806 29559 1 4 0
12 79806 29559 2 1 0
12 79806 20409 0 1 0
12 79806 20409 1 2 0
12 79806 20409 2 3 0
12 79806 22409 0 1 0
12 79806 22409 1 2 0
12 79806 22409 2 3 0
12 79806 12207 0 3 0
12 79806 12207 1 4 0
12 79806 12207 2 1 0
12 79806 9907 0 3 0
12 79806 9907 1 4 0
12 79806 9907 2 1 0
12 79806 16375 0 3 0
12 79806 16375 1 4 0
12 79806 16375 2 1 0
12 79806 16971 0 3 0
12 79806 16971 1 4 0
12 79806 16971 2 1 0
12 79806 27895 0 3 0
12 79806 27895 1 4 0
12 79806 27895 2 1 0
12 79806 6201 0 1 0
12 79806 6201 1 2 0
12 79806 6201 2 3 0
12 79806 1345 0 1 0
12 79806 1345 1 2 0
12 79806 1345 2 3 0
12 79806 7539 0 3 0
12 79806 7539 1 4 0
12 79806 7539 2 1 0
12 79806 28115 0 3 0
12 79806 28115 1 4 0
12 79806 28115 2 1 0
12 79806 2295 0 3 0
12 79806 2295 1 4 0
12 79806 2295 2 1 0
12 79806 21795 0 3 0
12 79806 21795 1 4 0
12 79806 21795 2 1 0
13 79806 12099 0 3 0
13 79806 12099 1 4 0
13 79806 12099 2 1 0
13 79806 24215 0 3 0
13 79806 24215 1 4 0
13 79806 24215 2 1 0
13 79806 14259 0 3 0
13 79806 14259 1 4 0
13 79806 14259 2 1 0
13 79806 10841 0 1 0
13 79806 10841 1 2 0
13 79806 10841 2 3 0
13 79806 13403 0 3 0
13 79806 13403 1 4 0
13 79806 13403 2 1 0
13 79806 19885 0 1 0
13 79806 19885 1 2 0
13 79806 19885 2 3 0
13 79806 6819 0 3 0
13 79806 6819 1 4 0
13 79806 6819 2 1 0
13 79806 25621 0 1 0
13 79806 25621 1 2 0
13 79806 25621 2 3 0
13 79806 22739 0 3 0
13 79806 22739 1 4 0
13 79806 22739 2 1 0
13 79806 28553 0 1 0
13 79806 28553 1 2 0
13 79806 28553 2 3 0
13 79806 31991 0 3 0
13 79806 31991 1 4 0
13 79806 31991 2 1 0
13 79806 13995 0 3 0
13 79806 13995 1 4 0
13 79806 13995 2 1 0
13 79806 14915 0 3 0
13 79806 14915 1 4 0
13 79806 14915 2 1 0
13 79806 12545 0 1 0
13 79806 12545 1 2 0
13 79806 12545 2 3 0
13 79806 9921 0 1 0
13 79806 9921 1 2 0
13 79806 9921 2 3 0
13 79806 13853 0 1 0
13 79806 13853 1 2 0
13 79806 13853 2 3 0
13 79806 26101 0 1 0
13 79806 26101 1 2 0
13 79806 26101 2 3 0
13 79806 7669 0 1 0
13 79806 7669 1 2 0
13 79806 7669 2 3 0
13 79806 30447 0 3 0
13 79806 30447 1 4 0
13 79806 30447 2 1 0
13 79806 6471 0 3 0
13 79806 6471 1 4 0
13 79806 6471 2 1 0
13 79806 31155 0 3 0
13 79806 31155 1 4 0
13 79806 31155 2 1 0
13 79806 17123 0 3 0
13 79806 17123 1 4 0
13 79806 17123 2 1 0
13 79806 3405 0 1 0
13 79806 3405 1 2 0
13 79806 3405 2 3 0
13 79806 13669 0 1 0
13 79806 13669 1 2 0
13 79806 13669 2 3 0
13 79806 30695 0 3 0
13 79806 30695 1 4 0
13 79806 30695 2 1 0
13 79806 31187 0 3 0
13 79806 31187 1 4 0
13 79806 31187 2 1 0
13 79806 3855 0 3 0
13 79806 3855 1 4 0
13 79806 3855 2 1 0
13 79806 23505 0 1 0
13 79806 23505 1 2 0
13 79806 23505 2 3 0
13 79806 28507 0 3 0
13 79806 28507 1 4 0
13 79806 28507 2 1 0
13 79806 14037 0 1 0
13 79806 14037 1 2 0
13 79806 14037 2 3 0
13 79806 15655 0 3 0
13 79806 15655 1 4 0
13 79806 15655 2 1 0
13 79806 26363 0 3 0
13 79806 26363 1 4 0
13 79806 26363 2 1 0
13 79806 12777 0 1 0
13 79806 12777 1 2 0
13 79806 12777 2 3 0
13 79806 10871 0 3 0
13 79806 10871 1 4 0
13 79806 10871 2 1 0
13 79806 27309 0 1 0
13 79806 27309 1 2 0
13 79806 27309 2 3 0
13 79806 15965 0 1 0
13 79806 15965 1 2 0
13 79806 15965 2 3 0
13 79806 1375 0 3 0
13 79806 1375 1 4 0
13 79806 1375 2 1 0
13 79806 12975 0 3 0
13 79806 12975 1 4 0
13 79806 12975 2 1 0
13 79806 1405 0 1 0
13 79806 1405 1 2 0
13 79806 1405 2 3 0
13 79806 30513 0 1 0
13 79806 30513 1 2 0
13 79806 30513 2 3 0
13 79806 6597 0 1 0
13 79806 6597 1 2 0
13 79806 6597 2 3 0
13 79806 19631 0 3 0
13 79806 19631 1 4 0
13 79806 19631 2 1 0
13 79806 12251 0 3 0
13 79806 12251 1 4 0
13 79806 12251 2 1 0
13 79806 393 0 1 0
13 79806 393 1 2 0
13 79806 393 2 3 0
13 79806 23325 0 1 0
13 79806 23325 1 2 0
13 79806 23325 2 3 0
13 79806 8721 0 1 0
13 79806 8721 1 2 0
13 79806 8721 2 3 0
13 79806 13791 0 3 0
13 79806 13791 1 4 0
13 79806 13791 2 1 0
13 79806 13017 0 1 0
13 79806 13017 1 2 0
13 79806 13017 2 3 0
13 79806 17829 0 1 0
13 79806 17829 1 2 0
13 79806 17829 2 3 0
13 79806 12847 0 3 0
13 79806 12847 1 4 0
13 79806 12847 2 1 0
13 79806 25989 0 1 0
13 79806 25989 1 2 0
13 79806 25989 2 3 0
13 79806 24909 0 1 0
13 79806 24909 1 2 0
13 79806 24909 2 3 0
13 79806 2263 0 3 0
13 79806 2263 1 4 0
13 79806 2263 2 1 0
13 79806 13281 0 1 0
13 79806 13281 1 2 0
13 79806 13281 2 3 0
13 79806 6221 0 1 0
13 79806 6221 1 2 0
13 79806 6221 2 3 0
13 79806 23235 0 3 0
13 79806 23235 1 4 0
13 79806 23235 2 1 0
13 79806 27123 0 3 0
13 79806 27123 1 4 0
13 79806 27123 2 1 0
13 79806 20443 0 3 0
13 79806 20443 1 4 0
13 79806 20443 2 1 0
13 79806 14327 0 3 0
13 79806 14327 1 4 0
13 79806 14327 2 1 0
13 79806 21807 0 3 0
13 79806 21807 1 4 0
13 79806 21807 2 1 0
13 79806 8971 0 3 0
13 79806 8971 1 4 0
13 79806 8971 2 1 0
13 79806 6695 0 3 0
13 79806 6695 1 4 0
13 79806 6695 2 1 0
13 79806 5519 0 3 0
13 79806 5519 1 4 0
13 79806 5519 2 1 0
13 79806 21045 0 1 0
13 79806 21045 1 2 0
13 79806 21045 2 3 0
13 79806 31631 0 3 0
13 79806 31631 1 4 0
13 79806 31631 2 1 0
13 79806 22965 0 1 0
13 79806 22965 1 2 0
13 79806 22965 2 3 0
13 79806 30279 0 3 0
13 79806 30279 1 4 0
13 79806 30279 2 1 0
13 79806 22383 0 3 0
13 79806 22383 1 4 0
13 79806 22383 2 1 0
13 79806 9671 0 3 0
13 79806 9671 1 4 0
13 79806 9671 2 1 0
13 79806 27687 0 3 0
13 79806 27687 1 4 0
13 79806 27687 2 1 0
13 79806 32077 0 1 0
13 79806 32077 1 2 0
13 79806 32077 2 3 0
13 79806 23905 0 1 0
13 79806 23905 1 2 0
13 79806 23905 2 3 0
13 79806 10383 0 3 0
13 79806 10383 1 4 0
13 79806 10383 2 1 0
13 79806 2837 0 1 0
13 79806 2837 1 2 0
13 79806 2837 2 3 0
13 79806 8495 0 3 0
13 79806 8495 1 4 0
13 79806 8495 2 1 0
13 79806 26637 0 1 0
13 79806 26637 1 2 0
13 79806 26637 2 3 0
13 79806 22905 0 1 0
13 79806 22905 1 2 0
13 79806 22905 2 3 0
13 79806 7421 0 1 0
13 79806 7421 1 2 0
13 79806 7421 2 3 0
13 79806 7761 0 1 0
13 79806 7761 1 2 0
13 79806 7761 2 3 0
13 79806 27045 0 1 0
13 79806 27045 1 2 0
13 79806 27045 2 3 0
13 79806 22549 0 1 0
13 79806 22549 1 2 0
13 79806 22549 2 3 0
13 79806 20773 0 1 0
13 79806 20773 1 2 0
13 79806 20773 2 3 0
13 79806 29895 0 3 0
13 79806 29895 1 4 0
13 79806 29895 2 1 0
13 79806 11545 0 1 0
13 79806 11545 1 2 0
13 79806 11545 2 3 0
13 79806 5449 0 1 0
13 79806 5449 1 2 0
13 79806 5449 2 3 0
13 79806 21917 0 1 0
13 79806 21917 1 2 0
13 79806 21917 2 3 0
13 79806 25831 0 3 0
13 79806 25831 1 4 0
13 79806 25831 2 1 0
13 79806 18629 0 1 0
13 79806 18629 1 2 0
13 79806 18629 2 3 0
13 79806 20985 0 1 0
13 79806 20985 1 2 0
13 79806 20985 2 3 0
13 79806 4235 0 3 0
13 79806 4235 1 4 0
13 79806 4235 2 1 0
13 79806 2247 0 3 0
13 79806 2247 1 4 0
13 79806 2247 2 1 0
13 79806 9229 0 1 0
13 79806 9229 1 2 0
13 79806 9229 2 3 0
13 79806 7829 0 1 0
13 79806 7829 1 2 0
13 79806 7829 2 3 0
13 79806 26045 0 1 0
13 79806 26045 1 2 0
13 79806 26045 2 3 0
13 79806 15915 0 3 0
13 79806 15915 1 4 0
13 79806 15915 2 1 0
13 79806 2497 0 1 0
13 79806 2497 1 2 0
13 79806 2497 2 3 0
13 79806 1967 0 3 0
13 79806 1967 1 4 0
13 79806 1967 2 1 0
13 79806 6871 0 3 0
13 79806 6871 1 4 0
13 79806 6871 2 1 0
13 79806 4835 0 3 0
13 79806 4835 1 4 0
13 79806 4835 2 1 0
13 79806 29809 0 1 0
13 79806 29809 1 2 0
13 79806 29809 2 3 0
13 79806 19907 0 3 0
13 79806 19907 1 4 0
13 79806 19907 2 1 0
13 79806 30539 0 3 0
13 79806 30539 1 4 0
13 79806 30539 2 1 0
13 79806 26471 0 3 0
13 79806 26471 1 4 0
13 79806 26471 2 1 0
13 79806 17567 0 3 0
13 79806 17567 1 4 0
13 79806 17567 2 1 0
13 79806 14403 0 3 0
13 79806 14403 1 4 0
13 79806 14403 2 1 0
13 79806 18965 0 1 0
13 79806 18965 1 2 0
13 79806 18965 2 3 0
13 79806 23731 0 3 0
13 79806 23731 1 4 0
13 79806 23731 2 1 0
13 79806 1543 0 3 0
13 79806 1543 1 4 0
13 79806 1543 2 1 0
13 79806 22753 0 1 0
13 79806 22753 1 2 0
13 79806 22753 2 3 0
13 79806 1799 0 3 0
13 79806 1799 1 4 0
13 79806 1799 2 1 0
13 79806 10475 0 3 0
13 79806 10475 1 4 0
13 79806 10475 2 1 0
13 79806 9973 0 1 0
13 79806 9973 1 2 0
13 79806 9973 2 3 0
13 79806 30763 0 3 0
13 79806 30763 1 4 0
13 79806 30763 2 1 0
13 79806 24783 0 3 0
13 79806 24783 1 4 0
13 79806 24783 2 1 0
13 79806 20117 0 1 0
13 79806 20117 1 2 0
13 79806 20117 2 3 0
13 79806 31867 0 3 0
13 79806 31867 1 4 0
13 79806 31867 2 1 0
13 79806 32417 0 1 0
13 79806 32417 1 2 0
13 79806 32417 2 3 0
13 79806 11877 0 1 0
13 79806 11877 1 2 0
13 79806 11877 2 3 0
13 79806 4429 0 1 0
13 79806 4429 1 2 0
13 79806 4429 2 3 0
13 79806 12487 0 3 0
13 79806 12487 1 4 0
13 79806 12487 2 1 0
13 79806 4805 0 1 0
13 79806 4805 1 2 0
13 79806 4805 2 3 0
13 79806 11243 0 3 0
13 79806 11243 1 4 0
13 79806 11243 2 1 0
13 79806 11055 0 3 0
13 79806 11055 1 4 0
13 79806 11055 2 1 0
13 79806 21009 0 1 0
13 79806 21009 1 2 0
13 79806 21009 2 3 0
13 79806 30247 0 3 0
13 79806 30247 1 4 0
13 79806 30247 2 1 0
13 79806 2219 0 3 0
13 79806 2219 1 4 0
13 79806 2219 2 1 0
13 79806 4913 0 1 0
13 79806 4913 1 2 0
13 79806 4913 2 3 0
13 79806 31457 0 1 0
13 79806 31457 1 2 0
13 79806 31457 2 3 0
13 79806 11231 0 3 0
13 79806 11231 1 4 0
13 79806 11231 2 1 0
13 79806 31765 0 1 0
13 79806 31765 1 2 0
13 79806 31765 2 3 0
13 79806 5309 0 1 0
13 79806 5309 1 2 0
13 79806 5309 2 3 0
13 79806 31321 0 1 0
13 79806 31321 1 2 0
13 79806 31321 2 3 0
13 79806 27607 0 3 0
13 79806 27607 1 4 0
13 79806 27607 2 1 0
13 79806 25177 0 1 0
13 79806 25177 1 2 0
13 79806 25177 2 3 0
13 79806 30783 0 3 0
13 79806 30783 1 4 0
13 79806 30783 2 1 0
13 79806 30381 0 1 0
13 79806 30381 1 2 0
13 79806 30381 2 3 0
13 79806 9359 0 3 0
13 79806 9359 1 4 0
13 79806 9359 2 1 0
13 79806 20273 0 1 0
13 79806 20273 1 2 0
13 79806 20273 2 3 0
13 79806 11817 0 1 0
13 79806 11817 1 2 0
13 79806 11817 2 3 0
13 79806 25737 0 1 0
13 79806 25737 1 2 0
13 79806 25737 2 3 0
13 79806 5049 0 1 0
13 79806 5049 1 2 0
13 79806 5049 2 3 0
13 79806 28093 0 1 0
13 79806 28093 1 2 0
13 79806 28093 2 3 0
13 79806 7095 0 3 0
13 79806 7095 1 4 0
13 79806 7095 2 1 0
13 79806 8759 0 3 0
13 79806 8759 1 4 0
13 79806 8759 2 1 0
13 79806 19897 0 1 0
13 79806 19897 1 2 0
13 79806 19897 2 3 0
13 79806 23869 0 1 0
13 79806 23869 1 2 0
13 79806 23869 2 3 0
13 79806 30423 0 3 0
13 79806 30423 1 4 0
13 79806 30423 2 1 0
13 79806 24549 0 1 0
13 79806 24549 1 2 0
13 79806 24549 2 3 0
13 79806 5457 0 1 0
13 79806 5457 1 2 0
13 79806 5457 2 3 0
13 79806 28491 0 3 0
13 79806 28491 1 4 0
13 79806 28491 2 1 0
13 79806 22601 0 1 0
13 79806 22601 1 2 0
13 79806 22601 2 3 0
13 79806 11673 0 1 0
13 79806 11673 1 2 0
13 79806 11673 2 3 0
13 79806 14973 0 1 0
13 79806 14973 1 2 0
13 79806 14973 2 3 0
13 79806 1069 0 1 0
13 79806 1069 1 2 0
13 79806 1069 2 3 0
13 79806 15261 0 1 0
13 79806 15261 1 2 0
13 79806 15261 2 3 0
13 79806 21491 0 3 0
13 79806 21491 1 4 0
13 79806 21491 2 1 0
13 79806 22571 0 3 0
13 79806 22571 1 4 0
13 79806 22571 2 1 0
13 79806 26247 0 3 0
13 79806 26247 1 4 0
13 79806 26247 2 1 0
13 79806 191 0 3 0
13 79806 191 1 4 0
13 79806 191 2 1 0
13 79806 15325 0 1 0
13 79806 15325 1 2 0
13 79806 15325 2 3 0
13 79806 12497 0 1 0
13 79806 12497 1 2 0
13 79806 12497 2 3 0
13 79806 11787 0 3 0
13 79806 11787 1 4 0
13 79806 11787 2 1 0
13 79806 28043 0 3 0
13 79806 28043 1 4 0
13 79806 28043 2 1 0
13 79806 19961 0 1 0
13 79806 19961 1 2 0
13 79806 19961 2 3 0
13 79806 23937 0 1 0
13 79806 23937 1 2 0
13 79806 23937 2 3 0
13 79806 3009 0 1 0
13 79806 3009 1 2 0
13 79806 3009 2 3 0
13 79806 21963 0 3 0
13 79806 21963 1 4 0
13 79806 21963 2 1 0
13 79806 26631 0 3 0
13 79806 26631 1 4 0
13 79806 26631 2 1 0
13 79806 8327 0 3 0
13 79806 8327 1 4 0
13 79806 8327 2 1 0
13 79806 25185 0 1 0
13 79806 25185 1 2 0
13 79806 25185 2 3 0
13 79806 13691 0 3 0
13 79806 13691 1 4 0
13 79806 13691 2 1 0
13 79806 29275 0 3 0
13 79806 29275 1 4 0
13 79806 29275 2 1 0
13 79806 9091 0 3 0
13 79806 9091 1 4 0
13 79806 9091 2 1 0
13 79806 3363 0 3 0
13 79806 3363 1 4 0
13 79806 3363 2 1 0
13 79806 24699 0 3 0
13 79806 24699 1 4 0
13 79806 24699 2 1 0
13 79806 28531 0 3 0
13 79806 28531 1 4 0
13 79806 28531 2 1 0
13 79806 26571 0 3 0
13 79806 26571 1 4 0
13 79806 26571 2 1 0
13 79806 27293 0 1 0
13 79806 27293 1 2 0
13 79806 27293 2 3 0
13 79806 29027 0 3 0
13 79806 29027 1 4 0
13 79806 29027 2 1 0
13 79806 5811 0 3 0
13 79806 5811 1 4 0
13 79806 5811 2 1 0
13 79806 26463 0 3 0
13 79806 26463 1 4 0
13 79806 26463 2 1 0
13 79806 19263 0 3 0
13 79806 19263 1 4 0
13 79806 19263 2 1 0
13 79806 19607 0 3 0
13 79806 19607 1 4 0
13 79806 19607 2 1 0
13 79806 19247 0 3 0
13 79806 19247 1 4 0
13 79806 19247 2 1 0
13 79806 15751 0 3 0
13 79806 15751 1 4 0
13 79806 15751 2 1 0
13 79806 22295 0 3 0
13 79806 22295 1 4 0
13 79806 22295 2 1 0
13 79806 8451 0 3 0
13 79806 8451 1 4 0
13 79806 8451 2 1 0
13 79806 19565 0 1 0
13 79806 19565 1 2 0
13 79806 19565 2 3 0
13 79806 16717 0 1 0
13 79806 16717 1 2 0
13 79806 16717 2 3 0
13 79806 17973 0 1 0
13 79806 17973 1 2 0
13 79806 17973 2 3 0
13 79806 20851 0 3 0
13 79806 20851 1 4 0
13 79806 20851 2 1 0
13 79806 32633 0 1 0
13 79806 32633 1 2 0
13 79806 32633 2 3 0
13 79806 22651 0 3 0
13 79806 22651 1 4 0
13 79806 22651 2 1 0
13 79806 19685 0 1 0
13 79806 19685 1 2 0
13 79806 19685 2 3 0
13 79806 69 0 1 0
13 79806 69 1 2 0
13 79806 69 2 3 0
13 79806 6191 0 3 0
13 79806 6191 1 4 0
13 79806 6191 2 1 0
13 79806 10589 0 1 0
13 79806 10589 1 2 0
13 79806 10589 2 3 0
13 79806 23833 0 1 0
13 79806 23833 1 2 0
13 79806 23833 2 3 0
13 79806 18569 0 1 0
13 79806 18569 1 2 0
13 79806 18569 2 3 0
13 79806 26839 0 3 0
13 79806 26839 1 4 0
13 79806 26839 2 1 0
13 79806 8631 0 3 0
13 79806 8631 1 4 0
13 79806 8631 2 1 0
13 79806 9791 0 3 0
13 79806 9791 1 4 0
13 79806 9791 2 1 0
13 79806 11339 0 3 0
13 79806 11339 1 4 0
13 79806 11339 2 1 0
13 79806 8259 0 3 0
13 79806 8259 1 4 0
13 79806 8259 2 1 0
13 79806 20245 0 1 0
13 79806 20245 1 2 0
13 79806 20245 2 3 0
13 79806 19643 0 3 0
13 79806 19643 1 4 0
13 79806 19643 2 1 0
13 79806 13261 0 1 0
13 79806 13261 1 2 0
13 79806 13261 2 3 0
13 79806 30467 0 3 0
13 79806 30467 1 4 0
13 79806 30467 2 1 0
13 79806 7659 0 3 0
13 79806 7659 1 4 0
13 79806 7659 2 1 0
13 79806 21753 0 1 0
13 79806 21753 1 2 0
13 79806 21753 2 3 0
13 79806 22219 0 3 0
13 79806 22219 1 4 0
13 79806 22219 2 1 0
13 79806 1033 0 1 0
13 79806 1033 1 2 0
13 79806 1033 2 3 0
13 79806 4521 0 1 0
13 79806 4521 1 2 0
13 79806 4521 2 3 0
13 79806 29665 0 1 0
13 79806 29665 1 2 0
13 79806 29665 2 3 0
13 79806 14607 0 3 0
13 79806 14607 1 4 0
13 79806 14607 2 1 0
13 79806 2625 0 1 0
13 79806 2625 1 2 0
13 79806 2625 2 3 0
13 79806 15923 0 3 0
13 79806 15923 1 4 0
13 79806 15923 2 1 0
13 79806 27625 0 1 0
13 79806 27625 1 2 0
13 79806 27625 2 3 0
13 79806 189 0 1 0
13 79806 189 1 2 0
13 79806 189 2 3 0
13 79806 20393 0 1 0
13 79806 20393 1 2 0
13 79806 20393 2 3 0
13 79806 10821 0 1 0
13 79806 10821 1 2 0
13 79806 10821 2 3 0
13 79806 8769 0 1 0
13 79806 8769 1 2 0
13 79806 8769 2 3 0
13 79806 26249 0 1 0
13 79806 26249 1 2 0
13 79806 26249 2 3 0
13 79806 12963 0 3 0
13 79806 12963 1 4 0
13 79806 12963 2 1 0
13 79806 351 0 3 0
13 79806 351 1 4 0
13 79806 351 2 1 0
13 79806 21645 0 1 0
13 79806 21645 1 2 0
13 79806 21645 2 3 0
13 79806 27875 0 3 0
13 79806 27875 1 4 0
13 79806 27875 2 1 0
13 79806 23513 0 1 0
13 79806 23513 1 2 0
13 79806 23513 2 3 0
13 79806 10243 0 3 0
13 79806 10243 1 4 0
13 79806 10243 2 1 0
13 79806 26849 0 1 0
13 79806 26849 1 2 0
13 79806 26849 2 3 0
13 79806 8585 0 1 0
13 79806 8585 1 2 0
13 79806 8585 2 3 0
13 79806 115 0 3 0
13 79806 115 1 4 0
13 79806 115 2 1 0
13 79806 8011 0 3 0
13 79806 8011 1 4 0
13 79806 8011 2 1 0
13 79806 20661 0 1 0
13 79806 20661 1 2 0
13 79806 20661 2 3 0
13 79806 13997 0 1 0
13 79806 13997 1 2 0
13 79806 13997 2 3 0
13 79806 29643 0 3 0
13 79806 29643 1 4 0
13 79806 29643 2 1 0
13 79806 18831 0 3 0
13 79806 18831 1 4 0
13 79806 18831 2 1 0
13 79806 21947 0 3 0
13 79806 21947 1 4 0
13 79806 21947 2 1 0
13 79806 4371 0 3 0
13 79806 4371 1 4 0
13 79806 4371 2 1 0
13 79806 30559 0 3 0
13 79806 30559 1 4 0
13 79806 30559 2 1 0
13 79806 30865 0 1 0
13 79806 30865 1 2 0
13 79806 30865 2 3 0
13 79806 21769 0 1 0
13 79806 21769 1 2 0
13 79806 21769 2 3 0
13 79806 26131 0 3 0
13 79806 26131 1 4 0
13 79806 26131 2 1 0
13 79806 23861 0 1 0
13 79806 23861 1 2 0
13 79806 23861 2 3 0
13 79806 23667 0 3 0
13 79806 23667 1 4 0
13 79806 23667 2 1 0
13 79806 21091 0 3 0
13 79806 21091 1 4 0
13 79806 21091 2 1 0
13 79806 8653 0 1 0
13 79806 8653 1 2 0
13 79806 8653 2 3 0
13 79806 16097 0 1 0
13 79806 16097 1 2 0
13 79806 16097 2 3 0
13 79806 8545 0 1 0
13 79806 8545 1 2 0
13 79806 8545 2 3 0
13 79806 9239 0 3 0
13 79806 9239 1 4 0
13 79806 9239 2 1 0
13 79806 6135 0 3 0
13 79806 6135 1 4 0
13 79806 6135 2 1 0
13 79806 21637 0 1 0
13 79806 21637 1 2 0
13 79806 21637 2 3 0
13 79806 22945 0 1 0
13 79806 22945 1 2 0
13 79806 22945 2 3 0
13 79806 5347 0 3 0
13 79806 5347 1 4 0
13 79806 5347 2 1 0
13 79806 1095 0 3 0
13 79806 1095 1 4 0
13 79806 1095 2 1 0
13 79806 8701 0 1 0
13 79806 8701 1 2 0
13 79806 8701 2 3 0
13 79806 19549 0 1 0
13 79806 19549 1 2 0
13 79806 19549 2 3 0
13 79806 1857 0 1 0
13 79806 1857 1 2 0
13 79806 1857 2 3 0
13 79806 1393 0 1 0
13 79806 1393 1 2 0
13 79806 1393 2 3 0
13 79806 3249 0 1 0
13 79806 3249 1 2 0
13 79806 3249 2 3 0
13 79806 10301 0 1 0
13 79806 10301 1 2 0
13 79806 10301 2 3 0
13 79806 31759 0 3 0
13 79806 31759 1 4 0
13 79806 31759 2 1 0
13 79806 6367 0 3 0
13 79806 6367 1 4 0
13 79806 6367 2 1 0
13 79806 13269 0 1 0
13 79806 13269 1 2 0
13 79806 13269 2 3 0
13 79806 677 0 1 0
13 79806 677 1 2 0
13 79806 677 2 3 0
13 79806 30773 0 1 0
13 79806 30773 1 2 0
13 79806 30773 2 3 0
13 79806 14679 0 3 0
13 79806 14679 1 4 0
13 79806 14679 2 1 0
13 79806 30493 0 1 0
13 79806 30493 1 2 0
13 79806 30493 2 3 0
13 79806 17887 0 3 0
13 79806 17887 1 4 0
13 79806 17887 2 1 0
13 79806 4565 0 1 0
13 79806 4565 1 2 0
13 79806 4565 2 3 0
13 79806 14169 0 1 0
13 79806 14169 1 2 0
13 79806 14169 2 3 0
13 79806 14815 0 3 0
13 79806 14815 1 4 0
13 79806 14815 2 1 0
13 79806 32171 0 3 0
13 79806 32171 1 4 0
13 79806 32171 2 1 0
13 79806 26027 0 3 0
13 79806 26027 1 4 0
13 79806 26027 2 1 0
13 79806 29483 0 3 0
13 79806 29483 1 4 0
13 79806 29483 2 1 0
13 79806 23953 0 1 0
13 79806 23953 1 2 0
13 79806 23953 2 3 0
13 79806 28651 0 3 0
13 79806 28651 1 4 0
13 79806 28651 2 1 0
13 79806 25815 0 3 0
13 79806 25815 1 4 0
13 79806 25815 2 1 0
13 79806 26887 0 3 0
13 79806 26887 1 4 0
13 79806 26887 2 1 0
13 79806 18715 0 3 0
13 79806 18715 1 4 0
13 79806 18715 2 1 0
13 79806 20547 0 3 0
13 79806 20547 1 4 0
13 79806 20547 2 1 0
13 79806 16439 0 3 0
13 79806 16439 1 4 0
13 79806 16439 2 1 0
13 79806 11667 0 3 0
13 79806 11667 1 4 0
13 79806 11667 2 1 0
13 79806 9361 0 1 0
13 79806 9361 1 2 0
13 79806 9361 2 3 0
13 79806 15157 0 1 0
13 79806 15157 1 2 0
13 79806 15157 2 3 0
13 79806 933 0 1 0
13 79806 933 1 2 0
13 79806 933 2 3 0
13 79806 30087 0 3 0
13 79806 30087 1 4 0
13 79806 30087 2 1 0
13 79806 11933 0 1 0
13 79806 11933 1 2 0
13 79806 11933 2 3 0
13 79806 16263 0 3 0
13 79806 16263 1 4 0
13 79806 16263 2 1 0
13 79806 2583 0 3 0
13 79806 2583 1 4 0
13 79806 2583 2 1 0
13 79806 13607 0 3 0
13 79806 13607 1 4 0
13 79806 13607 2 1 0
13 79806 25419 0 3 0
13 79806 25419 1 4 0
13 79806 25419 2 1 0
13 79806 20637 0 1 0
13 79806 20637 1 2 0
13 79806 20637 2 3 0
13 79806 30049 0 1 0
13 79806 30049 1 2 0
13 79806 30049 2 3 0
13 79806 18043 0 3 0
13 79806 18043 1 4 0
13 79806 18043 2 1 0
13 79806 11269 0 1 0
13 79806 11269 1 2 0
13 79806 11269 2 3 0
13 79806 2783 0 3 0
13 79806 2783 1 4 0
13 79806 2783 2 1 0
13 79806 9497 0 1 0
13 79806 9497 1 2 0
13 79806 9497 2 3 0
13 79806 22941 0 1 0
13 79806 22941 1 2 0
13 79806 22941 2 3 0
13 79806 20173 0 1 0
13 79806 20173 1 2 0
13 79806 20173 2 3 0
13 79806 15855 0 3 0
13 79806 15855 1 4 0
13 79806 15855 2 1 0
13 79806 27483 0 3 0
13 79806 27483 1 4 0
13 79806 27483 2 1 0
13 79806 20699 0 3 0
13 79806 20699 1 4 0
13 79806 20699 2 1 0
13 79806 8055 0 3 0
13 79806 8055 1 4 0
13 79806 8055 2 1 0
13 79806 16503 0 3 0
13 79806 16503 1 4 0
13 79806 16503 2 1 0
13 79806 30643 0 3 0
13 79806 30643 1 4 0
13 79806 30643 2 1 0
13 79806 541 0 1 0
13 79806 541 1 2 0
13 79806 541 2 3 0
13 79806 27029 0 1 0
13 79806 27029 1 2 0
13 79806 27029 2 3 0
13 79806 22649 0 1 0
13 79806 22649 1 2 0
13 79806 22649 2 3 0
13 79806 15557 0 1 0
13 79806 15557 1 2 0
13 79806 15557 2 3 0
13 79806 26791 0 3 0
13 79806 26791 1 4 0
13 79806 26791 2 1 0
13 79806 16055 0 3 0
13 79806 16055 1 4 0
13 79806 16055 2 1 0
13 79806 9619 0 3 0
13 79806 9619 1 4 0
13 79806 9619 2 1 0
13 79806 10157 0 1 0
13 79806 10157 1 2 0
13 79806 10157 2 3 0
13 79806 28011 0 3 0
13 79806 28011 1 4 0
13 79806 28011 2 1 0
13 79806 14879 0 3 0
13 79806 14879 1 4 0
13 79806 14879 2 1 0
13 79806 3481 0 1 0
13 79806 3481 1 2 0
13 79806 3481 2 3 0
13 79806 15065 0 1 0
13 79806 15065 1 2 0
13 79806 15065 2 3 0
13 79806 9231 0 3 0
13 79806 9231 1 4 0
13 79806 9231 2 1 0
13 79806 11773 0 1 0
13 79806 11773 1 2 0
13 79806 11773 2 3 0
13 79806 12115 0 3 0
13 79806 12115 1 4 0
13 79806 12115 2 1 0
13 79806 729 0 1 0
13 79806 729 1 2 0
13 79806 729 2 3 0
13 79806 13811 0 3 0
13 79806 13811 1 4 0
13 79806 13811 2 1 0
13 79806 30507 0 3 0
13 79806 30507 1 4 0
13 79806 30507 2 1 0
13 79806 14353 0 1 0
13 79806 14353 1 2 0
13 79806 14353 2 3 0
13 79806 25153 0 1 0
13 79806 25153 1 2 0
13 79806 25153 2 3 0
13 79806 17663 0 3 0
13 79806 17663 1 4 0
13 79806 17663 2 1 0
13 79806 7901 0 1 0
13 79806 7901 1 2 0
13 79806 7901 2 3 0
13 79806 19093 0 1 0
13 79806 19093 1 2 0
13 79806 19093 2 3 0
13 79806 25435 0 3 0
13 79806 25435 1 4 0
13 79806 25435 2 1 0
13 79806 12749 0 1 0
13 79806 12749 1 2 0
13 79806 12749 2 3 0
13 79806 27405 0 1 0
13 79806 27405 1 2 0
13 79806 27405 2 3 0
13 79806 27503 0 3 0
13 79806 27503 1 4 0
13 79806 27503 2 1 0
13 79806 20395 0 3 0
13 79806 20395 1 4 0
13 79806 20395 2 1 0
13 79806 13879 0 3 0
13 79806 13879 1 4 0
13 79806 13879 2 1 0
13 79806 26269 0 1 0
13 79806 26269 1 2 0
13 79806 26269 2 3 0
13 79806 817 0 1 0
13 79806 817 1 2 0
13 79806 817 2 3 0
13 79806 26657 0 1 0
13 79806 26657 1 2 0
13 79806 26657 2 3 0
13 79806 32555 0 3 0
13 79806 32555 1 4 0
13 79806 32555 2 1 0
13 79806 23029 0 1 0
13 79806 23029 1 2 0
13 79806 23029 2 3 0
13 79806 16601 0 1 0
13 79806 16601 1 2 0
13 79806 16601 2 3 0
13 79806 30687 0 3 0
13 79806 30687 1 4 0
13 79806 30687 2 1 0
13 79806 31181 0 1 0
13 79806 31181 1 2 0
13 79806 31181 2 3 0
13 79806 19393 0 1 0
13 79806 19393 1 2 0
13 79806 19393 2 3 0
13 79806 29243 0 3 0
13 79806 29243 1 4 0
13 79806 29243 2 1 0
13 79806 15929 0 1 0
13 79806 15929 1 2 0
13 79806 15929 2 3 0
13 79806 9565 0 1 0
13 79806 9565 1 2 0
13 79806 9565 2 3 0
13 79806 23589 0 1 0
13 79806 23589 1 2 0
13 79806 23589 2 3 0
13 79806 24531 0 3 0
13 79806 24531 1 4 0
13 79806 24531 2 1 0
13 79806 5205 0 1 0
13 79806 5205 1 2 0
13 79806 5205 2 3 0
13 79806 19085 0 1 0
13 79806 19085 1 2 0
13 79806 19085 2 3 0
13 79806 19497 0 1 0
13 79806 19497 1 2 0
13 79806 19497 2 3 0
13 79806 18779 0 3 0
13 79806 18779 1 4 0
13 79806 18779 2 1 0
13 79806 22379 0 3 0
13 79806 22379 1 4 0
13 79806 22379 2 1 0
13 79806 27743 0 3 0
13 79806 27743 1 4 0
13 79806 27743 2 1 0
13 79806 2387 0 3 0
13 79806 2387 1 4 0
13 79806 2387 2 1 0
13 79806 20839 0 3 0
13 79806 20839 1 4 0
13 79806 20839 2 1 0
13 79806 23437 0 1 0
13 79806 23437 1 2 0
13 79806 23437 2 3 0
13 79806 23067 0 3 0
13 79806 23067 1 4 0
13 79806 23067 2 1 0
13 79806 23005 0 1 0
13 79806 23005 1 2 0
13 79806 23005 2 3 0
13 79806 12859 0 3 0
13 79806 12859 1 4 0
13 79806 12859 2 1 0
13 79806 18009 0 1 0
13 79806 18009 1 2 0
13 79806 18009 2 3 0
13 79806 11449 0 1 0
13 79806 11449 1 2 0
13 79806 11449 2 3 0
13 79806 2235 0 3 0
13 79806 2235 1 4 0
13 79806 2235 2 1 0
13 79806 8589 0 1 0
13 79806 8589 1 2 0
13 79806 8589 2 3 0
13 79806 2659 0 3 0
13 79806 2659 1 4 0
13 79806 2659 2 1 0
13 79806 31783 0 3 0
13 79806 31783 1 4 0
13 79806 31783 2 1 0
13 79806 17229 0 1 0
13 79806 17229 1 2 0
13 79806 17229 2 3 0
13 79806 29547 0 3 0
13 79806 29547 1 4 0
13 79806 29547 2 1 0
13 79806 24669 0 1 0
13 79806 24669 1 2 0
13 79806 24669 2 3 0
13 79806 31485 0 1 0
13 79806 31485 1 2 0
13 79806 31485 2 3 0
13 79806 17797 0 1 0
13 79806 17797 1 2 0
13 79806 17797 2 3 0
13 79806 24841 0 1 0
13 79806 24841 1 2 0
13 79806 24841 2 3 0
13 79806 16895 0 3 0
13 79806 16895 1 4 0
13 79806 16895 2 1 0
13 79806 6633 0 1 0
13 79806 6633 1 2 0
13 79806 6633 2 3 0
13 79806 11717 0 1 0
13 79806 11717 1 2 0
13 79806 11717 2 3 0
13 79806 6573 0 1 0
13 79806 6573 1 2 0
13 79806 6573 2 3 0
13 79806 25751 0 3 0
13 79806 25751 1 4 0
13 79806 25751 2 1 0
13 79806 15869 0 1 0
13 79806 15869 1 2 0
13 79806 15869 2 3 0
13 79806 18997 0 1 0
13 79806 18997 1 2 0
13 79806 18997 2 3 0
13 79806 11645 0 1 0
13 79806 11645 1 2 0
13 79806 11645 2 3 0
13 79806 13823 0 3 0
13 79806 13823 1 4 0
13 79806 13823 2 1 0
13 79806 18601 0 1 0
13 79806 18601 1 2 0
13 79806 18601 2 3 0
13 79806 18901 0 1 0
13 79806 18901 1 2 0
13 79806 18901 2 3 0
13 79806 11429 0 1 0
13 79806 11429 1 2 0
13 79806 11429 2 3 0
13 79806 21479 0 3 0
13 79806 21479 1 4 0
13 79806 21479 2 1 0
13 79806 12385 0 1 0
13 79806 12385 1 2 0
13 79806 12385 2 3 0
13 79806 7117 0 1 0
13 79806 7117 1 2 0
13 79806 7117 2 3 0
13 79806 15503 0 3 0
13 79806 15503 1 4 0
13 79806 15503 2 1 0
13 79806 26973 0 1 0
13 79806 26973 1 2 0
13 79806 26973 2 3 0
13 79806 2967 0 3 0
13 79806 2967 1 4 0
13 79806 2967 2 1 0
13 79806 31901 0 1 0
13 79806 31901 1 2 0
13 79806 31901 2 3 0
13 79806 11689 0 1 0
13 79806 11689 1 2 0
13 79806 11689 2 3 0
13 79806 9583 0 3 0
13 79806 9583 1 4 0
13 79806 9583 2 1 0
13 79806 489 0 1 0
13 79806 489 1 2 0
13 79806 489 2 3 0
13 79806 16395 0 3 0
13 79806 16395 1 4 0
13 79806 16395 2 1 0
13 79806 4337 0 1 0
13 79806 4337 1 2 0
13 79806 4337 2 3 0
13 79806 30717 0 1 0
13 79806 30717 1 2 0
13 79806 30717 2 3 0
13 79806 16301 0 1 0
13 79806 16301 1 2 0
13 79806 16301 2 3 0
13 79806 17805 0 1 0
13 79806 17805 1 2 0
13 79806 17805 2 3 0
13 79806 3361 0 1 0
13 79806 3361 1 2 0
13 79806 3361 2 3 0
13 79806 25431 0 3 0
13 79806 25431 1 4 0
13 79806 25431 2 1 0
13 79806 20729 0 1 0
13 79806 20729 1 2 0
13 79806 20729 2 3 0
13 79806 17951 0 3 0
13 79806 17951 1 4 0
13 79806 17951 2 1 0
13 79806 7897 0 1 0
13 79806 7897 1 2 0
13 79806 7897 2 3 0
13 79806 21545 0 1 0
13 79806 21545 1 2 0
13 79806 21545 2 3 0
13 79806 26859 0 3 0
13 79806 26859 1 4 0
13 79806 26859 2 1 0
13 79806 25111 0 3 0
13 79806 25111 1 4 0
13 79806 25111 2 1 0
13 79806 16367 0 3 0
13 79806 16367 1 4 0
13 79806 16367 2 1 0
13 79806 19537 0 1 0
13 79806 19537 1 2 0
13 79806 19537 2 3 0
13 79806 31063 0 3 0
13 79806 31063 1 4 0
13 79806 31063 2 1 0
13 79806 12377 0 1 0
13 79806 12377 1 2 0
13 79806 12377 2 3 0
13 79806 14129 0 1 0
13 79806 14129 1 2 0
13 79806 14129 2 3 0
13 79806 27923 0 3 0
13 79806 27923 1 4 0
13 79806 27923 2 1 0
13 79806 9449 0 1 0
13 79806 9449 1 2 0
13 79806 9449 2 3 0
13 79806 19591 0 3 0
13 79806 19591 1 4 0
13 79806 19591 2 1 0
13 79806 23021 0 1 0
13 79806 23021 1 2 0
13 79806 23021 2 3 0
13 79806 1815 0 3 0
13 79806 1815 1 4 0
13 79806 1815 2 1 0
13 79806 30875 0 3 0
13 79806 30875 1 4 0
13 79806 30875 2 1 0
13 79806 24849 0 1 0
13 79806 24849 1 2 0
13 79806 24849 2 3 0
13 79806 27657 0 1 0
13 79806 27657 1 2 0
13 79806 27657 2 3 0
13 79806 15809 0 1 0
13 79806 15809 1 2 0
13 79806 15809 2 3 0
13 79806 2321 0 1 0
13 79806 2321 1 2 0
13 79806 2321 2 3 0
13 79806 25255 0 3 0
13 79806 25255 1 4 0
13 79806 25255 2 1 0
13 79806 28031 0 3 0
13 79806 28031 1 4 0
13 79806 28031 2 1 0
13 79806 15439 0 3 0
13 79806 15439 1 4 0
13 79806 15439 2 1 0
13 79806 1371 0 3 0
13 79806 1371 1 4 0
13 79806 1371 2 1 0
13 79806 20823 0 3 0
13 79806 20823 1 4 0
13 79806 20823 2 1 0
13 79806 5415 0 3 0
13 79806 5415 1 4 0
13 79806 5415 2 1 0
13 79806 15817 0 1 0
13 79806 15817 1 2 0
13 79806 15817 2 3 0
13 79806 21515 0 3 0
13 79806 21515 1 4 0
13 79806 21515 2 1 0
13 79806 8441 0 1 0
13 79806 8441 1 2 0
13 79806 8441 2 3 0
13 79806 4811 0 3 0
13 79806 4811 1 4 0
13 79806 4811 2 1 0
13 79806 30697 0 1 0
13 79806 30697 1 2 0
13 79806 30697 2 3 0
13 79806 25845 0 1 0
13 79806 25845 1 2 0
13 79806 25845 2 3 0
13 79806 11609 0 1 0
13 79806 11609 1 2 0
13 79806 11609 2 3 0
13 79806 417 0 1 0
13 79806 417 1 2 0
13 79806 417 2 3 0
13 79806 19637 0 1 0
13 79806 19637 1 2 0
13 79806 19637 2 3 0
13 79806 28735 0 3 0
13 79806 28735 1 4 0
13 79806 28735 2 1 0
13 79806 29901 0 1 0
13 79806 29901 1 2 0
13 79806 29901 2 3 0
13 79806 12607 0 3 0
13 79806 12607 1 4 0
13 79806 12607 2 1 0
13 79806 23839 0 3 0
13 79806 23839 1 4 0
13 79806 23839 2 1 0
13 79806 30855 0 3 0
13 79806 30855 1 4 0
13 79806 30855 2 1 0
13 79806 19729 0 1 0
13 79806 19729 1 2 0
13 79806 19729 2 3 0
13 79806 621 0 1 0
13 79806 621 1 2 0
13 79806 621 2 3 0
13 79806 21365 0 1 0
13 79806 21365 1 2 0
13 79806 21365 2 3 0
13 79806 12025 0 1 0
13 79806 12025 1 2 0
13 79806 12025 2 3 0
13 79806 25161 0 1 0
13 79806 25161 1 2 0
13 79806 25161 2 3 0
13 79806 29003 0 3 0
13 79806 29003 1 4 0
13 79806 29003 2 1 0
13 79806 3823 0 3 0
13 79806 3823 1 4 0
13 79806 3823 2 1 0
13 79806 2817 0 1 0
13 79806 2817 1 2 0
13 79806 2817 2 3 0
13 79806 1589 0 1 0
13 79806 1589 1 2 0
13 79806 1589 2 3 0
13 79806 16507 0 3 0
13 79806 16507 1 4 0
13 79806 16507 2 1 0
13 79806 18423 0 3 0
13 79806 18423 1 4 0
13 79806 18423 2 1 0
13 79806 21957 0 1 0
13 79806 21957 1 2 0
13 79806 21957 2 3 0
13 79806 20517 0 1 0
13 79806 20517 1 2 0
13 79806 20517 2 3 0
13 79806 19333 0 1 0
13 79806 19333 1 2 0
13 79806 19333 2 3 0
13 79806 25629 0 1 0
13 79806 25629 1 2 0
13 79806 25629 2 3 0
13 79806 9109 0 1 0
13 79806 9109 1 2 0
13 79806 9109 2 3 0
13 79806 21563 0 3 0
13 79806 21563 1 4 0
13 79806 21563 2 1 0
13 79806 2393 0 1 0
13 79806 2393 1 2 0
13 79806 2393 2 3 0
13 79806 1601 0 1 0
13 79806 1601 1 2 0
13 79806 1601 2 3 0
13 79806 283 0 3 0
13 79806 283 1 4 0
13 79806 283 2 1 0
13 79806 30215 0 3 0
13 79806 30215 1 4 0
13 79806 30215 2 1 0
13 79806 23191 0 3 0
13 79806 23191 1 4 0
13 79806 23191 2 1 0
13 79806 21791 0 3 0
13 79806 21791 1 4 0
13 79806 21791 2 1 0
13 79806 2017 0 1 0
13 79806 2017 1 2 0
13 79806 2017 2 3 0
13 79806 12997 0 1 0
13 79806 12997 1 2 0
13 79806 12997 2 3 0
13 79806 19475 0 3 0
13 79806 19475 1 4 0
13 79806 19475 2 1 0
13 79806 26957 0 1 0
13 79806 26957 1 2 0
13 79806 26957 2 3 0
13 79806 1397 0 1 0
13 79806 1397 1 2 0
13 79806 1397 2 3 0
13 79806 645 0 1 0
13 79806 645 1 2 0
13 79806 645 2 3 0
13 79806 10877 0 1 0
13 79806 10877 1 2 0
13 79806 10877 2 3 0
13 79806 32691 0 3 0
13 79806 32691 1 4 0
13 79806 32691 2 1 0
13 79806 8767 0 3 0
13 79806 8767 1 4 0
13 79806 8767 2 1 0
13 79806 31633 0 1 0
13 79806 31633 1 2 0
13 79806 31633 2 3 0
13 79806 13107 0 3 0
13 79806 13107 1 4 0
13 79806 13107 2 1 0
13 79806 10173 0 1 0
13 79806 10173 1 2 0
13 79806 10173 2 3 0
13 79806 14463 0 3 0
13 79806 14463 1 4 0
13 79806 14463 2 1 0
13 79806 24887 0 3 0
13 79806 24887 1 4 0
13 79806 24887 2 1 0
13 79806 26227 0 3 0
13 79806 26227 1 4 0
13 79806 26227 2 1 0
13 79806 28235 0 3 0
13 79806 28235 1 4 0
13 79806 28235 2 1 0
13 79806 7023 0 3 0
13 79806 7023 1 4 0
13 79806 7023 2 1 0
13 79806 335 0 3 0
13 79806 335 1 4 0
13 79806 335 2 1 0
13 79806 14771 0 3 0
13 79806 14771 1 4 0
13 79806 14771 2 1 0
13 79806 10461 0 1 0
13 79806 10461 1 2 0
13 79806 10461 2 3 0
13 79806 20871 0 3 0
13 79806 20871 1 4 0
13 79806 20871 2 1 0
13 79806 19707 0 3 0
13 79806 19707 1 4 0
13 79806 19707 2 1 0
13 79806 11039 0 3 0
13 79806 11039 1 4 0
13 79806 11039 2 1 0
13 79806 16237 0 1 0
13 79806 16237 1 2 0
13 79806 16237 2 3 0
13 79806 14497 0 1 0
13 79806 14497 1 2 0
13 79806 14497 2 3 0
13 79806 19861 0 1 0
13 79806 19861 1 2 0
13 79806 19861 2 3 0
13 79806 22751 0 3 0
13 79806 22751 1 4 0
13 79806 22751 2 1 0
13 79806 23119 0 3 0
13 79806 23119 1 4 0
13 79806 23119 2 1 0
13 79806 5667 0 3 0
13 79806 5667 1 4 0
13 79806 5667 2 1 0
13 79806 20971 0 3 0
13 79806 20971 1 4 0
13 79806 20971 2 1 0
13 79806 4689 0 1 0
13 79806 4689 1 2 0
13 79806 4689 2 3 0
13 79806 24085 0 1 0
13 79806 24085 1 2 0
13 79806 24085 2 3 0
13 79806 14139 0 3 0
13 79806 14139 1 4 0
13 79806 14139 2 1 0
13 79806 7441 0 1 0
13 79806 7441 1 2 0
13 79806 7441 2 3 0
13 79806 13837 0 1 0
13 79806 13837 1 2 0
13 79806 13837 2 3 0
13 79806 3911 0 3 0
13 79806 3911 1 4 0
13 79806 3911 2 1 0
13 79806 28775 0 3 0
13 79806 28775 1 4 0
13 79806 28775 2 1 0
13 79806 11131 0 3 0
13 79806 11131 1 4 0
13 79806 11131 2 1 0
13 79806 26645 0 1 0
13 79806 26645 1 2 0
13 79806 26645 2 3 0
13 79806 28149 0 1 0
13 79806 28149 1 2 0
13 79806 28149 2 3 0
13 79806 11321 0 1 0
13 79806 11321 1 2 0
13 79806 11321 2 3 0
13 79806 7639 0 3 0
13 79806 7639 1 4 0
13 79806 7639 2 1 0
13 79806 25233 0 1 0
13 79806 25233 1 2 0
13 79806 25233 2 3 0
13 79806 27735 0 3 0
13 79806 27735 1 4 0
13 79806 27735 2 1 0
13 79806 27907 0 3 0
13 79806 27907 1 4 0
13 79806 27907 2 1 0
13 79806 19273 0 1 0
13 79806 19273 1 2 0
13 79806 19273 2 3 0
14 79806 28467 0 3 0
14 79806 28467 1 4 0
14 79806 28467 2 1 0
14 79806 22179 0 3 0
14 79806 22179 1 4 0
14 79806 22179 2 1 0
14 79806 16359 0 3 0
14 79806 16359 1 4 0
14 79806 16359 2 1 0
14 79806 29759 0 3 0
14 79806 29759 1 4 0
14 79806 29759 2 1 0
14 79806 30307 0 3 0
14 79806 30307 1 4 0
14 79806 30307 2 1 0
14 79806 31971 0 3 0
14 79806 31971 1 4 0
14 79806 31971 2 1 0
14 79806 4469 0 1 0
14 79806 4469 1 2 0
14 79806 4469 2 3 0
14 79806 8965 0 1 0
14 79806 8965 1 2 0
14 79806 8965 2 3 0
14 79806 8405 0 1 0
14 79806 8405 1 2 0
14 79806 8405 2 3 0
14 79806 13073 0 1 0
14 79806 13073 1 2 0
14 79806 13073 2 3 0
14 79806 3637 0 1 0
14 79806 3637 1 2 0
14 79806 3637 2 3 0
14 79806 8109 0 1 0
14 79806 8109 1 2 0
14 79806 8109 2 3 0
14 79806 14047 0 3 0
14 79806 14047 1 4 0
14 79806 14047 2 1 0
14 79806 3327 0 3 0
14 79806 3327 1 4 0
14 79806 3327 2 1 0
14 79806 29771 0 3 0
14 79806 29771 1 4 0
14 79806 29771 2 1 0
14 79806 2195 0 3 0
14 79806 2195 1 4 0
14 79806 2195 2 1 0
14 79806 20873 0 1 0
14 79806 20873 1 2 0
14 79806 20873 2 3 0
14 79806 18183 0 3 0
14 79806 18183 1 4 0
14 79806 18183 2 1 0
14 79806 3157 0 1 0
14 79806 3157 1 2 0
14 79806 3157 2 3 0
14 79806 23357 0 1 0
14 79806 23357 1 2 0
14 79806 23357 2 3 0
14 79806 19081 0 1 0
14 79806 19081 1 2 0
14 79806 19081 2 3 0
14 79806 5487 0 3 0
14 79806 5487 1 4 0
14 79806 5487 2 1 0
14 79806 9855 0 3 0
14 79806 9855 1 4 0
14 79806 9855 2 1 0
14 79806 24637 0 1 0
14 79806 24637 1 2 0
14 79806 24637 2 3 0
14 79806 8949 0 1 0
14 79806 8949 1 2 0
14 79806 8949 2 3 0
14 79806 19237 0 1 0
14 79806 19237 1 2 0
14 79806 19237 2 3 0
14 79806 25613 0 1 0
14 79806 25613 1 2 0
14 79806 25613 2 3 0
14 79806 22181 0 1 0
14 79806 22181 1 2 0
14 79806 22181 2 3 0
14 79806 22301 0 1 0
14 79806 22301 1 2 0
14 79806 22301 2 3 0
14 79806 6005 0 1 0
14 79806 6005 1 2 0
14 79806 6005 2 3 0
14 79806 21833 0 1 0
14 79806 21833 1 2 0
14 79806 21833 2 3 0
14 79806 29039 0 3 0
14 79806 29039 1 4 0
14 79806 29039 2 1 0
14 79806 13029 0 1 0
14 79806 13029 1 2 0
14 79806 13029 2 3 0
14 79806 17297 0 1 0
14 79806 17297 1 2 0
14 79806 17297 2 3 0
14 79806 5919 0 3 0
14 79806 5919 1 4 0
14 79806 5919 2 1 0
14 79806 8085 0 1 0
14 79806 8085 1 2 0
14 79806 8085 2 3 0
14 79806 5277 0 1 0
14 79806 5277 1 2 0
14 79806 5277 2 3 0
14 79806 19 0 3 0
14 79806 19 1 4 0
14 79806 19 2 1 0
14 79806 1713 0 1 0
14 79806 1713 1 2 0
14 79806 1713 2 3 0
14 79806 17599 0 3 0
14 79806 17599 1 4 0
14 79806 17599 2 1 0
14 79806 3879 0 3 0
14 79806 3879 1 4 0
14 79806 3879 2 1 0
14 79806 27645 0 1 0
14 79806 27645 1 2 0
14 79806 27645 2 3 0
14 79806 3959 0 3 0
14 79806 3959 1 4 0
14 79806 3959 2 1 0
14 79806 5601 0 1 0
14 79806 5601 1 2 0
14 79806 5601 2 3 0
14 79806 9669 0 1 0
14 79806 9669 1 2 0
14 79806 9669 2 3 0
14 79806 20289 0 1 0
14 79806 20289 1 2 0
14 79806 20289 2 3 0
14 79806 8523 0 3 0
14 79806 8523 1 4 0
14 79806 8523 2 1 0
14 79806 30651 0 3 0
14 79806 30651 1 4 0
14 79806 30651 2 1 0
14 79806 15529 0 1 0
14 79806 15529 1 2 0
14 79806 15529 2 3 0
14 79806 25337 0 1 0
14 79806 25337 1 2 0
14 79806 25337 2 3 0
14 79806 24409 0 1 0
14 79806 24409 1 2 0
14 79806 24409 2 3 0
14 79806 6265 0 1 0
14 79806 6265 1 2 0
14 79806 6265 2 3 0
14 79806 13391 0 3 0
14 79806 13391 1 4 0
14 79806 13391 2 1 0
14 79806 28873 0 1 0
14 79806 28873 1 2 0
14 79806 28873 2 3 0
14 79806 10805 0 1 0
14 79806 10805 1 2 0
14 79806 10805 2 3 0
14 79806 26291 0 3 0
14 79806 26291 1 4 0
14 79806 26291 2 1 0
14 79806 14405 0 1 0
14 79806 14405 1 2 0
14 79806 14405 2 3 0
14 79806 27367 0 3 0
14 79806 27367 1 4 0
14 79806 27367 2 1 0
14 79806 15159 0 3 0
14 79806 15159 1 4 0
14 79806 15159 2 1 0
14 79806 18915 0 3 0
14 79806 18915 1 4 0
14 79806 18915 2 1 0
14 79806 19353 0 1 0
14 79806 19353 1 2 0
14 79806 19353 2 3 0
14 79806 19699 0 3 0
14 79806 19699 1 4 0
14 79806 19699 2 1 0
14 79806 6203 0 3 0
14 79806 6203 1 4 0
14 79806 6203 2 1 0
14 79806 26975 0 3 0
14 79806 26975 1 4 0
14 79806 26975 2 1 0
14 79806 18131 0 3 0
14 79806 18131 1 4 0
14 79806 18131 2 1 0
14 79806 20621 0 1 0
14 79806 20621 1 2 0
14 79806 20621 2 3 0
14 79806 25993 0 1 0
14 79806 25993 1 2 0
14 79806 25993 2 3 0
14 79806 29801 0 1 0
14 79806 29801 1 2 0
14 79806 29801 2 3 0
14 79806 20553 0 1 0
14 79806 20553 1 2 0
14 79806 20553 2 3 0
14 79806 18375 0 3 0
14 79806 18375 1 4 0
14 79806 18375 2 1 0
14 79806 15705 0 1 0
14 79806 15705 1 2 0
14 79806 15705 2 3 0
14 79806 197 0 1 0
14 79806 197 1 2 0
14 79806 197 2 3 0
14 79806 29075 0 3 0
14 79806 29075 1 4 0
14 79806 29075 2 1 0
14 79806 29057 0 1 0
14 79806 29057 1 2 0
14 79806 29057 2 3 0
14 79806 5879 0 3 0
14 79806 5879 1 4 0
14 79806 5879 2 1 0
14 79806 7853 0 1 0
14 79806 7853 1 2 0
14 79806 7853 2 3 0
14 79806 5217 0 1 0
14 79806 5217 1 2 0
14 79806 5217 2 3 0
14 79806 29861 0 1 0
14 79806 29861 1 2 0
14 79806 29861 2 3 0
14 79806 27181 0 1 0
14 79806 27181 1 2 0
14 79806 27181 2 3 0
14 79806 19807 0 3 0
14 79806 19807 1 4 0
14 79806 19807 2 1 0
14 79806 29459 0 3 0
14 79806 29459 1 4 0
14 79806 29459 2 1 0
14 79806 7375 0 3 0
14 79806 7375 1 4 0
14 79806 7375 2 1 0
14 79806 18065 0 1 0
14 79806 18065 1 2 0
14 79806 18065 2 3 0
14 79806 3713 0 1 0
14 79806 3713 1 2 0
14 79806 3713 2 3 0
14 79806 22033 0 1 0
14 79806 22033 1 2 0
14 79806 22033 2 3 0
14 79806 26775 0 3 0
14 79806 26775 1 4 0
14 79806 26775 2 1 0
14 79806 14839 0 3 0
14 79806 14839 1 4 0
14 79806 14839 2 1 0
14 79806 1197 0 1 0
14 79806 1197 1 2 0
14 79806 1197 2 3 0
14 79806 16815 0 3 0
14 79806 16815 1 4 0
14 79806 16815 2 1 0
14 79806 19363 0 3 0
14 79806 19363 1 4 0
14 79806 19363 2 1 0
14 79806 30989 0 1 0
14 79806 30989 1 2 0
14 79806 30989 2 3 0
14 79806 27235 0 3 0
14 79806 27235 1 4 0
14 79806 27235 2 1 0
14 79806 27939 0 3 0
14 79806 27939 1 4 0
14 79806 27939 2 1 0
14 79806 29545 0 1 0
14 79806 29545 1 2 0
14 79806 29545 2 3 0
14 79806 21873 0 1 0
14 79806 21873 1 2 0
14 79806 21873 2 3 0
14 79806 12221 0 1 0
14 79806 12221 1 2 0
14 79806 12221 2 3 0
14 79806 4631 0 3 0
14 79806 4631 1 4 0
14 79806 4631 2 1 0
14 79806 16813 0 1 0
14 79806 16813 1 2 0
14 79806 16813 2 3 0
14 79806 10759 0 3 0
14 79806 10759 1 4 0
14 79806 10759 2 1 0
14 79806 1073 0 1 0
14 79806 1073 1 2 0
14 79806 1073 2 3 0
14 79806 7265 0 1 0
14 79806 7265 1 2 0
14 79806 7265 2 3 0
14 79806 5897 0 1 0
14 79806 5897 1 2 0
14 79806 5897 2 3 0
14 79806 24381 0 1 0
14 79806 24381 1 2 0
14 79806 24381 2 3 0
14 79806 14577 0 1 0
14 79806 14577 1 2 0
14 79806 14577 2 3 0
14 79806 22783 0 3 0
14 79806 22783 1 4 0
14 79806 22783 2 1 0
14 79806 18613 0 1 0
14 79806 18613 1 2 0
14 79806 18613 2 3 0
14 79806 8571 0 3 0
14 79806 8571 1 4 0
14 79806 8571 2 1 0
14 79806 24685 0 1 0
14 79806 24685 1 2 0
14 79806 24685 2 3 0
14 79806 2019 0 3 0
14 79806 2019 1 4 0
14 79806 2019 2 1 0
14 79806 22229 0 1 0
14 79806 22229 1 2 0
14 79806 22229 2 3 0
14 79806 15961 0 1 0
14 79806 15961 1 2 0
14 79806 15961 2 3 0
14 79806 21177 0 1 0
14 79806 21177 1 2 0
14 79806 21177 2 3 0
14 79806 16487 0 3 0
14 79806 16487 1 4 0
14 79806 16487 2 1 0
14 79806 11847 0 3 0
14 79806 11847 1 4 0
14 79806 11847 2 1 0
14 79806 25193 0 1 0
14 79806 25193 1 2 0
14 79806 25193 2 3 0
14 79806 30535 0 3 0
14 79806 30535 1 4 0
14 79806 30535 2 1 0
14 79806 24561 0 1 0
14 79806 24561 1 2 0
14 79806 24561 2 3 0
14 79806 13231 0 3 0
14 79806 13231 1 4 0
14 79806 13231 2 1 0
14 79806 6817 0 1 0
14 79806 6817 1 2 0
14 79806 6817 2 3 0
14 79806 6937 0 1 0
14 79806 6937 1 2 0
14 79806 6937 2 3 0
14 79806 30841 0 1 0
14 79806 30841 1 2 0
14 79806 30841 2 3 0
14 79806 10507 0 3 0
14 79806 10507 1 4 0
14 79806 10507 2 1 0
14 79806 11573 0 1 0
14 79806 11573 1 2 0
14 79806 11573 2 3 0
14 79806 10605 0 1 0
14 79806 10605 1 2 0
14 79806 10605 2 3 0
14 79806 6153 0 1 0
14 79806 6153 1 2 0
14 79806 6153 2 3 0
14 79806 21991 0 3 0
14 79806 21991 1 4 0
14 79806 21991 2 1 0
14 79806 6613 0 1 0
14 79806 6613 1 2 0
14 79806 6613 2 3 0
14 79806 30223 0 3 0
14 79806 30223 1 4 0
14 79806 30223 2 1 0
14 79806 17149 0 1 0
14 79806 17149 1 2 0
14 79806 17149 2 3 0
14 79806 16899 0 3 0
14 79806 16899 1 4 0
14 79806 16899 2 1 0
14 79806 30235 0 3 0
14 79806 30235 1 4 0
14 79806 30235 2 1 0
14 79806 26865 0 1 0
14 79806 26865 1 2 0
14 79806 26865 2 3 0
14 79806 6657 0 1 0
14 79806 6657 1 2 0
14 79806 6657 2 3 0
14 79806 14551 0 3 0
14 79806 14551 1 4 0
14 79806 14551 2 1 0
14 79806 25339 0 3 0
14 79806 25339 1 4 0
14 79806 25339 2 1 0
14 79806 25947 0 3 0
14 79806 25947 1 4 0
14 79806 25947 2 1 0
14 79806 15691 0 3 0
14 79806 15691 1 4 0
14 79806 15691 2 1 0
14 79806 6049 0 1 0
14 79806 6049 1 2 0
14 79806 6049 2 3 0
14 79806 29287 0 3 0
14 79806 29287 1 4 0
14 79806 29287 2 1 0
14 79806 23811 0 3 0
14 79806 23811 1 4 0
14 79806 23811 2 1 0
14 79806 3431 0 3 0
14 79806 3431 1 4 0
14 79806 3431 2 1 0
14 79806 1109 0 1 0
14 79806 1109 1 2 0
14 79806 1109 2 3 0
14 79806 30355 0 3 0
14 79806 30355 1 4 0
14 79806 30355 2 1 0
14 79806 1285 0 1 0
14 79806 1285 1 2 0
14 79806 1285 2 3 0
14 79806 7457 0 1 0
14 79806 7457 1 2 0
14 79806 7457 2 3 0
14 79806 17069 0 1 0
14 79806 17069 1 2 0
14 79806 17069 2 3 0
14 79806 12611 0 3 0
14 79806 12611 1 4 0
14 79806 12611 2 1 0
14 79806 23497 0 1 0
14 79806 23497 1 2 0
14 79806 23497 2 3 0
14 79806 18159 0 3 0
14 79806 18159 1 4 0
14 79806 18159 2 1 0
14 79806 13967 0 3 0
14 79806 13967 1 4 0
14 79806 13967 2 1 0
14 79806 7371 0 3 0
14 79806 7371 1 4 0
14 79806 7371 2 1 0
14 79806 28911 0 3 0
14 79806 28911 1 4 0
14 79806 28911 2 1 0
14 79806 17455 0 3 0
14 79806 17455 1 4 0
14 79806 17455 2 1 0
14 79806 21017 0 1 0
14 79806 21017 1 2 0
14 79806 21017 2 3 0
14 79806 4897 0 1 0
14 79806 4897 1 2 0
14 79806 4897 2 3 0
14 79806 27785 0 1 0
14 79806 27785 1 2 0
14 79806 27785 2 3 0
14 79806 32001 0 1 0
14 79806 32001 1 2 0
14 79806 32001 2 3 0
14 79806 24061 0 1 0
14 79806 24061 1 2 0
14 79806 24061 2 3 0
14 79806 21615 0 3 0
14 79806 21615 1 4 0
14 79806 21615 2 1 0
14 79806 29335 0 3 0
14 79806 29335 1 4 0
14 79806 29335 2 1 0
14 79806 3953 0 1 0
14 79806 3953 1 2 0
14 79806 3953 2 3 0
14 79806 30711 0 3 0
14 79806 30711 1 4 0
14 79806 30711 2 1 0
14 79806 23253 0 1 0
14 79806 23253 1 2 0
14 79806 23253 2 3 0
14 79806 16997 0 1 0
14 79806 16997 1 2 0
14 79806 16997 2 3 0
14 79806 6915 0 3 0
14 79806 6915 1 4 0
14 79806 6915 2 1 0
14 79806 16947 0 3 0
14 79806 16947 1 4 0
14 79806 16947 2 1 0
14 79806 11705 0 1 0
14 79806 11705 1 2 0
14 79806 11705 2 3 0
14 79806 1443 0 3 0
14 79806 1443 1 4 0
14 79806 1443 2 1 0
14 79806 2753 0 1 0
14 79806 2753 1 2 0
14 79806 2753 2 3 0
14 79806 21617 0 1 0
14 79806 21617 1 2 0
14 79806 21617 2 3 0
14 79806 29077 0 1 0
14 79806 29077 1 2 0
14 79806 29077 2 3 0
14 79806 7289 0 1 0
14 79806 7289 1 2 0
14 79806 7289 2 3 0
14 79806 19459 0 3 0
14 79806 19459 1 4 0
14 79806 19459 2 1 0
14 79806 17027 0 3 0
14 79806 17027 1 4 0
14 79806 17027 2 1 0
14 79806 17259 0 3 0
14 79806 17259 1 4 0
14 79806 17259 2 1 0
14 79806 5107 0 3 0
14 79806 5107 1 4 0
14 79806 5107 2 1 0
14 79806 1819 0 3 0
14 79806 1819 1 4 0
14 79806 1819 2 1 0
14 79806 16021 0 1 0
14 79806 16021 1 2 0
14 79806 16021 2 3 0
14 79806 22801 0 1 0
14 79806 22801 1 2 0
14 79806 22801 2 3 0
14 79806 2363 0 3 0
14 79806 2363 1 4 0
14 79806 2363 2 1 0
14 79806 2293 0 1 0
14 79806 2293 1 2 0
14 79806 2293 2 3 0
14 79806 32627 0 3 0
14 79806 32627 1 4 0
14 79806 32627 2 1 0
14 79806 30191 0 3 0
14 79806 30191 1 4 0
14 79806 30191 2 1 0
14 79806 7383 0 3 0
14 79806 7383 1 4 0
14 79806 7383 2 1 0
14 79806 9131 0 3 0
14 79806 9131 1 4 0
14 79806 9131 2 1 0
14 79806 17541 0 1 0
14 79806 17541 1 2 0
14 79806 17541 2 3 0
14 79806 8905 0 1 0
14 79806 8905 1 2 0
14 79806 8905 2 3 0
14 79806 10887 0 3 0
14 79806 10887 1 4 0
14 79806 10887 2 1 0
14 79806 28435 0 3 0
14 79806 28435 1 4 0
14 79806 28435 2 1 0
14 79806 16137 0 1 0
14 79806 16137 1 2 0
14 79806 16137 2 3 0
14 79806 26177 0 1 0
14 79806 26177 1 2 0
14 79806 26177 2 3 0
14 79806 19277 0 1 0
14 79806 19277 1 2 0
14 79806 19277 2 3 0
14 79806 18587 0 3 0
14 79806 18587 1 4 0
14 79806 18587 2 1 0
14 79806 17231 0 3 0
14 79806 17231 1 4 0
14 79806 17231 2 1 0
14 79806 10567 0 3 0
14 79806 10567 1 4 0
14 79806 10567 2 1 0
14 79806 20659 0 3 0
14 79806 20659 1 4 0
14 79806 20659 2 1 0
14 79806 13259 0 3 0
14 79806 13259 1 4 0
14 79806 13259 2 1 0
14 79806 4483 0 3 0
14 79806 4483 1 4 0
14 79806 4483 2 1 0
14 79806 5377 0 1 0
14 79806 5377 1 2 0
14 79806 5377 2 3 0
14 79806 17597 0 1 0
14 79806 17597 1 2 0
14 79806 17597 2 3 0
14 79806 8423 0 3 0
14 79806 8423 1 4 0
14 79806 8423 2 1 0
14 79806 8247 0 3 0
14 79806 8247 1 4 0
14 79806 8247 2 1 0
14 79806 8079 0 3 0
14 79806 8079 1 4 0
14 79806 8079 2 1 0
14 79806 3745 0 1 0
14 79806 3745 1 2 0
14 79806 3745 2 3 0
14 79806 1295 0 3 0
14 79806 1295 1 4 0
14 79806 1295 2 1 0
14 79806 27955 0 3 0
14 79806 27955 1 4 0
14 79806 27955 2 1 0
14 79806 9715 0 3 0
14 79806 9715 1 4 0
14 79806 9715 2 1 0
14 79806 1289 0 1 0
14 79806 1289 1 2 0
14 79806 1289 2 3 0
14 79806 4459 0 3 0
14 79806 4459 1 4 0
14 79806 4459 2 1 0
14 79806 13571 0 3 0
14 79806 13571 1 4 0
14 79806 13571 2 1 0
14 79806 9965 0 1 0
14 79806 9965 1 2 0
14 79806 9965 2 3 0
14 79806 3243 0 3 0
14 79806 3243 1 4 0
14 79806 3243 2 1 0
14 79806 27229 0 1 0
14 79806 27229 1 2 0
14 79806 27229 2 3 0
14 79806 7365 0 1 0
14 79806 7365 1 2 0
14 79806 7365 2 3 0
14 79806 22115 0 3 0
14 79806 22115 1 4 0
14 79806 22115 2 1 0
14 79806 16923 0 3 0
14 79806 16923 1 4 0
14 79806 16923 2 1 0
14 79806 2511 0 3 0
14 79806 2511 1 4 0
14 79806 2511 2 1 0
14 79806 21355 0 3 0
14 79806 21355 1 4 0
14 79806 21355 2 1 0
14 79806 3671 0 3 0
14 79806 3671 1 4 0
14 79806 3671 2 1 0
14 79806 8283 0 3 0
14 79806 8283 1 4 0
14 79806 8283 2 1 0
14 79806 3783 0 3 0
14 79806 3783 1 4 0
14 79806 3783 2 1 0
14 79806 16067 0 3 0
14 79806 16067 1 4 0
14 79806 16067 2 1 0
14 79806 5279 0 3 0
14 79806 5279 1 4 0
14 79806 5279 2 1 0
14 79806 13401 0 1 0
14 79806 13401 1 2 0
14 79806 13401 2 3 0
14 79806 18513 0 1 0
14 79806 18513 1 2 0
14 79806 18513 2 3 0
14 79806 21997 0 1 0
14 79806 21997 1 2 0
14 79806 21997 2 3 0
14 79806 27897 0 1 0
14 79806 27897 1 2 0
14 79806 27897 2 3 0
14 79806 16317 0 1 0
14 79806 16317 1 2 0
14 79806 16317 2 3 0
14 79806 19695 0 3 0
14 79806 19695 1 4 0
14 79806 19695 2 1 0
14 79806 1097 0 1 0
14 79806 1097 1 2 0
14 79806 1097 2 3 0
14 79806 5761 0 1 0
14 79806 5761 1 2 0
14 79806 5761 2 3 0
14 79806 9029 0 1 0
14 79806 9029 1 2 0
14 79806 9029 2 3 0
14 79806 14067 0 3 0
14 79806 14067 1 4 0
14 79806 14067 2 1 0
14 79806 16917 0 1 0
14 79806 16917 1 2 0
14 79806 16917 2 3 0
14 79806 7445 0 1 0
14 79806 7445 1 2 0
14 79806 7445 2 3 0
14 79806 22725 0 1 0
14 79806 22725 1 2 0
14 79806 22725 2 3 0
14 79806 14961 0 1 0
14 79806 14961 1 2 0
14 79806 14961 2 3 0
14 79806 5203 0 3 0
14 79806 5203 1 4 0
14 79806 5203 2 1 0
14 79806 32491 0 3 0
14 79806 32491 1 4 0
14 79806 32491 2 1 0
14 79806 21231 0 3 0
14 79806 21231 1 4 0
14 79806 21231 2 1 0
14 79806 30151 0 3 0
14 79806 30151 1 4 0
14 79806 30151 2 1 0
14 79806 3187 0 3 0
14 79806 3187 1 4 0
14 79806 3187 2 1 0
14 79806 12719 0 3 0
14 79806 12719 1 4 0
14 79806 12719 2 1 0
14 79806 12311 0 3 0
14 79806 12311 1 4 0
14 79806 12311 2 1 0
14 79806 27711 0 3 0
14 79806 27711 1 4 0
14 79806 27711 2 1 0
14 79806 14889 0 1 0
14 79806 14889 1 2 0
14 79806 14889 2 3 0
14 79806 14537 0 1 0
14 79806 14537 1 2 0
14 79806 14537 2 3 0
14 79806 16949 0 1 0
14 79806 16949 1 2 0
14 79806 16949 2 3 0
14 79806 8471 0 3 0
14 79806 8471 1 4 0
14 79806 8471 2 1 0
14 79806 17133 0 1 0
14 79806 17133 1 2 0
14 79806 17133 2 3 0
14 79806 11307 0 3 0
14 79806 11307 1 4 0
14 79806 11307 2 1 0
14 79806 24527 0 3 0
14 79806 24527 1 4 0
14 79806 24527 2 1 0
14 79806 23649 0 1 0
14 79806 23649 1 2 0
14 79806 23649 2 3 0
14 79806 4461 0 1 0
14 79806 4461 1 2 0
14 79806 4461 2 3 0
14 79806 10349 0 1 0
14 79806 10349 1 2 0
14 79806 10349 2 3 0
14 79806 25365 0 1 0
14 79806 25365 1 2 0
14 79806 25365 2 3 0
14 79806 15255 0 3 0
14 79806 15255 1 4 0
14 79806 15255 2 1 0
14 79806 6583 0 3 0
14 79806 6583 1 4 0
14 79806 6583 2 1 0
14 79806 27959 0 3 0
14 79806 27959 1 4 0
14 79806 27959 2 1 0
14 79806 16109 0 1 0
14 79806 16109 1 2 0
14 79806 16109 2 3 0
14 79806 4299 0 3 0
14 79806 4299 1 4 0
14 79806 4299 2 1 0
14 79806 32657 0 1 0
14 79806 32657 1 2 0
14 79806 32657 2 3 0
14 79806 1597 0 1 0
14 79806 1597 1 2 0
14 79806 1597 2 3 0
14 79806 16901 0 1 0
14 79806 16901 1 2 0
14 79806 16901 2 3 0
14 79806 7043 0 3 0
14 79806 7043 1 4 0
14 79806 7043 2 1 0
14 79806 23365 0 1 0
14 79806 23365 1 2 0
14 79806 23365 2 3 0
14 79806 3169 0 1 0
14 79806 3169 1 2 0
14 79806 3169 2 3 0
14 79806 6029 0 1 0
14 79806 6029 1 2 0
14 79806 6029 2 3 0
14 79806 15935 0 3 0
14 79806 15935 1 4 0
14 79806 15935 2 1 0
14 79806 13941 0 1 0
14 79806 13941 1 2 0
14 79806 13941 2 3 0
14 79806 14589 0 1 0
14 79806 14589 1 2 0
14 79806 14589 2 3 0
14 79806 5355 0 3 0
14 79806 5355 1 4 0
14 79806 5355 2 1 0
14 79806 2747 0 3 0
14 79806 2747 1 4 0
14 79806 2747 2 1 0
14 79806 13921 0 1 0
14 79806 13921 1 2 0
14 79806 13921 2 3 0
14 79806 11515 0 3 0
14 79806 11515 1 4 0
14 79806 11515 2 1 0
14 79806 24083 0 3 0
14 79806 24083 1 4 0
14 79806 24083 2 1 0
14 79806 26643 0 3 0
14 79806 26643 1 4 0
14 79806 26643 2 1 0
14 79806 7683 0 3 0
14 79806 7683 1 4 0
14 79806 7683 2 1 0
14 79806 11695 0 3 0
14 79806 11695 1 4 0
14 79806 11695 2 1 0
14 79806 30765 0 1 0
14 79806 30765 1 2 0
14 79806 30765 2 3 0
14 79806 29251 0 3 0
14 79806 29251 1 4 0
14 79806 29251 2 1 0
14 79806 14383 0 3 0
14 79806 14383 1 4 0
14 79806 14383 2 1 0
14 79806 13467 0 3 0
14 79806 13467 1 4 0
14 79806 13467 2 1 0
14 79806 9211 0 3 0
14 79806 9211 1 4 0
14 79806 9211 2 1 0
14 79806 11759 0 3 0
14 79806 11759 1 4 0
14 79806 11759 2 1 0
14 79806 30373 0 1 0
14 79806 30373 1 2 0
14 79806 30373 2 3 0
14 79806 9985 0 1 0
14 79806 9985 1 2 0
14 79806 9985 2 3 0
14 79806 30951 0 3 0
14 79806 30951 1 4 0
14 79806 30951 2 1 0
14 79806 15953 0 1 0
14 79806 15953 1 2 0
14 79806 15953 2 3 0
14 79806 30051 0 3 0
14 79806 30051 1 4 0
14 79806 30051 2 1 0
14 79806 22335 0 3 0
14 79806 22335 1 4 0
14 79806 22335 2 1 0
14 79806 4877 0 1 0
14 79806 4877 1 2 0
14 79806 4877 2 3 0
14 79806 23389 0 1 0
14 79806 23389 1 2 0
14 79806 23389 2 3 0
14 79806 11917 0 1 0
14 79806 11917 1 2 0
14 79806 11917 2 3 0
14 79806 16243 0 3 0
14 79806 16243 1 4 0
14 79806 16243 2 1 0
14 79806 3085 0 1 0
14 79806 3085 1 2 0
14 79806 3085 2 3 0
14 79806 14039 0 3 0
14 79806 14039 1 4 0
14 79806 14039 2 1 0
14 79806 16781 0 1 0
14 79806 16781 1 2 0
14 79806 16781 2 3 0
14 79806 31693 0 1 0
14 79806 31693 1 2 0
14 79806 31693 2 3 0
14 79806 8483 0 3 0
14 79806 8483 1 4 0
14 79806 8483 2 1 0
14 79806 20437 0 1 0
14 79806 20437 1 2 0
14 79806 20437 2 3 0
14 79806 24727 0 3 0
14 79806 24727 1 4 0
14 79806 24727 2 1 0
14 79806 32405 0 1 0
14 79806 32405 1 2 0
14 79806 32405 2 3 0
14 79806 17801 0 1 0
14 79806 17801 1 2 0
14 79806 17801 2 3 0
14 79806 11511 0 3 0
14 79806 11511 1 4 0
14 79806 11511 2 1 0
14 79806 30057 0 1 0
14 79806 30057 1 2 0
14 79806 30057 2 3 0
14 79806 21437 0 1 0
14 79806 21437 1 2 0
14 79806 21437 2 3 0
14 79806 2433 0 1 0
14 79806 2433 1 2 0
14 79806 2433 2 3 0
14 79806 17237 0 1 0
14 79806 17237 1 2 0
14 79806 17237 2 3 0
14 79806 7351 0 3 0
14 79806 7351 1 4 0
14 79806 7351 2 1 0
14 79806 25147 0 3 0
14 79806 25147 1 4 0
14 79806 25147 2 1 0
14 79806 24015 0 3 0
14 79806 24015 1 4 0
14 79806 24015 2 1 0
14 79806 18309 0 1 0
14 79806 18309 1 2 0
14 79806 18309 2 3 0
14 79806 27757 0 1 0
14 79806 27757 1 2 0
14 79806 27757 2 3 0
14 79806 10723 0 3 0
14 79806 10723 1 4 0
14 79806 10723 2 1 0
14 79806 19349 0 1 0
14 79806 19349 1 2 0
14 79806 19349 2 3 0
14 79806 3537 0 1 0
14 79806 3537 1 2 0
14 79806 3537 2 3 0
14 79806 22889 0 1 0
14 79806 22889 1 2 0
14 79806 22889 2 3 0
14 79806 15779 0 3 0
14 79806 15779 1 4 0
14 79806 15779 2 1 0
14 79806 28501 0 1 0
14 79806 28501 1 2 0
14 79806 28501 2 3 0
14 79806 31249 0 1 0
14 79806 31249 1 2 0
14 79806 31249 2 3 0
14 79806 21823 0 3 0
14 79806 21823 1 4 0
14 79806 21823 2 1 0
14 79806 9191 0 3 0
14 79806 9191 1 4 0
14 79806 9191 2 1 0
14 79806 24457 0 1 0
14 79806 24457 1 2 0
14 79806 24457 2 3 0
14 79806 14951 0 3 0
14 79806 14951 1 4 0
14 79806 14951 2 1 0
14 79806 5425 0 1 0
14 79806 5425 1 2 0
14 79806 5425 2 3 0
14 79806 11391 0 3 0
14 79806 11391 1 4 0
14 79806 11391 2 1 0
14 79806 3923 0 3 0
14 79806 3923 1 4 0
14 79806 3923 2 1 0
14 79806 31067 0 3 0
14 79806 31067 1 4 0
14 79806 31067 2 1 0
14 79806 16279 0 3 0
14 79806 16279 1 4 0
14 79806 16279 2 1 0
14 79806 26001 0 1 0
14 79806 26001 1 2 0
14 79806 26001 2 3 0
14 79806 10187 0 3 0
14 79806 10187 1 4 0
14 79806 10187 2 1 0
14 79806 8395 0 3 0
14 79806 8395 1 4 0
14 79806 8395 2 1 0
14 79806 15247 0 3 0
14 79806 15247 1 4 0
14 79806 15247 2 1 0
14 79806 2569 0 1 0
14 79806 2569 1 2 0
14 79806 2569 2 3 0
14 79806 18761 0 1 0
14 79806 18761 1 2 0
14 79806 18761 2 3 0
14 79806 9233 0 1 0
14 79806 9233 1 2 0
14 79806 9233 2 3 0
14 79806 11995 0 3 0
14 79806 11995 1 4 0
14 79806 11995 2 1 0
14 79806 6283 0 3 0
14 79806 6283 1 4 0
14 79806 6283 2 1 0
14 79806 13925 0 1 0
14 79806 13925 1 2 0
14 79806 13925 2 3 0
14 79806 19495 0 3 0
14 79806 19495 1 4 0
14 79806 19495 2 1 0
14 79806 1165 0 1 0
14 79806 1165 1 2 0
14 79806 1165 2 3 0
14 79806 22815 0 3 0
14 79806 22815 1 4 0
14 79806 22815 2 1 0
14 79806 10625 0 1 0
14 79806 10625 1 2 0
14 79806 10625 2 3 0
14 79806 18809 0 1 0
14 79806 18809 1 2 0
14 79806 18809 2 3 0
14 79806 18747 0 3 0
14 79806 18747 1 4 0
14 79806 18747 2 1 0
14 79806 5631 0 3 0
14 79806 5631 1 4 0
14 79806 5631 2 1 0
14 79806 6833 0 1 0
14 79806 6833 1 2 0
14 79806 6833 2 3 0
14 79806 29533 0 1 0
14 79806 29533 1 2 0
14 79806 29533 2 3 0
14 79806 31299 0 3 0
14 79806 31299 1 4 0
14 79806 31299 2 1 0
14 79806 21623 0 3 0
14 79806 21623 1 4 0
14 79806 21623 2 1 0
14 79806 15209 0 1 0
14 79806 15209 1 2 0
14 79806 15209 2 3 0
14 79806 22525 0 1 0
14 79806 22525 1 2 0
14 79806 22525 2 3 0
14 79806 18967 0 3 0
14 79806 18967 1 4 0
14 79806 18967 2 1 0
14 79806 10617 0 1 0
14 79806 10617 1 2 0
14 79806 10617 2 3 0
14 79806 12683 0 3 0
14 79806 12683 1 4 0
14 79806 12683 2 1 0
14 79806 17363 0 3 0
14 79806 17363 1 4 0
14 79806 17363 2 1 0
14 79806 2765 0 1 0
14 79806 2765 1 2 0
14 79806 2765 2 3 0
14 79806 1219 0 3 0
14 79806 1219 1 4 0
14 79806 1219 2 1 0
14 79806 1351 0 3 0
14 79806 1351 1 4 0
14 79806 1351 2 1 0
14 79806 31253 0 1 0
14 79806 31253 1 2 0
14 79806 31253 2 3 0
14 79806 15213 0 1 0
14 79806 15213 1 2 0
14 79806 15213 2 3 0
14 79806 10163 0 3 0
14 79806 10163 1 4 0
14 79806 10163 2 1 0
14 79806 30797 0 1 0
14 79806 30797 1 2 0
14 79806 30797 2 3 0
14 79806 7783 0 3 0
14 79806 7783 1 4 0
14 79806 7783 2 1 0
14 79806 32621 0 1 0
14 79806 32621 1 2 0
14 79806 32621 2 3 0
14 79806 3241 0 1 0
14 79806 3241 1 2 0
14 79806 3241 2 3 0
14 79806 11663 0 3 0
14 79806 11663 1 4 0
14 79806 11663 2 1 0
14 79806 30283 0 3 0
14 79806 30283 1 4 0
14 79806 30283 2 1 0
14 79806 10167 0 3 0
14 79806 10167 1 4 0
14 79806 10167 2 1 0
14 79806 28399 0 3 0
14 79806 28399 1 4 0
14 79806 28399 2 1 0
14 79806 6905 0 1 0
14 79806 6905 1 2 0
14 79806 6905 2 3 0
14 79806 18137 0 1 0
14 79806 18137 1 2 0
14 79806 18137 2 3 0
14 79806 941 0 1 0
14 79806 941 1 2 0
14 79806 941 2 3 0
14 79806 17721 0 1 0
14 79806 17721 1 2 0
14 79806 17721 2 3 0
14 79806 31869 0 1 0
14 79806 31869 1 2 0
14 79806 31869 2 3 0
14 79806 32347 0 3 0
14 79806 32347 1 4 0
14 79806 32347 2 1 0
14 79806 2787 0 3 0
14 79806 2787 1 4 0
14 79806 2787 2 1 0
14 79806 6419 0 3 0
14 79806 6419 1 4 0
14 79806 6419 2 1 0
14 79806 29877 0 1 0
14 79806 29877 1 2 0
14 79806 29877 2 3 0
14 79806 15175 0 3 0
14 79806 15175 1 4 0
14 79806 15175 2 1 0
14 79806 17417 0 1 0
14 79806 17417 1 2 0
14 79806 17417 2 3 0
14 79806 22263 0 3 0
14 79806 22263 1 4 0
14 79806 22263 2 1 0
14 79806 221 0 1 0
14 79806 221 1 2 0
14 79806 221 2 3 0
14 79806 3581 0 1 0
14 79806 3581 1 2 0
14 79806 3581 2 3 0
14 79806 28117 0 1 0
14 79806 28117 1 2 0
14 79806 28117 2 3 0
14 79806 10743 0 3 0
14 79806 10743 1 4 0
14 79806 10743 2 1 0
14 79806 29631 0 3 0
14 79806 29631 1 4 0
14 79806 29631 2 1 0
14 79806 31435 0 3 0
14 79806 31435 1 4 0
14 79806 31435 2 1 0
14 79806 5695 0 3 0
14 79806 5695 1 4 0
14 79806 5695 2 1 0
14 79806 13193 0 1 0
14 79806 13193 1 2 0
14 79806 13193 2 3 0
14 79806 22507 0 3 0
14 79806 22507 1 4 0
14 79806 22507 2 1 0
14 79806 16135 0 3 0
14 79806 16135 1 4 0
14 79806 16135 2 1 0
14 79806 17967 0 3 0
14 79806 17967 1 4 0
14 79806 17967 2 1 0
14 79806 10861 0 1 0
14 79806 10861 1 2 0
14 79806 10861 2 3 0
14 79806 12985 0 1 0
14 79806 12985 1 2 0
14 79806 12985 2 3 0
14 79806 18575 0 3 0
14 79806 18575 1 4 0
14 79806 18575 2 1 0
14 79806 12635 0 3 0
14 79806 12635 1 4 0
14 79806 12635 2 1 0
14 79806 17583 0 3 0
14 79806 17583 1 4 0
14 79806 17583 2 1 0
14 79806 7503 0 3 0
14 79806 7503 1 4 0
14 79806 7503 2 1 0
14 79806 1459 0 3 0
14 79806 1459 1 4 0
14 79806 1459 2 1 0
14 79806 22921 0 1 0
14 79806 22921 1 2 0
14 79806 22921 2 3 0
14 79806 4609 0 1 0
14 79806 4609 1 2 0
14 79806 4609 2 3 0
14 79806 28285 0 1 0
14 79806 28285 1 2 0
14 79806 28285 2 3 0
14 79806 21105 0 1 0
14 79806 21105 1 2 0
14 79806 21105 2 3 0
14 79806 14817 0 1 0
14 79806 14817 1 2 0
14 79806 14817 2 3 0
14 79806 17171 0 3 0
14 79806 17171 1 4 0
14 79806 17171 2 1 0
14 79806 22377 0 1 0
14 79806 22377 1 2 0
14 79806 22377 2 3 0
14 79806 1883 0 3 0
14 79806 1883 1 4 0
14 79806 1883 2 1 0
14 79806 17509 0 1 0
14 79806 17509 1 2 0
14 79806 17509 2 3 0
14 79806 15919 0 3 0
14 79806 15919 1 4 0
14 79806 15919 2 1 0
14 79806 2651 0 3 0
14 79806 2651 1 4 0
14 79806 2651 2 1 0
14 79806 30007 0 3 0
14 79806 30007 1 4 0
14 79806 30007 2 1 0
14 79806 3267 0 3 0
14 79806 3267 1 4 0
14 79806 3267 2 1 0
14 79806 18369 0 1 0
14 79806 18369 1 2 0
14 79806 18369 2 3 0
14 79806 25579 0 3 0
14 79806 25579 1 4 0
14 79806 25579 2 1 0
14 79806 20827 0 3 0
14 79806 20827 1 4 0
14 79806 20827 2 1 0
14 79806 30241 0 1 0
14 79806 30241 1 2 0
14 79806 30241 2 3 0
14 79806 11851 0 3 0
14 79806 11851 1 4 0
14 79806 11851 2 1 0
14 79806 11889 0 1 0
14 79806 11889 1 2 0
14 79806 11889 2 3 0
14 79806 1369 0 1 0
14 79806 1369 1 2 0
14 79806 1369 2 3 0
14 79806 24981 0 1 0
14 79806 24981 1 2 0
14 79806 24981 2 3 0
14 79806 17697 0 1 0
14 79806 17697 1 2 0
14 79806 17697 2 3 0
14 79806 15047 0 3 0
14 79806 15047 1 4 0
14 79806 15047 2 1 0
14 79806 357 0 1 0
14 79806 357 1 2 0
14 79806 357 2 3 0
14 79806 30117 0 1 0
14 79806 30117 1 2 0
14 79806 30117 2 3 0
14 79806 26703 0 3 0
14 79806 26703 1 4 0
14 79806 26703 2 1 0
14 79806 24613 0 1 0
14 79806 24613 1 2 0
14 79806 24613 2 3 0
14 79806 10935 0 3 0
14 79806 10935 1 4 0
14 79806 10935 2 1 0
14 79806 11727 0 3 0
14 79806 11727 1 4 0
14 79806 11727 2 1 0
14 79806 21255 0 3 0
14 79806 21255 1 4 0
14 79806 21255 2 1 0
14 79806 17053 0 1 0
14 79806 17053 1 2 0
14 79806 17053 2 3 0
14 79806 2317 0 1 0
14 79806 2317 1 2 0
14 79806 2317 2 3 0
14 79806 2845 0 1 0
14 79806 2845 1 2 0
14 79806 2845 2 3 0
14 79806 6991 0 3 0
14 79806 6991 1 4 0
14 79806 6991 2 1 0
14 79806 9567 0 3 0
14 79806 9567 1 4 0
14 79806 9567 2 1 0
14 79806 19837 0 1 0
14 79806 19837 1 2 0
14 79806 19837 2 3 0
14 79806 14053 0 1 0
14 79806 14053 1 2 0
14 79806 14053 2 3 0
14 79806 29231 0 3 0
14 79806 29231 1 4 0
14 79806 29231 2 1 0
14 79806 11913 0 1 0
14 79806 11913 1 2 0
14 79806 11913 2 3 0
14 79806 3767 0 3 0
14 79806 3767 1 4 0
14 79806 3767 2 1 0
14 79806 7847 0 3 0
14 79806 7847 1 4 0
14 79806 7847 2 1 0
14 79806 13503 0 3 0
14 79806 13503 1 4 0
14 79806 13503 2 1 0
14 79806 18403 0 3 0
14 79806 18403 1 4 0
14 79806 18403 2 1 0
14 79806 27191 0 3 0
14 79806 27191 1 4 0
14 79806 27191 2 1 0
14 79806 17533 0 1 0
14 79806 17533 1 2 0
14 79806 17533 2 3 0
14 79806 4547 0 3 0
14 79806 4547 1 4 0
14 79806 4547 2 1 0
14 79806 15269 0 1 0
14 79806 15269 1 2 0
14 79806 15269 2 3 0
14 79806 9185 0 1 0
14 79806 9185 1 2 0
14 79806 9185 2 3 0
14 79806 30401 0 1 0
14 79806 30401 1 2 0
14 79806 30401 2 3 0
14 79806 19279 0 3 0
14 79806 19279 1 4 0
14 79806 19279 2 1 0
14 79806 29475 0 3 0
14 79806 29475 1 4 0
14 79806 29475 2 1 0
14 79806 28535 0 3 0
14 79806 28535 1 4 0
14 79806 28535 2 1 0
14 79806 4515 0 3 0
14 79806 4515 1 4 0
14 79806 4515 2 1 0
14 79806 30435 0 3 0
14 79806 30435 1 4 0
14 79806 30435 2 1 0
14 79806 16747 0 3 0
14 79806 16747 1 4 0
14 79806 16747 2 1 0
14 79806 8053 0 1 0
14 79806 8053 1 2 0
14 79806 8053 2 3 0
14 79806 21019 0 3 0
14 79806 21019 1 4 0
14 79806 21019 2 1 0
14 79806 4507 0 3 0
14 79806 4507 1 4 0
14 79806 4507 2 1 0
14 79806 4499 0 3 0
14 79806 4499 1 4 0
14 79806 4499 2 1 0
14 79806 23873 0 1 0
14 79806 23873 1 2 0
14 79806 23873 2 3 0
14 79806 18691 0 3 0
14 79806 18691 1 4 0
14 79806 18691 2 1 0
14 79806 17013 0 1 0
14 79806 17013 1 2 0
14 79806 17013 2 3 0
14 79806 32257 0 1 0
14 79806 32257 1 2 0
14 79806 32257 2 3 0
14 79806 19839 0 3 0
14 79806 19839 1 4 0
14 79806 19839 2 1 0
14 79806 21909 0 1 0
14 79806 21909 1 2 0
14 79806 21909 2 3 0
14 79806 8939 0 3 0
14 79806 8939 1 4 0
14 79806 8939 2 1 0
14 79806 22495 0 3 0
14 79806 22495 1 4 0
14 79806 22495 2 1 0
14 79806 8417 0 1 0
14 79806 8417 1 2 0
14 79806 8417 2 3 0
14 79806 24953 0 1 0
14 79806 24953 1 2 0
14 79806 24953 2 3 0
14 79806 21737 0 1 0
14 79806 21737 1 2 0
14 79806 21737 2 3 0
14 79806 31623 0 3 0
14 79806 31623 1 4 0
14 79806 31623 2 1 0
14 79806 14765 0 1 0
14 79806 14765 1 2 0
14 79806 14765 2 3 0
14 79806 13109 0 1 0
14 79806 13109 1 2 0
14 79806 13109 2 3 0
14 79806 32083 0 3 0
14 79806 32083 1 4 0
14 79806 32083 2 1 0
14 79806 16495 0 3 0
14 79806 16495 1 4 0
14 79806 16495 2 1 0
14 79806 18883 0 3 0
14 79806 18883 1 4 0
14 79806 18883 2 1 0
14 79806 6339 0 3 0
14 79806 6339 1 4 0
14 79806 6339 2 1 0
14 79806 29525 0 1 0
14 79806 29525 1 2 0
14 79806 29525 2 3 0
14 79806 15243 0 3 0
14 79806 15243 1 4 0
14 79806 15243 2 1 0
14 79806 15975 0 3 0
14 79806 15975 1 4 0
14 79806 15975 2 1 0
14 79806 8239 0 3 0
14 79806 8239 1 4 0
14 79806 8239 2 1 0
14 79806 14871 0 3 0
14 79806 14871 1 4 0
14 79806 14871 2 1 0
14 79806 6877 0 1 0
14 79806 6877 1 2 0
14 79806 6877 2 3 0
14 79806 11365 0 1 0
14 79806 11365 1 2 0
14 79806 11365 2 3 0
14 79806 9617 0 1 0
14 79806 9617 1 2 0
14 79806 9617 2 3 0
14 79806 23895 0 3 0
14 79806 23895 1 4 0
14 79806 23895 2 1 0
14 79806 1503 0 3 0
14 79806 1503 1 4 0
14 79806 1503 2 1 0
14 79806 3907 0 3 0
14 79806 3907 1 4 0
14 79806 3907 2 1 0
14 79806 28597 0 1 0
14 79806 28597 1 2 0
14 79806 28597 2 3 0
14 79806 12913 0 1 0
14 79806 12913 1 2 0
14 79806 12913 2 3 0
14 79806 22439 0 3 0
14 79806 22439 1 4 0
14 79806 22439 2 1 0
14 79806 29923 0 3 0
14 79806 29923 1 4 0
14 79806 29923 2 1 0
14 79806 11025 0 1 0
14 79806 11025 1 2 0
14 79806 11025 2 3 0
14 79806 28965 0 1 0
14 79806 28965 1 2 0
14 79806 28965 2 3 0
14 79806 5059 0 3 0
14 79806 5059 1 4 0
14 79806 5059 2 1 0
14 79806 18947 0 3 0
14 79806 18947 1 4 0
14 79806 18947 2 1 0
14 79806 21859 0 3 0
14 79806 21859 1 4 0
14 79806 21859 2 1 0
14 79806 20477 0 1 0
14 79806 20477 1 2 0
14 79806 20477 2 3 0
14 79806 11445 0 1 0
14 79806 11445 1 2 0
14 79806 11445 2 3 0
14 79806 10689 0 1 0
14 79806 10689 1 2 0
14 79806 10689 2 3 0
14 79806 29505 0 1 0
14 79806 29505 1 2 0
14 79806 29505 2 3 0
14 79806 8021 0 1 0
14 79806 8021 1 2 0
14 79806 8021 2 3 0
14 79806 13069 0 1 0
14 79806 13069 1 2 0
14 79806 13069 2 3 0
14 79806 8253 0 1 0
14 79806 8253 1 2 0
14 79806 8253 2 3 0
14 79806 31365 0 1 0
14 79806 31365 1 2 0
14 79806 31365 2 3 0
14 79806 9755 0 3 0
14 79806 9755 1 4 0
14 79806 9755 2 1 0
14 79806 30437 0 1 0
14 79806 30437 1 2 0
14 79806 30437 2 3 0
14 79806 31235 0 3 0
14 79806 31235 1 4 0
14 79806 31235 2 1 0
14 79806 19017 0 1 0
14 79806 19017 1 2 0
14 79806 19017 2 3 0
14 79806 24335 0 3 0
14 79806 24335 1 4 0
14 79806 24335 2 1 0
14 79806 9651 0 3 0
14 79806 9651 1 4 0
14 79806 9651 2 1 0
15 79806 28423 0 3 0
15 79806 28423 1 4 0
15 79806 28423 2 1 0
15 79806 3975 0 3 0
15 79806 3975 1 4 0
15 79806 3975 2 1 0
15 79806 32351 0 3 0
15 79806 32351 1 4 0
15 79806 32351 2 1 0
15 79806 7621 0 1 0
15 79806 7621 1 2 0
15 79806 7621 2 3 0
15 79806 10847 0 3 0
15 79806 10847 1 4 0
15 79806 10847 2 1 0
15 79806 19891 0 3 0
15 79806 19891 1 4 0
15 79806 19891 2 1 0
15 79806 14873 0 1 0
15 79806 14873 1 2 0
15 79806 14873 2 3 0
15 79806 24281 0 1 0
15 79806 24281 1 2 0
15 79806 24281 2 3 0
15 79806 25865 0 1 0
15 79806 25865 1 2 0
15 79806 25865 2 3 0
15 79806 21393 0 1 0
15 79806 21393 1 2 0
15 79806 21393 2 3 0
15 79806 24945 0 1 0
15 79806 24945 1 2 0
15 79806 24945 2 3 0
15 79806 10339 0 3 0
15 79806 10339 1 4 0
15 79806 10339 2 1 0
15 79806 21543 0 3 0
15 79806 21543 1 4 0
15 79806 21543 2 1 0
15 79806 28693 0 1 0
15 79806 28693 1 2 0
15 79806 28693 2 3 0
15 79806 28829 0 1 0
15 79806 28829 1 2 0
15 79806 28829 2 3 0
15 79806 8737 0 1 0
15 79806 8737 1 2 0
15 79806 8737 2 3 0
15 79806 12521 0 1 0
15 79806 12521 1 2 0
15 79806 12521 2 3 0
15 79806 2899 0 3 0
15 79806 2899 1 4 0
15 79806 2899 2 1 0
15 79806 21675 0 3 0
15 79806 21675 1 4 0
15 79806 21675 2 1 0
15 79806 13845 0 1 0
15 79806 13845 1 2 0
15 79806 13845 2 3 0
15 79806 17315 0 3 0
15 79806 17315 1 4 0
15 79806 17315 2 1 0
15 79806 31957 0 1 0
15 79806 31957 1 2 0
15 79806 31957 2 3 0
15 79806 19073 0 1 0
15 79806 19073 1 2 0
15 79806 19073 2 3 0
15 79806 29941 0 1 0
15 79806 29941 1 2 0
15 79806 29941 2 3 0
15 79806 32477 0 1 0
15 79806 32477 1 2 0
15 79806 32477 2 3 0
15 79806 27585 0 1 0
15 79806 27585 1 2 0
15 79806 27585 2 3 0
15 79806 17933 0 1 0
15 79806 17933 1 2 0
15 79806 17933 2 3 0
15 79806 18713 0 1 0
15 79806 18713 1 2 0
15 79806 18713 2 3 0
15 79806 23351 0 3 0
15 79806 23351 1 4 0
15 79806 23351 2 1 0
15 79806 27993 0 1 0
15 79806 27993 1 2 0
15 79806 27993 2 3 0
15 79806 3013 0 1 0
15 79806 3013 1 2 0
15 79806 3013 2 3 0
15 79806 22641 0 1 0
15 79806 22641 1 2 0
15 79806 22641 2 3 0
15 79806 18199 0 3 0
15 79806 18199 1 4 0
15 79806 18199 2 1 0
15 79806 3687 0 3 0
15 79806 3687 1 4 0
15 79806 3687 2 1 0
15 79806 23735 0 3 0
15 79806 23735 1 4 0
15 79806 23735 2 1 0
15 79806 7281 0 1 0
15 79806 7281 1 2 0
15 79806 7281 2 3 0
15 79806 5235 0 3 0
15 79806 5235 1 4 0
15 79806 5235 2 1 0
15 79806 29797 0 1 0
15 79806 29797 1 2 0
15 79806 29797 2 3 0
15 79806 9189 0 1 0
15 79806 9189 1 2 0
15 79806 9189 2 3 0
15 79806 22057 0 1 0
15 79806 22057 1 2 0
15 79806 22057 2 3 0
15 79806 27781 0 1 0
15 79806 27781 1 2 0
15 79806 27781 2 3 0
15 79806 18113 0 1 0
15 79806 18113 1 2 0
15 79806 18113 2 3 0
15 79806 32457 0 1 0
15 79806 32457 1 2 0
15 79806 32457 2 3 0
15 79806 30273 0 1 0
15 79806 30273 1 2 0
15 79806 30273 2 3 0
15 79806 21601 0 1 0
15 79806 21601 1 2 0
15 79806 21601 2 3 0
15 79806 16273 0 1 0
15 79806 16273 1 2 0
15 79806 16273 2 3 0
15 79806 1551 0 3 0
15 79806 1551 1 4 0
15 79806 1551 2 1 0
15 79806 17995 0 3 0
15 79806 17995 1 4 0
15 79806 17995 2 1 0
15 79806 16103 0 3 0
15 79806 16103 1 4 0
15 79806 16103 2 1 0
15 79806 30715 0 3 0
15 79806 30715 1 4 0
15 79806 30715 2 1 0
15 79806 32359 0 3 0
15 79806 32359 1 4 0
15 79806 32359 2 1 0
15 79806 7663 0 3 0
15 79806 7663 1 4 0
15 79806 7663 2 1 0
15 79806 3815 0 3 0
15 79806 3815 1 4 0
15 79806 3815 2 1 0
15 79806 6199 0 3 0
15 79806 6199 1 4 0
15 79806 6199 2 1 0
15 79806 17367 0 3 0
15 79806 17367 1 4 0
15 79806 17367 2 1 0
15 79806 6347 0 3 0
15 79806 6347 1 4 0
15 79806 6347 2 1 0
15 79806 13795 0 3 0
15 79806 13795 1 4 0
15 79806 13795 2 1 0
15 79806 16063 0 3 0
15 79806 16063 1 4 0
15 79806 16063 2 1 0
15 79806 7805 0 1 0
15 79806 7805 1 2 0
15 79806 7805 2 3 0
15 79806 15767 0 3 0
15 79806 15767 1 4 0
15 79806 15767 2 1 0
15 79806 24959 0 3 0
15 79806 24959 1 4 0
15 79806 24959 2 1 0
15 79806 4209 0 1 0
15 79806 4209 1 2 0
15 79806 4209 2 3 0
15 79806 23613 0 1 0
15 79806 23613 1 2 0
15 79806 23613 2 3 0
15 79806 7985 0 1 0
15 79806 7985 1 2 0
15 79806 7985 2 3 0
15 79806 12449 0 1 0
15 79806 12449 1 2 0
15 79806 12449 2 3 0
15 79806 483 0 3 0
15 79806 483 1 4 0
15 79806 483 2 1 0
15 79806 22449 0 1 0
15 79806 22449 1 2 0
15 79806 22449 2 3 0
15 79806 28085 0 1 0
15 79806 28085 1 2 0
15 79806 28085 2 3 0
15 79806 14369 0 1 0
15 79806 14369 1 2 0
15 79806 14369 2 3 0
15 79806 12907 0 3 0
15 79806 12907 1 4 0
15 79806 12907 2 1 0
15 79806 17565 0 1 0
15 79806 17565 1 2 0
15 79806 17565 2 3 0
15 79806 30747 0 3 0
15 79806 30747 1 4 0
15 79806 30747 2 1 0
15 79806 24371 0 3 0
15 79806 24371 1 4 0
15 79806 24371 2 1 0
15 79806 6077 0 1 0
15 79806 6077 1 2 0
15 79806 6077 2 3 0
15 79806 23749 0 1 0
15 79806 23749 1 2 0
15 79806 23749 2 3 0
15 79806 12785 0 1 0
15 79806 12785 1 2 0
15 79806 12785 2 3 0
15 79806 23079 0 3 0
15 79806 23079 1 4 0
15 79806 23079 2 1 0
15 79806 30693 0 1 0
15 79806 30693 1 2 0
15 79806 30693 2 3 0
15 79806 25307 0 3 0
15 79806 25307 1 4 0
15 79806 25307 2 1 0
15 79806 29103 0 3 0
15 79806 29103 1 4 0
15 79806 29103 2 1 0
15 79806 24025 0 1 0
15 79806 24025 1 2 0
15 79806 24025 2 3 0
15 79806 6021 0 1 0
15 79806 6021 1 2 0
15 79806 6021 2 3 0
15 79806 32335 0 3 0
15 79806 32335 1 4 0
15 79806 32335 2 1 0
15 79806 3425 0 1 0
15 79806 3425 1 2 0
15 79806 3425 2 3 0
15 79806 2729 0 1 0
15 79806 2729 1 2 0
15 79806 2729 2 3 0
15 79806 12247 0 3 0
15 79806 12247 1 4 0
15 79806 12247 2 1 0
15 79806 14677 0 1 0
15 79806 14677 1 2 0
15 79806 14677 2 3 0
15 79806 1949 0 1 0
15 79806 1949 1 2 0
15 79806 1949 2 3 0
15 79806 18179 0 3 0
15 79806 18179 1 4 0
15 79806 18179 2 1 0
15 79806 29753 0 1 0
15 79806 29753 1 2 0
15 79806 29753 2 3 0
15 79806 7849 0 1 0
15 79806 7849 1 2 0
15 79806 7849 2 3 0
15 79806 18557 0 1 0
15 79806 18557 1 2 0
15 79806 18557 2 3 0
15 79806 27315 0 3 0
15 79806 27315 1 4 0
15 79806 27315 2 1 0
15 79806 10141 0 1 0
15 79806 10141 1 2 0
15 79806 10141 2 3 0
15 79806 19417 0 1 0
15 79806 19417 1 2 0
15 79806 19417 2 3 0
15 79806 9765 0 1 0
15 79806 9765 1 2 0
15 79806 9765 2 3 0
15 79806 18163 0 3 0
15 79806 18163 1 4 0
15 79806 18163 2 1 0
15 79806 23697 0 1 0
15 79806 23697 1 2 0
15 79806 23697 2 3 0
15 79806 20207 0 3 0
15 79806 20207 1 4 0
15 79806 20207 2 1 0
15 79806 11655 0 3 0
15 79806 11655 1 4 0
15 79806 11655 2 1 0
15 79806 20811 0 3 0
15 79806 20811 1 4 0
15 79806 20811 2 1 0
15 79806 10823 0 3 0
15 79806 10823 1 4 0
15 79806 10823 2 1 0
15 79806 10931 0 3 0
15 79806 10931 1 4 0
15 79806 10931 2 1 0
15 79806 23741 0 1 0
15 79806 23741 1 2 0
15 79806 23741 2 3 0
15 79806 7989 0 1 0
15 79806 7989 1 2 0
15 79806 7989 2 3 0
15 79806 14701 0 1 0
15 79806 14701 1 2 0
15 79806 14701 2 3 0
15 79806 1859 0 3 0
15 79806 1859 1 4 0
15 79806 1859 2 1 0
15 79806 32575 0 3 0
15 79806 32575 1 4 0
15 79806 32575 2 1 0
15 79806 8351 0 3 0
15 79806 8351 1 4 0
15 79806 8351 2 1 0
15 79806 23755 0 3 0
15 79806 23755 1 4 0
15 79806 23755 2 1 0
15 79806 3523 0 3 0
15 79806 3523 1 4 0
15 79806 3523 2 1 0
15 79806 20749 0 1 0
15 79806 20749 1 2 0
15 79806 20749 2 3 0
15 79806 18401 0 1 0
15 79806 18401 1 2 0
15 79806 18401 2 3 0
15 79806 23397 0 1 0
15 79806 23397 1 2 0
15 79806 23397 2 3 0
15 79806 6837 0 1 0
15 79806 6837 1 2 0
15 79806 6837 2 3 0
15 79806 26241 0 1 0
15 79806 26241 1 2 0
15 79806 26241 2 3 0
15 79806 3913 0 1 0
15 79806 3913 1 2 0
15 79806 3913 2 3 0
15 79806 21629 0 1 0
15 79806 21629 1 2 0
15 79806 21629 2 3 0
15 79806 22481 0 1 0
15 79806 22481 1 2 0
15 79806 22481 2 3 0
15 79806 5099 0 3 0
15 79806 5099 1 4 0
15 79806 5099 2 1 0
15 79806 27921 0 1 0
15 79806 27921 1 2 0
15 79806 27921 2 3 0
15 79806 15007 0 3 0
15 79806 15007 1 4 0
15 79806 15007 2 1 0
15 79806 8887 0 3 0
15 79806 8887 1 4 0
15 79806 8887 2 1 0
15 79806 26885 0 1 0
15 79806 26885 1 2 0
15 79806 26885 2 3 0
15 79806 21923 0 3 0
15 79806 21923 1 4 0
15 79806 21923 2 1 0
15 79806 12593 0 1 0
15 79806 12593 1 2 0
15 79806 12593 2 3 0
15 79806 11643 0 3 0
15 79806 11643 1 4 0
15 79806 11643 2 1 0
15 79806 14767 0 3 0
15 79806 14767 1 4 0
15 79806 14767 2 1 0
15 79806 20191 0 3 0
15 79806 20191 1 4 0
15 79806 20191 2 1 0
15 79806 2525 0 1 0
15 79806 2525 1 2 0
15 79806 2525 2 3 0
15 79806 20309 0 1 0
15 79806 20309 1 2 0
15 79806 20309 2 3 0
15 79806 29661 0 1 0
15 79806 29661 1 2 0
15 79806 29661 2 3 0
15 79806 30991 0 3 0
15 79806 30991 1 4 0
15 79806 30991 2 1 0
15 79806 30737 0 1 0
15 79806 30737 1 2 0
15 79806 30737 2 3 0
15 79806 27613 0 1 0
15 79806 27613 1 2 0
15 79806 27613 2 3 0
15 79806 28321 0 1 0
15 79806 28321 1 2 0
15 79806 28321 2 3 0
15 79806 26321 0 1 0
15 79806 26321 1 2 0
15 79806 26321 2 3 0
15 79806 8747 0 3 0
15 79806 8747 1 4 0
15 79806 8747 2 1 0
15 79806 21119 0 3 0
15 79806 21119 1 4 0
15 79806 21119 2 1 0
15 79806 28745 0 1 0
15 79806 28745 1 2 0
15 79806 28745 2 3 0
15 79806 11839 0 3 0
15 79806 11839 1 4 0
15 79806 11839 2 1 0
15 79806 16187 0 3 0
15 79806 16187 1 4 0
15 79806 16187 2 1 0
15 79806 7871 0 3 0
15 79806 7871 1 4 0
15 79806 7871 2 1 0
15 79806 4219 0 3 0
15 79806 4219 1 4 0
15 79806 4219 2 1 0
15 79806 18333 0 1 0
15 79806 18333 1 2 0
15 79806 18333 2 3 0
15 79806 18175 0 3 0
15 79806 18175 1 4 0
15 79806 18175 2 1 0
15 79806 24851 0 3 0
15 79806 24851 1 4 0
15 79806 24851 2 1 0
15 79806 31903 0 3 0
15 79806 31903 1 4 0
15 79806 31903 2 1 0
15 79806 1313 0 1 0
15 79806 1313 1 2 0
15 79806 1313 2 3 0
15 79806 31257 0 1 0
15 79806 31257 1 2 0
15 79806 31257 2 3 0
15 79806 16029 0 1 0
15 79806 16029 1 2 0
15 79806 16029 2 3 0
15 79806 13859 0 3 0
15 79806 13859 1 4 0
15 79806 13859 2 1 0
15 79806 22443 0 3 0
15 79806 22443 1 4 0
15 79806 22443 2 1 0
15 79806 27185 0 1 0
15 79806 27185 1 2 0
15 79806 27185 2 3 0
15 79806 11967 0 3 0
15 79806 11967 1 4 0
15 79806 11967 2 1 0
15 79806 28333 0 1 0
15 79806 28333 1 2 0
15 79806 28333 2 3 0
15 79806 6457 0 1 0
15 79806 6457 1 2 0
15 79806 6457 2 3 0
15 79806 24701 0 1 0
15 79806 24701 1 2 0
15 79806 24701 2 3 0
15 79806 27509 0 1 0
15 79806 27509 1 2 0
15 79806 27509 2 3 0
15 79806 16673 0 1 0
15 79806 16673 1 2 0
15 79806 16673 2 3 0
15 79806 25665 0 1 0
15 79806 25665 1 2 0
15 79806 25665 2 3 0
15 79806 10531 0 3 0
15 79806 10531 1 4 0
15 79806 10531 2 1 0
15 79806 11785 0 1 0
15 79806 11785 1 2 0
15 79806 11785 2 3 0
15 79806 3979 0 3 0
15 79806 3979 1 4 0
15 79806 3979 2 1 0
15 79806 30263 0 3 0
15 79806 30263 1 4 0
15 79806 30263 2 1 0
15 79806 14773 0 1 0
15 79806 14773 1 2 0
15 79806 14773 2 3 0
15 79806 22363 0 3 0
15 79806 22363 1 4 0
15 79806 22363 2 1 0
15 79806 17085 0 1 0
15 79806 17085 1 2 0
15 79806 17085 2 3 0
15 79806 11621 0 1 0
15 79806 11621 1 2 0
15 79806 11621 2 3 0
15 79806 23843 0 3 0
15 79806 23843 1 4 0
15 79806 23843 2 1 0
15 79806 15429 0 1 0
15 79806 15429 1 2 0
15 79806 15429 2 3 0
15 79806 229 0 1 0
15 79806 229 1 2 0
15 79806 229 2 3 0
15 79806 11357 0 1 0
15 79806 11357 1 2 0
15 79806 11357 2 3 0
15 79806 21883 0 3 0
15 79806 21883 1 4 0
15 79806 21883 2 1 0
15 79806 31681 0 1 0
15 79806 31681 1 2 0
15 79806 31681 2 3 0
15 79806 6385 0 1 0
15 79806 6385 1 2 0
15 79806 6385 2 3 0
15 79806 28251 0 3 0
15 79806 28251 1 4 0
15 79806 28251 2 1 0
15 79806 14741 0 1 0
15 79806 14741 1 2 0
15 79806 14741 2 3 0
15 79806 16611 0 3 0
15 79806 16611 1 4 0
15 79806 16611 2 1 0
15 79806 7925 0 1 0
15 79806 7925 1 2 0
15 79806 7925 2 3 0
15 79806 26919 0 3 0
15 79806 26919 1 4 0
15 79806 26919 2 1 0
15 79806 22143 0 3 0
15 79806 22143 1 4 0
15 79806 22143 2 1 0
15 79806 4801 0 1 0
15 79806 4801 1 2 0
15 79806 4801 2 3 0
15 79806 25461 0 1 0
15 79806 25461 1 2 0
15 79806 25461 2 3 0
15 79806 32749 0 1 0
15 79806 32749 1 2 0
15 79806 32749 2 3 0
15 79806 27683 0 3 0
15 79806 27683 1 4 0
15 79806 27683 2 1 0
15 79806 16635 0 3 0
15 79806 16635 1 4 0
15 79806 16635 2 1 0
15 79806 11299 0 3 0
15 79806 11299 1 4 0
15 79806 11299 2 1 0
15 79806 6881 0 1 0
15 79806 6881 1 2 0
15 79806 6881 2 3 0
15 79806 8237 0 1 0
15 79806 8237 1 2 0
15 79806 8237 2 3 0
15 79806 30823 0 3 0
15 79806 30823 1 4 0
15 79806 30823 2 1 0
15 79806 19577 0 1 0
15 79806 19577 1 2 0
15 79806 19577 2 3 0
15 79806 4081 0 1 0
15 79806 4081 1 2 0
15 79806 4081 2 3 0
15 79806 30653 0 1 0
15 79806 30653 1 2 0
15 79806 30653 2 3 0
15 79806 5913 0 1 0
15 79806 5913 1 2 0
15 79806 5913 2 3 0
15 79806 20347 0 3 0
15 79806 20347 1 4 0
15 79806 20347 2 1 0
15 79806 11583 0 3 0
15 79806 11583 1 4 0
15 79806 11583 2 1 0
15 79806 25953 0 1 0
15 79806 25953 1 2 0
15 79806 25953 2 3 0
15 79806 9335 0 3 0
15 79806 9335 1 4 0
15 79806 9335 2 1 0
15 79806 5757 0 1 0
15 79806 5757 1 2 0
15 79806 5757 2 3 0
15 79806 19015 0 3 0
15 79806 19015 1 4 0
15 79806 19015 2 1 0
15 79806 13011 0 3 0
15 79806 13011 1 4 0
15 79806 13011 2 1 0
15 79806 18515 0 3 0
15 79806 18515 1 4 0
15 79806 18515 2 1 0
15 79806 20093 0 1 0
15 79806 20093 1 2 0
15 79806 20093 2 3 0
15 79806 153 0 1 0
15 79806 153 1 2 0
15 79806 153 2 3 0
15 79806 16791 0 3 0
15 79806 16791 1 4 0
15 79806 16791 2 1 0
15 79806 3525 0 1 0
15 79806 3525 1 2 0
15 79806 3525 2 3 0
15 79806 29247 0 3 0
15 79806 29247 1 4 0
15 79806 29247 2 1 0
15 79806 26237 0 1 0
15 79806 26237 1 2 0
15 79806 26237 2 3 0
15 79806 9287 0 3 0
15 79806 9287 1 4 0
15 79806 9287 2 1 0
15 79806 29219 0 3 0
15 79806 29219 1 4 0
15 79806 29219 2 1 0
15 79806 125 0 1 0
15 79806 125 1 2 0
15 79806 125 2 3 0
15 79806 15125 0 1 0
15 79806 15125 1 2 0
15 79806 15125 2 3 0
15 79806 28315 0 3 0
15 79806 28315 1 4 0
15 79806 28315 2 1 0
15 79806 10215 0 3 0
15 79806 10215 1 4 0
15 79806 10215 2 1 0
15 79806 26503 0 3 0
15 79806 26503 1 4 0
15 79806 26503 2 1 0
15 79806 15831 0 3 0
15 79806 15831 1 4 0
15 79806 15831 2 1 0
15 79806 10175 0 3 0
15 79806 10175 1 4 0
15 79806 10175 2 1 0
15 79806 2267 0 3 0
15 79806 2267 1 4 0
15 79806 2267 2 1 0
15 79806 29931 0 3 0
15 79806 29931 1 4 0
15 79806 29931 2 1 0
15 79806 4737 0 1 0
15 79806 4737 1 2 0
15 79806 4737 2 3 0
15 79806 2697 0 1 0
15 79806 2697 1 2 0
15 79806 2697 2 3 0
15 79806 24249 0 1 0
15 79806 24249 1 2 0
15 79806 24249 2 3 0
15 79806 8159 0 3 0
15 79806 8159 1 4 0
15 79806 8159 2 1 0
15 79806 21835 0 3 0
15 79806 21835 1 4 0
15 79806 21835 2 1 0
15 79806 7635 0 3 0
15 79806 7635 1 4 0
15 79806 7635 2 1 0
15 79806 21293 0 1 0
15 79806 21293 1 2 0
15 79806 21293 2 3 0
15 79806 22691 0 3 0
15 79806 22691 1 4 0
15 79806 22691 2 1 0
15 79806 17985 0 1 0
15 79806 17985 1 2 0
15 79806 17985 2 3 0
15 79806 20575 0 3 0
15 79806 20575 1 4 0
15 79806 20575 2 1 0
15 79806 2555 0 3 0
15 79806 2555 1 4 0
15 79806 2555 2 1 0
15 79806 22707 0 3 0
15 79806 22707 1 4 0
15 79806 22707 2 1 0
15 79806 25697 0 1 0
15 79806 25697 1 2 0
15 79806 25697 2 3 0
15 79806 205 0 1 0
15 79806 205 1 2 0
15 79806 205 2 3 0
15 79806 6507 0 3 0
15 79806 6507 1 4 0
15 79806 6507 2 1 0
15 79806 11311 0 3 0
15 79806 11311 1 4 0
15 79806 11311 2 1 0
15 79806 8839 0 3 0
15 79806 8839 1 4 0
15 79806 8839 2 1 0
15 79806 1089 0 1 0
15 79806 1089 1 2 0
15 79806 1089 2 3 0
15 79806 685 0 1 0
15 79806 685 1 2 0
15 79806 685 2 3 0
15 79806 5507 0 3 0
15 79806 5507 1 4 0
15 79806 5507 2 1 0
15 79806 6515 0 3 0
15 79806 6515 1 4 0
15 79806 6515 2 1 0
15 79806 3835 0 3 0
15 79806 3835 1 4 0
15 79806 3835 2 1 0
15 79806 2731 0 3 0
15 79806 2731 1 4 0
15 79806 2731 2 1 0
15 79806 26857 0 1 0
15 79806 26857 1 2 0
15 79806 26857 2 3 0
15 79806 18283 0 3 0
15 79806 18283 1 4 0
15 79806 18283 2 1 0
15 79806 6551 0 3 0
15 79806 6551 1 4 0
15 79806 6551 2 1 0
15 79806 19873 0 1 0
15 79806 19873 1 2 0
15 79806 19873 2 3 0
15 79806 26633 0 1 0
15 79806 26633 1 2 0
15 79806 26633 2 3 0
15 79806 13137 0 1 0
15 79806 13137 1 2 0
15 79806 13137 2 3 0
15 79806 31331 0 3 0
15 79806 31331 1 4 0
15 79806 31331 2 1 0
15 79806 22973 0 1 0
15 79806 22973 1 2 0
15 79806 22973 2 3 0
15 79806 19433 0 1 0
15 79806 19433 1 2 0
15 79806 19433 2 3 0
15 79806 22487 0 3 0
15 79806 22487 1 4 0
15 79806 22487 2 1 0
15 79806 8733 0 1 0
15 79806 8733 1 2 0
15 79806 8733 2 3 0
15 79806 27725 0 1 0
15 79806 27725 1 2 0
15 79806 27725 2 3 0
15 79806 2979 0 3 0
15 79806 2979 1 4 0
15 79806 2979 2 1 0
15 79806 3281 0 1 0
15 79806 3281 1 2 0
15 79806 3281 2 3 0
15 79806 19731 0 3 0
15 79806 19731 1 4 0
15 79806 19731 2 1 0
15 79806 27513 0 1 0
15 79806 27513 1 2 0
15 79806 27513 2 3 0
15 79806 2509 0 1 0
15 79806 2509 1 2 0
15 79806 2509 2 3 0
15 79806 7831 0 3 0
15 79806 7831 1 4 0
15 79806 7831 2 1 0
15 79806 8211 0 3 0
15 79806 8211 1 4 0
15 79806 8211 2 1 0
15 79806 7909 0 1 0
15 79806 7909 1 2 0
15 79806 7909 2 3 0
15 79806 20433 0 1 0
15 79806 20433 1 2 0
15 79806 20433 2 3 0
15 79806 2885 0 1 0
15 79806 2885 1 2 0
15 79806 2885 2 3 0
15 79806 6867 0 3 0
15 79806 6867 1 4 0
15 79806 6867 2 1 0
15 79806 20199 0 3 0
15 79806 20199 1 4 0
15 79806 20199 2 1 0
15 79806 31003 0 3 0
15 79806 31003 1 4 0
15 79806 31003 2 1 0
15 79806 20747 0 3 0
15 79806 20747 1 4 0
15 79806 20747 2 1 0
15 79806 13253 0 1 0
15 79806 13253 1 2 0
15 79806 13253 2 3 0
15 79806 12423 0 3 0
15 79806 12423 1 4 0
15 79806 12423 2 1 0
15 79806 21449 0 1 0
15 79806 21449 1 2 0
15 79806 21449 2 3 0
15 79806 26427 0 3 0
15 79806 26427 1 4 0
15 79806 26427 2 1 0
15 79806 14847 0 3 0
15 79806 14847 1 4 0
15 79806 14847 2 1 0
15 79806 10807 0 3 0
15 79806 10807 1 4 0
15 79806 10807 2 1 0
15 79806 26205 0 1 0
15 79806 26205 1 2 0
15 79806 26205 2 3 0
15 79806 4075 0 3 0
15 79806 4075 1 4 0
15 79806 4075 2 1 0
15 79806 31049 0 1 0
15 79806 31049 1 2 0
15 79806 31049 2 3 0
15 79806 28957 0 1 0
15 79806 28957 1 2 0
15 79806 28957 2 3 0
15 79806 2415 0 3 0
15 79806 2415 1 4 0
15 79806 2415 2 1 0
15 79806 17195 0 3 0
15 79806 17195 1 4 0
15 79806 17195 2 1 0
15 79806 25945 0 1 0
15 79806 25945 1 2 0
15 79806 25945 2 3 0
15 79806 5745 0 1 0
15 79806 5745 1 2 0
15 79806 5745 2 3 0
15 79806 23231 0 3 0
15 79806 23231 1 4 0
15 79806 23231 2 1 0
15 79806 13431 0 3 0
15 79806 13431 1 4 0
15 79806 13431 2 1 0
15 79806 31295 0 3 0
15 79806 31295 1 4 0
15 79806 31295 2 1 0
15 79806 8171 0 3 0
15 79806 8171 1 4 0
15 79806 8171 2 1 0
15 79806 19545 0 1 0
15 79806 19545 1 2 0
15 79806 19545 2 3 0
15 79806 23311 0 3 0
15 79806 23311 1 4 0
15 79806 23311 2 1 0
15 79806 18609 0 1 0
15 79806 18609 1 2 0
15 79806 18609 2 3 0
15 79806 15027 0 3 0
15 79806 15027 1 4 0
15 79806 15027 2 1 0
15 79806 20929 0 1 0
15 79806 20929 1 2 0
15 79806 20929 2 3 0
15 79806 14967 0 3 0
15 79806 14967 1 4 0
15 79806 14967 2 1 0
15 79806 4637 0 1 0
15 79806 4637 1 2 0
15 79806 4637 2 3 0
15 79806 7175 0 3 0
15 79806 7175 1 4 0
15 79806 7175 2 1 0
15 79806 425 0 1 0
15 79806 425 1 2 0
15 79806 425 2 3 0
15 79806 7995 0 3 0
15 79806 7995 1 4 0
15 79806 7995 2 1 0
15 79806 8865 0 1 0
15 79806 8865 1 2 0
15 79806 8865 2 3 0
15 79806 24267 0 3 0
15 79806 24267 1 4 0
15 79806 24267 2 1 0
15 79806 20259 0 3 0
15 79806 20259 1 4 0
15 79806 20259 2 1 0
15 79806 2319 0 3 0
15 79806 2319 1 4 0
15 79806 2319 2 1 0
15 79806 12131 0 3 0
15 79806 12131 1 4 0
15 79806 12131 2 1 0
15 79806 8835 0 3 0
15 79806 8835 1 4 0
15 79806 8835 2 1 0
15 79806 1685 0 1 0
15 79806 1685 1 2 0
15 79806 1685 2 3 0
15 79806 20151 0 3 0
15 79806 20151 1 4 0
15 79806 20151 2 1 0
15 79806 8797 0 1 0
15 79806 8797 1 2 0
15 79806 8797 2 3 0
15 79806 18789 0 1 0
15 79806 18789 1 2 0
15 79806 18789 2 3 0
15 79806 10473 0 1 0
15 79806 10473 1 2 0
15 79806 10473 2 3 0
15 79806 25219 0 3 0
15 79806 25219 1 4 0
15 79806 25219 2 1 0
15 79806 28135 0 3 0
15 79806 28135 1 4 0
15 79806 28135 2 1 0
15 79806 4709 0 1 0
15 79806 4709 1 2 0
15 79806 4709 2 3 0
15 79806 17107 0 3 0
15 79806 17107 1 4 0
15 79806 17107 2 1 0
15 79806 665 0 1 0
15 79806 665 1 2 0
15 79806 665 2 3 0
15 79806 17153 0 1 0
15 79806 17153 1 2 0
15 79806 17153 2 3 0
15 79806 2931 0 3 0
15 79806 2931 1 4 0
15 79806 2931 2 1 0
15 79806 4751 0 3 0
15 79806 4751 1 4 0
15 79806 4751 2 1 0
15 79806 22907 0 3 0
15 79806 22907 1 4 0
15 79806 22907 2 1 0
15 79806 4091 0 3 0
15 79806 4091 1 4 0
15 79806 4091 2 1 0
15 79806 4143 0 3 0
15 79806 4143 1 4 0
15 79806 4143 2 1 0
15 79806 15991 0 3 0
15 79806 15991 1 4 0
15 79806 15991 2 1 0
15 79806 19019 0 3 0
15 79806 19019 1 4 0
15 79806 19019 2 1 0
15 79806 28373 0 1 0
15 79806 28373 1 2 0
15 79806 28373 2 3 0
15 79806 17731 0 3 0
15 79806 17731 1 4 0
15 79806 17731 2 1 0
15 79806 11153 0 1 0
15 79806 11153 1 2 0
15 79806 11153 2 3 0
15 79806 17717 0 1 0
15 79806 17717 1 2 0
15 79806 17717 2 3 0
15 79806 5701 0 1 0
15 79806 5701 1 2 0
15 79806 5701 2 3 0
15 79806 25199 0 3 0
15 79806 25199 1 4 0
15 79806 25199 2 1 0
15 79806 18289 0 1 0
15 79806 18289 1 2 0
15 79806 18289 2 3 0
15 79806 24041 0 1 0
15 79806 24041 1 2 0
15 79806 24041 2 3 0
15 79806 26305 0 1 0
15 79806 26305 1 2 0
15 79806 26305 2 3 0
15 79806 29071 0 3 0
15 79806 29071 1 4 0
15 79806 29071 2 1 0
15 79806 13289 0 1 0
15 79806 13289 1 2 0
15 79806 13289 2 3 0
15 79806 31509 0 1 0
15 79806 31509 1 2 0
15 79806 31509 2 3 0
15 79806 25723 0 3 0
15 79806 25723 1 4 0
15 79806 25723 2 1 0
15 79806 10133 0 1 0
15 79806 10133 1 2 0
15 79806 10133 2 3 0
15 79806 7917 0 1 0
15 79806 7917 1 2 0
15 79806 7917 2 3 0
15 79806 15471 0 3 0
15 79806 15471 1 4 0
15 79806 15471 2 1 0
15 79806 469 0 1 0
15 79806 469 1 2 0
15 79806 469 2 3 0
15 79806 3787 0 3 0
15 79806 3787 1 4 0
15 79806 3787 2 1 0
15 79806 30517 0 1 0
15 79806 30517 1 2 0
15 79806 30517 2 3 0
15 79806 14083 0 3 0
15 79806 14083 1 4 0
15 79806 14083 2 1 0
15 79806 13287 0 3 0
15 79806 13287 1 4 0
15 79806 13287 2 1 0
15 79806 7163 0 3 0
15 79806 7163 1 4 0
15 79806 7163 2 1 0
15 79806 28945 0 1 0
15 79806 28945 1 2 0
15 79806 28945 2 3 0
15 79806 31987 0 3 0
15 79806 31987 1 4 0
15 79806 31987 2 1 0
15 79806 6013 0 1 0
15 79806 6013 1 2 0
15 79806 6013 2 3 0
15 79806 32301 0 1 0
15 79806 32301 1 2 0
15 79806 32301 2 3 0
15 79806 29451 0 3 0
15 79806 29451 1 4 0
15 79806 29451 2 1 0
15 79806 7583 0 3 0
15 79806 7583 1 4 0
15 79806 7583 2 1 0
15 79806 27305 0 1 0
15 79806 27305 1 2 0
15 79806 27305 2 3 0
15 79806 7963 0 3 0
15 79806 7963 1 4 0
15 79806 7963 2 1 0
15 79806 8497 0 1 0
15 79806 8497 1 2 0
15 79806 8497 2 3 0
15 79806 8863 0 3 0
15 79806 8863 1 4 0
15 79806 8863 2 1 0
15 79806 11795 0 3 0
15 79806 11795 1 4 0
15 79806 11795 2 1 0
15 79806 29127 0 3 0
15 79806 29127 1 4 0
15 79806 29127 2 1 0
15 79806 5535 0 3 0
15 79806 5535 1 4 0
15 79806 5535 2 1 0
15 79806 30295 0 3 0
15 79806 30295 1 4 0
15 79806 30295 2 1 0
15 79806 27313 0 1 0
15 79806 27313 1 2 0
15 79806 27313 2 3 0
15 79806 13487 0 3 0
15 79806 13487 1 4 0
15 79806 13487 2 1 0
15 79806 28293 0 1 0
15 79806 28293 1 2 0
15 79806 28293 2 3 0
15 79806 21459 0 3 0
15 79806 21459 1 4 0
15 79806 21459 2 1 0
15 79806 11497 0 1 0
15 79806 11497 1 2 0
15 79806 11497 2 3 0
15 79806 14743 0 3 0
15 79806 14743 1 4 0
15 79806 14743 2 1 0
15 79806 965 0 1 0
15 79806 965 1 2 0
15 79806 965 2 3 0
15 79806 2639 0 3 0
15 79806 2639 1 4 0
15 79806 2639 2 1 0
15 79806 9027 0 3 0
15 79806 9027 1 4 0
15 79806 9027 2 1 0
15 79806 26129 0 1 0
15 79806 26129 1 2 0
15 79806 26129 2 3 0
15 79806 4993 0 1 0
15 79806 4993 1 2 0
15 79806 4993 2 3 0
15 79806 17517 0 1 0
15 79806 17517 1 2 0
15 79806 17517 2 3 0
15 79806 3357 0 1 0
15 79806 3357 1 2 0
15 79806 3357 2 3 0
15 79806 2945 0 1 0
15 79806 2945 1 2 0
15 79806 2945 2 3 0
15 79806 6423 0 3 0
15 79806 6423 1 4 0
15 79806 6423 2 1 0
15 79806 6619 0 3 0
15 79806 6619 1 4 0
15 79806 6619 2 1 0
15 79806 10445 0 1 0
15 79806 10445 1 2 0
15 79806 10445 2 3 0
15 79806 25475 0 3 0
15 79806 25475 1 4 0
15 79806 25475 2 1 0
15 79806 18035 0 3 0
15 79806 18035 1 4 0
15 79806 18035 2 1 0
15 79806 6771 0 3 0
15 79806 6771 1 4 0
15 79806 6771 2 1 0
15 79806 24961 0 1 0
15 79806 24961 1 2 0
15 79806 24961 2 3 0
15 79806 13937 0 1 0
15 79806 13937 1 2 0
15 79806 13937 2 3 0
15 79806 10855 0 3 0
15 79806 10855 1 4 0
15 79806 10855 2 1 0
15 79806 30075 0 3 0
15 79806 30075 1 4 0
15 79806 30075 2 1 0
15 79806 16777 0 1 0
15 79806 16777 1 2 0
15 79806 16777 2 3 0
15 79806 21225 0 1 0
15 79806 21225 1 2 0
15 79806 21225 2 3 0
15 79806 7417 0 1 0
15 79806 7417 1 2 0
15 79806 7417 2 3 0
15 79806 28833 0 1 0
15 79806 28833 1 2 0
15 79806 28833 2 3 0
15 79806 6057 0 1 0
15 79806 6057 1 2 0
15 79806 6057 2 3 0
15 79806 1039 0 3 0
15 79806 1039 1 4 0
15 79806 1039 2 1 0
15 79806 3545 0 1 0
15 79806 3545 1 2 0
15 79806 3545 2 3 0
15 79806 24671 0 3 0
15 79806 24671 1 4 0
15 79806 24671 2 1 0
15 79806 2843 0 3 0
15 79806 2843 1 4 0
15 79806 2843 2 1 0
15 79806 32543 0 3 0
15 79806 32543 1 4 0
15 79806 32543 2 1 0
15 79806 32631 0 3 0
15 79806 32631 1 4 0
15 79806 32631 2 1 0
15 79806 6883 0 3 0
15 79806 6883 1 4 0
15 79806 6883 2 1 0
15 79806 16667 0 3 0
15 79806 16667 1 4 0
15 79806 16667 2 1 0
15 79806 14687 0 3 0
15 79806 14687 1 4 0
15 79806 14687 2 1 0
15 79806 13735 0 3 0
15 79806 13735 1 4 0
15 79806 13735 2 1 0
15 79806 9889 0 1 0
15 79806 9889 1 2 0
15 79806 9889 2 3 0
15 79806 3171 0 3 0
15 79806 3171 1 4 0
15 79806 3171 2 1 0
15 79806 24423 0 3 0
15 79806 24423 1 4 0
15 79806 24423 2 1 0
15 79806 2703 0 3 0
15 79806 2703 1 4 0
15 79806 2703 2 1 0
15 79806 25983 0 3 0
15 79806 25983 1 4 0
15 79806 25983 2 1 0
15 79806 4641 0 1 0
15 79806 4641 1 2 0
15 79806 4641 2 3 0
15 79806 31985 0 1 0
15 79806 31985 1 2 0
15 79806 31985 2 3 0
15 79806 17405 0 1 0
15 79806 17405 1 2 0
15 79806 17405 2 3 0
15 79806 4983 0 3 0
15 79806 4983 1 4 0
15 79806 4983 2 1 0
15 79806 21249 0 1 0
15 79806 21249 1 2 0
15 79806 21249 2 3 0
15 79806 14565 0 1 0
15 79806 14565 1 2 0
15 79806 14565 2 3 0
15 79806 26537 0 1 0
15 79806 26537 1 2 0
15 79806 26537 2 3 0
15 79806 5337 0 1 0
15 79806 5337 1 2 0
15 79806 5337 2 3 0
15 79806 20321 0 1 0
15 79806 20321 1 2 0
15 79806 20321 2 3 0
15 79806 28613 0 1 0
15 79806 28613 1 2 0
15 79806 28613 2 3 0
15 79806 6449 0 1 0
15 79806 6449 1 2 0
15 79806 6449 2 3 0
15 79806 531 0 3 0
15 79806 531 1 4 0
15 79806 531 2 1 0
15 79806 30969 0 1 0
15 79806 30969 1 2 0
15 79806 30969 2 3 0
15 79806 10739 0 3 0
15 79806 10739 1 4 0
15 79806 10739 2 1 0
15 79806 20945 0 1 0
15 79806 20945 1 2 0
15 79806 20945 2 3 0
15 79806 12133 0 1 0
15 79806 12133 1 2 0
15 79806 12133 2 3 0
15 79806 32611 0 3 0
15 79806 32611 1 4 0
15 79806 32611 2 1 0
15 79806 4047 0 3 0
15 79806 4047 1 4 0
15 79806 4047 2 1 0
15 79806 9309 0 1 0
15 79806 9309 1 2 0
15 79806 9309 2 3 0
15 79806 4099 0 3 0
15 79806 4099 1 4 0
15 79806 4099 2 1 0
15 79806 7993 0 1 0
15 79806 7993 1 2 0
15 79806 7993 2 3 0
15 79806 20185 0 1 0
15 79806 20185 1 2 0
15 79806 20185 2 3 0
15 79806 3991 0 3 0
15 79806 3991 1 4 0
15 79806 3991 2 1 0
15 79806 28683 0 3 0
15 79806 28683 1 4 0
15 79806 28683 2 1 0
15 79806 709 0 1 0
15 79806 709 1 2 0
15 79806 709 2 3 0
15 79806 14239 0 3 0
15 79806 14239 1 4 0
15 79806 14239 2 1 0
15 79806 22489 0 1 0
15 79806 22489 1 2 0
15 79806 22489 2 3 0
15 79806 8315 0 3 0
15 79806 8315 1 4 0
15 79806 8315 2 1 0
15 79806 18191 0 3 0
15 79806 18191 1 4 0
15 79806 18191 2 1 0
15 79806 25281 0 1 0
15 79806 25281 1 2 0
15 79806 25281 2 3 0
15 79806 16225 0 1 0
15 79806 16225 1 2 0
15 79806 16225 2 3 0
15 79806 18599 0 3 0
15 79806 18599 1 4 0
15 79806 18599 2 1 0
15 79806 23199 0 3 0
15 79806 23199 1 4 0
15 79806 23199 2 1 0
15 79806 9701 0 1 0
15 79806 9701 1 2 0
15 79806 9701 2 3 0
15 79806 17727 0 3 0
15 79806 17727 1 4 0
15 79806 17727 2 1 0
15 79806 22105 0 1 0
15 79806 22105 1 2 0
15 79806 22105 2 3 0
15 79806 20649 0 1 0
15 79806 20649 1 2 0
15 79806 20649 2 3 0
15 79806 14163 0 3 0
15 79806 14163 1 4 0
15 79806 14163 2 1 0
15 79806 831 0 3 0
15 79806 831 1 4 0
15 79806 831 2 1 0
15 79806 23517 0 1 0
15 79806 23517 1 2 0
15 79806 23517 2 3 0
15 79806 2667 0 3 0
15 79806 2667 1 4 0
15 79806 2667 2 1 0
15 79806 1117 0 1 0
15 79806 1117 1 2 0
15 79806 1117 2 3 0
15 79806 20753 0 1 0
15 79806 20753 1 2 0
15 79806 20753 2 3 0
15 79806 17251 0 3 0
15 79806 17251 1 4 0
15 79806 17251 2 1 0
15 79806 8373 0 1 0
15 79806 8373 1 2 0
15 79806 8373 2 3 0
15 79806 22051 0 3 0
15 79806 22051 1 4 0
15 79806 22051 2 1 0
15 79806 30143 0 3 0
15 79806 30143 1 4 0
15 79806 30143 2 1 0
15 79806 10633 0 1 0
15 79806 10633 1 2 0
15 79806 10633 2 3 0
15 79806 26971 0 3 0
15 79806 26971 1 4 0
15 79806 26971 2 1 0
15 79806 7155 0 3 0
15 79806 7155 1 4 0
15 79806 7155 2 1 0
15 79806 25879 0 3 0
15 79806 25879 1 4 0
15 79806 25879 2 1 0
15 79806 15447 0 3 0
15 79806 15447 1 4 0
15 79806 15447 2 1 0
15 79806 9741 0 1 0
15 79806 9741 1 2 0
15 79806 9741 2 3 0
15 79806 10211 0 3 0
15 79806 10211 1 4 0
15 79806 10211 2 1 0
15 79806 5095 0 3 0
15 79806 5095 1 4 0
15 79806 5095 2 1 0
15 79806 27287 0 3 0
15 79806 27287 1 4 0
15 79806 27287 2 1 0
15 79806 5421 0 1 0
15 79806 5421 1 2 0
15 79806 5421 2 3 0
15 79806 4431 0 3 0
15 79806 4431 1 4 0
15 79806 4431 2 1 0
15 79806 4725 0 1 0
15 79806 4725 1 2 0
15 79806 4725 2 3 0
15 79806 18355 0 3 0
15 79806 18355 1 4 0
15 79806 18355 2 1 0
15 79806 8907 0 3 0
15 79806 8907 1 4 0
15 79806 8907 2 1 0
15 79806 18849 0 1 0
15 79806 18849 1 2 0
15 79806 18849 2 3 0
15 79806 6935 0 3 0
15 79806 6935 1 4 0
15 79806 6935 2 1 0
15 79806 17807 0 3 0
15 79806 17807 1 4 0
15 79806 17807 2 1 0
15 79806 32499 0 3 0
15 79806 32499 1 4 0
15 79806 32499 2 1 0
15 79806 30487 0 3 0
15 79806 30487 1 4 0
15 79806 30487 2 1 0
15 79806 5653 0 1 0
15 79806 5653 1 2 0
15 79806 5653 2 3 0
15 79806 31911 0 3 0
15 79806 31911 1 4 0
15 79806 31911 2 1 0
15 79806 16993 0 1 0
15 79806 16993 1 2 0
15 79806 16993 2 3 0
15 79806 15673 0 1 0
15 79806 15673 1 2 0
15 79806 15673 2 3 0
15 79806 16961 0 1 0
15 79806 16961 1 2 0
15 79806 16961 2 3 0
15 79806 19935 0 3 0
15 79806 19935 1 4 0
15 79806 19935 2 1 0
15 79806 9283 0 3 0
15 79806 9283 1 4 0
15 79806 9283 2 1 0
15 79806 2875 0 3 0
15 79806 2875 1 4 0
15 79806 2875 2 1 0
15 79806 21245 0 1 0
15 79806 21245 1 2 0
15 79806 21245 2 3 0
15 79806 9707 0 3 0
15 79806 9707 1 4 0
15 79806 9707 2 1 0
15 79806 3345 0 1 0
15 79806 3345 1 2 0
15 79806 3345 2 3 0
15 79806 12445 0 1 0
15 79806 12445 1 2 0
15 79806 12445 2 3 0
15 79806 7005 0 1 0
15 79806 7005 1 2 0
15 79806 7005 2 3 0
15 79806 18253 0 1 0
15 79806 18253 1 2 0
15 79806 18253 2 3 0
15 79806 19435 0 3 0
15 79806 19435 1 4 0
15 79806 19435 2 1 0
15 79806 7229 0 1 0
15 79806 7229 1 2 0
15 79806 7229 2 3 0
15 79806 15789 0 1 0
15 79806 15789 1 2 0
15 79806 15789 2 3 0
15 79806 3847 0 3 0
15 79806 3847 1 4 0
15 79806 3847 2 1 0
15 79806 15617 0 1 0
15 79806 15617 1 2 0
15 79806 15617 2 3 0
15 79806 25521 0 1 0
15 79806 25521 1 2 0
15 79806 25521 2 3 0
15 79806 8913 0 1 0
15 79806 8913 1 2 0
15 79806 8913 2 3 0
15 79806 2587 0 3 0
15 79806 2587 1 4 0
15 79806 2587 2 1 0
15 79806 25465 0 1 0
15 79806 25465 1 2 0
15 79806 25465 2 3 0
15 79806 11725 0 1 0
15 79806 11725 1 2 0
15 79806 11725 2 3 0
15 79806 19291 0 3 0
15 79806 19291 1 4 0
15 79806 19291 2 1 0
15 79806 16297 0 1 0
15 79806 16297 1 2 0
15 79806 16297 2 3 0
15 79806 6801 0 1 0
15 79806 6801 1 2 0
15 79806 6801 2 3 0
15 79806 22433 0 1 0
15 79806 22433 1 2 0
15 79806 22433 2 3 0
15 79806 22167 0 3 0
15 79806 22167 1 4 0
15 79806 22167 2 1 0
15 79806 10409 0 1 0
15 79806 10409 1 2 0
15 79806 10409 2 3 0
15 79806 9763 0 3 0
15 79806 9763 1 4 0
15 79806 9763 2 1 0
15 79806 3779 0 3 0
15 79806 3779 1 4 0
15 79806 3779 2 1 0
15 79806 18311 0 3 0
15 79806 18311 1 4 0
15 79806 18311 2 1 0
15 79806 15749 0 1 0
15 79806 15749 1 2 0
15 79806 15749 2 3 0
15 79806 8727 0 3 0
15 79806 8727 1 4 0
15 79806 8727 2 1 0
15 79806 2107 0 3 0
15 79806 2107 1 4 0
15 79806 2107 2 1 0
15 79806 25687 0 3 0
15 79806 25687 1 4 0
15 79806 25687 2 1 0
15 79806 6907 0 3 0
15 79806 6907 1 4 0
15 79806 6907 2 1 0
15 79806 9821 0 1 0
15 79806 9821 1 2 0
15 79806 9821 2 3 0
15 79806 18643 0 3 0
15 79806 18643 1 4 0
15 79806 18643 2 1 0
15 79806 20879 0 3 0
15 79806 20879 1 4 0
15 79806 20879 2 1 0
15 79806 7199 0 3 0
15 79806 7199 1 4 0
15 79806 7199 2 1 0
15 79806 28013 0 1 0
15 79806 28013 1 2 0
15 79806 28013 2 3 0
15 79806 4479 0 3 0
15 79806 4479 1 4 0
15 79806 4479 2 1 0
15 79806 31045 0 1 0
15 79806 31045 1 2 0
15 79806 31045 2 3 0
16 79806 2809 0 1 0
16 79806 2809 1 2 0
16 79806 2809 2 3 0
16 79806 25227 0 3 0
16 79806 25227 1 4 0
16 79806 25227 2 1 0
16 79806 5045 0 1 0
16 79806 5045 1 2 0
16 79806 5045 2 3 0
16 79806 18115 0 3 0
16 79806 18115 1 4 0
16 79806 18115 2 1 0
16 79806 27553 0 1 0
16 79806 27553 1 2 0
16 79806 27553 2 3 0
16 79806 32587 0 3 0
16 79806 32587 1 4 0
16 79806 32587 2 1 0
16 79806 20257 0 1 0
16 79806 20257 1 2 0
16 79806 20257 2 3 0
16 79806 29509 0 1 0
16 79806 29509 1 2 0
16 79806 29509 2 3 0
16 79806 25319 0 3 0
16 79806 25319 1 4 0
16 79806 25319 2 1 0
16 79806 19113 0 1 0
16 79806 19113 1 2 0
16 79806 19113 2 3 0
16 79806 8129 0 1 0
16 79806 8129 1 2 0
16 79806 8129 2 3 0
16 79806 245 0 1 0
16 79806 245 1 2 0
16 79806 245 2 3 0
16 79806 22519 0 3 0
16 79806 22519 1 4 0
16 79806 22519 2 1 0
16 79806 19561 0 1 0
16 79806 19561 1 2 0
16 79806 19561 2 3 0
16 79806 18023 0 3 0
16 79806 18023 1 4 0
16 79806 18023 2 1 0
16 79806 15853 0 1 0
16 79806 15853 1 2 0
16 79806 15853 2 3 0
16 79806 16249 0 1 0
16 79806 16249 1 2 0
16 79806 16249 2 3 0
16 79806 21099 0 3 0
16 79806 21099 1 4 0
16 79806 21099 2 1 0
16 79806 7423 0 3 0
16 79806 7423 1 4 0
16 79806 7423 2 1 0
16 79806 14675 0 3 0
16 79806 14675 1 4 0
16 79806 14675 2 1 0
16 79806 22475 0 3 0
16 79806 22475 1 4 0
16 79806 22475 2 1 0
16 79806 4403 0 3 0
16 79806 4403 1 4 0
16 79806 4403 2 1 0
16 79806 10933 0 1 0
16 79806 10933 1 2 0
16 79806 10933 2 3 0
16 79806 28941 0 1 0
16 79806 28941 1 2 0
16 79806 28941 2 3 0
16 79806 17097 0 1 0
16 79806 17097 1 2 0
16 79806 17097 2 3 0
16 79806 6011 0 3 0
16 79806 6011 1 4 0
16 79806 6011 2 1 0
16 79806 19193 0 1 0
16 79806 19193 1 2 0
16 79806 19193 2 3 0
16 79806 1223 0 3 0
16 79806 1223 1 4 0
16 79806 1223 2 1 0
16 79806 15723 0 3 0
16 79806 15723 1 4 0
16 79806 15723 2 1 0
16 79806 2193 0 1 0
16 79806 2193 1 2 0
16 79806 2193 2 3 0
16 79806 22027 0 3 0
16 79806 22027 1 4 0
16 79806 22027 2 1 0
16 79806 17351 0 3 0
16 79806 17351 1 4 0
16 79806 17351 2 1 0
16 79806 28263 0 3 0
16 79806 28263 1 4 0
16 79806 28263 2 1 0
16 79806 31403 0 3 0
16 79806 31403 1 4 0
16 79806 31403 2 1 0
16 79806 4979 0 3 0
16 79806 4979 1 4 0
16 79806 4979 2 1 0
16 79806 1651 0 3 0
16 79806 1651 1 4 0
16 79806 1651 2 1 0
16 79806 17477 0 1 0
16 79806 17477 1 2 0
16 79806 17477 2 3 0
16 79806 30725 0 1 0
16 79806 30725 1 2 0
16 79806 30725 2 3 0
16 79806 31095 0 3 0
16 79806 31095 1 4 0
16 79806 31095 2 1 0
16 79806 4893 0 1 0
16 79806 4893 1 2 0
16 79806 4893 2 3 0
16 79806 1565 0 1 0
16 79806 1565 1 2 0
16 79806 1565 2 3 0
16 79806 25763 0 3 0
16 79806 25763 1 4 0
16 79806 25763 2 1 0
16 79806 15959 0 3 0
16 79806 15959 1 4 0
16 79806 15959 2 1 0
16 79806 23763 0 3 0
16 79806 23763 1 4 0
16 79806 23763 2 1 0
16 79806 30439 0 3 0
16 79806 30439 1 4 0
16 79806 30439 2 1 0
16 79806 22761 0 1 0
16 79806 22761 1 2 0
16 79806 22761 2 3 0
16 79806 5543 0 3 0
16 79806 5543 1 4 0
16 79806 5543 2 1 0
16 79806 9269 0 1 0
16 79806 9269 1 2 0
16 79806 9269 2 3 0
16 79806 30153 0 1 0
16 79806 30153 1 2 0
16 79806 30153 2 3 0
16 79806 8691 0 3 0
16 79806 8691 1 4 0
16 79806 8691 2 1 0
16 79806 3561 0 1 0
16 79806 3561 1 2 0
16 79806 3561 2 3 0
16 79806 4827 0 3 0
16 79806 4827 1 4 0
16 79806 4827 2 1 0
16 79806 22047 0 3 0
16 79806 22047 1 4 0
16 79806 22047 2 1 0
16 79806 24405 0 1 0
16 79806 24405 1 2 0
16 79806 24405 2 3 0
16 79806 3655 0 3 0
16 79806 3655 1 4 0
16 79806 3655 2 1 0
16 79806 18301 0 1 0
16 79806 18301 1 2 0
16 79806 18301 2 3 0
16 79806 13425 0 1 0
16 79806 13425 1 2 0
16 79806 13425 2 3 0
16 79806 9177 0 1 0
16 79806 9177 1 2 0
16 79806 9177 2 3 0
16 79806 557 0 1 0
16 79806 557 1 2 0
16 79806 557 2 3 0
16 79806 2685 0 1 0
16 79806 2685 1 2 0
16 79806 2685 2 3 0
16 79806 22843 0 3 0
16 79806 22843 1 4 0
16 79806 22843 2 1 0
16 79806 27149 0 1 0
16 79806 27149 1 2 0
16 79806 27149 2 3 0
16 79806 25597 0 1 0
16 79806 25597 1 2 0
16 79806 25597 2 3 0
16 79806 15897 0 1 0
16 79806 15897 1 2 0
16 79806 15897 2 3 0
16 79806 32357 0 1 0
16 79806 32357 1 2 0
16 79806 32357 2 3 0
16 79806 25803 0 3 0
16 79806 25803 1 4 0
16 79806 25803 2 1 0
16 79806 3391 0 3 0
16 79806 3391 1 4 0
16 79806 3391 2 1 0
16 79806 15191 0 3 0
16 79806 15191 1 4 0
16 79806 15191 2 1 0
16 79806 19977 0 1 0
16 79806 19977 1 2 0
16 79806 19977 2 3 0
16 79806 12477 0 1 0
16 79806 12477 1 2 0
16 79806 12477 2 3 0
16 79806 11197 0 1 0
16 79806 11197 1 2 0
16 79806 11197 2 3 0
16 79806 7363 0 3 0
16 79806 7363 1 4 0
16 79806 7363 2 1 0
16 79806 31185 0 1 0
16 79806 31185 1 2 0
16 79806 31185 2 3 0
16 79806 20755 0 3 0
16 79806 20755 1 4 0
16 79806 20755 2 1 0
16 79806 31965 0 1 0
16 79806 31965 1 2 0
16 79806 31965 2 3 0
16 79806 6639 0 3 0
16 79806 6639 1 4 0
16 79806 6639 2 1 0
16 79806 17847 0 3 0
16 79806 17847 1 4 0
16 79806 17847 2 1 0
16 79806 24737 0 1 0
16 79806 24737 1 2 0
16 79806 24737 2 3 0
16 79806 17307 0 3 0
16 79806 17307 1 4 0
16 79806 17307 2 1 0
16 79806 14213 0 1 0
16 79806 14213 1 2 0
16 79806 14213 2 3 0
16 79806 30939 0 3 0
16 79806 30939 1 4 0
16 79806 30939 2 1 0
16 79806 30625 0 1 0
16 79806 30625 1 2 0
16 79806 30625 2 3 0
16 79806 15415 0 3 0
16 79806 15415 1 4 0
16 79806 15415 2 1 0
16 79806 9477 0 1 0
16 79806 9477 1 2 0
16 79806 9477 2 3 0
16 79806 24639 0 3 0
16 79806 24639 1 4 0
16 79806 24639 2 1 0
16 79806 5783 0 3 0
16 79806 5783 1 4 0
16 79806 5783 2 1 0
16 79806 9795 0 3 0
16 79806 9795 1 4 0
16 79806 9795 2 1 0
16 79806 27397 0 1 0
16 79806 27397 1 2 0
16 79806 27397 2 3 0
16 79806 16215 0 3 0
16 79806 16215 1 4 0
16 79806 16215 2 1 0
16 79806 28159 0 3 0
16 79806 28159 1 4 0
16 79806 28159 2 1 0
16 79806 9379 0 3 0
16 79806 9379 1 4 0
16 79806 9379 2 1 0
16 79806 15911 0 3 0
16 79806 15911 1 4 0
16 79806 15911 2 1 0
16 79806 29363 0 3 0
16 79806 29363 1 4 0
16 79806 29363 2 1 0
16 79806 4869 0 1 0
16 79806 4869 1 2 0
16 79806 4869 2 3 0
16 79806 2301 0 1 0
16 79806 2301 1 2 0
16 79806 2301 2 3 0
16 79806 18911 0 3 0
16 79806 18911 1 4 0
16 79806 18911 2 1 0
16 79806 7723 0 3 0
16 79806 7723 1 4 0
16 79806 7723 2 1 0
16 79806 2439 0 3 0
16 79806 2439 1 4 0
16 79806 2439 2 1 0
16 79806 24823 0 3 0
16 79806 24823 1 4 0
16 79806 24823 2 1 0
16 79806 24615 0 3 0
16 79806 24615 1 4 0
16 79806 24615 2 1 0
16 79806 2669 0 1 0
16 79806 2669 1 2 0
16 79806 2669 2 3 0
16 79806 26927 0 3 0
16 79806 26927 1 4 0
16 79806 26927 2 1 0
16 79806 23461 0 1 0
16 79806 23461 1 2 0
16 79806 23461 2 3 0
16 79806 18727 0 3 0
16 79806 18727 1 4 0
16 79806 18727 2 1 0
16 79806 24325 0 1 0
16 79806 24325 1 2 0
16 79806 24325 2 3 0
16 79806 13655 0 3 0
16 79806 13655 1 4 0
16 79806 13655 2 1 0
16 79806 15589 0 1 0
16 79806 15589 1 2 0
16 79806 15589 2 3 0
16 79806 503 0 3 0
16 79806 503 1 4 0
16 79806 503 2 1 0
16 79806 19941 0 1 0
16 79806 19941 1 2 0
16 79806 19941 2 3 0
16 79806 8655 0 3 0
16 79806 8655 1 4 0
16 79806 8655 2 1 0
16 79806 6003 0 3 0
16 79806 6003 1 4 0
16 79806 6003 2 1 0
16 79806 26409 0 1 0
16 79806 26409 1 2 0
16 79806 26409 2 3 0
16 79806 14351 0 3 0
16 79806 14351 1 4 0
16 79806 14351 2 1 0
16 79806 5497 0 1 0
16 79806 5497 1 2 0
16 79806 5497 2 3 0
16 79806 4125 0 1 0
16 79806 4125 1 2 0
16 79806 4125 2 3 0
16 79806 5837 0 1 0
16 79806 5837 1 2 0
16 79806 5837 2 3 0
16 79806 19809 0 1 0
16 79806 19809 1 2 0
16 79806 19809 2 3 0
16 79806 21319 0 3 0
16 79806 21319 1 4 0
16 79806 21319 2 1 0
16 79806 8625 0 1 0
16 79806 8625 1 2 0
16 79806 8625 2 3 0
16 79806 5029 0 1 0
16 79806 5029 1 2 0
16 79806 5029 2 3 0
16 79806 26417 0 1 0
16 79806 26417 1 2 0
16 79806 26417 2 3 0
16 79806 10307 0 3 0
16 79806 10307 1 4 0
16 79806 10307 2 1 0
16 79806 24605 0 1 0
16 79806 24605 1 2 0
16 79806 24605 2 3 0
16 79806 4155 0 3 0
16 79806 4155 1 4 0
16 79806 4155 2 1 0
16 79806 30599 0 3 0
16 79806 30599 1 4 0
16 79806 30599 2 1 0
16 79806 12779 0 3 0
16 79806 12779 1 4 0
16 79806 12779 2 1 0
16 79806 26059 0 3 0
16 79806 26059 1 4 0
16 79806 26059 2 1 0
16 79806 20205 0 1 0
16 79806 20205 1 2 0
16 79806 20205 2 3 0
16 79806 2789 0 1 0
16 79806 2789 1 2 0
16 79806 2789 2 3 0
16 79806 11969 0 1 0
16 79806 11969 1 2 0
16 79806 11969 2 3 0
16 79806 21055 0 3 0
16 79806 21055 1 4 0
16 79806 21055 2 1 0
16 79806 19999 0 3 0
16 79806 19999 1 4 0
16 79806 19999 2 1 0
16 79806 27337 0 1 0
16 79806 27337 1 2 0
16 79806 27337 2 3 0
16 79806 12863 0 3 0
16 79806 12863 1 4 0
16 79806 12863 2 1 0
16 79806 25041 0 1 0
16 79806 25041 1 2 0
16 79806 25041 2 3 0
16 79806 23211 0 3 0
16 79806 23211 1 4 0
16 79806 23211 2 1 0
16 79806 17413 0 1 0
16 79806 17413 1 2 0
16 79806 17413 2 3 0
16 79806 32661 0 1 0
16 79806 32661 1 2 0
16 79806 32661 2 3 0
16 79806 5609 0 1 0
16 79806 5609 1 2 0
16 79806 5609 2 3 0
16 79806 3467 0 3 0
16 79806 3467 1 4 0
16 79806 3467 2 1 0
16 79806 20325 0 1 0
16 79806 20325 1 2 0
16 79806 20325 2 3 0
16 79806 23907 0 3 0
16 79806 23907 1 4 0
16 79806 23907 2 1 0
16 79806 27415 0 3 0
16 79806 27415 1 4 0
16 79806 27415 2 1 0
16 79806 21925 0 1 0
16 79806 21925 1 2 0
16 79806 21925 2 3 0
16 79806 22537 0 1 0
16 79806 22537 1 2 0
16 79806 22537 2 3 0
16 79806 19789 0 1 0
16 79806 19789 1 2 0
16 79806 19789 2 3 0
16 79806 22685 0 1 0
16 79806 22685 1 2 0
16 79806 22685 2 3 0
16 79806 21323 0 3 0
16 79806 21323 1 4 0
16 79806 21323 2 1 0
16 79806 32469 0 1 0
16 79806 32469 1 2 0
16 79806 32469 2 3 0
16 79806 24105 0 1 0
16 79806 24105 1 2 0
16 79806 24105 2 3 0
16 79806 10227 0 3 0
16 79806 10227 1 4 0
16 79806 10227 2 1 0
16 79806 17339 0 3 0
16 79806 17339 1 4 0
16 79806 17339 2 1 0
16 79806 12637 0 1 0
16 79806 12637 1 2 0
16 79806 12637 2 3 0
16 79806 8371 0 3 0
16 79806 8371 1 4 0
16 79806 8371 2 1 0
16 79806 19103 0 3 0
16 79806 19103 1 4 0
16 79806 19103 2 1 0
16 79806 30393 0 1 0
16 79806 30393 1 2 0
16 79806 30393 2 3 0
16 79806 27363 0 3 0
16 79806 27363 1 4 0
16 79806 27363 2 1 0
16 79806 30631 0 3 0
16 79806 30631 1 4 0
16 79806 30631 2 1 0
16 79806 10355 0 3 0
16 79806 10355 1 4 0
16 79806 10355 2 1 0
16 79806 7217 0 1 0
16 79806 7217 1 2 0
16 79806 7217 2 3 0
16 79806 6431 0 3 0
16 79806 6431 1 4 0
16 79806 6431 2 1 0
16 79806 11481 0 1 0
16 79806 11481 1 2 0
16 79806 11481 2 3 0
16 79806 5091 0 3 0
16 79806 5091 1 4 0
16 79806 5091 2 1 0
16 79806 3737 0 1 0
16 79806 3737 1 2 0
16 79806 3737 2 3 0
16 79806 5093 0 1 0
16 79806 5093 1 2 0
16 79806 5093 2 3 0
16 79806 8663 0 3 0
16 79806 8663 1 4 0
16 79806 8663 2 1 0
16 79806 11097 0 1 0
16 79806 11097 1 2 0
16 79806 11097 2 3 0
16 79806 17451 0 3 0
16 79806 17451 1 4 0
16 79806 17451 2 1 0
16 79806 22877 0 1 0
16 79806 22877 1 2 0
16 79806 22877 2 3 0
16 79806 9839 0 3 0
16 79806 9839 1 4 0
16 79806 9839 2 1 0
16 79806 30389 0 1 0
16 79806 30389 1 2 0
16 79806 30389 2 3 0
16 79806 28697 0 1 0
16 79806 28697 1 2 0
16 79806 28697 2 3 0
16 79806 22759 0 3 0
16 79806 22759 1 4 0
16 79806 22759 2 1 0
16 79806 5451 0 3 0
16 79806 5451 1 4 0
16 79806 5451 2 1 0
16 79806 7243 0 3 0
16 79806 7243 1 4 0
16 79806 7243 2 1 0
16 79806 14197 0 1 0
16 79806 14197 1 2 0
16 79806 14197 2 3 0
16 79806 31677 0 1 0
16 79806 31677 1 2 0
16 79806 31677 2 3 0
16 79806 15307 0 3 0
16 79806 15307 1 4 0
16 79806 15307 2 1 0
16 79806 18245 0 1 0
16 79806 18245 1 2 0
16 79806 18245 2 3 0
16 79806 2635 0 3 0
16 79806 2635 1 4 0
16 79806 2635 2 1 0
16 79806 19523 0 3 0
16 79806 19523 1 4 0
16 79806 19523 2 1 0
16 79806 20311 0 3 0
16 79806 20311 1 4 0
16 79806 20311 2 1 0
16 79806 32483 0 3 0
16 79806 32483 1 4 0
16 79806 32483 2 1 0
16 79806 31017 0 1 0
16 79806 31017 1 2 0
16 79806 31017 2 3 0
16 79806 12481 0 1 0
16 79806 12481 1 2 0
16 79806 12481 2 3 0
16 79806 3277 0 1 0
16 79806 3277 1 2 0
16 79806 3277 2 3 0
16 79806 11591 0 3 0
16 79806 11591 1 4 0
16 79806 11591 2 1 0
16 79806 29169 0 1 0
16 79806 29169 1 2 0
16 79806 29169 2 3 0
16 79806 9473 0 1 0
16 79806 9473 1 2 0
16 79806 9473 2 3 0
16 79806 26529 0 1 0
16 79806 26529 1 2 0
16 79806 26529 2 3 0
16 79806 15437 0 1 0
16 79806 15437 1 2 0
16 79806 15437 2 3 0
16 79806 16857 0 1 0
16 79806 16857 1 2 0
16 79806 16857 2 3 0
16 79806 10399 0 3 0
16 79806 10399 1 4 0
16 79806 10399 2 1 0
16 79806 23459 0 3 0
16 79806 23459 1 4 0
16 79806 23459 2 1 0
16 79806 22967 0 3 0
16 79806 22967 1 4 0
16 79806 22967 2 1 0
16 79806 14289 0 1 0
16 79806 14289 1 2 0
16 79806 14289 2 3 0
16 79806 32675 0 3 0
16 79806 32675 1 4 0
16 79806 32675 2 1 0
16 79806 16727 0 3 0
16 79806 16727 1 4 0
16 79806 16727 2 1 0
16 79806 21153 0 1 0
16 79806 21153 1 2 0
16 79806 21153 2 3 0
16 79806 875 0 3 0
16 79806 875 1 4 0
16 79806 875 2 1 0
16 79806 25249 0 1 0
16 79806 25249 1 2 0
16 79806 25249 2 3 0
16 79806 9993 0 1 0
16 79806 9993 1 2 0
16 79806 9993 2 3 0
16 79806 885 0 1 0
16 79806 885 1 2 0
16 79806 885 2 3 0
16 79806 1577 0 1 0
16 79806 1577 1 2 0
16 79806 1577 2 3 0
16 79806 30395 0 3 0
16 79806 30395 1 4 0
16 79806 30395 2 1 0
16 79806 14325 0 1 0
16 79806 14325 1 2 0
16 79806 14325 2 3 0
16 79806 19583 0 3 0
16 79806 19583 1 4 0
16 79806 19583 2 1 0
16 79806 9529 0 1 0
16 79806 9529 1 2 0
16 79806 9529 2 3 0
16 79806 14251 0 3 0
16 79806 14251 1 4 0
16 79806 14251 2 1 0
16 79806 22599 0 3 0
16 79806 22599 1 4 0
16 79806 22599 2 1 0
16 79806 1013 0 1 0
16 79806 1013 1 2 0
16 79806 1013 2 3 0
16 79806 16357 0 1 0
16 79806 16357 1 2 0
16 79806 16357 2 3 0
16 79806 13797 0 1 0
16 79806 13797 1 2 0
16 79806 13797 2 3 0
16 79806 3795 0 3 0
16 79806 3795 1 4 0
16 79806 3795 2 1 0
16 79806 419 0 3 0
16 79806 419 1 4 0
16 79806 419 2 1 0
16 79806 29295 0 3 0
16 79806 29295 1 4 0
16 79806 29295 2 1 0
16 79806 10623 0 3 0
16 79806 10623 1 4 0
16 79806 10623 2 1 0
16 79806 25851 0 3 0
16 79806 25851 1 4 0
16 79806 25851 2 1 0
16 79806 21289 0 1 0
16 79806 21289 1 2 0
16 79806 21289 2 3 0
16 79806 21137 0 1 0
16 79806 21137 1 2 0
16 79806 21137 2 3 0
16 79806 13327 0 3 0
16 79806 13327 1 4 0
16 79806 13327 2 1 0
16 79806 7261 0 1 0
16 79806 7261 1 2 0
16 79806 7261 2 3 0
16 79806 24827 0 3 0
16 79806 24827 1 4 0
16 79806 24827 2 1 0
16 79806 15009 0 1 0
16 79806 15009 1 2 0
16 79806 15009 2 3 0
16 79806 23803 0 3 0
16 79806 23803 1 4 0
16 79806 23803 2 1 0
16 79806 4633 0 1 0
16 79806 4633 1 2 0
16 79806 4633 2 3 0
16 79806 17089 0 1 0
16 79806 17089 1 2 0
16 79806 17089 2 3 0
16 79806 11915 0 3 0
16 79806 11915 1 4 0
16 79806 11915 2 1 0
16 79806 4157 0 1 0
16 79806 4157 1 2 0
16 79806 4157 2 3 0
16 79806 9917 0 1 0
16 79806 9917 1 2 0
16 79806 9917 2 3 0
16 79806 27325 0 1 0
16 79806 27325 1 2 0
16 79806 27325 2 3 0
16 79806 21583 0 3 0
16 79806 21583 1 4 0
16 79806 21583 2 1 0
16 79806 14315 0 3 0
16 79806 14315 1 4 0
16 79806 14315 2 1 0
16 79806 16271 0 3 0
16 79806 16271 1 4 0
16 79806 16271 2 1 0
16 79806 19769 0 1 0
16 79806 19769 1 2 0
16 79806 19769 2 3 0
16 79806 5723 0 3 0
16 79806 5723 1 4 0
16 79806 5723 2 1 0
16 79806 10789 0 1 0
16 79806 10789 1 2 0
16 79806 10789 2 3 0
16 79806 583 0 3 0
16 79806 583 1 4 0
16 79806 583 2 1 0
16 79806 26157 0 1 0
16 79806 26157 1 2 0
16 79806 26157 2 3 0
16 79806 4941 0 1 0
16 79806 4941 1 2 0
16 79806 4941 2 3 0
16 79806 23139 0 3 0
16 79806 23139 1 4 0
16 79806 23139 2 1 0
16 79806 13321 0 1 0
16 79806 13321 1 2 0
16 79806 13321 2 3 0
16 79806 31641 0 1 0
16 79806 31641 1 2 0
16 79806 31641 2 3 0
16 79806 13481 0 1 0
16 79806 13481 1 2 0
16 79806 13481 2 3 0
16 79806 6123 0 3 0
16 79806 6123 1 4 0
16 79806 6123 2 1 0
16 79806 11021 0 1 0
16 79806 11021 1 2 0
16 79806 11021 2 3 0
16 79806 7411 0 3 0
16 79806 7411 1 4 0
16 79806 7411 2 1 0
16 79806 9439 0 3 0
16 79806 9439 1 4 0
16 79806 9439 2 1 0
16 79806 30181 0 1 0
16 79806 30181 1 2 0
16 79806 30181 2 3 0
16 79806 11495 0 3 0
16 79806 11495 1 4 0
16 79806 11495 2 1 0
16 79806 17505 0 1 0
16 79806 17505 1 2 0
16 79806 17505 2 3 0
16 79806 27311 0 3 0
16 79806 27311 1 4 0
16 79806 27311 2 1 0
16 79806 28433 0 1 0
16 79806 28433 1 2 0
16 79806 28433 2 3 0
16 79806 14003 0 3 0
16 79806 14003 1 4 0
16 79806 14003 2 1 0
16 79806 3447 0 3 0
16 79806 3447 1 4 0
16 79806 3447 2 1 0
16 79806 7887 0 3 0
16 79806 7887 1 4 0
16 79806 7887 2 1 0
16 79806 20297 0 1 0
16 79806 20297 1 2 0
16 79806 20297 2 3 0
16 79806 26567 0 3 0
16 79806 26567 1 4 0
16 79806 26567 2 1 0
16 79806 17393 0 1 0
16 79806 17393 1 2 0
16 79806 17393 2 3 0
16 79806 27173 0 1 0
16 79806 27173 1 2 0
16 79806 27173 2 3 0
16 79806 15981 0 1 0
16 79806 15981 1 2 0
16 79806 15981 2 3 0
16 79806 19425 0 1 0
16 79806 19425 1 2 0
16 79806 19425 2 3 0
16 79806 20573 0 1 0
16 79806 20573 1 2 0
16 79806 20573 2 3 0
16 79806 13657 0 1 0
16 79806 13657 1 2 0
16 79806 13657 2 3 0
16 79806 11195 0 3 0
16 79806 11195 1 4 0
16 79806 11195 2 1 0
16 79806 12205 0 1 0
16 79806 12205 1 2 0
16 79806 12205 2 3 0
16 79806 30333 0 1 0
16 79806 30333 1 2 0
16 79806 30333 2 3 0
16 79806 15179 0 3 0
16 79806 15179 1 4 0
16 79806 15179 2 1 0
16 79806 3827 0 3 0
16 79806 3827 1 4 0
16 79806 3827 2 1 0
16 79806 24585 0 1 0
16 79806 24585 1 2 0
16 79806 24585 2 3 0
16 79806 3309 0 1 0
16 79806 3309 1 2 0
16 79806 3309 2 3 0
16 79806 17899 0 3 0
16 79806 17899 1 4 0
16 79806 17899 2 1 0
16 79806 3033 0 1 0
16 79806 3033 1 2 0
16 79806 3033 2 3 0
16 79806 31767 0 3 0
16 79806 31767 1 4 0
16 79806 31767 2 1 0
16 79806 17851 0 3 0
16 79806 17851 1 4 0
16 79806 17851 2 1 0
16 79806 5503 0 3 0
16 79806 5503 1 4 0
16 79806 5503 2 1 0
16 79806 22697 0 1 0
16 79806 22697 1 2 0
16 79806 22697 2 3 0
16 79806 22327 0 3 0
16 79806 22327 1 4 0
16 79806 22327 2 1 0
16 79806 1307 0 3 0
16 79806 1307 1 4 0
16 79806 1307 2 1 0
16 79806 30327 0 3 0
16 79806 30327 1 4 0
16 79806 30327 2 1 0
16 79806 24891 0 3 0
16 79806 24891 1 4 0
16 79806 24891 2 1 0
16 79806 28617 0 1 0
16 79806 28617 1 2 0
16 79806 28617 2 3 0
16 79806 3763 0 3 0
16 79806 3763 1 4 0
16 79806 3763 2 1 0
16 79806 32129 0 1 0
16 79806 32129 1 2 0
16 79806 32129 2 3 0
16 79806 21317 0 1 0
16 79806 21317 1 2 0
16 79806 21317 2 3 0
16 79806 10319 0 3 0
16 79806 10319 1 4 0
16 79806 10319 2 1 0
16 79806 32581 0 1 0
16 79806 32581 1 2 0
16 79806 32581 2 3 0
16 79806 30807 0 3 0
16 79806 30807 1 4 0
16 79806 30807 2 1 0
16 79806 22259 0 3 0
16 79806 22259 1 4 0
16 79806 22259 2 1 0
16 79806 3259 0 3 0
16 79806 3259 1 4 0
16 79806 3259 2 1 0
16 79806 28831 0 3 0
16 79806 28831 1 4 0
16 79806 28831 2 1 0
16 79806 20215 0 3 0
16 79806 20215 1 4 0
16 79806 20215 2 1 0
16 79806 10667 0 3 0
16 79806 10667 1 4 0
16 79806 10667 2 1 0
16 79806 30845 0 1 0
16 79806 30845 1 2 0
16 79806 30845 2 3 0
16 79806 8119 0 3 0
16 79806 8119 1 4 0
16 79806 8119 2 1 0
16 79806 7327 0 3 0
16 79806 7327 1 4 0
16 79806 7327 2 1 0
16 79806 4575 0 3 0
16 79806 4575 1 4 0
16 79806 4575 2 1 0
16 79806 7567 0 3 0
16 79806 7567 1 4 0
16 79806 7567 2 1 0
16 79806 10457 0 1 0
16 79806 10457 1 2 0
16 79806 10457 2 3 0
16 79806 10537 0 1 0
16 79806 10537 1 2 0
16 79806 10537 2 3 0
16 79806 29503 0 3 0
16 79806 29503 1 4 0
16 79806 29503 2 1 0
16 79806 21893 0 1 0
16 79806 21893 1 2 0
16 79806 21893 2 3 0
16 79806 26809 0 1 0
16 79806 26809 1 2 0
16 79806 26809 2 3 0
16 79806 26091 0 3 0
16 79806 26091 1 4 0
16 79806 26091 2 1 0
16 79806 27245 0 1 0
16 79806 27245 1 2 0
16 79806 27245 2 3 0
16 79806 21259 0 3 0
16 79806 21259 1 4 0
16 79806 21259 2 1 0
16 79806 16337 0 1 0
16 79806 16337 1 2 0
16 79806 16337 2 3 0
16 79806 20833 0 1 0
16 79806 20833 1 2 0
16 79806 20833 2 3 0
16 79806 13417 0 1 0
16 79806 13417 1 2 0
16 79806 13417 2 3 0
16 79806 7489 0 1 0
16 79806 7489 1 2 0
16 79806 7489 2 3 0
16 79806 14505 0 1 0
16 79806 14505 1 2 0
16 79806 14505 2 3 0
16 79806 27371 0 3 0
16 79806 27371 1 4 0
16 79806 27371 2 1 0
16 79806 26847 0 3 0
16 79806 26847 1 4 0
16 79806 26847 2 1 0
16 79806 27829 0 1 0
16 79806 27829 1 2 0
16 79806 27829 2 3 0
16 79806 13025 0 1 0
16 79806 13025 1 2 0
16 79806 13025 2 3 0
16 79806 2331 0 3 0
16 79806 2331 1 4 0
16 79806 2331 2 1 0
16 79806 26981 0 1 0
16 79806 26981 1 2 0
16 79806 26981 2 3 0
16 79806 11441 0 1 0
16 79806 11441 1 2 0
16 79806 11441 2 3 0
16 79806 9317 0 1 0
16 79806 9317 1 2 0
16 79806 9317 2 3 0
16 79806 7633 0 1 0
16 79806 7633 1 2 0
16 79806 7633 2 3 0
16 79806 10417 0 1 0
16 79806 10417 1 2 0
16 79806 10417 2 3 0
16 79806 25079 0 3 0
16 79806 25079 1 4 0
16 79806 25079 2 1 0
16 79806 23975 0 3 0
16 79806 23975 1 4 0
16 79806 23975 2 1 0
16 79806 19869 0 1 0
16 79806 19869 1 2 0
16 79806 19869 2 3 0
16 79806 13233 0 1 0
16 79806 13233 1 2 0
16 79806 13233 2 3 0
16 79806 23435 0 3 0
16 79806 23435 1 4 0
16 79806 23435 2 1 0
16 79806 14227 0 3 0
16 79806 14227 1 4 0
16 79806 14227 2 1 0
16 79806 7869 0 1 0
16 79806 7869 1 2 0
16 79806 7869 2 3 0
16 79806 26393 0 1 0
16 79806 26393 1 2 0
16 79806 26393 2 3 0
16 79806 29657 0 1 0
16 79806 29657 1 2 0
16 79806 29657 2 3 0
16 79806 24907 0 3 0
16 79806 24907 1 4 0
16 79806 24907 2 1 0
16 79806 15119 0 3 0
16 79806 15119 1 4 0
16 79806 15119 2 1 0
16 79806 27209 0 1 0
16 79806 27209 1 2 0
16 79806 27209 2 3 0
16 79806 15161 0 1 0
16 79806 15161 1 2 0
16 79806 15161 2 3 0
16 79806 24305 0 1 0
16 79806 24305 1 2 0
16 79806 24305 2 3 0
16 79806 28689 0 1 0
16 79806 28689 1 2 0
16 79806 28689 2 3 0
16 79806 18303 0 3 0
16 79806 18303 1 4 0
16 79806 18303 2 1 0
16 79806 27145 0 1 0
16 79806 27145 1 2 0
16 79806 27145 2 3 0
16 79806 8089 0 1 0
16 79806 8089 1 2 0
16 79806 8089 2 3 0
16 79806 17881 0 1 0
16 79806 17881 1 2 0
16 79806 17881 2 3 0
16 79806 21723 0 3 0
16 79806 21723 1 4 0
16 79806 21723 2 1 0
16 79806 28335 0 3 0
16 79806 28335 1 4 0
16 79806 28335 2 1 0
16 79806 31879 0 3 0
16 79806 31879 1 4 0
16 79806 31879 2 1 0
16 79806 1155 0 3 0
16 79806 1155 1 4 0
16 79806 1155 2 1 0
16 79806 1959 0 3 0
16 79806 1959 1 4 0
16 79806 1959 2 1 0
16 79806 18903 0 3 0
16 79806 18903 1 4 0
16 79806 18903 2 1 0
16 79806 3905 0 1 0
16 79806 3905 1 2 0
16 79806 3905 2 3 0
16 79806 29731 0 3 0
16 79806 29731 1 4 0
16 79806 29731 2 1 0
16 79806 547 0 3 0
16 79806 547 1 4 0
16 79806 547 2 1 0
16 79806 6349 0 1 0
16 79806 6349 1 2 0
16 79806 6349 2 3 0
16 79806 7945 0 1 0
16 79806 7945 1 2 0
16 79806 7945 2 3 0
16 79806 19283 0 3 0
16 79806 19283 1 4 0
16 79806 19283 2 1 0
16 79806 22851 0 3 0
16 79806 22851 1 4 0
16 79806 22851 2 1 0
16 79806 12007 0 3 0
16 79806 12007 1 4 0
16 79806 12007 2 1 0
16 79806 6255 0 3 0
16 79806 6255 1 4 0
16 79806 6255 2 1 0
16 79806 15951 0 3 0
16 79806 15951 1 4 0
16 79806 15951 2 1 0
16 79806 18219 0 3 0
16 79806 18219 1 4 0
16 79806 18219 2 1 0
16 79806 9593 0 1 0
16 79806 9593 1 2 0
16 79806 9593 2 3 0
16 79806 9977 0 1 0
16 79806 9977 1 2 0
16 79806 9977 2 3 0
16 79806 15627 0 3 0
16 79806 15627 1 4 0
16 79806 15627 2 1 0
16 79806 11857 0 1 0
16 79806 11857 1 2 0
16 79806 11857 2 3 0
16 79806 14261 0 1 0
16 79806 14261 1 2 0
16 79806 14261 2 3 0
16 79806 9119 0 3 0
16 79806 9119 1 4 0
16 79806 9119 2 1 0
16 79806 28027 0 3 0
16 79806 28027 1 4 0
16 79806 28027 2 1 0
16 79806 30953 0 1 0
16 79806 30953 1 2 0
16 79806 30953 2 3 0
16 79806 537 0 1 0
16 79806 537 1 2 0
16 79806 537 2 3 0
16 79806 15015 0 3 0
16 79806 15015 1 4 0
16 79806 15015 2 1 0
16 79806 11739 0 3 0
16 79806 11739 1 4 0
16 79806 11739 2 1 0
16 79806 11859 0 3 0
16 79806 11859 1 4 0
16 79806 11859 2 1 0
16 79806 26531 0 3 0
16 79806 26531 1 4 0
16 79806 26531 2 1 0
16 79806 13593 0 1 0
16 79806 13593 1 2 0
16 79806 13593 2 3 0
16 79806 25197 0 1 0
16 79806 25197 1 2 0
16 79806 25197 2 3 0
16 79806 14449 0 1 0
16 79806 14449 1 2 0
16 79806 14449 2 3 0
16 79806 15857 0 1 0
16 79806 15857 1 2 0
16 79806 15857 2 3 0
16 79806 23273 0 1 0
16 79806 23273 1 2 0
16 79806 23273 2 3 0
16 79806 31861 0 1 0
16 79806 31861 1 2 0
16 79806 31861 2 3 0
16 79806 29189 0 1 0
16 79806 29189 1 2 0
16 79806 29189 2 3 0
16 79806 12765 0 1 0
16 79806 12765 1 2 0
16 79806 12765 2 3 0
16 79806 25805 0 1 0
16 79806 25805 1 2 0
16 79806 25805 2 3 0
16 79806 24743 0 3 0
16 79806 24743 1 4 0
16 79806 24743 2 1 0
16 79806 27069 0 1 0
16 79806 27069 1 2 0
16 79806 27069 2 3 0
16 79806 20359 0 3 0
16 79806 20359 1 4 0
16 79806 20359 2 1 0
16 79806 19439 0 3 0
16 79806 19439 1 4 0
16 79806 19439 2 1 0
16 79806 1557 0 1 0
16 79806 1557 1 2 0
16 79806 1557 2 3 0
16 79806 21969 0 1 0
16 79806 21969 1 2 0
16 79806 21969 2 3 0
16 79806 13065 0 1 0
16 79806 13065 1 2 0
16 79806 13065 2 3 0
16 79806 24005 0 1 0
16 79806 24005 1 2 0
16 79806 24005 2 3 0
16 79806 2551 0 3 0
16 79806 2551 1 4 0
16 79806 2551 2 1 0
16 79806 24927 0 3 0
16 79806 24927 1 4 0
16 79806 24927 2 1 0
16 79806 3323 0 3 0
16 79806 3323 1 4 0
16 79806 3323 2 1 0
16 79806 24007 0 3 0
16 79806 24007 1 4 0
16 79806 24007 2 1 0
16 79806 27957 0 1 0
16 79806 27957 1 2 0
16 79806 27957 2 3 0
16 79806 25545 0 1 0
16 79806 25545 1 2 0
16 79806 25545 2 3 0
16 79806 8743 0 3 0
16 79806 8743 1 4 0
16 79806 8743 2 1 0
16 79806 163 0 3 0
16 79806 163 1 4 0
16 79806 163 2 1 0
16 79806 3271 0 3 0
16 79806 3271 1 4 0
16 79806 3271 2 1 0
16 79806 1029 0 1 0
16 79806 1029 1 2 0
16 79806 1029 2 3 0
16 79806 30481 0 1 0
16 79806 30481 1 2 0
16 79806 30481 2 3 0
16 79806 31871 0 3 0
16 79806 31871 1 4 0
16 79806 31871 2 1 0
16 79806 27085 0 1 0
16 79806 27085 1 2 0
16 79806 27085 2 3 0
16 79806 13201 0 1 0
16 79806 13201 1 2 0
16 79806 13201 2 3 0
16 79806 17615 0 3 0
16 79806 17615 1 4 0
16 79806 17615 2 1 0
16 79806 11501 0 1 0
16 79806 11501 1 2 0
16 79806 11501 2 3 0
16 79806 22119 0 3 0
16 79806 22119 1 4 0
16 79806 22119 2 1 0
16 79806 30341 0 1 0
16 79806 30341 1 2 0
16 79806 30341 2 3 0
16 79806 20643 0 3 0
16 79806 20643 1 4 0
16 79806 20643 2 1 0
16 79806 26289 0 1 0
16 79806 26289 1 2 0
16 79806 26289 2 3 0
16 79806 13775 0 3 0
16 79806 13775 1 4 0
16 79806 13775 2 1 0
16 79806 20265 0 1 0
16 79806 20265 1 2 0
16 79806 20265 2 3 0
16 79806 17223 0 3 0
16 79806 17223 1 4 0
16 79806 17223 2 1 0
16 79806 19791 0 3 0
16 79806 19791 1 4 0
16 79806 19791 2 1 0
16 79806 8779 0 3 0
16 79806 8779 1 4 0
16 79806 8779 2 1 0
16 79806 19285 0 1 0
16 79806 19285 1 2 0
16 79806 19285 2 3 0
16 79806 8867 0 3 0
16 79806 8867 1 4 0
16 79806 8867 2 1 0
16 79806 26691 0 3 0
16 79806 26691 1 4 0
16 79806 26691 2 1 0
16 79806 4019 0 3 0
16 79806 4019 1 4 0
16 79806 4019 2 1 0
16 79806 17637 0 1 0
16 79806 17637 1 2 0
16 79806 17637 2 3 0
16 79806 18125 0 1 0
16 79806 18125 1 2 0
16 79806 18125 2 3 0
16 79806 30425 0 1 0
16 79806 30425 1 2 0
16 79806 30425 2 3 0
16 79806 12441 0 1 0
16 79806 12441 1 2 0
16 79806 12441 2 3 0
16 79806 13979 0 3 0
16 79806 13979 1 4 0
16 79806 13979 2 1 0
16 79806 21721 0 1 0
16 79806 21721 1 2 0
16 79806 21721 2 3 0
16 79806 27547 0 3 0
16 79806 27547 1 4 0
16 79806 27547 2 1 0
16 79806 791 0 3 0
16 79806 791 1 4 0
16 79806 791 2 1 0
16 79806 10593 0 1 0
16 79806 10593 1 2 0
16 79806 10593 2 3 0
16 79806 11525 0 1 0
16 79806 11525 1 2 0
16 79806 11525 2 3 0
16 79806 31585 0 1 0
16 79806 31585 1 2 0
16 79806 31585 2 3 0
16 79806 31027 0 3 0
16 79806 31027 1 4 0
16 79806 31027 2 1 0
16 79806 3421 0 1 0
16 79806 3421 1 2 0
16 79806 3421 2 3 0
16 79806 3209 0 1 0
16 79806 3209 1 2 0
16 79806 3209 2 3 0
16 79806 15123 0 3 0
16 79806 15123 1 4 0
16 79806 15123 2 1 0
16 79806 17147 0 3 0
16 79806 17147 1 4 0
16 79806 17147 2 1 0
16 79806 11095 0 3 0
16 79806 11095 1 4 0
16 79806 11095 2 1 0
16 79806 25593 0 1 0
16 79806 25593 1 2 0
16 79806 25593 2 3 0
16 79806 27587 0 3 0
16 79806 27587 1 4 0
16 79806 27587 2 1 0
16 79806 5555 0 3 0
16 79806 5555 1 4 0
16 79806 5555 2 1 0
16 79806 17641 0 1 0
16 79806 17641 1 2 0
16 79806 17641 2 3 0
16 79806 30053 0 1 0
16 79806 30053 1 2 0
16 79806 30053 2 3 0
16 79806 4441 0 1 0
16 79806 4441 1 2 0
16 79806 4441 2 3 0
16 79806 10649 0 1 0
16 79806 10649 1 2 0
16 79806 10649 2 3 0
16 79806 4289 0 1 0
16 79806 4289 1 2 0
16 79806 4289 2 3 0
16 79806 21527 0 3 0
16 79806 21527 1 4 0
16 79806 21527 2 1 0
16 79806 10159 0 3 0
16 79806 10159 1 4 0
16 79806 10159 2 1 0
16 79806 18497 0 1 0
16 79806 18497 1 2 0
16 79806 18497 2 3 0
16 79806 11921 0 1 0
16 79806 11921 1 2 0
16 79806 11921 2 3 0
16 79806 8895 0 3 0
16 79806 8895 1 4 0
16 79806 8895 2 1 0
16 79806 6511 0 3 0
16 79806 6511 1 4 0
16 79806 6511 2 1 0
16 79806 20801 0 1 0
16 79806 20801 1 2 0
16 79806 20801 2 3 0
16 79806 20675 0 3 0
16 79806 20675 1 4 0
16 79806 20675 2 1 0
16 79806 20921 0 1 0
16 79806 20921 1 2 0
16 79806 20921 2 3 0
16 79806 23689 0 1 0
16 79806 23689 1 2 0
16 79806 23689 2 3 0
16 79806 30671 0 3 0
16 79806 30671 1 4 0
16 79806 30671 2 1 0
16 79806 30351 0 3 0
16 79806 30351 1 4 0
16 79806 30351 2 1 0
16 79806 1385 0 1 0
16 79806 1385 1 2 0
16 79806 1385 2 3 0
16 79806 4925 0 1 0
16 79806 4925 1 2 0
16 79806 4925 2 3 0
16 79806 3339 0 3 0
16 79806 3339 1 4 0
16 79806 3339 2 1 0
16 79806 2163 0 3 0
16 79806 2163 1 4 0
16 79806 2163 2 1 0
16 79806 17773 0 1 0
16 79806 17773 1 2 0
16 79806 17773 2 3 0
16 79806 21783 0 3 0
16 79806 21783 1 4 0
16 79806 21783 2 1 0
16 79806 27985 0 1 0
16 79806 27985 1 2 0
16 79806 27985 2 3 0
16 79806 9611 0 3 0
16 79806 9611 1 4 0
16 79806 9611 2 1 0
16 79806 31441 0 1 0
16 79806 31441 1 2 0
16 79806 31441 2 3 0
16 79806 11731 0 3 0
16 79806 11731 1 4 0
16 79806 11731 2 1 0
16 79806 29081 0 1 0
16 79806 29081 1 2 0
16 79806 29081 2 3 0
16 79806 7127 0 3 0
16 79806 7127 1 4 0
16 79806 7127 2 1 0
16 79806 20405 0 1 0
16 79806 20405 1 2 0
16 79806 20405 2 3 0
16 79806 9157 0 1 0
16 79806 9157 1 2 0
16 79806 9157 2 3 0
16 79806 1015 0 3 0
16 79806 1015 1 4 0
16 79806 1015 2 1 0
16 79806 27131 0 3 0
16 79806 27131 1 4 0
16 79806 27131 2 1 0
16 79806 17605 0 1 0
16 79806 17605 1 2 0
16 79806 17605 2 3 0
16 79806 3831 0 3 0
16 79806 3831 1 4 0
16 79806 3831 2 1 0
16 79806 26069 0 1 0
16 79806 26069 1 2 0
16 79806 26069 2 3 0
16 79806 29719 0 3 0
16 79806 29719 1 4 0
16 79806 29719 2 1 0
16 79806 22389 0 1 0
16 79806 22389 1 2 0
16 79806 22389 2 3 0
16 79806 29883 0 3 0
16 79806 29883 1 4 0
16 79806 29883 2 1 0
16 79806 11533 0 1 0
16 79806 11533 1 2 0
16 79806 11533 2 3 0
16 79806 25569 0 1 0
16 79806 25569 1 2 0
16 79806 25569 2 3 0
16 79806 14447 0 3 0
16 79806 14447 1 4 0
16 79806 14447 2 1 0
16 79806 27719 0 3 0
16 79806 27719 1 4 0
16 79806 27719 2 1 0
16 79806 25231 0 3 0
16 79806 25231 1 4 0
16 79806 25231 2 1 0
16 79806 13345 0 1 0
16 79806 13345 1 2 0
16 79806 13345 2 3 0
16 79806 19939 0 3 0
16 79806 19939 1 4 0
16 79806 19939 2 1 0
16 79806 3515 0 3 0
16 79806 3515 1 4 0
16 79806 3515 2 1 0
16 79806 1389 0 1 0
16 79806 1389 1 2 0
16 79806 1389 2 3 0
16 79806 11543 0 3 0
16 79806 11543 1 4 0
16 79806 11543 2 1 0
16 79806 21547 0 3 0
16 79806 21547 1 4 0
16 79806 21547 2 1 0
16 79806 27619 0 3 0
16 79806 27619 1 4 0
16 79806 27619 2 1 0
16 79806 25785 0 1 0
16 79806 25785 1 2 0
16 79806 25785 2 3 0
16 79806 6165 0 1 0
16 79806 6165 1 2 0
16 79806 6165 2 3 0
16 79806 10363 0 3 0
16 79806 10363 1 4 0
16 79806 10363 2 1 0
16 79806 7955 0 3 0
16 79806 7955 1 4 0
16 79806 7955 2 1 0
16 79806 20381 0 1 0
16 79806 20381 1 2 0
16 79806 20381 2 3 0
16 79806 30219 0 3 0
16 79806 30219 1 4 0
16 79806 30219 2 1 0
16 79806 1425 0 1 0
16 79806 1425 1 2 0
16 79806 1425 2 3 0
16 79806 2777 0 1 0
16 79806 2777 1 2 0
16 79806 2777 2 3 0
16 79806 18031 0 3 0
16 79806 18031 1 4 0
16 79806 18031 2 1 0
16 79806 19529 0 1 0
16 79806 19529 1 2 0
16 79806 19529 2 3 0
16 79806 29409 0 1 0
16 79806 29409 1 2 0
16 79806 29409 2 3 0
16 79806 15871 0 3 0
16 79806 15871 1 4 0
16 79806 15871 2 1 0
16 79806 15203 0 3 0
16 79806 15203 1 4 0
16 79806 15203 2 1 0
16 79806 10983 0 3 0
16 79806 10983 1 4 0
16 79806 10983 2 1 0
16 79806 1105 0 1 0
16 79806 1105 1 2 0
16 79806 1105 2 3 0
16 79806 31097 0 1 0
16 79806 31097 1 2 0
16 79806 31097 2 3 0
16 79806 7283 0 3 0
16 79806 7283 1 4 0
16 79806 7283 2 1 0
16 79806 25963 0 3 0
16 79806 25963 1 4 0
16 79806 25963 2 1 0
16 79806 591 0 3 0
16 79806 591 1 4 0
16 79806 591 2 1 0
16 79806 23465 0 1 0
16 79806 23465 1 2 0
16 79806 23465 2 3 0
16 79806 15399 0 3 0
16 79806 15399 1 4 0
16 79806 15399 2 1 0
16 79806 6043 0 3 0
16 79806 6043 1 4 0
16 79806 6043 2 1 0
16 79806 7605 0 1 0
16 79806 7605 1 2 0
16 79806 7605 2 3 0
16 79806 22241 0 1 0
16 79806 22241 1 2 0
16 79806 22241 2 3 0
16 79806 10995 0 3 0
16 79806 10995 1 4 0
16 79806 10995 2 1 0
17 79806 29675 0 3 0
17 79806 29675 1 4 0
17 79806 29675 2 1 0
17 79806 13929 0 1 0
17 79806 13929 1 2 0
17 79806 13929 2 3 0
17 79806 31729 0 1 0
17 79806 31729 1 2 0
17 79806 31729 2 3 0
17 79806 6401 0 1 0
17 79806 6401 1 2 0
17 79806 6401 2 3 0
17 79806 18457 0 1 0
17 79806 18457 1 2 0
17 79806 18457 2 3 0
17 79806 12333 0 1 0
17 79806 12333 1 2 0
17 79806 12333 2 3 0
17 79806 22349 0 1 0
17 79806 22349 1 2 0
17 79806 22349 2 3 0
17 79806 8811 0 3 0
17 79806 8811 1 4 0
17 79806 8811 2 1 0
17 79806 4503 0 3 0
17 79806 4503 1 4 0
17 79806 4503 2 1 0
17 79806 23879 0 3 0
17 79806 23879 1 4 0
17 79806 23879 2 1 0
17 79806 5677 0 1 0
17 79806 5677 1 2 0
17 79806 5677 2 3 0
17 79806 31829 0 1 0
17 79806 31829 1 2 0
17 79806 31829 2 3 0
17 79806 8637 0 1 0
17 79806 8637 1 2 0
17 79806 8637 2 3 0
17 79806 28851 0 3 0
17 79806 28851 1 4 0
17 79806 28851 2 1 0
17 79806 8735 0 3 0
17 79806 8735 1 4 0
17 79806 8735 2 1 0
17 79806 16023 0 3 0
17 79806 16023 1 4 0
17 79806 16023 2 1 0
17 79806 6181 0 1 0
17 79806 6181 1 2 0
17 79806 6181 2 3 0
17 79806 25501 0 1 0
17 79806 25501 1 2 0
17 79806 25501 2 3 0
17 79806 23865 0 1 0
17 79806 23865 1 2 0
17 79806 23865 2 3 0
17 79806 32105 0 1 0
17 79806 32105 1 2 0
17 79806 32105 2 3 0
17 79806 13683 0 3 0
17 79806 13683 1 4 0
17 79806 13683 2 1 0
17 79806 32339 0 3 0
17 79806 32339 1 4 0
17 79806 32339 2 1 0
17 79806 2375 0 3 0
17 79806 2375 1 4 0
17 79806 2375 2 1 0
17 79806 23519 0 3 0
17 79806 23519 1 4 0
17 79806 23519 2 1 0
17 79806 31165 0 1 0
17 79806 31165 1 2 0
17 79806 31165 2 3 0
17 79806 3297 0 1 0
17 79806 3297 1 2 0
17 79806 3297 2 3 0
17 79806 8677 0 1 0
17 79806 8677 1 2 0
17 79806 8677 2 3 0
17 79806 29265 0 1 0
17 79806 29265 1 2 0
17 79806 29265 2 3 0
17 79806 19389 0 1 0
17 79806 19389 1 2 0
17 79806 19389 2 3 0
17 79806 17713 0 1 0
17 79806 17713 1 2 0
17 79806 17713 2 3 0
17 79806 3139 0 3 0
17 79806 3139 1 4 0
17 79806 3139 2 1 0
17 79806 7715 0 3 0
17 79806 7715 1 4 0
17 79806 7715 2 1 0
17 79806 12149 0 1 0
17 79806 12149 1 2 0
17 79806 12149 2 3 0
17 79806 19233 0 1 0
17 79806 19233 1 2 0
17 79806 19233 2 3 0
17 79806 28471 0 3 0
17 79806 28471 1 4 0
17 79806 28471 2 1 0
17 79806 2761 0 1 0
17 79806 2761 1 2 0
17 79806 2761 2 3 0
17 79806 2907 0 3 0
17 79806 2907 1 4 0
17 79806 2907 2 1 0
17 79806 3513 0 1 0
17 79806 3513 1 2 0
17 79806 3513 2 3 0
17 79806 12667 0 3 0
17 79806 12667 1 4 0
17 79806 12667 2 1 0
17 79806 9585 0 1 0
17 79806 9585 1 2 0
17 79806 9585 2 3 0
17 79806 21085 0 1 0
17 79806 21085 1 2 0
17 79806 21085 2 3 0
17 79806 15865 0 1 0
17 79806 15865 1 2 0
17 79806 15865 2 3 0
17 79806 12245 0 1 0
17 79806 12245 1 2 0
17 79806 12245 2 3 0
17 79806 4557 0 1 0
17 79806 4557 1 2 0
17 79806 4557 2 3 0
17 79806 18881 0 1 0
17 79806 18881 1 2 0
17 79806 18881 2 3 0
17 79806 28963 0 3 0
17 79806 28963 1 4 0
17 79806 28963 2 1 0
17 79806 891 0 3 0
17 79806 891 1 4 0
17 79806 891 2 1 0
17 79806 22091 0 3 0
17 79806 22091 1 4 0
17 79806 22091 2 1 0
17 79806 25827 0 3 0
17 79806 25827 1 4 0
17 79806 25827 2 1 0
17 79806 25403 0 3 0
17 79806 25403 1 4 0
17 79806 25403 2 1 0
17 79806 27285 0 1 0
17 79806 27285 1 2 0
17 79806 27285 2 3 0
17 79806 29893 0 1 0
17 79806 29893 1 2 0
17 79806 29893 2 3 0
17 79806 12417 0 1 0
17 79806 12417 1 2 0
17 79806 12417 2 3 0
17 79806 4505 0 1 0
17 79806 4505 1 2 0
17 79806 4505 2 3 0
17 79806 23545 0 1 0
17 79806 23545 1 2 0
17 79806 23545 2 3 0
17 79806 10337 0 1 0
17 79806 10337 1 2 0
17 79806 10337 2 3 0
17 79806 17265 0 1 0
17 79806 17265 1 2 0
17 79806 17265 2 3 0
17 79806 8363 0 3 0
17 79806 8363 1 4 0
17 79806 8363 2 1 0
17 79806 14827 0 3 0
17 79806 14827 1 4 0
17 79806 14827 2 1 0
17 79806 4881 0 1 0
17 79806 4881 1 2 0
17 79806 4881 2 3 0
17 79806 8535 0 3 0
17 79806 8535 1 4 0
17 79806 8535 2 1 0
17 79806 22435 0 3 0
17 79806 22435 1 4 0
17 79806 22435 2 1 0
17 79806 16953 0 1 0
17 79806 16953 1 2 0
17 79806 16953 2 3 0
17 79806 3985 0 1 0
17 79806 3985 1 2 0
17 79806 3985 2 3 0
17 79806 26583 0 3 0
17 79806 26583 1 4 0
17 79806 26583 2 1 0
17 79806 32091 0 3 0
17 79806 32091 1 4 0
17 79806 32091 2 1 0
17 79806 26999 0 3 0
17 79806 26999 1 4 0
17 79806 26999 2 1 0
17 79806 6499 0 3 0
17 79806 6499 1 4 0
17 79806 6499 2 1 0
17 79806 31393 0 1 0
17 79806 31393 1 2 0
17 79806 31393 2 3 0
17 79806 10291 0 3 0
17 79806 10291 1 4 0
17 79806 10291 2 1 0
17 79806 4891 0 3 0
17 79806 4891 1 4 0
17 79806 4891 2 1 0
17 79806 8715 0 3 0
17 79806 8715 1 4 0
17 79806 8715 2 1 0
17 79806 6353 0 1 0
17 79806 6353 1 2 0
17 79806 6353 2 3 0
17 79806 29875 0 3 0
17 79806 29875 1 4 0
17 79806 29875 2 1 0
17 79806 27805 0 1 0
17 79806 27805 1 2 0
17 79806 27805 2 3 0
17 79806 2067 0 3 0
17 79806 2067 1 4 0
17 79806 2067 2 1 0
17 79806 29333 0 1 0
17 79806 29333 1 2 0
17 79806 29333 2 3 0
17 79806 4193 0 1 0
17 79806 4193 1 2 0
17 79806 4193 2 3 0
17 79806 5409 0 1 0
17 79806 5409 1 2 0
17 79806 5409 2 3 0
17 79806 1447 0 3 0
17 79806 1447 1 4 0
17 79806 1447 2 1 0
17 79806 26741 0 1 0
17 79806 26741 1 2 0
17 79806 26741 2 3 0
17 79806 4205 0 1 0
17 79806 4205 1 2 0
17 79806 4205 2 3 0
17 79806 3701 0 1 0
17 79806 3701 1 2 0
17 79806 3701 2 3 0
17 79806 24153 0 1 0
17 79806 24153 1 2 0
17 79806 24153 2 3 0
17 79806 91 0 3 0
17 79806 91 1 4 0
17 79806 91 2 1 0
17 79806 32669 0 1 0
17 79806 32669 1 2 0
17 79806 32669 2 3 0
17 79806 11893 0 1 0
17 79806 11893 1 2 0
17 79806 11893 2 3 0
17 79806 25709 0 1 0
17 79806 25709 1 2 0
17 79806 25709 2 3 0
17 79806 18069 0 1 0
17 79806 18069 1 2 0
17 79806 18069 2 3 0
17 79806 23909 0 1 0
17 79806 23909 1 2 0
17 79806 23909 2 3 0
17 79806 259 0 3 0
17 79806 259 1 4 0
17 79806 259 2 1 0
17 79806 32511 0 3 0
17 79806 32511 1 4 0
17 79806 32511 2 1 0
17 79806 13591 0 3 0
17 79806 13591 1 4 0
17 79806 13591 2 1 0
17 79806 20145 0 1 0
17 79806 20145 1 2 0
17 79806 20145 2 3 0
17 79806 27433 0 1 0
17 79806 27433 1 2 0
17 79806 27433 2 3 0
17 79806 15727 0 3 0
17 79806 15727 1 4 0
17 79806 15727 2 1 0
17 79806 6287 0 3 0
17 79806 6287 1 4 0
17 79806 6287 2 1 0
17 79806 2199 0 3 0
17 79806 2199 1 4 0
17 79806 2199 2 1 0
17 79806 19917 0 1 0
17 79806 19917 1 2 0
17 79806 19917 2 3 0
17 79806 11373 0 1 0
17 79806 11373 1 2 0
17 79806 11373 2 3 0
17 79806 25675 0 3 0
17 79806 25675 1 4 0
17 79806 25675 2 1 0
17 79806 22821 0 1 0
17 79806 22821 1 2 0
17 79806 22821 2 3 0
17 79806 16763 0 3 0
17 79806 16763 1 4 0
17 79806 16763 2 1 0
17 79806 10671 0 3 0
17 79806 10671 1 4 0
17 79806 10671 2 1 0
17 79806 10513 0 1 0
17 79806 10513 1 2 0
17 79806 10513 2 3 0
17 79806 30563 0 3 0
17 79806 30563 1 4 0
17 79806 30563 2 1 0
17 79806 29029 0 1 0
17 79806 29029 1 2 0
17 79806 29029 2 3 0
17 79806 4227 0 3 0
17 79806 4227 1 4 0
17 79806 4227 2 1 0
17 79806 25405 0 1 0
17 79806 25405 1 2 0
17 79806 25405 2 3 0
17 79806 8919 0 3 0
17 79806 8919 1 4 0
17 79806 8919 2 1 0
17 79806 18769 0 1 0
17 79806 18769 1 2 0
17 79806 18769 2 3 0
17 79806 13679 0 3 0
17 79806 13679 1 4 0
17 79806 13679 2 1 0
17 79806 23221 0 1 0
17 79806 23221 1 2 0
17 79806 23221 2 3 0
17 79806 445 0 1 0
17 79806 445 1 2 0
17 79806 445 2 3 0
17 79806 31355 0 3 0
17 79806 31355 1 4 0
17 79806 31355 2 1 0
17 79806 11177 0 1 0
17 79806 11177 1 2 0
17 79806 11177 2 3 0
17 79806 32209 0 1 0
17 79806 32209 1 2 0
17 79806 32209 2 3 0
17 79806 24773 0 1 0
17 79806 24773 1 2 0
17 79806 24773 2 3 0
17 79806 25295 0 3 0
17 79806 25295 1 4 0
17 79806 25295 2 1 0
17 79806 32617 0 1 0
17 79806 32617 1 2 0
17 79806 32617 2 3 0
17 79806 30925 0 1 0
17 79806 30925 1 2 0
17 79806 30925 2 3 0
17 79806 559 0 3 0
17 79806 559 1 4 0
17 79806 559 2 1 0
17 79806 8961 0 1 0
17 79806 8961 1 2 0
17 79806 8961 2 3 0
17 79806 24449 0 1 0
17 79806 24449 1 2 0
17 79806 24449 2 3 0
17 79806 24379 0 3 0
17 79806 24379 1 4 0
17 79806 24379 2 1 0
17 79806 14643 0 3 0
17 79806 14643 1 4 0
17 79806 14643 2 1 0
17 79806 313 0 1 0
17 79806 313 1 2 0
17 79806 313 2 3 0
17 79806 9245 0 1 0
17 79806 9245 1 2 0
17 79806 9245 2 3 0
17 79806 11615 0 3 0
17 79806 11615 1 4 0
17 79806 11615 2 1 0
17 79806 25407 0 3 0
17 79806 25407 1 4 0
17 79806 25407 2 1 0
17 79806 13475 0 3 0
17 79806 13475 1 4 0
17 79806 13475 2 1 0
17 79806 30385 0 1 0
17 79806 30385 1 2 0
17 79806 30385 2 3 0
17 79806 32593 0 1 0
17 79806 32593 1 2 0
17 79806 32593 2 3 0
17 79806 103 0 3 0
17 79806 103 1 4 0
17 79806 103 2 1 0
17 79806 3285 0 1 0
17 79806 3285 1 2 0
17 79806 3285 2 3 0
17 79806 3195 0 3 0
17 79806 3195 1 4 0
17 79806 3195 2 1 0
17 79806 7943 0 3 0
17 79806 7943 1 4 0
17 79806 7943 2 1 0
17 79806 25285 0 1 0
17 79806 25285 1 2 0
17 79806 25285 2 3 0
17 79806 31551 0 3 0
17 79806 31551 1 4 0
17 79806 31551 2 1 0
17 79806 11363 0 3 0
17 79806 11363 1 4 0
17 79806 11363 2 1 0
17 79806 24987 0 3 0
17 79806 24987 1 4 0
17 79806 24987 2 1 0
17 79806 5651 0 3 0
17 79806 5651 1 4 0
17 79806 5651 2 1 0
17 79806 14051 0 3 0
17 79806 14051 1 4 0
17 79806 14051 2 1 0
17 79806 13111 0 3 0
17 79806 13111 1 4 0
17 79806 13111 2 1 0
17 79806 26893 0 1 0
17 79806 26893 1 2 0
17 79806 26893 2 3 0
17 79806 5807 0 3 0
17 79806 5807 1 4 0
17 79806 5807 2 1 0
17 79806 25241 0 1 0
17 79806 25241 1 2 0
17 79806 25241 2 3 0
17 79806 3707 0 3 0
17 79806 3707 1 4 0
17 79806 3707 2 1 0
17 79806 20197 0 1 0
17 79806 20197 1 2 0
17 79806 20197 2 3 0
17 79806 8861 0 1 0
17 79806 8861 1 2 0
17 79806 8861 2 3 0
17 79806 29663 0 3 0
17 79806 29663 1 4 0
17 79806 29663 2 1 0
17 79806 2285 0 1 0
17 79806 2285 1 2 0
17 79806 2285 2 3 0
17 79806 4629 0 1 0
17 79806 4629 1 2 0
17 79806 4629 2 3 0
17 79806 16623 0 3 0
17 79806 16623 1 4 0
17 79806 16623 2 1 0
17 79806 9899 0 3 0
17 79806 9899 1 4 0
17 79806 9899 2 1 0
17 79806 24081 0 1 0
17 79806 24081 1 2 0
17 79806 24081 2 3 0
17 79806 11181 0 1 0
17 79806 11181 1 2 0
17 79806 11181 2 3 0
17 79806 18955 0 3 0
17 79806 18955 1 4 0
17 79806 18955 2 1 0
17 79806 17913 0 1 0
17 79806 17913 1 2 0
17 79806 17913 2 3 0
17 79806 2021 0 1 0
17 79806 2021 1 2 0
17 79806 2021 2 3 0
17 79806 26747 0 3 0
17 79806 26747 1 4 0
17 79806 26747 2 1 0
17 79806 9021 0 1 0
17 79806 9021 1 2 0
17 79806 9021 2 3 0
17 79806 10017 0 1 0
17 79806 10017 1 2 0
17 79806 10017 2 3 0
17 79806 21247 0 3 0
17 79806 21247 1 4 0
17 79806 21247 2 1 0
17 79806 14237 0 1 0
17 79806 14237 1 2 0
17 79806 14237 2 3 0
17 79806 1765 0 1 0
17 79806 1765 1 2 0
17 79806 1765 2 3 0
17 79806 11207 0 3 0
17 79806 11207 1 4 0
17 79806 11207 2 1 0
17 79806 12059 0 3 0
17 79806 12059 1 4 0
17 79806 12059 2 1 0
17 79806 32225 0 1 0
17 79806 32225 1 2 0
17 79806 32225 2 3 0
17 79806 9241 0 1 0
17 79806 9241 1 2 0
17 79806 9241 2 3 0
17 79806 27117 0 1 0
17 79806 27117 1 2 0
17 79806 27117 2 3 0
17 79806 18907 0 3 0
17 79806 18907 1 4 0
17 79806 18907 2 1 0
17 79806 25789 0 1 0
17 79806 25789 1 2 0
17 79806 25789 2 3 0
17 79806 10443 0 3 0
17 79806 10443 1 4 0
17 79806 10443 2 1 0
17 79806 27701 0 1 0
17 79806 27701 1 2 0
17 79806 27701 2 3 0
17 79806 19303 0 3 0
17 79806 19303 1 4 0
17 79806 19303 2 1 0
17 79806 31519 0 3 0
17 79806 31519 1 4 0
17 79806 31519 2 1 0
17 79806 447 0 3 0
17 79806 447 1 4 0
17 79806 447 2 1 0
17 79806 7013 0 1 0
17 79806 7013 1 2 0
17 79806 7013 2 3 0
17 79806 11721 0 1 0
17 79806 11721 1 2 0
17 79806 11721 2 3 0
17 79806 30579 0 3 0
17 79806 30579 1 4 0
17 79806 30579 2 1 0
17 79806 24463 0 3 0
17 79806 24463 1 4 0
17 79806 24463 2 1 0
17 79806 1983 0 3 0
17 79806 1983 1 4 0
17 79806 1983 2 1 0
17 79806 20101 0 1 0
17 79806 20101 1 2 0
17 79806 20101 2 3 0
17 79806 3485 0 1 0
17 79806 3485 1 2 0
17 79806 3485 2 3 0
17 79806 10747 0 3 0
17 79806 10747 1 4 0
17 79806 10747 2 1 0
17 79806 17487 0 3 0
17 79806 17487 1 4 0
17 79806 17487 2 1 0
17 79806 12813 0 1 0
17 79806 12813 1 2 0
17 79806 12813 2 3 0
17 79806 7983 0 3 0
17 79806 7983 1 4 0
17 79806 7983 2 1 0
17 79806 18397 0 1 0
17 79806 18397 1 2 0
17 79806 18397 2 3 0
17 79806 9115 0 3 0
17 79806 9115 1 4 0
17 79806 9115 2 1 0
17 79806 18325 0 1 0
17 79806 18325 1 2 0
17 79806 18325 2 3 0
17 79806 251 0 3 0
17 79806 251 1 4 0
17 79806 251 2 1 0
17 79806 5035 0 3 0
17 79806 5035 1 4 0
17 79806 5035 2 1 0
17 79806 24995 0 3 0
17 79806 24995 1 4 0
17 79806 24995 2 1 0
17 79806 11265 0 1 0
17 79806 11265 1 2 0
17 79806 11265 2 3 0
17 79806 7523 0 3 0
17 79806 7523 1 4 0
17 79806 7523 2 1 0
17 79806 27881 0 1 0
17 79806 27881 1 2 0
17 79806 27881 2 3 0
17 79806 31891 0 3 0
17 79806 31891 1 4 0
17 79806 31891 2 1 0
17 79806 26547 0 3 0
17 79806 26547 1 4 0
17 79806 26547 2 1 0
17 79806 20291 0 3 0
17 79806 20291 1 4 0
17 79806 20291 2 1 0
17 79806 7601 0 1 0
17 79806 7601 1 2 0
17 79806 7601 2 3 0
17 79806 12419 0 3 0
17 79806 12419 1 4 0
17 79806 12419 2 1 0
17 79806 15397 0 1 0
17 79806 15397 1 2 0
17 79806 15397 2 3 0
17 79806 8341 0 1 0
17 79806 8341 1 2 0
17 79806 8341 2 3 0
17 79806 26501 0 1 0
17 79806 26501 1 2 0
17 79806 26501 2 3 0
17 79806 18109 0 1 0
17 79806 18109 1 2 0
17 79806 18109 2 3 0
17 79806 18945 0 1 0
17 79806 18945 1 2 0
17 79806 18945 2 3 0
17 79806 1153 0 1 0
17 79806 1153 1 2 0
17 79806 1153 2 3 0
17 79806 7537 0 1 0
17 79806 7537 1 2 0
17 79806 7537 2 3 0
17 79806 5413 0 1 0
17 79806 5413 1 2 0
17 79806 5413 2 3 0
17 79806 20219 0 3 0
17 79806 20219 1 4 0
17 79806 20219 2 1 0
17 79806 29157 0 1 0
17 79806 29157 1 2 0
17 79806 29157 2 3 0
17 79806 20791 0 3 0
17 79806 20791 1 4 0
17 79806 20791 2 1 0
17 79806 9387 0 3 0
17 79806 9387 1 4 0
17 79806 9387 2 1 0
17 79806 2427 0 3 0
17 79806 2427 1 4 0
17 79806 2427 2 1 0
17 79806 12511 0 3 0
17 79806 12511 1 4 0
17 79806 12511 2 1 0
17 79806 2357 0 1 0
17 79806 2357 1 2 0
17 79806 2357 2 3 0
17 79806 30551 0 3 0
17 79806 30551 1 4 0
17 79806 30551 2 1 0
17 79806 29411 0 3 0
17 79806 29411 1 4 0
17 79806 29411 2 1 0
17 79806 2381 0 1 0
17 79806 2381 1 2 0
17 79806 2381 2 3 0
17 79806 22007 0 3 0
17 79806 22007 1 4 0
17 79806 22007 2 1 0
17 79806 14241 0 1 0
17 79806 14241 1 2 0
17 79806 14241 2 3 0
17 79806 25939 0 3 0
17 79806 25939 1 4 0
17 79806 25939 2 1 0
17 79806 25637 0 1 0
17 79806 25637 1 2 0
17 79806 25637 2 3 0
17 79806 29299 0 3 0
17 79806 29299 1 4 0
17 79806 29299 2 1 0
17 79806 8431 0 3 0
17 79806 8431 1 4 0
17 79806 8431 2 1 0
17 79806 9609 0 1 0
17 79806 9609 1 2 0
17 79806 9609 2 3 0
17 79806 6859 0 3 0
17 79806 6859 1 4 0
17 79806 6859 2 1 0
17 79806 7527 0 3 0
17 79806 7527 1 4 0
17 79806 7527 2 1 0
17 79806 5011 0 3 0
17 79806 5011 1 4 0
17 79806 5011 2 1 0
17 79806 11987 0 3 0
17 79806 11987 1 4 0
17 79806 11987 2 1 0
17 79806 4949 0 1 0
17 79806 4949 1 2 0
17 79806 4949 2 3 0
17 79806 5563 0 3 0
17 79806 5563 1 4 0
17 79806 5563 2 1 0
17 79806 14199 0 3 0
17 79806 14199 1 4 0
17 79806 14199 2 1 0
17 79806 25059 0 3 0
17 79806 25059 1 4 0
17 79806 25059 2 1 0
17 79806 30221 0 1 0
17 79806 30221 1 2 0
17 79806 30221 2 3 0
17 79806 27871 0 3 0
17 79806 27871 1 4 0
17 79806 27871 2 1 0
17 79806 31805 0 1 0
17 79806 31805 1 2 0
17 79806 31805 2 3 0
17 79806 26929 0 1 0
17 79806 26929 1 2 0
17 79806 26929 2 3 0
17 79806 10225 0 1 0
17 79806 10225 1 2 0
17 79806 10225 2 3 0
17 79806 3871 0 3 0
17 79806 3871 1 4 0
17 79806 3871 2 1 0
17 79806 22731 0 3 0
17 79806 22731 1 4 0
17 79806 22731 2 1 0
17 79806 1605 0 1 0
17 79806 1605 1 2 0
17 79806 1605 2 3 0
17 79806 12035 0 3 0
17 79806 12035 1 4 0
17 79806 12035 2 1 0
17 79806 9591 0 3 0
17 79806 9591 1 4 0
17 79806 9591 2 1 0
17 79806 24155 0 3 0
17 79806 24155 1 4 0
17 79806 24155 2 1 0
17 79806 2205 0 1 0
17 79806 2205 1 2 0
17 79806 2205 2 3 0
17 79806 13551 0 3 0
17 79806 13551 1 4 0
17 79806 13551 2 1 0
17 79806 27157 0 1 0
17 79806 27157 1 2 0
17 79806 27157 2 3 0
17 79806 13545 0 1 0
17 79806 13545 1 2 0
17 79806 13545 2 3 0
17 79806 12167 0 3 0
17 79806 12167 1 4 0
17 79806 12167 2 1 0
17 79806 2593 0 1 0
17 79806 2593 1 2 0
17 79806 2593 2 3 0
17 79806 1025 0 1 0
17 79806 1025 1 2 0
17 79806 1025 2 3 0
17 79806 5483 0 3 0
17 79806 5483 1 4 0
17 79806 5483 2 1 0
17 79806 7511 0 3 0
17 79806 7511 1 4 0
17 79806 7511 2 1 0
17 79806 20401 0 1 0
17 79806 20401 1 2 0
17 79806 20401 2 3 0
17 79806 11121 0 1 0
17 79806 11121 1 2 0
17 79806 11121 2 3 0
17 79806 8869 0 1 0
17 79806 8869 1 2 0
17 79806 8869 2 3 0
17 79806 13805 0 1 0
17 79806 13805 1 2 0
17 79806 13805 2 3 0
17 79806 15489 0 1 0
17 79806 15489 1 2 0
17 79806 15489 2 3 0
17 79806 14225 0 1 0
17 79806 14225 1 2 0
17 79806 14225 2 3 0
17 79806 22515 0 3 0
17 79806 22515 1 4 0
17 79806 22515 2 1 0
17 79806 11179 0 3 0
17 79806 11179 1 4 0
17 79806 11179 2 1 0
17 79806 22639 0 3 0
17 79806 22639 1 4 0
17 79806 22639 2 1 0
17 79806 2127 0 3 0
17 79806 2127 1 4 0
17 79806 2127 2 1 0
17 79806 7113 0 1 0
17 79806 7113 1 2 0
17 79806 7113 2 3 0
17 79806 15635 0 3 0
17 79806 15635 1 4 0
17 79806 15635 2 1 0
17 79806 5245 0 1 0
17 79806 5245 1 2 0
17 79806 5245 2 3 0
17 79806 11091 0 3 0
17 79806 11091 1 4 0
17 79806 11091 2 1 0
17 79806 2131 0 3 0
17 79806 2131 1 4 0
17 79806 2131 2 1 0
17 79806 4361 0 1 0
17 79806 4361 1 2 0
17 79806 4361 2 3 0
17 79806 13739 0 3 0
17 79806 13739 1 4 0
17 79806 13739 2 1 0
17 79806 15321 0 1 0
17 79806 15321 1 2 0
17 79806 15321 2 3 0
17 79806 15273 0 1 0
17 79806 15273 1 2 0
17 79806 15273 2 3 0
17 79806 19973 0 1 0
17 79806 19973 1 2 0
17 79806 19973 2 3 0
17 79806 9099 0 3 0
17 79806 9099 1 4 0
17 79806 9099 2 1 0
17 79806 27525 0 1 0
17 79806 27525 1 2 0
17 79806 27525 2 3 0
17 79806 24069 0 1 0
17 79806 24069 1 2 0
17 79806 24069 2 3 0
17 79806 31745 0 1 0
17 79806 31745 1 2 0
17 79806 31745 2 3 0
17 79806 28895 0 3 0
17 79806 28895 1 4 0
17 79806 28895 2 1 0
17 79806 13387 0 3 0
17 79806 13387 1 4 0
17 79806 13387 2 1 0
17 79806 10231 0 3 0
17 79806 10231 1 4 0
17 79806 10231 2 1 0
17 79806 20487 0 3 0
17 79806 20487 1 4 0
17 79806 20487 2 1 0
17 79806 18447 0 3 0
17 79806 18447 1 4 0
17 79806 18447 2 1 0
17 79806 17879 0 3 0
17 79806 17879 1 4 0
17 79806 17879 2 1 0
17 79806 20605 0 1 0
17 79806 20605 1 2 0
17 79806 20605 2 3 0
17 79806 20175 0 3 0
17 79806 20175 1 4 0
17 79806 20175 2 1 0
17 79806 10465 0 1 0
17 79806 10465 1 2 0
17 79806 10465 2 3 0
17 79806 7973 0 1 0
17 79806 7973 1 2 0
17 79806 7973 2 3 0
17 79806 11755 0 3 0
17 79806 11755 1 4 0
17 79806 11755 2 1 0
17 79806 10867 0 3 0
17 79806 10867 1 4 0
17 79806 10867 2 1 0
17 79806 8525 0 1 0
17 79806 8525 1 2 0
17 79806 8525 2 3 0
17 79806 13081 0 1 0
17 79806 13081 1 2 0
17 79806 13081 2 3 0
17 79806 23607 0 3 0
17 79806 23607 1 4 0
17 79806 23607 2 1 0
17 79806 28975 0 3 0
17 79806 28975 1 4 0
17 79806 28975 2 1 0
17 79806 3643 0 3 0
17 79806 3643 1 4 0
17 79806 3643 2 1 0
17 79806 27635 0 3 0
17 79806 27635 1 4 0
17 79806 27635 2 1 0
17 79806 27061 0 1 0
17 79806 27061 1 2 0
17 79806 27061 2 3 0
17 79806 23559 0 3 0
17 79806 23559 1 4 0
17 79806 23559 2 1 0
17 79806 16551 0 3 0
17 79806 16551 1 4 0
17 79806 16551 2 1 0
17 79806 5893 0 1 0
17 79806 5893 1 2 0
17 79806 5893 2 3 0
17 79806 17629 0 1 0
17 79806 17629 1 2 0
17 79806 17629 2 3 0
17 79806 30391 0 3 0
17 79806 30391 1 4 0
17 79806 30391 2 1 0
17 79806 15605 0 1 0
17 79806 15605 1 2 0
17 79806 15605 2 3 0
17 79806 28481 0 1 0
17 79806 28481 1 2 0
17 79806 28481 2 3 0
17 79806 17209 0 1 0
17 79806 17209 1 2 0
17 79806 17209 2 3 0
17 79806 11275 0 3 0
17 79806 11275 1 4 0
17 79806 11275 2 1 0
17 79806 17099 0 3 0
17 79806 17099 1 4 0
17 79806 17099 2 1 0
17 79806 5073 0 1 0
17 79806 5073 1 2 0
17 79806 5073 2 3 0
17 79806 23115 0 3 0
17 79806 23115 1 4 0
17 79806 23115 2 1 0
17 79806 22757 0 1 0
17 79806 22757 1 2 0
17 79806 22757 2 3 0
17 79806 27163 0 3 0
17 79806 27163 1 4 0
17 79806 27163 2 1 0
17 79806 22511 0 3 0
17 79806 22511 1 4 0
17 79806 22511 2 1 0
17 79806 20379 0 3 0
17 79806 20379 1 4 0
17 79806 20379 2 1 0
17 79806 13959 0 3 0
17 79806 13959 1 4 0
17 79806 13959 2 1 0
17 79806 6053 0 1 0
17 79806 6053 1 2 0
17 79806 6053 2 3 0
17 79806 8799 0 3 0
17 79806 8799 1 4 0
17 79806 8799 2 1 0
17 79806 31859 0 3 0
17 79806 31859 1 4 0
17 79806 31859 2 1 0
17 79806 6299 0 3 0
17 79806 6299 1 4 0
17 79806 6299 2 1 0
17 79806 10675 0 3 0
17 79806 10675 1 4 0
17 79806 10675 2 1 0
17 79806 26035 0 3 0
17 79806 26035 1 4 0
17 79806 26035 2 1 0
17 79806 9829 0 1 0
17 79806 9829 1 2 0
17 79806 9829 2 3 0
17 79806 2815 0 3 0
17 79806 2815 1 4 0
17 79806 2815 2 1 0
17 79806 6711 0 3 0
17 79806 6711 1 4 0
17 79806 6711 2 1 0
17 79806 28863 0 3 0
17 79806 28863 1 4 0
17 79806 28863 2 1 0
17 79806 12085 0 1 0
17 79806 12085 1 2 0
17 79806 12085 2 3 0
17 79806 26113 0 1 0
17 79806 26113 1 2 0
17 79806 26113 2 3 0
17 79806 13589 0 1 0
17 79806 13589 1 2 0
17 79806 13589 2 3 0
17 79806 11887 0 3 0
17 79806 11887 1 4 0
17 79806 11887 2 1 0
17 79806 4333 0 1 0
17 79806 4333 1 2 0
17 79806 4333 2 3 0
17 79806 14477 0 1 0
17 79806 14477 1 2 0
17 79806 14477 2 3 0
17 79806 20927 0 3 0
17 79806 20927 1 4 0
17 79806 20927 2 1 0
17 79806 14769 0 1 0
17 79806 14769 1 2 0
17 79806 14769 2 3 0
17 79806 17767 0 3 0
17 79806 17767 1 4 0
17 79806 17767 2 1 0
17 79806 5685 0 1 0
17 79806 5685 1 2 0
17 79806 5685 2 3 0
17 79806 25001 0 1 0
17 79806 25001 1 2 0
17 79806 25001 2 3 0
17 79806 11713 0 1 0
17 79806 11713 1 2 0
17 79806 11713 2 3 0
17 79806 13023 0 3 0
17 79806 13023 1 4 0
17 79806 13023 2 1 0
17 79806 12263 0 3 0
17 79806 12263 1 4 0
17 79806 12263 2 1 0
17 79806 24729 0 1 0
17 79806 24729 1 2 0
17 79806 24729 2 3 0
17 79806 18703 0 3 0
17 79806 18703 1 4 0
17 79806 18703 2 1 0
17 79806 18605 0 1 0
17 79806 18605 1 2 0
17 79806 18605 2 3 0
17 79806 15513 0 1 0
17 79806 15513 1 2 0
17 79806 15513 2 3 0
17 79806 7545 0 1 0
17 79806 7545 1 2 0
17 79806 7545 2 3 0
17 79806 28371 0 3 0
17 79806 28371 1 4 0
17 79806 28371 2 1 0
17 79806 19189 0 1 0
17 79806 19189 1 2 0
17 79806 19189 2 3 0
17 79806 9243 0 3 0
17 79806 9243 1 4 0
17 79806 9243 2 1 0
17 79806 27909 0 1 0
17 79806 27909 1 2 0
17 79806 27909 2 3 0
17 79806 29881 0 1 0
17 79806 29881 1 2 0
17 79806 29881 2 3 0
17 79806 10389 0 1 0
17 79806 10389 1 2 0
17 79806 10389 2 3 0
17 79806 3115 0 3 0
17 79806 3115 1 4 0
17 79806 3115 2 1 0
17 79806 10369 0 1 0
17 79806 10369 1 2 0
17 79806 10369 2 3 0
17 79806 13827 0 3 0
17 79806 13827 1 4 0
17 79806 13827 2 1 0
17 79806 31835 0 3 0
17 79806 31835 1 4 0
17 79806 31835 2 1 0
17 79806 7301 0 1 0
17 79806 7301 1 2 0
17 79806 7301 2 3 0
17 79806 16509 0 1 0
17 79806 16509 1 2 0
17 79806 16509 2 3 0
17 79806 20049 0 1 0
17 79806 20049 1 2 0
17 79806 20049 2 3 0
17 79806 25565 0 1 0
17 79806 25565 1 2 0
17 79806 25565 2 3 0
17 79806 12493 0 1 0
17 79806 12493 1 2 0
17 79806 12493 2 3 0
17 79806 12807 0 3 0
17 79806 12807 1 4 0
17 79806 12807 2 1 0
17 79806 20993 0 1 0
17 79806 20993 1 2 0
17 79806 20993 2 3 0
17 79806 3685 0 1 0
17 79806 3685 1 2 0
17 79806 3685 2 3 0
17 79806 2813 0 1 0
17 79806 2813 1 2 0
17 79806 2813 2 3 0
17 79806 15917 0 1 0
17 79806 15917 1 2 0
17 79806 15917 2 3 0
17 79806 27231 0 3 0
17 79806 27231 1 4 0
17 79806 27231 2 1 0
17 79806 5611 0 3 0
17 79806 5611 1 4 0
17 79806 5611 2 1 0
17 79806 22823 0 3 0
17 79806 22823 1 4 0
17 79806 22823 2 1 0
17 79806 14043 0 3 0
17 79806 14043 1 4 0
17 79806 14043 2 1 0
17 79806 2499 0 3 0
17 79806 2499 1 4 0
17 79806 2499 2 1 0
17 79806 8575 0 3 0
17 79806 8575 1 4 0
17 79806 8575 2 1 0
17 79806 13013 0 1 0
17 79806 13013 1 2 0
17 79806 13013 2 3 0
17 79806 12591 0 3 0
17 79806 12591 1 4 0
17 79806 12591 2 1 0
17 79806 15551 0 3 0
17 79806 15551 1 4 0
17 79806 15551 2 1 0
17 79806 9687 0 3 0
17 79806 9687 1 4 0
17 79806 9687 2 1 0
17 79806 12737 0 1 0
17 79806 12737 1 2 0
17 79806 12737 2 3 0
17 79806 25103 0 3 0
17 79806 25103 1 4 0
17 79806 25103 2 1 0
17 79806 18521 0 1 0
17 79806 18521 1 2 0
17 79806 18521 2 3 0
17 79806 21743 0 3 0
17 79806 21743 1 4 0
17 79806 21743 2 1 0
17 79806 4345 0 1 0
17 79806 4345 1 2 0
17 79806 4345 2 3 0
17 79806 20771 0 3 0
17 79806 20771 1 4 0
17 79806 20771 2 1 0
17 79806 3749 0 1 0
17 79806 3749 1 2 0
17 79806 3749 2 3 0
17 79806 17965 0 1 0
17 79806 17965 1 2 0
17 79806 17965 2 3 0
17 79806 7547 0 3 0
17 79806 7547 1 4 0
17 79806 7547 2 1 0
17 79806 3801 0 1 0
17 79806 3801 1 2 0
17 79806 3801 2 3 0
17 79806 4187 0 3 0
17 79806 4187 1 4 0
17 79806 4187 2 1 0
17 79806 2223 0 3 0
17 79806 2223 1 4 0
17 79806 2223 2 1 0
17 79806 26895 0 3 0
17 79806 26895 1 4 0
17 79806 26895 2 1 0
17 79806 18235 0 3 0
17 79806 18235 1 4 0
17 79806 18235 2 1 0
17 79806 22201 0 1 0
17 79806 22201 1 2 0
17 79806 22201 2 3 0
17 79806 23723 0 3 0
17 79806 23723 1 4 0
17 79806 23723 2 1 0
17 79806 29041 0 1 0
17 79806 29041 1 2 0
17 79806 29041 2 3 0
17 79806 1619 0 3 0
17 79806 1619 1 4 0
17 79806 1619 2 1 0
17 79806 26827 0 3 0
17 79806 26827 1 4 0
17 79806 26827 2 1 0
17 79806 23453 0 1 0
17 79806 23453 1 2 0
17 79806 23453 2 3 0
17 79806 20961 0 1 0
17 79806 20961 1 2 0
17 79806 20961 2 3 0
17 79806 9769 0 1 0
17 79806 9769 1 2 0
17 79806 9769 2 3 0
17 79806 22947 0 3 0
17 79806 22947 1 4 0
17 79806 22947 2 1 0
17 79806 15559 0 3 0
17 79806 15559 1 4 0
17 79806 15559 2 1 0
17 79806 24095 0 3 0
17 79806 24095 1 4 0
17 79806 24095 2 1 0
17 79806 3251 0 3 0
17 79806 3251 1 4 0
17 79806 3251 2 1 0
17 79806 21031 0 3 0
17 79806 21031 1 4 0
17 79806 21031 2 1 0
17 79806 30287 0 3 0
17 79806 30287 1 4 0
17 79806 30287 2 1 0
17 79806 15545 0 1 0
17 79806 15545 1 2 0
17 79806 15545 2 3 0
17 79806 27969 0 1 0
17 79806 27969 1 2 0
17 79806 27969 2 3 0
17 79806 8649 0 1 0
17 79806 8649 1 2 0
17 79806 8649 2 3 0
17 79806 11499 0 3 0
17 79806 11499 1 4 0
17 79806 11499 2 1 0
17 79806 25039 0 3 0
17 79806 25039 1 4 0
17 79806 25039 2 1 0
17 79806 32699 0 3 0
17 79806 32699 1 4 0
17 79806 32699 2 1 0
17 79806 10585 0 1 0
17 79806 10585 1 2 0
17 79806 10585 2 3 0
17 79806 28081 0 1 0
17 79806 28081 1 2 0
17 79806 28081 2 3 0
17 79806 31215 0 3 0
17 79806 31215 1 4 0
17 79806 31215 2 1 0
17 79806 29981 0 1 0
17 79806 29981 1 2 0
17 79806 29981 2 3 0
17 79806 12993 0 1 0
17 79806 12993 1 2 0
17 79806 12993 2 3 0
17 79806 20097 0 1 0
17 79806 20097 1 2 0
17 79806 20097 2 3 0
17 79806 15807 0 3 0
17 79806 15807 1 4 0
17 79806 15807 2 1 0
17 79806 2757 0 1 0
17 79806 2757 1 2 0
17 79806 2757 2 3 0
17 79806 15905 0 1 0
17 79806 15905 1 2 0
17 79806 15905 2 3 0
17 79806 18455 0 3 0
17 79806 18455 1 4 0
17 79806 18455 2 1 0
17 79806 22217 0 1 0
17 79806 22217 1 2 0
17 79806 22217 2 3 0
17 79806 11029 0 1 0
17 79806 11029 1 2 0
17 79806 11029 2 3 0
17 79806 12577 0 1 0
17 79806 12577 1 2 0
17 79806 12577 2 3 0
17 79806 5735 0 3 0
17 79806 5735 1 4 0
17 79806 5735 2 1 0
17 79806 1205 0 1 0
17 79806 1205 1 2 0
17 79806 1205 2 3 0
17 79806 3203 0 3 0
17 79806 3203 1 4 0
17 79806 3203 2 1 0
17 79806 22095 0 3 0
17 79806 22095 1 4 0
17 79806 22095 2 1 0
17 79806 21297 0 1 0
17 79806 21297 1 2 0
17 79806 21297 2 3 0
17 79806 16591 0 3 0
17 79806 16591 1 4 0
17 79806 16591 2 1 0
17 79806 10903 0 3 0
17 79806 10903 1 4 0
17 79806 10903 2 1 0
17 79806 24203 0 3 0
17 79806 24203 1 4 0
17 79806 24203 2 1 0
17 79806 17529 0 1 0
17 79806 17529 1 2 0
17 79806 17529 2 3 0
17 79806 11489 0 1 0
17 79806 11489 1 2 0
17 79806 11489 2 3 0
17 79806 26179 0 3 0
17 79806 26179 1 4 0
17 79806 26179 2 1 0
17 79806 21971 0 3 0
17 79806 21971 1 4 0
17 79806 21971 2 1 0
17 79806 5387 0 3 0
17 79806 5387 1 4 0
17 79806 5387 2 1 0
17 79806 21281 0 1 0
17 79806 21281 1 2 0
17 79806 21281 2 3 0
17 79806 20861 0 1 0
17 79806 20861 1 2 0
17 79806 20861 2 3 0
17 79806 24559 0 3 0
17 79806 24559 1 4 0
17 79806 24559 2 1 0
17 79806 20789 0 1 0
17 79806 20789 1 2 0
17 79806 20789 2 3 0
17 79806 9493 0 1 0
17 79806 9493 1 2 0
17 79806 9493 2 3 0
17 79806 21087 0 3 0
17 79806 21087 1 4 0
17 79806 21087 2 1 0
17 79806 16291 0 3 0
17 79806 16291 1 4 0
17 79806 16291 2 1 0
17 79806 16003 0 3 0
17 79806 16003 1 4 0
17 79806 16003 2 1 0
17 79806 24513 0 1 0
17 79806 24513 1 2 0
17 79806 24513 2 3 0
17 79806 24369 0 1 0
17 79806 24369 1 2 0
17 79806 24369 2 3 0
17 79806 6323 0 3 0
17 79806 6323 1 4 0
17 79806 6323 2 1 0
17 79806 3279 0 3 0
17 79806 3279 1 4 0
17 79806 3279 2 1 0
17 79806 7671 0 3 0
17 79806 7671 1 4 0
17 79806 7671 2 1 0
17 79806 6531 0 3 0
17 79806 6531 1 4 0
17 79806 6531 2 1 0
17 79806 14243 0 3 0
17 79806 14243 1 4 0
17 79806 14243 2 1 0
17 79806 31481 0 1 0
17 79806 31481 1 2 0
17 79806 31481 2 3 0
17 79806 3675 0 3 0
17 79806 3675 1 4 0
17 79806 3675 2 1 0
17 79806 13975 0 3 0
17 79806 13975 1 4 0
17 79806 13975 2 1 0
17 79806 12047 0 3 0
17 79806 12047 1 4 0
17 79806 12047 2 1 0
17 79806 24003 0 3 0
17 79806 24003 1 4 0
17 79806 24003 2 1 0
17 79806 31803 0 3 0
17 79806 31803 1 4 0
17 79806 31803 2 1 0
17 79806 27037 0 1 0
17 79806 27037 1 2 0
17 79806 27037 2 3 0
17 79806 61 0 1 0
17 79806 61 1 2 0
17 79806 61 2 3 0
17 79806 3057 0 1 0
17 79806 3057 1 2 0
17 79806 3057 2 3 0
17 79806 28919 0 3 0
17 79806 28919 1 4 0
17 79806 28919 2 1 0
17 79806 27975 0 3 0
17 79806 27975 1 4 0
17 79806 27975 2 1 0
17 79806 18315 0 3 0
17 79806 18315 1 4 0
17 79806 18315 2 1 0
17 79806 22417 0 1 0
17 79806 22417 1 2 0
17 79806 22417 2 3 0
17 79806 21367 0 3 0
17 79806 21367 1 4 0
17 79806 21367 2 1 0
17 79806 29131 0 3 0
17 79806 29131 1 4 0
17 79806 29131 2 1 0
17 79806 30275 0 3 0
17 79806 30275 1 4 0
17 79806 30275 2 1 0
17 79806 19871 0 3 0
17 79806 19871 1 4 0
17 79806 19871 2 1 0
17 79806 1885 0 1 0
17 79806 1885 1 2 0
17 79806 1885 2 3 0
17 79806 28675 0 3 0
17 79806 28675 1 4 0
17 79806 28675 2 1 0
17 79806 32647 0 3 0
17 79806 32647 1 4 0
17 79806 32647 2 1 0
17 79806 9393 0 1 0
17 79806 9393 1 2 0
17 79806 9393 2 3 0
17 79806 15743 0 3 0
17 79806 15743 1 4 0
17 79806 15743 2 1 0
17 79806 19929 0 1 0
17 79806 19929 1 2 0
17 79806 19929 2 3 0
17 79806 32645 0 1 0
17 79806 32645 1 2 0
17 79806 32645 2 3 0
17 79806 23701 0 1 0
17 79806 23701 1 2 0
17 79806 23701 2 3 0
17 79806 353 0 1 0
17 79806 353 1 2 0
17 79806 353 2 3 0
17 79806 811 0 3 0
17 79806 811 1 4 0
17 79806 811 2 1 0
17 79806 24397 0 1 0
17 79806 24397 1 2 0
17 79806 24397 2 3 0
17 79806 26325 0 1 0
17 79806 26325 1 2 0
17 79806 26325 2 3 0
17 79806 16955 0 3 0
17 79806 16955 1 4 0
17 79806 16955 2 1 0
17 79806 9073 0 1 0
17 79806 9073 1 2 0
17 79806 9073 2 3 0
17 79806 7313 0 1 0
17 79806 7313 1 2 0
17 79806 7313 2 3 0
17 79806 28443 0 3 0
17 79806 28443 1 4 0
17 79806 28443 2 1 0
17 79806 16827 0 3 0
17 79806 16827 1 4 0
17 79806 16827 2 1 0
17 79806 28951 0 3 0
17 79806 28951 1 4 0
17 79806 28951 2 1 0
17 79806 14029 0 1 0
17 79806 14029 1 2 0
17 79806 14029 2 3 0
17 79806 23077 0 1 0
17 79806 23077 1 2 0
17 79806 23077 2 3 0
17 79806 27527 0 3 0
17 79806 27527 1 4 0
17 79806 27527 2 1 0
17 79806 7777 0 1 0
17 79806 7777 1 2 0
17 79806 7777 2 3 0
17 79806 6103 0 3 0
17 79806 6103 1 4 0
17 79806 6103 2 1 0
17 79806 2035 0 3 0
17 79806 2035 1 4 0
17 79806 2035 2 1 0
17 79806 18545 0 1 0
17 79806 18545 1 2 0
17 79806 18545 2 3 0
17 79806 30985 0 1 0
17 79806 30985 1 2 0
17 79806 30985 2 3 0
17 79806 6929 0 1 0
17 79806 6929 1 2 0
17 79806 6929 2 3 0
17 79806 24239 0 3 0
17 79806 24239 1 4 0
17 79806 24239 2 1 0
17 79806 13909 0 1 0
17 79806 13909 1 2 0
17 79806 13909 2 3 0
17 79806 14141 0 1 0
17 79806 14141 1 2 0
17 79806 14141 2 3 0
17 79806 18425 0 1 0
17 79806 18425 1 2 0
17 79806 18425 2 3 0
17 79806 22559 0 3 0
17 79806 22559 1 4 0
17 79806 22559 2 1 0
17 79806 26823 0 3 0
17 79806 26823 1 4 0
17 79806 26823 2 1 0
17 79806 2133 0 1 0
17 79806 2133 1 2 0
17 79806 2133 2 3 0
17 79806 7825 0 1 0
17 79806 7825 1 2 0
17 79806 7825 2 3 0
17 79806 19175 0 3 0
17 79806 19175 1 4 0
17 79806 19175 2 1 0
17 79806 18155 0 3 0
17 79806 18155 1 4 0
17 79806 18155 2 1 0
17 79806 24665 0 1 0
17 79806 24665 1 2 0
17 79806 24665 2 3 0
17 79806 15895 0 3 0
17 79806 15895 1 4 0
17 79806 15895 2 1 0
17 79806 17825 0 1 0
17 79806 17825 1 2 0
17 79806 17825 2 3 0
17 79806 12395 0 3 0
17 79806 12395 1 4 0
17 79806 12395 2 1 0
17 79806 27791 0 3 0
17 79806 27791 1 4 0
17 79806 27791 2 1 0
17 79806 7391 0 3 0
17 79806 7391 1 4 0
17 79806 7391 2 1 0
17 79806 25187 0 3 0
17 79806 25187 1 4 0
17 79806 25187 2 1 0
17 79806 22841 0 1 0
17 79806 22841 1 2 0
17 79806 22841 2 3 0
18 79806 12209 0 1 0
18 79806 12209 1 2 0
18 79806 12209 2 3 0
18 79806 6893 0 1 0
18 79806 6893 1 2 0
18 79806 6893 2 3 0
18 79806 3317 0 1 0
18 79806 3317 1 2 0
18 79806 3317 2 3 0
18 79806 9437 0 1 0
18 79806 9437 1 2 0
18 79806 9437 2 3 0
18 79806 11879 0 3 0
18 79806 11879 1 4 0
18 79806 11879 2 1 0
18 79806 19321 0 1 0
18 79806 19321 1 2 0
18 79806 19321 2 3 0
18 79806 24813 0 1 0
18 79806 24813 1 2 0
18 79806 24813 2 3 0
18 79806 16231 0 3 0
18 79806 16231 1 4 0
18 79806 16231 2 1 0
18 79806 18307 0 3 0
18 79806 18307 1 4 0
18 79806 18307 2 1 0
18 79806 30557 0 1 0
18 79806 30557 1 2 0
18 79806 30557 2 3 0
18 79806 14935 0 3 0
18 79806 14935 1 4 0
18 79806 14935 2 1 0
18 79806 17333 0 1 0
18 79806 17333 1 2 0
18 79806 17333 2 3 0
18 79806 21109 0 1 0
18 79806 21109 1 2 0
18 79806 21109 2 3 0
18 79806 8135 0 3 0
18 79806 8135 1 4 0
18 79806 8135 2 1 0
18 79806 22911 0 3 0
18 79806 22911 1 4 0
18 79806 22911 2 1 0
18 79806 21929 0 1 0
18 79806 21929 1 2 0
18 79806 21929 2 3 0
18 79806 7343 0 3 0
18 79806 7343 1 4 0
18 79806 7343 2 1 0
18 79806 24575 0 3 0
18 79806 24575 1 4 0
18 79806 24575 2 1 0
18 79806 14647 0 3 0
18 79806 14647 1 4 0
18 79806 14647 2 1 0
18 79806 4089 0 1 0
18 79806 4089 1 2 0
18 79806 4089 2 3 0
18 79806 9719 0 3 0
18 79806 9719 1 4 0
18 79806 9719 2 1 0
18 79806 15149 0 1 0
18 79806 15149 1 2 0
18 79806 15149 2 3 0
18 79806 15003 0 3 0
18 79806 15003 1 4 0
18 79806 15003 2 1 0
18 79806 659 0 3 0
18 79806 659 1 4 0
18 79806 659 2 1 0
18 79806 31223 0 3 0
18 79806 31223 1 4 0
18 79806 31223 2 1 0
18 79806 16759 0 3 0
18 79806 16759 1 4 0
18 79806 16759 2 1 0
18 79806 15507 0 3 0
18 79806 15507 1 4 0
18 79806 15507 2 1 0
18 79806 29119 0 3 0
18 79806 29119 1 4 0
18 79806 29119 2 1 0
18 79806 21065 0 1 0
18 79806 21065 1 2 0
18 79806 21065 2 3 0
18 79806 18449 0 1 0
18 79806 18449 1 2 0
18 79806 18449 2 3 0
18 79806 30735 0 3 0
18 79806 30735 1 4 0
18 79806 30735 2 1 0
18 79806 10701 0 1 0
18 79806 10701 1 2 0
18 79806 10701 2 3 0
18 79806 15791 0 3 0
18 79806 15791 1 4 0
18 79806 15791 2 1 0
18 79806 18775 0 3 0
18 79806 18775 1 4 0
18 79806 18775 2 1 0
18 79806 19595 0 3 0
18 79806 19595 1 4 0
18 79806 19595 2 1 0
18 79806 26119 0 3 0
18 79806 26119 1 4 0
18 79806 26119 2 1 0
18 79806 23205 0 1 0
18 79806 23205 1 2 0
18 79806 23205 2 3 0
18 79806 24175 0 3 0
18 79806 24175 1 4 0
18 79806 24175 2 1 0
18 79806 2291 0 3 0
18 79806 2291 1 4 0
18 79806 2291 2 1 0
18 79806 8597 0 1 0
18 79806 8597 1 2 0
18 79806 8597 2 3 0
18 79806 2977 0 1 0
18 79806 2977 1 2 0
18 79806 2977 2 3 0
18 79806 2699 0 3 0
18 79806 2699 1 4 0
18 79806 2699 2 1 0
18 79806 363 0 3 0
18 79806 363 1 4 0
18 79806 363 2 1 0
18 79806 9037 0 1 0
18 79806 9037 1 2 0
18 79806 9037 2 3 0
18 79806 5637 0 1 0
18 79806 5637 1 2 0
18 79806 5637 2 3 0
18 79806 9631 0 3 0
18 79806 9631 1 4 0
18 79806 9631 2 1 0
18 79806 4517 0 1 0
18 79806 4517 1 2 0
18 79806 4517 2 3 0
18 79806 11435 0 3 0
18 79806 11435 1 4 0
18 79806 11435 2 1 0
18 79806 13973 0 1 0
18 79806 13973 1 2 0
18 79806 13973 2 3 0
18 79806 15921 0 1 0
18 79806 15921 1 2 0
18 79806 15921 2 3 0
18 79806 30987 0 3 0
18 79806 30987 1 4 0
18 79806 30987 2 1 0
18 79806 1087 0 3 0
18 79806 1087 1 4 0
18 79806 1087 2 1 0
18 79806 6625 0 1 0
18 79806 6625 1 2 0
18 79806 6625 2 3 0
18 79806 28707 0 3 0
18 79806 28707 1 4 0
18 79806 28707 2 1 0
18 79806 3095 0 3 0
18 79806 3095 1 4 0
18 79806 3095 2 1 0
18 79806 21149 0 1 0
18 79806 21149 1 2 0
18 79806 21149 2 3 0
18 79806 8647 0 3 0
18 79806 8647 1 4 0
18 79806 8647 2 1 0
18 79806 13949 0 1 0
18 79806 13949 1 2 0
18 79806 13949 2 3 0
18 79806 8143 0 3 0
18 79806 8143 1 4 0
18 79806 8143 2 1 0
18 79806 6227 0 3 0
18 79806 6227 1 4 0
18 79806 6227 2 1 0
18 79806 19309 0 1 0
18 79806 19309 1 2 0
18 79806 19309 2 3 0
18 79806 16959 0 3 0
18 79806 16959 1 4 0
18 79806 16959 2 1 0
18 79806 3077 0 1 0
18 79806 3077 1 2 0
18 79806 3077 2 3 0
18 79806 13883 0 3 0
18 79806 13883 1 4 0
18 79806 13883 2 1 0
18 79806 14811 0 3 0
18 79806 14811 1 4 0
18 79806 14811 2 1 0
18 79806 16157 0 1 0
18 79806 16157 1 2 0
18 79806 16157 2 3 0
18 79806 20509 0 1 0
18 79806 20509 1 2 0
18 79806 20509 2 3 0
18 79806 22085 0 1 0
18 79806 22085 1 2 0
18 79806 22085 2 3 0
18 79806 23677 0 1 0
18 79806 23677 1 2 0
18 79806 23677 2 3 0
18 79806 15263 0 3 0
18 79806 15263 1 4 0
18 79806 15263 2 1 0
18 79806 31019 0 3 0
18 79806 31019 1 4 0
18 79806 31019 2 1 0
18 79806 25051 0 3 0
18 79806 25051 1 4 0
18 79806 25051 2 1 0
18 79806 6615 0 3 0
18 79806 6615 1 4 0
18 79806 6615 2 1 0
18 79806 26487 0 3 0
18 79806 26487 1 4 0
18 79806 26487 2 1 0
18 79806 3097 0 1 0
18 79806 3097 1 2 0
18 79806 3097 2 3 0
18 79806 12639 0 3 0
18 79806 12639 1 4 0
18 79806 12639 2 1 0
18 79806 5289 0 1 0
18 79806 5289 1 2 0
18 79806 5289 2 3 0
18 79806 26285 0 1 0
18 79806 26285 1 2 0
18 79806 26285 2 3 0
18 79806 6629 0 1 0
18 79806 6629 1 2 0
18 79806 6629 2 3 0
18 79806 32725 0 1 0
18 79806 32725 1 2 0
18 79806 32725 2 3 0
18 79806 5061 0 1 0
18 79806 5061 1 2 0
18 79806 5061 2 3 0
18 79806 9753 0 1 0
18 79806 9753 1 2 0
18 79806 9753 2 3 0
18 79806 5147 0 3 0
18 79806 5147 1 4 0
18 79806 5147 2 1 0
18 79806 27099 0 3 0
18 79806 27099 1 4 0
18 79806 27099 2 1 0
18 79806 30365 0 1 0
18 79806 30365 1 2 0
18 79806 30365 2 3 0
18 79806 4533 0 1 0
18 79806 4533 1 2 0
18 79806 4533 2 3 0
18 79806 15689 0 1 0
18 79806 15689 1 2 0
18 79806 15689 2 3 0
18 79806 20645 0 1 0
18 79806 20645 1 2 0
18 79806 20645 2 3 0
18 79806 5679 0 3 0
18 79806 5679 1 4 0
18 79806 5679 2 1 0
18 79806 13881 0 1 0
18 79806 13881 1 2 0
18 79806 13881 2 3 0
18 79806 21161 0 1 0
18 79806 21161 1 2 0
18 79806 21161 2 3 0
18 79806 2251 0 3 0
18 79806 2251 1 4 0
18 79806 2251 2 1 0
18 79806 9495 0 3 0
18 79806 9495 1 4 0
18 79806 9495 2 1 0
18 79806 31285 0 1 0
18 79806 31285 1 2 0
18 79806 31285 2 3 0
18 79806 9485 0 1 0
18 79806 9485 1 2 0
18 79806 9485 2 3 0
18 79806 21955 0 3 0
18 79806 21955 1 4 0
18 79806 21955 2 1 0
18 79806 22427 0 3 0
18 79806 22427 1 4 0
18 79806 22427 2 1 0
18 79806 20105 0 1 0
18 79806 20105 1 2 0
18 79806 20105 2 3 0
18 79806 10071 0 3 0
18 79806 10071 1 4 0
18 79806 10071 2 1 0
18 79806 7779 0 3 0
18 79806 7779 1 4 0
18 79806 7779 2 1 0
18 79806 2071 0 3 0
18 79806 2071 1 4 0
18 79806 2071 2 1 0
18 79806 16459 0 3 0
18 79806 16459 1 4 0
18 79806 16459 2 1 0
18 79806 3305 0 1 0
18 79806 3305 1 2 0
18 79806 3305 2 3 0
18 79806 29101 0 1 0
18 79806 29101 1 2 0
18 79806 29101 2 3 0
18 79806 21573 0 1 0
18 79806 21573 1 2 0
18 79806 21573 2 3 0
18 79806 28387 0 3 0
18 79806 28387 1 4 0
18 79806 28387 2 1 0
18 79806 1813 0 1 0
18 79806 1813 1 2 0
18 79806 1813 2 3 0
18 79806 17345 0 1 0
18 79806 17345 1 2 0
18 79806 17345 2 3 0
18 79806 7559 0 3 0
18 79806 7559 1 4 0
18 79806 7559 2 1 0
18 79806 5795 0 3 0
18 79806 5795 1 4 0
18 79806 5795 2 1 0
18 79806 14283 0 3 0
18 79806 14283 1 4 0
18 79806 14283 2 1 0
18 79806 20737 0 1 0
18 79806 20737 1 2 0
18 79806 20737 2 3 0
18 79806 99 0 3 0
18 79806 99 1 4 0
18 79806 99 2 1 0
18 79806 7859 0 3 0
18 79806 7859 1 4 0
18 79806 7859 2 1 0
18 79806 17093 0 1 0
18 79806 17093 1 2 0
18 79806 17093 2 3 0
18 79806 28477 0 1 0
18 79806 28477 1 2 0
18 79806 28477 2 3 0
18 79806 32299 0 3 0
18 79806 32299 1 4 0
18 79806 32299 2 1 0
18 79806 23215 0 3 0
18 79806 23215 1 4 0
18 79806 23215 2 1 0
18 79806 11683 0 3 0
18 79806 11683 1 4 0
18 79806 11683 2 1 0
18 79806 12013 0 1 0
18 79806 12013 1 2 0
18 79806 12013 2 3 0
18 79806 13187 0 3 0
18 79806 13187 1 4 0
18 79806 13187 2 1 0
18 79806 17447 0 3 0
18 79806 17447 1 4 0
18 79806 17447 2 1 0
18 79806 28021 0 1 0
18 79806 28021 1 2 0
18 79806 28021 2 3 0
18 79806 20343 0 3 0
18 79806 20343 1 4 0
18 79806 20343 2 1 0
18 79806 10857 0 1 0
18 79806 10857 1 2 0
18 79806 10857 2 3 0
18 79806 263 0 3 0
18 79806 263 1 4 0
18 79806 263 2 1 0
18 79806 22323 0 3 0
18 79806 22323 1 4 0
18 79806 22323 2 1 0
18 79806 21215 0 3 0
18 79806 21215 1 4 0
18 79806 21215 2 1 0
18 79806 9383 0 3 0
18 79806 9383 1 4 0
18 79806 9383 2 1 0
18 79806 4989 0 1 0
18 79806 4989 1 2 0
18 79806 4989 2 3 0
18 79806 14703 0 3 0
18 79806 14703 1 4 0
18 79806 14703 2 1 0
18 79806 29633 0 1 0
18 79806 29633 1 2 0
18 79806 29633 2 3 0
18 79806 32349 0 1 0
18 79806 32349 1 2 0
18 79806 32349 2 3 0
18 79806 6091 0 3 0
18 79806 6091 1 4 0
18 79806 6091 2 1 0
18 79806 26755 0 3 0
18 79806 26755 1 4 0
18 79806 26755 2 1 0
18 79806 24819 0 3 0
18 79806 24819 1 4 0
18 79806 24819 2 1 0
18 79806 18505 0 1 0
18 79806 18505 1 2 0
18 79806 18505 2 3 0
18 79806 4785 0 1 0
18 79806 4785 1 2 0
18 79806 4785 2 3 0
18 79806 11065 0 1 0
18 79806 11065 1 2 0
18 79806 11065 2 3 0
18 79806 17701 0 1 0
18 79806 17701 1 2 0
18 79806 17701 2 3 0
18 79806 11617 0 1 0
18 79806 11617 1 2 0
18 79806 11617 2 3 0
18 79806 1965 0 1 0
18 79806 1965 1 2 0
18 79806 1965 2 3 0
18 79806 28105 0 1 0
18 79806 28105 1 2 0
18 79806 28105 2 3 0
18 79806 31781 0 1 0
18 79806 31781 1 2 0
18 79806 31781 2 3 0
18 79806 16145 0 1 0
18 79806 16145 1 2 0
18 79806 16145 2 3 0
18 79806 1591 0 3 0
18 79806 1591 1 4 0
18 79806 1591 2 1 0
18 79806 5239 0 3 0
18 79806 5239 1 4 0
18 79806 5239 2 1 0
18 79806 32221 0 1 0
18 79806 32221 1 2 0
18 79806 32221 2 3 0
18 79806 22347 0 3 0
18 79806 22347 1 4 0
18 79806 22347 2 1 0
18 79806 16299 0 3 0
18 79806 16299 1 4 0
18 79806 16299 2 1 0
18 79806 8587 0 3 0
18 79806 8587 1 4 0
18 79806 8587 2 1 0
18 79806 1509 0 1 0
18 79806 1509 1 2 0
18 79806 1509 2 3 0
18 79806 17855 0 3 0
18 79806 17855 1 4 0
18 79806 17855 2 1 0
18 79806 18985 0 1 0
18 79806 18985 1 2 0
18 79806 18985 2 3 0
18 79806 31429 0 1 0
18 79806 31429 1 2 0
18 79806 31429 2 3 0
18 79806 25015 0 3 0
18 79806 25015 1 4 0
18 79806 25015 2 1 0
18 79806 25399 0 3 0
18 79806 25399 1 4 0
18 79806 25399 2 1 0
18 79806 24507 0 3 0
18 79806 24507 1 4 0
18 79806 24507 2 1 0
18 79806 11023 0 3 0
18 79806 11023 1 4 0
18 79806 11023 2 1 0
18 79806 24093 0 1 0
18 79806 24093 1 2 0
18 79806 24093 2 3 0
18 79806 13521 0 1 0
18 79806 13521 1 2 0
18 79806 13521 2 3 0
18 79806 17247 0 3 0
18 79806 17247 1 4 0
18 79806 17247 2 1 0
18 79806 16241 0 1 0
18 79806 16241 1 2 0
18 79806 16241 2 3 0
18 79806 223 0 3 0
18 79806 223 1 4 0
18 79806 223 2 1 0
18 79806 31209 0 1 0
18 79806 31209 1 2 0
18 79806 31209 2 3 0
18 79806 28227 0 3 0
18 79806 28227 1 4 0
18 79806 28227 2 1 0
18 79806 28655 0 3 0
18 79806 28655 1 4 0
18 79806 28655 2 1 0
18 79806 20127 0 3 0
18 79806 20127 1 4 0
18 79806 20127 2 1 0
18 79806 3607 0 3 0
18 79806 3607 1 4 0
18 79806 3607 2 1 0
18 79806 15877 0 1 0
18 79806 15877 1 2 0
18 79806 15877 2 3 0
18 79806 31655 0 3 0
18 79806 31655 1 4 0
18 79806 31655 2 1 0
18 79806 31813 0 1 0
18 79806 31813 1 2 0
18 79806 31813 2 3 0
18 79806 29007 0 3 0
18 79806 29007 1 4 0
18 79806 29007 2 1 0
18 79806 8749 0 1 0
18 79806 8749 1 2 0
18 79806 8749 2 3 0
18 79806 21421 0 1 0
18 79806 21421 1 2 0
18 79806 21421 2 3 0
18 79806 517 0 1 0
18 79806 517 1 2 0
18 79806 517 2 3 0
18 79806 18049 0 1 0
18 79806 18049 1 2 0
18 79806 18049 2 3 0
18 79806 13533 0 1 0
18 79806 13533 1 2 0
18 79806 13533 2 3 0
18 79806 17397 0 1 0
18 79806 17397 1 2 0
18 79806 17397 2 3 0
18 79806 10559 0 3 0
18 79806 10559 1 4 0
18 79806 10559 2 1 0
18 79806 17827 0 3 0
18 79806 17827 1 4 0
18 79806 17827 2 1 0
18 79806 26573 0 1 0
18 79806 26573 1 2 0
18 79806 26573 2 3 0
18 79806 18681 0 1 0
18 79806 18681 1 2 0
18 79806 18681 2 3 0
18 79806 28685 0 1 0
18 79806 28685 1 2 0
18 79806 28685 2 3 0
18 79806 15901 0 1 0
18 79806 15901 1 2 0
18 79806 15901 2 3 0
18 79806 26061 0 1 0
18 79806 26061 1 2 0
18 79806 26061 2 3 0
18 79806 18685 0 1 0
18 79806 18685 1 2 0
18 79806 18685 2 3 0
18 79806 18243 0 3 0
18 79806 18243 1 4 0
18 79806 18243 2 1 0
18 79806 16149 0 1 0
18 79806 16149 1 2 0
18 79806 16149 2 3 0
18 79806 10849 0 1 0
18 79806 10849 1 2 0
18 79806 10849 2 3 0
18 79806 6659 0 3 0
18 79806 6659 1 4 0
18 79806 6659 2 1 0
18 79806 1655 0 3 0
18 79806 1655 1 4 0
18 79806 1655 2 1 0
18 79806 23269 0 1 0
18 79806 23269 1 2 0
18 79806 23269 2 3 0
18 79806 8225 0 1 0
18 79806 8225 1 2 0
18 79806 8225 2 3 0
18 79806 20951 0 3 0
18 79806 20951 1 4 0
18 79806 20951 2 1 0
18 79806 9807 0 3 0
18 79806 9807 1 4 0
18 79806 9807 2 1 0
18 79806 28309 0 1 0
18 79806 28309 1 2 0
18 79806 28309 2 3 0
18 79806 4991 0 3 0
18 79806 4991 1 4 0
18 79806 4991 2 1 0
18 79806 7153 0 1 0
18 79806 7153 1 2 0
18 79806 7153 2 3 0
18 79806 7345 0 1 0
18 79806 7345 1 2 0
18 79806 7345 2 3 0
18 79806 17625 0 1 0
18 79806 17625 1 2 0
18 79806 17625 2 3 0
18 79806 5655 0 3 0
18 79806 5655 1 4 0
18 79806 5655 2 1 0
18 79806 7271 0 3 0
18 79806 7271 1 4 0
18 79806 7271 2 1 0
18 79806 6749 0 1 0
18 79806 6749 1 2 0
18 79806 6749 2 3 0
18 79806 30285 0 1 0
18 79806 30285 1 2 0
18 79806 30285 2 3 0
18 79806 8321 0 1 0
18 79806 8321 1 2 0
18 79806 8321 2 3 0
18 79806 14533 0 1 0
18 79806 14533 1 2 0
18 79806 14533 2 3 0
18 79806 22881 0 1 0
18 79806 22881 1 2 0
18 79806 22881 2 3 0
18 79806 4133 0 1 0
18 79806 4133 1 2 0
18 79806 4133 2 3 0
18 79806 10073 0 1 0
18 79806 10073 1 2 0
18 79806 10073 2 3 0
18 79806 13089 0 1 0
18 79806 13089 1 2 0
18 79806 13089 2 3 0
18 79806 23443 0 3 0
18 79806 23443 1 4 0
18 79806 23443 2 1 0
18 79806 13629 0 1 0
18 79806 13629 1 2 0
18 79806 13629 2 3 0
18 79806 32199 0 3 0
18 79806 32199 1 4 0
18 79806 32199 2 1 0
18 79806 5553 0 1 0
18 79806 5553 1 2 0
18 79806 5553 2 3 0
18 79806 28813 0 1 0
18 79806 28813 1 2 0
18 79806 28813 2 3 0
18 79806 825 0 1 0
18 79806 825 1 2 0
18 79806 825 2 3 0
18 79806 27361 0 1 0
18 79806 27361 1 2 0
18 79806 27361 2 3 0
18 79806 7975 0 3 0
18 79806 7975 1 4 0
18 79806 7975 2 1 0
18 79806 15623 0 3 0
18 79806 15623 1 4 0
18 79806 15623 2 1 0
18 79806 11323 0 3 0
18 79806 11323 1 4 0
18 79806 11323 2 1 0
18 79806 15887 0 3 0
18 79806 15887 1 4 0
18 79806 15887 2 1 0
18 79806 23041 0 1 0
18 79806 23041 1 2 0
18 79806 23041 2 3 0
18 79806 4321 0 1 0
18 79806 4321 1 2 0
18 79806 4321 2 3 0
18 79806 14561 0 1 0
18 79806 14561 1 2 0
18 79806 14561 2 3 0
18 79806 13659 0 3 0
18 79806 13659 1 4 0
18 79806 13659 2 1 0
18 79806 12093 0 1 0
18 79806 12093 1 2 0
18 79806 12093 2 3 0
18 79806 29515 0 3 0
18 79806 29515 1 4 0
18 79806 29515 2 1 0
18 79806 11941 0 1 0
18 79806 11941 1 2 0
18 79806 11941 2 3 0
18 79806 14451 0 3 0
18 79806 14451 1 4 0
18 79806 14451 2 1 0
18 79806 5127 0 3 0
18 79806 5127 1 4 0
18 79806 5127 2 1 0
18 79806 9333 0 1 0
18 79806 9333 1 2 0
18 79806 9333 2 3 0
18 79806 1567 0 3 0
18 79806 1567 1 4 0
18 79806 1567 2 1 0
18 79806 3777 0 1 0
18 79806 3777 1 2 0
18 79806 3777 2 3 0
18 79806 28401 0 1 0
18 79806 28401 1 2 0
18 79806 28401 2 3 0
18 79806 14247 0 3 0
18 79806 14247 1 4 0
18 79806 14247 2 1 0
18 79806 8353 0 1 0
18 79806 8353 1 2 0
18 79806 8353 2 3 0
18 79806 8241 0 1 0
18 79806 8241 1 2 0
18 79806 8241 2 3 0
18 79806 14335 0 3 0
18 79806 14335 1 4 0
18 79806 14335 2 1 0
18 79806 23485 0 1 0
18 79806 23485 1 2 0
18 79806 23485 2 3 0
18 79806 6853 0 1 0
18 79806 6853 1 2 0
18 79806 6853 2 3 0
18 79806 9237 0 1 0
18 79806 9237 1 2 0
18 79806 9237 2 3 0
18 79806 1157 0 1 0
18 79806 1157 1 2 0
18 79806 1157 2 3 0
18 79806 31931 0 3 0
18 79806 31931 1 4 0
18 79806 31931 2 1 0
18 79806 21279 0 3 0
18 79806 21279 1 4 0
18 79806 21279 2 1 0
18 79806 20183 0 3 0
18 79806 20183 1 4 0
18 79806 20183 2 1 0
18 79806 5713 0 1 0
18 79806 5713 1 2 0
18 79806 5713 2 3 0
18 79806 8837 0 1 0
18 79806 8837 1 2 0
18 79806 8837 2 3 0
18 79806 6259 0 3 0
18 79806 6259 1 4 0
18 79806 6259 2 1 0
18 79806 29383 0 3 0
18 79806 29383 1 4 0
18 79806 29383 2 1 0
18 79806 20045 0 1 0
18 79806 20045 1 2 0
18 79806 20045 2 3 0
18 79806 7325 0 1 0
18 79806 7325 1 2 0
18 79806 7325 2 3 0
18 79806 5809 0 1 0
18 79806 5809 1 2 0
18 79806 5809 2 3 0
18 79806 18577 0 1 0
18 79806 18577 1 2 0
18 79806 18577 2 3 0
18 79806 28065 0 1 0
18 79806 28065 1 2 0
18 79806 28065 2 3 0
18 79806 1993 0 1 0
18 79806 1993 1 2 0
18 79806 1993 2 3 0
18 79806 8923 0 3 0
18 79806 8923 1 4 0
18 79806 8923 2 1 0
18 79806 24607 0 3 0
18 79806 24607 1 4 0
18 79806 24607 2 1 0
18 79806 8245 0 1 0
18 79806 8245 1 2 0
18 79806 8245 2 3 0
18 79806 18215 0 3 0
18 79806 18215 1 4 0
18 79806 18215 2 1 0
18 79806 4997 0 1 0
18 79806 4997 1 2 0
18 79806 4997 2 3 0
18 79806 5885 0 1 0
18 79806 5885 1 2 0
18 79806 5885 2 3 0
18 79806 21067 0 3 0
18 79806 21067 1 4 0
18 79806 21067 2 1 0
18 79806 6127 0 3 0
18 79806 6127 1 4 0
18 79806 6127 2 1 0
18 79806 13953 0 1 0
18 79806 13953 1 2 0
18 79806 13953 2 3 0
18 79806 25145 0 1 0
18 79806 25145 1 2 0
18 79806 25145 2 3 0
18 79806 10597 0 1 0
18 79806 10597 1 2 0
18 79806 10597 2 3 0
18 79806 6709 0 1 0
18 79806 6709 1 2 0
18 79806 6709 2 3 0
18 79806 32703 0 3 0
18 79806 32703 1 4 0
18 79806 32703 2 1 0
18 79806 17573 0 1 0
18 79806 17573 1 2 0
18 79806 17573 2 3 0
18 79806 30957 0 1 0
18 79806 30957 1 2 0
18 79806 30957 2 3 0
18 79806 239 0 3 0
18 79806 239 1 4 0
18 79806 239 2 1 0
18 79806 24993 0 1 0
18 79806 24993 1 2 0
18 79806 24993 2 3 0
18 79806 14319 0 3 0
18 79806 14319 1 4 0
18 79806 14319 2 1 0
18 79806 18127 0 3 0
18 79806 18127 1 4 0
18 79806 18127 2 1 0
18 79806 24489 0 1 0
18 79806 24489 1 2 0
18 79806 24489 2 3 0
18 79806 30645 0 1 0
18 79806 30645 1 2 0
18 79806 30645 2 3 0
18 79806 4351 0 3 0
18 79806 4351 1 4 0
18 79806 4351 2 1 0
18 79806 26985 0 1 0
18 79806 26985 1 2 0
18 79806 26985 2 3 0
18 79806 1833 0 1 0
18 79806 1833 1 2 0
18 79806 1833 2 3 0
18 79806 13693 0 1 0
18 79806 13693 1 2 0
18 79806 13693 2 3 0
18 79806 3047 0 3 0
18 79806 3047 1 4 0
18 79806 3047 2 1 0
18 79806 4439 0 3 0
18 79806 4439 1 4 0
18 79806 4439 2 1 0
18 79806 19797 0 1 0
18 79806 19797 1 2 0
18 79806 19797 2 3 0
18 79806 15393 0 1 0
18 79806 15393 1 2 0
18 79806 15393 2 3 0
18 79806 16589 0 1 0
18 79806 16589 1 2 0
18 79806 16589 2 3 0
18 79806 30123 0 3 0
18 79806 30123 1 4 0
18 79806 30123 2 1 0
18 79806 31011 0 3 0
18 79806 31011 1 4 0
18 79806 31011 2 1 0
18 79806 16981 0 1 0
18 79806 16981 1 2 0
18 79806 16981 2 3 0
18 79806 12773 0 1 0
18 79806 12773 1 2 0
18 79806 12773 2 3 0
18 79806 3173 0 1 0
18 79806 3173 1 2 0
18 79806 3173 2 3 0
18 79806 13185 0 1 0
18 79806 13185 1 2 0
18 79806 13185 2 3 0
18 79806 6285 0 1 0
18 79806 6285 1 2 0
18 79806 6285 2 3 0
18 79806 25125 0 1 0
18 79806 25125 1 2 0
18 79806 25125 2 3 0
18 79806 12147 0 3 0
18 79806 12147 1 4 0
18 79806 12147 2 1 0
18 79806 6035 0 3 0
18 79806 6035 1 4 0
18 79806 6035 2 1 0
18 79806 4367 0 3 0
18 79806 4367 1 4 0
18 79806 4367 2 1 0
18 79806 26601 0 1 0
18 79806 26601 1 2 0
18 79806 26601 2 3 0
18 79806 18207 0 3 0
18 79806 18207 1 4 0
18 79806 18207 2 1 0
18 79806 169 0 1 0
18 79806 169 1 2 0
18 79806 169 2 3 0
18 79806 19199 0 3 0
18 79806 19199 1 4 0
18 79806 19199 2 1 0
18 79806 3969 0 1 0
18 79806 3969 1 2 0
18 79806 3969 2 3 0
18 79806 18835 0 3 0
18 79806 18835 1 4 0
18 79806 18835 2 1 0
18 79806 7 0 3 0
18 79806 7 1 4 0
18 79806 7 2 1 0
18 79806 4029 0 1 0
18 79806 4029 1 2 0
18 79806 4029 2 3 0
18 79806 24761 0 1 0
18 79806 24761 1 2 0
18 79806 24761 2 3 0
18 79806 3371 0 3 0
18 79806 3371 1 4 0
18 79806 3371 2 1 0
18 79806 4231 0 3 0
18 79806 4231 1 4 0
18 79806 4231 2 1 0
18 79806 23857 0 1 0
18 79806 23857 1 2 0
18 79806 23857 2 3 0
18 79806 2691 0 3 0
18 79806 2691 1 4 0
18 79806 2691 2 1 0
18 79806 9179 0 3 0
18 79806 9179 1 4 0
18 79806 9179 2 1 0
18 79806 19367 0 3 0
18 79806 19367 1 4 0
18 79806 19367 2 1 0
18 79806 27673 0 1 0
18 79806 27673 1 2 0
18 79806 27673 2 3 0
18 79806 11935 0 3 0
18 79806 11935 1 4 0
18 79806 11935 2 1 0
18 79806 11553 0 1 0
18 79806 11553 1 2 0
18 79806 11553 2 3 0
18 79806 25875 0 3 0
18 79806 25875 1 4 0
18 79806 25875 2 1 0
18 79806 27073 0 1 0
18 79806 27073 1 2 0
18 79806 27073 2 3 0
18 79806 7335 0 3 0
18 79806 7335 1 4 0
18 79806 7335 2 1 0
18 79806 14491 0 3 0
18 79806 14491 1 4 0
18 79806 14491 2 1 0
18 79806 26057 0 1 0
18 79806 26057 1 2 0
18 79806 26057 2 3 0
18 79806 4481 0 1 0
18 79806 4481 1 2 0
18 79806 4481 2 3 0
18 79806 22147 0 3 0
18 79806 22147 1 4 0
18 79806 22147 2 1 0
18 79806 32565 0 1 0
18 79806 32565 1 2 0
18 79806 32565 2 3 0
18 79806 23087 0 3 0
18 79806 23087 1 4 0
18 79806 23087 2 1 0
18 79806 24073 0 1 0
18 79806 24073 1 2 0
18 79806 24073 2 3 0
18 79806 25325 0 1 0
18 79806 25325 1 2 0
18 79806 25325 2 3 0
18 79806 29817 0 1 0
18 79806 29817 1 2 0
18 79806 29817 2 3 0
18 79806 11329 0 1 0
18 79806 11329 1 2 0
18 79806 11329 2 3 0
18 79806 5083 0 3 0
18 79806 5083 1 4 0
18 79806 5083 2 1 0
18 79806 14553 0 1 0
18 79806 14553 1 2 0
18 79806 14553 2 3 0
18 79806 19269 0 1 0
18 79806 19269 1 2 0
18 79806 19269 2 3 0
18 79806 10193 0 1 0
18 79806 10193 1 2 0
18 79806 10193 2 3 0
18 79806 20503 0 3 0
18 79806 20503 1 4 0
18 79806 20503 2 1 0
18 79806 9665 0 1 0
18 79806 9665 1 2 0
18 79806 9665 2 3 0
18 79806 6795 0 3 0
18 79806 6795 1 4 0
18 79806 6795 2 1 0
18 79806 6529 0 1 0
18 79806 6529 1 2 0
18 79806 6529 2 3 0
18 79806 10107 0 3 0
18 79806 10107 1 4 0
18 79806 10107 2 1 0
18 79806 15939 0 3 0
18 79806 15939 1 4 0
18 79806 15939 2 1 0
18 79806 11819 0 3 0
18 79806 11819 1 4 0
18 79806 11819 2 1 0
18 79806 14903 0 3 0
18 79806 14903 1 4 0
18 79806 14903 2 1 0
18 79806 6027 0 3 0
18 79806 6027 1 4 0
18 79806 6027 2 1 0
18 79806 12631 0 3 0
18 79806 12631 1 4 0
18 79806 12631 2 1 0
18 79806 5513 0 1 0
18 79806 5513 1 2 0
18 79806 5513 2 3 0
18 79806 15073 0 1 0
18 79806 15073 1 2 0
18 79806 15073 2 3 0
18 79806 21201 0 1 0
18 79806 21201 1 2 0
18 79806 21201 2 3 0
18 79806 5151 0 3 0
18 79806 5151 1 4 0
18 79806 5151 2 1 0
18 79806 14511 0 3 0
18 79806 14511 1 4 0
18 79806 14511 2 1 0
18 79806 8139 0 3 0
18 79806 8139 1 4 0
18 79806 8139 2 1 0
18 79806 18133 0 1 0
18 79806 18133 1 2 0
18 79806 18133 2 3 0
18 79806 119 0 3 0
18 79806 119 1 4 0
18 79806 119 2 1 0
18 79806 15275 0 3 0
18 79806 15275 1 4 0
18 79806 15275 2 1 0
18 79806 3375 0 3 0
18 79806 3375 1 4 0
18 79806 3375 2 1 0
18 79806 14033 0 1 0
18 79806 14033 1 2 0
18 79806 14033 2 3 0
18 79806 10749 0 1 0
18 79806 10749 1 2 0
18 79806 10749 2 3 0
18 79806 10791 0 3 0
18 79806 10791 1 4 0
18 79806 10791 2 1 0
18 79806 32697 0 1 0
18 79806 32697 1 2 0
18 79806 32697 2 3 0
18 79806 18389 0 1 0
18 79806 18389 1 2 0
18 79806 18389 2 3 0
18 79806 7533 0 1 0
18 79806 7533 1 2 0
18 79806 7533 2 3 0
18 79806 12531 0 3 0
18 79806 12531 1 4 0
18 79806 12531 2 1 0
18 79806 437 0 1 0
18 79806 437 1 2 0
18 79806 437 2 3 0
18 79806 21477 0 1 0
18 79806 21477 1 2 0
18 79806 21477 2 3 0
18 79806 9469 0 1 0
18 79806 9469 1 2 0
18 79806 9469 2 3 0
18 79806 22185 0 1 0
18 79806 22185 1 2 0
18 79806 22185 2 3 0
18 79806 16233 0 1 0
18 79806 16233 1 2 0
18 79806 16233 2 3 0
18 79806 26625 0 1 0
18 79806 26625 1 2 0
18 79806 26625 2 3 0
18 79806 32505 0 1 0
18 79806 32505 1 2 0
18 79806 32505 2 3 0
18 79806 4859 0 3 0
18 79806 4859 1 4 0
18 79806 4859 2 1 0
18 79806 9997 0 1 0
18 79806 9997 1 2 0
18 79806 9997 2 3 0
18 79806 26449 0 1 0
18 79806 26449 1 2 0
18 79806 26449 2 3 0
18 79806 25487 0 3 0
18 79806 25487 1 4 0
18 79806 25487 2 1 0
18 79806 19983 0 3 0
18 79806 19983 1 4 0
18 79806 19983 2 1 0
18 79806 4427 0 3 0
18 79806 4427 1 4 0
18 79806 4427 2 1 0
18 79806 20891 0 3 0
18 79806 20891 1 4 0
18 79806 20891 2 1 0
18 79806 2853 0 1 0
18 79806 2853 1 2 0
18 79806 2853 2 3 0
18 79806 22421 0 1 0
18 79806 22421 1 2 0
18 79806 22421 2 3 0
18 79806 19937 0 1 0
18 79806 19937 1 2 0
18 79806 19937 2 3 0
18 79806 41 0 1 0
18 79806 41 1 2 0
18 79806 41 2 3 0
18 79806 2897 0 1 0
18 79806 2897 1 2 0
18 79806 2897 2 3 0
18 79806 24433 0 1 0
18 79806 24433 1 2 0
18 79806 24433 2 3 0
18 79806 5159 0 3 0
18 79806 5159 1 4 0
18 79806 5159 2 1 0
18 79806 31261 0 1 0
18 79806 31261 1 2 0
18 79806 31261 2 3 0
18 79806 15983 0 3 0
18 79806 15983 1 4 0
18 79806 15983 2 1 0
18 79806 22081 0 1 0
18 79806 22081 1 2 0
18 79806 22081 2 3 0
18 79806 14539 0 3 0
18 79806 14539 1 4 0
18 79806 14539 2 1 0
18 79806 21861 0 1 0
18 79806 21861 1 2 0
18 79806 21861 2 3 0
18 79806 12789 0 1 0
18 79806 12789 1 2 0
18 79806 12789 2 3 0
18 79806 5827 0 3 0
18 79806 5827 1 4 0
18 79806 5827 2 1 0
18 79806 28473 0 1 0
18 79806 28473 1 2 0
18 79806 28473 2 3 0
18 79806 1911 0 3 0
18 79806 1911 1 4 0
18 79806 1911 2 1 0
18 79806 13307 0 3 0
18 79806 13307 1 4 0
18 79806 13307 2 1 0
18 79806 18231 0 3 0
18 79806 18231 1 4 0
18 79806 18231 2 1 0
18 79806 3839 0 3 0
18 79806 3839 1 4 0
18 79806 3839 2 1 0
18 79806 16035 0 3 0
18 79806 16035 1 4 0
18 79806 16035 2 1 0
18 79806 1479 0 3 0
18 79806 1479 1 4 0
18 79806 1479 2 1 0
18 79806 31687 0 3 0
18 79806 31687 1 4 0
18 79806 31687 2 1 0
18 79806 17281 0 1 0
18 79806 17281 1 2 0
18 79806 17281 2 3 0
18 79806 13687 0 3 0
18 79806 13687 1 4 0
18 79806 13687 2 1 0
18 79806 27139 0 3 0
18 79806 27139 1 4 0
18 79806 27139 2 1 0
18 79806 12543 0 3 0
18 79806 12543 1 4 0
18 79806 12543 2 1 0
18 79806 10379 0 3 0
18 79806 10379 1 4 0
18 79806 10379 2 1 0
18 79806 27207 0 3 0
18 79806 27207 1 4 0
18 79806 27207 2 1 0
18 79806 31401 0 1 0
18 79806 31401 1 2 0
18 79806 31401 2 3 0
18 79806 8843 0 3 0
18 79806 8843 1 4 0
18 79806 8843 2 1 0
18 79806 31099 0 3 0
18 79806 31099 1 4 0
18 79806 31099 2 1 0
18 79806 1573 0 1 0
18 79806 1573 1 2 0
18 79806 1573 2 3 0
18 79806 271 0 3 0
18 79806 271 1 4 0
18 79806 271 2 1 0
18 79806 7803 0 3 0
18 79806 7803 1 4 0
18 79806 7803 2 1 0
18 79806 10627 0 3 0
18 79806 10627 1 4 0
18 79806 10627 2 1 0
18 79806 19717 0 1 0
18 79806 19717 1 2 0
18 79806 19717 2 3 0
18 79806 6939 0 3 0
18 79806 6939 1 4 0
18 79806 6939 2 1 0
18 79806 9227 0 3 0
18 79806 9227 1 4 0
18 79806 9227 2 1 0
18 79806 21673 0 1 0
18 79806 21673 1 2 0
18 79806 21673 2 3 0
18 79806 9561 0 1 0
18 79806 9561 1 2 0
18 79806 9561 2 3 0
18 79806 4673 0 1 0
18 79806 4673 1 2 0
18 79806 4673 2 3 0
18 79806 19683 0 3 0
18 79806 19683 1 4 0
18 79806 19683 2 1 0
18 79806 14467 0 3 0
18 79806 14467 1 4 0
18 79806 14467 2 1 0
18 79806 22285 0 1 0
18 79806 22285 1 2 0
18 79806 22285 2 3 0
18 79806 21913 0 1 0
18 79806 21913 1 2 0
18 79806 21913 2 3 0
18 79806 16951 0 3 0
18 79806 16951 1 4 0
18 79806 16951 2 1 0
18 79806 16113 0 1 0
18 79806 16113 1 2 0
18 79806 16113 2 3 0
18 79806 3471 0 3 0
18 79806 3471 1 4 0
18 79806 3471 2 1 0
18 79806 23201 0 1 0
18 79806 23201 1 2 0
18 79806 23201 2 3 0
18 79806 12709 0 1 0
18 79806 12709 1 2 0
18 79806 12709 2 3 0
18 79806 4153 0 1 0
18 79806 4153 1 2 0
18 79806 4153 2 3 0
18 79806 5393 0 1 0
18 79806 5393 1 2 0
18 79806 5393 2 3 0
18 79806 22927 0 3 0
18 79806 22927 1 4 0
18 79806 22927 2 1 0
18 79806 9405 0 1 0
18 79806 9405 1 2 0
18 79806 9405 2 3 0
18 79806 31171 0 3 0
18 79806 31171 1 4 0
18 79806 31171 2 1 0
18 79806 15067 0 3 0
18 79806 15067 1 4 0
18 79806 15067 2 1 0
18 79806 32125 0 1 0
18 79806 32125 1 2 0
18 79806 32125 2 3 0
18 79806 16793 0 1 0
18 79806 16793 1 2 0
18 79806 16793 2 3 0
18 79806 29653 0 1 0
18 79806 29653 1 2 0
18 79806 29653 2 3 0
18 79806 26009 0 1 0
18 79806 26009 1 2 0
18 79806 26009 2 3 0
18 79806 10233 0 1 0
18 79806 10233 1 2 0
18 79806 10233 2 3 0
18 79806 25553 0 1 0
18 79806 25553 1 2 0
18 79806 25553 2 3 0
18 79806 4537 0 1 0
18 79806 4537 1 2 0
18 79806 4537 2 3 0
18 79806 17667 0 3 0
18 79806 17667 1 4 0
18 79806 17667 2 1 0
18 79806 27633 0 1 0
18 79806 27633 1 2 0
18 79806 27633 2 3 0
18 79806 20065 0 1 0
18 79806 20065 1 2 0
18 79806 20065 2 3 0
18 79806 25771 0 3 0
18 79806 25771 1 4 0
18 79806 25771 2 1 0
18 79806 30519 0 3 0
18 79806 30519 1 4 0
18 79806 30519 2 1 0
18 79806 4049 0 1 0
18 79806 4049 1 2 0
18 79806 4049 2 3 0
18 79806 29751 0 3 0
18 79806 29751 1 4 0
18 79806 29751 2 1 0
18 79806 3287 0 3 0
18 79806 3287 1 4 0
18 79806 3287 2 1 0
18 79806 2095 0 3 0
18 79806 2095 1 4 0
18 79806 2095 2 1 0
18 79806 3163 0 3 0
18 79806 3163 1 4 0
18 79806 3163 2 1 0
18 79806 5747 0 3 0
18 79806 5747 1 4 0
18 79806 5747 2 1 0
18 79806 29321 0 1 0
18 79806 29321 1 2 0
18 79806 29321 2 3 0
18 79806 7553 0 1 0
18 79806 7553 1 2 0
18 79806 7553 2 3 0
18 79806 17453 0 1 0
18 79806 17453 1 2 0
18 79806 17453 2 3 0
18 79806 2325 0 1 0
18 79806 2325 1 2 0
18 79806 2325 2 3 0
18 79806 21015 0 3 0
18 79806 21015 1 4 0
18 79806 21015 2 1 0
18 79806 14891 0 3 0
18 79806 14891 1 4 0
18 79806 14891 2 1 0
18 79806 23335 0 3 0
18 79806 23335 1 4 0
18 79806 23335 2 1 0
18 79806 863 0 3 0
18 79806 863 1 4 0
18 79806 863 2 1 0
18 79806 30849 0 1 0
18 79806 30849 1 2 0
18 79806 30849 2 3 0
18 79806 30169 0 1 0
18 79806 30169 1 2 0
18 79806 30169 2 3 0
18 79806 28249 0 1 0
18 79806 28249 1 2 0
18 79806 28249 2 3 0
18 79806 19671 0 3 0
18 79806 19671 1 4 0
18 79806 19671 2 1 0
18 79806 15417 0 1 0
18 79806 15417 1 2 0
18 79806 15417 2 3 0
18 79806 10691 0 3 0
18 79806 10691 1 4 0
18 79806 10691 2 1 0
18 79806 31123 0 3 0
18 79806 31123 1 4 0
18 79806 31123 2 1 0
18 79806 32093 0 1 0
18 79806 32093 1 2 0
18 79806 32093 2 3 0
18 79806 31707 0 3 0
18 79806 31707 1 4 0
18 79806 31707 2 1 0
18 79806 379 0 3 0
18 79806 379 1 4 0
18 79806 379 2 1 0
18 79806 21777 0 1 0
18 79806 21777 1 2 0
18 79806 21777 2 3 0
18 79806 8893 0 1 0
18 79806 8893 1 2 0
18 79806 8893 2 3 0
18 79806 11443 0 3 0
18 79806 11443 1 4 0
18 79806 11443 2 1 0
18 79806 10961 0 1 0
18 79806 10961 1 2 0
18 79806 10961 2 3 0
18 79806 22483 0 3 0
18 79806 22483 1 4 0
18 79806 22483 2 1 0
18 79806 19833 0 1 0
18 79806 19833 1 2 0
18 79806 19833 2 3 0
18 79806 24847 0 3 0
18 79806 24847 1 4 0
18 79806 24847 2 1 0
18 79806 9893 0 1 0
18 79806 9893 1 2 0
18 79806 9893 2 3 0
18 79806 4793 0 1 0
18 79806 4793 1 2 0
18 79806 4793 2 3 0
18 79806 28281 0 1 0
18 79806 28281 1 2 0
18 79806 28281 2 3 0
18 79806 23423 0 3 0
18 79806 23423 1 4 0
18 79806 23423 2 1 0
18 79806 7249 0 1 0
18 79806 7249 1 2 0
18 79806 7249 2 3 0
18 79806 18847 0 3 0
18 79806 18847 1 4 0
18 79806 18847 2 1 0
18 79806 20407 0 3 0
18 79806 20407 1 4 0
18 79806 20407 2 1 0
18 79806 30111 0 3 0
18 79806 30111 1 4 0
18 79806 30111 2 1 0
18 79806 19741 0 1 0
18 79806 19741 1 2 0
18 79806 19741 2 3 0
18 79806 13851 0 3 0
18 79806 13851 1 4 0
18 79806 13851 2 1 0
18 79806 10707 0 3 0
18 79806 10707 1 4 0
18 79806 10707 2 1 0
18 79806 28421 0 1 0
18 79806 28421 1 2 0
18 79806 28421 2 3 0
18 79806 9195 0 3 0
18 79806 9195 1 4 0
18 79806 9195 2 1 0
18 79806 15861 0 1 0
18 79806 15861 1 2 0
18 79806 15861 2 3 0
18 79806 6621 0 1 0
18 79806 6621 1 2 0
18 79806 6621 2 3 0
18 79806 11905 0 1 0
18 79806 11905 1 2 0
18 79806 11905 2 3 0
18 79806 1899 0 3 0
18 79806 1899 1 4 0
18 79806 1899 2 1 0
18 79806 1653 0 1 0
18 79806 1653 1 2 0
18 79806 1653 2 3 0
18 79806 2627 0 3 0
18 79806 2627 1 4 0
18 79806 2627 2 1 0
18 79806 16123 0 3 0
18 79806 16123 1 4 0
18 79806 16123 2 1 0
18 79806 12367 0 3 0
18 79806 12367 1 4 0
18 79806 12367 2 1 0
18 79806 12467 0 3 0
18 79806 12467 1 4 0
18 79806 12467 2 1 0
18 79806 12145 0 1 0
18 79806 12145 1 2 0
18 79806 12145 2 3 0
18 79806 689 0 1 0
18 79806 689 1 2 0
18 79806 689 2 3 0
18 79806 25049 0 1 0
18 79806 25049 1 2 0
18 79806 25049 2 3 0
18 79806 24189 0 1 0
18 79806 24189 1 2 0
18 79806 24189 2 3 0
18 79806 30979 0 3 0
18 79806 30979 1 4 0
18 79806 30979 2 1 0
18 79806 1415 0 3 0
18 79806 1415 1 4 0
18 79806 1415 2 1 0
18 79806 19923 0 3 0
18 79806 19923 1 4 0
18 79806 19923 2 1 0
18 79806 2225 0 1 0
18 79806 2225 1 2 0
18 79806 2225 2 3 0
18 79806 8131 0 3 0
18 79806 8131 1 4 0
18 79806 8131 2 1 0
18 79806 30465 0 1 0
18 79806 30465 1 2 0
18 79806 30465 2 3 0
18 79806 8513 0 1 0
18 79806 8513 1 2 0
18 79806 8513 2 3 0
18 79806 24217 0 1 0
18 79806 24217 1 2 0
18 79806 24217 2 3 0
18 79806 12983 0 3 0
18 79806 12983 1 4 0
18 79806 12983 2 1 0
18 79806 2671 0 3 0
18 79806 2671 1 4 0
18 79806 2671 2 1 0
18 79806 15651 0 3 0
18 79806 15651 1 4 0
18 79806 15651 2 1 0
18 79806 27519 0 3 0
18 79806 27519 1 4 0
18 79806 27519 2 1 0
18 79806 9471 0 3 0
18 79806 9471 1 4 0
18 79806 9471 2 1 0
18 79806 28663 0 3 0
18 79806 28663 1 4 0
18 79806 28663 2 1 0
19 79806 13991 0 3 0
19 79806 13991 1 4 0
19 79806 13991 2 1 0
19 79806 27693 0 1 0
19 79806 27693 1 2 0
19 79806 27693 2 3 0
19 79806 12761 0 1 0
19 79806 12761 1 2 0
19 79806 12761 2 3 0
19 79806 6383 0 3 0
19 79806 6383 1 4 0
19 79806 6383 2 1 0
19 79806 15295 0 3 0
19 79806 15295 1 4 0
19 79806 15295 2 1 0
19 79806 16389 0 1 0
19 79806 16389 1 2 0
19 79806 16389 2 3 0
19 79806 31375 0 3 0
19 79806 31375 1 4 0
19 79806 31375 2 1 0
19 79806 26843 0 3 0
19 79806 26843 1 4 0
19 79806 26843 2 1 0
19 79806 10781 0 1 0
19 79806 10781 1 2 0
19 79806 10781 2 3 0
19 79806 30503 0 3 0
19 79806 30503 1 4 0
19 79806 30503 2 1 0
19 79806 16051 0 3 0
19 79806 16051 1 4 0
19 79806 16051 2 1 0
19 79806 31247 0 3 0
19 79806 31247 1 4 0
19 79806 31247 2 1 0
19 79806 105 0 1 0
19 79806 105 1 2 0
19 79806 105 2 3 0
19 79806 1901 0 1 0
19 79806 1901 1 2 0
19 79806 1901 2 3 0
19 79806 25541 0 1 0
19 79806 25541 1 2 0
19 79806 25541 2 3 0
19 79806 20735 0 3 0
19 79806 20735 1 4 0
19 79806 20735 2 1 0
19 79806 28605 0 1 0
19 79806 28605 1 2 0
19 79806 28605 2 3 0
19 79806 755 0 3 0
19 79806 755 1 4 0
19 79806 755 2 1 0
19 79806 3041 0 1 0
19 79806 3041 1 2 0
19 79806 3041 2 3 0
19 79806 18735 0 3 0
19 79806 18735 1 4 0
19 79806 18735 2 1 0
19 79806 8493 0 1 0
19 79806 8493 1 2 0
19 79806 8493 2 3 0
19 79806 7903 0 3 0
19 79806 7903 1 4 0
19 79806 7903 2 1 0
19 79806 8383 0 3 0
19 79806 8383 1 4 0
19 79806 8383 2 1 0
19 79806 14085 0 1 0
19 79806 14085 1 2 0
19 79806 14085 2 3 0
19 79806 19111 0 3 0
19 79806 19111 1 4 0
19 79806 19111 2 1 0
19 79806 23795 0 3 0
19 79806 23795 1 4 0
19 79806 23795 2 1 0
19 79806 20113 0 1 0
19 79806 20113 1 2 0
19 79806 20113 2 3 0
19 79806 15671 0 3 0
19 79806 15671 1 4 0
19 79806 15671 2 1 0
19 79806 23207 0 3 0
19 79806 23207 1 4 0
19 79806 23207 2 1 0
19 79806 30637 0 1 0
19 79806 30637 1 2 0
19 79806 30637 2 3 0
19 79806 18913 0 1 0
19 79806 18913 1 2 0
19 79806 18913 2 3 0
19 79806 11835 0 3 0
19 79806 11835 1 4 0
19 79806 11835 2 1 0
19 79806 16545 0 1 0
19 79806 16545 1 2 0
19 79806 16545 2 3 0
19 79806 30515 0 3 0
19 79806 30515 1 4 0
19 79806 30515 2 1 0
19 79806 29703 0 3 0
19 79806 29703 1 4 0
19 79806 29703 2 1 0
19 79806 3329 0 1 0
19 79806 3329 1 2 0
19 79806 3329 2 3 0
19 79806 23107 0 3 0
19 79806 23107 1 4 0
19 79806 23107 2 1 0
19 79806 4937 0 1 0
19 79806 4937 1 2 0
19 79806 4937 2 3 0
19 79806 19801 0 1 0
19 79806 19801 1 2 0
19 79806 19801 2 3 0
19 79806 25345 0 1 0
19 79806 25345 1 2 0
19 79806 25345 2 3 0
19 79806 28455 0 3 0
19 79806 28455 1 4 0
19 79806 28455 2 1 0
19 79806 19295 0 3 0
19 79806 19295 1 4 0
19 79806 19295 2 1 0
19 79806 32515 0 3 0
19 79806 32515 1 4 0
19 79806 32515 2 1 0
19 79806 30277 0 1 0
19 79806 30277 1 2 0
19 79806 30277 2 3 0
19 79806 24853 0 1 0
19 79806 24853 1 2 0
19 79806 24853 2 3 0
19 79806 26149 0 1 0
19 79806 26149 1 2 0
19 79806 26149 2 3 0
19 79806 15395 0 3 0
19 79806 15395 1 4 0
19 79806 15395 2 1 0
19 79806 12017 0 1 0
19 79806 12017 1 2 0
19 79806 12017 2 3 0
19 79806 25181 0 1 0
19 79806 25181 1 2 0
19 79806 25181 2 3 0
19 79806 25731 0 3 0
19 79806 25731 1 4 0
19 79806 25731 2 1 0
19 79806 29085 0 1 0
19 79806 29085 1 2 0
19 79806 29085 2 3 0
19 79806 17083 0 3 0
19 79806 17083 1 4 0
19 79806 17083 2 1 0
19 79806 15025 0 1 0
19 79806 15025 1 2 0
19 79806 15025 2 3 0
19 79806 23163 0 3 0
19 79806 23163 1 4 0
19 79806 23163 2 1 0
19 79806 12421 0 1 0
19 79806 12421 1 2 0
19 79806 12421 2 3 0
19 79806 31657 0 1 0
19 79806 31657 1 2 0
19 79806 31657 2 3 0
19 79806 20955 0 3 0
19 79806 20955 1 4 0
19 79806 20955 2 1 0
19 79806 16089 0 1 0
19 79806 16089 1 2 0
19 79806 16089 2 3 0
19 79806 6319 0 3 0
19 79806 6319 1 4 0
19 79806 6319 2 1 0
19 79806 12809 0 1 0
19 79806 12809 1 2 0
19 79806 12809 2 3 0
19 79806 30249 0 1 0
19 79806 30249 1 2 0
19 79806 30249 2 3 0
19 79806 29601 0 1 0
19 79806 29601 1 2 0
19 79806 29601 2 3 0
19 79806 21089 0 1 0
19 79806 21089 1 2 0
19 79806 21089 2 3 0
19 79806 3663 0 3 0
19 79806 3663 1 4 0
19 79806 3663 2 1 0
19 79806 23617 0 1 0
19 79806 23617 1 2 0
19 79806 23617 2 3 0
19 79806 11333 0 1 0
19 79806 11333 1 2 0
19 79806 11333 2 3 0
19 79806 15155 0 3 0
19 79806 15155 1 4 0
19 79806 15155 2 1 0
19 79806 23983 0 3 0
19 79806 23983 1 4 0
19 79806 23983 2 1 0
19 79806 20147 0 3 0
19 79806 20147 1 4 0
19 79806 20147 2 1 0
19 79806 14301 0 1 0
19 79806 14301 1 2 0
19 79806 14301 2 3 0
19 79806 13319 0 3 0
19 79806 13319 1 4 0
19 79806 13319 2 1 0
19 79806 6675 0 3 0
19 79806 6675 1 4 0
19 79806 6675 2 1 0
19 79806 3 0 3 0
19 79806 3 1 4 0
19 79806 3 2 1 0
19 79806 24983 0 3 0
19 79806 24983 1 4 0
19 79806 24983 2 1 0
19 79806 30689 0 1 0
19 79806 30689 1 2 0
19 79806 30689 2 3 0
19 79806 16725 0 1 0
19 79806 16725 1 2 0
19 79806 16725 2 3 0
19 79806 11743 0 3 0
19 79806 11743 1 4 0
19 79806 11743 2 1 0
19 79806 2161 0 1 0
19 79806 2161 1 2 0
19 79806 2161 2 3 0
19 79806 19701 0 1 0
19 79806 19701 1 2 0
19 79806 19701 2 3 0
19 79806 1279 0 3 0
19 79806 1279 1 4 0
19 79806 1279 2 1 0
19 79806 10451 0 3 0
19 79806 10451 1 4 0
19 79806 10451 2 1 0
19 79806 30403 0 3 0
19 79806 30403 1 4 0
19 79806 30403 2 1 0
19 79806 23477 0 1 0
19 79806 23477 1 2 0
19 79806 23477 2 3 0
19 79806 29909 0 1 0
19 79806 29909 1 2 0
19 79806 29909 2 3 0
19 79806 29389 0 1 0
19 79806 29389 1 2 0
19 79806 29389 2 3 0
19 79806 20445 0 1 0
19 79806 20445 1 2 0
19 79806 20445 2 3 0
19 79806 23849 0 1 0
19 79806 23849 1 2 0
19 79806 23849 2 3 0
19 79806 3133 0 1 0
19 79806 3133 1 2 0
19 79806 3133 2 3 0
19 79806 22089 0 1 0
19 79806 22089 1 2 0
19 79806 22089 2 3 0
19 79806 8487 0 3 0
19 79806 8487 1 4 0
19 79806 8487 2 1 0
19 79806 1315 0 3 0
19 79806 1315 1 4 0
19 79806 1315 2 1 0
19 79806 22627 0 3 0
19 79806 22627 1 4 0
19 79806 22627 2 1 0
19 79806 28661 0 1 0
19 79806 28661 1 2 0
19 79806 28661 2 3 0
19 79806 30045 0 1 0
19 79806 30045 1 2 0
19 79806 30045 2 3 0
19 79806 14215 0 3 0
19 79806 14215 1 4 0
19 79806 14215 2 1 0
19 79806 15785 0 1 0
19 79806 15785 1 2 0
19 79806 15785 2 3 0
19 79806 6461 0 1 0
19 79806 6461 1 2 0
19 79806 6461 2 3 0
19 79806 9125 0 1 0
19 79806 9125 1 2 0
19 79806 9125 2 3 0
19 79806 2881 0 1 0
19 79806 2881 1 2 0
19 79806 2881 2 3 0
19 79806 1547 0 3 0
19 79806 1547 1 4 0
19 79806 1547 2 1 0
19 79806 22159 0 3 0
19 79806 22159 1 4 0
19 79806 22159 2 1 0
19 79806 9857 0 1 0
19 79806 9857 1 2 0
19 79806 9857 2 3 0
19 79806 13799 0 3 0
19 79806 13799 1 4 0
19 79806 13799 2 1 0
19 79806 5639 0 3 0
19 79806 5639 1 4 0
19 79806 5639 2 1 0
19 79806 15955 0 3 0
19 79806 15955 1 4 0
19 79806 15955 2 1 0
19 79806 14543 0 3 0
19 79806 14543 1 4 0
19 79806 14543 2 1 0
19 79806 22895 0 3 0
19 79806 22895 1 4 0
19 79806 22895 2 1 0
19 79806 2079 0 3 0
19 79806 2079 1 4 0
19 79806 2079 2 1 0
19 79806 3679 0 3 0
19 79806 3679 1 4 0
19 79806 3679 2 1 0
19 79806 27647 0 3 0
19 79806 27647 1 4 0
19 79806 27647 2 1 0
19 79806 31203 0 3 0
19 79806 31203 1 4 0
19 79806 31203 2 1 0
19 79806 17877 0 1 0
19 79806 17877 1 2 0
19 79806 17877 2 3 0
19 79806 19461 0 1 0
19 79806 19461 1 2 0
19 79806 19461 2 3 0
19 79806 15735 0 3 0
19 79806 15735 1 4 0
19 79806 15735 2 1 0
19 79806 13301 0 1 0
19 79806 13301 1 2 0
19 79806 13301 2 3 0
19 79806 20725 0 1 0
19 79806 20725 1 2 0
19 79806 20725 2 3 0
19 79806 14547 0 3 0
19 79806 14547 1 4 0
19 79806 14547 2 1 0
19 79806 18103 0 3 0
19 79806 18103 1 4 0
19 79806 18103 2 1 0
19 79806 16549 0 1 0
19 79806 16549 1 2 0
19 79806 16549 2 3 0
19 79806 22605 0 1 0
19 79806 22605 1 2 0
19 79806 22605 2 3 0
19 79806 9307 0 3 0
19 79806 9307 1 4 0
19 79806 9307 2 1 0
19 79806 26793 0 1 0
19 79806 26793 1 2 0
19 79806 26793 2 3 0
19 79806 12527 0 3 0
19 79806 12527 1 4 0
19 79806 12527 2 1 0
19 79806 3751 0 3 0
19 79806 3751 1 4 0
19 79806 3751 2 1 0
19 79806 2895 0 3 0
19 79806 2895 1 4 0
19 79806 2895 2 1 0
19 79806 27115 0 3 0
19 79806 27115 1 4 0
19 79806 27115 2 1 0
19 79806 18227 0 3 0
19 79806 18227 1 4 0
19 79806 18227 2 1 0
19 79806 32503 0 3 0
19 79806 32503 1 4 0
19 79806 32503 2 1 0
19 79806 6919 0 3 0
19 79806 6919 1 4 0
19 79806 6919 2 1 0
19 79806 8181 0 1 0
19 79806 8181 1 2 0
19 79806 8181 2 3 0
19 79806 12471 0 3 0
19 79806 12471 1 4 0
19 79806 12471 2 1 0
19 79806 15383 0 3 0
19 79806 15383 1 4 0
19 79806 15383 2 1 0
19 79806 23301 0 1 0
19 79806 23301 1 2 0
19 79806 23301 2 3 0
19 79806 23827 0 3 0
19 79806 23827 1 4 0
19 79806 23827 2 1 0
19 79806 25043 0 3 0
19 79806 25043 1 4 0
19 79806 25043 2 1 0
19 79806 1643 0 3 0
19 79806 1643 1 4 0
19 79806 1643 2 1 0
19 79806 18621 0 1 0
19 79806 18621 1 2 0
19 79806 18621 2 3 0
19 79806 13223 0 3 0
19 79806 13223 1 4 0
19 79806 13223 2 1 0
19 79806 9589 0 1 0
19 79806 9589 1 2 0
19 79806 9589 2 3 0
19 79806 15625 0 1 0
19 79806 15625 1 2 0
19 79806 15625 2 3 0
19 79806 26677 0 1 0
19 79806 26677 1 2 0
19 79806 26677 2 3 0
19 79806 22303 0 3 0
19 79806 22303 1 4 0
19 79806 22303 2 1 0
19 79806 9261 0 1 0
19 79806 9261 1 2 0
19 79806 9261 2 3 0
19 79806 29391 0 3 0
19 79806 29391 1 4 0
19 79806 29391 2 1 0
19 79806 769 0 1 0
19 79806 769 1 2 0
19 79806 769 2 3 0
19 79806 11109 0 1 0
19 79806 11109 1 2 0
19 79806 11109 2 3 0
19 79806 1841 0 1 0
19 79806 1841 1 2 0
19 79806 1841 2 3 0
19 79806 25683 0 3 0
19 79806 25683 1 4 0
19 79806 25683 2 1 0
19 79806 31913 0 1 0
19 79806 31913 1 2 0
19 79806 31913 2 3 0
19 79806 16751 0 3 0
19 79806 16751 1 4 0
19 79806 16751 2 1 0
19 79806 26439 0 3 0
19 79806 26439 1 4 0
19 79806 26439 2 1 0
19 79806 22127 0 3 0
19 79806 22127 1 4 0
19 79806 22127 2 1 0
19 79806 10345 0 1 0
19 79806 10345 1 2 0
19 79806 10345 2 3 0
19 79806 301 0 1 0
19 79806 301 1 2 0
19 79806 301 2 3 0
19 79806 23403 0 3 0
19 79806 23403 1 4 0
19 79806 23403 2 1 0
19 79806 29359 0 3 0
19 79806 29359 1 4 0
19 79806 29359 2 1 0
19 79806 32607 0 3 0
19 79806 32607 1 4 0
19 79806 32607 2 1 0
19 79806 19361 0 1 0
19 79806 19361 1 2 0
19 79806 19361 2 3 0
19 79806 26513 0 1 0
19 79806 26513 1 2 0
19 79806 26513 2 3 0
19 79806 15287 0 3 0
19 79806 15287 1 4 0
19 79806 15287 2 1 0
19 79806 17875 0 3 0
19 79806 17875 1 4 0
19 79806 17875 2 1 0
19 79806 11697 0 1 0
19 79806 11697 1 2 0
19 79806 11697 2 3 0
19 79806 8415 0 3 0
19 79806 8415 1 4 0
19 79806 8415 2 1 0
19 79806 14515 0 3 0
19 79806 14515 1 4 0
19 79806 14515 2 1 0
19 79806 19675 0 3 0
19 79806 19675 1 4 0
19 79806 19675 2 1 0
19 79806 19365 0 1 0
19 79806 19365 1 2 0
19 79806 19365 2 3 0
19 79806 471 0 3 0
19 79806 471 1 4 0
19 79806 471 2 1 0
19 79806 13563 0 3 0
19 79806 13563 1 4 0
19 79806 13563 2 1 0
19 79806 30755 0 3 0
19 79806 30755 1 4 0
19 79806 30755 2 1 0
19 79806 9301 0 1 0
19 79806 9301 1 2 0
19 79806 9301 2 3 0
19 79806 31853 0 1 0
19 79806 31853 1 2 0
19 79806 31853 2 3 0
19 79806 24601 0 1 0
19 79806 24601 1 2 0
19 79806 24601 2 3 0
19 79806 25935 0 3 0
19 79806 25935 1 4 0
19 79806 25935 2 1 0
19 79806 23641 0 1 0
19 79806 23641 1 2 0
19 79806 23641 2 3 0
19 79806 5573 0 1 0
19 79806 5573 1 2 0
19 79806 5573 2 3 0
19 79806 17681 0 1 0
19 79806 17681 1 2 0
19 79806 17681 2 3 0
19 79806 28801 0 1 0
19 79806 28801 1 2 0
19 79806 28801 2 3 0
19 79806 14631 0 3 0
19 79806 14631 1 4 0
19 79806 14631 2 1 0
19 79806 4117 0 1 0
19 79806 4117 1 2 0
19 79806 4117 2 3 0
19 79806 10843 0 3 0
19 79806 10843 1 4 0
19 79806 10843 2 1 0
19 79806 19921 0 1 0
19 79806 19921 1 2 0
19 79806 19921 2 3 0
19 79806 16869 0 1 0
19 79806 16869 1 2 0
19 79806 16869 2 3 0
19 79806 20611 0 3 0
19 79806 20611 1 4 0
19 79806 20611 2 1 0
19 79806 15467 0 3 0
19 79806 15467 1 4 0
19 79806 15467 2 1 0
19 79806 22963 0 3 0
19 79806 22963 1 4 0
19 79806 22963 2 1 0
19 79806 19557 0 1 0
19 79806 19557 1 2 0
19 79806 19557 2 3 0
19 79806 7393 0 1 0
19 79806 7393 1 2 0
19 79806 7393 2 3 0
19 79806 7173 0 1 0
19 79806 7173 1 2 0
19 79806 7173 2 3 0
19 79806 31015 0 3 0
19 79806 31015 1 4 0
19 79806 31015 2 1 0
19 79806 3121 0 1 0
19 79806 3121 1 2 0
19 79806 3121 2 3 0
19 79806 31009 0 1 0
19 79806 31009 1 2 0
19 79806 31009 2 3 0
19 79806 12045 0 1 0
19 79806 12045 1 2 0
19 79806 12045 2 3 0
19 79806 2403 0 3 0
19 79806 2403 1 4 0
19 79806 2403 2 1 0
19 79806 13001 0 1 0
19 79806 13001 1 2 0
19 79806 13001 2 3 0
19 79806 459 0 3 0
19 79806 459 1 4 0
19 79806 459 2 1 0
19 79806 19131 0 3 0
19 79806 19131 1 4 0
19 79806 19131 2 1 0
19 79806 23665 0 1 0
19 79806 23665 1 2 0
19 79806 23665 2 3 0
19 79806 21501 0 1 0
19 79806 21501 1 2 0
19 79806 21501 2 3 0
19 79806 551 0 3 0
19 79806 551 1 4 0
19 79806 551 2 1 0
19 79806 10863 0 3 0
19 79806 10863 1 4 0
19 79806 10863 2 1 0
19 79806 3633 0 1 0
19 79806 3633 1 2 0
19 79806 3633 2 3 0
19 79806 1093 0 1 0
19 79806 1093 1 2 0
19 79806 1093 2 3 0
19 79806 19305 0 1 0
19 79806 19305 1 2 0
19 79806 19305 2 3 0
19 79806 19775 0 3 0
19 79806 19775 1 4 0
19 79806 19775 2 1 0
19 79806 21717 0 1 0
19 79806 21717 1 2 0
19 79806 21717 2 3 0
19 79806 13763 0 3 0
19 79806 13763 1 4 0
19 79806 13763 2 1 0
19 79806 11161 0 1 0
19 79806 11161 1 2 0
19 79806 11161 2 3 0
19 79806 26655 0 3 0
19 79806 26655 1 4 0
19 79806 26655 2 1 0
19 79806 15517 0 1 0
19 79806 15517 1 2 0
19 79806 15517 2 3 0
19 79806 17903 0 3 0
19 79806 17903 1 4 0
19 79806 17903 2 1 0
19 79806 19711 0 3 0
19 79806 19711 1 4 0
19 79806 19711 2 1 0
19 79806 32085 0 1 0
19 79806 32085 1 2 0
19 79806 32085 2 3 0
19 79806 27381 0 1 0
19 79806 27381 1 2 0
19 79806 27381 2 3 0
19 79806 23391 0 3 0
19 79806 23391 1 4 0
19 79806 23391 2 1 0
19 79806 29147 0 3 0
19 79806 29147 1 4 0
19 79806 29147 2 1 0
19 79806 4693 0 1 0
19 79806 4693 1 2 0
19 79806 4693 2 3 0
19 79806 11953 0 1 0
19 79806 11953 1 2 0
19 79806 11953 2 3 0
19 79806 22953 0 1 0
19 79806 22953 1 2 0
19 79806 22953 2 3 0
19 79806 24833 0 1 0
19 79806 24833 1 2 0
19 79806 24833 2 3 0
19 79806 713 0 1 0
19 79806 713 1 2 0
19 79806 713 2 3 0
19 79806 18341 0 1 0
19 79806 18341 1 2 0
19 79806 18341 2 3 0
19 79806 11911 0 3 0
19 79806 11911 1 4 0
19 79806 11911 2 1 0
19 79806 3407 0 3 0
19 79806 3407 1 4 0
19 79806 3407 2 1 0
19 79806 22123 0 3 0
19 79806 22123 1 4 0
19 79806 22123 2 1 0
19 79806 11613 0 1 0
19 79806 11613 1 2 0
19 79806 11613 2 3 0
19 79806 18467 0 3 0
19 79806 18467 1 4 0
19 79806 18467 2 1 0
19 79806 3585 0 1 0
19 79806 3585 1 2 0
19 79806 3585 2 3 0
19 79806 8459 0 3 0
19 79806 8459 1 4 0
19 79806 8459 2 1 0
19 79806 23899 0 3 0
19 79806 23899 1 4 0
19 79806 23899 2 1 0
19 79806 3651 0 3 0
19 79806 3651 1 4 0
19 79806 3651 2 1 0
19 79806 17921 0 1 0
19 79806 17921 1 2 0
19 79806 17921 2 3 0
19 79806 30165 0 1 0
19 79806 30165 1 2 0
19 79806 30165 2 3 0
19 79806 15309 0 1 0
19 79806 15309 1 2 0
19 79806 15309 2 3 0
19 79806 18249 0 1 0
19 79806 18249 1 2 0
19 79806 18249 2 3 0
19 79806 21905 0 1 0
19 79806 21905 1 2 0
19 79806 21905 2 3 0
19 79806 4065 0 1 0
19 79806 4065 1 2 0
19 79806 4065 2 3 0
19 79806 3295 0 3 0
19 79806 3295 1 4 0
19 79806 3295 2 1 0
19 79806 22359 0 3 0
19 79806 22359 1 4 0
19 79806 22359 2 1 0
19 79806 21831 0 3 0
19 79806 21831 1 4 0
19 79806 21831 2 1 0
19 79806 29023 0 3 0
19 79806 29023 1 4 0
19 79806 29023 2 1 0
19 79806 25195 0 3 0
19 79806 25195 1 4 0
19 79806 25195 2 1 0
19 79806 29429 0 1 0
19 79806 29429 1 2 0
19 79806 29429 2 3 0
19 79806 32261 0 1 0
19 79806 32261 1 2 0
19 79806 32261 2 3 0
19 79806 30179 0 3 0
19 79806 30179 1 4 0
19 79806 30179 2 1 0
19 79806 19851 0 3 0
19 79806 19851 1 4 0
19 79806 19851 2 1 0
19 79806 23275 0 3 0
19 79806 23275 1 4 0
19 79806 23275 2 1 0
19 79806 26135 0 3 0
19 79806 26135 1 4 0
19 79806 26135 2 1 0
19 79806 12693 0 1 0
19 79806 12693 1 2 0
19 79806 12693 2 3 0
19 79806 12947 0 3 0
19 79806 12947 1 4 0
19 79806 12947 2 1 0
19 79806 21977 0 1 0
19 79806 21977 1 2 0
19 79806 21977 2 3 0
19 79806 3567 0 3 0
19 79806 3567 1 4 0
19 79806 3567 2 1 0
19 79806 4177 0 1 0
19 79806 4177 1 2 0
19 79806 4177 2 3 0
19 79806 25099 0 3 0
19 79806 25099 1 4 0
19 79806 25099 2 1 0
19 79806 13819 0 3 0
19 79806 13819 1 4 0
19 79806 13819 2 1 0
19 79806 29107 0 3 0
19 79806 29107 1 4 0
19 79806 29107 2 1 0
19 79806 22667 0 3 0
19 79806 22667 1 4 0
19 79806 22667 2 1 0
19 79806 12831 0 3 0
19 79806 12831 1 4 0
19 79806 12831 2 1 0
19 79806 4415 0 3 0
19 79806 4415 1 4 0
19 79806 4415 2 1 0
19 79806 1987 0 3 0
19 79806 1987 1 4 0
19 79806 1987 2 1 0
19 79806 11559 0 3 0
19 79806 11559 1 4 0
19 79806 11559 2 1 0
19 79806 31293 0 1 0
19 79806 31293 1 2 0
19 79806 31293 2 3 0
19 79806 4055 0 3 0
19 79806 4055 1 4 0
19 79806 4055 2 1 0
19 79806 13177 0 1 0
19 79806 13177 1 2 0
19 79806 13177 2 3 0
19 79806 18741 0 1 0
19 79806 18741 1 2 0
19 79806 18741 2 3 0
19 79806 29343 0 3 0
19 79806 29343 1 4 0
19 79806 29343 2 1 0
19 79806 26759 0 3 0
19 79806 26759 1 4 0
19 79806 26759 2 1 0
19 79806 931 0 3 0
19 79806 931 1 4 0
19 79806 931 2 1 0
19 79806 2377 0 1 0
19 79806 2377 1 2 0
19 79806 2377 2 3 0
19 79806 15469 0 1 0
19 79806 15469 1 2 0
19 79806 15469 2 3 0
19 79806 10043 0 3 0
19 79806 10043 1 4 0
19 79806 10043 2 1 0
19 79806 30267 0 3 0
19 79806 30267 1 4 0
19 79806 30267 2 1 0
19 79806 7607 0 3 0
19 79806 7607 1 4 0
19 79806 7607 2 1 0
19 79806 11909 0 1 0
19 79806 11909 1 2 0
19 79806 11909 2 3 0
19 79806 24011 0 3 0
19 79806 24011 1 4 0
19 79806 24011 2 1 0
19 79806 25693 0 1 0
19 79806 25693 1 2 0
19 79806 25693 2 3 0
19 79806 1337 0 1 0
19 79806 1337 1 2 0
19 79806 1337 2 3 0
19 79806 3379 0 3 0
19 79806 3379 1 4 0
19 79806 3379 2 1 0
19 79806 12553 0 1 0
19 79806 12553 1 2 0
19 79806 12553 2 3 0
19 79806 16223 0 3 0
19 79806 16223 1 4 0
19 79806 16223 2 1 0
19 79806 29203 0 3 0
19 79806 29203 1 4 0
19 79806 29203 2 1 0
19 79806 15127 0 3 0
19 79806 15127 1 4 0
19 79806 15127 2 1 0
19 79806 8745 0 1 0
19 79806 8745 1 2 0
19 79806 8745 2 3 0
19 79806 28729 0 1 0
19 79806 28729 1 2 0
19 79806 28729 2 3 0
19 79806 32011 0 3 0
19 79806 32011 1 4 0
19 79806 32011 2 1 0
19 79806 12331 0 3 0
19 79806 12331 1 4 0
19 79806 12331 2 1 0
19 79806 19767 0 3 0
19 79806 19767 1 4 0
19 79806 19767 2 1 0
19 79806 9935 0 3 0
19 79806 9935 1 4 0
19 79806 9935 2 1 0
19 79806 21549 0 1 0
19 79806 21549 1 2 0
19 79806 21549 2 3 0
19 79806 14813 0 1 0
19 79806 14813 1 2 0
19 79806 14813 2 3 0
19 79806 16485 0 1 0
19 79806 16485 1 2 0
19 79806 16485 2 3 0
19 79806 31329 0 1 0
19 79806 31329 1 2 0
19 79806 31329 2 3 0
19 79806 5597 0 1 0
19 79806 5597 1 2 0
19 79806 5597 2 3 0
19 79806 18187 0 3 0
19 79806 18187 1 4 0
19 79806 18187 2 1 0
19 79806 7645 0 1 0
19 79806 7645 1 2 0
19 79806 7645 2 3 0
19 79806 26191 0 3 0
19 79806 26191 1 4 0
19 79806 26191 2 1 0
19 79806 27933 0 1 0
19 79806 27933 1 2 0
19 79806 27933 2 3 0
19 79806 21525 0 1 0
19 79806 21525 1 2 0
19 79806 21525 2 3 0
19 79806 30303 0 3 0
19 79806 30303 1 4 0
19 79806 30303 2 1 0
19 79806 9525 0 1 0
19 79806 9525 1 2 0
19 79806 9525 2 3 0
19 79806 27579 0 3 0
19 79806 27579 1 4 0
19 79806 27579 2 1 0
19 79806 17021 0 1 0
19 79806 17021 1 2 0
19 79806 17021 2 3 0
19 79806 22825 0 1 0
19 79806 22825 1 2 0
19 79806 22825 2 3 0
19 79806 17507 0 3 0
19 79806 17507 1 4 0
19 79806 17507 2 1 0
19 79806 13135 0 3 0
19 79806 13135 1 4 0
19 79806 13135 2 1 0
19 79806 23055 0 3 0
19 79806 23055 1 4 0
19 79806 23055 2 1 0
19 79806 18751 0 3 0
19 79806 18751 1 4 0
19 79806 18751 2 1 0
19 79806 12731 0 3 0
19 79806 12731 1 4 0
19 79806 12731 2 1 0
19 79806 14221 0 1 0
19 79806 14221 1 2 0
19 79806 14221 2 3 0
19 79806 15095 0 3 0
19 79806 15095 1 4 0
19 79806 15095 2 1 0
19 79806 26461 0 1 0
19 79806 26461 1 2 0
19 79806 26461 2 3 0
19 79806 12771 0 3 0
19 79806 12771 1 4 0
19 79806 12771 2 1 0
19 79806 21633 0 1 0
19 79806 21633 1 2 0
19 79806 21633 2 3 0
19 79806 3893 0 1 0
19 79806 3893 1 2 0
19 79806 3893 2 3 0
19 79806 23651 0 3 0
19 79806 23651 1 4 0
19 79806 23651 2 1 0
19 79806 1363 0 3 0
19 79806 1363 1 4 0
19 79806 1363 2 1 0
19 79806 23381 0 1 0
19 79806 23381 1 2 0
19 79806 23381 2 3 0
19 79806 17941 0 1 0
19 79806 17941 1 2 0
19 79806 17941 2 3 0
19 79806 3597 0 1 0
19 79806 3597 1 2 0
19 79806 3597 2 3 0
19 79806 26505 0 1 0
19 79806 26505 1 2 0
19 79806 26505 2 3 0
19 79806 8623 0 3 0
19 79806 8623 1 4 0
19 79806 8623 2 1 0
19 79806 29281 0 1 0
19 79806 29281 1 2 0
19 79806 29281 2 3 0
19 79806 26639 0 3 0
19 79806 26639 1 4 0
19 79806 26639 2 1 0
19 79806 13721 0 1 0
19 79806 13721 1 2 0
19 79806 13721 2 3 0
19 79806 31229 0 1 0
19 79806 31229 1 2 0
19 79806 31229 2 3 0
19 79806 11975 0 3 0
19 79806 11975 1 4 0
19 79806 11975 2 1 0
19 79806 12485 0 1 0
19 79806 12485 1 2 0
19 79806 12485 2 3 0
19 79806 15193 0 1 0
19 79806 15193 1 2 0
19 79806 15193 2 3 0
19 79806 5395 0 3 0
19 79806 5395 1 4 0
19 79806 5395 2 1 0
19 79806 6081 0 1 0
19 79806 6081 1 2 0
19 79806 6081 2 3 0
19 79806 15385 0 1 0
19 79806 15385 1 2 0
19 79806 15385 2 3 0
19 79806 31389 0 1 0
19 79806 31389 1 2 0
19 79806 31389 2 3 0
19 79806 20619 0 3 0
19 79806 20619 1 4 0
19 79806 20619 2 1 0
19 79806 10403 0 3 0
19 79806 10403 1 4 0
19 79806 10403 2 1 0
19 79806 15657 0 1 0
19 79806 15657 1 2 0
19 79806 15657 2 3 0
19 79806 14795 0 3 0
19 79806 14795 1 4 0
19 79806 14795 2 1 0
19 79806 8209 0 1 0
19 79806 8209 1 2 0
19 79806 8209 2 3 0
19 79806 2701 0 1 0
19 79806 2701 1 2 0
19 79806 2701 2 3 0
19 79806 32343 0 3 0
19 79806 32343 1 4 0
19 79806 32343 2 1 0
19 79806 11303 0 3 0
19 79806 11303 1 4 0
19 79806 11303 2 1 0
19 79806 14275 0 3 0
19 79806 14275 1 4 0
19 79806 14275 2 1 0
19 79806 27025 0 1 0
19 79806 27025 1 2 0
19 79806 27025 2 3 0
19 79806 30281 0 1 0
19 79806 30281 1 2 0
19 79806 30281 2 3 0
19 79806 3475 0 3 0
19 79806 3475 1 4 0
19 79806 3475 2 1 0
19 79806 32219 0 3 0
19 79806 32219 1 4 0
19 79806 32219 2 1 0
19 79806 16697 0 1 0
19 79806 16697 1 2 0
19 79806 16697 2 3 0
19 79806 31231 0 3 0
19 79806 31231 1 4 0
19 79806 31231 2 1 0
19 79806 7587 0 3 0
19 79806 7587 1 4 0
19 79806 7587 2 1 0
19 79806 29683 0 3 0
19 79806 29683 1 4 0
19 79806 29683 2 1 0
19 79806 29329 0 1 0
19 79806 29329 1 2 0
19 79806 29329 2 3 0
19 79806 28733 0 1 0
19 79806 28733 1 2 0
19 79806 28733 2 3 0
19 79806 21813 0 1 0
19 79806 21813 1 2 0
19 79806 21813 2 3 0
19 79806 10049 0 1 0
19 79806 10049 1 2 0
19 79806 10049 2 3 0
19 79806 19141 0 1 0
19 79806 19141 1 2 0
19 79806 19141 2 3 0
19 79806 17963 0 3 0
19 79806 17963 1 4 0
19 79806 17963 2 1 0
19 79806 6393 0 1 0
19 79806 6393 1 2 0
19 79806 6393 2 3 0
19 79806 21663 0 3 0
19 79806 21663 1 4 0
19 79806 21663 2 1 0
19 79806 2213 0 1 0
19 79806 2213 1 2 0
19 79806 2213 2 3 0
19 79806 22901 0 1 0
19 79806 22901 1 2 0
19 79806 22901 2 3 0
19 79806 24055 0 3 0
19 79806 24055 1 4 0
19 79806 24055 2 1 0
19 79806 20631 0 3 0
19 79806 20631 1 4 0
19 79806 20631 2 1 0
19 79806 30629 0 1 0
19 79806 30629 1 2 0
19 79806 30629 2 3 0
19 79806 28265 0 1 0
19 79806 28265 1 2 0
19 79806 28265 2 3 0
19 79806 9775 0 3 0
19 79806 9775 1 4 0
19 79806 9775 2 1 0
19 79806 13181 0 1 0
19 79806 13181 1 2 0
19 79806 13181 2 3 0
19 79806 21107 0 3 0
19 79806 21107 1 4 0
19 79806 21107 2 1 0
19 79806 14791 0 3 0
19 79806 14791 1 4 0
19 79806 14791 2 1 0
19 79806 32407 0 3 0
19 79806 32407 1 4 0
19 79806 32407 2 1 0
19 79806 8151 0 3 0
19 79806 8151 1 4 0
19 79806 8151 2 1 0
19 79806 29233 0 1 0
19 79806 29233 1 2 0
19 79806 29233 2 3 0
19 79806 1669 0 1 0
19 79806 1669 1 2 0
19 79806 1669 2 3 0
19 79806 15335 0 3 0
19 79806 15335 1 4 0
19 79806 15335 2 1 0
19 79806 3253 0 1 0
19 79806 3253 1 2 0
19 79806 3253 2 3 0
19 79806 14593 0 1 0
19 79806 14593 1 2 0
19 79806 14593 2 3 0
19 79806 7255 0 3 0
19 79806 7255 1 4 0
19 79806 7255 2 1 0
19 79806 8355 0 3 0
19 79806 8355 1 4 0
19 79806 8355 2 1 0
19 79806 20981 0 1 0
19 79806 20981 1 2 0
19 79806 20981 2 3 0
19 79806 4001 0 1 0
19 79806 4001 1 2 0
19 79806 4001 2 3 0
19 79806 14833 0 1 0
19 79806 14833 1 2 0
19 79806 14833 2 3 0
19 79806 21075 0 3 0
19 79806 21075 1 4 0
19 79806 21075 2 1 0
19 79806 16865 0 1 0
19 79806 16865 1 2 0
19 79806 16865 2 3 0
19 79806 151 0 3 0
19 79806 151 1 4 0
19 79806 151 2 1 0
19 79806 21953 0 1 0
19 79806 21953 1 2 0
19 79806 21953 2 3 0
19 79806 28519 0 3 0
19 79806 28519 1 4 0
19 79806 28519 2 1 0
19 79806 6751 0 3 0
19 79806 6751 1 4 0
19 79806 6751 2 1 0
19 79806 19293 0 1 0
19 79806 19293 1 2 0
19 79806 19293 2 3 0
19 79806 25855 0 3 0
19 79806 25855 1 4 0
19 79806 25855 2 1 0
19 79806 2179 0 3 0
19 79806 2179 1 4 0
19 79806 2179 2 1 0
19 79806 22039 0 3 0
19 79806 22039 1 4 0
19 79806 22039 2 1 0
19 79806 3869 0 1 0
19 79806 3869 1 2 0
19 79806 3869 2 3 0
19 79806 2655 0 3 0
19 79806 2655 1 4 0
19 79806 2655 2 1 0
19 79806 23359 0 3 0
19 79806 23359 1 4 0
19 79806 23359 2 1 0
19 79806 7021 0 1 0
19 79806 7021 1 2 0
19 79806 7021 2 3 0
19 79806 20303 0 3 0
19 79806 20303 1 4 0
19 79806 20303 2 1 0
19 79806 3665 0 1 0
19 79806 3665 1 2 0
19 79806 3665 2 3 0
19 79806 13037 0 1 0
19 79806 13037 1 2 0
19 79806 13037 2 3 0
19 79806 30345 0 1 0
19 79806 30345 1 2 0
19 79806 30345 2 3 0
19 79806 7703 0 3 0
19 79806 7703 1 4 0
19 79806 7703 2 1 0
19 79806 14317 0 1 0
19 79806 14317 1 2 0
19 79806 14317 2 3 0
19 79806 12447 0 3 0
19 79806 12447 1 4 0
19 79806 12447 2 1 0
19 79806 11693 0 1 0
19 79806 11693 1 2 0
19 79806 11693 2 3 0
19 79806 13943 0 3 0
19 79806 13943 1 4 0
19 79806 13943 2 1 0
19 79806 18265 0 1 0
19 79806 18265 1 2 0
19 79806 18265 2 3 0
19 79806 5187 0 3 0
19 79806 5187 1 4 0
19 79806 5187 2 1 0
19 79806 2149 0 1 0
19 79806 2149 1 2 0
19 79806 2149 2 3 0
19 79806 32431 0 3 0
19 79806 32431 1 4 0
19 79806 32431 2 1 0
19 79806 899 0 3 0
19 79806 899 1 4 0
19 79806 899 2 1 0
19 79806 10275 0 3 0
19 79806 10275 1 4 0
19 79806 10275 2 1 0
19 79806 18117 0 1 0
19 79806 18117 1 2 0
19 79806 18117 2 3 0
19 79806 6823 0 3 0
19 79806 6823 1 4 0
19 79806 6823 2 1 0
19 79806 25767 0 3 0
19 79806 25767 1 4 0
19 79806 25767 2 1 0
19 79806 28453 0 1 0
19 79806 28453 1 2 0
19 79806 28453 2 3 0
19 79806 12219 0 3 0
19 79806 12219 1 4 0
19 79806 12219 2 1 0
19 79806 17539 0 3 0
19 79806 17539 1 4 0
19 79806 17539 2 1 0
19 79806 861 0 1 0
19 79806 861 1 2 0
19 79806 861 2 3 0
19 79806 14627 0 3 0
19 79806 14627 1 4 0
19 79806 14627 2 1 0
19 79806 5171 0 3 0
19 79806 5171 1 4 0
19 79806 5171 2 1 0
19 79806 23553 0 1 0
19 79806 23553 1 2 0
19 79806 23553 2 3 0
19 79806 18173 0 1 0
19 79806 18173 1 2 0
19 79806 18173 2 3 0
19 79806 30723 0 3 0
19 79806 30723 1 4 0
19 79806 30723 2 1 0
19 79806 21759 0 3 0
19 79806 21759 1 4 0
19 79806 21759 2 1 0
19 79806 4713 0 1 0
19 79806 4713 1 2 0
19 79806 4713 2 3 0
19 79806 23831 0 3 0
19 79806 23831 1 4 0
19 79806 23831 2 1 0
19 79806 27621 0 1 0
19 79806 27621 1 2 0
19 79806 27621 2 3 0
19 79806 13637 0 1 0
19 79806 13637 1 2 0
19 79806 13637 2 3 0
19 79806 13527 0 3 0
19 79806 13527 1 4 0
19 79806 13527 2 1 0
19 79806 27003 0 3 0
19 79806 27003 1 4 0
19 79806 27003 2 1 0
19 79806 30633 0 1 0
19 79806 30633 1 2 0
19 79806 30633 2 3 0
19 79806 31545 0 1 0
19 79806 31545 1 2 0
19 79806 31545 2 3 0
19 79806 31507 0 3 0
19 79806 31507 1 4 0
19 79806 31507 2 1 0
19 79806 6087 0 3 0
19 79806 6087 1 4 0
19 79806 6087 2 1 0
19 79806 28041 0 1 0
19 79806 28041 1 2 0
19 79806 28041 2 3 0
19 79806 25489 0 1 0
19 79806 25489 1 2 0
19 79806 25489 2 3 0
19 79806 32187 0 3 0
19 79806 32187 1 4 0
19 79806 32187 2 1 0
19 79806 477 0 1 0
19 79806 477 1 2 0
19 79806 477 2 3 0
19 79806 23327 0 3 0
19 79806 23327 1 4 0
19 79806 23327 2 1 0
19 79806 23031 0 3 0
19 79806 23031 1 4 0
19 79806 23031 2 1 0
19 79806 6781 0 1 0
19 79806 6781 1 2 0
19 79806 6781 2 3 0
19 79806 2023 0 3 0
19 79806 2023 1 4 0
19 79806 2023 2 1 0
19 79806 19167 0 3 0
19 79806 19167 1 4 0
19 79806 19167 2 1 0
19 79806 8111 0 3 0
19 79806 8111 1 4 0
19 79806 8111 2 1 0
19 79806 24713 0 1 0
19 79806 24713 1 2 0
19 79806 24713 2 3 0
19 79806 32319 0 3 0
19 79806 32319 1 4 0
19 79806 32319 2 1 0
19 79806 28925 0 1 0
19 79806 28925 1 2 0
19 79806 28925 2 3 0
19 79806 26613 0 1 0
19 79806 26613 1 2 0
19 79806 26613 2 3 0
19 79806 8051 0 3 0
19 79806 8051 1 4 0
19 79806 8051 2 1 0
19 79806 15539 0 3 0
19 79806 15539 1 4 0
19 79806 15539 2 1 0
19 79806 2001 0 1 0
19 79806 2001 1 2 0
19 79806 2001 2 3 0
19 79806 7691 0 3 0
19 79806 7691 1 4 0
19 79806 7691 2 1 0
19 79806 20705 0 1 0
19 79806 20705 1 2 0
19 79806 20705 2 3 0
19 79806 22453 0 1 0
19 79806 22453 1 2 0
19 79806 22453 2 3 0
19 79806 31831 0 3 0
19 79806 31831 1 4 0
19 79806 31831 2 1 0
19 79806 13499 0 3 0
19 79806 13499 1 4 0
19 79806 13499 2 1 0
19 79806 29739 0 3 0
19 79806 29739 1 4 0
19 79806 29739 2 1 0
19 79806 18313 0 1 0
19 79806 18313 1 2 0
19 79806 18313 2 3 0
19 79806 8527 0 3 0
19 79806 8527 1 4 0
19 79806 8527 2 1 0
19 79806 26553 0 1 0
19 79806 26553 1 2 0
19 79806 26553 2 3 0
19 79806 24199 0 3 0
19 79806 24199 1 4 0
19 79806 24199 2 1 0
19 79806 29063 0 3 0
19 79806 29063 1 4 0
19 79806 29063 2 1 0
19 79806 2277 0 1 0
19 79806 2277 1 2 0
19 79806 2277 2 3 0
19 79806 7517 0 1 0
19 79806 7517 1 2 0
19 79806 7517 2 3 0
19 79806 20071 0 3 0
19 79806 20071 1 4 0
19 79806 20071 2 1 0
19 79806 9675 0 3 0
19 79806 9675 1 4 0
19 79806 9675 2 1 0
19 79806 19753 0 1 0
19 79806 19753 1 2 0
19 79806 19753 2 3 0
19 79806 5619 0 3 0
19 79806 5619 1 4 0
19 79806 5619 2 1 0
19 79806 4357 0 1 0
19 79806 4357 1 2 0
19 79806 4357 2 3 0
19 79806 21537 0 1 0
19 79806 21537 1 2 0
19 79806 21537 2 3 0
19 79806 6051 0 3 0
19 79806 6051 1 4 0
19 79806 6051 2 1 0
19 79806 18553 0 1 0
19 79806 18553 1 2 0
19 79806 18553 2 3 0
19 79806 18469 0 1 0
19 79806 18469 1 2 0
19 79806 18469 2 3 0
19 79806 20293 0 1 0
19 79806 20293 1 2 0
19 79806 20293 2 3 0
19 79806 9273 0 1 0
19 79806 9273 1 2 0
19 79806 9273 2 3 0
19 79806 20533 0 1 0
19 79806 20533 1 2 0
19 79806 20533 2 3 0
19 79806 7543 0 3 0
19 79806 7543 1 4 0
19 79806 7543 2 1 0
19 79806 3457 0 1 0
19 79806 3457 1 2 0
19 79806 3457 2 3 0
19 79806 26465 0 1 0
19 79806 26465 1 2 0
19 79806 26465 2 3 0
19 79806 31263 0 3 0
19 79806 31263 1 4 0
19 79806 31263 2 1 0
19 79806 16529 0 1 0
19 79806 16529 1 2 0
19 79806 16529 2 3 0
19 79806 31323 0 3 0
19 79806 31323 1 4 0
19 79806 31323 2 1 0
19 79806 2709 0 1 0
19 79806 2709 1 2 0
19 79806 2709 2 3 0
19 79806 10953 0 1 0
19 79806 10953 1 2 0
19 79806 10953 2 3 0
19 79806 28981 0 1 0
19 79806 28981 1 2 0
19 79806 28981 2 3 0
19 79806 30929 0 1 0
19 79806 30929 1 2 0
19 79806 30929 2 3 0
19 79806 11081 0 1 0
19 79806 11081 1 2 0
19 79806 11081 2 3 0
19 79806 2089 0 1 0
19 79806 2089 1 2 0
19 79806 2089 2 3 0
19 79806 27451 0 3 0
19 79806 27451 1 4 0
19 79806 27451 2 1 0
19 79806 17055 0 3 0
19 79806 17055 1 4 0
19 79806 17055 2 1 0
19 79806 32401 0 1 0
19 79806 32401 1 2 0
19 79806 32401 2 3 0
19 79806 29717 0 1 0
19 79806 29717 1 2 0
19 79806 29717 2 3 0
19 79806 20143 0 3 0
19 79806 20143 1 4 0
19 79806 20143 2 1 0
19 79806 17349 0 1 0
19 79806 17349 1 2 0
19 79806 17349 2 3 0
19 79806 26569 0 1 0
19 79806 26569 1 2 0
19 79806 26569 2 3 0
19 79806 26665 0 1 0
19 79806 26665 1 2 0
19 79806 26665 2 3 0
19 79806 21295 0 3 0
19 79806 21295 1 4 0
19 79806 21295 2 1 0
19 79806 8193 0 1 0
19 79806 8193 1 2 0
19 79806 8193 2 3 0
19 79806 16295 0 3 0
19 79806 16295 1 4 0
19 79806 16295 2 1 0
19 79806 17073 0 1 0
19 79806 17073 1 2 0
19 79806 17073 2 3 0
19 79806 31101 0 1 0
19 79806 31101 1 2 0
19 79806 31101 2 3 0
19 79806 6775 0 3 0
19 79806 6775 1 4 0
19 79806 6775 2 1 0
19 79806 6403 0 3 0
19 79806 6403 1 4 0
19 79806 6403 2 1 0
19 79806 6651 0 3 0
19 79806 6651 1 4 0
19 79806 6651 2 1 0
19 79806 249 0 1 0
19 79806 249 1 2 0
19 79806 249 2 3 0
19 79806 8047 0 3 0
19 79806 8047 1 4 0
19 79806 8047 2 1 0
19 79806 17465 0 1 0
19 79806 17465 1 2 0
19 79806 17465 2 3 0
19 79806 27063 0 3 0
19 79806 27063 1 4 0
19 79806 27063 2 1 0
19 79806 11027 0 3 0
19 79806 11027 1 4 0
19 79806 11027 2 1 0
19 79806 32283 0 3 0
19 79806 32283 1 4 0
19 79806 32283 2 1 0
19 79806 19749 0 1 0
19 79806 19749 1 2 0
19 79806 19749 2 3 0
19 79806 3877 0 1 0
19 79806 3877 1 2 0
19 79806 3877 2 3 0
19 79806 5081 0 1 0
19 79806 5081 1 2 0
19 79806 5081 2 3 0
19 79806 18731 0 3 0
19 79806 18731 1 4 0
19 79806 18731 2 1 0
19 79806 4603 0 3 0
19 79806 4603 1 4 0
19 79806 4603 2 1 0
19 79806 1525 0 1 0
19 79806 1525 1 2 0
19 79806 1525 2 3 0
20 79806 6359 0 3 0
20 79806 6359 1 4 0
20 79806 6359 2 1 0
20 79806 3741 0 1 0
20 79806 3741 1 2 0
20 79806 3741 2 3 0
20 79806 1151 0 3 0
20 79806 1151 1 4 0
20 79806 1151 2 1 0
20 79806 31163 0 3 0
20 79806 31163 1 4 0
20 79806 31163 2 1 0
20 79806 7965 0 1 0
20 79806 7965 1 2 0
20 79806 7965 2 3 0
20 79806 6061 0 1 0
20 79806 6061 1 2 0
20 79806 6061 2 3 0
20 79806 23715 0 3 0
20 79806 23715 1 4 0
20 79806 23715 2 1 0
20 79806 31603 0 3 0
20 79806 31603 1 4 0
20 79806 31603 2 1 0
20 79806 8457 0 1 0
20 79806 8457 1 2 0
20 79806 8457 2 3 0
20 79806 9355 0 3 0
20 79806 9355 1 4 0
20 79806 9355 2 1 0
20 79806 19297 0 1 0
20 79806 19297 1 2 0
20 79806 19297 2 3 0
20 79806 9987 0 3 0
20 79806 9987 1 4 0
20 79806 9987 2 1 0
20 79806 24821 0 1 0
20 79806 24821 1 2 0
20 79806 24821 2 3 0
20 79806 18339 0 3 0
20 79806 18339 1 4 0
20 79806 18339 2 1 0
20 79806 71 0 3 0
20 79806 71 1 4 0
20 79806 71 2 1 0
20 79806 17183 0 3 0
20 79806 17183 1 4 0
20 79806 17183 2 1 0
20 79806 12551 0 3 0
20 79806 12551 1 4 0
20 79806 12551 2 1 0
20 79806 26851 0 3 0
20 79806 26851 1 4 0
20 79806 26851 2 1 0
20 79806 2579 0 3 0
20 79806 2579 1 4 0
20 79806 2579 2 1 0
20 79806 7373 0 1 0
20 79806 7373 1 2 0
20 79806 7373 2 3 0
20 79806 4161 0 1 0
20 79806 4161 1 2 0
20 79806 4161 2 3 0
20 79806 31021 0 1 0
20 79806 31021 1 2 0
20 79806 31021 2 3 0
20 79806 31599 0 3 0
20 79806 31599 1 4 0
20 79806 31599 2 1 0
20 79806 7209 0 1 0
20 79806 7209 1 2 0
20 79806 7209 2 3 0
20 79806 4985 0 1 0
20 79806 4985 1 2 0
20 79806 4985 2 3 0
20 79806 4845 0 1 0
20 79806 4845 1 2 0
20 79806 4845 2 3 0
20 79806 24179 0 3 0
20 79806 24179 1 4 0
20 79806 24179 2 1 0
20 79806 24425 0 1 0
20 79806 24425 1 2 0
20 79806 24425 2 3 0
20 79806 7427 0 3 0
20 79806 7427 1 4 0
20 79806 7427 2 1 0
20 79806 22949 0 1 0
20 79806 22949 1 2 0
20 79806 22949 2 3 0
20 79806 9867 0 3 0
20 79806 9867 1 4 0
20 79806 9867 2 1 0
20 79806 21257 0 1 0
20 79806 21257 1 2 0
20 79806 21257 2 3 0
20 79806 9505 0 1 0
20 79806 9505 1 2 0
20 79806 9505 2 3 0
20 79806 8325 0 1 0
20 79806 8325 1 2 0
20 79806 8325 2 3 0
20 79806 31897 0 1 0
20 79806 31897 1 2 0
20 79806 31897 2 3 0
20 79806 16967 0 3 0
20 79806 16967 1 4 0
20 79806 16967 2 1 0
20 79806 18541 0 1 0
20 79806 18541 1 2 0
20 79806 18541 2 3 0
20 79806 28183 0 3 0
20 79806 28183 1 4 0
20 79806 28183 2 1 0
20 79806 701 0 1 0
20 79806 701 1 2 0
20 79806 701 2 3 0
20 79806 143 0 3 0
20 79806 143 1 4 0
20 79806 143 2 1 0
20 79806 4251 0 3 0
20 79806 4251 1 4 0
20 79806 4251 2 1 0
20 79806 32553 0 1 0
20 79806 32553 1 2 0
20 79806 32553 2 3 0
20 79806 23377 0 1 0
20 79806 23377 1 2 0
20 79806 23377 2 3 0
20 79806 1211 0 3 0
20 79806 1211 1 4 0
20 79806 1211 2 1 0
20 79806 6463 0 3 0
20 79806 6463 1 4 0
20 79806 6463 2 1 0
20 79806 16733 0 1 0
20 79806 16733 1 2 0
20 79806 16733 2 3 0
20 79806 8081 0 1 0
20 79806 8081 1 2 0
20 79806 8081 2 3 0
20 79806 21129 0 1 0
20 79806 21129 1 2 0
20 79806 21129 2 3 0
20 79806 7105 0 1 0
20 79806 7105 1 2 0
20 79806 7105 2 3 0
20 79806 24755 0 3 0
20 79806 24755 1 4 0
20 79806 24755 2 1 0
20 79806 959 0 3 0
20 79806 959 1 4 0
20 79806 959 2 1 0
20 79806 28297 0 1 0
20 79806 28297 1 2 0
20 79806 28297 2 3 0
20 79806 9541 0 1 0
20 79806 9541 1 2 0
20 79806 9541 2 3 0
20 79806 4115 0 3 0
20 79806 4115 1 4 0
20 79806 4115 2 1 0
20 79806 12901 0 1 0
20 79806 12901 1 2 0
20 79806 12901 2 3 0
20 79806 4527 0 3 0
20 79806 4527 1 4 0
20 79806 4527 2 1 0
20 79806 17045 0 1 0
20 79806 17045 1 2 0
20 79806 17045 2 3 0
20 79806 27047 0 3 0
20 79806 27047 1 4 0
20 79806 27047 2 1 0
20 79806 14581 0 1 0
20 79806 14581 1 2 0
20 79806 14581 2 3 0
20 79806 21657 0 1 0
20 79806 21657 1 2 0
20 79806 21657 2 3 0
20 79806 20635 0 3 0
20 79806 20635 1 4 0
20 79806 20635 2 1 0
20 79806 16653 0 1 0
20 79806 16653 1 2 0
20 79806 16653 2 3 0
20 79806 25141 0 1 0
20 79806 25141 1 2 0
20 79806 25141 2 3 0
20 79806 13161 0 1 0
20 79806 13161 1 2 0
20 79806 13161 2 3 0
20 79806 25605 0 1 0
20 79806 25605 1 2 0
20 79806 25605 2 3 0
20 79806 97 0 1 0
20 79806 97 1 2 0
20 79806 97 2 3 0
20 79806 20939 0 3 0
20 79806 20939 1 4 0
20 79806 20939 2 1 0
20 79806 14751 0 3 0
20 79806 14751 1 4 0
20 79806 14751 2 1 0
20 79806 21399 0 3 0
20 79806 21399 1 4 0
20 79806 21399 2 1 0
20 79806 25539 0 3 0
20 79806 25539 1 4 0
20 79806 25539 2 1 0
20 79806 2573 0 1 0
20 79806 2573 1 2 0
20 79806 2573 2 3 0
20 79806 2605 0 1 0
20 79806 2605 1 2 0
20 79806 2605 2 3 0
20 79806 17547 0 3 0
20 79806 17547 1 4 0
20 79806 17547 2 1 0
20 79806 27319 0 3 0
20 79806 27319 1 4 0
20 79806 27319 2 1 0
20 79806 18083 0 3 0
20 79806 18083 1 4 0
20 79806 18083 2 1 0
20 79806 17725 0 1 0
20 79806 17725 1 2 0
20 79806 17725 2 3 0
20 79806 24479 0 3 0
20 79806 24479 1 4 0
20 79806 24479 2 1 0
20 79806 7197 0 1 0
20 79806 7197 1 2 0
20 79806 7197 2 3 0
20 79806 27873 0 1 0
20 79806 27873 1 2 0
20 79806 27873 2 3 0
20 79806 4191 0 3 0
20 79806 4191 1 4 0
20 79806 4191 2 1 0
20 79806 20279 0 3 0
20 79806 20279 1 4 0
20 79806 20279 2 1 0
20 79806 529 0 1 0
20 79806 529 1 2 0
20 79806 529 2 3 0
20 79806 11017 0 1 0
20 79806 11017 1 2 0
20 79806 11017 2 3 0
20 79806 16535 0 3 0
20 79806 16535 1 4 0
20 79806 16535 2 1 0
20 79806 13601 0 1 0
20 79806 13601 1 2 0
20 79806 13601 2 3 0
20 79806 30959 0 3 0
20 79806 30959 1 4 0
20 79806 30959 2 1 0
20 79806 28155 0 3 0
20 79806 28155 1 4 0
20 79806 28155 2 1 0
20 79806 2539 0 3 0
20 79806 2539 1 4 0
20 79806 2539 2 1 0
20 79806 325 0 1 0
20 79806 325 1 2 0
20 79806 325 2 3 0
20 79806 10725 0 1 0
20 79806 10725 1 2 0
20 79806 10725 2 3 0
20 79806 32743 0 3 0
20 79806 32743 1 4 0
20 79806 32743 2 1 0
20 79806 28023 0 3 0
20 79806 28023 1 4 0
20 79806 28023 2 1 0
20 79806 1797 0 1 0
20 79806 1797 1 2 0
20 79806 1797 2 3 0
20 79806 20069 0 1 0
20 79806 20069 1 2 0
20 79806 20069 2 3 0
20 79806 3861 0 1 0
20 79806 3861 1 2 0
20 79806 3861 2 3 0
20 79806 9173 0 1 0
20 79806 9173 1 2 0
20 79806 9173 2 3 0
20 79806 21899 0 3 0
20 79806 21899 1 4 0
20 79806 21899 2 1 0
20 79806 1735 0 3 0
20 79806 1735 1 4 0
20 79806 1735 2 1 0
20 79806 24971 0 3 0
20 79806 24971 1 4 0
20 79806 24971 2 1 0
20 79806 24789 0 1 0
20 79806 24789 1 2 0
20 79806 24789 2 3 0
20 79806 455 0 3 0
20 79806 455 1 4 0
20 79806 455 2 1 0
20 79806 5911 0 3 0
20 79806 5911 1 4 0
20 79806 5911 2 1 0
20 79806 16501 0 1 0
20 79806 16501 1 2 0
20 79806 16501 2 3 0
20 79806 30291 0 3 0
20 79806 30291 1 4 0
20 79806 30291 2 1 0
20 79806 29435 0 3 0
20 79806 29435 1 4 0
20 79806 29435 2 1 0
20 79806 16491 0 3 0
20 79806 16491 1 4 0
20 79806 16491 2 1 0
20 79806 4435 0 3 0
20 79806 4435 1 4 0
20 79806 4435 2 1 0
20 79806 16919 0 3 0
20 79806 16919 1 4 0
20 79806 16919 2 1 0
20 79806 11701 0 1 0
20 79806 11701 1 2 0
20 79806 11701 2 3 0
20 79806 27033 0 1 0
20 79806 27033 1 2 0
20 79806 27033 2 3 0
20 79806 9693 0 1 0
20 79806 9693 1 2 0
20 79806 9693 2 3 0
20 79806 31039 0 3 0
20 79806 31039 1 4 0
20 79806 31039 2 1 0
20 79806 31701 0 1 0
20 79806 31701 1 2 0
20 79806 31701 2 3 0
20 79806 9225 0 1 0
20 79806 9225 1 2 0
20 79806 9225 2 3 0
20 79806 1439 0 3 0
20 79806 1439 1 4 0
20 79806 1439 2 1 0
20 79806 25481 0 1 0
20 79806 25481 1 2 0
20 79806 25481 2 3 0
20 79806 26207 0 3 0
20 79806 26207 1 4 0
20 79806 26207 2 1 0
20 79806 21511 0 3 0
20 79806 21511 1 4 0
20 79806 21511 2 1 0
20 79806 28649 0 1 0
20 79806 28649 1 2 0
20 79806 28649 2 3 0
20 79806 3231 0 3 0
20 79806 3231 1 4 0
20 79806 3231 2 1 0
20 79806 7115 0 3 0
20 79806 7115 1 4 0
20 79806 7115 2 1 0
20 79806 20237 0 1 0
20 79806 20237 1 2 0
20 79806 20237 2 3 0
20 79806 5383 0 3 0
20 79806 5383 1 4 0
20 79806 5383 2 1 0
20 79806 28487 0 3 0
20 79806 28487 1 4 0
20 79806 28487 2 1 0
20 79806 6725 0 1 0
20 79806 6725 1 2 0
20 79806 6725 2 3 0
20 79806 15619 0 3 0
20 79806 15619 1 4 0
20 79806 15619 2 1 0
20 79806 22381 0 1 0
20 79806 22381 1 2 0
20 79806 22381 2 3 0
20 79806 32747 0 3 0
20 79806 32747 1 4 0
20 79806 32747 2 1 0
20 79806 26861 0 1 0
20 79806 26861 1 2 0
20 79806 26861 2 3 0
20 79806 19347 0 3 0
20 79806 19347 1 4 0
20 79806 19347 2 1 0
20 79806 3773 0 1 0
20 79806 3773 1 2 0
20 79806 3773 2 3 0
20 79806 13489 0 1 0
20 79806 13489 1 2 0
20 79806 13489 2 3 0
20 79806 11571 0 3 0
20 79806 11571 1 4 0
20 79806 11571 2 1 0
20 79806 27821 0 1 0
20 79806 27821 1 2 0
20 79806 27821 2 3 0
20 79806 11505 0 1 0
20 79806 11505 1 2 0
20 79806 11505 2 3 0
20 79806 29087 0 3 0
20 79806 29087 1 4 0
20 79806 29087 2 1 0
20 79806 29425 0 1 0
20 79806 29425 1 2 0
20 79806 29425 2 3 0
20 79806 16189 0 1 0
20 79806 16189 1 2 0
20 79806 16189 2 3 0
20 79806 19097 0 1 0
20 79806 19097 1 2 0
20 79806 19097 2 3 0
20 79806 31387 0 3 0
20 79806 31387 1 4 0
20 79806 31387 2 1 0
20 79806 1973 0 1 0
20 79806 1973 1 2 0
20 79806 1973 2 3 0
20 79806 5875 0 3 0
20 79806 5875 1 4 0
20 79806 5875 2 1 0
20 79806 855 0 3 0
20 79806 855 1 4 0
20 79806 855 2 1 0
20 79806 13429 0 1 0
20 79806 13429 1 2 0
20 79806 13429 2 3 0
20 79806 21007 0 3 0
20 79806 21007 1 4 0
20 79806 21007 2 1 0
20 79806 12735 0 3 0
20 79806 12735 1 4 0
20 79806 12735 2 1 0
20 79806 29401 0 1 0
20 79806 29401 1 2 0
20 79806 29401 2 3 0
20 79806 15813 0 1 0
20 79806 15813 1 2 0
20 79806 15813 2 3 0
20 79806 3307 0 3 0
20 79806 3307 1 4 0
20 79806 3307 2 1 0
20 79806 22197 0 1 0
20 79806 22197 1 2 0
20 79806 22197 2 3 0
20 79806 19423 0 3 0
20 79806 19423 1 4 0
20 79806 19423 2 1 0
20 79806 20995 0 3 0
20 79806 20995 1 4 0
20 79806 20995 2 1 0
20 79806 21799 0 3 0
20 79806 21799 1 4 0
20 79806 21799 2 1 0
20 79806 13075 0 3 0
20 79806 13075 1 4 0
20 79806 13075 2 1 0
20 79806 9837 0 1 0
20 79806 9837 1 2 0
20 79806 9837 2 3 0
20 79806 22717 0 1 0
20 79806 22717 1 2 0
20 79806 22717 2 3 0
20 79806 17849 0 1 0
20 79806 17849 1 2 0
20 79806 17849 2 3 0
20 79806 28845 0 1 0
20 79806 28845 1 2 0
20 79806 28845 2 3 0
20 79806 18489 0 1 0
20 79806 18489 1 2 0
20 79806 18489 2 3 0
20 79806 20571 0 3 0
20 79806 20571 1 4 0
20 79806 20571 2 1 0
20 79806 10463 0 3 0
20 79806 10463 1 4 0
20 79806 10463 2 1 0
20 79806 26757 0 1 0
20 79806 26757 1 2 0
20 79806 26757 2 3 0
20 79806 19219 0 3 0
20 79806 19219 1 4 0
20 79806 19219 2 1 0
20 79806 16541 0 1 0
20 79806 16541 1 2 0
20 79806 16541 2 3 0
20 79806 3681 0 1 0
20 79806 3681 1 2 0
20 79806 3681 2 3 0
20 79806 5983 0 3 0
20 79806 5983 1 4 0
20 79806 5983 2 1 0
20 79806 14341 0 1 0
20 79806 14341 1 2 0
20 79806 14341 2 3 0
20 79806 31103 0 3 0
20 79806 31103 1 4 0
20 79806 31103 2 1 0
20 79806 17403 0 3 0
20 79806 17403 1 4 0
20 79806 17403 2 1 0
20 79806 7733 0 1 0
20 79806 7733 1 2 0
20 79806 7733 2 3 0
20 79806 24213 0 1 0
20 79806 24213 1 2 0
20 79806 24213 2 3 0
20 79806 8937 0 1 0
20 79806 8937 1 2 0
20 79806 8937 2 3 0
20 79806 21435 0 3 0
20 79806 21435 1 4 0
20 79806 21435 2 1 0
20 79806 2505 0 1 0
20 79806 2505 1 2 0
20 79806 2505 2 3 0
20 79806 11051 0 3 0
20 79806 11051 1 4 0
20 79806 11051 2 1 0
20 79806 31881 0 1 0
20 79806 31881 1 2 0
20 79806 31881 2 3 0
20 79806 25445 0 1 0
20 79806 25445 1 2 0
20 79806 25445 2 3 0
20 79806 30099 0 3 0
20 79806 30099 1 4 0
20 79806 30099 2 1 0
20 79806 32437 0 1 0
20 79806 32437 1 2 0
20 79806 32437 2 3 0
20 79806 2695 0 3 0
20 79806 2695 1 4 0
20 79806 2695 2 1 0
20 79806 18077 0 1 0
20 79806 18077 1 2 0
20 79806 18077 2 3 0
20 79806 9459 0 3 0
20 79806 9459 1 4 0
20 79806 9459 2 1 0
20 79806 28585 0 1 0
20 79806 28585 1 2 0
20 79806 28585 2 3 0
20 79806 17677 0 1 0
20 79806 17677 1 2 0
20 79806 17677 2 3 0
20 79806 8311 0 3 0
20 79806 8311 1 4 0
20 79806 8311 2 1 0
20 79806 28427 0 3 0
20 79806 28427 1 4 0
20 79806 28427 2 1 0
20 79806 3885 0 1 0
20 79806 3885 1 2 0
20 79806 3885 2 3 0
20 79806 10517 0 1 0
20 79806 10517 1 2 0
20 79806 10517 2 3 0
20 79806 32005 0 1 0
20 79806 32005 1 2 0
20 79806 32005 2 3 0
20 79806 20099 0 3 0
20 79806 20099 1 4 0
20 79806 20099 2 1 0
20 79806 13129 0 1 0
20 79806 13129 1 2 0
20 79806 13129 2 3 0
20 79806 14601 0 1 0
20 79806 14601 1 2 0
20 79806 14601 2 3 0
20 79806 16691 0 3 0
20 79806 16691 1 4 0
20 79806 16691 2 1 0
20 79806 20563 0 3 0
20 79806 20563 1 4 0
20 79806 20563 2 1 0
20 79806 10003 0 3 0
20 79806 10003 1 4 0
20 79806 10003 2 1 0
20 79806 5361 0 1 0
20 79806 5361 1 2 0
20 79806 5361 2 3 0
20 79806 31653 0 1 0
20 79806 31653 1 2 0
20 79806 31653 2 3 0
20 79806 15567 0 3 0
20 79806 15567 1 4 0
20 79806 15567 2 1 0
20 79806 23023 0 3 0
20 79806 23023 1 4 0
20 79806 23023 2 1 0
20 79806 25471 0 3 0
20 79806 25471 1 4 0
20 79806 25471 2 1 0
20 79806 10453 0 1 0
20 79806 10453 1 2 0
20 79806 10453 2 3 0
20 79806 12001 0 1 0
20 79806 12001 1 2 0
20 79806 12001 2 3 0
20 79806 26041 0 1 0
20 79806 26041 1 2 0
20 79806 26041 2 3 0
20 79806 1981 0 1 0
20 79806 1981 1 2 0
20 79806 1981 2 3 0
20 79806 3201 0 1 0
20 79806 3201 1 2 0
20 79806 3201 2 3 0
20 79806 15541 0 1 0
20 79806 15541 1 2 0
20 79806 15541 2 3 0
20 79806 28431 0 3 0
20 79806 28431 1 4 0
20 79806 28431 2 1 0
20 79806 9711 0 3 0
20 79806 9711 1 4 0
20 79806 9711 2 1 0
20 79806 7821 0 1 0
20 79806 7821 1 2 0
20 79806 7821 2 3 0
20 79806 31695 0 3 0
20 79806 31695 1 4 0
20 79806 31695 2 1 0
20 79806 6375 0 3 0
20 79806 6375 1 4 0
20 79806 6375 2 1 0
20 79806 4025 0 1 0
20 79806 4025 1 2 0
20 79806 4025 2 3 0
20 79806 27481 0 1 0
20 79806 27481 1 2 0
20 79806 27481 2 3 0
20 79806 20167 0 3 0
20 79806 20167 1 4 0
20 79806 20167 2 1 0
20 79806 20511 0 3 0
20 79806 20511 1 4 0
20 79806 20511 2 1 0
20 79806 29917 0 1 0
20 79806 29917 1 2 0
20 79806 29917 2 3 0
20 79806 18655 0 3 0
20 79806 18655 1 4 0
20 79806 18655 2 1 0
20 79806 13097 0 1 0
20 79806 13097 1 2 0
20 79806 13097 2 3 0
20 79806 27793 0 1 0
20 79806 27793 1 2 0
20 79806 27793 2 3 0
20 79806 11793 0 1 0
20 79806 11793 1 2 0
20 79806 11793 2 3 0
20 79806 16213 0 1 0
20 79806 16213 1 2 0
20 79806 16213 2 3 0
20 79806 12659 0 3 0
20 79806 12659 1 4 0
20 79806 12659 2 1 0
20 79806 17459 0 3 0
20 79806 17459 1 4 0
20 79806 17459 2 1 0
20 79806 21261 0 1 0
20 79806 21261 1 2 0
20 79806 21261 2 3 0
20 79806 4273 0 1 0
20 79806 4273 1 2 0
20 79806 4273 2 3 0
20 79806 1331 0 3 0
20 79806 1331 1 4 0
20 79806 1331 2 1 0
20 79806 31609 0 1 0
20 79806 31609 1 2 0
20 79806 31609 2 3 0
20 79806 5523 0 3 0
20 79806 5523 1 4 0
20 79806 5523 2 1 0
20 79806 24973 0 1 0
20 79806 24973 1 2 0
20 79806 24973 2 3 0
20 79806 25725 0 1 0
20 79806 25725 1 2 0
20 79806 25725 2 3 0
20 79806 14419 0 3 0
20 79806 14419 1 4 0
20 79806 14419 2 1 0
20 79806 27299 0 3 0
20 79806 27299 1 4 0
20 79806 27299 2 1 0
20 79806 14093 0 1 0
20 79806 14093 1 2 0
20 79806 14093 2 3 0
20 79806 16835 0 3 0
20 79806 16835 1 4 0
20 79806 16835 2 1 0
20 79806 9509 0 1 0
20 79806 9509 1 2 0
20 79806 9509 2 3 0
20 79806 597 0 1 0
20 79806 597 1 2 0
20 79806 597 2 3 0
20 79806 14059 0 3 0
20 79806 14059 1 4 0
20 79806 14059 2 1 0
20 79806 4397 0 1 0
20 79806 4397 1 2 0
20 79806 4397 2 3 0
20 79806 19975 0 3 0
20 79806 19975 1 4 0
20 79806 19975 2 1 0
20 79806 27543 0 3 0
20 79806 27543 1 4 0
20 79806 27543 2 1 0
20 79806 27783 0 3 0
20 79806 27783 1 4 0
20 79806 27783 2 1 0
20 79806 9009 0 1 0
20 79806 9009 1 2 0
20 79806 9009 2 3 0
20 79806 6189 0 1 0
20 79806 6189 1 2 0
20 79806 6189 2 3 0
20 79806 21853 0 1 0
20 79806 21853 1 2 0
20 79806 21853 2 3 0
20 79806 16537 0 1 0
20 79806 16537 1 2 0
20 79806 16537 2 3 0
20 79806 23835 0 3 0
20 79806 23835 1 4 0
20 79806 23835 2 1 0
20 79806 13885 0 1 0
20 79806 13885 1 2 0
20 79806 13885 2 3 0
20 79806 10615 0 3 0
20 79806 10615 1 4 0
20 79806 10615 2 1 0
20 79806 18169 0 1 0
20 79806 18169 1 2 0
20 79806 18169 2 3 0
20 79806 11557 0 1 0
20 79806 11557 1 2 0
20 79806 11557 2 3 0
20 79806 6211 0 3 0
20 79806 6211 1 4 0
20 79806 6211 2 1 0
20 79806 5075 0 3 0
20 79806 5075 1 4 0
20 79806 5075 2 1 0
20 79806 3921 0 1 0
20 79806 3921 1 2 0
20 79806 3921 2 3 0
20 79806 299 0 3 0
20 79806 299 1 4 0
20 79806 299 2 1 0
20 79806 1761 0 1 0
20 79806 1761 1 2 0
20 79806 1761 2 3 0
20 79806 16077 0 1 0
20 79806 16077 1 2 0
20 79806 16077 2 3 0
20 79806 1697 0 1 0
20 79806 1697 1 2 0
20 79806 1697 2 3 0
20 79806 29471 0 3 0
20 79806 29471 1 4 0
20 79806 29471 2 1 0
20 79806 7143 0 3 0
20 79806 7143 1 4 0
20 79806 7143 2 1 0
20 79806 1427 0 3 0
20 79806 1427 1 4 0
20 79806 1427 2 1 0
20 79806 30571 0 3 0
20 79806 30571 1 4 0
20 79806 30571 2 1 0
20 79806 29811 0 3 0
20 79806 29811 1 4 0
20 79806 29811 2 1 0
20 79806 20697 0 1 0
20 79806 20697 1 2 0
20 79806 20697 2 3 0
20 79806 5831 0 3 0
20 79806 5831 1 4 0
20 79806 5831 2 1 0
20 79806 159 0 3 0
20 79806 159 1 4 0
20 79806 159 2 1 0
20 79806 30815 0 3 0
20 79806 30815 1 4 0
20 79806 30815 2 1 0
20 79806 25277 0 1 0
20 79806 25277 1 2 0
20 79806 25277 2 3 0
20 79806 32157 0 1 0
20 79806 32157 1 2 0
20 79806 32157 2 3 0
20 79806 26203 0 3 0
20 79806 26203 1 4 0
20 79806 26203 2 1 0
20 79806 21763 0 3 0
20 79806 21763 1 4 0
20 79806 21763 2 1 0
20 79806 6151 0 3 0
20 79806 6151 1 4 0
20 79806 6151 2 1 0
20 79806 5481 0 1 0
20 79806 5481 1 2 0
20 79806 5481 2 3 0
20 79806 9721 0 1 0
20 79806 9721 1 2 0
20 79806 9721 2 3 0
20 79806 23175 0 3 0
20 79806 23175 1 4 0
20 79806 23175 2 1 0
20 79806 2707 0 3 0
20 79806 2707 1 4 0
20 79806 2707 2 1 0
20 79806 13411 0 3 0
20 79806 13411 1 4 0
20 79806 13411 2 1 0
20 79806 26387 0 3 0
20 79806 26387 1 4 0
20 79806 26387 2 1 0
20 79806 5039 0 3 0
20 79806 5039 1 4 0
20 79806 5039 2 1 0
20 79806 15061 0 1 0
20 79806 15061 1 2 0
20 79806 15061 2 3 0
20 79806 25915 0 3 0
20 79806 25915 1 4 0
20 79806 25915 2 1 0
20 79806 28825 0 1 0
20 79806 28825 1 2 0
20 79806 28825 2 3 0
20 79806 18757 0 1 0
20 79806 18757 1 2 0
20 79806 18757 2 3 0
20 79806 31555 0 3 0
20 79806 31555 1 4 0
20 79806 31555 2 1 0
20 79806 17935 0 3 0
20 79806 17935 1 4 0
20 79806 17935 2 1 0
20 79806 18979 0 3 0
20 79806 18979 1 4 0
20 79806 18979 2 1 0
20 79806 19161 0 1 0
20 79806 19161 1 2 0
20 79806 19161 2 3 0
20 79806 21647 0 3 0
20 79806 21647 1 4 0
20 79806 21647 2 1 0
20 79806 21481 0 1 0
20 79806 21481 1 2 0
20 79806 21481 2 3 0
20 79806 9035 0 3 0
20 79806 9035 1 4 0
20 79806 9035 2 1 0
20 79806 16401 0 1 0
20 79806 16401 1 2 0
20 79806 16401 2 3 0
20 79806 13091 0 3 0
20 79806 13091 1 4 0
20 79806 13091 2 1 0
20 79806 12633 0 1 0
20 79806 12633 1 2 0
20 79806 12633 2 3 0
20 79806 12507 0 3 0
20 79806 12507 1 4 0
20 79806 12507 2 1 0
20 79806 28347 0 3 0
20 79806 28347 1 4 0
20 79806 28347 2 1 0
20 79806 29779 0 3 0
20 79806 29779 1 4 0
20 79806 29779 2 1 0
20 79806 12401 0 1 0
20 79806 12401 1 2 0
20 79806 12401 2 3 0
20 79806 3759 0 3 0
20 79806 3759 1 4 0
20 79806 3759 2 1 0
20 79806 5945 0 1 0
20 79806 5945 1 2 0
20 79806 5945 2 3 0
20 79806 21659 0 3 0
20 79806 21659 1 4 0
20 79806 21659 2 1 0
20 79806 30441 0 1 0
20 79806 30441 1 2 0
20 79806 30441 2 3 0
20 79806 30955 0 3 0
20 79806 30955 1 4 0
20 79806 30955 2 1 0
20 79806 12877 0 1 0
20 79806 12877 1 2 0
20 79806 12877 2 3 0
20 79806 25549 0 1 0
20 79806 25549 1 2 0
20 79806 25549 2 3 0
20 79806 21483 0 3 0
20 79806 21483 1 4 0
20 79806 21483 2 1 0
20 79806 13005 0 1 0
20 79806 13005 1 2 0
20 79806 13005 2 3 0
20 79806 12685 0 1 0
20 79806 12685 1 2 0
20 79806 12685 2 3 0
20 79806 14321 0 1 0
20 79806 14321 1 2 0
20 79806 14321 2 3 0
20 79806 14357 0 1 0
20 79806 14357 1 2 0
20 79806 14357 2 3 0
20 79806 7531 0 3 0
20 79806 7531 1 4 0
20 79806 7531 2 1 0
20 79806 29619 0 3 0
20 79806 29619 1 4 0
20 79806 29619 2 1 0
20 79806 9353 0 1 0
20 79806 9353 1 2 0
20 79806 9353 2 3 0
20 79806 6059 0 3 0
20 79806 6059 1 4 0
20 79806 6059 2 1 0
20 79806 16195 0 3 0
20 79806 16195 1 4 0
20 79806 16195 2 1 0
20 79806 19331 0 3 0
20 79806 19331 1 4 0
20 79806 19331 2 1 0
20 79806 26769 0 1 0
20 79806 26769 1 2 0
20 79806 26769 2 3 0
20 79806 9385 0 1 0
20 79806 9385 1 2 0
20 79806 9385 2 3 0
20 79806 21351 0 3 0
20 79806 21351 1 4 0
20 79806 21351 2 1 0
20 79806 17081 0 1 0
20 79806 17081 1 2 0
20 79806 17081 2 3 0
20 79806 1707 0 3 0
20 79806 1707 1 4 0
20 79806 1707 2 1 0
20 79806 17007 0 3 0
20 79806 17007 1 4 0
20 79806 17007 2 1 0
20 79806 32501 0 1 0
20 79806 32501 1 2 0
20 79806 32501 2 3 0
20 79806 7315 0 3 0
20 79806 7315 1 4 0
20 79806 7315 2 1 0
20 79806 16973 0 1 0
20 79806 16973 1 2 0
20 79806 16973 2 3 0
20 79806 4583 0 3 0
20 79806 4583 1 4 0
20 79806 4583 2 1 0
20 79806 15493 0 1 0
20 79806 15493 1 2 0
20 79806 15493 2 3 0
20 79806 10547 0 3 0
20 79806 10547 1 4 0
20 79806 10547 2 1 0
20 79806 1185 0 1 0
20 79806 1185 1 2 0
20 79806 1185 2 3 0
20 79806 10033 0 1 0
20 79806 10033 1 2 0
20 79806 10033 2 3 0
20 79806 10489 0 1 0
20 79806 10489 1 2 0
20 79806 10489 2 3 0
20 79806 12825 0 1 0
20 79806 12825 1 2 0
20 79806 12825 2 3 0
20 79806 14271 0 3 0
20 79806 14271 1 4 0
20 79806 14271 2 1 0
20 79806 12645 0 1 0
20 79806 12645 1 2 0
20 79806 12645 2 3 0
20 79806 9097 0 1 0
20 79806 9097 1 2 0
20 79806 9097 2 3 0
20 79806 3619 0 3 0
20 79806 3619 1 4 0
20 79806 3619 2 1 0
20 79806 31967 0 3 0
20 79806 31967 1 4 0
20 79806 31967 2 1 0
20 79806 14727 0 3 0
20 79806 14727 1 4 0
20 79806 14727 2 1 0
20 79806 23293 0 1 0
20 79806 23293 1 2 0
20 79806 23293 2 3 0
20 79806 25825 0 1 0
20 79806 25825 1 2 0
20 79806 25825 2 3 0
20 79806 12405 0 1 0
20 79806 12405 1 2 0
20 79806 12405 2 3 0
20 79806 4587 0 3 0
20 79806 4587 1 4 0
20 79806 4587 2 1 0
20 79806 19547 0 3 0
20 79806 19547 1 4 0
20 79806 19547 2 1 0
20 79806 30133 0 1 0
20 79806 30133 1 2 0
20 79806 30133 2 3 0
20 79806 581 0 1 0
20 79806 581 1 2 0
20 79806 581 2 3 0
20 79806 20507 0 3 0
20 79806 20507 1 4 0
20 79806 20507 2 1 0
20 79806 2987 0 3 0
20 79806 2987 1 4 0
20 79806 2987 2 1 0
20 79806 20277 0 1 0
20 79806 20277 1 2 0
20 79806 20277 2 3 0
20 79806 11221 0 1 0
20 79806 11221 1 2 0
20 79806 11221 2 3 0
20 79806 6297 0 1 0
20 79806 6297 1 2 0
20 79806 6297 2 3 0
20 79806 1869 0 1 0
20 79806 1869 1 2 0
20 79806 1869 2 3 0
20 79806 10917 0 1 0
20 79806 10917 1 2 0
20 79806 10917 2 3 0
20 79806 3667 0 3 0
20 79806 3667 1 4 0
20 79806 3667 2 1 0
20 79806 25387 0 3 0
20 79806 25387 1 4 0
20 79806 25387 2 1 0
20 79806 32163 0 3 0
20 79806 32163 1 4 0
20 79806 32163 2 1 0
20 79806 4577 0 1 0
20 79806 4577 1 2 0
20 79806 4577 2 3 0
20 79806 26297 0 1 0
20 79806 26297 1 2 0
20 79806 26297 2 3 0
20 79806 27249 0 1 0
20 79806 27249 1 2 0
20 79806 27249 2 3 0
20 79806 13239 0 3 0
20 79806 13239 1 4 0
20 79806 13239 2 1 0
20 79806 12063 0 3 0
20 79806 12063 1 4 0
20 79806 12063 2 1 0
20 79806 5933 0 1 0
20 79806 5933 1 2 0
20 79806 5933 2 3 0
20 79806 27769 0 1 0
20 79806 27769 1 2 0
20 79806 27769 2 3 0
20 79806 10829 0 1 0
20 79806 10829 1 2 0
20 79806 10829 2 3 0
20 79806 8883 0 3 0
20 79806 8883 1 4 0
20 79806 8883 2 1 0
20 79806 10613 0 1 0
20 79806 10613 1 2 0
20 79806 10613 2 3 0
20 79806 27437 0 1 0
20 79806 27437 1 2 0
20 79806 27437 2 3 0
20 79806 16745 0 1 0
20 79806 16745 1 2 0
20 79806 16745 2 3 0
20 79806 21101 0 1 0
20 79806 21101 1 2 0
20 79806 21101 2 3 0
20 79806 16515 0 3 0
20 79806 16515 1 4 0
20 79806 16515 2 1 0
20 79806 10323 0 3 0
20 79806 10323 1 4 0
20 79806 10323 2 1 0
20 79806 10029 0 1 0
20 79806 10029 1 2 0
20 79806 10029 2 3 0
20 79806 3731 0 3 0
20 79806 3731 1 4 0
20 79806 3731 2 1 0
20 79806 31487 0 3 0
20 79806 31487 1 4 0
20 79806 31487 2 1 0
20 79806 30163 0 3 0
20 79806 30163 1 4 0
20 79806 30163 2 1 0
20 79806 21701 0 1 0
20 79806 21701 1 2 0
20 79806 21701 2 3 0
20 79806 2143 0 3 0
20 79806 2143 1 4 0
20 79806 2143 2 1 0
20 79806 14175 0 3 0
20 79806 14175 1 4 0
20 79806 14175 2 1 0
20 79806 20251 0 3 0
20 79806 20251 1 4 0
20 79806 20251 2 1 0
20 79806 10265 0 1 0
20 79806 10265 1 2 0
20 79806 10265 2 3 0
20 79806 13517 0 1 0
20 79806 13517 1 2 0
20 79806 13517 2 3 0
20 79806 8045 0 1 0
20 79806 8045 1 2 0
20 79806 8045 2 3 0
20 79806 4789 0 1 0
20 79806 4789 1 2 0
20 79806 4789 2 3 0
20 79806 25321 0 1 0
20 79806 25321 1 2 0
20 79806 25321 2 3 0
20 79806 29865 0 1 0
20 79806 29865 1 2 0
20 79806 29865 2 3 0
20 79806 19281 0 1 0
20 79806 19281 1 2 0
20 79806 19281 2 3 0
20 79806 30161 0 1 0
20 79806 30161 1 2 0
20 79806 30161 2 3 0
20 79806 24817 0 1 0
20 79806 24817 1 2 0
20 79806 24817 2 3 0
20 79806 23683 0 3 0
20 79806 23683 1 4 0
20 79806 23683 2 1 0
20 79806 609 0 1 0
20 79806 609 1 2 0
20 79806 609 2 3 0
20 79806 2085 0 1 0
20 79806 2085 1 2 0
20 79806 2085 2 3 0
20 79806 19933 0 1 0
20 79806 19933 1 2 0
20 79806 19933 2 3 0
20 79806 4311 0 3 0
20 79806 4311 1 4 0
20 79806 4311 2 1 0
20 79806 8071 0 3 0
20 79806 8071 1 4 0
20 79806 8071 2 1 0
20 79806 27949 0 1 0
20 79806 27949 1 2 0
20 79806 27949 2 3 0
20 79806 29269 0 1 0
20 79806 29269 1 2 0
20 79806 29269 2 3 0
20 79806 25575 0 3 0
20 79806 25575 1 4 0
20 79806 25575 2 1 0
20 79806 8157 0 1 0
20 79806 8157 1 2 0
20 79806 8157 2 3 0
20 79806 15663 0 3 0
20 79806 15663 1 4 0
20 79806 15663 2 1 0
20 79806 16197 0 1 0
20 79806 16197 1 2 0
20 79806 16197 2 3 0
20 79806 27745 0 1 0
20 79806 27745 1 2 0
20 79806 27745 2 3 0
20 79806 29279 0 3 0
20 79806 29279 1 4 0
20 79806 29279 2 1 0
20 79806 5491 0 3 0
20 79806 5491 1 4 0
20 79806 5491 2 1 0
20 79806 19979 0 3 0
20 79806 19979 1 4 0
20 79806 19979 2 1 0
20 79806 29163 0 3 0
20 79806 29163 1 4 0
20 79806 29163 2 1 0
20 79806 19551 0 3 0
20 79806 19551 1 4 0
20 79806 19551 2 1 0
20 79806 273 0 1 0
20 79806 273 1 2 0
20 79806 273 2 3 0
20 79806 17741 0 1 0
20 79806 17741 1 2 0
20 79806 17741 2 3 0
20 79806 2467 0 3 0
20 79806 2467 1 4 0
20 79806 2467 2 1 0
20 79806 31611 0 3 0
20 79806 31611 1 4 0
20 79806 31611 2 1 0
20 79806 20213 0 1 0
20 79806 20213 1 2 0
20 79806 20213 2 3 0
20 79806 3091 0 3 0
20 79806 3091 1 4 0
20 79806 3091 2 1 0
20 79806 18479 0 3 0
20 79806 18479 1 4 0
20 79806 18479 2 1 0
20 79806 13923 0 3 0
20 79806 13923 1 4 0
20 79806 13923 2 1 0
20 79806 18057 0 1 0
20 79806 18057 1 2 0
20 79806 18057 2 3 0
20 79806 23957 0 1 0
20 79806 23957 1 2 0
20 79806 23957 2 3 0
20 79806 19745 0 1 0
20 79806 19745 1 2 0
20 79806 19745 2 3 0
20 79806 29325 0 1 0
20 79806 29325 1 2 0
20 79806 29325 2 3 0
20 79806 20499 0 3 0
20 79806 20499 1 4 0
20 79806 20499 2 1 0
20 79806 20917 0 1 0
20 79806 20917 1 2 0
20 79806 20917 2 3 0
20 79806 22531 0 3 0
20 79806 22531 1 4 0
20 79806 22531 2 1 0
20 79806 21379 0 3 0
20 79806 21379 1 4 0
20 79806 21379 2 1 0
20 79806 13063 0 3 0
20 79806 13063 1 4 0
20 79806 13063 2 1 0
20 79806 23167 0 3 0
20 79806 23167 1 4 0
20 79806 23167 2 1 0
20 79806 11939 0 3 0
20 79806 11939 1 4 0
20 79806 11939 2 1 0
20 79806 3739 0 3 0
20 79806 3739 1 4 0
20 79806 3739 2 1 0
20 79806 18393 0 1 0
20 79806 18393 1 2 0
20 79806 18393 2 3 0
20 79806 6481 0 1 0
20 79806 6481 1 2 0
20 79806 6481 2 3 0
20 79806 4211 0 3 0
20 79806 4211 1 4 0
20 79806 4211 2 1 0
20 79806 25213 0 1 0
20 79806 25213 1 2 0
20 79806 25213 2 3 0
20 79806 11867 0 3 0
20 79806 11867 1 4 0
20 79806 11867 2 1 0
20 79806 11279 0 3 0
20 79806 11279 1 4 0
20 79806 11279 2 1 0
20 79806 23775 0 3 0
20 79806 23775 1 4 0
20 79806 23775 2 1 0
20 79806 29297 0 1 0
20 79806 29297 1 2 0
20 79806 29297 2 3 0
20 79806 4585 0 1 0
20 79806 4585 1 2 0
20 79806 4585 2 3 0
20 79806 7731 0 3 0
20 79806 7731 1 4 0
20 79806 7731 2 1 0
20 79806 809 0 1 0
20 79806 809 1 2 0
20 79806 809 2 3 0
20 79806 18257 0 1 0
20 79806 18257 1 2 0
20 79806 18257 2 3 0
20 79806 31149 0 1 0
20 79806 31149 1 2 0
20 79806 31149 2 3 0
20 79806 5057 0 1 0
20 79806 5057 1 2 0
20 79806 5057 2 3 0
20 79806 19319 0 3 0
20 79806 19319 1 4 0
20 79806 19319 2 1 0
20 79806 19619 0 3 0
20 79806 19619 1 4 0
20 79806 19619 2 1 0
20 79806 23671 0 3 0
20 79806 23671 1 4 0
20 79806 23671 2 1 0
20 79806 14115 0 3 0
20 79806 14115 1 4 0
20 79806 14115 2 1 0
20 79806 21951 0 3 0
20 79806 21951 1 4 0
20 79806 21951 2 1 0
20 79806 5317 0 1 0
20 79806 5317 1 2 0
20 79806 5317 2 3 0
20 79806 18843 0 3 0
20 79806 18843 1 4 0
20 79806 18843 2 1 0
20 79806 6141 0 1 0
20 79806 6141 1 2 0
20 79806 6141 2 3 0
20 79806 15989 0 1 0
20 79806 15989 1 2 0
20 79806 15989 2 3 0
20 79806 18293 0 1 0
20 79806 18293 1 2 0
20 79806 18293 2 3 0
20 79806 28439 0 3 0
20 79806 28439 1 4 0
20 79806 28439 2 1 0
20 79806 9293 0 1 0
20 79806 9293 1 2 0
20 79806 9293 2 3 0
20 79806 27643 0 3 0
20 79806 27643 1 4 0
20 79806 27643 2 1 0
20 79806 6955 0 3 0
20 79806 6955 1 4 0
20 79806 6955 2 1 0
20 79806 2425 0 1 0
20 79806 2425 1 2 0
20 79806 2425 2 3 0
20 79806 2197 0 1 0
20 79806 2197 1 2 0
20 79806 2197 2 3 0
20 79806 20601 0 1 0
20 79806 20601 1 2 0
20 79806 20601 2 3 0
20 79806 27151 0 3 0
20 79806 27151 1 4 0
20 79806 27151 2 1 0
20 79806 6129 0 1 0
20 79806 6129 1 2 0
20 79806 6129 2 3 0
20 79806 215 0 3 0
20 79806 215 1 4 0
20 79806 215 2 1 0
20 79806 17747 0 3 0
20 79806 17747 1 4 0
20 79806 17747 2 1 0
20 79806 32087 0 3 0
20 79806 32087 1 4 0
20 79806 32087 2 1 0
20 79806 26199 0 3 0
20 79806 26199 1 4 0
20 79806 26199 2 1 0
20 79806 24855 0 3 0
20 79806 24855 1 4 0
20 79806 24855 2 1 0
20 79806 26699 0 3 0
20 79806 26699 1 4 0
20 79806 26699 2 1 0
20 79806 24169 0 1 0
20 79806 24169 1 2 0
20 79806 24169 2 3 0
20 79806 29303 0 3 0
20 79806 29303 1 4 0
20 79806 29303 2 1 0
20 79806 24951 0 3 0
20 79806 24951 1 4 0
20 79806 24951 2 1 0
20 79806 16943 0 3 0
20 79806 16943 1 4 0
20 79806 16943 2 1 0
20 79806 28305 0 1 0
20 79806 28305 1 2 0
20 79806 28305 2 3 0
20 79806 29061 0 1 0
20 79806 29061 1 2 0
20 79806 29061 2 3 0
20 79806 11163 0 3 0
20 79806 11163 1 4 0
20 79806 11163 2 1 0
20 79806 8317 0 1 0
20 79806 8317 1 2 0
20 79806 8317 2 3 0
20 79806 19087 0 3 0
20 79806 19087 1 4 0
20 79806 19087 2 1 0
20 79806 11345 0 1 0
20 79806 11345 1 2 0
20 79806 11345 2 3 0
20 79806 21183 0 3 0
20 79806 21183 1 4 0
20 79806 21183 2 1 0
20 79806 6355 0 3 0
20 79806 6355 1 4 0
20 79806 6355 2 1 0
20 79806 19665 0 1 0
20 79806 19665 1 2 0
20 79806 19665 2 3 0
20 79806 9725 0 1 0
20 79806 9725 1 2 0
20 79806 9725 2 3 0
20 79806 17353 0 1 0
20 79806 17353 1 2 0
20 79806 17353 2 3 0
20 79806 19217 0 1 0
20 79806 19217 1 2 0
20 79806 19217 2 3 0
20 79806 25707 0 3 0
20 79806 25707 1 4 0
20 79806 25707 2 1 0
20 79806 24863 0 3 0
20 79806 24863 1 4 0
20 79806 24863 2 1 0
20 79806 3199 0 3 0
20 79806 3199 1 4 0
20 79806 3199 2 1 0
20 79806 1493 0 1 0
20 79806 1493 1 2 0
20 79806 1493 2 3 0
20 79806 22721 0 1 0
20 79806 22721 1 2 0
20 79806 22721 2 3 0
20 79806 18095 0 3 0
20 79806 18095 1 4 0
20 79806 18095 2 1 0
20 79806 4883 0 3 0
20 79806 4883 1 4 0
20 79806 4883 2 1 0
20 79806 21551 0 3 0
20 79806 21551 1 4 0
20 79806 21551 2 1 0
20 79806 3019 0 3 0
20 79806 3019 1 4 0
20 79806 3019 2 1 0
20 79806 17787 0 3 0
20 79806 17787 1 4 0
20 79806 17787 2 1 0
20 79806 19903 0 3 0
20 79806 19903 1 4 0
20 79806 19903 2 1 0
20 79806 1071 0 3 0
20 79806 1071 1 4 0
20 79806 1071 2 1 0
20 79806 12583 0 3 0
20 79806 12583 1 4 0
20 79806 12583 2 1 0
20 79806 27051 0 3 0
20 79806 27051 1 4 0
20 79806 27051 2 1 0
20 79806 20799 0 3 0
20 79806 20799 1 4 0
20 79806 20799 2 1 0
20 79806 10923 0 3 0
20 79806 10923 1 4 0
20 79806 10923 2 1 0
20 79806 317 0 1 0
20 79806 317 1 2 0
20 79806 317 2 3 0
20 79806 8155 0 3 0
20 79806 8155 1 4 0
20 79806 8155 2 1 0
20 79806 23923 0 3 0
20 79806 23923 1 4 0
20 79806 23923 2 1 0
20 79806 1225 0 1 0
20 79806 1225 1 2 0
20 79806 1225 2 3 0
20 79806 11687 0 3 0
20 79806 11687 1 4 0
20 79806 11687 2 1 0
20 79806 26883 0 3 0
20 79806 26883 1 4 0
20 79806 26883 2 1 0
20 79806 19651 0 3 0
20 79806 19651 1 4 0
20 79806 19651 2 1 0
20 79806 31427 0 3 0
20 79806 31427 1 4 0
20 79806 31427 2 1 0
20 79806 24205 0 1 0
20 79806 24205 1 2 0
20 79806 24205 2 3 0
20 79806 18019 0 3 0
20 79806 18019 1 4 0
20 79806 18019 2 1 0
20 79806 16325 0 1 0
20 79806 16325 1 2 0
20 79806 16325 2 3 0
20 79806 24447 0 3 0
20 79806 24447 1 4 0
20 79806 24447 2 1 0
20 79806 28059 0 3 0
20 79806 28059 1 4 0
20 79806 28059 2 1 0
20 79806 17911 0 3 0
20 79806 17911 1 4 0
20 79806 17911 2 1 0
20 79806 3849 0 1 0
20 79806 3849 1 2 0
20 79806 3849 2 3 0
20 79806 12939 0 3 0
20 79806 12939 1 4 0
20 79806 12939 2 1 0
20 79806 21815 0 3 0
20 79806 21815 1 4 0
20 79806 21815 2 1 0
20 79806 24347 0 3 0
20 79806 24347 1 4 0
20 79806 24347 2 1 0
21 79806 28923 0 3 0
21 79806 28923 1 4 0
21 79806 28923 2 1 0
21 79806 5871 0 3 0
21 79806 5871 1 4 0
21 79806 5871 2 1 0
21 79806 29973 0 1 0
21 79806 29973 1 2 0
21 79806 29973 2 3 0
21 79806 10967 0 3 0
21 79806 10967 1 4 0
21 79806 10967 2 1 0
21 79806 31923 0 3 0
21 79806 31923 1 4 0
21 79806 31923 2 1 0
21 79806 17569 0 1 0
21 79806 17569 1 2 0
21 79806 17569 2 3 0
21 79806 19513 0 1 0
21 79806 19513 1 2 0
21 79806 19513 2 3 0
21 79806 23151 0 3 0
21 79806 23151 1 4 0
21 79806 23151 2 1 0
21 79806 5649 0 1 0
21 79806 5649 1 2 0
21 79806 5649 2 3 0
21 79806 23597 0 1 0
21 79806 23597 1 2 0
21 79806 23597 2 3 0
21 79806 24053 0 1 0
21 79806 24053 1 2 0
21 79806 24053 2 3 0
21 79806 23303 0 3 0
21 79806 23303 1 4 0
21 79806 23303 2 1 0
21 79806 21933 0 1 0
21 79806 21933 1 2 0
21 79806 21933 2 3 0
21 79806 19483 0 3 0
21 79806 19483 1 4 0
21 79806 19483 2 1 0
21 79806 32329 0 1 0
21 79806 32329 1 2 0
21 79806 32329 2 3 0
21 79806 24407 0 3 0
21 79806 24407 1 4 0
21 79806 24407 2 1 0
21 79806 21843 0 3 0
21 79806 21843 1 4 0
21 79806 21843 2 1 0
21 79806 14379 0 3 0
21 79806 14379 1 4 0
21 79806 14379 2 1 0
21 79806 16905 0 1 0
21 79806 16905 1 2 0
21 79806 16905 2 3 0
21 79806 20203 0 3 0
21 79806 20203 1 4 0
21 79806 20203 2 1 0
21 79806 28167 0 3 0
21 79806 28167 1 4 0
21 79806 28167 2 1 0
21 79806 27893 0 1 0
21 79806 27893 1 2 0
21 79806 27893 2 3 0
21 79806 12103 0 3 0
21 79806 12103 1 4 0
21 79806 12103 2 1 0
21 79806 16783 0 3 0
21 79806 16783 1 4 0
21 79806 16783 2 1 0
21 79806 32041 0 1 0
21 79806 32041 1 2 0
21 79806 32041 2 3 0
21 79806 13865 0 1 0
21 79806 13865 1 2 0
21 79806 13865 2 3 0
21 79806 32181 0 1 0
21 79806 32181 1 2 0
21 79806 32181 2 3 0
21 79806 31383 0 3 0
21 79806 31383 1 4 0
21 79806 31383 2 1 0
21 79806 2963 0 3 0
21 79806 2963 1 4 0
21 79806 2963 2 1 0
21 79806 29523 0 3 0
21 79806 29523 1 4 0
21 79806 29523 2 1 0
21 79806 27065 0 1 0
21 79806 27065 1 2 0
21 79806 27065 2 3 0
21 79806 20901 0 1 0
21 79806 20901 1 2 0
21 79806 20901 2 3 0
21 79806 22705 0 1 0
21 79806 22705 1 2 0
21 79806 22705 2 3 0
21 79806 13899 0 3 0
21 79806 13899 1 4 0
21 79806 13899 2 1 0
21 79806 11371 0 3 0
21 79806 11371 1 4 0
21 79806 11371 2 1 0
21 79806 19063 0 3 0
21 79806 19063 1 4 0
21 79806 19063 2 1 0
21 79806 1825 0 1 0
21 79806 1825 1 2 0
21 79806 1825 2 3 0
21 79806 21455 0 3 0
21 79806 21455 1 4 0
21 79806 21455 2 1 0
21 79806 14649 0 1 0
21 79806 14649 1 2 0
21 79806 14649 2 3 0
21 79806 23401 0 1 0
21 79806 23401 1 2 0
21 79806 23401 2 3 0
21 79806 16675 0 3 0
21 79806 16675 1 4 0
21 79806 16675 2 1 0
21 79806 20267 0 3 0
21 79806 20267 1 4 0
21 79806 20267 2 1 0
21 79806 1701 0 1 0
21 79806 1701 1 2 0
21 79806 1701 2 3 0
21 79806 6215 0 3 0
21 79806 6215 1 4 0
21 79806 6215 2 1 0
21 79806 26373 0 1 0
21 79806 26373 1 2 0
21 79806 26373 2 3 0
21 79806 3999 0 3 0
21 79806 3999 1 4 0
21 79806 3999 2 1 0
21 79806 1003 0 3 0
21 79806 1003 1 4 0
21 79806 1003 2 1 0
21 79806 1079 0 3 0
21 79806 1079 1 4 0
21 79806 1079 2 1 0
21 79806 8145 0 1 0
21 79806 8145 1 2 0
21 79806 8145 2 3 0
21 79806 18297 0 1 0
21 79806 18297 1 2 0
21 79806 18297 2 3 0
21 79806 25537 0 1 0
21 79806 25537 1 2 0
21 79806 25537 2 3 0
21 79806 10169 0 1 0
21 79806 10169 1 2 0
21 79806 10169 2 3 0
21 79806 19067 0 3 0
21 79806 19067 1 4 0
21 79806 19067 2 1 0
21 79806 4391 0 3 0
21 79806 4391 1 4 0
21 79806 4391 2 1 0
21 79806 15621 0 1 0
21 79806 15621 1 2 0
21 79806 15621 2 3 0
21 79806 9305 0 1 0
21 79806 9305 1 2 0
21 79806 9305 2 3 0
21 79806 2871 0 3 0
21 79806 2871 1 4 0
21 79806 2871 2 1 0
21 79806 18865 0 1 0
21 79806 18865 1 2 0
21 79806 18865 2 3 0
21 79806 4661 0 1 0
21 79806 4661 1 2 0
21 79806 4661 2 3 0
21 79806 17673 0 1 0
21 79806 17673 1 2 0
21 79806 17673 2 3 0
21 79806 3079 0 3 0
21 79806 3079 1 4 0
21 79806 3079 2 1 0
21 79806 4395 0 3 0
21 79806 4395 1 4 0
21 79806 4395 2 1 0
21 79806 11971 0 3 0
21 79806 11971 1 4 0
21 79806 11971 2 1 0
21 79806 31279 0 3 0
21 79806 31279 1 4 0
21 79806 31279 2 1 0
21 79806 9065 0 1 0
21 79806 9065 1 2 0
21 79806 9065 2 3 0
21 79806 6369 0 1 0
21 79806 6369 1 2 0
21 79806 6369 2 3 0
21 79806 23621 0 1 0
21 79806 23621 1 2 0
21 79806 23621 2 3 0
21 79806 12179 0 3 0
21 79806 12179 1 4 0
21 79806 12179 2 1 0
21 79806 26475 0 3 0
21 79806 26475 1 4 0
21 79806 26475 2 1 0
21 79806 25129 0 1 0
21 79806 25129 1 2 0
21 79806 25129 2 3 0
21 79806 26089 0 1 0
21 79806 26089 1 2 0
21 79806 26089 2 3 0
21 79806 25101 0 1 0
21 79806 25101 1 2 0
21 79806 25101 2 3 0
21 79806 26093 0 1 0
21 79806 26093 1 2 0
21 79806 26093 2 3 0
21 79806 30027 0 3 0
21 79806 30027 1 4 0
21 79806 30027 2 1 0
21 79806 28099 0 3 0
21 79806 28099 1 4 0
21 79806 28099 2 1 0
21 79806 20607 0 3 0
21 79806 20607 1 4 0
21 79806 20607 2 1 0
21 79806 1695 0 3 0
21 79806 1695 1 4 0
21 79806 1695 2 1 0
21 79806 21897 0 1 0
21 79806 21897 1 2 0
21 79806 21897 2 3 0
21 79806 29873 0 1 0
21 79806 29873 1 2 0
21 79806 29873 2 3 0
21 79806 20463 0 3 0
21 79806 20463 1 4 0
21 79806 20463 2 1 0
21 79806 1129 0 1 0
21 79806 1129 1 2 0
21 79806 1129 2 3 0
21 79806 23977 0 1 0
21 79806 23977 1 2 0
21 79806 23977 2 3 0
21 79806 3519 0 3 0
21 79806 3519 1 4 0
21 79806 3519 2 1 0
21 79806 10487 0 3 0
21 79806 10487 1 4 0
21 79806 10487 2 1 0
21 79806 3605 0 1 0
21 79806 3605 1 2 0
21 79806 3605 2 3 0
21 79806 19847 0 3 0
21 79806 19847 1 4 0
21 79806 19847 2 1 0
21 79806 21457 0 1 0
21 79806 21457 1 2 0
21 79806 21457 2 3 0
21 79806 31479 0 3 0
21 79806 31479 1 4 0
21 79806 31479 2 1 0
21 79806 15679 0 3 0
21 79806 15679 1 4 0
21 79806 15679 2 1 0
21 79806 9181 0 1 0
21 79806 9181 1 2 0
21 79806 9181 2 3 0
21 79806 21817 0 1 0
21 79806 21817 1 2 0
21 79806 21817 2 3 0
21 79806 16871 0 3 0
21 79806 16871 1 4 0
21 79806 16871 2 1 0
21 79806 7857 0 1 0
21 79806 7857 1 2 0
21 79806 7857 2 3 0
21 79806 20959 0 3 0
21 79806 20959 1 4 0
21 79806 20959 2 1 0
21 79806 14949 0 1 0
21 79806 14949 1 2 0
21 79806 14949 2 3 0
21 79806 8569 0 1 0
21 79806 8569 1 2 0
21 79806 8569 2 3 0
21 79806 9389 0 1 0
21 79806 9389 1 2 0
21 79806 9389 2 3 0
21 79806 30547 0 3 0
21 79806 30547 1 4 0
21 79806 30547 2 1 0
21 79806 23297 0 1 0
21 79806 23297 1 2 0
21 79806 23297 2 3 0
21 79806 27429 0 1 0
21 79806 27429 1 2 0
21 79806 27429 2 3 0
21 79806 9895 0 3 0
21 79806 9895 1 4 0
21 79806 9895 2 1 0
21 79806 8235 0 3 0
21 79806 8235 1 4 0
21 79806 8235 2 1 0
21 79806 6017 0 1 0
21 79806 6017 1 2 0
21 79806 6017 2 3 0
21 79806 10639 0 3 0
21 79806 10639 1 4 0
21 79806 10639 2 1 0
21 79806 2913 0 1 0
21 79806 2913 1 2 0
21 79806 2913 2 3 0
21 79806 31847 0 3 0
21 79806 31847 1 4 0
21 79806 31847 2 1 0
21 79806 19621 0 1 0
21 79806 19621 1 2 0
21 79806 19621 2 3 0
21 79806 14143 0 3 0
21 79806 14143 1 4 0
21 79806 14143 2 1 0
21 79806 18071 0 3 0
21 79806 18071 1 4 0
21 79806 18071 2 1 0
21 79806 28397 0 1 0
21 79806 28397 1 2 0
21 79806 28397 2 3 0
21 79806 8935 0 3 0
21 79806 8935 1 4 0
21 79806 8935 2 1 0
21 79806 233 0 1 0
21 79806 233 1 2 0
21 79806 233 2 3 0
21 79806 10237 0 1 0
21 79806 10237 1 2 0
21 79806 10237 2 3 0
21 79806 31635 0 3 0
21 79806 31635 1 4 0
21 79806 31635 2 1 0
21 79806 10813 0 1 0
21 79806 10813 1 2 0
21 79806 10813 2 3 0
21 79806 16633 0 1 0
21 79806 16633 1 2 0
21 79806 16633 2 3 0
21 79806 25897 0 1 0
21 79806 25897 1 2 0
21 79806 25897 2 3 0
21 79806 31843 0 3 0
21 79806 31843 1 4 0
21 79806 31843 2 1 0
21 79806 7307 0 3 0
21 79806 7307 1 4 0
21 79806 7307 2 1 0
21 79806 1951 0 3 0
21 79806 1951 1 4 0
21 79806 1951 2 1 0
21 79806 7297 0 1 0
21 79806 7297 1 2 0
21 79806 7297 2 3 0
21 79806 11457 0 1 0
21 79806 11457 1 2 0
21 79806 11457 2 3 0
21 79806 2999 0 3 0
21 79806 2999 1 4 0
21 79806 2999 2 1 0
21 79806 3247 0 3 0
21 79806 3247 1 4 0
21 79806 3247 2 1 0
21 79806 22131 0 3 0
21 79806 22131 1 4 0
21 79806 22131 2 1 0
21 79806 26705 0 1 0
21 79806 26705 1 2 0
21 79806 26705 2 3 0
21 79806 32177 0 1 0
21 79806 32177 1 2 0
21 79806 32177 2 3 0
21 79806 25591 0 3 0
21 79806 25591 1 4 0
21 79806 25591 2 1 0
21 79806 14621 0 1 0
21 79806 14621 1 2 0
21 79806 14621 2 3 0
21 79806 20479 0 3 0
21 79806 20479 1 4 0
21 79806 20479 2 1 0
21 79806 20047 0 3 0
21 79806 20047 1 4 0
21 79806 20047 2 1 0
21 79806 12031 0 3 0
21 79806 12031 1 4 0
21 79806 12031 2 1 0
21 79806 21693 0 1 0
21 79806 21693 1 2 0
21 79806 21693 2 3 0
21 79806 9975 0 3 0
21 79806 9975 1 4 0
21 79806 9975 2 1 0
21 79806 27101 0 1 0
21 79806 27101 1 2 0
21 79806 27101 2 3 0
21 79806 14733 0 1 0
21 79806 14733 1 2 0
21 79806 14733 2 3 0
21 79806 7259 0 3 0
21 79806 7259 1 4 0
21 79806 7259 2 1 0
21 79806 23363 0 3 0
21 79806 23363 1 4 0
21 79806 23363 2 1 0
21 79806 23263 0 3 0
21 79806 23263 1 4 0
21 79806 23263 2 1 0
21 79806 29149 0 1 0
21 79806 29149 1 2 0
21 79806 29149 2 3 0
21 79806 16435 0 3 0
21 79806 16435 1 4 0
21 79806 16435 2 1 0
21 79806 19037 0 1 0
21 79806 19037 1 2 0
21 79806 19037 2 3 0
21 79806 30821 0 1 0
21 79806 30821 1 2 0
21 79806 30821 2 3 0
21 79806 19507 0 3 0
21 79806 19507 1 4 0
21 79806 19507 2 1 0
21 79806 10415 0 3 0
21 79806 10415 1 4 0
21 79806 10415 2 1 0
21 79806 27105 0 1 0
21 79806 27105 1 2 0
21 79806 27105 2 3 0
21 79806 17003 0 3 0
21 79806 17003 1 4 0
21 79806 17003 2 1 0
21 79806 8591 0 3 0
21 79806 8591 1 4 0
21 79806 8591 2 1 0
21 79806 171 0 3 0
21 79806 171 1 4 0
21 79806 171 2 1 0
21 79806 14425 0 1 0
21 79806 14425 1 2 0
21 79806 14425 2 3 0
21 79806 895 0 3 0
21 79806 895 1 4 0
21 79806 895 2 1 0
21 79806 4825 0 1 0
21 79806 4825 1 2 0
21 79806 4825 2 3 0
21 79806 8467 0 3 0
21 79806 8467 1 4 0
21 79806 8467 2 1 0
21 79806 13677 0 1 0
21 79806 13677 1 2 0
21 79806 13677 2 3 0
21 79806 16641 0 1 0
21 79806 16641 1 2 0
21 79806 16641 2 3 0
21 79806 20629 0 1 0
21 79806 20629 1 2 0
21 79806 20629 2 3 0
21 79806 27257 0 1 0
21 79806 27257 1 2 0
21 79806 27257 2 3 0
21 79806 17035 0 3 0
21 79806 17035 1 4 0
21 79806 17035 2 1 0
21 79806 32143 0 3 0
21 79806 32143 1 4 0
21 79806 32143 2 1 0
21 79806 1633 0 1 0
21 79806 1633 1 2 0
21 79806 1633 2 3 0
21 79806 8705 0 1 0
21 79806 8705 1 2 0
21 79806 8705 2 3 0
21 79806 17219 0 3 0
21 79806 17219 1 4 0
21 79806 17219 2 1 0
21 79806 21907 0 3 0
21 79806 21907 1 4 0
21 79806 21907 2 1 0
21 79806 9749 0 1 0
21 79806 9749 1 2 0
21 79806 9749 2 3 0
21 79806 13867 0 3 0
21 79806 13867 1 4 0
21 79806 13867 2 1 0
21 79806 2369 0 1 0
21 79806 2369 1 2 0
21 79806 2369 2 3 0
21 79806 8825 0 1 0
21 79806 8825 1 2 0
21 79806 8825 2 3 0
21 79806 15253 0 1 0
21 79806 15253 1 2 0
21 79806 15253 2 3 0
21 79806 275 0 3 0
21 79806 275 1 4 0
21 79806 275 2 1 0
21 79806 13869 0 1 0
21 79806 13869 1 2 0
21 79806 13869 2 3 0
21 79806 13623 0 3 0
21 79806 13623 1 4 0
21 79806 13623 2 1 0
21 79806 8995 0 3 0
21 79806 8995 1 4 0
21 79806 8995 2 1 0
21 79806 26761 0 1 0
21 79806 26761 1 2 0
21 79806 26761 2 3 0
21 79806 31905 0 1 0
21 79806 31905 1 2 0
21 79806 31905 2 3 0
21 79806 24195 0 3 0
21 79806 24195 1 4 0
21 79806 24195 2 1 0
21 79806 1875 0 3 0
21 79806 1875 1 4 0
21 79806 1875 2 1 0
21 79806 15585 0 1 0
21 79806 15585 1 2 0
21 79806 15585 2 3 0
21 79806 21581 0 1 0
21 79806 21581 1 2 0
21 79806 21581 2 3 0
21 79806 29177 0 1 0
21 79806 29177 1 2 0
21 79806 29177 2 3 0
21 79806 20075 0 3 0
21 79806 20075 1 4 0
21 79806 20075 2 1 0
21 79806 4753 0 1 0
21 79806 4753 1 2 0
21 79806 4753 2 3 0
21 79806 945 0 1 0
21 79806 945 1 2 0
21 79806 945 2 3 0
21 79806 30073 0 1 0
21 79806 30073 1 2 0
21 79806 30073 2 3 0
21 79806 32383 0 3 0
21 79806 32383 1 4 0
21 79806 32383 2 1 0
21 79806 6607 0 3 0
21 79806 6607 1 4 0
21 79806 6607 2 1 0
21 79806 1263 0 3 0
21 79806 1263 1 4 0
21 79806 1263 2 1 0
21 79806 5183 0 3 0
21 79806 5183 1 4 0
21 79806 5183 2 1 0
21 79806 11775 0 3 0
21 79806 11775 1 4 0
21 79806 11775 2 1 0
21 79806 4347 0 3 0
21 79806 4347 1 4 0
21 79806 4347 2 1 0
21 79806 31761 0 1 0
21 79806 31761 1 2 0
21 79806 31761 2 3 0
21 79806 19147 0 3 0
21 79806 19147 1 4 0
21 79806 19147 2 1 0
21 79806 12841 0 1 0
21 79806 12841 1 2 0
21 79806 12841 2 3 0
21 79806 28995 0 3 0
21 79806 28995 1 4 0
21 79806 28995 2 1 0
21 79806 27787 0 3 0
21 79806 27787 1 4 0
21 79806 27787 2 1 0
21 79806 22317 0 1 0
21 79806 22317 1 2 0
21 79806 22317 2 3 0
21 79806 32247 0 3 0
21 79806 32247 1 4 0
21 79806 32247 2 1 0
21 79806 20715 0 3 0
21 79806 20715 1 4 0
21 79806 20715 2 1 0
21 79806 1077 0 1 0
21 79806 1077 1 2 0
21 79806 1077 2 3 0
21 79806 10951 0 3 0
21 79806 10951 1 4 0
21 79806 10951 2 1 0
21 79806 973 0 1 0
21 79806 973 1 2 0
21 79806 973 2 3 0
21 79806 18925 0 1 0
21 79806 18925 1 2 0
21 79806 18925 2 3 0
21 79806 20895 0 3 0
21 79806 20895 1 4 0
21 79806 20895 2 1 0
21 79806 29221 0 1 0
21 79806 29221 1 2 0
21 79806 29221 2 3 0
21 79806 8529 0 1 0
21 79806 8529 1 2 0
21 79806 8529 2 3 0
21 79806 28247 0 3 0
21 79806 28247 1 4 0
21 79806 28247 2 1 0
21 79806 22969 0 1 0
21 79806 22969 1 2 0
21 79806 22969 2 3 0
21 79806 18373 0 1 0
21 79806 18373 1 2 0
21 79806 18373 2 3 0
21 79806 23431 0 3 0
21 79806 23431 1 4 0
21 79806 23431 2 1 0
21 79806 30251 0 3 0
21 79806 30251 1 4 0
21 79806 30251 2 1 0
21 79806 29065 0 1 0
21 79806 29065 1 2 0
21 79806 29065 2 3 0
21 79806 23317 0 1 0
21 79806 23317 1 2 0
21 79806 23317 2 3 0
21 79806 16441 0 1 0
21 79806 16441 1 2 0
21 79806 16441 2 3 0
21 79806 14307 0 3 0
21 79806 14307 1 4 0
21 79806 14307 2 1 0
21 79806 25937 0 1 0
21 79806 25937 1 2 0
21 79806 25937 2 3 0
21 79806 30471 0 3 0
21 79806 30471 1 4 0
21 79806 30471 2 1 0
21 79806 6941 0 1 0
21 79806 6941 1 2 0
21 79806 6941 2 3 0
21 79806 25429 0 1 0
21 79806 25429 1 2 0
21 79806 25429 2 3 0
21 79806 27443 0 3 0
21 79806 27443 1 4 0
21 79806 27443 2 1 0
21 79806 31961 0 1 0
21 79806 31961 1 2 0
21 79806 31961 2 3 0
21 79806 25813 0 1 0
21 79806 25813 1 2 0
21 79806 25813 2 3 0
21 79806 24039 0 3 0
21 79806 24039 1 4 0
21 79806 24039 2 1 0
21 79806 29461 0 1 0
21 79806 29461 1 2 0
21 79806 29461 2 3 0
21 79806 3511 0 3 0
21 79806 3511 1 4 0
21 79806 3511 2 1 0
21 79806 13561 0 1 0
21 79806 13561 1 2 0
21 79806 13561 2 3 0
21 79806 15183 0 3 0
21 79806 15183 1 4 0
21 79806 15183 2 1 0
21 79806 18017 0 1 0
21 79806 18017 1 2 0
21 79806 18017 2 3 0
21 79806 17319 0 3 0
21 79806 17319 1 4 0
21 79806 17319 2 1 0
21 79806 6111 0 3 0
21 79806 6111 1 4 0
21 79806 6111 2 1 0
21 79806 13709 0 1 0
21 79806 13709 1 2 0
21 79806 13709 2 3 0
21 79806 8665 0 1 0
21 79806 8665 1 2 0
21 79806 8665 2 3 0
21 79806 1111 0 3 0
21 79806 1111 1 4 0
21 79806 1111 2 1 0
21 79806 9969 0 1 0
21 79806 9969 1 2 0
21 79806 9969 2 3 0
21 79806 23601 0 1 0
21 79806 23601 1 2 0
21 79806 23601 2 3 0
21 79806 14045 0 1 0
21 79806 14045 1 2 0
21 79806 14045 2 3 0
21 79806 22391 0 3 0
21 79806 22391 1 4 0
21 79806 22391 2 1 0
21 79806 14519 0 3 0
21 79806 14519 1 4 0
21 79806 14519 2 1 0
21 79806 11137 0 1 0
21 79806 11137 1 2 0
21 79806 11137 2 3 0
21 79806 28601 0 1 0
21 79806 28601 1 2 0
21 79806 28601 2 3 0
21 79806 7617 0 1 0
21 79806 7617 1 2 0
21 79806 7617 2 3 0
21 79806 10591 0 3 0
21 79806 10591 1 4 0
21 79806 10591 2 1 0
21 79806 24787 0 3 0
21 79806 24787 1 4 0
21 79806 24787 2 1 0
21 79806 7653 0 1 0
21 79806 7653 1 2 0
21 79806 7653 2 3 0
21 79806 15761 0 1 0
21 79806 15761 1 2 0
21 79806 15761 2 3 0
21 79806 23845 0 1 0
21 79806 23845 1 2 0
21 79806 23845 2 3 0
21 79806 26949 0 1 0
21 79806 26949 1 2 0
21 79806 26949 2 3 0
21 79806 13237 0 1 0
21 79806 13237 1 2 0
21 79806 13237 2 3 0
21 79806 22037 0 1 0
21 79806 22037 1 2 0
21 79806 22037 2 3 0
21 79806 25529 0 1 0
21 79806 25529 1 2 0
21 79806 25529 2 3 0
21 79806 31327 0 3 0
21 79806 31327 1 4 0
21 79806 31327 2 1 0
21 79806 17111 0 3 0
21 79806 17111 1 4 0
21 79806 17111 2 1 0
21 79806 13195 0 3 0
21 79806 13195 1 4 0
21 79806 13195 2 1 0
21 79806 2619 0 3 0
21 79806 2619 1 4 0
21 79806 2619 2 1 0
21 79806 10035 0 3 0
21 79806 10035 1 4 0
21 79806 10035 2 1 0
21 79806 4649 0 1 0
21 79806 4649 1 2 0
21 79806 4649 2 3 0
21 79806 14483 0 3 0
21 79806 14483 1 4 0
21 79806 14483 2 1 0
21 79806 5537 0 1 0
21 79806 5537 1 2 0
21 79806 5537 2 3 0
21 79806 31159 0 3 0
21 79806 31159 1 4 0
21 79806 31159 2 1 0
21 79806 28541 0 1 0
21 79806 28541 1 2 0
21 79806 28541 2 3 0
21 79806 6177 0 1 0
21 79806 6177 1 2 0
21 79806 6177 2 3 0
21 79806 7233 0 1 0
21 79806 7233 1 2 0
21 79806 7233 2 3 0
21 79806 2405 0 1 0
21 79806 2405 1 2 0
21 79806 2405 2 3 0
21 79806 21337 0 1 0
21 79806 21337 1 2 0
21 79806 21337 2 3 0
21 79806 6023 0 3 0
21 79806 6023 1 4 0
21 79806 6023 2 1 0
21 79806 7455 0 3 0
21 79806 7455 1 4 0
21 79806 7455 2 1 0
21 79806 30617 0 1 0
21 79806 30617 1 2 0
21 79806 30617 2 3 0
21 79806 11487 0 3 0
21 79806 11487 1 4 0
21 79806 11487 2 1 0
21 79806 3729 0 1 0
21 79806 3729 1 2 0
21 79806 3729 2 3 0
21 79806 4327 0 3 0
21 79806 4327 1 4 0
21 79806 4327 2 1 0
21 79806 28939 0 3 0
21 79806 28939 1 4 0
21 79806 28939 2 1 0
21 79806 13423 0 3 0
21 79806 13423 1 4 0
21 79806 13423 2 1 0
21 79806 1501 0 1 0
21 79806 1501 1 2 0
21 79806 1501 2 3 0
21 79806 2981 0 1 0
21 79806 2981 1 2 0
21 79806 2981 2 3 0
21 79806 14567 0 3 0
21 79806 14567 1 4 0
21 79806 14567 2 1 0
21 79806 6643 0 3 0
21 79806 6643 1 4 0
21 79806 6643 2 1 0
21 79806 4323 0 3 0
21 79806 4323 1 4 0
21 79806 4323 2 1 0
21 79806 14049 0 1 0
21 79806 14049 1 2 0
21 79806 14049 2 3 0
21 79806 29017 0 1 0
21 79806 29017 1 2 0
21 79806 29017 2 3 0
21 79806 4541 0 1 0
21 79806 4541 1 2 0
21 79806 4541 2 3 0
21 79806 24417 0 1 0
21 79806 24417 1 2 0
21 79806 24417 2 3 0
21 79806 18711 0 3 0
21 79806 18711 1 4 0
21 79806 18711 2 1 0
21 79806 12455 0 3 0
21 79806 12455 1 4 0
21 79806 12455 2 1 0
21 79806 26445 0 1 0
21 79806 26445 1 2 0
21 79806 26445 2 3 0
21 79806 6329 0 1 0
21 79806 6329 1 2 0
21 79806 6329 2 3 0
21 79806 19587 0 3 0
21 79806 19587 1 4 0
21 79806 19587 2 1 0
21 79806 12539 0 3 0
21 79806 12539 1 4 0
21 79806 12539 2 1 0
21 79806 4275 0 3 0
21 79806 4275 1 4 0
21 79806 4275 2 1 0
21 79806 8781 0 1 0
21 79806 8781 1 2 0
21 79806 8781 2 3 0
21 79806 17953 0 1 0
21 79806 17953 1 2 0
21 79806 17953 2 3 0
21 79806 13769 0 1 0
21 79806 13769 1 2 0
21 79806 13769 2 3 0
21 79806 32735 0 3 0
21 79806 32735 1 4 0
21 79806 32735 2 1 0
21 79806 23159 0 3 0
21 79806 23159 1 4 0
21 79806 23159 2 1 0
21 79806 26987 0 3 0
21 79806 26987 1 4 0
21 79806 26987 2 1 0
21 79806 2367 0 3 0
21 79806 2367 1 4 0
21 79806 2367 2 1 0
21 79806 5835 0 3 0
21 79806 5835 1 4 0
21 79806 5835 2 1 0
21 79806 24387 0 3 0
21 79806 24387 1 4 0
21 79806 24387 2 1 0
21 79806 1115 0 3 0
21 79806 1115 1 4 0
21 79806 1115 2 1 0
21 79806 18647 0 3 0
21 79806 18647 1 4 0
21 79806 18647 2 1 0
21 79806 24535 0 3 0
21 79806 24535 1 4 0
21 79806 24535 2 1 0
21 79806 30083 0 3 0
21 79806 30083 1 4 0
21 79806 30083 2 1 0
21 79806 26467 0 3 0
21 79806 26467 1 4 0
21 79806 26467 2 1 0
21 79806 1031 0 3 0
21 79806 1031 1 4 0
21 79806 1031 2 1 0
21 79806 23991 0 3 0
21 79806 23991 1 4 0
21 79806 23991 2 1 0
21 79806 5213 0 1 0
21 79806 5213 1 2 0
21 79806 5213 2 3 0
21 79806 16329 0 1 0
21 79806 16329 1 2 0
21 79806 16329 2 3 0
21 79806 19369 0 1 0
21 79806 19369 1 2 0
21 79806 19369 2 3 0
21 79806 9285 0 1 0
21 79806 9285 1 2 0
21 79806 9285 2 3 0
21 79806 24365 0 1 0
21 79806 24365 1 2 0
21 79806 24365 2 3 0
21 79806 22997 0 1 0
21 79806 22997 1 2 0
21 79806 22997 2 3 0
21 79806 611 0 3 0
21 79806 611 1 4 0
21 79806 611 2 1 0
21 79806 161 0 1 0
21 79806 161 1 2 0
21 79806 161 2 3 0
21 79806 14373 0 1 0
21 79806 14373 1 2 0
21 79806 14373 2 3 0
21 79806 9503 0 3 0
21 79806 9503 1 4 0
21 79806 9503 2 1 0
21 79806 30035 0 3 0
21 79806 30035 1 4 0
21 79806 30035 2 1 0
21 79806 747 0 3 0
21 79806 747 1 4 0
21 79806 747 2 1 0
21 79806 2825 0 1 0
21 79806 2825 1 2 0
21 79806 2825 2 3 0
21 79806 5511 0 3 0
21 79806 5511 1 4 0
21 79806 5511 2 1 0
21 79806 22869 0 1 0
21 79806 22869 1 2 0
21 79806 22869 2 3 0
21 79806 20957 0 1 0
21 79806 20957 1 2 0
21 79806 20957 2 3 0
21 79806 31669 0 1 0
21 79806 31669 1 2 0
21 79806 31669 2 3 0
21 79806 12315 0 3 0
21 79806 12315 1 4 0
21 79806 12315 2 1 0
21 79806 25563 0 3 0
21 79806 25563 1 4 0
21 79806 25563 2 1 0
21 79806 29567 0 3 0
21 79806 29567 1 4 0
21 79806 29567 2 1 0
21 79806 4651 0 3 0
21 79806 4651 1 4 0
21 79806 4651 2 1 0
21 79806 6857 0 1 0
21 79806 6857 1 2 0
21 79806 6857 2 3 0
21 79806 11875 0 3 0
21 79806 11875 1 4 0
21 79806 11875 2 1 0
21 79806 20965 0 1 0
21 79806 20965 1 2 0
21 79806 20965 2 3 0
21 79806 5951 0 3 0
21 79806 5951 1 4 0
21 79806 5951 2 1 0
21 79806 6967 0 3 0
21 79806 6967 1 4 0
21 79806 6967 2 1 0
21 79806 5281 0 1 0
21 79806 5281 1 2 0
21 79806 5281 2 3 0
21 79806 5357 0 1 0
21 79806 5357 1 2 0
21 79806 5357 2 3 0
21 79806 30101 0 1 0
21 79806 30101 1 2 0
21 79806 30101 2 3 0
21 79806 17059 0 3 0
21 79806 17059 1 4 0
21 79806 17059 2 1 0
21 79806 30455 0 3 0
21 79806 30455 1 4 0
21 79806 30455 2 1 0
21 79806 1861 0 1 0
21 79806 1861 1 2 0
21 79806 1861 2 3 0
21 79806 16209 0 1 0
21 79806 16209 1 2 0
21 79806 16209 2 3 0
21 79806 21819 0 3 0
21 79806 21819 1 4 0
21 79806 21819 2 1 0
21 79806 30081 0 1 0
21 79806 30081 1 2 0
21 79806 30081 2 3 0
21 79806 14759 0 3 0
21 79806 14759 1 4 0
21 79806 14759 2 1 0
21 79806 15375 0 3 0
21 79806 15375 1 4 0
21 79806 15375 2 1 0
21 79806 15059 0 3 0
21 79806 15059 1 4 0
21 79806 15059 2 1 0
21 79806 897 0 1 0
21 79806 897 1 2 0
21 79806 897 2 3 0
21 79806 13639 0 3 0
21 79806 13639 1 4 0
21 79806 13639 2 1 0
21 79806 28259 0 3 0
21 79806 28259 1 4 0
21 79806 28259 2 1 0
21 79806 19693 0 1 0
21 79806 19693 1 2 0
21 79806 19693 2 3 0
21 79806 11919 0 3 0
21 79806 11919 1 4 0
21 79806 11919 2 1 0
21 79806 20455 0 3 0
21 79806 20455 1 4 0
21 79806 20455 2 1 0
21 79806 26385 0 1 0
21 79806 26385 1 2 0
21 79806 26385 2 3 0
21 79806 18573 0 1 0
21 79806 18573 1 2 0
21 79806 18573 2 3 0
21 79806 32601 0 1 0
21 79806 32601 1 2 0
21 79806 32601 2 3 0
21 79806 28637 0 1 0
21 79806 28637 1 2 0
21 79806 28637 2 3 0
21 79806 8337 0 1 0
21 79806 8337 1 2 0
21 79806 8337 2 3 0
21 79806 5253 0 1 0
21 79806 5253 1 2 0
21 79806 5253 2 3 0
21 79806 29055 0 3 0
21 79806 29055 1 4 0
21 79806 29055 2 1 0
21 79806 6591 0 3 0
21 79806 6591 1 4 0
21 79806 6591 2 1 0
21 79806 31605 0 1 0
21 79806 31605 1 2 0
21 79806 31605 2 3 0
21 79806 31093 0 1 0
21 79806 31093 1 2 0
21 79806 31093 2 3 0
21 79806 9313 0 1 0
21 79806 9313 1 2 0
21 79806 9313 2 3 0
21 79806 16323 0 3 0
21 79806 16323 1 4 0
21 79806 16323 2 1 0
21 79806 21607 0 3 0
21 79806 21607 1 4 0
21 79806 21607 2 1 0
21 79806 10311 0 3 0
21 79806 10311 1 4 0
21 79806 10311 2 1 0
21 79806 1711 0 3 0
21 79806 1711 1 4 0
21 79806 1711 2 1 0
21 79806 20999 0 3 0
21 79806 20999 1 4 0
21 79806 20999 2 1 0
21 79806 31755 0 3 0
21 79806 31755 1 4 0
21 79806 31755 2 1 0
21 79806 9577 0 1 0
21 79806 9577 1 2 0
21 79806 9577 2 3 0
21 79806 29213 0 1 0
21 79806 29213 1 2 0
21 79806 29213 2 3 0
21 79806 11183 0 3 0
21 79806 11183 1 4 0
21 79806 11183 2 1 0
21 79806 18321 0 1 0
21 79806 18321 1 2 0
21 79806 18321 2 3 0
21 79806 28385 0 1 0
21 79806 28385 1 2 0
21 79806 28385 2 3 0
21 79806 10901 0 1 0
21 79806 10901 1 2 0
21 79806 10901 2 3 0
21 79806 1665 0 1 0
21 79806 1665 1 2 0
21 79806 1665 2 3 0
21 79806 3125 0 1 0
21 79806 3125 1 2 0
21 79806 3125 2 3 0
21 79806 16619 0 3 0
21 79806 16619 1 4 0
21 79806 16619 2 1 0
21 79806 13341 0 1 0
21 79806 13341 1 2 0
21 79806 13341 2 3 0
21 79806 6815 0 3 0
21 79806 6815 1 4 0
21 79806 6815 2 1 0
21 79806 27369 0 1 0
21 79806 27369 1 2 0
21 79806 27369 2 3 0
21 79806 25773 0 1 0
21 79806 25773 1 2 0
21 79806 25773 2 3 0
21 79806 8541 0 1 0
21 79806 8541 1 2 0
21 79806 8541 2 3 0
21 79806 11691 0 3 0
21 79806 11691 1 4 0
21 79806 11691 2 1 0
21 79806 6555 0 3 0
21 79806 6555 1 4 0
21 79806 6555 2 1 0
21 79806 25717 0 1 0
21 79806 25717 1 2 0
21 79806 25717 2 3 0
21 79806 21195 0 3 0
21 79806 21195 1 4 0
21 79806 21195 2 1 0
21 79806 23541 0 1 0
21 79806 23541 1 2 0
21 79806 23541 2 3 0
21 79806 2739 0 3 0
21 79806 2739 1 4 0
21 79806 2739 2 1 0
21 79806 2933 0 1 0
21 79806 2933 1 2 0
21 79806 2933 2 3 0
21 79806 16119 0 3 0
21 79806 16119 1 4 0
21 79806 16119 2 1 0
21 79806 12383 0 3 0
21 79806 12383 1 4 0
21 79806 12383 2 1 0
21 79806 32525 0 1 0
21 79806 32525 1 2 0
21 79806 32525 2 3 0
21 79806 3589 0 1 0
21 79806 3589 1 2 0
21 79806 3589 2 3 0
21 79806 2009 0 1 0
21 79806 2009 1 2 0
21 79806 2009 2 3 0
21 79806 6025 0 1 0
21 79806 6025 1 2 0
21 79806 6025 2 3 0
21 79806 13513 0 1 0
21 79806 13513 1 2 0
21 79806 13513 2 3 0
21 79806 23603 0 3 0
21 79806 23603 1 4 0
21 79806 23603 2 1 0
21 79806 2923 0 3 0
21 79806 2923 1 4 0
21 79806 2923 2 1 0
21 79806 30001 0 1 0
21 79806 30001 1 2 0
21 79806 30001 2 3 0
21 79806 15153 0 1 0
21 79806 15153 1 2 0
21 79806 15153 2 3 0
21 79806 6257 0 1 0
21 79806 6257 1 2 0
21 79806 6257 2 3 0
21 79806 4063 0 3 0
21 79806 4063 1 4 0
21 79806 4063 2 1 0
21 79806 16015 0 3 0
21 79806 16015 1 4 0
21 79806 16015 2 1 0
21 79806 9265 0 1 0
21 79806 9265 1 2 0
21 79806 9265 2 3 0
21 79806 25259 0 3 0
21 79806 25259 1 4 0
21 79806 25259 2 1 0
21 79806 7785 0 1 0
21 79806 7785 1 2 0
21 79806 7785 2 3 0
21 79806 25301 0 1 0
21 79806 25301 1 2 0
21 79806 25301 2 3 0
21 79806 17009 0 1 0
21 79806 17009 1 2 0
21 79806 17009 2 3 0
21 79806 24903 0 3 0
21 79806 24903 1 4 0
21 79806 24903 2 1 0
21 79806 23347 0 3 0
21 79806 23347 1 4 0
21 79806 23347 2 1 0
21 79806 5617 0 1 0
21 79806 5617 1 2 0
21 79806 5617 2 3 0
21 79806 11685 0 1 0
21 79806 11685 1 2 0
21 79806 11685 2 3 0
21 79806 12011 0 3 0
21 79806 12011 1 4 0
21 79806 12011 2 1 0
21 79806 20913 0 1 0
21 79806 20913 1 2 0
21 79806 20913 2 3 0
21 79806 21221 0 1 0
21 79806 21221 1 2 0
21 79806 21221 2 3 0
21 79806 16427 0 3 0
21 79806 16427 1 4 0
21 79806 16427 2 1 0
21 79806 24975 0 3 0
21 79806 24975 1 4 0
21 79806 24975 2 1 0
21 79806 6225 0 1 0
21 79806 6225 1 2 0
21 79806 6225 2 3 0
21 79806 1107 0 3 0
21 79806 1107 1 4 0
21 79806 1107 2 1 0
21 79806 2043 0 3 0
21 79806 2043 1 4 0
21 79806 2043 2 1 0
21 79806 25245 0 1 0
21 79806 25245 1 2 0
21 79806 25245 2 3 0
21 79806 26375 0 3 0
21 79806 26375 1 4 0
21 79806 26375 2 1 0
21 79806 17117 0 1 0
21 79806 17117 1 2 0
21 79806 17117 2 3 0
21 79806 22943 0 3 0
21 79806 22943 1 4 0
21 79806 22943 2 1 0
21 79806 15971 0 3 0
21 79806 15971 1 4 0
21 79806 15971 2 1 0
21 79806 15707 0 3 0
21 79806 15707 1 4 0
21 79806 15707 2 1 0
21 79806 14953 0 1 0
21 79806 14953 1 2 0
21 79806 14953 2 3 0
21 79806 6365 0 1 0
21 79806 6365 1 2 0
21 79806 6365 2 3 0
21 79806 24865 0 1 0
21 79806 24865 1 2 0
21 79806 24865 2 3 0
21 79806 29117 0 1 0
21 79806 29117 1 2 0
21 79806 29117 2 3 0
21 79806 13605 0 1 0
21 79806 13605 1 2 0
21 79806 13605 2 3 0
21 79806 23395 0 3 0
21 79806 23395 1 4 0
21 79806 23395 2 1 0
21 79806 19029 0 1 0
21 79806 19029 1 2 0
21 79806 19029 2 3 0
21 79806 20775 0 3 0
21 79806 20775 1 4 0
21 79806 20775 2 1 0
21 79806 16151 0 3 0
21 79806 16151 1 4 0
21 79806 16151 2 1 0
21 79806 21287 0 3 0
21 79806 21287 1 4 0
21 79806 21287 2 1 0
21 79806 25703 0 3 0
21 79806 25703 1 4 0
21 79806 25703 2 1 0
21 79806 15883 0 3 0
21 79806 15883 1 4 0
21 79806 15883 2 1 0
21 79806 22277 0 1 0
21 79806 22277 1 2 0
21 79806 22277 2 3 0
21 79806 653 0 1 0
21 79806 653 1 2 0
21 79806 653 2 3 0
21 79806 17715 0 3 0
21 79806 17715 1 4 0
21 79806 17715 2 1 0
21 79806 2087 0 3 0
21 79806 2087 1 4 0
21 79806 2087 2 1 0
21 79806 4477 0 1 0
21 79806 4477 1 2 0
21 79806 4477 2 3 0
21 79806 16201 0 1 0
21 79806 16201 1 2 0
21 79806 16201 2 3 0
21 79806 227 0 3 0
21 79806 227 1 4 0
21 79806 227 2 1 0
21 79806 827 0 3 0
21 79806 827 1 4 0
21 79806 827 2 1 0
21 79806 2791 0 3 0
21 79806 2791 1 4 0
21 79806 2791 2 1 0
21 79806 23319 0 3 0
21 79806 23319 1 4 0
21 79806 23319 2 1 0
21 79806 31319 0 3 0
21 79806 31319 1 4 0
21 79806 31319 2 1 0
21 79806 23903 0 3 0
21 79806 23903 1 4 0
21 79806 23903 2 1 0
21 79806 10521 0 1 0
21 79806 10521 1 2 0
21 79806 10521 2 3 0
21 79806 30257 0 1 0
21 79806 30257 1 2 0
21 79806 30257 2 3 0
21 79806 1999 0 3 0
21 79806 1999 1 4 0
21 79806 1999 2 1 0
21 79806 12235 0 3 0
21 79806 12235 1 4 0
21 79806 12235 2 1 0
21 79806 2969 0 1 0
21 79806 2969 1 2 0
21 79806 2969 2 3 0
21 79806 10753 0 1 0
21 79806 10753 1 2 0
21 79806 10753 2 3 0
21 79806 21029 0 1 0
21 79806 21029 1 2 0
21 79806 21029 2 3 0
21 79806 135 0 3 0
21 79806 135 1 4 0
21 79806 135 2 1 0
21 79806 13329 0 1 0
21 79806 13329 1 2 0
21 79806 13329 2 3 0
21 79806 17129 0 1 0
21 79806 17129 1 2 0
21 79806 17129 2 3 0
21 79806 15165 0 1 0
21 79806 15165 1 2 0
21 79806 15165 2 3 0
21 79806 13473 0 1 0
21 79806 13473 1 2 0
21 79806 13473 2 3 0
21 79806 5241 0 1 0
21 79806 5241 1 2 0
21 79806 5241 2 3 0
21 79806 13587 0 3 0
21 79806 13587 1 4 0
21 79806 13587 2 1 0
21 79806 30609 0 1 0
21 79806 30609 1 2 0
21 79806 30609 2 3 0
21 79806 27699 0 3 0
21 79806 27699 1 4 0
21 79806 27699 2 1 0
21 79806 7791 0 3 0
21 79806 7791 1 4 0
21 79806 7791 2 1 0
21 79806 26229 0 1 0
21 79806 26229 1 2 0
21 79806 26229 2 3 0
21 79806 9517 0 1 0
21 79806 9517 1 2 0
21 79806 9517 2 3 0
21 79806 12573 0 1 0
21 79806 12573 1 2 0
21 79806 12573 2 3 0
21 79806 12301 0 1 0
21 79806 12301 1 2 0
21 79806 12301 2 3 0
21 79806 8599 0 3 0
21 79806 8599 1 4 0
21 79806 8599 2 1 0
21 79806 28395 0 3 0
21 79806 28395 1 4 0
21 79806 28395 2 1 0
21 79806 16715 0 3 0
21 79806 16715 1 4 0
21 79806 16715 2 1 0
21 79806 30121 0 1 0
21 79806 30121 1 2 0
21 79806 30121 2 3 0
21 79806 4107 0 3 0
21 79806 4107 1 4 0
21 79806 4107 2 1 0
21 79806 31513 0 1 0
21 79806 31513 1 2 0
21 79806 31513 2 3 0
21 79806 8977 0 1 0
21 79806 8977 1 2 0
21 79806 8977 2 3 0
21 79806 29217 0 1 0
21 79806 29217 1 2 0
21 79806 29217 2 3 0
21 79806 19823 0 3 0
21 79806 19823 1 4 0
21 79806 19823 2 1 0
21 79806 19227 0 3 0
21 79806 19227 1 4 0
21 79806 19227 2 1 0
21 79806 21931 0 3 0
21 79806 21931 1 4 0
21 79806 21931 2 1 0
21 79806 19599 0 3 0
21 79806 19599 1 4 0
21 79806 19599 2 1 0
21 79806 8039 0 3 0
21 79806 8039 1 4 0
21 79806 8039 2 1 0
21 79806 26871 0 3 0
21 79806 26871 1 4 0
21 79806 26871 2 1 0
21 79806 7121 0 1 0
21 79806 7121 1 2 0
21 79806 7121 2 3 0
21 79806 13931 0 3 0
21 79806 13931 1 4 0
21 79806 13931 2 1 0
21 79806 4757 0 1 0
21 79806 4757 1 2 0
21 79806 4757 2 3 0
21 79806 1359 0 3 0
21 79806 1359 1 4 0
21 79806 1359 2 1 0
21 79806 2093 0 1 0
21 79806 2093 1 2 0
21 79806 2093 2 3 0
21 79806 20337 0 1 0
21 79806 20337 1 2 0
21 79806 20337 2 3 0
21 79806 21433 0 1 0
21 79806 21433 1 2 0
21 79806 21433 2 3 0
21 79806 17323 0 3 0
21 79806 17323 1 4 0
21 79806 17323 2 1 0
21 79806 13573 0 1 0
21 79806 13573 1 2 0
21 79806 13573 2 3 0
21 79806 9207 0 3 0
21 79806 9207 1 4 0
21 79806 9207 2 1 0
21 79806 11267 0 3 0
21 79806 11267 1 4 0
21 79806 11267 2 1 0
21 79806 1059 0 3 0
21 79806 1059 1 4 0
21 79806 1059 2 1 0
21 79806 12323 0 3 0
21 79806 12323 1 4 0
21 79806 12323 2 1 0
21 79806 25559 0 3 0
21 79806 25559 1 4 0
21 79806 25559 2 1 0
21 79806 8593 0 1 0
21 79806 8593 1 2 0
21 79806 8593 2 3 0
21 79806 10121 0 1 0
21 79806 10121 1 2 0
21 79806 10121 2 3 0
21 79806 10717 0 1 0
21 79806 10717 1 2 0
21 79806 10717 2 3 0
21 79806 23129 0 1 0
21 79806 23129 1 2 0
21 79806 23129 2 3 0
21 79806 10267 0 3 0
21 79806 10267 1 4 0
21 79806 10267 2 1 0
21 79806 27813 0 1 0
21 79806 27813 1 2 0
21 79806 27813 2 3 0
21 79806 2483 0 3 0
21 79806 2483 1 4 0
21 79806 2483 2 1 0
21 79806 22107 0 3 0
21 79806 22107 1 4 0
21 79806 22107 2 1 0
21 79806 12127 0 3 0
21 79806 12127 1 4 0
21 79806 12127 2 1 0
21 79806 22273 0 1 0
21 79806 22273 1 2 0
21 79806 22273 2 3 0
21 79806 22777 0 1 0
21 79806 22777 1 2 0
21 79806 22777 2 3 0
21 79806 6179 0 3 0
21 79806 6179 1 4 0
21 79806 6179 2 1 0
21 79806 4069 0 1 0
21 79806 4069 1 2 0
21 79806 4069 2 3 0
21 79806 17001 0 1 0
21 79806 17001 1 2 0
21 79806 17001 2 3 0
21 79806 25609 0 1 0
21 79806 25609 1 2 0
21 79806 25609 2 3 0
21 79806 8761 0 1 0
21 79806 8761 1 2 0
21 79806 8761 2 3 0
21 79806 18021 0 1 0
21 79806 18021 1 2 0
21 79806 18021 2 3 0
21 79806 11749 0 1 0
21 79806 11749 1 2 0
21 79806 11749 2 3 0
22 79806 20003 0 3 0
22 79806 20003 1 4 0
22 79806 20003 2 1 0
22 79806 22271 0 3 0
22 79806 22271 1 4 0
22 79806 22271 2 1 0
22 79806 11061 0 1 0
22 79806 11061 1 2 0
22 79806 11061 2 3 0
22 79806 30485 0 1 0
22 79806 30485 1 2 0
22 79806 30485 2 3 0
22 79806 1933 0 1 0
22 79806 1933 1 2 0
22 79806 1933 2 3 0
22 79806 5013 0 1 0
22 79806 5013 1 2 0
22 79806 5013 2 3 0
22 79806 5843 0 3 0
22 79806 5843 1 4 0
22 79806 5843 2 1 0
22 79806 20195 0 3 0
22 79806 20195 1 4 0
22 79806 20195 2 1 0
22 79806 1661 0 1 0
22 79806 1661 1 2 0
22 79806 1661 2 3 0
22 79806 12699 0 3 0
22 79806 12699 1 4 0
22 79806 12699 2 1 0
22 79806 31619 0 3 0
22 79806 31619 1 4 0
22 79806 31619 2 1 0
22 79806 28499 0 3 0
22 79806 28499 1 4 0
22 79806 28499 2 1 0
22 79806 8953 0 1 0
22 79806 8953 1 2 0
22 79806 8953 2 3 0
22 79806 31539 0 3 0
22 79806 31539 1 4 0
22 79806 31539 2 1 0
22 79806 10581 0 1 0
22 79806 10581 1 2 0
22 79806 10581 2 3 0
22 79806 24989 0 1 0
22 79806 24989 1 2 0
22 79806 24989 2 3 0
22 79806 18085 0 1 0
22 79806 18085 1 2 0
22 79806 18085 2 3 0
22 79806 3653 0 1 0
22 79806 3653 1 2 0
22 79806 3653 2 3 0
22 79806 12979 0 3 0
22 79806 12979 1 4 0
22 79806 12979 2 1 0
22 79806 10751 0 3 0
22 79806 10751 1 4 0
22 79806 10751 2 1 0
22 79806 20557 0 1 0
22 79806 20557 1 2 0
22 79806 20557 2 3 0
22 79806 31083 0 3 0
22 79806 31083 1 4 0
22 79806 31083 2 1 0
22 79806 2759 0 3 0
22 79806 2759 1 4 0
22 79806 2759 2 1 0
22 79806 30109 0 1 0
22 79806 30109 1 2 0
22 79806 30109 2 3 0
22 79806 32759 0 3 0
22 79806 32759 1 4 0
22 79806 32759 2 1 0
22 79806 32641 0 1 0
22 79806 32641 1 2 0
22 79806 32641 2 3 0
22 79806 23915 0 3 0
22 79806 23915 1 4 0
22 79806 23915 2 1 0
22 79806 10551 0 3 0
22 79806 10551 1 4 0
22 79806 10551 2 1 0
22 79806 30137 0 1 0
22 79806 30137 1 2 0
22 79806 30137 2 3 0
22 79806 2823 0 3 0
22 79806 2823 1 4 0
22 79806 2823 2 1 0
22 79806 7367 0 3 0
22 79806 7367 1 4 0
22 79806 7367 2 1 0
22 79806 28799 0 3 0
22 79806 28799 1 4 0
22 79806 28799 2 1 0
22 79806 19315 0 3 0
22 79806 19315 1 4 0
22 79806 19315 2 1 0
22 79806 13055 0 3 0
22 79806 13055 1 4 0
22 79806 13055 2 1 0
22 79806 15405 0 1 0
22 79806 15405 1 2 0
22 79806 15405 2 3 0
22 79806 5641 0 1 0
22 79806 5641 1 2 0
22 79806 5641 2 3 0
22 79806 15097 0 1 0
22 79806 15097 1 2 0
22 79806 15097 2 3 0
22 79806 10897 0 1 0
22 79806 10897 1 2 0
22 79806 10897 2 3 0
22 79806 7935 0 3 0
22 79806 7935 1 4 0
22 79806 7935 2 1 0
22 79806 4313 0 1 0
22 79806 4313 1 2 0
22 79806 4313 2 3 0
22 79806 2167 0 3 0
22 79806 2167 1 4 0
22 79806 2167 2 1 0
22 79806 14077 0 1 0
22 79806 14077 1 2 0
22 79806 14077 2 3 0
22 79806 21887 0 3 0
22 79806 21887 1 4 0
22 79806 21887 2 1 0
22 79806 18791 0 3 0
22 79806 18791 1 4 0
22 79806 18791 2 1 0
22 79806 23507 0 3 0
22 79806 23507 1 4 0
22 79806 23507 2 1 0
22 79806 30525 0 1 0
22 79806 30525 1 2 0
22 79806 30525 2 3 0
22 79806 9059 0 3 0
22 79806 9059 1 4 0
22 79806 9059 2 1 0
22 79806 6143 0 3 0
22 79806 6143 1 4 0
22 79806 6143 2 1 0
22 79806 24733 0 1 0
22 79806 24733 1 2 0
22 79806 24733 2 3 0
22 79806 1469 0 1 0
22 79806 1469 1 2 0
22 79806 1469 2 3 0
22 79806 8639 0 3 0
22 79806 8639 1 4 0
22 79806 8639 2 1 0
22 79806 2937 0 1 0
22 79806 2937 1 2 0
22 79806 2937 2 3 0
22 79806 7665 0 1 0
22 79806 7665 1 2 0
22 79806 7665 2 3 0
22 79806 32253 0 1 0
22 79806 32253 1 2 0
22 79806 32253 2 3 0
22 79806 8007 0 3 0
22 79806 8007 1 4 0
22 79806 8007 2 1 0
22 79806 10313 0 1 0
22 79806 10313 1 2 0
22 79806 10313 2 3 0
22 79806 17269 0 1 0
22 79806 17269 1 2 0
22 79806 17269 2 3 0
22 79806 8943 0 3 0
22 79806 8943 1 4 0
22 79806 8943 2 1 0
22 79806 4147 0 3 0
22 79806 4147 1 4 0
22 79806 4147 2 1 0
22 79806 23587 0 3 0
22 79806 23587 1 4 0
22 79806 23587 2 1 0
22 79806 25151 0 3 0
22 79806 25151 1 4 0
22 79806 25151 2 1 0
22 79806 5475 0 3 0
22 79806 5475 1 4 0
22 79806 5475 2 1 0
22 79806 19005 0 1 0
22 79806 19005 1 2 0
22 79806 19005 2 3 0
22 79806 13433 0 1 0
22 79806 13433 1 2 0
22 79806 13433 2 3 0
22 79806 29241 0 1 0
22 79806 29241 1 2 0
22 79806 29241 2 3 0
22 79806 17341 0 1 0
22 79806 17341 1 2 0
22 79806 17341 2 3 0
22 79806 14125 0 1 0
22 79806 14125 1 2 0
22 79806 14125 2 3 0
22 79806 3933 0 1 0
22 79806 3933 1 2 0
22 79806 3933 2 3 0
22 79806 27999 0 3 0
22 79806 27999 1 4 0
22 79806 27999 2 1 0
22 79806 31951 0 3 0
22 79806 31951 1 4 0
22 79806 31951 2 1 0
22 79806 12075 0 3 0
22 79806 12075 1 4 0
22 79806 12075 2 1 0
22 79806 21705 0 1 0
22 79806 21705 1 2 0
22 79806 21705 2 3 0
22 79806 17033 0 1 0
22 79806 17033 1 2 0
22 79806 17033 2 3 0
22 79806 13395 0 3 0
22 79806 13395 1 4 0
22 79806 13395 2 1 0
22 79806 1925 0 1 0
22 79806 1925 1 2 0
22 79806 1925 2 3 0
22 79806 9145 0 1 0
22 79806 9145 1 2 0
22 79806 9145 2 3 0
22 79806 31275 0 3 0
22 79806 31275 1 4 0
22 79806 31275 2 1 0
22 79806 26335 0 3 0
22 79806 26335 1 4 0
22 79806 26335 2 1 0
22 79806 20497 0 1 0
22 79806 20497 1 2 0
22 79806 20497 2 3 0
22 79806 4787 0 3 0
22 79806 4787 1 4 0
22 79806 4787 2 1 0
22 79806 12689 0 1 0
22 79806 12689 1 2 0
22 79806 12689 2 3 0
22 79806 28365 0 1 0
22 79806 28365 1 2 0
22 79806 28365 2 3 0
22 79806 11337 0 1 0
22 79806 11337 1 2 0
22 79806 11337 2 3 0
22 79806 2261 0 1 0
22 79806 2261 1 2 0
22 79806 2261 2 3 0
22 79806 30707 0 3 0
22 79806 30707 1 4 0
22 79806 30707 2 1 0
22 79806 21171 0 3 0
22 79806 21171 1 4 0
22 79806 21171 2 1 0
22 79806 2719 0 3 0
22 79806 2719 1 4 0
22 79806 2719 2 1 0
22 79806 3489 0 1 0
22 79806 3489 1 2 0
22 79806 3489 2 3 0
22 79806 16523 0 3 0
22 79806 16523 1 4 0
22 79806 16523 2 1 0
22 79806 985 0 1 0
22 79806 985 1 2 0
22 79806 985 2 3 0
22 79806 12159 0 3 0
22 79806 12159 1 4 0
22 79806 12159 2 1 0
22 79806 8997 0 1 0
22 79806 8997 1 2 0
22 79806 8997 2 3 0
22 79806 3811 0 3 0
22 79806 3811 1 4 0
22 79806 3811 2 1 0
22 79806 11133 0 1 0
22 79806 11133 1 2 0
22 79806 11133 2 3 0
22 79806 30831 0 3 0
22 79806 30831 1 4 0
22 79806 30831 2 1 0
22 79806 17395 0 3 0
22 79806 17395 1 4 0
22 79806 17395 2 1 0
22 79806 2389 0 1 0
22 79806 2389 1 2 0
22 79806 2389 2 3 0
22 79806 7147 0 3 0
22 79806 7147 1 4 0
22 79806 7147 2 1 0
22 79806 30065 0 1 0
22 79806 30065 1 2 0
22 79806 30065 2 3 0
22 79806 2255 0 3 0
22 79806 2255 1 4 0
22 79806 2255 2 1 0
22 79806 11451 0 3 0
22 79806 11451 1 4 0
22 79806 11451 2 1 0
22 79806 3227 0 3 0
22 79806 3227 1 4 0
22 79806 3227 2 1 0
22 79806 19787 0 3 0
22 79806 19787 1 4 0
22 79806 19787 2 1 0
22 79806 26777 0 1 0
22 79806 26777 1 2 0
22 79806 26777 2 3 0
22 79806 7037 0 1 0
22 79806 7037 1 2 0
22 79806 7037 2 3 0
22 79806 26065 0 1 0
22 79806 26065 1 2 0
22 79806 26065 2 3 0
22 79806 14119 0 3 0
22 79806 14119 1 4 0
22 79806 14119 2 1 0
22 79806 22401 0 1 0
22 79806 22401 1 2 0
22 79806 22401 2 3 0
22 79806 17017 0 1 0
22 79806 17017 1 2 0
22 79806 17017 2 3 0
22 79806 5033 0 1 0
22 79806 5033 1 2 0
22 79806 5033 2 3 0
22 79806 10719 0 3 0
22 79806 10719 1 4 0
22 79806 10719 2 1 0
22 79806 29729 0 1 0
22 79806 29729 1 2 0
22 79806 29729 2 3 0
22 79806 31109 0 1 0
22 79806 31109 1 2 0
22 79806 31109 2 3 0
22 79806 2545 0 1 0
22 79806 2545 1 2 0
22 79806 2545 2 3 0
22 79806 9835 0 3 0
22 79806 9835 1 4 0
22 79806 9835 2 1 0
22 79806 15465 0 1 0
22 79806 15465 1 2 0
22 79806 15465 2 3 0
22 79806 1317 0 1 0
22 79806 1317 1 2 0
22 79806 1317 2 3 0
22 79806 11943 0 3 0
22 79806 11943 1 4 0
22 79806 11943 2 1 0
22 79806 11703 0 3 0
22 79806 11703 1 4 0
22 79806 11703 2 1 0
22 79806 20505 0 1 0
22 79806 20505 1 2 0
22 79806 20505 2 3 0
22 79806 27407 0 3 0
22 79806 27407 1 4 0
22 79806 27407 2 1 0
22 79806 18739 0 3 0
22 79806 18739 1 4 0
22 79806 18739 2 1 0
22 79806 17379 0 3 0
22 79806 17379 1 4 0
22 79806 17379 2 1 0
22 79806 6243 0 3 0
22 79806 6243 1 4 0
22 79806 6243 2 1 0
22 79806 24339 0 3 0
22 79806 24339 1 4 0
22 79806 24339 2 1 0
22 79806 18987 0 3 0
22 79806 18987 1 4 0
22 79806 18987 2 1 0
22 79806 19877 0 1 0
22 79806 19877 1 2 0
22 79806 19877 2 3 0
22 79806 15223 0 3 0
22 79806 15223 1 4 0
22 79806 15223 2 1 0
22 79806 9373 0 1 0
22 79806 9373 1 2 0
22 79806 9373 2 3 0
22 79806 29255 0 3 0
22 79806 29255 1 4 0
22 79806 29255 2 1 0
22 79806 1149 0 1 0
22 79806 1149 1 2 0
22 79806 1149 2 3 0
22 79806 12523 0 3 0
22 79806 12523 1 4 0
22 79806 12523 2 1 0
22 79806 14713 0 1 0
22 79806 14713 1 2 0
22 79806 14713 2 3 0
22 79806 21719 0 3 0
22 79806 21719 1 4 0
22 79806 21719 2 1 0
22 79806 12005 0 1 0
22 79806 12005 1 2 0
22 79806 12005 2 3 0
22 79806 3117 0 1 0
22 79806 3117 1 2 0
22 79806 3117 2 3 0
22 79806 28271 0 3 0
22 79806 28271 1 4 0
22 79806 28271 2 1 0
22 79806 20435 0 3 0
22 79806 20435 1 4 0
22 79806 20435 2 1 0
22 79806 15875 0 3 0
22 79806 15875 1 4 0
22 79806 15875 2 1 0
22 79806 18957 0 1 0
22 79806 18957 1 2 0
22 79806 18957 2 3 0
22 79806 27387 0 3 0
22 79806 27387 1 4 0
22 79806 27387 2 1 0
22 79806 18477 0 1 0
22 79806 18477 1 2 0
22 79806 18477 2 3 0
22 79806 2745 0 1 0
22 79806 2745 1 2 0
22 79806 2745 2 3 0
22 79806 11349 0 1 0
22 79806 11349 1 2 0
22 79806 11349 2 3 0
22 79806 731 0 3 0
22 79806 731 1 4 0
22 79806 731 2 1 0
22 79806 1453 0 1 0
22 79806 1453 1 2 0
22 79806 1453 2 3 0
22 79806 31489 0 1 0
22 79806 31489 1 2 0
22 79806 31489 2 3 0
22 79806 3273 0 1 0
22 79806 3273 1 2 0
22 79806 3273 2 3 0
22 79806 24413 0 1 0
22 79806 24413 1 2 0
22 79806 24413 2 3 0
22 79806 17609 0 1 0
22 79806 17609 1 2 0
22 79806 17609 2 3 0
22 79806 27729 0 1 0
22 79806 27729 1 2 0
22 79806 27729 2 3 0
22 79806 3107 0 3 0
22 79806 3107 1 4 0
22 79806 3107 2 1 0
22 79806 16995 0 3 0
22 79806 16995 1 4 0
22 79806 16995 2 1 0
22 79806 9121 0 1 0
22 79806 9121 1 2 0
22 79806 9121 2 3 0
22 79806 18861 0 1 0
22 79806 18861 1 2 0
22 79806 18861 2 3 0
22 79806 26299 0 3 0
22 79806 26299 1 4 0
22 79806 26299 2 1 0
22 79806 13381 0 1 0
22 79806 13381 1 2 0
22 79806 13381 2 3 0
22 79806 14217 0 1 0
22 79806 14217 1 2 0
22 79806 14217 2 3 0
22 79806 16341 0 1 0
22 79806 16341 1 2 0
22 79806 16341 2 3 0
22 79806 18203 0 3 0
22 79806 18203 1 4 0
22 79806 18203 2 1 0
22 79806 5161 0 1 0
22 79806 5161 1 2 0
22 79806 5161 2 3 0
22 79806 4059 0 3 0
22 79806 4059 1 4 0
22 79806 4059 2 1 0
22 79806 237 0 1 0
22 79806 237 1 2 0
22 79806 237 2 3 0
22 79806 17423 0 3 0
22 79806 17423 1 4 0
22 79806 17423 2 1 0
22 79806 32333 0 1 0
22 79806 32333 1 2 0
22 79806 32333 2 3 0
22 79806 12061 0 1 0
22 79806 12061 1 2 0
22 79806 12061 2 3 0
22 79806 11493 0 1 0
22 79806 11493 1 2 0
22 79806 11493 2 3 0
22 79806 21381 0 1 0
22 79806 21381 1 2 0
22 79806 21381 2 3 0
22 79806 181 0 1 0
22 79806 181 1 2 0
22 79806 181 2 3 0
22 79806 6001 0 1 0
22 79806 6001 1 2 0
22 79806 6001 2 3 0
22 79806 28865 0 1 0
22 79806 28865 1 2 0
22 79806 28865 2 3 0
22 79806 14433 0 1 0
22 79806 14433 1 2 0
22 79806 14433 2 3 0
22 79806 1507 0 3 0
22 79806 1507 1 4 0
22 79806 1507 2 1 0
22 79806 23195 0 3 0
22 79806 23195 1 4 0
22 79806 23195 2 1 0
22 79806 10745 0 1 0
22 79806 10745 1 2 0
22 79806 10745 2 3 0
22 79806 21635 0 3 0
22 79806 21635 1 4 0
22 79806 21635 2 1 0
22 79806 4809 0 1 0
22 79806 4809 1 2 0
22 79806 4809 2 3 0
22 79806 19957 0 1 0
22 79806 19957 1 2 0
22 79806 19957 2 3 0
22 79806 17785 0 1 0
22 79806 17785 1 2 0
22 79806 17785 2 3 0
22 79806 13257 0 1 0
22 79806 13257 1 2 0
22 79806 13257 2 3 0
22 79806 28763 0 3 0
22 79806 28763 1 4 0
22 79806 28763 2 1 0
22 79806 10659 0 3 0
22 79806 10659 1 4 0
22 79806 10659 2 1 0
22 79806 7837 0 1 0
22 79806 7837 1 2 0
22 79806 7837 2 3 0
22 79806 8421 0 1 0
22 79806 8421 1 2 0
22 79806 8421 2 3 0
22 79806 6075 0 3 0
22 79806 6075 1 4 0
22 79806 6075 2 1 0
22 79806 20367 0 3 0
22 79806 20367 1 4 0
22 79806 20367 2 1 0
22 79806 16221 0 1 0
22 79806 16221 1 2 0
22 79806 16221 2 3 0
22 79806 30779 0 3 0
22 79806 30779 1 4 0
22 79806 30779 2 1 0
22 79806 22833 0 1 0
22 79806 22833 1 2 0
22 79806 22833 2 3 0
22 79806 28867 0 3 0
22 79806 28867 1 4 0
22 79806 28867 2 1 0
22 79806 27133 0 1 0
22 79806 27133 1 2 0
22 79806 27133 2 3 0
22 79806 979 0 3 0
22 79806 979 1 4 0
22 79806 979 2 1 0
22 79806 27777 0 1 0
22 79806 27777 1 2 0
22 79806 27777 2 3 0
22 79806 27357 0 1 0
22 79806 27357 1 2 0
22 79806 27357 2 3 0
22 79806 5833 0 1 0
22 79806 5833 1 2 0
22 79806 5833 2 3 0
22 79806 12909 0 1 0
22 79806 12909 1 2 0
22 79806 12909 2 3 0
22 79806 28949 0 1 0
22 79806 28949 1 2 0
22 79806 28949 2 3 0
22 79806 23353 0 1 0
22 79806 23353 1 2 0
22 79806 23353 2 3 0
22 79806 22211 0 3 0
22 79806 22211 1 4 0
22 79806 22211 2 1 0
22 79806 5569 0 1 0
22 79806 5569 1 2 0
22 79806 5569 2 3 0
22 79806 3043 0 3 0
22 79806 3043 1 4 0
22 79806 3043 2 1 0
22 79806 31341 0 1 0
22 79806 31341 1 2 0
22 79806 31341 2 3 0
22 79806 24939 0 3 0
22 79806 24939 1 4 0
22 79806 24939 2 1 0
22 79806 20131 0 3 0
22 79806 20131 1 4 0
22 79806 20131 2 1 0
22 79806 30157 0 1 0
22 79806 30157 1 2 0
22 79806 30157 2 3 0
22 79806 5231 0 3 0
22 79806 5231 1 4 0
22 79806 5231 2 1 0
22 79806 23355 0 3 0
22 79806 23355 1 4 0
22 79806 23355 2 1 0
22 79806 29569 0 1 0
22 79806 29569 1 2 0
22 79806 29569 2 3 0
22 79806 10401 0 1 0
22 79806 10401 1 2 0
22 79806 10401 2 3 0
22 79806 26749 0 1 0
22 79806 26749 1 2 0
22 79806 26749 2 3 0
22 79806 20865 0 1 0
22 79806 20865 1 2 0
22 79806 20865 2 3 0
22 79806 24277 0 1 0
22 79806 24277 1 2 0
22 79806 24277 2 3 0
22 79806 12271 0 3 0
22 79806 12271 1 4 0
22 79806 12271 2 1 0
22 79806 17551 0 3 0
22 79806 17551 1 4 0
22 79806 17551 2 1 0
22 79806 23757 0 1 0
22 79806 23757 1 2 0
22 79806 23757 2 3 0
22 79806 22017 0 1 0
22 79806 22017 1 2 0
22 79806 22017 2 3 0
22 79806 4567 0 3 0
22 79806 4567 1 4 0
22 79806 4567 2 1 0
22 79806 13665 0 1 0
22 79806 13665 1 2 0
22 79806 13665 2 3 0
22 79806 17435 0 3 0
22 79806 17435 1 4 0
22 79806 17435 2 1 0
22 79806 20139 0 3 0
22 79806 20139 1 4 0
22 79806 20139 2 1 0
22 79806 8635 0 3 0
22 79806 8635 1 4 0
22 79806 8635 2 1 0
22 79806 8573 0 1 0
22 79806 8573 1 2 0
22 79806 8573 2 3 0
22 79806 24879 0 3 0
22 79806 24879 1 4 0
22 79806 24879 2 1 0
22 79806 11469 0 1 0
22 79806 11469 1 2 0
22 79806 11469 2 3 0
22 79806 2755 0 3 0
22 79806 2755 1 4 0
22 79806 2755 2 1 0
22 79806 16875 0 3 0
22 79806 16875 1 4 0
22 79806 16875 2 1 0
22 79806 24687 0 3 0
22 79806 24687 1 4 0
22 79806 24687 2 1 0
22 79806 20027 0 3 0
22 79806 20027 1 4 0
22 79806 20027 2 1 0
22 79806 12295 0 3 0
22 79806 12295 1 4 0
22 79806 12295 2 1 0
22 79806 387 0 3 0
22 79806 387 1 4 0
22 79806 387 2 1 0
22 79806 28077 0 1 0
22 79806 28077 1 2 0
22 79806 28077 2 3 0
22 79806 17883 0 3 0
22 79806 17883 1 4 0
22 79806 17883 2 1 0
22 79806 22175 0 3 0
22 79806 22175 1 4 0
22 79806 22175 2 1 0
22 79806 22133 0 1 0
22 79806 22133 1 2 0
22 79806 22133 2 3 0
22 79806 22441 0 1 0
22 79806 22441 1 2 0
22 79806 22441 2 3 0
22 79806 7467 0 3 0
22 79806 7467 1 4 0
22 79806 7467 2 1 0
22 79806 7899 0 3 0
22 79806 7899 1 4 0
22 79806 7899 2 1 0
22 79806 15609 0 1 0
22 79806 15609 1 2 0
22 79806 15609 2 3 0
22 79806 9981 0 1 0
22 79806 9981 1 2 0
22 79806 9981 2 3 0
22 79806 20941 0 1 0
22 79806 20941 1 2 0
22 79806 20941 2 3 0
22 79806 22773 0 1 0
22 79806 22773 1 2 0
22 79806 22773 2 3 0
22 79806 29761 0 1 0
22 79806 29761 1 2 0
22 79806 29761 2 3 0
22 79806 13067 0 3 0
22 79806 13067 1 4 0
22 79806 13067 2 1 0
22 79806 23797 0 1 0
22 79806 23797 1 2 0
22 79806 23797 2 3 0
22 79806 25883 0 3 0
22 79806 25883 1 4 0
22 79806 25883 2 1 0
22 79806 4919 0 3 0
22 79806 4919 1 4 0
22 79806 4919 2 1 0
22 79806 14487 0 3 0
22 79806 14487 1 4 0
22 79806 14487 2 1 0
22 79806 15709 0 1 0
22 79806 15709 1 2 0
22 79806 15709 2 3 0
22 79806 7699 0 3 0
22 79806 7699 1 4 0
22 79806 7699 2 1 0
22 79806 5755 0 3 0
22 79806 5755 1 4 0
22 79806 5755 2 1 0
22 79806 27845 0 1 0
22 79806 27845 1 2 0
22 79806 27845 2 3 0
22 79806 6495 0 3 0
22 79806 6495 1 4 0
22 79806 6495 2 1 0
22 79806 18445 0 1 0
22 79806 18445 1 2 0
22 79806 18445 2 3 0
22 79806 2409 0 1 0
22 79806 2409 1 2 0
22 79806 2409 2 3 0
22 79806 23405 0 1 0
22 79806 23405 1 2 0
22 79806 23405 2 3 0
22 79806 24161 0 1 0
22 79806 24161 1 2 0
22 79806 24161 2 3 0
22 79806 9295 0 3 0
22 79806 9295 1 4 0
22 79806 9295 2 1 0
22 79806 18091 0 3 0
22 79806 18091 1 4 0
22 79806 18091 2 1 0
22 79806 13367 0 3 0
22 79806 13367 1 4 0
22 79806 13367 2 1 0
22 79806 11155 0 3 0
22 79806 11155 1 4 0
22 79806 11155 2 1 0
22 79806 5117 0 1 0
22 79806 5117 1 2 0
22 79806 5117 2 3 0
22 79806 2607 0 3 0
22 79806 2607 1 4 0
22 79806 2607 2 1 0
22 79806 4549 0 1 0
22 79806 4549 1 2 0
22 79806 4549 2 3 0
22 79806 14887 0 3 0
22 79806 14887 1 4 0
22 79806 14887 2 1 0
22 79806 29445 0 1 0
22 79806 29445 1 2 0
22 79806 29445 2 3 0
22 79806 5863 0 3 0
22 79806 5863 1 4 0
22 79806 5863 2 1 0
22 79806 21155 0 3 0
22 79806 21155 1 4 0
22 79806 21155 2 1 0
22 79806 15303 0 3 0
22 79806 15303 1 4 0
22 79806 15303 2 1 0
22 79806 18855 0 3 0
22 79806 18855 1 4 0
22 79806 18855 2 1 0
22 79806 19541 0 1 0
22 79806 19541 1 2 0
22 79806 19541 2 3 0
22 79806 22805 0 1 0
22 79806 22805 1 2 0
22 79806 22805 2 3 0
22 79806 22365 0 1 0
22 79806 22365 1 2 0
22 79806 22365 2 3 0
22 79806 5247 0 3 0
22 79806 5247 1 4 0
22 79806 5247 2 1 0
22 79806 35 0 3 0
22 79806 35 1 4 0
22 79806 35 2 1 0
22 79806 31727 0 3 0
22 79806 31727 1 4 0
22 79806 31727 2 1 0
22 79806 31953 0 1 0
22 79806 31953 1 2 0
22 79806 31953 2 3 0
22 79806 23243 0 3 0
22 79806 23243 1 4 0
22 79806 23243 2 1 0
22 79806 4703 0 3 0
22 79806 4703 1 4 0
22 79806 4703 2 1 0
22 79806 13841 0 1 0
22 79806 13841 1 2 0
22 79806 13841 2 3 0
22 79806 14513 0 1 0
22 79806 14513 1 2 0
22 79806 14513 2 3 0
22 79806 18853 0 1 0
22 79806 18853 1 2 0
22 79806 18853 2 3 0
22 79806 29387 0 3 0
22 79806 29387 1 4 0
22 79806 29387 2 1 0
22 79806 16447 0 3 0
22 79806 16447 1 4 0
22 79806 16447 2 1 0
22 79806 22617 0 1 0
22 79806 22617 1 2 0
22 79806 22617 2 3 0
22 79806 10111 0 3 0
22 79806 10111 1 4 0
22 79806 10111 2 1 0
22 79806 25167 0 3 0
22 79806 25167 1 4 0
22 79806 25167 2 1 0
22 79806 4519 0 3 0
22 79806 4519 1 4 0
22 79806 4519 2 1 0
22 79806 13715 0 3 0
22 79806 13715 1 4 0
22 79806 13715 2 1 0
22 79806 29327 0 3 0
22 79806 29327 1 4 0
22 79806 29327 2 1 0
22 79806 2443 0 3 0
22 79806 2443 1 4 0
22 79806 2443 2 1 0
22 79806 7183 0 3 0
22 79806 7183 1 4 0
22 79806 7183 2 1 0
22 79806 7759 0 3 0
22 79806 7759 1 4 0
22 79806 7759 2 1 0
22 79806 25085 0 1 0
22 79806 25085 1 2 0
22 79806 25085 2 3 0
22 79806 14987 0 3 0
22 79806 14987 1 4 0
22 79806 14987 2 1 0
22 79806 155 0 3 0
22 79806 155 1 4 0
22 79806 155 2 1 0
22 79806 30037 0 1 0
22 79806 30037 1 2 0
22 79806 30037 2 3 0
22 79806 5969 0 1 0
22 79806 5969 1 2 0
22 79806 5969 2 3 0
22 79806 687 0 3 0
22 79806 687 1 4 0
22 79806 687 2 1 0
22 79806 5821 0 1 0
22 79806 5821 1 2 0
22 79806 5821 2 3 0
22 79806 6951 0 3 0
22 79806 6951 1 4 0
22 79806 6951 2 1 0
22 79806 6653 0 1 0
22 79806 6653 1 2 0
22 79806 6653 2 3 0
22 79806 30793 0 1 0
22 79806 30793 1 2 0
22 79806 30793 2 3 0
22 79806 773 0 1 0
22 79806 773 1 2 0
22 79806 773 2 3 0
22 79806 21965 0 1 0
22 79806 21965 1 2 0
22 79806 21965 2 3 0
22 79806 16175 0 3 0
22 79806 16175 1 4 0
22 79806 16175 2 1 0
22 79806 26955 0 3 0
22 79806 26955 1 4 0
22 79806 26955 2 1 0
22 79806 26187 0 3 0
22 79806 26187 1 4 0
22 79806 26187 2 1 0
22 79806 29573 0 1 0
22 79806 29573 1 2 0
22 79806 29573 2 3 0
22 79806 29171 0 3 0
22 79806 29171 1 4 0
22 79806 29171 2 1 0
22 79806 12917 0 1 0
22 79806 12917 1 2 0
22 79806 12917 2 3 0
22 79806 24897 0 1 0
22 79806 24897 1 2 0
22 79806 24897 2 3 0
22 79806 14147 0 3 0
22 79806 14147 1 4 0
22 79806 14147 2 1 0
22 79806 21595 0 3 0
22 79806 21595 1 4 0
22 79806 21595 2 1 0
22 79806 12921 0 1 0
22 79806 12921 1 2 0
22 79806 12921 2 3 0
22 79806 27449 0 1 0
22 79806 27449 1 2 0
22 79806 27449 2 3 0
22 79806 22581 0 1 0
22 79806 22581 1 2 0
22 79806 22581 2 3 0
22 79806 2661 0 1 0
22 79806 2661 1 2 0
22 79806 2661 2 3 0
22 79806 30335 0 3 0
22 79806 30335 1 4 0
22 79806 30335 2 1 0
22 79806 749 0 1 0
22 79806 749 1 2 0
22 79806 749 2 3 0
22 79806 22405 0 1 0
22 79806 22405 1 2 0
22 79806 22405 2 3 0
22 79806 30043 0 3 0
22 79806 30043 1 4 0
22 79806 30043 2 1 0
22 79806 31193 0 1 0
22 79806 31193 1 2 0
22 79806 31193 2 3 0
22 79806 25733 0 1 0
22 79806 25733 1 2 0
22 79806 25733 2 3 0
22 79806 8199 0 3 0
22 79806 8199 1 4 0
22 79806 8199 2 1 0
22 79806 3945 0 1 0
22 79806 3945 1 2 0
22 79806 3945 2 3 0
22 79806 16415 0 3 0
22 79806 16415 1 4 0
22 79806 16415 2 1 0
22 79806 12199 0 3 0
22 79806 12199 1 4 0
22 79806 12199 2 1 0
22 79806 24241 0 1 0
22 79806 24241 1 2 0
22 79806 24241 2 3 0
22 79806 30013 0 1 0
22 79806 30013 1 2 0
22 79806 30013 2 3 0
22 79806 31845 0 1 0
22 79806 31845 1 2 0
22 79806 31845 2 3 0
22 79806 32595 0 3 0
22 79806 32595 1 4 0
22 79806 32595 2 1 0
22 79806 5211 0 3 0
22 79806 5211 1 4 0
22 79806 5211 2 1 0
22 79806 15347 0 3 0
22 79806 15347 1 4 0
22 79806 15347 2 1 0
22 79806 5873 0 1 0
22 79806 5873 1 2 0
22 79806 5873 2 3 0
22 79806 28213 0 1 0
22 79806 28213 1 2 0
22 79806 28213 2 3 0
22 79806 7713 0 1 0
22 79806 7713 1 2 0
22 79806 7713 2 3 0
22 79806 19343 0 3 0
22 79806 19343 1 4 0
22 79806 19343 2 1 0
22 79806 5055 0 3 0
22 79806 5055 1 4 0
22 79806 5055 2 1 0
22 79806 1173 0 1 0
22 79806 1173 1 2 0
22 79806 1173 2 3 0
22 79806 19623 0 3 0
22 79806 19623 1 4 0
22 79806 19623 2 1 0
22 79806 24969 0 1 0
22 79806 24969 1 2 0
22 79806 24969 2 3 0
22 79806 28311 0 3 0
22 79806 28311 1 4 0
22 79806 28311 2 1 0
22 79806 28575 0 3 0
22 79806 28575 1 4 0
22 79806 28575 2 1 0
22 79806 2465 0 1 0
22 79806 2465 1 2 0
22 79806 2465 2 3 0
22 79806 24991 0 3 0
22 79806 24991 1 4 0
22 79806 24991 2 1 0
22 79806 18081 0 1 0
22 79806 18081 1 2 0
22 79806 18081 2 3 0
22 79806 29581 0 1 0
22 79806 29581 1 2 0
22 79806 29581 2 3 0
22 79806 6953 0 1 0
22 79806 6953 1 2 0
22 79806 6953 2 3 0
22 79806 14269 0 1 0
22 79806 14269 1 2 0
22 79806 14269 2 3 0
22 79806 25823 0 3 0
22 79806 25823 1 4 0
22 79806 25823 2 1 0
22 79806 23655 0 3 0
22 79806 23655 1 4 0
22 79806 23655 2 1 0
22 79806 32709 0 1 0
22 79806 32709 1 2 0
22 79806 32709 2 3 0
22 79806 13469 0 1 0
22 79806 13469 1 2 0
22 79806 13469 2 3 0
22 79806 1921 0 1 0
22 79806 1921 1 2 0
22 79806 1921 2 3 0
22 79806 13479 0 3 0
22 79806 13479 1 4 0
22 79806 13479 2 1 0
22 79806 30113 0 1 0
22 79806 30113 1 2 0
22 79806 30113 2 3 0
22 79806 10103 0 3 0
22 79806 10103 1 4 0
22 79806 10103 2 1 0
22 79806 24293 0 1 0
22 79806 24293 1 2 0
22 79806 24293 2 3 0
22 79806 19805 0 1 0
22 79806 19805 1 2 0
22 79806 19805 2 3 0
22 79806 21383 0 3 0
22 79806 21383 1 4 0
22 79806 21383 2 1 0
22 79806 21043 0 3 0
22 79806 21043 1 4 0
22 79806 21043 2 1 0
22 79806 6337 0 1 0
22 79806 6337 1 2 0
22 79806 6337 2 3 0
22 79806 13377 0 1 0
22 79806 13377 1 2 0
22 79806 13377 2 3 0
22 79806 17449 0 1 0
22 79806 17449 1 2 0
22 79806 17449 2 3 0
22 79806 29165 0 1 0
22 79806 29165 1 2 0
22 79806 29165 2 3 0
22 79806 13519 0 3 0
22 79806 13519 1 4 0
22 79806 13519 2 1 0
22 79806 1305 0 1 0
22 79806 1305 1 2 0
22 79806 1305 2 3 0
22 79806 13547 0 3 0
22 79806 13547 1 4 0
22 79806 13547 2 1 0
22 79806 24775 0 3 0
22 79806 24775 1 4 0
22 79806 24775 2 1 0
22 79806 16165 0 1 0
22 79806 16165 1 2 0
22 79806 16165 2 3 0
22 79806 32169 0 1 0
22 79806 32169 1 2 0
22 79806 32169 2 3 0
22 79806 14179 0 3 0
22 79806 14179 1 4 0
22 79806 14179 2 1 0
22 79806 5751 0 3 0
22 79806 5751 1 4 0
22 79806 5751 2 1 0
22 79806 15411 0 3 0
22 79806 15411 1 4 0
22 79806 15411 2 1 0
22 79806 18893 0 1 0
22 79806 18893 1 2 0
22 79806 18893 2 3 0
22 79806 7841 0 1 0
22 79806 7841 1 2 0
22 79806 7841 2 3 0
22 79806 1291 0 3 0
22 79806 1291 1 4 0
22 79806 1291 2 1 0
22 79806 13415 0 3 0
22 79806 13415 1 4 0
22 79806 13415 2 1 0
22 79806 29291 0 3 0
22 79806 29291 1 4 0
22 79806 29291 2 1 0
22 79806 19863 0 3 0
22 79806 19863 1 4 0
22 79806 19863 2 1 0
22 79806 23059 0 3 0
22 79806 23059 1 4 0
22 79806 23059 2 1 0
22 79806 15041 0 1 0
22 79806 15041 1 2 0
22 79806 15041 2 3 0
22 79806 32189 0 1 0
22 79806 32189 1 2 0
22 79806 32189 2 3 0
22 79806 29139 0 3 0
22 79806 29139 1 4 0
22 79806 29139 2 1 0
22 79806 19075 0 3 0
22 79806 19075 1 4 0
22 79806 19075 2 1 0
22 79806 27113 0 1 0
22 79806 27113 1 2 0
22 79806 27113 2 3 0
22 79806 12989 0 1 0
22 79806 12989 1 2 0
22 79806 12989 2 3 0
22 79806 23081 0 1 0
22 79806 23081 1 2 0
22 79806 23081 2 3 0
22 79806 17683 0 3 0
22 79806 17683 1 4 0
22 79806 17683 2 1 0
22 79806 11707 0 3 0
22 79806 11707 1 4 0
22 79806 11707 2 1 0
22 79806 29423 0 3 0
22 79806 29423 1 4 0
22 79806 29423 2 1 0
22 79806 1737 0 1 0
22 79806 1737 1 2 0
22 79806 1737 2 3 0
22 79806 16343 0 3 0
22 79806 16343 1 4 0
22 79806 16343 2 1 0
22 79806 25023 0 3 0
22 79806 25023 1 4 0
22 79806 25023 2 1 0
22 79806 29785 0 1 0
22 79806 29785 1 2 0
22 79806 29785 2 3 0
22 79806 3429 0 1 0
22 79806 3429 1 2 0
22 79806 3429 2 3 0
22 79806 9147 0 3 0
22 79806 9147 1 4 0
22 79806 9147 2 1 0
22 79806 12469 0 1 0
22 79806 12469 1 2 0
22 79806 12469 2 3 0
22 79806 14725 0 1 0
22 79806 14725 1 2 0
22 79806 14725 2 3 0
22 79806 28803 0 3 0
22 79806 28803 1 4 0
22 79806 28803 2 1 0
22 79806 27861 0 1 0
22 79806 27861 1 2 0
22 79806 27861 2 3 0
22 79806 14499 0 3 0
22 79806 14499 1 4 0
22 79806 14499 2 1 0
22 79806 5299 0 3 0
22 79806 5299 1 4 0
22 79806 5299 2 1 0
22 79806 10737 0 1 0
22 79806 10737 1 2 0
22 79806 10737 2 3 0
22 79806 17381 0 1 0
22 79806 17381 1 2 0
22 79806 17381 2 3 0
22 79806 11203 0 3 0
22 79806 11203 1 4 0
22 79806 11203 2 1 0
22 79806 23271 0 3 0
22 79806 23271 1 4 0
22 79806 23271 2 1 0
22 79806 24781 0 1 0
22 79806 24781 1 2 0
22 79806 24781 2 3 0
22 79806 20011 0 3 0
22 79806 20011 1 4 0
22 79806 20011 2 1 0
22 79806 7403 0 3 0
22 79806 7403 1 4 0
22 79806 7403 2 1 0
22 79806 32717 0 1 0
22 79806 32717 1 2 0
22 79806 32717 2 3 0
22 79806 6863 0 3 0
22 79806 6863 1 4 0
22 79806 6863 2 1 0
22 79806 11471 0 3 0
22 79806 11471 1 4 0
22 79806 11471 2 1 0
22 79806 3543 0 3 0
22 79806 3543 1 4 0
22 79806 3543 2 1 0
22 79806 2175 0 3 0
22 79806 2175 1 4 0
22 79806 2175 2 1 0
22 79806 23179 0 3 0
22 79806 23179 1 4 0
22 79806 23179 2 1 0
22 79806 5149 0 1 0
22 79806 5149 1 2 0
22 79806 5149 2 3 0
22 79806 25799 0 3 0
22 79806 25799 1 4 0
22 79806 25799 2 1 0
22 79806 7237 0 1 0
22 79806 7237 1 2 0
22 79806 7237 2 3 0
22 79806 2083 0 3 0
22 79806 2083 1 4 0
22 79806 2083 2 1 0
22 79806 12821 0 1 0
22 79806 12821 1 2 0
22 79806 12821 2 3 0
22 79806 4879 0 3 0
22 79806 4879 1 4 0
22 79806 4879 2 1 0
22 79806 2003 0 3 0
22 79806 2003 1 4 0
22 79806 2003 2 1 0
22 79806 9409 0 1 0
22 79806 9409 1 2 0
22 79806 9409 2 3 0
22 79806 14663 0 3 0
22 79806 14663 1 4 0
22 79806 14663 2 1 0
22 79806 1917 0 1 0
22 79806 1917 1 2 0
22 79806 1917 2 3 0
22 79806 1727 0 3 0
22 79806 1727 1 4 0
22 79806 1727 2 1 0
22 79806 28731 0 3 0
22 79806 28731 1 4 0
22 79806 28731 2 1 0
22 79806 23981 0 1 0
22 79806 23981 1 2 0
22 79806 23981 2 3 0
22 79806 24019 0 3 0
22 79806 24019 1 4 0
22 79806 24019 2 1 0
22 79806 12229 0 1 0
22 79806 12229 1 2 0
22 79806 12229 2 3 0
22 79806 14171 0 3 0
22 79806 14171 1 4 0
22 79806 14171 2 1 0
22 79806 475 0 3 0
22 79806 475 1 4 0
22 79806 475 2 1 0
22 79806 7981 0 1 0
22 79806 7981 1 2 0
22 79806 7981 2 3 0
22 79806 15633 0 1 0
22 79806 15633 1 2 0
22 79806 15633 2 3 0
22 79806 26421 0 1 0
22 79806 26421 1 2 0
22 79806 26421 2 3 0
22 79806 7649 0 1 0
22 79806 7649 1 2 0
22 79806 7649 2 3 0
22 79806 31335 0 3 0
22 79806 31335 1 4 0
22 79806 31335 2 1 0
22 79806 6655 0 3 0
22 79806 6655 1 4 0
22 79806 6655 2 1 0
22 79806 18857 0 1 0
22 79806 18857 1 2 0
22 79806 18857 2 3 0
22 79806 27749 0 1 0
22 79806 27749 1 2 0
22 79806 27749 2 3 0
22 79806 21463 0 3 0
22 79806 21463 1 4 0
22 79806 21463 2 1 0
22 79806 7001 0 1 0
22 79806 7001 1 2 0
22 79806 7001 2 3 0
22 79806 27373 0 1 0
22 79806 27373 1 2 0
22 79806 27373 2 3 0
22 79806 28389 0 1 0
22 79806 28389 1 2 0
22 79806 28389 2 3 0
22 79806 27175 0 3 0
22 79806 27175 1 4 0
22 79806 27175 2 1 0
22 79806 3321 0 1 0
22 79806 3321 1 2 0
22 79806 3321 2 3 0
22 79806 16683 0 3 0
22 79806 16683 1 4 0
22 79806 16683 2 1 0
22 79806 12379 0 3 0
22 79806 12379 1 4 0
22 79806 12379 2 1 0
22 79806 23187 0 3 0
22 79806 23187 1 4 0
22 79806 23187 2 1 0
22 79806 17309 0 1 0
22 79806 17309 1 2 0
22 79806 17309 2 3 0
22 79806 25599 0 3 0
22 79806 25599 1 4 0
22 79806 25599 2 1 0
22 79806 21275 0 3 0
22 79806 21275 1 4 0
22 79806 21275 2 1 0
22 79806 14465 0 1 0
22 79806 14465 1 2 0
22 79806 14465 2 3 0
22 79806 1147 0 3 0
22 79806 1147 1 4 0
22 79806 1147 2 1 0
22 79806 15069 0 1 0
22 79806 15069 1 2 0
22 79806 15069 2 3 0
22 79806 5019 0 3 0
22 79806 5019 1 4 0
22 79806 5019 2 1 0
22 79806 95 0 3 0
22 79806 95 1 4 0
22 79806 95 2 1 0
22 79806 32145 0 1 0
22 79806 32145 1 2 0
22 79806 32145 2 3 0
22 79806 27423 0 3 0
22 79806 27423 1 4 0
22 79806 27423 2 1 0
22 79806 24541 0 1 0
22 79806 24541 1 2 0
22 79806 24541 2 3 0
22 79806 1309 0 1 0
22 79806 1309 1 2 0
22 79806 1309 2 3 0
22 79806 15523 0 3 0
22 79806 15523 1 4 0
22 79806 15523 2 1 0
22 79806 30927 0 3 0
22 79806 30927 1 4 0
22 79806 30927 2 1 0
22 79806 21269 0 1 0
22 79806 21269 1 2 0
22 79806 21269 2 3 0
22 79806 30973 0 1 0
22 79806 30973 1 2 0
22 79806 30973 2 3 0
22 79806 29187 0 3 0
22 79806 29187 1 4 0
22 79806 29187 2 1 0
22 79806 13877 0 1 0
22 79806 13877 1 2 0
22 79806 13877 2 3 0
22 79806 27797 0 1 0
22 79806 27797 1 2 0
22 79806 27797 2 3 0
22 79806 21037 0 1 0
22 79806 21037 1 2 0
22 79806 21037 2 3 0
22 79806 1243 0 3 0
22 79806 1243 1 4 0
22 79806 1243 2 1 0
22 79806 11957 0 1 0
22 79806 11957 1 2 0
22 79806 11957 2 3 0
22 79806 10511 0 3 0
22 79806 10511 1 4 0
22 79806 10511 2 1 0
22 79806 803 0 3 0
22 79806 803 1 4 0
22 79806 803 2 1 0
22 79806 13409 0 1 0
22 79806 13409 1 2 0
22 79806 13409 2 3 0
22 79806 8815 0 3 0
22 79806 8815 1 4 0
22 79806 8815 2 1 0
22 79806 31749 0 1 0
22 79806 31749 1 2 0
22 79806 31749 2 3 0
22 79806 29853 0 1 0
22 79806 29853 1 2 0
22 79806 29853 2 3 0
22 79806 4201 0 1 0
22 79806 4201 1 2 0
22 79806 4201 2 3 0
22 79806 8381 0 1 0
22 79806 8381 1 2 0
22 79806 8381 2 3 0
22 79806 1417 0 1 0
22 79806 1417 1 2 0
22 79806 1417 2 3 0
22 79806 4009 0 1 0
22 79806 4009 1 2 0
22 79806 4009 2 3 0
22 79806 31471 0 3 0
22 79806 31471 1 4 0
22 79806 31471 2 1 0
22 79806 6325 0 1 0
22 79806 6325 1 2 0
22 79806 6325 2 3 0
22 79806 27201 0 1 0
22 79806 27201 1 2 0
22 79806 27201 2 3 0
22 79806 3141 0 1 0
22 79806 3141 1 2 0
22 79806 3141 2 3 0
22 79806 30271 0 3 0
22 79806 30271 1 4 0
22 79806 30271 2 1 0
22 79806 17263 0 3 0
22 79806 17263 1 4 0
22 79806 17263 2 1 0
22 79806 26673 0 1 0
22 79806 26673 1 2 0
22 79806 26673 2 3 0
22 79806 2359 0 3 0
22 79806 2359 1 4 0
22 79806 2359 2 1 0
22 79806 26763 0 3 0
22 79806 26763 1 4 0
22 79806 26763 2 1 0
22 79806 13083 0 3 0
22 79806 13083 1 4 0
22 79806 13083 2 1 0
22 79806 8091 0 3 0
22 79806 8091 1 4 0
22 79806 8091 2 1 0
22 79806 6701 0 1 0
22 79806 6701 1 2 0
22 79806 6701 2 3 0
22 79806 3167 0 3 0
22 79806 3167 1 4 0
22 79806 3167 2 1 0
22 79806 22565 0 1 0
22 79806 22565 1 2 0
22 79806 22565 2 3 0
22 79806 1283 0 3 0
22 79806 1283 1 4 0
22 79806 1283 2 1 0
22 79806 17399 0 3 0
22 79806 17399 1 4 0
22 79806 17399 2 1 0
22 79806 3691 0 3 0
22 79806 3691 1 4 0
22 79806 3691 2 1 0
22 79806 32321 0 1 0
22 79806 32321 1 2 0
22 79806 32321 2 3 0
22 79806 7461 0 1 0
22 79806 7461 1 2 0
22 79806 7461 2 3 0
22 79806 30879 0 3 0
22 79806 30879 1 4 0
22 79806 30879 2 1 0
22 79806 7425 0 1 0
22 79806 7425 1 2 0
22 79806 7425 2 3 0
22 79806 23065 0 1 0
22 79806 23065 1 2 0
22 79806 23065 2 3 0
22 79806 7169 0 1 0
22 79806 7169 1 2 0
22 79806 7169 2 3 0
22 79806 23169 0 1 0
22 79806 23169 1 2 0
22 79806 23169 2 3 0
22 79806 3557 0 1 0
22 79806 3557 1 2 0
22 79806 3557 2 3 0
22 79806 26521 0 1 0
22 79806 26521 1 2 0
22 79806 26521 2 3 0
22 79806 20485 0 1 0
22 79806 20485 1 2 0
22 79806 20485 2 3 0
22 79806 18549 0 1 0
22 79806 18549 1 2 0
22 79806 18549 2 3 0
22 79806 25433 0 1 0
22 79806 25433 1 2 0
22 79806 25433 2 3 0
22 79806 25873 0 1 0
22 79806 25873 1 2 0
22 79806 25873 2 3 0
